stem,split,workload,variant,fraction,frames,policy,faults,writebacks,aborted
graph-both1000x3-s2,val,graph,graph-both1000x3,0.05,50,fifo,1364487,945943,0
graph-both1000x3-s2,val,graph,graph-both1000x3,0.05,50,clock,1308205,939287,0
graph-both1000x3-s2,val,graph,graph-both1000x3,0.05,50,aging,1320683,944260,0
graph-both1000x3-s2,val,graph,graph-both1000x3,0.05,50,lru,1307602,939104,0
graph-both1000x3-s2,val,graph,graph-both1000x3,0.05,50,lfu_exact,4289688,1735863,0
graph-both1000x3-s2,val,graph,graph-both1000x3,0.05,50,lfu_kernel,1346684,945050,0
graph-both1000x3-s2,val,graph,graph-both1000x3,0.05,50,sd_old,1363930,945541,0
graph-both1000x3-s2,val,graph,graph-both1000x3,0.05,50,belady,537142,374019,0
graph-both1000x3-s2,val,graph,graph-both1000x3,0.1,100,fifo,252180,60013,0
graph-both1000x3-s2,val,graph,graph-both1000x3,0.1,100,clock,162126,29921,0
graph-both1000x3-s2,val,graph,graph-both1000x3,0.1,100,aging,236855,48052,0
graph-both1000x3-s2,val,graph,graph-both1000x3,0.1,100,lru,158455,29184,0
graph-both1000x3-s2,val,graph,graph-both1000x3,0.1,100,lfu_exact,2919862,1263441,0
graph-both1000x3-s2,val,graph,graph-both1000x3,0.1,100,lfu_kernel,241256,49212,0
graph-both1000x3-s2,val,graph,graph-both1000x3,0.1,100,sd_old,245681,53929,0
graph-both1000x3-s2,val,graph,graph-both1000x3,0.1,100,belady,72274,1093,0
graph-both1000x3-s2,val,graph,graph-both1000x3,0.15,150,fifo,157557,36428,0
graph-both1000x3-s2,val,graph,graph-both1000x3,0.15,150,clock,84236,5566,0
graph-both1000x3-s2,val,graph,graph-both1000x3,0.15,150,aging,152303,33129,0
graph-both1000x3-s2,val,graph,graph-both1000x3,0.15,150,lru,79767,2186,0
graph-both1000x3-s2,val,graph,graph-both1000x3,0.15,150,lfu_exact,1939997,829186,0
graph-both1000x3-s2,val,graph,graph-both1000x3,0.15,150,lfu_kernel,154896,33958,0
graph-both1000x3-s2,val,graph,graph-both1000x3,0.15,150,sd_old,152194,31738,0
graph-both1000x3-s2,val,graph,graph-both1000x3,0.15,150,belady,53983,900,0
graph-both1000x3-s2,val,graph,graph-both1000x3,0.2,200,fifo,119004,26535,0
graph-both1000x3-s2,val,graph,graph-both1000x3,0.2,200,clock,72552,1365,0
graph-both1000x3-s2,val,graph,graph-both1000x3,0.2,200,aging,116052,24542,0
graph-both1000x3-s2,val,graph,graph-both1000x3,0.2,200,lru,72167,1089,0
graph-both1000x3-s2,val,graph,graph-both1000x3,0.2,200,lfu_exact,1133065,466708,0
graph-both1000x3-s2,val,graph,graph-both1000x3,0.2,200,lfu_kernel,117343,24922,0
graph-both1000x3-s2,val,graph,graph-both1000x3,0.2,200,sd_old,114233,22310,0
graph-both1000x3-s2,val,graph,graph-both1000x3,0.2,200,belady,43404,833,0
graph-both1000x3-s2,val,graph,graph-both1000x3,0.25,250,fifo,97119,20429,0
graph-both1000x3-s2,val,graph,graph-both1000x3,0.25,250,clock,65930,1102,0
graph-both1000x3-s2,val,graph,graph-both1000x3,0.25,250,aging,95080,19155,0
graph-both1000x3-s2,val,graph,graph-both1000x3,0.25,250,lru,65922,1071,0
graph-both1000x3-s2,val,graph,graph-both1000x3,0.25,250,lfu_exact,416315,104188,0
graph-both1000x3-s2,val,graph,graph-both1000x3,0.25,250,lfu_kernel,96012,19412,0
graph-both1000x3-s2,val,graph,graph-both1000x3,0.25,250,sd_old,93416,17191,0
graph-both1000x3-s2,val,graph,graph-both1000x3,0.25,250,belady,35683,832,0
graph-both1000x3-s2,val,graph,graph-both1000x3,0.3,300,fifo,81840,16287,0
graph-both1000x3-s2,val,graph,graph-both1000x3,0.3,300,clock,59641,1084,0
graph-both1000x3-s2,val,graph,graph-both1000x3,0.3,300,aging,80295,15258,0
graph-both1000x3-s2,val,graph,graph-both1000x3,0.3,300,lru,59630,1065,0
graph-both1000x3-s2,val,graph,graph-both1000x3,0.3,300,lfu_exact,280616,31739,0
graph-both1000x3-s2,val,graph,graph-both1000x3,0.3,300,lfu_kernel,81013,15617,0
graph-both1000x3-s2,val,graph,graph-both1000x3,0.3,300,sd_old,78525,13306,0
graph-both1000x3-s2,val,graph,graph-both1000x3,0.3,300,belady,29454,834,0
graph-both2000x1-s1,train,graph,graph-both2000x1,0.05,100,fifo,1463768,705929,0
graph-both2000x1-s1,train,graph,graph-both2000x1,0.05,100,clock,1409574,693880,0
graph-both2000x1-s1,train,graph,graph-both2000x1,0.05,100,aging,1442632,703460,0
graph-both2000x1-s1,train,graph,graph-both2000x1,0.05,100,lru,1409937,693546,0
graph-both2000x1-s1,train,graph,graph-both2000x1,0.05,100,lfu_exact,4428690,1579609,0
graph-both2000x1-s1,train,graph,graph-both2000x1,0.05,100,lfu_kernel,1457220,704810,0
graph-both2000x1-s1,train,graph,graph-both2000x1,0.05,100,sd_old,1462296,704749,0
graph-both2000x1-s1,train,graph,graph-both2000x1,0.05,100,belady,582103,276731,0
graph-both2000x1-s1,train,graph,graph-both2000x1,0.1,200,fifo,475392,102014,0
graph-both2000x1-s1,train,graph,graph-both2000x1,0.1,200,clock,310723,56946,0
graph-both2000x1-s1,train,graph,graph-both2000x1,0.1,200,aging,464568,94064,0
graph-both2000x1-s1,train,graph,graph-both2000x1,0.1,200,lru,301483,55110,0
graph-both2000x1-s1,train,graph,graph-both2000x1,0.1,200,lfu_exact,2926896,1222729,0
graph-both2000x1-s1,train,graph,graph-both2000x1,0.1,200,lfu_kernel,472367,99148,0
graph-both2000x1-s1,train,graph,graph-both2000x1,0.1,200,sd_old,460703,88579,0
graph-both2000x1-s1,train,graph,graph-both2000x1,0.1,200,belady,138378,1875,0
graph-both2000x1-s1,train,graph,graph-both2000x1,0.15,300,fifo,303714,67687,0
graph-both2000x1-s1,train,graph,graph-both2000x1,0.15,300,clock,163911,10045,0
graph-both2000x1-s1,train,graph,graph-both2000x1,0.15,300,aging,299852,65433,0
graph-both2000x1-s1,train,graph,graph-both2000x1,0.15,300,lru,155573,3766,0
graph-both2000x1-s1,train,graph,graph-both2000x1,0.15,300,lfu_exact,1376400,450175,0
graph-both2000x1-s1,train,graph,graph-both2000x1,0.15,300,lfu_kernel,302954,67258,0
graph-both2000x1-s1,train,graph,graph-both2000x1,0.15,300,sd_old,289275,55701,0
graph-both2000x1-s1,train,graph,graph-both2000x1,0.15,300,belady,103630,1829,0
graph-both2000x1-s1,train,graph,graph-both2000x1,0.2,399,fifo,231107,49957,0
graph-both2000x1-s1,train,graph,graph-both2000x1,0.2,399,clock,141645,2328,0
graph-both2000x1-s1,train,graph,graph-both2000x1,0.2,399,aging,229111,48689,0
graph-both2000x1-s1,train,graph,graph-both2000x1,0.2,399,lru,141178,1850,0
graph-both2000x1-s1,train,graph,graph-both2000x1,0.2,399,lfu_exact,805072,188270,0
graph-both2000x1-s1,train,graph,graph-both2000x1,0.2,399,lfu_kernel,230842,49735,0
graph-both2000x1-s1,train,graph,graph-both2000x1,0.2,399,sd_old,217939,38934,0
graph-both2000x1-s1,train,graph,graph-both2000x1,0.2,399,belady,83422,1829,0
graph-both2000x1-s1,train,graph,graph-both2000x1,0.25,499,fifo,188593,38762,0
graph-both2000x1-s1,train,graph,graph-both2000x1,0.25,499,clock,128686,1880,0
graph-both2000x1-s1,train,graph,graph-both2000x1,0.25,499,aging,187191,37867,0
graph-both2000x1-s1,train,graph,graph-both2000x1,0.25,499,lru,128655,1802,0
graph-both2000x1-s1,train,graph,graph-both2000x1,0.25,499,lfu_exact,659338,113002,0
graph-both2000x1-s1,train,graph,graph-both2000x1,0.25,499,lfu_kernel,188563,38725,0
graph-both2000x1-s1,train,graph,graph-both2000x1,0.25,499,sd_old,176216,27841,0
graph-both2000x1-s1,train,graph,graph-both2000x1,0.25,499,belady,68368,1827,0
graph-both2000x1-s1,train,graph,graph-both2000x1,0.3,599,fifo,158541,30865,0
graph-both2000x1-s1,train,graph,graph-both2000x1,0.3,599,clock,116184,1824,0
graph-both2000x1-s1,train,graph,graph-both2000x1,0.3,599,aging,157589,30180,0
graph-both2000x1-s1,train,graph,graph-both2000x1,0.3,599,lru,116206,1783,0
graph-both2000x1-s1,train,graph,graph-both2000x1,0.3,599,lfu_exact,524750,45932,0
graph-both2000x1-s1,train,graph,graph-both2000x1,0.3,599,lfu_kernel,158522,30873,0
graph-both2000x1-s1,train,graph,graph-both2000x1,0.3,599,sd_old,147865,21124,0
graph-both2000x1-s1,train,graph,graph-both2000x1,0.3,599,belady,56212,1828,0
graph-both2000x1-s3,train,graph,graph-both2000x1,0.05,100,fifo,1465337,706390,0
graph-both2000x1-s3,train,graph,graph-both2000x1,0.05,100,clock,1410367,693054,0
graph-both2000x1-s3,train,graph,graph-both2000x1,0.05,100,aging,1444020,703598,0
graph-both2000x1-s3,train,graph,graph-both2000x1,0.05,100,lru,1411473,693582,0
graph-both2000x1-s3,train,graph,graph-both2000x1,0.05,100,lfu_exact,4426029,1576946,0
graph-both2000x1-s3,train,graph,graph-both2000x1,0.05,100,lfu_kernel,1458808,705283,0
graph-both2000x1-s3,train,graph,graph-both2000x1,0.05,100,sd_old,1464093,705402,0
graph-both2000x1-s3,train,graph,graph-both2000x1,0.05,100,belady,583005,277002,0
graph-both2000x1-s3,train,graph,graph-both2000x1,0.1,200,fifo,476083,102113,0
graph-both2000x1-s3,train,graph,graph-both2000x1,0.1,200,clock,311336,56832,0
graph-both2000x1-s3,train,graph,graph-both2000x1,0.1,200,aging,465106,94027,0
graph-both2000x1-s3,train,graph,graph-both2000x1,0.1,200,lru,302233,54870,0
graph-both2000x1-s3,train,graph,graph-both2000x1,0.1,200,lfu_exact,2924117,1221294,0
graph-both2000x1-s3,train,graph,graph-both2000x1,0.1,200,lfu_kernel,472509,98811,0
graph-both2000x1-s3,train,graph,graph-both2000x1,0.1,200,sd_old,461377,88808,0
graph-both2000x1-s3,train,graph,graph-both2000x1,0.1,200,belady,138535,1900,0
graph-both2000x1-s3,train,graph,graph-both2000x1,0.15,300,fifo,303876,67650,0
graph-both2000x1-s3,train,graph,graph-both2000x1,0.15,300,clock,163911,10107,0
graph-both2000x1-s3,train,graph,graph-both2000x1,0.15,300,aging,300175,65356,0
graph-both2000x1-s3,train,graph,graph-both2000x1,0.15,300,lru,155812,3799,0
graph-both2000x1-s3,train,graph,graph-both2000x1,0.15,300,lfu_exact,1380601,452011,0
graph-both2000x1-s3,train,graph,graph-both2000x1,0.15,300,lfu_kernel,303265,67257,0
graph-both2000x1-s3,train,graph,graph-both2000x1,0.15,300,sd_old,289177,55638,0
graph-both2000x1-s3,train,graph,graph-both2000x1,0.15,300,belady,103659,1829,0
graph-both2000x1-s3,train,graph,graph-both2000x1,0.2,399,fifo,231435,50067,0
graph-both2000x1-s3,train,graph,graph-both2000x1,0.2,399,clock,141727,2368,0
graph-both2000x1-s3,train,graph,graph-both2000x1,0.2,399,aging,229381,48813,0
graph-both2000x1-s3,train,graph,graph-both2000x1,0.2,399,lru,141173,1860,0
graph-both2000x1-s3,train,graph,graph-both2000x1,0.2,399,lfu_exact,805475,188662,0
graph-both2000x1-s3,train,graph,graph-both2000x1,0.2,399,lfu_kernel,231322,50001,0
graph-both2000x1-s3,train,graph,graph-both2000x1,0.2,399,sd_old,218137,38998,0
graph-both2000x1-s3,train,graph,graph-both2000x1,0.2,399,belady,83564,1828,0
graph-both2000x1-s3,train,graph,graph-both2000x1,0.25,499,fifo,188950,38790,0
graph-both2000x1-s3,train,graph,graph-both2000x1,0.25,499,clock,128675,1888,0
graph-both2000x1-s3,train,graph,graph-both2000x1,0.25,499,aging,187524,37961,0
graph-both2000x1-s3,train,graph,graph-both2000x1,0.25,499,lru,128585,1803,0
graph-both2000x1-s3,train,graph,graph-both2000x1,0.25,499,lfu_exact,660718,114501,0
graph-both2000x1-s3,train,graph,graph-both2000x1,0.25,499,lfu_kernel,188880,38762,0
graph-both2000x1-s3,train,graph,graph-both2000x1,0.25,499,sd_old,176527,27939,0
graph-both2000x1-s3,train,graph,graph-both2000x1,0.25,499,belady,68377,1829,0
graph-both2000x1-s3,train,graph,graph-both2000x1,0.3,599,fifo,158618,30824,0
graph-both2000x1-s3,train,graph,graph-both2000x1,0.3,599,clock,116316,1837,0
graph-both2000x1-s3,train,graph,graph-both2000x1,0.3,599,aging,157671,30184,0
graph-both2000x1-s3,train,graph,graph-both2000x1,0.3,599,lru,116261,1784,0
graph-both2000x1-s3,train,graph,graph-both2000x1,0.3,599,lfu_exact,525353,46734,0
graph-both2000x1-s3,train,graph,graph-both2000x1,0.3,599,lfu_kernel,158606,30793,0
graph-both2000x1-s3,train,graph,graph-both2000x1,0.3,599,sd_old,148115,21226,0
graph-both2000x1-s3,train,graph,graph-both2000x1,0.3,599,belady,56304,1829,0
graph-both2000x1-s2,train,graph,graph-both2000x1,0.05,100,fifo,1462600,704648,0
graph-both2000x1-s2,train,graph,graph-both2000x1,0.05,100,clock,1408732,692339,0
graph-both2000x1-s2,train,graph,graph-both2000x1,0.05,100,aging,1441536,701958,0
graph-both2000x1-s2,train,graph,graph-both2000x1,0.05,100,lru,1409662,692459,0
graph-both2000x1-s2,train,graph,graph-both2000x1,0.05,100,lfu_exact,4428209,1579822,0
graph-both2000x1-s2,train,graph,graph-both2000x1,0.05,100,lfu_kernel,1455697,703215,0
graph-both2000x1-s2,train,graph,graph-both2000x1,0.05,100,sd_old,1461023,703453,0
graph-both2000x1-s2,train,graph,graph-both2000x1,0.05,100,belady,581496,276020,0
graph-both2000x1-s2,train,graph,graph-both2000x1,0.1,200,fifo,475088,101729,0
graph-both2000x1-s2,train,graph,graph-both2000x1,0.1,200,clock,310430,56399,0
graph-both2000x1-s2,train,graph,graph-both2000x1,0.1,200,aging,464187,93760,0
graph-both2000x1-s2,train,graph,graph-both2000x1,0.1,200,lru,301649,54703,0
graph-both2000x1-s2,train,graph,graph-both2000x1,0.1,200,lfu_exact,2924421,1221365,0
graph-both2000x1-s2,train,graph,graph-both2000x1,0.1,200,lfu_kernel,472424,99376,0
graph-both2000x1-s2,train,graph,graph-both2000x1,0.1,200,sd_old,460200,88315,0
graph-both2000x1-s2,train,graph,graph-both2000x1,0.1,200,belady,138369,1904,0
graph-both2000x1-s2,train,graph,graph-both2000x1,0.15,300,fifo,303488,67361,0
graph-both2000x1-s2,train,graph,graph-both2000x1,0.15,300,clock,163680,10043,0
graph-both2000x1-s2,train,graph,graph-both2000x1,0.15,300,aging,299797,65132,0
graph-both2000x1-s2,train,graph,graph-both2000x1,0.15,300,lru,155584,3793,0
graph-both2000x1-s2,train,graph,graph-both2000x1,0.15,300,lfu_exact,1376772,450183,0
graph-both2000x1-s2,train,graph,graph-both2000x1,0.15,300,lfu_kernel,302949,66924,0
graph-both2000x1-s2,train,graph,graph-both2000x1,0.15,300,sd_old,288632,55023,0
graph-both2000x1-s2,train,graph,graph-both2000x1,0.15,300,belady,103398,1828,0
graph-both2000x1-s2,train,graph,graph-both2000x1,0.2,399,fifo,230985,49677,0
graph-both2000x1-s2,train,graph,graph-both2000x1,0.2,399,clock,141351,2363,0
graph-both2000x1-s2,train,graph,graph-both2000x1,0.2,399,aging,228946,48482,0
graph-both2000x1-s2,train,graph,graph-both2000x1,0.2,399,lru,140859,1846,0
graph-both2000x1-s2,train,graph,graph-both2000x1,0.2,399,lfu_exact,804820,187663,0
graph-both2000x1-s2,train,graph,graph-both2000x1,0.2,399,lfu_kernel,230708,49487,0
graph-both2000x1-s2,train,graph,graph-both2000x1,0.2,399,sd_old,217433,38323,0
graph-both2000x1-s2,train,graph,graph-both2000x1,0.2,399,belady,83256,1829,0
graph-both2000x1-s2,train,graph,graph-both2000x1,0.25,499,fifo,188483,38502,0
graph-both2000x1-s2,train,graph,graph-both2000x1,0.25,499,clock,128682,1879,0
graph-both2000x1-s2,train,graph,graph-both2000x1,0.25,499,aging,187142,37660,0
graph-both2000x1-s2,train,graph,graph-both2000x1,0.25,499,lru,128326,1798,0
graph-both2000x1-s2,train,graph,graph-both2000x1,0.25,499,lfu_exact,658903,112537,0
graph-both2000x1-s2,train,graph,graph-both2000x1,0.25,499,lfu_kernel,188309,38360,0
graph-both2000x1-s2,train,graph,graph-both2000x1,0.25,499,sd_old,176219,27713,0
graph-both2000x1-s2,train,graph,graph-both2000x1,0.25,499,belady,68150,1829,0
graph-both2000x1-s2,train,graph,graph-both2000x1,0.3,599,fifo,158302,30692,0
graph-both2000x1-s2,train,graph,graph-both2000x1,0.3,599,clock,115916,1826,0
graph-both2000x1-s2,train,graph,graph-both2000x1,0.3,599,aging,157363,30037,0
graph-both2000x1-s2,train,graph,graph-both2000x1,0.3,599,lru,115937,1783,0
graph-both2000x1-s2,train,graph,graph-both2000x1,0.3,599,lfu_exact,524554,45913,0
graph-both2000x1-s2,train,graph,graph-both2000x1,0.3,599,lfu_kernel,158277,30716,0
graph-both2000x1-s2,train,graph,graph-both2000x1,0.3,599,sd_old,147455,20817,0
graph-both2000x1-s2,train,graph,graph-both2000x1,0.3,599,belady,55956,1828,0
graph-both2000x1-s4,val,graph,graph-both2000x1,0.05,100,fifo,1465155,706192,0
graph-both2000x1-s4,val,graph,graph-both2000x1,0.05,100,clock,1409858,692211,0
graph-both2000x1-s4,val,graph,graph-both2000x1,0.05,100,aging,1443955,703429,0
graph-both2000x1-s4,val,graph,graph-both2000x1,0.05,100,lru,1411106,693391,0
graph-both2000x1-s4,val,graph,graph-both2000x1,0.05,100,lfu_exact,4425385,1575911,0
graph-both2000x1-s4,val,graph,graph-both2000x1,0.05,100,lfu_kernel,1458516,704955,0
graph-both2000x1-s4,val,graph,graph-both2000x1,0.05,100,sd_old,1463807,705142,0
graph-both2000x1-s4,val,graph,graph-both2000x1,0.05,100,belady,582461,276542,0
graph-both2000x1-s4,val,graph,graph-both2000x1,0.1,200,fifo,475673,101898,0
graph-both2000x1-s4,val,graph,graph-both2000x1,0.1,200,clock,311392,56851,0
graph-both2000x1-s4,val,graph,graph-both2000x1,0.1,200,aging,464639,93867,0
graph-both2000x1-s4,val,graph,graph-both2000x1,0.1,200,lru,301830,54805,0
graph-both2000x1-s4,val,graph,graph-both2000x1,0.1,200,lfu_exact,2923647,1221059,0
graph-both2000x1-s4,val,graph,graph-both2000x1,0.1,200,lfu_kernel,472172,98664,0
graph-both2000x1-s4,val,graph,graph-both2000x1,0.1,200,sd_old,460808,88445,0
graph-both2000x1-s4,val,graph,graph-both2000x1,0.1,200,belady,138579,1885,0
graph-both2000x1-s4,val,graph,graph-both2000x1,0.15,300,fifo,304100,67596,0
graph-both2000x1-s4,val,graph,graph-both2000x1,0.15,300,clock,163879,10130,0
graph-both2000x1-s4,val,graph,graph-both2000x1,0.15,300,aging,300452,65314,0
graph-both2000x1-s4,val,graph,graph-both2000x1,0.15,300,lru,155669,3737,0
graph-both2000x1-s4,val,graph,graph-both2000x1,0.15,300,lfu_exact,1377782,450691,0
graph-both2000x1-s4,val,graph,graph-both2000x1,0.15,300,lfu_kernel,303377,67038,0
graph-both2000x1-s4,val,graph,graph-both2000x1,0.15,300,sd_old,289271,55224,0
graph-both2000x1-s4,val,graph,graph-both2000x1,0.15,300,belady,103656,1829,0
graph-both2000x1-s4,val,graph,graph-both2000x1,0.2,399,fifo,231309,49904,0
graph-both2000x1-s4,val,graph,graph-both2000x1,0.2,399,clock,141721,2340,0
graph-both2000x1-s4,val,graph,graph-both2000x1,0.2,399,aging,229280,48714,0
graph-both2000x1-s4,val,graph,graph-both2000x1,0.2,399,lru,141328,1844,0
graph-both2000x1-s4,val,graph,graph-both2000x1,0.2,399,lfu_exact,805008,187699,0
graph-both2000x1-s4,val,graph,graph-both2000x1,0.2,399,lfu_kernel,231134,49772,0
graph-both2000x1-s4,val,graph,graph-both2000x1,0.2,399,sd_old,217850,38656,0
graph-both2000x1-s4,val,graph,graph-both2000x1,0.2,399,belady,83613,1828,0
graph-both2000x1-s4,val,graph,graph-both2000x1,0.25,499,fifo,188783,38667,0
graph-both2000x1-s4,val,graph,graph-both2000x1,0.25,499,clock,128817,1880,0
graph-both2000x1-s4,val,graph,graph-both2000x1,0.25,499,aging,187421,37903,0
graph-both2000x1-s4,val,graph,graph-both2000x1,0.25,499,lru,128735,1798,0
graph-both2000x1-s4,val,graph,graph-both2000x1,0.25,499,lfu_exact,659263,112669,0
graph-both2000x1-s4,val,graph,graph-both2000x1,0.25,499,lfu_kernel,188559,38483,0
graph-both2000x1-s4,val,graph,graph-both2000x1,0.25,499,sd_old,176432,27893,0
graph-both2000x1-s4,val,graph,graph-both2000x1,0.25,499,belady,68412,1829,0
graph-both2000x1-s4,val,graph,graph-both2000x1,0.3,599,fifo,158717,30877,0
graph-both2000x1-s4,val,graph,graph-both2000x1,0.3,599,clock,116331,1835,0
graph-both2000x1-s4,val,graph,graph-both2000x1,0.3,599,aging,157741,30207,0
graph-both2000x1-s4,val,graph,graph-both2000x1,0.3,599,lru,116322,1783,0
graph-both2000x1-s4,val,graph,graph-both2000x1,0.3,599,lfu_exact,525957,46710,0
graph-both2000x1-s4,val,graph,graph-both2000x1,0.3,599,lfu_kernel,158713,30808,0
graph-both2000x1-s4,val,graph,graph-both2000x1,0.3,599,sd_old,147966,21080,0
graph-both2000x1-s4,val,graph,graph-both2000x1,0.3,599,belady,56196,1828,0
graph-both2000x1-s5,test,graph,graph-both2000x1,0.05,100,fifo,1462862,704868,0
graph-both2000x1-s5,test,graph,graph-both2000x1,0.05,100,clock,1408033,692031,0
graph-both2000x1-s5,test,graph,graph-both2000x1,0.05,100,aging,1441845,702348,0
graph-both2000x1-s5,test,graph,graph-both2000x1,0.05,100,lru,1409479,692317,0
graph-both2000x1-s5,test,graph,graph-both2000x1,0.05,100,lfu_exact,4425012,1577454,0
graph-both2000x1-s5,test,graph,graph-both2000x1,0.05,100,lfu_kernel,1456263,703646,0
graph-both2000x1-s5,test,graph,graph-both2000x1,0.05,100,sd_old,1461345,703650,0
graph-both2000x1-s5,test,graph,graph-both2000x1,0.05,100,belady,581753,276190,0
graph-both2000x1-s5,test,graph,graph-both2000x1,0.1,200,fifo,475538,101909,0
graph-both2000x1-s5,test,graph,graph-both2000x1,0.1,200,clock,310828,56864,0
graph-both2000x1-s5,test,graph,graph-both2000x1,0.1,200,aging,464713,93990,0
graph-both2000x1-s5,test,graph,graph-both2000x1,0.1,200,lru,301941,55049,0
graph-both2000x1-s5,test,graph,graph-both2000x1,0.1,200,lfu_exact,2923708,1221150,0
graph-both2000x1-s5,test,graph,graph-both2000x1,0.1,200,lfu_kernel,471961,98563,0
graph-both2000x1-s5,test,graph,graph-both2000x1,0.1,200,sd_old,461011,88856,0
graph-both2000x1-s5,test,graph,graph-both2000x1,0.1,200,belady,138466,1880,0
graph-both2000x1-s5,test,graph,graph-both2000x1,0.15,300,fifo,303858,67533,0
graph-both2000x1-s5,test,graph,graph-both2000x1,0.15,300,clock,163742,10098,0
graph-both2000x1-s5,test,graph,graph-both2000x1,0.15,300,aging,300077,65271,0
graph-both2000x1-s5,test,graph,graph-both2000x1,0.15,300,lru,155639,3788,0
graph-both2000x1-s5,test,graph,graph-both2000x1,0.15,300,lfu_exact,1376949,450201,0
graph-both2000x1-s5,test,graph,graph-both2000x1,0.15,300,lfu_kernel,303079,66925,0
graph-both2000x1-s5,test,graph,graph-both2000x1,0.15,300,sd_old,289465,55738,0
graph-both2000x1-s5,test,graph,graph-both2000x1,0.15,300,belady,103727,1827,0
graph-both2000x1-s5,test,graph,graph-both2000x1,0.2,399,fifo,231277,49896,0
graph-both2000x1-s5,test,graph,graph-both2000x1,0.2,399,clock,141823,2355,0
graph-both2000x1-s5,test,graph,graph-both2000x1,0.2,399,aging,229240,48567,0
graph-both2000x1-s5,test,graph,graph-both2000x1,0.2,399,lru,141147,1839,0
graph-both2000x1-s5,test,graph,graph-both2000x1,0.2,399,lfu_exact,804797,187263,0
graph-both2000x1-s5,test,graph,graph-both2000x1,0.2,399,lfu_kernel,231029,49695,0
graph-both2000x1-s5,test,graph,graph-both2000x1,0.2,399,sd_old,217939,38756,0
graph-both2000x1-s5,test,graph,graph-both2000x1,0.2,399,belady,83618,1827,0
graph-both2000x1-s5,test,graph,graph-both2000x1,0.25,499,fifo,188928,38695,0
graph-both2000x1-s5,test,graph,graph-both2000x1,0.25,499,clock,128722,1866,0
graph-both2000x1-s5,test,graph,graph-both2000x1,0.25,499,aging,187510,37839,0
graph-both2000x1-s5,test,graph,graph-both2000x1,0.25,499,lru,128759,1795,0
graph-both2000x1-s5,test,graph,graph-both2000x1,0.25,499,lfu_exact,659413,112338,0
graph-both2000x1-s5,test,graph,graph-both2000x1,0.25,499,lfu_kernel,188908,38705,0
graph-both2000x1-s5,test,graph,graph-both2000x1,0.25,499,sd_old,176583,27825,0
graph-both2000x1-s5,test,graph,graph-both2000x1,0.25,499,belady,68500,1828,0
graph-both2000x1-s5,test,graph,graph-both2000x1,0.3,599,fifo,158933,30826,0
graph-both2000x1-s5,test,graph,graph-both2000x1,0.3,599,clock,116379,1836,0
graph-both2000x1-s5,test,graph,graph-both2000x1,0.3,599,aging,157956,30204,0
graph-both2000x1-s5,test,graph,graph-both2000x1,0.3,599,lru,116443,1782,0
graph-both2000x1-s5,test,graph,graph-both2000x1,0.3,599,lfu_exact,524682,45255,0
graph-both2000x1-s5,test,graph,graph-both2000x1,0.3,599,lfu_kernel,158870,30901,0
graph-both2000x1-s5,test,graph,graph-both2000x1,0.3,599,sd_old,148226,20993,0
graph-both2000x1-s5,test,graph,graph-both2000x1,0.3,599,belady,56323,1828,0
graph-both1000x3-s3,test,graph,graph-both1000x3,0.05,50,fifo,1365053,946656,0
graph-both1000x3-s3,test,graph,graph-both1000x3,0.05,50,clock,1307244,938839,0
graph-both1000x3-s3,test,graph,graph-both1000x3,0.05,50,aging,1320946,944745,0
graph-both1000x3-s3,test,graph,graph-both1000x3,0.05,50,lru,1307342,939192,0
graph-both1000x3-s3,test,graph,graph-both1000x3,0.05,50,lfu_exact,4297279,1739388,0
graph-both1000x3-s3,test,graph,graph-both1000x3,0.05,50,lfu_kernel,1347044,945685,0
graph-both1000x3-s3,test,graph,graph-both1000x3,0.05,50,sd_old,1364431,946237,0
graph-both1000x3-s3,test,graph,graph-both1000x3,0.05,50,belady,537501,374550,0
graph-both1000x3-s3,test,graph,graph-both1000x3,0.1,100,fifo,252079,60225,0
graph-both1000x3-s3,test,graph,graph-both1000x3,0.1,100,clock,162740,30316,0
graph-both1000x3-s3,test,graph,graph-both1000x3,0.1,100,aging,236574,48154,0
graph-both1000x3-s3,test,graph,graph-both1000x3,0.1,100,lru,158777,29483,0
graph-both1000x3-s3,test,graph,graph-both1000x3,0.1,100,lfu_exact,2922892,1265395,0
graph-both1000x3-s3,test,graph,graph-both1000x3,0.1,100,lfu_kernel,241274,49518,0
graph-both1000x3-s3,test,graph,graph-both1000x3,0.1,100,sd_old,245700,54219,0
graph-both1000x3-s3,test,graph,graph-both1000x3,0.1,100,belady,72360,1109,0
graph-both1000x3-s3,test,graph,graph-both1000x3,0.15,150,fifo,157671,36702,0
graph-both1000x3-s3,test,graph,graph-both1000x3,0.15,150,clock,84108,5499,0
graph-both1000x3-s3,test,graph,graph-both1000x3,0.15,150,aging,152587,33327,0
graph-both1000x3-s3,test,graph,graph-both1000x3,0.15,150,lru,79740,2135,0
graph-both1000x3-s3,test,graph,graph-both1000x3,0.15,150,lfu_exact,1941733,828972,0
graph-both1000x3-s3,test,graph,graph-both1000x3,0.15,150,lfu_kernel,154668,33853,0
graph-both1000x3-s3,test,graph,graph-both1000x3,0.15,150,sd_old,152466,32091,0
graph-both1000x3-s3,test,graph,graph-both1000x3,0.15,150,belady,54038,899,0
graph-both1000x3-s3,test,graph,graph-both1000x3,0.2,200,fifo,119239,26615,0
graph-both1000x3-s3,test,graph,graph-both1000x3,0.2,200,clock,72574,1374,0
graph-both1000x3-s3,test,graph,graph-both1000x3,0.2,200,aging,116276,24697,0
graph-both1000x3-s3,test,graph,graph-both1000x3,0.2,200,lru,72368,1085,0
graph-both1000x3-s3,test,graph,graph-both1000x3,0.2,200,lfu_exact,1137701,468416,0
graph-both1000x3-s3,test,graph,graph-both1000x3,0.2,200,lfu_kernel,117764,25234,0
graph-both1000x3-s3,test,graph,graph-both1000x3,0.2,200,sd_old,114804,22799,0
graph-both1000x3-s3,test,graph,graph-both1000x3,0.2,200,belady,43599,837,0
graph-both1000x3-s3,test,graph,graph-both1000x3,0.25,250,fifo,97325,20568,0
graph-both1000x3-s3,test,graph,graph-both1000x3,0.25,250,clock,66156,1097,0
graph-both1000x3-s3,test,graph,graph-both1000x3,0.25,250,aging,95340,19257,0
graph-both1000x3-s3,test,graph,graph-both1000x3,0.25,250,lru,66098,1071,0
graph-both1000x3-s3,test,graph,graph-both1000x3,0.25,250,lfu_exact,422098,107769,0
graph-both1000x3-s3,test,graph,graph-both1000x3,0.25,250,lfu_kernel,96216,19515,0
graph-both1000x3-s3,test,graph,graph-both1000x3,0.25,250,sd_old,93579,17244,0
graph-both1000x3-s3,test,graph,graph-both1000x3,0.25,250,belady,35851,834,0
graph-both1000x3-s3,test,graph,graph-both1000x3,0.3,300,fifo,82034,16413,0
graph-both1000x3-s3,test,graph,graph-both1000x3,0.3,300,clock,59888,1075,0
graph-both1000x3-s3,test,graph,graph-both1000x3,0.3,300,aging,80511,15368,0
graph-both1000x3-s3,test,graph,graph-both1000x3,0.3,300,lru,59875,1065,0
graph-both1000x3-s3,test,graph,graph-both1000x3,0.3,300,lfu_exact,281799,32232,0
graph-both1000x3-s3,test,graph,graph-both1000x3,0.3,300,lfu_kernel,81116,15613,0
graph-both1000x3-s3,test,graph,graph-both1000x3,0.3,300,sd_old,78842,13498,0
graph-both1000x3-s3,test,graph,graph-both1000x3,0.3,300,belady,29548,832,0
matmul-blocked128-s1,heldout,matmul,matmul-blocked128,0.05,2,fifo,786464,262191,0
matmul-blocked128-s1,heldout,matmul,matmul-blocked128,0.05,2,clock,1048576,262191,0
matmul-blocked128-s1,heldout,matmul,matmul-blocked128,0.05,2,aging,786464,262191,0
matmul-blocked128-s1,heldout,matmul,matmul-blocked128,0.05,2,lru,786464,262191,0
matmul-blocked128-s1,heldout,matmul,matmul-blocked128,0.05,2,lfu_exact,4213109,262022,0
matmul-blocked128-s1,heldout,matmul,matmul-blocked128,0.05,2,lfu_kernel,786464,262191,0
matmul-blocked128-s1,heldout,matmul,matmul-blocked128,0.05,2,sd_old,786464,262191,0
matmul-blocked128-s1,heldout,matmul,matmul-blocked128,0.05,2,belady,524335,262191,0
matmul-blocked128-s1,heldout,matmul,matmul-blocked128,0.1,5,fifo,6192,1087,0
matmul-blocked128-s1,heldout,matmul,matmul-blocked128,0.1,5,clock,4152,62,0
matmul-blocked128-s1,heldout,matmul,matmul-blocked128,0.1,5,aging,4144,62,0
matmul-blocked128-s1,heldout,matmul,matmul-blocked128,0.1,5,lru,4144,62,0
matmul-blocked128-s1,heldout,matmul,matmul-blocked128,0.1,5,lfu_exact,123841,21236,1
matmul-blocked128-s1,heldout,matmul,matmul-blocked128,0.1,5,lfu_kernel,4144,62,0
matmul-blocked128-s1,heldout,matmul,matmul-blocked128,0.1,5,sd_old,6184,1083,0
matmul-blocked128-s1,heldout,matmul,matmul-blocked128,0.1,5,belady,3599,61,0
matmul-blocked128-s1,heldout,matmul,matmul-blocked128,0.15,7,fifo,5488,735,0
matmul-blocked128-s1,heldout,matmul,matmul-blocked128,0.15,7,clock,4144,62,0
matmul-blocked128-s1,heldout,matmul,matmul-blocked128,0.15,7,aging,4144,62,0
matmul-blocked128-s1,heldout,matmul,matmul-blocked128,0.15,7,lru,4144,62,0
matmul-blocked128-s1,heldout,matmul,matmul-blocked128,0.15,7,lfu_exact,109761,16517,1
matmul-blocked128-s1,heldout,matmul,matmul-blocked128,0.15,7,lfu_kernel,4144,62,0
matmul-blocked128-s1,heldout,matmul,matmul-blocked128,0.15,7,sd_old,5484,733,0
matmul-blocked128-s1,heldout,matmul,matmul-blocked128,0.15,7,belady,3055,61,0
matmul-blocked128-s1,heldout,matmul,matmul-blocked128,0.2,10,fifo,5040,511,0
matmul-blocked128-s1,heldout,matmul,matmul-blocked128,0.2,10,clock,3739,62,0
matmul-blocked128-s1,heldout,matmul,matmul-blocked128,0.2,10,aging,4144,62,0
matmul-blocked128-s1,heldout,matmul,matmul-blocked128,0.2,10,lru,4144,62,0
matmul-blocked128-s1,heldout,matmul,matmul-blocked128,0.2,10,lfu_exact,100801,15114,1
matmul-blocked128-s1,heldout,matmul,matmul-blocked128,0.2,10,lfu_kernel,4144,62,0
matmul-blocked128-s1,heldout,matmul,matmul-blocked128,0.2,10,sd_old,5036,509,0
matmul-blocked128-s1,heldout,matmul,matmul-blocked128,0.2,10,belady,2239,61,0
matmul-blocked128-s1,heldout,matmul,matmul-blocked128,0.25,12,fifo,4880,431,0
matmul-blocked128-s1,heldout,matmul,matmul-blocked128,0.25,12,clock,3590,62,0
matmul-blocked128-s1,heldout,matmul,matmul-blocked128,0.25,12,aging,4144,62,0
matmul-blocked128-s1,heldout,matmul,matmul-blocked128,0.25,12,lru,4144,62,0
matmul-blocked128-s1,heldout,matmul,matmul-blocked128,0.25,12,lfu_exact,97601,19650,1
matmul-blocked128-s1,heldout,matmul,matmul-blocked128,0.25,12,lfu_kernel,4144,62,0
matmul-blocked128-s1,heldout,matmul,matmul-blocked128,0.25,12,sd_old,4876,429,0
matmul-blocked128-s1,heldout,matmul,matmul-blocked128,0.25,12,belady,1695,61,0
matmul-blocked128-s1,heldout,matmul,matmul-blocked128,0.3,14,fifo,4752,367,0
matmul-blocked128-s1,heldout,matmul,matmul-blocked128,0.3,14,clock,3040,62,0
matmul-blocked128-s1,heldout,matmul,matmul-blocked128,0.3,14,aging,4144,62,0
matmul-blocked128-s1,heldout,matmul,matmul-blocked128,0.3,14,lru,4144,62,0
matmul-blocked128-s1,heldout,matmul,matmul-blocked128,0.3,14,lfu_exact,95041,20693,1
matmul-blocked128-s1,heldout,matmul,matmul-blocked128,0.3,14,lfu_kernel,4144,62,0
matmul-blocked128-s1,heldout,matmul,matmul-blocked128,0.3,14,sd_old,4750,366,0
matmul-blocked128-s1,heldout,matmul,matmul-blocked128,0.3,14,belady,1151,61,0
matmul-naive128-s1,heldout,matmul,matmul-naive128,0.05,2,fifo,417792,16415,0
matmul-naive128-s1,heldout,matmul,matmul-naive128,0.05,2,clock,557055,16415,0
matmul-naive128-s1,heldout,matmul,matmul-naive128,0.05,2,aging,417792,16415,0
matmul-naive128-s1,heldout,matmul,matmul-naive128,0.05,2,lru,294912,16415,0
matmul-naive128-s1,heldout,matmul,matmul-naive128,0.05,2,lfu_exact,3964929,16415,0
matmul-naive128-s1,heldout,matmul,matmul-naive128,0.05,2,lfu_kernel,417792,16415,0
matmul-naive128-s1,heldout,matmul,matmul-naive128,0.05,2,sd_old,417792,16415,0
matmul-naive128-s1,heldout,matmul,matmul-naive128,0.05,2,belady,278544,16415,0
matmul-naive128-s1,heldout,matmul,matmul-naive128,0.1,5,fifo,334240,16415,0
matmul-naive128-s1,heldout,matmul,matmul-naive128,0.1,5,clock,278545,16414,0
matmul-naive128-s1,heldout,matmul,matmul-naive128,0.1,5,aging,278545,16414,0
matmul-naive128-s1,heldout,matmul,matmul-naive128,0.1,5,lru,278544,16414,0
matmul-naive128-s1,heldout,matmul,matmul-naive128,0.1,5,lfu_exact,3316370,16415,0
matmul-naive128-s1,heldout,matmul,matmul-naive128,0.1,5,lfu_kernel,278545,16414,0
matmul-naive128-s1,heldout,matmul,matmul-naive128,0.1,5,sd_old,334237,16415,0
matmul-naive128-s1,heldout,matmul,matmul-naive128,0.1,5,belady,226323,13343,0
matmul-naive128-s1,heldout,matmul,matmul-naive128,0.15,7,fifo,318320,16415,0
matmul-naive128-s1,heldout,matmul,matmul-naive128,0.15,7,clock,278545,16414,0
matmul-naive128-s1,heldout,matmul,matmul-naive128,0.15,7,aging,278545,16414,0
matmul-naive128-s1,heldout,matmul,matmul-naive128,0.15,7,lru,278544,16414,0
matmul-naive128-s1,heldout,matmul,matmul-naive128,0.15,7,lfu_exact,2948362,16415,0
matmul-naive128-s1,heldout,matmul,matmul-naive128,0.15,7,lfu_kernel,278545,16414,0
matmul-naive128-s1,heldout,matmul,matmul-naive128,0.15,7,sd_old,318318,16415,0
matmul-naive128-s1,heldout,matmul,matmul-naive128,0.15,7,belady,191509,11295,0
matmul-naive128-s1,heldout,matmul,matmul-naive128,0.2,10,fifo,306384,16415,0
matmul-naive128-s1,heldout,matmul,matmul-naive128,0.2,10,clock,265719,15665,0
matmul-naive128-s1,heldout,matmul,matmul-naive128,0.2,10,aging,278545,16414,0
matmul-naive128-s1,heldout,matmul,matmul-naive128,0.2,10,lru,278544,16414,0
matmul-naive128-s1,heldout,matmul,matmul-naive128,0.2,10,lfu_exact,2473855,16415,0
matmul-naive128-s1,heldout,matmul,matmul-naive128,0.2,10,lfu_kernel,278545,16414,0
matmul-naive128-s1,heldout,matmul,matmul-naive128,0.2,10,sd_old,306383,16415,0
matmul-naive128-s1,heldout,matmul,matmul-naive128,0.2,10,belady,139288,8223,0
matmul-naive128-s1,heldout,matmul,matmul-naive128,0.25,12,fifo,301744,16415,0
matmul-naive128-s1,heldout,matmul,matmul-naive128,0.25,12,clock,232138,13689,0
matmul-naive128-s1,heldout,matmul,matmul-naive128,0.25,12,aging,278545,16414,0
matmul-naive128-s1,heldout,matmul,matmul-naive128,0.25,12,lru,278544,16414,0
matmul-naive128-s1,heldout,matmul,matmul-naive128,0.25,12,lfu_exact,2197983,16415,0
matmul-naive128-s1,heldout,matmul,matmul-naive128,0.25,12,lfu_kernel,278545,16414,0
matmul-naive128-s1,heldout,matmul,matmul-naive128,0.25,12,sd_old,301743,16415,0
matmul-naive128-s1,heldout,matmul,matmul-naive128,0.25,12,belady,104474,6175,0
matmul-naive128-s1,heldout,matmul,matmul-naive128,0.3,14,fifo,298432,16415,0
matmul-naive128-s1,heldout,matmul,matmul-naive128,0.3,14,clock,190387,11214,0
matmul-naive128-s1,heldout,matmul,matmul-naive128,0.3,14,aging,278545,16414,0
matmul-naive128-s1,heldout,matmul,matmul-naive128,0.3,14,lru,278544,16414,0
matmul-naive128-s1,heldout,matmul,matmul-naive128,0.3,14,lfu_exact,1945660,16415,0
matmul-naive128-s1,heldout,matmul,matmul-naive128,0.3,14,lfu_kernel,278545,16414,0
matmul-naive128-s1,heldout,matmul,matmul-naive128,0.3,14,sd_old,298431,16415,0
matmul-naive128-s1,heldout,matmul,matmul-naive128,0.3,14,belady,69660,4127,0
graph-pr2000x2-s1,train,graph,graph-pr2000x2,0.05,83,fifo,1444540,1410356,0
graph-pr2000x2-s1,train,graph,graph-pr2000x2,0.05,83,clock,1411429,1409847,0
graph-pr2000x2-s1,train,graph,graph-pr2000x2,0.05,83,aging,1410604,1409010,0
graph-pr2000x2-s1,train,graph,graph-pr2000x2,0.05,83,lru,1411505,1409923,0
graph-pr2000x2-s1,train,graph,graph-pr2000x2,0.05,83,lfu_exact,4400850,2030386,0
graph-pr2000x2-s1,train,graph,graph-pr2000x2,0.05,83,lfu_kernel,1427380,1409181,0
graph-pr2000x2-s1,train,graph,graph-pr2000x2,0.05,83,sd_old,1444085,1410292,0
graph-pr2000x2-s1,train,graph,graph-pr2000x2,0.05,83,belady,581390,579809,0
graph-pr2000x2-s1,train,graph,graph-pr2000x2,0.1,167,fifo,100385,98386,0
graph-pr2000x2-s1,train,graph,graph-pr2000x2,0.1,167,clock,53537,51872,0
graph-pr2000x2-s1,train,graph,graph-pr2000x2,0.1,167,aging,90440,88777,0
graph-pr2000x2-s1,train,graph,graph-pr2000x2,0.1,167,lru,52403,50738,0
graph-pr2000x2-s1,train,graph,graph-pr2000x2,0.1,167,lfu_exact,2007701,835032,1
graph-pr2000x2-s1,train,graph,graph-pr2000x2,0.1,167,lfu_kernel,100932,99041,0
graph-pr2000x2-s1,train,graph,graph-pr2000x2,0.1,167,sd_old,77497,75667,0
graph-pr2000x2-s1,train,graph,graph-pr2000x2,0.1,167,belady,10329,8665,0
graph-pr2000x2-s1,train,graph,graph-pr2000x2,0.15,250,fifo,9029,7370,0
graph-pr2000x2-s1,train,graph,graph-pr2000x2,0.15,250,clock,3359,1693,0
graph-pr2000x2-s1,train,graph,graph-pr2000x2,0.15,250,aging,3391,1724,0
graph-pr2000x2-s1,train,graph,graph-pr2000x2,0.15,250,lru,3331,1666,0
graph-pr2000x2-s1,train,graph,graph-pr2000x2,0.15,250,lfu_exact,180581,1513,1
graph-pr2000x2-s1,train,graph,graph-pr2000x2,0.15,250,lfu_kernel,8021,6354,0
graph-pr2000x2-s1,train,graph,graph-pr2000x2,0.15,250,sd_old,6173,4506,0
graph-pr2000x2-s1,train,graph,graph-pr2000x2,0.15,250,belady,3170,1505,0
graph-pr2000x2-s1,train,graph,graph-pr2000x2,0.2,333,fifo,6018,4370,0
graph-pr2000x2-s1,train,graph,graph-pr2000x2,0.2,333,clock,3361,1701,0
graph-pr2000x2-s1,train,graph,graph-pr2000x2,0.2,333,aging,3323,1657,0
graph-pr2000x2-s1,train,graph,graph-pr2000x2,0.2,333,lru,3322,1666,0
graph-pr2000x2-s1,train,graph,graph-pr2000x2,0.2,333,lfu_exact,120361,1140,1
graph-pr2000x2-s1,train,graph,graph-pr2000x2,0.2,333,lfu_kernel,5842,4175,0
graph-pr2000x2-s1,train,graph,graph-pr2000x2,0.2,333,sd_old,4670,3003,0
graph-pr2000x2-s1,train,graph,graph-pr2000x2,0.2,333,belady,3004,1339,0
graph-pr2000x2-s1,train,graph,graph-pr2000x2,0.25,417,fifo,5009,3342,0
graph-pr2000x2-s1,train,graph,graph-pr2000x2,0.25,417,clock,3307,1657,0
graph-pr2000x2-s1,train,graph,graph-pr2000x2,0.25,417,aging,3314,1648,0
graph-pr2000x2-s1,train,graph,graph-pr2000x2,0.25,417,lru,3305,1656,0
graph-pr2000x2-s1,train,graph,graph-pr2000x2,0.25,417,lfu_exact,100181,1010,1
graph-pr2000x2-s1,train,graph,graph-pr2000x2,0.25,417,lfu_kernel,4989,3322,0
graph-pr2000x2-s1,train,graph,graph-pr2000x2,0.25,417,sd_old,4148,2492,0
graph-pr2000x2-s1,train,graph,graph-pr2000x2,0.25,417,belady,2917,1252,0
graph-pr2000x2-s1,train,graph,graph-pr2000x2,0.3,500,fifo,4656,2991,0
graph-pr2000x2-s1,train,graph,graph-pr2000x2,0.3,500,clock,3283,1646,0
graph-pr2000x2-s1,train,graph,graph-pr2000x2,0.3,500,aging,3300,1633,0
graph-pr2000x2-s1,train,graph,graph-pr2000x2,0.3,500,lru,3289,1646,0
graph-pr2000x2-s1,train,graph,graph-pr2000x2,0.3,500,lfu_exact,93121,957,1
graph-pr2000x2-s1,train,graph,graph-pr2000x2,0.3,500,lfu_kernel,4639,2987,0
graph-pr2000x2-s1,train,graph,graph-pr2000x2,0.3,500,sd_old,3958,2314,0
graph-pr2000x2-s1,train,graph,graph-pr2000x2,0.3,500,belady,2834,1169,0
graph-pr2000x2-s2,val,graph,graph-pr2000x2,0.05,83,fifo,1442021,1407860,0
graph-pr2000x2-s2,val,graph,graph-pr2000x2,0.05,83,clock,1409912,1408330,0
graph-pr2000x2-s2,val,graph,graph-pr2000x2,0.05,83,aging,1407870,1406279,0
graph-pr2000x2-s2,val,graph,graph-pr2000x2,0.05,83,lru,1410023,1408441,0
graph-pr2000x2-s2,val,graph,graph-pr2000x2,0.05,83,lfu_exact,4393118,2026209,0
graph-pr2000x2-s2,val,graph,graph-pr2000x2,0.05,83,lfu_kernel,1424879,1406705,0
graph-pr2000x2-s2,val,graph,graph-pr2000x2,0.05,83,sd_old,1441650,1407867,0
graph-pr2000x2-s2,val,graph,graph-pr2000x2,0.05,83,belady,580749,579167,0
graph-pr2000x2-s2,val,graph,graph-pr2000x2,0.1,167,fifo,100534,98536,0
graph-pr2000x2-s2,val,graph,graph-pr2000x2,0.1,167,clock,53782,52117,0
graph-pr2000x2-s2,val,graph,graph-pr2000x2,0.1,167,aging,90488,88826,0
graph-pr2000x2-s2,val,graph,graph-pr2000x2,0.1,167,lru,52580,50915,0
graph-pr2000x2-s2,val,graph,graph-pr2000x2,0.1,167,lfu_exact,2010681,836527,1
graph-pr2000x2-s2,val,graph,graph-pr2000x2,0.1,167,lfu_kernel,101293,99397,0
graph-pr2000x2-s2,val,graph,graph-pr2000x2,0.1,167,sd_old,77779,75949,0
graph-pr2000x2-s2,val,graph,graph-pr2000x2,0.1,167,belady,10310,8646,0
graph-pr2000x2-s2,val,graph,graph-pr2000x2,0.15,250,fifo,9029,7368,0
graph-pr2000x2-s2,val,graph,graph-pr2000x2,0.15,250,clock,3356,1690,0
graph-pr2000x2-s2,val,graph,graph-pr2000x2,0.15,250,aging,3331,1664,0
graph-pr2000x2-s2,val,graph,graph-pr2000x2,0.15,250,lru,3332,1666,0
graph-pr2000x2-s2,val,graph,graph-pr2000x2,0.15,250,lfu_exact,180581,1529,1
graph-pr2000x2-s2,val,graph,graph-pr2000x2,0.15,250,lfu_kernel,8024,6357,0
graph-pr2000x2-s2,val,graph,graph-pr2000x2,0.15,250,sd_old,6173,4506,0
graph-pr2000x2-s2,val,graph,graph-pr2000x2,0.15,250,belady,3170,1505,0
graph-pr2000x2-s2,val,graph,graph-pr2000x2,0.2,333,fifo,6014,4363,0
graph-pr2000x2-s2,val,graph,graph-pr2000x2,0.2,333,clock,3358,1700,0
graph-pr2000x2-s2,val,graph,graph-pr2000x2,0.2,333,aging,3324,1658,0
graph-pr2000x2-s2,val,graph,graph-pr2000x2,0.2,333,lru,3321,1666,0
graph-pr2000x2-s2,val,graph,graph-pr2000x2,0.2,333,lfu_exact,120281,1162,1
graph-pr2000x2-s2,val,graph,graph-pr2000x2,0.2,333,lfu_kernel,5720,4056,0
graph-pr2000x2-s2,val,graph,graph-pr2000x2,0.2,333,sd_old,4670,3003,0
graph-pr2000x2-s2,val,graph,graph-pr2000x2,0.2,333,belady,3004,1339,0
graph-pr2000x2-s2,val,graph,graph-pr2000x2,0.25,417,fifo,5009,3342,0
graph-pr2000x2-s2,val,graph,graph-pr2000x2,0.25,417,clock,3311,1662,0
graph-pr2000x2-s2,val,graph,graph-pr2000x2,0.25,417,aging,3328,1662,0
graph-pr2000x2-s2,val,graph,graph-pr2000x2,0.25,417,lru,3301,1656,0
graph-pr2000x2-s2,val,graph,graph-pr2000x2,0.25,417,lfu_exact,100181,1031,1
graph-pr2000x2-s2,val,graph,graph-pr2000x2,0.25,417,lfu_kernel,4997,3332,0
graph-pr2000x2-s2,val,graph,graph-pr2000x2,0.25,417,sd_old,4148,2492,0
graph-pr2000x2-s2,val,graph,graph-pr2000x2,0.25,417,belady,2917,1252,0
graph-pr2000x2-s2,val,graph,graph-pr2000x2,0.3,500,fifo,4656,2991,0
graph-pr2000x2-s2,val,graph,graph-pr2000x2,0.3,500,clock,3286,1649,0
graph-pr2000x2-s2,val,graph,graph-pr2000x2,0.3,500,aging,3302,1636,0
graph-pr2000x2-s2,val,graph,graph-pr2000x2,0.3,500,lru,3282,1646,0
graph-pr2000x2-s2,val,graph,graph-pr2000x2,0.3,500,lfu_exact,93121,974,1
graph-pr2000x2-s2,val,graph,graph-pr2000x2,0.3,500,lfu_kernel,4521,2869,0
graph-pr2000x2-s2,val,graph,graph-pr2000x2,0.3,500,sd_old,3958,2314,0
graph-pr2000x2-s2,val,graph,graph-pr2000x2,0.3,500,belady,2834,1169,0
graph-pr2000x2-s3,test,graph,graph-pr2000x2,0.05,83,fifo,1443077,1408911,0
graph-pr2000x2-s3,test,graph,graph-pr2000x2,0.05,83,clock,1409552,1407970,0
graph-pr2000x2-s3,test,graph,graph-pr2000x2,0.05,83,aging,1409423,1407833,0
graph-pr2000x2-s3,test,graph,graph-pr2000x2,0.05,83,lru,1409815,1408233,0
graph-pr2000x2-s3,test,graph,graph-pr2000x2,0.05,83,lfu_exact,4390993,2025194,0
graph-pr2000x2-s3,test,graph,graph-pr2000x2,0.05,83,lfu_kernel,1425740,1407560,0
graph-pr2000x2-s3,test,graph,graph-pr2000x2,0.05,83,sd_old,1442157,1408394,0
graph-pr2000x2-s3,test,graph,graph-pr2000x2,0.05,83,belady,581503,579922,0
graph-pr2000x2-s3,test,graph,graph-pr2000x2,0.1,167,fifo,100806,98809,0
graph-pr2000x2-s3,test,graph,graph-pr2000x2,0.1,167,clock,54948,53283,0
graph-pr2000x2-s3,test,graph,graph-pr2000x2,0.1,167,aging,91873,90211,0
graph-pr2000x2-s3,test,graph,graph-pr2000x2,0.1,167,lru,53936,52271,0
graph-pr2000x2-s3,test,graph,graph-pr2000x2,0.1,167,lfu_exact,2016121,839220,1
graph-pr2000x2-s3,test,graph,graph-pr2000x2,0.1,167,lfu_kernel,100942,99062,0
graph-pr2000x2-s3,test,graph,graph-pr2000x2,0.1,167,sd_old,78906,77072,0
graph-pr2000x2-s3,test,graph,graph-pr2000x2,0.1,167,belady,10566,8902,0
graph-pr2000x2-s3,test,graph,graph-pr2000x2,0.15,250,fifo,9030,7371,0
graph-pr2000x2-s3,test,graph,graph-pr2000x2,0.15,250,clock,3361,1695,0
graph-pr2000x2-s3,test,graph,graph-pr2000x2,0.15,250,aging,3332,1665,0
graph-pr2000x2-s3,test,graph,graph-pr2000x2,0.15,250,lru,3329,1666,0
graph-pr2000x2-s3,test,graph,graph-pr2000x2,0.15,250,lfu_exact,180601,1251,1
graph-pr2000x2-s3,test,graph,graph-pr2000x2,0.15,250,lfu_kernel,7688,6021,0
graph-pr2000x2-s3,test,graph,graph-pr2000x2,0.15,250,sd_old,6173,4506,0
graph-pr2000x2-s3,test,graph,graph-pr2000x2,0.15,250,belady,3170,1505,0
graph-pr2000x2-s3,test,graph,graph-pr2000x2,0.2,333,fifo,6015,4366,0
graph-pr2000x2-s3,test,graph,graph-pr2000x2,0.2,333,clock,3359,1698,0
graph-pr2000x2-s3,test,graph,graph-pr2000x2,0.2,333,aging,3321,1654,0
graph-pr2000x2-s3,test,graph,graph-pr2000x2,0.2,333,lru,3324,1666,0
graph-pr2000x2-s3,test,graph,graph-pr2000x2,0.2,333,lfu_exact,120301,699,1
graph-pr2000x2-s3,test,graph,graph-pr2000x2,0.2,333,lfu_kernel,5846,4180,0
graph-pr2000x2-s3,test,graph,graph-pr2000x2,0.2,333,sd_old,4670,3003,0
graph-pr2000x2-s3,test,graph,graph-pr2000x2,0.2,333,belady,3004,1339,0
graph-pr2000x2-s3,test,graph,graph-pr2000x2,0.25,417,fifo,5009,3342,0
graph-pr2000x2-s3,test,graph,graph-pr2000x2,0.25,417,clock,3309,1659,0
graph-pr2000x2-s3,test,graph,graph-pr2000x2,0.25,417,aging,3312,1646,0
graph-pr2000x2-s3,test,graph,graph-pr2000x2,0.25,417,lru,3306,1656,0
graph-pr2000x2-s3,test,graph,graph-pr2000x2,0.25,417,lfu_exact,100181,689,1
graph-pr2000x2-s3,test,graph,graph-pr2000x2,0.25,417,lfu_kernel,4995,3328,0
graph-pr2000x2-s3,test,graph,graph-pr2000x2,0.25,417,sd_old,4148,2492,0
graph-pr2000x2-s3,test,graph,graph-pr2000x2,0.25,417,belady,2917,1252,0
graph-pr2000x2-s3,test,graph,graph-pr2000x2,0.3,500,fifo,4656,2991,0
graph-pr2000x2-s3,test,graph,graph-pr2000x2,0.3,500,clock,3287,1650,0
graph-pr2000x2-s3,test,graph,graph-pr2000x2,0.3,500,aging,3302,1636,0
graph-pr2000x2-s3,test,graph,graph-pr2000x2,0.3,500,lru,3285,1646,0
graph-pr2000x2-s3,test,graph,graph-pr2000x2,0.3,500,lfu_exact,93121,740,1
graph-pr2000x2-s3,test,graph,graph-pr2000x2,0.3,500,lfu_kernel,4641,2987,0
graph-pr2000x2-s3,test,graph,graph-pr2000x2,0.3,500,sd_old,3958,2314,0
graph-pr2000x2-s3,test,graph,graph-pr2000x2,0.3,500,belady,2834,1169,0
sort-n60000-s3,heldout,sort,sort-n60000,0.05,6,fifo,1910,1000,0
sort-n60000-s3,heldout,sort,sort-n60000,0.05,6,clock,1917,1002,0
sort-n60000-s3,heldout,sort,sort-n60000,0.05,6,aging,1904,1001,0
sort-n60000-s3,heldout,sort,sort-n60000,0.05,6,lru,1904,1001,0
sort-n60000-s3,heldout,sort,sort-n60000,0.05,6,lfu_exact,38201,19123,1
sort-n60000-s3,heldout,sort,sort-n60000,0.05,6,lfu_kernel,1904,1000,0
sort-n60000-s3,heldout,sort,sort-n60000,0.05,6,sd_old,1910,1000,0
sort-n60000-s3,heldout,sort,sort-n60000,0.05,6,belady,1835,990,0
sort-n60000-s3,heldout,sort,sort-n60000,0.1,12,fifo,1894,997,0
sort-n60000-s3,heldout,sort,sort-n60000,0.1,12,clock,1894,999,0
sort-n60000-s3,heldout,sort,sort-n60000,0.1,12,aging,1894,997,0
sort-n60000-s3,heldout,sort,sort-n60000,0.1,12,lru,1894,997,0
sort-n60000-s3,heldout,sort,sort-n60000,0.1,12,lfu_exact,37881,18967,1
sort-n60000-s3,heldout,sort,sort-n60000,0.1,12,lfu_kernel,1894,997,0
sort-n60000-s3,heldout,sort,sort-n60000,0.1,12,sd_old,1894,997,0
sort-n60000-s3,heldout,sort,sort-n60000,0.1,12,belady,1739,950,0
sort-n60000-s3,heldout,sort,sort-n60000,0.15,18,fifo,1894,994,0
sort-n60000-s3,heldout,sort,sort-n60000,0.15,18,clock,1892,996,0
sort-n60000-s3,heldout,sort,sort-n60000,0.15,18,aging,1894,994,0
sort-n60000-s3,heldout,sort,sort-n60000,0.15,18,lru,1894,995,0
sort-n60000-s3,heldout,sort,sort-n60000,0.15,18,lfu_exact,37881,18971,1
sort-n60000-s3,heldout,sort,sort-n60000,0.15,18,lfu_kernel,1894,994,0
sort-n60000-s3,heldout,sort,sort-n60000,0.15,18,sd_old,1894,994,0
sort-n60000-s3,heldout,sort,sort-n60000,0.15,18,belady,1643,903,0
sort-n60000-s3,heldout,sort,sort-n60000,0.2,24,fifo,1893,991,0
sort-n60000-s3,heldout,sort,sort-n60000,0.2,24,clock,1890,991,0
sort-n60000-s3,heldout,sort,sort-n60000,0.2,24,aging,1893,991,0
sort-n60000-s3,heldout,sort,sort-n60000,0.2,24,lru,1893,992,0
sort-n60000-s3,heldout,sort,sort-n60000,0.2,24,lfu_exact,37861,18964,1
sort-n60000-s3,heldout,sort,sort-n60000,0.2,24,lfu_kernel,1893,991,0
sort-n60000-s3,heldout,sort,sort-n60000,0.2,24,sd_old,1893,991,0
sort-n60000-s3,heldout,sort,sort-n60000,0.2,24,belady,1547,853,0
sort-n60000-s3,heldout,sort,sort-n60000,0.25,30,fifo,1893,988,0
sort-n60000-s3,heldout,sort,sort-n60000,0.25,30,clock,1893,986,0
sort-n60000-s3,heldout,sort,sort-n60000,0.25,30,aging,1891,988,0
sort-n60000-s3,heldout,sort,sort-n60000,0.25,30,lru,1891,988,0
sort-n60000-s3,heldout,sort,sort-n60000,0.25,30,lfu_exact,37861,18963,1
sort-n60000-s3,heldout,sort,sort-n60000,0.25,30,lfu_kernel,1891,988,0
sort-n60000-s3,heldout,sort,sort-n60000,0.25,30,sd_old,1893,988,0
sort-n60000-s3,heldout,sort,sort-n60000,0.25,30,belady,1451,800,0
sort-n60000-s3,heldout,sort,sort-n60000,0.3,35,fifo,1890,986,0
sort-n60000-s3,heldout,sort,sort-n60000,0.3,35,clock,1892,991,0
sort-n60000-s3,heldout,sort,sort-n60000,0.3,35,aging,1890,986,0
sort-n60000-s3,heldout,sort,sort-n60000,0.3,35,lru,1890,986,0
sort-n60000-s3,heldout,sort,sort-n60000,0.3,35,lfu_exact,37801,18932,1
sort-n60000-s3,heldout,sort,sort-n60000,0.3,35,lfu_kernel,1890,986,0
sort-n60000-s3,heldout,sort,sort-n60000,0.3,35,sd_old,1890,986,0
sort-n60000-s3,heldout,sort,sort-n60000,0.3,35,belady,1371,754,0
sort-n60000-s1,heldout,sort,sort-n60000,0.05,6,fifo,1910,1000,0
sort-n60000-s1,heldout,sort,sort-n60000,0.05,6,clock,1914,1002,0
sort-n60000-s1,heldout,sort,sort-n60000,0.05,6,aging,1903,1001,0
sort-n60000-s1,heldout,sort,sort-n60000,0.05,6,lru,1903,1001,0
sort-n60000-s1,heldout,sort,sort-n60000,0.05,6,lfu_exact,38201,19123,1
sort-n60000-s1,heldout,sort,sort-n60000,0.05,6,lfu_kernel,1901,1000,0
sort-n60000-s1,heldout,sort,sort-n60000,0.05,6,sd_old,1910,1000,0
sort-n60000-s1,heldout,sort,sort-n60000,0.05,6,belady,1835,989,0
sort-n60000-s1,heldout,sort,sort-n60000,0.1,12,fifo,1894,997,0
sort-n60000-s1,heldout,sort,sort-n60000,0.1,12,clock,1894,999,0
sort-n60000-s1,heldout,sort,sort-n60000,0.1,12,aging,1894,997,0
sort-n60000-s1,heldout,sort,sort-n60000,0.1,12,lru,1894,997,0
sort-n60000-s1,heldout,sort,sort-n60000,0.1,12,lfu_exact,37881,18967,1
sort-n60000-s1,heldout,sort,sort-n60000,0.1,12,lfu_kernel,1894,997,0
sort-n60000-s1,heldout,sort,sort-n60000,0.1,12,sd_old,1894,997,0
sort-n60000-s1,heldout,sort,sort-n60000,0.1,12,belady,1739,951,0
sort-n60000-s1,heldout,sort,sort-n60000,0.15,18,fifo,1894,994,0
sort-n60000-s1,heldout,sort,sort-n60000,0.15,18,clock,1892,997,0
sort-n60000-s1,heldout,sort,sort-n60000,0.15,18,aging,1894,994,0
sort-n60000-s1,heldout,sort,sort-n60000,0.15,18,lru,1894,995,0
sort-n60000-s1,heldout,sort,sort-n60000,0.15,18,lfu_exact,37881,18971,1
sort-n60000-s1,heldout,sort,sort-n60000,0.15,18,lfu_kernel,1894,994,0
sort-n60000-s1,heldout,sort,sort-n60000,0.15,18,sd_old,1894,994,0
sort-n60000-s1,heldout,sort,sort-n60000,0.15,18,belady,1643,903,0
sort-n60000-s1,heldout,sort,sort-n60000,0.2,24,fifo,1893,991,0
sort-n60000-s1,heldout,sort,sort-n60000,0.2,24,clock,1890,990,0
sort-n60000-s1,heldout,sort,sort-n60000,0.2,24,aging,1893,991,0
sort-n60000-s1,heldout,sort,sort-n60000,0.2,24,lru,1893,992,0
sort-n60000-s1,heldout,sort,sort-n60000,0.2,24,lfu_exact,37861,18964,1
sort-n60000-s1,heldout,sort,sort-n60000,0.2,24,lfu_kernel,1893,991,0
sort-n60000-s1,heldout,sort,sort-n60000,0.2,24,sd_old,1893,991,0
sort-n60000-s1,heldout,sort,sort-n60000,0.2,24,belady,1547,853,0
sort-n60000-s1,heldout,sort,sort-n60000,0.25,30,fifo,1893,988,0
sort-n60000-s1,heldout,sort,sort-n60000,0.25,30,clock,1893,987,0
sort-n60000-s1,heldout,sort,sort-n60000,0.25,30,aging,1892,988,0
sort-n60000-s1,heldout,sort,sort-n60000,0.25,30,lru,1892,988,0
sort-n60000-s1,heldout,sort,sort-n60000,0.25,30,lfu_exact,37861,18963,1
sort-n60000-s1,heldout,sort,sort-n60000,0.25,30,lfu_kernel,1892,988,0
sort-n60000-s1,heldout,sort,sort-n60000,0.25,30,sd_old,1893,988,0
sort-n60000-s1,heldout,sort,sort-n60000,0.25,30,belady,1451,800,0
sort-n60000-s1,heldout,sort,sort-n60000,0.3,35,fifo,1890,985,0
sort-n60000-s1,heldout,sort,sort-n60000,0.3,35,clock,1892,985,0
sort-n60000-s1,heldout,sort,sort-n60000,0.3,35,aging,1890,985,0
sort-n60000-s1,heldout,sort,sort-n60000,0.3,35,lru,1890,986,0
sort-n60000-s1,heldout,sort,sort-n60000,0.3,35,lfu_exact,37801,18932,1
sort-n60000-s1,heldout,sort,sort-n60000,0.3,35,lfu_kernel,1890,985,0
sort-n60000-s1,heldout,sort,sort-n60000,0.3,35,sd_old,1890,985,0
sort-n60000-s1,heldout,sort,sort-n60000,0.3,35,belady,1371,754,0
graph-both1000x3-s1,train,graph,graph-both1000x3,0.05,50,fifo,1368062,949710,0
graph-both1000x3-s1,train,graph,graph-both1000x3,0.05,50,clock,1308958,940770,0
graph-both1000x3-s1,train,graph,graph-both1000x3,0.05,50,aging,1322744,946867,0
graph-both1000x3-s1,train,graph,graph-both1000x3,0.05,50,lru,1308929,941011,0
graph-both1000x3-s1,train,graph,graph-both1000x3,0.05,50,lfu_exact,4291638,1737244,0
graph-both1000x3-s1,train,graph,graph-both1000x3,0.05,50,lfu_kernel,1350126,948835,0
graph-both1000x3-s1,train,graph,graph-both1000x3,0.05,50,sd_old,1367548,949327,0
graph-both1000x3-s1,train,graph,graph-both1000x3,0.05,50,belady,538789,375827,0
graph-both1000x3-s1,train,graph,graph-both1000x3,0.1,100,fifo,251905,60141,0
graph-both1000x3-s1,train,graph,graph-both1000x3,0.1,100,clock,162590,30237,0
graph-both1000x3-s1,train,graph,graph-both1000x3,0.1,100,aging,236402,48127,0
graph-both1000x3-s1,train,graph,graph-both1000x3,0.1,100,lru,158497,29281,0
graph-both1000x3-s1,train,graph,graph-both1000x3,0.1,100,lfu_exact,2918367,1261692,0
graph-both1000x3-s1,train,graph,graph-both1000x3,0.1,100,lfu_kernel,240519,49100,0
graph-both1000x3-s1,train,graph,graph-both1000x3,0.1,100,sd_old,245455,54178,0
graph-both1000x3-s1,train,graph,graph-both1000x3,0.1,100,belady,72285,1089,0
graph-both1000x3-s1,train,graph,graph-both1000x3,0.15,150,fifo,157454,36645,0
graph-both1000x3-s1,train,graph,graph-both1000x3,0.15,150,clock,84142,5528,0
graph-both1000x3-s1,train,graph,graph-both1000x3,0.15,150,aging,152224,33259,0
graph-both1000x3-s1,train,graph,graph-both1000x3,0.15,150,lru,79593,2169,0
graph-both1000x3-s1,train,graph,graph-both1000x3,0.15,150,lfu_exact,1939559,828465,0
graph-both1000x3-s1,train,graph,graph-both1000x3,0.15,150,lfu_kernel,154415,33811,0
graph-both1000x3-s1,train,graph,graph-both1000x3,0.15,150,sd_old,152253,32075,0
graph-both1000x3-s1,train,graph,graph-both1000x3,0.15,150,belady,53901,893,0
graph-both1000x3-s1,train,graph,graph-both1000x3,0.2,200,fifo,119199,26606,0
graph-both1000x3-s1,train,graph,graph-both1000x3,0.2,200,clock,72579,1350,0
graph-both1000x3-s1,train,graph,graph-both1000x3,0.2,200,aging,116244,24648,0
graph-both1000x3-s1,train,graph,graph-both1000x3,0.2,200,lru,72264,1082,0
graph-both1000x3-s1,train,graph,graph-both1000x3,0.2,200,lfu_exact,1134268,467413,0
graph-both1000x3-s1,train,graph,graph-both1000x3,0.2,200,lfu_kernel,117552,25119,0
graph-both1000x3-s1,train,graph,graph-both1000x3,0.2,200,sd_old,114755,22775,0
graph-both1000x3-s1,train,graph,graph-both1000x3,0.2,200,belady,43451,836,0
graph-both1000x3-s1,train,graph,graph-both1000x3,0.25,250,fifo,96864,20441,0
graph-both1000x3-s1,train,graph,graph-both1000x3,0.25,250,clock,65917,1102,0
graph-both1000x3-s1,train,graph,graph-both1000x3,0.25,250,aging,94821,19105,0
graph-both1000x3-s1,train,graph,graph-both1000x3,0.25,250,lru,65878,1071,0
graph-both1000x3-s1,train,graph,graph-both1000x3,0.25,250,lfu_exact,418877,105855,0
graph-both1000x3-s1,train,graph,graph-both1000x3,0.25,250,lfu_kernel,95803,19387,0
graph-both1000x3-s1,train,graph,graph-both1000x3,0.25,250,sd_old,93261,17212,0
graph-both1000x3-s1,train,graph,graph-both1000x3,0.25,250,belady,35704,833,0
graph-both1000x3-s1,train,graph,graph-both1000x3,0.3,300,fifo,81670,16298,0
graph-both1000x3-s1,train,graph,graph-both1000x3,0.3,300,clock,59739,1080,0
graph-both1000x3-s1,train,graph,graph-both1000x3,0.3,300,aging,80132,15237,0
graph-both1000x3-s1,train,graph,graph-both1000x3,0.3,300,lru,59609,1065,0
graph-both1000x3-s1,train,graph,graph-both1000x3,0.3,300,lfu_exact,280696,31793,0
graph-both1000x3-s1,train,graph,graph-both1000x3,0.3,300,lfu_kernel,80778,15524,0
graph-both1000x3-s1,train,graph,graph-both1000x3,0.3,300,sd_old,78455,13397,0
graph-both1000x3-s1,train,graph,graph-both1000x3,0.3,300,belady,29467,833,0
matmul-blocked96-s1,train,matmul,matmul-blocked96,0.05,2,fifo,416454,110618,0
matmul-blocked96-s1,train,matmul,matmul-blocked96,0.05,2,clock,497676,110618,0
matmul-blocked96-s1,train,matmul,matmul-blocked96,0.05,2,aging,416454,110618,0
matmul-blocked96-s1,train,matmul,matmul-blocked96,0.05,2,lru,388806,110618,0
matmul-blocked96-s1,train,matmul,matmul-blocked96,0.05,2,lfu_exact,1705905,110449,0
matmul-blocked96-s1,train,matmul,matmul-blocked96,0.05,2,lfu_kernel,416454,110618,0
matmul-blocked96-s1,train,matmul,matmul-blocked96,0.05,2,sd_old,416454,110618,0
matmul-blocked96-s1,train,matmul,matmul-blocked96,0.05,2,belady,278858,110618,0
matmul-blocked96-s1,train,matmul,matmul-blocked96,0.1,3,fifo,197283,49475,0
matmul-blocked96-s1,train,matmul,matmul-blocked96,0.1,3,clock,172512,55079,0
matmul-blocked96-s1,train,matmul,matmul-blocked96,0.1,3,aging,156828,49475,0
matmul-blocked96-s1,train,matmul,matmul-blocked96,0.1,3,lru,170379,56183,0
matmul-blocked96-s1,train,matmul,matmul-blocked96,0.1,3,lfu_exact,1552230,99795,0
matmul-blocked96-s1,train,matmul,matmul-blocked96,0.1,3,lfu_kernel,156828,49475,0
matmul-blocked96-s1,train,matmul,matmul-blocked96,0.1,3,sd_old,197236,49464,0
matmul-blocked96-s1,train,matmul,matmul-blocked96,0.1,3,belady,86402,29062,0
matmul-blocked96-s1,train,matmul,matmul-blocked96,0.15,4,fifo,6219,2063,0
matmul-blocked96-s1,train,matmul,matmul-blocked96,0.15,4,clock,5886,1667,0
matmul-blocked96-s1,train,matmul,matmul-blocked96,0.15,4,aging,6054,2057,0
matmul-blocked96-s1,train,matmul,matmul-blocked96,0.15,4,lru,5151,1091,0
matmul-blocked96-s1,train,matmul,matmul-blocked96,0.15,4,lfu_exact,124381,19480,1
matmul-blocked96-s1,train,matmul,matmul-blocked96,0.15,4,lfu_kernel,6096,2057,0
matmul-blocked96-s1,train,matmul,matmul-blocked96,0.15,4,sd_old,6219,2063,0
matmul-blocked96-s1,train,matmul,matmul-blocked96,0.15,4,belady,3902,994,0
matmul-blocked96-s1,train,matmul,matmul-blocked96,0.2,5,fifo,4245,1277,0
matmul-blocked96-s1,train,matmul,matmul-blocked96,0.2,5,clock,3900,1016,0
matmul-blocked96-s1,train,matmul,matmul-blocked96,0.2,5,aging,3432,995,0
matmul-blocked96-s1,train,matmul,matmul-blocked96,0.2,5,lru,2829,227,0
matmul-blocked96-s1,train,matmul,matmul-blocked96,0.2,5,lfu_exact,84901,12314,1
matmul-blocked96-s1,train,matmul,matmul-blocked96,0.2,5,lfu_kernel,3114,911,0
matmul-blocked96-s1,train,matmul,matmul-blocked96,0.2,5,sd_old,4244,1276,0
matmul-blocked96-s1,train,matmul,matmul-blocked96,0.2,5,belady,2082,130,0
matmul-blocked96-s1,train,matmul,matmul-blocked96,0.25,7,fifo,2175,461,0
matmul-blocked96-s1,train,matmul,matmul-blocked96,0.25,7,clock,1339,47,0
matmul-blocked96-s1,train,matmul,matmul-blocked96,0.25,7,aging,1323,34,0
matmul-blocked96-s1,train,matmul,matmul-blocked96,0.25,7,lru,1323,34,0
matmul-blocked96-s1,train,matmul,matmul-blocked96,0.25,7,lfu_exact,43501,7350,1
matmul-blocked96-s1,train,matmul,matmul-blocked96,0.25,7,lfu_kernel,1323,34,0
matmul-blocked96-s1,train,matmul,matmul-blocked96,0.25,7,sd_old,2171,459,0
matmul-blocked96-s1,train,matmul,matmul-blocked96,0.25,7,belady,917,33,0
matmul-blocked96-s1,train,matmul,matmul-blocked96,0.3,8,fifo,2025,386,0
matmul-blocked96-s1,train,matmul,matmul-blocked96,0.3,8,clock,1219,34,0
matmul-blocked96-s1,train,matmul,matmul-blocked96,0.3,8,aging,1323,34,0
matmul-blocked96-s1,train,matmul,matmul-blocked96,0.3,8,lru,1323,34,0
matmul-blocked96-s1,train,matmul,matmul-blocked96,0.3,8,lfu_exact,40501,7619,1
matmul-blocked96-s1,train,matmul,matmul-blocked96,0.3,8,lfu_kernel,1323,34,0
matmul-blocked96-s1,train,matmul,matmul-blocked96,0.3,8,sd_old,2005,376,0
matmul-blocked96-s1,train,matmul,matmul-blocked96,0.3,8,belady,725,33,0
sort-n60000-s2,heldout,sort,sort-n60000,0.05,6,fifo,1910,1000,0
sort-n60000-s2,heldout,sort,sort-n60000,0.05,6,clock,1910,1002,0
sort-n60000-s2,heldout,sort,sort-n60000,0.05,6,aging,1901,1001,0
sort-n60000-s2,heldout,sort,sort-n60000,0.05,6,lru,1902,1001,0
sort-n60000-s2,heldout,sort,sort-n60000,0.05,6,lfu_exact,38201,19123,1
sort-n60000-s2,heldout,sort,sort-n60000,0.05,6,lfu_kernel,1898,1000,0
sort-n60000-s2,heldout,sort,sort-n60000,0.05,6,sd_old,1910,1000,0
sort-n60000-s2,heldout,sort,sort-n60000,0.05,6,belady,1835,990,0
sort-n60000-s2,heldout,sort,sort-n60000,0.1,12,fifo,1894,997,0
sort-n60000-s2,heldout,sort,sort-n60000,0.1,12,clock,1894,999,0
sort-n60000-s2,heldout,sort,sort-n60000,0.1,12,aging,1894,997,0
sort-n60000-s2,heldout,sort,sort-n60000,0.1,12,lru,1894,997,0
sort-n60000-s2,heldout,sort,sort-n60000,0.1,12,lfu_exact,37881,18967,1
sort-n60000-s2,heldout,sort,sort-n60000,0.1,12,lfu_kernel,1894,997,0
sort-n60000-s2,heldout,sort,sort-n60000,0.1,12,sd_old,1894,997,0
sort-n60000-s2,heldout,sort,sort-n60000,0.1,12,belady,1739,950,0
sort-n60000-s2,heldout,sort,sort-n60000,0.15,18,fifo,1894,994,0
sort-n60000-s2,heldout,sort,sort-n60000,0.15,18,clock,1892,994,0
sort-n60000-s2,heldout,sort,sort-n60000,0.15,18,aging,1894,994,0
sort-n60000-s2,heldout,sort,sort-n60000,0.15,18,lru,1894,995,0
sort-n60000-s2,heldout,sort,sort-n60000,0.15,18,lfu_exact,37881,18971,1
sort-n60000-s2,heldout,sort,sort-n60000,0.15,18,lfu_kernel,1894,994,0
sort-n60000-s2,heldout,sort,sort-n60000,0.15,18,sd_old,1894,994,0
sort-n60000-s2,heldout,sort,sort-n60000,0.15,18,belady,1643,903,0
sort-n60000-s2,heldout,sort,sort-n60000,0.2,24,fifo,1893,991,0
sort-n60000-s2,heldout,sort,sort-n60000,0.2,24,clock,1892,990,0
sort-n60000-s2,heldout,sort,sort-n60000,0.2,24,aging,1893,991,0
sort-n60000-s2,heldout,sort,sort-n60000,0.2,24,lru,1893,992,0
sort-n60000-s2,heldout,sort,sort-n60000,0.2,24,lfu_exact,37861,18964,1
sort-n60000-s2,heldout,sort,sort-n60000,0.2,24,lfu_kernel,1893,991,0
sort-n60000-s2,heldout,sort,sort-n60000,0.2,24,sd_old,1893,991,0
sort-n60000-s2,heldout,sort,sort-n60000,0.2,24,belady,1547,853,0
sort-n60000-s2,heldout,sort,sort-n60000,0.25,30,fifo,1893,988,0
sort-n60000-s2,heldout,sort,sort-n60000,0.25,30,clock,1893,991,0
sort-n60000-s2,heldout,sort,sort-n60000,0.25,30,aging,1891,988,0
sort-n60000-s2,heldout,sort,sort-n60000,0.25,30,lru,1891,988,0
sort-n60000-s2,heldout,sort,sort-n60000,0.25,30,lfu_exact,37861,18963,1
sort-n60000-s2,heldout,sort,sort-n60000,0.25,30,lfu_kernel,1891,988,0
sort-n60000-s2,heldout,sort,sort-n60000,0.25,30,sd_old,1893,988,0
sort-n60000-s2,heldout,sort,sort-n60000,0.25,30,belady,1451,801,0
sort-n60000-s2,heldout,sort,sort-n60000,0.3,35,fifo,1890,985,0
sort-n60000-s2,heldout,sort,sort-n60000,0.3,35,clock,1892,988,0
sort-n60000-s2,heldout,sort,sort-n60000,0.3,35,aging,1890,985,0
sort-n60000-s2,heldout,sort,sort-n60000,0.3,35,lru,1890,986,0
sort-n60000-s2,heldout,sort,sort-n60000,0.3,35,lfu_exact,37801,18932,1
sort-n60000-s2,heldout,sort,sort-n60000,0.3,35,lfu_kernel,1890,985,0
sort-n60000-s2,heldout,sort,sort-n60000,0.3,35,sd_old,1890,985,0
sort-n60000-s2,heldout,sort,sort-n60000,0.3,35,belady,1371,755,0
sort-n40000-s3,test,sort,sort-n40000,0.05,4,fifo,1359,679,0
sort-n40000-s3,test,sort,sort-n40000,0.05,4,clock,1377,714,0
sort-n40000-s3,test,sort,sort-n40000,0.05,4,aging,1278,670,0
sort-n40000-s3,test,sort,sort-n40000,0.05,4,lru,1277,670,0
sort-n40000-s3,test,sort,sort-n40000,0.05,4,lfu_exact,27181,13606,1
sort-n40000-s3,test,sort,sort-n40000,0.05,4,lfu_kernel,1278,670,0
sort-n40000-s3,test,sort,sort-n40000,0.05,4,sd_old,1359,679,0
sort-n40000-s3,test,sort,sort-n40000,0.05,4,belady,1242,668,0
sort-n40000-s3,test,sort,sort-n40000,0.1,8,fifo,1275,669,0
sort-n40000-s3,test,sort,sort-n40000,0.1,8,clock,1269,668,0
sort-n40000-s3,test,sort,sort-n40000,0.1,8,aging,1268,669,0
sort-n40000-s3,test,sort,sort-n40000,0.1,8,lru,1268,669,0
sort-n40000-s3,test,sort,sort-n40000,0.1,8,lfu_exact,25501,12769,1
sort-n40000-s3,test,sort,sort-n40000,0.1,8,lfu_kernel,1268,668,0
sort-n40000-s3,test,sort,sort-n40000,0.1,8,sd_old,1275,669,0
sort-n40000-s3,test,sort,sort-n40000,0.1,8,belady,1175,644,0
sort-n40000-s3,test,sort,sort-n40000,0.15,12,fifo,1268,666,0
sort-n40000-s3,test,sort,sort-n40000,0.15,12,clock,1267,666,0
sort-n40000-s3,test,sort,sort-n40000,0.15,12,aging,1268,667,0
sort-n40000-s3,test,sort,sort-n40000,0.15,12,lru,1268,667,0
sort-n40000-s3,test,sort,sort-n40000,0.15,12,lfu_exact,25361,12703,1
sort-n40000-s3,test,sort,sort-n40000,0.15,12,lfu_kernel,1268,666,0
sort-n40000-s3,test,sort,sort-n40000,0.15,12,sd_old,1268,666,0
sort-n40000-s3,test,sort,sort-n40000,0.15,12,belady,1111,616,0
sort-n40000-s3,test,sort,sort-n40000,0.2,16,fifo,1268,664,0
sort-n40000-s3,test,sort,sort-n40000,0.2,16,clock,1267,666,0
sort-n40000-s3,test,sort,sort-n40000,0.2,16,aging,1267,664,0
sort-n40000-s3,test,sort,sort-n40000,0.2,16,lru,1267,664,0
sort-n40000-s3,test,sort,sort-n40000,0.2,16,lfu_exact,25361,12705,1
sort-n40000-s3,test,sort,sort-n40000,0.2,16,lfu_kernel,1267,664,0
sort-n40000-s3,test,sort,sort-n40000,0.2,16,sd_old,1268,664,0
sort-n40000-s3,test,sort,sort-n40000,0.2,16,belady,1047,583,0
sort-n40000-s3,test,sort,sort-n40000,0.25,20,fifo,1268,662,0
sort-n40000-s3,test,sort,sort-n40000,0.25,20,clock,1268,664,0
sort-n40000-s3,test,sort,sort-n40000,0.25,20,aging,1267,662,0
sort-n40000-s3,test,sort,sort-n40000,0.25,20,lru,1267,663,0
sort-n40000-s3,test,sort,sort-n40000,0.25,20,lfu_exact,25361,12706,1
sort-n40000-s3,test,sort,sort-n40000,0.25,20,lfu_kernel,1267,662,0
sort-n40000-s3,test,sort,sort-n40000,0.25,20,sd_old,1268,662,0
sort-n40000-s3,test,sort,sort-n40000,0.25,20,belady,983,551,0
sort-n40000-s3,test,sort,sort-n40000,0.3,24,fifo,1268,660,0
sort-n40000-s3,test,sort,sort-n40000,0.3,24,clock,1265,662,0
sort-n40000-s3,test,sort,sort-n40000,0.3,24,aging,1267,660,0
sort-n40000-s3,test,sort,sort-n40000,0.3,24,lru,1267,661,0
sort-n40000-s3,test,sort,sort-n40000,0.3,24,lfu_exact,25361,12707,1
sort-n40000-s3,test,sort,sort-n40000,0.3,24,lfu_kernel,1267,660,0
sort-n40000-s3,test,sort,sort-n40000,0.3,24,sd_old,1268,660,0
sort-n40000-s3,test,sort,sort-n40000,0.3,24,belady,919,515,0
sort-n40000-s1,train,sort,sort-n40000,0.05,4,fifo,1363,678,0
sort-n40000-s1,train,sort,sort-n40000,0.05,4,clock,1380,712,0
sort-n40000-s1,train,sort,sort-n40000,0.05,4,aging,1278,670,0
sort-n40000-s1,train,sort,sort-n40000,0.05,4,lru,1277,670,0
sort-n40000-s1,train,sort,sort-n40000,0.05,4,lfu_exact,27261,13646,1
sort-n40000-s1,train,sort,sort-n40000,0.05,4,lfu_kernel,1278,670,0
sort-n40000-s1,train,sort,sort-n40000,0.05,4,sd_old,1363,678,0
sort-n40000-s1,train,sort,sort-n40000,0.05,4,belady,1242,668,0
sort-n40000-s1,train,sort,sort-n40000,0.1,8,fifo,1275,669,0
sort-n40000-s1,train,sort,sort-n40000,0.1,8,clock,1272,668,0
sort-n40000-s1,train,sort,sort-n40000,0.1,8,aging,1268,669,0
sort-n40000-s1,train,sort,sort-n40000,0.1,8,lru,1268,669,0
sort-n40000-s1,train,sort,sort-n40000,0.1,8,lfu_exact,25501,12769,1
sort-n40000-s1,train,sort,sort-n40000,0.1,8,lfu_kernel,1268,668,0
sort-n40000-s1,train,sort,sort-n40000,0.1,8,sd_old,1275,669,0
sort-n40000-s1,train,sort,sort-n40000,0.1,8,belady,1175,644,0
sort-n40000-s1,train,sort,sort-n40000,0.15,12,fifo,1268,666,0
sort-n40000-s1,train,sort,sort-n40000,0.15,12,clock,1268,666,0
sort-n40000-s1,train,sort,sort-n40000,0.15,12,aging,1268,667,0
sort-n40000-s1,train,sort,sort-n40000,0.15,12,lru,1268,667,0
sort-n40000-s1,train,sort,sort-n40000,0.15,12,lfu_exact,25361,12703,1
sort-n40000-s1,train,sort,sort-n40000,0.15,12,lfu_kernel,1268,666,0
sort-n40000-s1,train,sort,sort-n40000,0.15,12,sd_old,1268,666,0
sort-n40000-s1,train,sort,sort-n40000,0.15,12,belady,1111,616,0
sort-n40000-s1,train,sort,sort-n40000,0.2,16,fifo,1268,664,0
sort-n40000-s1,train,sort,sort-n40000,0.2,16,clock,1267,666,0
sort-n40000-s1,train,sort,sort-n40000,0.2,16,aging,1267,664,0
sort-n40000-s1,train,sort,sort-n40000,0.2,16,lru,1267,664,0
sort-n40000-s1,train,sort,sort-n40000,0.2,16,lfu_exact,25361,12705,1
sort-n40000-s1,train,sort,sort-n40000,0.2,16,lfu_kernel,1267,664,0
sort-n40000-s1,train,sort,sort-n40000,0.2,16,sd_old,1268,664,0
sort-n40000-s1,train,sort,sort-n40000,0.2,16,belady,1047,583,0
sort-n40000-s1,train,sort,sort-n40000,0.25,20,fifo,1268,662,0
sort-n40000-s1,train,sort,sort-n40000,0.25,20,clock,1268,662,0
sort-n40000-s1,train,sort,sort-n40000,0.25,20,aging,1267,662,0
sort-n40000-s1,train,sort,sort-n40000,0.25,20,lru,1267,663,0
sort-n40000-s1,train,sort,sort-n40000,0.25,20,lfu_exact,25361,12706,1
sort-n40000-s1,train,sort,sort-n40000,0.25,20,lfu_kernel,1267,662,0
sort-n40000-s1,train,sort,sort-n40000,0.25,20,sd_old,1268,662,0
sort-n40000-s1,train,sort,sort-n40000,0.25,20,belady,983,551,0
sort-n40000-s1,train,sort,sort-n40000,0.3,24,fifo,1268,660,0
sort-n40000-s1,train,sort,sort-n40000,0.3,24,clock,1263,661,0
sort-n40000-s1,train,sort,sort-n40000,0.3,24,aging,1267,660,0
sort-n40000-s1,train,sort,sort-n40000,0.3,24,lru,1267,661,0
sort-n40000-s1,train,sort,sort-n40000,0.3,24,lfu_exact,25361,12707,1
sort-n40000-s1,train,sort,sort-n40000,0.3,24,lfu_kernel,1267,660,0
sort-n40000-s1,train,sort,sort-n40000,0.3,24,sd_old,1268,660,0
sort-n40000-s1,train,sort,sort-n40000,0.3,24,belady,919,516,0
sort-n40000-s2,val,sort,sort-n40000,0.05,4,fifo,1373,681,0
sort-n40000-s2,val,sort,sort-n40000,0.05,4,clock,1375,711,0
sort-n40000-s2,val,sort,sort-n40000,0.05,4,aging,1278,670,0
sort-n40000-s2,val,sort,sort-n40000,0.05,4,lru,1277,670,0
sort-n40000-s2,val,sort,sort-n40000,0.05,4,lfu_exact,27461,13746,1
sort-n40000-s2,val,sort,sort-n40000,0.05,4,lfu_kernel,1278,670,0
sort-n40000-s2,val,sort,sort-n40000,0.05,4,sd_old,1373,681,0
sort-n40000-s2,val,sort,sort-n40000,0.05,4,belady,1242,668,0
sort-n40000-s2,val,sort,sort-n40000,0.1,8,fifo,1275,669,0
sort-n40000-s2,val,sort,sort-n40000,0.1,8,clock,1271,669,0
sort-n40000-s2,val,sort,sort-n40000,0.1,8,aging,1268,669,0
sort-n40000-s2,val,sort,sort-n40000,0.1,8,lru,1268,669,0
sort-n40000-s2,val,sort,sort-n40000,0.1,8,lfu_exact,25501,12769,1
sort-n40000-s2,val,sort,sort-n40000,0.1,8,lfu_kernel,1268,668,0
sort-n40000-s2,val,sort,sort-n40000,0.1,8,sd_old,1275,669,0
sort-n40000-s2,val,sort,sort-n40000,0.1,8,belady,1176,644,0
sort-n40000-s2,val,sort,sort-n40000,0.15,12,fifo,1268,666,0
sort-n40000-s2,val,sort,sort-n40000,0.15,12,clock,1267,666,0
sort-n40000-s2,val,sort,sort-n40000,0.15,12,aging,1268,667,0
sort-n40000-s2,val,sort,sort-n40000,0.15,12,lru,1268,667,0
sort-n40000-s2,val,sort,sort-n40000,0.15,12,lfu_exact,25361,12703,1
sort-n40000-s2,val,sort,sort-n40000,0.15,12,lfu_kernel,1268,666,0
sort-n40000-s2,val,sort,sort-n40000,0.15,12,sd_old,1268,666,0
sort-n40000-s2,val,sort,sort-n40000,0.15,12,belady,1112,615,0
sort-n40000-s2,val,sort,sort-n40000,0.2,16,fifo,1268,664,0
sort-n40000-s2,val,sort,sort-n40000,0.2,16,clock,1267,663,0
sort-n40000-s2,val,sort,sort-n40000,0.2,16,aging,1267,664,0
sort-n40000-s2,val,sort,sort-n40000,0.2,16,lru,1267,664,0
sort-n40000-s2,val,sort,sort-n40000,0.2,16,lfu_exact,25361,12705,1
sort-n40000-s2,val,sort,sort-n40000,0.2,16,lfu_kernel,1267,664,0
sort-n40000-s2,val,sort,sort-n40000,0.2,16,sd_old,1268,664,0
sort-n40000-s2,val,sort,sort-n40000,0.2,16,belady,1048,583,0
sort-n40000-s2,val,sort,sort-n40000,0.25,20,fifo,1268,662,0
sort-n40000-s2,val,sort,sort-n40000,0.25,20,clock,1268,666,0
sort-n40000-s2,val,sort,sort-n40000,0.25,20,aging,1267,662,0
sort-n40000-s2,val,sort,sort-n40000,0.25,20,lru,1267,663,0
sort-n40000-s2,val,sort,sort-n40000,0.25,20,lfu_exact,25361,12706,1
sort-n40000-s2,val,sort,sort-n40000,0.25,20,lfu_kernel,1267,662,0
sort-n40000-s2,val,sort,sort-n40000,0.25,20,sd_old,1268,662,0
sort-n40000-s2,val,sort,sort-n40000,0.25,20,belady,984,551,0
sort-n40000-s2,val,sort,sort-n40000,0.3,24,fifo,1268,660,0
sort-n40000-s2,val,sort,sort-n40000,0.3,24,clock,1265,659,0
sort-n40000-s2,val,sort,sort-n40000,0.3,24,aging,1267,660,0
sort-n40000-s2,val,sort,sort-n40000,0.3,24,lru,1267,661,0
sort-n40000-s2,val,sort,sort-n40000,0.3,24,lfu_exact,25361,12707,1
sort-n40000-s2,val,sort,sort-n40000,0.3,24,lfu_kernel,1267,660,0
sort-n40000-s2,val,sort,sort-n40000,0.3,24,sd_old,1268,660,0
sort-n40000-s2,val,sort,sort-n40000,0.3,24,belady,920,516,0
matmul-naive96-s1,train,matmul,matmul-naive96,0.05,2,fifo,138816,9233,0
matmul-naive96-s1,train,matmul,matmul-naive96,0.05,2,clock,183743,9233,0
matmul-naive96-s1,train,matmul,matmul-naive96,0.05,2,aging,138816,9233,0
matmul-naive96-s1,train,matmul,matmul-naive96,0.05,2,lru,101952,9233,0
matmul-naive96-s1,train,matmul,matmul-naive96,0.05,2,lfu_exact,1591297,9233,0
matmul-naive96-s1,train,matmul,matmul-naive96,0.05,2,lfu_kernel,138816,9233,0
matmul-naive96-s1,train,matmul,matmul-naive96,0.05,2,sd_old,138816,9233,0
matmul-naive96-s1,train,matmul,matmul-naive96,0.05,2,belady,93309,9233,0
matmul-naive96-s1,train,matmul,matmul-naive96,0.1,3,fifo,123837,9233,0
matmul-naive96-s1,train,matmul,matmul-naive96,0.1,3,clock,93878,9233,0
matmul-naive96-s1,train,matmul,matmul-naive96,0.1,3,aging,93310,9233,0
matmul-naive96-s1,train,matmul,matmul-naive96,0.1,3,lru,93309,9233,0
matmul-naive96-s1,train,matmul,matmul-naive96,0.1,3,lfu_exact,1425474,9233,0
matmul-naive96-s1,train,matmul,matmul-naive96,0.1,3,lfu_kernel,93310,9233,0
matmul-naive96-s1,train,matmul,matmul-naive96,0.1,3,sd_old,123834,9233,0
matmul-naive96-s1,train,matmul,matmul-naive96,0.1,3,belady,82566,8269,0
matmul-naive96-s1,train,matmul,matmul-naive96,0.15,4,fifo,115488,9233,0
matmul-naive96-s1,train,matmul,matmul-naive96,0.15,4,clock,93454,9233,0
matmul-naive96-s1,train,matmul,matmul-naive96,0.15,4,aging,93310,9233,0
matmul-naive96-s1,train,matmul,matmul-naive96,0.15,4,lru,93309,9233,0
matmul-naive96-s1,train,matmul,matmul-naive96,0.15,4,lfu_exact,1279324,9233,0
matmul-naive96-s1,train,matmul,matmul-naive96,0.15,4,lfu_kernel,93310,9233,0
matmul-naive96-s1,train,matmul,matmul-naive96,0.15,4,sd_old,115486,9233,0
matmul-naive96-s1,train,matmul,matmul-naive96,0.15,4,belady,72326,7247,0
matmul-naive96-s1,train,matmul,matmul-naive96,0.2,5,fifo,111168,9233,0
matmul-naive96-s1,train,matmul,matmul-naive96,0.2,5,clock,93595,9233,0
matmul-naive96-s1,train,matmul,matmul-naive96,0.2,5,aging,93310,9233,0
matmul-naive96-s1,train,matmul,matmul-naive96,0.2,5,lru,93309,9233,0
matmul-naive96-s1,train,matmul,matmul-naive96,0.2,5,lfu_exact,1145073,9233,0
matmul-naive96-s1,train,matmul,matmul-naive96,0.2,5,lfu_kernel,93310,9233,0
matmul-naive96-s1,train,matmul,matmul-naive96,0.2,5,sd_old,111166,9233,0
matmul-naive96-s1,train,matmul,matmul-naive96,0.2,5,belady,62087,6223,0
matmul-naive96-s1,train,matmul,matmul-naive96,0.25,7,fifo,105657,9233,0
matmul-naive96-s1,train,matmul,matmul-naive96,0.25,7,clock,85052,8460,0
matmul-naive96-s1,train,matmul,matmul-naive96,0.25,7,aging,92740,9232,0
matmul-naive96-s1,train,matmul,matmul-naive96,0.25,7,lru,92739,9232,0
matmul-naive96-s1,train,matmul,matmul-naive96,0.25,7,lfu_exact,915789,9233,0
matmul-naive96-s1,train,matmul,matmul-naive96,0.25,7,lfu_kernel,93310,9233,0
matmul-naive96-s1,train,matmul,matmul-naive96,0.25,7,sd_old,105656,9233,0
matmul-naive96-s1,train,matmul,matmul-naive96,0.25,7,belady,41609,4176,0
matmul-naive96-s1,train,matmul,matmul-naive96,0.3,8,fifo,104109,9233,0
matmul-naive96-s1,train,matmul,matmul-naive96,0.3,8,clock,70254,6959,0
matmul-naive96-s1,train,matmul,matmul-naive96,0.3,8,aging,92740,9232,0
matmul-naive96-s1,train,matmul,matmul-naive96,0.3,8,lru,92739,9232,0
matmul-naive96-s1,train,matmul,matmul-naive96,0.3,8,lfu_exact,809658,9233,0
matmul-naive96-s1,train,matmul,matmul-naive96,0.3,8,lfu_kernel,93310,9233,0
matmul-naive96-s1,train,matmul,matmul-naive96,0.3,8,sd_old,104108,9233,0
matmul-naive96-s1,train,matmul,matmul-naive96,0.3,8,belady,31370,3153,0
sort-n20000-s3,test,sort,sort-n20000,0.05,2,fifo,338696,113020,0
sort-n20000-s3,test,sort,sort-n20000,0.05,2,clock,268889,91520,0
sort-n20000-s3,test,sort,sort-n20000,0.05,2,aging,338696,113020,0
sort-n20000-s3,test,sort,sort-n20000,0.05,2,lru,342255,114183,0
sort-n20000-s3,test,sort,sort-n20000,0.05,2,lfu_exact,684288,288317,0
sort-n20000-s3,test,sort,sort-n20000,0.05,2,lfu_kernel,338696,113020,0
sort-n20000-s3,test,sort,sort-n20000,0.05,2,sd_old,338696,113020,0
sort-n20000-s3,test,sort,sort-n20000,0.05,2,belady,171384,57208,0
sort-n20000-s3,test,sort,sort-n20000,0.1,4,fifo,632,318,0
sort-n20000-s3,test,sort,sort-n20000,0.1,4,clock,667,339,0
sort-n20000-s3,test,sort,sort-n20000,0.1,4,aging,610,318,0
sort-n20000-s3,test,sort,sort-n20000,0.1,4,lru,607,318,0
sort-n20000-s3,test,sort,sort-n20000,0.1,4,lfu_exact,12641,6329,1
sort-n20000-s3,test,sort,sort-n20000,0.1,4,lfu_kernel,610,318,0
sort-n20000-s3,test,sort,sort-n20000,0.1,4,sd_old,632,318,0
sort-n20000-s3,test,sort,sort-n20000,0.1,4,belady,580,314,0
sort-n20000-s3,test,sort,sort-n20000,0.15,6,fifo,610,317,0
sort-n20000-s3,test,sort,sort-n20000,0.15,6,clock,608,316,0
sort-n20000-s3,test,sort,sort-n20000,0.15,6,aging,605,317,0
sort-n20000-s3,test,sort,sort-n20000,0.15,6,lru,605,317,0
sort-n20000-s3,test,sort,sort-n20000,0.15,6,lfu_exact,12201,6110,1
sort-n20000-s3,test,sort,sort-n20000,0.15,6,lfu_kernel,605,317,0
sort-n20000-s3,test,sort,sort-n20000,0.15,6,sd_old,610,317,0
sort-n20000-s3,test,sort,sort-n20000,0.15,6,belady,548,308,0
sort-n20000-s3,test,sort,sort-n20000,0.2,8,fifo,605,316,0
sort-n20000-s3,test,sort,sort-n20000,0.2,8,clock,602,316,0
sort-n20000-s3,test,sort,sort-n20000,0.2,8,aging,602,316,0
sort-n20000-s3,test,sort,sort-n20000,0.2,8,lru,602,316,0
sort-n20000-s3,test,sort,sort-n20000,0.2,8,lfu_exact,12101,6060,1
sort-n20000-s3,test,sort,sort-n20000,0.2,8,lfu_kernel,602,316,0
sort-n20000-s3,test,sort,sort-n20000,0.2,8,sd_old,605,316,0
sort-n20000-s3,test,sort,sort-n20000,0.2,8,belady,516,295,0
sort-n20000-s3,test,sort,sort-n20000,0.25,10,fifo,604,315,0
sort-n20000-s3,test,sort,sort-n20000,0.25,10,clock,601,315,0
sort-n20000-s3,test,sort,sort-n20000,0.25,10,aging,601,315,0
sort-n20000-s3,test,sort,sort-n20000,0.25,10,lru,601,315,0
sort-n20000-s3,test,sort,sort-n20000,0.25,10,lfu_exact,12081,6051,1
sort-n20000-s3,test,sort,sort-n20000,0.25,10,lfu_kernel,601,315,0
sort-n20000-s3,test,sort,sort-n20000,0.25,10,sd_old,604,315,0
sort-n20000-s3,test,sort,sort-n20000,0.25,10,belady,484,282,0
sort-n20000-s3,test,sort,sort-n20000,0.3,12,fifo,602,313,0
sort-n20000-s3,test,sort,sort-n20000,0.3,12,clock,602,315,0
sort-n20000-s3,test,sort,sort-n20000,0.3,12,aging,601,314,0
sort-n20000-s3,test,sort,sort-n20000,0.3,12,lru,601,314,0
sort-n20000-s3,test,sort,sort-n20000,0.3,12,lfu_exact,12041,6030,1
sort-n20000-s3,test,sort,sort-n20000,0.3,12,lfu_kernel,601,313,0
sort-n20000-s3,test,sort,sort-n20000,0.3,12,sd_old,602,313,0
sort-n20000-s3,test,sort,sort-n20000,0.3,12,belady,454,264,0
sort-n20000-s2,val,sort,sort-n20000,0.05,2,fifo,338686,113015,0
sort-n20000-s2,val,sort,sort-n20000,0.05,2,clock,274093,95883,0
sort-n20000-s2,val,sort,sort-n20000,0.05,2,aging,338686,113015,0
sort-n20000-s2,val,sort,sort-n20000,0.05,2,lru,342196,114163,0
sort-n20000-s2,val,sort,sort-n20000,0.05,2,lfu_exact,684657,288532,0
sort-n20000-s2,val,sort,sort-n20000,0.05,2,lfu_kernel,338686,113015,0
sort-n20000-s2,val,sort,sort-n20000,0.05,2,sd_old,338686,113015,0
sort-n20000-s2,val,sort,sort-n20000,0.05,2,belady,171349,57198,0
sort-n20000-s2,val,sort,sort-n20000,0.1,4,fifo,629,318,0
sort-n20000-s2,val,sort,sort-n20000,0.1,4,clock,657,340,0
sort-n20000-s2,val,sort,sort-n20000,0.1,4,aging,608,318,0
sort-n20000-s2,val,sort,sort-n20000,0.1,4,lru,607,318,0
sort-n20000-s2,val,sort,sort-n20000,0.1,4,lfu_exact,12581,6299,1
sort-n20000-s2,val,sort,sort-n20000,0.1,4,lfu_kernel,608,318,0
sort-n20000-s2,val,sort,sort-n20000,0.1,4,sd_old,629,318,0
sort-n20000-s2,val,sort,sort-n20000,0.1,4,belady,580,314,0
sort-n20000-s2,val,sort,sort-n20000,0.15,6,fifo,610,317,0
sort-n20000-s2,val,sort,sort-n20000,0.15,6,clock,607,317,0
sort-n20000-s2,val,sort,sort-n20000,0.15,6,aging,603,317,0
sort-n20000-s2,val,sort,sort-n20000,0.15,6,lru,603,317,0
sort-n20000-s2,val,sort,sort-n20000,0.15,6,lfu_exact,12201,6110,1
sort-n20000-s2,val,sort,sort-n20000,0.15,6,lfu_kernel,603,317,0
sort-n20000-s2,val,sort,sort-n20000,0.15,6,sd_old,610,317,0
sort-n20000-s2,val,sort,sort-n20000,0.15,6,belady,548,308,0
sort-n20000-s2,val,sort,sort-n20000,0.2,8,fifo,605,316,0
sort-n20000-s2,val,sort,sort-n20000,0.2,8,clock,601,316,0
sort-n20000-s2,val,sort,sort-n20000,0.2,8,aging,603,316,0
sort-n20000-s2,val,sort,sort-n20000,0.2,8,lru,603,316,0
sort-n20000-s2,val,sort,sort-n20000,0.2,8,lfu_exact,12101,6060,1
sort-n20000-s2,val,sort,sort-n20000,0.2,8,lfu_kernel,602,316,0
sort-n20000-s2,val,sort,sort-n20000,0.2,8,sd_old,605,316,0
sort-n20000-s2,val,sort,sort-n20000,0.2,8,belady,516,296,0
sort-n20000-s2,val,sort,sort-n20000,0.25,10,fifo,604,315,0
sort-n20000-s2,val,sort,sort-n20000,0.25,10,clock,601,314,0
sort-n20000-s2,val,sort,sort-n20000,0.25,10,aging,601,315,0
sort-n20000-s2,val,sort,sort-n20000,0.25,10,lru,601,315,0
sort-n20000-s2,val,sort,sort-n20000,0.25,10,lfu_exact,12081,6051,1
sort-n20000-s2,val,sort,sort-n20000,0.25,10,lfu_kernel,601,315,0
sort-n20000-s2,val,sort,sort-n20000,0.25,10,sd_old,604,315,0
sort-n20000-s2,val,sort,sort-n20000,0.25,10,belady,484,283,0
sort-n20000-s2,val,sort,sort-n20000,0.3,12,fifo,602,313,0
sort-n20000-s2,val,sort,sort-n20000,0.3,12,clock,601,316,0
sort-n20000-s2,val,sort,sort-n20000,0.3,12,aging,601,314,0
sort-n20000-s2,val,sort,sort-n20000,0.3,12,lru,601,314,0
sort-n20000-s2,val,sort,sort-n20000,0.3,12,lfu_exact,12041,6030,1
sort-n20000-s2,val,sort,sort-n20000,0.3,12,lfu_kernel,601,313,0
sort-n20000-s2,val,sort,sort-n20000,0.3,12,sd_old,602,313,0
sort-n20000-s2,val,sort,sort-n20000,0.3,12,belady,454,264,0
sort-n20000-s1,train,sort,sort-n20000,0.05,2,fifo,338779,113044,0
sort-n20000-s1,train,sort,sort-n20000,0.05,2,clock,281660,94006,0
sort-n20000-s1,train,sort,sort-n20000,0.05,2,aging,338779,113044,0
sort-n20000-s1,train,sort,sort-n20000,0.05,2,lru,342248,114177,0
sort-n20000-s1,train,sort,sort-n20000,0.05,2,lfu_exact,684521,288503,0
sort-n20000-s1,train,sort,sort-n20000,0.05,2,lfu_kernel,338779,113044,0
sort-n20000-s1,train,sort,sort-n20000,0.05,2,sd_old,338779,113044,0
sort-n20000-s1,train,sort,sort-n20000,0.05,2,belady,171383,57206,0
sort-n20000-s1,train,sort,sort-n20000,0.1,4,fifo,626,318,0
sort-n20000-s1,train,sort,sort-n20000,0.1,4,clock,665,342,0
sort-n20000-s1,train,sort,sort-n20000,0.1,4,aging,609,318,0
sort-n20000-s1,train,sort,sort-n20000,0.1,4,lru,607,318,0
sort-n20000-s1,train,sort,sort-n20000,0.1,4,lfu_exact,12521,6269,1
sort-n20000-s1,train,sort,sort-n20000,0.1,4,lfu_kernel,609,318,0
sort-n20000-s1,train,sort,sort-n20000,0.1,4,sd_old,626,318,0
sort-n20000-s1,train,sort,sort-n20000,0.1,4,belady,580,314,0
sort-n20000-s1,train,sort,sort-n20000,0.15,6,fifo,611,317,0
sort-n20000-s1,train,sort,sort-n20000,0.15,6,clock,607,317,0
sort-n20000-s1,train,sort,sort-n20000,0.15,6,aging,604,317,0
sort-n20000-s1,train,sort,sort-n20000,0.15,6,lru,604,317,0
sort-n20000-s1,train,sort,sort-n20000,0.15,6,lfu_exact,12221,6120,1
sort-n20000-s1,train,sort,sort-n20000,0.15,6,lfu_kernel,605,317,0
sort-n20000-s1,train,sort,sort-n20000,0.15,6,sd_old,611,317,0
sort-n20000-s1,train,sort,sort-n20000,0.15,6,belady,548,308,0
sort-n20000-s1,train,sort,sort-n20000,0.2,8,fifo,605,316,0
sort-n20000-s1,train,sort,sort-n20000,0.2,8,clock,601,315,0
sort-n20000-s1,train,sort,sort-n20000,0.2,8,aging,602,316,0
sort-n20000-s1,train,sort,sort-n20000,0.2,8,lru,602,316,0
sort-n20000-s1,train,sort,sort-n20000,0.2,8,lfu_exact,12101,6060,1
sort-n20000-s1,train,sort,sort-n20000,0.2,8,lfu_kernel,602,316,0
sort-n20000-s1,train,sort,sort-n20000,0.2,8,sd_old,605,316,0
sort-n20000-s1,train,sort,sort-n20000,0.2,8,belady,516,295,0
sort-n20000-s1,train,sort,sort-n20000,0.25,10,fifo,603,315,0
sort-n20000-s1,train,sort,sort-n20000,0.25,10,clock,602,315,0
sort-n20000-s1,train,sort,sort-n20000,0.25,10,aging,601,315,0
sort-n20000-s1,train,sort,sort-n20000,0.25,10,lru,601,315,0
sort-n20000-s1,train,sort,sort-n20000,0.25,10,lfu_exact,12061,6041,1
sort-n20000-s1,train,sort,sort-n20000,0.25,10,lfu_kernel,601,315,0
sort-n20000-s1,train,sort,sort-n20000,0.25,10,sd_old,603,315,0
sort-n20000-s1,train,sort,sort-n20000,0.25,10,belady,484,282,0
sort-n20000-s1,train,sort,sort-n20000,0.3,12,fifo,602,313,0
sort-n20000-s1,train,sort,sort-n20000,0.3,12,clock,603,316,0
sort-n20000-s1,train,sort,sort-n20000,0.3,12,aging,601,314,0
sort-n20000-s1,train,sort,sort-n20000,0.3,12,lru,601,314,0
sort-n20000-s1,train,sort,sort-n20000,0.3,12,lfu_exact,12041,6030,1
sort-n20000-s1,train,sort,sort-n20000,0.3,12,lfu_kernel,601,313,0
sort-n20000-s1,train,sort,sort-n20000,0.3,12,sd_old,602,313,0
sort-n20000-s1,train,sort,sort-n20000,0.3,12,belady,454,265,0
matmul-naive64-s1,train,matmul,matmul-naive64,0.05,2,fifo,30720,4103,0
matmul-naive64-s1,train,matmul,matmul-naive64,0.05,2,clock,40959,4103,0
matmul-naive64-s1,train,matmul,matmul-naive64,0.05,2,aging,30720,4103,0
matmul-naive64-s1,train,matmul,matmul-naive64,0.05,2,lru,24576,4103,0
matmul-naive64-s1,train,matmul,matmul-naive64,0.05,2,lfu_exact,401409,4103,0
matmul-naive64-s1,train,matmul,matmul-naive64,0.05,2,lfu_kernel,30720,4103,0
matmul-naive64-s1,train,matmul,matmul-naive64,0.05,2,sd_old,30720,4103,0
matmul-naive64-s1,train,matmul,matmul-naive64,0.05,2,belady,20484,4103,0
matmul-naive64-s1,train,matmul,matmul-naive64,0.1,2,fifo,30720,4103,0
matmul-naive64-s1,train,matmul,matmul-naive64,0.1,2,clock,40959,4103,0
matmul-naive64-s1,train,matmul,matmul-naive64,0.1,2,aging,30720,4103,0
matmul-naive64-s1,train,matmul,matmul-naive64,0.1,2,lru,24576,4103,0
matmul-naive64-s1,train,matmul,matmul-naive64,0.1,2,lfu_exact,401409,4103,0
matmul-naive64-s1,train,matmul,matmul-naive64,0.1,2,lfu_kernel,30720,4103,0
matmul-naive64-s1,train,matmul,matmul-naive64,0.1,2,sd_old,30720,4103,0
matmul-naive64-s1,train,matmul,matmul-naive64,0.1,2,belady,20484,4103,0
matmul-naive64-s1,train,matmul,matmul-naive64,0.15,2,fifo,30720,4103,0
matmul-naive64-s1,train,matmul,matmul-naive64,0.15,2,clock,40959,4103,0
matmul-naive64-s1,train,matmul,matmul-naive64,0.15,2,aging,30720,4103,0
matmul-naive64-s1,train,matmul,matmul-naive64,0.15,2,lru,24576,4103,0
matmul-naive64-s1,train,matmul,matmul-naive64,0.15,2,lfu_exact,401409,4103,0
matmul-naive64-s1,train,matmul,matmul-naive64,0.15,2,lfu_kernel,30720,4103,0
matmul-naive64-s1,train,matmul,matmul-naive64,0.15,2,sd_old,30720,4103,0
matmul-naive64-s1,train,matmul,matmul-naive64,0.15,2,belady,20484,4103,0
matmul-naive64-s1,train,matmul,matmul-naive64,0.2,2,fifo,30720,4103,0
matmul-naive64-s1,train,matmul,matmul-naive64,0.2,2,clock,40959,4103,0
matmul-naive64-s1,train,matmul,matmul-naive64,0.2,2,aging,30720,4103,0
matmul-naive64-s1,train,matmul,matmul-naive64,0.2,2,lru,24576,4103,0
matmul-naive64-s1,train,matmul,matmul-naive64,0.2,2,lfu_exact,401409,4103,0
matmul-naive64-s1,train,matmul,matmul-naive64,0.2,2,lfu_kernel,30720,4103,0
matmul-naive64-s1,train,matmul,matmul-naive64,0.2,2,sd_old,30720,4103,0
matmul-naive64-s1,train,matmul,matmul-naive64,0.2,2,belady,20484,4103,0
matmul-naive64-s1,train,matmul,matmul-naive64,0.25,3,fifo,27308,4103,0
matmul-naive64-s1,train,matmul,matmul-naive64,0.25,3,clock,20486,4102,0
matmul-naive64-s1,train,matmul,matmul-naive64,0.25,3,aging,20485,4102,0
matmul-naive64-s1,train,matmul,matmul-naive64,0.25,3,lru,20484,4102,0
matmul-naive64-s1,train,matmul,matmul-naive64,0.25,3,lfu_exact,306519,4103,0
matmul-naive64-s1,train,matmul,matmul-naive64,0.25,3,lfu_kernel,20485,4102,0
matmul-naive64-s1,train,matmul,matmul-naive64,0.25,3,sd_old,27307,4103,0
matmul-naive64-s1,train,matmul,matmul-naive64,0.25,3,belady,15365,3079,0
matmul-naive64-s1,train,matmul,matmul-naive64,0.3,4,fifo,25600,4103,0
matmul-naive64-s1,train,matmul,matmul-naive64,0.3,4,clock,14641,2931,0
matmul-naive64-s1,train,matmul,matmul-naive64,0.3,4,aging,20485,4102,0
matmul-naive64-s1,train,matmul,matmul-naive64,0.3,4,lru,20484,4102,0
matmul-naive64-s1,train,matmul,matmul-naive64,0.3,4,lfu_exact,233454,4103,0
matmul-naive64-s1,train,matmul,matmul-naive64,0.3,4,lfu_kernel,20485,4102,0
matmul-naive64-s1,train,matmul,matmul-naive64,0.3,4,sd_old,25599,4103,0
matmul-naive64-s1,train,matmul,matmul-naive64,0.3,4,belady,10246,2054,0
matmul-blocked64-s1,train,matmul,matmul-blocked64,0.05,2,fifo,98312,32779,0
matmul-blocked64-s1,train,matmul,matmul-blocked64,0.05,2,clock,131072,32779,0
matmul-blocked64-s1,train,matmul,matmul-blocked64,0.05,2,aging,98312,32779,0
matmul-blocked64-s1,train,matmul,matmul-blocked64,0.05,2,lru,98312,32779,0
matmul-blocked64-s1,train,matmul,matmul-blocked64,0.05,2,lfu_exact,436573,32610,0
matmul-blocked64-s1,train,matmul,matmul-blocked64,0.05,2,lfu_kernel,98312,32779,0
matmul-blocked64-s1,train,matmul,matmul-blocked64,0.05,2,sd_old,98312,32779,0
matmul-blocked64-s1,train,matmul,matmul-blocked64,0.05,2,belady,65547,32779,0
matmul-blocked64-s1,train,matmul,matmul-blocked64,0.1,2,fifo,98312,32779,0
matmul-blocked64-s1,train,matmul,matmul-blocked64,0.1,2,clock,131072,32779,0
matmul-blocked64-s1,train,matmul,matmul-blocked64,0.1,2,aging,98312,32779,0
matmul-blocked64-s1,train,matmul,matmul-blocked64,0.1,2,lru,98312,32779,0
matmul-blocked64-s1,train,matmul,matmul-blocked64,0.1,2,lfu_exact,436573,32610,0
matmul-blocked64-s1,train,matmul,matmul-blocked64,0.1,2,lfu_kernel,98312,32779,0
matmul-blocked64-s1,train,matmul,matmul-blocked64,0.1,2,sd_old,98312,32779,0
matmul-blocked64-s1,train,matmul,matmul-blocked64,0.1,2,belady,65547,32779,0
matmul-blocked64-s1,train,matmul,matmul-blocked64,0.15,2,fifo,98312,32779,0
matmul-blocked64-s1,train,matmul,matmul-blocked64,0.15,2,clock,131072,32779,0
matmul-blocked64-s1,train,matmul,matmul-blocked64,0.15,2,aging,98312,32779,0
matmul-blocked64-s1,train,matmul,matmul-blocked64,0.15,2,lru,98312,32779,0
matmul-blocked64-s1,train,matmul,matmul-blocked64,0.15,2,lfu_exact,436573,32610,0
matmul-blocked64-s1,train,matmul,matmul-blocked64,0.15,2,lfu_kernel,98312,32779,0
matmul-blocked64-s1,train,matmul,matmul-blocked64,0.15,2,sd_old,98312,32779,0
matmul-blocked64-s1,train,matmul,matmul-blocked64,0.15,2,belady,65547,32779,0
matmul-blocked64-s1,train,matmul,matmul-blocked64,0.2,2,fifo,98312,32779,0
matmul-blocked64-s1,train,matmul,matmul-blocked64,0.2,2,clock,131072,32779,0
matmul-blocked64-s1,train,matmul,matmul-blocked64,0.2,2,aging,98312,32779,0
matmul-blocked64-s1,train,matmul,matmul-blocked64,0.2,2,lru,98312,32779,0
matmul-blocked64-s1,train,matmul,matmul-blocked64,0.2,2,lfu_exact,436573,32610,0
matmul-blocked64-s1,train,matmul,matmul-blocked64,0.2,2,lfu_kernel,98312,32779,0
matmul-blocked64-s1,train,matmul,matmul-blocked64,0.2,2,sd_old,98312,32779,0
matmul-blocked64-s1,train,matmul,matmul-blocked64,0.2,2,belady,65547,32779,0
matmul-blocked64-s1,train,matmul,matmul-blocked64,0.25,3,fifo,524,143,0
matmul-blocked64-s1,train,matmul,matmul-blocked64,0.25,3,clock,519,258,0
matmul-blocked64-s1,train,matmul,matmul-blocked64,0.25,3,aging,520,143,0
matmul-blocked64-s1,train,matmul,matmul-blocked64,0.25,3,lru,268,14,0
matmul-blocked64-s1,train,matmul,matmul-blocked64,0.25,3,lfu_exact,10481,502,1
matmul-blocked64-s1,train,matmul,matmul-blocked64,0.25,3,lfu_kernel,520,143,0
matmul-blocked64-s1,train,matmul,matmul-blocked64,0.25,3,sd_old,523,143,0
matmul-blocked64-s1,train,matmul,matmul-blocked64,0.25,3,belady,267,13,0
matmul-blocked64-s1,train,matmul,matmul-blocked64,0.3,4,fifo,436,99,0
matmul-blocked64-s1,train,matmul,matmul-blocked64,0.3,4,clock,269,14,0
matmul-blocked64-s1,train,matmul,matmul-blocked64,0.3,4,aging,268,14,0
matmul-blocked64-s1,train,matmul,matmul-blocked64,0.3,4,lru,267,13,0
matmul-blocked64-s1,train,matmul,matmul-blocked64,0.3,4,lfu_exact,8721,511,1
matmul-blocked64-s1,train,matmul,matmul-blocked64,0.3,4,lfu_kernel,268,14,0
matmul-blocked64-s1,train,matmul,matmul-blocked64,0.3,4,sd_old,433,97,0
matmul-blocked64-s1,train,matmul,matmul-blocked64,0.3,4,belady,183,13,0
kv-Arehash-s4,val,kv,kv-Arehash,0.05,37,fifo,51070,33583,0
kv-Arehash-s4,val,kv,kv-Arehash,0.05,37,clock,35790,29168,0
kv-Arehash-s4,val,kv,kv-Arehash,0.05,37,aging,36936,30141,0
kv-Arehash-s4,val,kv,kv-Arehash,0.05,37,lru,35603,29006,0
kv-Arehash-s4,val,kv,kv-Arehash,0.05,37,lfu_exact,71717,46087,0
kv-Arehash-s4,val,kv,kv-Arehash,0.05,37,lfu_kernel,48708,33085,0
kv-Arehash-s4,val,kv,kv-Arehash,0.05,37,sd_old,50540,33253,0
kv-Arehash-s4,val,kv,kv-Arehash,0.05,37,belady,25478,22153,0
kv-Arehash-s4,val,kv,kv-Arehash,0.1,75,fifo,37071,28434,0
kv-Arehash-s4,val,kv,kv-Arehash,0.1,75,clock,30518,25583,0
kv-Arehash-s4,val,kv,kv-Arehash,0.1,75,aging,32126,27112,0
kv-Arehash-s4,val,kv,kv-Arehash,0.1,75,lru,30371,25481,0
kv-Arehash-s4,val,kv,kv-Arehash,0.1,75,lfu_exact,58325,39080,0
kv-Arehash-s4,val,kv,kv-Arehash,0.1,75,lfu_kernel,36212,28216,0
kv-Arehash-s4,val,kv,kv-Arehash,0.1,75,sd_old,36429,28047,0
kv-Arehash-s4,val,kv,kv-Arehash,0.1,75,belady,19549,17690,0
kv-Arehash-s4,val,kv,kv-Arehash,0.15,112,fifo,31576,25575,0
kv-Arehash-s4,val,kv,kv-Arehash,0.15,112,clock,27253,23373,0
kv-Arehash-s4,val,kv,kv-Arehash,0.15,112,aging,28803,24840,0
kv-Arehash-s4,val,kv,kv-Arehash,0.15,112,lru,27109,23264,0
kv-Arehash-s4,val,kv,kv-Arehash,0.15,112,lfu_exact,50166,34604,0
kv-Arehash-s4,val,kv,kv-Arehash,0.15,112,lfu_kernel,31029,25430,0
kv-Arehash-s4,val,kv,kv-Arehash,0.15,112,sd_old,30844,25160,0
kv-Arehash-s4,val,kv,kv-Arehash,0.15,112,belady,16111,14841,0
kv-Arehash-s4,val,kv,kv-Arehash,0.2,150,fifo,27934,23404,0
kv-Arehash-s4,val,kv,kv-Arehash,0.2,150,clock,24585,21434,0
kv-Arehash-s4,val,kv,kv-Arehash,0.2,150,aging,26089,22897,0
kv-Arehash-s4,val,kv,kv-Arehash,0.2,150,lru,24541,21401,0
kv-Arehash-s4,val,kv,kv-Arehash,0.2,150,lfu_exact,44157,31166,0
kv-Arehash-s4,val,kv,kv-Arehash,0.2,150,lfu_kernel,27556,23295,0
kv-Arehash-s4,val,kv,kv-Arehash,0.2,150,sd_old,27214,22975,0
kv-Arehash-s4,val,kv,kv-Arehash,0.2,150,belady,13512,12596,0
kv-Arehash-s4,val,kv,kv-Arehash,0.25,187,fifo,25005,21455,0
kv-Arehash-s4,val,kv,kv-Arehash,0.25,187,clock,22317,19734,0
kv-Arehash-s4,val,kv,kv-Arehash,0.25,187,aging,23707,21114,0
kv-Arehash-s4,val,kv,kv-Arehash,0.25,187,lru,22277,19705,0
kv-Arehash-s4,val,kv,kv-Arehash,0.25,187,lfu_exact,39040,28122,0
kv-Arehash-s4,val,kv,kv-Arehash,0.25,187,lfu_kernel,24725,21397,0
kv-Arehash-s4,val,kv,kv-Arehash,0.25,187,sd_old,24126,20941,0
kv-Arehash-s4,val,kv,kv-Arehash,0.25,187,belady,11507,10778,0
kv-Arehash-s4,val,kv,kv-Arehash,0.3,225,fifo,22481,19662,0
kv-Arehash-s4,val,kv,kv-Arehash,0.3,225,clock,20209,18043,0
kv-Arehash-s4,val,kv,kv-Arehash,0.3,225,aging,21469,19357,0
kv-Arehash-s4,val,kv,kv-Arehash,0.3,225,lru,20103,18002,0
kv-Arehash-s4,val,kv,kv-Arehash,0.3,225,lfu_exact,34994,25622,0
kv-Arehash-s4,val,kv,kv-Arehash,0.3,225,lfu_kernel,22177,19548,0
kv-Arehash-s4,val,kv,kv-Arehash,0.3,225,sd_old,21812,19168,0
kv-Arehash-s4,val,kv,kv-Arehash,0.3,225,belady,9805,9199,0
kv-Arehash-s5,test,kv,kv-Arehash,0.05,37,fifo,53214,33688,0
kv-Arehash-s5,test,kv,kv-Arehash,0.05,37,clock,36016,29247,0
kv-Arehash-s5,test,kv,kv-Arehash,0.05,37,aging,37057,30114,0
kv-Arehash-s5,test,kv,kv-Arehash,0.05,37,lru,35888,29108,0
kv-Arehash-s5,test,kv,kv-Arehash,0.05,37,lfu_exact,72809,46397,0
kv-Arehash-s5,test,kv,kv-Arehash,0.05,37,lfu_kernel,50538,33145,0
kv-Arehash-s5,test,kv,kv-Arehash,0.05,37,sd_old,52595,33347,0
kv-Arehash-s5,test,kv,kv-Arehash,0.05,37,belady,25801,22339,0
kv-Arehash-s5,test,kv,kv-Arehash,0.1,75,fifo,37826,28483,0
kv-Arehash-s5,test,kv,kv-Arehash,0.1,75,clock,30740,25755,0
kv-Arehash-s5,test,kv,kv-Arehash,0.1,75,aging,32283,27147,0
kv-Arehash-s5,test,kv,kv-Arehash,0.1,75,lru,30571,25601,0
kv-Arehash-s5,test,kv,kv-Arehash,0.1,75,lfu_exact,58401,39057,0
kv-Arehash-s5,test,kv,kv-Arehash,0.1,75,lfu_kernel,36869,28252,0
kv-Arehash-s5,test,kv,kv-Arehash,0.1,75,sd_old,37120,28086,0
kv-Arehash-s5,test,kv,kv-Arehash,0.1,75,belady,19678,17774,0
kv-Arehash-s5,test,kv,kv-Arehash,0.15,112,fifo,32098,25651,0
kv-Arehash-s5,test,kv,kv-Arehash,0.15,112,clock,27445,23408,0
kv-Arehash-s5,test,kv,kv-Arehash,0.15,112,aging,28981,24885,0
kv-Arehash-s5,test,kv,kv-Arehash,0.15,112,lru,27327,23349,0
kv-Arehash-s5,test,kv,kv-Arehash,0.15,112,lfu_exact,50350,34632,0
kv-Arehash-s5,test,kv,kv-Arehash,0.15,112,lfu_kernel,31560,25526,0
kv-Arehash-s5,test,kv,kv-Arehash,0.15,112,sd_old,31330,25242,0
kv-Arehash-s5,test,kv,kv-Arehash,0.15,112,belady,16205,14904,0
kv-Arehash-s5,test,kv,kv-Arehash,0.2,150,fifo,28268,23439,0
kv-Arehash-s5,test,kv,kv-Arehash,0.2,150,clock,24746,21516,0
kv-Arehash-s5,test,kv,kv-Arehash,0.2,150,aging,26219,22936,0
kv-Arehash-s5,test,kv,kv-Arehash,0.2,150,lru,24576,21413,0
kv-Arehash-s5,test,kv,kv-Arehash,0.2,150,lfu_exact,44479,31333,0
kv-Arehash-s5,test,kv,kv-Arehash,0.2,150,lfu_kernel,27803,23324,0
kv-Arehash-s5,test,kv,kv-Arehash,0.2,150,sd_old,27529,23044,0
kv-Arehash-s5,test,kv,kv-Arehash,0.2,150,belady,13577,12641,0
kv-Arehash-s5,test,kv,kv-Arehash,0.25,187,fifo,25234,21523,0
kv-Arehash-s5,test,kv,kv-Arehash,0.25,187,clock,22380,19728,0
kv-Arehash-s5,test,kv,kv-Arehash,0.25,187,aging,23809,21192,0
kv-Arehash-s5,test,kv,kv-Arehash,0.25,187,lru,22258,19654,0
kv-Arehash-s5,test,kv,kv-Arehash,0.25,187,lfu_exact,39338,28317,0
kv-Arehash-s5,test,kv,kv-Arehash,0.25,187,lfu_kernel,24882,21468,0
kv-Arehash-s5,test,kv,kv-Arehash,0.25,187,sd_old,24280,20945,0
kv-Arehash-s5,test,kv,kv-Arehash,0.25,187,belady,11560,10824,0
kv-Arehash-s5,test,kv,kv-Arehash,0.3,225,fifo,22676,19732,0
kv-Arehash-s5,test,kv,kv-Arehash,0.3,225,clock,20323,18117,0
kv-Arehash-s5,test,kv,kv-Arehash,0.3,225,aging,21568,19449,0
kv-Arehash-s5,test,kv,kv-Arehash,0.3,225,lru,20188,18055,0
kv-Arehash-s5,test,kv,kv-Arehash,0.3,225,lfu_exact,35026,25661,0
kv-Arehash-s5,test,kv,kv-Arehash,0.3,225,lfu_kernel,22332,19624,0
kv-Arehash-s5,test,kv,kv-Arehash,0.3,225,sd_old,22021,19266,0
kv-Arehash-s5,test,kv,kv-Arehash,0.3,225,belady,9845,9241,0
kv-Arehash-s2,train,kv,kv-Arehash,0.05,37,fifo,50845,33476,0
kv-Arehash-s2,train,kv,kv-Arehash,0.05,37,clock,35795,29157,0
kv-Arehash-s2,train,kv,kv-Arehash,0.05,37,aging,36860,30027,0
kv-Arehash-s2,train,kv,kv-Arehash,0.05,37,lru,35641,28991,0
kv-Arehash-s2,train,kv,kv-Arehash,0.05,37,lfu_exact,71804,46041,0
kv-Arehash-s2,train,kv,kv-Arehash,0.05,37,lfu_kernel,48598,32934,0
kv-Arehash-s2,train,kv,kv-Arehash,0.05,37,sd_old,50249,33134,0
kv-Arehash-s2,train,kv,kv-Arehash,0.05,37,belady,25412,22029,0
kv-Arehash-s2,train,kv,kv-Arehash,0.1,75,fifo,36895,28279,0
kv-Arehash-s2,train,kv,kv-Arehash,0.1,75,clock,30393,25481,0
kv-Arehash-s2,train,kv,kv-Arehash,0.1,75,aging,32039,26995,0
kv-Arehash-s2,train,kv,kv-Arehash,0.1,75,lru,30297,25387,0
kv-Arehash-s2,train,kv,kv-Arehash,0.1,75,lfu_exact,58285,38919,0
kv-Arehash-s2,train,kv,kv-Arehash,0.1,75,lfu_kernel,35968,28055,0
kv-Arehash-s2,train,kv,kv-Arehash,0.1,75,sd_old,36286,27904,0
kv-Arehash-s2,train,kv,kv-Arehash,0.1,75,belady,19544,17634,0
kv-Arehash-s2,train,kv,kv-Arehash,0.15,112,fifo,31585,25565,0
kv-Arehash-s2,train,kv,kv-Arehash,0.15,112,clock,27237,23315,0
kv-Arehash-s2,train,kv,kv-Arehash,0.15,112,aging,28803,24800,0
kv-Arehash-s2,train,kv,kv-Arehash,0.15,112,lru,27088,23202,0
kv-Arehash-s2,train,kv,kv-Arehash,0.15,112,lfu_exact,50301,34594,0
kv-Arehash-s2,train,kv,kv-Arehash,0.15,112,lfu_kernel,31040,25421,0
kv-Arehash-s2,train,kv,kv-Arehash,0.15,112,sd_old,30864,25162,0
kv-Arehash-s2,train,kv,kv-Arehash,0.15,112,belady,16106,14826,0
kv-Arehash-s2,train,kv,kv-Arehash,0.2,150,fifo,27934,23359,0
kv-Arehash-s2,train,kv,kv-Arehash,0.2,150,clock,24674,21398,0
kv-Arehash-s2,train,kv,kv-Arehash,0.2,150,aging,26102,22855,0
kv-Arehash-s2,train,kv,kv-Arehash,0.2,150,lru,24551,21358,0
kv-Arehash-s2,train,kv,kv-Arehash,0.2,150,lfu_exact,44327,31208,0
kv-Arehash-s2,train,kv,kv-Arehash,0.2,150,lfu_kernel,27546,23234,0
kv-Arehash-s2,train,kv,kv-Arehash,0.2,150,sd_old,27250,22926,0
kv-Arehash-s2,train,kv,kv-Arehash,0.2,150,belady,13509,12572,0
kv-Arehash-s2,train,kv,kv-Arehash,0.25,187,fifo,24977,21380,0
kv-Arehash-s2,train,kv,kv-Arehash,0.25,187,clock,22383,19717,0
kv-Arehash-s2,train,kv,kv-Arehash,0.25,187,aging,23721,21069,0
kv-Arehash-s2,train,kv,kv-Arehash,0.25,187,lru,22258,19632,0
kv-Arehash-s2,train,kv,kv-Arehash,0.25,187,lfu_exact,39150,28148,0
kv-Arehash-s2,train,kv,kv-Arehash,0.25,187,lfu_kernel,24648,21315,0
kv-Arehash-s2,train,kv,kv-Arehash,0.25,187,sd_old,24100,20824,0
kv-Arehash-s2,train,kv,kv-Arehash,0.25,187,belady,11528,10801,0
kv-Arehash-s2,train,kv,kv-Arehash,0.3,225,fifo,22438,19580,0
kv-Arehash-s2,train,kv,kv-Arehash,0.3,225,clock,20243,18027,0
kv-Arehash-s2,train,kv,kv-Arehash,0.3,225,aging,21447,19290,0
kv-Arehash-s2,train,kv,kv-Arehash,0.3,225,lru,20091,17941,0
kv-Arehash-s2,train,kv,kv-Arehash,0.3,225,lfu_exact,34780,25463,0
kv-Arehash-s2,train,kv,kv-Arehash,0.3,225,lfu_kernel,22122,19471,0
kv-Arehash-s2,train,kv,kv-Arehash,0.3,225,sd_old,21820,19136,0
kv-Arehash-s2,train,kv,kv-Arehash,0.3,225,belady,9820,9213,0
kv-Arehash-s1,train,kv,kv-Arehash,0.05,37,fifo,47373,33103,0
kv-Arehash-s1,train,kv,kv-Arehash,0.05,37,clock,35627,29000,0
kv-Arehash-s1,train,kv,kv-Arehash,0.05,37,aging,36915,30141,0
kv-Arehash-s1,train,kv,kv-Arehash,0.05,37,lru,35400,28834,0
kv-Arehash-s1,train,kv,kv-Arehash,0.05,37,lfu_exact,73368,46165,0
kv-Arehash-s1,train,kv,kv-Arehash,0.05,37,lfu_kernel,45692,32680,0
kv-Arehash-s1,train,kv,kv-Arehash,0.05,37,sd_old,46831,32769,0
kv-Arehash-s1,train,kv,kv-Arehash,0.05,37,belady,25141,21901,0
kv-Arehash-s1,train,kv,kv-Arehash,0.1,75,fifo,35939,28190,0
kv-Arehash-s1,train,kv,kv-Arehash,0.1,75,clock,30425,25522,0
kv-Arehash-s1,train,kv,kv-Arehash,0.1,75,aging,32074,27034,0
kv-Arehash-s1,train,kv,kv-Arehash,0.1,75,lru,30214,25342,0
kv-Arehash-s1,train,kv,kv-Arehash,0.1,75,lfu_exact,58502,38996,0
kv-Arehash-s1,train,kv,kv-Arehash,0.1,75,lfu_kernel,35286,28021,0
kv-Arehash-s1,train,kv,kv-Arehash,0.1,75,sd_old,35369,27805,0
kv-Arehash-s1,train,kv,kv-Arehash,0.1,75,belady,19428,17525,0
kv-Arehash-s1,train,kv,kv-Arehash,0.15,112,fifo,31010,25500,0
kv-Arehash-s1,train,kv,kv-Arehash,0.15,112,clock,27250,23356,0
kv-Arehash-s1,train,kv,kv-Arehash,0.15,112,aging,28823,24853,0
kv-Arehash-s1,train,kv,kv-Arehash,0.15,112,lru,27041,23203,0
kv-Arehash-s1,train,kv,kv-Arehash,0.15,112,lfu_exact,50471,34690,0
kv-Arehash-s1,train,kv,kv-Arehash,0.15,112,lfu_kernel,30578,25383,0
kv-Arehash-s1,train,kv,kv-Arehash,0.15,112,sd_old,30321,25095,0
kv-Arehash-s1,train,kv,kv-Arehash,0.15,112,belady,16042,14733,0
kv-Arehash-s1,train,kv,kv-Arehash,0.2,150,fifo,27522,23270,0
kv-Arehash-s1,train,kv,kv-Arehash,0.2,150,clock,24589,21416,0
kv-Arehash-s1,train,kv,kv-Arehash,0.2,150,aging,26054,22826,0
kv-Arehash-s1,train,kv,kv-Arehash,0.2,150,lru,24482,21358,0
kv-Arehash-s1,train,kv,kv-Arehash,0.2,150,lfu_exact,44372,31224,0
kv-Arehash-s1,train,kv,kv-Arehash,0.2,150,lfu_kernel,27205,23174,0
kv-Arehash-s1,train,kv,kv-Arehash,0.2,150,sd_old,26966,22913,0
kv-Arehash-s1,train,kv,kv-Arehash,0.2,150,belady,13499,12530,0
kv-Arehash-s1,train,kv,kv-Arehash,0.25,187,fifo,24704,21328,0
kv-Arehash-s1,train,kv,kv-Arehash,0.25,187,clock,22400,19744,0
kv-Arehash-s1,train,kv,kv-Arehash,0.25,187,aging,23679,21028,0
kv-Arehash-s1,train,kv,kv-Arehash,0.25,187,lru,22216,19658,0
kv-Arehash-s1,train,kv,kv-Arehash,0.25,187,lfu_exact,39215,28146,0
kv-Arehash-s1,train,kv,kv-Arehash,0.25,187,lfu_kernel,24510,21282,0
kv-Arehash-s1,train,kv,kv-Arehash,0.25,187,sd_old,23793,20723,0
kv-Arehash-s1,train,kv,kv-Arehash,0.25,187,belady,11481,10744,0
kv-Arehash-s1,train,kv,kv-Arehash,0.3,225,fifo,22306,19591,0
kv-Arehash-s1,train,kv,kv-Arehash,0.3,225,clock,20302,18088,0
kv-Arehash-s1,train,kv,kv-Arehash,0.3,225,aging,21512,19342,0
kv-Arehash-s1,train,kv,kv-Arehash,0.3,225,lru,20110,17950,0
kv-Arehash-s1,train,kv,kv-Arehash,0.3,225,lfu_exact,34917,25516,0
kv-Arehash-s1,train,kv,kv-Arehash,0.3,225,lfu_kernel,22052,19498,0
kv-Arehash-s1,train,kv,kv-Arehash,0.3,225,sd_old,21714,19132,0
kv-Arehash-s1,train,kv,kv-Arehash,0.3,225,belady,9778,9177,0
kv-Arehash-s3,train,kv,kv-Arehash,0.05,37,fifo,46454,33023,0
kv-Arehash-s3,train,kv,kv-Arehash,0.05,37,clock,35614,29037,0
kv-Arehash-s3,train,kv,kv-Arehash,0.05,37,aging,36835,30138,0
kv-Arehash-s3,train,kv,kv-Arehash,0.05,37,lru,35426,28876,0
kv-Arehash-s3,train,kv,kv-Arehash,0.05,37,lfu_exact,73004,46086,0
kv-Arehash-s3,train,kv,kv-Arehash,0.05,37,lfu_kernel,44856,32604,0
kv-Arehash-s3,train,kv,kv-Arehash,0.05,37,sd_old,45951,32696,0
kv-Arehash-s3,train,kv,kv-Arehash,0.05,37,belady,25068,21824,0
kv-Arehash-s3,train,kv,kv-Arehash,0.1,75,fifo,35701,28157,0
kv-Arehash-s3,train,kv,kv-Arehash,0.1,75,clock,30423,25489,0
kv-Arehash-s3,train,kv,kv-Arehash,0.1,75,aging,32087,27028,0
kv-Arehash-s3,train,kv,kv-Arehash,0.1,75,lru,30198,25311,0
kv-Arehash-s3,train,kv,kv-Arehash,0.1,75,lfu_exact,58450,38969,0
kv-Arehash-s3,train,kv,kv-Arehash,0.1,75,lfu_kernel,35067,27967,0
kv-Arehash-s3,train,kv,kv-Arehash,0.1,75,sd_old,35129,27772,0
kv-Arehash-s3,train,kv,kv-Arehash,0.1,75,belady,19357,17480,0
kv-Arehash-s3,train,kv,kv-Arehash,0.15,112,fifo,30894,25441,0
kv-Arehash-s3,train,kv,kv-Arehash,0.15,112,clock,27136,23221,0
kv-Arehash-s3,train,kv,kv-Arehash,0.15,112,aging,28803,24773,0
kv-Arehash-s3,train,kv,kv-Arehash,0.15,112,lru,26989,23137,0
kv-Arehash-s3,train,kv,kv-Arehash,0.15,112,lfu_exact,50327,34622,0
kv-Arehash-s3,train,kv,kv-Arehash,0.15,112,lfu_kernel,30438,25297,0
kv-Arehash-s3,train,kv,kv-Arehash,0.15,112,sd_old,30213,25025,0
kv-Arehash-s3,train,kv,kv-Arehash,0.15,112,belady,15971,14693,0
kv-Arehash-s3,train,kv,kv-Arehash,0.2,150,fifo,27374,23210,0
kv-Arehash-s3,train,kv,kv-Arehash,0.2,150,clock,24574,21385,0
kv-Arehash-s3,train,kv,kv-Arehash,0.2,150,aging,25977,22758,0
kv-Arehash-s3,train,kv,kv-Arehash,0.2,150,lru,24368,21233,0
kv-Arehash-s3,train,kv,kv-Arehash,0.2,150,lfu_exact,44274,31203,0
kv-Arehash-s3,train,kv,kv-Arehash,0.2,150,lfu_kernel,27054,23106,0
kv-Arehash-s3,train,kv,kv-Arehash,0.2,150,sd_old,26801,22812,0
kv-Arehash-s3,train,kv,kv-Arehash,0.2,150,belady,13410,12510,0
kv-Arehash-s3,train,kv,kv-Arehash,0.25,187,fifo,24629,21329,0
kv-Arehash-s3,train,kv,kv-Arehash,0.25,187,clock,22285,19640,0
kv-Arehash-s3,train,kv,kv-Arehash,0.25,187,aging,23670,21049,0
kv-Arehash-s3,train,kv,kv-Arehash,0.25,187,lru,22087,19527,0
kv-Arehash-s3,train,kv,kv-Arehash,0.25,187,lfu_exact,39152,28176,0
kv-Arehash-s3,train,kv,kv-Arehash,0.25,187,lfu_kernel,24430,21286,0
kv-Arehash-s3,train,kv,kv-Arehash,0.25,187,sd_old,23741,20752,0
kv-Arehash-s3,train,kv,kv-Arehash,0.25,187,belady,11422,10708,0
kv-Arehash-s3,train,kv,kv-Arehash,0.3,225,fifo,22249,19584,0
kv-Arehash-s3,train,kv,kv-Arehash,0.3,225,clock,20227,18031,0
kv-Arehash-s3,train,kv,kv-Arehash,0.3,225,aging,21494,19335,0
kv-Arehash-s3,train,kv,kv-Arehash,0.3,225,lru,19997,17872,0
kv-Arehash-s3,train,kv,kv-Arehash,0.3,225,lfu_exact,34960,25553,0
kv-Arehash-s3,train,kv,kv-Arehash,0.3,225,lfu_kernel,21997,19477,0
kv-Arehash-s3,train,kv,kv-Arehash,0.3,225,sd_old,21663,19122,0
kv-Arehash-s3,train,kv,kv-Arehash,0.3,225,belady,9758,9154,0
graph-bfs2000-s3,heldout,graph,graph-bfs2000,0.05,83,fifo,989112,147512,0
graph-bfs2000-s3,heldout,graph,graph-bfs2000,0.05,83,clock,954813,136691,0
graph-bfs2000-s3,heldout,graph,graph-bfs2000,0.05,83,aging,978368,145582,0
graph-bfs2000-s3,heldout,graph,graph-bfs2000,0.05,83,lru,955352,136953,0
graph-bfs2000-s3,heldout,graph,graph-bfs2000,0.05,83,lfu_exact,1823011,260649,0
graph-bfs2000-s3,heldout,graph,graph-bfs2000,0.05,83,lfu_kernel,988815,147357,0
graph-bfs2000-s3,heldout,graph,graph-bfs2000,0.05,83,sd_old,988290,146849,0
graph-bfs2000-s3,heldout,graph,graph-bfs2000,0.05,83,belady,455917,82855,0
graph-bfs2000-s3,heldout,graph,graph-bfs2000,0.1,166,fifo,573003,107983,0
graph-bfs2000-s3,heldout,graph,graph-bfs2000,0.1,166,clock,453818,82233,0
graph-bfs2000-s3,heldout,graph,graph-bfs2000,0.1,166,aging,568304,107211,0
graph-bfs2000-s3,heldout,graph,graph-bfs2000,0.1,166,lru,453588,82812,0
graph-bfs2000-s3,heldout,graph,graph-bfs2000,0.1,166,lfu_exact,680792,176379,0
graph-bfs2000-s3,heldout,graph,graph-bfs2000,0.1,166,lfu_kernel,572819,107904,0
graph-bfs2000-s3,heldout,graph,graph-bfs2000,0.1,166,sd_old,568687,104430,0
graph-bfs2000-s3,heldout,graph,graph-bfs2000,0.1,166,belady,171018,11965,0
graph-bfs2000-s3,heldout,graph,graph-bfs2000,0.15,250,fifo,363719,78108,0
graph-bfs2000-s3,heldout,graph,graph-bfs2000,0.15,250,clock,199838,25903,0
graph-bfs2000-s3,heldout,graph,graph-bfs2000,0.15,250,aging,361367,77687,0
graph-bfs2000-s3,heldout,graph,graph-bfs2000,0.15,250,lru,181258,17305,0
graph-bfs2000-s3,heldout,graph,graph-bfs2000,0.15,250,lfu_exact,415336,91749,0
graph-bfs2000-s3,heldout,graph,graph-bfs2000,0.15,250,lfu_kernel,363666,78168,0
graph-bfs2000-s3,heldout,graph,graph-bfs2000,0.15,250,sd_old,352366,68875,0
graph-bfs2000-s3,heldout,graph,graph-bfs2000,0.15,250,belady,116057,1509,0
graph-bfs2000-s3,heldout,graph,graph-bfs2000,0.2,333,fifo,270696,59036,0
graph-bfs2000-s3,heldout,graph,graph-bfs2000,0.2,333,clock,151826,5059,0
graph-bfs2000-s3,heldout,graph,graph-bfs2000,0.2,333,aging,269343,58718,0
graph-bfs2000-s3,heldout,graph,graph-bfs2000,0.2,333,lru,148202,1928,0
graph-bfs2000-s3,heldout,graph,graph-bfs2000,0.2,333,lfu_exact,227831,36442,0
graph-bfs2000-s3,heldout,graph,graph-bfs2000,0.2,333,lfu_kernel,270556,58963,0
graph-bfs2000-s3,heldout,graph,graph-bfs2000,0.2,333,sd_old,258262,49102,0
graph-bfs2000-s3,heldout,graph,graph-bfs2000,0.2,333,belady,94531,1504,0
graph-bfs2000-s3,heldout,graph,graph-bfs2000,0.25,416,fifo,220120,46724,0
graph-bfs2000-s3,heldout,graph,graph-bfs2000,0.25,416,clock,137666,1843,0
graph-bfs2000-s3,heldout,graph,graph-bfs2000,0.25,416,aging,219133,46455,0
graph-bfs2000-s3,heldout,graph,graph-bfs2000,0.25,416,lru,137406,1534,0
graph-bfs2000-s3,heldout,graph,graph-bfs2000,0.25,416,lfu_exact,211895,32737,0
graph-bfs2000-s3,heldout,graph,graph-bfs2000,0.25,416,lfu_kernel,220050,46620,0
graph-bfs2000-s3,heldout,graph,graph-bfs2000,0.25,416,sd_old,207981,36527,0
graph-bfs2000-s3,heldout,graph,graph-bfs2000,0.25,416,belady,79286,1504,0
graph-bfs2000-s3,heldout,graph,graph-bfs2000,0.3,500,fifo,186335,37932,0
graph-bfs2000-s3,heldout,graph,graph-bfs2000,0.3,500,clock,126957,1588,0
graph-bfs2000-s3,heldout,graph,graph-bfs2000,0.3,500,aging,185542,37672,0
graph-bfs2000-s3,heldout,graph,graph-bfs2000,0.3,500,lru,126824,1507,0
graph-bfs2000-s3,heldout,graph,graph-bfs2000,0.3,500,lfu_exact,197874,30381,0
graph-bfs2000-s3,heldout,graph,graph-bfs2000,0.3,500,lfu_kernel,186239,37887,0
graph-bfs2000-s3,heldout,graph,graph-bfs2000,0.3,500,sd_old,174488,27661,0
graph-bfs2000-s3,heldout,graph,graph-bfs2000,0.3,500,belady,66910,1504,0
graph-bfs2000-s1,heldout,graph,graph-bfs2000,0.05,83,fifo,987671,147380,0
graph-bfs2000-s1,heldout,graph,graph-bfs2000,0.05,83,clock,953259,136782,0
graph-bfs2000-s1,heldout,graph,graph-bfs2000,0.05,83,aging,976788,145414,0
graph-bfs2000-s1,heldout,graph,graph-bfs2000,0.05,83,lru,953721,137072,0
graph-bfs2000-s1,heldout,graph,graph-bfs2000,0.05,83,lfu_exact,1822467,260778,0
graph-bfs2000-s1,heldout,graph,graph-bfs2000,0.05,83,lfu_kernel,987386,147246,0
graph-bfs2000-s1,heldout,graph,graph-bfs2000,0.05,83,sd_old,986872,146831,0
graph-bfs2000-s1,heldout,graph,graph-bfs2000,0.05,83,belady,455400,82966,0
graph-bfs2000-s1,heldout,graph,graph-bfs2000,0.1,166,fifo,571357,107852,0
graph-bfs2000-s1,heldout,graph,graph-bfs2000,0.1,166,clock,452602,82419,0
graph-bfs2000-s1,heldout,graph,graph-bfs2000,0.1,166,aging,566727,107141,0
graph-bfs2000-s1,heldout,graph,graph-bfs2000,0.1,166,lru,452438,82712,0
graph-bfs2000-s1,heldout,graph,graph-bfs2000,0.1,166,lfu_exact,674485,176011,0
graph-bfs2000-s1,heldout,graph,graph-bfs2000,0.1,166,lfu_kernel,571052,107812,0
graph-bfs2000-s1,heldout,graph,graph-bfs2000,0.1,166,sd_old,566887,104303,0
graph-bfs2000-s1,heldout,graph,graph-bfs2000,0.1,166,belady,170801,12052,0
graph-bfs2000-s1,heldout,graph,graph-bfs2000,0.15,250,fifo,363343,78026,0
graph-bfs2000-s1,heldout,graph,graph-bfs2000,0.15,250,clock,199304,25905,0
graph-bfs2000-s1,heldout,graph,graph-bfs2000,0.15,250,aging,361099,77573,0
graph-bfs2000-s1,heldout,graph,graph-bfs2000,0.15,250,lru,181000,17262,0
graph-bfs2000-s1,heldout,graph,graph-bfs2000,0.15,250,lfu_exact,414464,91427,0
graph-bfs2000-s1,heldout,graph,graph-bfs2000,0.15,250,lfu_kernel,363077,77990,0
graph-bfs2000-s1,heldout,graph,graph-bfs2000,0.15,250,sd_old,352170,69135,0
graph-bfs2000-s1,heldout,graph,graph-bfs2000,0.15,250,belady,115951,1510,0
graph-bfs2000-s1,heldout,graph,graph-bfs2000,0.2,333,fifo,270674,59069,0
graph-bfs2000-s1,heldout,graph,graph-bfs2000,0.2,333,clock,151749,5078,0
graph-bfs2000-s1,heldout,graph,graph-bfs2000,0.2,333,aging,269325,58714,0
graph-bfs2000-s1,heldout,graph,graph-bfs2000,0.2,333,lru,148045,1915,0
graph-bfs2000-s1,heldout,graph,graph-bfs2000,0.2,333,lfu_exact,226983,35925,0
graph-bfs2000-s1,heldout,graph,graph-bfs2000,0.2,333,lfu_kernel,270454,58978,0
graph-bfs2000-s1,heldout,graph,graph-bfs2000,0.2,333,sd_old,258173,49056,0
graph-bfs2000-s1,heldout,graph,graph-bfs2000,0.2,333,belady,94521,1502,0
graph-bfs2000-s1,heldout,graph,graph-bfs2000,0.25,416,fifo,219901,46643,0
graph-bfs2000-s1,heldout,graph,graph-bfs2000,0.25,416,clock,137711,1837,0
graph-bfs2000-s1,heldout,graph,graph-bfs2000,0.25,416,aging,218855,46372,0
graph-bfs2000-s1,heldout,graph,graph-bfs2000,0.25,416,lru,137337,1529,0
graph-bfs2000-s1,heldout,graph,graph-bfs2000,0.25,416,lfu_exact,211706,32583,0
graph-bfs2000-s1,heldout,graph,graph-bfs2000,0.25,416,lfu_kernel,219831,46606,0
graph-bfs2000-s1,heldout,graph,graph-bfs2000,0.25,416,sd_old,207876,36483,0
graph-bfs2000-s1,heldout,graph,graph-bfs2000,0.25,416,belady,79163,1502,0
graph-bfs2000-s1,heldout,graph,graph-bfs2000,0.3,500,fifo,185966,37827,0
graph-bfs2000-s1,heldout,graph,graph-bfs2000,0.3,500,clock,127090,1580,0
graph-bfs2000-s1,heldout,graph,graph-bfs2000,0.3,500,aging,185252,37652,0
graph-bfs2000-s1,heldout,graph,graph-bfs2000,0.3,500,lru,126870,1504,0
graph-bfs2000-s1,heldout,graph,graph-bfs2000,0.3,500,lfu_exact,197718,30231,0
graph-bfs2000-s1,heldout,graph,graph-bfs2000,0.3,500,lfu_kernel,185934,37812,0
graph-bfs2000-s1,heldout,graph,graph-bfs2000,0.3,500,sd_old,174277,27647,0
graph-bfs2000-s1,heldout,graph,graph-bfs2000,0.3,500,belady,66901,1500,0
btree-scan-s1,heldout,btree,btree-scan,0.05,110,fifo,221538,22949,0
btree-scan-s1,heldout,btree,btree-scan,0.05,110,clock,206086,22764,0
btree-scan-s1,heldout,btree,btree-scan,0.05,110,aging,219167,22927,0
btree-scan-s1,heldout,btree,btree-scan,0.05,110,lru,205540,22728,0
btree-scan-s1,heldout,btree,btree-scan,0.05,110,lfu_exact,178142,21889,0
btree-scan-s1,heldout,btree,btree-scan,0.05,110,lfu_kernel,221508,22943,0
btree-scan-s1,heldout,btree,btree-scan,0.05,110,sd_old,218283,22771,0
btree-scan-s1,heldout,btree,btree-scan,0.05,110,belady,141655,17542,0
btree-scan-s1,heldout,btree,btree-scan,0.1,221,fifo,191086,19886,0
btree-scan-s1,heldout,btree,btree-scan,0.1,221,clock,177977,19533,0
btree-scan-s1,heldout,btree,btree-scan,0.1,221,aging,190097,19861,0
btree-scan-s1,heldout,btree,btree-scan,0.1,221,lru,177007,19481,0
btree-scan-s1,heldout,btree,btree-scan,0.1,221,lfu_exact,153240,18524,0
btree-scan-s1,heldout,btree,btree-scan,0.1,221,lfu_kernel,191066,19878,0
btree-scan-s1,heldout,btree,btree-scan,0.1,221,sd_old,187958,19497,0
btree-scan-s1,heldout,btree,btree-scan,0.1,221,belady,111676,12623,0
btree-scan-s1,heldout,btree,btree-scan,0.15,331,fifo,171275,17274,0
btree-scan-s1,heldout,btree,btree-scan,0.15,331,clock,159729,16851,0
btree-scan-s1,heldout,btree,btree-scan,0.15,331,aging,170702,17252,0
btree-scan-s1,heldout,btree,btree-scan,0.15,331,lru,159352,16730,0
btree-scan-s1,heldout,btree,btree-scan,0.15,331,lfu_exact,140199,15839,0
btree-scan-s1,heldout,btree,btree-scan,0.15,331,lfu_kernel,171264,17263,0
btree-scan-s1,heldout,btree,btree-scan,0.15,331,sd_old,168463,16746,0
btree-scan-s1,heldout,btree,btree-scan,0.15,331,belady,92677,9655,0
btree-scan-s1,heldout,btree,btree-scan,0.2,442,fifo,155050,14983,0
btree-scan-s1,heldout,btree,btree-scan,0.2,442,clock,144810,14458,0
btree-scan-s1,heldout,btree,btree-scan,0.2,442,aging,154645,14966,0
btree-scan-s1,heldout,btree,btree-scan,0.2,442,lru,144735,14416,0
btree-scan-s1,heldout,btree,btree-scan,0.2,442,lfu_exact,128866,13625,0
btree-scan-s1,heldout,btree,btree-scan,0.2,442,lfu_kernel,155054,14984,0
btree-scan-s1,heldout,btree,btree-scan,0.2,442,sd_old,152630,14444,0
btree-scan-s1,heldout,btree,btree-scan,0.2,442,belady,78358,7661,0
btree-scan-s1,heldout,btree,btree-scan,0.25,552,fifo,140910,13055,0
btree-scan-s1,heldout,btree,btree-scan,0.25,552,clock,131673,12435,0
btree-scan-s1,heldout,btree,btree-scan,0.25,552,aging,140639,13042,0
btree-scan-s1,heldout,btree,btree-scan,0.25,552,lru,131783,12269,0
btree-scan-s1,heldout,btree,btree-scan,0.25,552,lfu_exact,118430,11744,0
btree-scan-s1,heldout,btree,btree-scan,0.25,552,lfu_kernel,140901,13044,0
btree-scan-s1,heldout,btree,btree-scan,0.25,552,sd_old,138775,12292,0
btree-scan-s1,heldout,btree,btree-scan,0.25,552,belady,66950,6310,0
btree-scan-s1,heldout,btree,btree-scan,0.3,662,fifo,128522,11372,0
btree-scan-s1,heldout,btree,btree-scan,0.3,662,clock,119765,10723,0
btree-scan-s1,heldout,btree,btree-scan,0.3,662,aging,128318,11361,0
btree-scan-s1,heldout,btree,btree-scan,0.3,662,lru,119630,10511,0
btree-scan-s1,heldout,btree,btree-scan,0.3,662,lfu_exact,108626,10099,0
btree-scan-s1,heldout,btree,btree-scan,0.3,662,lfu_kernel,128534,11377,0
btree-scan-s1,heldout,btree,btree-scan,0.3,662,sd_old,126633,10537,0
btree-scan-s1,heldout,btree,btree-scan,0.3,662,belady,57633,5261,0
btree-scan-s3,heldout,btree,btree-scan,0.05,109,fifo,217062,22796,0
btree-scan-s3,heldout,btree,btree-scan,0.05,109,clock,204549,22612,0
btree-scan-s3,heldout,btree,btree-scan,0.05,109,aging,214938,22754,0
btree-scan-s3,heldout,btree,btree-scan,0.05,109,lru,203677,22555,0
btree-scan-s3,heldout,btree,btree-scan,0.05,109,lfu_exact,176789,21899,0
btree-scan-s3,heldout,btree,btree-scan,0.05,109,lfu_kernel,217029,22790,0
btree-scan-s3,heldout,btree,btree-scan,0.05,109,sd_old,213810,22610,0
btree-scan-s3,heldout,btree,btree-scan,0.05,109,belady,140141,17470,0
btree-scan-s3,heldout,btree,btree-scan,0.1,218,fifo,188513,19724,0
btree-scan-s3,heldout,btree,btree-scan,0.1,218,clock,176822,19478,0
btree-scan-s3,heldout,btree,btree-scan,0.1,218,aging,187587,19691,0
btree-scan-s3,heldout,btree,btree-scan,0.1,218,lru,175896,19357,0
btree-scan-s3,heldout,btree,btree-scan,0.1,218,lfu_exact,151633,18690,0
btree-scan-s3,heldout,btree,btree-scan,0.1,218,lfu_kernel,188510,19723,0
btree-scan-s3,heldout,btree,btree-scan,0.1,218,sd_old,185453,19378,0
btree-scan-s3,heldout,btree,btree-scan,0.1,218,belady,110821,12707,0
btree-scan-s3,heldout,btree,btree-scan,0.15,328,fifo,168809,17274,0
btree-scan-s3,heldout,btree,btree-scan,0.15,328,clock,158466,16729,0
btree-scan-s3,heldout,btree,btree-scan,0.15,328,aging,168282,17261,0
btree-scan-s3,heldout,btree,btree-scan,0.15,328,lru,158206,16766,0
btree-scan-s3,heldout,btree,btree-scan,0.15,328,lfu_exact,139007,15992,0
btree-scan-s3,heldout,btree,btree-scan,0.15,328,lfu_kernel,168803,17274,0
btree-scan-s3,heldout,btree,btree-scan,0.15,328,sd_old,166010,16763,0
btree-scan-s3,heldout,btree,btree-scan,0.15,328,belady,91740,9706,0
btree-scan-s3,heldout,btree,btree-scan,0.2,437,fifo,153034,15083,0
btree-scan-s3,heldout,btree,btree-scan,0.2,437,clock,143464,14524,0
btree-scan-s3,heldout,btree,btree-scan,0.2,437,aging,152683,15079,0
btree-scan-s3,heldout,btree,btree-scan,0.2,437,lru,143547,14437,0
btree-scan-s3,heldout,btree,btree-scan,0.2,437,lfu_exact,127962,13722,0
btree-scan-s3,heldout,btree,btree-scan,0.2,437,lfu_kernel,153034,15085,0
btree-scan-s3,heldout,btree,btree-scan,0.2,437,sd_old,150533,14474,0
btree-scan-s3,heldout,btree,btree-scan,0.2,437,belady,77698,7781,0
btree-scan-s3,heldout,btree,btree-scan,0.25,546,fifo,139441,13171,0
btree-scan-s3,heldout,btree,btree-scan,0.25,546,clock,130574,12481,0
btree-scan-s3,heldout,btree,btree-scan,0.25,546,aging,139165,13136,0
btree-scan-s3,heldout,btree,btree-scan,0.25,546,lru,130698,12371,0
btree-scan-s3,heldout,btree,btree-scan,0.25,546,lfu_exact,117613,11807,0
btree-scan-s3,heldout,btree,btree-scan,0.25,546,lfu_kernel,139441,13172,0
btree-scan-s3,heldout,btree,btree-scan,0.25,546,sd_old,137205,12403,0
btree-scan-s3,heldout,btree,btree-scan,0.25,546,belady,66527,6379,0
btree-scan-s3,heldout,btree,btree-scan,0.3,655,fifo,126958,11481,0
btree-scan-s3,heldout,btree,btree-scan,0.3,655,clock,118612,10818,0
btree-scan-s3,heldout,btree,btree-scan,0.3,655,aging,126752,11457,0
btree-scan-s3,heldout,btree,btree-scan,0.3,655,lru,118684,10717,0
btree-scan-s3,heldout,btree,btree-scan,0.3,655,lfu_exact,107919,10154,0
btree-scan-s3,heldout,btree,btree-scan,0.3,655,lfu_kernel,126958,11474,0
btree-scan-s3,heldout,btree,btree-scan,0.3,655,sd_old,125119,10746,0
btree-scan-s3,heldout,btree,btree-scan,0.3,655,belady,57235,5335,0
btree-scan-s2,heldout,btree,btree-scan,0.05,109,fifo,216650,22847,0
btree-scan-s2,heldout,btree,btree-scan,0.05,109,clock,204216,22642,0
btree-scan-s2,heldout,btree,btree-scan,0.05,109,aging,214563,22818,0
btree-scan-s2,heldout,btree,btree-scan,0.05,109,lru,203385,22598,0
btree-scan-s2,heldout,btree,btree-scan,0.05,109,lfu_exact,176152,21827,0
btree-scan-s2,heldout,btree,btree-scan,0.05,109,lfu_kernel,216626,22851,0
btree-scan-s2,heldout,btree,btree-scan,0.05,109,sd_old,213374,22654,0
btree-scan-s2,heldout,btree,btree-scan,0.05,109,belady,139996,17526,0
btree-scan-s2,heldout,btree,btree-scan,0.1,219,fifo,188018,19781,0
btree-scan-s2,heldout,btree,btree-scan,0.1,219,clock,176308,19357,0
btree-scan-s2,heldout,btree,btree-scan,0.1,219,aging,187122,19768,0
btree-scan-s2,heldout,btree,btree-scan,0.1,219,lru,175532,19384,0
btree-scan-s2,heldout,btree,btree-scan,0.1,219,lfu_exact,151991,18572,0
btree-scan-s2,heldout,btree,btree-scan,0.1,219,lfu_kernel,188008,19780,0
btree-scan-s2,heldout,btree,btree-scan,0.1,219,sd_old,185001,19377,0
btree-scan-s2,heldout,btree,btree-scan,0.1,219,belady,110503,12659,0
btree-scan-s2,heldout,btree,btree-scan,0.15,328,fifo,168654,17276,0
btree-scan-s2,heldout,btree,btree-scan,0.15,328,clock,158149,16756,0
btree-scan-s2,heldout,btree,btree-scan,0.15,328,aging,168120,17260,0
btree-scan-s2,heldout,btree,btree-scan,0.15,328,lru,157850,16713,0
btree-scan-s2,heldout,btree,btree-scan,0.15,328,lfu_exact,139430,15991,0
btree-scan-s2,heldout,btree,btree-scan,0.15,328,lfu_kernel,168648,17276,0
btree-scan-s2,heldout,btree,btree-scan,0.15,328,sd_old,165807,16722,0
btree-scan-s2,heldout,btree,btree-scan,0.15,328,belady,91738,9670,0
btree-scan-s2,heldout,btree,btree-scan,0.2,437,fifo,152954,15121,0
btree-scan-s2,heldout,btree,btree-scan,0.2,437,clock,143512,14472,0
btree-scan-s2,heldout,btree,btree-scan,0.2,437,aging,152589,15111,0
btree-scan-s2,heldout,btree,btree-scan,0.2,437,lru,143340,14425,0
btree-scan-s2,heldout,btree,btree-scan,0.2,437,lfu_exact,128344,13757,0
btree-scan-s2,heldout,btree,btree-scan,0.2,437,lfu_kernel,152948,15115,0
btree-scan-s2,heldout,btree,btree-scan,0.2,437,sd_old,150366,14449,0
btree-scan-s2,heldout,btree,btree-scan,0.2,437,belady,77656,7762,0
btree-scan-s2,heldout,btree,btree-scan,0.25,546,fifo,139365,13154,0
btree-scan-s2,heldout,btree,btree-scan,0.25,546,clock,130564,12458,0
btree-scan-s2,heldout,btree,btree-scan,0.25,546,aging,139111,13140,0
btree-scan-s2,heldout,btree,btree-scan,0.25,546,lru,130565,12388,0
btree-scan-s2,heldout,btree,btree-scan,0.25,546,lfu_exact,117992,11890,0
btree-scan-s2,heldout,btree,btree-scan,0.25,546,lfu_kernel,139367,13154,0
btree-scan-s2,heldout,btree,btree-scan,0.25,546,sd_old,137177,12402,0
btree-scan-s2,heldout,btree,btree-scan,0.25,546,belady,66403,6354,0
btree-scan-s2,heldout,btree,btree-scan,0.3,656,fifo,127085,11425,0
btree-scan-s2,heldout,btree,btree-scan,0.3,656,clock,118715,10736,0
btree-scan-s2,heldout,btree,btree-scan,0.3,656,aging,126891,11401,0
btree-scan-s2,heldout,btree,btree-scan,0.3,656,lru,118782,10683,0
btree-scan-s2,heldout,btree,btree-scan,0.3,656,lfu_exact,108255,10188,0
btree-scan-s2,heldout,btree,btree-scan,0.3,656,lfu_kernel,127083,11426,0
btree-scan-s2,heldout,btree,btree-scan,0.3,656,sd_old,125307,10691,0
btree-scan-s2,heldout,btree,btree-scan,0.3,656,belady,57071,5327,0
graph-bfs2000-s2,heldout,graph,graph-bfs2000,0.05,83,fifo,987125,147135,0
graph-bfs2000-s2,heldout,graph,graph-bfs2000,0.05,83,clock,954022,136386,0
graph-bfs2000-s2,heldout,graph,graph-bfs2000,0.05,83,aging,976339,145222,0
graph-bfs2000-s2,heldout,graph,graph-bfs2000,0.05,83,lru,954441,136637,0
graph-bfs2000-s2,heldout,graph,graph-bfs2000,0.05,83,lfu_exact,1821601,260853,0
graph-bfs2000-s2,heldout,graph,graph-bfs2000,0.05,83,lfu_kernel,986843,146980,0
graph-bfs2000-s2,heldout,graph,graph-bfs2000,0.05,83,sd_old,986368,146554,0
graph-bfs2000-s2,heldout,graph,graph-bfs2000,0.05,83,belady,455131,82519,0
graph-bfs2000-s2,heldout,graph,graph-bfs2000,0.1,166,fifo,571811,107909,0
graph-bfs2000-s2,heldout,graph,graph-bfs2000,0.1,166,clock,453222,82265,0
graph-bfs2000-s2,heldout,graph,graph-bfs2000,0.1,166,aging,567003,107072,0
graph-bfs2000-s2,heldout,graph,graph-bfs2000,0.1,166,lru,452516,82457,0
graph-bfs2000-s2,heldout,graph,graph-bfs2000,0.1,166,lfu_exact,674256,176065,0
graph-bfs2000-s2,heldout,graph,graph-bfs2000,0.1,166,lfu_kernel,571498,107825,0
graph-bfs2000-s2,heldout,graph,graph-bfs2000,0.1,166,sd_old,567304,104162,0
graph-bfs2000-s2,heldout,graph,graph-bfs2000,0.1,166,belady,170739,11988,0
graph-bfs2000-s2,heldout,graph,graph-bfs2000,0.15,250,fifo,362945,77775,0
graph-bfs2000-s2,heldout,graph,graph-bfs2000,0.15,250,clock,199216,25817,0
graph-bfs2000-s2,heldout,graph,graph-bfs2000,0.15,250,aging,360633,77332,0
graph-bfs2000-s2,heldout,graph,graph-bfs2000,0.15,250,lru,180868,17276,0
graph-bfs2000-s2,heldout,graph,graph-bfs2000,0.15,250,lfu_exact,414440,91387,0
graph-bfs2000-s2,heldout,graph,graph-bfs2000,0.15,250,lfu_kernel,362935,77787,0
graph-bfs2000-s2,heldout,graph,graph-bfs2000,0.15,250,sd_old,351217,68198,0
graph-bfs2000-s2,heldout,graph,graph-bfs2000,0.15,250,belady,115848,1506,0
graph-bfs2000-s2,heldout,graph,graph-bfs2000,0.2,333,fifo,270346,58770,0
graph-bfs2000-s2,heldout,graph,graph-bfs2000,0.2,333,clock,151484,5050,0
graph-bfs2000-s2,heldout,graph,graph-bfs2000,0.2,333,aging,268996,58368,0
graph-bfs2000-s2,heldout,graph,graph-bfs2000,0.2,333,lru,148026,1946,0
graph-bfs2000-s2,heldout,graph,graph-bfs2000,0.2,333,lfu_exact,227068,35955,0
graph-bfs2000-s2,heldout,graph,graph-bfs2000,0.2,333,lfu_kernel,270158,58638,0
graph-bfs2000-s2,heldout,graph,graph-bfs2000,0.2,333,sd_old,257576,48367,0
graph-bfs2000-s2,heldout,graph,graph-bfs2000,0.2,333,belady,94400,1503,0
graph-bfs2000-s2,heldout,graph,graph-bfs2000,0.25,416,fifo,219752,46415,0
graph-bfs2000-s2,heldout,graph,graph-bfs2000,0.25,416,clock,137559,1864,0
graph-bfs2000-s2,heldout,graph,graph-bfs2000,0.25,416,aging,218779,46259,0
graph-bfs2000-s2,heldout,graph,graph-bfs2000,0.25,416,lru,137106,1523,0
graph-bfs2000-s2,heldout,graph,graph-bfs2000,0.25,416,lfu_exact,211780,32556,0
graph-bfs2000-s2,heldout,graph,graph-bfs2000,0.25,416,lfu_kernel,219677,46409,0
graph-bfs2000-s2,heldout,graph,graph-bfs2000,0.25,416,sd_old,207325,36024,0
graph-bfs2000-s2,heldout,graph,graph-bfs2000,0.25,416,belady,78987,1503,0
graph-bfs2000-s2,heldout,graph,graph-bfs2000,0.3,500,fifo,185894,37577,0
graph-bfs2000-s2,heldout,graph,graph-bfs2000,0.3,500,clock,126871,1591,0
graph-bfs2000-s2,heldout,graph,graph-bfs2000,0.3,500,aging,185127,37417,0
graph-bfs2000-s2,heldout,graph,graph-bfs2000,0.3,500,lru,126561,1501,0
graph-bfs2000-s2,heldout,graph,graph-bfs2000,0.3,500,lfu_exact,197695,30254,0
graph-bfs2000-s2,heldout,graph,graph-bfs2000,0.3,500,lfu_kernel,185808,37591,0
graph-bfs2000-s2,heldout,graph,graph-bfs2000,0.3,500,sd_old,174200,27463,0
graph-bfs2000-s2,heldout,graph,graph-bfs2000,0.3,500,belady,66680,1502,0
kv-Avsize-s1,train,kv,kv-Avsize,0.05,34,fifo,37462,21141,0
kv-Avsize-s1,train,kv,kv-Avsize,0.05,34,clock,33861,19026,0
kv-Avsize-s1,train,kv,kv-Avsize,0.05,34,aging,36551,20748,0
kv-Avsize-s1,train,kv,kv-Avsize,0.05,34,lru,33328,18766,0
kv-Avsize-s1,train,kv,kv-Avsize,0.05,34,lfu_exact,37682,20448,0
kv-Avsize-s1,train,kv,kv-Avsize,0.05,34,lfu_kernel,37334,21105,0
kv-Avsize-s1,train,kv,kv-Avsize,0.05,34,sd_old,36999,20761,0
kv-Avsize-s1,train,kv,kv-Avsize,0.05,34,belady,18461,11975,0
kv-Avsize-s1,train,kv,kv-Avsize,0.1,67,fifo,24389,15980,0
kv-Avsize-s1,train,kv,kv-Avsize,0.1,67,clock,19873,12652,0
kv-Avsize-s1,train,kv,kv-Avsize,0.1,67,aging,24000,15697,0
kv-Avsize-s1,train,kv,kv-Avsize,0.1,67,lru,19190,12269,0
kv-Avsize-s1,train,kv,kv-Avsize,0.1,67,lfu_exact,23890,14343,0
kv-Avsize-s1,train,kv,kv-Avsize,0.1,67,lfu_kernel,24351,15950,0
kv-Avsize-s1,train,kv,kv-Avsize,0.1,67,sd_old,23038,14993,0
kv-Avsize-s1,train,kv,kv-Avsize,0.1,67,belady,10155,6911,0
kv-Avsize-s1,train,kv,kv-Avsize,0.15,100,fifo,18444,12813,0
kv-Avsize-s1,train,kv,kv-Avsize,0.15,100,clock,14107,9360,0
kv-Avsize-s1,train,kv,kv-Avsize,0.15,100,aging,18201,12627,0
kv-Avsize-s1,train,kv,kv-Avsize,0.15,100,lru,13714,9135,0
kv-Avsize-s1,train,kv,kv-Avsize,0.15,100,lfu_exact,18862,11516,0
kv-Avsize-s1,train,kv,kv-Avsize,0.15,100,lfu_kernel,18436,12785,0
kv-Avsize-s1,train,kv,kv-Avsize,0.15,100,sd_old,16804,11502,0
kv-Avsize-s1,train,kv,kv-Avsize,0.15,100,belady,7280,5059,0
kv-Avsize-s1,train,kv,kv-Avsize,0.2,134,fifo,14496,10460,0
kv-Avsize-s1,train,kv,kv-Avsize,0.2,134,clock,11052,7466,0
kv-Avsize-s1,train,kv,kv-Avsize,0.2,134,aging,14389,10371,0
kv-Avsize-s1,train,kv,kv-Avsize,0.2,134,lru,10683,7225,0
kv-Avsize-s1,train,kv,kv-Avsize,0.2,134,lfu_exact,15575,9805,0
kv-Avsize-s1,train,kv,kv-Avsize,0.2,134,lfu_kernel,14489,10455,0
kv-Avsize-s1,train,kv,kv-Avsize,0.2,134,sd_old,12821,9028,0
kv-Avsize-s1,train,kv,kv-Avsize,0.2,134,belady,5607,4004,0
kv-Avsize-s1,train,kv,kv-Avsize,0.25,168,fifo,11906,8802,0
kv-Avsize-s1,train,kv,kv-Avsize,0.25,168,clock,9040,6185,0
kv-Avsize-s1,train,kv,kv-Avsize,0.25,168,aging,11825,8746,0
kv-Avsize-s1,train,kv,kv-Avsize,0.25,168,lru,8738,5952,0
kv-Avsize-s1,train,kv,kv-Avsize,0.25,168,lfu_exact,13190,8506,0
kv-Avsize-s1,train,kv,kv-Avsize,0.25,168,lfu_kernel,11911,8807,0
kv-Avsize-s1,train,kv,kv-Avsize,0.25,168,sd_old,10057,7165,0
kv-Avsize-s1,train,kv,kv-Avsize,0.25,168,belady,4502,3270,0
kv-Avsize-s1,train,kv,kv-Avsize,0.3,201,fifo,10014,7537,0
kv-Avsize-s1,train,kv,kv-Avsize,0.3,201,clock,7632,5252,0
kv-Avsize-s1,train,kv,kv-Avsize,0.3,201,aging,9934,7475,0
kv-Avsize-s1,train,kv,kv-Avsize,0.3,201,lru,7397,5080,0
kv-Avsize-s1,train,kv,kv-Avsize,0.3,201,lfu_exact,11304,7440,0
kv-Avsize-s1,train,kv,kv-Avsize,0.3,201,lfu_kernel,9991,7524,0
kv-Avsize-s1,train,kv,kv-Avsize,0.3,201,sd_old,8210,5890,0
kv-Avsize-s1,train,kv,kv-Avsize,0.3,201,belady,3707,2730,0
kv-F-s4,heldout,kv,kv-F,0.05,26,fifo,16219,16193,0
kv-F-s4,heldout,kv,kv-F,0.05,26,clock,14035,14008,0
kv-F-s4,heldout,kv,kv-F,0.05,26,aging,15152,15126,0
kv-F-s4,heldout,kv,kv-F,0.05,26,lru,13712,13686,0
kv-F-s4,heldout,kv,kv-F,0.05,26,lfu_exact,13177,13143,0
kv-F-s4,heldout,kv,kv-F,0.05,26,lfu_kernel,16091,16065,0
kv-F-s4,heldout,kv,kv-F,0.05,26,sd_old,15869,15842,0
kv-F-s4,heldout,kv,kv-F,0.05,26,belady,8639,8613,0
kv-F-s4,heldout,kv,kv-F,0.1,53,fifo,12195,12142,0
kv-F-s4,heldout,kv,kv-F,0.1,53,clock,10333,10280,0
kv-F-s4,heldout,kv,kv-F,0.1,53,aging,11792,11739,0
kv-F-s4,heldout,kv,kv-F,0.1,53,lru,10205,10152,0
kv-F-s4,heldout,kv,kv-F,0.1,53,lfu_exact,10508,10454,0
kv-F-s4,heldout,kv,kv-F,0.1,53,lfu_kernel,12160,12107,0
kv-F-s4,heldout,kv,kv-F,0.1,53,sd_old,11701,11648,0
kv-F-s4,heldout,kv,kv-F,0.1,53,belady,6079,6026,0
kv-F-s4,heldout,kv,kv-F,0.15,79,fifo,10048,9969,0
kv-F-s4,heldout,kv,kv-F,0.15,79,clock,8552,8473,0
kv-F-s4,heldout,kv,kv-F,0.15,79,aging,9843,9764,0
kv-F-s4,heldout,kv,kv-F,0.15,79,lru,8427,8348,0
kv-F-s4,heldout,kv,kv-F,0.15,79,lfu_exact,8951,8872,0
kv-F-s4,heldout,kv,kv-F,0.15,79,lfu_kernel,10035,9956,0
kv-F-s4,heldout,kv,kv-F,0.15,79,sd_old,9560,9481,0
kv-F-s4,heldout,kv,kv-F,0.15,79,belady,4801,4722,0
kv-F-s4,heldout,kv,kv-F,0.2,106,fifo,8635,8529,0
kv-F-s4,heldout,kv,kv-F,0.2,106,clock,7304,7198,0
kv-F-s4,heldout,kv,kv-F,0.2,106,aging,8491,8385,0
kv-F-s4,heldout,kv,kv-F,0.2,106,lru,7212,7106,0
kv-F-s4,heldout,kv,kv-F,0.2,106,lfu_exact,7747,7641,0
kv-F-s4,heldout,kv,kv-F,0.2,106,lfu_kernel,8614,8508,0
kv-F-s4,heldout,kv,kv-F,0.2,106,sd_old,8143,8037,0
kv-F-s4,heldout,kv,kv-F,0.2,106,belady,3921,3815,0
kv-F-s4,heldout,kv,kv-F,0.25,132,fifo,7479,7347,0
kv-F-s4,heldout,kv,kv-F,0.25,132,clock,6473,6341,0
kv-F-s4,heldout,kv,kv-F,0.25,132,aging,7374,7242,0
kv-F-s4,heldout,kv,kv-F,0.25,132,lru,6309,6177,0
kv-F-s4,heldout,kv,kv-F,0.25,132,lfu_exact,6738,6606,0
kv-F-s4,heldout,kv,kv-F,0.25,132,lfu_kernel,7468,7336,0
kv-F-s4,heldout,kv,kv-F,0.25,132,sd_old,7018,6886,0
kv-F-s4,heldout,kv,kv-F,0.25,132,belady,3286,3154,0
kv-F-s4,heldout,kv,kv-F,0.3,158,fifo,6593,6435,0
kv-F-s4,heldout,kv,kv-F,0.3,158,clock,5646,5488,0
kv-F-s4,heldout,kv,kv-F,0.3,158,aging,6508,6350,0
kv-F-s4,heldout,kv,kv-F,0.3,158,lru,5514,5356,0
kv-F-s4,heldout,kv,kv-F,0.3,158,lfu_exact,5908,5750,0
kv-F-s4,heldout,kv,kv-F,0.3,158,lfu_kernel,6579,6421,0
kv-F-s4,heldout,kv,kv-F,0.3,158,sd_old,6155,5997,0
kv-F-s4,heldout,kv,kv-F,0.3,158,belady,2779,2621,0
kv-Avsize-s4,val,kv,kv-Avsize,0.05,34,fifo,38692,21602,0
kv-Avsize-s4,val,kv,kv-Avsize,0.05,34,clock,35183,19630,0
kv-Avsize-s4,val,kv,kv-Avsize,0.05,34,aging,37666,21180,0
kv-Avsize-s4,val,kv,kv-Avsize,0.05,34,lru,34267,19295,0
kv-Avsize-s4,val,kv,kv-Avsize,0.05,34,lfu_exact,39938,20261,0
kv-Avsize-s4,val,kv,kv-Avsize,0.05,34,lfu_kernel,38579,21571,0
kv-Avsize-s4,val,kv,kv-Avsize,0.05,34,sd_old,38305,21278,0
kv-Avsize-s4,val,kv,kv-Avsize,0.05,34,belady,19535,12838,0
kv-Avsize-s4,val,kv,kv-Avsize,0.1,68,fifo,25305,16560,0
kv-Avsize-s4,val,kv,kv-Avsize,0.1,68,clock,20807,13311,0
kv-Avsize-s4,val,kv,kv-Avsize,0.1,68,aging,24893,16274,0
kv-Avsize-s4,val,kv,kv-Avsize,0.1,68,lru,20135,12908,0
kv-Avsize-s4,val,kv,kv-Avsize,0.1,68,lfu_exact,25071,15096,0
kv-Avsize-s4,val,kv,kv-Avsize,0.1,68,lfu_kernel,25269,16540,0
kv-Avsize-s4,val,kv,kv-Avsize,0.1,68,sd_old,23974,15549,0
kv-Avsize-s4,val,kv,kv-Avsize,0.1,68,belady,10409,7143,0
kv-Avsize-s4,val,kv,kv-Avsize,0.15,102,fifo,18715,13115,0
kv-Avsize-s4,val,kv,kv-Avsize,0.15,102,clock,14573,9758,0
kv-Avsize-s4,val,kv,kv-Avsize,0.15,102,aging,18441,12922,0
kv-Avsize-s4,val,kv,kv-Avsize,0.15,102,lru,13983,9366,0
kv-Avsize-s4,val,kv,kv-Avsize,0.15,102,lfu_exact,19428,12012,0
kv-Avsize-s4,val,kv,kv-Avsize,0.15,102,lfu_kernel,18696,13098,0
kv-Avsize-s4,val,kv,kv-Avsize,0.15,102,sd_old,17039,11774,0
kv-Avsize-s4,val,kv,kv-Avsize,0.15,102,belady,7348,5140,0
kv-Avsize-s4,val,kv,kv-Avsize,0.2,136,fifo,14798,10766,0
kv-Avsize-s4,val,kv,kv-Avsize,0.2,136,clock,11092,7558,0
kv-Avsize-s4,val,kv,kv-Avsize,0.2,136,aging,14662,10658,0
kv-Avsize-s4,val,kv,kv-Avsize,0.2,136,lru,10744,7322,0
kv-Avsize-s4,val,kv,kv-Avsize,0.2,136,lfu_exact,15910,9947,0
kv-Avsize-s4,val,kv,kv-Avsize,0.2,136,lfu_kernel,14745,10734,0
kv-Avsize-s4,val,kv,kv-Avsize,0.2,136,sd_old,13035,9259,0
kv-Avsize-s4,val,kv,kv-Avsize,0.2,136,belady,5642,4019,0
kv-Avsize-s4,val,kv,kv-Avsize,0.25,170,fifo,12106,9070,0
kv-Avsize-s4,val,kv,kv-Avsize,0.25,170,clock,9116,6275,0
kv-Avsize-s4,val,kv,kv-Avsize,0.25,170,aging,12018,8997,0
kv-Avsize-s4,val,kv,kv-Avsize,0.25,170,lru,8755,6004,0
kv-Avsize-s4,val,kv,kv-Avsize,0.25,170,lfu_exact,13428,8531,0
kv-Avsize-s4,val,kv,kv-Avsize,0.25,170,lfu_kernel,12103,9066,0
kv-Avsize-s4,val,kv,kv-Avsize,0.25,170,sd_old,10127,7293,0
kv-Avsize-s4,val,kv,kv-Avsize,0.25,170,belady,4539,3272,0
kv-Avsize-s4,val,kv,kv-Avsize,0.3,203,fifo,10201,7766,0
kv-Avsize-s4,val,kv,kv-Avsize,0.3,203,clock,7570,5230,0
kv-Avsize-s4,val,kv,kv-Avsize,0.3,203,aging,10154,7715,0
kv-Avsize-s4,val,kv,kv-Avsize,0.3,203,lru,7316,5031,0
kv-Avsize-s4,val,kv,kv-Avsize,0.3,203,lfu_exact,11420,7321,0
kv-Avsize-s4,val,kv,kv-Avsize,0.3,203,lfu_kernel,10199,7769,0
kv-Avsize-s4,val,kv,kv-Avsize,0.3,203,sd_old,8310,5996,0
kv-Avsize-s4,val,kv,kv-Avsize,0.3,203,belady,3765,2745,0
kv-F-s5,heldout,kv,kv-F,0.05,26,fifo,16233,16206,0
kv-F-s5,heldout,kv,kv-F,0.05,26,clock,14038,14011,0
kv-F-s5,heldout,kv,kv-F,0.05,26,aging,15181,15154,0
kv-F-s5,heldout,kv,kv-F,0.05,26,lru,13774,13747,0
kv-F-s5,heldout,kv,kv-F,0.05,26,lfu_exact,13239,13208,0
kv-F-s5,heldout,kv,kv-F,0.05,26,lfu_kernel,16085,16058,0
kv-F-s5,heldout,kv,kv-F,0.05,26,sd_old,15879,15852,0
kv-F-s5,heldout,kv,kv-F,0.05,26,belady,8713,8687,0
kv-F-s5,heldout,kv,kv-F,0.1,53,fifo,12280,12227,0
kv-F-s5,heldout,kv,kv-F,0.1,53,clock,10483,10430,0
kv-F-s5,heldout,kv,kv-F,0.1,53,aging,11865,11812,0
kv-F-s5,heldout,kv,kv-F,0.1,53,lru,10275,10222,0
kv-F-s5,heldout,kv,kv-F,0.1,53,lfu_exact,10509,10456,0
kv-F-s5,heldout,kv,kv-F,0.1,53,lfu_kernel,12231,12178,0
kv-F-s5,heldout,kv,kv-F,0.1,53,sd_old,11807,11754,0
kv-F-s5,heldout,kv,kv-F,0.1,53,belady,6168,6115,0
kv-F-s5,heldout,kv,kv-F,0.15,79,fifo,10186,10107,0
kv-F-s5,heldout,kv,kv-F,0.15,79,clock,8670,8591,0
kv-F-s5,heldout,kv,kv-F,0.15,79,aging,9971,9892,0
kv-F-s5,heldout,kv,kv-F,0.15,79,lru,8605,8526,0
kv-F-s5,heldout,kv,kv-F,0.15,79,lfu_exact,9028,8949,0
kv-F-s5,heldout,kv,kv-F,0.15,79,lfu_kernel,10150,10071,0
kv-F-s5,heldout,kv,kv-F,0.15,79,sd_old,9737,9658,0
kv-F-s5,heldout,kv,kv-F,0.15,79,belady,4854,4775,0
kv-F-s5,heldout,kv,kv-F,0.2,106,fifo,8637,8531,0
kv-F-s5,heldout,kv,kv-F,0.2,106,clock,7435,7329,0
kv-F-s5,heldout,kv,kv-F,0.2,106,aging,8483,8377,0
kv-F-s5,heldout,kv,kv-F,0.2,106,lru,7272,7166,0
kv-F-s5,heldout,kv,kv-F,0.2,106,lfu_exact,7765,7659,0
kv-F-s5,heldout,kv,kv-F,0.2,106,lfu_kernel,8613,8507,0
kv-F-s5,heldout,kv,kv-F,0.2,106,sd_old,8200,8094,0
kv-F-s5,heldout,kv,kv-F,0.2,106,belady,3933,3827,0
kv-F-s5,heldout,kv,kv-F,0.25,132,fifo,7497,7365,0
kv-F-s5,heldout,kv,kv-F,0.25,132,clock,6421,6289,0
kv-F-s5,heldout,kv,kv-F,0.25,132,aging,7405,7273,0
kv-F-s5,heldout,kv,kv-F,0.25,132,lru,6304,6172,0
kv-F-s5,heldout,kv,kv-F,0.25,132,lfu_exact,6738,6606,0
kv-F-s5,heldout,kv,kv-F,0.25,132,lfu_kernel,7485,7353,0
kv-F-s5,heldout,kv,kv-F,0.25,132,sd_old,7120,6988,0
kv-F-s5,heldout,kv,kv-F,0.25,132,belady,3305,3173,0
kv-F-s5,heldout,kv,kv-F,0.3,158,fifo,6549,6391,0
kv-F-s5,heldout,kv,kv-F,0.3,158,clock,5659,5501,0
kv-F-s5,heldout,kv,kv-F,0.3,158,aging,6458,6300,0
kv-F-s5,heldout,kv,kv-F,0.3,158,lru,5517,5359,0
kv-F-s5,heldout,kv,kv-F,0.3,158,lfu_exact,5852,5694,0
kv-F-s5,heldout,kv,kv-F,0.3,158,lfu_kernel,6545,6387,0
kv-F-s5,heldout,kv,kv-F,0.3,158,sd_old,6169,6011,0
kv-F-s5,heldout,kv,kv-F,0.3,158,belady,2799,2641,0
kv-F-s3,heldout,kv,kv-F,0.05,26,fifo,16258,16232,0
kv-F-s3,heldout,kv,kv-F,0.05,26,clock,14106,14079,0
kv-F-s3,heldout,kv,kv-F,0.05,26,aging,15193,15166,0
kv-F-s3,heldout,kv,kv-F,0.05,26,lru,13789,13762,0
kv-F-s3,heldout,kv,kv-F,0.05,26,lfu_exact,13260,13230,0
kv-F-s3,heldout,kv,kv-F,0.05,26,lfu_kernel,16137,16110,0
kv-F-s3,heldout,kv,kv-F,0.05,26,sd_old,15913,15887,0
kv-F-s3,heldout,kv,kv-F,0.05,26,belady,8676,8650,0
kv-F-s3,heldout,kv,kv-F,0.1,53,fifo,12210,12157,0
kv-F-s3,heldout,kv,kv-F,0.1,53,clock,10400,10347,0
kv-F-s3,heldout,kv,kv-F,0.1,53,aging,11797,11744,0
kv-F-s3,heldout,kv,kv-F,0.1,53,lru,10219,10166,0
kv-F-s3,heldout,kv,kv-F,0.1,53,lfu_exact,10569,10515,0
kv-F-s3,heldout,kv,kv-F,0.1,53,lfu_kernel,12166,12113,0
kv-F-s3,heldout,kv,kv-F,0.1,53,sd_old,11754,11701,0
kv-F-s3,heldout,kv,kv-F,0.1,53,belady,6101,6048,0
kv-F-s3,heldout,kv,kv-F,0.15,79,fifo,10141,10062,0
kv-F-s3,heldout,kv,kv-F,0.15,79,clock,8629,8550,0
kv-F-s3,heldout,kv,kv-F,0.15,79,aging,9918,9839,0
kv-F-s3,heldout,kv,kv-F,0.15,79,lru,8526,8447,0
kv-F-s3,heldout,kv,kv-F,0.15,79,lfu_exact,8949,8870,0
kv-F-s3,heldout,kv,kv-F,0.15,79,lfu_kernel,10123,10044,0
kv-F-s3,heldout,kv,kv-F,0.15,79,sd_old,9700,9621,0
kv-F-s3,heldout,kv,kv-F,0.15,79,belady,4801,4722,0
kv-F-s3,heldout,kv,kv-F,0.2,106,fifo,8647,8541,0
kv-F-s3,heldout,kv,kv-F,0.2,106,clock,7386,7280,0
kv-F-s3,heldout,kv,kv-F,0.2,106,aging,8508,8402,0
kv-F-s3,heldout,kv,kv-F,0.2,106,lru,7274,7168,0
kv-F-s3,heldout,kv,kv-F,0.2,106,lfu_exact,7684,7578,0
kv-F-s3,heldout,kv,kv-F,0.2,106,lfu_kernel,8639,8533,0
kv-F-s3,heldout,kv,kv-F,0.2,106,sd_old,8268,8162,0
kv-F-s3,heldout,kv,kv-F,0.2,106,belady,3899,3793,0
kv-F-s3,heldout,kv,kv-F,0.25,132,fifo,7517,7385,0
kv-F-s3,heldout,kv,kv-F,0.25,132,clock,6422,6290,0
kv-F-s3,heldout,kv,kv-F,0.25,132,aging,7413,7281,0
kv-F-s3,heldout,kv,kv-F,0.25,132,lru,6301,6169,0
kv-F-s3,heldout,kv,kv-F,0.25,132,lfu_exact,6634,6502,0
kv-F-s3,heldout,kv,kv-F,0.25,132,lfu_kernel,7500,7368,0
kv-F-s3,heldout,kv,kv-F,0.25,132,sd_old,7118,6986,0
kv-F-s3,heldout,kv,kv-F,0.25,132,belady,3273,3141,0
kv-F-s3,heldout,kv,kv-F,0.3,158,fifo,6597,6439,0
kv-F-s3,heldout,kv,kv-F,0.3,158,clock,5658,5500,0
kv-F-s3,heldout,kv,kv-F,0.3,158,aging,6497,6339,0
kv-F-s3,heldout,kv,kv-F,0.3,158,lru,5502,5344,0
kv-F-s3,heldout,kv,kv-F,0.3,158,lfu_exact,5749,5591,0
kv-F-s3,heldout,kv,kv-F,0.3,158,lfu_kernel,6592,6434,0
kv-F-s3,heldout,kv,kv-F,0.3,158,sd_old,6163,6005,0
kv-F-s3,heldout,kv,kv-F,0.3,158,belady,2785,2627,0
kv-F-s2,heldout,kv,kv-F,0.05,26,fifo,16081,16055,0
kv-F-s2,heldout,kv,kv-F,0.05,26,clock,13899,13873,0
kv-F-s2,heldout,kv,kv-F,0.05,26,aging,15025,14999,0
kv-F-s2,heldout,kv,kv-F,0.05,26,lru,13579,13552,0
kv-F-s2,heldout,kv,kv-F,0.05,26,lfu_exact,13107,13074,0
kv-F-s2,heldout,kv,kv-F,0.05,26,lfu_kernel,15970,15944,0
kv-F-s2,heldout,kv,kv-F,0.05,26,sd_old,15713,15687,0
kv-F-s2,heldout,kv,kv-F,0.05,26,belady,8554,8528,0
kv-F-s2,heldout,kv,kv-F,0.1,53,fifo,12052,11999,0
kv-F-s2,heldout,kv,kv-F,0.1,53,clock,10241,10188,0
kv-F-s2,heldout,kv,kv-F,0.1,53,aging,11666,11613,0
kv-F-s2,heldout,kv,kv-F,0.1,53,lru,10091,10038,0
kv-F-s2,heldout,kv,kv-F,0.1,53,lfu_exact,10392,10337,0
kv-F-s2,heldout,kv,kv-F,0.1,53,lfu_kernel,12008,11955,0
kv-F-s2,heldout,kv,kv-F,0.1,53,sd_old,11594,11541,0
kv-F-s2,heldout,kv,kv-F,0.1,53,belady,6007,5954,0
kv-F-s2,heldout,kv,kv-F,0.15,79,fifo,9994,9915,0
kv-F-s2,heldout,kv,kv-F,0.15,79,clock,8538,8459,0
kv-F-s2,heldout,kv,kv-F,0.15,79,aging,9771,9692,0
kv-F-s2,heldout,kv,kv-F,0.15,79,lru,8366,8287,0
kv-F-s2,heldout,kv,kv-F,0.15,79,lfu_exact,8933,8853,0
kv-F-s2,heldout,kv,kv-F,0.15,79,lfu_kernel,9950,9871,0
kv-F-s2,heldout,kv,kv-F,0.15,79,sd_old,9526,9447,0
kv-F-s2,heldout,kv,kv-F,0.15,79,belady,4729,4650,0
kv-F-s2,heldout,kv,kv-F,0.2,106,fifo,8469,8363,0
kv-F-s2,heldout,kv,kv-F,0.2,106,clock,7261,7155,0
kv-F-s2,heldout,kv,kv-F,0.2,106,aging,8331,8225,0
kv-F-s2,heldout,kv,kv-F,0.2,106,lru,7129,7023,0
kv-F-s2,heldout,kv,kv-F,0.2,106,lfu_exact,7700,7594,0
kv-F-s2,heldout,kv,kv-F,0.2,106,lfu_kernel,8459,8353,0
kv-F-s2,heldout,kv,kv-F,0.2,106,sd_old,7985,7879,0
kv-F-s2,heldout,kv,kv-F,0.2,106,belady,3837,3731,0
kv-F-s2,heldout,kv,kv-F,0.25,132,fifo,7357,7225,0
kv-F-s2,heldout,kv,kv-F,0.25,132,clock,6291,6159,0
kv-F-s2,heldout,kv,kv-F,0.25,132,aging,7254,7122,0
kv-F-s2,heldout,kv,kv-F,0.25,132,lru,6173,6041,0
kv-F-s2,heldout,kv,kv-F,0.25,132,lfu_exact,6663,6531,0
kv-F-s2,heldout,kv,kv-F,0.25,132,lfu_kernel,7345,7213,0
kv-F-s2,heldout,kv,kv-F,0.25,132,sd_old,6911,6779,0
kv-F-s2,heldout,kv,kv-F,0.25,132,belady,3226,3094,0
kv-F-s2,heldout,kv,kv-F,0.3,158,fifo,6470,6312,0
kv-F-s2,heldout,kv,kv-F,0.3,158,clock,5567,5409,0
kv-F-s2,heldout,kv,kv-F,0.3,158,aging,6390,6232,0
kv-F-s2,heldout,kv,kv-F,0.3,158,lru,5422,5264,0
kv-F-s2,heldout,kv,kv-F,0.3,158,lfu_exact,5788,5630,0
kv-F-s2,heldout,kv,kv-F,0.3,158,lfu_kernel,6456,6298,0
kv-F-s2,heldout,kv,kv-F,0.3,158,sd_old,6024,5866,0
kv-F-s2,heldout,kv,kv-F,0.3,158,belady,2724,2566,0
kv-F-s1,heldout,kv,kv-F,0.05,26,fifo,16186,16159,0
kv-F-s1,heldout,kv,kv-F,0.05,26,clock,13980,13954,0
kv-F-s1,heldout,kv,kv-F,0.05,26,aging,15123,15096,0
kv-F-s1,heldout,kv,kv-F,0.05,26,lru,13699,13672,0
kv-F-s1,heldout,kv,kv-F,0.05,26,lfu_exact,13159,13128,0
kv-F-s1,heldout,kv,kv-F,0.05,26,lfu_kernel,16062,16035,0
kv-F-s1,heldout,kv,kv-F,0.05,26,sd_old,15808,15780,0
kv-F-s1,heldout,kv,kv-F,0.05,26,belady,8633,8607,0
kv-F-s1,heldout,kv,kv-F,0.1,53,fifo,12137,12084,0
kv-F-s1,heldout,kv,kv-F,0.1,53,clock,10379,10326,0
kv-F-s1,heldout,kv,kv-F,0.1,53,aging,11708,11655,0
kv-F-s1,heldout,kv,kv-F,0.1,53,lru,10153,10100,0
kv-F-s1,heldout,kv,kv-F,0.1,53,lfu_exact,10502,10449,0
kv-F-s1,heldout,kv,kv-F,0.1,53,lfu_kernel,12088,12035,0
kv-F-s1,heldout,kv,kv-F,0.1,53,sd_old,11691,11638,0
kv-F-s1,heldout,kv,kv-F,0.1,53,belady,6104,6051,0
kv-F-s1,heldout,kv,kv-F,0.15,79,fifo,10046,9967,0
kv-F-s1,heldout,kv,kv-F,0.15,79,clock,8628,8549,0
kv-F-s1,heldout,kv,kv-F,0.15,79,aging,9820,9741,0
kv-F-s1,heldout,kv,kv-F,0.15,79,lru,8490,8411,0
kv-F-s1,heldout,kv,kv-F,0.15,79,lfu_exact,9002,8923,0
kv-F-s1,heldout,kv,kv-F,0.15,79,lfu_kernel,10031,9952,0
kv-F-s1,heldout,kv,kv-F,0.15,79,sd_old,9623,9544,0
kv-F-s1,heldout,kv,kv-F,0.15,79,belady,4787,4708,0
kv-F-s1,heldout,kv,kv-F,0.2,106,fifo,8534,8428,0
kv-F-s1,heldout,kv,kv-F,0.2,106,clock,7329,7223,0
kv-F-s1,heldout,kv,kv-F,0.2,106,aging,8403,8297,0
kv-F-s1,heldout,kv,kv-F,0.2,106,lru,7224,7118,0
kv-F-s1,heldout,kv,kv-F,0.2,106,lfu_exact,7727,7621,0
kv-F-s1,heldout,kv,kv-F,0.2,106,lfu_kernel,8532,8426,0
kv-F-s1,heldout,kv,kv-F,0.2,106,sd_old,8116,8010,0
kv-F-s1,heldout,kv,kv-F,0.2,106,belady,3888,3782,0
kv-F-s1,heldout,kv,kv-F,0.25,132,fifo,7443,7311,0
kv-F-s1,heldout,kv,kv-F,0.25,132,clock,6387,6255,0
kv-F-s1,heldout,kv,kv-F,0.25,132,aging,7338,7206,0
kv-F-s1,heldout,kv,kv-F,0.25,132,lru,6306,6174,0
kv-F-s1,heldout,kv,kv-F,0.25,132,lfu_exact,6705,6573,0
kv-F-s1,heldout,kv,kv-F,0.25,132,lfu_kernel,7429,7297,0
kv-F-s1,heldout,kv,kv-F,0.25,132,sd_old,7050,6918,0
kv-F-s1,heldout,kv,kv-F,0.25,132,belady,3249,3117,0
kv-F-s1,heldout,kv,kv-F,0.3,158,fifo,6597,6439,0
kv-F-s1,heldout,kv,kv-F,0.3,158,clock,5654,5496,0
kv-F-s1,heldout,kv,kv-F,0.3,158,aging,6536,6378,0
kv-F-s1,heldout,kv,kv-F,0.3,158,lru,5513,5355,0
kv-F-s1,heldout,kv,kv-F,0.3,158,lfu_exact,5791,5633,0
kv-F-s1,heldout,kv,kv-F,0.3,158,lfu_kernel,6591,6433,0
kv-F-s1,heldout,kv,kv-F,0.3,158,sd_old,6186,6028,0
kv-F-s1,heldout,kv,kv-F,0.3,158,belady,2750,2592,0
btree-scan-s4,heldout,btree,btree-scan,0.05,108,fifo,216590,22912,0
btree-scan-s4,heldout,btree,btree-scan,0.05,108,clock,204050,22712,0
btree-scan-s4,heldout,btree,btree-scan,0.05,108,aging,214479,22875,0
btree-scan-s4,heldout,btree,btree-scan,0.05,108,lru,203316,22650,0
btree-scan-s4,heldout,btree,btree-scan,0.05,108,lfu_exact,175563,21911,0
btree-scan-s4,heldout,btree,btree-scan,0.05,108,lfu_kernel,216561,22904,0
btree-scan-s4,heldout,btree,btree-scan,0.05,108,sd_old,213234,22715,0
btree-scan-s4,heldout,btree,btree-scan,0.05,108,belady,139523,17604,0
btree-scan-s4,heldout,btree,btree-scan,0.1,216,fifo,188013,19940,0
btree-scan-s4,heldout,btree,btree-scan,0.1,216,clock,176397,19563,0
btree-scan-s4,heldout,btree,btree-scan,0.1,216,aging,187104,19925,0
btree-scan-s4,heldout,btree,btree-scan,0.1,216,lru,175346,19493,0
btree-scan-s4,heldout,btree,btree-scan,0.1,216,lfu_exact,150785,18652,0
btree-scan-s4,heldout,btree,btree-scan,0.1,216,lfu_kernel,188001,19939,0
btree-scan-s4,heldout,btree,btree-scan,0.1,216,sd_old,184900,19509,0
btree-scan-s4,heldout,btree,btree-scan,0.1,216,belady,110128,12783,0
btree-scan-s4,heldout,btree,btree-scan,0.15,325,fifo,168300,17411,0
btree-scan-s4,heldout,btree,btree-scan,0.15,325,clock,157700,16924,0
btree-scan-s4,heldout,btree,btree-scan,0.15,325,aging,167750,17388,0
btree-scan-s4,heldout,btree,btree-scan,0.15,325,lru,157281,16812,0
btree-scan-s4,heldout,btree,btree-scan,0.15,325,lfu_exact,138211,16003,0
btree-scan-s4,heldout,btree,btree-scan,0.15,325,lfu_kernel,168282,17409,0
btree-scan-s4,heldout,btree,btree-scan,0.15,325,sd_old,165353,16818,0
btree-scan-s4,heldout,btree,btree-scan,0.15,325,belady,91229,9775,0
btree-scan-s4,heldout,btree,btree-scan,0.2,433,fifo,152255,15117,0
btree-scan-s4,heldout,btree,btree-scan,0.2,433,clock,142645,14547,0
btree-scan-s4,heldout,btree,btree-scan,0.2,433,aging,151916,15096,0
btree-scan-s4,heldout,btree,btree-scan,0.2,433,lru,142623,14536,0
btree-scan-s4,heldout,btree,btree-scan,0.2,433,lfu_exact,127151,13768,0
btree-scan-s4,heldout,btree,btree-scan,0.2,433,lfu_kernel,152258,15120,0
btree-scan-s4,heldout,btree,btree-scan,0.2,433,sd_old,149747,14560,0
btree-scan-s4,heldout,btree,btree-scan,0.2,433,belady,77199,7815,0
btree-scan-s4,heldout,btree,btree-scan,0.25,541,fifo,138659,13218,0
btree-scan-s4,heldout,btree,btree-scan,0.25,541,clock,129524,12571,0
btree-scan-s4,heldout,btree,btree-scan,0.25,541,aging,138383,13205,0
btree-scan-s4,heldout,btree,btree-scan,0.25,541,lru,129424,12469,0
btree-scan-s4,heldout,btree,btree-scan,0.25,541,lfu_exact,116804,11820,0
btree-scan-s4,heldout,btree,btree-scan,0.25,541,lfu_kernel,138666,13220,0
btree-scan-s4,heldout,btree,btree-scan,0.25,541,sd_old,136425,12504,0
btree-scan-s4,heldout,btree,btree-scan,0.25,541,belady,65921,6417,0
btree-scan-s4,heldout,btree,btree-scan,0.3,649,fifo,126085,11528,0
btree-scan-s4,heldout,btree,btree-scan,0.3,649,clock,117773,10865,0
btree-scan-s4,heldout,btree,btree-scan,0.3,649,aging,125903,11518,0
btree-scan-s4,heldout,btree,btree-scan,0.3,649,lru,117653,10813,0
btree-scan-s4,heldout,btree,btree-scan,0.3,649,lfu_exact,107211,10092,0
btree-scan-s4,heldout,btree,btree-scan,0.3,649,lfu_kernel,126083,11528,0
btree-scan-s4,heldout,btree,btree-scan,0.3,649,sd_old,124257,10847,0
btree-scan-s4,heldout,btree,btree-scan,0.3,649,belady,56696,5389,0
btree-scan-s5,heldout,btree,btree-scan,0.05,108,fifo,215713,22938,0
btree-scan-s5,heldout,btree,btree-scan,0.05,108,clock,202988,22756,0
btree-scan-s5,heldout,btree,btree-scan,0.05,108,aging,213617,22914,0
btree-scan-s5,heldout,btree,btree-scan,0.05,108,lru,202058,22696,0
btree-scan-s5,heldout,btree,btree-scan,0.05,108,lfu_exact,175685,21925,0
btree-scan-s5,heldout,btree,btree-scan,0.05,108,lfu_kernel,215690,22939,0
btree-scan-s5,heldout,btree,btree-scan,0.05,108,sd_old,212437,22744,0
btree-scan-s5,heldout,btree,btree-scan,0.05,108,belady,139655,17636,0
btree-scan-s5,heldout,btree,btree-scan,0.1,217,fifo,187323,19967,0
btree-scan-s5,heldout,btree,btree-scan,0.1,217,clock,175636,19600,0
btree-scan-s5,heldout,btree,btree-scan,0.1,217,aging,186422,19944,0
btree-scan-s5,heldout,btree,btree-scan,0.1,217,lru,174863,19493,0
btree-scan-s5,heldout,btree,btree-scan,0.1,217,lfu_exact,150413,18557,0
btree-scan-s5,heldout,btree,btree-scan,0.1,217,lfu_kernel,187315,19969,0
btree-scan-s5,heldout,btree,btree-scan,0.1,217,sd_old,184111,19509,0
btree-scan-s5,heldout,btree,btree-scan,0.1,217,belady,110274,12732,0
btree-scan-s5,heldout,btree,btree-scan,0.15,326,fifo,168035,17357,0
btree-scan-s5,heldout,btree,btree-scan,0.15,326,clock,157751,16859,0
btree-scan-s5,heldout,btree,btree-scan,0.15,326,aging,167499,17337,0
btree-scan-s5,heldout,btree,btree-scan,0.15,326,lru,157415,16781,0
btree-scan-s5,heldout,btree,btree-scan,0.15,326,lfu_exact,137784,15905,0
btree-scan-s5,heldout,btree,btree-scan,0.15,326,lfu_kernel,168032,17355,0
btree-scan-s5,heldout,btree,btree-scan,0.15,326,sd_old,165180,16822,0
btree-scan-s5,heldout,btree,btree-scan,0.15,326,belady,91282,9709,0
btree-scan-s5,heldout,btree,btree-scan,0.2,434,fifo,152463,15143,0
btree-scan-s5,heldout,btree,btree-scan,0.2,434,clock,143145,14539,0
btree-scan-s5,heldout,btree,btree-scan,0.2,434,aging,152091,15123,0
btree-scan-s5,heldout,btree,btree-scan,0.2,434,lru,143134,14501,0
btree-scan-s5,heldout,btree,btree-scan,0.2,434,lfu_exact,126803,13735,0
btree-scan-s5,heldout,btree,btree-scan,0.2,434,lfu_kernel,152465,15142,0
btree-scan-s5,heldout,btree,btree-scan,0.2,434,sd_old,149939,14530,0
btree-scan-s5,heldout,btree,btree-scan,0.2,434,belady,77342,7789,0
btree-scan-s5,heldout,btree,btree-scan,0.25,542,fifo,138906,13132,0
btree-scan-s5,heldout,btree,btree-scan,0.25,542,clock,130203,12581,0
btree-scan-s5,heldout,btree,btree-scan,0.25,542,aging,138683,13126,0
btree-scan-s5,heldout,btree,btree-scan,0.25,542,lru,130076,12411,0
btree-scan-s5,heldout,btree,btree-scan,0.25,542,lfu_exact,116737,11859,0
btree-scan-s5,heldout,btree,btree-scan,0.25,542,lfu_kernel,138908,13129,0
btree-scan-s5,heldout,btree,btree-scan,0.25,542,sd_old,136797,12443,0
btree-scan-s5,heldout,btree,btree-scan,0.25,542,belady,66096,6373,0
btree-scan-s5,heldout,btree,btree-scan,0.3,651,fifo,126414,11459,0
btree-scan-s5,heldout,btree,btree-scan,0.3,651,clock,118311,10733,0
btree-scan-s5,heldout,btree,btree-scan,0.3,651,aging,126195,11436,0
btree-scan-s5,heldout,btree,btree-scan,0.3,651,lru,118212,10671,0
btree-scan-s5,heldout,btree,btree-scan,0.3,651,lfu_exact,106926,10162,0
btree-scan-s5,heldout,btree,btree-scan,0.3,651,lfu_kernel,126410,11455,0
btree-scan-s5,heldout,btree,btree-scan,0.3,651,sd_old,124583,10696,0
btree-scan-s5,heldout,btree,btree-scan,0.3,651,belady,56804,5341,0
kv-Avsize-s3,train,kv,kv-Avsize,0.05,34,fifo,38146,21511,0
kv-Avsize-s3,train,kv,kv-Avsize,0.05,34,clock,34856,19496,0
kv-Avsize-s3,train,kv,kv-Avsize,0.05,34,aging,37338,21138,0
kv-Avsize-s3,train,kv,kv-Avsize,0.05,34,lru,34350,19288,0
kv-Avsize-s3,train,kv,kv-Avsize,0.05,34,lfu_exact,38167,20801,0
kv-Avsize-s3,train,kv,kv-Avsize,0.05,34,lfu_kernel,38015,21455,0
kv-Avsize-s3,train,kv,kv-Avsize,0.05,34,sd_old,37656,21152,0
kv-Avsize-s3,train,kv,kv-Avsize,0.05,34,belady,19146,12667,0
kv-Avsize-s3,train,kv,kv-Avsize,0.1,68,fifo,24888,16389,0
kv-Avsize-s3,train,kv,kv-Avsize,0.1,68,clock,20382,13025,0
kv-Avsize-s3,train,kv,kv-Avsize,0.1,68,aging,24571,16189,0
kv-Avsize-s3,train,kv,kv-Avsize,0.1,68,lru,19550,12667,0
kv-Avsize-s3,train,kv,kv-Avsize,0.1,68,lfu_exact,23642,14341,0
kv-Avsize-s3,train,kv,kv-Avsize,0.1,68,lfu_kernel,24868,16378,0
kv-Avsize-s3,train,kv,kv-Avsize,0.1,68,sd_old,23481,15369,0
kv-Avsize-s3,train,kv,kv-Avsize,0.1,68,belady,10125,6931,0
kv-Avsize-s3,train,kv,kv-Avsize,0.15,101,fifo,18524,13037,0
kv-Avsize-s3,train,kv,kv-Avsize,0.15,101,clock,14254,9545,0
kv-Avsize-s3,train,kv,kv-Avsize,0.15,101,aging,18333,12887,0
kv-Avsize-s3,train,kv,kv-Avsize,0.15,101,lru,13650,9220,0
kv-Avsize-s3,train,kv,kv-Avsize,0.15,101,lfu_exact,18557,11454,0
kv-Avsize-s3,train,kv,kv-Avsize,0.15,101,lfu_kernel,18531,13056,0
kv-Avsize-s3,train,kv,kv-Avsize,0.15,101,sd_old,16694,11558,0
kv-Avsize-s3,train,kv,kv-Avsize,0.15,101,belady,7183,5014,0
kv-Avsize-s3,train,kv,kv-Avsize,0.2,135,fifo,14708,10729,0
kv-Avsize-s3,train,kv,kv-Avsize,0.2,135,clock,10929,7444,0
kv-Avsize-s3,train,kv,kv-Avsize,0.2,135,aging,14572,10622,0
kv-Avsize-s3,train,kv,kv-Avsize,0.2,135,lru,10573,7158,0
kv-Avsize-s3,train,kv,kv-Avsize,0.2,135,lfu_exact,15301,9668,0
kv-Avsize-s3,train,kv,kv-Avsize,0.2,135,lfu_kernel,14697,10725,0
kv-Avsize-s3,train,kv,kv-Avsize,0.2,135,sd_old,12746,9037,0
kv-Avsize-s3,train,kv,kv-Avsize,0.2,135,belady,5515,3923,0
kv-Avsize-s3,train,kv,kv-Avsize,0.25,169,fifo,11939,8967,0
kv-Avsize-s3,train,kv,kv-Avsize,0.25,169,clock,8850,6069,0
kv-Avsize-s3,train,kv,kv-Avsize,0.25,169,aging,11822,8859,0
kv-Avsize-s3,train,kv,kv-Avsize,0.25,169,lru,8518,5785,0
kv-Avsize-s3,train,kv,kv-Avsize,0.25,169,lfu_exact,12932,8386,0
kv-Avsize-s3,train,kv,kv-Avsize,0.25,169,lfu_kernel,11912,8945,0
kv-Avsize-s3,train,kv,kv-Avsize,0.25,169,sd_old,9850,7077,0
kv-Avsize-s3,train,kv,kv-Avsize,0.25,169,belady,4421,3218,0
kv-Avsize-s3,train,kv,kv-Avsize,0.3,203,fifo,9903,7556,0
kv-Avsize-s3,train,kv,kv-Avsize,0.3,203,clock,7428,5094,0
kv-Avsize-s3,train,kv,kv-Avsize,0.3,203,aging,9801,7490,0
kv-Avsize-s3,train,kv,kv-Avsize,0.3,203,lru,7160,4906,0
kv-Avsize-s3,train,kv,kv-Avsize,0.3,203,lfu_exact,11121,7359,0
kv-Avsize-s3,train,kv,kv-Avsize,0.3,203,lfu_kernel,9904,7556,0
kv-Avsize-s3,train,kv,kv-Avsize,0.3,203,sd_old,7972,5723,0
kv-Avsize-s3,train,kv,kv-Avsize,0.3,203,belady,3625,2672,0
btree-lookup-s1,train,btree,btree-lookup,0.05,110,fifo,126418,22949,0
btree-lookup-s1,train,btree,btree-lookup,0.05,110,clock,112780,22763,0
btree-lookup-s1,train,btree,btree-lookup,0.05,110,aging,124689,22927,0
btree-lookup-s1,train,btree,btree-lookup,0.05,110,lru,111606,22728,0
btree-lookup-s1,train,btree,btree-lookup,0.05,110,lfu_exact,93443,21889,0
btree-lookup-s1,train,btree,btree-lookup,0.05,110,lfu_kernel,126367,22943,0
btree-lookup-s1,train,btree,btree-lookup,0.05,110,sd_old,123163,22771,0
btree-lookup-s1,train,btree,btree-lookup,0.05,110,belady,69702,17534,0
btree-lookup-s1,train,btree,btree-lookup,0.1,221,fifo,99651,19886,0
btree-lookup-s1,train,btree,btree-lookup,0.1,221,clock,88122,19533,0
btree-lookup-s1,train,btree,btree-lookup,0.1,221,aging,98975,19861,0
btree-lookup-s1,train,btree,btree-lookup,0.1,221,lru,88080,19477,0
btree-lookup-s1,train,btree,btree-lookup,0.1,221,lfu_exact,69087,18521,0
btree-lookup-s1,train,btree,btree-lookup,0.1,221,lfu_kernel,99603,19878,0
btree-lookup-s1,train,btree,btree-lookup,0.1,221,sd_old,96521,19497,0
btree-lookup-s1,train,btree,btree-lookup,0.1,221,belady,49729,12623,0
btree-lookup-s1,train,btree,btree-lookup,0.15,331,fifo,83744,17274,0
btree-lookup-s1,train,btree,btree-lookup,0.15,331,clock,72799,16841,0
btree-lookup-s1,train,btree,btree-lookup,0.15,331,aging,83419,17252,0
btree-lookup-s1,train,btree,btree-lookup,0.15,331,lru,72840,16713,0
btree-lookup-s1,train,btree,btree-lookup,0.15,331,lfu_exact,61018,15832,0
btree-lookup-s1,train,btree,btree-lookup,0.15,331,lfu_kernel,83707,17263,0
btree-lookup-s1,train,btree,btree-lookup,0.15,331,sd_old,80908,16746,0
btree-lookup-s1,train,btree,btree-lookup,0.15,331,belady,39113,9633,0
btree-lookup-s1,train,btree,btree-lookup,0.2,442,fifo,72097,14983,0
btree-lookup-s1,train,btree,btree-lookup,0.2,442,clock,62114,14442,0
btree-lookup-s1,train,btree,btree-lookup,0.2,442,aging,71838,14966,0
btree-lookup-s1,train,btree,btree-lookup,0.2,442,lru,61402,14403,0
btree-lookup-s1,train,btree,btree-lookup,0.2,442,lfu_exact,54657,13620,0
btree-lookup-s1,train,btree,btree-lookup,0.2,442,lfu_kernel,72093,14984,0
btree-lookup-s1,train,btree,btree-lookup,0.2,442,sd_old,69668,14444,0
btree-lookup-s1,train,btree,btree-lookup,0.2,442,belady,32018,7560,0
btree-lookup-s1,train,btree,btree-lookup,0.25,552,fifo,63277,13055,0
btree-lookup-s1,train,btree,btree-lookup,0.25,552,clock,53826,12421,0
btree-lookup-s1,train,btree,btree-lookup,0.25,552,aging,63098,13042,0
btree-lookup-s1,train,btree,btree-lookup,0.25,552,lru,52822,12267,0
btree-lookup-s1,train,btree,btree-lookup,0.25,552,lfu_exact,49203,11732,0
btree-lookup-s1,train,btree,btree-lookup,0.25,552,lfu_kernel,63247,13044,0
btree-lookup-s1,train,btree,btree-lookup,0.25,552,sd_old,61069,12292,0
btree-lookup-s1,train,btree,btree-lookup,0.25,552,belady,26866,6169,0
btree-lookup-s1,train,btree,btree-lookup,0.3,662,fifo,55921,11372,0
btree-lookup-s1,train,btree,btree-lookup,0.3,662,clock,47370,10718,0
btree-lookup-s1,train,btree,btree-lookup,0.3,662,aging,55804,11361,0
btree-lookup-s1,train,btree,btree-lookup,0.3,662,lru,46266,10511,0
btree-lookup-s1,train,btree,btree-lookup,0.3,662,lfu_exact,44181,10078,0
btree-lookup-s1,train,btree,btree-lookup,0.3,662,lfu_kernel,55910,11377,0
btree-lookup-s1,train,btree,btree-lookup,0.3,662,sd_old,54018,10537,0
btree-lookup-s1,train,btree,btree-lookup,0.3,662,belady,22766,5091,0
kv-Avsize-s2,train,kv,kv-Avsize,0.05,33,fifo,34957,20826,0
kv-Avsize-s2,train,kv,kv-Avsize,0.05,33,clock,31369,18616,0
kv-Avsize-s2,train,kv,kv-Avsize,0.05,33,aging,34012,20412,0
kv-Avsize-s2,train,kv,kv-Avsize,0.05,33,lru,31163,18427,0
kv-Avsize-s2,train,kv,kv-Avsize,0.05,33,lfu_exact,35173,19282,0
kv-Avsize-s2,train,kv,kv-Avsize,0.05,33,lfu_kernel,34823,20809,0
kv-Avsize-s2,train,kv,kv-Avsize,0.05,33,sd_old,34402,20383,0
kv-Avsize-s2,train,kv,kv-Avsize,0.05,33,belady,17229,11194,0
kv-Avsize-s2,train,kv,kv-Avsize,0.1,66,fifo,23093,15509,0
kv-Avsize-s2,train,kv,kv-Avsize,0.1,66,clock,18840,12141,0
kv-Avsize-s2,train,kv,kv-Avsize,0.1,66,aging,22737,15291,0
kv-Avsize-s2,train,kv,kv-Avsize,0.1,66,lru,18225,11752,0
kv-Avsize-s2,train,kv,kv-Avsize,0.1,66,lfu_exact,23753,14187,0
kv-Avsize-s2,train,kv,kv-Avsize,0.1,66,lfu_kernel,23069,15497,0
kv-Avsize-s2,train,kv,kv-Avsize,0.1,66,sd_old,21827,14494,0
kv-Avsize-s2,train,kv,kv-Avsize,0.1,66,belady,9652,6503,0
kv-Avsize-s2,train,kv,kv-Avsize,0.15,100,fifo,17154,12097,0
kv-Avsize-s2,train,kv,kv-Avsize,0.15,100,clock,13355,8822,0
kv-Avsize-s2,train,kv,kv-Avsize,0.15,100,aging,16954,11937,0
kv-Avsize-s2,train,kv,kv-Avsize,0.15,100,lru,12712,8403,0
kv-Avsize-s2,train,kv,kv-Avsize,0.15,100,lfu_exact,18026,11205,0
kv-Avsize-s2,train,kv,kv-Avsize,0.15,100,lfu_kernel,17139,12084,0
kv-Avsize-s2,train,kv,kv-Avsize,0.15,100,sd_old,15595,10761,0
kv-Avsize-s2,train,kv,kv-Avsize,0.15,100,belady,6854,4715,0
kv-Avsize-s2,train,kv,kv-Avsize,0.2,133,fifo,13797,10009,0
kv-Avsize-s2,train,kv,kv-Avsize,0.2,133,clock,10404,6940,0
kv-Avsize-s2,train,kv,kv-Avsize,0.2,133,aging,13693,9924,0
kv-Avsize-s2,train,kv,kv-Avsize,0.2,133,lru,10053,6713,0
kv-Avsize-s2,train,kv,kv-Avsize,0.2,133,lfu_exact,15138,9606,0
kv-Avsize-s2,train,kv,kv-Avsize,0.2,133,lfu_kernel,13794,10001,0
kv-Avsize-s2,train,kv,kv-Avsize,0.2,133,sd_old,12138,8533,0
kv-Avsize-s2,train,kv,kv-Avsize,0.2,133,belady,5335,3769,0
kv-Avsize-s2,train,kv,kv-Avsize,0.25,166,fifo,11384,8417,0
kv-Avsize-s2,train,kv,kv-Avsize,0.25,166,clock,8577,5773,0
kv-Avsize-s2,train,kv,kv-Avsize,0.25,166,aging,11296,8343,0
kv-Avsize-s2,train,kv,kv-Avsize,0.25,166,lru,8363,5613,0
kv-Avsize-s2,train,kv,kv-Avsize,0.25,166,lfu_exact,12796,8212,0
kv-Avsize-s2,train,kv,kv-Avsize,0.25,166,lfu_kernel,11381,8412,0
kv-Avsize-s2,train,kv,kv-Avsize,0.25,166,sd_old,9656,6811,0
kv-Avsize-s2,train,kv,kv-Avsize,0.25,166,belady,4293,3099,0
kv-Avsize-s2,train,kv,kv-Avsize,0.3,199,fifo,9516,7145,0
kv-Avsize-s2,train,kv,kv-Avsize,0.3,199,clock,7215,4874,0
kv-Avsize-s2,train,kv,kv-Avsize,0.3,199,aging,9428,7080,0
kv-Avsize-s2,train,kv,kv-Avsize,0.3,199,lru,7108,4802,0
kv-Avsize-s2,train,kv,kv-Avsize,0.3,199,lfu_exact,10983,7152,0
kv-Avsize-s2,train,kv,kv-Avsize,0.3,199,lfu_kernel,9494,7135,0
kv-Avsize-s2,train,kv,kv-Avsize,0.3,199,sd_old,7896,5569,0
kv-Avsize-s2,train,kv,kv-Avsize,0.3,199,belady,3541,2593,0
kv-Avsize-s5,test,kv,kv-Avsize,0.05,34,fifo,36327,21411,0
kv-Avsize-s5,test,kv,kv-Avsize,0.05,34,clock,32780,19399,0
kv-Avsize-s5,test,kv,kv-Avsize,0.05,34,aging,35271,20970,0
kv-Avsize-s5,test,kv,kv-Avsize,0.05,34,lru,32645,19198,0
kv-Avsize-s5,test,kv,kv-Avsize,0.05,34,lfu_exact,36827,20616,0
kv-Avsize-s5,test,kv,kv-Avsize,0.05,34,lfu_kernel,36231,21379,0
kv-Avsize-s5,test,kv,kv-Avsize,0.05,34,sd_old,35850,21041,0
kv-Avsize-s5,test,kv,kv-Avsize,0.05,34,belady,18147,12109,0
kv-Avsize-s5,test,kv,kv-Avsize,0.1,67,fifo,24259,16297,0
kv-Avsize-s5,test,kv,kv-Avsize,0.1,67,clock,20066,13097,0
kv-Avsize-s5,test,kv,kv-Avsize,0.1,67,aging,23845,16041,0
kv-Avsize-s5,test,kv,kv-Avsize,0.1,67,lru,19594,12737,0
kv-Avsize-s5,test,kv,kv-Avsize,0.1,67,lfu_exact,24111,15016,0
kv-Avsize-s5,test,kv,kv-Avsize,0.1,67,lfu_kernel,24204,16252,0
kv-Avsize-s5,test,kv,kv-Avsize,0.1,67,sd_old,23115,15333,0
kv-Avsize-s5,test,kv,kv-Avsize,0.1,67,belady,10018,6905,0
kv-Avsize-s5,test,kv,kv-Avsize,0.15,101,fifo,17899,12834,0
kv-Avsize-s5,test,kv,kv-Avsize,0.15,101,clock,13942,9417,0
kv-Avsize-s5,test,kv,kv-Avsize,0.15,101,aging,17729,12693,0
kv-Avsize-s5,test,kv,kv-Avsize,0.15,101,lru,13317,9070,0
kv-Avsize-s5,test,kv,kv-Avsize,0.15,101,lfu_exact,19170,12192,0
kv-Avsize-s5,test,kv,kv-Avsize,0.15,101,lfu_kernel,17878,12829,0
kv-Avsize-s5,test,kv,kv-Avsize,0.15,101,sd_old,16332,11499,0
kv-Avsize-s5,test,kv,kv-Avsize,0.15,101,belady,7057,4966,0
kv-Avsize-s5,test,kv,kv-Avsize,0.2,134,fifo,14264,10517,0
kv-Avsize-s5,test,kv,kv-Avsize,0.2,134,clock,10674,7330,0
kv-Avsize-s5,test,kv,kv-Avsize,0.2,134,aging,14160,10438,0
kv-Avsize-s5,test,kv,kv-Avsize,0.2,134,lru,10367,7127,0
kv-Avsize-s5,test,kv,kv-Avsize,0.2,134,lfu_exact,15823,10129,0
kv-Avsize-s5,test,kv,kv-Avsize,0.2,134,lfu_kernel,14264,10522,0
kv-Avsize-s5,test,kv,kv-Avsize,0.2,134,sd_old,12456,8967,0
kv-Avsize-s5,test,kv,kv-Avsize,0.2,134,belady,5486,3924,0
kv-Avsize-s5,test,kv,kv-Avsize,0.25,168,fifo,11683,8809,0
kv-Avsize-s5,test,kv,kv-Avsize,0.25,168,clock,8749,6072,0
kv-Avsize-s5,test,kv,kv-Avsize,0.25,168,aging,11587,8745,0
kv-Avsize-s5,test,kv,kv-Avsize,0.25,168,lru,8480,5855,0
kv-Avsize-s5,test,kv,kv-Avsize,0.25,168,lfu_exact,13052,8530,0
kv-Avsize-s5,test,kv,kv-Avsize,0.25,168,lfu_kernel,11684,8813,0
kv-Avsize-s5,test,kv,kv-Avsize,0.25,168,sd_old,9950,7212,0
kv-Avsize-s5,test,kv,kv-Avsize,0.25,168,belady,4379,3188,0
kv-Avsize-s5,test,kv,kv-Avsize,0.3,202,fifo,9785,7507,0
kv-Avsize-s5,test,kv,kv-Avsize,0.3,202,clock,7285,5076,0
kv-Avsize-s5,test,kv,kv-Avsize,0.3,202,aging,9721,7450,0
kv-Avsize-s5,test,kv,kv-Avsize,0.3,202,lru,7166,4978,0
kv-Avsize-s5,test,kv,kv-Avsize,0.3,202,lfu_exact,11076,7352,0
kv-Avsize-s5,test,kv,kv-Avsize,0.3,202,lfu_kernel,9774,7504,0
kv-Avsize-s5,test,kv,kv-Avsize,0.3,202,sd_old,8004,5791,0
kv-Avsize-s5,test,kv,kv-Avsize,0.3,202,belady,3598,2655,0
btree-lookup-s5,test,btree,btree-lookup,0.05,108,fifo,122997,22938,0
btree-lookup-s5,test,btree,btree-lookup,0.05,108,clock,110760,22756,0
btree-lookup-s5,test,btree,btree-lookup,0.05,108,aging,121682,22914,0
btree-lookup-s5,test,btree,btree-lookup,0.05,108,lru,109785,22696,0
btree-lookup-s5,test,btree,btree-lookup,0.05,108,lfu_exact,92011,21925,0
btree-lookup-s5,test,btree,btree-lookup,0.05,108,lfu_kernel,122933,22939,0
btree-lookup-s5,test,btree,btree-lookup,0.05,108,sd_old,119716,22744,0
btree-lookup-s5,test,btree,btree-lookup,0.05,108,belady,68791,17633,0
btree-lookup-s5,test,btree,btree-lookup,0.1,217,fifo,98041,19967,0
btree-lookup-s5,test,btree,btree-lookup,0.1,217,clock,87226,19599,0
btree-lookup-s5,test,btree,btree-lookup,0.1,217,aging,97504,19944,0
btree-lookup-s5,test,btree,btree-lookup,0.1,217,lru,87381,19485,0
btree-lookup-s5,test,btree,btree-lookup,0.1,217,lfu_exact,67773,18556,0
btree-lookup-s5,test,btree,btree-lookup,0.1,217,lfu_kernel,98003,19969,0
btree-lookup-s5,test,btree,btree-lookup,0.1,217,sd_old,94836,19509,0
btree-lookup-s5,test,btree,btree-lookup,0.1,217,belady,49015,12732,0
btree-lookup-s5,test,btree,btree-lookup,0.15,326,fifo,82509,17357,0
btree-lookup-s5,test,btree,btree-lookup,0.15,326,clock,72118,16849,0
btree-lookup-s5,test,btree,btree-lookup,0.15,326,aging,82196,17337,0
btree-lookup-s5,test,btree,btree-lookup,0.15,326,lru,71927,16767,0
btree-lookup-s5,test,btree,btree-lookup,0.15,326,lfu_exact,60031,15897,0
btree-lookup-s5,test,btree,btree-lookup,0.15,326,lfu_kernel,82481,17355,0
btree-lookup-s5,test,btree,btree-lookup,0.15,326,sd_old,79645,16822,0
btree-lookup-s5,test,btree,btree-lookup,0.15,326,belady,38500,9677,0
btree-lookup-s5,test,btree,btree-lookup,0.2,434,fifo,71226,15143,0
btree-lookup-s5,test,btree,btree-lookup,0.2,434,clock,61344,14525,0
btree-lookup-s5,test,btree,btree-lookup,0.2,434,aging,71014,15123,0
btree-lookup-s5,test,btree,btree-lookup,0.2,434,lru,60663,14494,0
btree-lookup-s5,test,btree,btree-lookup,0.2,434,lfu_exact,53953,13724,0
btree-lookup-s5,test,btree,btree-lookup,0.2,434,lfu_kernel,71208,15142,0
btree-lookup-s5,test,btree,btree-lookup,0.2,434,sd_old,68695,14530,0
btree-lookup-s5,test,btree,btree-lookup,0.2,434,belady,31692,7695,0
btree-lookup-s5,test,btree,btree-lookup,0.25,542,fifo,62135,13132,0
btree-lookup-s5,test,btree,btree-lookup,0.25,542,clock,53222,12573,0
btree-lookup-s5,test,btree,btree-lookup,0.25,542,aging,62012,13126,0
btree-lookup-s5,test,btree,btree-lookup,0.25,542,lru,52090,12409,0
btree-lookup-s5,test,btree,btree-lookup,0.25,542,lfu_exact,48561,11849,0
btree-lookup-s5,test,btree,btree-lookup,0.25,542,lfu_kernel,62124,13129,0
btree-lookup-s5,test,btree,btree-lookup,0.25,542,sd_old,60001,12443,0
btree-lookup-s5,test,btree,btree-lookup,0.25,542,belady,26584,6230,0
btree-lookup-s5,test,btree,btree-lookup,0.3,651,fifo,54974,11459,0
btree-lookup-s5,test,btree,btree-lookup,0.3,651,clock,46602,10730,0
btree-lookup-s5,test,btree,btree-lookup,0.3,651,aging,54872,11436,0
btree-lookup-s5,test,btree,btree-lookup,0.3,651,lru,45651,10671,0
btree-lookup-s5,test,btree,btree-lookup,0.3,651,lfu_exact,43640,10141,0
btree-lookup-s5,test,btree,btree-lookup,0.3,651,lfu_kernel,54954,11455,0
btree-lookup-s5,test,btree,btree-lookup,0.3,651,sd_old,53129,10696,0
btree-lookup-s5,test,btree,btree-lookup,0.3,651,belady,22492,5188,0
btree-lookup-s3,train,btree,btree-lookup,0.05,109,fifo,123499,22796,0
btree-lookup-s3,train,btree,btree-lookup,0.05,109,clock,111324,22612,0
btree-lookup-s3,train,btree,btree-lookup,0.05,109,aging,122180,22754,0
btree-lookup-s3,train,btree,btree-lookup,0.05,109,lru,110107,22555,0
btree-lookup-s3,train,btree,btree-lookup,0.05,109,lfu_exact,92380,21899,0
btree-lookup-s3,train,btree,btree-lookup,0.05,109,lfu_kernel,123437,22790,0
btree-lookup-s3,train,btree,btree-lookup,0.05,109,sd_old,120247,22610,0
btree-lookup-s3,train,btree,btree-lookup,0.05,109,belady,68850,17465,0
btree-lookup-s3,train,btree,btree-lookup,0.1,218,fifo,98118,19724,0
btree-lookup-s3,train,btree,btree-lookup,0.1,218,clock,87441,19478,0
btree-lookup-s3,train,btree,btree-lookup,0.1,218,aging,97616,19691,0
btree-lookup-s3,train,btree,btree-lookup,0.1,218,lru,87370,19350,0
btree-lookup-s3,train,btree,btree-lookup,0.1,218,lfu_exact,68301,18692,0
btree-lookup-s3,train,btree,btree-lookup,0.1,218,lfu_kernel,98095,19723,0
btree-lookup-s3,train,btree,btree-lookup,0.1,218,sd_old,95053,19378,0
btree-lookup-s3,train,btree,btree-lookup,0.1,218,belady,49328,12707,0
btree-lookup-s3,train,btree,btree-lookup,0.15,328,fifo,82733,17274,0
btree-lookup-s3,train,btree,btree-lookup,0.15,328,clock,72153,16719,0
btree-lookup-s3,train,btree,btree-lookup,0.15,328,aging,82445,17261,0
btree-lookup-s3,train,btree,btree-lookup,0.15,328,lru,72191,16750,0
btree-lookup-s3,train,btree,btree-lookup,0.15,328,lfu_exact,60506,15989,0
btree-lookup-s3,train,btree,btree-lookup,0.15,328,lfu_kernel,82706,17274,0
btree-lookup-s3,train,btree,btree-lookup,0.15,328,sd_old,79935,16763,0
btree-lookup-s3,train,btree,btree-lookup,0.15,328,belady,38747,9680,0
btree-lookup-s3,train,btree,btree-lookup,0.2,437,fifo,71442,15083,0
btree-lookup-s3,train,btree,btree-lookup,0.2,437,clock,61546,14508,0
btree-lookup-s3,train,btree,btree-lookup,0.2,437,aging,71285,15079,0
btree-lookup-s3,train,btree,btree-lookup,0.2,437,lru,60784,14429,0
btree-lookup-s3,train,btree,btree-lookup,0.2,437,lfu_exact,54329,13711,0
btree-lookup-s3,train,btree,btree-lookup,0.2,437,lfu_kernel,71410,15085,0
btree-lookup-s3,train,btree,btree-lookup,0.2,437,sd_old,68916,14474,0
btree-lookup-s3,train,btree,btree-lookup,0.2,437,belady,31864,7683,0
btree-lookup-s3,train,btree,btree-lookup,0.25,546,fifo,62594,13171,0
btree-lookup-s3,train,btree,btree-lookup,0.25,546,clock,53363,12471,0
btree-lookup-s3,train,btree,btree-lookup,0.25,546,aging,62430,13136,0
btree-lookup-s3,train,btree,btree-lookup,0.25,546,lru,52489,12367,0
btree-lookup-s3,train,btree,btree-lookup,0.25,546,lfu_exact,48863,11786,0
btree-lookup-s3,train,btree,btree-lookup,0.25,546,lfu_kernel,62576,13172,0
btree-lookup-s3,train,btree,btree-lookup,0.25,546,sd_old,60347,12403,0
btree-lookup-s3,train,btree,btree-lookup,0.25,546,belady,26745,6244,0
btree-lookup-s3,train,btree,btree-lookup,0.3,655,fifo,55444,11481,0
btree-lookup-s3,train,btree,btree-lookup,0.3,655,clock,46967,10813,0
btree-lookup-s3,train,btree,btree-lookup,0.3,655,aging,55333,11457,0
btree-lookup-s3,train,btree,btree-lookup,0.3,655,lru,46075,10717,0
btree-lookup-s3,train,btree,btree-lookup,0.3,655,lfu_exact,44024,10145,0
btree-lookup-s3,train,btree,btree-lookup,0.3,655,lfu_kernel,55417,11474,0
btree-lookup-s3,train,btree,btree-lookup,0.3,655,sd_old,53596,10746,0
btree-lookup-s3,train,btree,btree-lookup,0.3,655,belady,22681,5178,0
btree-lookup-s4,val,btree,btree-lookup,0.05,108,fifo,123601,22912,0
btree-lookup-s4,val,btree,btree-lookup,0.05,108,clock,111253,22712,0
btree-lookup-s4,val,btree,btree-lookup,0.05,108,aging,122268,22875,0
btree-lookup-s4,val,btree,btree-lookup,0.05,108,lru,110206,22650,0
btree-lookup-s4,val,btree,btree-lookup,0.05,108,lfu_exact,91621,21911,0
btree-lookup-s4,val,btree,btree-lookup,0.05,108,lfu_kernel,123530,22904,0
btree-lookup-s4,val,btree,btree-lookup,0.05,108,sd_old,120242,22715,0
btree-lookup-s4,val,btree,btree-lookup,0.05,108,belady,68578,17596,0
btree-lookup-s4,val,btree,btree-lookup,0.1,216,fifo,98048,19940,0
btree-lookup-s4,val,btree,btree-lookup,0.1,216,clock,87070,19563,0
btree-lookup-s4,val,btree,btree-lookup,0.1,216,aging,97548,19925,0
btree-lookup-s4,val,btree,btree-lookup,0.1,216,lru,87075,19489,0
btree-lookup-s4,val,btree,btree-lookup,0.1,216,lfu_exact,67937,18650,0
btree-lookup-s4,val,btree,btree-lookup,0.1,216,lfu_kernel,97995,19939,0
btree-lookup-s4,val,btree,btree-lookup,0.1,216,sd_old,94913,19509,0
btree-lookup-s4,val,btree,btree-lookup,0.1,216,belady,49021,12783,0
btree-lookup-s4,val,btree,btree-lookup,0.15,325,fifo,82355,17411,0
btree-lookup-s4,val,btree,btree-lookup,0.15,325,clock,71818,16913,0
btree-lookup-s4,val,btree,btree-lookup,0.15,325,aging,82059,17388,0
btree-lookup-s4,val,btree,btree-lookup,0.15,325,lru,71537,16796,0
btree-lookup-s4,val,btree,btree-lookup,0.15,325,lfu_exact,60227,15996,0
btree-lookup-s4,val,btree,btree-lookup,0.15,325,lfu_kernel,82322,17409,0
btree-lookup-s4,val,btree,btree-lookup,0.15,325,sd_old,79405,16818,0
btree-lookup-s4,val,btree,btree-lookup,0.15,325,belady,38514,9751,0
btree-lookup-s4,val,btree,btree-lookup,0.2,433,fifo,71044,15117,0
btree-lookup-s4,val,btree,btree-lookup,0.2,433,clock,61029,14532,0
btree-lookup-s4,val,btree,btree-lookup,0.2,433,aging,70869,15096,0
btree-lookup-s4,val,btree,btree-lookup,0.2,433,lru,60380,14527,0
btree-lookup-s4,val,btree,btree-lookup,0.2,433,lfu_exact,54107,13754,0
btree-lookup-s4,val,btree,btree-lookup,0.2,433,lfu_kernel,71030,15120,0
btree-lookup-s4,val,btree,btree-lookup,0.2,433,sd_old,68520,14560,0
btree-lookup-s4,val,btree,btree-lookup,0.2,433,belady,31689,7722,0
btree-lookup-s4,val,btree,btree-lookup,0.25,541,fifo,62259,13218,0
btree-lookup-s4,val,btree,btree-lookup,0.25,541,clock,53023,12558,0
btree-lookup-s4,val,btree,btree-lookup,0.25,541,aging,62113,13205,0
btree-lookup-s4,val,btree,btree-lookup,0.25,541,lru,52033,12467,0
btree-lookup-s4,val,btree,btree-lookup,0.25,541,lfu_exact,48668,11806,0
btree-lookup-s4,val,btree,btree-lookup,0.25,541,lfu_kernel,62245,13220,0
btree-lookup-s4,val,btree,btree-lookup,0.25,541,sd_old,59999,12504,0
btree-lookup-s4,val,btree,btree-lookup,0.25,541,belady,26581,6281,0
btree-lookup-s4,val,btree,btree-lookup,0.3,649,fifo,54900,11528,0
btree-lookup-s4,val,btree,btree-lookup,0.3,649,clock,46806,10861,0
btree-lookup-s4,val,btree,btree-lookup,0.3,649,aging,54815,11518,0
btree-lookup-s4,val,btree,btree-lookup,0.3,649,lru,45750,10812,0
btree-lookup-s4,val,btree,btree-lookup,0.3,649,lfu_exact,43746,10071,0
btree-lookup-s4,val,btree,btree-lookup,0.3,649,lfu_kernel,54883,11528,0
btree-lookup-s4,val,btree,btree-lookup,0.3,649,sd_old,53049,10847,0
btree-lookup-s4,val,btree,btree-lookup,0.3,649,belady,22560,5231,0
btree-mixedwal-s1,train,btree,btree-mixedwal,0.05,89,fifo,85199,20445,0
btree-mixedwal-s1,train,btree,btree-mixedwal,0.05,89,clock,76666,19330,0
btree-mixedwal-s1,train,btree,btree-mixedwal,0.05,89,aging,83816,20257,0
btree-mixedwal-s1,train,btree,btree-mixedwal,0.05,89,lru,76177,19286,0
btree-mixedwal-s1,train,btree,btree-mixedwal,0.05,89,lfu_exact,72727,17426,0
btree-mixedwal-s1,train,btree,btree-mixedwal,0.05,89,lfu_kernel,85165,20436,0
btree-mixedwal-s1,train,btree,btree-mixedwal,0.05,89,sd_old,81443,19900,0
btree-mixedwal-s1,train,btree,btree-mixedwal,0.05,89,belady,46582,16855,0
btree-mixedwal-s1,train,btree,btree-mixedwal,0.1,177,fifo,64654,18208,0
btree-mixedwal-s1,train,btree,btree-mixedwal,0.1,177,clock,57793,17426,0
btree-mixedwal-s1,train,btree,btree-mixedwal,0.1,177,aging,64147,18132,0
btree-mixedwal-s1,train,btree,btree-mixedwal,0.1,177,lru,57767,17333,0
btree-mixedwal-s1,train,btree,btree-mixedwal,0.1,177,lfu_exact,57854,14796,0
btree-mixedwal-s1,train,btree,btree-mixedwal,0.1,177,lfu_kernel,64624,18196,0
btree-mixedwal-s1,train,btree,btree-mixedwal,0.1,177,sd_old,59924,17623,0
btree-mixedwal-s1,train,btree,btree-mixedwal,0.1,177,belady,31602,13857,0
btree-mixedwal-s1,train,btree,btree-mixedwal,0.15,266,fifo,51460,16441,0
btree-mixedwal-s1,train,btree,btree-mixedwal,0.15,266,clock,45919,15608,0
btree-mixedwal-s1,train,btree,btree-mixedwal,0.15,266,aging,51197,16402,0
btree-mixedwal-s1,train,btree,btree-mixedwal,0.15,266,lru,45630,15603,0
btree-mixedwal-s1,train,btree,btree-mixedwal,0.15,266,lfu_exact,47803,12634,0
btree-mixedwal-s1,train,btree,btree-mixedwal,0.15,266,lfu_kernel,51447,16437,0
btree-mixedwal-s1,train,btree,btree-mixedwal,0.15,266,sd_old,46581,15751,0
btree-mixedwal-s1,train,btree,btree-mixedwal,0.15,266,belady,23428,11467,0
btree-mixedwal-s1,train,btree,btree-mixedwal,0.2,355,fifo,42331,15004,0
btree-mixedwal-s1,train,btree,btree-mixedwal,0.2,355,clock,37315,14062,0
btree-mixedwal-s1,train,btree,btree-mixedwal,0.2,355,aging,42181,14972,0
btree-mixedwal-s1,train,btree,btree-mixedwal,0.2,355,lru,36953,14022,0
btree-mixedwal-s1,train,btree,btree-mixedwal,0.2,355,lfu_exact,39819,10788,0
btree-mixedwal-s1,train,btree,btree-mixedwal,0.2,355,lfu_kernel,42331,15000,0
btree-mixedwal-s1,train,btree,btree-mixedwal,0.2,355,sd_old,37562,14130,0
btree-mixedwal-s1,train,btree,btree-mixedwal,0.2,355,belady,18062,9568,0
btree-mixedwal-s1,train,btree,btree-mixedwal,0.25,444,fifo,35054,13582,0
btree-mixedwal-s1,train,btree,btree-mixedwal,0.25,444,clock,30749,12555,0
btree-mixedwal-s1,train,btree,btree-mixedwal,0.25,444,aging,34948,13551,0
btree-mixedwal-s1,train,btree,btree-mixedwal,0.25,444,lru,30397,12513,0
btree-mixedwal-s1,train,btree,btree-mixedwal,0.25,444,lfu_exact,33275,9195,0
btree-mixedwal-s1,train,btree,btree-mixedwal,0.25,444,lfu_kernel,35050,13583,0
btree-mixedwal-s1,train,btree,btree-mixedwal,0.25,444,sd_old,30721,12605,0
btree-mixedwal-s1,train,btree,btree-mixedwal,0.25,444,belady,14124,7958,0
btree-mixedwal-s1,train,btree,btree-mixedwal,0.3,532,fifo,29032,12222,0
btree-mixedwal-s1,train,btree,btree-mixedwal,0.3,532,clock,25575,11123,0
btree-mixedwal-s1,train,btree,btree-mixedwal,0.3,532,aging,28927,12208,0
btree-mixedwal-s1,train,btree,btree-mixedwal,0.3,532,lru,25216,11095,0
btree-mixedwal-s1,train,btree,btree-mixedwal,0.3,532,lfu_exact,27802,7765,0
btree-mixedwal-s1,train,btree,btree-mixedwal,0.3,532,lfu_kernel,29032,12224,0
btree-mixedwal-s1,train,btree,btree-mixedwal,0.3,532,sd_old,25408,11177,0
btree-mixedwal-s1,train,btree,btree-mixedwal,0.3,532,belady,11265,6659,0
btree-lookup-s2,train,btree,btree-lookup,0.05,109,fifo,123489,22847,0
btree-lookup-s2,train,btree,btree-lookup,0.05,109,clock,111263,22642,0
btree-lookup-s2,train,btree,btree-lookup,0.05,109,aging,122167,22818,0
btree-lookup-s2,train,btree,btree-lookup,0.05,109,lru,110232,22598,0
btree-lookup-s2,train,btree,btree-lookup,0.05,109,lfu_exact,91961,21827,0
btree-lookup-s2,train,btree,btree-lookup,0.05,109,lfu_kernel,123430,22851,0
btree-lookup-s2,train,btree,btree-lookup,0.05,109,sd_old,120210,22654,0
btree-lookup-s2,train,btree,btree-lookup,0.05,109,belady,68883,17519,0
btree-lookup-s2,train,btree,btree-lookup,0.1,219,fifo,98095,19781,0
btree-lookup-s2,train,btree,btree-lookup,0.1,219,clock,87185,19356,0
btree-lookup-s2,train,btree,btree-lookup,0.1,219,aging,97583,19768,0
btree-lookup-s2,train,btree,btree-lookup,0.1,219,lru,87386,19379,0
btree-lookup-s2,train,btree,btree-lookup,0.1,219,lfu_exact,68455,18570,0
btree-lookup-s2,train,btree,btree-lookup,0.1,219,lfu_kernel,98059,19780,0
btree-lookup-s2,train,btree,btree-lookup,0.1,219,sd_old,95063,19377,0
btree-lookup-s2,train,btree,btree-lookup,0.1,219,belady,49249,12659,0
btree-lookup-s2,train,btree,btree-lookup,0.15,328,fifo,82725,17276,0
btree-lookup-s2,train,btree,btree-lookup,0.15,328,clock,72245,16746,0
btree-lookup-s2,train,btree,btree-lookup,0.15,328,aging,82450,17260,0
btree-lookup-s2,train,btree,btree-lookup,0.15,328,lru,72308,16699,0
btree-lookup-s2,train,btree,btree-lookup,0.15,328,lfu_exact,60687,15982,0
btree-lookup-s2,train,btree,btree-lookup,0.15,328,lfu_kernel,82704,17276,0
btree-lookup-s2,train,btree,btree-lookup,0.15,328,sd_old,79885,16722,0
btree-lookup-s2,train,btree,btree-lookup,0.15,328,belady,38771,9649,0
btree-lookup-s2,train,btree,btree-lookup,0.2,437,fifo,71385,15121,0
btree-lookup-s2,train,btree,btree-lookup,0.2,437,clock,61553,14457,0
btree-lookup-s2,train,btree,btree-lookup,0.2,437,aging,71217,15111,0
btree-lookup-s2,train,btree,btree-lookup,0.2,437,lru,60889,14414,0
btree-lookup-s2,train,btree,btree-lookup,0.2,437,lfu_exact,54568,13747,0
btree-lookup-s2,train,btree,btree-lookup,0.2,437,lfu_kernel,71355,15115,0
btree-lookup-s2,train,btree,btree-lookup,0.2,437,sd_old,68810,14449,0
btree-lookup-s2,train,btree,btree-lookup,0.2,437,belady,31856,7663,0
btree-lookup-s2,train,btree,btree-lookup,0.25,546,fifo,62632,13154,0
btree-lookup-s2,train,btree,btree-lookup,0.25,546,clock,53506,12446,0
btree-lookup-s2,train,btree,btree-lookup,0.25,546,aging,62506,13140,0
btree-lookup-s2,train,btree,btree-lookup,0.25,546,lru,52519,12384,0
btree-lookup-s2,train,btree,btree-lookup,0.25,546,lfu_exact,49089,11873,0
btree-lookup-s2,train,btree,btree-lookup,0.25,546,lfu_kernel,62616,13154,0
btree-lookup-s2,train,btree,btree-lookup,0.25,546,sd_old,60418,12402,0
btree-lookup-s2,train,btree,btree-lookup,0.25,546,belady,26785,6220,0
btree-lookup-s2,train,btree,btree-lookup,0.3,656,fifo,55302,11425,0
btree-lookup-s2,train,btree,btree-lookup,0.3,656,clock,46826,10731,0
btree-lookup-s2,train,btree,btree-lookup,0.3,656,aging,55189,11401,0
btree-lookup-s2,train,btree,btree-lookup,0.3,656,lru,46065,10683,0
btree-lookup-s2,train,btree,btree-lookup,0.3,656,lfu_exact,44075,10160,0
btree-lookup-s2,train,btree,btree-lookup,0.3,656,lfu_kernel,55283,11426,0
btree-lookup-s2,train,btree,btree-lookup,0.3,656,sd_old,53507,10691,0
btree-lookup-s2,train,btree,btree-lookup,0.3,656,belady,22628,5179,0
btree-mixedwal-s5,test,btree,btree-mixedwal,0.05,88,fifo,85391,20546,0
btree-mixedwal-s5,test,btree,btree-mixedwal,0.05,88,clock,76711,19364,0
btree-mixedwal-s5,test,btree,btree-mixedwal,0.05,88,aging,84034,20380,0
btree-mixedwal-s5,test,btree,btree-mixedwal,0.05,88,lru,76231,19334,0
btree-mixedwal-s5,test,btree,btree-mixedwal,0.05,88,lfu_exact,72914,17574,0
btree-mixedwal-s5,test,btree,btree-mixedwal,0.05,88,lfu_kernel,85345,20535,0
btree-mixedwal-s5,test,btree,btree-mixedwal,0.05,88,sd_old,81760,19994,0
btree-mixedwal-s5,test,btree,btree-mixedwal,0.05,88,belady,46883,16951,0
btree-mixedwal-s5,test,btree,btree-mixedwal,0.1,176,fifo,64817,18322,0
btree-mixedwal-s5,test,btree,btree-mixedwal,0.1,176,clock,58146,17499,0
btree-mixedwal-s5,test,btree,btree-mixedwal,0.1,176,aging,64323,18254,0
btree-mixedwal-s5,test,btree,btree-mixedwal,0.1,176,lru,58030,17484,0
btree-mixedwal-s5,test,btree,btree-mixedwal,0.1,176,lfu_exact,58022,14857,0
btree-mixedwal-s5,test,btree,btree-mixedwal,0.1,176,lfu_kernel,64826,18324,0
btree-mixedwal-s5,test,btree,btree-mixedwal,0.1,176,sd_old,60022,17738,0
btree-mixedwal-s5,test,btree,btree-mixedwal,0.1,176,belady,31834,13915,0
btree-mixedwal-s5,test,btree,btree-mixedwal,0.15,264,fifo,51941,16505,0
btree-mixedwal-s5,test,btree,btree-mixedwal,0.15,264,clock,46355,15748,0
btree-mixedwal-s5,test,btree,btree-mixedwal,0.15,264,aging,51732,16474,0
btree-mixedwal-s5,test,btree,btree-mixedwal,0.15,264,lru,46013,15688,0
btree-mixedwal-s5,test,btree,btree-mixedwal,0.15,264,lfu_exact,47941,12661,0
btree-mixedwal-s5,test,btree,btree-mixedwal,0.15,264,lfu_kernel,51940,16510,0
btree-mixedwal-s5,test,btree,btree-mixedwal,0.15,264,sd_old,46974,15842,0
btree-mixedwal-s5,test,btree,btree-mixedwal,0.15,264,belady,23672,11491,0
btree-mixedwal-s5,test,btree,btree-mixedwal,0.2,352,fifo,42717,15059,0
btree-mixedwal-s5,test,btree,btree-mixedwal,0.2,352,clock,37751,14179,0
btree-mixedwal-s5,test,btree,btree-mixedwal,0.2,352,aging,42577,15032,0
btree-mixedwal-s5,test,btree,btree-mixedwal,0.2,352,lru,37417,14103,0
btree-mixedwal-s5,test,btree,btree-mixedwal,0.2,352,lfu_exact,40136,10838,0
btree-mixedwal-s5,test,btree,btree-mixedwal,0.2,352,lfu_kernel,42718,15058,0
btree-mixedwal-s5,test,btree,btree-mixedwal,0.2,352,sd_old,37947,14203,0
btree-mixedwal-s5,test,btree,btree-mixedwal,0.2,352,belady,18283,9631,0
btree-mixedwal-s5,test,btree,btree-mixedwal,0.25,440,fifo,35399,13567,0
btree-mixedwal-s5,test,btree,btree-mixedwal,0.25,440,clock,31080,12586,0
btree-mixedwal-s5,test,btree,btree-mixedwal,0.25,440,aging,35246,13530,0
btree-mixedwal-s5,test,btree,btree-mixedwal,0.25,440,lru,30797,12555,0
btree-mixedwal-s5,test,btree,btree-mixedwal,0.25,440,lfu_exact,33578,9204,0
btree-mixedwal-s5,test,btree,btree-mixedwal,0.25,440,lfu_kernel,35385,13563,0
btree-mixedwal-s5,test,btree,btree-mixedwal,0.25,440,sd_old,31097,12629,0
btree-mixedwal-s5,test,btree,btree-mixedwal,0.25,440,belady,14393,8070,0
btree-mixedwal-s5,test,btree,btree-mixedwal,0.3,528,fifo,29514,12314,0
btree-mixedwal-s5,test,btree,btree-mixedwal,0.3,528,clock,25856,11229,0
btree-mixedwal-s5,test,btree,btree-mixedwal,0.3,528,aging,29444,12302,0
btree-mixedwal-s5,test,btree,btree-mixedwal,0.3,528,lru,25618,11197,0
btree-mixedwal-s5,test,btree,btree-mixedwal,0.3,528,lfu_exact,28231,7889,0
btree-mixedwal-s5,test,btree,btree-mixedwal,0.3,528,lfu_kernel,29514,12316,0
btree-mixedwal-s5,test,btree,btree-mixedwal,0.3,528,sd_old,25794,11275,0
btree-mixedwal-s5,test,btree,btree-mixedwal,0.3,528,belady,11485,6741,0
btree-mixedwal-s3,train,btree,btree-mixedwal,0.05,88,fifo,85438,20468,0
btree-mixedwal-s3,train,btree,btree-mixedwal,0.05,88,clock,76722,19284,0
btree-mixedwal-s3,train,btree,btree-mixedwal,0.05,88,aging,84044,20286,0
btree-mixedwal-s3,train,btree,btree-mixedwal,0.05,88,lru,76316,19292,0
btree-mixedwal-s3,train,btree,btree-mixedwal,0.05,88,lfu_exact,73056,17480,0
btree-mixedwal-s3,train,btree,btree-mixedwal,0.05,88,lfu_kernel,85399,20464,0
btree-mixedwal-s3,train,btree,btree-mixedwal,0.05,88,sd_old,81750,19917,0
btree-mixedwal-s3,train,btree,btree-mixedwal,0.05,88,belady,46767,16997,0
btree-mixedwal-s3,train,btree,btree-mixedwal,0.1,177,fifo,64440,18238,0
btree-mixedwal-s3,train,btree,btree-mixedwal,0.1,177,clock,57599,17406,0
btree-mixedwal-s3,train,btree,btree-mixedwal,0.1,177,aging,63925,18161,0
btree-mixedwal-s3,train,btree,btree-mixedwal,0.1,177,lru,57569,17360,0
btree-mixedwal-s3,train,btree,btree-mixedwal,0.1,177,lfu_exact,58158,14711,0
btree-mixedwal-s3,train,btree,btree-mixedwal,0.1,177,lfu_kernel,64414,18238,0
btree-mixedwal-s3,train,btree,btree-mixedwal,0.1,177,sd_old,59464,17609,0
btree-mixedwal-s3,train,btree,btree-mixedwal,0.1,177,belady,31629,13864,0
btree-mixedwal-s3,train,btree,btree-mixedwal,0.15,266,fifo,51682,16503,0
btree-mixedwal-s3,train,btree,btree-mixedwal,0.15,266,clock,45975,15721,0
btree-mixedwal-s3,train,btree,btree-mixedwal,0.15,266,aging,51407,16462,0
btree-mixedwal-s3,train,btree,btree-mixedwal,0.15,266,lru,45733,15641,0
btree-mixedwal-s3,train,btree,btree-mixedwal,0.15,266,lfu_exact,47801,12539,0
btree-mixedwal-s3,train,btree,btree-mixedwal,0.15,266,lfu_kernel,51688,16505,0
btree-mixedwal-s3,train,btree,btree-mixedwal,0.15,266,sd_old,46698,15783,0
btree-mixedwal-s3,train,btree,btree-mixedwal,0.15,266,belady,23533,11498,0
btree-mixedwal-s3,train,btree,btree-mixedwal,0.2,354,fifo,42420,14982,0
btree-mixedwal-s3,train,btree,btree-mixedwal,0.2,354,clock,37534,14131,0
btree-mixedwal-s3,train,btree,btree-mixedwal,0.2,354,aging,42261,14948,0
btree-mixedwal-s3,train,btree,btree-mixedwal,0.2,354,lru,37259,14087,0
btree-mixedwal-s3,train,btree,btree-mixedwal,0.2,354,lfu_exact,40067,10709,0
btree-mixedwal-s3,train,btree,btree-mixedwal,0.2,354,lfu_kernel,42399,14987,0
btree-mixedwal-s3,train,btree,btree-mixedwal,0.2,354,sd_old,37824,14170,0
btree-mixedwal-s3,train,btree,btree-mixedwal,0.2,354,belady,18204,9625,0
btree-mixedwal-s3,train,btree,btree-mixedwal,0.25,442,fifo,35236,13554,0
btree-mixedwal-s3,train,btree,btree-mixedwal,0.25,442,clock,31156,12538,0
btree-mixedwal-s3,train,btree,btree-mixedwal,0.25,442,aging,35134,13529,0
btree-mixedwal-s3,train,btree,btree-mixedwal,0.25,442,lru,30669,12553,0
btree-mixedwal-s3,train,btree,btree-mixedwal,0.25,442,lfu_exact,33491,9113,0
btree-mixedwal-s3,train,btree,btree-mixedwal,0.25,442,lfu_kernel,35234,13549,0
btree-mixedwal-s3,train,btree,btree-mixedwal,0.25,442,sd_old,30998,12645,0
btree-mixedwal-s3,train,btree,btree-mixedwal,0.25,442,belady,14367,8079,0
btree-mixedwal-s3,train,btree,btree-mixedwal,0.3,531,fifo,29487,12333,0
btree-mixedwal-s3,train,btree,btree-mixedwal,0.3,531,clock,25882,11220,0
btree-mixedwal-s3,train,btree,btree-mixedwal,0.3,531,aging,29400,12307,0
btree-mixedwal-s3,train,btree,btree-mixedwal,0.3,531,lru,25573,11171,0
btree-mixedwal-s3,train,btree,btree-mixedwal,0.3,531,lfu_exact,27949,7753,0
btree-mixedwal-s3,train,btree,btree-mixedwal,0.3,531,lfu_kernel,29473,12330,0
btree-mixedwal-s3,train,btree,btree-mixedwal,0.3,531,sd_old,25752,11255,0
btree-mixedwal-s3,train,btree,btree-mixedwal,0.3,531,belady,11500,6784,0
btree-mixedwal-s2,train,btree,btree-mixedwal,0.05,87,fifo,85844,20449,0
btree-mixedwal-s2,train,btree,btree-mixedwal,0.05,87,clock,77186,19297,0
btree-mixedwal-s2,train,btree,btree-mixedwal,0.05,87,aging,84459,20275,0
btree-mixedwal-s2,train,btree,btree-mixedwal,0.05,87,lru,76795,19259,0
btree-mixedwal-s2,train,btree,btree-mixedwal,0.05,87,lfu_exact,73237,17438,0
btree-mixedwal-s2,train,btree,btree-mixedwal,0.05,87,lfu_kernel,85833,20455,0
btree-mixedwal-s2,train,btree,btree-mixedwal,0.05,87,sd_old,82312,19920,0
btree-mixedwal-s2,train,btree,btree-mixedwal,0.05,87,belady,47110,16965,0
btree-mixedwal-s2,train,btree,btree-mixedwal,0.1,175,fifo,64854,18220,0
btree-mixedwal-s2,train,btree,btree-mixedwal,0.1,175,clock,58126,17363,0
btree-mixedwal-s2,train,btree,btree-mixedwal,0.1,175,aging,64328,18149,0
btree-mixedwal-s2,train,btree,btree-mixedwal,0.1,175,lru,57921,17346,0
btree-mixedwal-s2,train,btree,btree-mixedwal,0.1,175,lfu_exact,58206,14692,0
btree-mixedwal-s2,train,btree,btree-mixedwal,0.1,175,lfu_kernel,64837,18220,0
btree-mixedwal-s2,train,btree,btree-mixedwal,0.1,175,sd_old,59948,17599,0
btree-mixedwal-s2,train,btree,btree-mixedwal,0.1,175,belady,31946,13892,0
btree-mixedwal-s2,train,btree,btree-mixedwal,0.15,262,fifo,52184,16595,0
btree-mixedwal-s2,train,btree,btree-mixedwal,0.15,262,clock,46446,15731,0
btree-mixedwal-s2,train,btree,btree-mixedwal,0.15,262,aging,51924,16553,0
btree-mixedwal-s2,train,btree,btree-mixedwal,0.15,262,lru,46185,15723,0
btree-mixedwal-s2,train,btree,btree-mixedwal,0.15,262,lfu_exact,48243,12638,0
btree-mixedwal-s2,train,btree,btree-mixedwal,0.15,262,lfu_kernel,52187,16592,0
btree-mixedwal-s2,train,btree,btree-mixedwal,0.15,262,sd_old,47102,15874,0
btree-mixedwal-s2,train,btree,btree-mixedwal,0.15,262,belady,23778,11491,0
btree-mixedwal-s2,train,btree,btree-mixedwal,0.2,350,fifo,42602,14944,0
btree-mixedwal-s2,train,btree,btree-mixedwal,0.2,350,clock,37864,14055,0
btree-mixedwal-s2,train,btree,btree-mixedwal,0.2,350,aging,42441,14920,0
btree-mixedwal-s2,train,btree,btree-mixedwal,0.2,350,lru,37604,14079,0
btree-mixedwal-s2,train,btree,btree-mixedwal,0.2,350,lfu_exact,40289,10739,0
btree-mixedwal-s2,train,btree,btree-mixedwal,0.2,350,lfu_kernel,42598,14940,0
btree-mixedwal-s2,train,btree,btree-mixedwal,0.2,350,sd_old,38110,14166,0
btree-mixedwal-s2,train,btree,btree-mixedwal,0.2,350,belady,18342,9608,0
btree-mixedwal-s2,train,btree,btree-mixedwal,0.25,437,fifo,35556,13538,0
btree-mixedwal-s2,train,btree,btree-mixedwal,0.25,437,clock,31314,12627,0
btree-mixedwal-s2,train,btree,btree-mixedwal,0.25,437,aging,35469,13521,0
btree-mixedwal-s2,train,btree,btree-mixedwal,0.25,437,lru,30972,12516,0
btree-mixedwal-s2,train,btree,btree-mixedwal,0.25,437,lfu_exact,33880,9198,0
btree-mixedwal-s2,train,btree,btree-mixedwal,0.25,437,lfu_kernel,35550,13543,0
btree-mixedwal-s2,train,btree,btree-mixedwal,0.25,437,sd_old,31278,12615,0
btree-mixedwal-s2,train,btree,btree-mixedwal,0.25,437,belady,14493,8066,0
btree-mixedwal-s2,train,btree,btree-mixedwal,0.3,525,fifo,29814,12260,0
btree-mixedwal-s2,train,btree,btree-mixedwal,0.3,525,clock,26042,11197,0
btree-mixedwal-s2,train,btree,btree-mixedwal,0.3,525,aging,29749,12242,0
btree-mixedwal-s2,train,btree,btree-mixedwal,0.3,525,lru,25679,11102,0
btree-mixedwal-s2,train,btree,btree-mixedwal,0.3,525,lfu_exact,28314,7843,0
btree-mixedwal-s2,train,btree,btree-mixedwal,0.3,525,lfu_kernel,29825,12260,0
btree-mixedwal-s2,train,btree,btree-mixedwal,0.3,525,sd_old,25901,11179,0
btree-mixedwal-s2,train,btree,btree-mixedwal,0.3,525,belady,11593,6787,0
btree-mixedwal-s4,val,btree,btree-mixedwal,0.05,88,fifo,85190,20470,0
btree-mixedwal-s4,val,btree,btree-mixedwal,0.05,88,clock,76652,19334,0
btree-mixedwal-s4,val,btree,btree-mixedwal,0.05,88,aging,83856,20294,0
btree-mixedwal-s4,val,btree,btree-mixedwal,0.05,88,lru,76092,19308,0
btree-mixedwal-s4,val,btree,btree-mixedwal,0.05,88,lfu_exact,73089,17476,0
btree-mixedwal-s4,val,btree,btree-mixedwal,0.05,88,lfu_kernel,85126,20452,0
btree-mixedwal-s4,val,btree,btree-mixedwal,0.05,88,sd_old,81558,19935,0
btree-mixedwal-s4,val,btree,btree-mixedwal,0.05,88,belady,46786,16958,0
btree-mixedwal-s4,val,btree,btree-mixedwal,0.1,175,fifo,64755,18324,0
btree-mixedwal-s4,val,btree,btree-mixedwal,0.1,175,clock,58033,17467,0
btree-mixedwal-s4,val,btree,btree-mixedwal,0.1,175,aging,64283,18270,0
btree-mixedwal-s4,val,btree,btree-mixedwal,0.1,175,lru,57916,17423,0
btree-mixedwal-s4,val,btree,btree-mixedwal,0.1,175,lfu_exact,58188,14832,0
btree-mixedwal-s4,val,btree,btree-mixedwal,0.1,175,lfu_kernel,64753,18332,0
btree-mixedwal-s4,val,btree,btree-mixedwal,0.1,175,sd_old,60026,17718,0
btree-mixedwal-s4,val,btree,btree-mixedwal,0.1,175,belady,31880,13970,0
btree-mixedwal-s4,val,btree,btree-mixedwal,0.15,263,fifo,51975,16646,0
btree-mixedwal-s4,val,btree,btree-mixedwal,0.15,263,clock,46219,15744,0
btree-mixedwal-s4,val,btree,btree-mixedwal,0.15,263,aging,51712,16593,0
btree-mixedwal-s4,val,btree,btree-mixedwal,0.15,263,lru,45877,15764,0
btree-mixedwal-s4,val,btree,btree-mixedwal,0.15,263,lfu_exact,48047,12631,0
btree-mixedwal-s4,val,btree,btree-mixedwal,0.15,263,lfu_kernel,51963,16646,0
btree-mixedwal-s4,val,btree,btree-mixedwal,0.15,263,sd_old,47018,15937,0
btree-mixedwal-s4,val,btree,btree-mixedwal,0.15,263,belady,23640,11556,0
btree-mixedwal-s4,val,btree,btree-mixedwal,0.2,351,fifo,42599,15043,0
btree-mixedwal-s4,val,btree,btree-mixedwal,0.2,351,clock,37641,14145,0
btree-mixedwal-s4,val,btree,btree-mixedwal,0.2,351,aging,42452,15011,0
btree-mixedwal-s4,val,btree,btree-mixedwal,0.2,351,lru,37372,14101,0
btree-mixedwal-s4,val,btree,btree-mixedwal,0.2,351,lfu_exact,40022,10752,0
btree-mixedwal-s4,val,btree,btree-mixedwal,0.2,351,lfu_kernel,42625,15041,0
btree-mixedwal-s4,val,btree,btree-mixedwal,0.2,351,sd_old,37909,14210,0
btree-mixedwal-s4,val,btree,btree-mixedwal,0.2,351,belady,18203,9639,0
btree-mixedwal-s4,val,btree,btree-mixedwal,0.25,438,fifo,35420,13724,0
btree-mixedwal-s4,val,btree,btree-mixedwal,0.25,438,clock,31205,12707,0
btree-mixedwal-s4,val,btree,btree-mixedwal,0.25,438,aging,35312,13699,0
btree-mixedwal-s4,val,btree,btree-mixedwal,0.25,438,lru,30938,12647,0
btree-mixedwal-s4,val,btree,btree-mixedwal,0.25,438,lfu_exact,33720,9216,0
btree-mixedwal-s4,val,btree,btree-mixedwal,0.25,438,lfu_kernel,35423,13727,0
btree-mixedwal-s4,val,btree,btree-mixedwal,0.25,438,sd_old,31277,12751,0
btree-mixedwal-s4,val,btree,btree-mixedwal,0.25,438,belady,14327,8022,0
btree-mixedwal-s4,val,btree,btree-mixedwal,0.3,526,fifo,29461,12319,0
btree-mixedwal-s4,val,btree,btree-mixedwal,0.3,526,clock,25990,11252,0
btree-mixedwal-s4,val,btree,btree-mixedwal,0.3,526,aging,29402,12294,0
btree-mixedwal-s4,val,btree,btree-mixedwal,0.3,526,lru,25678,11218,0
btree-mixedwal-s4,val,btree,btree-mixedwal,0.3,526,lfu_exact,28300,7903,0
btree-mixedwal-s4,val,btree,btree-mixedwal,0.3,526,lfu_kernel,29448,12312,0
btree-mixedwal-s4,val,btree,btree-mixedwal,0.3,526,sd_old,25860,11309,0
btree-mixedwal-s4,val,btree,btree-mixedwal,0.3,526,belady,11402,6747,0
btree-mixed-s1,train,btree,btree-mixed,0.05,89,fifo,84032,19519,0
btree-mixed-s1,train,btree,btree-mixed,0.05,89,clock,76335,19286,0
btree-mixed-s1,train,btree,btree-mixed,0.05,89,aging,82824,19494,0
btree-mixed-s1,train,btree,btree-mixed,0.05,89,lru,75867,19263,0
btree-mixed-s1,train,btree,btree-mixed,0.05,89,lfu_exact,72485,17389,0
btree-mixed-s1,train,btree,btree-mixed,0.05,89,lfu_kernel,83997,19523,0
btree-mixed-s1,train,btree,btree-mixed,0.05,89,sd_old,80658,19425,0
btree-mixed-s1,train,btree,btree-mixed,0.05,89,belady,46332,16825,0
btree-mixed-s1,train,btree,btree-mixed,0.1,177,fifo,64108,17826,0
btree-mixed-s1,train,btree,btree-mixed,0.1,177,clock,57761,17393,0
btree-mixed-s1,train,btree,btree-mixed,0.1,177,aging,63681,17806,0
btree-mixed-s1,train,btree,btree-mixed,0.1,177,lru,57590,17306,0
btree-mixed-s1,train,btree,btree-mixed,0.1,177,lfu_exact,57738,14775,0
btree-mixed-s1,train,btree,btree-mixed,0.1,177,lfu_kernel,64108,17823,0
btree-mixed-s1,train,btree,btree-mixed,0.1,177,sd_old,59634,17531,0
btree-mixed-s1,train,btree,btree-mixed,0.1,177,belady,31485,13821,0
btree-mixed-s1,train,btree,btree-mixed,0.15,266,fifo,51170,16235,0
btree-mixed-s1,train,btree,btree-mixed,0.15,266,clock,45862,15657,0
btree-mixed-s1,train,btree,btree-mixed,0.15,266,aging,50933,16215,0
btree-mixed-s1,train,btree,btree-mixed,0.15,266,lru,45514,15582,0
btree-mixed-s1,train,btree,btree-mixed,0.15,266,lfu_exact,47714,12611,0
btree-mixed-s1,train,btree,btree-mixed,0.15,266,lfu_kernel,51163,16235,0
btree-mixed-s1,train,btree,btree-mixed,0.15,266,sd_old,46458,15731,0
btree-mixed-s1,train,btree,btree-mixed,0.15,266,belady,23355,11446,0
btree-mixed-s1,train,btree,btree-mixed,0.2,355,fifo,42128,14863,0
btree-mixed-s1,train,btree,btree-mixed,0.2,355,clock,37237,14040,0
btree-mixed-s1,train,btree,btree-mixed,0.2,355,aging,42008,14861,0
btree-mixed-s1,train,btree,btree-mixed,0.2,355,lru,36864,13998,0
btree-mixed-s1,train,btree,btree-mixed,0.2,355,lfu_exact,39748,10774,0
btree-mixed-s1,train,btree,btree-mixed,0.2,355,lfu_kernel,42120,14862,0
btree-mixed-s1,train,btree,btree-mixed,0.2,355,sd_old,37471,14107,0
btree-mixed-s1,train,btree,btree-mixed,0.2,355,belady,18012,9547,0
btree-mixed-s1,train,btree,btree-mixed,0.25,443,fifo,34975,13504,0
btree-mixed-s1,train,btree,btree-mixed,0.25,443,clock,30716,12545,0
btree-mixed-s1,train,btree,btree-mixed,0.25,443,aging,34880,13485,0
btree-mixed-s1,train,btree,btree-mixed,0.25,443,lru,30396,12513,0
btree-mixed-s1,train,btree,btree-mixed,0.25,443,lfu_exact,33274,9195,0
btree-mixed-s1,train,btree,btree-mixed,0.25,443,lfu_kernel,34971,13505,0
btree-mixed-s1,train,btree,btree-mixed,0.25,443,sd_old,30720,12605,0
btree-mixed-s1,train,btree,btree-mixed,0.25,443,belady,14123,7958,0
btree-mixed-s1,train,btree,btree-mixed,0.3,532,fifo,28887,12146,0
btree-mixed-s1,train,btree,btree-mixed,0.3,532,clock,25501,11078,0
btree-mixed-s1,train,btree,btree-mixed,0.3,532,aging,28827,12147,0
btree-mixed-s1,train,btree,btree-mixed,0.3,532,lru,25173,11080,0
btree-mixed-s1,train,btree,btree-mixed,0.3,532,lfu_exact,27735,7754,0
btree-mixed-s1,train,btree,btree-mixed,0.3,532,lfu_kernel,28873,12146,0
btree-mixed-s1,train,btree,btree-mixed,0.3,532,sd_old,25351,11161,0
btree-mixed-s1,train,btree,btree-mixed,0.3,532,belady,11234,6652,0
btree-mixed-s3,train,btree,btree-mixed,0.05,88,fifo,84175,19519,0
btree-mixed-s3,train,btree,btree-mixed,0.05,88,clock,76498,19306,0
btree-mixed-s3,train,btree,btree-mixed,0.05,88,aging,82940,19483,0
btree-mixed-s3,train,btree,btree-mixed,0.05,88,lru,76019,19266,0
btree-mixed-s3,train,btree,btree-mixed,0.05,88,lfu_exact,72800,17442,0
btree-mixed-s3,train,btree,btree-mixed,0.05,88,lfu_kernel,84134,19522,0
btree-mixed-s3,train,btree,btree-mixed,0.05,88,sd_old,80952,19422,0
btree-mixed-s3,train,btree,btree-mixed,0.05,88,belady,46513,16954,0
btree-mixed-s3,train,btree,btree-mixed,0.1,177,fifo,63880,17847,0
btree-mixed-s3,train,btree,btree-mixed,0.1,177,clock,57617,17375,0
btree-mixed-s3,train,btree,btree-mixed,0.1,177,aging,63408,17832,0
btree-mixed-s3,train,btree,btree-mixed,0.1,177,lru,57387,17339,0
btree-mixed-s3,train,btree,btree-mixed,0.1,177,lfu_exact,58029,14685,0
btree-mixed-s3,train,btree,btree-mixed,0.1,177,lfu_kernel,63837,17844,0
btree-mixed-s3,train,btree,btree-mixed,0.1,177,sd_old,59224,17535,0
btree-mixed-s3,train,btree,btree-mixed,0.1,177,belady,31512,13838,0
btree-mixed-s3,train,btree,btree-mixed,0.15,265,fifo,51490,16312,0
btree-mixed-s3,train,btree,btree-mixed,0.15,265,clock,45924,15721,0
btree-mixed-s3,train,btree,btree-mixed,0.15,265,aging,51249,16291,0
btree-mixed-s3,train,btree,btree-mixed,0.15,265,lru,45732,15641,0
btree-mixed-s3,train,btree,btree-mixed,0.15,265,lfu_exact,47800,12539,0
btree-mixed-s3,train,btree,btree-mixed,0.15,265,lfu_kernel,51495,16314,0
btree-mixed-s3,train,btree,btree-mixed,0.15,265,sd_old,46693,15778,0
btree-mixed-s3,train,btree,btree-mixed,0.15,265,belady,23532,11498,0
btree-mixed-s3,train,btree,btree-mixed,0.2,354,fifo,42198,14853,0
btree-mixed-s3,train,btree,btree-mixed,0.2,354,clock,37596,14138,0
btree-mixed-s3,train,btree,btree-mixed,0.2,354,aging,42059,14840,0
btree-mixed-s3,train,btree,btree-mixed,0.2,354,lru,37183,14065,0
btree-mixed-s3,train,btree,btree-mixed,0.2,354,lfu_exact,39987,10689,0
btree-mixed-s3,train,btree,btree-mixed,0.2,354,lfu_kernel,42182,14849,0
btree-mixed-s3,train,btree,btree-mixed,0.2,354,sd_old,37736,14153,0
btree-mixed-s3,train,btree,btree-mixed,0.2,354,belady,18153,9602,0
btree-mixed-s3,train,btree,btree-mixed,0.25,442,fifo,35069,13456,0
btree-mixed-s3,train,btree,btree-mixed,0.25,442,clock,31107,12518,0
btree-mixed-s3,train,btree,btree-mixed,0.25,442,aging,34988,13434,0
btree-mixed-s3,train,btree,btree-mixed,0.25,442,lru,30604,12537,0
btree-mixed-s3,train,btree,btree-mixed,0.25,442,lfu_exact,33420,9098,0
btree-mixed-s3,train,btree,btree-mixed,0.25,442,lfu_kernel,35091,13461,0
btree-mixed-s3,train,btree,btree-mixed,0.25,442,sd_old,30933,12631,0
btree-mixed-s3,train,btree,btree-mixed,0.25,442,belady,14329,8058,0
btree-mixed-s3,train,btree,btree-mixed,0.3,531,fifo,29356,12256,0
btree-mixed-s3,train,btree,btree-mixed,0.3,531,clock,25946,11248,0
btree-mixed-s3,train,btree,btree-mixed,0.3,531,aging,29303,12249,0
btree-mixed-s3,train,btree,btree-mixed,0.3,531,lru,25529,11160,0
btree-mixed-s3,train,btree,btree-mixed,0.3,531,lfu_exact,27898,7745,0
btree-mixed-s3,train,btree,btree-mixed,0.3,531,lfu_kernel,29377,12258,0
btree-mixed-s3,train,btree,btree-mixed,0.3,531,sd_old,25710,11244,0
btree-mixed-s3,train,btree,btree-mixed,0.3,531,belady,11471,6776,0
btree-mixed-s5,test,btree,btree-mixed,0.05,88,fifo,84164,19611,0
btree-mixed-s5,test,btree,btree-mixed,0.05,88,clock,76391,19370,0
btree-mixed-s5,test,btree,btree-mixed,0.05,88,aging,82972,19587,0
btree-mixed-s5,test,btree,btree-mixed,0.05,88,lru,75926,19308,0
btree-mixed-s5,test,btree,btree-mixed,0.05,88,lfu_exact,72706,17544,0
btree-mixed-s5,test,btree,btree-mixed,0.05,88,lfu_kernel,84157,19621,0
btree-mixed-s5,test,btree,btree-mixed,0.05,88,sd_old,80995,19493,0
btree-mixed-s5,test,btree,btree-mixed,0.05,88,belady,46632,16921,0
btree-mixed-s5,test,btree,btree-mixed,0.1,176,fifo,64316,17952,0
btree-mixed-s5,test,btree,btree-mixed,0.1,176,clock,57894,17475,0
btree-mixed-s5,test,btree,btree-mixed,0.1,176,aging,63851,17930,0
btree-mixed-s5,test,btree,btree-mixed,0.1,176,lru,57865,17465,0
btree-mixed-s5,test,btree,btree-mixed,0.1,176,lfu_exact,57879,14821,0
btree-mixed-s5,test,btree,btree-mixed,0.1,176,lfu_kernel,64261,17940,0
btree-mixed-s5,test,btree,btree-mixed,0.1,176,sd_old,59798,17657,0
btree-mixed-s5,test,btree,btree-mixed,0.1,176,belady,31714,13885,0
btree-mixed-s5,test,btree,btree-mixed,0.15,264,fifo,51624,16297,0
btree-mixed-s5,test,btree,btree-mixed,0.15,264,clock,46176,15717,0
btree-mixed-s5,test,btree,btree-mixed,0.15,264,aging,51438,16292,0
btree-mixed-s5,test,btree,btree-mixed,0.15,264,lru,45887,15668,0
btree-mixed-s5,test,btree,btree-mixed,0.15,264,lfu_exact,47840,12637,0
btree-mixed-s5,test,btree,btree-mixed,0.15,264,lfu_kernel,51626,16297,0
btree-mixed-s5,test,btree,btree-mixed,0.15,264,sd_old,46839,15816,0
btree-mixed-s5,test,btree,btree-mixed,0.15,264,belady,23600,11470,0
btree-mixed-s5,test,btree,btree-mixed,0.2,352,fifo,42510,14924,0
btree-mixed-s5,test,btree,btree-mixed,0.2,352,clock,37729,14105,0
btree-mixed-s5,test,btree,btree-mixed,0.2,352,aging,42366,14897,0
btree-mixed-s5,test,btree,btree-mixed,0.2,352,lru,37323,14088,0
btree-mixed-s5,test,btree,btree-mixed,0.2,352,lfu_exact,40056,10819,0
btree-mixed-s5,test,btree,btree-mixed,0.2,352,lfu_kernel,42502,14921,0
btree-mixed-s5,test,btree,btree-mixed,0.2,352,sd_old,37858,14182,0
btree-mixed-s5,test,btree,btree-mixed,0.2,352,belady,18231,9617,0
btree-mixed-s5,test,btree,btree-mixed,0.25,440,fifo,35200,13452,0
btree-mixed-s5,test,btree,btree-mixed,0.25,440,clock,31063,12595,0
btree-mixed-s5,test,btree,btree-mixed,0.25,440,aging,35093,13447,0
btree-mixed-s5,test,btree,btree-mixed,0.25,440,lru,30723,12538,0
btree-mixed-s5,test,btree,btree-mixed,0.25,440,lfu_exact,33503,9184,0
btree-mixed-s5,test,btree,btree-mixed,0.25,440,lfu_kernel,35202,13455,0
btree-mixed-s5,test,btree,btree-mixed,0.25,440,sd_old,31009,12611,0
btree-mixed-s5,test,btree,btree-mixed,0.25,440,belady,14354,8056,0
btree-mixed-s5,test,btree,btree-mixed,0.3,527,fifo,29458,12259,0
btree-mixed-s5,test,btree,btree-mixed,0.3,527,clock,26042,11252,0
btree-mixed-s5,test,btree,btree-mixed,0.3,527,aging,29396,12255,0
btree-mixed-s5,test,btree,btree-mixed,0.3,527,lru,25617,11197,0
btree-mixed-s5,test,btree,btree-mixed,0.3,527,lfu_exact,28230,7889,0
btree-mixed-s5,test,btree,btree-mixed,0.3,527,lfu_kernel,29462,12260,0
btree-mixed-s5,test,btree,btree-mixed,0.3,527,sd_old,25793,11275,0
btree-mixed-s5,test,btree,btree-mixed,0.3,527,belady,11484,6741,0
btree-mixed-s2,train,btree,btree-mixed,0.05,87,fifo,84595,19496,0
btree-mixed-s2,train,btree,btree-mixed,0.05,87,clock,76994,19240,0
btree-mixed-s2,train,btree,btree-mixed,0.05,87,aging,83382,19470,0
btree-mixed-s2,train,btree,btree-mixed,0.05,87,lru,76541,19242,0
btree-mixed-s2,train,btree,btree-mixed,0.05,87,lfu_exact,73004,17407,0
btree-mixed-s2,train,btree,btree-mixed,0.05,87,lfu_kernel,84572,19498,0
btree-mixed-s2,train,btree,btree-mixed,0.05,87,sd_old,81504,19412,0
btree-mixed-s2,train,btree,btree-mixed,0.05,87,belady,46852,16931,0
btree-mixed-s2,train,btree,btree-mixed,0.1,175,fifo,64330,17846,0
btree-mixed-s2,train,btree,btree-mixed,0.1,175,clock,58144,17416,0
btree-mixed-s2,train,btree,btree-mixed,0.1,175,aging,63870,17812,0
btree-mixed-s2,train,btree,btree-mixed,0.1,175,lru,57767,17332,0
btree-mixed-s2,train,btree,btree-mixed,0.1,175,lfu_exact,58071,14668,0
btree-mixed-s2,train,btree,btree-mixed,0.1,175,lfu_kernel,64295,17836,0
btree-mixed-s2,train,btree,btree-mixed,0.1,175,sd_old,59705,17528,0
btree-mixed-s2,train,btree,btree-mixed,0.1,175,belady,31827,13871,0
btree-mixed-s2,train,btree,btree-mixed,0.15,262,fifo,51870,16383,0
btree-mixed-s2,train,btree,btree-mixed,0.15,262,clock,46398,15762,0
btree-mixed-s2,train,btree,btree-mixed,0.15,262,aging,51633,16359,0
btree-mixed-s2,train,btree,btree-mixed,0.15,262,lru,46072,15700,0
btree-mixed-s2,train,btree,btree-mixed,0.15,262,lfu_exact,48136,12607,0
btree-mixed-s2,train,btree,btree-mixed,0.15,262,lfu_kernel,51869,16386,0
btree-mixed-s2,train,btree,btree-mixed,0.15,262,sd_old,46973,15846,0
btree-mixed-s2,train,btree,btree-mixed,0.15,262,belady,23703,11471,0
btree-mixed-s2,train,btree,btree-mixed,0.2,350,fifo,42361,14814,0
btree-mixed-s2,train,btree,btree-mixed,0.2,350,clock,37627,14047,0
btree-mixed-s2,train,btree,btree-mixed,0.2,350,aging,42237,14790,0
btree-mixed-s2,train,btree,btree-mixed,0.2,350,lru,37510,14054,0
btree-mixed-s2,train,btree,btree-mixed,0.2,350,lfu_exact,40207,10723,0
btree-mixed-s2,train,btree,btree-mixed,0.2,350,lfu_kernel,42374,14808,0
btree-mixed-s2,train,btree,btree-mixed,0.2,350,sd_old,38010,14141,0
btree-mixed-s2,train,btree,btree-mixed,0.2,350,belady,18290,9593,0
btree-mixed-s2,train,btree,btree-mixed,0.25,437,fifo,35397,13444,0
btree-mixed-s2,train,btree,btree-mixed,0.25,437,clock,31235,12564,0
btree-mixed-s2,train,btree,btree-mixed,0.25,437,aging,35302,13426,0
btree-mixed-s2,train,btree,btree-mixed,0.25,437,lru,30907,12496,0
btree-mixed-s2,train,btree,btree-mixed,0.25,437,lfu_exact,33815,9183,0
btree-mixed-s2,train,btree,btree-mixed,0.25,437,lfu_kernel,35395,13444,0
btree-mixed-s2,train,btree,btree-mixed,0.25,437,sd_old,31203,12594,0
btree-mixed-s2,train,btree,btree-mixed,0.25,437,belady,14454,8043,0
btree-mixed-s2,train,btree,btree-mixed,0.3,524,fifo,29757,12204,0
btree-mixed-s2,train,btree,btree-mixed,0.3,524,clock,26249,11236,0
btree-mixed-s2,train,btree,btree-mixed,0.3,524,aging,29698,12194,0
btree-mixed-s2,train,btree,btree-mixed,0.3,524,lru,25678,11102,0
btree-mixed-s2,train,btree,btree-mixed,0.3,524,lfu_exact,28313,7843,0
btree-mixed-s2,train,btree,btree-mixed,0.3,524,lfu_kernel,29760,12201,0
btree-mixed-s2,train,btree,btree-mixed,0.3,524,sd_old,25900,11179,0
btree-mixed-s2,train,btree,btree-mixed,0.3,524,belady,11592,6787,0
btree-mixed-s4,val,btree,btree-mixed,0.05,88,fifo,83929,19511,0
btree-mixed-s4,val,btree,btree-mixed,0.05,88,clock,76307,19330,0
btree-mixed-s4,val,btree,btree-mixed,0.05,88,aging,82731,19487,0
btree-mixed-s4,val,btree,btree-mixed,0.05,88,lru,75823,19286,0
btree-mixed-s4,val,btree,btree-mixed,0.05,88,lfu_exact,72859,17455,0
btree-mixed-s4,val,btree,btree-mixed,0.05,88,lfu_kernel,83896,19512,0
btree-mixed-s4,val,btree,btree-mixed,0.05,88,sd_old,80727,19431,0
btree-mixed-s4,val,btree,btree-mixed,0.05,88,belady,46531,16922,0
btree-mixed-s4,val,btree,btree-mixed,0.1,175,fifo,64217,17946,0
btree-mixed-s4,val,btree,btree-mixed,0.1,175,clock,57806,17446,0
btree-mixed-s4,val,btree,btree-mixed,0.1,175,aging,63790,17927,0
btree-mixed-s4,val,btree,btree-mixed,0.1,175,lru,57748,17398,0
btree-mixed-s4,val,btree,btree-mixed,0.1,175,lfu_exact,58063,14811,0
btree-mixed-s4,val,btree,btree-mixed,0.1,175,lfu_kernel,64187,17928,0
btree-mixed-s4,val,btree,btree-mixed,0.1,175,sd_old,59760,17611,0
btree-mixed-s4,val,btree,btree-mixed,0.1,175,belady,31762,13933,0
btree-mixed-s4,val,btree,btree-mixed,0.15,263,fifo,51668,16435,0
btree-mixed-s4,val,btree,btree-mixed,0.15,263,clock,46007,15742,0
btree-mixed-s4,val,btree,btree-mixed,0.15,263,aging,51432,16404,0
btree-mixed-s4,val,btree,btree-mixed,0.15,263,lru,45768,15748,0
btree-mixed-s4,val,btree,btree-mixed,0.15,263,lfu_exact,47953,12607,0
btree-mixed-s4,val,btree,btree-mixed,0.15,263,lfu_kernel,51673,16434,0
btree-mixed-s4,val,btree,btree-mixed,0.15,263,sd_old,46896,15910,0
btree-mixed-s4,val,btree,btree-mixed,0.15,263,belady,23565,11532,0
btree-mixed-s4,val,btree,btree-mixed,0.2,350,fifo,42478,14923,0
btree-mixed-s4,val,btree,btree-mixed,0.2,350,clock,37625,14170,0
btree-mixed-s4,val,btree,btree-mixed,0.2,350,aging,42350,14907,0
btree-mixed-s4,val,btree,btree-mixed,0.2,350,lru,37371,14101,0
btree-mixed-s4,val,btree,btree-mixed,0.2,350,lfu_exact,40021,10752,0
btree-mixed-s4,val,btree,btree-mixed,0.2,350,lfu_kernel,42498,14921,0
btree-mixed-s4,val,btree,btree-mixed,0.2,350,sd_old,37908,14210,0
btree-mixed-s4,val,btree,btree-mixed,0.2,350,belady,18202,9639,0
btree-mixed-s4,val,btree,btree-mixed,0.25,438,fifo,35286,13633,0
btree-mixed-s4,val,btree,btree-mixed,0.25,438,clock,31179,12705,0
btree-mixed-s4,val,btree,btree-mixed,0.25,438,aging,35185,13619,0
btree-mixed-s4,val,btree,btree-mixed,0.25,438,lru,30874,12634,0
btree-mixed-s4,val,btree,btree-mixed,0.25,438,lfu_exact,33666,9205,0
btree-mixed-s4,val,btree,btree-mixed,0.25,438,lfu_kernel,35285,13633,0
btree-mixed-s4,val,btree,btree-mixed,0.25,438,sd_old,31208,12736,0
btree-mixed-s4,val,btree,btree-mixed,0.25,438,belady,14286,8009,0
btree-mixed-s4,val,btree,btree-mixed,0.3,526,fifo,29355,12250,0
btree-mixed-s4,val,btree,btree-mixed,0.3,526,clock,25812,11236,0
btree-mixed-s4,val,btree,btree-mixed,0.3,526,aging,29317,12240,0
btree-mixed-s4,val,btree,btree-mixed,0.3,526,lru,25613,11200,0
btree-mixed-s4,val,btree,btree-mixed,0.3,526,lfu_exact,28242,7885,0
btree-mixed-s4,val,btree,btree-mixed,0.3,526,lfu_kernel,29353,12247,0
btree-mixed-s4,val,btree,btree-mixed,0.3,526,sd_old,25810,11291,0
btree-mixed-s4,val,btree,btree-mixed,0.3,526,belady,11374,6739,0
kv-A-s4,val,kv,kv-A,0.05,26,fifo,16233,10503,0
kv-A-s4,val,kv,kv-A,0.05,26,clock,13996,8369,0
kv-A-s4,val,kv,kv-A,0.05,26,aging,15181,9475,0
kv-A-s4,val,kv,kv-A,0.05,26,lru,13701,8075,0
kv-A-s4,val,kv,kv-A,0.05,26,lfu_exact,13158,6849,0
kv-A-s4,val,kv,kv-A,0.05,26,lfu_kernel,16114,10393,0
kv-A-s4,val,kv,kv-A,0.05,26,sd_old,15868,10159,0
kv-A-s4,val,kv,kv-A,0.05,26,belady,8695,5273,0
kv-A-s4,val,kv,kv-A,0.1,53,fifo,12220,7940,0
kv-A-s4,val,kv,kv-A,0.1,53,clock,10471,6196,0
kv-A-s4,val,kv,kv-A,0.1,53,aging,11818,7536,0
kv-A-s4,val,kv,kv-A,0.1,53,lru,10228,6045,0
kv-A-s4,val,kv,kv-A,0.1,53,lfu_exact,10520,5517,0
kv-A-s4,val,kv,kv-A,0.1,53,lfu_kernel,12187,7905,0
kv-A-s4,val,kv,kv-A,0.1,53,sd_old,11759,7499,0
kv-A-s4,val,kv,kv-A,0.1,53,belady,6164,3996,0
kv-A-s4,val,kv,kv-A,0.15,79,fifo,10226,6728,0
kv-A-s4,val,kv,kv-A,0.15,79,clock,8753,5324,0
kv-A-s4,val,kv,kv-A,0.15,79,aging,9995,6497,0
kv-A-s4,val,kv,kv-A,0.15,79,lru,8656,5226,0
kv-A-s4,val,kv,kv-A,0.15,79,lfu_exact,9050,4761,0
kv-A-s4,val,kv,kv-A,0.15,79,lfu_kernel,10195,6697,0
kv-A-s4,val,kv,kv-A,0.15,79,sd_old,9790,6310,0
kv-A-s4,val,kv,kv-A,0.15,79,belady,4866,3304,0
kv-A-s4,val,kv,kv-A,0.2,106,fifo,8699,5887,0
kv-A-s4,val,kv,kv-A,0.2,106,clock,7485,4641,0
kv-A-s4,val,kv,kv-A,0.2,106,aging,8583,5758,0
kv-A-s4,val,kv,kv-A,0.2,106,lru,7363,4589,0
kv-A-s4,val,kv,kv-A,0.2,106,lfu_exact,7769,4123,0
kv-A-s4,val,kv,kv-A,0.2,106,lfu_kernel,8694,5881,0
kv-A-s4,val,kv,kv-A,0.2,106,sd_old,8307,5500,0
kv-A-s4,val,kv,kv-A,0.2,106,belady,3941,2770,0
kv-A-s4,val,kv,kv-A,0.25,132,fifo,7554,5252,0
kv-A-s4,val,kv,kv-A,0.25,132,clock,6544,4166,0
kv-A-s4,val,kv,kv-A,0.25,132,aging,7449,5148,0
kv-A-s4,val,kv,kv-A,0.25,132,lru,6376,4089,0
kv-A-s4,val,kv,kv-A,0.25,132,lfu_exact,6754,3589,0
kv-A-s4,val,kv,kv-A,0.25,132,lfu_kernel,7544,5243,0
kv-A-s4,val,kv,kv-A,0.25,132,sd_old,7138,4852,0
kv-A-s4,val,kv,kv-A,0.25,132,belady,3309,2368,0
kv-A-s4,val,kv,kv-A,0.3,158,fifo,6663,4724,0
kv-A-s4,val,kv,kv-A,0.3,158,clock,5774,3738,0
kv-A-s4,val,kv,kv-A,0.3,158,aging,6593,4652,0
kv-A-s4,val,kv,kv-A,0.3,158,lru,5595,3658,0
kv-A-s4,val,kv,kv-A,0.3,158,lfu_exact,5898,3103,0
kv-A-s4,val,kv,kv-A,0.3,158,lfu_kernel,6668,4725,0
kv-A-s4,val,kv,kv-A,0.3,158,sd_old,6197,4286,0
kv-A-s4,val,kv,kv-A,0.3,158,belady,2813,2050,0
kv-A-s2,train,kv,kv-A,0.05,26,fifo,16181,10442,0
kv-A-s2,train,kv,kv-A,0.05,26,clock,14000,8337,0
kv-A-s2,train,kv,kv-A,0.05,26,aging,15158,9442,0
kv-A-s2,train,kv,kv-A,0.05,26,lru,13654,8044,0
kv-A-s2,train,kv,kv-A,0.05,26,lfu_exact,13188,6860,0
kv-A-s2,train,kv,kv-A,0.05,26,lfu_kernel,16062,10324,0
kv-A-s2,train,kv,kv-A,0.05,26,sd_old,15847,10118,0
kv-A-s2,train,kv,kv-A,0.05,26,belady,8655,5216,0
kv-A-s2,train,kv,kv-A,0.1,53,fifo,12174,7876,0
kv-A-s2,train,kv,kv-A,0.1,53,clock,10389,6111,0
kv-A-s2,train,kv,kv-A,0.1,53,aging,11767,7474,0
kv-A-s2,train,kv,kv-A,0.1,53,lru,10181,5934,0
kv-A-s2,train,kv,kv-A,0.1,53,lfu_exact,10444,5452,0
kv-A-s2,train,kv,kv-A,0.1,53,lfu_kernel,12134,7839,0
kv-A-s2,train,kv,kv-A,0.1,53,sd_old,11727,7443,0
kv-A-s2,train,kv,kv-A,0.1,53,belady,6115,3978,0
kv-A-s2,train,kv,kv-A,0.15,79,fifo,10109,6652,0
kv-A-s2,train,kv,kv-A,0.15,79,clock,8680,5219,0
kv-A-s2,train,kv,kv-A,0.15,79,aging,9874,6431,0
kv-A-s2,train,kv,kv-A,0.15,79,lru,8531,5127,0
kv-A-s2,train,kv,kv-A,0.15,79,lfu_exact,8923,4706,0
kv-A-s2,train,kv,kv-A,0.15,79,lfu_kernel,10095,6633,0
kv-A-s2,train,kv,kv-A,0.15,79,sd_old,9692,6250,0
kv-A-s2,train,kv,kv-A,0.15,79,belady,4828,3246,0
kv-A-s2,train,kv,kv-A,0.2,106,fifo,8650,5805,0
kv-A-s2,train,kv,kv-A,0.2,106,clock,7404,4562,0
kv-A-s2,train,kv,kv-A,0.2,106,aging,8502,5672,0
kv-A-s2,train,kv,kv-A,0.2,106,lru,7296,4529,0
kv-A-s2,train,kv,kv-A,0.2,106,lfu_exact,7713,4084,0
kv-A-s2,train,kv,kv-A,0.2,106,lfu_kernel,8630,5788,0
kv-A-s2,train,kv,kv-A,0.2,106,sd_old,8226,5412,0
kv-A-s2,train,kv,kv-A,0.2,106,belady,3944,2756,0
kv-A-s2,train,kv,kv-A,0.25,132,fifo,7559,5180,0
kv-A-s2,train,kv,kv-A,0.25,132,clock,6470,4089,0
kv-A-s2,train,kv,kv-A,0.25,132,aging,7464,5085,0
kv-A-s2,train,kv,kv-A,0.25,132,lru,6364,4054,0
kv-A-s2,train,kv,kv-A,0.25,132,lfu_exact,6730,3596,0
kv-A-s2,train,kv,kv-A,0.25,132,lfu_kernel,7551,5171,0
kv-A-s2,train,kv,kv-A,0.25,132,sd_old,7164,4815,0
kv-A-s2,train,kv,kv-A,0.25,132,belady,3303,2382,0
kv-A-s2,train,kv,kv-A,0.3,158,fifo,6648,4671,0
kv-A-s2,train,kv,kv-A,0.3,158,clock,5692,3687,0
kv-A-s2,train,kv,kv-A,0.3,158,aging,6579,4591,0
kv-A-s2,train,kv,kv-A,0.3,158,lru,5565,3602,0
kv-A-s2,train,kv,kv-A,0.3,158,lfu_exact,5866,3121,0
kv-A-s2,train,kv,kv-A,0.3,158,lfu_kernel,6640,4664,0
kv-A-s2,train,kv,kv-A,0.3,158,sd_old,6262,4280,0
kv-A-s2,train,kv,kv-A,0.3,158,belady,2806,2042,0
kv-A-s1,train,kv,kv-A,0.05,26,fifo,16248,10428,0
kv-A-s1,train,kv,kv-A,0.05,26,clock,14065,8342,0
kv-A-s1,train,kv,kv-A,0.05,26,aging,15209,9413,0
kv-A-s1,train,kv,kv-A,0.05,26,lru,13726,8044,0
kv-A-s1,train,kv,kv-A,0.05,26,lfu_exact,13176,6878,0
kv-A-s1,train,kv,kv-A,0.05,26,lfu_kernel,16144,10325,0
kv-A-s1,train,kv,kv-A,0.05,26,sd_old,15905,10098,0
kv-A-s1,train,kv,kv-A,0.05,26,belady,8701,5245,0
kv-A-s1,train,kv,kv-A,0.1,53,fifo,12255,7883,0
kv-A-s1,train,kv,kv-A,0.1,53,clock,10422,6137,0
kv-A-s1,train,kv,kv-A,0.1,53,aging,11845,7483,0
kv-A-s1,train,kv,kv-A,0.1,53,lru,10247,5998,0
kv-A-s1,train,kv,kv-A,0.1,53,lfu_exact,10516,5505,0
kv-A-s1,train,kv,kv-A,0.1,53,lfu_kernel,12212,7845,0
kv-A-s1,train,kv,kv-A,0.1,53,sd_old,11765,7420,0
kv-A-s1,train,kv,kv-A,0.1,53,belady,6167,3960,0
kv-A-s1,train,kv,kv-A,0.15,79,fifo,10154,6670,0
kv-A-s1,train,kv,kv-A,0.15,79,clock,8749,5282,0
kv-A-s1,train,kv,kv-A,0.15,79,aging,9936,6454,0
kv-A-s1,train,kv,kv-A,0.15,79,lru,8575,5180,0
kv-A-s1,train,kv,kv-A,0.15,79,lfu_exact,9020,4744,0
kv-A-s1,train,kv,kv-A,0.15,79,lfu_kernel,10131,6652,0
kv-A-s1,train,kv,kv-A,0.15,79,sd_old,9669,6198,0
kv-A-s1,train,kv,kv-A,0.15,79,belady,4877,3277,0
kv-A-s1,train,kv,kv-A,0.2,106,fifo,8717,5803,0
kv-A-s1,train,kv,kv-A,0.2,106,clock,7466,4631,0
kv-A-s1,train,kv,kv-A,0.2,106,aging,8557,5653,0
kv-A-s1,train,kv,kv-A,0.2,106,lru,7376,4546,0
kv-A-s1,train,kv,kv-A,0.2,106,lfu_exact,7795,4098,0
kv-A-s1,train,kv,kv-A,0.2,106,lfu_kernel,8697,5790,0
kv-A-s1,train,kv,kv-A,0.2,106,sd_old,8257,5366,0
kv-A-s1,train,kv,kv-A,0.2,106,belady,3991,2759,0
kv-A-s1,train,kv,kv-A,0.25,132,fifo,7572,5180,0
kv-A-s1,train,kv,kv-A,0.25,132,clock,6544,4121,0
kv-A-s1,train,kv,kv-A,0.25,132,aging,7457,5059,0
kv-A-s1,train,kv,kv-A,0.25,132,lru,6440,4049,0
kv-A-s1,train,kv,kv-A,0.25,132,lfu_exact,6819,3584,0
kv-A-s1,train,kv,kv-A,0.25,132,lfu_kernel,7564,5170,0
kv-A-s1,train,kv,kv-A,0.25,132,sd_old,7143,4758,0
kv-A-s1,train,kv,kv-A,0.25,132,belady,3344,2356,0
kv-A-s1,train,kv,kv-A,0.3,158,fifo,6665,4664,0
kv-A-s1,train,kv,kv-A,0.3,158,clock,5769,3686,0
kv-A-s1,train,kv,kv-A,0.3,158,aging,6584,4585,0
kv-A-s1,train,kv,kv-A,0.3,158,lru,5634,3630,0
kv-A-s1,train,kv,kv-A,0.3,158,lfu_exact,5951,3113,0
kv-A-s1,train,kv,kv-A,0.3,158,lfu_kernel,6664,4664,0
kv-A-s1,train,kv,kv-A,0.3,158,sd_old,6246,4238,0
kv-A-s1,train,kv,kv-A,0.3,158,belady,2828,2041,0
kv-A-s5,test,kv,kv-A,0.05,26,fifo,16213,10492,0
kv-A-s5,test,kv,kv-A,0.05,26,clock,14093,8429,0
kv-A-s5,test,kv,kv-A,0.05,26,aging,15186,9491,0
kv-A-s5,test,kv,kv-A,0.05,26,lru,13778,8183,0
kv-A-s5,test,kv,kv-A,0.05,26,lfu_exact,13281,6874,0
kv-A-s5,test,kv,kv-A,0.05,26,lfu_kernel,16079,10367,0
kv-A-s5,test,kv,kv-A,0.05,26,sd_old,15868,10159,0
kv-A-s5,test,kv,kv-A,0.05,26,belady,8643,5202,0
kv-A-s5,test,kv,kv-A,0.1,53,fifo,12163,7896,0
kv-A-s5,test,kv,kv-A,0.1,53,clock,10388,6148,0
kv-A-s5,test,kv,kv-A,0.1,53,aging,11743,7487,0
kv-A-s5,test,kv,kv-A,0.1,53,lru,10185,6003,0
kv-A-s5,test,kv,kv-A,0.1,53,lfu_exact,10620,5511,0
kv-A-s5,test,kv,kv-A,0.1,53,lfu_kernel,12125,7858,0
kv-A-s5,test,kv,kv-A,0.1,53,sd_old,11684,7456,0
kv-A-s5,test,kv,kv-A,0.1,53,belady,6051,3920,0
kv-A-s5,test,kv,kv-A,0.15,79,fifo,10020,6640,0
kv-A-s5,test,kv,kv-A,0.15,79,clock,8517,5195,0
kv-A-s5,test,kv,kv-A,0.15,79,aging,9810,6430,0
kv-A-s5,test,kv,kv-A,0.15,79,lru,8414,5088,0
kv-A-s5,test,kv,kv-A,0.15,79,lfu_exact,9118,4750,0
kv-A-s5,test,kv,kv-A,0.15,79,lfu_kernel,9993,6615,0
kv-A-s5,test,kv,kv-A,0.15,79,sd_old,9542,6181,0
kv-A-s5,test,kv,kv-A,0.15,79,belady,4746,3210,0
kv-A-s5,test,kv,kv-A,0.2,106,fifo,8523,5787,0
kv-A-s5,test,kv,kv-A,0.2,106,clock,7312,4548,0
kv-A-s5,test,kv,kv-A,0.2,106,aging,8383,5643,0
kv-A-s5,test,kv,kv-A,0.2,106,lru,7174,4466,0
kv-A-s5,test,kv,kv-A,0.2,106,lfu_exact,7861,4109,0
kv-A-s5,test,kv,kv-A,0.2,106,lfu_kernel,8500,5771,0
kv-A-s5,test,kv,kv-A,0.2,106,sd_old,8045,5332,0
kv-A-s5,test,kv,kv-A,0.2,106,belady,3859,2711,0
kv-A-s5,test,kv,kv-A,0.25,132,fifo,7427,5141,0
kv-A-s5,test,kv,kv-A,0.25,132,clock,6358,4054,0
kv-A-s5,test,kv,kv-A,0.25,132,aging,7321,5039,0
kv-A-s5,test,kv,kv-A,0.25,132,lru,6201,3977,0
kv-A-s5,test,kv,kv-A,0.25,132,lfu_exact,6824,3592,0
kv-A-s5,test,kv,kv-A,0.25,132,lfu_kernel,7417,5133,0
kv-A-s5,test,kv,kv-A,0.25,132,sd_old,6934,4678,0
kv-A-s5,test,kv,kv-A,0.25,132,belady,3267,2356,0
kv-A-s5,test,kv,kv-A,0.3,158,fifo,6425,4557,0
kv-A-s5,test,kv,kv-A,0.3,158,clock,5544,3582,0
kv-A-s5,test,kv,kv-A,0.3,158,aging,6357,4488,0
kv-A-s5,test,kv,kv-A,0.3,158,lru,5383,3515,0
kv-A-s5,test,kv,kv-A,0.3,158,lfu_exact,5914,3110,0
kv-A-s5,test,kv,kv-A,0.3,158,lfu_kernel,6411,4549,0
kv-A-s5,test,kv,kv-A,0.3,158,sd_old,6022,4139,0
kv-A-s5,test,kv,kv-A,0.3,158,belady,2764,2023,0
kv-A-s3,train,kv,kv-A,0.05,26,fifo,16314,10527,0
kv-A-s3,train,kv,kv-A,0.05,26,clock,14125,8413,0
kv-A-s3,train,kv,kv-A,0.05,26,aging,15282,9501,0
kv-A-s3,train,kv,kv-A,0.05,26,lru,13868,8181,0
kv-A-s3,train,kv,kv-A,0.05,26,lfu_exact,13208,6823,0
kv-A-s3,train,kv,kv-A,0.05,26,lfu_kernel,16201,10418,0
kv-A-s3,train,kv,kv-A,0.05,26,sd_old,15950,10176,0
kv-A-s3,train,kv,kv-A,0.05,26,belady,8689,5231,0
kv-A-s3,train,kv,kv-A,0.1,53,fifo,12266,7948,0
kv-A-s3,train,kv,kv-A,0.1,53,clock,10466,6169,0
kv-A-s3,train,kv,kv-A,0.1,53,aging,11843,7522,0
kv-A-s3,train,kv,kv-A,0.1,53,lru,10256,6021,0
kv-A-s3,train,kv,kv-A,0.1,53,lfu_exact,10530,5474,0
kv-A-s3,train,kv,kv-A,0.1,53,lfu_kernel,12223,7903,0
kv-A-s3,train,kv,kv-A,0.1,53,sd_old,11806,7506,0
kv-A-s3,train,kv,kv-A,0.1,53,belady,6148,3994,0
kv-A-s3,train,kv,kv-A,0.15,79,fifo,10171,6693,0
kv-A-s3,train,kv,kv-A,0.15,79,clock,8690,5247,0
kv-A-s3,train,kv,kv-A,0.15,79,aging,9961,6476,0
kv-A-s3,train,kv,kv-A,0.15,79,lru,8563,5160,0
kv-A-s3,train,kv,kv-A,0.15,79,lfu_exact,8965,4728,0
kv-A-s3,train,kv,kv-A,0.15,79,lfu_kernel,10168,6683,0
kv-A-s3,train,kv,kv-A,0.15,79,sd_old,9749,6293,0
kv-A-s3,train,kv,kv-A,0.15,79,belady,4830,3257,0
kv-A-s3,train,kv,kv-A,0.2,106,fifo,8727,5846,0
kv-A-s3,train,kv,kv-A,0.2,106,clock,7438,4610,0
kv-A-s3,train,kv,kv-A,0.2,106,aging,8575,5697,0
kv-A-s3,train,kv,kv-A,0.2,106,lru,7323,4524,0
kv-A-s3,train,kv,kv-A,0.2,106,lfu_exact,7740,4085,0
kv-A-s3,train,kv,kv-A,0.2,106,lfu_kernel,8713,5834,0
kv-A-s3,train,kv,kv-A,0.2,106,sd_old,8304,5449,0
kv-A-s3,train,kv,kv-A,0.2,106,belady,3943,2763,0
kv-A-s3,train,kv,kv-A,0.25,132,fifo,7554,5204,0
kv-A-s3,train,kv,kv-A,0.25,132,clock,6497,4133,0
kv-A-s3,train,kv,kv-A,0.25,132,aging,7437,5091,0
kv-A-s3,train,kv,kv-A,0.25,132,lru,6391,4065,0
kv-A-s3,train,kv,kv-A,0.25,132,lfu_exact,6695,3549,0
kv-A-s3,train,kv,kv-A,0.25,132,lfu_kernel,7545,5196,0
kv-A-s3,train,kv,kv-A,0.25,132,sd_old,7148,4829,0
kv-A-s3,train,kv,kv-A,0.25,132,belady,3292,2352,0
kv-A-s3,train,kv,kv-A,0.3,158,fifo,6612,4639,0
kv-A-s3,train,kv,kv-A,0.3,158,clock,5673,3681,0
kv-A-s3,train,kv,kv-A,0.3,158,aging,6528,4558,0
kv-A-s3,train,kv,kv-A,0.3,158,lru,5538,3607,0
kv-A-s3,train,kv,kv-A,0.3,158,lfu_exact,5844,3099,0
kv-A-s3,train,kv,kv-A,0.3,158,lfu_kernel,6607,4632,0
kv-A-s3,train,kv,kv-A,0.3,158,sd_old,6206,4265,0
kv-A-s3,train,kv,kv-A,0.3,158,belady,2798,2020,0
kv-B-s1,train,kv,kv-B,0.05,26,fifo,16223,3813,0
kv-B-s1,train,kv,kv-B,0.05,26,clock,13975,2268,0
kv-B-s1,train,kv,kv-B,0.05,26,aging,15187,2975,0
kv-B-s1,train,kv,kv-B,0.05,26,lru,13684,2081,0
kv-B-s1,train,kv,kv-B,0.05,26,lfu_exact,13168,1218,0
kv-B-s1,train,kv,kv-B,0.05,26,lfu_kernel,16120,3715,0
kv-B-s1,train,kv,kv-B,0.05,26,sd_old,15884,3584,0
kv-B-s1,train,kv,kv-B,0.05,26,belady,8699,1216,0
kv-B-s1,train,kv,kv-B,0.1,53,fifo,12241,2460,0
kv-B-s1,train,kv,kv-B,0.1,53,clock,10430,1394,0
kv-B-s1,train,kv,kv-B,0.1,53,aging,11840,2136,0
kv-B-s1,train,kv,kv-B,0.1,53,lru,10244,1309,0
kv-B-s1,train,kv,kv-B,0.1,53,lfu_exact,10504,1046,0
kv-B-s1,train,kv,kv-B,0.1,53,lfu_kernel,12204,2423,0
kv-B-s1,train,kv,kv-B,0.1,53,sd_old,11763,2178,0
kv-B-s1,train,kv,kv-B,0.1,53,belady,6167,1091,0
kv-B-s1,train,kv,kv-B,0.15,79,fifo,10153,1998,0
kv-B-s1,train,kv,kv-B,0.15,79,clock,8751,1232,0
kv-B-s1,train,kv,kv-B,0.15,79,aging,9931,1814,0
kv-B-s1,train,kv,kv-B,0.15,79,lru,8575,1205,0
kv-B-s1,train,kv,kv-B,0.15,79,lfu_exact,9003,950,0
kv-B-s1,train,kv,kv-B,0.15,79,lfu_kernel,10130,1976,0
kv-B-s1,train,kv,kv-B,0.15,79,sd_old,9671,1746,0
kv-B-s1,train,kv,kv-B,0.15,79,belady,4877,1036,0
kv-B-s1,train,kv,kv-B,0.2,106,fifo,8709,1762,0
kv-B-s1,train,kv,kv-B,0.2,106,clock,7486,1153,0
kv-B-s1,train,kv,kv-B,0.2,106,aging,8554,1640,0
kv-B-s1,train,kv,kv-B,0.2,106,lru,7377,1135,0
kv-B-s1,train,kv,kv-B,0.2,106,lfu_exact,7785,869,0
kv-B-s1,train,kv,kv-B,0.2,106,lfu_kernel,8697,1752,0
kv-B-s1,train,kv,kv-B,0.2,106,sd_old,8258,1540,0
kv-B-s1,train,kv,kv-B,0.2,106,belady,3991,983,0
kv-B-s1,train,kv,kv-B,0.25,132,fifo,7570,1594,0
kv-B-s1,train,kv,kv-B,0.25,132,clock,6551,1101,0
kv-B-s1,train,kv,kv-B,0.25,132,aging,7462,1503,0
kv-B-s1,train,kv,kv-B,0.25,132,lru,6440,1091,0
kv-B-s1,train,kv,kv-B,0.25,132,lfu_exact,6804,811,0
kv-B-s1,train,kv,kv-B,0.25,132,lfu_kernel,7559,1588,0
kv-B-s1,train,kv,kv-B,0.25,132,sd_old,7144,1392,0
kv-B-s1,train,kv,kv-B,0.25,132,belady,3344,930,0
kv-B-s1,train,kv,kv-B,0.3,158,fifo,6667,1468,0
kv-B-s1,train,kv,kv-B,0.3,158,clock,5776,1070,0
kv-B-s1,train,kv,kv-B,0.3,158,aging,6582,1400,0
kv-B-s1,train,kv,kv-B,0.3,158,lru,5635,1057,0
kv-B-s1,train,kv,kv-B,0.3,158,lfu_exact,5931,741,0
kv-B-s1,train,kv,kv-B,0.3,158,lfu_kernel,6665,1461,0
kv-B-s1,train,kv,kv-B,0.3,158,sd_old,6247,1278,0
kv-B-s1,train,kv,kv-B,0.3,158,belady,2828,886,0
kv-B-s4,val,kv,kv-B,0.05,26,fifo,16224,3789,0
kv-B-s4,val,kv,kv-B,0.05,26,clock,13994,2271,0
kv-B-s4,val,kv,kv-B,0.05,26,aging,15174,2942,0
kv-B-s4,val,kv,kv-B,0.05,26,lru,13683,2045,0
kv-B-s4,val,kv,kv-B,0.05,26,lfu_exact,13148,1199,0
kv-B-s4,val,kv,kv-B,0.05,26,lfu_kernel,16095,3683,0
kv-B-s4,val,kv,kv-B,0.05,26,sd_old,15860,3545,0
kv-B-s4,val,kv,kv-B,0.05,26,belady,8693,1213,0
kv-B-s4,val,kv,kv-B,0.1,53,fifo,12219,2444,0
kv-B-s4,val,kv,kv-B,0.1,53,clock,10423,1379,0
kv-B-s4,val,kv,kv-B,0.1,53,aging,11815,2117,0
kv-B-s4,val,kv,kv-B,0.1,53,lru,10222,1299,0
kv-B-s4,val,kv,kv-B,0.1,53,lfu_exact,10495,1066,0
kv-B-s4,val,kv,kv-B,0.1,53,lfu_kernel,12177,2403,0
kv-B-s4,val,kv,kv-B,0.1,53,sd_old,11763,2180,0
kv-B-s4,val,kv,kv-B,0.1,53,belady,6164,1114,0
kv-B-s4,val,kv,kv-B,0.15,79,fifo,10221,1987,0
kv-B-s4,val,kv,kv-B,0.15,79,clock,8781,1231,0
kv-B-s4,val,kv,kv-B,0.15,79,aging,10001,1799,0
kv-B-s4,val,kv,kv-B,0.15,79,lru,8656,1202,0
kv-B-s4,val,kv,kv-B,0.15,79,lfu_exact,9029,993,0
kv-B-s4,val,kv,kv-B,0.15,79,lfu_kernel,10190,1957,0
kv-B-s4,val,kv,kv-B,0.15,79,sd_old,9791,1766,0
kv-B-s4,val,kv,kv-B,0.15,79,belady,4866,1053,0
kv-B-s4,val,kv,kv-B,0.2,106,fifo,8699,1734,0
kv-B-s4,val,kv,kv-B,0.2,106,clock,7470,1163,0
kv-B-s4,val,kv,kv-B,0.2,106,aging,8582,1614,0
kv-B-s4,val,kv,kv-B,0.2,106,lru,7364,1151,0
kv-B-s4,val,kv,kv-B,0.2,106,lfu_exact,7800,926,0
kv-B-s4,val,kv,kv-B,0.2,106,lfu_kernel,8688,1723,0
kv-B-s4,val,kv,kv-B,0.2,106,sd_old,8308,1546,0
kv-B-s4,val,kv,kv-B,0.2,106,belady,3941,1003,0
kv-B-s4,val,kv,kv-B,0.25,132,fifo,7548,1575,0
kv-B-s4,val,kv,kv-B,0.25,132,clock,6483,1137,0
kv-B-s4,val,kv,kv-B,0.25,132,aging,7449,1480,0
kv-B-s4,val,kv,kv-B,0.25,132,lru,6377,1112,0
kv-B-s4,val,kv,kv-B,0.25,132,lfu_exact,6741,855,0
kv-B-s4,val,kv,kv-B,0.25,132,lfu_kernel,7542,1567,0
kv-B-s4,val,kv,kv-B,0.25,132,sd_old,7139,1408,0
kv-B-s4,val,kv,kv-B,0.25,132,belady,3309,956,0
kv-B-s4,val,kv,kv-B,0.3,158,fifo,6659,1458,0
kv-B-s4,val,kv,kv-B,0.3,158,clock,5709,1092,0
kv-B-s4,val,kv,kv-B,0.3,158,aging,6593,1394,0
kv-B-s4,val,kv,kv-B,0.3,158,lru,5595,1080,0
kv-B-s4,val,kv,kv-B,0.3,158,lfu_exact,5869,767,0
kv-B-s4,val,kv,kv-B,0.3,158,lfu_kernel,6671,1455,0
kv-B-s4,val,kv,kv-B,0.3,158,sd_old,6197,1299,0
kv-B-s4,val,kv,kv-B,0.3,158,belady,2813,903,0
btree-insert-s1,train,btree,btree-insert,0.05,204,fifo,71324,45484,0
btree-insert-s1,train,btree,btree-insert,0.05,204,clock,63694,45198,0
btree-insert-s1,train,btree,btree-insert,0.05,204,aging,70844,45465,0
btree-insert-s1,train,btree,btree-insert,0.05,204,lru,63449,45087,0
btree-insert-s1,train,btree,btree-insert,0.05,204,lfu_exact,56456,43728,0
btree-insert-s1,train,btree,btree-insert,0.05,204,lfu_kernel,71307,45482,0
btree-insert-s1,train,btree,btree-insert,0.05,204,sd_old,64091,45128,0
btree-insert-s1,train,btree,btree-insert,0.05,204,belady,37762,34945,0
btree-insert-s1,train,btree,btree-insert,0.1,408,fifo,53879,39457,0
btree-insert-s1,train,btree,btree-insert,0.1,408,clock,47443,38852,0
btree-insert-s1,train,btree,btree-insert,0.1,408,aging,53714,39443,0
btree-insert-s1,train,btree,btree-insert,0.1,408,lru,47354,38793,0
btree-insert-s1,train,btree,btree-insert,0.1,408,lfu_exact,44591,37296,0
btree-insert-s1,train,btree,btree-insert,0.1,408,lfu_kernel,53874,39458,0
btree-insert-s1,train,btree,btree-insert,0.1,408,sd_old,47579,38825,0
btree-insert-s1,train,btree,btree-insert,0.1,408,belady,25804,25200,0
btree-insert-s1,train,btree,btree-insert,0.15,612,fifo,43361,34217,0
btree-insert-s1,train,btree,btree-insert,0.15,612,clock,37664,33349,0
btree-insert-s1,train,btree,btree-insert,0.15,612,aging,43269,34204,0
btree-insert-s1,train,btree,btree-insert,0.15,612,lru,37367,33228,0
btree-insert-s1,train,btree,btree-insert,0.15,612,lfu_exact,37524,32047,0
btree-insert-s1,train,btree,btree-insert,0.15,612,lfu_kernel,43367,34221,0
btree-insert-s1,train,btree,btree-insert,0.15,612,sd_old,37477,33230,0
btree-insert-s1,train,btree,btree-insert,0.15,612,belady,19652,19030,0
btree-insert-s1,train,btree,btree-insert,0.2,816,fifo,36001,29699,0
btree-insert-s1,train,btree,btree-insert,0.2,816,clock,31051,28581,0
btree-insert-s1,train,btree,btree-insert,0.2,816,aging,35941,29687,0
btree-insert-s1,train,btree,btree-insert,0.2,816,lru,30604,28469,0
btree-insert-s1,train,btree,btree-insert,0.2,816,lfu_exact,32022,27519,0
btree-insert-s1,train,btree,btree-insert,0.2,816,lfu_kernel,35993,29696,0
btree-insert-s1,train,btree,btree-insert,0.2,816,sd_old,30665,28477,0
btree-insert-s1,train,btree,btree-insert,0.2,816,belady,15665,14846,0
btree-insert-s1,train,btree,btree-insert,0.25,1020,fifo,30275,25663,0
btree-insert-s1,train,btree,btree-insert,0.25,1020,clock,26163,24464,0
btree-insert-s1,train,btree,btree-insert,0.25,1020,aging,30233,25655,0
btree-insert-s1,train,btree,btree-insert,0.25,1020,lru,25751,24300,0
btree-insert-s1,train,btree,btree-insert,0.25,1020,lfu_exact,27427,23559,0
btree-insert-s1,train,btree,btree-insert,0.25,1020,lfu_kernel,30270,25658,0
btree-insert-s1,train,btree,btree-insert,0.25,1020,sd_old,25789,24327,0
btree-insert-s1,train,btree,btree-insert,0.25,1020,belady,12806,11784,0
btree-insert-s1,train,btree,btree-insert,0.3,1224,fifo,25693,22104,0
btree-insert-s1,train,btree,btree-insert,0.3,1224,clock,22211,20725,0
btree-insert-s1,train,btree,btree-insert,0.3,1224,aging,25663,22099,0
btree-insert-s1,train,btree,btree-insert,0.3,1224,lru,21949,20600,0
btree-insert-s1,train,btree,btree-insert,0.3,1224,lfu_exact,23487,20086,0
btree-insert-s1,train,btree,btree-insert,0.3,1224,lfu_kernel,25692,22103,0
btree-insert-s1,train,btree,btree-insert,0.3,1224,sd_old,21965,20608,0
btree-insert-s1,train,btree,btree-insert,0.3,1224,belady,10742,9518,0
kv-D-s2,train,kv,kv-D,0.05,26,fifo,18203,2311,0
kv-D-s2,train,kv,kv-D,0.05,26,clock,17490,1639,0
kv-D-s2,train,kv,kv-D,0.05,26,aging,17513,1642,0
kv-D-s2,train,kv,kv-D,0.05,26,lru,17472,1641,0
kv-D-s2,train,kv,kv-D,0.05,26,lfu_exact,18274,1822,0
kv-D-s2,train,kv,kv-D,0.05,26,lfu_kernel,17637,1745,0
kv-D-s2,train,kv,kv-D,0.05,26,sd_old,18118,2237,0
kv-D-s2,train,kv,kv-D,0.05,26,belady,11591,1532,0
kv-D-s2,train,kv,kv-D,0.1,53,fifo,15108,1872,0
kv-D-s2,train,kv,kv-D,0.1,53,clock,14714,1587,0
kv-D-s2,train,kv,kv-D,0.1,53,aging,14821,1596,0
kv-D-s2,train,kv,kv-D,0.1,53,lru,14668,1585,0
kv-D-s2,train,kv,kv-D,0.1,53,lfu_exact,16302,1675,0
kv-D-s2,train,kv,kv-D,0.1,53,lfu_kernel,14899,1665,0
kv-D-s2,train,kv,kv-D,0.1,53,sd_old,15040,1832,0
kv-D-s2,train,kv,kv-D,0.1,53,belady,8137,1421,0
kv-D-s2,train,kv,kv-D,0.15,79,fifo,12454,1713,0
kv-D-s2,train,kv,kv-D,0.15,79,clock,12254,1538,0
kv-D-s2,train,kv,kv-D,0.15,79,aging,12306,1561,0
kv-D-s2,train,kv,kv-D,0.15,79,lru,12146,1539,0
kv-D-s2,train,kv,kv-D,0.15,79,lfu_exact,14661,1570,0
kv-D-s2,train,kv,kv-D,0.15,79,lfu_kernel,12347,1608,0
kv-D-s2,train,kv,kv-D,0.15,79,sd_old,12421,1684,0
kv-D-s2,train,kv,kv-D,0.15,79,belady,5969,1330,0
kv-D-s2,train,kv,kv-D,0.2,106,fifo,10044,1610,0
kv-D-s2,train,kv,kv-D,0.2,106,clock,9717,1472,0
kv-D-s2,train,kv,kv-D,0.2,106,aging,9973,1518,0
kv-D-s2,train,kv,kv-D,0.2,106,lru,9659,1473,0
kv-D-s2,train,kv,kv-D,0.2,106,lfu_exact,13072,1460,0
kv-D-s2,train,kv,kv-D,0.2,106,lfu_kernel,9977,1545,0
kv-D-s2,train,kv,kv-D,0.2,106,sd_old,9980,1585,0
kv-D-s2,train,kv,kv-D,0.2,106,belady,4361,1223,0
kv-D-s2,train,kv,kv-D,0.25,132,fifo,7687,1511,0
kv-D-s2,train,kv,kv-D,0.25,132,clock,7550,1404,0
kv-D-s2,train,kv,kv-D,0.25,132,aging,7641,1458,0
kv-D-s2,train,kv,kv-D,0.25,132,lru,7393,1400,0
kv-D-s2,train,kv,kv-D,0.25,132,lfu_exact,11643,1352,0
kv-D-s2,train,kv,kv-D,0.25,132,lfu_kernel,7633,1474,0
kv-D-s2,train,kv,kv-D,0.25,132,sd_old,7618,1500,0
kv-D-s2,train,kv,kv-D,0.25,132,belady,3261,1141,0
kv-D-s2,train,kv,kv-D,0.3,158,fifo,5695,1418,0
kv-D-s2,train,kv,kv-D,0.3,158,clock,5597,1305,0
kv-D-s2,train,kv,kv-D,0.3,158,aging,5624,1389,0
kv-D-s2,train,kv,kv-D,0.3,158,lru,5239,1283,0
kv-D-s2,train,kv,kv-D,0.3,158,lfu_exact,10331,1258,0
kv-D-s2,train,kv,kv-D,0.3,158,lfu_kernel,5668,1398,0
kv-D-s2,train,kv,kv-D,0.3,158,sd_old,5579,1382,0
kv-D-s2,train,kv,kv-D,0.3,158,belady,2431,1044,0
kv-D-s5,test,kv,kv-D,0.05,26,fifo,18174,2326,0
kv-D-s5,test,kv,kv-D,0.05,26,clock,17485,1663,0
kv-D-s5,test,kv,kv-D,0.05,26,aging,17498,1657,0
kv-D-s5,test,kv,kv-D,0.05,26,lru,17501,1657,0
kv-D-s5,test,kv,kv-D,0.05,26,lfu_exact,18246,1796,0
kv-D-s5,test,kv,kv-D,0.05,26,lfu_kernel,17612,1764,0
kv-D-s5,test,kv,kv-D,0.05,26,sd_old,18095,2244,0
kv-D-s5,test,kv,kv-D,0.05,26,belady,11524,1546,0
kv-D-s5,test,kv,kv-D,0.1,53,fifo,15031,1896,0
kv-D-s5,test,kv,kv-D,0.1,53,clock,14667,1610,0
kv-D-s5,test,kv,kv-D,0.1,53,aging,14749,1622,0
kv-D-s5,test,kv,kv-D,0.1,53,lru,14603,1608,0
kv-D-s5,test,kv,kv-D,0.1,53,lfu_exact,16233,1664,0
kv-D-s5,test,kv,kv-D,0.1,53,lfu_kernel,14819,1686,0
kv-D-s5,test,kv,kv-D,0.1,53,sd_old,14959,1853,0
kv-D-s5,test,kv,kv-D,0.1,53,belady,8076,1445,0
kv-D-s5,test,kv,kv-D,0.15,79,fifo,12402,1729,0
kv-D-s5,test,kv,kv-D,0.15,79,clock,12198,1566,0
kv-D-s5,test,kv,kv-D,0.15,79,aging,12248,1578,0
kv-D-s5,test,kv,kv-D,0.15,79,lru,12072,1566,0
kv-D-s5,test,kv,kv-D,0.15,79,lfu_exact,14595,1566,0
kv-D-s5,test,kv,kv-D,0.15,79,lfu_kernel,12285,1617,0
kv-D-s5,test,kv,kv-D,0.15,79,sd_old,12349,1699,0
kv-D-s5,test,kv,kv-D,0.15,79,belady,5935,1349,0
kv-D-s5,test,kv,kv-D,0.2,106,fifo,9880,1622,0
kv-D-s5,test,kv,kv-D,0.2,106,clock,9652,1491,0
kv-D-s5,test,kv,kv-D,0.2,106,aging,9791,1532,0
kv-D-s5,test,kv,kv-D,0.2,106,lru,9536,1484,0
kv-D-s5,test,kv,kv-D,0.2,106,lfu_exact,12973,1460,0
kv-D-s5,test,kv,kv-D,0.2,106,lfu_kernel,9818,1552,0
kv-D-s5,test,kv,kv-D,0.2,106,sd_old,9788,1592,0
kv-D-s5,test,kv,kv-D,0.2,106,belady,4372,1253,0
kv-D-s5,test,kv,kv-D,0.25,132,fifo,7654,1531,0
kv-D-s5,test,kv,kv-D,0.25,132,clock,7449,1422,0
kv-D-s5,test,kv,kv-D,0.25,132,aging,7603,1483,0
kv-D-s5,test,kv,kv-D,0.25,132,lru,7264,1408,0
kv-D-s5,test,kv,kv-D,0.25,132,lfu_exact,11577,1345,0
kv-D-s5,test,kv,kv-D,0.25,132,lfu_kernel,7614,1490,0
kv-D-s5,test,kv,kv-D,0.25,132,sd_old,7591,1508,0
kv-D-s5,test,kv,kv-D,0.25,132,belady,3259,1156,0
kv-D-s5,test,kv,kv-D,0.3,158,fifo,5632,1441,0
kv-D-s5,test,kv,kv-D,0.3,158,clock,5511,1325,0
kv-D-s5,test,kv,kv-D,0.3,158,aging,5585,1407,0
kv-D-s5,test,kv,kv-D,0.3,158,lru,5227,1303,0
kv-D-s5,test,kv,kv-D,0.3,158,lfu_exact,10277,1230,0
kv-D-s5,test,kv,kv-D,0.3,158,lfu_kernel,5607,1416,0
kv-D-s5,test,kv,kv-D,0.3,158,sd_old,5543,1413,0
kv-D-s5,test,kv,kv-D,0.3,158,belady,2439,1050,0
btree-insert-s2,train,btree,btree-insert,0.05,205,fifo,70735,45411,0
btree-insert-s2,train,btree,btree-insert,0.05,205,clock,63097,44975,0
btree-insert-s2,train,btree,btree-insert,0.05,205,aging,70232,45373,0
btree-insert-s2,train,btree,btree-insert,0.05,205,lru,62847,44950,0
btree-insert-s2,train,btree,btree-insert,0.05,205,lfu_exact,55675,43687,0
btree-insert-s2,train,btree,btree-insert,0.05,205,lfu_kernel,70705,45414,0
btree-insert-s2,train,btree,btree-insert,0.05,205,sd_old,63417,44983,0
btree-insert-s2,train,btree,btree-insert,0.05,205,belady,37428,34847,0
btree-insert-s2,train,btree,btree-insert,0.1,410,fifo,53458,39387,0
btree-insert-s2,train,btree,btree-insert,0.1,410,clock,47087,38791,0
btree-insert-s2,train,btree,btree-insert,0.1,410,aging,53280,39367,0
btree-insert-s2,train,btree,btree-insert,0.1,410,lru,47032,38712,0
btree-insert-s2,train,btree,btree-insert,0.1,410,lfu_exact,44119,37302,0
btree-insert-s2,train,btree,btree-insert,0.1,410,lfu_kernel,53456,39391,0
btree-insert-s2,train,btree,btree-insert,0.1,410,sd_old,47234,38736,0
btree-insert-s2,train,btree,btree-insert,0.1,410,belady,25693,25104,0
btree-insert-s2,train,btree,btree-insert,0.15,615,fifo,43146,34257,0
btree-insert-s2,train,btree,btree-insert,0.15,615,clock,37558,33425,0
btree-insert-s2,train,btree,btree-insert,0.15,615,aging,43051,34244,0
btree-insert-s2,train,btree,btree-insert,0.15,615,lru,37089,33249,0
btree-insert-s2,train,btree,btree-insert,0.15,615,lfu_exact,37178,32079,0
btree-insert-s2,train,btree,btree-insert,0.15,615,lfu_kernel,43144,34259,0
btree-insert-s2,train,btree,btree-insert,0.15,615,sd_old,37198,33238,0
btree-insert-s2,train,btree,btree-insert,0.15,615,belady,19578,18948,0
btree-insert-s2,train,btree,btree-insert,0.2,821,fifo,35893,29762,0
btree-insert-s2,train,btree,btree-insert,0.2,821,clock,30966,28618,0
btree-insert-s2,train,btree,btree-insert,0.2,821,aging,35838,29754,0
btree-insert-s2,train,btree,btree-insert,0.2,821,lru,30435,28404,0
btree-insert-s2,train,btree,btree-insert,0.2,821,lfu_exact,31607,27444,0
btree-insert-s2,train,btree,btree-insert,0.2,821,lfu_kernel,35890,29762,0
btree-insert-s2,train,btree,btree-insert,0.2,821,sd_old,30486,28410,0
btree-insert-s2,train,btree,btree-insert,0.2,821,belady,15620,14795,0
btree-insert-s2,train,btree,btree-insert,0.25,1026,fifo,30188,25724,0
btree-insert-s2,train,btree,btree-insert,0.25,1026,clock,26149,24468,0
btree-insert-s2,train,btree,btree-insert,0.25,1026,aging,30144,25708,0
btree-insert-s2,train,btree,btree-insert,0.25,1026,lru,25781,24344,0
btree-insert-s2,train,btree,btree-insert,0.25,1026,lfu_exact,27217,23618,0
btree-insert-s2,train,btree,btree-insert,0.25,1026,lfu_kernel,30188,25725,0
btree-insert-s2,train,btree,btree-insert,0.25,1026,sd_old,25822,24363,0
btree-insert-s2,train,btree,btree-insert,0.25,1026,belady,12830,11802,0
btree-insert-s2,train,btree,btree-insert,0.3,1231,fifo,25564,22077,0
btree-insert-s2,train,btree,btree-insert,0.3,1231,clock,22228,20781,0
btree-insert-s2,train,btree,btree-insert,0.3,1231,aging,25538,22074,0
btree-insert-s2,train,btree,btree-insert,0.3,1231,lru,21952,20604,0
btree-insert-s2,train,btree,btree-insert,0.3,1231,lfu_exact,23312,20099,0
btree-insert-s2,train,btree,btree-insert,0.3,1231,lfu_kernel,25563,22077,0
btree-insert-s2,train,btree,btree-insert,0.3,1231,sd_old,21969,20617,0
btree-insert-s2,train,btree,btree-insert,0.3,1231,belady,10634,9403,0
btree-insert-s5,test,btree,btree-insert,0.05,205,fifo,71329,45560,0
btree-insert-s5,test,btree,btree-insert,0.05,205,clock,63641,45181,0
btree-insert-s5,test,btree,btree-insert,0.05,205,aging,70853,45537,0
btree-insert-s5,test,btree,btree-insert,0.05,205,lru,63326,45085,0
btree-insert-s5,test,btree,btree-insert,0.05,205,lfu_exact,56142,43598,0
btree-insert-s5,test,btree,btree-insert,0.05,205,lfu_kernel,71312,45556,0
btree-insert-s5,test,btree,btree-insert,0.05,205,sd_old,63919,45122,0
btree-insert-s5,test,btree,btree-insert,0.05,205,belady,37614,34869,0
btree-insert-s5,test,btree,btree-insert,0.1,410,fifo,53739,39458,0
btree-insert-s5,test,btree,btree-insert,0.1,410,clock,47429,38914,0
btree-insert-s5,test,btree,btree-insert,0.1,410,aging,53576,39442,0
btree-insert-s5,test,btree,btree-insert,0.1,410,lru,47181,38723,0
btree-insert-s5,test,btree,btree-insert,0.1,410,lfu_exact,44544,37073,0
btree-insert-s5,test,btree,btree-insert,0.1,410,lfu_kernel,53728,39456,0
btree-insert-s5,test,btree,btree-insert,0.1,410,sd_old,47410,38736,0
btree-insert-s5,test,btree,btree-insert,0.1,410,belady,25759,25144,0
btree-insert-s5,test,btree,btree-insert,0.15,615,fifo,43271,34206,0
btree-insert-s5,test,btree,btree-insert,0.15,615,clock,37596,33255,0
btree-insert-s5,test,btree,btree-insert,0.15,615,aging,43176,34195,0
btree-insert-s5,test,btree,btree-insert,0.15,615,lru,37186,33137,0
btree-insert-s5,test,btree,btree-insert,0.15,615,lfu_exact,37447,31785,0
btree-insert-s5,test,btree,btree-insert,0.15,615,lfu_kernel,43249,34194,0
btree-insert-s5,test,btree,btree-insert,0.15,615,sd_old,37321,33148,0
btree-insert-s5,test,btree,btree-insert,0.15,615,belady,19625,18986,0
btree-insert-s5,test,btree,btree-insert,0.2,820,fifo,35838,29577,0
btree-insert-s5,test,btree,btree-insert,0.2,820,clock,30829,28415,0
btree-insert-s5,test,btree,btree-insert,0.2,820,aging,35776,29560,0
btree-insert-s5,test,btree,btree-insert,0.2,820,lru,30510,28297,0
btree-insert-s5,test,btree,btree-insert,0.2,820,lfu_exact,31906,27253,0
btree-insert-s5,test,btree,btree-insert,0.2,820,lfu_kernel,35836,29576,0
btree-insert-s5,test,btree,btree-insert,0.2,820,sd_old,30590,28322,0
btree-insert-s5,test,btree,btree-insert,0.2,820,belady,15632,14812,0
btree-insert-s5,test,btree,btree-insert,0.25,1026,fifo,30298,25694,0
btree-insert-s5,test,btree,btree-insert,0.25,1026,clock,26172,24382,0
btree-insert-s5,test,btree,btree-insert,0.25,1026,aging,30251,25682,0
btree-insert-s5,test,btree,btree-insert,0.25,1026,lru,25668,24173,0
btree-insert-s5,test,btree,btree-insert,0.25,1026,lfu_exact,27296,23379,0
btree-insert-s5,test,btree,btree-insert,0.25,1026,lfu_kernel,30298,25698,0
btree-insert-s5,test,btree,btree-insert,0.25,1026,sd_old,25705,24189,0
btree-insert-s5,test,btree,btree-insert,0.25,1026,belady,12811,11785,0
btree-insert-s5,test,btree,btree-insert,0.3,1231,fifo,25508,21964,0
btree-insert-s5,test,btree,btree-insert,0.3,1231,clock,22200,20677,0
btree-insert-s5,test,btree,btree-insert,0.3,1231,aging,25471,21954,0
btree-insert-s5,test,btree,btree-insert,0.3,1231,lru,21988,20605,0
btree-insert-s5,test,btree,btree-insert,0.3,1231,lfu_exact,23420,19937,0
btree-insert-s5,test,btree,btree-insert,0.3,1231,lfu_kernel,25506,21964,0
btree-insert-s5,test,btree,btree-insert,0.3,1231,sd_old,21997,20609,0
btree-insert-s5,test,btree,btree-insert,0.3,1231,belady,10707,9476,0
kv-B-s5,test,kv,kv-B,0.05,26,fifo,16202,3781,0
kv-B-s5,test,kv,kv-B,0.05,26,clock,14011,2245,0
kv-B-s5,test,kv,kv-B,0.05,26,aging,15177,2929,0
kv-B-s5,test,kv,kv-B,0.05,26,lru,13757,2111,0
kv-B-s5,test,kv,kv-B,0.05,26,lfu_exact,13263,1205,0
kv-B-s5,test,kv,kv-B,0.05,26,lfu_kernel,16069,3665,0
kv-B-s5,test,kv,kv-B,0.05,26,sd_old,15858,3545,0
kv-B-s5,test,kv,kv-B,0.05,26,belady,8642,1205,0
kv-B-s5,test,kv,kv-B,0.1,53,fifo,12161,2437,0
kv-B-s5,test,kv,kv-B,0.1,53,clock,10347,1379,0
kv-B-s5,test,kv,kv-B,0.1,53,aging,11739,2110,0
kv-B-s5,test,kv,kv-B,0.1,53,lru,10185,1308,0
kv-B-s5,test,kv,kv-B,0.1,53,lfu_exact,10595,1049,0
kv-B-s5,test,kv,kv-B,0.1,53,lfu_kernel,12127,2406,0
kv-B-s5,test,kv,kv-B,0.1,53,sd_old,11687,2182,0
kv-B-s5,test,kv,kv-B,0.1,53,belady,6051,1094,0
kv-B-s5,test,kv,kv-B,0.15,79,fifo,10022,1983,0
kv-B-s5,test,kv,kv-B,0.15,79,clock,8620,1221,0
kv-B-s5,test,kv,kv-B,0.15,79,aging,9808,1804,0
kv-B-s5,test,kv,kv-B,0.15,79,lru,8415,1182,0
kv-B-s5,test,kv,kv-B,0.15,79,lfu_exact,9068,972,0
kv-B-s5,test,kv,kv-B,0.15,79,lfu_kernel,9996,1961,0
kv-B-s5,test,kv,kv-B,0.15,79,sd_old,9544,1741,0
kv-B-s5,test,kv,kv-B,0.15,79,belady,4746,1040,0
kv-B-s5,test,kv,kv-B,0.2,106,fifo,8524,1723,0
kv-B-s5,test,kv,kv-B,0.2,106,clock,7291,1143,0
kv-B-s5,test,kv,kv-B,0.2,106,aging,8384,1603,0
kv-B-s5,test,kv,kv-B,0.2,106,lru,7174,1118,0
kv-B-s5,test,kv,kv-B,0.2,106,lfu_exact,7779,908,0
kv-B-s5,test,kv,kv-B,0.2,106,lfu_kernel,8499,1709,0
kv-B-s5,test,kv,kv-B,0.2,106,sd_old,8044,1519,0
kv-B-s5,test,kv,kv-B,0.2,106,belady,3859,988,0
kv-B-s5,test,kv,kv-B,0.25,132,fifo,7426,1568,0
kv-B-s5,test,kv,kv-B,0.25,132,clock,6364,1104,0
kv-B-s5,test,kv,kv-B,0.25,132,aging,7321,1484,0
kv-B-s5,test,kv,kv-B,0.25,132,lru,6201,1091,0
kv-B-s5,test,kv,kv-B,0.25,132,lfu_exact,6746,836,0
kv-B-s5,test,kv,kv-B,0.25,132,lfu_kernel,7416,1560,0
kv-B-s5,test,kv,kv-B,0.25,132,sd_old,6935,1370,0
kv-B-s5,test,kv,kv-B,0.25,132,belady,3267,960,0
kv-B-s5,test,kv,kv-B,0.3,158,fifo,6423,1448,0
kv-B-s5,test,kv,kv-B,0.3,158,clock,5544,1066,0
kv-B-s5,test,kv,kv-B,0.3,158,aging,6357,1390,0
kv-B-s5,test,kv,kv-B,0.3,158,lru,5383,1060,0
kv-B-s5,test,kv,kv-B,0.3,158,lfu_exact,5859,785,0
kv-B-s5,test,kv,kv-B,0.3,158,lfu_kernel,6412,1441,0
kv-B-s5,test,kv,kv-B,0.3,158,sd_old,6026,1283,0
kv-B-s5,test,kv,kv-B,0.3,158,belady,2764,892,0
kv-B-s3,train,kv,kv-B,0.05,26,fifo,16311,3770,0
kv-B-s3,train,kv,kv-B,0.05,26,clock,14178,2276,0
kv-B-s3,train,kv,kv-B,0.05,26,aging,15271,2911,0
kv-B-s3,train,kv,kv-B,0.05,26,lru,13851,2081,0
kv-B-s3,train,kv,kv-B,0.05,26,lfu_exact,13215,1169,0
kv-B-s3,train,kv,kv-B,0.05,26,lfu_kernel,16192,3655,0
kv-B-s3,train,kv,kv-B,0.05,26,sd_old,15939,3508,0
kv-B-s3,train,kv,kv-B,0.05,26,belady,8688,1180,0
kv-B-s3,train,kv,kv-B,0.1,53,fifo,12264,2416,0
kv-B-s3,train,kv,kv-B,0.1,53,clock,10401,1349,0
kv-B-s3,train,kv,kv-B,0.1,53,aging,11841,2085,0
kv-B-s3,train,kv,kv-B,0.1,53,lru,10254,1283,0
kv-B-s3,train,kv,kv-B,0.1,53,lfu_exact,10517,1018,0
kv-B-s3,train,kv,kv-B,0.1,53,lfu_kernel,12221,2377,0
kv-B-s3,train,kv,kv-B,0.1,53,sd_old,11807,2149,0
kv-B-s3,train,kv,kv-B,0.1,53,belady,6148,1067,0
kv-B-s3,train,kv,kv-B,0.15,79,fifo,10170,1963,0
kv-B-s3,train,kv,kv-B,0.15,79,clock,8676,1205,0
kv-B-s3,train,kv,kv-B,0.15,79,aging,9958,1774,0
kv-B-s3,train,kv,kv-B,0.15,79,lru,8562,1158,0
kv-B-s3,train,kv,kv-B,0.15,79,lfu_exact,8930,939,0
kv-B-s3,train,kv,kv-B,0.15,79,lfu_kernel,10161,1947,0
kv-B-s3,train,kv,kv-B,0.15,79,sd_old,9750,1742,0
kv-B-s3,train,kv,kv-B,0.15,79,belady,4830,1012,0
kv-B-s3,train,kv,kv-B,0.2,106,fifo,8723,1703,0
kv-B-s3,train,kv,kv-B,0.2,106,clock,7479,1121,0
kv-B-s3,train,kv,kv-B,0.2,106,aging,8588,1592,0
kv-B-s3,train,kv,kv-B,0.2,106,lru,7322,1094,0
kv-B-s3,train,kv,kv-B,0.2,106,lfu_exact,7725,866,0
kv-B-s3,train,kv,kv-B,0.2,106,lfu_kernel,8713,1693,0
kv-B-s3,train,kv,kv-B,0.2,106,sd_old,8303,1530,0
kv-B-s3,train,kv,kv-B,0.2,106,belady,3943,964,0
kv-B-s3,train,kv,kv-B,0.25,132,fifo,7555,1551,0
kv-B-s3,train,kv,kv-B,0.25,132,clock,6492,1088,0
kv-B-s3,train,kv,kv-B,0.25,132,aging,7436,1466,0
kv-B-s3,train,kv,kv-B,0.25,132,lru,6391,1068,0
kv-B-s3,train,kv,kv-B,0.25,132,lfu_exact,6673,790,0
kv-B-s3,train,kv,kv-B,0.25,132,lfu_kernel,7545,1544,0
kv-B-s3,train,kv,kv-B,0.25,132,sd_old,7148,1395,0
kv-B-s3,train,kv,kv-B,0.25,132,belady,3292,917,0
kv-B-s3,train,kv,kv-B,0.3,158,fifo,6611,1443,0
kv-B-s3,train,kv,kv-B,0.3,158,clock,5631,1035,0
kv-B-s3,train,kv,kv-B,0.3,158,aging,6527,1367,0
kv-B-s3,train,kv,kv-B,0.3,158,lru,5538,1029,0
kv-B-s3,train,kv,kv-B,0.3,158,lfu_exact,5835,731,0
kv-B-s3,train,kv,kv-B,0.3,158,lfu_kernel,6605,1434,0
kv-B-s3,train,kv,kv-B,0.3,158,sd_old,6206,1292,0
kv-B-s3,train,kv,kv-B,0.3,158,belady,2798,872,0
kv-D-s1,train,kv,kv-D,0.05,26,fifo,18114,2292,0
kv-D-s1,train,kv,kv-D,0.05,26,clock,17515,1633,0
kv-D-s1,train,kv,kv-D,0.05,26,aging,17443,1629,0
kv-D-s1,train,kv,kv-D,0.05,26,lru,17420,1628,0
kv-D-s1,train,kv,kv-D,0.05,26,lfu_exact,18308,1824,0
kv-D-s1,train,kv,kv-D,0.05,26,lfu_kernel,17562,1742,0
kv-D-s1,train,kv,kv-D,0.05,26,sd_old,18032,2220,0
kv-D-s1,train,kv,kv-D,0.05,26,belady,11566,1535,0
kv-D-s1,train,kv,kv-D,0.1,53,fifo,15031,1863,0
kv-D-s1,train,kv,kv-D,0.1,53,clock,14664,1575,0
kv-D-s1,train,kv,kv-D,0.1,53,aging,14761,1590,0
kv-D-s1,train,kv,kv-D,0.1,53,lru,14645,1578,0
kv-D-s1,train,kv,kv-D,0.1,53,lfu_exact,16246,1678,0
kv-D-s1,train,kv,kv-D,0.1,53,lfu_kernel,14827,1660,0
kv-D-s1,train,kv,kv-D,0.1,53,sd_old,14997,1822,0
kv-D-s1,train,kv,kv-D,0.1,53,belady,8101,1431,0
kv-D-s1,train,kv,kv-D,0.15,79,fifo,12422,1694,0
kv-D-s1,train,kv,kv-D,0.15,79,clock,12170,1530,0
kv-D-s1,train,kv,kv-D,0.15,79,aging,12274,1543,0
kv-D-s1,train,kv,kv-D,0.15,79,lru,12089,1536,0
kv-D-s1,train,kv,kv-D,0.15,79,lfu_exact,14558,1529,0
kv-D-s1,train,kv,kv-D,0.15,79,lfu_kernel,12311,1584,0
kv-D-s1,train,kv,kv-D,0.15,79,sd_old,12337,1671,0
kv-D-s1,train,kv,kv-D,0.15,79,belady,6014,1324,0
kv-D-s1,train,kv,kv-D,0.2,106,fifo,9989,1594,0
kv-D-s1,train,kv,kv-D,0.2,106,clock,9694,1465,0
kv-D-s1,train,kv,kv-D,0.2,106,aging,9894,1504,0
kv-D-s1,train,kv,kv-D,0.2,106,lru,9593,1477,0
kv-D-s1,train,kv,kv-D,0.2,106,lfu_exact,12974,1439,0
kv-D-s1,train,kv,kv-D,0.2,106,lfu_kernel,9923,1528,0
kv-D-s1,train,kv,kv-D,0.2,106,sd_old,9984,1573,0
kv-D-s1,train,kv,kv-D,0.2,106,belady,4388,1220,0
kv-D-s1,train,kv,kv-D,0.25,132,fifo,7721,1504,0
kv-D-s1,train,kv,kv-D,0.25,132,clock,7567,1403,0
kv-D-s1,train,kv,kv-D,0.25,132,aging,7708,1449,0
kv-D-s1,train,kv,kv-D,0.25,132,lru,7366,1394,0
kv-D-s1,train,kv,kv-D,0.25,132,lfu_exact,11561,1325,0
kv-D-s1,train,kv,kv-D,0.25,132,lfu_kernel,7660,1465,0
kv-D-s1,train,kv,kv-D,0.25,132,sd_old,7655,1482,0
kv-D-s1,train,kv,kv-D,0.25,132,belady,3267,1108,0
kv-D-s1,train,kv,kv-D,0.3,158,fifo,5612,1401,0
kv-D-s1,train,kv,kv-D,0.3,158,clock,5575,1296,0
kv-D-s1,train,kv,kv-D,0.3,158,aging,5587,1370,0
kv-D-s1,train,kv,kv-D,0.3,158,lru,5324,1277,0
kv-D-s1,train,kv,kv-D,0.3,158,lfu_exact,10317,1220,0
kv-D-s1,train,kv,kv-D,0.3,158,lfu_kernel,5588,1380,0
kv-D-s1,train,kv,kv-D,0.3,158,sd_old,5501,1373,0
kv-D-s1,train,kv,kv-D,0.3,158,belady,2437,1008,0
btree-insert-s4,val,btree,btree-insert,0.05,206,fifo,70896,45407,0
btree-insert-s4,val,btree,btree-insert,0.05,206,clock,63310,45089,0
btree-insert-s4,val,btree,btree-insert,0.05,206,aging,70461,45390,0
btree-insert-s4,val,btree,btree-insert,0.05,206,lru,62977,44984,0
btree-insert-s4,val,btree,btree-insert,0.05,206,lfu_exact,55973,43644,0
btree-insert-s4,val,btree,btree-insert,0.05,206,lfu_kernel,70879,45407,0
btree-insert-s4,val,btree,btree-insert,0.05,206,sd_old,63618,45024,0
btree-insert-s4,val,btree,btree-insert,0.05,206,belady,37471,34769,0
btree-insert-s4,val,btree,btree-insert,0.1,412,fifo,53460,39325,0
btree-insert-s4,val,btree,btree-insert,0.1,412,clock,46923,38671,0
btree-insert-s4,val,btree,btree-insert,0.1,412,aging,53285,39309,0
btree-insert-s4,val,btree,btree-insert,0.1,412,lru,46881,38605,0
btree-insert-s4,val,btree,btree-insert,0.1,412,lfu_exact,44649,37070,0
btree-insert-s4,val,btree,btree-insert,0.1,412,lfu_kernel,53453,39323,0
btree-insert-s4,val,btree,btree-insert,0.1,412,sd_old,47047,38619,0
btree-insert-s4,val,btree,btree-insert,0.1,412,belady,25663,25016,0
btree-insert-s4,val,btree,btree-insert,0.15,617,fifo,43064,34086,0
btree-insert-s4,val,btree,btree-insert,0.15,617,clock,37522,33297,0
btree-insert-s4,val,btree,btree-insert,0.15,617,aging,42946,34054,0
btree-insert-s4,val,btree,btree-insert,0.15,617,lru,37182,33151,0
btree-insert-s4,val,btree,btree-insert,0.15,617,lfu_exact,37474,31701,0
btree-insert-s4,val,btree,btree-insert,0.15,617,lfu_kernel,43056,34085,0
btree-insert-s4,val,btree,btree-insert,0.15,617,sd_old,37293,33165,0
btree-insert-s4,val,btree,btree-insert,0.15,617,belady,19554,18917,0
btree-insert-s4,val,btree,btree-insert,0.2,823,fifo,35680,29531,0
btree-insert-s4,val,btree,btree-insert,0.2,823,clock,30942,28487,0
btree-insert-s4,val,btree,btree-insert,0.2,823,aging,35618,29512,0
btree-insert-s4,val,btree,btree-insert,0.2,823,lru,30462,28314,0
btree-insert-s4,val,btree,btree-insert,0.2,823,lfu_exact,31798,27214,0
btree-insert-s4,val,btree,btree-insert,0.2,823,lfu_kernel,35678,29533,0
btree-insert-s4,val,btree,btree-insert,0.2,823,sd_old,30505,28327,0
btree-insert-s4,val,btree,btree-insert,0.2,823,belady,15550,14727,0
btree-insert-s4,val,btree,btree-insert,0.25,1029,fifo,29980,25482,0
btree-insert-s4,val,btree,btree-insert,0.25,1029,clock,25916,24241,0
btree-insert-s4,val,btree,btree-insert,0.25,1029,aging,29946,25460,0
btree-insert-s4,val,btree,btree-insert,0.25,1029,lru,25516,24003,0
btree-insert-s4,val,btree,btree-insert,0.25,1029,lfu_exact,27246,23363,0
btree-insert-s4,val,btree,btree-insert,0.25,1029,lfu_kernel,29974,25476,0
btree-insert-s4,val,btree,btree-insert,0.25,1029,sd_old,25553,24018,0
btree-insert-s4,val,btree,btree-insert,0.25,1029,belady,12744,11715,0
btree-insert-s4,val,btree,btree-insert,0.3,1235,fifo,25379,21843,0
btree-insert-s4,val,btree,btree-insert,0.3,1235,clock,22137,20605,0
btree-insert-s4,val,btree,btree-insert,0.3,1235,aging,25348,21839,0
btree-insert-s4,val,btree,btree-insert,0.3,1235,lru,21708,20322,0
btree-insert-s4,val,btree,btree-insert,0.3,1235,lfu_exact,23354,19945,0
btree-insert-s4,val,btree,btree-insert,0.3,1235,lfu_kernel,25366,21830,0
btree-insert-s4,val,btree,btree-insert,0.3,1235,sd_old,21723,20327,0
btree-insert-s4,val,btree,btree-insert,0.3,1235,belady,10616,9381,0
kv-D-s3,train,kv,kv-D,0.05,26,fifo,18159,2251,0
kv-D-s3,train,kv,kv-D,0.05,26,clock,17413,1583,0
kv-D-s3,train,kv,kv-D,0.05,26,aging,17486,1583,0
kv-D-s3,train,kv,kv-D,0.05,26,lru,17444,1582,0
kv-D-s3,train,kv,kv-D,0.05,26,lfu_exact,18167,1731,0
kv-D-s3,train,kv,kv-D,0.05,26,lfu_kernel,17572,1663,0
kv-D-s3,train,kv,kv-D,0.05,26,sd_old,18082,2177,0
kv-D-s3,train,kv,kv-D,0.05,26,belady,11589,1507,0
kv-D-s3,train,kv,kv-D,0.1,53,fifo,15137,1833,0
kv-D-s3,train,kv,kv-D,0.1,53,clock,14713,1554,0
kv-D-s3,train,kv,kv-D,0.1,53,aging,14858,1555,0
kv-D-s3,train,kv,kv-D,0.1,53,lru,14760,1556,0
kv-D-s3,train,kv,kv-D,0.1,53,lfu_exact,16161,1578,0
kv-D-s3,train,kv,kv-D,0.1,53,lfu_kernel,14920,1618,0
kv-D-s3,train,kv,kv-D,0.1,53,sd_old,15069,1790,0
kv-D-s3,train,kv,kv-D,0.1,53,belady,8136,1420,0
kv-D-s3,train,kv,kv-D,0.15,79,fifo,12563,1680,0
kv-D-s3,train,kv,kv-D,0.15,79,clock,12244,1512,0
kv-D-s3,train,kv,kv-D,0.15,79,aging,12379,1527,0
kv-D-s3,train,kv,kv-D,0.15,79,lru,12163,1512,0
kv-D-s3,train,kv,kv-D,0.15,79,lfu_exact,14491,1462,0
kv-D-s3,train,kv,kv-D,0.15,79,lfu_kernel,12457,1574,0
kv-D-s3,train,kv,kv-D,0.15,79,sd_old,12505,1644,0
kv-D-s3,train,kv,kv-D,0.15,79,belady,5986,1340,0
kv-D-s3,train,kv,kv-D,0.2,106,fifo,10008,1573,0
kv-D-s3,train,kv,kv-D,0.2,106,clock,9775,1464,0
kv-D-s3,train,kv,kv-D,0.2,106,aging,9912,1484,0
kv-D-s3,train,kv,kv-D,0.2,106,lru,9635,1460,0
kv-D-s3,train,kv,kv-D,0.2,106,lfu_exact,12950,1355,0
kv-D-s3,train,kv,kv-D,0.2,106,lfu_kernel,9949,1513,0
kv-D-s3,train,kv,kv-D,0.2,106,sd_old,9902,1547,0
kv-D-s3,train,kv,kv-D,0.2,106,belady,4409,1231,0
kv-D-s3,train,kv,kv-D,0.25,132,fifo,7635,1483,0
kv-D-s3,train,kv,kv-D,0.25,132,clock,7525,1384,0
kv-D-s3,train,kv,kv-D,0.25,132,aging,7592,1430,0
kv-D-s3,train,kv,kv-D,0.25,132,lru,7365,1384,0
kv-D-s3,train,kv,kv-D,0.25,132,lfu_exact,11635,1269,0
kv-D-s3,train,kv,kv-D,0.25,132,lfu_kernel,7597,1444,0
kv-D-s3,train,kv,kv-D,0.25,132,sd_old,7566,1458,0
kv-D-s3,train,kv,kv-D,0.25,132,belady,3251,1123,0
kv-D-s3,train,kv,kv-D,0.3,158,fifo,5619,1385,0
kv-D-s3,train,kv,kv-D,0.3,158,clock,5473,1283,0
kv-D-s3,train,kv,kv-D,0.3,158,aging,5559,1355,0
kv-D-s3,train,kv,kv-D,0.3,158,lru,5181,1281,0
kv-D-s3,train,kv,kv-D,0.3,158,lfu_exact,10412,1179,0
kv-D-s3,train,kv,kv-D,0.3,158,lfu_kernel,5597,1363,0
kv-D-s3,train,kv,kv-D,0.3,158,sd_old,5520,1356,0
kv-D-s3,train,kv,kv-D,0.3,158,belady,2444,1018,0
kv-D-s4,val,kv,kv-D,0.05,26,fifo,18123,2274,0
kv-D-s4,val,kv,kv-D,0.05,26,clock,17435,1609,0
kv-D-s4,val,kv,kv-D,0.05,26,aging,17446,1607,0
kv-D-s4,val,kv,kv-D,0.05,26,lru,17411,1608,0
kv-D-s4,val,kv,kv-D,0.05,26,lfu_exact,18206,1788,0
kv-D-s4,val,kv,kv-D,0.05,26,lfu_kernel,17561,1711,0
kv-D-s4,val,kv,kv-D,0.05,26,sd_old,18035,2195,0
kv-D-s4,val,kv,kv-D,0.05,26,belady,11603,1518,0
kv-D-s4,val,kv,kv-D,0.1,53,fifo,15086,1853,0
kv-D-s4,val,kv,kv-D,0.1,53,clock,14622,1566,0
kv-D-s4,val,kv,kv-D,0.1,53,aging,14797,1580,0
kv-D-s4,val,kv,kv-D,0.1,53,lru,14681,1572,0
kv-D-s4,val,kv,kv-D,0.1,53,lfu_exact,16159,1630,0
kv-D-s4,val,kv,kv-D,0.1,53,lfu_kernel,14876,1646,0
kv-D-s4,val,kv,kv-D,0.1,53,sd_old,15024,1807,0
kv-D-s4,val,kv,kv-D,0.1,53,belady,8081,1413,0
kv-D-s4,val,kv,kv-D,0.15,79,fifo,12451,1692,0
kv-D-s4,val,kv,kv-D,0.15,79,clock,12166,1522,0
kv-D-s4,val,kv,kv-D,0.15,79,aging,12297,1540,0
kv-D-s4,val,kv,kv-D,0.15,79,lru,12114,1524,0
kv-D-s4,val,kv,kv-D,0.15,79,lfu_exact,14567,1522,0
kv-D-s4,val,kv,kv-D,0.15,79,lfu_kernel,12340,1584,0
kv-D-s4,val,kv,kv-D,0.15,79,sd_old,12403,1663,0
kv-D-s4,val,kv,kv-D,0.15,79,belady,5936,1324,0
kv-D-s4,val,kv,kv-D,0.2,106,fifo,9896,1582,0
kv-D-s4,val,kv,kv-D,0.2,106,clock,9694,1458,0
kv-D-s4,val,kv,kv-D,0.2,106,aging,9801,1491,0
kv-D-s4,val,kv,kv-D,0.2,106,lru,9542,1458,0
kv-D-s4,val,kv,kv-D,0.2,106,lfu_exact,12981,1418,0
kv-D-s4,val,kv,kv-D,0.2,106,lfu_kernel,9828,1514,0
kv-D-s4,val,kv,kv-D,0.2,106,sd_old,9805,1554,0
kv-D-s4,val,kv,kv-D,0.2,106,belady,4367,1217,0
kv-D-s4,val,kv,kv-D,0.25,132,fifo,7626,1498,0
kv-D-s4,val,kv,kv-D,0.25,132,clock,7479,1375,0
kv-D-s4,val,kv,kv-D,0.25,132,aging,7574,1444,0
kv-D-s4,val,kv,kv-D,0.25,132,lru,7286,1384,0
kv-D-s4,val,kv,kv-D,0.25,132,lfu_exact,11601,1331,0
kv-D-s4,val,kv,kv-D,0.25,132,lfu_kernel,7579,1451,0
kv-D-s4,val,kv,kv-D,0.25,132,sd_old,7569,1479,0
kv-D-s4,val,kv,kv-D,0.25,132,belady,3230,1104,0
kv-D-s4,val,kv,kv-D,0.3,158,fifo,5509,1391,0
kv-D-s4,val,kv,kv-D,0.3,158,clock,5535,1273,0
kv-D-s4,val,kv,kv-D,0.3,158,aging,5498,1355,0
kv-D-s4,val,kv,kv-D,0.3,158,lru,5189,1266,0
kv-D-s4,val,kv,kv-D,0.3,158,lfu_exact,10303,1205,0
kv-D-s4,val,kv,kv-D,0.3,158,lfu_kernel,5483,1361,0
kv-D-s4,val,kv,kv-D,0.3,158,sd_old,5429,1368,0
kv-D-s4,val,kv,kv-D,0.3,158,belady,2418,1011,0
kv-B-s2,train,kv,kv-B,0.05,26,fifo,16176,3731,0
kv-B-s2,train,kv,kv-B,0.05,26,clock,13979,2201,0
kv-B-s2,train,kv,kv-B,0.05,26,aging,15156,2897,0
kv-B-s2,train,kv,kv-B,0.05,26,lru,13640,2003,0
kv-B-s2,train,kv,kv-B,0.05,26,lfu_exact,13151,1171,0
kv-B-s2,train,kv,kv-B,0.05,26,lfu_kernel,16058,3614,0
kv-B-s2,train,kv,kv-B,0.05,26,sd_old,15843,3512,0
kv-B-s2,train,kv,kv-B,0.05,26,belady,8655,1167,0
kv-B-s2,train,kv,kv-B,0.1,53,fifo,12173,2389,0
kv-B-s2,train,kv,kv-B,0.1,53,clock,10348,1332,0
kv-B-s2,train,kv,kv-B,0.1,53,aging,11767,2062,0
kv-B-s2,train,kv,kv-B,0.1,53,lru,10181,1258,0
kv-B-s2,train,kv,kv-B,0.1,53,lfu_exact,10427,1020,0
kv-B-s2,train,kv,kv-B,0.1,53,lfu_kernel,12130,2354,0
kv-B-s2,train,kv,kv-B,0.1,53,sd_old,11726,2142,0
kv-B-s2,train,kv,kv-B,0.1,53,belady,6115,1065,0
kv-B-s2,train,kv,kv-B,0.15,79,fifo,10115,1935,0
kv-B-s2,train,kv,kv-B,0.15,79,clock,8669,1177,0
kv-B-s2,train,kv,kv-B,0.15,79,aging,9881,1748,0
kv-B-s2,train,kv,kv-B,0.15,79,lru,8531,1156,0
kv-B-s2,train,kv,kv-B,0.15,79,lfu_exact,8905,949,0
kv-B-s2,train,kv,kv-B,0.15,79,lfu_kernel,10095,1912,0
kv-B-s2,train,kv,kv-B,0.15,79,sd_old,9693,1723,0
kv-B-s2,train,kv,kv-B,0.15,79,belady,4828,1011,0
kv-B-s2,train,kv,kv-B,0.2,106,fifo,8649,1684,0
kv-B-s2,train,kv,kv-B,0.2,106,clock,7405,1120,0
kv-B-s2,train,kv,kv-B,0.2,106,aging,8502,1565,0
kv-B-s2,train,kv,kv-B,0.2,106,lru,7296,1104,0
kv-B-s2,train,kv,kv-B,0.2,106,lfu_exact,7705,889,0
kv-B-s2,train,kv,kv-B,0.2,106,lfu_kernel,8634,1673,0
kv-B-s2,train,kv,kv-B,0.2,106,sd_old,8226,1504,0
kv-B-s2,train,kv,kv-B,0.2,106,belady,3944,980,0
kv-B-s2,train,kv,kv-B,0.25,132,fifo,7559,1539,0
kv-B-s2,train,kv,kv-B,0.25,132,clock,6477,1086,0
kv-B-s2,train,kv,kv-B,0.25,132,aging,7461,1446,0
kv-B-s2,train,kv,kv-B,0.25,132,lru,6364,1070,0
kv-B-s2,train,kv,kv-B,0.25,132,lfu_exact,6684,835,0
kv-B-s2,train,kv,kv-B,0.25,132,lfu_kernel,7551,1528,0
kv-B-s2,train,kv,kv-B,0.25,132,sd_old,7163,1368,0
kv-B-s2,train,kv,kv-B,0.25,132,belady,3303,944,0
kv-B-s2,train,kv,kv-B,0.3,158,fifo,6648,1422,0
kv-B-s2,train,kv,kv-B,0.3,158,clock,5660,1045,0
kv-B-s2,train,kv,kv-B,0.3,158,aging,6578,1350,0
kv-B-s2,train,kv,kv-B,0.3,158,lru,5565,1034,0
kv-B-s2,train,kv,kv-B,0.3,158,lfu_exact,5824,777,0
kv-B-s2,train,kv,kv-B,0.3,158,lfu_kernel,6640,1417,0
kv-B-s2,train,kv,kv-B,0.3,158,sd_old,6262,1271,0
kv-B-s2,train,kv,kv-B,0.3,158,belady,2806,902,0
kv-C-s4,val,kv,kv-C,0.05,26,fifo,15550,2282,0
kv-C-s4,val,kv,kv-C,0.05,26,clock,13661,1177,0
kv-C-s4,val,kv,kv-C,0.05,26,aging,14636,1583,0
kv-C-s4,val,kv,kv-C,0.05,26,lru,13382,1069,0
kv-C-s4,val,kv,kv-C,0.05,26,lfu_exact,13013,531,0
kv-C-s4,val,kv,kv-C,0.05,26,lfu_kernel,15384,2129,0
kv-C-s4,val,kv,kv-C,0.05,26,sd_old,15231,2088,0
kv-C-s4,val,kv,kv-C,0.05,26,belady,8493,532,0
kv-C-s4,val,kv,kv-C,0.1,53,fifo,11908,1306,0
kv-C-s4,val,kv,kv-C,0.1,53,clock,10272,628,0
kv-C-s4,val,kv,kv-C,0.1,53,aging,11547,1044,0
kv-C-s4,val,kv,kv-C,0.1,53,lru,10123,569,0
kv-C-s4,val,kv,kv-C,0.1,53,lfu_exact,10452,516,0
kv-C-s4,val,kv,kv-C,0.1,53,lfu_kernel,11855,1255,0
kv-C-s4,val,kv,kv-C,0.1,53,sd_old,11466,1116,0
kv-C-s4,val,kv,kv-C,0.1,53,belady,6016,523,0
kv-C-s4,val,kv,kv-C,0.15,79,fifo,9852,980,0
kv-C-s4,val,kv,kv-C,0.15,79,clock,8526,536,0
kv-C-s4,val,kv,kv-C,0.15,79,aging,9663,831,0
kv-C-s4,val,kv,kv-C,0.15,79,lru,8370,526,0
kv-C-s4,val,kv,kv-C,0.15,79,lfu_exact,8893,509,0
kv-C-s4,val,kv,kv-C,0.15,79,lfu_kernel,9827,952,0
kv-C-s4,val,kv,kv-C,0.15,79,sd_old,9410,834,0
kv-C-s4,val,kv,kv-C,0.15,79,belady,4762,524,0
kv-C-s4,val,kv,kv-C,0.2,105,fifo,8557,829,0
kv-C-s4,val,kv,kv-C,0.2,105,clock,7316,526,0
kv-C-s4,val,kv,kv-C,0.2,105,aging,8430,735,0
kv-C-s4,val,kv,kv-C,0.2,105,lru,7211,523,0
kv-C-s4,val,kv,kv-C,0.2,105,lfu_exact,7746,502,0
kv-C-s4,val,kv,kv-C,0.2,105,lfu_kernel,8535,814,0
kv-C-s4,val,kv,kv-C,0.2,105,sd_old,8095,718,0
kv-C-s4,val,kv,kv-C,0.2,105,belady,3920,523,0
kv-C-s4,val,kv,kv-C,0.25,132,fifo,7379,735,0
kv-C-s4,val,kv,kv-C,0.25,132,clock,6352,523,0
kv-C-s4,val,kv,kv-C,0.25,132,aging,7281,667,0
kv-C-s4,val,kv,kv-C,0.25,132,lru,6286,523,0
kv-C-s4,val,kv,kv-C,0.25,132,lfu_exact,6699,495,0
kv-C-s4,val,kv,kv-C,0.25,132,lfu_kernel,7365,724,0
kv-C-s4,val,kv,kv-C,0.25,132,sd_old,6938,655,0
kv-C-s4,val,kv,kv-C,0.25,132,belady,3264,523,0
kv-C-s4,val,kv,kv-C,0.3,158,fifo,6518,681,0
kv-C-s4,val,kv,kv-C,0.3,158,clock,5629,523,0
kv-C-s4,val,kv,kv-C,0.3,158,aging,6443,631,0
kv-C-s4,val,kv,kv-C,0.3,158,lru,5490,523,0
kv-C-s4,val,kv,kv-C,0.3,158,lfu_exact,5877,484,0
kv-C-s4,val,kv,kv-C,0.3,158,lfu_kernel,6508,671,0
kv-C-s4,val,kv,kv-C,0.3,158,sd_old,6104,615,0
kv-C-s4,val,kv,kv-C,0.3,158,belady,2760,522,0
kv-C-s5,test,kv,kv-C,0.05,26,fifo,15524,2286,0
kv-C-s5,test,kv,kv-C,0.05,26,clock,13726,1169,0
kv-C-s5,test,kv,kv-C,0.05,26,aging,14654,1593,0
kv-C-s5,test,kv,kv-C,0.05,26,lru,13466,1074,0
kv-C-s5,test,kv,kv-C,0.05,26,lfu_exact,13090,525,0
kv-C-s5,test,kv,kv-C,0.05,26,lfu_kernel,15376,2139,0
kv-C-s5,test,kv,kv-C,0.05,26,sd_old,15208,2091,0
kv-C-s5,test,kv,kv-C,0.05,26,belady,8567,526,0
kv-C-s5,test,kv,kv-C,0.1,53,fifo,11959,1314,0
kv-C-s5,test,kv,kv-C,0.1,53,clock,10378,614,0
kv-C-s5,test,kv,kv-C,0.1,53,aging,11608,1038,0
kv-C-s5,test,kv,kv-C,0.1,53,lru,10194,574,0
kv-C-s5,test,kv,kv-C,0.1,53,lfu_exact,10436,515,0
kv-C-s5,test,kv,kv-C,0.1,53,lfu_kernel,11905,1260,0
kv-C-s5,test,kv,kv-C,0.1,53,sd_old,11552,1130,0
kv-C-s5,test,kv,kv-C,0.1,53,belady,6106,523,0
kv-C-s5,test,kv,kv-C,0.15,79,fifo,9990,986,0
kv-C-s5,test,kv,kv-C,0.15,79,clock,8662,544,0
kv-C-s5,test,kv,kv-C,0.15,79,aging,9809,838,0
kv-C-s5,test,kv,kv-C,0.15,79,lru,8542,529,0
kv-C-s5,test,kv,kv-C,0.15,79,lfu_exact,8987,512,0
kv-C-s5,test,kv,kv-C,0.15,79,lfu_kernel,9972,959,0
kv-C-s5,test,kv,kv-C,0.15,79,sd_old,9589,851,0
kv-C-s5,test,kv,kv-C,0.15,79,belady,4814,523,0
kv-C-s5,test,kv,kv-C,0.2,105,fifo,8560,830,0
kv-C-s5,test,kv,kv-C,0.2,105,clock,7434,526,0
kv-C-s5,test,kv,kv-C,0.2,105,aging,8416,731,0
kv-C-s5,test,kv,kv-C,0.2,105,lru,7271,523,0
kv-C-s5,test,kv,kv-C,0.2,105,lfu_exact,7764,505,0
kv-C-s5,test,kv,kv-C,0.2,105,lfu_kernel,8534,812,0
kv-C-s5,test,kv,kv-C,0.2,105,sd_old,8153,725,0
kv-C-s5,test,kv,kv-C,0.2,105,belady,3932,523,0
kv-C-s5,test,kv,kv-C,0.25,132,fifo,7399,737,0
kv-C-s5,test,kv,kv-C,0.25,132,clock,6436,523,0
kv-C-s5,test,kv,kv-C,0.25,132,aging,7323,672,0
kv-C-s5,test,kv,kv-C,0.25,132,lru,6272,523,0
kv-C-s5,test,kv,kv-C,0.25,132,lfu_exact,6704,491,0
kv-C-s5,test,kv,kv-C,0.25,132,lfu_kernel,7391,725,0
kv-C-s5,test,kv,kv-C,0.25,132,sd_old,7027,658,0
kv-C-s5,test,kv,kv-C,0.25,132,belady,3283,523,0
kv-C-s5,test,kv,kv-C,0.3,158,fifo,6471,680,0
kv-C-s5,test,kv,kv-C,0.3,158,clock,5583,523,0
kv-C-s5,test,kv,kv-C,0.3,158,aging,6399,631,0
kv-C-s5,test,kv,kv-C,0.3,158,lru,5490,523,0
kv-C-s5,test,kv,kv-C,0.3,158,lfu_exact,5818,481,0
kv-C-s5,test,kv,kv-C,0.3,158,lfu_kernel,6458,671,0
kv-C-s5,test,kv,kv-C,0.3,158,sd_old,6114,619,0
kv-C-s5,test,kv,kv-C,0.3,158,belady,2780,522,0
kv-C-s3,train,kv,kv-C,0.05,26,fifo,15585,2295,0
kv-C-s3,train,kv,kv-C,0.05,26,clock,13691,1168,0
kv-C-s3,train,kv,kv-C,0.05,26,aging,14692,1594,0
kv-C-s3,train,kv,kv-C,0.05,26,lru,13474,1079,0
kv-C-s3,train,kv,kv-C,0.05,26,lfu_exact,13115,530,0
kv-C-s3,train,kv,kv-C,0.05,26,lfu_kernel,15441,2154,0
kv-C-s3,train,kv,kv-C,0.05,26,sd_old,15291,2113,0
kv-C-s3,train,kv,kv-C,0.05,26,belady,8531,533,0
kv-C-s3,train,kv,kv-C,0.1,53,fifo,11920,1305,0
kv-C-s3,train,kv,kv-C,0.1,53,clock,10254,624,0
kv-C-s3,train,kv,kv-C,0.1,53,aging,11572,1045,0
kv-C-s3,train,kv,kv-C,0.1,53,lru,10120,569,0
kv-C-s3,train,kv,kv-C,0.1,53,lfu_exact,10494,519,0
kv-C-s3,train,kv,kv-C,0.1,53,lfu_kernel,11859,1252,0
kv-C-s3,train,kv,kv-C,0.1,53,sd_old,11504,1125,0
kv-C-s3,train,kv,kv-C,0.1,53,belady,6038,524,0
kv-C-s3,train,kv,kv-C,0.15,79,fifo,9962,985,0
kv-C-s3,train,kv,kv-C,0.15,79,clock,8559,540,0
kv-C-s3,train,kv,kv-C,0.15,79,aging,9758,831,0
kv-C-s3,train,kv,kv-C,0.15,79,lru,8473,527,0
kv-C-s3,train,kv,kv-C,0.15,79,lfu_exact,8894,511,0
kv-C-s3,train,kv,kv-C,0.15,79,lfu_kernel,9929,958,0
kv-C-s3,train,kv,kv-C,0.15,79,sd_old,9552,850,0
kv-C-s3,train,kv,kv-C,0.15,79,belady,4760,524,0
kv-C-s3,train,kv,kv-C,0.2,105,fifo,8568,828,0
kv-C-s3,train,kv,kv-C,0.2,105,clock,7392,528,0
kv-C-s3,train,kv,kv-C,0.2,105,aging,8445,735,0
kv-C-s3,train,kv,kv-C,0.2,105,lru,7273,525,0
kv-C-s3,train,kv,kv-C,0.2,105,lfu_exact,7684,503,0
kv-C-s3,train,kv,kv-C,0.2,105,lfu_kernel,8555,811,0
kv-C-s3,train,kv,kv-C,0.2,105,sd_old,8214,733,0
kv-C-s3,train,kv,kv-C,0.2,105,belady,3898,523,0
kv-C-s3,train,kv,kv-C,0.25,132,fifo,7427,736,0
kv-C-s3,train,kv,kv-C,0.25,132,clock,6415,524,0
kv-C-s3,train,kv,kv-C,0.25,132,aging,7345,672,0
kv-C-s3,train,kv,kv-C,0.25,132,lru,6264,523,0
kv-C-s3,train,kv,kv-C,0.25,132,lfu_exact,6594,495,0
kv-C-s3,train,kv,kv-C,0.25,132,lfu_kernel,7414,727,0
kv-C-s3,train,kv,kv-C,0.25,132,sd_old,7020,660,0
kv-C-s3,train,kv,kv-C,0.25,132,belady,3252,524,0
kv-C-s3,train,kv,kv-C,0.3,158,fifo,6545,683,0
kv-C-s3,train,kv,kv-C,0.3,158,clock,5543,524,0
kv-C-s3,train,kv,kv-C,0.3,158,aging,6446,633,0
kv-C-s3,train,kv,kv-C,0.3,158,lru,5466,523,0
kv-C-s3,train,kv,kv-C,0.3,158,lfu_exact,5721,481,0
kv-C-s3,train,kv,kv-C,0.3,158,lfu_kernel,6539,676,0
kv-C-s3,train,kv,kv-C,0.3,158,sd_old,6106,612,0
kv-C-s3,train,kv,kv-C,0.3,158,belady,2767,522,0
kv-C-s2,train,kv,kv-C,0.05,26,fifo,15432,2262,0
kv-C-s2,train,kv,kv-C,0.05,26,clock,13494,1140,0
kv-C-s2,train,kv,kv-C,0.05,26,aging,14522,1572,0
kv-C-s2,train,kv,kv-C,0.05,26,lru,13274,1070,0
kv-C-s2,train,kv,kv-C,0.05,26,lfu_exact,12949,539,0
kv-C-s2,train,kv,kv-C,0.05,26,lfu_kernel,15269,2105,0
kv-C-s2,train,kv,kv-C,0.05,26,sd_old,15096,2069,0
kv-C-s2,train,kv,kv-C,0.05,26,belady,8404,531,0
kv-C-s2,train,kv,kv-C,0.1,53,fifo,11753,1293,0
kv-C-s2,train,kv,kv-C,0.1,53,clock,10128,608,0
kv-C-s2,train,kv,kv-C,0.1,53,aging,11400,1031,0
kv-C-s2,train,kv,kv-C,0.1,53,lru,10011,566,0
kv-C-s2,train,kv,kv-C,0.1,53,lfu_exact,10317,521,0
kv-C-s2,train,kv,kv-C,0.1,53,lfu_kernel,11709,1248,0
kv-C-s2,train,kv,kv-C,0.1,53,sd_old,11349,1107,0
kv-C-s2,train,kv,kv-C,0.1,53,belady,5943,523,0
kv-C-s2,train,kv,kv-C,0.15,79,fifo,9814,977,0
kv-C-s2,train,kv,kv-C,0.15,79,clock,8480,537,0
kv-C-s2,train,kv,kv-C,0.15,79,aging,9627,831,0
kv-C-s2,train,kv,kv-C,0.15,79,lru,8309,528,0
kv-C-s2,train,kv,kv-C,0.15,79,lfu_exact,8893,512,0
kv-C-s2,train,kv,kv-C,0.15,79,lfu_kernel,9778,951,0
kv-C-s2,train,kv,kv-C,0.15,79,sd_old,9395,828,0
kv-C-s2,train,kv,kv-C,0.15,79,belady,4689,524,0
kv-C-s2,train,kv,kv-C,0.2,105,fifo,8391,822,0
kv-C-s2,train,kv,kv-C,0.2,105,clock,7278,529,0
kv-C-s2,train,kv,kv-C,0.2,105,aging,8270,726,0
kv-C-s2,train,kv,kv-C,0.2,105,lru,7128,523,0
kv-C-s2,train,kv,kv-C,0.2,105,lfu_exact,7700,505,0
kv-C-s2,train,kv,kv-C,0.2,105,lfu_kernel,8381,807,0
kv-C-s2,train,kv,kv-C,0.2,105,sd_old,7939,709,0
kv-C-s2,train,kv,kv-C,0.2,105,belady,3836,523,0
kv-C-s2,train,kv,kv-C,0.25,132,fifo,7278,733,0
kv-C-s2,train,kv,kv-C,0.25,132,clock,6265,523,0
kv-C-s2,train,kv,kv-C,0.25,132,aging,7188,671,0
kv-C-s2,train,kv,kv-C,0.25,132,lru,6137,523,0
kv-C-s2,train,kv,kv-C,0.25,132,lfu_exact,6635,496,0
kv-C-s2,train,kv,kv-C,0.25,132,lfu_kernel,7264,721,0
kv-C-s2,train,kv,kv-C,0.25,132,sd_old,6827,648,0
kv-C-s2,train,kv,kv-C,0.25,132,belady,3205,523,0
kv-C-s2,train,kv,kv-C,0.3,158,fifo,6391,679,0
kv-C-s2,train,kv,kv-C,0.3,158,clock,5505,524,0
kv-C-s2,train,kv,kv-C,0.3,158,aging,6343,631,0
kv-C-s2,train,kv,kv-C,0.3,158,lru,5391,523,0
kv-C-s2,train,kv,kv-C,0.3,158,lfu_exact,5761,483,0
kv-C-s2,train,kv,kv-C,0.3,158,lfu_kernel,6389,673,0
kv-C-s2,train,kv,kv-C,0.3,158,sd_old,5972,608,0
kv-C-s2,train,kv,kv-C,0.3,158,belady,2706,522,0
kv-C-s1,train,kv,kv-C,0.05,26,fifo,15516,2300,0
kv-C-s1,train,kv,kv-C,0.05,26,clock,13525,1173,0
kv-C-s1,train,kv,kv-C,0.05,26,aging,14603,1592,0
kv-C-s1,train,kv,kv-C,0.05,26,lru,13354,1095,0
kv-C-s1,train,kv,kv-C,0.05,26,lfu_exact,12981,526,0
kv-C-s1,train,kv,kv-C,0.05,26,lfu_kernel,15368,2161,0
kv-C-s1,train,kv,kv-C,0.05,26,sd_old,15185,2119,0
kv-C-s1,train,kv,kv-C,0.05,26,belady,8492,529,0
kv-C-s1,train,kv,kv-C,0.1,53,fifo,11830,1299,0
kv-C-s1,train,kv,kv-C,0.1,53,clock,10303,615,0
kv-C-s1,train,kv,kv-C,0.1,53,aging,11480,1035,0
kv-C-s1,train,kv,kv-C,0.1,53,lru,10059,561,0
kv-C-s1,train,kv,kv-C,0.1,53,lfu_exact,10437,515,0
kv-C-s1,train,kv,kv-C,0.1,53,lfu_kernel,11777,1256,0
kv-C-s1,train,kv,kv-C,0.1,53,sd_old,11448,1131,0
kv-C-s1,train,kv,kv-C,0.1,53,belady,6037,524,0
kv-C-s1,train,kv,kv-C,0.15,79,fifo,9872,978,0
kv-C-s1,train,kv,kv-C,0.15,79,clock,8601,541,0
kv-C-s1,train,kv,kv-C,0.15,79,aging,9664,833,0
kv-C-s1,train,kv,kv-C,0.15,79,lru,8442,529,0
kv-C-s1,train,kv,kv-C,0.15,79,lfu_exact,8942,507,0
kv-C-s1,train,kv,kv-C,0.15,79,lfu_kernel,9841,953,0
kv-C-s1,train,kv,kv-C,0.15,79,sd_old,9475,841,0
kv-C-s1,train,kv,kv-C,0.15,79,belady,4747,524,0
kv-C-s1,train,kv,kv-C,0.2,105,fifo,8456,824,0
kv-C-s1,train,kv,kv-C,0.2,105,clock,7326,524,0
kv-C-s1,train,kv,kv-C,0.2,105,aging,8344,731,0
kv-C-s1,train,kv,kv-C,0.2,105,lru,7223,523,0
kv-C-s1,train,kv,kv-C,0.2,105,lfu_exact,7726,502,0
kv-C-s1,train,kv,kv-C,0.2,105,lfu_kernel,8454,813,0
kv-C-s1,train,kv,kv-C,0.2,105,sd_old,8067,727,0
kv-C-s1,train,kv,kv-C,0.2,105,belady,3887,523,0
kv-C-s1,train,kv,kv-C,0.25,132,fifo,7346,734,0
kv-C-s1,train,kv,kv-C,0.25,132,clock,6376,523,0
kv-C-s1,train,kv,kv-C,0.25,132,aging,7249,670,0
kv-C-s1,train,kv,kv-C,0.25,132,lru,6263,523,0
kv-C-s1,train,kv,kv-C,0.25,132,lfu_exact,6673,489,0
kv-C-s1,train,kv,kv-C,0.25,132,lfu_kernel,7332,724,0
kv-C-s1,train,kv,kv-C,0.25,132,sd_old,6982,659,0
kv-C-s1,train,kv,kv-C,0.25,132,belady,3227,523,0
kv-C-s1,train,kv,kv-C,0.3,158,fifo,6528,680,0
kv-C-s1,train,kv,kv-C,0.3,158,clock,5612,523,0
kv-C-s1,train,kv,kv-C,0.3,158,aging,6479,635,0
kv-C-s1,train,kv,kv-C,0.3,158,lru,5488,523,0
kv-C-s1,train,kv,kv-C,0.3,158,lfu_exact,5754,483,0
kv-C-s1,train,kv,kv-C,0.3,158,lfu_kernel,6520,672,0
kv-C-s1,train,kv,kv-C,0.3,158,sd_old,6132,622,0
kv-C-s1,train,kv,kv-C,0.3,158,belady,2732,522,0
btree-insert-s3,train,btree,btree-insert,0.05,207,fifo,70782,45357,0
btree-insert-s3,train,btree,btree-insert,0.05,207,clock,63252,45035,0
btree-insert-s3,train,btree,btree-insert,0.05,207,aging,70352,45341,0
btree-insert-s3,train,btree,btree-insert,0.05,207,lru,63021,44986,0
btree-insert-s3,train,btree,btree-insert,0.05,207,lfu_exact,56071,43679,0
btree-insert-s3,train,btree,btree-insert,0.05,207,lfu_kernel,70757,45352,0
btree-insert-s3,train,btree,btree-insert,0.05,207,sd_old,63642,45004,0
btree-insert-s3,train,btree,btree-insert,0.05,207,belady,37479,34773,0
btree-insert-s3,train,btree,btree-insert,0.1,413,fifo,53499,39371,0
btree-insert-s3,train,btree,btree-insert,0.1,413,clock,47105,38752,0
btree-insert-s3,train,btree,btree-insert,0.1,413,aging,53348,39353,0
btree-insert-s3,train,btree,btree-insert,0.1,413,lru,46975,38692,0
btree-insert-s3,train,btree,btree-insert,0.1,413,lfu_exact,44667,37092,0
btree-insert-s3,train,btree,btree-insert,0.1,413,lfu_kernel,53483,39367,0
btree-insert-s3,train,btree,btree-insert,0.1,413,sd_old,47167,38698,0
btree-insert-s3,train,btree,btree-insert,0.1,413,belady,25725,25109,0
btree-insert-s3,train,btree,btree-insert,0.15,620,fifo,43130,34206,0
btree-insert-s3,train,btree,btree-insert,0.15,620,clock,37540,33269,0
btree-insert-s3,train,btree,btree-insert,0.15,620,aging,43046,34195,0
btree-insert-s3,train,btree,btree-insert,0.15,620,lru,37148,33147,0
btree-insert-s3,train,btree,btree-insert,0.15,620,lfu_exact,37506,31804,0
btree-insert-s3,train,btree,btree-insert,0.15,620,lfu_kernel,43113,34208,0
btree-insert-s3,train,btree,btree-insert,0.15,620,sd_old,37250,33157,0
btree-insert-s3,train,btree,btree-insert,0.15,620,belady,19555,18916,0
btree-insert-s3,train,btree,btree-insert,0.2,827,fifo,35760,29648,0
btree-insert-s3,train,btree,btree-insert,0.2,827,clock,30898,28506,0
btree-insert-s3,train,btree,btree-insert,0.2,827,aging,35701,29639,0
btree-insert-s3,train,btree,btree-insert,0.2,827,lru,30436,28295,0
btree-insert-s3,train,btree,btree-insert,0.2,827,lfu_exact,31895,27308,0
btree-insert-s3,train,btree,btree-insert,0.2,827,lfu_kernel,35759,29649,0
btree-insert-s3,train,btree,btree-insert,0.2,827,sd_old,30498,28313,0
btree-insert-s3,train,btree,btree-insert,0.2,827,belady,15560,14731,0
btree-insert-s3,train,btree,btree-insert,0.25,1033,fifo,30108,25606,0
btree-insert-s3,train,btree,btree-insert,0.25,1033,clock,25887,24170,0
btree-insert-s3,train,btree,btree-insert,0.25,1033,aging,30080,25603,0
btree-insert-s3,train,btree,btree-insert,0.25,1033,lru,25639,24144,0
btree-insert-s3,train,btree,btree-insert,0.25,1033,lfu_exact,27307,23362,0
btree-insert-s3,train,btree,btree-insert,0.25,1033,lfu_kernel,30109,25606,0
btree-insert-s3,train,btree,btree-insert,0.25,1033,sd_old,25682,24169,0
btree-insert-s3,train,btree,btree-insert,0.25,1033,belady,12741,11708,0
btree-insert-s3,train,btree,btree-insert,0.3,1240,fifo,25459,21960,0
btree-insert-s3,train,btree,btree-insert,0.3,1240,clock,22034,20532,0
btree-insert-s3,train,btree,btree-insert,0.3,1240,aging,25427,21953,0
btree-insert-s3,train,btree,btree-insert,0.3,1240,lru,21760,20378,0
btree-insert-s3,train,btree,btree-insert,0.3,1240,lfu_exact,23360,19864,0
btree-insert-s3,train,btree,btree-insert,0.3,1240,lfu_kernel,25457,21961,0
btree-insert-s3,train,btree,btree-insert,0.3,1240,sd_old,21775,20390,0
btree-insert-s3,train,btree,btree-insert,0.3,1240,belady,10645,9405,0
