kind,scope,features,stem,split,workload,variant,fraction,frames,faults,writebacks,aborted
matmul_train,matmul,rec,matmul-blocked64-s1,train,matmul,matmul-blocked64,0.05,2,98312,32779,0
matmul_train,matmul,freq,matmul-blocked64-s1,train,matmul,matmul-blocked64,0.05,2,436573,32610,0
matmul_train,matmul,sd,matmul-blocked64-s1,train,matmul,matmul-blocked64,0.05,2,98312,32779,0
matmul_train,matmul,wr,matmul-blocked64-s1,train,matmul,matmul-blocked64,0.05,2,65548,32779,0
matmul_train,matmul,rec+freq,matmul-blocked64-s1,train,matmul,matmul-blocked64,0.05,2,87379,32779,0
matmul_train,matmul,rec+sd,matmul-blocked64-s1,train,matmul,matmul-blocked64,0.05,2,98312,32779,0
matmul_train,matmul,rec+wr,matmul-blocked64-s1,train,matmul,matmul-blocked64,0.05,2,65800,32779,0
matmul_train,matmul,freq+sd,matmul-blocked64-s1,train,matmul,matmul-blocked64,0.05,2,98313,32779,0
matmul_train,matmul,freq+wr,matmul-blocked64-s1,train,matmul,matmul-blocked64,0.05,2,434185,32779,0
matmul_train,matmul,sd+wr,matmul-blocked64-s1,train,matmul,matmul-blocked64,0.05,2,96836,32779,0
matmul_train,matmul,rec+freq+sd,matmul-blocked64-s1,train,matmul,matmul-blocked64,0.05,2,98311,32779,0
matmul_train,matmul,rec+freq+wr,matmul-blocked64-s1,train,matmul,matmul-blocked64,0.05,2,65800,32779,0
matmul_train,matmul,rec+sd+wr,matmul-blocked64-s1,train,matmul,matmul-blocked64,0.05,2,95788,32779,0
matmul_train,matmul,freq+sd+wr,matmul-blocked64-s1,train,matmul,matmul-blocked64,0.05,2,97074,32779,0
matmul_train,matmul,rec+freq+sd+wr,matmul-blocked64-s1,train,matmul,matmul-blocked64,0.05,2,96168,32779,0
matmul_train,matmul,ref,matmul-blocked64-s1,train,matmul,matmul-blocked64,0.05,2,98312,32779,0
matmul_train,matmul,aging,matmul-blocked64-s1,train,matmul,matmul-blocked64,0.05,2,98312,32779,0
matmul_train,matmul,sfreq,matmul-blocked64-s1,train,matmul,matmul-blocked64,0.05,2,434185,32778,0
matmul_train,matmul,idle,matmul-blocked64-s1,train,matmul,matmul-blocked64,0.05,2,98312,32779,0
matmul_train,matmul,age,matmul-blocked64-s1,train,matmul,matmul-blocked64,0.05,2,491561,21215,1
matmul_train,matmul,dirty,matmul-blocked64-s1,train,matmul,matmul-blocked64,0.05,2,65548,32779,0
matmul_train,matmul,refaults,matmul-blocked64-s1,train,matmul,matmul-blocked64,0.05,2,151954,32778,0
matmul_train,matmul,rdist,matmul-blocked64-s1,train,matmul,matmul-blocked64,0.05,2,151954,32778,0
matmul_train,matmul,ref+aging,matmul-blocked64-s1,train,matmul,matmul-blocked64,0.05,2,98312,32779,0
matmul_train,matmul,ref+sfreq,matmul-blocked64-s1,train,matmul,matmul-blocked64,0.05,2,434185,32778,0
matmul_train,matmul,ref+idle,matmul-blocked64-s1,train,matmul,matmul-blocked64,0.05,2,98312,32779,0
matmul_train,matmul,ref+age,matmul-blocked64-s1,train,matmul,matmul-blocked64,0.05,2,434185,32778,0
matmul_train,matmul,ref+dirty,matmul-blocked64-s1,train,matmul,matmul-blocked64,0.05,2,65548,32779,0
matmul_train,matmul,ref+refaults,matmul-blocked64-s1,train,matmul,matmul-blocked64,0.05,2,73739,32778,0
matmul_train,matmul,ref+rdist,matmul-blocked64-s1,train,matmul,matmul-blocked64,0.05,2,151954,32778,0
matmul_train,matmul,aging+sfreq,matmul-blocked64-s1,train,matmul,matmul-blocked64,0.05,2,434185,32778,0
matmul_train,matmul,aging+idle,matmul-blocked64-s1,train,matmul,matmul-blocked64,0.05,2,98312,32779,0
matmul_train,matmul,aging+age,matmul-blocked64-s1,train,matmul,matmul-blocked64,0.05,2,434185,32778,0
matmul_train,matmul,aging+dirty,matmul-blocked64-s1,train,matmul,matmul-blocked64,0.05,2,98312,32779,0
matmul_train,matmul,aging+refaults,matmul-blocked64-s1,train,matmul,matmul-blocked64,0.05,2,73739,32778,0
matmul_train,matmul,aging+rdist,matmul-blocked64-s1,train,matmul,matmul-blocked64,0.05,2,73259,32778,0
matmul_train,matmul,sfreq+idle,matmul-blocked64-s1,train,matmul,matmul-blocked64,0.05,2,65560,32779,0
matmul_train,matmul,sfreq+age,matmul-blocked64-s1,train,matmul,matmul-blocked64,0.05,2,434185,32778,0
matmul_train,matmul,sfreq+dirty,matmul-blocked64-s1,train,matmul,matmul-blocked64,0.05,2,434185,32778,0
matmul_train,matmul,sfreq+refaults,matmul-blocked64-s1,train,matmul,matmul-blocked64,0.05,2,434187,32779,0
matmul_train,matmul,sfreq+rdist,matmul-blocked64-s1,train,matmul,matmul-blocked64,0.05,2,434185,32778,0
matmul_train,matmul,idle+age,matmul-blocked64-s1,train,matmul,matmul-blocked64,0.05,2,65560,32779,0
matmul_train,matmul,idle+dirty,matmul-blocked64-s1,train,matmul,matmul-blocked64,0.05,2,98312,32779,0
matmul_train,matmul,idle+refaults,matmul-blocked64-s1,train,matmul,matmul-blocked64,0.05,2,73739,32778,0
matmul_train,matmul,idle+rdist,matmul-blocked64-s1,train,matmul,matmul-blocked64,0.05,2,73265,32778,0
matmul_train,matmul,age+dirty,matmul-blocked64-s1,train,matmul,matmul-blocked64,0.05,2,434198,32779,0
matmul_train,matmul,age+refaults,matmul-blocked64-s1,train,matmul,matmul-blocked64,0.05,2,491561,21215,1
matmul_train,matmul,age+rdist,matmul-blocked64-s1,train,matmul,matmul-blocked64,0.05,2,491561,21215,1
matmul_train,matmul,dirty+refaults,matmul-blocked64-s1,train,matmul,matmul-blocked64,0.05,2,151954,32778,0
matmul_train,matmul,dirty+rdist,matmul-blocked64-s1,train,matmul,matmul-blocked64,0.05,2,151954,32778,0
matmul_train,matmul,refaults+rdist,matmul-blocked64-s1,train,matmul,matmul-blocked64,0.05,2,151954,32778,0
matmul_train,matmul,ref+aging+sfreq,matmul-blocked64-s1,train,matmul,matmul-blocked64,0.05,2,65548,32778,0
matmul_train,matmul,ref+aging+idle,matmul-blocked64-s1,train,matmul,matmul-blocked64,0.05,2,98312,32779,0
matmul_train,matmul,ref+aging+age,matmul-blocked64-s1,train,matmul,matmul-blocked64,0.05,2,65548,32778,0
matmul_train,matmul,ref+aging+dirty,matmul-blocked64-s1,train,matmul,matmul-blocked64,0.05,2,65548,32779,0
matmul_train,matmul,ref+aging+refaults,matmul-blocked64-s1,train,matmul,matmul-blocked64,0.05,2,73739,32778,0
matmul_train,matmul,ref+aging+rdist,matmul-blocked64-s1,train,matmul,matmul-blocked64,0.05,2,73259,32778,0
matmul_train,matmul,ref+sfreq+idle,matmul-blocked64-s1,train,matmul,matmul-blocked64,0.05,2,65554,32779,0
matmul_train,matmul,ref+sfreq+age,matmul-blocked64-s1,train,matmul,matmul-blocked64,0.05,2,434185,32778,0
matmul_train,matmul,ref+sfreq+dirty,matmul-blocked64-s1,train,matmul,matmul-blocked64,0.05,2,434185,32778,0
matmul_train,matmul,ref+sfreq+refaults,matmul-blocked64-s1,train,matmul,matmul-blocked64,0.05,2,434185,32778,0
matmul_train,matmul,ref+sfreq+rdist,matmul-blocked64-s1,train,matmul,matmul-blocked64,0.05,2,434185,32778,0
matmul_train,matmul,ref+idle+age,matmul-blocked64-s1,train,matmul,matmul-blocked64,0.05,2,65548,32778,0
matmul_train,matmul,ref+idle+dirty,matmul-blocked64-s1,train,matmul,matmul-blocked64,0.05,2,65548,32779,0
matmul_train,matmul,ref+idle+refaults,matmul-blocked64-s1,train,matmul,matmul-blocked64,0.05,2,73739,32778,0
matmul_train,matmul,ref+idle+rdist,matmul-blocked64-s1,train,matmul,matmul-blocked64,0.05,2,73259,32778,0
matmul_train,matmul,ref+age+dirty,matmul-blocked64-s1,train,matmul,matmul-blocked64,0.05,2,434185,32778,0
matmul_train,matmul,ref+age+refaults,matmul-blocked64-s1,train,matmul,matmul-blocked64,0.05,2,434185,32778,0
matmul_train,matmul,ref+age+rdist,matmul-blocked64-s1,train,matmul,matmul-blocked64,0.05,2,434185,32778,0
matmul_train,matmul,ref+dirty+refaults,matmul-blocked64-s1,train,matmul,matmul-blocked64,0.05,2,65611,32778,0
matmul_train,matmul,ref+dirty+rdist,matmul-blocked64-s1,train,matmul,matmul-blocked64,0.05,2,151954,32778,0
matmul_train,matmul,ref+refaults+rdist,matmul-blocked64-s1,train,matmul,matmul-blocked64,0.05,2,151954,32778,0
matmul_train,matmul,aging+sfreq+idle,matmul-blocked64-s1,train,matmul,matmul-blocked64,0.05,2,434185,32778,0
matmul_train,matmul,aging+sfreq+age,matmul-blocked64-s1,train,matmul,matmul-blocked64,0.05,2,65548,32778,0
matmul_train,matmul,aging+sfreq+dirty,matmul-blocked64-s1,train,matmul,matmul-blocked64,0.05,2,434185,32778,0
matmul_train,matmul,aging+sfreq+refaults,matmul-blocked64-s1,train,matmul,matmul-blocked64,0.05,2,434185,32778,0
matmul_train,matmul,aging+sfreq+rdist,matmul-blocked64-s1,train,matmul,matmul-blocked64,0.05,2,434185,32778,0
matmul_train,matmul,aging+idle+age,matmul-blocked64-s1,train,matmul,matmul-blocked64,0.05,2,434185,32778,0
matmul_train,matmul,aging+idle+dirty,matmul-blocked64-s1,train,matmul,matmul-blocked64,0.05,2,65800,32779,0
matmul_train,matmul,aging+idle+refaults,matmul-blocked64-s1,train,matmul,matmul-blocked64,0.05,2,73739,32778,0
matmul_train,matmul,aging+idle+rdist,matmul-blocked64-s1,train,matmul,matmul-blocked64,0.05,2,73259,32778,0
matmul_train,matmul,aging+age+dirty,matmul-blocked64-s1,train,matmul,matmul-blocked64,0.05,2,434185,32778,0
matmul_train,matmul,aging+age+refaults,matmul-blocked64-s1,train,matmul,matmul-blocked64,0.05,2,434185,32778,0
matmul_train,matmul,aging+age+rdist,matmul-blocked64-s1,train,matmul,matmul-blocked64,0.05,2,434185,32778,0
matmul_train,matmul,aging+dirty+refaults,matmul-blocked64-s1,train,matmul,matmul-blocked64,0.05,2,65550,32778,0
matmul_train,matmul,aging+dirty+rdist,matmul-blocked64-s1,train,matmul,matmul-blocked64,0.05,2,151954,32778,0
matmul_train,matmul,aging+refaults+rdist,matmul-blocked64-s1,train,matmul,matmul-blocked64,0.05,2,73236,32778,0
matmul_train,matmul,sfreq+idle+age,matmul-blocked64-s1,train,matmul,matmul-blocked64,0.05,2,65548,32778,0
matmul_train,matmul,sfreq+idle+dirty,matmul-blocked64-s1,train,matmul,matmul-blocked64,0.05,2,65566,32779,0
matmul_train,matmul,sfreq+idle+refaults,matmul-blocked64-s1,train,matmul,matmul-blocked64,0.05,2,68986,32779,0
matmul_train,matmul,sfreq+idle+rdist,matmul-blocked64-s1,train,matmul,matmul-blocked64,0.05,2,65628,32779,0
matmul_train,matmul,sfreq+age+dirty,matmul-blocked64-s1,train,matmul,matmul-blocked64,0.05,2,434185,32778,0
matmul_train,matmul,sfreq+age+refaults,matmul-blocked64-s1,train,matmul,matmul-blocked64,0.05,2,434185,32778,0
matmul_train,matmul,sfreq+age+rdist,matmul-blocked64-s1,train,matmul,matmul-blocked64,0.05,2,434185,32778,0
matmul_train,matmul,sfreq+dirty+refaults,matmul-blocked64-s1,train,matmul,matmul-blocked64,0.05,2,434187,32779,0
matmul_train,matmul,sfreq+dirty+rdist,matmul-blocked64-s1,train,matmul,matmul-blocked64,0.05,2,434185,32778,0
matmul_train,matmul,sfreq+refaults+rdist,matmul-blocked64-s1,train,matmul,matmul-blocked64,0.05,2,434185,32778,0
matmul_train,matmul,idle+age+dirty,matmul-blocked64-s1,train,matmul,matmul-blocked64,0.05,2,65560,32779,0
matmul_train,matmul,idle+age+refaults,matmul-blocked64-s1,train,matmul,matmul-blocked64,0.05,2,67385,32779,0
matmul_train,matmul,idle+age+rdist,matmul-blocked64-s1,train,matmul,matmul-blocked64,0.05,2,65594,32779,0
matmul_train,matmul,idle+dirty+refaults,matmul-blocked64-s1,train,matmul,matmul-blocked64,0.05,2,65611,32778,0
matmul_train,matmul,idle+dirty+rdist,matmul-blocked64-s1,train,matmul,matmul-blocked64,0.05,2,65615,32778,0
matmul_train,matmul,idle+refaults+rdist,matmul-blocked64-s1,train,matmul,matmul-blocked64,0.05,2,73236,32778,0
matmul_train,matmul,age+dirty+refaults,matmul-blocked64-s1,train,matmul,matmul-blocked64,0.05,2,434198,32779,0
matmul_train,matmul,age+dirty+rdist,matmul-blocked64-s1,train,matmul,matmul-blocked64,0.05,2,434185,32778,0
matmul_train,matmul,age+refaults+rdist,matmul-blocked64-s1,train,matmul,matmul-blocked64,0.05,2,491561,21215,1
matmul_train,matmul,dirty+refaults+rdist,matmul-blocked64-s1,train,matmul,matmul-blocked64,0.05,2,151954,32778,0
matmul_train,matmul,ref+aging+sfreq+idle,matmul-blocked64-s1,train,matmul,matmul-blocked64,0.05,2,434185,32778,0
matmul_train,matmul,ref+aging+sfreq+age,matmul-blocked64-s1,train,matmul,matmul-blocked64,0.05,2,65548,32778,0
matmul_train,matmul,ref+aging+sfreq+dirty,matmul-blocked64-s1,train,matmul,matmul-blocked64,0.05,2,65548,32778,0
matmul_train,matmul,ref+aging+sfreq+refaults,matmul-blocked64-s1,train,matmul,matmul-blocked64,0.05,2,68801,32779,0
matmul_train,matmul,ref+aging+sfreq+rdist,matmul-blocked64-s1,train,matmul,matmul-blocked64,0.05,2,434185,32778,0
matmul_train,matmul,ref+aging+idle+age,matmul-blocked64-s1,train,matmul,matmul-blocked64,0.05,2,434185,32778,0
matmul_train,matmul,ref+aging+idle+dirty,matmul-blocked64-s1,train,matmul,matmul-blocked64,0.05,2,65548,32779,0
matmul_train,matmul,ref+aging+idle+refaults,matmul-blocked64-s1,train,matmul,matmul-blocked64,0.05,2,73739,32778,0
matmul_train,matmul,ref+aging+idle+rdist,matmul-blocked64-s1,train,matmul,matmul-blocked64,0.05,2,73761,32778,0
matmul_train,matmul,ref+aging+age+dirty,matmul-blocked64-s1,train,matmul,matmul-blocked64,0.05,2,65548,32778,0
matmul_train,matmul,ref+aging+age+refaults,matmul-blocked64-s1,train,matmul,matmul-blocked64,0.05,2,67357,32779,0
matmul_train,matmul,ref+aging+age+rdist,matmul-blocked64-s1,train,matmul,matmul-blocked64,0.05,2,434185,32778,0
matmul_train,matmul,ref+aging+dirty+refaults,matmul-blocked64-s1,train,matmul,matmul-blocked64,0.05,2,65548,32778,0
matmul_train,matmul,ref+aging+dirty+rdist,matmul-blocked64-s1,train,matmul,matmul-blocked64,0.05,2,65611,32778,0
matmul_train,matmul,ref+aging+refaults+rdist,matmul-blocked64-s1,train,matmul,matmul-blocked64,0.05,2,73235,32778,0
matmul_train,matmul,ref+sfreq+idle+age,matmul-blocked64-s1,train,matmul,matmul-blocked64,0.05,2,65548,32778,0
matmul_train,matmul,ref+sfreq+idle+dirty,matmul-blocked64-s1,train,matmul,matmul-blocked64,0.05,2,65548,32778,0
matmul_train,matmul,ref+sfreq+idle+refaults,matmul-blocked64-s1,train,matmul,matmul-blocked64,0.05,2,68802,32779,0
matmul_train,matmul,ref+sfreq+idle+rdist,matmul-blocked64-s1,train,matmul,matmul-blocked64,0.05,2,65568,32779,0
matmul_train,matmul,ref+sfreq+age+dirty,matmul-blocked64-s1,train,matmul,matmul-blocked64,0.05,2,434185,32778,0
matmul_train,matmul,ref+sfreq+age+refaults,matmul-blocked64-s1,train,matmul,matmul-blocked64,0.05,2,434185,32778,0
matmul_train,matmul,ref+sfreq+age+rdist,matmul-blocked64-s1,train,matmul,matmul-blocked64,0.05,2,491561,24587,1
matmul_train,matmul,ref+sfreq+dirty+refaults,matmul-blocked64-s1,train,matmul,matmul-blocked64,0.05,2,434185,32778,0
matmul_train,matmul,ref+sfreq+dirty+rdist,matmul-blocked64-s1,train,matmul,matmul-blocked64,0.05,2,434185,32778,0
matmul_train,matmul,ref+sfreq+refaults+rdist,matmul-blocked64-s1,train,matmul,matmul-blocked64,0.05,2,434185,32778,0
matmul_train,matmul,ref+idle+age+dirty,matmul-blocked64-s1,train,matmul,matmul-blocked64,0.05,2,65548,32778,0
matmul_train,matmul,ref+idle+age+refaults,matmul-blocked64-s1,train,matmul,matmul-blocked64,0.05,2,67007,32779,0
matmul_train,matmul,ref+idle+age+rdist,matmul-blocked64-s1,train,matmul,matmul-blocked64,0.05,2,65564,32779,0
matmul_train,matmul,ref+idle+dirty+refaults,matmul-blocked64-s1,train,matmul,matmul-blocked64,0.05,2,65611,32778,0
matmul_train,matmul,ref+idle+dirty+rdist,matmul-blocked64-s1,train,matmul,matmul-blocked64,0.05,2,65615,32778,0
matmul_train,matmul,ref+idle+refaults+rdist,matmul-blocked64-s1,train,matmul,matmul-blocked64,0.05,2,73235,32778,0
matmul_train,matmul,ref+age+dirty+refaults,matmul-blocked64-s1,train,matmul,matmul-blocked64,0.05,2,434185,32778,0
matmul_train,matmul,ref+age+dirty+rdist,matmul-blocked64-s1,train,matmul,matmul-blocked64,0.05,2,434185,32778,0
matmul_train,matmul,ref+age+refaults+rdist,matmul-blocked64-s1,train,matmul,matmul-blocked64,0.05,2,434185,32778,0
matmul_train,matmul,ref+dirty+refaults+rdist,matmul-blocked64-s1,train,matmul,matmul-blocked64,0.05,2,151954,32778,0
matmul_train,matmul,aging+sfreq+idle+age,matmul-blocked64-s1,train,matmul,matmul-blocked64,0.05,2,65548,32778,0
matmul_train,matmul,aging+sfreq+idle+dirty,matmul-blocked64-s1,train,matmul,matmul-blocked64,0.05,2,65566,32779,0
matmul_train,matmul,aging+sfreq+idle+refaults,matmul-blocked64-s1,train,matmul,matmul-blocked64,0.05,2,313001,32779,0
matmul_train,matmul,aging+sfreq+idle+rdist,matmul-blocked64-s1,train,matmul,matmul-blocked64,0.05,2,434185,32778,0
matmul_train,matmul,aging+sfreq+age+dirty,matmul-blocked64-s1,train,matmul,matmul-blocked64,0.05,2,65548,32778,0
matmul_train,matmul,aging+sfreq+age+refaults,matmul-blocked64-s1,train,matmul,matmul-blocked64,0.05,2,65566,32779,0
matmul_train,matmul,aging+sfreq+age+rdist,matmul-blocked64-s1,train,matmul,matmul-blocked64,0.05,2,65548,32778,0
matmul_train,matmul,aging+sfreq+dirty+refaults,matmul-blocked64-s1,train,matmul,matmul-blocked64,0.05,2,434185,32778,0
matmul_train,matmul,aging+sfreq+dirty+rdist,matmul-blocked64-s1,train,matmul,matmul-blocked64,0.05,2,434185,32778,0
matmul_train,matmul,aging+sfreq+refaults+rdist,matmul-blocked64-s1,train,matmul,matmul-blocked64,0.05,2,434185,32778,0
matmul_train,matmul,aging+idle+age+dirty,matmul-blocked64-s1,train,matmul,matmul-blocked64,0.05,2,65560,32779,0
matmul_train,matmul,aging+idle+age+refaults,matmul-blocked64-s1,train,matmul,matmul-blocked64,0.05,2,67419,32779,0
matmul_train,matmul,aging+idle+age+rdist,matmul-blocked64-s1,train,matmul,matmul-blocked64,0.05,2,434185,32778,0
matmul_train,matmul,aging+idle+dirty+refaults,matmul-blocked64-s1,train,matmul,matmul-blocked64,0.05,2,65611,32778,0
matmul_train,matmul,aging+idle+dirty+rdist,matmul-blocked64-s1,train,matmul,matmul-blocked64,0.05,2,65616,32778,0
matmul_train,matmul,aging+idle+refaults+rdist,matmul-blocked64-s1,train,matmul,matmul-blocked64,0.05,2,151954,32778,0
matmul_train,matmul,aging+age+dirty+refaults,matmul-blocked64-s1,train,matmul,matmul-blocked64,0.05,2,434185,32778,0
matmul_train,matmul,aging+age+dirty+rdist,matmul-blocked64-s1,train,matmul,matmul-blocked64,0.05,2,434185,32778,0
matmul_train,matmul,aging+age+refaults+rdist,matmul-blocked64-s1,train,matmul,matmul-blocked64,0.05,2,434185,32778,0
matmul_train,matmul,aging+dirty+refaults+rdist,matmul-blocked64-s1,train,matmul,matmul-blocked64,0.05,2,151954,32778,0
matmul_train,matmul,sfreq+idle+age+dirty,matmul-blocked64-s1,train,matmul,matmul-blocked64,0.05,2,65548,32778,0
matmul_train,matmul,sfreq+idle+age+refaults,matmul-blocked64-s1,train,matmul,matmul-blocked64,0.05,2,65576,32779,0
matmul_train,matmul,sfreq+idle+age+rdist,matmul-blocked64-s1,train,matmul,matmul-blocked64,0.05,2,65548,32778,0
matmul_train,matmul,sfreq+idle+dirty+refaults,matmul-blocked64-s1,train,matmul,matmul-blocked64,0.05,2,65880,32779,0
matmul_train,matmul,sfreq+idle+dirty+rdist,matmul-blocked64-s1,train,matmul,matmul-blocked64,0.05,2,65732,32779,0
matmul_train,matmul,sfreq+idle+refaults+rdist,matmul-blocked64-s1,train,matmul,matmul-blocked64,0.05,2,66372,32779,0
matmul_train,matmul,sfreq+age+dirty+refaults,matmul-blocked64-s1,train,matmul,matmul-blocked64,0.05,2,434185,32778,0
matmul_train,matmul,sfreq+age+dirty+rdist,matmul-blocked64-s1,train,matmul,matmul-blocked64,0.05,2,434185,32778,0
matmul_train,matmul,sfreq+age+refaults+rdist,matmul-blocked64-s1,train,matmul,matmul-blocked64,0.05,2,434185,32778,0
matmul_train,matmul,sfreq+dirty+refaults+rdist,matmul-blocked64-s1,train,matmul,matmul-blocked64,0.05,2,434185,32778,0
matmul_train,matmul,idle+age+dirty+refaults,matmul-blocked64-s1,train,matmul,matmul-blocked64,0.05,2,65834,32779,0
matmul_train,matmul,idle+age+dirty+rdist,matmul-blocked64-s1,train,matmul,matmul-blocked64,0.05,2,65636,32779,0
matmul_train,matmul,idle+age+refaults+rdist,matmul-blocked64-s1,train,matmul,matmul-blocked64,0.05,2,65992,32779,0
matmul_train,matmul,idle+dirty+refaults+rdist,matmul-blocked64-s1,train,matmul,matmul-blocked64,0.05,2,65619,32778,0
matmul_train,matmul,age+dirty+refaults+rdist,matmul-blocked64-s1,train,matmul,matmul-blocked64,0.05,2,434185,32778,0
matmul_train,matmul,ref+aging+sfreq+idle+age,matmul-blocked64-s1,train,matmul,matmul-blocked64,0.05,2,65548,32778,0
matmul_train,matmul,ref+aging+sfreq+idle+dirty,matmul-blocked64-s1,train,matmul,matmul-blocked64,0.05,2,65548,32778,0
matmul_train,matmul,ref+aging+sfreq+idle+refaults,matmul-blocked64-s1,train,matmul,matmul-blocked64,0.05,2,311770,32779,0
matmul_train,matmul,ref+aging+sfreq+idle+rdist,matmul-blocked64-s1,train,matmul,matmul-blocked64,0.05,2,434185,32778,0
matmul_train,matmul,ref+aging+sfreq+age+dirty,matmul-blocked64-s1,train,matmul,matmul-blocked64,0.05,2,65552,32779,0
matmul_train,matmul,ref+aging+sfreq+age+refaults,matmul-blocked64-s1,train,matmul,matmul-blocked64,0.05,2,65556,32779,0
matmul_train,matmul,ref+aging+sfreq+age+rdist,matmul-blocked64-s1,train,matmul,matmul-blocked64,0.05,2,65548,32778,0
matmul_train,matmul,ref+aging+sfreq+dirty+refaults,matmul-blocked64-s1,train,matmul,matmul-blocked64,0.05,2,65551,32779,0
matmul_train,matmul,ref+aging+sfreq+dirty+rdist,matmul-blocked64-s1,train,matmul,matmul-blocked64,0.05,2,311306,32778,0
matmul_train,matmul,ref+aging+sfreq+refaults+rdist,matmul-blocked64-s1,train,matmul,matmul-blocked64,0.05,2,434185,32778,0
matmul_train,matmul,ref+aging+idle+age+dirty,matmul-blocked64-s1,train,matmul,matmul-blocked64,0.05,2,65548,32778,0
matmul_train,matmul,ref+aging+idle+age+refaults,matmul-blocked64-s1,train,matmul,matmul-blocked64,0.05,2,311571,32779,0
matmul_train,matmul,ref+aging+idle+age+rdist,matmul-blocked64-s1,train,matmul,matmul-blocked64,0.05,2,434185,32778,0
matmul_train,matmul,ref+aging+idle+dirty+refaults,matmul-blocked64-s1,train,matmul,matmul-blocked64,0.05,2,65548,32778,0
matmul_train,matmul,ref+aging+idle+dirty+rdist,matmul-blocked64-s1,train,matmul,matmul-blocked64,0.05,2,65611,32778,0
matmul_train,matmul,ref+aging+idle+refaults+rdist,matmul-blocked64-s1,train,matmul,matmul-blocked64,0.05,2,73667,32778,0
matmul_train,matmul,ref+aging+age+dirty+refaults,matmul-blocked64-s1,train,matmul,matmul-blocked64,0.05,2,65551,32779,0
matmul_train,matmul,ref+aging+age+dirty+rdist,matmul-blocked64-s1,train,matmul,matmul-blocked64,0.05,2,434185,32778,0
matmul_train,matmul,ref+aging+age+refaults+rdist,matmul-blocked64-s1,train,matmul,matmul-blocked64,0.05,2,434185,32778,0
matmul_train,matmul,ref+aging+dirty+refaults+rdist,matmul-blocked64-s1,train,matmul,matmul-blocked64,0.05,2,65615,32778,0
matmul_train,matmul,ref+sfreq+idle+age+dirty,matmul-blocked64-s1,train,matmul,matmul-blocked64,0.05,2,65548,32778,0
matmul_train,matmul,ref+sfreq+idle+age+refaults,matmul-blocked64-s1,train,matmul,matmul-blocked64,0.05,2,65626,32779,0
matmul_train,matmul,ref+sfreq+idle+age+rdist,matmul-blocked64-s1,train,matmul,matmul-blocked64,0.05,2,65548,32778,0
matmul_train,matmul,ref+sfreq+idle+dirty+refaults,matmul-blocked64-s1,train,matmul,matmul-blocked64,0.05,2,65572,32779,0
matmul_train,matmul,ref+sfreq+idle+dirty+rdist,matmul-blocked64-s1,train,matmul,matmul-blocked64,0.05,2,65560,32779,0
matmul_train,matmul,ref+sfreq+idle+refaults+rdist,matmul-blocked64-s1,train,matmul,matmul-blocked64,0.05,2,66334,32779,0
matmul_train,matmul,ref+sfreq+age+dirty+refaults,matmul-blocked64-s1,train,matmul,matmul-blocked64,0.05,2,434185,32778,0
matmul_train,matmul,ref+sfreq+age+dirty+rdist,matmul-blocked64-s1,train,matmul,matmul-blocked64,0.05,2,434185,32778,0
matmul_train,matmul,ref+sfreq+age+refaults+rdist,matmul-blocked64-s1,train,matmul,matmul-blocked64,0.05,2,491561,24587,1
matmul_train,matmul,ref+sfreq+dirty+refaults+rdist,matmul-blocked64-s1,train,matmul,matmul-blocked64,0.05,2,434185,32778,0
matmul_train,matmul,ref+idle+age+dirty+refaults,matmul-blocked64-s1,train,matmul,matmul-blocked64,0.05,2,65578,32779,0
matmul_train,matmul,ref+idle+age+dirty+rdist,matmul-blocked64-s1,train,matmul,matmul-blocked64,0.05,2,65556,32779,0
matmul_train,matmul,ref+idle+age+refaults+rdist,matmul-blocked64-s1,train,matmul,matmul-blocked64,0.05,2,65973,32779,0
matmul_train,matmul,ref+idle+dirty+refaults+rdist,matmul-blocked64-s1,train,matmul,matmul-blocked64,0.05,2,65616,32778,0
matmul_train,matmul,ref+age+dirty+refaults+rdist,matmul-blocked64-s1,train,matmul,matmul-blocked64,0.05,2,434185,32778,0
matmul_train,matmul,aging+sfreq+idle+age+dirty,matmul-blocked64-s1,train,matmul,matmul-blocked64,0.05,2,65548,32778,0
matmul_train,matmul,aging+sfreq+idle+age+refaults,matmul-blocked64-s1,train,matmul,matmul-blocked64,0.05,2,65566,32779,0
matmul_train,matmul,aging+sfreq+idle+age+rdist,matmul-blocked64-s1,train,matmul,matmul-blocked64,0.05,2,65548,32778,0
matmul_train,matmul,aging+sfreq+idle+dirty+refaults,matmul-blocked64-s1,train,matmul,matmul-blocked64,0.05,2,65905,32779,0
matmul_train,matmul,aging+sfreq+idle+dirty+rdist,matmul-blocked64-s1,train,matmul,matmul-blocked64,0.05,2,65582,32779,0
matmul_train,matmul,aging+sfreq+idle+refaults+rdist,matmul-blocked64-s1,train,matmul,matmul-blocked64,0.05,2,162723,32779,0
matmul_train,matmul,aging+sfreq+age+dirty+refaults,matmul-blocked64-s1,train,matmul,matmul-blocked64,0.05,2,65624,32779,0
matmul_train,matmul,aging+sfreq+age+dirty+rdist,matmul-blocked64-s1,train,matmul,matmul-blocked64,0.05,2,65548,32778,0
matmul_train,matmul,aging+sfreq+age+refaults+rdist,matmul-blocked64-s1,train,matmul,matmul-blocked64,0.05,2,65548,32778,0
matmul_train,matmul,aging+sfreq+dirty+refaults+rdist,matmul-blocked64-s1,train,matmul,matmul-blocked64,0.05,2,434185,32778,0
matmul_train,matmul,aging+idle+age+dirty+refaults,matmul-blocked64-s1,train,matmul,matmul-blocked64,0.05,2,65844,32779,0
matmul_train,matmul,aging+idle+age+dirty+rdist,matmul-blocked64-s1,train,matmul,matmul-blocked64,0.05,2,65580,32779,0
matmul_train,matmul,aging+idle+age+refaults+rdist,matmul-blocked64-s1,train,matmul,matmul-blocked64,0.05,2,66422,32779,0
matmul_train,matmul,aging+idle+dirty+refaults+rdist,matmul-blocked64-s1,train,matmul,matmul-blocked64,0.05,2,65617,32778,0
matmul_train,matmul,aging+age+dirty+refaults+rdist,matmul-blocked64-s1,train,matmul,matmul-blocked64,0.05,2,434185,32778,0
matmul_train,matmul,sfreq+idle+age+dirty+refaults,matmul-blocked64-s1,train,matmul,matmul-blocked64,0.05,2,65732,32779,0
matmul_train,matmul,sfreq+idle+age+dirty+rdist,matmul-blocked64-s1,train,matmul,matmul-blocked64,0.05,2,65548,32778,0
matmul_train,matmul,sfreq+idle+age+refaults+rdist,matmul-blocked64-s1,train,matmul,matmul-blocked64,0.05,2,65548,32778,0
matmul_train,matmul,sfreq+idle+dirty+refaults+rdist,matmul-blocked64-s1,train,matmul,matmul-blocked64,0.05,2,65752,32779,0
matmul_train,matmul,sfreq+age+dirty+refaults+rdist,matmul-blocked64-s1,train,matmul,matmul-blocked64,0.05,2,434185,32778,0
matmul_train,matmul,idle+age+dirty+refaults+rdist,matmul-blocked64-s1,train,matmul,matmul-blocked64,0.05,2,65785,32779,0
matmul_train,matmul,ref+aging+sfreq+idle+age+dirty,matmul-blocked64-s1,train,matmul,matmul-blocked64,0.05,2,65548,32778,0
matmul_train,matmul,ref+aging+sfreq+idle+age+refaults,matmul-blocked64-s1,train,matmul,matmul-blocked64,0.05,2,65555,32779,0
matmul_train,matmul,ref+aging+sfreq+idle+age+rdist,matmul-blocked64-s1,train,matmul,matmul-blocked64,0.05,2,65548,32778,0
matmul_train,matmul,ref+aging+sfreq+idle+dirty+refaults,matmul-blocked64-s1,train,matmul,matmul-blocked64,0.05,2,65551,32779,0
matmul_train,matmul,ref+aging+sfreq+idle+dirty+rdist,matmul-blocked64-s1,train,matmul,matmul-blocked64,0.05,2,311306,32778,0
matmul_train,matmul,ref+aging+sfreq+idle+refaults+rdist,matmul-blocked64-s1,train,matmul,matmul-blocked64,0.05,2,434185,32778,0
matmul_train,matmul,ref+aging+sfreq+age+dirty+refaults,matmul-blocked64-s1,train,matmul,matmul-blocked64,0.05,2,65552,32779,0
matmul_train,matmul,ref+aging+sfreq+age+dirty+rdist,matmul-blocked64-s1,train,matmul,matmul-blocked64,0.05,2,65548,32778,0
matmul_train,matmul,ref+aging+sfreq+age+refaults+rdist,matmul-blocked64-s1,train,matmul,matmul-blocked64,0.05,2,65548,32778,0
matmul_train,matmul,ref+aging+sfreq+dirty+refaults+rdist,matmul-blocked64-s1,train,matmul,matmul-blocked64,0.05,2,434185,32778,0
matmul_train,matmul,ref+aging+idle+age+dirty+refaults,matmul-blocked64-s1,train,matmul,matmul-blocked64,0.05,2,65551,32779,0
matmul_train,matmul,ref+aging+idle+age+dirty+rdist,matmul-blocked64-s1,train,matmul,matmul-blocked64,0.05,2,434185,32778,0
matmul_train,matmul,ref+aging+idle+age+refaults+rdist,matmul-blocked64-s1,train,matmul,matmul-blocked64,0.05,2,434185,32778,0
matmul_train,matmul,ref+aging+idle+dirty+refaults+rdist,matmul-blocked64-s1,train,matmul,matmul-blocked64,0.05,2,65615,32778,0
matmul_train,matmul,ref+aging+age+dirty+refaults+rdist,matmul-blocked64-s1,train,matmul,matmul-blocked64,0.05,2,434185,32778,0
matmul_train,matmul,ref+sfreq+idle+age+dirty+refaults,matmul-blocked64-s1,train,matmul,matmul-blocked64,0.05,2,65633,32779,0
matmul_train,matmul,ref+sfreq+idle+age+dirty+rdist,matmul-blocked64-s1,train,matmul,matmul-blocked64,0.05,2,65548,32778,0
matmul_train,matmul,ref+sfreq+idle+age+refaults+rdist,matmul-blocked64-s1,train,matmul,matmul-blocked64,0.05,2,65548,32778,0
matmul_train,matmul,ref+sfreq+idle+dirty+refaults+rdist,matmul-blocked64-s1,train,matmul,matmul-blocked64,0.05,2,65603,32779,0
matmul_train,matmul,ref+sfreq+age+dirty+refaults+rdist,matmul-blocked64-s1,train,matmul,matmul-blocked64,0.05,2,434185,32778,0
matmul_train,matmul,ref+idle+age+dirty+refaults+rdist,matmul-blocked64-s1,train,matmul,matmul-blocked64,0.05,2,65584,32779,0
matmul_train,matmul,aging+sfreq+idle+age+dirty+refaults,matmul-blocked64-s1,train,matmul,matmul-blocked64,0.05,2,65666,32779,0
matmul_train,matmul,aging+sfreq+idle+age+dirty+rdist,matmul-blocked64-s1,train,matmul,matmul-blocked64,0.05,2,65548,32778,0
matmul_train,matmul,aging+sfreq+idle+age+refaults+rdist,matmul-blocked64-s1,train,matmul,matmul-blocked64,0.05,2,65548,32778,0
matmul_train,matmul,aging+sfreq+idle+dirty+refaults+rdist,matmul-blocked64-s1,train,matmul,matmul-blocked64,0.05,2,65642,32779,0
matmul_train,matmul,aging+sfreq+age+dirty+refaults+rdist,matmul-blocked64-s1,train,matmul,matmul-blocked64,0.05,2,65548,32778,0
matmul_train,matmul,aging+idle+age+dirty+refaults+rdist,matmul-blocked64-s1,train,matmul,matmul-blocked64,0.05,2,65612,32779,0
matmul_train,matmul,sfreq+idle+age+dirty+refaults+rdist,matmul-blocked64-s1,train,matmul,matmul-blocked64,0.05,2,65548,32778,0
matmul_train,matmul,ref+aging+sfreq+idle+age+dirty+refaults,matmul-blocked64-s1,train,matmul,matmul-blocked64,0.05,2,65551,32779,0
matmul_train,matmul,ref+aging+sfreq+idle+age+dirty+rdist,matmul-blocked64-s1,train,matmul,matmul-blocked64,0.05,2,65548,32778,0
matmul_train,matmul,ref+aging+sfreq+idle+age+refaults+rdist,matmul-blocked64-s1,train,matmul,matmul-blocked64,0.05,2,65548,32778,0
matmul_train,matmul,ref+aging+sfreq+idle+dirty+refaults+rdist,matmul-blocked64-s1,train,matmul,matmul-blocked64,0.05,2,65632,32779,0
matmul_train,matmul,ref+aging+sfreq+age+dirty+refaults+rdist,matmul-blocked64-s1,train,matmul,matmul-blocked64,0.05,2,65548,32778,0
matmul_train,matmul,ref+aging+idle+age+dirty+refaults+rdist,matmul-blocked64-s1,train,matmul,matmul-blocked64,0.05,2,65591,32779,0
matmul_train,matmul,ref+sfreq+idle+age+dirty+refaults+rdist,matmul-blocked64-s1,train,matmul,matmul-blocked64,0.05,2,65548,32778,0
matmul_train,matmul,aging+sfreq+idle+age+dirty+refaults+rdist,matmul-blocked64-s1,train,matmul,matmul-blocked64,0.05,2,65548,32778,0
matmul_train,matmul,ref+aging+sfreq+idle+age+dirty+refaults+rdist,matmul-blocked64-s1,train,matmul,matmul-blocked64,0.05,2,65548,32778,0
matmul_train,matmul,rec+ref+aging+sfreq+idle+age+dirty,matmul-blocked64-s1,train,matmul,matmul-blocked64,0.05,2,491561,21216,1
matmul_train,matmul,rec+ref+aging+sfreq+idle+age+dirty+refaults+rdist,matmul-blocked64-s1,train,matmul,matmul-blocked64,0.05,2,65548,32778,0
matmul_train,matmul,freq+ref+aging+sfreq+idle+age+dirty,matmul-blocked64-s1,train,matmul,matmul-blocked64,0.05,2,65580,32778,0
matmul_train,matmul,freq+ref+aging+sfreq+idle+age+dirty+refaults+rdist,matmul-blocked64-s1,train,matmul,matmul-blocked64,0.05,2,65548,32778,0
matmul_train,matmul,sd+ref+aging+sfreq+idle+age+dirty,matmul-blocked64-s1,train,matmul,matmul-blocked64,0.05,2,65800,32779,0
matmul_train,matmul,sd+ref+aging+sfreq+idle+age+dirty+refaults+rdist,matmul-blocked64-s1,train,matmul,matmul-blocked64,0.05,2,65552,32778,0
matmul_train,matmul,wr+ref+aging+sfreq+idle+age+dirty,matmul-blocked64-s1,train,matmul,matmul-blocked64,0.05,2,65548,32778,0
matmul_train,matmul,wr+ref+aging+sfreq+idle+age+dirty+refaults+rdist,matmul-blocked64-s1,train,matmul,matmul-blocked64,0.05,2,65548,32778,0
matmul_train,matmul,rec+freq+ref+aging+sfreq+idle+age+dirty,matmul-blocked64-s1,train,matmul,matmul-blocked64,0.05,2,491561,21216,1
matmul_train,matmul,rec+freq+ref+aging+sfreq+idle+age+dirty+refaults+rdist,matmul-blocked64-s1,train,matmul,matmul-blocked64,0.05,2,65548,32778,0
matmul_train,matmul,rec+sd+ref+aging+sfreq+idle+age+dirty,matmul-blocked64-s1,train,matmul,matmul-blocked64,0.05,2,65804,32779,0
matmul_train,matmul,rec+sd+ref+aging+sfreq+idle+age+dirty+refaults+rdist,matmul-blocked64-s1,train,matmul,matmul-blocked64,0.05,2,65552,32778,0
matmul_train,matmul,rec+wr+ref+aging+sfreq+idle+age+dirty,matmul-blocked64-s1,train,matmul,matmul-blocked64,0.05,2,434185,32778,0
matmul_train,matmul,rec+wr+ref+aging+sfreq+idle+age+dirty+refaults+rdist,matmul-blocked64-s1,train,matmul,matmul-blocked64,0.05,2,65548,32778,0
matmul_train,matmul,freq+sd+ref+aging+sfreq+idle+age+dirty,matmul-blocked64-s1,train,matmul,matmul-blocked64,0.05,2,70241,32779,0
matmul_train,matmul,freq+sd+ref+aging+sfreq+idle+age+dirty+refaults+rdist,matmul-blocked64-s1,train,matmul,matmul-blocked64,0.05,2,65552,32778,0
matmul_train,matmul,freq+wr+ref+aging+sfreq+idle+age+dirty,matmul-blocked64-s1,train,matmul,matmul-blocked64,0.05,2,65548,32778,0
matmul_train,matmul,freq+wr+ref+aging+sfreq+idle+age+dirty+refaults+rdist,matmul-blocked64-s1,train,matmul,matmul-blocked64,0.05,2,65548,32778,0
matmul_train,matmul,sd+wr+ref+aging+sfreq+idle+age+dirty,matmul-blocked64-s1,train,matmul,matmul-blocked64,0.05,2,82400,32779,0
matmul_train,matmul,sd+wr+ref+aging+sfreq+idle+age+dirty+refaults+rdist,matmul-blocked64-s1,train,matmul,matmul-blocked64,0.05,2,65552,32778,0
matmul_train,matmul,rec+freq+sd+ref+aging+sfreq+idle+age+dirty,matmul-blocked64-s1,train,matmul,matmul-blocked64,0.05,2,491561,21216,1
matmul_train,matmul,rec+freq+sd+ref+aging+sfreq+idle+age+dirty+refaults+rdist,matmul-blocked64-s1,train,matmul,matmul-blocked64,0.05,2,65552,32778,0
matmul_train,matmul,rec+freq+wr+ref+aging+sfreq+idle+age+dirty,matmul-blocked64-s1,train,matmul,matmul-blocked64,0.05,2,65548,32778,0
matmul_train,matmul,rec+freq+wr+ref+aging+sfreq+idle+age+dirty+refaults+rdist,matmul-blocked64-s1,train,matmul,matmul-blocked64,0.05,2,65548,32778,0
matmul_train,matmul,rec+sd+wr+ref+aging+sfreq+idle+age+dirty,matmul-blocked64-s1,train,matmul,matmul-blocked64,0.05,2,76888,32779,0
matmul_train,matmul,rec+sd+wr+ref+aging+sfreq+idle+age+dirty+refaults+rdist,matmul-blocked64-s1,train,matmul,matmul-blocked64,0.05,2,65552,32778,0
matmul_train,matmul,freq+sd+wr+ref+aging+sfreq+idle+age+dirty,matmul-blocked64-s1,train,matmul,matmul-blocked64,0.05,2,82076,32779,0
matmul_train,matmul,freq+sd+wr+ref+aging+sfreq+idle+age+dirty+refaults+rdist,matmul-blocked64-s1,train,matmul,matmul-blocked64,0.05,2,65552,32778,0
matmul_train,matmul,rec+freq+sd+wr+ref+aging+sfreq+idle+age+dirty,matmul-blocked64-s1,train,matmul,matmul-blocked64,0.05,2,76825,32779,0
matmul_train,matmul,rec+freq+sd+wr+ref+aging+sfreq+idle+age+dirty+refaults+rdist,matmul-blocked64-s1,train,matmul,matmul-blocked64,0.05,2,65552,32778,0
matmul_train,global,rec,matmul-blocked64-s1,train,matmul,matmul-blocked64,0.05,2,98312,32779,0
matmul_train,global,freq,matmul-blocked64-s1,train,matmul,matmul-blocked64,0.05,2,436573,32610,0
matmul_train,global,sd,matmul-blocked64-s1,train,matmul,matmul-blocked64,0.05,2,98312,32779,0
matmul_train,global,wr,matmul-blocked64-s1,train,matmul,matmul-blocked64,0.05,2,65548,32779,0
matmul_train,global,rec+freq,matmul-blocked64-s1,train,matmul,matmul-blocked64,0.05,2,96755,32779,0
matmul_train,global,rec+sd,matmul-blocked64-s1,train,matmul,matmul-blocked64,0.05,2,98312,32779,0
matmul_train,global,rec+wr,matmul-blocked64-s1,train,matmul,matmul-blocked64,0.05,2,98312,32779,0
matmul_train,global,freq+sd,matmul-blocked64-s1,train,matmul,matmul-blocked64,0.05,2,93765,32777,0
matmul_train,global,freq+wr,matmul-blocked64-s1,train,matmul,matmul-blocked64,0.05,2,435408,32693,0
matmul_train,global,sd+wr,matmul-blocked64-s1,train,matmul,matmul-blocked64,0.05,2,98312,32779,0
matmul_train,global,rec+freq+sd,matmul-blocked64-s1,train,matmul,matmul-blocked64,0.05,2,66292,32779,0
matmul_train,global,rec+freq+wr,matmul-blocked64-s1,train,matmul,matmul-blocked64,0.05,2,97860,32779,0
matmul_train,global,rec+sd+wr,matmul-blocked64-s1,train,matmul,matmul-blocked64,0.05,2,98312,32779,0
matmul_train,global,freq+sd+wr,matmul-blocked64-s1,train,matmul,matmul-blocked64,0.05,2,94044,32776,0
matmul_train,global,rec+freq+sd+wr,matmul-blocked64-s1,train,matmul,matmul-blocked64,0.05,2,66289,32779,0
matmul_train,global,ref,matmul-blocked64-s1,train,matmul,matmul-blocked64,0.05,2,98312,32779,0
matmul_train,global,aging,matmul-blocked64-s1,train,matmul,matmul-blocked64,0.05,2,98312,32779,0
matmul_train,global,sfreq,matmul-blocked64-s1,train,matmul,matmul-blocked64,0.05,2,434185,32778,0
matmul_train,global,idle,matmul-blocked64-s1,train,matmul,matmul-blocked64,0.05,2,98312,32779,0
matmul_train,global,age,matmul-blocked64-s1,train,matmul,matmul-blocked64,0.05,2,98312,32779,0
matmul_train,global,dirty,matmul-blocked64-s1,train,matmul,matmul-blocked64,0.05,2,65548,32779,0
matmul_train,global,refaults,matmul-blocked64-s1,train,matmul,matmul-blocked64,0.05,2,99821,32779,0
matmul_train,global,rdist,matmul-blocked64-s1,train,matmul,matmul-blocked64,0.05,2,151954,32778,0
matmul_train,global,ref+aging,matmul-blocked64-s1,train,matmul,matmul-blocked64,0.05,2,98312,32779,0
matmul_train,global,ref+sfreq,matmul-blocked64-s1,train,matmul,matmul-blocked64,0.05,2,65548,32778,0
matmul_train,global,ref+idle,matmul-blocked64-s1,train,matmul,matmul-blocked64,0.05,2,98312,32779,0
matmul_train,global,ref+age,matmul-blocked64-s1,train,matmul,matmul-blocked64,0.05,2,98312,32779,0
matmul_train,global,ref+dirty,matmul-blocked64-s1,train,matmul,matmul-blocked64,0.05,2,98312,32779,0
matmul_train,global,ref+refaults,matmul-blocked64-s1,train,matmul,matmul-blocked64,0.05,2,98186,32779,0
matmul_train,global,ref+rdist,matmul-blocked64-s1,train,matmul,matmul-blocked64,0.05,2,73769,32778,0
matmul_train,global,aging+sfreq,matmul-blocked64-s1,train,matmul,matmul-blocked64,0.05,2,65548,32778,0
matmul_train,global,aging+idle,matmul-blocked64-s1,train,matmul,matmul-blocked64,0.05,2,98312,32779,0
matmul_train,global,aging+age,matmul-blocked64-s1,train,matmul,matmul-blocked64,0.05,2,65548,32778,0
matmul_train,global,aging+dirty,matmul-blocked64-s1,train,matmul,matmul-blocked64,0.05,2,98312,32779,0
matmul_train,global,aging+refaults,matmul-blocked64-s1,train,matmul,matmul-blocked64,0.05,2,98103,32779,0
matmul_train,global,aging+rdist,matmul-blocked64-s1,train,matmul,matmul-blocked64,0.05,2,73769,32778,0
matmul_train,global,sfreq+idle,matmul-blocked64-s1,train,matmul,matmul-blocked64,0.05,2,65554,32779,0
matmul_train,global,sfreq+age,matmul-blocked64-s1,train,matmul,matmul-blocked64,0.05,2,98312,32779,0
matmul_train,global,sfreq+dirty,matmul-blocked64-s1,train,matmul,matmul-blocked64,0.05,2,434185,32778,0
matmul_train,global,sfreq+refaults,matmul-blocked64-s1,train,matmul,matmul-blocked64,0.05,2,491561,21631,1
matmul_train,global,sfreq+rdist,matmul-blocked64-s1,train,matmul,matmul-blocked64,0.05,2,151954,32778,0
matmul_train,global,idle+age,matmul-blocked64-s1,train,matmul,matmul-blocked64,0.05,2,65548,32778,0
matmul_train,global,idle+dirty,matmul-blocked64-s1,train,matmul,matmul-blocked64,0.05,2,98312,32779,0
matmul_train,global,idle+refaults,matmul-blocked64-s1,train,matmul,matmul-blocked64,0.05,2,97055,32779,0
matmul_train,global,idle+rdist,matmul-blocked64-s1,train,matmul,matmul-blocked64,0.05,2,73259,32778,0
matmul_train,global,age+dirty,matmul-blocked64-s1,train,matmul,matmul-blocked64,0.05,2,98312,32779,0
matmul_train,global,age+refaults,matmul-blocked64-s1,train,matmul,matmul-blocked64,0.05,2,480945,29509,0
matmul_train,global,age+rdist,matmul-blocked64-s1,train,matmul,matmul-blocked64,0.05,2,97981,32779,0
matmul_train,global,dirty+refaults,matmul-blocked64-s1,train,matmul,matmul-blocked64,0.05,2,119306,32779,0
matmul_train,global,dirty+rdist,matmul-blocked64-s1,train,matmul,matmul-blocked64,0.05,2,151954,32778,0
matmul_train,global,refaults+rdist,matmul-blocked64-s1,train,matmul,matmul-blocked64,0.05,2,100055,32779,0
matmul_train,global,ref+aging+sfreq,matmul-blocked64-s1,train,matmul,matmul-blocked64,0.05,2,65548,32778,0
matmul_train,global,ref+aging+idle,matmul-blocked64-s1,train,matmul,matmul-blocked64,0.05,2,98312,32779,0
matmul_train,global,ref+aging+age,matmul-blocked64-s1,train,matmul,matmul-blocked64,0.05,2,65548,32778,0
matmul_train,global,ref+aging+dirty,matmul-blocked64-s1,train,matmul,matmul-blocked64,0.05,2,98312,32779,0
matmul_train,global,ref+aging+refaults,matmul-blocked64-s1,train,matmul,matmul-blocked64,0.05,2,97890,32779,0
matmul_train,global,ref+aging+rdist,matmul-blocked64-s1,train,matmul,matmul-blocked64,0.05,2,73769,32778,0
matmul_train,global,ref+sfreq+idle,matmul-blocked64-s1,train,matmul,matmul-blocked64,0.05,2,65548,32778,0
matmul_train,global,ref+sfreq+age,matmul-blocked64-s1,train,matmul,matmul-blocked64,0.05,2,98312,32779,0
matmul_train,global,ref+sfreq+dirty,matmul-blocked64-s1,train,matmul,matmul-blocked64,0.05,2,65548,32778,0
matmul_train,global,ref+sfreq+refaults,matmul-blocked64-s1,train,matmul,matmul-blocked64,0.05,2,342966,32779,0
matmul_train,global,ref+sfreq+rdist,matmul-blocked64-s1,train,matmul,matmul-blocked64,0.05,2,65548,32778,0
matmul_train,global,ref+idle+age,matmul-blocked64-s1,train,matmul,matmul-blocked64,0.05,2,65548,32778,0
matmul_train,global,ref+idle+dirty,matmul-blocked64-s1,train,matmul,matmul-blocked64,0.05,2,98312,32779,0
matmul_train,global,ref+idle+refaults,matmul-blocked64-s1,train,matmul,matmul-blocked64,0.05,2,97962,32779,0
matmul_train,global,ref+idle+rdist,matmul-blocked64-s1,train,matmul,matmul-blocked64,0.05,2,73769,32778,0
matmul_train,global,ref+age+dirty,matmul-blocked64-s1,train,matmul,matmul-blocked64,0.05,2,98312,32779,0
matmul_train,global,ref+age+refaults,matmul-blocked64-s1,train,matmul,matmul-blocked64,0.05,2,76665,32779,0
matmul_train,global,ref+age+rdist,matmul-blocked64-s1,train,matmul,matmul-blocked64,0.05,2,73769,32778,0
matmul_train,global,ref+dirty+refaults,matmul-blocked64-s1,train,matmul,matmul-blocked64,0.05,2,98251,32779,0
matmul_train,global,ref+dirty+rdist,matmul-blocked64-s1,train,matmul,matmul-blocked64,0.05,2,73679,32778,0
matmul_train,global,ref+refaults+rdist,matmul-blocked64-s1,train,matmul,matmul-blocked64,0.05,2,98162,32779,0
matmul_train,global,aging+sfreq+idle,matmul-blocked64-s1,train,matmul,matmul-blocked64,0.05,2,65548,32778,0
matmul_train,global,aging+sfreq+age,matmul-blocked64-s1,train,matmul,matmul-blocked64,0.05,2,65548,32778,0
matmul_train,global,aging+sfreq+dirty,matmul-blocked64-s1,train,matmul,matmul-blocked64,0.05,2,65548,32778,0
matmul_train,global,aging+sfreq+refaults,matmul-blocked64-s1,train,matmul,matmul-blocked64,0.05,2,312514,32779,0
matmul_train,global,aging+sfreq+rdist,matmul-blocked64-s1,train,matmul,matmul-blocked64,0.05,2,65548,32778,0
matmul_train,global,aging+idle+age,matmul-blocked64-s1,train,matmul,matmul-blocked64,0.05,2,65548,32778,0
matmul_train,global,aging+idle+dirty,matmul-blocked64-s1,train,matmul,matmul-blocked64,0.05,2,98312,32779,0
matmul_train,global,aging+idle+refaults,matmul-blocked64-s1,train,matmul,matmul-blocked64,0.05,2,97960,32779,0
matmul_train,global,aging+idle+rdist,matmul-blocked64-s1,train,matmul,matmul-blocked64,0.05,2,73769,32778,0
matmul_train,global,aging+age+dirty,matmul-blocked64-s1,train,matmul,matmul-blocked64,0.05,2,65548,32778,0
matmul_train,global,aging+age+refaults,matmul-blocked64-s1,train,matmul,matmul-blocked64,0.05,2,74311,32779,0
matmul_train,global,aging+age+rdist,matmul-blocked64-s1,train,matmul,matmul-blocked64,0.05,2,65548,32778,0
matmul_train,global,aging+dirty+refaults,matmul-blocked64-s1,train,matmul,matmul-blocked64,0.05,2,98224,32779,0
matmul_train,global,aging+dirty+rdist,matmul-blocked64-s1,train,matmul,matmul-blocked64,0.05,2,73679,32778,0
matmul_train,global,aging+refaults+rdist,matmul-blocked64-s1,train,matmul,matmul-blocked64,0.05,2,97861,32779,0
matmul_train,global,sfreq+idle+age,matmul-blocked64-s1,train,matmul,matmul-blocked64,0.05,2,65548,32778,0
matmul_train,global,sfreq+idle+dirty,matmul-blocked64-s1,train,matmul,matmul-blocked64,0.05,2,65560,32779,0
matmul_train,global,sfreq+idle+refaults,matmul-blocked64-s1,train,matmul,matmul-blocked64,0.05,2,92308,32779,0
matmul_train,global,sfreq+idle+rdist,matmul-blocked64-s1,train,matmul,matmul-blocked64,0.05,2,65548,32778,0
matmul_train,global,sfreq+age+dirty,matmul-blocked64-s1,train,matmul,matmul-blocked64,0.05,2,98312,32779,0
matmul_train,global,sfreq+age+refaults,matmul-blocked64-s1,train,matmul,matmul-blocked64,0.05,2,436209,32779,0
matmul_train,global,sfreq+age+rdist,matmul-blocked64-s1,train,matmul,matmul-blocked64,0.05,2,190329,32778,0
matmul_train,global,sfreq+dirty+refaults,matmul-blocked64-s1,train,matmul,matmul-blocked64,0.05,2,323492,32779,0
matmul_train,global,sfreq+dirty+rdist,matmul-blocked64-s1,train,matmul,matmul-blocked64,0.05,2,434185,32778,0
matmul_train,global,sfreq+refaults+rdist,matmul-blocked64-s1,train,matmul,matmul-blocked64,0.05,2,434420,32779,0
matmul_train,global,idle+age+dirty,matmul-blocked64-s1,train,matmul,matmul-blocked64,0.05,2,65554,32779,0
matmul_train,global,idle+age+refaults,matmul-blocked64-s1,train,matmul,matmul-blocked64,0.05,2,67110,32779,0
matmul_train,global,idle+age+rdist,matmul-blocked64-s1,train,matmul,matmul-blocked64,0.05,2,65548,32778,0
matmul_train,global,idle+dirty+refaults,matmul-blocked64-s1,train,matmul,matmul-blocked64,0.05,2,101101,32779,0
matmul_train,global,idle+dirty+rdist,matmul-blocked64-s1,train,matmul,matmul-blocked64,0.05,2,65611,32778,0
matmul_train,global,idle+refaults+rdist,matmul-blocked64-s1,train,matmul,matmul-blocked64,0.05,2,96891,32779,0
matmul_train,global,age+dirty+refaults,matmul-blocked64-s1,train,matmul,matmul-blocked64,0.05,2,488230,27760,0
matmul_train,global,age+dirty+rdist,matmul-blocked64-s1,train,matmul,matmul-blocked64,0.05,2,65993,32779,0
matmul_train,global,age+refaults+rdist,matmul-blocked64-s1,train,matmul,matmul-blocked64,0.05,2,334970,32720,0
matmul_train,global,dirty+refaults+rdist,matmul-blocked64-s1,train,matmul,matmul-blocked64,0.05,2,87023,32779,0
matmul_train,global,ref+aging+sfreq+idle,matmul-blocked64-s1,train,matmul,matmul-blocked64,0.05,2,65548,32778,0
matmul_train,global,ref+aging+sfreq+age,matmul-blocked64-s1,train,matmul,matmul-blocked64,0.05,2,65548,32778,0
matmul_train,global,ref+aging+sfreq+dirty,matmul-blocked64-s1,train,matmul,matmul-blocked64,0.05,2,65548,32778,0
matmul_train,global,ref+aging+sfreq+refaults,matmul-blocked64-s1,train,matmul,matmul-blocked64,0.05,2,312300,32779,0
matmul_train,global,ref+aging+sfreq+rdist,matmul-blocked64-s1,train,matmul,matmul-blocked64,0.05,2,65548,32778,0
matmul_train,global,ref+aging+idle+age,matmul-blocked64-s1,train,matmul,matmul-blocked64,0.05,2,65548,32778,0
matmul_train,global,ref+aging+idle+dirty,matmul-blocked64-s1,train,matmul,matmul-blocked64,0.05,2,98312,32779,0
matmul_train,global,ref+aging+idle+refaults,matmul-blocked64-s1,train,matmul,matmul-blocked64,0.05,2,97829,32779,0
matmul_train,global,ref+aging+idle+rdist,matmul-blocked64-s1,train,matmul,matmul-blocked64,0.05,2,73769,32778,0
matmul_train,global,ref+aging+age+dirty,matmul-blocked64-s1,train,matmul,matmul-blocked64,0.05,2,65548,32778,0
matmul_train,global,ref+aging+age+refaults,matmul-blocked64-s1,train,matmul,matmul-blocked64,0.05,2,69792,32779,0
matmul_train,global,ref+aging+age+rdist,matmul-blocked64-s1,train,matmul,matmul-blocked64,0.05,2,65548,32778,0
matmul_train,global,ref+aging+dirty+refaults,matmul-blocked64-s1,train,matmul,matmul-blocked64,0.05,2,98143,32779,0
matmul_train,global,ref+aging+dirty+rdist,matmul-blocked64-s1,train,matmul,matmul-blocked64,0.05,2,73679,32778,0
matmul_train,global,ref+aging+refaults+rdist,matmul-blocked64-s1,train,matmul,matmul-blocked64,0.05,2,97945,32779,0
matmul_train,global,ref+sfreq+idle+age,matmul-blocked64-s1,train,matmul,matmul-blocked64,0.05,2,65548,32778,0
matmul_train,global,ref+sfreq+idle+dirty,matmul-blocked64-s1,train,matmul,matmul-blocked64,0.05,2,65548,32778,0
matmul_train,global,ref+sfreq+idle+refaults,matmul-blocked64-s1,train,matmul,matmul-blocked64,0.05,2,134764,32779,0
matmul_train,global,ref+sfreq+idle+rdist,matmul-blocked64-s1,train,matmul,matmul-blocked64,0.05,2,65548,32778,0
matmul_train,global,ref+sfreq+age+dirty,matmul-blocked64-s1,train,matmul,matmul-blocked64,0.05,2,98312,32779,0
matmul_train,global,ref+sfreq+age+refaults,matmul-blocked64-s1,train,matmul,matmul-blocked64,0.05,2,316892,32779,0
matmul_train,global,ref+sfreq+age+rdist,matmul-blocked64-s1,train,matmul,matmul-blocked64,0.05,2,73769,32778,0
matmul_train,global,ref+sfreq+dirty+refaults,matmul-blocked64-s1,train,matmul,matmul-blocked64,0.05,2,342029,32779,0
matmul_train,global,ref+sfreq+dirty+rdist,matmul-blocked64-s1,train,matmul,matmul-blocked64,0.05,2,65548,32778,0
matmul_train,global,ref+sfreq+refaults+rdist,matmul-blocked64-s1,train,matmul,matmul-blocked64,0.05,2,322313,32779,0
matmul_train,global,ref+idle+age+dirty,matmul-blocked64-s1,train,matmul,matmul-blocked64,0.05,2,65548,32778,0
matmul_train,global,ref+idle+age+refaults,matmul-blocked64-s1,train,matmul,matmul-blocked64,0.05,2,72185,32779,0
matmul_train,global,ref+idle+age+rdist,matmul-blocked64-s1,train,matmul,matmul-blocked64,0.05,2,65548,32778,0
matmul_train,global,ref+idle+dirty+refaults,matmul-blocked64-s1,train,matmul,matmul-blocked64,0.05,2,98112,32779,0
matmul_train,global,ref+idle+dirty+rdist,matmul-blocked64-s1,train,matmul,matmul-blocked64,0.05,2,73679,32778,0
matmul_train,global,ref+idle+refaults+rdist,matmul-blocked64-s1,train,matmul,matmul-blocked64,0.05,2,98091,32779,0
matmul_train,global,ref+age+dirty+refaults,matmul-blocked64-s1,train,matmul,matmul-blocked64,0.05,2,82035,32779,0
matmul_train,global,ref+age+dirty+rdist,matmul-blocked64-s1,train,matmul,matmul-blocked64,0.05,2,73679,32778,0
matmul_train,global,ref+age+refaults+rdist,matmul-blocked64-s1,train,matmul,matmul-blocked64,0.05,2,72899,32779,0
matmul_train,global,ref+dirty+refaults+rdist,matmul-blocked64-s1,train,matmul,matmul-blocked64,0.05,2,95561,32779,0
matmul_train,global,aging+sfreq+idle+age,matmul-blocked64-s1,train,matmul,matmul-blocked64,0.05,2,65548,32778,0
matmul_train,global,aging+sfreq+idle+dirty,matmul-blocked64-s1,train,matmul,matmul-blocked64,0.05,2,65548,32778,0
matmul_train,global,aging+sfreq+idle+refaults,matmul-blocked64-s1,train,matmul,matmul-blocked64,0.05,2,312516,32779,0
matmul_train,global,aging+sfreq+idle+rdist,matmul-blocked64-s1,train,matmul,matmul-blocked64,0.05,2,65548,32778,0
matmul_train,global,aging+sfreq+age+dirty,matmul-blocked64-s1,train,matmul,matmul-blocked64,0.05,2,65548,32778,0
matmul_train,global,aging+sfreq+age+refaults,matmul-blocked64-s1,train,matmul,matmul-blocked64,0.05,2,312560,32779,0
matmul_train,global,aging+sfreq+age+rdist,matmul-blocked64-s1,train,matmul,matmul-blocked64,0.05,2,65548,32778,0
matmul_train,global,aging+sfreq+dirty+refaults,matmul-blocked64-s1,train,matmul,matmul-blocked64,0.05,2,312494,32779,0
matmul_train,global,aging+sfreq+dirty+rdist,matmul-blocked64-s1,train,matmul,matmul-blocked64,0.05,2,65548,32778,0
matmul_train,global,aging+sfreq+refaults+rdist,matmul-blocked64-s1,train,matmul,matmul-blocked64,0.05,2,318239,32779,0
matmul_train,global,aging+idle+age+dirty,matmul-blocked64-s1,train,matmul,matmul-blocked64,0.05,2,65548,32778,0
matmul_train,global,aging+idle+age+refaults,matmul-blocked64-s1,train,matmul,matmul-blocked64,0.05,2,70999,32779,0
matmul_train,global,aging+idle+age+rdist,matmul-blocked64-s1,train,matmul,matmul-blocked64,0.05,2,65548,32778,0
matmul_train,global,aging+idle+dirty+refaults,matmul-blocked64-s1,train,matmul,matmul-blocked64,0.05,2,98149,32779,0
matmul_train,global,aging+idle+dirty+rdist,matmul-blocked64-s1,train,matmul,matmul-blocked64,0.05,2,73679,32778,0
matmul_train,global,aging+idle+refaults+rdist,matmul-blocked64-s1,train,matmul,matmul-blocked64,0.05,2,97974,32779,0
matmul_train,global,aging+age+dirty+refaults,matmul-blocked64-s1,train,matmul,matmul-blocked64,0.05,2,75824,32779,0
matmul_train,global,aging+age+dirty+rdist,matmul-blocked64-s1,train,matmul,matmul-blocked64,0.05,2,65548,32778,0
matmul_train,global,aging+age+refaults+rdist,matmul-blocked64-s1,train,matmul,matmul-blocked64,0.05,2,69358,32779,0
matmul_train,global,aging+dirty+refaults+rdist,matmul-blocked64-s1,train,matmul,matmul-blocked64,0.05,2,96461,32779,0
matmul_train,global,sfreq+idle+age+dirty,matmul-blocked64-s1,train,matmul,matmul-blocked64,0.05,2,65548,32778,0
matmul_train,global,sfreq+idle+age+refaults,matmul-blocked64-s1,train,matmul,matmul-blocked64,0.05,2,84359,31697,0
matmul_train,global,sfreq+idle+age+rdist,matmul-blocked64-s1,train,matmul,matmul-blocked64,0.05,2,65548,32778,0
matmul_train,global,sfreq+idle+dirty+refaults,matmul-blocked64-s1,train,matmul,matmul-blocked64,0.05,2,100012,32779,0
matmul_train,global,sfreq+idle+dirty+rdist,matmul-blocked64-s1,train,matmul,matmul-blocked64,0.05,2,65548,32778,0
matmul_train,global,sfreq+idle+refaults+rdist,matmul-blocked64-s1,train,matmul,matmul-blocked64,0.05,2,161466,32779,0
matmul_train,global,sfreq+age+dirty+refaults,matmul-blocked64-s1,train,matmul,matmul-blocked64,0.05,2,323445,32779,0
matmul_train,global,sfreq+age+dirty+rdist,matmul-blocked64-s1,train,matmul,matmul-blocked64,0.05,2,188990,32778,0
matmul_train,global,sfreq+age+refaults+rdist,matmul-blocked64-s1,train,matmul,matmul-blocked64,0.05,2,491561,22704,1
matmul_train,global,sfreq+dirty+refaults+rdist,matmul-blocked64-s1,train,matmul,matmul-blocked64,0.05,2,435141,32779,0
matmul_train,global,idle+age+dirty+refaults,matmul-blocked64-s1,train,matmul,matmul-blocked64,0.05,2,67949,32779,0
matmul_train,global,idle+age+dirty+rdist,matmul-blocked64-s1,train,matmul,matmul-blocked64,0.05,2,65548,32778,0
matmul_train,global,idle+age+refaults+rdist,matmul-blocked64-s1,train,matmul,matmul-blocked64,0.05,2,67926,32779,0
matmul_train,global,idle+dirty+refaults+rdist,matmul-blocked64-s1,train,matmul,matmul-blocked64,0.05,2,84075,32779,0
matmul_train,global,age+dirty+refaults+rdist,matmul-blocked64-s1,train,matmul,matmul-blocked64,0.05,2,439141,32425,0
matmul_train,global,ref+aging+sfreq+idle+age,matmul-blocked64-s1,train,matmul,matmul-blocked64,0.05,2,65548,32778,0
matmul_train,global,ref+aging+sfreq+idle+dirty,matmul-blocked64-s1,train,matmul,matmul-blocked64,0.05,2,65548,32778,0
matmul_train,global,ref+aging+sfreq+idle+refaults,matmul-blocked64-s1,train,matmul,matmul-blocked64,0.05,2,312283,32779,0
matmul_train,global,ref+aging+sfreq+idle+rdist,matmul-blocked64-s1,train,matmul,matmul-blocked64,0.05,2,65548,32778,0
matmul_train,global,ref+aging+sfreq+age+dirty,matmul-blocked64-s1,train,matmul,matmul-blocked64,0.05,2,65548,32778,0
matmul_train,global,ref+aging+sfreq+age+refaults,matmul-blocked64-s1,train,matmul,matmul-blocked64,0.05,2,312018,32779,0
matmul_train,global,ref+aging+sfreq+age+rdist,matmul-blocked64-s1,train,matmul,matmul-blocked64,0.05,2,65548,32778,0
matmul_train,global,ref+aging+sfreq+dirty+refaults,matmul-blocked64-s1,train,matmul,matmul-blocked64,0.05,2,312155,32779,0
matmul_train,global,ref+aging+sfreq+dirty+rdist,matmul-blocked64-s1,train,matmul,matmul-blocked64,0.05,2,65548,32778,0
matmul_train,global,ref+aging+sfreq+refaults+rdist,matmul-blocked64-s1,train,matmul,matmul-blocked64,0.05,2,319318,32779,0
matmul_train,global,ref+aging+idle+age+dirty,matmul-blocked64-s1,train,matmul,matmul-blocked64,0.05,2,65548,32778,0
matmul_train,global,ref+aging+idle+age+refaults,matmul-blocked64-s1,train,matmul,matmul-blocked64,0.05,2,68197,32779,0
matmul_train,global,ref+aging+idle+age+rdist,matmul-blocked64-s1,train,matmul,matmul-blocked64,0.05,2,65548,32778,0
matmul_train,global,ref+aging+idle+dirty+refaults,matmul-blocked64-s1,train,matmul,matmul-blocked64,0.05,2,98093,32779,0
matmul_train,global,ref+aging+idle+dirty+rdist,matmul-blocked64-s1,train,matmul,matmul-blocked64,0.05,2,73679,32778,0
matmul_train,global,ref+aging+idle+refaults+rdist,matmul-blocked64-s1,train,matmul,matmul-blocked64,0.05,2,97987,32779,0
matmul_train,global,ref+aging+age+dirty+refaults,matmul-blocked64-s1,train,matmul,matmul-blocked64,0.05,2,69656,32779,0
matmul_train,global,ref+aging+age+dirty+rdist,matmul-blocked64-s1,train,matmul,matmul-blocked64,0.05,2,65548,32778,0
matmul_train,global,ref+aging+age+refaults+rdist,matmul-blocked64-s1,train,matmul,matmul-blocked64,0.05,2,68823,32779,0
matmul_train,global,ref+aging+dirty+refaults+rdist,matmul-blocked64-s1,train,matmul,matmul-blocked64,0.05,2,96593,32779,0
matmul_train,global,ref+sfreq+idle+age+dirty,matmul-blocked64-s1,train,matmul,matmul-blocked64,0.05,2,65548,32778,0
matmul_train,global,ref+sfreq+idle+age+refaults,matmul-blocked64-s1,train,matmul,matmul-blocked64,0.05,2,74625,32779,0
matmul_train,global,ref+sfreq+idle+age+rdist,matmul-blocked64-s1,train,matmul,matmul-blocked64,0.05,2,65548,32778,0
matmul_train,global,ref+sfreq+idle+dirty+refaults,matmul-blocked64-s1,train,matmul,matmul-blocked64,0.05,2,141198,32779,0
matmul_train,global,ref+sfreq+idle+dirty+rdist,matmul-blocked64-s1,train,matmul,matmul-blocked64,0.05,2,65548,32778,0
matmul_train,global,ref+sfreq+idle+refaults+rdist,matmul-blocked64-s1,train,matmul,matmul-blocked64,0.05,2,239872,32779,0
matmul_train,global,ref+sfreq+age+dirty+refaults,matmul-blocked64-s1,train,matmul,matmul-blocked64,0.05,2,322422,32779,0
matmul_train,global,ref+sfreq+age+dirty+rdist,matmul-blocked64-s1,train,matmul,matmul-blocked64,0.05,2,73679,32778,0
matmul_train,global,ref+sfreq+age+refaults+rdist,matmul-blocked64-s1,train,matmul,matmul-blocked64,0.05,2,333613,32779,0
matmul_train,global,ref+sfreq+dirty+refaults+rdist,matmul-blocked64-s1,train,matmul,matmul-blocked64,0.05,2,333936,32779,0
matmul_train,global,ref+idle+age+dirty+refaults,matmul-blocked64-s1,train,matmul,matmul-blocked64,0.05,2,73143,32779,0
matmul_train,global,ref+idle+age+dirty+rdist,matmul-blocked64-s1,train,matmul,matmul-blocked64,0.05,2,65548,32778,0
matmul_train,global,ref+idle+age+refaults+rdist,matmul-blocked64-s1,train,matmul,matmul-blocked64,0.05,2,68684,32779,0
matmul_train,global,ref+idle+dirty+refaults+rdist,matmul-blocked64-s1,train,matmul,matmul-blocked64,0.05,2,95259,32779,0
matmul_train,global,ref+age+dirty+refaults+rdist,matmul-blocked64-s1,train,matmul,matmul-blocked64,0.05,2,96095,32779,0
matmul_train,global,aging+sfreq+idle+age+dirty,matmul-blocked64-s1,train,matmul,matmul-blocked64,0.05,2,65548,32778,0
matmul_train,global,aging+sfreq+idle+age+refaults,matmul-blocked64-s1,train,matmul,matmul-blocked64,0.05,2,70842,32779,0
matmul_train,global,aging+sfreq+idle+age+rdist,matmul-blocked64-s1,train,matmul,matmul-blocked64,0.05,2,65548,32778,0
matmul_train,global,aging+sfreq+idle+dirty+refaults,matmul-blocked64-s1,train,matmul,matmul-blocked64,0.05,2,312496,32779,0
matmul_train,global,aging+sfreq+idle+dirty+rdist,matmul-blocked64-s1,train,matmul,matmul-blocked64,0.05,2,65548,32778,0
matmul_train,global,aging+sfreq+idle+refaults+rdist,matmul-blocked64-s1,train,matmul,matmul-blocked64,0.05,2,397760,32779,0
matmul_train,global,aging+sfreq+age+dirty+refaults,matmul-blocked64-s1,train,matmul,matmul-blocked64,0.05,2,312549,32779,0
matmul_train,global,aging+sfreq+age+dirty+rdist,matmul-blocked64-s1,train,matmul,matmul-blocked64,0.05,2,65548,32778,0
matmul_train,global,aging+sfreq+age+refaults+rdist,matmul-blocked64-s1,train,matmul,matmul-blocked64,0.05,2,205016,32779,0
matmul_train,global,aging+sfreq+dirty+refaults+rdist,matmul-blocked64-s1,train,matmul,matmul-blocked64,0.05,2,321268,32779,0
matmul_train,global,aging+idle+age+dirty+refaults,matmul-blocked64-s1,train,matmul,matmul-blocked64,0.05,2,70756,32779,0
matmul_train,global,aging+idle+age+dirty+rdist,matmul-blocked64-s1,train,matmul,matmul-blocked64,0.05,2,65548,32778,0
matmul_train,global,aging+idle+age+refaults+rdist,matmul-blocked64-s1,train,matmul,matmul-blocked64,0.05,2,68595,32779,0
matmul_train,global,aging+idle+dirty+refaults+rdist,matmul-blocked64-s1,train,matmul,matmul-blocked64,0.05,2,97184,32779,0
matmul_train,global,aging+age+dirty+refaults+rdist,matmul-blocked64-s1,train,matmul,matmul-blocked64,0.05,2,68865,32779,0
matmul_train,global,sfreq+idle+age+dirty+refaults,matmul-blocked64-s1,train,matmul,matmul-blocked64,0.05,2,70890,32779,0
matmul_train,global,sfreq+idle+age+dirty+rdist,matmul-blocked64-s1,train,matmul,matmul-blocked64,0.05,2,65548,32778,0
matmul_train,global,sfreq+idle+age+refaults+rdist,matmul-blocked64-s1,train,matmul,matmul-blocked64,0.05,2,67379,32779,0
matmul_train,global,sfreq+idle+dirty+refaults+rdist,matmul-blocked64-s1,train,matmul,matmul-blocked64,0.05,2,215975,32779,0
matmul_train,global,sfreq+age+dirty+refaults+rdist,matmul-blocked64-s1,train,matmul,matmul-blocked64,0.05,2,434462,32779,0
matmul_train,global,idle+age+dirty+refaults+rdist,matmul-blocked64-s1,train,matmul,matmul-blocked64,0.05,2,68392,32779,0
matmul_train,global,ref+aging+sfreq+idle+age+dirty,matmul-blocked64-s1,train,matmul,matmul-blocked64,0.05,2,65548,32778,0
matmul_train,global,ref+aging+sfreq+idle+age+refaults,matmul-blocked64-s1,train,matmul,matmul-blocked64,0.05,2,69113,32779,0
matmul_train,global,ref+aging+sfreq+idle+age+rdist,matmul-blocked64-s1,train,matmul,matmul-blocked64,0.05,2,65548,32778,0
matmul_train,global,ref+aging+sfreq+idle+dirty+refaults,matmul-blocked64-s1,train,matmul,matmul-blocked64,0.05,2,312140,32779,0
matmul_train,global,ref+aging+sfreq+idle+dirty+rdist,matmul-blocked64-s1,train,matmul,matmul-blocked64,0.05,2,65548,32778,0
matmul_train,global,ref+aging+sfreq+idle+refaults+rdist,matmul-blocked64-s1,train,matmul,matmul-blocked64,0.05,2,434456,32779,0
matmul_train,global,ref+aging+sfreq+age+dirty+refaults,matmul-blocked64-s1,train,matmul,matmul-blocked64,0.05,2,311998,32779,0
matmul_train,global,ref+aging+sfreq+age+dirty+rdist,matmul-blocked64-s1,train,matmul,matmul-blocked64,0.05,2,65548,32778,0
matmul_train,global,ref+aging+sfreq+age+refaults+rdist,matmul-blocked64-s1,train,matmul,matmul-blocked64,0.05,2,67666,32779,0
matmul_train,global,ref+aging+sfreq+dirty+refaults+rdist,matmul-blocked64-s1,train,matmul,matmul-blocked64,0.05,2,296912,32779,0
matmul_train,global,ref+aging+idle+age+dirty+refaults,matmul-blocked64-s1,train,matmul,matmul-blocked64,0.05,2,65681,32779,0
matmul_train,global,ref+aging+idle+age+dirty+rdist,matmul-blocked64-s1,train,matmul,matmul-blocked64,0.05,2,65548,32778,0
matmul_train,global,ref+aging+idle+age+refaults+rdist,matmul-blocked64-s1,train,matmul,matmul-blocked64,0.05,2,68107,32779,0
matmul_train,global,ref+aging+idle+dirty+refaults+rdist,matmul-blocked64-s1,train,matmul,matmul-blocked64,0.05,2,97194,32779,0
matmul_train,global,ref+aging+age+dirty+refaults+rdist,matmul-blocked64-s1,train,matmul,matmul-blocked64,0.05,2,66250,32779,0
matmul_train,global,ref+sfreq+idle+age+dirty+refaults,matmul-blocked64-s1,train,matmul,matmul-blocked64,0.05,2,71133,32779,0
matmul_train,global,ref+sfreq+idle+age+dirty+rdist,matmul-blocked64-s1,train,matmul,matmul-blocked64,0.05,2,65548,32778,0
matmul_train,global,ref+sfreq+idle+age+refaults+rdist,matmul-blocked64-s1,train,matmul,matmul-blocked64,0.05,2,68219,32779,0
matmul_train,global,ref+sfreq+idle+dirty+refaults+rdist,matmul-blocked64-s1,train,matmul,matmul-blocked64,0.05,2,312101,32779,0
matmul_train,global,ref+sfreq+age+dirty+refaults+rdist,matmul-blocked64-s1,train,matmul,matmul-blocked64,0.05,2,362431,32779,0
matmul_train,global,ref+idle+age+dirty+refaults+rdist,matmul-blocked64-s1,train,matmul,matmul-blocked64,0.05,2,66576,32779,0
matmul_train,global,aging+sfreq+idle+age+dirty+refaults,matmul-blocked64-s1,train,matmul,matmul-blocked64,0.05,2,70529,32779,0
matmul_train,global,aging+sfreq+idle+age+dirty+rdist,matmul-blocked64-s1,train,matmul,matmul-blocked64,0.05,2,65548,32778,0
matmul_train,global,aging+sfreq+idle+age+refaults+rdist,matmul-blocked64-s1,train,matmul,matmul-blocked64,0.05,2,67968,32779,0
matmul_train,global,aging+sfreq+idle+dirty+refaults+rdist,matmul-blocked64-s1,train,matmul,matmul-blocked64,0.05,2,436343,32779,0
matmul_train,global,aging+sfreq+age+dirty+refaults+rdist,matmul-blocked64-s1,train,matmul,matmul-blocked64,0.05,2,328992,32779,0
matmul_train,global,aging+idle+age+dirty+refaults+rdist,matmul-blocked64-s1,train,matmul,matmul-blocked64,0.05,2,68963,32779,0
matmul_train,global,sfreq+idle+age+dirty+refaults+rdist,matmul-blocked64-s1,train,matmul,matmul-blocked64,0.05,2,67566,32779,0
matmul_train,global,ref+aging+sfreq+idle+age+dirty+refaults,matmul-blocked64-s1,train,matmul,matmul-blocked64,0.05,2,65640,32779,0
matmul_train,global,ref+aging+sfreq+idle+age+dirty+rdist,matmul-blocked64-s1,train,matmul,matmul-blocked64,0.05,2,65548,32778,0
matmul_train,global,ref+aging+sfreq+idle+age+refaults+rdist,matmul-blocked64-s1,train,matmul,matmul-blocked64,0.05,2,66179,32779,0
matmul_train,global,ref+aging+sfreq+idle+dirty+refaults+rdist,matmul-blocked64-s1,train,matmul,matmul-blocked64,0.05,2,311579,32779,0
matmul_train,global,ref+aging+sfreq+age+dirty+refaults+rdist,matmul-blocked64-s1,train,matmul,matmul-blocked64,0.05,2,65741,32779,0
matmul_train,global,ref+aging+idle+age+dirty+refaults+rdist,matmul-blocked64-s1,train,matmul,matmul-blocked64,0.05,2,65929,32779,0
matmul_train,global,ref+sfreq+idle+age+dirty+refaults+rdist,matmul-blocked64-s1,train,matmul,matmul-blocked64,0.05,2,66304,32779,0
matmul_train,global,aging+sfreq+idle+age+dirty+refaults+rdist,matmul-blocked64-s1,train,matmul,matmul-blocked64,0.05,2,66961,32779,0
matmul_train,global,ref+aging+sfreq+idle+age+dirty+refaults+rdist,matmul-blocked64-s1,train,matmul,matmul-blocked64,0.05,2,65862,32779,0
matmul_train,global,rec+ref+aging+sfreq+idle+age+dirty,matmul-blocked64-s1,train,matmul,matmul-blocked64,0.05,2,90121,32779,0
matmul_train,global,rec+ref+aging+sfreq+idle+age+dirty+refaults+rdist,matmul-blocked64-s1,train,matmul,matmul-blocked64,0.05,2,80406,32779,0
matmul_train,global,freq+ref+aging+sfreq+idle+age+dirty,matmul-blocked64-s1,train,matmul,matmul-blocked64,0.05,2,65566,32779,0
matmul_train,global,freq+ref+aging+sfreq+idle+age+dirty+refaults+rdist,matmul-blocked64-s1,train,matmul,matmul-blocked64,0.05,2,66548,32779,0
matmul_train,global,sd+ref+aging+sfreq+idle+age+dirty,matmul-blocked64-s1,train,matmul,matmul-blocked64,0.05,2,98312,32779,0
matmul_train,global,sd+ref+aging+sfreq+idle+age+dirty+refaults+rdist,matmul-blocked64-s1,train,matmul,matmul-blocked64,0.05,2,311596,32779,0
matmul_train,global,wr+ref+aging+sfreq+idle+age+dirty,matmul-blocked64-s1,train,matmul,matmul-blocked64,0.05,2,65548,32778,0
matmul_train,global,wr+ref+aging+sfreq+idle+age+dirty+refaults+rdist,matmul-blocked64-s1,train,matmul,matmul-blocked64,0.05,2,67326,32779,0
matmul_train,global,rec+freq+ref+aging+sfreq+idle+age+dirty,matmul-blocked64-s1,train,matmul,matmul-blocked64,0.05,2,185490,24588,0
matmul_train,global,rec+freq+ref+aging+sfreq+idle+age+dirty+refaults+rdist,matmul-blocked64-s1,train,matmul,matmul-blocked64,0.05,2,80018,32779,0
matmul_train,global,rec+sd+ref+aging+sfreq+idle+age+dirty,matmul-blocked64-s1,train,matmul,matmul-blocked64,0.05,2,67842,32779,0
matmul_train,global,rec+sd+ref+aging+sfreq+idle+age+dirty+refaults+rdist,matmul-blocked64-s1,train,matmul,matmul-blocked64,0.05,2,327418,32779,0
matmul_train,global,rec+wr+ref+aging+sfreq+idle+age+dirty,matmul-blocked64-s1,train,matmul,matmul-blocked64,0.05,2,90121,32779,0
matmul_train,global,rec+wr+ref+aging+sfreq+idle+age+dirty+refaults+rdist,matmul-blocked64-s1,train,matmul,matmul-blocked64,0.05,2,80165,32779,0
matmul_train,global,freq+sd+ref+aging+sfreq+idle+age+dirty,matmul-blocked64-s1,train,matmul,matmul-blocked64,0.05,2,84337,32779,0
matmul_train,global,freq+sd+ref+aging+sfreq+idle+age+dirty+refaults+rdist,matmul-blocked64-s1,train,matmul,matmul-blocked64,0.05,2,342030,32779,0
matmul_train,global,freq+wr+ref+aging+sfreq+idle+age+dirty,matmul-blocked64-s1,train,matmul,matmul-blocked64,0.05,2,65571,32779,0
matmul_train,global,freq+wr+ref+aging+sfreq+idle+age+dirty+refaults+rdist,matmul-blocked64-s1,train,matmul,matmul-blocked64,0.05,2,66435,32779,0
matmul_train,global,sd+wr+ref+aging+sfreq+idle+age+dirty,matmul-blocked64-s1,train,matmul,matmul-blocked64,0.05,2,98312,32779,0
matmul_train,global,sd+wr+ref+aging+sfreq+idle+age+dirty+refaults+rdist,matmul-blocked64-s1,train,matmul,matmul-blocked64,0.05,2,311596,32779,0
matmul_train,global,rec+freq+sd+ref+aging+sfreq+idle+age+dirty,matmul-blocked64-s1,train,matmul,matmul-blocked64,0.05,2,192475,24588,0
matmul_train,global,rec+freq+sd+ref+aging+sfreq+idle+age+dirty+refaults+rdist,matmul-blocked64-s1,train,matmul,matmul-blocked64,0.05,2,331635,32779,0
matmul_train,global,rec+freq+wr+ref+aging+sfreq+idle+age+dirty,matmul-blocked64-s1,train,matmul,matmul-blocked64,0.05,2,185597,24588,0
matmul_train,global,rec+freq+wr+ref+aging+sfreq+idle+age+dirty+refaults+rdist,matmul-blocked64-s1,train,matmul,matmul-blocked64,0.05,2,79858,32779,0
matmul_train,global,rec+sd+wr+ref+aging+sfreq+idle+age+dirty,matmul-blocked64-s1,train,matmul,matmul-blocked64,0.05,2,77270,32779,0
matmul_train,global,rec+sd+wr+ref+aging+sfreq+idle+age+dirty+refaults+rdist,matmul-blocked64-s1,train,matmul,matmul-blocked64,0.05,2,327527,32779,0
matmul_train,global,freq+sd+wr+ref+aging+sfreq+idle+age+dirty,matmul-blocked64-s1,train,matmul,matmul-blocked64,0.05,2,88082,32779,0
matmul_train,global,freq+sd+wr+ref+aging+sfreq+idle+age+dirty+refaults+rdist,matmul-blocked64-s1,train,matmul,matmul-blocked64,0.05,2,342028,32779,0
matmul_train,global,rec+freq+sd+wr+ref+aging+sfreq+idle+age+dirty,matmul-blocked64-s1,train,matmul,matmul-blocked64,0.05,2,193427,24588,0
matmul_train,global,rec+freq+sd+wr+ref+aging+sfreq+idle+age+dirty+refaults+rdist,matmul-blocked64-s1,train,matmul,matmul-blocked64,0.05,2,324761,32779,0
matmul_train,matmul,rec,matmul-blocked64-s1,train,matmul,matmul-blocked64,0.1,2,98312,32779,0
matmul_train,matmul,freq,matmul-blocked64-s1,train,matmul,matmul-blocked64,0.1,2,436573,32610,0
matmul_train,matmul,sd,matmul-blocked64-s1,train,matmul,matmul-blocked64,0.1,2,98312,32779,0
matmul_train,matmul,wr,matmul-blocked64-s1,train,matmul,matmul-blocked64,0.1,2,65548,32779,0
matmul_train,matmul,rec+freq,matmul-blocked64-s1,train,matmul,matmul-blocked64,0.1,2,87379,32779,0
matmul_train,matmul,rec+sd,matmul-blocked64-s1,train,matmul,matmul-blocked64,0.1,2,98312,32779,0
matmul_train,matmul,rec+wr,matmul-blocked64-s1,train,matmul,matmul-blocked64,0.1,2,65800,32779,0
matmul_train,matmul,freq+sd,matmul-blocked64-s1,train,matmul,matmul-blocked64,0.1,2,98313,32779,0
matmul_train,matmul,freq+wr,matmul-blocked64-s1,train,matmul,matmul-blocked64,0.1,2,434185,32779,0
matmul_train,matmul,sd+wr,matmul-blocked64-s1,train,matmul,matmul-blocked64,0.1,2,96836,32779,0
matmul_train,matmul,rec+freq+sd,matmul-blocked64-s1,train,matmul,matmul-blocked64,0.1,2,98311,32779,0
matmul_train,matmul,rec+freq+wr,matmul-blocked64-s1,train,matmul,matmul-blocked64,0.1,2,65800,32779,0
matmul_train,matmul,rec+sd+wr,matmul-blocked64-s1,train,matmul,matmul-blocked64,0.1,2,95788,32779,0
matmul_train,matmul,freq+sd+wr,matmul-blocked64-s1,train,matmul,matmul-blocked64,0.1,2,97074,32779,0
matmul_train,matmul,rec+freq+sd+wr,matmul-blocked64-s1,train,matmul,matmul-blocked64,0.1,2,96168,32779,0
matmul_train,matmul,ref,matmul-blocked64-s1,train,matmul,matmul-blocked64,0.1,2,98312,32779,0
matmul_train,matmul,aging,matmul-blocked64-s1,train,matmul,matmul-blocked64,0.1,2,98312,32779,0
matmul_train,matmul,sfreq,matmul-blocked64-s1,train,matmul,matmul-blocked64,0.1,2,434185,32778,0
matmul_train,matmul,idle,matmul-blocked64-s1,train,matmul,matmul-blocked64,0.1,2,98312,32779,0
matmul_train,matmul,age,matmul-blocked64-s1,train,matmul,matmul-blocked64,0.1,2,491561,21215,1
matmul_train,matmul,dirty,matmul-blocked64-s1,train,matmul,matmul-blocked64,0.1,2,65548,32779,0
matmul_train,matmul,refaults,matmul-blocked64-s1,train,matmul,matmul-blocked64,0.1,2,151954,32778,0
matmul_train,matmul,rdist,matmul-blocked64-s1,train,matmul,matmul-blocked64,0.1,2,151954,32778,0
matmul_train,matmul,ref+aging,matmul-blocked64-s1,train,matmul,matmul-blocked64,0.1,2,98312,32779,0
matmul_train,matmul,ref+sfreq,matmul-blocked64-s1,train,matmul,matmul-blocked64,0.1,2,434185,32778,0
matmul_train,matmul,ref+idle,matmul-blocked64-s1,train,matmul,matmul-blocked64,0.1,2,98312,32779,0
matmul_train,matmul,ref+age,matmul-blocked64-s1,train,matmul,matmul-blocked64,0.1,2,434185,32778,0
matmul_train,matmul,ref+dirty,matmul-blocked64-s1,train,matmul,matmul-blocked64,0.1,2,65548,32779,0
matmul_train,matmul,ref+refaults,matmul-blocked64-s1,train,matmul,matmul-blocked64,0.1,2,73739,32778,0
matmul_train,matmul,ref+rdist,matmul-blocked64-s1,train,matmul,matmul-blocked64,0.1,2,151954,32778,0
matmul_train,matmul,aging+sfreq,matmul-blocked64-s1,train,matmul,matmul-blocked64,0.1,2,434185,32778,0
matmul_train,matmul,aging+idle,matmul-blocked64-s1,train,matmul,matmul-blocked64,0.1,2,98312,32779,0
matmul_train,matmul,aging+age,matmul-blocked64-s1,train,matmul,matmul-blocked64,0.1,2,434185,32778,0
matmul_train,matmul,aging+dirty,matmul-blocked64-s1,train,matmul,matmul-blocked64,0.1,2,98312,32779,0
matmul_train,matmul,aging+refaults,matmul-blocked64-s1,train,matmul,matmul-blocked64,0.1,2,73739,32778,0
matmul_train,matmul,aging+rdist,matmul-blocked64-s1,train,matmul,matmul-blocked64,0.1,2,73259,32778,0
matmul_train,matmul,sfreq+idle,matmul-blocked64-s1,train,matmul,matmul-blocked64,0.1,2,65560,32779,0
matmul_train,matmul,sfreq+age,matmul-blocked64-s1,train,matmul,matmul-blocked64,0.1,2,434185,32778,0
matmul_train,matmul,sfreq+dirty,matmul-blocked64-s1,train,matmul,matmul-blocked64,0.1,2,434185,32778,0
matmul_train,matmul,sfreq+refaults,matmul-blocked64-s1,train,matmul,matmul-blocked64,0.1,2,434187,32779,0
matmul_train,matmul,sfreq+rdist,matmul-blocked64-s1,train,matmul,matmul-blocked64,0.1,2,434185,32778,0
matmul_train,matmul,idle+age,matmul-blocked64-s1,train,matmul,matmul-blocked64,0.1,2,65560,32779,0
matmul_train,matmul,idle+dirty,matmul-blocked64-s1,train,matmul,matmul-blocked64,0.1,2,98312,32779,0
matmul_train,matmul,idle+refaults,matmul-blocked64-s1,train,matmul,matmul-blocked64,0.1,2,73739,32778,0
matmul_train,matmul,idle+rdist,matmul-blocked64-s1,train,matmul,matmul-blocked64,0.1,2,73265,32778,0
matmul_train,matmul,age+dirty,matmul-blocked64-s1,train,matmul,matmul-blocked64,0.1,2,434198,32779,0
matmul_train,matmul,age+refaults,matmul-blocked64-s1,train,matmul,matmul-blocked64,0.1,2,491561,21215,1
matmul_train,matmul,age+rdist,matmul-blocked64-s1,train,matmul,matmul-blocked64,0.1,2,491561,21215,1
matmul_train,matmul,dirty+refaults,matmul-blocked64-s1,train,matmul,matmul-blocked64,0.1,2,151954,32778,0
matmul_train,matmul,dirty+rdist,matmul-blocked64-s1,train,matmul,matmul-blocked64,0.1,2,151954,32778,0
matmul_train,matmul,refaults+rdist,matmul-blocked64-s1,train,matmul,matmul-blocked64,0.1,2,151954,32778,0
matmul_train,matmul,ref+aging+sfreq,matmul-blocked64-s1,train,matmul,matmul-blocked64,0.1,2,65548,32778,0
matmul_train,matmul,ref+aging+idle,matmul-blocked64-s1,train,matmul,matmul-blocked64,0.1,2,98312,32779,0
matmul_train,matmul,ref+aging+age,matmul-blocked64-s1,train,matmul,matmul-blocked64,0.1,2,65548,32778,0
matmul_train,matmul,ref+aging+dirty,matmul-blocked64-s1,train,matmul,matmul-blocked64,0.1,2,65548,32779,0
matmul_train,matmul,ref+aging+refaults,matmul-blocked64-s1,train,matmul,matmul-blocked64,0.1,2,73739,32778,0
matmul_train,matmul,ref+aging+rdist,matmul-blocked64-s1,train,matmul,matmul-blocked64,0.1,2,73259,32778,0
matmul_train,matmul,ref+sfreq+idle,matmul-blocked64-s1,train,matmul,matmul-blocked64,0.1,2,65554,32779,0
matmul_train,matmul,ref+sfreq+age,matmul-blocked64-s1,train,matmul,matmul-blocked64,0.1,2,434185,32778,0
matmul_train,matmul,ref+sfreq+dirty,matmul-blocked64-s1,train,matmul,matmul-blocked64,0.1,2,434185,32778,0
matmul_train,matmul,ref+sfreq+refaults,matmul-blocked64-s1,train,matmul,matmul-blocked64,0.1,2,434185,32778,0
matmul_train,matmul,ref+sfreq+rdist,matmul-blocked64-s1,train,matmul,matmul-blocked64,0.1,2,434185,32778,0
matmul_train,matmul,ref+idle+age,matmul-blocked64-s1,train,matmul,matmul-blocked64,0.1,2,65548,32778,0
matmul_train,matmul,ref+idle+dirty,matmul-blocked64-s1,train,matmul,matmul-blocked64,0.1,2,65548,32779,0
matmul_train,matmul,ref+idle+refaults,matmul-blocked64-s1,train,matmul,matmul-blocked64,0.1,2,73739,32778,0
matmul_train,matmul,ref+idle+rdist,matmul-blocked64-s1,train,matmul,matmul-blocked64,0.1,2,73259,32778,0
matmul_train,matmul,ref+age+dirty,matmul-blocked64-s1,train,matmul,matmul-blocked64,0.1,2,434185,32778,0
matmul_train,matmul,ref+age+refaults,matmul-blocked64-s1,train,matmul,matmul-blocked64,0.1,2,434185,32778,0
matmul_train,matmul,ref+age+rdist,matmul-blocked64-s1,train,matmul,matmul-blocked64,0.1,2,434185,32778,0
matmul_train,matmul,ref+dirty+refaults,matmul-blocked64-s1,train,matmul,matmul-blocked64,0.1,2,65611,32778,0
matmul_train,matmul,ref+dirty+rdist,matmul-blocked64-s1,train,matmul,matmul-blocked64,0.1,2,151954,32778,0
matmul_train,matmul,ref+refaults+rdist,matmul-blocked64-s1,train,matmul,matmul-blocked64,0.1,2,151954,32778,0
matmul_train,matmul,aging+sfreq+idle,matmul-blocked64-s1,train,matmul,matmul-blocked64,0.1,2,434185,32778,0
matmul_train,matmul,aging+sfreq+age,matmul-blocked64-s1,train,matmul,matmul-blocked64,0.1,2,65548,32778,0
matmul_train,matmul,aging+sfreq+dirty,matmul-blocked64-s1,train,matmul,matmul-blocked64,0.1,2,434185,32778,0
matmul_train,matmul,aging+sfreq+refaults,matmul-blocked64-s1,train,matmul,matmul-blocked64,0.1,2,434185,32778,0
matmul_train,matmul,aging+sfreq+rdist,matmul-blocked64-s1,train,matmul,matmul-blocked64,0.1,2,434185,32778,0
matmul_train,matmul,aging+idle+age,matmul-blocked64-s1,train,matmul,matmul-blocked64,0.1,2,434185,32778,0
matmul_train,matmul,aging+idle+dirty,matmul-blocked64-s1,train,matmul,matmul-blocked64,0.1,2,65800,32779,0
matmul_train,matmul,aging+idle+refaults,matmul-blocked64-s1,train,matmul,matmul-blocked64,0.1,2,73739,32778,0
matmul_train,matmul,aging+idle+rdist,matmul-blocked64-s1,train,matmul,matmul-blocked64,0.1,2,73259,32778,0
matmul_train,matmul,aging+age+dirty,matmul-blocked64-s1,train,matmul,matmul-blocked64,0.1,2,434185,32778,0
matmul_train,matmul,aging+age+refaults,matmul-blocked64-s1,train,matmul,matmul-blocked64,0.1,2,434185,32778,0
matmul_train,matmul,aging+age+rdist,matmul-blocked64-s1,train,matmul,matmul-blocked64,0.1,2,434185,32778,0
matmul_train,matmul,aging+dirty+refaults,matmul-blocked64-s1,train,matmul,matmul-blocked64,0.1,2,65550,32778,0
matmul_train,matmul,aging+dirty+rdist,matmul-blocked64-s1,train,matmul,matmul-blocked64,0.1,2,151954,32778,0
matmul_train,matmul,aging+refaults+rdist,matmul-blocked64-s1,train,matmul,matmul-blocked64,0.1,2,73236,32778,0
matmul_train,matmul,sfreq+idle+age,matmul-blocked64-s1,train,matmul,matmul-blocked64,0.1,2,65548,32778,0
matmul_train,matmul,sfreq+idle+dirty,matmul-blocked64-s1,train,matmul,matmul-blocked64,0.1,2,65566,32779,0
matmul_train,matmul,sfreq+idle+refaults,matmul-blocked64-s1,train,matmul,matmul-blocked64,0.1,2,68986,32779,0
matmul_train,matmul,sfreq+idle+rdist,matmul-blocked64-s1,train,matmul,matmul-blocked64,0.1,2,65628,32779,0
matmul_train,matmul,sfreq+age+dirty,matmul-blocked64-s1,train,matmul,matmul-blocked64,0.1,2,434185,32778,0
matmul_train,matmul,sfreq+age+refaults,matmul-blocked64-s1,train,matmul,matmul-blocked64,0.1,2,434185,32778,0
matmul_train,matmul,sfreq+age+rdist,matmul-blocked64-s1,train,matmul,matmul-blocked64,0.1,2,434185,32778,0
matmul_train,matmul,sfreq+dirty+refaults,matmul-blocked64-s1,train,matmul,matmul-blocked64,0.1,2,434187,32779,0
matmul_train,matmul,sfreq+dirty+rdist,matmul-blocked64-s1,train,matmul,matmul-blocked64,0.1,2,434185,32778,0
matmul_train,matmul,sfreq+refaults+rdist,matmul-blocked64-s1,train,matmul,matmul-blocked64,0.1,2,434185,32778,0
matmul_train,matmul,idle+age+dirty,matmul-blocked64-s1,train,matmul,matmul-blocked64,0.1,2,65560,32779,0
matmul_train,matmul,idle+age+refaults,matmul-blocked64-s1,train,matmul,matmul-blocked64,0.1,2,67385,32779,0
matmul_train,matmul,idle+age+rdist,matmul-blocked64-s1,train,matmul,matmul-blocked64,0.1,2,65594,32779,0
matmul_train,matmul,idle+dirty+refaults,matmul-blocked64-s1,train,matmul,matmul-blocked64,0.1,2,65611,32778,0
matmul_train,matmul,idle+dirty+rdist,matmul-blocked64-s1,train,matmul,matmul-blocked64,0.1,2,65615,32778,0
matmul_train,matmul,idle+refaults+rdist,matmul-blocked64-s1,train,matmul,matmul-blocked64,0.1,2,73236,32778,0
matmul_train,matmul,age+dirty+refaults,matmul-blocked64-s1,train,matmul,matmul-blocked64,0.1,2,434198,32779,0
matmul_train,matmul,age+dirty+rdist,matmul-blocked64-s1,train,matmul,matmul-blocked64,0.1,2,434185,32778,0
matmul_train,matmul,age+refaults+rdist,matmul-blocked64-s1,train,matmul,matmul-blocked64,0.1,2,491561,21215,1
matmul_train,matmul,dirty+refaults+rdist,matmul-blocked64-s1,train,matmul,matmul-blocked64,0.1,2,151954,32778,0
matmul_train,matmul,ref+aging+sfreq+idle,matmul-blocked64-s1,train,matmul,matmul-blocked64,0.1,2,434185,32778,0
matmul_train,matmul,ref+aging+sfreq+age,matmul-blocked64-s1,train,matmul,matmul-blocked64,0.1,2,65548,32778,0
matmul_train,matmul,ref+aging+sfreq+dirty,matmul-blocked64-s1,train,matmul,matmul-blocked64,0.1,2,65548,32778,0
matmul_train,matmul,ref+aging+sfreq+refaults,matmul-blocked64-s1,train,matmul,matmul-blocked64,0.1,2,68801,32779,0
matmul_train,matmul,ref+aging+sfreq+rdist,matmul-blocked64-s1,train,matmul,matmul-blocked64,0.1,2,434185,32778,0
matmul_train,matmul,ref+aging+idle+age,matmul-blocked64-s1,train,matmul,matmul-blocked64,0.1,2,434185,32778,0
matmul_train,matmul,ref+aging+idle+dirty,matmul-blocked64-s1,train,matmul,matmul-blocked64,0.1,2,65548,32779,0
matmul_train,matmul,ref+aging+idle+refaults,matmul-blocked64-s1,train,matmul,matmul-blocked64,0.1,2,73739,32778,0
matmul_train,matmul,ref+aging+idle+rdist,matmul-blocked64-s1,train,matmul,matmul-blocked64,0.1,2,73761,32778,0
matmul_train,matmul,ref+aging+age+dirty,matmul-blocked64-s1,train,matmul,matmul-blocked64,0.1,2,65548,32778,0
matmul_train,matmul,ref+aging+age+refaults,matmul-blocked64-s1,train,matmul,matmul-blocked64,0.1,2,67357,32779,0
matmul_train,matmul,ref+aging+age+rdist,matmul-blocked64-s1,train,matmul,matmul-blocked64,0.1,2,434185,32778,0
matmul_train,matmul,ref+aging+dirty+refaults,matmul-blocked64-s1,train,matmul,matmul-blocked64,0.1,2,65548,32778,0
matmul_train,matmul,ref+aging+dirty+rdist,matmul-blocked64-s1,train,matmul,matmul-blocked64,0.1,2,65611,32778,0
matmul_train,matmul,ref+aging+refaults+rdist,matmul-blocked64-s1,train,matmul,matmul-blocked64,0.1,2,73235,32778,0
matmul_train,matmul,ref+sfreq+idle+age,matmul-blocked64-s1,train,matmul,matmul-blocked64,0.1,2,65548,32778,0
matmul_train,matmul,ref+sfreq+idle+dirty,matmul-blocked64-s1,train,matmul,matmul-blocked64,0.1,2,65548,32778,0
matmul_train,matmul,ref+sfreq+idle+refaults,matmul-blocked64-s1,train,matmul,matmul-blocked64,0.1,2,68802,32779,0
matmul_train,matmul,ref+sfreq+idle+rdist,matmul-blocked64-s1,train,matmul,matmul-blocked64,0.1,2,65568,32779,0
matmul_train,matmul,ref+sfreq+age+dirty,matmul-blocked64-s1,train,matmul,matmul-blocked64,0.1,2,434185,32778,0
matmul_train,matmul,ref+sfreq+age+refaults,matmul-blocked64-s1,train,matmul,matmul-blocked64,0.1,2,434185,32778,0
matmul_train,matmul,ref+sfreq+age+rdist,matmul-blocked64-s1,train,matmul,matmul-blocked64,0.1,2,491561,24587,1
matmul_train,matmul,ref+sfreq+dirty+refaults,matmul-blocked64-s1,train,matmul,matmul-blocked64,0.1,2,434185,32778,0
matmul_train,matmul,ref+sfreq+dirty+rdist,matmul-blocked64-s1,train,matmul,matmul-blocked64,0.1,2,434185,32778,0
matmul_train,matmul,ref+sfreq+refaults+rdist,matmul-blocked64-s1,train,matmul,matmul-blocked64,0.1,2,434185,32778,0
matmul_train,matmul,ref+idle+age+dirty,matmul-blocked64-s1,train,matmul,matmul-blocked64,0.1,2,65548,32778,0
matmul_train,matmul,ref+idle+age+refaults,matmul-blocked64-s1,train,matmul,matmul-blocked64,0.1,2,67007,32779,0
matmul_train,matmul,ref+idle+age+rdist,matmul-blocked64-s1,train,matmul,matmul-blocked64,0.1,2,65564,32779,0
matmul_train,matmul,ref+idle+dirty+refaults,matmul-blocked64-s1,train,matmul,matmul-blocked64,0.1,2,65611,32778,0
matmul_train,matmul,ref+idle+dirty+rdist,matmul-blocked64-s1,train,matmul,matmul-blocked64,0.1,2,65615,32778,0
matmul_train,matmul,ref+idle+refaults+rdist,matmul-blocked64-s1,train,matmul,matmul-blocked64,0.1,2,73235,32778,0
matmul_train,matmul,ref+age+dirty+refaults,matmul-blocked64-s1,train,matmul,matmul-blocked64,0.1,2,434185,32778,0
matmul_train,matmul,ref+age+dirty+rdist,matmul-blocked64-s1,train,matmul,matmul-blocked64,0.1,2,434185,32778,0
matmul_train,matmul,ref+age+refaults+rdist,matmul-blocked64-s1,train,matmul,matmul-blocked64,0.1,2,434185,32778,0
matmul_train,matmul,ref+dirty+refaults+rdist,matmul-blocked64-s1,train,matmul,matmul-blocked64,0.1,2,151954,32778,0
matmul_train,matmul,aging+sfreq+idle+age,matmul-blocked64-s1,train,matmul,matmul-blocked64,0.1,2,65548,32778,0
matmul_train,matmul,aging+sfreq+idle+dirty,matmul-blocked64-s1,train,matmul,matmul-blocked64,0.1,2,65566,32779,0
matmul_train,matmul,aging+sfreq+idle+refaults,matmul-blocked64-s1,train,matmul,matmul-blocked64,0.1,2,313001,32779,0
matmul_train,matmul,aging+sfreq+idle+rdist,matmul-blocked64-s1,train,matmul,matmul-blocked64,0.1,2,434185,32778,0
matmul_train,matmul,aging+sfreq+age+dirty,matmul-blocked64-s1,train,matmul,matmul-blocked64,0.1,2,65548,32778,0
matmul_train,matmul,aging+sfreq+age+refaults,matmul-blocked64-s1,train,matmul,matmul-blocked64,0.1,2,65566,32779,0
matmul_train,matmul,aging+sfreq+age+rdist,matmul-blocked64-s1,train,matmul,matmul-blocked64,0.1,2,65548,32778,0
matmul_train,matmul,aging+sfreq+dirty+refaults,matmul-blocked64-s1,train,matmul,matmul-blocked64,0.1,2,434185,32778,0
matmul_train,matmul,aging+sfreq+dirty+rdist,matmul-blocked64-s1,train,matmul,matmul-blocked64,0.1,2,434185,32778,0
matmul_train,matmul,aging+sfreq+refaults+rdist,matmul-blocked64-s1,train,matmul,matmul-blocked64,0.1,2,434185,32778,0
matmul_train,matmul,aging+idle+age+dirty,matmul-blocked64-s1,train,matmul,matmul-blocked64,0.1,2,65560,32779,0
matmul_train,matmul,aging+idle+age+refaults,matmul-blocked64-s1,train,matmul,matmul-blocked64,0.1,2,67419,32779,0
matmul_train,matmul,aging+idle+age+rdist,matmul-blocked64-s1,train,matmul,matmul-blocked64,0.1,2,434185,32778,0
matmul_train,matmul,aging+idle+dirty+refaults,matmul-blocked64-s1,train,matmul,matmul-blocked64,0.1,2,65611,32778,0
matmul_train,matmul,aging+idle+dirty+rdist,matmul-blocked64-s1,train,matmul,matmul-blocked64,0.1,2,65616,32778,0
matmul_train,matmul,aging+idle+refaults+rdist,matmul-blocked64-s1,train,matmul,matmul-blocked64,0.1,2,151954,32778,0
matmul_train,matmul,aging+age+dirty+refaults,matmul-blocked64-s1,train,matmul,matmul-blocked64,0.1,2,434185,32778,0
matmul_train,matmul,aging+age+dirty+rdist,matmul-blocked64-s1,train,matmul,matmul-blocked64,0.1,2,434185,32778,0
matmul_train,matmul,aging+age+refaults+rdist,matmul-blocked64-s1,train,matmul,matmul-blocked64,0.1,2,434185,32778,0
matmul_train,matmul,aging+dirty+refaults+rdist,matmul-blocked64-s1,train,matmul,matmul-blocked64,0.1,2,151954,32778,0
matmul_train,matmul,sfreq+idle+age+dirty,matmul-blocked64-s1,train,matmul,matmul-blocked64,0.1,2,65548,32778,0
matmul_train,matmul,sfreq+idle+age+refaults,matmul-blocked64-s1,train,matmul,matmul-blocked64,0.1,2,65576,32779,0
matmul_train,matmul,sfreq+idle+age+rdist,matmul-blocked64-s1,train,matmul,matmul-blocked64,0.1,2,65548,32778,0
matmul_train,matmul,sfreq+idle+dirty+refaults,matmul-blocked64-s1,train,matmul,matmul-blocked64,0.1,2,65880,32779,0
matmul_train,matmul,sfreq+idle+dirty+rdist,matmul-blocked64-s1,train,matmul,matmul-blocked64,0.1,2,65732,32779,0
matmul_train,matmul,sfreq+idle+refaults+rdist,matmul-blocked64-s1,train,matmul,matmul-blocked64,0.1,2,66372,32779,0
matmul_train,matmul,sfreq+age+dirty+refaults,matmul-blocked64-s1,train,matmul,matmul-blocked64,0.1,2,434185,32778,0
matmul_train,matmul,sfreq+age+dirty+rdist,matmul-blocked64-s1,train,matmul,matmul-blocked64,0.1,2,434185,32778,0
matmul_train,matmul,sfreq+age+refaults+rdist,matmul-blocked64-s1,train,matmul,matmul-blocked64,0.1,2,434185,32778,0
matmul_train,matmul,sfreq+dirty+refaults+rdist,matmul-blocked64-s1,train,matmul,matmul-blocked64,0.1,2,434185,32778,0
matmul_train,matmul,idle+age+dirty+refaults,matmul-blocked64-s1,train,matmul,matmul-blocked64,0.1,2,65834,32779,0
matmul_train,matmul,idle+age+dirty+rdist,matmul-blocked64-s1,train,matmul,matmul-blocked64,0.1,2,65636,32779,0
matmul_train,matmul,idle+age+refaults+rdist,matmul-blocked64-s1,train,matmul,matmul-blocked64,0.1,2,65992,32779,0
matmul_train,matmul,idle+dirty+refaults+rdist,matmul-blocked64-s1,train,matmul,matmul-blocked64,0.1,2,65619,32778,0
matmul_train,matmul,age+dirty+refaults+rdist,matmul-blocked64-s1,train,matmul,matmul-blocked64,0.1,2,434185,32778,0
matmul_train,matmul,ref+aging+sfreq+idle+age,matmul-blocked64-s1,train,matmul,matmul-blocked64,0.1,2,65548,32778,0
matmul_train,matmul,ref+aging+sfreq+idle+dirty,matmul-blocked64-s1,train,matmul,matmul-blocked64,0.1,2,65548,32778,0
matmul_train,matmul,ref+aging+sfreq+idle+refaults,matmul-blocked64-s1,train,matmul,matmul-blocked64,0.1,2,311770,32779,0
matmul_train,matmul,ref+aging+sfreq+idle+rdist,matmul-blocked64-s1,train,matmul,matmul-blocked64,0.1,2,434185,32778,0
matmul_train,matmul,ref+aging+sfreq+age+dirty,matmul-blocked64-s1,train,matmul,matmul-blocked64,0.1,2,65552,32779,0
matmul_train,matmul,ref+aging+sfreq+age+refaults,matmul-blocked64-s1,train,matmul,matmul-blocked64,0.1,2,65556,32779,0
matmul_train,matmul,ref+aging+sfreq+age+rdist,matmul-blocked64-s1,train,matmul,matmul-blocked64,0.1,2,65548,32778,0
matmul_train,matmul,ref+aging+sfreq+dirty+refaults,matmul-blocked64-s1,train,matmul,matmul-blocked64,0.1,2,65551,32779,0
matmul_train,matmul,ref+aging+sfreq+dirty+rdist,matmul-blocked64-s1,train,matmul,matmul-blocked64,0.1,2,311306,32778,0
matmul_train,matmul,ref+aging+sfreq+refaults+rdist,matmul-blocked64-s1,train,matmul,matmul-blocked64,0.1,2,434185,32778,0
matmul_train,matmul,ref+aging+idle+age+dirty,matmul-blocked64-s1,train,matmul,matmul-blocked64,0.1,2,65548,32778,0
matmul_train,matmul,ref+aging+idle+age+refaults,matmul-blocked64-s1,train,matmul,matmul-blocked64,0.1,2,311571,32779,0
matmul_train,matmul,ref+aging+idle+age+rdist,matmul-blocked64-s1,train,matmul,matmul-blocked64,0.1,2,434185,32778,0
matmul_train,matmul,ref+aging+idle+dirty+refaults,matmul-blocked64-s1,train,matmul,matmul-blocked64,0.1,2,65548,32778,0
matmul_train,matmul,ref+aging+idle+dirty+rdist,matmul-blocked64-s1,train,matmul,matmul-blocked64,0.1,2,65611,32778,0
matmul_train,matmul,ref+aging+idle+refaults+rdist,matmul-blocked64-s1,train,matmul,matmul-blocked64,0.1,2,73667,32778,0
matmul_train,matmul,ref+aging+age+dirty+refaults,matmul-blocked64-s1,train,matmul,matmul-blocked64,0.1,2,65551,32779,0
matmul_train,matmul,ref+aging+age+dirty+rdist,matmul-blocked64-s1,train,matmul,matmul-blocked64,0.1,2,434185,32778,0
matmul_train,matmul,ref+aging+age+refaults+rdist,matmul-blocked64-s1,train,matmul,matmul-blocked64,0.1,2,434185,32778,0
matmul_train,matmul,ref+aging+dirty+refaults+rdist,matmul-blocked64-s1,train,matmul,matmul-blocked64,0.1,2,65615,32778,0
matmul_train,matmul,ref+sfreq+idle+age+dirty,matmul-blocked64-s1,train,matmul,matmul-blocked64,0.1,2,65548,32778,0
matmul_train,matmul,ref+sfreq+idle+age+refaults,matmul-blocked64-s1,train,matmul,matmul-blocked64,0.1,2,65626,32779,0
matmul_train,matmul,ref+sfreq+idle+age+rdist,matmul-blocked64-s1,train,matmul,matmul-blocked64,0.1,2,65548,32778,0
matmul_train,matmul,ref+sfreq+idle+dirty+refaults,matmul-blocked64-s1,train,matmul,matmul-blocked64,0.1,2,65572,32779,0
matmul_train,matmul,ref+sfreq+idle+dirty+rdist,matmul-blocked64-s1,train,matmul,matmul-blocked64,0.1,2,65560,32779,0
matmul_train,matmul,ref+sfreq+idle+refaults+rdist,matmul-blocked64-s1,train,matmul,matmul-blocked64,0.1,2,66334,32779,0
matmul_train,matmul,ref+sfreq+age+dirty+refaults,matmul-blocked64-s1,train,matmul,matmul-blocked64,0.1,2,434185,32778,0
matmul_train,matmul,ref+sfreq+age+dirty+rdist,matmul-blocked64-s1,train,matmul,matmul-blocked64,0.1,2,434185,32778,0
matmul_train,matmul,ref+sfreq+age+refaults+rdist,matmul-blocked64-s1,train,matmul,matmul-blocked64,0.1,2,491561,24587,1
matmul_train,matmul,ref+sfreq+dirty+refaults+rdist,matmul-blocked64-s1,train,matmul,matmul-blocked64,0.1,2,434185,32778,0
matmul_train,matmul,ref+idle+age+dirty+refaults,matmul-blocked64-s1,train,matmul,matmul-blocked64,0.1,2,65578,32779,0
matmul_train,matmul,ref+idle+age+dirty+rdist,matmul-blocked64-s1,train,matmul,matmul-blocked64,0.1,2,65556,32779,0
matmul_train,matmul,ref+idle+age+refaults+rdist,matmul-blocked64-s1,train,matmul,matmul-blocked64,0.1,2,65973,32779,0
matmul_train,matmul,ref+idle+dirty+refaults+rdist,matmul-blocked64-s1,train,matmul,matmul-blocked64,0.1,2,65616,32778,0
matmul_train,matmul,ref+age+dirty+refaults+rdist,matmul-blocked64-s1,train,matmul,matmul-blocked64,0.1,2,434185,32778,0
matmul_train,matmul,aging+sfreq+idle+age+dirty,matmul-blocked64-s1,train,matmul,matmul-blocked64,0.1,2,65548,32778,0
matmul_train,matmul,aging+sfreq+idle+age+refaults,matmul-blocked64-s1,train,matmul,matmul-blocked64,0.1,2,65566,32779,0
matmul_train,matmul,aging+sfreq+idle+age+rdist,matmul-blocked64-s1,train,matmul,matmul-blocked64,0.1,2,65548,32778,0
matmul_train,matmul,aging+sfreq+idle+dirty+refaults,matmul-blocked64-s1,train,matmul,matmul-blocked64,0.1,2,65905,32779,0
matmul_train,matmul,aging+sfreq+idle+dirty+rdist,matmul-blocked64-s1,train,matmul,matmul-blocked64,0.1,2,65582,32779,0
matmul_train,matmul,aging+sfreq+idle+refaults+rdist,matmul-blocked64-s1,train,matmul,matmul-blocked64,0.1,2,162723,32779,0
matmul_train,matmul,aging+sfreq+age+dirty+refaults,matmul-blocked64-s1,train,matmul,matmul-blocked64,0.1,2,65624,32779,0
matmul_train,matmul,aging+sfreq+age+dirty+rdist,matmul-blocked64-s1,train,matmul,matmul-blocked64,0.1,2,65548,32778,0
matmul_train,matmul,aging+sfreq+age+refaults+rdist,matmul-blocked64-s1,train,matmul,matmul-blocked64,0.1,2,65548,32778,0
matmul_train,matmul,aging+sfreq+dirty+refaults+rdist,matmul-blocked64-s1,train,matmul,matmul-blocked64,0.1,2,434185,32778,0
matmul_train,matmul,aging+idle+age+dirty+refaults,matmul-blocked64-s1,train,matmul,matmul-blocked64,0.1,2,65844,32779,0
matmul_train,matmul,aging+idle+age+dirty+rdist,matmul-blocked64-s1,train,matmul,matmul-blocked64,0.1,2,65580,32779,0
matmul_train,matmul,aging+idle+age+refaults+rdist,matmul-blocked64-s1,train,matmul,matmul-blocked64,0.1,2,66422,32779,0
matmul_train,matmul,aging+idle+dirty+refaults+rdist,matmul-blocked64-s1,train,matmul,matmul-blocked64,0.1,2,65617,32778,0
matmul_train,matmul,aging+age+dirty+refaults+rdist,matmul-blocked64-s1,train,matmul,matmul-blocked64,0.1,2,434185,32778,0
matmul_train,matmul,sfreq+idle+age+dirty+refaults,matmul-blocked64-s1,train,matmul,matmul-blocked64,0.1,2,65732,32779,0
matmul_train,matmul,sfreq+idle+age+dirty+rdist,matmul-blocked64-s1,train,matmul,matmul-blocked64,0.1,2,65548,32778,0
matmul_train,matmul,sfreq+idle+age+refaults+rdist,matmul-blocked64-s1,train,matmul,matmul-blocked64,0.1,2,65548,32778,0
matmul_train,matmul,sfreq+idle+dirty+refaults+rdist,matmul-blocked64-s1,train,matmul,matmul-blocked64,0.1,2,65752,32779,0
matmul_train,matmul,sfreq+age+dirty+refaults+rdist,matmul-blocked64-s1,train,matmul,matmul-blocked64,0.1,2,434185,32778,0
matmul_train,matmul,idle+age+dirty+refaults+rdist,matmul-blocked64-s1,train,matmul,matmul-blocked64,0.1,2,65785,32779,0
matmul_train,matmul,ref+aging+sfreq+idle+age+dirty,matmul-blocked64-s1,train,matmul,matmul-blocked64,0.1,2,65548,32778,0
matmul_train,matmul,ref+aging+sfreq+idle+age+refaults,matmul-blocked64-s1,train,matmul,matmul-blocked64,0.1,2,65555,32779,0
matmul_train,matmul,ref+aging+sfreq+idle+age+rdist,matmul-blocked64-s1,train,matmul,matmul-blocked64,0.1,2,65548,32778,0
matmul_train,matmul,ref+aging+sfreq+idle+dirty+refaults,matmul-blocked64-s1,train,matmul,matmul-blocked64,0.1,2,65551,32779,0
matmul_train,matmul,ref+aging+sfreq+idle+dirty+rdist,matmul-blocked64-s1,train,matmul,matmul-blocked64,0.1,2,311306,32778,0
matmul_train,matmul,ref+aging+sfreq+idle+refaults+rdist,matmul-blocked64-s1,train,matmul,matmul-blocked64,0.1,2,434185,32778,0
matmul_train,matmul,ref+aging+sfreq+age+dirty+refaults,matmul-blocked64-s1,train,matmul,matmul-blocked64,0.1,2,65552,32779,0
matmul_train,matmul,ref+aging+sfreq+age+dirty+rdist,matmul-blocked64-s1,train,matmul,matmul-blocked64,0.1,2,65548,32778,0
matmul_train,matmul,ref+aging+sfreq+age+refaults+rdist,matmul-blocked64-s1,train,matmul,matmul-blocked64,0.1,2,65548,32778,0
matmul_train,matmul,ref+aging+sfreq+dirty+refaults+rdist,matmul-blocked64-s1,train,matmul,matmul-blocked64,0.1,2,434185,32778,0
matmul_train,matmul,ref+aging+idle+age+dirty+refaults,matmul-blocked64-s1,train,matmul,matmul-blocked64,0.1,2,65551,32779,0
matmul_train,matmul,ref+aging+idle+age+dirty+rdist,matmul-blocked64-s1,train,matmul,matmul-blocked64,0.1,2,434185,32778,0
matmul_train,matmul,ref+aging+idle+age+refaults+rdist,matmul-blocked64-s1,train,matmul,matmul-blocked64,0.1,2,434185,32778,0
matmul_train,matmul,ref+aging+idle+dirty+refaults+rdist,matmul-blocked64-s1,train,matmul,matmul-blocked64,0.1,2,65615,32778,0
matmul_train,matmul,ref+aging+age+dirty+refaults+rdist,matmul-blocked64-s1,train,matmul,matmul-blocked64,0.1,2,434185,32778,0
matmul_train,matmul,ref+sfreq+idle+age+dirty+refaults,matmul-blocked64-s1,train,matmul,matmul-blocked64,0.1,2,65633,32779,0
matmul_train,matmul,ref+sfreq+idle+age+dirty+rdist,matmul-blocked64-s1,train,matmul,matmul-blocked64,0.1,2,65548,32778,0
matmul_train,matmul,ref+sfreq+idle+age+refaults+rdist,matmul-blocked64-s1,train,matmul,matmul-blocked64,0.1,2,65548,32778,0
matmul_train,matmul,ref+sfreq+idle+dirty+refaults+rdist,matmul-blocked64-s1,train,matmul,matmul-blocked64,0.1,2,65603,32779,0
matmul_train,matmul,ref+sfreq+age+dirty+refaults+rdist,matmul-blocked64-s1,train,matmul,matmul-blocked64,0.1,2,434185,32778,0
matmul_train,matmul,ref+idle+age+dirty+refaults+rdist,matmul-blocked64-s1,train,matmul,matmul-blocked64,0.1,2,65584,32779,0
matmul_train,matmul,aging+sfreq+idle+age+dirty+refaults,matmul-blocked64-s1,train,matmul,matmul-blocked64,0.1,2,65666,32779,0
matmul_train,matmul,aging+sfreq+idle+age+dirty+rdist,matmul-blocked64-s1,train,matmul,matmul-blocked64,0.1,2,65548,32778,0
matmul_train,matmul,aging+sfreq+idle+age+refaults+rdist,matmul-blocked64-s1,train,matmul,matmul-blocked64,0.1,2,65548,32778,0
matmul_train,matmul,aging+sfreq+idle+dirty+refaults+rdist,matmul-blocked64-s1,train,matmul,matmul-blocked64,0.1,2,65642,32779,0
matmul_train,matmul,aging+sfreq+age+dirty+refaults+rdist,matmul-blocked64-s1,train,matmul,matmul-blocked64,0.1,2,65548,32778,0
matmul_train,matmul,aging+idle+age+dirty+refaults+rdist,matmul-blocked64-s1,train,matmul,matmul-blocked64,0.1,2,65612,32779,0
matmul_train,matmul,sfreq+idle+age+dirty+refaults+rdist,matmul-blocked64-s1,train,matmul,matmul-blocked64,0.1,2,65548,32778,0
matmul_train,matmul,ref+aging+sfreq+idle+age+dirty+refaults,matmul-blocked64-s1,train,matmul,matmul-blocked64,0.1,2,65551,32779,0
matmul_train,matmul,ref+aging+sfreq+idle+age+dirty+rdist,matmul-blocked64-s1,train,matmul,matmul-blocked64,0.1,2,65548,32778,0
matmul_train,matmul,ref+aging+sfreq+idle+age+refaults+rdist,matmul-blocked64-s1,train,matmul,matmul-blocked64,0.1,2,65548,32778,0
matmul_train,matmul,ref+aging+sfreq+idle+dirty+refaults+rdist,matmul-blocked64-s1,train,matmul,matmul-blocked64,0.1,2,65632,32779,0
matmul_train,matmul,ref+aging+sfreq+age+dirty+refaults+rdist,matmul-blocked64-s1,train,matmul,matmul-blocked64,0.1,2,65548,32778,0
matmul_train,matmul,ref+aging+idle+age+dirty+refaults+rdist,matmul-blocked64-s1,train,matmul,matmul-blocked64,0.1,2,65591,32779,0
matmul_train,matmul,ref+sfreq+idle+age+dirty+refaults+rdist,matmul-blocked64-s1,train,matmul,matmul-blocked64,0.1,2,65548,32778,0
matmul_train,matmul,aging+sfreq+idle+age+dirty+refaults+rdist,matmul-blocked64-s1,train,matmul,matmul-blocked64,0.1,2,65548,32778,0
matmul_train,matmul,ref+aging+sfreq+idle+age+dirty+refaults+rdist,matmul-blocked64-s1,train,matmul,matmul-blocked64,0.1,2,65548,32778,0
matmul_train,matmul,rec+ref+aging+sfreq+idle+age+dirty,matmul-blocked64-s1,train,matmul,matmul-blocked64,0.1,2,491561,21216,1
matmul_train,matmul,rec+ref+aging+sfreq+idle+age+dirty+refaults+rdist,matmul-blocked64-s1,train,matmul,matmul-blocked64,0.1,2,65548,32778,0
matmul_train,matmul,freq+ref+aging+sfreq+idle+age+dirty,matmul-blocked64-s1,train,matmul,matmul-blocked64,0.1,2,65580,32778,0
matmul_train,matmul,freq+ref+aging+sfreq+idle+age+dirty+refaults+rdist,matmul-blocked64-s1,train,matmul,matmul-blocked64,0.1,2,65548,32778,0
matmul_train,matmul,sd+ref+aging+sfreq+idle+age+dirty,matmul-blocked64-s1,train,matmul,matmul-blocked64,0.1,2,65800,32779,0
matmul_train,matmul,sd+ref+aging+sfreq+idle+age+dirty+refaults+rdist,matmul-blocked64-s1,train,matmul,matmul-blocked64,0.1,2,65552,32778,0
matmul_train,matmul,wr+ref+aging+sfreq+idle+age+dirty,matmul-blocked64-s1,train,matmul,matmul-blocked64,0.1,2,65548,32778,0
matmul_train,matmul,wr+ref+aging+sfreq+idle+age+dirty+refaults+rdist,matmul-blocked64-s1,train,matmul,matmul-blocked64,0.1,2,65548,32778,0
matmul_train,matmul,rec+freq+ref+aging+sfreq+idle+age+dirty,matmul-blocked64-s1,train,matmul,matmul-blocked64,0.1,2,491561,21216,1
matmul_train,matmul,rec+freq+ref+aging+sfreq+idle+age+dirty+refaults+rdist,matmul-blocked64-s1,train,matmul,matmul-blocked64,0.1,2,65548,32778,0
matmul_train,matmul,rec+sd+ref+aging+sfreq+idle+age+dirty,matmul-blocked64-s1,train,matmul,matmul-blocked64,0.1,2,65804,32779,0
matmul_train,matmul,rec+sd+ref+aging+sfreq+idle+age+dirty+refaults+rdist,matmul-blocked64-s1,train,matmul,matmul-blocked64,0.1,2,65552,32778,0
matmul_train,matmul,rec+wr+ref+aging+sfreq+idle+age+dirty,matmul-blocked64-s1,train,matmul,matmul-blocked64,0.1,2,434185,32778,0
matmul_train,matmul,rec+wr+ref+aging+sfreq+idle+age+dirty+refaults+rdist,matmul-blocked64-s1,train,matmul,matmul-blocked64,0.1,2,65548,32778,0
matmul_train,matmul,freq+sd+ref+aging+sfreq+idle+age+dirty,matmul-blocked64-s1,train,matmul,matmul-blocked64,0.1,2,70241,32779,0
matmul_train,matmul,freq+sd+ref+aging+sfreq+idle+age+dirty+refaults+rdist,matmul-blocked64-s1,train,matmul,matmul-blocked64,0.1,2,65552,32778,0
matmul_train,matmul,freq+wr+ref+aging+sfreq+idle+age+dirty,matmul-blocked64-s1,train,matmul,matmul-blocked64,0.1,2,65548,32778,0
matmul_train,matmul,freq+wr+ref+aging+sfreq+idle+age+dirty+refaults+rdist,matmul-blocked64-s1,train,matmul,matmul-blocked64,0.1,2,65548,32778,0
matmul_train,matmul,sd+wr+ref+aging+sfreq+idle+age+dirty,matmul-blocked64-s1,train,matmul,matmul-blocked64,0.1,2,82400,32779,0
matmul_train,matmul,sd+wr+ref+aging+sfreq+idle+age+dirty+refaults+rdist,matmul-blocked64-s1,train,matmul,matmul-blocked64,0.1,2,65552,32778,0
matmul_train,matmul,rec+freq+sd+ref+aging+sfreq+idle+age+dirty,matmul-blocked64-s1,train,matmul,matmul-blocked64,0.1,2,491561,21216,1
matmul_train,matmul,rec+freq+sd+ref+aging+sfreq+idle+age+dirty+refaults+rdist,matmul-blocked64-s1,train,matmul,matmul-blocked64,0.1,2,65552,32778,0
matmul_train,matmul,rec+freq+wr+ref+aging+sfreq+idle+age+dirty,matmul-blocked64-s1,train,matmul,matmul-blocked64,0.1,2,65548,32778,0
matmul_train,matmul,rec+freq+wr+ref+aging+sfreq+idle+age+dirty+refaults+rdist,matmul-blocked64-s1,train,matmul,matmul-blocked64,0.1,2,65548,32778,0
matmul_train,matmul,rec+sd+wr+ref+aging+sfreq+idle+age+dirty,matmul-blocked64-s1,train,matmul,matmul-blocked64,0.1,2,76888,32779,0
matmul_train,matmul,rec+sd+wr+ref+aging+sfreq+idle+age+dirty+refaults+rdist,matmul-blocked64-s1,train,matmul,matmul-blocked64,0.1,2,65552,32778,0
matmul_train,matmul,freq+sd+wr+ref+aging+sfreq+idle+age+dirty,matmul-blocked64-s1,train,matmul,matmul-blocked64,0.1,2,82076,32779,0
matmul_train,matmul,freq+sd+wr+ref+aging+sfreq+idle+age+dirty+refaults+rdist,matmul-blocked64-s1,train,matmul,matmul-blocked64,0.1,2,65552,32778,0
matmul_train,matmul,rec+freq+sd+wr+ref+aging+sfreq+idle+age+dirty,matmul-blocked64-s1,train,matmul,matmul-blocked64,0.1,2,76825,32779,0
matmul_train,matmul,rec+freq+sd+wr+ref+aging+sfreq+idle+age+dirty+refaults+rdist,matmul-blocked64-s1,train,matmul,matmul-blocked64,0.1,2,65552,32778,0
matmul_train,global,rec,matmul-blocked64-s1,train,matmul,matmul-blocked64,0.1,2,98312,32779,0
matmul_train,global,freq,matmul-blocked64-s1,train,matmul,matmul-blocked64,0.1,2,436573,32610,0
matmul_train,global,sd,matmul-blocked64-s1,train,matmul,matmul-blocked64,0.1,2,98312,32779,0
matmul_train,global,wr,matmul-blocked64-s1,train,matmul,matmul-blocked64,0.1,2,65548,32779,0
matmul_train,global,rec+freq,matmul-blocked64-s1,train,matmul,matmul-blocked64,0.1,2,96755,32779,0
matmul_train,global,rec+sd,matmul-blocked64-s1,train,matmul,matmul-blocked64,0.1,2,98312,32779,0
matmul_train,global,rec+wr,matmul-blocked64-s1,train,matmul,matmul-blocked64,0.1,2,98312,32779,0
matmul_train,global,freq+sd,matmul-blocked64-s1,train,matmul,matmul-blocked64,0.1,2,93765,32777,0
matmul_train,global,freq+wr,matmul-blocked64-s1,train,matmul,matmul-blocked64,0.1,2,435408,32693,0
matmul_train,global,sd+wr,matmul-blocked64-s1,train,matmul,matmul-blocked64,0.1,2,98312,32779,0
matmul_train,global,rec+freq+sd,matmul-blocked64-s1,train,matmul,matmul-blocked64,0.1,2,66292,32779,0
matmul_train,global,rec+freq+wr,matmul-blocked64-s1,train,matmul,matmul-blocked64,0.1,2,97860,32779,0
matmul_train,global,rec+sd+wr,matmul-blocked64-s1,train,matmul,matmul-blocked64,0.1,2,98312,32779,0
matmul_train,global,freq+sd+wr,matmul-blocked64-s1,train,matmul,matmul-blocked64,0.1,2,94044,32776,0
matmul_train,global,rec+freq+sd+wr,matmul-blocked64-s1,train,matmul,matmul-blocked64,0.1,2,66289,32779,0
matmul_train,global,ref,matmul-blocked64-s1,train,matmul,matmul-blocked64,0.1,2,98312,32779,0
matmul_train,global,aging,matmul-blocked64-s1,train,matmul,matmul-blocked64,0.1,2,98312,32779,0
matmul_train,global,sfreq,matmul-blocked64-s1,train,matmul,matmul-blocked64,0.1,2,434185,32778,0
matmul_train,global,idle,matmul-blocked64-s1,train,matmul,matmul-blocked64,0.1,2,98312,32779,0
matmul_train,global,age,matmul-blocked64-s1,train,matmul,matmul-blocked64,0.1,2,98312,32779,0
matmul_train,global,dirty,matmul-blocked64-s1,train,matmul,matmul-blocked64,0.1,2,65548,32779,0
matmul_train,global,refaults,matmul-blocked64-s1,train,matmul,matmul-blocked64,0.1,2,99821,32779,0
matmul_train,global,rdist,matmul-blocked64-s1,train,matmul,matmul-blocked64,0.1,2,151954,32778,0
matmul_train,global,ref+aging,matmul-blocked64-s1,train,matmul,matmul-blocked64,0.1,2,98312,32779,0
matmul_train,global,ref+sfreq,matmul-blocked64-s1,train,matmul,matmul-blocked64,0.1,2,65548,32778,0
matmul_train,global,ref+idle,matmul-blocked64-s1,train,matmul,matmul-blocked64,0.1,2,98312,32779,0
matmul_train,global,ref+age,matmul-blocked64-s1,train,matmul,matmul-blocked64,0.1,2,98312,32779,0
matmul_train,global,ref+dirty,matmul-blocked64-s1,train,matmul,matmul-blocked64,0.1,2,98312,32779,0
matmul_train,global,ref+refaults,matmul-blocked64-s1,train,matmul,matmul-blocked64,0.1,2,98186,32779,0
matmul_train,global,ref+rdist,matmul-blocked64-s1,train,matmul,matmul-blocked64,0.1,2,73769,32778,0
matmul_train,global,aging+sfreq,matmul-blocked64-s1,train,matmul,matmul-blocked64,0.1,2,65548,32778,0
matmul_train,global,aging+idle,matmul-blocked64-s1,train,matmul,matmul-blocked64,0.1,2,98312,32779,0
matmul_train,global,aging+age,matmul-blocked64-s1,train,matmul,matmul-blocked64,0.1,2,65548,32778,0
matmul_train,global,aging+dirty,matmul-blocked64-s1,train,matmul,matmul-blocked64,0.1,2,98312,32779,0
matmul_train,global,aging+refaults,matmul-blocked64-s1,train,matmul,matmul-blocked64,0.1,2,98103,32779,0
matmul_train,global,aging+rdist,matmul-blocked64-s1,train,matmul,matmul-blocked64,0.1,2,73769,32778,0
matmul_train,global,sfreq+idle,matmul-blocked64-s1,train,matmul,matmul-blocked64,0.1,2,65554,32779,0
matmul_train,global,sfreq+age,matmul-blocked64-s1,train,matmul,matmul-blocked64,0.1,2,98312,32779,0
matmul_train,global,sfreq+dirty,matmul-blocked64-s1,train,matmul,matmul-blocked64,0.1,2,434185,32778,0
matmul_train,global,sfreq+refaults,matmul-blocked64-s1,train,matmul,matmul-blocked64,0.1,2,491561,21631,1
matmul_train,global,sfreq+rdist,matmul-blocked64-s1,train,matmul,matmul-blocked64,0.1,2,151954,32778,0
matmul_train,global,idle+age,matmul-blocked64-s1,train,matmul,matmul-blocked64,0.1,2,65548,32778,0
matmul_train,global,idle+dirty,matmul-blocked64-s1,train,matmul,matmul-blocked64,0.1,2,98312,32779,0
matmul_train,global,idle+refaults,matmul-blocked64-s1,train,matmul,matmul-blocked64,0.1,2,97055,32779,0
matmul_train,global,idle+rdist,matmul-blocked64-s1,train,matmul,matmul-blocked64,0.1,2,73259,32778,0
matmul_train,global,age+dirty,matmul-blocked64-s1,train,matmul,matmul-blocked64,0.1,2,98312,32779,0
matmul_train,global,age+refaults,matmul-blocked64-s1,train,matmul,matmul-blocked64,0.1,2,480945,29509,0
matmul_train,global,age+rdist,matmul-blocked64-s1,train,matmul,matmul-blocked64,0.1,2,97981,32779,0
matmul_train,global,dirty+refaults,matmul-blocked64-s1,train,matmul,matmul-blocked64,0.1,2,119306,32779,0
matmul_train,global,dirty+rdist,matmul-blocked64-s1,train,matmul,matmul-blocked64,0.1,2,151954,32778,0
matmul_train,global,refaults+rdist,matmul-blocked64-s1,train,matmul,matmul-blocked64,0.1,2,100055,32779,0
matmul_train,global,ref+aging+sfreq,matmul-blocked64-s1,train,matmul,matmul-blocked64,0.1,2,65548,32778,0
matmul_train,global,ref+aging+idle,matmul-blocked64-s1,train,matmul,matmul-blocked64,0.1,2,98312,32779,0
matmul_train,global,ref+aging+age,matmul-blocked64-s1,train,matmul,matmul-blocked64,0.1,2,65548,32778,0
matmul_train,global,ref+aging+dirty,matmul-blocked64-s1,train,matmul,matmul-blocked64,0.1,2,98312,32779,0
matmul_train,global,ref+aging+refaults,matmul-blocked64-s1,train,matmul,matmul-blocked64,0.1,2,97890,32779,0
matmul_train,global,ref+aging+rdist,matmul-blocked64-s1,train,matmul,matmul-blocked64,0.1,2,73769,32778,0
matmul_train,global,ref+sfreq+idle,matmul-blocked64-s1,train,matmul,matmul-blocked64,0.1,2,65548,32778,0
matmul_train,global,ref+sfreq+age,matmul-blocked64-s1,train,matmul,matmul-blocked64,0.1,2,98312,32779,0
matmul_train,global,ref+sfreq+dirty,matmul-blocked64-s1,train,matmul,matmul-blocked64,0.1,2,65548,32778,0
matmul_train,global,ref+sfreq+refaults,matmul-blocked64-s1,train,matmul,matmul-blocked64,0.1,2,342966,32779,0
matmul_train,global,ref+sfreq+rdist,matmul-blocked64-s1,train,matmul,matmul-blocked64,0.1,2,65548,32778,0
matmul_train,global,ref+idle+age,matmul-blocked64-s1,train,matmul,matmul-blocked64,0.1,2,65548,32778,0
matmul_train,global,ref+idle+dirty,matmul-blocked64-s1,train,matmul,matmul-blocked64,0.1,2,98312,32779,0
matmul_train,global,ref+idle+refaults,matmul-blocked64-s1,train,matmul,matmul-blocked64,0.1,2,97962,32779,0
matmul_train,global,ref+idle+rdist,matmul-blocked64-s1,train,matmul,matmul-blocked64,0.1,2,73769,32778,0
matmul_train,global,ref+age+dirty,matmul-blocked64-s1,train,matmul,matmul-blocked64,0.1,2,98312,32779,0
matmul_train,global,ref+age+refaults,matmul-blocked64-s1,train,matmul,matmul-blocked64,0.1,2,76665,32779,0
matmul_train,global,ref+age+rdist,matmul-blocked64-s1,train,matmul,matmul-blocked64,0.1,2,73769,32778,0
matmul_train,global,ref+dirty+refaults,matmul-blocked64-s1,train,matmul,matmul-blocked64,0.1,2,98251,32779,0
matmul_train,global,ref+dirty+rdist,matmul-blocked64-s1,train,matmul,matmul-blocked64,0.1,2,73679,32778,0
matmul_train,global,ref+refaults+rdist,matmul-blocked64-s1,train,matmul,matmul-blocked64,0.1,2,98162,32779,0
matmul_train,global,aging+sfreq+idle,matmul-blocked64-s1,train,matmul,matmul-blocked64,0.1,2,65548,32778,0
matmul_train,global,aging+sfreq+age,matmul-blocked64-s1,train,matmul,matmul-blocked64,0.1,2,65548,32778,0
matmul_train,global,aging+sfreq+dirty,matmul-blocked64-s1,train,matmul,matmul-blocked64,0.1,2,65548,32778,0
matmul_train,global,aging+sfreq+refaults,matmul-blocked64-s1,train,matmul,matmul-blocked64,0.1,2,312514,32779,0
matmul_train,global,aging+sfreq+rdist,matmul-blocked64-s1,train,matmul,matmul-blocked64,0.1,2,65548,32778,0
matmul_train,global,aging+idle+age,matmul-blocked64-s1,train,matmul,matmul-blocked64,0.1,2,65548,32778,0
matmul_train,global,aging+idle+dirty,matmul-blocked64-s1,train,matmul,matmul-blocked64,0.1,2,98312,32779,0
matmul_train,global,aging+idle+refaults,matmul-blocked64-s1,train,matmul,matmul-blocked64,0.1,2,97960,32779,0
matmul_train,global,aging+idle+rdist,matmul-blocked64-s1,train,matmul,matmul-blocked64,0.1,2,73769,32778,0
matmul_train,global,aging+age+dirty,matmul-blocked64-s1,train,matmul,matmul-blocked64,0.1,2,65548,32778,0
matmul_train,global,aging+age+refaults,matmul-blocked64-s1,train,matmul,matmul-blocked64,0.1,2,74311,32779,0
matmul_train,global,aging+age+rdist,matmul-blocked64-s1,train,matmul,matmul-blocked64,0.1,2,65548,32778,0
matmul_train,global,aging+dirty+refaults,matmul-blocked64-s1,train,matmul,matmul-blocked64,0.1,2,98224,32779,0
matmul_train,global,aging+dirty+rdist,matmul-blocked64-s1,train,matmul,matmul-blocked64,0.1,2,73679,32778,0
matmul_train,global,aging+refaults+rdist,matmul-blocked64-s1,train,matmul,matmul-blocked64,0.1,2,97861,32779,0
matmul_train,global,sfreq+idle+age,matmul-blocked64-s1,train,matmul,matmul-blocked64,0.1,2,65548,32778,0
matmul_train,global,sfreq+idle+dirty,matmul-blocked64-s1,train,matmul,matmul-blocked64,0.1,2,65560,32779,0
matmul_train,global,sfreq+idle+refaults,matmul-blocked64-s1,train,matmul,matmul-blocked64,0.1,2,92308,32779,0
matmul_train,global,sfreq+idle+rdist,matmul-blocked64-s1,train,matmul,matmul-blocked64,0.1,2,65548,32778,0
matmul_train,global,sfreq+age+dirty,matmul-blocked64-s1,train,matmul,matmul-blocked64,0.1,2,98312,32779,0
matmul_train,global,sfreq+age+refaults,matmul-blocked64-s1,train,matmul,matmul-blocked64,0.1,2,436209,32779,0
matmul_train,global,sfreq+age+rdist,matmul-blocked64-s1,train,matmul,matmul-blocked64,0.1,2,190329,32778,0
matmul_train,global,sfreq+dirty+refaults,matmul-blocked64-s1,train,matmul,matmul-blocked64,0.1,2,323492,32779,0
matmul_train,global,sfreq+dirty+rdist,matmul-blocked64-s1,train,matmul,matmul-blocked64,0.1,2,434185,32778,0
matmul_train,global,sfreq+refaults+rdist,matmul-blocked64-s1,train,matmul,matmul-blocked64,0.1,2,434420,32779,0
matmul_train,global,idle+age+dirty,matmul-blocked64-s1,train,matmul,matmul-blocked64,0.1,2,65554,32779,0
matmul_train,global,idle+age+refaults,matmul-blocked64-s1,train,matmul,matmul-blocked64,0.1,2,67110,32779,0
matmul_train,global,idle+age+rdist,matmul-blocked64-s1,train,matmul,matmul-blocked64,0.1,2,65548,32778,0
matmul_train,global,idle+dirty+refaults,matmul-blocked64-s1,train,matmul,matmul-blocked64,0.1,2,101101,32779,0
matmul_train,global,idle+dirty+rdist,matmul-blocked64-s1,train,matmul,matmul-blocked64,0.1,2,65611,32778,0
matmul_train,global,idle+refaults+rdist,matmul-blocked64-s1,train,matmul,matmul-blocked64,0.1,2,96891,32779,0
matmul_train,global,age+dirty+refaults,matmul-blocked64-s1,train,matmul,matmul-blocked64,0.1,2,488230,27760,0
matmul_train,global,age+dirty+rdist,matmul-blocked64-s1,train,matmul,matmul-blocked64,0.1,2,65993,32779,0
matmul_train,global,age+refaults+rdist,matmul-blocked64-s1,train,matmul,matmul-blocked64,0.1,2,334970,32720,0
matmul_train,global,dirty+refaults+rdist,matmul-blocked64-s1,train,matmul,matmul-blocked64,0.1,2,87023,32779,0
matmul_train,global,ref+aging+sfreq+idle,matmul-blocked64-s1,train,matmul,matmul-blocked64,0.1,2,65548,32778,0
matmul_train,global,ref+aging+sfreq+age,matmul-blocked64-s1,train,matmul,matmul-blocked64,0.1,2,65548,32778,0
matmul_train,global,ref+aging+sfreq+dirty,matmul-blocked64-s1,train,matmul,matmul-blocked64,0.1,2,65548,32778,0
matmul_train,global,ref+aging+sfreq+refaults,matmul-blocked64-s1,train,matmul,matmul-blocked64,0.1,2,312300,32779,0
matmul_train,global,ref+aging+sfreq+rdist,matmul-blocked64-s1,train,matmul,matmul-blocked64,0.1,2,65548,32778,0
matmul_train,global,ref+aging+idle+age,matmul-blocked64-s1,train,matmul,matmul-blocked64,0.1,2,65548,32778,0
matmul_train,global,ref+aging+idle+dirty,matmul-blocked64-s1,train,matmul,matmul-blocked64,0.1,2,98312,32779,0
matmul_train,global,ref+aging+idle+refaults,matmul-blocked64-s1,train,matmul,matmul-blocked64,0.1,2,97829,32779,0
matmul_train,global,ref+aging+idle+rdist,matmul-blocked64-s1,train,matmul,matmul-blocked64,0.1,2,73769,32778,0
matmul_train,global,ref+aging+age+dirty,matmul-blocked64-s1,train,matmul,matmul-blocked64,0.1,2,65548,32778,0
matmul_train,global,ref+aging+age+refaults,matmul-blocked64-s1,train,matmul,matmul-blocked64,0.1,2,69792,32779,0
matmul_train,global,ref+aging+age+rdist,matmul-blocked64-s1,train,matmul,matmul-blocked64,0.1,2,65548,32778,0
matmul_train,global,ref+aging+dirty+refaults,matmul-blocked64-s1,train,matmul,matmul-blocked64,0.1,2,98143,32779,0
matmul_train,global,ref+aging+dirty+rdist,matmul-blocked64-s1,train,matmul,matmul-blocked64,0.1,2,73679,32778,0
matmul_train,global,ref+aging+refaults+rdist,matmul-blocked64-s1,train,matmul,matmul-blocked64,0.1,2,97945,32779,0
matmul_train,global,ref+sfreq+idle+age,matmul-blocked64-s1,train,matmul,matmul-blocked64,0.1,2,65548,32778,0
matmul_train,global,ref+sfreq+idle+dirty,matmul-blocked64-s1,train,matmul,matmul-blocked64,0.1,2,65548,32778,0
matmul_train,global,ref+sfreq+idle+refaults,matmul-blocked64-s1,train,matmul,matmul-blocked64,0.1,2,134764,32779,0
matmul_train,global,ref+sfreq+idle+rdist,matmul-blocked64-s1,train,matmul,matmul-blocked64,0.1,2,65548,32778,0
matmul_train,global,ref+sfreq+age+dirty,matmul-blocked64-s1,train,matmul,matmul-blocked64,0.1,2,98312,32779,0
matmul_train,global,ref+sfreq+age+refaults,matmul-blocked64-s1,train,matmul,matmul-blocked64,0.1,2,316892,32779,0
matmul_train,global,ref+sfreq+age+rdist,matmul-blocked64-s1,train,matmul,matmul-blocked64,0.1,2,73769,32778,0
matmul_train,global,ref+sfreq+dirty+refaults,matmul-blocked64-s1,train,matmul,matmul-blocked64,0.1,2,342029,32779,0
matmul_train,global,ref+sfreq+dirty+rdist,matmul-blocked64-s1,train,matmul,matmul-blocked64,0.1,2,65548,32778,0
matmul_train,global,ref+sfreq+refaults+rdist,matmul-blocked64-s1,train,matmul,matmul-blocked64,0.1,2,322313,32779,0
matmul_train,global,ref+idle+age+dirty,matmul-blocked64-s1,train,matmul,matmul-blocked64,0.1,2,65548,32778,0
matmul_train,global,ref+idle+age+refaults,matmul-blocked64-s1,train,matmul,matmul-blocked64,0.1,2,72185,32779,0
matmul_train,global,ref+idle+age+rdist,matmul-blocked64-s1,train,matmul,matmul-blocked64,0.1,2,65548,32778,0
matmul_train,global,ref+idle+dirty+refaults,matmul-blocked64-s1,train,matmul,matmul-blocked64,0.1,2,98112,32779,0
matmul_train,global,ref+idle+dirty+rdist,matmul-blocked64-s1,train,matmul,matmul-blocked64,0.1,2,73679,32778,0
matmul_train,global,ref+idle+refaults+rdist,matmul-blocked64-s1,train,matmul,matmul-blocked64,0.1,2,98091,32779,0
matmul_train,global,ref+age+dirty+refaults,matmul-blocked64-s1,train,matmul,matmul-blocked64,0.1,2,82035,32779,0
matmul_train,global,ref+age+dirty+rdist,matmul-blocked64-s1,train,matmul,matmul-blocked64,0.1,2,73679,32778,0
matmul_train,global,ref+age+refaults+rdist,matmul-blocked64-s1,train,matmul,matmul-blocked64,0.1,2,72899,32779,0
matmul_train,global,ref+dirty+refaults+rdist,matmul-blocked64-s1,train,matmul,matmul-blocked64,0.1,2,95561,32779,0
matmul_train,global,aging+sfreq+idle+age,matmul-blocked64-s1,train,matmul,matmul-blocked64,0.1,2,65548,32778,0
matmul_train,global,aging+sfreq+idle+dirty,matmul-blocked64-s1,train,matmul,matmul-blocked64,0.1,2,65548,32778,0
matmul_train,global,aging+sfreq+idle+refaults,matmul-blocked64-s1,train,matmul,matmul-blocked64,0.1,2,312516,32779,0
matmul_train,global,aging+sfreq+idle+rdist,matmul-blocked64-s1,train,matmul,matmul-blocked64,0.1,2,65548,32778,0
matmul_train,global,aging+sfreq+age+dirty,matmul-blocked64-s1,train,matmul,matmul-blocked64,0.1,2,65548,32778,0
matmul_train,global,aging+sfreq+age+refaults,matmul-blocked64-s1,train,matmul,matmul-blocked64,0.1,2,312560,32779,0
matmul_train,global,aging+sfreq+age+rdist,matmul-blocked64-s1,train,matmul,matmul-blocked64,0.1,2,65548,32778,0
matmul_train,global,aging+sfreq+dirty+refaults,matmul-blocked64-s1,train,matmul,matmul-blocked64,0.1,2,312494,32779,0
matmul_train,global,aging+sfreq+dirty+rdist,matmul-blocked64-s1,train,matmul,matmul-blocked64,0.1,2,65548,32778,0
matmul_train,global,aging+sfreq+refaults+rdist,matmul-blocked64-s1,train,matmul,matmul-blocked64,0.1,2,318239,32779,0
matmul_train,global,aging+idle+age+dirty,matmul-blocked64-s1,train,matmul,matmul-blocked64,0.1,2,65548,32778,0
matmul_train,global,aging+idle+age+refaults,matmul-blocked64-s1,train,matmul,matmul-blocked64,0.1,2,70999,32779,0
matmul_train,global,aging+idle+age+rdist,matmul-blocked64-s1,train,matmul,matmul-blocked64,0.1,2,65548,32778,0
matmul_train,global,aging+idle+dirty+refaults,matmul-blocked64-s1,train,matmul,matmul-blocked64,0.1,2,98149,32779,0
matmul_train,global,aging+idle+dirty+rdist,matmul-blocked64-s1,train,matmul,matmul-blocked64,0.1,2,73679,32778,0
matmul_train,global,aging+idle+refaults+rdist,matmul-blocked64-s1,train,matmul,matmul-blocked64,0.1,2,97974,32779,0
matmul_train,global,aging+age+dirty+refaults,matmul-blocked64-s1,train,matmul,matmul-blocked64,0.1,2,75824,32779,0
matmul_train,global,aging+age+dirty+rdist,matmul-blocked64-s1,train,matmul,matmul-blocked64,0.1,2,65548,32778,0
matmul_train,global,aging+age+refaults+rdist,matmul-blocked64-s1,train,matmul,matmul-blocked64,0.1,2,69358,32779,0
matmul_train,global,aging+dirty+refaults+rdist,matmul-blocked64-s1,train,matmul,matmul-blocked64,0.1,2,96461,32779,0
matmul_train,global,sfreq+idle+age+dirty,matmul-blocked64-s1,train,matmul,matmul-blocked64,0.1,2,65548,32778,0
matmul_train,global,sfreq+idle+age+refaults,matmul-blocked64-s1,train,matmul,matmul-blocked64,0.1,2,84359,31697,0
matmul_train,global,sfreq+idle+age+rdist,matmul-blocked64-s1,train,matmul,matmul-blocked64,0.1,2,65548,32778,0
matmul_train,global,sfreq+idle+dirty+refaults,matmul-blocked64-s1,train,matmul,matmul-blocked64,0.1,2,100012,32779,0
matmul_train,global,sfreq+idle+dirty+rdist,matmul-blocked64-s1,train,matmul,matmul-blocked64,0.1,2,65548,32778,0
matmul_train,global,sfreq+idle+refaults+rdist,matmul-blocked64-s1,train,matmul,matmul-blocked64,0.1,2,161466,32779,0
matmul_train,global,sfreq+age+dirty+refaults,matmul-blocked64-s1,train,matmul,matmul-blocked64,0.1,2,323445,32779,0
matmul_train,global,sfreq+age+dirty+rdist,matmul-blocked64-s1,train,matmul,matmul-blocked64,0.1,2,188990,32778,0
matmul_train,global,sfreq+age+refaults+rdist,matmul-blocked64-s1,train,matmul,matmul-blocked64,0.1,2,491561,22704,1
matmul_train,global,sfreq+dirty+refaults+rdist,matmul-blocked64-s1,train,matmul,matmul-blocked64,0.1,2,435141,32779,0
matmul_train,global,idle+age+dirty+refaults,matmul-blocked64-s1,train,matmul,matmul-blocked64,0.1,2,67949,32779,0
matmul_train,global,idle+age+dirty+rdist,matmul-blocked64-s1,train,matmul,matmul-blocked64,0.1,2,65548,32778,0
matmul_train,global,idle+age+refaults+rdist,matmul-blocked64-s1,train,matmul,matmul-blocked64,0.1,2,67926,32779,0
matmul_train,global,idle+dirty+refaults+rdist,matmul-blocked64-s1,train,matmul,matmul-blocked64,0.1,2,84075,32779,0
matmul_train,global,age+dirty+refaults+rdist,matmul-blocked64-s1,train,matmul,matmul-blocked64,0.1,2,439141,32425,0
matmul_train,global,ref+aging+sfreq+idle+age,matmul-blocked64-s1,train,matmul,matmul-blocked64,0.1,2,65548,32778,0
matmul_train,global,ref+aging+sfreq+idle+dirty,matmul-blocked64-s1,train,matmul,matmul-blocked64,0.1,2,65548,32778,0
matmul_train,global,ref+aging+sfreq+idle+refaults,matmul-blocked64-s1,train,matmul,matmul-blocked64,0.1,2,312283,32779,0
matmul_train,global,ref+aging+sfreq+idle+rdist,matmul-blocked64-s1,train,matmul,matmul-blocked64,0.1,2,65548,32778,0
matmul_train,global,ref+aging+sfreq+age+dirty,matmul-blocked64-s1,train,matmul,matmul-blocked64,0.1,2,65548,32778,0
matmul_train,global,ref+aging+sfreq+age+refaults,matmul-blocked64-s1,train,matmul,matmul-blocked64,0.1,2,312018,32779,0
matmul_train,global,ref+aging+sfreq+age+rdist,matmul-blocked64-s1,train,matmul,matmul-blocked64,0.1,2,65548,32778,0
matmul_train,global,ref+aging+sfreq+dirty+refaults,matmul-blocked64-s1,train,matmul,matmul-blocked64,0.1,2,312155,32779,0
matmul_train,global,ref+aging+sfreq+dirty+rdist,matmul-blocked64-s1,train,matmul,matmul-blocked64,0.1,2,65548,32778,0
matmul_train,global,ref+aging+sfreq+refaults+rdist,matmul-blocked64-s1,train,matmul,matmul-blocked64,0.1,2,319318,32779,0
matmul_train,global,ref+aging+idle+age+dirty,matmul-blocked64-s1,train,matmul,matmul-blocked64,0.1,2,65548,32778,0
matmul_train,global,ref+aging+idle+age+refaults,matmul-blocked64-s1,train,matmul,matmul-blocked64,0.1,2,68197,32779,0
matmul_train,global,ref+aging+idle+age+rdist,matmul-blocked64-s1,train,matmul,matmul-blocked64,0.1,2,65548,32778,0
matmul_train,global,ref+aging+idle+dirty+refaults,matmul-blocked64-s1,train,matmul,matmul-blocked64,0.1,2,98093,32779,0
matmul_train,global,ref+aging+idle+dirty+rdist,matmul-blocked64-s1,train,matmul,matmul-blocked64,0.1,2,73679,32778,0
matmul_train,global,ref+aging+idle+refaults+rdist,matmul-blocked64-s1,train,matmul,matmul-blocked64,0.1,2,97987,32779,0
matmul_train,global,ref+aging+age+dirty+refaults,matmul-blocked64-s1,train,matmul,matmul-blocked64,0.1,2,69656,32779,0
matmul_train,global,ref+aging+age+dirty+rdist,matmul-blocked64-s1,train,matmul,matmul-blocked64,0.1,2,65548,32778,0
matmul_train,global,ref+aging+age+refaults+rdist,matmul-blocked64-s1,train,matmul,matmul-blocked64,0.1,2,68823,32779,0
matmul_train,global,ref+aging+dirty+refaults+rdist,matmul-blocked64-s1,train,matmul,matmul-blocked64,0.1,2,96593,32779,0
matmul_train,global,ref+sfreq+idle+age+dirty,matmul-blocked64-s1,train,matmul,matmul-blocked64,0.1,2,65548,32778,0
matmul_train,global,ref+sfreq+idle+age+refaults,matmul-blocked64-s1,train,matmul,matmul-blocked64,0.1,2,74625,32779,0
matmul_train,global,ref+sfreq+idle+age+rdist,matmul-blocked64-s1,train,matmul,matmul-blocked64,0.1,2,65548,32778,0
matmul_train,global,ref+sfreq+idle+dirty+refaults,matmul-blocked64-s1,train,matmul,matmul-blocked64,0.1,2,141198,32779,0
matmul_train,global,ref+sfreq+idle+dirty+rdist,matmul-blocked64-s1,train,matmul,matmul-blocked64,0.1,2,65548,32778,0
matmul_train,global,ref+sfreq+idle+refaults+rdist,matmul-blocked64-s1,train,matmul,matmul-blocked64,0.1,2,239872,32779,0
matmul_train,global,ref+sfreq+age+dirty+refaults,matmul-blocked64-s1,train,matmul,matmul-blocked64,0.1,2,322422,32779,0
matmul_train,global,ref+sfreq+age+dirty+rdist,matmul-blocked64-s1,train,matmul,matmul-blocked64,0.1,2,73679,32778,0
matmul_train,global,ref+sfreq+age+refaults+rdist,matmul-blocked64-s1,train,matmul,matmul-blocked64,0.1,2,333613,32779,0
matmul_train,global,ref+sfreq+dirty+refaults+rdist,matmul-blocked64-s1,train,matmul,matmul-blocked64,0.1,2,333936,32779,0
matmul_train,global,ref+idle+age+dirty+refaults,matmul-blocked64-s1,train,matmul,matmul-blocked64,0.1,2,73143,32779,0
matmul_train,global,ref+idle+age+dirty+rdist,matmul-blocked64-s1,train,matmul,matmul-blocked64,0.1,2,65548,32778,0
matmul_train,global,ref+idle+age+refaults+rdist,matmul-blocked64-s1,train,matmul,matmul-blocked64,0.1,2,68684,32779,0
matmul_train,global,ref+idle+dirty+refaults+rdist,matmul-blocked64-s1,train,matmul,matmul-blocked64,0.1,2,95259,32779,0
matmul_train,global,ref+age+dirty+refaults+rdist,matmul-blocked64-s1,train,matmul,matmul-blocked64,0.1,2,96095,32779,0
matmul_train,global,aging+sfreq+idle+age+dirty,matmul-blocked64-s1,train,matmul,matmul-blocked64,0.1,2,65548,32778,0
matmul_train,global,aging+sfreq+idle+age+refaults,matmul-blocked64-s1,train,matmul,matmul-blocked64,0.1,2,70842,32779,0
matmul_train,global,aging+sfreq+idle+age+rdist,matmul-blocked64-s1,train,matmul,matmul-blocked64,0.1,2,65548,32778,0
matmul_train,global,aging+sfreq+idle+dirty+refaults,matmul-blocked64-s1,train,matmul,matmul-blocked64,0.1,2,312496,32779,0
matmul_train,global,aging+sfreq+idle+dirty+rdist,matmul-blocked64-s1,train,matmul,matmul-blocked64,0.1,2,65548,32778,0
matmul_train,global,aging+sfreq+idle+refaults+rdist,matmul-blocked64-s1,train,matmul,matmul-blocked64,0.1,2,397760,32779,0
matmul_train,global,aging+sfreq+age+dirty+refaults,matmul-blocked64-s1,train,matmul,matmul-blocked64,0.1,2,312549,32779,0
matmul_train,global,aging+sfreq+age+dirty+rdist,matmul-blocked64-s1,train,matmul,matmul-blocked64,0.1,2,65548,32778,0
matmul_train,global,aging+sfreq+age+refaults+rdist,matmul-blocked64-s1,train,matmul,matmul-blocked64,0.1,2,205016,32779,0
matmul_train,global,aging+sfreq+dirty+refaults+rdist,matmul-blocked64-s1,train,matmul,matmul-blocked64,0.1,2,321268,32779,0
matmul_train,global,aging+idle+age+dirty+refaults,matmul-blocked64-s1,train,matmul,matmul-blocked64,0.1,2,70756,32779,0
matmul_train,global,aging+idle+age+dirty+rdist,matmul-blocked64-s1,train,matmul,matmul-blocked64,0.1,2,65548,32778,0
matmul_train,global,aging+idle+age+refaults+rdist,matmul-blocked64-s1,train,matmul,matmul-blocked64,0.1,2,68595,32779,0
matmul_train,global,aging+idle+dirty+refaults+rdist,matmul-blocked64-s1,train,matmul,matmul-blocked64,0.1,2,97184,32779,0
matmul_train,global,aging+age+dirty+refaults+rdist,matmul-blocked64-s1,train,matmul,matmul-blocked64,0.1,2,68865,32779,0
matmul_train,global,sfreq+idle+age+dirty+refaults,matmul-blocked64-s1,train,matmul,matmul-blocked64,0.1,2,70890,32779,0
matmul_train,global,sfreq+idle+age+dirty+rdist,matmul-blocked64-s1,train,matmul,matmul-blocked64,0.1,2,65548,32778,0
matmul_train,global,sfreq+idle+age+refaults+rdist,matmul-blocked64-s1,train,matmul,matmul-blocked64,0.1,2,67379,32779,0
matmul_train,global,sfreq+idle+dirty+refaults+rdist,matmul-blocked64-s1,train,matmul,matmul-blocked64,0.1,2,215975,32779,0
matmul_train,global,sfreq+age+dirty+refaults+rdist,matmul-blocked64-s1,train,matmul,matmul-blocked64,0.1,2,434462,32779,0
matmul_train,global,idle+age+dirty+refaults+rdist,matmul-blocked64-s1,train,matmul,matmul-blocked64,0.1,2,68392,32779,0
matmul_train,global,ref+aging+sfreq+idle+age+dirty,matmul-blocked64-s1,train,matmul,matmul-blocked64,0.1,2,65548,32778,0
matmul_train,global,ref+aging+sfreq+idle+age+refaults,matmul-blocked64-s1,train,matmul,matmul-blocked64,0.1,2,69113,32779,0
matmul_train,global,ref+aging+sfreq+idle+age+rdist,matmul-blocked64-s1,train,matmul,matmul-blocked64,0.1,2,65548,32778,0
matmul_train,global,ref+aging+sfreq+idle+dirty+refaults,matmul-blocked64-s1,train,matmul,matmul-blocked64,0.1,2,312140,32779,0
matmul_train,global,ref+aging+sfreq+idle+dirty+rdist,matmul-blocked64-s1,train,matmul,matmul-blocked64,0.1,2,65548,32778,0
matmul_train,global,ref+aging+sfreq+idle+refaults+rdist,matmul-blocked64-s1,train,matmul,matmul-blocked64,0.1,2,434456,32779,0
matmul_train,global,ref+aging+sfreq+age+dirty+refaults,matmul-blocked64-s1,train,matmul,matmul-blocked64,0.1,2,311998,32779,0
matmul_train,global,ref+aging+sfreq+age+dirty+rdist,matmul-blocked64-s1,train,matmul,matmul-blocked64,0.1,2,65548,32778,0
matmul_train,global,ref+aging+sfreq+age+refaults+rdist,matmul-blocked64-s1,train,matmul,matmul-blocked64,0.1,2,67666,32779,0
matmul_train,global,ref+aging+sfreq+dirty+refaults+rdist,matmul-blocked64-s1,train,matmul,matmul-blocked64,0.1,2,296912,32779,0
matmul_train,global,ref+aging+idle+age+dirty+refaults,matmul-blocked64-s1,train,matmul,matmul-blocked64,0.1,2,65681,32779,0
matmul_train,global,ref+aging+idle+age+dirty+rdist,matmul-blocked64-s1,train,matmul,matmul-blocked64,0.1,2,65548,32778,0
matmul_train,global,ref+aging+idle+age+refaults+rdist,matmul-blocked64-s1,train,matmul,matmul-blocked64,0.1,2,68107,32779,0
matmul_train,global,ref+aging+idle+dirty+refaults+rdist,matmul-blocked64-s1,train,matmul,matmul-blocked64,0.1,2,97194,32779,0
matmul_train,global,ref+aging+age+dirty+refaults+rdist,matmul-blocked64-s1,train,matmul,matmul-blocked64,0.1,2,66250,32779,0
matmul_train,global,ref+sfreq+idle+age+dirty+refaults,matmul-blocked64-s1,train,matmul,matmul-blocked64,0.1,2,71133,32779,0
matmul_train,global,ref+sfreq+idle+age+dirty+rdist,matmul-blocked64-s1,train,matmul,matmul-blocked64,0.1,2,65548,32778,0
matmul_train,global,ref+sfreq+idle+age+refaults+rdist,matmul-blocked64-s1,train,matmul,matmul-blocked64,0.1,2,68219,32779,0
matmul_train,global,ref+sfreq+idle+dirty+refaults+rdist,matmul-blocked64-s1,train,matmul,matmul-blocked64,0.1,2,312101,32779,0
matmul_train,global,ref+sfreq+age+dirty+refaults+rdist,matmul-blocked64-s1,train,matmul,matmul-blocked64,0.1,2,362431,32779,0
matmul_train,global,ref+idle+age+dirty+refaults+rdist,matmul-blocked64-s1,train,matmul,matmul-blocked64,0.1,2,66576,32779,0
matmul_train,global,aging+sfreq+idle+age+dirty+refaults,matmul-blocked64-s1,train,matmul,matmul-blocked64,0.1,2,70529,32779,0
matmul_train,global,aging+sfreq+idle+age+dirty+rdist,matmul-blocked64-s1,train,matmul,matmul-blocked64,0.1,2,65548,32778,0
matmul_train,global,aging+sfreq+idle+age+refaults+rdist,matmul-blocked64-s1,train,matmul,matmul-blocked64,0.1,2,67968,32779,0
matmul_train,global,aging+sfreq+idle+dirty+refaults+rdist,matmul-blocked64-s1,train,matmul,matmul-blocked64,0.1,2,436343,32779,0
matmul_train,global,aging+sfreq+age+dirty+refaults+rdist,matmul-blocked64-s1,train,matmul,matmul-blocked64,0.1,2,328992,32779,0
matmul_train,global,aging+idle+age+dirty+refaults+rdist,matmul-blocked64-s1,train,matmul,matmul-blocked64,0.1,2,68963,32779,0
matmul_train,global,sfreq+idle+age+dirty+refaults+rdist,matmul-blocked64-s1,train,matmul,matmul-blocked64,0.1,2,67566,32779,0
matmul_train,global,ref+aging+sfreq+idle+age+dirty+refaults,matmul-blocked64-s1,train,matmul,matmul-blocked64,0.1,2,65640,32779,0
matmul_train,global,ref+aging+sfreq+idle+age+dirty+rdist,matmul-blocked64-s1,train,matmul,matmul-blocked64,0.1,2,65548,32778,0
matmul_train,global,ref+aging+sfreq+idle+age+refaults+rdist,matmul-blocked64-s1,train,matmul,matmul-blocked64,0.1,2,66179,32779,0
matmul_train,global,ref+aging+sfreq+idle+dirty+refaults+rdist,matmul-blocked64-s1,train,matmul,matmul-blocked64,0.1,2,311579,32779,0
matmul_train,global,ref+aging+sfreq+age+dirty+refaults+rdist,matmul-blocked64-s1,train,matmul,matmul-blocked64,0.1,2,65741,32779,0
matmul_train,global,ref+aging+idle+age+dirty+refaults+rdist,matmul-blocked64-s1,train,matmul,matmul-blocked64,0.1,2,65929,32779,0
matmul_train,global,ref+sfreq+idle+age+dirty+refaults+rdist,matmul-blocked64-s1,train,matmul,matmul-blocked64,0.1,2,66304,32779,0
matmul_train,global,aging+sfreq+idle+age+dirty+refaults+rdist,matmul-blocked64-s1,train,matmul,matmul-blocked64,0.1,2,66961,32779,0
matmul_train,global,ref+aging+sfreq+idle+age+dirty+refaults+rdist,matmul-blocked64-s1,train,matmul,matmul-blocked64,0.1,2,65862,32779,0
matmul_train,global,rec+ref+aging+sfreq+idle+age+dirty,matmul-blocked64-s1,train,matmul,matmul-blocked64,0.1,2,90121,32779,0
matmul_train,global,rec+ref+aging+sfreq+idle+age+dirty+refaults+rdist,matmul-blocked64-s1,train,matmul,matmul-blocked64,0.1,2,80406,32779,0
matmul_train,global,freq+ref+aging+sfreq+idle+age+dirty,matmul-blocked64-s1,train,matmul,matmul-blocked64,0.1,2,65566,32779,0
matmul_train,global,freq+ref+aging+sfreq+idle+age+dirty+refaults+rdist,matmul-blocked64-s1,train,matmul,matmul-blocked64,0.1,2,66548,32779,0
matmul_train,global,sd+ref+aging+sfreq+idle+age+dirty,matmul-blocked64-s1,train,matmul,matmul-blocked64,0.1,2,98312,32779,0
matmul_train,global,sd+ref+aging+sfreq+idle+age+dirty+refaults+rdist,matmul-blocked64-s1,train,matmul,matmul-blocked64,0.1,2,311596,32779,0
matmul_train,global,wr+ref+aging+sfreq+idle+age+dirty,matmul-blocked64-s1,train,matmul,matmul-blocked64,0.1,2,65548,32778,0
matmul_train,global,wr+ref+aging+sfreq+idle+age+dirty+refaults+rdist,matmul-blocked64-s1,train,matmul,matmul-blocked64,0.1,2,67326,32779,0
matmul_train,global,rec+freq+ref+aging+sfreq+idle+age+dirty,matmul-blocked64-s1,train,matmul,matmul-blocked64,0.1,2,185490,24588,0
matmul_train,global,rec+freq+ref+aging+sfreq+idle+age+dirty+refaults+rdist,matmul-blocked64-s1,train,matmul,matmul-blocked64,0.1,2,80018,32779,0
matmul_train,global,rec+sd+ref+aging+sfreq+idle+age+dirty,matmul-blocked64-s1,train,matmul,matmul-blocked64,0.1,2,67842,32779,0
matmul_train,global,rec+sd+ref+aging+sfreq+idle+age+dirty+refaults+rdist,matmul-blocked64-s1,train,matmul,matmul-blocked64,0.1,2,327418,32779,0
matmul_train,global,rec+wr+ref+aging+sfreq+idle+age+dirty,matmul-blocked64-s1,train,matmul,matmul-blocked64,0.1,2,90121,32779,0
matmul_train,global,rec+wr+ref+aging+sfreq+idle+age+dirty+refaults+rdist,matmul-blocked64-s1,train,matmul,matmul-blocked64,0.1,2,80165,32779,0
matmul_train,global,freq+sd+ref+aging+sfreq+idle+age+dirty,matmul-blocked64-s1,train,matmul,matmul-blocked64,0.1,2,84337,32779,0
matmul_train,global,freq+sd+ref+aging+sfreq+idle+age+dirty+refaults+rdist,matmul-blocked64-s1,train,matmul,matmul-blocked64,0.1,2,342030,32779,0
matmul_train,global,freq+wr+ref+aging+sfreq+idle+age+dirty,matmul-blocked64-s1,train,matmul,matmul-blocked64,0.1,2,65571,32779,0
matmul_train,global,freq+wr+ref+aging+sfreq+idle+age+dirty+refaults+rdist,matmul-blocked64-s1,train,matmul,matmul-blocked64,0.1,2,66435,32779,0
matmul_train,global,sd+wr+ref+aging+sfreq+idle+age+dirty,matmul-blocked64-s1,train,matmul,matmul-blocked64,0.1,2,98312,32779,0
matmul_train,global,sd+wr+ref+aging+sfreq+idle+age+dirty+refaults+rdist,matmul-blocked64-s1,train,matmul,matmul-blocked64,0.1,2,311596,32779,0
matmul_train,global,rec+freq+sd+ref+aging+sfreq+idle+age+dirty,matmul-blocked64-s1,train,matmul,matmul-blocked64,0.1,2,192475,24588,0
matmul_train,global,rec+freq+sd+ref+aging+sfreq+idle+age+dirty+refaults+rdist,matmul-blocked64-s1,train,matmul,matmul-blocked64,0.1,2,331635,32779,0
matmul_train,global,rec+freq+wr+ref+aging+sfreq+idle+age+dirty,matmul-blocked64-s1,train,matmul,matmul-blocked64,0.1,2,185597,24588,0
matmul_train,global,rec+freq+wr+ref+aging+sfreq+idle+age+dirty+refaults+rdist,matmul-blocked64-s1,train,matmul,matmul-blocked64,0.1,2,79858,32779,0
matmul_train,global,rec+sd+wr+ref+aging+sfreq+idle+age+dirty,matmul-blocked64-s1,train,matmul,matmul-blocked64,0.1,2,77270,32779,0
matmul_train,global,rec+sd+wr+ref+aging+sfreq+idle+age+dirty+refaults+rdist,matmul-blocked64-s1,train,matmul,matmul-blocked64,0.1,2,327527,32779,0
matmul_train,global,freq+sd+wr+ref+aging+sfreq+idle+age+dirty,matmul-blocked64-s1,train,matmul,matmul-blocked64,0.1,2,88082,32779,0
matmul_train,global,freq+sd+wr+ref+aging+sfreq+idle+age+dirty+refaults+rdist,matmul-blocked64-s1,train,matmul,matmul-blocked64,0.1,2,342028,32779,0
matmul_train,global,rec+freq+sd+wr+ref+aging+sfreq+idle+age+dirty,matmul-blocked64-s1,train,matmul,matmul-blocked64,0.1,2,193427,24588,0
matmul_train,global,rec+freq+sd+wr+ref+aging+sfreq+idle+age+dirty+refaults+rdist,matmul-blocked64-s1,train,matmul,matmul-blocked64,0.1,2,324761,32779,0
matmul_train,matmul,rec,matmul-blocked64-s1,train,matmul,matmul-blocked64,0.2,2,98312,32779,0
matmul_train,matmul,freq,matmul-blocked64-s1,train,matmul,matmul-blocked64,0.2,2,436573,32610,0
matmul_train,matmul,sd,matmul-blocked64-s1,train,matmul,matmul-blocked64,0.2,2,98312,32779,0
matmul_train,matmul,wr,matmul-blocked64-s1,train,matmul,matmul-blocked64,0.2,2,65548,32779,0
matmul_train,matmul,rec+freq,matmul-blocked64-s1,train,matmul,matmul-blocked64,0.2,2,87379,32779,0
matmul_train,matmul,rec+sd,matmul-blocked64-s1,train,matmul,matmul-blocked64,0.2,2,98312,32779,0
matmul_train,matmul,rec+wr,matmul-blocked64-s1,train,matmul,matmul-blocked64,0.2,2,65800,32779,0
matmul_train,matmul,freq+sd,matmul-blocked64-s1,train,matmul,matmul-blocked64,0.2,2,98313,32779,0
matmul_train,matmul,freq+wr,matmul-blocked64-s1,train,matmul,matmul-blocked64,0.2,2,434185,32779,0
matmul_train,matmul,sd+wr,matmul-blocked64-s1,train,matmul,matmul-blocked64,0.2,2,96836,32779,0
matmul_train,matmul,rec+freq+sd,matmul-blocked64-s1,train,matmul,matmul-blocked64,0.2,2,98311,32779,0
matmul_train,matmul,rec+freq+wr,matmul-blocked64-s1,train,matmul,matmul-blocked64,0.2,2,65800,32779,0
matmul_train,matmul,rec+sd+wr,matmul-blocked64-s1,train,matmul,matmul-blocked64,0.2,2,95788,32779,0
matmul_train,matmul,freq+sd+wr,matmul-blocked64-s1,train,matmul,matmul-blocked64,0.2,2,97074,32779,0
matmul_train,matmul,rec+freq+sd+wr,matmul-blocked64-s1,train,matmul,matmul-blocked64,0.2,2,96168,32779,0
matmul_train,matmul,ref,matmul-blocked64-s1,train,matmul,matmul-blocked64,0.2,2,98312,32779,0
matmul_train,matmul,aging,matmul-blocked64-s1,train,matmul,matmul-blocked64,0.2,2,98312,32779,0
matmul_train,matmul,sfreq,matmul-blocked64-s1,train,matmul,matmul-blocked64,0.2,2,434185,32778,0
matmul_train,matmul,idle,matmul-blocked64-s1,train,matmul,matmul-blocked64,0.2,2,98312,32779,0
matmul_train,matmul,age,matmul-blocked64-s1,train,matmul,matmul-blocked64,0.2,2,491561,21215,1
matmul_train,matmul,dirty,matmul-blocked64-s1,train,matmul,matmul-blocked64,0.2,2,65548,32779,0
matmul_train,matmul,refaults,matmul-blocked64-s1,train,matmul,matmul-blocked64,0.2,2,151954,32778,0
matmul_train,matmul,rdist,matmul-blocked64-s1,train,matmul,matmul-blocked64,0.2,2,151954,32778,0
matmul_train,matmul,ref+aging,matmul-blocked64-s1,train,matmul,matmul-blocked64,0.2,2,98312,32779,0
matmul_train,matmul,ref+sfreq,matmul-blocked64-s1,train,matmul,matmul-blocked64,0.2,2,434185,32778,0
matmul_train,matmul,ref+idle,matmul-blocked64-s1,train,matmul,matmul-blocked64,0.2,2,98312,32779,0
matmul_train,matmul,ref+age,matmul-blocked64-s1,train,matmul,matmul-blocked64,0.2,2,434185,32778,0
matmul_train,matmul,ref+dirty,matmul-blocked64-s1,train,matmul,matmul-blocked64,0.2,2,65548,32779,0
matmul_train,matmul,ref+refaults,matmul-blocked64-s1,train,matmul,matmul-blocked64,0.2,2,73739,32778,0
matmul_train,matmul,ref+rdist,matmul-blocked64-s1,train,matmul,matmul-blocked64,0.2,2,151954,32778,0
matmul_train,matmul,aging+sfreq,matmul-blocked64-s1,train,matmul,matmul-blocked64,0.2,2,434185,32778,0
matmul_train,matmul,aging+idle,matmul-blocked64-s1,train,matmul,matmul-blocked64,0.2,2,98312,32779,0
matmul_train,matmul,aging+age,matmul-blocked64-s1,train,matmul,matmul-blocked64,0.2,2,434185,32778,0
matmul_train,matmul,aging+dirty,matmul-blocked64-s1,train,matmul,matmul-blocked64,0.2,2,98312,32779,0
matmul_train,matmul,aging+refaults,matmul-blocked64-s1,train,matmul,matmul-blocked64,0.2,2,73739,32778,0
matmul_train,matmul,aging+rdist,matmul-blocked64-s1,train,matmul,matmul-blocked64,0.2,2,73259,32778,0
matmul_train,matmul,sfreq+idle,matmul-blocked64-s1,train,matmul,matmul-blocked64,0.2,2,65560,32779,0
matmul_train,matmul,sfreq+age,matmul-blocked64-s1,train,matmul,matmul-blocked64,0.2,2,434185,32778,0
matmul_train,matmul,sfreq+dirty,matmul-blocked64-s1,train,matmul,matmul-blocked64,0.2,2,434185,32778,0
matmul_train,matmul,sfreq+refaults,matmul-blocked64-s1,train,matmul,matmul-blocked64,0.2,2,434187,32779,0
matmul_train,matmul,sfreq+rdist,matmul-blocked64-s1,train,matmul,matmul-blocked64,0.2,2,434185,32778,0
matmul_train,matmul,idle+age,matmul-blocked64-s1,train,matmul,matmul-blocked64,0.2,2,65560,32779,0
matmul_train,matmul,idle+dirty,matmul-blocked64-s1,train,matmul,matmul-blocked64,0.2,2,98312,32779,0
matmul_train,matmul,idle+refaults,matmul-blocked64-s1,train,matmul,matmul-blocked64,0.2,2,73739,32778,0
matmul_train,matmul,idle+rdist,matmul-blocked64-s1,train,matmul,matmul-blocked64,0.2,2,73265,32778,0
matmul_train,matmul,age+dirty,matmul-blocked64-s1,train,matmul,matmul-blocked64,0.2,2,434198,32779,0
matmul_train,matmul,age+refaults,matmul-blocked64-s1,train,matmul,matmul-blocked64,0.2,2,491561,21215,1
matmul_train,matmul,age+rdist,matmul-blocked64-s1,train,matmul,matmul-blocked64,0.2,2,491561,21215,1
matmul_train,matmul,dirty+refaults,matmul-blocked64-s1,train,matmul,matmul-blocked64,0.2,2,151954,32778,0
matmul_train,matmul,dirty+rdist,matmul-blocked64-s1,train,matmul,matmul-blocked64,0.2,2,151954,32778,0
matmul_train,matmul,refaults+rdist,matmul-blocked64-s1,train,matmul,matmul-blocked64,0.2,2,151954,32778,0
matmul_train,matmul,ref+aging+sfreq,matmul-blocked64-s1,train,matmul,matmul-blocked64,0.2,2,65548,32778,0
matmul_train,matmul,ref+aging+idle,matmul-blocked64-s1,train,matmul,matmul-blocked64,0.2,2,98312,32779,0
matmul_train,matmul,ref+aging+age,matmul-blocked64-s1,train,matmul,matmul-blocked64,0.2,2,65548,32778,0
matmul_train,matmul,ref+aging+dirty,matmul-blocked64-s1,train,matmul,matmul-blocked64,0.2,2,65548,32779,0
matmul_train,matmul,ref+aging+refaults,matmul-blocked64-s1,train,matmul,matmul-blocked64,0.2,2,73739,32778,0
matmul_train,matmul,ref+aging+rdist,matmul-blocked64-s1,train,matmul,matmul-blocked64,0.2,2,73259,32778,0
matmul_train,matmul,ref+sfreq+idle,matmul-blocked64-s1,train,matmul,matmul-blocked64,0.2,2,65554,32779,0
matmul_train,matmul,ref+sfreq+age,matmul-blocked64-s1,train,matmul,matmul-blocked64,0.2,2,434185,32778,0
matmul_train,matmul,ref+sfreq+dirty,matmul-blocked64-s1,train,matmul,matmul-blocked64,0.2,2,434185,32778,0
matmul_train,matmul,ref+sfreq+refaults,matmul-blocked64-s1,train,matmul,matmul-blocked64,0.2,2,434185,32778,0
matmul_train,matmul,ref+sfreq+rdist,matmul-blocked64-s1,train,matmul,matmul-blocked64,0.2,2,434185,32778,0
matmul_train,matmul,ref+idle+age,matmul-blocked64-s1,train,matmul,matmul-blocked64,0.2,2,65548,32778,0
matmul_train,matmul,ref+idle+dirty,matmul-blocked64-s1,train,matmul,matmul-blocked64,0.2,2,65548,32779,0
matmul_train,matmul,ref+idle+refaults,matmul-blocked64-s1,train,matmul,matmul-blocked64,0.2,2,73739,32778,0
matmul_train,matmul,ref+idle+rdist,matmul-blocked64-s1,train,matmul,matmul-blocked64,0.2,2,73259,32778,0
matmul_train,matmul,ref+age+dirty,matmul-blocked64-s1,train,matmul,matmul-blocked64,0.2,2,434185,32778,0
matmul_train,matmul,ref+age+refaults,matmul-blocked64-s1,train,matmul,matmul-blocked64,0.2,2,434185,32778,0
matmul_train,matmul,ref+age+rdist,matmul-blocked64-s1,train,matmul,matmul-blocked64,0.2,2,434185,32778,0
matmul_train,matmul,ref+dirty+refaults,matmul-blocked64-s1,train,matmul,matmul-blocked64,0.2,2,65611,32778,0
matmul_train,matmul,ref+dirty+rdist,matmul-blocked64-s1,train,matmul,matmul-blocked64,0.2,2,151954,32778,0
matmul_train,matmul,ref+refaults+rdist,matmul-blocked64-s1,train,matmul,matmul-blocked64,0.2,2,151954,32778,0
matmul_train,matmul,aging+sfreq+idle,matmul-blocked64-s1,train,matmul,matmul-blocked64,0.2,2,434185,32778,0
matmul_train,matmul,aging+sfreq+age,matmul-blocked64-s1,train,matmul,matmul-blocked64,0.2,2,65548,32778,0
matmul_train,matmul,aging+sfreq+dirty,matmul-blocked64-s1,train,matmul,matmul-blocked64,0.2,2,434185,32778,0
matmul_train,matmul,aging+sfreq+refaults,matmul-blocked64-s1,train,matmul,matmul-blocked64,0.2,2,434185,32778,0
matmul_train,matmul,aging+sfreq+rdist,matmul-blocked64-s1,train,matmul,matmul-blocked64,0.2,2,434185,32778,0
matmul_train,matmul,aging+idle+age,matmul-blocked64-s1,train,matmul,matmul-blocked64,0.2,2,434185,32778,0
matmul_train,matmul,aging+idle+dirty,matmul-blocked64-s1,train,matmul,matmul-blocked64,0.2,2,65800,32779,0
matmul_train,matmul,aging+idle+refaults,matmul-blocked64-s1,train,matmul,matmul-blocked64,0.2,2,73739,32778,0
matmul_train,matmul,aging+idle+rdist,matmul-blocked64-s1,train,matmul,matmul-blocked64,0.2,2,73259,32778,0
matmul_train,matmul,aging+age+dirty,matmul-blocked64-s1,train,matmul,matmul-blocked64,0.2,2,434185,32778,0
matmul_train,matmul,aging+age+refaults,matmul-blocked64-s1,train,matmul,matmul-blocked64,0.2,2,434185,32778,0
matmul_train,matmul,aging+age+rdist,matmul-blocked64-s1,train,matmul,matmul-blocked64,0.2,2,434185,32778,0
matmul_train,matmul,aging+dirty+refaults,matmul-blocked64-s1,train,matmul,matmul-blocked64,0.2,2,65550,32778,0
matmul_train,matmul,aging+dirty+rdist,matmul-blocked64-s1,train,matmul,matmul-blocked64,0.2,2,151954,32778,0
matmul_train,matmul,aging+refaults+rdist,matmul-blocked64-s1,train,matmul,matmul-blocked64,0.2,2,73236,32778,0
matmul_train,matmul,sfreq+idle+age,matmul-blocked64-s1,train,matmul,matmul-blocked64,0.2,2,65548,32778,0
matmul_train,matmul,sfreq+idle+dirty,matmul-blocked64-s1,train,matmul,matmul-blocked64,0.2,2,65566,32779,0
matmul_train,matmul,sfreq+idle+refaults,matmul-blocked64-s1,train,matmul,matmul-blocked64,0.2,2,68986,32779,0
matmul_train,matmul,sfreq+idle+rdist,matmul-blocked64-s1,train,matmul,matmul-blocked64,0.2,2,65628,32779,0
matmul_train,matmul,sfreq+age+dirty,matmul-blocked64-s1,train,matmul,matmul-blocked64,0.2,2,434185,32778,0
matmul_train,matmul,sfreq+age+refaults,matmul-blocked64-s1,train,matmul,matmul-blocked64,0.2,2,434185,32778,0
matmul_train,matmul,sfreq+age+rdist,matmul-blocked64-s1,train,matmul,matmul-blocked64,0.2,2,434185,32778,0
matmul_train,matmul,sfreq+dirty+refaults,matmul-blocked64-s1,train,matmul,matmul-blocked64,0.2,2,434187,32779,0
matmul_train,matmul,sfreq+dirty+rdist,matmul-blocked64-s1,train,matmul,matmul-blocked64,0.2,2,434185,32778,0
matmul_train,matmul,sfreq+refaults+rdist,matmul-blocked64-s1,train,matmul,matmul-blocked64,0.2,2,434185,32778,0
matmul_train,matmul,idle+age+dirty,matmul-blocked64-s1,train,matmul,matmul-blocked64,0.2,2,65560,32779,0
matmul_train,matmul,idle+age+refaults,matmul-blocked64-s1,train,matmul,matmul-blocked64,0.2,2,67385,32779,0
matmul_train,matmul,idle+age+rdist,matmul-blocked64-s1,train,matmul,matmul-blocked64,0.2,2,65594,32779,0
matmul_train,matmul,idle+dirty+refaults,matmul-blocked64-s1,train,matmul,matmul-blocked64,0.2,2,65611,32778,0
matmul_train,matmul,idle+dirty+rdist,matmul-blocked64-s1,train,matmul,matmul-blocked64,0.2,2,65615,32778,0
matmul_train,matmul,idle+refaults+rdist,matmul-blocked64-s1,train,matmul,matmul-blocked64,0.2,2,73236,32778,0
matmul_train,matmul,age+dirty+refaults,matmul-blocked64-s1,train,matmul,matmul-blocked64,0.2,2,434198,32779,0
matmul_train,matmul,age+dirty+rdist,matmul-blocked64-s1,train,matmul,matmul-blocked64,0.2,2,434185,32778,0
matmul_train,matmul,age+refaults+rdist,matmul-blocked64-s1,train,matmul,matmul-blocked64,0.2,2,491561,21215,1
matmul_train,matmul,dirty+refaults+rdist,matmul-blocked64-s1,train,matmul,matmul-blocked64,0.2,2,151954,32778,0
matmul_train,matmul,ref+aging+sfreq+idle,matmul-blocked64-s1,train,matmul,matmul-blocked64,0.2,2,434185,32778,0
matmul_train,matmul,ref+aging+sfreq+age,matmul-blocked64-s1,train,matmul,matmul-blocked64,0.2,2,65548,32778,0
matmul_train,matmul,ref+aging+sfreq+dirty,matmul-blocked64-s1,train,matmul,matmul-blocked64,0.2,2,65548,32778,0
matmul_train,matmul,ref+aging+sfreq+refaults,matmul-blocked64-s1,train,matmul,matmul-blocked64,0.2,2,68801,32779,0
matmul_train,matmul,ref+aging+sfreq+rdist,matmul-blocked64-s1,train,matmul,matmul-blocked64,0.2,2,434185,32778,0
matmul_train,matmul,ref+aging+idle+age,matmul-blocked64-s1,train,matmul,matmul-blocked64,0.2,2,434185,32778,0
matmul_train,matmul,ref+aging+idle+dirty,matmul-blocked64-s1,train,matmul,matmul-blocked64,0.2,2,65548,32779,0
matmul_train,matmul,ref+aging+idle+refaults,matmul-blocked64-s1,train,matmul,matmul-blocked64,0.2,2,73739,32778,0
matmul_train,matmul,ref+aging+idle+rdist,matmul-blocked64-s1,train,matmul,matmul-blocked64,0.2,2,73761,32778,0
matmul_train,matmul,ref+aging+age+dirty,matmul-blocked64-s1,train,matmul,matmul-blocked64,0.2,2,65548,32778,0
matmul_train,matmul,ref+aging+age+refaults,matmul-blocked64-s1,train,matmul,matmul-blocked64,0.2,2,67357,32779,0
matmul_train,matmul,ref+aging+age+rdist,matmul-blocked64-s1,train,matmul,matmul-blocked64,0.2,2,434185,32778,0
matmul_train,matmul,ref+aging+dirty+refaults,matmul-blocked64-s1,train,matmul,matmul-blocked64,0.2,2,65548,32778,0
matmul_train,matmul,ref+aging+dirty+rdist,matmul-blocked64-s1,train,matmul,matmul-blocked64,0.2,2,65611,32778,0
matmul_train,matmul,ref+aging+refaults+rdist,matmul-blocked64-s1,train,matmul,matmul-blocked64,0.2,2,73235,32778,0
matmul_train,matmul,ref+sfreq+idle+age,matmul-blocked64-s1,train,matmul,matmul-blocked64,0.2,2,65548,32778,0
matmul_train,matmul,ref+sfreq+idle+dirty,matmul-blocked64-s1,train,matmul,matmul-blocked64,0.2,2,65548,32778,0
matmul_train,matmul,ref+sfreq+idle+refaults,matmul-blocked64-s1,train,matmul,matmul-blocked64,0.2,2,68802,32779,0
matmul_train,matmul,ref+sfreq+idle+rdist,matmul-blocked64-s1,train,matmul,matmul-blocked64,0.2,2,65568,32779,0
matmul_train,matmul,ref+sfreq+age+dirty,matmul-blocked64-s1,train,matmul,matmul-blocked64,0.2,2,434185,32778,0
matmul_train,matmul,ref+sfreq+age+refaults,matmul-blocked64-s1,train,matmul,matmul-blocked64,0.2,2,434185,32778,0
matmul_train,matmul,ref+sfreq+age+rdist,matmul-blocked64-s1,train,matmul,matmul-blocked64,0.2,2,491561,24587,1
matmul_train,matmul,ref+sfreq+dirty+refaults,matmul-blocked64-s1,train,matmul,matmul-blocked64,0.2,2,434185,32778,0
matmul_train,matmul,ref+sfreq+dirty+rdist,matmul-blocked64-s1,train,matmul,matmul-blocked64,0.2,2,434185,32778,0
matmul_train,matmul,ref+sfreq+refaults+rdist,matmul-blocked64-s1,train,matmul,matmul-blocked64,0.2,2,434185,32778,0
matmul_train,matmul,ref+idle+age+dirty,matmul-blocked64-s1,train,matmul,matmul-blocked64,0.2,2,65548,32778,0
matmul_train,matmul,ref+idle+age+refaults,matmul-blocked64-s1,train,matmul,matmul-blocked64,0.2,2,67007,32779,0
matmul_train,matmul,ref+idle+age+rdist,matmul-blocked64-s1,train,matmul,matmul-blocked64,0.2,2,65564,32779,0
matmul_train,matmul,ref+idle+dirty+refaults,matmul-blocked64-s1,train,matmul,matmul-blocked64,0.2,2,65611,32778,0
matmul_train,matmul,ref+idle+dirty+rdist,matmul-blocked64-s1,train,matmul,matmul-blocked64,0.2,2,65615,32778,0
matmul_train,matmul,ref+idle+refaults+rdist,matmul-blocked64-s1,train,matmul,matmul-blocked64,0.2,2,73235,32778,0
matmul_train,matmul,ref+age+dirty+refaults,matmul-blocked64-s1,train,matmul,matmul-blocked64,0.2,2,434185,32778,0
matmul_train,matmul,ref+age+dirty+rdist,matmul-blocked64-s1,train,matmul,matmul-blocked64,0.2,2,434185,32778,0
matmul_train,matmul,ref+age+refaults+rdist,matmul-blocked64-s1,train,matmul,matmul-blocked64,0.2,2,434185,32778,0
matmul_train,matmul,ref+dirty+refaults+rdist,matmul-blocked64-s1,train,matmul,matmul-blocked64,0.2,2,151954,32778,0
matmul_train,matmul,aging+sfreq+idle+age,matmul-blocked64-s1,train,matmul,matmul-blocked64,0.2,2,65548,32778,0
matmul_train,matmul,aging+sfreq+idle+dirty,matmul-blocked64-s1,train,matmul,matmul-blocked64,0.2,2,65566,32779,0
matmul_train,matmul,aging+sfreq+idle+refaults,matmul-blocked64-s1,train,matmul,matmul-blocked64,0.2,2,313001,32779,0
matmul_train,matmul,aging+sfreq+idle+rdist,matmul-blocked64-s1,train,matmul,matmul-blocked64,0.2,2,434185,32778,0
matmul_train,matmul,aging+sfreq+age+dirty,matmul-blocked64-s1,train,matmul,matmul-blocked64,0.2,2,65548,32778,0
matmul_train,matmul,aging+sfreq+age+refaults,matmul-blocked64-s1,train,matmul,matmul-blocked64,0.2,2,65566,32779,0
matmul_train,matmul,aging+sfreq+age+rdist,matmul-blocked64-s1,train,matmul,matmul-blocked64,0.2,2,65548,32778,0
matmul_train,matmul,aging+sfreq+dirty+refaults,matmul-blocked64-s1,train,matmul,matmul-blocked64,0.2,2,434185,32778,0
matmul_train,matmul,aging+sfreq+dirty+rdist,matmul-blocked64-s1,train,matmul,matmul-blocked64,0.2,2,434185,32778,0
matmul_train,matmul,aging+sfreq+refaults+rdist,matmul-blocked64-s1,train,matmul,matmul-blocked64,0.2,2,434185,32778,0
matmul_train,matmul,aging+idle+age+dirty,matmul-blocked64-s1,train,matmul,matmul-blocked64,0.2,2,65560,32779,0
matmul_train,matmul,aging+idle+age+refaults,matmul-blocked64-s1,train,matmul,matmul-blocked64,0.2,2,67419,32779,0
matmul_train,matmul,aging+idle+age+rdist,matmul-blocked64-s1,train,matmul,matmul-blocked64,0.2,2,434185,32778,0
matmul_train,matmul,aging+idle+dirty+refaults,matmul-blocked64-s1,train,matmul,matmul-blocked64,0.2,2,65611,32778,0
matmul_train,matmul,aging+idle+dirty+rdist,matmul-blocked64-s1,train,matmul,matmul-blocked64,0.2,2,65616,32778,0
matmul_train,matmul,aging+idle+refaults+rdist,matmul-blocked64-s1,train,matmul,matmul-blocked64,0.2,2,151954,32778,0
matmul_train,matmul,aging+age+dirty+refaults,matmul-blocked64-s1,train,matmul,matmul-blocked64,0.2,2,434185,32778,0
matmul_train,matmul,aging+age+dirty+rdist,matmul-blocked64-s1,train,matmul,matmul-blocked64,0.2,2,434185,32778,0
matmul_train,matmul,aging+age+refaults+rdist,matmul-blocked64-s1,train,matmul,matmul-blocked64,0.2,2,434185,32778,0
matmul_train,matmul,aging+dirty+refaults+rdist,matmul-blocked64-s1,train,matmul,matmul-blocked64,0.2,2,151954,32778,0
matmul_train,matmul,sfreq+idle+age+dirty,matmul-blocked64-s1,train,matmul,matmul-blocked64,0.2,2,65548,32778,0
matmul_train,matmul,sfreq+idle+age+refaults,matmul-blocked64-s1,train,matmul,matmul-blocked64,0.2,2,65576,32779,0
matmul_train,matmul,sfreq+idle+age+rdist,matmul-blocked64-s1,train,matmul,matmul-blocked64,0.2,2,65548,32778,0
matmul_train,matmul,sfreq+idle+dirty+refaults,matmul-blocked64-s1,train,matmul,matmul-blocked64,0.2,2,65880,32779,0
matmul_train,matmul,sfreq+idle+dirty+rdist,matmul-blocked64-s1,train,matmul,matmul-blocked64,0.2,2,65732,32779,0
matmul_train,matmul,sfreq+idle+refaults+rdist,matmul-blocked64-s1,train,matmul,matmul-blocked64,0.2,2,66372,32779,0
matmul_train,matmul,sfreq+age+dirty+refaults,matmul-blocked64-s1,train,matmul,matmul-blocked64,0.2,2,434185,32778,0
matmul_train,matmul,sfreq+age+dirty+rdist,matmul-blocked64-s1,train,matmul,matmul-blocked64,0.2,2,434185,32778,0
matmul_train,matmul,sfreq+age+refaults+rdist,matmul-blocked64-s1,train,matmul,matmul-blocked64,0.2,2,434185,32778,0
matmul_train,matmul,sfreq+dirty+refaults+rdist,matmul-blocked64-s1,train,matmul,matmul-blocked64,0.2,2,434185,32778,0
matmul_train,matmul,idle+age+dirty+refaults,matmul-blocked64-s1,train,matmul,matmul-blocked64,0.2,2,65834,32779,0
matmul_train,matmul,idle+age+dirty+rdist,matmul-blocked64-s1,train,matmul,matmul-blocked64,0.2,2,65636,32779,0
matmul_train,matmul,idle+age+refaults+rdist,matmul-blocked64-s1,train,matmul,matmul-blocked64,0.2,2,65992,32779,0
matmul_train,matmul,idle+dirty+refaults+rdist,matmul-blocked64-s1,train,matmul,matmul-blocked64,0.2,2,65619,32778,0
matmul_train,matmul,age+dirty+refaults+rdist,matmul-blocked64-s1,train,matmul,matmul-blocked64,0.2,2,434185,32778,0
matmul_train,matmul,ref+aging+sfreq+idle+age,matmul-blocked64-s1,train,matmul,matmul-blocked64,0.2,2,65548,32778,0
matmul_train,matmul,ref+aging+sfreq+idle+dirty,matmul-blocked64-s1,train,matmul,matmul-blocked64,0.2,2,65548,32778,0
matmul_train,matmul,ref+aging+sfreq+idle+refaults,matmul-blocked64-s1,train,matmul,matmul-blocked64,0.2,2,311770,32779,0
matmul_train,matmul,ref+aging+sfreq+idle+rdist,matmul-blocked64-s1,train,matmul,matmul-blocked64,0.2,2,434185,32778,0
matmul_train,matmul,ref+aging+sfreq+age+dirty,matmul-blocked64-s1,train,matmul,matmul-blocked64,0.2,2,65552,32779,0
matmul_train,matmul,ref+aging+sfreq+age+refaults,matmul-blocked64-s1,train,matmul,matmul-blocked64,0.2,2,65556,32779,0
matmul_train,matmul,ref+aging+sfreq+age+rdist,matmul-blocked64-s1,train,matmul,matmul-blocked64,0.2,2,65548,32778,0
matmul_train,matmul,ref+aging+sfreq+dirty+refaults,matmul-blocked64-s1,train,matmul,matmul-blocked64,0.2,2,65551,32779,0
matmul_train,matmul,ref+aging+sfreq+dirty+rdist,matmul-blocked64-s1,train,matmul,matmul-blocked64,0.2,2,311306,32778,0
matmul_train,matmul,ref+aging+sfreq+refaults+rdist,matmul-blocked64-s1,train,matmul,matmul-blocked64,0.2,2,434185,32778,0
matmul_train,matmul,ref+aging+idle+age+dirty,matmul-blocked64-s1,train,matmul,matmul-blocked64,0.2,2,65548,32778,0
matmul_train,matmul,ref+aging+idle+age+refaults,matmul-blocked64-s1,train,matmul,matmul-blocked64,0.2,2,311571,32779,0
matmul_train,matmul,ref+aging+idle+age+rdist,matmul-blocked64-s1,train,matmul,matmul-blocked64,0.2,2,434185,32778,0
matmul_train,matmul,ref+aging+idle+dirty+refaults,matmul-blocked64-s1,train,matmul,matmul-blocked64,0.2,2,65548,32778,0
matmul_train,matmul,ref+aging+idle+dirty+rdist,matmul-blocked64-s1,train,matmul,matmul-blocked64,0.2,2,65611,32778,0
matmul_train,matmul,ref+aging+idle+refaults+rdist,matmul-blocked64-s1,train,matmul,matmul-blocked64,0.2,2,73667,32778,0
matmul_train,matmul,ref+aging+age+dirty+refaults,matmul-blocked64-s1,train,matmul,matmul-blocked64,0.2,2,65551,32779,0
matmul_train,matmul,ref+aging+age+dirty+rdist,matmul-blocked64-s1,train,matmul,matmul-blocked64,0.2,2,434185,32778,0
matmul_train,matmul,ref+aging+age+refaults+rdist,matmul-blocked64-s1,train,matmul,matmul-blocked64,0.2,2,434185,32778,0
matmul_train,matmul,ref+aging+dirty+refaults+rdist,matmul-blocked64-s1,train,matmul,matmul-blocked64,0.2,2,65615,32778,0
matmul_train,matmul,ref+sfreq+idle+age+dirty,matmul-blocked64-s1,train,matmul,matmul-blocked64,0.2,2,65548,32778,0
matmul_train,matmul,ref+sfreq+idle+age+refaults,matmul-blocked64-s1,train,matmul,matmul-blocked64,0.2,2,65626,32779,0
matmul_train,matmul,ref+sfreq+idle+age+rdist,matmul-blocked64-s1,train,matmul,matmul-blocked64,0.2,2,65548,32778,0
matmul_train,matmul,ref+sfreq+idle+dirty+refaults,matmul-blocked64-s1,train,matmul,matmul-blocked64,0.2,2,65572,32779,0
matmul_train,matmul,ref+sfreq+idle+dirty+rdist,matmul-blocked64-s1,train,matmul,matmul-blocked64,0.2,2,65560,32779,0
matmul_train,matmul,ref+sfreq+idle+refaults+rdist,matmul-blocked64-s1,train,matmul,matmul-blocked64,0.2,2,66334,32779,0
matmul_train,matmul,ref+sfreq+age+dirty+refaults,matmul-blocked64-s1,train,matmul,matmul-blocked64,0.2,2,434185,32778,0
matmul_train,matmul,ref+sfreq+age+dirty+rdist,matmul-blocked64-s1,train,matmul,matmul-blocked64,0.2,2,434185,32778,0
matmul_train,matmul,ref+sfreq+age+refaults+rdist,matmul-blocked64-s1,train,matmul,matmul-blocked64,0.2,2,491561,24587,1
matmul_train,matmul,ref+sfreq+dirty+refaults+rdist,matmul-blocked64-s1,train,matmul,matmul-blocked64,0.2,2,434185,32778,0
matmul_train,matmul,ref+idle+age+dirty+refaults,matmul-blocked64-s1,train,matmul,matmul-blocked64,0.2,2,65578,32779,0
matmul_train,matmul,ref+idle+age+dirty+rdist,matmul-blocked64-s1,train,matmul,matmul-blocked64,0.2,2,65556,32779,0
matmul_train,matmul,ref+idle+age+refaults+rdist,matmul-blocked64-s1,train,matmul,matmul-blocked64,0.2,2,65973,32779,0
matmul_train,matmul,ref+idle+dirty+refaults+rdist,matmul-blocked64-s1,train,matmul,matmul-blocked64,0.2,2,65616,32778,0
matmul_train,matmul,ref+age+dirty+refaults+rdist,matmul-blocked64-s1,train,matmul,matmul-blocked64,0.2,2,434185,32778,0
matmul_train,matmul,aging+sfreq+idle+age+dirty,matmul-blocked64-s1,train,matmul,matmul-blocked64,0.2,2,65548,32778,0
matmul_train,matmul,aging+sfreq+idle+age+refaults,matmul-blocked64-s1,train,matmul,matmul-blocked64,0.2,2,65566,32779,0
matmul_train,matmul,aging+sfreq+idle+age+rdist,matmul-blocked64-s1,train,matmul,matmul-blocked64,0.2,2,65548,32778,0
matmul_train,matmul,aging+sfreq+idle+dirty+refaults,matmul-blocked64-s1,train,matmul,matmul-blocked64,0.2,2,65905,32779,0
matmul_train,matmul,aging+sfreq+idle+dirty+rdist,matmul-blocked64-s1,train,matmul,matmul-blocked64,0.2,2,65582,32779,0
matmul_train,matmul,aging+sfreq+idle+refaults+rdist,matmul-blocked64-s1,train,matmul,matmul-blocked64,0.2,2,162723,32779,0
matmul_train,matmul,aging+sfreq+age+dirty+refaults,matmul-blocked64-s1,train,matmul,matmul-blocked64,0.2,2,65624,32779,0
matmul_train,matmul,aging+sfreq+age+dirty+rdist,matmul-blocked64-s1,train,matmul,matmul-blocked64,0.2,2,65548,32778,0
matmul_train,matmul,aging+sfreq+age+refaults+rdist,matmul-blocked64-s1,train,matmul,matmul-blocked64,0.2,2,65548,32778,0
matmul_train,matmul,aging+sfreq+dirty+refaults+rdist,matmul-blocked64-s1,train,matmul,matmul-blocked64,0.2,2,434185,32778,0
matmul_train,matmul,aging+idle+age+dirty+refaults,matmul-blocked64-s1,train,matmul,matmul-blocked64,0.2,2,65844,32779,0
matmul_train,matmul,aging+idle+age+dirty+rdist,matmul-blocked64-s1,train,matmul,matmul-blocked64,0.2,2,65580,32779,0
matmul_train,matmul,aging+idle+age+refaults+rdist,matmul-blocked64-s1,train,matmul,matmul-blocked64,0.2,2,66422,32779,0
matmul_train,matmul,aging+idle+dirty+refaults+rdist,matmul-blocked64-s1,train,matmul,matmul-blocked64,0.2,2,65617,32778,0
matmul_train,matmul,aging+age+dirty+refaults+rdist,matmul-blocked64-s1,train,matmul,matmul-blocked64,0.2,2,434185,32778,0
matmul_train,matmul,sfreq+idle+age+dirty+refaults,matmul-blocked64-s1,train,matmul,matmul-blocked64,0.2,2,65732,32779,0
matmul_train,matmul,sfreq+idle+age+dirty+rdist,matmul-blocked64-s1,train,matmul,matmul-blocked64,0.2,2,65548,32778,0
matmul_train,matmul,sfreq+idle+age+refaults+rdist,matmul-blocked64-s1,train,matmul,matmul-blocked64,0.2,2,65548,32778,0
matmul_train,matmul,sfreq+idle+dirty+refaults+rdist,matmul-blocked64-s1,train,matmul,matmul-blocked64,0.2,2,65752,32779,0
matmul_train,matmul,sfreq+age+dirty+refaults+rdist,matmul-blocked64-s1,train,matmul,matmul-blocked64,0.2,2,434185,32778,0
matmul_train,matmul,idle+age+dirty+refaults+rdist,matmul-blocked64-s1,train,matmul,matmul-blocked64,0.2,2,65785,32779,0
matmul_train,matmul,ref+aging+sfreq+idle+age+dirty,matmul-blocked64-s1,train,matmul,matmul-blocked64,0.2,2,65548,32778,0
matmul_train,matmul,ref+aging+sfreq+idle+age+refaults,matmul-blocked64-s1,train,matmul,matmul-blocked64,0.2,2,65555,32779,0
matmul_train,matmul,ref+aging+sfreq+idle+age+rdist,matmul-blocked64-s1,train,matmul,matmul-blocked64,0.2,2,65548,32778,0
matmul_train,matmul,ref+aging+sfreq+idle+dirty+refaults,matmul-blocked64-s1,train,matmul,matmul-blocked64,0.2,2,65551,32779,0
matmul_train,matmul,ref+aging+sfreq+idle+dirty+rdist,matmul-blocked64-s1,train,matmul,matmul-blocked64,0.2,2,311306,32778,0
matmul_train,matmul,ref+aging+sfreq+idle+refaults+rdist,matmul-blocked64-s1,train,matmul,matmul-blocked64,0.2,2,434185,32778,0
matmul_train,matmul,ref+aging+sfreq+age+dirty+refaults,matmul-blocked64-s1,train,matmul,matmul-blocked64,0.2,2,65552,32779,0
matmul_train,matmul,ref+aging+sfreq+age+dirty+rdist,matmul-blocked64-s1,train,matmul,matmul-blocked64,0.2,2,65548,32778,0
matmul_train,matmul,ref+aging+sfreq+age+refaults+rdist,matmul-blocked64-s1,train,matmul,matmul-blocked64,0.2,2,65548,32778,0
matmul_train,matmul,ref+aging+sfreq+dirty+refaults+rdist,matmul-blocked64-s1,train,matmul,matmul-blocked64,0.2,2,434185,32778,0
matmul_train,matmul,ref+aging+idle+age+dirty+refaults,matmul-blocked64-s1,train,matmul,matmul-blocked64,0.2,2,65551,32779,0
matmul_train,matmul,ref+aging+idle+age+dirty+rdist,matmul-blocked64-s1,train,matmul,matmul-blocked64,0.2,2,434185,32778,0
matmul_train,matmul,ref+aging+idle+age+refaults+rdist,matmul-blocked64-s1,train,matmul,matmul-blocked64,0.2,2,434185,32778,0
matmul_train,matmul,ref+aging+idle+dirty+refaults+rdist,matmul-blocked64-s1,train,matmul,matmul-blocked64,0.2,2,65615,32778,0
matmul_train,matmul,ref+aging+age+dirty+refaults+rdist,matmul-blocked64-s1,train,matmul,matmul-blocked64,0.2,2,434185,32778,0
matmul_train,matmul,ref+sfreq+idle+age+dirty+refaults,matmul-blocked64-s1,train,matmul,matmul-blocked64,0.2,2,65633,32779,0
matmul_train,matmul,ref+sfreq+idle+age+dirty+rdist,matmul-blocked64-s1,train,matmul,matmul-blocked64,0.2,2,65548,32778,0
matmul_train,matmul,ref+sfreq+idle+age+refaults+rdist,matmul-blocked64-s1,train,matmul,matmul-blocked64,0.2,2,65548,32778,0
matmul_train,matmul,ref+sfreq+idle+dirty+refaults+rdist,matmul-blocked64-s1,train,matmul,matmul-blocked64,0.2,2,65603,32779,0
matmul_train,matmul,ref+sfreq+age+dirty+refaults+rdist,matmul-blocked64-s1,train,matmul,matmul-blocked64,0.2,2,434185,32778,0
matmul_train,matmul,ref+idle+age+dirty+refaults+rdist,matmul-blocked64-s1,train,matmul,matmul-blocked64,0.2,2,65584,32779,0
matmul_train,matmul,aging+sfreq+idle+age+dirty+refaults,matmul-blocked64-s1,train,matmul,matmul-blocked64,0.2,2,65666,32779,0
matmul_train,matmul,aging+sfreq+idle+age+dirty+rdist,matmul-blocked64-s1,train,matmul,matmul-blocked64,0.2,2,65548,32778,0
matmul_train,matmul,aging+sfreq+idle+age+refaults+rdist,matmul-blocked64-s1,train,matmul,matmul-blocked64,0.2,2,65548,32778,0
matmul_train,matmul,aging+sfreq+idle+dirty+refaults+rdist,matmul-blocked64-s1,train,matmul,matmul-blocked64,0.2,2,65642,32779,0
matmul_train,matmul,aging+sfreq+age+dirty+refaults+rdist,matmul-blocked64-s1,train,matmul,matmul-blocked64,0.2,2,65548,32778,0
matmul_train,matmul,aging+idle+age+dirty+refaults+rdist,matmul-blocked64-s1,train,matmul,matmul-blocked64,0.2,2,65612,32779,0
matmul_train,matmul,sfreq+idle+age+dirty+refaults+rdist,matmul-blocked64-s1,train,matmul,matmul-blocked64,0.2,2,65548,32778,0
matmul_train,matmul,ref+aging+sfreq+idle+age+dirty+refaults,matmul-blocked64-s1,train,matmul,matmul-blocked64,0.2,2,65551,32779,0
matmul_train,matmul,ref+aging+sfreq+idle+age+dirty+rdist,matmul-blocked64-s1,train,matmul,matmul-blocked64,0.2,2,65548,32778,0
matmul_train,matmul,ref+aging+sfreq+idle+age+refaults+rdist,matmul-blocked64-s1,train,matmul,matmul-blocked64,0.2,2,65548,32778,0
matmul_train,matmul,ref+aging+sfreq+idle+dirty+refaults+rdist,matmul-blocked64-s1,train,matmul,matmul-blocked64,0.2,2,65632,32779,0
matmul_train,matmul,ref+aging+sfreq+age+dirty+refaults+rdist,matmul-blocked64-s1,train,matmul,matmul-blocked64,0.2,2,65548,32778,0
matmul_train,matmul,ref+aging+idle+age+dirty+refaults+rdist,matmul-blocked64-s1,train,matmul,matmul-blocked64,0.2,2,65591,32779,0
matmul_train,matmul,ref+sfreq+idle+age+dirty+refaults+rdist,matmul-blocked64-s1,train,matmul,matmul-blocked64,0.2,2,65548,32778,0
matmul_train,matmul,aging+sfreq+idle+age+dirty+refaults+rdist,matmul-blocked64-s1,train,matmul,matmul-blocked64,0.2,2,65548,32778,0
matmul_train,matmul,ref+aging+sfreq+idle+age+dirty+refaults+rdist,matmul-blocked64-s1,train,matmul,matmul-blocked64,0.2,2,65548,32778,0
matmul_train,matmul,rec+ref+aging+sfreq+idle+age+dirty,matmul-blocked64-s1,train,matmul,matmul-blocked64,0.2,2,491561,21216,1
matmul_train,matmul,rec+ref+aging+sfreq+idle+age+dirty+refaults+rdist,matmul-blocked64-s1,train,matmul,matmul-blocked64,0.2,2,65548,32778,0
matmul_train,matmul,freq+ref+aging+sfreq+idle+age+dirty,matmul-blocked64-s1,train,matmul,matmul-blocked64,0.2,2,65580,32778,0
matmul_train,matmul,freq+ref+aging+sfreq+idle+age+dirty+refaults+rdist,matmul-blocked64-s1,train,matmul,matmul-blocked64,0.2,2,65548,32778,0
matmul_train,matmul,sd+ref+aging+sfreq+idle+age+dirty,matmul-blocked64-s1,train,matmul,matmul-blocked64,0.2,2,65800,32779,0
matmul_train,matmul,sd+ref+aging+sfreq+idle+age+dirty+refaults+rdist,matmul-blocked64-s1,train,matmul,matmul-blocked64,0.2,2,65552,32778,0
matmul_train,matmul,wr+ref+aging+sfreq+idle+age+dirty,matmul-blocked64-s1,train,matmul,matmul-blocked64,0.2,2,65548,32778,0
matmul_train,matmul,wr+ref+aging+sfreq+idle+age+dirty+refaults+rdist,matmul-blocked64-s1,train,matmul,matmul-blocked64,0.2,2,65548,32778,0
matmul_train,matmul,rec+freq+ref+aging+sfreq+idle+age+dirty,matmul-blocked64-s1,train,matmul,matmul-blocked64,0.2,2,491561,21216,1
matmul_train,matmul,rec+freq+ref+aging+sfreq+idle+age+dirty+refaults+rdist,matmul-blocked64-s1,train,matmul,matmul-blocked64,0.2,2,65548,32778,0
matmul_train,matmul,rec+sd+ref+aging+sfreq+idle+age+dirty,matmul-blocked64-s1,train,matmul,matmul-blocked64,0.2,2,65804,32779,0
matmul_train,matmul,rec+sd+ref+aging+sfreq+idle+age+dirty+refaults+rdist,matmul-blocked64-s1,train,matmul,matmul-blocked64,0.2,2,65552,32778,0
matmul_train,matmul,rec+wr+ref+aging+sfreq+idle+age+dirty,matmul-blocked64-s1,train,matmul,matmul-blocked64,0.2,2,434185,32778,0
matmul_train,matmul,rec+wr+ref+aging+sfreq+idle+age+dirty+refaults+rdist,matmul-blocked64-s1,train,matmul,matmul-blocked64,0.2,2,65548,32778,0
matmul_train,matmul,freq+sd+ref+aging+sfreq+idle+age+dirty,matmul-blocked64-s1,train,matmul,matmul-blocked64,0.2,2,70241,32779,0
matmul_train,matmul,freq+sd+ref+aging+sfreq+idle+age+dirty+refaults+rdist,matmul-blocked64-s1,train,matmul,matmul-blocked64,0.2,2,65552,32778,0
matmul_train,matmul,freq+wr+ref+aging+sfreq+idle+age+dirty,matmul-blocked64-s1,train,matmul,matmul-blocked64,0.2,2,65548,32778,0
matmul_train,matmul,freq+wr+ref+aging+sfreq+idle+age+dirty+refaults+rdist,matmul-blocked64-s1,train,matmul,matmul-blocked64,0.2,2,65548,32778,0
matmul_train,matmul,sd+wr+ref+aging+sfreq+idle+age+dirty,matmul-blocked64-s1,train,matmul,matmul-blocked64,0.2,2,82400,32779,0
matmul_train,matmul,sd+wr+ref+aging+sfreq+idle+age+dirty+refaults+rdist,matmul-blocked64-s1,train,matmul,matmul-blocked64,0.2,2,65552,32778,0
matmul_train,matmul,rec+freq+sd+ref+aging+sfreq+idle+age+dirty,matmul-blocked64-s1,train,matmul,matmul-blocked64,0.2,2,491561,21216,1
matmul_train,matmul,rec+freq+sd+ref+aging+sfreq+idle+age+dirty+refaults+rdist,matmul-blocked64-s1,train,matmul,matmul-blocked64,0.2,2,65552,32778,0
matmul_train,matmul,rec+freq+wr+ref+aging+sfreq+idle+age+dirty,matmul-blocked64-s1,train,matmul,matmul-blocked64,0.2,2,65548,32778,0
matmul_train,matmul,rec+freq+wr+ref+aging+sfreq+idle+age+dirty+refaults+rdist,matmul-blocked64-s1,train,matmul,matmul-blocked64,0.2,2,65548,32778,0
matmul_train,matmul,rec+sd+wr+ref+aging+sfreq+idle+age+dirty,matmul-blocked64-s1,train,matmul,matmul-blocked64,0.2,2,76888,32779,0
matmul_train,matmul,rec+sd+wr+ref+aging+sfreq+idle+age+dirty+refaults+rdist,matmul-blocked64-s1,train,matmul,matmul-blocked64,0.2,2,65552,32778,0
matmul_train,matmul,freq+sd+wr+ref+aging+sfreq+idle+age+dirty,matmul-blocked64-s1,train,matmul,matmul-blocked64,0.2,2,82076,32779,0
matmul_train,matmul,freq+sd+wr+ref+aging+sfreq+idle+age+dirty+refaults+rdist,matmul-blocked64-s1,train,matmul,matmul-blocked64,0.2,2,65552,32778,0
matmul_train,matmul,rec+freq+sd+wr+ref+aging+sfreq+idle+age+dirty,matmul-blocked64-s1,train,matmul,matmul-blocked64,0.2,2,76825,32779,0
matmul_train,matmul,rec+freq+sd+wr+ref+aging+sfreq+idle+age+dirty+refaults+rdist,matmul-blocked64-s1,train,matmul,matmul-blocked64,0.2,2,65552,32778,0
matmul_train,global,rec,matmul-blocked64-s1,train,matmul,matmul-blocked64,0.2,2,98312,32779,0
matmul_train,global,freq,matmul-blocked64-s1,train,matmul,matmul-blocked64,0.2,2,436573,32610,0
matmul_train,global,sd,matmul-blocked64-s1,train,matmul,matmul-blocked64,0.2,2,98312,32779,0
matmul_train,global,wr,matmul-blocked64-s1,train,matmul,matmul-blocked64,0.2,2,65548,32779,0
matmul_train,global,rec+freq,matmul-blocked64-s1,train,matmul,matmul-blocked64,0.2,2,96755,32779,0
matmul_train,global,rec+sd,matmul-blocked64-s1,train,matmul,matmul-blocked64,0.2,2,98312,32779,0
matmul_train,global,rec+wr,matmul-blocked64-s1,train,matmul,matmul-blocked64,0.2,2,98312,32779,0
matmul_train,global,freq+sd,matmul-blocked64-s1,train,matmul,matmul-blocked64,0.2,2,93765,32777,0
matmul_train,global,freq+wr,matmul-blocked64-s1,train,matmul,matmul-blocked64,0.2,2,435408,32693,0
matmul_train,global,sd+wr,matmul-blocked64-s1,train,matmul,matmul-blocked64,0.2,2,98312,32779,0
matmul_train,global,rec+freq+sd,matmul-blocked64-s1,train,matmul,matmul-blocked64,0.2,2,66292,32779,0
matmul_train,global,rec+freq+wr,matmul-blocked64-s1,train,matmul,matmul-blocked64,0.2,2,97860,32779,0
matmul_train,global,rec+sd+wr,matmul-blocked64-s1,train,matmul,matmul-blocked64,0.2,2,98312,32779,0
matmul_train,global,freq+sd+wr,matmul-blocked64-s1,train,matmul,matmul-blocked64,0.2,2,94044,32776,0
matmul_train,global,rec+freq+sd+wr,matmul-blocked64-s1,train,matmul,matmul-blocked64,0.2,2,66289,32779,0
matmul_train,global,ref,matmul-blocked64-s1,train,matmul,matmul-blocked64,0.2,2,98312,32779,0
matmul_train,global,aging,matmul-blocked64-s1,train,matmul,matmul-blocked64,0.2,2,98312,32779,0
matmul_train,global,sfreq,matmul-blocked64-s1,train,matmul,matmul-blocked64,0.2,2,434185,32778,0
matmul_train,global,idle,matmul-blocked64-s1,train,matmul,matmul-blocked64,0.2,2,98312,32779,0
matmul_train,global,age,matmul-blocked64-s1,train,matmul,matmul-blocked64,0.2,2,98312,32779,0
matmul_train,global,dirty,matmul-blocked64-s1,train,matmul,matmul-blocked64,0.2,2,65548,32779,0
matmul_train,global,refaults,matmul-blocked64-s1,train,matmul,matmul-blocked64,0.2,2,99821,32779,0
matmul_train,global,rdist,matmul-blocked64-s1,train,matmul,matmul-blocked64,0.2,2,151954,32778,0
matmul_train,global,ref+aging,matmul-blocked64-s1,train,matmul,matmul-blocked64,0.2,2,98312,32779,0
matmul_train,global,ref+sfreq,matmul-blocked64-s1,train,matmul,matmul-blocked64,0.2,2,65548,32778,0
matmul_train,global,ref+idle,matmul-blocked64-s1,train,matmul,matmul-blocked64,0.2,2,98312,32779,0
matmul_train,global,ref+age,matmul-blocked64-s1,train,matmul,matmul-blocked64,0.2,2,98312,32779,0
matmul_train,global,ref+dirty,matmul-blocked64-s1,train,matmul,matmul-blocked64,0.2,2,98312,32779,0
matmul_train,global,ref+refaults,matmul-blocked64-s1,train,matmul,matmul-blocked64,0.2,2,98186,32779,0
matmul_train,global,ref+rdist,matmul-blocked64-s1,train,matmul,matmul-blocked64,0.2,2,73769,32778,0
matmul_train,global,aging+sfreq,matmul-blocked64-s1,train,matmul,matmul-blocked64,0.2,2,65548,32778,0
matmul_train,global,aging+idle,matmul-blocked64-s1,train,matmul,matmul-blocked64,0.2,2,98312,32779,0
matmul_train,global,aging+age,matmul-blocked64-s1,train,matmul,matmul-blocked64,0.2,2,65548,32778,0
matmul_train,global,aging+dirty,matmul-blocked64-s1,train,matmul,matmul-blocked64,0.2,2,98312,32779,0
matmul_train,global,aging+refaults,matmul-blocked64-s1,train,matmul,matmul-blocked64,0.2,2,98103,32779,0
matmul_train,global,aging+rdist,matmul-blocked64-s1,train,matmul,matmul-blocked64,0.2,2,73769,32778,0
matmul_train,global,sfreq+idle,matmul-blocked64-s1,train,matmul,matmul-blocked64,0.2,2,65554,32779,0
matmul_train,global,sfreq+age,matmul-blocked64-s1,train,matmul,matmul-blocked64,0.2,2,98312,32779,0
matmul_train,global,sfreq+dirty,matmul-blocked64-s1,train,matmul,matmul-blocked64,0.2,2,434185,32778,0
matmul_train,global,sfreq+refaults,matmul-blocked64-s1,train,matmul,matmul-blocked64,0.2,2,491561,21631,1
matmul_train,global,sfreq+rdist,matmul-blocked64-s1,train,matmul,matmul-blocked64,0.2,2,151954,32778,0
matmul_train,global,idle+age,matmul-blocked64-s1,train,matmul,matmul-blocked64,0.2,2,65548,32778,0
matmul_train,global,idle+dirty,matmul-blocked64-s1,train,matmul,matmul-blocked64,0.2,2,98312,32779,0
matmul_train,global,idle+refaults,matmul-blocked64-s1,train,matmul,matmul-blocked64,0.2,2,97055,32779,0
matmul_train,global,idle+rdist,matmul-blocked64-s1,train,matmul,matmul-blocked64,0.2,2,73259,32778,0
matmul_train,global,age+dirty,matmul-blocked64-s1,train,matmul,matmul-blocked64,0.2,2,98312,32779,0
matmul_train,global,age+refaults,matmul-blocked64-s1,train,matmul,matmul-blocked64,0.2,2,480945,29509,0
matmul_train,global,age+rdist,matmul-blocked64-s1,train,matmul,matmul-blocked64,0.2,2,97981,32779,0
matmul_train,global,dirty+refaults,matmul-blocked64-s1,train,matmul,matmul-blocked64,0.2,2,119306,32779,0
matmul_train,global,dirty+rdist,matmul-blocked64-s1,train,matmul,matmul-blocked64,0.2,2,151954,32778,0
matmul_train,global,refaults+rdist,matmul-blocked64-s1,train,matmul,matmul-blocked64,0.2,2,100055,32779,0
matmul_train,global,ref+aging+sfreq,matmul-blocked64-s1,train,matmul,matmul-blocked64,0.2,2,65548,32778,0
matmul_train,global,ref+aging+idle,matmul-blocked64-s1,train,matmul,matmul-blocked64,0.2,2,98312,32779,0
matmul_train,global,ref+aging+age,matmul-blocked64-s1,train,matmul,matmul-blocked64,0.2,2,65548,32778,0
matmul_train,global,ref+aging+dirty,matmul-blocked64-s1,train,matmul,matmul-blocked64,0.2,2,98312,32779,0
matmul_train,global,ref+aging+refaults,matmul-blocked64-s1,train,matmul,matmul-blocked64,0.2,2,97890,32779,0
matmul_train,global,ref+aging+rdist,matmul-blocked64-s1,train,matmul,matmul-blocked64,0.2,2,73769,32778,0
matmul_train,global,ref+sfreq+idle,matmul-blocked64-s1,train,matmul,matmul-blocked64,0.2,2,65548,32778,0
matmul_train,global,ref+sfreq+age,matmul-blocked64-s1,train,matmul,matmul-blocked64,0.2,2,98312,32779,0
matmul_train,global,ref+sfreq+dirty,matmul-blocked64-s1,train,matmul,matmul-blocked64,0.2,2,65548,32778,0
matmul_train,global,ref+sfreq+refaults,matmul-blocked64-s1,train,matmul,matmul-blocked64,0.2,2,342966,32779,0
matmul_train,global,ref+sfreq+rdist,matmul-blocked64-s1,train,matmul,matmul-blocked64,0.2,2,65548,32778,0
matmul_train,global,ref+idle+age,matmul-blocked64-s1,train,matmul,matmul-blocked64,0.2,2,65548,32778,0
matmul_train,global,ref+idle+dirty,matmul-blocked64-s1,train,matmul,matmul-blocked64,0.2,2,98312,32779,0
matmul_train,global,ref+idle+refaults,matmul-blocked64-s1,train,matmul,matmul-blocked64,0.2,2,97962,32779,0
matmul_train,global,ref+idle+rdist,matmul-blocked64-s1,train,matmul,matmul-blocked64,0.2,2,73769,32778,0
matmul_train,global,ref+age+dirty,matmul-blocked64-s1,train,matmul,matmul-blocked64,0.2,2,98312,32779,0
matmul_train,global,ref+age+refaults,matmul-blocked64-s1,train,matmul,matmul-blocked64,0.2,2,76665,32779,0
matmul_train,global,ref+age+rdist,matmul-blocked64-s1,train,matmul,matmul-blocked64,0.2,2,73769,32778,0
matmul_train,global,ref+dirty+refaults,matmul-blocked64-s1,train,matmul,matmul-blocked64,0.2,2,98251,32779,0
matmul_train,global,ref+dirty+rdist,matmul-blocked64-s1,train,matmul,matmul-blocked64,0.2,2,73679,32778,0
matmul_train,global,ref+refaults+rdist,matmul-blocked64-s1,train,matmul,matmul-blocked64,0.2,2,98162,32779,0
matmul_train,global,aging+sfreq+idle,matmul-blocked64-s1,train,matmul,matmul-blocked64,0.2,2,65548,32778,0
matmul_train,global,aging+sfreq+age,matmul-blocked64-s1,train,matmul,matmul-blocked64,0.2,2,65548,32778,0
matmul_train,global,aging+sfreq+dirty,matmul-blocked64-s1,train,matmul,matmul-blocked64,0.2,2,65548,32778,0
matmul_train,global,aging+sfreq+refaults,matmul-blocked64-s1,train,matmul,matmul-blocked64,0.2,2,312514,32779,0
matmul_train,global,aging+sfreq+rdist,matmul-blocked64-s1,train,matmul,matmul-blocked64,0.2,2,65548,32778,0
matmul_train,global,aging+idle+age,matmul-blocked64-s1,train,matmul,matmul-blocked64,0.2,2,65548,32778,0
matmul_train,global,aging+idle+dirty,matmul-blocked64-s1,train,matmul,matmul-blocked64,0.2,2,98312,32779,0
matmul_train,global,aging+idle+refaults,matmul-blocked64-s1,train,matmul,matmul-blocked64,0.2,2,97960,32779,0
matmul_train,global,aging+idle+rdist,matmul-blocked64-s1,train,matmul,matmul-blocked64,0.2,2,73769,32778,0
matmul_train,global,aging+age+dirty,matmul-blocked64-s1,train,matmul,matmul-blocked64,0.2,2,65548,32778,0
matmul_train,global,aging+age+refaults,matmul-blocked64-s1,train,matmul,matmul-blocked64,0.2,2,74311,32779,0
matmul_train,global,aging+age+rdist,matmul-blocked64-s1,train,matmul,matmul-blocked64,0.2,2,65548,32778,0
matmul_train,global,aging+dirty+refaults,matmul-blocked64-s1,train,matmul,matmul-blocked64,0.2,2,98224,32779,0
matmul_train,global,aging+dirty+rdist,matmul-blocked64-s1,train,matmul,matmul-blocked64,0.2,2,73679,32778,0
matmul_train,global,aging+refaults+rdist,matmul-blocked64-s1,train,matmul,matmul-blocked64,0.2,2,97861,32779,0
matmul_train,global,sfreq+idle+age,matmul-blocked64-s1,train,matmul,matmul-blocked64,0.2,2,65548,32778,0
matmul_train,global,sfreq+idle+dirty,matmul-blocked64-s1,train,matmul,matmul-blocked64,0.2,2,65560,32779,0
matmul_train,global,sfreq+idle+refaults,matmul-blocked64-s1,train,matmul,matmul-blocked64,0.2,2,92308,32779,0
matmul_train,global,sfreq+idle+rdist,matmul-blocked64-s1,train,matmul,matmul-blocked64,0.2,2,65548,32778,0
matmul_train,global,sfreq+age+dirty,matmul-blocked64-s1,train,matmul,matmul-blocked64,0.2,2,98312,32779,0
matmul_train,global,sfreq+age+refaults,matmul-blocked64-s1,train,matmul,matmul-blocked64,0.2,2,436209,32779,0
matmul_train,global,sfreq+age+rdist,matmul-blocked64-s1,train,matmul,matmul-blocked64,0.2,2,190329,32778,0
matmul_train,global,sfreq+dirty+refaults,matmul-blocked64-s1,train,matmul,matmul-blocked64,0.2,2,323492,32779,0
matmul_train,global,sfreq+dirty+rdist,matmul-blocked64-s1,train,matmul,matmul-blocked64,0.2,2,434185,32778,0
matmul_train,global,sfreq+refaults+rdist,matmul-blocked64-s1,train,matmul,matmul-blocked64,0.2,2,434420,32779,0
matmul_train,global,idle+age+dirty,matmul-blocked64-s1,train,matmul,matmul-blocked64,0.2,2,65554,32779,0
matmul_train,global,idle+age+refaults,matmul-blocked64-s1,train,matmul,matmul-blocked64,0.2,2,67110,32779,0
matmul_train,global,idle+age+rdist,matmul-blocked64-s1,train,matmul,matmul-blocked64,0.2,2,65548,32778,0
matmul_train,global,idle+dirty+refaults,matmul-blocked64-s1,train,matmul,matmul-blocked64,0.2,2,101101,32779,0
matmul_train,global,idle+dirty+rdist,matmul-blocked64-s1,train,matmul,matmul-blocked64,0.2,2,65611,32778,0
matmul_train,global,idle+refaults+rdist,matmul-blocked64-s1,train,matmul,matmul-blocked64,0.2,2,96891,32779,0
matmul_train,global,age+dirty+refaults,matmul-blocked64-s1,train,matmul,matmul-blocked64,0.2,2,488230,27760,0
matmul_train,global,age+dirty+rdist,matmul-blocked64-s1,train,matmul,matmul-blocked64,0.2,2,65993,32779,0
matmul_train,global,age+refaults+rdist,matmul-blocked64-s1,train,matmul,matmul-blocked64,0.2,2,334970,32720,0
matmul_train,global,dirty+refaults+rdist,matmul-blocked64-s1,train,matmul,matmul-blocked64,0.2,2,87023,32779,0
matmul_train,global,ref+aging+sfreq+idle,matmul-blocked64-s1,train,matmul,matmul-blocked64,0.2,2,65548,32778,0
matmul_train,global,ref+aging+sfreq+age,matmul-blocked64-s1,train,matmul,matmul-blocked64,0.2,2,65548,32778,0
matmul_train,global,ref+aging+sfreq+dirty,matmul-blocked64-s1,train,matmul,matmul-blocked64,0.2,2,65548,32778,0
matmul_train,global,ref+aging+sfreq+refaults,matmul-blocked64-s1,train,matmul,matmul-blocked64,0.2,2,312300,32779,0
matmul_train,global,ref+aging+sfreq+rdist,matmul-blocked64-s1,train,matmul,matmul-blocked64,0.2,2,65548,32778,0
matmul_train,global,ref+aging+idle+age,matmul-blocked64-s1,train,matmul,matmul-blocked64,0.2,2,65548,32778,0
matmul_train,global,ref+aging+idle+dirty,matmul-blocked64-s1,train,matmul,matmul-blocked64,0.2,2,98312,32779,0
matmul_train,global,ref+aging+idle+refaults,matmul-blocked64-s1,train,matmul,matmul-blocked64,0.2,2,97829,32779,0
matmul_train,global,ref+aging+idle+rdist,matmul-blocked64-s1,train,matmul,matmul-blocked64,0.2,2,73769,32778,0
matmul_train,global,ref+aging+age+dirty,matmul-blocked64-s1,train,matmul,matmul-blocked64,0.2,2,65548,32778,0
matmul_train,global,ref+aging+age+refaults,matmul-blocked64-s1,train,matmul,matmul-blocked64,0.2,2,69792,32779,0
matmul_train,global,ref+aging+age+rdist,matmul-blocked64-s1,train,matmul,matmul-blocked64,0.2,2,65548,32778,0
matmul_train,global,ref+aging+dirty+refaults,matmul-blocked64-s1,train,matmul,matmul-blocked64,0.2,2,98143,32779,0
matmul_train,global,ref+aging+dirty+rdist,matmul-blocked64-s1,train,matmul,matmul-blocked64,0.2,2,73679,32778,0
matmul_train,global,ref+aging+refaults+rdist,matmul-blocked64-s1,train,matmul,matmul-blocked64,0.2,2,97945,32779,0
matmul_train,global,ref+sfreq+idle+age,matmul-blocked64-s1,train,matmul,matmul-blocked64,0.2,2,65548,32778,0
matmul_train,global,ref+sfreq+idle+dirty,matmul-blocked64-s1,train,matmul,matmul-blocked64,0.2,2,65548,32778,0
matmul_train,global,ref+sfreq+idle+refaults,matmul-blocked64-s1,train,matmul,matmul-blocked64,0.2,2,134764,32779,0
matmul_train,global,ref+sfreq+idle+rdist,matmul-blocked64-s1,train,matmul,matmul-blocked64,0.2,2,65548,32778,0
matmul_train,global,ref+sfreq+age+dirty,matmul-blocked64-s1,train,matmul,matmul-blocked64,0.2,2,98312,32779,0
matmul_train,global,ref+sfreq+age+refaults,matmul-blocked64-s1,train,matmul,matmul-blocked64,0.2,2,316892,32779,0
matmul_train,global,ref+sfreq+age+rdist,matmul-blocked64-s1,train,matmul,matmul-blocked64,0.2,2,73769,32778,0
matmul_train,global,ref+sfreq+dirty+refaults,matmul-blocked64-s1,train,matmul,matmul-blocked64,0.2,2,342029,32779,0
matmul_train,global,ref+sfreq+dirty+rdist,matmul-blocked64-s1,train,matmul,matmul-blocked64,0.2,2,65548,32778,0
matmul_train,global,ref+sfreq+refaults+rdist,matmul-blocked64-s1,train,matmul,matmul-blocked64,0.2,2,322313,32779,0
matmul_train,global,ref+idle+age+dirty,matmul-blocked64-s1,train,matmul,matmul-blocked64,0.2,2,65548,32778,0
matmul_train,global,ref+idle+age+refaults,matmul-blocked64-s1,train,matmul,matmul-blocked64,0.2,2,72185,32779,0
matmul_train,global,ref+idle+age+rdist,matmul-blocked64-s1,train,matmul,matmul-blocked64,0.2,2,65548,32778,0
matmul_train,global,ref+idle+dirty+refaults,matmul-blocked64-s1,train,matmul,matmul-blocked64,0.2,2,98112,32779,0
matmul_train,global,ref+idle+dirty+rdist,matmul-blocked64-s1,train,matmul,matmul-blocked64,0.2,2,73679,32778,0
matmul_train,global,ref+idle+refaults+rdist,matmul-blocked64-s1,train,matmul,matmul-blocked64,0.2,2,98091,32779,0
matmul_train,global,ref+age+dirty+refaults,matmul-blocked64-s1,train,matmul,matmul-blocked64,0.2,2,82035,32779,0
matmul_train,global,ref+age+dirty+rdist,matmul-blocked64-s1,train,matmul,matmul-blocked64,0.2,2,73679,32778,0
matmul_train,global,ref+age+refaults+rdist,matmul-blocked64-s1,train,matmul,matmul-blocked64,0.2,2,72899,32779,0
matmul_train,global,ref+dirty+refaults+rdist,matmul-blocked64-s1,train,matmul,matmul-blocked64,0.2,2,95561,32779,0
matmul_train,global,aging+sfreq+idle+age,matmul-blocked64-s1,train,matmul,matmul-blocked64,0.2,2,65548,32778,0
matmul_train,global,aging+sfreq+idle+dirty,matmul-blocked64-s1,train,matmul,matmul-blocked64,0.2,2,65548,32778,0
matmul_train,global,aging+sfreq+idle+refaults,matmul-blocked64-s1,train,matmul,matmul-blocked64,0.2,2,312516,32779,0
matmul_train,global,aging+sfreq+idle+rdist,matmul-blocked64-s1,train,matmul,matmul-blocked64,0.2,2,65548,32778,0
matmul_train,global,aging+sfreq+age+dirty,matmul-blocked64-s1,train,matmul,matmul-blocked64,0.2,2,65548,32778,0
matmul_train,global,aging+sfreq+age+refaults,matmul-blocked64-s1,train,matmul,matmul-blocked64,0.2,2,312560,32779,0
matmul_train,global,aging+sfreq+age+rdist,matmul-blocked64-s1,train,matmul,matmul-blocked64,0.2,2,65548,32778,0
matmul_train,global,aging+sfreq+dirty+refaults,matmul-blocked64-s1,train,matmul,matmul-blocked64,0.2,2,312494,32779,0
matmul_train,global,aging+sfreq+dirty+rdist,matmul-blocked64-s1,train,matmul,matmul-blocked64,0.2,2,65548,32778,0
matmul_train,global,aging+sfreq+refaults+rdist,matmul-blocked64-s1,train,matmul,matmul-blocked64,0.2,2,318239,32779,0
matmul_train,global,aging+idle+age+dirty,matmul-blocked64-s1,train,matmul,matmul-blocked64,0.2,2,65548,32778,0
matmul_train,global,aging+idle+age+refaults,matmul-blocked64-s1,train,matmul,matmul-blocked64,0.2,2,70999,32779,0
matmul_train,global,aging+idle+age+rdist,matmul-blocked64-s1,train,matmul,matmul-blocked64,0.2,2,65548,32778,0
matmul_train,global,aging+idle+dirty+refaults,matmul-blocked64-s1,train,matmul,matmul-blocked64,0.2,2,98149,32779,0
matmul_train,global,aging+idle+dirty+rdist,matmul-blocked64-s1,train,matmul,matmul-blocked64,0.2,2,73679,32778,0
matmul_train,global,aging+idle+refaults+rdist,matmul-blocked64-s1,train,matmul,matmul-blocked64,0.2,2,97974,32779,0
matmul_train,global,aging+age+dirty+refaults,matmul-blocked64-s1,train,matmul,matmul-blocked64,0.2,2,75824,32779,0
matmul_train,global,aging+age+dirty+rdist,matmul-blocked64-s1,train,matmul,matmul-blocked64,0.2,2,65548,32778,0
matmul_train,global,aging+age+refaults+rdist,matmul-blocked64-s1,train,matmul,matmul-blocked64,0.2,2,69358,32779,0
matmul_train,global,aging+dirty+refaults+rdist,matmul-blocked64-s1,train,matmul,matmul-blocked64,0.2,2,96461,32779,0
matmul_train,global,sfreq+idle+age+dirty,matmul-blocked64-s1,train,matmul,matmul-blocked64,0.2,2,65548,32778,0
matmul_train,global,sfreq+idle+age+refaults,matmul-blocked64-s1,train,matmul,matmul-blocked64,0.2,2,84359,31697,0
matmul_train,global,sfreq+idle+age+rdist,matmul-blocked64-s1,train,matmul,matmul-blocked64,0.2,2,65548,32778,0
matmul_train,global,sfreq+idle+dirty+refaults,matmul-blocked64-s1,train,matmul,matmul-blocked64,0.2,2,100012,32779,0
matmul_train,global,sfreq+idle+dirty+rdist,matmul-blocked64-s1,train,matmul,matmul-blocked64,0.2,2,65548,32778,0
matmul_train,global,sfreq+idle+refaults+rdist,matmul-blocked64-s1,train,matmul,matmul-blocked64,0.2,2,161466,32779,0
matmul_train,global,sfreq+age+dirty+refaults,matmul-blocked64-s1,train,matmul,matmul-blocked64,0.2,2,323445,32779,0
matmul_train,global,sfreq+age+dirty+rdist,matmul-blocked64-s1,train,matmul,matmul-blocked64,0.2,2,188990,32778,0
matmul_train,global,sfreq+age+refaults+rdist,matmul-blocked64-s1,train,matmul,matmul-blocked64,0.2,2,491561,22704,1
matmul_train,global,sfreq+dirty+refaults+rdist,matmul-blocked64-s1,train,matmul,matmul-blocked64,0.2,2,435141,32779,0
matmul_train,global,idle+age+dirty+refaults,matmul-blocked64-s1,train,matmul,matmul-blocked64,0.2,2,67949,32779,0
matmul_train,global,idle+age+dirty+rdist,matmul-blocked64-s1,train,matmul,matmul-blocked64,0.2,2,65548,32778,0
matmul_train,global,idle+age+refaults+rdist,matmul-blocked64-s1,train,matmul,matmul-blocked64,0.2,2,67926,32779,0
matmul_train,global,idle+dirty+refaults+rdist,matmul-blocked64-s1,train,matmul,matmul-blocked64,0.2,2,84075,32779,0
matmul_train,global,age+dirty+refaults+rdist,matmul-blocked64-s1,train,matmul,matmul-blocked64,0.2,2,439141,32425,0
matmul_train,global,ref+aging+sfreq+idle+age,matmul-blocked64-s1,train,matmul,matmul-blocked64,0.2,2,65548,32778,0
matmul_train,global,ref+aging+sfreq+idle+dirty,matmul-blocked64-s1,train,matmul,matmul-blocked64,0.2,2,65548,32778,0
matmul_train,global,ref+aging+sfreq+idle+refaults,matmul-blocked64-s1,train,matmul,matmul-blocked64,0.2,2,312283,32779,0
matmul_train,global,ref+aging+sfreq+idle+rdist,matmul-blocked64-s1,train,matmul,matmul-blocked64,0.2,2,65548,32778,0
matmul_train,global,ref+aging+sfreq+age+dirty,matmul-blocked64-s1,train,matmul,matmul-blocked64,0.2,2,65548,32778,0
matmul_train,global,ref+aging+sfreq+age+refaults,matmul-blocked64-s1,train,matmul,matmul-blocked64,0.2,2,312018,32779,0
matmul_train,global,ref+aging+sfreq+age+rdist,matmul-blocked64-s1,train,matmul,matmul-blocked64,0.2,2,65548,32778,0
matmul_train,global,ref+aging+sfreq+dirty+refaults,matmul-blocked64-s1,train,matmul,matmul-blocked64,0.2,2,312155,32779,0
matmul_train,global,ref+aging+sfreq+dirty+rdist,matmul-blocked64-s1,train,matmul,matmul-blocked64,0.2,2,65548,32778,0
matmul_train,global,ref+aging+sfreq+refaults+rdist,matmul-blocked64-s1,train,matmul,matmul-blocked64,0.2,2,319318,32779,0
matmul_train,global,ref+aging+idle+age+dirty,matmul-blocked64-s1,train,matmul,matmul-blocked64,0.2,2,65548,32778,0
matmul_train,global,ref+aging+idle+age+refaults,matmul-blocked64-s1,train,matmul,matmul-blocked64,0.2,2,68197,32779,0
matmul_train,global,ref+aging+idle+age+rdist,matmul-blocked64-s1,train,matmul,matmul-blocked64,0.2,2,65548,32778,0
matmul_train,global,ref+aging+idle+dirty+refaults,matmul-blocked64-s1,train,matmul,matmul-blocked64,0.2,2,98093,32779,0
matmul_train,global,ref+aging+idle+dirty+rdist,matmul-blocked64-s1,train,matmul,matmul-blocked64,0.2,2,73679,32778,0
matmul_train,global,ref+aging+idle+refaults+rdist,matmul-blocked64-s1,train,matmul,matmul-blocked64,0.2,2,97987,32779,0
matmul_train,global,ref+aging+age+dirty+refaults,matmul-blocked64-s1,train,matmul,matmul-blocked64,0.2,2,69656,32779,0
matmul_train,global,ref+aging+age+dirty+rdist,matmul-blocked64-s1,train,matmul,matmul-blocked64,0.2,2,65548,32778,0
matmul_train,global,ref+aging+age+refaults+rdist,matmul-blocked64-s1,train,matmul,matmul-blocked64,0.2,2,68823,32779,0
matmul_train,global,ref+aging+dirty+refaults+rdist,matmul-blocked64-s1,train,matmul,matmul-blocked64,0.2,2,96593,32779,0
matmul_train,global,ref+sfreq+idle+age+dirty,matmul-blocked64-s1,train,matmul,matmul-blocked64,0.2,2,65548,32778,0
matmul_train,global,ref+sfreq+idle+age+refaults,matmul-blocked64-s1,train,matmul,matmul-blocked64,0.2,2,74625,32779,0
matmul_train,global,ref+sfreq+idle+age+rdist,matmul-blocked64-s1,train,matmul,matmul-blocked64,0.2,2,65548,32778,0
matmul_train,global,ref+sfreq+idle+dirty+refaults,matmul-blocked64-s1,train,matmul,matmul-blocked64,0.2,2,141198,32779,0
matmul_train,global,ref+sfreq+idle+dirty+rdist,matmul-blocked64-s1,train,matmul,matmul-blocked64,0.2,2,65548,32778,0
matmul_train,global,ref+sfreq+idle+refaults+rdist,matmul-blocked64-s1,train,matmul,matmul-blocked64,0.2,2,239872,32779,0
matmul_train,global,ref+sfreq+age+dirty+refaults,matmul-blocked64-s1,train,matmul,matmul-blocked64,0.2,2,322422,32779,0
matmul_train,global,ref+sfreq+age+dirty+rdist,matmul-blocked64-s1,train,matmul,matmul-blocked64,0.2,2,73679,32778,0
matmul_train,global,ref+sfreq+age+refaults+rdist,matmul-blocked64-s1,train,matmul,matmul-blocked64,0.2,2,333613,32779,0
matmul_train,global,ref+sfreq+dirty+refaults+rdist,matmul-blocked64-s1,train,matmul,matmul-blocked64,0.2,2,333936,32779,0
matmul_train,global,ref+idle+age+dirty+refaults,matmul-blocked64-s1,train,matmul,matmul-blocked64,0.2,2,73143,32779,0
matmul_train,global,ref+idle+age+dirty+rdist,matmul-blocked64-s1,train,matmul,matmul-blocked64,0.2,2,65548,32778,0
matmul_train,global,ref+idle+age+refaults+rdist,matmul-blocked64-s1,train,matmul,matmul-blocked64,0.2,2,68684,32779,0
matmul_train,global,ref+idle+dirty+refaults+rdist,matmul-blocked64-s1,train,matmul,matmul-blocked64,0.2,2,95259,32779,0
matmul_train,global,ref+age+dirty+refaults+rdist,matmul-blocked64-s1,train,matmul,matmul-blocked64,0.2,2,96095,32779,0
matmul_train,global,aging+sfreq+idle+age+dirty,matmul-blocked64-s1,train,matmul,matmul-blocked64,0.2,2,65548,32778,0
matmul_train,global,aging+sfreq+idle+age+refaults,matmul-blocked64-s1,train,matmul,matmul-blocked64,0.2,2,70842,32779,0
matmul_train,global,aging+sfreq+idle+age+rdist,matmul-blocked64-s1,train,matmul,matmul-blocked64,0.2,2,65548,32778,0
matmul_train,global,aging+sfreq+idle+dirty+refaults,matmul-blocked64-s1,train,matmul,matmul-blocked64,0.2,2,312496,32779,0
matmul_train,global,aging+sfreq+idle+dirty+rdist,matmul-blocked64-s1,train,matmul,matmul-blocked64,0.2,2,65548,32778,0
matmul_train,global,aging+sfreq+idle+refaults+rdist,matmul-blocked64-s1,train,matmul,matmul-blocked64,0.2,2,397760,32779,0
matmul_train,global,aging+sfreq+age+dirty+refaults,matmul-blocked64-s1,train,matmul,matmul-blocked64,0.2,2,312549,32779,0
matmul_train,global,aging+sfreq+age+dirty+rdist,matmul-blocked64-s1,train,matmul,matmul-blocked64,0.2,2,65548,32778,0
matmul_train,global,aging+sfreq+age+refaults+rdist,matmul-blocked64-s1,train,matmul,matmul-blocked64,0.2,2,205016,32779,0
matmul_train,global,aging+sfreq+dirty+refaults+rdist,matmul-blocked64-s1,train,matmul,matmul-blocked64,0.2,2,321268,32779,0
matmul_train,global,aging+idle+age+dirty+refaults,matmul-blocked64-s1,train,matmul,matmul-blocked64,0.2,2,70756,32779,0
matmul_train,global,aging+idle+age+dirty+rdist,matmul-blocked64-s1,train,matmul,matmul-blocked64,0.2,2,65548,32778,0
matmul_train,global,aging+idle+age+refaults+rdist,matmul-blocked64-s1,train,matmul,matmul-blocked64,0.2,2,68595,32779,0
matmul_train,global,aging+idle+dirty+refaults+rdist,matmul-blocked64-s1,train,matmul,matmul-blocked64,0.2,2,97184,32779,0
matmul_train,global,aging+age+dirty+refaults+rdist,matmul-blocked64-s1,train,matmul,matmul-blocked64,0.2,2,68865,32779,0
matmul_train,global,sfreq+idle+age+dirty+refaults,matmul-blocked64-s1,train,matmul,matmul-blocked64,0.2,2,70890,32779,0
matmul_train,global,sfreq+idle+age+dirty+rdist,matmul-blocked64-s1,train,matmul,matmul-blocked64,0.2,2,65548,32778,0
matmul_train,global,sfreq+idle+age+refaults+rdist,matmul-blocked64-s1,train,matmul,matmul-blocked64,0.2,2,67379,32779,0
matmul_train,global,sfreq+idle+dirty+refaults+rdist,matmul-blocked64-s1,train,matmul,matmul-blocked64,0.2,2,215975,32779,0
matmul_train,global,sfreq+age+dirty+refaults+rdist,matmul-blocked64-s1,train,matmul,matmul-blocked64,0.2,2,434462,32779,0
matmul_train,global,idle+age+dirty+refaults+rdist,matmul-blocked64-s1,train,matmul,matmul-blocked64,0.2,2,68392,32779,0
matmul_train,global,ref+aging+sfreq+idle+age+dirty,matmul-blocked64-s1,train,matmul,matmul-blocked64,0.2,2,65548,32778,0
matmul_train,global,ref+aging+sfreq+idle+age+refaults,matmul-blocked64-s1,train,matmul,matmul-blocked64,0.2,2,69113,32779,0
matmul_train,global,ref+aging+sfreq+idle+age+rdist,matmul-blocked64-s1,train,matmul,matmul-blocked64,0.2,2,65548,32778,0
matmul_train,global,ref+aging+sfreq+idle+dirty+refaults,matmul-blocked64-s1,train,matmul,matmul-blocked64,0.2,2,312140,32779,0
matmul_train,global,ref+aging+sfreq+idle+dirty+rdist,matmul-blocked64-s1,train,matmul,matmul-blocked64,0.2,2,65548,32778,0
matmul_train,global,ref+aging+sfreq+idle+refaults+rdist,matmul-blocked64-s1,train,matmul,matmul-blocked64,0.2,2,434456,32779,0
matmul_train,global,ref+aging+sfreq+age+dirty+refaults,matmul-blocked64-s1,train,matmul,matmul-blocked64,0.2,2,311998,32779,0
matmul_train,global,ref+aging+sfreq+age+dirty+rdist,matmul-blocked64-s1,train,matmul,matmul-blocked64,0.2,2,65548,32778,0
matmul_train,global,ref+aging+sfreq+age+refaults+rdist,matmul-blocked64-s1,train,matmul,matmul-blocked64,0.2,2,67666,32779,0
matmul_train,global,ref+aging+sfreq+dirty+refaults+rdist,matmul-blocked64-s1,train,matmul,matmul-blocked64,0.2,2,296912,32779,0
matmul_train,global,ref+aging+idle+age+dirty+refaults,matmul-blocked64-s1,train,matmul,matmul-blocked64,0.2,2,65681,32779,0
matmul_train,global,ref+aging+idle+age+dirty+rdist,matmul-blocked64-s1,train,matmul,matmul-blocked64,0.2,2,65548,32778,0
matmul_train,global,ref+aging+idle+age+refaults+rdist,matmul-blocked64-s1,train,matmul,matmul-blocked64,0.2,2,68107,32779,0
matmul_train,global,ref+aging+idle+dirty+refaults+rdist,matmul-blocked64-s1,train,matmul,matmul-blocked64,0.2,2,97194,32779,0
matmul_train,global,ref+aging+age+dirty+refaults+rdist,matmul-blocked64-s1,train,matmul,matmul-blocked64,0.2,2,66250,32779,0
matmul_train,global,ref+sfreq+idle+age+dirty+refaults,matmul-blocked64-s1,train,matmul,matmul-blocked64,0.2,2,71133,32779,0
matmul_train,global,ref+sfreq+idle+age+dirty+rdist,matmul-blocked64-s1,train,matmul,matmul-blocked64,0.2,2,65548,32778,0
matmul_train,global,ref+sfreq+idle+age+refaults+rdist,matmul-blocked64-s1,train,matmul,matmul-blocked64,0.2,2,68219,32779,0
matmul_train,global,ref+sfreq+idle+dirty+refaults+rdist,matmul-blocked64-s1,train,matmul,matmul-blocked64,0.2,2,312101,32779,0
matmul_train,global,ref+sfreq+age+dirty+refaults+rdist,matmul-blocked64-s1,train,matmul,matmul-blocked64,0.2,2,362431,32779,0
matmul_train,global,ref+idle+age+dirty+refaults+rdist,matmul-blocked64-s1,train,matmul,matmul-blocked64,0.2,2,66576,32779,0
matmul_train,global,aging+sfreq+idle+age+dirty+refaults,matmul-blocked64-s1,train,matmul,matmul-blocked64,0.2,2,70529,32779,0
matmul_train,global,aging+sfreq+idle+age+dirty+rdist,matmul-blocked64-s1,train,matmul,matmul-blocked64,0.2,2,65548,32778,0
matmul_train,global,aging+sfreq+idle+age+refaults+rdist,matmul-blocked64-s1,train,matmul,matmul-blocked64,0.2,2,67968,32779,0
matmul_train,global,aging+sfreq+idle+dirty+refaults+rdist,matmul-blocked64-s1,train,matmul,matmul-blocked64,0.2,2,436343,32779,0
matmul_train,global,aging+sfreq+age+dirty+refaults+rdist,matmul-blocked64-s1,train,matmul,matmul-blocked64,0.2,2,328992,32779,0
matmul_train,global,aging+idle+age+dirty+refaults+rdist,matmul-blocked64-s1,train,matmul,matmul-blocked64,0.2,2,68963,32779,0
matmul_train,global,sfreq+idle+age+dirty+refaults+rdist,matmul-blocked64-s1,train,matmul,matmul-blocked64,0.2,2,67566,32779,0
matmul_train,global,ref+aging+sfreq+idle+age+dirty+refaults,matmul-blocked64-s1,train,matmul,matmul-blocked64,0.2,2,65640,32779,0
matmul_train,global,ref+aging+sfreq+idle+age+dirty+rdist,matmul-blocked64-s1,train,matmul,matmul-blocked64,0.2,2,65548,32778,0
matmul_train,global,ref+aging+sfreq+idle+age+refaults+rdist,matmul-blocked64-s1,train,matmul,matmul-blocked64,0.2,2,66179,32779,0
matmul_train,global,ref+aging+sfreq+idle+dirty+refaults+rdist,matmul-blocked64-s1,train,matmul,matmul-blocked64,0.2,2,311579,32779,0
matmul_train,global,ref+aging+sfreq+age+dirty+refaults+rdist,matmul-blocked64-s1,train,matmul,matmul-blocked64,0.2,2,65741,32779,0
matmul_train,global,ref+aging+idle+age+dirty+refaults+rdist,matmul-blocked64-s1,train,matmul,matmul-blocked64,0.2,2,65929,32779,0
matmul_train,global,ref+sfreq+idle+age+dirty+refaults+rdist,matmul-blocked64-s1,train,matmul,matmul-blocked64,0.2,2,66304,32779,0
matmul_train,global,aging+sfreq+idle+age+dirty+refaults+rdist,matmul-blocked64-s1,train,matmul,matmul-blocked64,0.2,2,66961,32779,0
matmul_train,global,ref+aging+sfreq+idle+age+dirty+refaults+rdist,matmul-blocked64-s1,train,matmul,matmul-blocked64,0.2,2,65862,32779,0
matmul_train,global,rec+ref+aging+sfreq+idle+age+dirty,matmul-blocked64-s1,train,matmul,matmul-blocked64,0.2,2,90121,32779,0
matmul_train,global,rec+ref+aging+sfreq+idle+age+dirty+refaults+rdist,matmul-blocked64-s1,train,matmul,matmul-blocked64,0.2,2,80406,32779,0
matmul_train,global,freq+ref+aging+sfreq+idle+age+dirty,matmul-blocked64-s1,train,matmul,matmul-blocked64,0.2,2,65566,32779,0
matmul_train,global,freq+ref+aging+sfreq+idle+age+dirty+refaults+rdist,matmul-blocked64-s1,train,matmul,matmul-blocked64,0.2,2,66548,32779,0
matmul_train,global,sd+ref+aging+sfreq+idle+age+dirty,matmul-blocked64-s1,train,matmul,matmul-blocked64,0.2,2,98312,32779,0
matmul_train,global,sd+ref+aging+sfreq+idle+age+dirty+refaults+rdist,matmul-blocked64-s1,train,matmul,matmul-blocked64,0.2,2,311596,32779,0
matmul_train,global,wr+ref+aging+sfreq+idle+age+dirty,matmul-blocked64-s1,train,matmul,matmul-blocked64,0.2,2,65548,32778,0
matmul_train,global,wr+ref+aging+sfreq+idle+age+dirty+refaults+rdist,matmul-blocked64-s1,train,matmul,matmul-blocked64,0.2,2,67326,32779,0
matmul_train,global,rec+freq+ref+aging+sfreq+idle+age+dirty,matmul-blocked64-s1,train,matmul,matmul-blocked64,0.2,2,185490,24588,0
matmul_train,global,rec+freq+ref+aging+sfreq+idle+age+dirty+refaults+rdist,matmul-blocked64-s1,train,matmul,matmul-blocked64,0.2,2,80018,32779,0
matmul_train,global,rec+sd+ref+aging+sfreq+idle+age+dirty,matmul-blocked64-s1,train,matmul,matmul-blocked64,0.2,2,67842,32779,0
matmul_train,global,rec+sd+ref+aging+sfreq+idle+age+dirty+refaults+rdist,matmul-blocked64-s1,train,matmul,matmul-blocked64,0.2,2,327418,32779,0
matmul_train,global,rec+wr+ref+aging+sfreq+idle+age+dirty,matmul-blocked64-s1,train,matmul,matmul-blocked64,0.2,2,90121,32779,0
matmul_train,global,rec+wr+ref+aging+sfreq+idle+age+dirty+refaults+rdist,matmul-blocked64-s1,train,matmul,matmul-blocked64,0.2,2,80165,32779,0
matmul_train,global,freq+sd+ref+aging+sfreq+idle+age+dirty,matmul-blocked64-s1,train,matmul,matmul-blocked64,0.2,2,84337,32779,0
matmul_train,global,freq+sd+ref+aging+sfreq+idle+age+dirty+refaults+rdist,matmul-blocked64-s1,train,matmul,matmul-blocked64,0.2,2,342030,32779,0
matmul_train,global,freq+wr+ref+aging+sfreq+idle+age+dirty,matmul-blocked64-s1,train,matmul,matmul-blocked64,0.2,2,65571,32779,0
matmul_train,global,freq+wr+ref+aging+sfreq+idle+age+dirty+refaults+rdist,matmul-blocked64-s1,train,matmul,matmul-blocked64,0.2,2,66435,32779,0
matmul_train,global,sd+wr+ref+aging+sfreq+idle+age+dirty,matmul-blocked64-s1,train,matmul,matmul-blocked64,0.2,2,98312,32779,0
matmul_train,global,sd+wr+ref+aging+sfreq+idle+age+dirty+refaults+rdist,matmul-blocked64-s1,train,matmul,matmul-blocked64,0.2,2,311596,32779,0
matmul_train,global,rec+freq+sd+ref+aging+sfreq+idle+age+dirty,matmul-blocked64-s1,train,matmul,matmul-blocked64,0.2,2,192475,24588,0
matmul_train,global,rec+freq+sd+ref+aging+sfreq+idle+age+dirty+refaults+rdist,matmul-blocked64-s1,train,matmul,matmul-blocked64,0.2,2,331635,32779,0
matmul_train,global,rec+freq+wr+ref+aging+sfreq+idle+age+dirty,matmul-blocked64-s1,train,matmul,matmul-blocked64,0.2,2,185597,24588,0
matmul_train,global,rec+freq+wr+ref+aging+sfreq+idle+age+dirty+refaults+rdist,matmul-blocked64-s1,train,matmul,matmul-blocked64,0.2,2,79858,32779,0
matmul_train,global,rec+sd+wr+ref+aging+sfreq+idle+age+dirty,matmul-blocked64-s1,train,matmul,matmul-blocked64,0.2,2,77270,32779,0
matmul_train,global,rec+sd+wr+ref+aging+sfreq+idle+age+dirty+refaults+rdist,matmul-blocked64-s1,train,matmul,matmul-blocked64,0.2,2,327527,32779,0
matmul_train,global,freq+sd+wr+ref+aging+sfreq+idle+age+dirty,matmul-blocked64-s1,train,matmul,matmul-blocked64,0.2,2,88082,32779,0
matmul_train,global,freq+sd+wr+ref+aging+sfreq+idle+age+dirty+refaults+rdist,matmul-blocked64-s1,train,matmul,matmul-blocked64,0.2,2,342028,32779,0
matmul_train,global,rec+freq+sd+wr+ref+aging+sfreq+idle+age+dirty,matmul-blocked64-s1,train,matmul,matmul-blocked64,0.2,2,193427,24588,0
matmul_train,global,rec+freq+sd+wr+ref+aging+sfreq+idle+age+dirty+refaults+rdist,matmul-blocked64-s1,train,matmul,matmul-blocked64,0.2,2,324761,32779,0
matmul_train,matmul,rec,matmul-blocked96-s1,train,matmul,matmul-blocked96,0.05,2,388806,110618,0
matmul_train,matmul,freq,matmul-blocked96-s1,train,matmul,matmul-blocked96,0.05,2,1705905,110449,0
matmul_train,matmul,sd,matmul-blocked96-s1,train,matmul,matmul-blocked96,0.05,2,388806,110618,0
matmul_train,matmul,wr,matmul-blocked96-s1,train,matmul,matmul-blocked96,0.05,2,335235,110618,0
matmul_train,matmul,rec+freq,matmul-blocked96-s1,train,matmul,matmul-blocked96,0.05,2,374606,110618,0
matmul_train,matmul,rec+sd,matmul-blocked96-s1,train,matmul,matmul-blocked96,0.05,2,388806,110618,0
matmul_train,matmul,rec+wr,matmul-blocked96-s1,train,matmul,matmul-blocked96,0.05,2,333078,110618,0
matmul_train,matmul,freq+sd,matmul-blocked96-s1,train,matmul,matmul-blocked96,0.05,2,388860,110618,0
matmul_train,matmul,freq+wr,matmul-blocked96-s1,train,matmul,matmul-blocked96,0.05,2,1703623,110618,0
matmul_train,matmul,sd+wr,matmul-blocked96-s1,train,matmul,matmul-blocked96,0.05,2,387138,110618,0
matmul_train,matmul,rec+freq+sd,matmul-blocked96-s1,train,matmul,matmul-blocked96,0.05,2,389027,110618,0
matmul_train,matmul,rec+freq+wr,matmul-blocked96-s1,train,matmul,matmul-blocked96,0.05,2,333078,110618,0
matmul_train,matmul,rec+sd+wr,matmul-blocked96-s1,train,matmul,matmul-blocked96,0.05,2,386028,110618,0
matmul_train,matmul,freq+sd+wr,matmul-blocked96-s1,train,matmul,matmul-blocked96,0.05,2,387247,110618,0
matmul_train,matmul,rec+freq+sd+wr,matmul-blocked96-s1,train,matmul,matmul-blocked96,0.05,2,386088,110618,0
matmul_train,matmul,ref,matmul-blocked96-s1,train,matmul,matmul-blocked96,0.05,2,416454,110618,0
matmul_train,matmul,aging,matmul-blocked96-s1,train,matmul,matmul-blocked96,0.05,2,416454,110618,0
matmul_train,matmul,sfreq,matmul-blocked96-s1,train,matmul,matmul-blocked96,0.05,2,1703623,110617,0
matmul_train,matmul,idle,matmul-blocked96-s1,train,matmul,matmul-blocked96,0.05,2,416454,110618,0
matmul_train,matmul,age,matmul-blocked96-s1,train,matmul,matmul-blocked96,0.05,2,1869223,98329,0
matmul_train,matmul,dirty,matmul-blocked96-s1,train,matmul,matmul-blocked96,0.05,2,335523,110618,0
matmul_train,matmul,refaults,matmul-blocked96-s1,train,matmul,matmul-blocked96,0.05,2,788073,110617,0
matmul_train,matmul,rdist,matmul-blocked96-s1,train,matmul,matmul-blocked96,0.05,2,788073,110617,0
matmul_train,matmul,ref+aging,matmul-blocked96-s1,train,matmul,matmul-blocked96,0.05,2,416454,110618,0
matmul_train,matmul,ref+sfreq,matmul-blocked96-s1,train,matmul,matmul-blocked96,0.05,2,1703623,110617,0
matmul_train,matmul,ref+idle,matmul-blocked96-s1,train,matmul,matmul-blocked96,0.05,2,416454,110618,0
matmul_train,matmul,ref+age,matmul-blocked96-s1,train,matmul,matmul-blocked96,0.05,2,1703623,110617,0
matmul_train,matmul,ref+dirty,matmul-blocked96-s1,train,matmul,matmul-blocked96,0.05,2,335523,110618,0
matmul_train,matmul,ref+refaults,matmul-blocked96-s1,train,matmul,matmul-blocked96,0.05,2,298579,110618,0
matmul_train,matmul,ref+rdist,matmul-blocked96-s1,train,matmul,matmul-blocked96,0.05,2,788073,110617,0
matmul_train,matmul,aging+sfreq,matmul-blocked96-s1,train,matmul,matmul-blocked96,0.05,2,1703623,110617,0
matmul_train,matmul,aging+idle,matmul-blocked96-s1,train,matmul,matmul-blocked96,0.05,2,416454,110618,0
matmul_train,matmul,aging+age,matmul-blocked96-s1,train,matmul,matmul-blocked96,0.05,2,1703623,110617,0
matmul_train,matmul,aging+dirty,matmul-blocked96-s1,train,matmul,matmul-blocked96,0.05,2,389862,110618,0
matmul_train,matmul,aging+refaults,matmul-blocked96-s1,train,matmul,matmul-blocked96,0.05,2,298579,110618,0
matmul_train,matmul,aging+rdist,matmul-blocked96-s1,train,matmul,matmul-blocked96,0.05,2,326696,110618,0
matmul_train,matmul,sfreq+idle,matmul-blocked96-s1,train,matmul,matmul-blocked96,0.05,2,280209,110618,0
matmul_train,matmul,sfreq+age,matmul-blocked96-s1,train,matmul,matmul-blocked96,0.05,2,1703623,110617,0
matmul_train,matmul,sfreq+dirty,matmul-blocked96-s1,train,matmul,matmul-blocked96,0.05,2,1703623,110617,0
matmul_train,matmul,sfreq+refaults,matmul-blocked96-s1,train,matmul,matmul-blocked96,0.05,2,1703625,110618,0
matmul_train,matmul,sfreq+rdist,matmul-blocked96-s1,train,matmul,matmul-blocked96,0.05,2,1703623,110617,0
matmul_train,matmul,idle+age,matmul-blocked96-s1,train,matmul,matmul-blocked96,0.05,2,280199,110618,0
matmul_train,matmul,idle+dirty,matmul-blocked96-s1,train,matmul,matmul-blocked96,0.05,2,389862,110618,0
matmul_train,matmul,idle+refaults,matmul-blocked96-s1,train,matmul,matmul-blocked96,0.05,2,298579,110618,0
matmul_train,matmul,idle+rdist,matmul-blocked96-s1,train,matmul,matmul-blocked96,0.05,2,326696,110618,0
matmul_train,matmul,age+dirty,matmul-blocked96-s1,train,matmul,matmul-blocked96,0.05,2,1694420,110618,0
matmul_train,matmul,age+refaults,matmul-blocked96-s1,train,matmul,matmul-blocked96,0.05,2,1869223,98329,0
matmul_train,matmul,age+rdist,matmul-blocked96-s1,train,matmul,matmul-blocked96,0.05,2,1869223,98329,0
matmul_train,matmul,dirty+refaults,matmul-blocked96-s1,train,matmul,matmul-blocked96,0.05,2,788073,110617,0
matmul_train,matmul,dirty+rdist,matmul-blocked96-s1,train,matmul,matmul-blocked96,0.05,2,788073,110617,0
matmul_train,matmul,refaults+rdist,matmul-blocked96-s1,train,matmul,matmul-blocked96,0.05,2,788073,110617,0
matmul_train,matmul,ref+aging+sfreq,matmul-blocked96-s1,train,matmul,matmul-blocked96,0.05,2,280899,110618,0
matmul_train,matmul,ref+aging+idle,matmul-blocked96-s1,train,matmul,matmul-blocked96,0.05,2,416454,110618,0
matmul_train,matmul,ref+aging+age,matmul-blocked96-s1,train,matmul,matmul-blocked96,0.05,2,280899,110618,0
matmul_train,matmul,ref+aging+dirty,matmul-blocked96-s1,train,matmul,matmul-blocked96,0.05,2,335523,110618,0
matmul_train,matmul,ref+aging+refaults,matmul-blocked96-s1,train,matmul,matmul-blocked96,0.05,2,298579,110618,0
matmul_train,matmul,ref+aging+rdist,matmul-blocked96-s1,train,matmul,matmul-blocked96,0.05,2,326654,110618,0
matmul_train,matmul,ref+sfreq+idle,matmul-blocked96-s1,train,matmul,matmul-blocked96,0.05,2,280045,110618,0
matmul_train,matmul,ref+sfreq+age,matmul-blocked96-s1,train,matmul,matmul-blocked96,0.05,2,1703623,110617,0
matmul_train,matmul,ref+sfreq+dirty,matmul-blocked96-s1,train,matmul,matmul-blocked96,0.05,2,1703623,110617,0
matmul_train,matmul,ref+sfreq+refaults,matmul-blocked96-s1,train,matmul,matmul-blocked96,0.05,2,1703623,110617,0
matmul_train,matmul,ref+sfreq+rdist,matmul-blocked96-s1,train,matmul,matmul-blocked96,0.05,2,1703623,110617,0
matmul_train,matmul,ref+idle+age,matmul-blocked96-s1,train,matmul,matmul-blocked96,0.05,2,279939,110618,0
matmul_train,matmul,ref+idle+dirty,matmul-blocked96-s1,train,matmul,matmul-blocked96,0.05,2,335523,110618,0
matmul_train,matmul,ref+idle+refaults,matmul-blocked96-s1,train,matmul,matmul-blocked96,0.05,2,298579,110618,0
matmul_train,matmul,ref+idle+rdist,matmul-blocked96-s1,train,matmul,matmul-blocked96,0.05,2,326654,110618,0
matmul_train,matmul,ref+age+dirty,matmul-blocked96-s1,train,matmul,matmul-blocked96,0.05,2,1703623,110617,0
matmul_train,matmul,ref+age+refaults,matmul-blocked96-s1,train,matmul,matmul-blocked96,0.05,2,1703623,110617,0
matmul_train,matmul,ref+age+rdist,matmul-blocked96-s1,train,matmul,matmul-blocked96,0.05,2,1703623,110617,0
matmul_train,matmul,ref+dirty+refaults,matmul-blocked96-s1,train,matmul,matmul-blocked96,0.05,2,292105,110618,0
matmul_train,matmul,ref+dirty+rdist,matmul-blocked96-s1,train,matmul,matmul-blocked96,0.05,2,788073,110617,0
matmul_train,matmul,ref+refaults+rdist,matmul-blocked96-s1,train,matmul,matmul-blocked96,0.05,2,788073,110617,0
matmul_train,matmul,aging+sfreq+idle,matmul-blocked96-s1,train,matmul,matmul-blocked96,0.05,2,1703623,110617,0
matmul_train,matmul,aging+sfreq+age,matmul-blocked96-s1,train,matmul,matmul-blocked96,0.05,2,280323,110618,0
matmul_train,matmul,aging+sfreq+dirty,matmul-blocked96-s1,train,matmul,matmul-blocked96,0.05,2,1703623,110617,0
matmul_train,matmul,aging+sfreq+refaults,matmul-blocked96-s1,train,matmul,matmul-blocked96,0.05,2,1703623,110617,0
matmul_train,matmul,aging+sfreq+rdist,matmul-blocked96-s1,train,matmul,matmul-blocked96,0.05,2,1703623,110617,0
matmul_train,matmul,aging+idle+age,matmul-blocked96-s1,train,matmul,matmul-blocked96,0.05,2,1703623,110617,0
matmul_train,matmul,aging+idle+dirty,matmul-blocked96-s1,train,matmul,matmul-blocked96,0.05,2,335070,110618,0
matmul_train,matmul,aging+idle+refaults,matmul-blocked96-s1,train,matmul,matmul-blocked96,0.05,2,298579,110618,0
matmul_train,matmul,aging+idle+rdist,matmul-blocked96-s1,train,matmul,matmul-blocked96,0.05,2,326696,110618,0
matmul_train,matmul,aging+age+dirty,matmul-blocked96-s1,train,matmul,matmul-blocked96,0.05,2,1703623,110617,0
matmul_train,matmul,aging+age+refaults,matmul-blocked96-s1,train,matmul,matmul-blocked96,0.05,2,1703623,110617,0
matmul_train,matmul,aging+age+rdist,matmul-blocked96-s1,train,matmul,matmul-blocked96,0.05,2,1703623,110617,0
matmul_train,matmul,aging+dirty+refaults,matmul-blocked96-s1,train,matmul,matmul-blocked96,0.05,2,292451,110618,0
matmul_train,matmul,aging+dirty+rdist,matmul-blocked96-s1,train,matmul,matmul-blocked96,0.05,2,788073,110617,0
matmul_train,matmul,aging+refaults+rdist,matmul-blocked96-s1,train,matmul,matmul-blocked96,0.05,2,510283,110617,0
matmul_train,matmul,sfreq+idle+age,matmul-blocked96-s1,train,matmul,matmul-blocked96,0.05,2,280323,110618,0
matmul_train,matmul,sfreq+idle+dirty,matmul-blocked96-s1,train,matmul,matmul-blocked96,0.05,2,279969,110618,0
matmul_train,matmul,sfreq+idle+refaults,matmul-blocked96-s1,train,matmul,matmul-blocked96,0.05,2,305203,110618,0
matmul_train,matmul,sfreq+idle+rdist,matmul-blocked96-s1,train,matmul,matmul-blocked96,0.05,2,283173,110618,0
matmul_train,matmul,sfreq+age+dirty,matmul-blocked96-s1,train,matmul,matmul-blocked96,0.05,2,1703623,110617,0
matmul_train,matmul,sfreq+age+refaults,matmul-blocked96-s1,train,matmul,matmul-blocked96,0.05,2,1703623,110617,0
matmul_train,matmul,sfreq+age+rdist,matmul-blocked96-s1,train,matmul,matmul-blocked96,0.05,2,1703623,110617,0
matmul_train,matmul,sfreq+dirty+refaults,matmul-blocked96-s1,train,matmul,matmul-blocked96,0.05,2,1703625,110618,0
matmul_train,matmul,sfreq+dirty+rdist,matmul-blocked96-s1,train,matmul,matmul-blocked96,0.05,2,1703623,110617,0
matmul_train,matmul,sfreq+refaults+rdist,matmul-blocked96-s1,train,matmul,matmul-blocked96,0.05,2,1703623,110617,0
matmul_train,matmul,idle+age+dirty,matmul-blocked96-s1,train,matmul,matmul-blocked96,0.05,2,279959,110618,0
matmul_train,matmul,idle+age+refaults,matmul-blocked96-s1,train,matmul,matmul-blocked96,0.05,2,294460,110618,0
matmul_train,matmul,idle+age+rdist,matmul-blocked96-s1,train,matmul,matmul-blocked96,0.05,2,282549,110618,0
matmul_train,matmul,idle+dirty+refaults,matmul-blocked96-s1,train,matmul,matmul-blocked96,0.05,2,292103,110618,0
matmul_train,matmul,idle+dirty+rdist,matmul-blocked96-s1,train,matmul,matmul-blocked96,0.05,2,305666,110618,0
matmul_train,matmul,idle+refaults+rdist,matmul-blocked96-s1,train,matmul,matmul-blocked96,0.05,2,292471,110618,0
matmul_train,matmul,age+dirty+refaults,matmul-blocked96-s1,train,matmul,matmul-blocked96,0.05,2,1694420,110618,0
matmul_train,matmul,age+dirty+rdist,matmul-blocked96-s1,train,matmul,matmul-blocked96,0.05,2,1703623,110617,0
matmul_train,matmul,age+refaults+rdist,matmul-blocked96-s1,train,matmul,matmul-blocked96,0.05,2,1869223,98329,0
matmul_train,matmul,dirty+refaults+rdist,matmul-blocked96-s1,train,matmul,matmul-blocked96,0.05,2,788073,110617,0
matmul_train,matmul,ref+aging+sfreq+idle,matmul-blocked96-s1,train,matmul,matmul-blocked96,0.05,2,1348766,110618,0
matmul_train,matmul,ref+aging+sfreq+age,matmul-blocked96-s1,train,matmul,matmul-blocked96,0.05,2,280323,110618,0
matmul_train,matmul,ref+aging+sfreq+dirty,matmul-blocked96-s1,train,matmul,matmul-blocked96,0.05,2,280707,110618,0
matmul_train,matmul,ref+aging+sfreq+refaults,matmul-blocked96-s1,train,matmul,matmul-blocked96,0.05,2,301372,110618,0
matmul_train,matmul,ref+aging+sfreq+rdist,matmul-blocked96-s1,train,matmul,matmul-blocked96,0.05,2,1703623,110617,0
matmul_train,matmul,ref+aging+idle+age,matmul-blocked96-s1,train,matmul,matmul-blocked96,0.05,2,1348766,110618,0
matmul_train,matmul,ref+aging+idle+dirty,matmul-blocked96-s1,train,matmul,matmul-blocked96,0.05,2,335523,110618,0
matmul_train,matmul,ref+aging+idle+refaults,matmul-blocked96-s1,train,matmul,matmul-blocked96,0.05,2,298579,110618,0
matmul_train,matmul,ref+aging+idle+rdist,matmul-blocked96-s1,train,matmul,matmul-blocked96,0.05,2,326867,110618,0
matmul_train,matmul,ref+aging+age+dirty,matmul-blocked96-s1,train,matmul,matmul-blocked96,0.05,2,280707,110618,0
matmul_train,matmul,ref+aging+age+refaults,matmul-blocked96-s1,train,matmul,matmul-blocked96,0.05,2,292048,110618,0
matmul_train,matmul,ref+aging+age+rdist,matmul-blocked96-s1,train,matmul,matmul-blocked96,0.05,2,1703623,110617,0
matmul_train,matmul,ref+aging+dirty+refaults,matmul-blocked96-s1,train,matmul,matmul-blocked96,0.05,2,292454,110618,0
matmul_train,matmul,ref+aging+dirty+rdist,matmul-blocked96-s1,train,matmul,matmul-blocked96,0.05,2,317474,110618,0
matmul_train,matmul,ref+aging+refaults+rdist,matmul-blocked96-s1,train,matmul,matmul-blocked96,0.05,2,290471,110618,0
matmul_train,matmul,ref+sfreq+idle+age,matmul-blocked96-s1,train,matmul,matmul-blocked96,0.05,2,280323,110618,0
matmul_train,matmul,ref+sfreq+idle+dirty,matmul-blocked96-s1,train,matmul,matmul-blocked96,0.05,2,279939,110618,0
matmul_train,matmul,ref+sfreq+idle+refaults,matmul-blocked96-s1,train,matmul,matmul-blocked96,0.05,2,304086,110618,0
matmul_train,matmul,ref+sfreq+idle+rdist,matmul-blocked96-s1,train,matmul,matmul-blocked96,0.05,2,282048,110618,0
matmul_train,matmul,ref+sfreq+age+dirty,matmul-blocked96-s1,train,matmul,matmul-blocked96,0.05,2,1703623,110617,0
matmul_train,matmul,ref+sfreq+age+refaults,matmul-blocked96-s1,train,matmul,matmul-blocked96,0.05,2,1744616,107569,0
matmul_train,matmul,ref+sfreq+age+rdist,matmul-blocked96-s1,train,matmul,matmul-blocked96,0.05,2,1869366,98330,0
matmul_train,matmul,ref+sfreq+dirty+refaults,matmul-blocked96-s1,train,matmul,matmul-blocked96,0.05,2,1703623,110617,0
matmul_train,matmul,ref+sfreq+dirty+rdist,matmul-blocked96-s1,train,matmul,matmul-blocked96,0.05,2,1703623,110617,0
matmul_train,matmul,ref+sfreq+refaults+rdist,matmul-blocked96-s1,train,matmul,matmul-blocked96,0.05,2,1703623,110617,0
matmul_train,matmul,ref+idle+age+dirty,matmul-blocked96-s1,train,matmul,matmul-blocked96,0.05,2,279939,110618,0
matmul_train,matmul,ref+idle+age+refaults,matmul-blocked96-s1,train,matmul,matmul-blocked96,0.05,2,293309,110618,0
matmul_train,matmul,ref+idle+age+rdist,matmul-blocked96-s1,train,matmul,matmul-blocked96,0.05,2,281892,110618,0
matmul_train,matmul,ref+idle+dirty+refaults,matmul-blocked96-s1,train,matmul,matmul-blocked96,0.05,2,292103,110618,0
matmul_train,matmul,ref+idle+dirty+rdist,matmul-blocked96-s1,train,matmul,matmul-blocked96,0.05,2,304904,110618,0
matmul_train,matmul,ref+idle+refaults+rdist,matmul-blocked96-s1,train,matmul,matmul-blocked96,0.05,2,292706,110618,0
matmul_train,matmul,ref+age+dirty+refaults,matmul-blocked96-s1,train,matmul,matmul-blocked96,0.05,2,1703623,110617,0
matmul_train,matmul,ref+age+dirty+rdist,matmul-blocked96-s1,train,matmul,matmul-blocked96,0.05,2,1703623,110617,0
matmul_train,matmul,ref+age+refaults+rdist,matmul-blocked96-s1,train,matmul,matmul-blocked96,0.05,2,1703623,110617,0
matmul_train,matmul,ref+dirty+refaults+rdist,matmul-blocked96-s1,train,matmul,matmul-blocked96,0.05,2,788073,110617,0
matmul_train,matmul,aging+sfreq+idle+age,matmul-blocked96-s1,train,matmul,matmul-blocked96,0.05,2,280323,110618,0
matmul_train,matmul,aging+sfreq+idle+dirty,matmul-blocked96-s1,train,matmul,matmul-blocked96,0.05,2,279969,110618,0
matmul_train,matmul,aging+sfreq+idle+refaults,matmul-blocked96-s1,train,matmul,matmul-blocked96,0.05,2,1401145,110618,0
matmul_train,matmul,aging+sfreq+idle+rdist,matmul-blocked96-s1,train,matmul,matmul-blocked96,0.05,2,1703623,110617,0
matmul_train,matmul,aging+sfreq+age+dirty,matmul-blocked96-s1,train,matmul,matmul-blocked96,0.05,2,280323,110618,0
matmul_train,matmul,aging+sfreq+age+refaults,matmul-blocked96-s1,train,matmul,matmul-blocked96,0.05,2,1744616,107569,0
matmul_train,matmul,aging+sfreq+age+rdist,matmul-blocked96-s1,train,matmul,matmul-blocked96,0.05,2,1741956,107641,0
matmul_train,matmul,aging+sfreq+dirty+refaults,matmul-blocked96-s1,train,matmul,matmul-blocked96,0.05,2,1703623,110617,0
matmul_train,matmul,aging+sfreq+dirty+rdist,matmul-blocked96-s1,train,matmul,matmul-blocked96,0.05,2,1703623,110617,0
matmul_train,matmul,aging+sfreq+refaults+rdist,matmul-blocked96-s1,train,matmul,matmul-blocked96,0.05,2,1703623,110617,0
matmul_train,matmul,aging+idle+age+dirty,matmul-blocked96-s1,train,matmul,matmul-blocked96,0.05,2,279968,110618,0
matmul_train,matmul,aging+idle+age+refaults,matmul-blocked96-s1,train,matmul,matmul-blocked96,0.05,2,294276,110618,0
matmul_train,matmul,aging+idle+age+rdist,matmul-blocked96-s1,train,matmul,matmul-blocked96,0.05,2,1703623,110617,0
matmul_train,matmul,aging+idle+dirty+refaults,matmul-blocked96-s1,train,matmul,matmul-blocked96,0.05,2,292103,110618,0
matmul_train,matmul,aging+idle+dirty+rdist,matmul-blocked96-s1,train,matmul,matmul-blocked96,0.05,2,325886,110618,0
matmul_train,matmul,aging+idle+refaults+rdist,matmul-blocked96-s1,train,matmul,matmul-blocked96,0.05,2,1011511,110617,0
matmul_train,matmul,aging+age+dirty+refaults,matmul-blocked96-s1,train,matmul,matmul-blocked96,0.05,2,1703623,110617,0
matmul_train,matmul,aging+age+dirty+rdist,matmul-blocked96-s1,train,matmul,matmul-blocked96,0.05,2,1703623,110617,0
matmul_train,matmul,aging+age+refaults+rdist,matmul-blocked96-s1,train,matmul,matmul-blocked96,0.05,2,1703623,110617,0
matmul_train,matmul,aging+dirty+refaults+rdist,matmul-blocked96-s1,train,matmul,matmul-blocked96,0.05,2,788073,110617,0
matmul_train,matmul,sfreq+idle+age+dirty,matmul-blocked96-s1,train,matmul,matmul-blocked96,0.05,2,280323,110618,0
matmul_train,matmul,sfreq+idle+age+refaults,matmul-blocked96-s1,train,matmul,matmul-blocked96,0.05,2,287439,110618,0
matmul_train,matmul,sfreq+idle+age+rdist,matmul-blocked96-s1,train,matmul,matmul-blocked96,0.05,2,284451,110618,0
matmul_train,matmul,sfreq+idle+dirty+refaults,matmul-blocked96-s1,train,matmul,matmul-blocked96,0.05,2,294966,110618,0
matmul_train,matmul,sfreq+idle+dirty+rdist,matmul-blocked96-s1,train,matmul,matmul-blocked96,0.05,2,283656,110618,0
matmul_train,matmul,sfreq+idle+refaults+rdist,matmul-blocked96-s1,train,matmul,matmul-blocked96,0.05,2,301899,110618,0
matmul_train,matmul,sfreq+age+dirty+refaults,matmul-blocked96-s1,train,matmul,matmul-blocked96,0.05,2,1703623,110617,0
matmul_train,matmul,sfreq+age+dirty+rdist,matmul-blocked96-s1,train,matmul,matmul-blocked96,0.05,2,1703623,110617,0
matmul_train,matmul,sfreq+age+refaults+rdist,matmul-blocked96-s1,train,matmul,matmul-blocked96,0.05,2,1703623,110617,0
matmul_train,matmul,sfreq+dirty+refaults+rdist,matmul-blocked96-s1,train,matmul,matmul-blocked96,0.05,2,1703623,110617,0
matmul_train,matmul,idle+age+dirty+refaults,matmul-blocked96-s1,train,matmul,matmul-blocked96,0.05,2,288701,110618,0
matmul_train,matmul,idle+age+dirty+rdist,matmul-blocked96-s1,train,matmul,matmul-blocked96,0.05,2,283362,110618,0
matmul_train,matmul,idle+age+refaults+rdist,matmul-blocked96-s1,train,matmul,matmul-blocked96,0.05,2,292766,110618,0
matmul_train,matmul,idle+dirty+refaults+rdist,matmul-blocked96-s1,train,matmul,matmul-blocked96,0.05,2,286523,110618,0
matmul_train,matmul,age+dirty+refaults+rdist,matmul-blocked96-s1,train,matmul,matmul-blocked96,0.05,2,1703623,110617,0
matmul_train,matmul,ref+aging+sfreq+idle+age,matmul-blocked96-s1,train,matmul,matmul-blocked96,0.05,2,280323,110618,0
matmul_train,matmul,ref+aging+sfreq+idle+dirty,matmul-blocked96-s1,train,matmul,matmul-blocked96,0.05,2,280712,110618,0
matmul_train,matmul,ref+aging+sfreq+idle+refaults,matmul-blocked96-s1,train,matmul,matmul-blocked96,0.05,2,1350697,110618,0
matmul_train,matmul,ref+aging+sfreq+idle+rdist,matmul-blocked96-s1,train,matmul,matmul-blocked96,0.05,2,1703623,110617,0
matmul_train,matmul,ref+aging+sfreq+age+dirty,matmul-blocked96-s1,train,matmul,matmul-blocked96,0.05,2,283392,110618,0
matmul_train,matmul,ref+aging+sfreq+age+refaults,matmul-blocked96-s1,train,matmul,matmul-blocked96,0.05,2,321374,110618,0
matmul_train,matmul,ref+aging+sfreq+age+rdist,matmul-blocked96-s1,train,matmul,matmul-blocked96,0.05,2,284760,110618,0
matmul_train,matmul,ref+aging+sfreq+dirty+refaults,matmul-blocked96-s1,train,matmul,matmul-blocked96,0.05,2,293894,110618,0
matmul_train,matmul,ref+aging+sfreq+dirty+rdist,matmul-blocked96-s1,train,matmul,matmul-blocked96,0.05,2,1703623,110617,0
matmul_train,matmul,ref+aging+sfreq+refaults+rdist,matmul-blocked96-s1,train,matmul,matmul-blocked96,0.05,2,1703623,110617,0
matmul_train,matmul,ref+aging+idle+age+dirty,matmul-blocked96-s1,train,matmul,matmul-blocked96,0.05,2,280707,110618,0
matmul_train,matmul,ref+aging+idle+age+refaults,matmul-blocked96-s1,train,matmul,matmul-blocked96,0.05,2,1349192,110618,0
matmul_train,matmul,ref+aging+idle+age+rdist,matmul-blocked96-s1,train,matmul,matmul-blocked96,0.05,2,1703623,110617,0
matmul_train,matmul,ref+aging+idle+dirty+refaults,matmul-blocked96-s1,train,matmul,matmul-blocked96,0.05,2,292454,110618,0
matmul_train,matmul,ref+aging+idle+dirty+rdist,matmul-blocked96-s1,train,matmul,matmul-blocked96,0.05,2,310760,110618,0
matmul_train,matmul,ref+aging+idle+refaults+rdist,matmul-blocked96-s1,train,matmul,matmul-blocked96,0.05,2,507968,110617,0
matmul_train,matmul,ref+aging+age+dirty+refaults,matmul-blocked96-s1,train,matmul,matmul-blocked96,0.05,2,288283,110618,0
matmul_train,matmul,ref+aging+age+dirty+rdist,matmul-blocked96-s1,train,matmul,matmul-blocked96,0.05,2,1703623,110617,0
matmul_train,matmul,ref+aging+age+refaults+rdist,matmul-blocked96-s1,train,matmul,matmul-blocked96,0.05,2,1703623,110617,0
matmul_train,matmul,ref+aging+dirty+refaults+rdist,matmul-blocked96-s1,train,matmul,matmul-blocked96,0.05,2,284409,110618,0
matmul_train,matmul,ref+sfreq+idle+age+dirty,matmul-blocked96-s1,train,matmul,matmul-blocked96,0.05,2,279939,110618,0
matmul_train,matmul,ref+sfreq+idle+age+refaults,matmul-blocked96-s1,train,matmul,matmul-blocked96,0.05,2,309109,110618,0
matmul_train,matmul,ref+sfreq+idle+age+rdist,matmul-blocked96-s1,train,matmul,matmul-blocked96,0.05,2,284451,110618,0
matmul_train,matmul,ref+sfreq+idle+dirty+refaults,matmul-blocked96-s1,train,matmul,matmul-blocked96,0.05,2,293403,110618,0
matmul_train,matmul,ref+sfreq+idle+dirty+rdist,matmul-blocked96-s1,train,matmul,matmul-blocked96,0.05,2,281886,110618,0
matmul_train,matmul,ref+sfreq+idle+refaults+rdist,matmul-blocked96-s1,train,matmul,matmul-blocked96,0.05,2,297509,110618,0
matmul_train,matmul,ref+sfreq+age+dirty+refaults,matmul-blocked96-s1,train,matmul,matmul-blocked96,0.05,2,1703623,110617,0
matmul_train,matmul,ref+sfreq+age+dirty+rdist,matmul-blocked96-s1,train,matmul,matmul-blocked96,0.05,2,1703623,110617,0
matmul_train,matmul,ref+sfreq+age+refaults+rdist,matmul-blocked96-s1,train,matmul,matmul-blocked96,0.05,2,1869366,98330,0
matmul_train,matmul,ref+sfreq+dirty+refaults+rdist,matmul-blocked96-s1,train,matmul,matmul-blocked96,0.05,2,1703623,110617,0
matmul_train,matmul,ref+idle+age+dirty+refaults,matmul-blocked96-s1,train,matmul,matmul-blocked96,0.05,2,287432,110618,0
matmul_train,matmul,ref+idle+age+dirty+rdist,matmul-blocked96-s1,train,matmul,matmul-blocked96,0.05,2,281883,110618,0
matmul_train,matmul,ref+idle+age+refaults+rdist,matmul-blocked96-s1,train,matmul,matmul-blocked96,0.05,2,290872,110618,0
matmul_train,matmul,ref+idle+dirty+refaults+rdist,matmul-blocked96-s1,train,matmul,matmul-blocked96,0.05,2,286481,110618,0
matmul_train,matmul,ref+age+dirty+refaults+rdist,matmul-blocked96-s1,train,matmul,matmul-blocked96,0.05,2,1703623,110617,0
matmul_train,matmul,aging+sfreq+idle+age+dirty,matmul-blocked96-s1,train,matmul,matmul-blocked96,0.05,2,280323,110618,0
matmul_train,matmul,aging+sfreq+idle+age+refaults,matmul-blocked96-s1,train,matmul,matmul-blocked96,0.05,2,284567,110618,0
matmul_train,matmul,aging+sfreq+idle+age+rdist,matmul-blocked96-s1,train,matmul,matmul-blocked96,0.05,2,1741956,107641,0
matmul_train,matmul,aging+sfreq+idle+dirty+refaults,matmul-blocked96-s1,train,matmul,matmul-blocked96,0.05,2,295125,110618,0
matmul_train,matmul,aging+sfreq+idle+dirty+rdist,matmul-blocked96-s1,train,matmul,matmul-blocked96,0.05,2,283026,110618,0
matmul_train,matmul,aging+sfreq+idle+refaults+rdist,matmul-blocked96-s1,train,matmul,matmul-blocked96,0.05,2,824351,110618,0
matmul_train,matmul,aging+sfreq+age+dirty+refaults,matmul-blocked96-s1,train,matmul,matmul-blocked96,0.05,2,282020,110618,0
matmul_train,matmul,aging+sfreq+age+dirty+rdist,matmul-blocked96-s1,train,matmul,matmul-blocked96,0.05,2,283683,110618,0
matmul_train,matmul,aging+sfreq+age+refaults+rdist,matmul-blocked96-s1,train,matmul,matmul-blocked96,0.05,2,1743710,107593,0
matmul_train,matmul,aging+sfreq+dirty+refaults+rdist,matmul-blocked96-s1,train,matmul,matmul-blocked96,0.05,2,1703623,110617,0
matmul_train,matmul,aging+idle+age+dirty+refaults,matmul-blocked96-s1,train,matmul,matmul-blocked96,0.05,2,288745,110618,0
matmul_train,matmul,aging+idle+age+dirty+rdist,matmul-blocked96-s1,train,matmul,matmul-blocked96,0.05,2,282672,110618,0
matmul_train,matmul,aging+idle+age+refaults+rdist,matmul-blocked96-s1,train,matmul,matmul-blocked96,0.05,2,296396,110618,0
matmul_train,matmul,aging+idle+dirty+refaults+rdist,matmul-blocked96-s1,train,matmul,matmul-blocked96,0.05,2,288971,110618,0
matmul_train,matmul,aging+age+dirty+refaults+rdist,matmul-blocked96-s1,train,matmul,matmul-blocked96,0.05,2,1703623,110617,0
matmul_train,matmul,sfreq+idle+age+dirty+refaults,matmul-blocked96-s1,train,matmul,matmul-blocked96,0.05,2,282117,110618,0
matmul_train,matmul,sfreq+idle+age+dirty+rdist,matmul-blocked96-s1,train,matmul,matmul-blocked96,0.05,2,282579,110618,0
matmul_train,matmul,sfreq+idle+age+refaults+rdist,matmul-blocked96-s1,train,matmul,matmul-blocked96,0.05,2,286502,110618,0
matmul_train,matmul,sfreq+idle+dirty+refaults+rdist,matmul-blocked96-s1,train,matmul,matmul-blocked96,0.05,2,287142,110618,0
matmul_train,matmul,sfreq+age+dirty+refaults+rdist,matmul-blocked96-s1,train,matmul,matmul-blocked96,0.05,2,1703623,110617,0
matmul_train,matmul,idle+age+dirty+refaults+rdist,matmul-blocked96-s1,train,matmul,matmul-blocked96,0.05,2,285351,110618,0
matmul_train,matmul,ref+aging+sfreq+idle+age+dirty,matmul-blocked96-s1,train,matmul,matmul-blocked96,0.05,2,280707,110618,0
matmul_train,matmul,ref+aging+sfreq+idle+age+refaults,matmul-blocked96-s1,train,matmul,matmul-blocked96,0.05,2,318454,110618,0
matmul_train,matmul,ref+aging+sfreq+idle+age+rdist,matmul-blocked96-s1,train,matmul,matmul-blocked96,0.05,2,284763,110618,0
matmul_train,matmul,ref+aging+sfreq+idle+dirty+refaults,matmul-blocked96-s1,train,matmul,matmul-blocked96,0.05,2,1349228,110618,0
matmul_train,matmul,ref+aging+sfreq+idle+dirty+rdist,matmul-blocked96-s1,train,matmul,matmul-blocked96,0.05,2,549468,110618,0
matmul_train,matmul,ref+aging+sfreq+idle+refaults+rdist,matmul-blocked96-s1,train,matmul,matmul-blocked96,0.05,2,1703623,110617,0
matmul_train,matmul,ref+aging+sfreq+age+dirty+refaults,matmul-blocked96-s1,train,matmul,matmul-blocked96,0.05,2,285256,110618,0
matmul_train,matmul,ref+aging+sfreq+age+dirty+rdist,matmul-blocked96-s1,train,matmul,matmul-blocked96,0.05,2,282660,110618,0
matmul_train,matmul,ref+aging+sfreq+age+refaults+rdist,matmul-blocked96-s1,train,matmul,matmul-blocked96,0.05,2,292945,110618,0
matmul_train,matmul,ref+aging+sfreq+dirty+refaults+rdist,matmul-blocked96-s1,train,matmul,matmul-blocked96,0.05,2,1703623,110617,0
matmul_train,matmul,ref+aging+idle+age+dirty+refaults,matmul-blocked96-s1,train,matmul,matmul-blocked96,0.05,2,287675,110618,0
matmul_train,matmul,ref+aging+idle+age+dirty+rdist,matmul-blocked96-s1,train,matmul,matmul-blocked96,0.05,2,1703623,110617,0
matmul_train,matmul,ref+aging+idle+age+refaults+rdist,matmul-blocked96-s1,train,matmul,matmul-blocked96,0.05,2,1703623,110617,0
matmul_train,matmul,ref+aging+idle+dirty+refaults+rdist,matmul-blocked96-s1,train,matmul,matmul-blocked96,0.05,2,284405,110618,0
matmul_train,matmul,ref+aging+age+dirty+refaults+rdist,matmul-blocked96-s1,train,matmul,matmul-blocked96,0.05,2,1703623,110617,0
matmul_train,matmul,ref+sfreq+idle+age+dirty+refaults,matmul-blocked96-s1,train,matmul,matmul-blocked96,0.05,2,282433,110618,0
matmul_train,matmul,ref+sfreq+idle+age+dirty+rdist,matmul-blocked96-s1,train,matmul,matmul-blocked96,0.05,2,282738,110618,0
matmul_train,matmul,ref+sfreq+idle+age+refaults+rdist,matmul-blocked96-s1,train,matmul,matmul-blocked96,0.05,2,288195,110618,0
matmul_train,matmul,ref+sfreq+idle+dirty+refaults+rdist,matmul-blocked96-s1,train,matmul,matmul-blocked96,0.05,2,283452,110618,0
matmul_train,matmul,ref+sfreq+age+dirty+refaults+rdist,matmul-blocked96-s1,train,matmul,matmul-blocked96,0.05,2,1703623,110617,0
matmul_train,matmul,ref+idle+age+dirty+refaults+rdist,matmul-blocked96-s1,train,matmul,matmul-blocked96,0.05,2,282566,110618,0
matmul_train,matmul,aging+sfreq+idle+age+dirty+refaults,matmul-blocked96-s1,train,matmul,matmul-blocked96,0.05,2,282547,110618,0
matmul_train,matmul,aging+sfreq+idle+age+dirty+rdist,matmul-blocked96-s1,train,matmul,matmul-blocked96,0.05,2,282579,110618,0
matmul_train,matmul,aging+sfreq+idle+age+refaults+rdist,matmul-blocked96-s1,train,matmul,matmul-blocked96,0.05,2,1601569,101689,0
matmul_train,matmul,aging+sfreq+idle+dirty+refaults+rdist,matmul-blocked96-s1,train,matmul,matmul-blocked96,0.05,2,287160,110618,0
matmul_train,matmul,aging+sfreq+age+dirty+refaults+rdist,matmul-blocked96-s1,train,matmul,matmul-blocked96,0.05,2,1743710,107593,0
matmul_train,matmul,aging+idle+age+dirty+refaults+rdist,matmul-blocked96-s1,train,matmul,matmul-blocked96,0.05,2,284034,110618,0
matmul_train,matmul,sfreq+idle+age+dirty+refaults+rdist,matmul-blocked96-s1,train,matmul,matmul-blocked96,0.05,2,283601,110618,0
matmul_train,matmul,ref+aging+sfreq+idle+age+dirty+refaults,matmul-blocked96-s1,train,matmul,matmul-blocked96,0.05,2,283957,110618,0
matmul_train,matmul,ref+aging+sfreq+idle+age+dirty+rdist,matmul-blocked96-s1,train,matmul,matmul-blocked96,0.05,2,282693,110618,0
matmul_train,matmul,ref+aging+sfreq+idle+age+refaults+rdist,matmul-blocked96-s1,train,matmul,matmul-blocked96,0.05,2,290607,110618,0
matmul_train,matmul,ref+aging+sfreq+idle+dirty+refaults+rdist,matmul-blocked96-s1,train,matmul,matmul-blocked96,0.05,2,283443,110618,0
matmul_train,matmul,ref+aging+sfreq+age+dirty+refaults+rdist,matmul-blocked96-s1,train,matmul,matmul-blocked96,0.05,2,283141,110618,0
matmul_train,matmul,ref+aging+idle+age+dirty+refaults+rdist,matmul-blocked96-s1,train,matmul,matmul-blocked96,0.05,2,282821,110618,0
matmul_train,matmul,ref+sfreq+idle+age+dirty+refaults+rdist,matmul-blocked96-s1,train,matmul,matmul-blocked96,0.05,2,282745,110618,0
matmul_train,matmul,aging+sfreq+idle+age+dirty+refaults+rdist,matmul-blocked96-s1,train,matmul,matmul-blocked96,0.05,2,283515,110618,0
matmul_train,matmul,ref+aging+sfreq+idle+age+dirty+refaults+rdist,matmul-blocked96-s1,train,matmul,matmul-blocked96,0.05,2,283148,110618,0
matmul_train,matmul,rec+ref+aging+sfreq+idle+age+dirty,matmul-blocked96-s1,train,matmul,matmul-blocked96,0.05,2,1869367,98330,0
matmul_train,matmul,rec+ref+aging+sfreq+idle+age+dirty+refaults+rdist,matmul-blocked96-s1,train,matmul,matmul-blocked96,0.05,2,1575432,110618,0
matmul_train,matmul,freq+ref+aging+sfreq+idle+age+dirty,matmul-blocked96-s1,train,matmul,matmul-blocked96,0.05,2,280400,110618,0
matmul_train,matmul,freq+ref+aging+sfreq+idle+age+dirty+refaults+rdist,matmul-blocked96-s1,train,matmul,matmul-blocked96,0.05,2,282909,110618,0
matmul_train,matmul,sd+ref+aging+sfreq+idle+age+dirty,matmul-blocked96-s1,train,matmul,matmul-blocked96,0.05,2,334158,110618,0
matmul_train,matmul,sd+ref+aging+sfreq+idle+age+dirty+refaults+rdist,matmul-blocked96-s1,train,matmul,matmul-blocked96,0.05,2,283982,110618,0
matmul_train,matmul,wr+ref+aging+sfreq+idle+age+dirty,matmul-blocked96-s1,train,matmul,matmul-blocked96,0.05,2,292050,110618,0
matmul_train,matmul,wr+ref+aging+sfreq+idle+age+dirty+refaults+rdist,matmul-blocked96-s1,train,matmul,matmul-blocked96,0.05,2,283834,110618,0
matmul_train,matmul,rec+freq+ref+aging+sfreq+idle+age+dirty,matmul-blocked96-s1,train,matmul,matmul-blocked96,0.05,2,1869367,98330,0
matmul_train,matmul,rec+freq+ref+aging+sfreq+idle+age+dirty+refaults+rdist,matmul-blocked96-s1,train,matmul,matmul-blocked96,0.05,2,1575432,110618,0
matmul_train,matmul,rec+sd+ref+aging+sfreq+idle+age+dirty,matmul-blocked96-s1,train,matmul,matmul-blocked96,0.05,2,282786,110618,0
matmul_train,matmul,rec+sd+ref+aging+sfreq+idle+age+dirty+refaults+rdist,matmul-blocked96-s1,train,matmul,matmul-blocked96,0.05,2,1575170,110618,0
matmul_train,matmul,rec+wr+ref+aging+sfreq+idle+age+dirty,matmul-blocked96-s1,train,matmul,matmul-blocked96,0.05,2,1744616,107569,0
matmul_train,matmul,rec+wr+ref+aging+sfreq+idle+age+dirty+refaults+rdist,matmul-blocked96-s1,train,matmul,matmul-blocked96,0.05,2,1582985,110618,0
matmul_train,matmul,freq+sd+ref+aging+sfreq+idle+age+dirty,matmul-blocked96-s1,train,matmul,matmul-blocked96,0.05,2,321130,110618,0
matmul_train,matmul,freq+sd+ref+aging+sfreq+idle+age+dirty+refaults+rdist,matmul-blocked96-s1,train,matmul,matmul-blocked96,0.05,2,283640,110618,0
matmul_train,matmul,freq+wr+ref+aging+sfreq+idle+age+dirty,matmul-blocked96-s1,train,matmul,matmul-blocked96,0.05,2,291195,110618,0
matmul_train,matmul,freq+wr+ref+aging+sfreq+idle+age+dirty+refaults+rdist,matmul-blocked96-s1,train,matmul,matmul-blocked96,0.05,2,283486,110618,0
matmul_train,matmul,sd+wr+ref+aging+sfreq+idle+age+dirty,matmul-blocked96-s1,train,matmul,matmul-blocked96,0.05,2,370575,110618,0
matmul_train,matmul,sd+wr+ref+aging+sfreq+idle+age+dirty+refaults+rdist,matmul-blocked96-s1,train,matmul,matmul-blocked96,0.05,2,283969,110618,0
matmul_train,matmul,rec+freq+sd+ref+aging+sfreq+idle+age+dirty,matmul-blocked96-s1,train,matmul,matmul-blocked96,0.05,2,1869367,98330,0
matmul_train,matmul,rec+freq+sd+ref+aging+sfreq+idle+age+dirty+refaults+rdist,matmul-blocked96-s1,train,matmul,matmul-blocked96,0.05,2,1575341,110618,0
matmul_train,matmul,rec+freq+wr+ref+aging+sfreq+idle+age+dirty,matmul-blocked96-s1,train,matmul,matmul-blocked96,0.05,2,1743707,107593,0
matmul_train,matmul,rec+freq+wr+ref+aging+sfreq+idle+age+dirty+refaults+rdist,matmul-blocked96-s1,train,matmul,matmul-blocked96,0.05,2,1575432,110618,0
matmul_train,matmul,rec+sd+wr+ref+aging+sfreq+idle+age+dirty,matmul-blocked96-s1,train,matmul,matmul-blocked96,0.05,2,289662,110618,0
matmul_train,matmul,rec+sd+wr+ref+aging+sfreq+idle+age+dirty+refaults+rdist,matmul-blocked96-s1,train,matmul,matmul-blocked96,0.05,2,1575161,110618,0
matmul_train,matmul,freq+sd+wr+ref+aging+sfreq+idle+age+dirty,matmul-blocked96-s1,train,matmul,matmul-blocked96,0.05,2,368721,110618,0
matmul_train,matmul,freq+sd+wr+ref+aging+sfreq+idle+age+dirty+refaults+rdist,matmul-blocked96-s1,train,matmul,matmul-blocked96,0.05,2,284825,110618,0
matmul_train,matmul,rec+freq+sd+wr+ref+aging+sfreq+idle+age+dirty,matmul-blocked96-s1,train,matmul,matmul-blocked96,0.05,2,296341,110618,0
matmul_train,matmul,rec+freq+sd+wr+ref+aging+sfreq+idle+age+dirty+refaults+rdist,matmul-blocked96-s1,train,matmul,matmul-blocked96,0.05,2,1698046,110617,0
matmul_train,global,rec,matmul-blocked96-s1,train,matmul,matmul-blocked96,0.05,2,388806,110618,0
matmul_train,global,freq,matmul-blocked96-s1,train,matmul,matmul-blocked96,0.05,2,1705905,110449,0
matmul_train,global,sd,matmul-blocked96-s1,train,matmul,matmul-blocked96,0.05,2,388806,110618,0
matmul_train,global,wr,matmul-blocked96-s1,train,matmul,matmul-blocked96,0.05,2,335235,110618,0
matmul_train,global,rec+freq,matmul-blocked96-s1,train,matmul,matmul-blocked96,0.05,2,378762,110618,0
matmul_train,global,rec+sd,matmul-blocked96-s1,train,matmul,matmul-blocked96,0.05,2,388806,110618,0
matmul_train,global,rec+wr,matmul-blocked96-s1,train,matmul,matmul-blocked96,0.05,2,388806,110618,0
matmul_train,global,freq+sd,matmul-blocked96-s1,train,matmul,matmul-blocked96,0.05,2,375822,110616,0
matmul_train,global,freq+wr,matmul-blocked96-s1,train,matmul,matmul-blocked96,0.05,2,1704822,110532,0
matmul_train,global,sd+wr,matmul-blocked96-s1,train,matmul,matmul-blocked96,0.05,2,388806,110618,0
matmul_train,global,rec+freq+sd,matmul-blocked96-s1,train,matmul,matmul-blocked96,0.05,2,345711,110618,0
matmul_train,global,rec+freq+wr,matmul-blocked96-s1,train,matmul,matmul-blocked96,0.05,2,381062,110618,0
matmul_train,global,rec+sd+wr,matmul-blocked96-s1,train,matmul,matmul-blocked96,0.05,2,388806,110618,0
matmul_train,global,freq+sd+wr,matmul-blocked96-s1,train,matmul,matmul-blocked96,0.05,2,376215,110615,0
matmul_train,global,rec+freq+sd+wr,matmul-blocked96-s1,train,matmul,matmul-blocked96,0.05,2,345709,110618,0
matmul_train,global,ref,matmul-blocked96-s1,train,matmul,matmul-blocked96,0.05,2,416454,110618,0
matmul_train,global,aging,matmul-blocked96-s1,train,matmul,matmul-blocked96,0.05,2,416454,110618,0
matmul_train,global,sfreq,matmul-blocked96-s1,train,matmul,matmul-blocked96,0.05,2,1703623,110617,0
matmul_train,global,idle,matmul-blocked96-s1,train,matmul,matmul-blocked96,0.05,2,416454,110618,0
matmul_train,global,age,matmul-blocked96-s1,train,matmul,matmul-blocked96,0.05,2,416454,110618,0
matmul_train,global,dirty,matmul-blocked96-s1,train,matmul,matmul-blocked96,0.05,2,335523,110618,0
matmul_train,global,refaults,matmul-blocked96-s1,train,matmul,matmul-blocked96,0.05,2,525443,110506,0
matmul_train,global,rdist,matmul-blocked96-s1,train,matmul,matmul-blocked96,0.05,2,788073,110617,0
matmul_train,global,ref+aging,matmul-blocked96-s1,train,matmul,matmul-blocked96,0.05,2,416454,110618,0
matmul_train,global,ref+sfreq,matmul-blocked96-s1,train,matmul,matmul-blocked96,0.05,2,280323,110618,0
matmul_train,global,ref+idle,matmul-blocked96-s1,train,matmul,matmul-blocked96,0.05,2,416454,110618,0
matmul_train,global,ref+age,matmul-blocked96-s1,train,matmul,matmul-blocked96,0.05,2,416454,110618,0
matmul_train,global,ref+dirty,matmul-blocked96-s1,train,matmul,matmul-blocked96,0.05,2,389862,110618,0
matmul_train,global,ref+refaults,matmul-blocked96-s1,train,matmul,matmul-blocked96,0.05,2,401902,110618,0
matmul_train,global,ref+rdist,matmul-blocked96-s1,train,matmul,matmul-blocked96,0.05,2,327347,110618,0
matmul_train,global,aging+sfreq,matmul-blocked96-s1,train,matmul,matmul-blocked96,0.05,2,280323,110618,0
matmul_train,global,aging+idle,matmul-blocked96-s1,train,matmul,matmul-blocked96,0.05,2,416454,110618,0
matmul_train,global,aging+age,matmul-blocked96-s1,train,matmul,matmul-blocked96,0.05,2,280323,110618,0
matmul_train,global,aging+dirty,matmul-blocked96-s1,train,matmul,matmul-blocked96,0.05,2,389862,110618,0
matmul_train,global,aging+refaults,matmul-blocked96-s1,train,matmul,matmul-blocked96,0.05,2,401600,110618,0
matmul_train,global,aging+rdist,matmul-blocked96-s1,train,matmul,matmul-blocked96,0.05,2,327377,110618,0
matmul_train,global,sfreq+idle,matmul-blocked96-s1,train,matmul,matmul-blocked96,0.05,2,280285,110618,0
matmul_train,global,sfreq+age,matmul-blocked96-s1,train,matmul,matmul-blocked96,0.05,2,416454,110618,0
matmul_train,global,sfreq+dirty,matmul-blocked96-s1,train,matmul,matmul-blocked96,0.05,2,1703623,110617,0
matmul_train,global,sfreq+refaults,matmul-blocked96-s1,train,matmul,matmul-blocked96,0.05,2,1855181,99379,0
matmul_train,global,sfreq+rdist,matmul-blocked96-s1,train,matmul,matmul-blocked96,0.05,2,788073,110617,0
matmul_train,global,idle+age,matmul-blocked96-s1,train,matmul,matmul-blocked96,0.05,2,280333,110618,0
matmul_train,global,idle+dirty,matmul-blocked96-s1,train,matmul,matmul-blocked96,0.05,2,389862,110618,0
matmul_train,global,idle+refaults,matmul-blocked96-s1,train,matmul,matmul-blocked96,0.05,2,400289,110618,0
matmul_train,global,idle+rdist,matmul-blocked96-s1,train,matmul,matmul-blocked96,0.05,2,326771,110618,0
matmul_train,global,age+dirty,matmul-blocked96-s1,train,matmul,matmul-blocked96,0.05,2,416454,110618,0
matmul_train,global,age+refaults,matmul-blocked96-s1,train,matmul,matmul-blocked96,0.05,2,1791156,104201,0
matmul_train,global,age+rdist,matmul-blocked96-s1,train,matmul,matmul-blocked96,0.05,2,385076,110618,0
matmul_train,global,dirty+refaults,matmul-blocked96-s1,train,matmul,matmul-blocked96,0.05,2,571306,110482,0
matmul_train,global,dirty+rdist,matmul-blocked96-s1,train,matmul,matmul-blocked96,0.05,2,788073,110617,0
matmul_train,global,refaults+rdist,matmul-blocked96-s1,train,matmul,matmul-blocked96,0.05,2,530398,109733,0
matmul_train,global,ref+aging+sfreq,matmul-blocked96-s1,train,matmul,matmul-blocked96,0.05,2,280611,110618,0
matmul_train,global,ref+aging+idle,matmul-blocked96-s1,train,matmul,matmul-blocked96,0.05,2,416454,110618,0
matmul_train,global,ref+aging+age,matmul-blocked96-s1,train,matmul,matmul-blocked96,0.05,2,280803,110618,0
matmul_train,global,ref+aging+dirty,matmul-blocked96-s1,train,matmul,matmul-blocked96,0.05,2,389862,110618,0
matmul_train,global,ref+aging+refaults,matmul-blocked96-s1,train,matmul,matmul-blocked96,0.05,2,400956,110618,0
matmul_train,global,ref+aging+rdist,matmul-blocked96-s1,train,matmul,matmul-blocked96,0.05,2,327353,110618,0
matmul_train,global,ref+sfreq+idle,matmul-blocked96-s1,train,matmul,matmul-blocked96,0.05,2,280323,110618,0
matmul_train,global,ref+sfreq+age,matmul-blocked96-s1,train,matmul,matmul-blocked96,0.05,2,416454,110618,0
matmul_train,global,ref+sfreq+dirty,matmul-blocked96-s1,train,matmul,matmul-blocked96,0.05,2,280323,110618,0
matmul_train,global,ref+sfreq+refaults,matmul-blocked96-s1,train,matmul,matmul-blocked96,0.05,2,1532314,110618,0
matmul_train,global,ref+sfreq+rdist,matmul-blocked96-s1,train,matmul,matmul-blocked96,0.05,2,282753,110618,0
matmul_train,global,ref+idle+age,matmul-blocked96-s1,train,matmul,matmul-blocked96,0.05,2,280323,110618,0
matmul_train,global,ref+idle+dirty,matmul-blocked96-s1,train,matmul,matmul-blocked96,0.05,2,389862,110618,0
matmul_train,global,ref+idle+refaults,matmul-blocked96-s1,train,matmul,matmul-blocked96,0.05,2,401234,110618,0
matmul_train,global,ref+idle+rdist,matmul-blocked96-s1,train,matmul,matmul-blocked96,0.05,2,327323,110618,0
matmul_train,global,ref+age+dirty,matmul-blocked96-s1,train,matmul,matmul-blocked96,0.05,2,389862,110618,0
matmul_train,global,ref+age+refaults,matmul-blocked96-s1,train,matmul,matmul-blocked96,0.05,2,719240,110618,0
matmul_train,global,ref+age+rdist,matmul-blocked96-s1,train,matmul,matmul-blocked96,0.05,2,327683,110618,0
matmul_train,global,ref+dirty+refaults,matmul-blocked96-s1,train,matmul,matmul-blocked96,0.05,2,415179,110618,0
matmul_train,global,ref+dirty+rdist,matmul-blocked96-s1,train,matmul,matmul-blocked96,0.05,2,327373,110618,0
matmul_train,global,ref+refaults+rdist,matmul-blocked96-s1,train,matmul,matmul-blocked96,0.05,2,378431,110618,0
matmul_train,global,aging+sfreq+idle,matmul-blocked96-s1,train,matmul,matmul-blocked96,0.05,2,280323,110618,0
matmul_train,global,aging+sfreq+age,matmul-blocked96-s1,train,matmul,matmul-blocked96,0.05,2,280323,110618,0
matmul_train,global,aging+sfreq+dirty,matmul-blocked96-s1,train,matmul,matmul-blocked96,0.05,2,280323,110618,0
matmul_train,global,aging+sfreq+refaults,matmul-blocked96-s1,train,matmul,matmul-blocked96,0.05,2,1523147,110618,0
matmul_train,global,aging+sfreq+rdist,matmul-blocked96-s1,train,matmul,matmul-blocked96,0.05,2,282753,110618,0
matmul_train,global,aging+idle+age,matmul-blocked96-s1,train,matmul,matmul-blocked96,0.05,2,280323,110618,0
matmul_train,global,aging+idle+dirty,matmul-blocked96-s1,train,matmul,matmul-blocked96,0.05,2,389862,110618,0
matmul_train,global,aging+idle+refaults,matmul-blocked96-s1,train,matmul,matmul-blocked96,0.05,2,401180,110618,0
matmul_train,global,aging+idle+rdist,matmul-blocked96-s1,train,matmul,matmul-blocked96,0.05,2,327329,110618,0
matmul_train,global,aging+age+dirty,matmul-blocked96-s1,train,matmul,matmul-blocked96,0.05,2,280323,110618,0
matmul_train,global,aging+age+refaults,matmul-blocked96-s1,train,matmul,matmul-blocked96,0.05,2,1207134,110618,0
matmul_train,global,aging+age+rdist,matmul-blocked96-s1,train,matmul,matmul-blocked96,0.05,2,282753,110618,0
matmul_train,global,aging+dirty+refaults,matmul-blocked96-s1,train,matmul,matmul-blocked96,0.05,2,415199,110618,0
matmul_train,global,aging+dirty+rdist,matmul-blocked96-s1,train,matmul,matmul-blocked96,0.05,2,327373,110618,0
matmul_train,global,aging+refaults+rdist,matmul-blocked96-s1,train,matmul,matmul-blocked96,0.05,2,377331,110618,0
matmul_train,global,sfreq+idle+age,matmul-blocked96-s1,train,matmul,matmul-blocked96,0.05,2,280323,110618,0
matmul_train,global,sfreq+idle+dirty,matmul-blocked96-s1,train,matmul,matmul-blocked96,0.05,2,279959,110618,0
matmul_train,global,sfreq+idle+refaults,matmul-blocked96-s1,train,matmul,matmul-blocked96,0.05,2,834664,110618,0
matmul_train,global,sfreq+idle+rdist,matmul-blocked96-s1,train,matmul,matmul-blocked96,0.05,2,282249,110618,0
matmul_train,global,sfreq+age+dirty,matmul-blocked96-s1,train,matmul,matmul-blocked96,0.05,2,389862,110618,0
matmul_train,global,sfreq+age+refaults,matmul-blocked96-s1,train,matmul,matmul-blocked96,0.05,2,1742154,107762,0
matmul_train,global,sfreq+age+rdist,matmul-blocked96-s1,train,matmul,matmul-blocked96,0.05,2,480413,110618,0
matmul_train,global,sfreq+dirty+refaults,matmul-blocked96-s1,train,matmul,matmul-blocked96,0.05,2,1744618,107570,0
matmul_train,global,sfreq+dirty+rdist,matmul-blocked96-s1,train,matmul,matmul-blocked96,0.05,2,1703623,110617,0
matmul_train,global,sfreq+refaults+rdist,matmul-blocked96-s1,train,matmul,matmul-blocked96,0.05,2,1703830,110618,0
matmul_train,global,idle+age+dirty,matmul-blocked96-s1,train,matmul,matmul-blocked96,0.05,2,279949,110618,0
matmul_train,global,idle+age+refaults,matmul-blocked96-s1,train,matmul,matmul-blocked96,0.05,2,361381,110618,0
matmul_train,global,idle+age+rdist,matmul-blocked96-s1,train,matmul,matmul-blocked96,0.05,2,282252,110618,0
matmul_train,global,idle+dirty+refaults,matmul-blocked96-s1,train,matmul,matmul-blocked96,0.05,2,415919,110618,0
matmul_train,global,idle+dirty+rdist,matmul-blocked96-s1,train,matmul,matmul-blocked96,0.05,2,305258,110618,0
matmul_train,global,idle+refaults+rdist,matmul-blocked96-s1,train,matmul,matmul-blocked96,0.05,2,379016,110618,0
matmul_train,global,age+dirty+refaults,matmul-blocked96-s1,train,matmul,matmul-blocked96,0.05,2,1816868,102208,0
matmul_train,global,age+dirty+rdist,matmul-blocked96-s1,train,matmul,matmul-blocked96,0.05,2,329698,110618,0
matmul_train,global,age+refaults+rdist,matmul-blocked96-s1,train,matmul,matmul-blocked96,0.05,2,1742905,107718,0
matmul_train,global,dirty+refaults+rdist,matmul-blocked96-s1,train,matmul,matmul-blocked96,0.05,2,480429,110119,0
matmul_train,global,ref+aging+sfreq+idle,matmul-blocked96-s1,train,matmul,matmul-blocked96,0.05,2,280611,110618,0
matmul_train,global,ref+aging+sfreq+age,matmul-blocked96-s1,train,matmul,matmul-blocked96,0.05,2,280803,110618,0
matmul_train,global,ref+aging+sfreq+dirty,matmul-blocked96-s1,train,matmul,matmul-blocked96,0.05,2,280899,110618,0
matmul_train,global,ref+aging+sfreq+refaults,matmul-blocked96-s1,train,matmul,matmul-blocked96,0.05,2,1515839,110618,0
matmul_train,global,ref+aging+sfreq+rdist,matmul-blocked96-s1,train,matmul,matmul-blocked96,0.05,2,282753,110618,0
matmul_train,global,ref+aging+idle+age,matmul-blocked96-s1,train,matmul,matmul-blocked96,0.05,2,280899,110618,0
matmul_train,global,ref+aging+idle+dirty,matmul-blocked96-s1,train,matmul,matmul-blocked96,0.05,2,389862,110618,0
matmul_train,global,ref+aging+idle+refaults,matmul-blocked96-s1,train,matmul,matmul-blocked96,0.05,2,400750,110618,0
matmul_train,global,ref+aging+idle+rdist,matmul-blocked96-s1,train,matmul,matmul-blocked96,0.05,2,327353,110618,0
matmul_train,global,ref+aging+age+dirty,matmul-blocked96-s1,train,matmul,matmul-blocked96,0.05,2,280899,110618,0
matmul_train,global,ref+aging+age+refaults,matmul-blocked96-s1,train,matmul,matmul-blocked96,0.05,2,1304407,110618,0
matmul_train,global,ref+aging+age+rdist,matmul-blocked96-s1,train,matmul,matmul-blocked96,0.05,2,282849,110618,0
matmul_train,global,ref+aging+dirty+refaults,matmul-blocked96-s1,train,matmul,matmul-blocked96,0.05,2,415066,110618,0
matmul_train,global,ref+aging+dirty+rdist,matmul-blocked96-s1,train,matmul,matmul-blocked96,0.05,2,327379,110618,0
matmul_train,global,ref+aging+refaults+rdist,matmul-blocked96-s1,train,matmul,matmul-blocked96,0.05,2,377654,110618,0
matmul_train,global,ref+sfreq+idle+age,matmul-blocked96-s1,train,matmul,matmul-blocked96,0.05,2,280323,110618,0
matmul_train,global,ref+sfreq+idle+dirty,matmul-blocked96-s1,train,matmul,matmul-blocked96,0.05,2,280323,110618,0
matmul_train,global,ref+sfreq+idle+refaults,matmul-blocked96-s1,train,matmul,matmul-blocked96,0.05,2,857794,110618,0
matmul_train,global,ref+sfreq+idle+rdist,matmul-blocked96-s1,train,matmul,matmul-blocked96,0.05,2,282753,110618,0
matmul_train,global,ref+sfreq+age+dirty,matmul-blocked96-s1,train,matmul,matmul-blocked96,0.05,2,389862,110618,0
matmul_train,global,ref+sfreq+age+refaults,matmul-blocked96-s1,train,matmul,matmul-blocked96,0.05,2,1532655,110618,0
matmul_train,global,ref+sfreq+age+rdist,matmul-blocked96-s1,train,matmul,matmul-blocked96,0.05,2,308853,110618,0
matmul_train,global,ref+sfreq+dirty+refaults,matmul-blocked96-s1,train,matmul,matmul-blocked96,0.05,2,1531949,110618,0
matmul_train,global,ref+sfreq+dirty+rdist,matmul-blocked96-s1,train,matmul,matmul-blocked96,0.05,2,282753,110618,0
matmul_train,global,ref+sfreq+refaults+rdist,matmul-blocked96-s1,train,matmul,matmul-blocked96,0.05,2,1543045,110618,0
matmul_train,global,ref+idle+age+dirty,matmul-blocked96-s1,train,matmul,matmul-blocked96,0.05,2,280323,110618,0
matmul_train,global,ref+idle+age+refaults,matmul-blocked96-s1,train,matmul,matmul-blocked96,0.05,2,334032,110618,0
matmul_train,global,ref+idle+age+rdist,matmul-blocked96-s1,train,matmul,matmul-blocked96,0.05,2,282753,110618,0
matmul_train,global,ref+idle+dirty+refaults,matmul-blocked96-s1,train,matmul,matmul-blocked96,0.05,2,415038,110618,0
matmul_train,global,ref+idle+dirty+rdist,matmul-blocked96-s1,train,matmul,matmul-blocked96,0.05,2,327373,110618,0
matmul_train,global,ref+idle+refaults+rdist,matmul-blocked96-s1,train,matmul,matmul-blocked96,0.05,2,378879,110618,0
matmul_train,global,ref+age+dirty+refaults,matmul-blocked96-s1,train,matmul,matmul-blocked96,0.05,2,356191,110618,0
matmul_train,global,ref+age+dirty+rdist,matmul-blocked96-s1,train,matmul,matmul-blocked96,0.05,2,327373,110618,0
matmul_train,global,ref+age+refaults+rdist,matmul-blocked96-s1,train,matmul,matmul-blocked96,0.05,2,809761,110618,0
matmul_train,global,ref+dirty+refaults+rdist,matmul-blocked96-s1,train,matmul,matmul-blocked96,0.05,2,375359,110618,0
matmul_train,global,aging+sfreq+idle+age,matmul-blocked96-s1,train,matmul,matmul-blocked96,0.05,2,280323,110618,0
matmul_train,global,aging+sfreq+idle+dirty,matmul-blocked96-s1,train,matmul,matmul-blocked96,0.05,2,280323,110618,0
matmul_train,global,aging+sfreq+idle+refaults,matmul-blocked96-s1,train,matmul,matmul-blocked96,0.05,2,1362028,110618,0
matmul_train,global,aging+sfreq+idle+rdist,matmul-blocked96-s1,train,matmul,matmul-blocked96,0.05,2,282753,110618,0
matmul_train,global,aging+sfreq+age+dirty,matmul-blocked96-s1,train,matmul,matmul-blocked96,0.05,2,280323,110618,0
matmul_train,global,aging+sfreq+age+refaults,matmul-blocked96-s1,train,matmul,matmul-blocked96,0.05,2,1359791,110618,0
matmul_train,global,aging+sfreq+age+rdist,matmul-blocked96-s1,train,matmul,matmul-blocked96,0.05,2,282753,110618,0
matmul_train,global,aging+sfreq+dirty+refaults,matmul-blocked96-s1,train,matmul,matmul-blocked96,0.05,2,1519764,110618,0
matmul_train,global,aging+sfreq+dirty+rdist,matmul-blocked96-s1,train,matmul,matmul-blocked96,0.05,2,282753,110618,0
matmul_train,global,aging+sfreq+refaults+rdist,matmul-blocked96-s1,train,matmul,matmul-blocked96,0.05,2,1519419,110618,0
matmul_train,global,aging+idle+age+dirty,matmul-blocked96-s1,train,matmul,matmul-blocked96,0.05,2,280323,110618,0
matmul_train,global,aging+idle+age+refaults,matmul-blocked96-s1,train,matmul,matmul-blocked96,0.05,2,329291,110618,0
matmul_train,global,aging+idle+age+rdist,matmul-blocked96-s1,train,matmul,matmul-blocked96,0.05,2,282753,110618,0
matmul_train,global,aging+idle+dirty+refaults,matmul-blocked96-s1,train,matmul,matmul-blocked96,0.05,2,415027,110618,0
matmul_train,global,aging+idle+dirty+rdist,matmul-blocked96-s1,train,matmul,matmul-blocked96,0.05,2,327373,110618,0
matmul_train,global,aging+idle+refaults+rdist,matmul-blocked96-s1,train,matmul,matmul-blocked96,0.05,2,376959,110618,0
matmul_train,global,aging+age+dirty+refaults,matmul-blocked96-s1,train,matmul,matmul-blocked96,0.05,2,1206760,110618,0
matmul_train,global,aging+age+dirty+rdist,matmul-blocked96-s1,train,matmul,matmul-blocked96,0.05,2,282753,110618,0
matmul_train,global,aging+age+refaults+rdist,matmul-blocked96-s1,train,matmul,matmul-blocked96,0.05,2,1248554,110618,0
matmul_train,global,aging+dirty+refaults+rdist,matmul-blocked96-s1,train,matmul,matmul-blocked96,0.05,2,375696,110618,0
matmul_train,global,sfreq+idle+age+dirty,matmul-blocked96-s1,train,matmul,matmul-blocked96,0.05,2,279949,110618,0
matmul_train,global,sfreq+idle+age+refaults,matmul-blocked96-s1,train,matmul,matmul-blocked96,0.05,2,528567,101961,0
matmul_train,global,sfreq+idle+age+rdist,matmul-blocked96-s1,train,matmul,matmul-blocked96,0.05,2,282252,110618,0
matmul_train,global,sfreq+idle+dirty+refaults,matmul-blocked96-s1,train,matmul,matmul-blocked96,0.05,2,875556,110618,0
matmul_train,global,sfreq+idle+dirty+rdist,matmul-blocked96-s1,train,matmul,matmul-blocked96,0.05,2,281871,110618,0
matmul_train,global,sfreq+idle+refaults+rdist,matmul-blocked96-s1,train,matmul,matmul-blocked96,0.05,2,1256193,107619,0
matmul_train,global,sfreq+age+dirty+refaults,matmul-blocked96-s1,train,matmul,matmul-blocked96,0.05,2,1577741,110618,0
matmul_train,global,sfreq+age+dirty+rdist,matmul-blocked96-s1,train,matmul,matmul-blocked96,0.05,2,638807,110618,0
matmul_train,global,sfreq+age+refaults+rdist,matmul-blocked96-s1,train,matmul,matmul-blocked96,0.05,2,1799399,103510,0
matmul_train,global,sfreq+dirty+refaults+rdist,matmul-blocked96-s1,train,matmul,matmul-blocked96,0.05,2,1704580,110618,0
matmul_train,global,idle+age+dirty+refaults,matmul-blocked96-s1,train,matmul,matmul-blocked96,0.05,2,358205,110618,0
matmul_train,global,idle+age+dirty+rdist,matmul-blocked96-s1,train,matmul,matmul-blocked96,0.05,2,281871,110618,0
matmul_train,global,idle+age+refaults+rdist,matmul-blocked96-s1,train,matmul,matmul-blocked96,0.05,2,385251,110217,0
matmul_train,global,idle+dirty+refaults+rdist,matmul-blocked96-s1,train,matmul,matmul-blocked96,0.05,2,353102,110618,0
matmul_train,global,age+dirty+refaults+rdist,matmul-blocked96-s1,train,matmul,matmul-blocked96,0.05,2,1747570,107366,0
matmul_train,global,ref+aging+sfreq+idle+age,matmul-blocked96-s1,train,matmul,matmul-blocked96,0.05,2,280611,110618,0
matmul_train,global,ref+aging+sfreq+idle+dirty,matmul-blocked96-s1,train,matmul,matmul-blocked96,0.05,2,280899,110618,0
matmul_train,global,ref+aging+sfreq+idle+refaults,matmul-blocked96-s1,train,matmul,matmul-blocked96,0.05,2,1512442,110618,0
matmul_train,global,ref+aging+sfreq+idle+rdist,matmul-blocked96-s1,train,matmul,matmul-blocked96,0.05,2,282753,110618,0
matmul_train,global,ref+aging+sfreq+age+dirty,matmul-blocked96-s1,train,matmul,matmul-blocked96,0.05,2,280899,110618,0
matmul_train,global,ref+aging+sfreq+age+refaults,matmul-blocked96-s1,train,matmul,matmul-blocked96,0.05,2,1359669,110618,0
matmul_train,global,ref+aging+sfreq+age+rdist,matmul-blocked96-s1,train,matmul,matmul-blocked96,0.05,2,282945,110618,0
matmul_train,global,ref+aging+sfreq+dirty+refaults,matmul-blocked96-s1,train,matmul,matmul-blocked96,0.05,2,1360833,110618,0
matmul_train,global,ref+aging+sfreq+dirty+rdist,matmul-blocked96-s1,train,matmul,matmul-blocked96,0.05,2,282513,110618,0
matmul_train,global,ref+aging+sfreq+refaults+rdist,matmul-blocked96-s1,train,matmul,matmul-blocked96,0.05,2,1520964,110618,0
matmul_train,global,ref+aging+idle+age+dirty,matmul-blocked96-s1,train,matmul,matmul-blocked96,0.05,2,280899,110618,0
matmul_train,global,ref+aging+idle+age+refaults,matmul-blocked96-s1,train,matmul,matmul-blocked96,0.05,2,320744,110618,0
matmul_train,global,ref+aging+idle+age+rdist,matmul-blocked96-s1,train,matmul,matmul-blocked96,0.05,2,282897,110618,0
matmul_train,global,ref+aging+idle+dirty+refaults,matmul-blocked96-s1,train,matmul,matmul-blocked96,0.05,2,414986,110618,0
matmul_train,global,ref+aging+idle+dirty+rdist,matmul-blocked96-s1,train,matmul,matmul-blocked96,0.05,2,327379,110618,0
matmul_train,global,ref+aging+idle+refaults+rdist,matmul-blocked96-s1,train,matmul,matmul-blocked96,0.05,2,377009,110618,0
matmul_train,global,ref+aging+age+dirty+refaults,matmul-blocked96-s1,train,matmul,matmul-blocked96,0.05,2,1358384,110618,0
matmul_train,global,ref+aging+age+dirty+rdist,matmul-blocked96-s1,train,matmul,matmul-blocked96,0.05,2,282465,110618,0
matmul_train,global,ref+aging+age+refaults+rdist,matmul-blocked96-s1,train,matmul,matmul-blocked96,0.05,2,1368347,110618,0
matmul_train,global,ref+aging+dirty+refaults+rdist,matmul-blocked96-s1,train,matmul,matmul-blocked96,0.05,2,376058,110618,0
matmul_train,global,ref+sfreq+idle+age+dirty,matmul-blocked96-s1,train,matmul,matmul-blocked96,0.05,2,280323,110618,0
matmul_train,global,ref+sfreq+idle+age+refaults,matmul-blocked96-s1,train,matmul,matmul-blocked96,0.05,2,335949,110618,0
matmul_train,global,ref+sfreq+idle+age+rdist,matmul-blocked96-s1,train,matmul,matmul-blocked96,0.05,2,282786,110618,0
matmul_train,global,ref+sfreq+idle+dirty+refaults,matmul-blocked96-s1,train,matmul,matmul-blocked96,0.05,2,854638,110618,0
matmul_train,global,ref+sfreq+idle+dirty+rdist,matmul-blocked96-s1,train,matmul,matmul-blocked96,0.05,2,282753,110618,0
matmul_train,global,ref+sfreq+idle+refaults+rdist,matmul-blocked96-s1,train,matmul,matmul-blocked96,0.05,2,1488047,110618,0
matmul_train,global,ref+sfreq+age+dirty+refaults,matmul-blocked96-s1,train,matmul,matmul-blocked96,0.05,2,1532438,110618,0
matmul_train,global,ref+sfreq+age+dirty+rdist,matmul-blocked96-s1,train,matmul,matmul-blocked96,0.05,2,308604,110618,0
matmul_train,global,ref+sfreq+age+refaults+rdist,matmul-blocked96-s1,train,matmul,matmul-blocked96,0.05,2,1539617,110618,0
matmul_train,global,ref+sfreq+dirty+refaults+rdist,matmul-blocked96-s1,train,matmul,matmul-blocked96,0.05,2,1564390,110618,0
matmul_train,global,ref+idle+age+dirty+refaults,matmul-blocked96-s1,train,matmul,matmul-blocked96,0.05,2,329256,110618,0
matmul_train,global,ref+idle+age+dirty+rdist,matmul-blocked96-s1,train,matmul,matmul-blocked96,0.05,2,282753,110618,0
matmul_train,global,ref+idle+age+refaults+rdist,matmul-blocked96-s1,train,matmul,matmul-blocked96,0.05,2,328888,110618,0
matmul_train,global,ref+idle+dirty+refaults+rdist,matmul-blocked96-s1,train,matmul,matmul-blocked96,0.05,2,375601,110618,0
matmul_train,global,ref+age+dirty+refaults+rdist,matmul-blocked96-s1,train,matmul,matmul-blocked96,0.05,2,1225739,110618,0
matmul_train,global,aging+sfreq+idle+age+dirty,matmul-blocked96-s1,train,matmul,matmul-blocked96,0.05,2,280323,110618,0
matmul_train,global,aging+sfreq+idle+age+refaults,matmul-blocked96-s1,train,matmul,matmul-blocked96,0.05,2,328234,110618,0
matmul_train,global,aging+sfreq+idle+age+rdist,matmul-blocked96-s1,train,matmul,matmul-blocked96,0.05,2,282753,110618,0
matmul_train,global,aging+sfreq+idle+dirty+refaults,matmul-blocked96-s1,train,matmul,matmul-blocked96,0.05,2,1360699,110618,0
matmul_train,global,aging+sfreq+idle+dirty+rdist,matmul-blocked96-s1,train,matmul,matmul-blocked96,0.05,2,282753,110618,0
matmul_train,global,aging+sfreq+idle+refaults+rdist,matmul-blocked96-s1,train,matmul,matmul-blocked96,0.05,2,1363305,110618,0
matmul_train,global,aging+sfreq+age+dirty+refaults,matmul-blocked96-s1,train,matmul,matmul-blocked96,0.05,2,1359123,110618,0
matmul_train,global,aging+sfreq+age+dirty+rdist,matmul-blocked96-s1,train,matmul,matmul-blocked96,0.05,2,282753,110618,0
matmul_train,global,aging+sfreq+age+refaults+rdist,matmul-blocked96-s1,train,matmul,matmul-blocked96,0.05,2,1359508,110618,0
matmul_train,global,aging+sfreq+dirty+refaults+rdist,matmul-blocked96-s1,train,matmul,matmul-blocked96,0.05,2,1357800,110618,0
matmul_train,global,aging+idle+age+dirty+refaults,matmul-blocked96-s1,train,matmul,matmul-blocked96,0.05,2,326887,110618,0
matmul_train,global,aging+idle+age+dirty+rdist,matmul-blocked96-s1,train,matmul,matmul-blocked96,0.05,2,282753,110618,0
matmul_train,global,aging+idle+age+refaults+rdist,matmul-blocked96-s1,train,matmul,matmul-blocked96,0.05,2,325172,110618,0
matmul_train,global,aging+idle+dirty+refaults+rdist,matmul-blocked96-s1,train,matmul,matmul-blocked96,0.05,2,376065,110618,0
matmul_train,global,aging+age+dirty+refaults+rdist,matmul-blocked96-s1,train,matmul,matmul-blocked96,0.05,2,1298464,110618,0
matmul_train,global,sfreq+idle+age+dirty+refaults,matmul-blocked96-s1,train,matmul,matmul-blocked96,0.05,2,378518,110618,0
matmul_train,global,sfreq+idle+age+dirty+rdist,matmul-blocked96-s1,train,matmul,matmul-blocked96,0.05,2,281865,110618,0
matmul_train,global,sfreq+idle+age+refaults+rdist,matmul-blocked96-s1,train,matmul,matmul-blocked96,0.05,2,374083,110183,0
matmul_train,global,sfreq+idle+dirty+refaults+rdist,matmul-blocked96-s1,train,matmul,matmul-blocked96,0.05,2,1339327,110618,0
matmul_train,global,sfreq+age+dirty+refaults+rdist,matmul-blocked96-s1,train,matmul,matmul-blocked96,0.05,2,1703837,110618,0
matmul_train,global,idle+age+dirty+refaults+rdist,matmul-blocked96-s1,train,matmul,matmul-blocked96,0.05,2,387055,110618,0
matmul_train,global,ref+aging+sfreq+idle+age+dirty,matmul-blocked96-s1,train,matmul,matmul-blocked96,0.05,2,280899,110618,0
matmul_train,global,ref+aging+sfreq+idle+age+refaults,matmul-blocked96-s1,train,matmul,matmul-blocked96,0.05,2,317900,110618,0
matmul_train,global,ref+aging+sfreq+idle+age+rdist,matmul-blocked96-s1,train,matmul,matmul-blocked96,0.05,2,283137,110618,0
matmul_train,global,ref+aging+sfreq+idle+dirty+refaults,matmul-blocked96-s1,train,matmul,matmul-blocked96,0.05,2,1500562,110618,0
matmul_train,global,ref+aging+sfreq+idle+dirty+rdist,matmul-blocked96-s1,train,matmul,matmul-blocked96,0.05,2,282609,110618,0
matmul_train,global,ref+aging+sfreq+idle+refaults+rdist,matmul-blocked96-s1,train,matmul,matmul-blocked96,0.05,2,1704626,110618,0
matmul_train,global,ref+aging+sfreq+age+dirty+refaults,matmul-blocked96-s1,train,matmul,matmul-blocked96,0.05,2,1358529,110618,0
matmul_train,global,ref+aging+sfreq+age+dirty+rdist,matmul-blocked96-s1,train,matmul,matmul-blocked96,0.05,2,282609,110618,0
matmul_train,global,ref+aging+sfreq+age+refaults+rdist,matmul-blocked96-s1,train,matmul,matmul-blocked96,0.05,2,1366242,110618,0
matmul_train,global,ref+aging+sfreq+dirty+refaults+rdist,matmul-blocked96-s1,train,matmul,matmul-blocked96,0.05,2,1357335,110618,0
matmul_train,global,ref+aging+idle+age+dirty+refaults,matmul-blocked96-s1,train,matmul,matmul-blocked96,0.05,2,318296,110618,0
matmul_train,global,ref+aging+idle+age+dirty+rdist,matmul-blocked96-s1,train,matmul,matmul-blocked96,0.05,2,282561,110618,0
matmul_train,global,ref+aging+idle+age+refaults+rdist,matmul-blocked96-s1,train,matmul,matmul-blocked96,0.05,2,325450,110618,0
matmul_train,global,ref+aging+idle+dirty+refaults+rdist,matmul-blocked96-s1,train,matmul,matmul-blocked96,0.05,2,376127,110618,0
matmul_train,global,ref+aging+age+dirty+refaults+rdist,matmul-blocked96-s1,train,matmul,matmul-blocked96,0.05,2,1355314,110618,0
matmul_train,global,ref+sfreq+idle+age+dirty+refaults,matmul-blocked96-s1,train,matmul,matmul-blocked96,0.05,2,331474,110618,0
matmul_train,global,ref+sfreq+idle+age+dirty+rdist,matmul-blocked96-s1,train,matmul,matmul-blocked96,0.05,2,282753,110618,0
matmul_train,global,ref+sfreq+idle+age+refaults+rdist,matmul-blocked96-s1,train,matmul,matmul-blocked96,0.05,2,327095,110618,0
matmul_train,global,ref+sfreq+idle+dirty+refaults+rdist,matmul-blocked96-s1,train,matmul,matmul-blocked96,0.05,2,1572505,110618,0
matmul_train,global,ref+sfreq+age+dirty+refaults+rdist,matmul-blocked96-s1,train,matmul,matmul-blocked96,0.05,2,1562075,110618,0
matmul_train,global,ref+idle+age+dirty+refaults+rdist,matmul-blocked96-s1,train,matmul,matmul-blocked96,0.05,2,321053,110618,0
matmul_train,global,aging+sfreq+idle+age+dirty+refaults,matmul-blocked96-s1,train,matmul,matmul-blocked96,0.05,2,325805,110618,0
matmul_train,global,aging+sfreq+idle+age+dirty+rdist,matmul-blocked96-s1,train,matmul,matmul-blocked96,0.05,2,282753,110618,0
matmul_train,global,aging+sfreq+idle+age+refaults+rdist,matmul-blocked96-s1,train,matmul,matmul-blocked96,0.05,2,320830,110618,0
matmul_train,global,aging+sfreq+idle+dirty+refaults+rdist,matmul-blocked96-s1,train,matmul,matmul-blocked96,0.05,2,1358005,110618,0
matmul_train,global,aging+sfreq+age+dirty+refaults+rdist,matmul-blocked96-s1,train,matmul,matmul-blocked96,0.05,2,1391784,110618,0
matmul_train,global,aging+idle+age+dirty+refaults+rdist,matmul-blocked96-s1,train,matmul,matmul-blocked96,0.05,2,319313,110618,0
matmul_train,global,sfreq+idle+age+dirty+refaults+rdist,matmul-blocked96-s1,train,matmul,matmul-blocked96,0.05,2,374475,110618,0
matmul_train,global,ref+aging+sfreq+idle+age+dirty+refaults,matmul-blocked96-s1,train,matmul,matmul-blocked96,0.05,2,316083,110618,0
matmul_train,global,ref+aging+sfreq+idle+age+dirty+rdist,matmul-blocked96-s1,train,matmul,matmul-blocked96,0.05,2,282561,110618,0
matmul_train,global,ref+aging+sfreq+idle+age+refaults+rdist,matmul-blocked96-s1,train,matmul,matmul-blocked96,0.05,2,315911,110618,0
matmul_train,global,ref+aging+sfreq+idle+dirty+refaults+rdist,matmul-blocked96-s1,train,matmul,matmul-blocked96,0.05,2,1357381,110618,0
matmul_train,global,ref+aging+sfreq+age+dirty+refaults+rdist,matmul-blocked96-s1,train,matmul,matmul-blocked96,0.05,2,1355310,110618,0
matmul_train,global,ref+aging+idle+age+dirty+refaults+rdist,matmul-blocked96-s1,train,matmul,matmul-blocked96,0.05,2,317677,110618,0
matmul_train,global,ref+sfreq+idle+age+dirty+refaults+rdist,matmul-blocked96-s1,train,matmul,matmul-blocked96,0.05,2,319285,110618,0
matmul_train,global,aging+sfreq+idle+age+dirty+refaults+rdist,matmul-blocked96-s1,train,matmul,matmul-blocked96,0.05,2,315185,110618,0
matmul_train,global,ref+aging+sfreq+idle+age+dirty+refaults+rdist,matmul-blocked96-s1,train,matmul,matmul-blocked96,0.05,2,309469,110618,0
matmul_train,global,rec+ref+aging+sfreq+idle+age+dirty,matmul-blocked96-s1,train,matmul,matmul-blocked96,0.05,2,362062,110618,0
matmul_train,global,rec+ref+aging+sfreq+idle+age+dirty+refaults+rdist,matmul-blocked96-s1,train,matmul,matmul-blocked96,0.05,2,569049,110618,0
matmul_train,global,freq+ref+aging+sfreq+idle+age+dirty,matmul-blocked96-s1,train,matmul,matmul-blocked96,0.05,2,286660,110618,0
matmul_train,global,freq+ref+aging+sfreq+idle+age+dirty+refaults+rdist,matmul-blocked96-s1,train,matmul,matmul-blocked96,0.05,2,328286,110618,0
matmul_train,global,sd+ref+aging+sfreq+idle+age+dirty,matmul-blocked96-s1,train,matmul,matmul-blocked96,0.05,2,388806,110618,0
matmul_train,global,sd+ref+aging+sfreq+idle+age+dirty+refaults+rdist,matmul-blocked96-s1,train,matmul,matmul-blocked96,0.05,2,1357528,110618,0
matmul_train,global,wr+ref+aging+sfreq+idle+age+dirty,matmul-blocked96-s1,train,matmul,matmul-blocked96,0.05,2,280899,110618,0
matmul_train,global,wr+ref+aging+sfreq+idle+age+dirty+refaults+rdist,matmul-blocked96-s1,train,matmul,matmul-blocked96,0.05,2,309321,110618,0
matmul_train,global,rec+freq+ref+aging+sfreq+idle+age+dirty,matmul-blocked96-s1,train,matmul,matmul-blocked96,0.05,2,647389,100179,0
matmul_train,global,rec+freq+ref+aging+sfreq+idle+age+dirty+refaults+rdist,matmul-blocked96-s1,train,matmul,matmul-blocked96,0.05,2,685178,110618,0
matmul_train,global,rec+sd+ref+aging+sfreq+idle+age+dirty,matmul-blocked96-s1,train,matmul,matmul-blocked96,0.05,2,336532,110618,0
matmul_train,global,rec+sd+ref+aging+sfreq+idle+age+dirty+refaults+rdist,matmul-blocked96-s1,train,matmul,matmul-blocked96,0.05,2,1615767,110618,0
matmul_train,global,rec+wr+ref+aging+sfreq+idle+age+dirty,matmul-blocked96-s1,train,matmul,matmul-blocked96,0.05,2,362062,110618,0
matmul_train,global,rec+wr+ref+aging+sfreq+idle+age+dirty+refaults+rdist,matmul-blocked96-s1,train,matmul,matmul-blocked96,0.05,2,566840,110618,0
matmul_train,global,freq+sd+ref+aging+sfreq+idle+age+dirty,matmul-blocked96-s1,train,matmul,matmul-blocked96,0.05,2,320354,110618,0
matmul_train,global,freq+sd+ref+aging+sfreq+idle+age+dirty+refaults+rdist,matmul-blocked96-s1,train,matmul,matmul-blocked96,0.05,2,1363501,110618,0
matmul_train,global,freq+wr+ref+aging+sfreq+idle+age+dirty,matmul-blocked96-s1,train,matmul,matmul-blocked96,0.05,2,286698,110618,0
matmul_train,global,freq+wr+ref+aging+sfreq+idle+age+dirty+refaults+rdist,matmul-blocked96-s1,train,matmul,matmul-blocked96,0.05,2,327483,110618,0
matmul_train,global,sd+wr+ref+aging+sfreq+idle+age+dirty,matmul-blocked96-s1,train,matmul,matmul-blocked96,0.05,2,388806,110618,0
matmul_train,global,sd+wr+ref+aging+sfreq+idle+age+dirty+refaults+rdist,matmul-blocked96-s1,train,matmul,matmul-blocked96,0.05,2,1357547,110618,0
matmul_train,global,rec+freq+sd+ref+aging+sfreq+idle+age+dirty,matmul-blocked96-s1,train,matmul,matmul-blocked96,0.05,2,760929,98331,0
matmul_train,global,rec+freq+sd+ref+aging+sfreq+idle+age+dirty+refaults+rdist,matmul-blocked96-s1,train,matmul,matmul-blocked96,0.05,2,1524601,110618,0
matmul_train,global,rec+freq+wr+ref+aging+sfreq+idle+age+dirty,matmul-blocked96-s1,train,matmul,matmul-blocked96,0.05,2,650801,100131,0
matmul_train,global,rec+freq+wr+ref+aging+sfreq+idle+age+dirty+refaults+rdist,matmul-blocked96-s1,train,matmul,matmul-blocked96,0.05,2,680736,110618,0
matmul_train,global,rec+sd+wr+ref+aging+sfreq+idle+age+dirty,matmul-blocked96-s1,train,matmul,matmul-blocked96,0.05,2,341059,110618,0
matmul_train,global,rec+sd+wr+ref+aging+sfreq+idle+age+dirty+refaults+rdist,matmul-blocked96-s1,train,matmul,matmul-blocked96,0.05,2,1615474,110618,0
matmul_train,global,freq+sd+wr+ref+aging+sfreq+idle+age+dirty,matmul-blocked96-s1,train,matmul,matmul-blocked96,0.05,2,345691,110618,0
matmul_train,global,freq+sd+wr+ref+aging+sfreq+idle+age+dirty+refaults+rdist,matmul-blocked96-s1,train,matmul,matmul-blocked96,0.05,2,1363351,110618,0
matmul_train,global,rec+freq+sd+wr+ref+aging+sfreq+idle+age+dirty,matmul-blocked96-s1,train,matmul,matmul-blocked96,0.05,2,767931,98331,0
matmul_train,global,rec+freq+sd+wr+ref+aging+sfreq+idle+age+dirty+refaults+rdist,matmul-blocked96-s1,train,matmul,matmul-blocked96,0.05,2,1598201,110618,0
matmul_train,matmul,rec,matmul-blocked96-s1,train,matmul,matmul-blocked96,0.1,3,170379,56183,0
matmul_train,matmul,freq,matmul-blocked96-s1,train,matmul,matmul-blocked96,0.1,3,986416,66544,1
matmul_train,matmul,sd,matmul-blocked96-s1,train,matmul,matmul-blocked96,0.1,3,170379,56183,0
matmul_train,matmul,wr,matmul-blocked96-s1,train,matmul,matmul-blocked96,0.1,3,116534,57026,0
matmul_train,matmul,rec+freq,matmul-blocked96-s1,train,matmul,matmul-blocked96,0.1,3,154044,56279,0
matmul_train,matmul,rec+sd,matmul-blocked96-s1,train,matmul,matmul-blocked96,0.1,3,170379,56183,0
matmul_train,matmul,rec+wr,matmul-blocked96-s1,train,matmul,matmul-blocked96,0.1,3,115562,56594,0
matmul_train,matmul,freq+sd,matmul-blocked96-s1,train,matmul,matmul-blocked96,0.1,3,168181,56189,0
matmul_train,matmul,freq+wr,matmul-blocked96-s1,train,matmul,matmul-blocked96,0.1,3,986416,77314,1
matmul_train,matmul,sd+wr,matmul-blocked96-s1,train,matmul,matmul-blocked96,0.1,3,115469,56402,0
matmul_train,matmul,rec+freq+sd,matmul-blocked96-s1,train,matmul,matmul-blocked96,0.1,3,167083,56191,0
matmul_train,matmul,rec+freq+wr,matmul-blocked96-s1,train,matmul,matmul-blocked96,0.1,3,115379,56594,0
matmul_train,matmul,rec+sd+wr,matmul-blocked96-s1,train,matmul,matmul-blocked96,0.1,3,115412,56402,0
matmul_train,matmul,freq+sd+wr,matmul-blocked96-s1,train,matmul,matmul-blocked96,0.1,3,119967,56383,0
matmul_train,matmul,rec+freq+sd+wr,matmul-blocked96-s1,train,matmul,matmul-blocked96,0.1,3,116609,56399,0
matmul_train,matmul,ref,matmul-blocked96-s1,train,matmul,matmul-blocked96,0.1,3,156828,49475,0
matmul_train,matmul,aging,matmul-blocked96-s1,train,matmul,matmul-blocked96,0.1,3,156828,49475,0
matmul_train,matmul,sfreq,matmul-blocked96-s1,train,matmul,matmul-blocked96,0.1,3,986416,57255,1
matmul_train,matmul,idle,matmul-blocked96-s1,train,matmul,matmul-blocked96,0.1,3,156828,49475,0
matmul_train,matmul,age,matmul-blocked96-s1,train,matmul,matmul-blocked96,0.1,3,986416,34882,1
matmul_train,matmul,dirty,matmul-blocked96-s1,train,matmul,matmul-blocked96,0.1,3,116082,56810,0
matmul_train,matmul,refaults,matmul-blocked96-s1,train,matmul,matmul-blocked96,0.1,3,411359,109989,0
matmul_train,matmul,rdist,matmul-blocked96-s1,train,matmul,matmul-blocked96,0.1,3,411359,109989,0
matmul_train,matmul,ref+aging,matmul-blocked96-s1,train,matmul,matmul-blocked96,0.1,3,154980,48626,0
matmul_train,matmul,ref+sfreq,matmul-blocked96-s1,train,matmul,matmul-blocked96,0.1,3,986416,74889,1
matmul_train,matmul,ref+idle,matmul-blocked96-s1,train,matmul,matmul-blocked96,0.1,3,156828,49475,0
matmul_train,matmul,ref+age,matmul-blocked96-s1,train,matmul,matmul-blocked96,0.1,3,986416,74890,1
matmul_train,matmul,ref+dirty,matmul-blocked96-s1,train,matmul,matmul-blocked96,0.1,3,115722,56594,0
matmul_train,matmul,ref+refaults,matmul-blocked96-s1,train,matmul,matmul-blocked96,0.1,3,170579,56127,0
matmul_train,matmul,ref+rdist,matmul-blocked96-s1,train,matmul,matmul-blocked96,0.1,3,313709,108967,0
matmul_train,matmul,aging+sfreq,matmul-blocked96-s1,train,matmul,matmul-blocked96,0.1,3,986416,84079,1
matmul_train,matmul,aging+idle,matmul-blocked96-s1,train,matmul,matmul-blocked96,0.1,3,156828,49475,0
matmul_train,matmul,aging+age,matmul-blocked96-s1,train,matmul,matmul-blocked96,0.1,3,986416,84079,1
matmul_train,matmul,aging+dirty,matmul-blocked96-s1,train,matmul,matmul-blocked96,0.1,3,169470,56594,0
matmul_train,matmul,aging+refaults,matmul-blocked96-s1,train,matmul,matmul-blocked96,0.1,3,169862,56130,0
matmul_train,matmul,aging+rdist,matmul-blocked96-s1,train,matmul,matmul-blocked96,0.1,3,136246,41240,0
matmul_train,matmul,sfreq+idle,matmul-blocked96-s1,train,matmul,matmul-blocked96,0.1,3,170589,56594,0
matmul_train,matmul,sfreq+age,matmul-blocked96-s1,train,matmul,matmul-blocked96,0.1,3,986416,74890,1
matmul_train,matmul,sfreq+dirty,matmul-blocked96-s1,train,matmul,matmul-blocked96,0.1,3,986416,74772,1
matmul_train,matmul,sfreq+refaults,matmul-blocked96-s1,train,matmul,matmul-blocked96,0.1,3,986416,57255,1
matmul_train,matmul,sfreq+rdist,matmul-blocked96-s1,train,matmul,matmul-blocked96,0.1,3,986416,73850,1
matmul_train,matmul,idle+age,matmul-blocked96-s1,train,matmul,matmul-blocked96,0.1,3,170594,56539,0
matmul_train,matmul,idle+dirty,matmul-blocked96-s1,train,matmul,matmul-blocked96,0.1,3,169470,56594,0
matmul_train,matmul,idle+refaults,matmul-blocked96-s1,train,matmul,matmul-blocked96,0.1,3,169926,56125,0
matmul_train,matmul,idle+rdist,matmul-blocked96-s1,train,matmul,matmul-blocked96,0.1,3,144189,45093,0
matmul_train,matmul,age+dirty,matmul-blocked96-s1,train,matmul,matmul-blocked96,0.1,3,986416,73850,1
matmul_train,matmul,age+refaults,matmul-blocked96-s1,train,matmul,matmul-blocked96,0.1,3,986416,34882,1
matmul_train,matmul,age+rdist,matmul-blocked96-s1,train,matmul,matmul-blocked96,0.1,3,986416,34882,1
matmul_train,matmul,dirty+refaults,matmul-blocked96-s1,train,matmul,matmul-blocked96,0.1,3,411358,109989,0
matmul_train,matmul,dirty+rdist,matmul-blocked96-s1,train,matmul,matmul-blocked96,0.1,3,411359,109989,0
matmul_train,matmul,refaults+rdist,matmul-blocked96-s1,train,matmul,matmul-blocked96,0.1,3,411359,109989,0
matmul_train,matmul,ref+aging+sfreq,matmul-blocked96-s1,train,matmul,matmul-blocked96,0.1,3,170027,56594,0
matmul_train,matmul,ref+aging+idle,matmul-blocked96-s1,train,matmul,matmul-blocked96,0.1,3,154980,48626,0
matmul_train,matmul,ref+aging+age,matmul-blocked96-s1,train,matmul,matmul-blocked96,0.1,3,170027,56594,0
matmul_train,matmul,ref+aging+dirty,matmul-blocked96-s1,train,matmul,matmul-blocked96,0.1,3,115944,56804,0
matmul_train,matmul,ref+aging+refaults,matmul-blocked96-s1,train,matmul,matmul-blocked96,0.1,3,170036,56132,0
matmul_train,matmul,ref+aging+rdist,matmul-blocked96-s1,train,matmul,matmul-blocked96,0.1,3,130152,39416,0
matmul_train,matmul,ref+sfreq+idle,matmul-blocked96-s1,train,matmul,matmul-blocked96,0.1,3,170497,56584,0
matmul_train,matmul,ref+sfreq+age,matmul-blocked96-s1,train,matmul,matmul-blocked96,0.1,3,986416,56902,1
matmul_train,matmul,ref+sfreq+dirty,matmul-blocked96-s1,train,matmul,matmul-blocked96,0.1,3,986416,74772,1
matmul_train,matmul,ref+sfreq+refaults,matmul-blocked96-s1,train,matmul,matmul-blocked96,0.1,3,986416,74768,1
matmul_train,matmul,ref+sfreq+rdist,matmul-blocked96-s1,train,matmul,matmul-blocked96,0.1,3,986416,74772,1
matmul_train,matmul,ref+idle+age,matmul-blocked96-s1,train,matmul,matmul-blocked96,0.1,3,170497,56488,0
matmul_train,matmul,ref+idle+dirty,matmul-blocked96-s1,train,matmul,matmul-blocked96,0.1,3,115722,56594,0
matmul_train,matmul,ref+idle+refaults,matmul-blocked96-s1,train,matmul,matmul-blocked96,0.1,3,169923,56125,0
matmul_train,matmul,ref+idle+rdist,matmul-blocked96-s1,train,matmul,matmul-blocked96,0.1,3,137832,42971,0
matmul_train,matmul,ref+age+dirty,matmul-blocked96-s1,train,matmul,matmul-blocked96,0.1,3,986416,74772,1
matmul_train,matmul,ref+age+refaults,matmul-blocked96-s1,train,matmul,matmul-blocked96,0.1,3,986416,70493,1
matmul_train,matmul,ref+age+rdist,matmul-blocked96-s1,train,matmul,matmul-blocked96,0.1,3,986416,74772,1
matmul_train,matmul,ref+dirty+refaults,matmul-blocked96-s1,train,matmul,matmul-blocked96,0.1,3,125296,56633,0
matmul_train,matmul,ref+dirty+rdist,matmul-blocked96-s1,train,matmul,matmul-blocked96,0.1,3,313709,108967,0
matmul_train,matmul,ref+refaults+rdist,matmul-blocked96-s1,train,matmul,matmul-blocked96,0.1,3,313709,108967,0
matmul_train,matmul,aging+sfreq+idle,matmul-blocked96-s1,train,matmul,matmul-blocked96,0.1,3,986416,84079,1
matmul_train,matmul,aging+sfreq+age,matmul-blocked96-s1,train,matmul,matmul-blocked96,0.1,3,170580,56390,0
matmul_train,matmul,aging+sfreq+dirty,matmul-blocked96-s1,train,matmul,matmul-blocked96,0.1,3,986416,84085,1
matmul_train,matmul,aging+sfreq+refaults,matmul-blocked96-s1,train,matmul,matmul-blocked96,0.1,3,986416,83882,1
matmul_train,matmul,aging+sfreq+rdist,matmul-blocked96-s1,train,matmul,matmul-blocked96,0.1,3,986416,74700,1
matmul_train,matmul,aging+idle+age,matmul-blocked96-s1,train,matmul,matmul-blocked96,0.1,3,986416,84079,1
matmul_train,matmul,aging+idle+dirty,matmul-blocked96-s1,train,matmul,matmul-blocked96,0.1,3,116070,56810,0
matmul_train,matmul,aging+idle+refaults,matmul-blocked96-s1,train,matmul,matmul-blocked96,0.1,3,169871,56132,0
matmul_train,matmul,aging+idle+rdist,matmul-blocked96-s1,train,matmul,matmul-blocked96,0.1,3,136246,41240,0
matmul_train,matmul,aging+age+dirty,matmul-blocked96-s1,train,matmul,matmul-blocked96,0.1,3,986416,84085,1
matmul_train,matmul,aging+age+refaults,matmul-blocked96-s1,train,matmul,matmul-blocked96,0.1,3,986416,83973,1
matmul_train,matmul,aging+age+rdist,matmul-blocked96-s1,train,matmul,matmul-blocked96,0.1,3,986416,74700,1
matmul_train,matmul,aging+dirty+refaults,matmul-blocked96-s1,train,matmul,matmul-blocked96,0.1,3,144727,56668,0
matmul_train,matmul,aging+dirty+rdist,matmul-blocked96-s1,train,matmul,matmul-blocked96,0.1,3,274965,109531,0
matmul_train,matmul,aging+refaults+rdist,matmul-blocked96-s1,train,matmul,matmul-blocked96,0.1,3,203143,72486,0
matmul_train,matmul,sfreq+idle+age,matmul-blocked96-s1,train,matmul,matmul-blocked96,0.1,3,151524,42566,0
matmul_train,matmul,sfreq+idle+dirty,matmul-blocked96-s1,train,matmul,matmul-blocked96,0.1,3,116947,56820,0
matmul_train,matmul,sfreq+idle+refaults,matmul-blocked96-s1,train,matmul,matmul-blocked96,0.1,3,170350,56348,0
matmul_train,matmul,sfreq+idle+rdist,matmul-blocked96-s1,train,matmul,matmul-blocked96,0.1,3,171430,56470,0
matmul_train,matmul,sfreq+age+dirty,matmul-blocked96-s1,train,matmul,matmul-blocked96,0.1,3,986416,75187,1
matmul_train,matmul,sfreq+age+refaults,matmul-blocked96-s1,train,matmul,matmul-blocked96,0.1,3,986416,57374,1
matmul_train,matmul,sfreq+age+rdist,matmul-blocked96-s1,train,matmul,matmul-blocked96,0.1,3,986416,74772,1
matmul_train,matmul,sfreq+dirty+refaults,matmul-blocked96-s1,train,matmul,matmul-blocked96,0.1,3,986416,74772,1
matmul_train,matmul,sfreq+dirty+rdist,matmul-blocked96-s1,train,matmul,matmul-blocked96,0.1,3,986416,73850,1
matmul_train,matmul,sfreq+refaults+rdist,matmul-blocked96-s1,train,matmul,matmul-blocked96,0.1,3,986416,73850,1
matmul_train,matmul,idle+age+dirty,matmul-blocked96-s1,train,matmul,matmul-blocked96,0.1,3,116875,56820,0
matmul_train,matmul,idle+age+refaults,matmul-blocked96-s1,train,matmul,matmul-blocked96,0.1,3,165828,52042,0
matmul_train,matmul,idle+age+rdist,matmul-blocked96-s1,train,matmul,matmul-blocked96,0.1,3,171174,56378,0
matmul_train,matmul,idle+dirty+refaults,matmul-blocked96-s1,train,matmul,matmul-blocked96,0.1,3,131524,56594,0
matmul_train,matmul,idle+dirty+rdist,matmul-blocked96-s1,train,matmul,matmul-blocked96,0.1,3,117681,57019,0
matmul_train,matmul,idle+refaults+rdist,matmul-blocked96-s1,train,matmul,matmul-blocked96,0.1,3,170586,55991,0
matmul_train,matmul,age+dirty+refaults,matmul-blocked96-s1,train,matmul,matmul-blocked96,0.1,3,986416,73850,1
matmul_train,matmul,age+dirty+rdist,matmul-blocked96-s1,train,matmul,matmul-blocked96,0.1,3,986416,73850,1
matmul_train,matmul,age+refaults+rdist,matmul-blocked96-s1,train,matmul,matmul-blocked96,0.1,3,986416,34882,1
matmul_train,matmul,dirty+refaults+rdist,matmul-blocked96-s1,train,matmul,matmul-blocked96,0.1,3,411359,109989,0
matmul_train,matmul,ref+aging+sfreq+idle,matmul-blocked96-s1,train,matmul,matmul-blocked96,0.1,3,778285,92649,0
matmul_train,matmul,ref+aging+sfreq+age,matmul-blocked96-s1,train,matmul,matmul-blocked96,0.1,3,170151,56585,0
matmul_train,matmul,ref+aging+sfreq+dirty,matmul-blocked96-s1,train,matmul,matmul-blocked96,0.1,3,116483,56810,0
matmul_train,matmul,ref+aging+sfreq+refaults,matmul-blocked96-s1,train,matmul,matmul-blocked96,0.1,3,169901,56478,0
matmul_train,matmul,ref+aging+sfreq+rdist,matmul-blocked96-s1,train,matmul,matmul-blocked96,0.1,3,986416,78879,1
matmul_train,matmul,ref+aging+idle+age,matmul-blocked96-s1,train,matmul,matmul-blocked96,0.1,3,778285,92649,0
matmul_train,matmul,ref+aging+idle+dirty,matmul-blocked96-s1,train,matmul,matmul-blocked96,0.1,3,115944,56804,0
matmul_train,matmul,ref+aging+idle+refaults,matmul-blocked96-s1,train,matmul,matmul-blocked96,0.1,3,170024,56126,0
matmul_train,matmul,ref+aging+idle+rdist,matmul-blocked96-s1,train,matmul,matmul-blocked96,0.1,3,124734,36485,0
matmul_train,matmul,ref+aging+age+dirty,matmul-blocked96-s1,train,matmul,matmul-blocked96,0.1,3,116483,56810,0
matmul_train,matmul,ref+aging+age+refaults,matmul-blocked96-s1,train,matmul,matmul-blocked96,0.1,3,169584,56577,0
matmul_train,matmul,ref+aging+age+rdist,matmul-blocked96-s1,train,matmul,matmul-blocked96,0.1,3,986416,78879,1
matmul_train,matmul,ref+aging+dirty+refaults,matmul-blocked96-s1,train,matmul,matmul-blocked96,0.1,3,116902,56810,0
matmul_train,matmul,ref+aging+dirty+rdist,matmul-blocked96-s1,train,matmul,matmul-blocked96,0.1,3,117382,56529,0
matmul_train,matmul,ref+aging+refaults+rdist,matmul-blocked96-s1,train,matmul,matmul-blocked96,0.1,3,169376,55566,0
matmul_train,matmul,ref+sfreq+idle+age,matmul-blocked96-s1,train,matmul,matmul-blocked96,0.1,3,141363,28631,0
matmul_train,matmul,ref+sfreq+idle+dirty,matmul-blocked96-s1,train,matmul,matmul-blocked96,0.1,3,116747,56810,0
matmul_train,matmul,ref+sfreq+idle+refaults,matmul-blocked96-s1,train,matmul,matmul-blocked96,0.1,3,165654,52012,0
matmul_train,matmul,ref+sfreq+idle+rdist,matmul-blocked96-s1,train,matmul,matmul-blocked96,0.1,3,170872,56343,0
matmul_train,matmul,ref+sfreq+age+dirty,matmul-blocked96-s1,train,matmul,matmul-blocked96,0.1,3,986416,56902,1
matmul_train,matmul,ref+sfreq+age+refaults,matmul-blocked96-s1,train,matmul,matmul-blocked96,0.1,3,986416,51443,1
matmul_train,matmul,ref+sfreq+age+rdist,matmul-blocked96-s1,train,matmul,matmul-blocked96,0.1,3,986416,46432,1
matmul_train,matmul,ref+sfreq+dirty+refaults,matmul-blocked96-s1,train,matmul,matmul-blocked96,0.1,3,986416,74773,1
matmul_train,matmul,ref+sfreq+dirty+rdist,matmul-blocked96-s1,train,matmul,matmul-blocked96,0.1,3,986416,74772,1
matmul_train,matmul,ref+sfreq+refaults+rdist,matmul-blocked96-s1,train,matmul,matmul-blocked96,0.1,3,986416,74772,1
matmul_train,matmul,ref+idle+age+dirty,matmul-blocked96-s1,train,matmul,matmul-blocked96,0.1,3,116747,56810,0
matmul_train,matmul,ref+idle+age+refaults,matmul-blocked96-s1,train,matmul,matmul-blocked96,0.1,3,164931,51882,0
matmul_train,matmul,ref+idle+age+rdist,matmul-blocked96-s1,train,matmul,matmul-blocked96,0.1,3,170797,56352,0
matmul_train,matmul,ref+idle+dirty+refaults,matmul-blocked96-s1,train,matmul,matmul-blocked96,0.1,3,116391,56594,0
matmul_train,matmul,ref+idle+dirty+rdist,matmul-blocked96-s1,train,matmul,matmul-blocked96,0.1,3,117181,56706,0
matmul_train,matmul,ref+idle+refaults+rdist,matmul-blocked96-s1,train,matmul,matmul-blocked96,0.1,3,170549,55981,0
matmul_train,matmul,ref+age+dirty+refaults,matmul-blocked96-s1,train,matmul,matmul-blocked96,0.1,3,986416,70511,1
matmul_train,matmul,ref+age+dirty+rdist,matmul-blocked96-s1,train,matmul,matmul-blocked96,0.1,3,986416,74772,1
matmul_train,matmul,ref+age+refaults+rdist,matmul-blocked96-s1,train,matmul,matmul-blocked96,0.1,3,986416,74772,1
matmul_train,matmul,ref+dirty+refaults+rdist,matmul-blocked96-s1,train,matmul,matmul-blocked96,0.1,3,313709,108967,0
matmul_train,matmul,aging+sfreq+idle+age,matmul-blocked96-s1,train,matmul,matmul-blocked96,0.1,3,170628,56390,0
matmul_train,matmul,aging+sfreq+idle+dirty,matmul-blocked96-s1,train,matmul,matmul-blocked96,0.1,3,116947,56820,0
matmul_train,matmul,aging+sfreq+idle+refaults,matmul-blocked96-s1,train,matmul,matmul-blocked96,0.1,3,847695,95252,0
matmul_train,matmul,aging+sfreq+idle+rdist,matmul-blocked96-s1,train,matmul,matmul-blocked96,0.1,3,986416,74772,1
matmul_train,matmul,aging+sfreq+age+dirty,matmul-blocked96-s1,train,matmul,matmul-blocked96,0.1,3,149460,56582,0
matmul_train,matmul,aging+sfreq+age+refaults,matmul-blocked96-s1,train,matmul,matmul-blocked96,0.1,3,247610,90938,0
matmul_train,matmul,aging+sfreq+age+rdist,matmul-blocked96-s1,train,matmul,matmul-blocked96,0.1,3,986416,63228,1
matmul_train,matmul,aging+sfreq+dirty+refaults,matmul-blocked96-s1,train,matmul,matmul-blocked96,0.1,3,986416,83991,1
matmul_train,matmul,aging+sfreq+dirty+rdist,matmul-blocked96-s1,train,matmul,matmul-blocked96,0.1,3,986416,74700,1
matmul_train,matmul,aging+sfreq+refaults+rdist,matmul-blocked96-s1,train,matmul,matmul-blocked96,0.1,3,986416,73492,1
matmul_train,matmul,aging+idle+age+dirty,matmul-blocked96-s1,train,matmul,matmul-blocked96,0.1,3,116875,56820,0
matmul_train,matmul,aging+idle+age+refaults,matmul-blocked96-s1,train,matmul,matmul-blocked96,0.1,3,170665,56599,0
matmul_train,matmul,aging+idle+age+rdist,matmul-blocked96-s1,train,matmul,matmul-blocked96,0.1,3,986416,74772,1
matmul_train,matmul,aging+idle+dirty+refaults,matmul-blocked96-s1,train,matmul,matmul-blocked96,0.1,3,129928,56594,0
matmul_train,matmul,aging+idle+dirty+rdist,matmul-blocked96-s1,train,matmul,matmul-blocked96,0.1,3,117093,57016,0
matmul_train,matmul,aging+idle+refaults+rdist,matmul-blocked96-s1,train,matmul,matmul-blocked96,0.1,3,654733,107923,0
matmul_train,matmul,aging+age+dirty+refaults,matmul-blocked96-s1,train,matmul,matmul-blocked96,0.1,3,986416,84041,1
matmul_train,matmul,aging+age+dirty+rdist,matmul-blocked96-s1,train,matmul,matmul-blocked96,0.1,3,986416,74772,1
matmul_train,matmul,aging+age+refaults+rdist,matmul-blocked96-s1,train,matmul,matmul-blocked96,0.1,3,986416,74772,1
matmul_train,matmul,aging+dirty+refaults+rdist,matmul-blocked96-s1,train,matmul,matmul-blocked96,0.1,3,274965,109531,0
matmul_train,matmul,sfreq+idle+age+dirty,matmul-blocked96-s1,train,matmul,matmul-blocked96,0.1,3,116271,56711,0
matmul_train,matmul,sfreq+idle+age+refaults,matmul-blocked96-s1,train,matmul,matmul-blocked96,0.1,3,151925,47240,0
matmul_train,matmul,sfreq+idle+age+rdist,matmul-blocked96-s1,train,matmul,matmul-blocked96,0.1,3,140237,55421,0
matmul_train,matmul,sfreq+idle+dirty+refaults,matmul-blocked96-s1,train,matmul,matmul-blocked96,0.1,3,142049,56746,0
matmul_train,matmul,sfreq+idle+dirty+rdist,matmul-blocked96-s1,train,matmul,matmul-blocked96,0.1,3,120445,58273,0
matmul_train,matmul,sfreq+idle+refaults+rdist,matmul-blocked96-s1,train,matmul,matmul-blocked96,0.1,3,170968,56346,0
matmul_train,matmul,sfreq+age+dirty+refaults,matmul-blocked96-s1,train,matmul,matmul-blocked96,0.1,3,986416,75243,1
matmul_train,matmul,sfreq+age+dirty+rdist,matmul-blocked96-s1,train,matmul,matmul-blocked96,0.1,3,986416,73850,1
matmul_train,matmul,sfreq+age+refaults+rdist,matmul-blocked96-s1,train,matmul,matmul-blocked96,0.1,3,986416,74772,1
matmul_train,matmul,sfreq+dirty+refaults+rdist,matmul-blocked96-s1,train,matmul,matmul-blocked96,0.1,3,986416,73850,1
matmul_train,matmul,idle+age+dirty+refaults,matmul-blocked96-s1,train,matmul,matmul-blocked96,0.1,3,139966,56729,0
matmul_train,matmul,idle+age+dirty+rdist,matmul-blocked96-s1,train,matmul,matmul-blocked96,0.1,3,119170,57703,0
matmul_train,matmul,idle+age+refaults+rdist,matmul-blocked96-s1,train,matmul,matmul-blocked96,0.1,3,166482,52010,0
matmul_train,matmul,idle+dirty+refaults+rdist,matmul-blocked96-s1,train,matmul,matmul-blocked96,0.1,3,117822,57061,0
matmul_train,matmul,age+dirty+refaults+rdist,matmul-blocked96-s1,train,matmul,matmul-blocked96,0.1,3,986416,73850,1
matmul_train,matmul,ref+aging+sfreq+idle+age,matmul-blocked96-s1,train,matmul,matmul-blocked96,0.1,3,170151,56585,0
matmul_train,matmul,ref+aging+sfreq+idle+dirty,matmul-blocked96-s1,train,matmul,matmul-blocked96,0.1,3,116483,56810,0
matmul_train,matmul,ref+aging+sfreq+idle+refaults,matmul-blocked96-s1,train,matmul,matmul-blocked96,0.1,3,783749,92561,0
matmul_train,matmul,ref+aging+sfreq+idle+rdist,matmul-blocked96-s1,train,matmul,matmul-blocked96,0.1,3,986416,78853,1
matmul_train,matmul,ref+aging+sfreq+age+dirty,matmul-blocked96-s1,train,matmul,matmul-blocked96,0.1,3,115620,56594,0
matmul_train,matmul,ref+aging+sfreq+age+refaults,matmul-blocked96-s1,train,matmul,matmul-blocked96,0.1,3,140324,50699,0
matmul_train,matmul,ref+aging+sfreq+age+rdist,matmul-blocked96-s1,train,matmul,matmul-blocked96,0.1,3,161619,52818,0
matmul_train,matmul,ref+aging+sfreq+dirty+refaults,matmul-blocked96-s1,train,matmul,matmul-blocked96,0.1,3,116295,56812,0
matmul_train,matmul,ref+aging+sfreq+dirty+rdist,matmul-blocked96-s1,train,matmul,matmul-blocked96,0.1,3,986416,78879,1
matmul_train,matmul,ref+aging+sfreq+refaults+rdist,matmul-blocked96-s1,train,matmul,matmul-blocked96,0.1,3,986416,83899,1
matmul_train,matmul,ref+aging+idle+age+dirty,matmul-blocked96-s1,train,matmul,matmul-blocked96,0.1,3,116483,56810,0
matmul_train,matmul,ref+aging+idle+age+refaults,matmul-blocked96-s1,train,matmul,matmul-blocked96,0.1,3,781198,92636,0
matmul_train,matmul,ref+aging+idle+age+rdist,matmul-blocked96-s1,train,matmul,matmul-blocked96,0.1,3,986416,78856,1
matmul_train,matmul,ref+aging+idle+dirty+refaults,matmul-blocked96-s1,train,matmul,matmul-blocked96,0.1,3,117033,56749,0
matmul_train,matmul,ref+aging+idle+dirty+rdist,matmul-blocked96-s1,train,matmul,matmul-blocked96,0.1,3,117484,56598,0
matmul_train,matmul,ref+aging+idle+refaults+rdist,matmul-blocked96-s1,train,matmul,matmul-blocked96,0.1,3,282893,68157,0
matmul_train,matmul,ref+aging+age+dirty+refaults,matmul-blocked96-s1,train,matmul,matmul-blocked96,0.1,3,116314,56808,0
matmul_train,matmul,ref+aging+age+dirty+rdist,matmul-blocked96-s1,train,matmul,matmul-blocked96,0.1,3,986416,89349,1
matmul_train,matmul,ref+aging+age+refaults+rdist,matmul-blocked96-s1,train,matmul,matmul-blocked96,0.1,3,986416,83886,1
matmul_train,matmul,ref+aging+dirty+refaults+rdist,matmul-blocked96-s1,train,matmul,matmul-blocked96,0.1,3,117950,56661,0
matmul_train,matmul,ref+sfreq+idle+age+dirty,matmul-blocked96-s1,train,matmul,matmul-blocked96,0.1,3,115908,42665,0
matmul_train,matmul,ref+sfreq+idle+age+refaults,matmul-blocked96-s1,train,matmul,matmul-blocked96,0.1,3,140876,46763,0
matmul_train,matmul,ref+sfreq+idle+age+rdist,matmul-blocked96-s1,train,matmul,matmul-blocked96,0.1,3,139539,55997,0
matmul_train,matmul,ref+sfreq+idle+dirty+refaults,matmul-blocked96-s1,train,matmul,matmul-blocked96,0.1,3,116512,56816,0
matmul_train,matmul,ref+sfreq+idle+dirty+rdist,matmul-blocked96-s1,train,matmul,matmul-blocked96,0.1,3,117830,56848,0
matmul_train,matmul,ref+sfreq+idle+refaults+rdist,matmul-blocked96-s1,train,matmul,matmul-blocked96,0.1,3,170591,56286,0
matmul_train,matmul,ref+sfreq+age+dirty+refaults,matmul-blocked96-s1,train,matmul,matmul-blocked96,0.1,3,986416,56902,1
matmul_train,matmul,ref+sfreq+age+dirty+rdist,matmul-blocked96-s1,train,matmul,matmul-blocked96,0.1,3,986416,56902,1
matmul_train,matmul,ref+sfreq+age+refaults+rdist,matmul-blocked96-s1,train,matmul,matmul-blocked96,0.1,3,986416,46432,1
matmul_train,matmul,ref+sfreq+dirty+refaults+rdist,matmul-blocked96-s1,train,matmul,matmul-blocked96,0.1,3,986416,74772,1
matmul_train,matmul,ref+idle+age+dirty+refaults,matmul-blocked96-s1,train,matmul,matmul-blocked96,0.1,3,116377,56822,0
matmul_train,matmul,ref+idle+age+dirty+rdist,matmul-blocked96-s1,train,matmul,matmul-blocked96,0.1,3,117830,56848,0
matmul_train,matmul,ref+idle+age+refaults+rdist,matmul-blocked96-s1,train,matmul,matmul-blocked96,0.1,3,170087,56315,0
matmul_train,matmul,ref+idle+dirty+refaults+rdist,matmul-blocked96-s1,train,matmul,matmul-blocked96,0.1,3,117487,56805,0
matmul_train,matmul,ref+age+dirty+refaults+rdist,matmul-blocked96-s1,train,matmul,matmul-blocked96,0.1,3,986416,74772,1
matmul_train,matmul,aging+sfreq+idle+age+dirty,matmul-blocked96-s1,train,matmul,matmul-blocked96,0.1,3,116625,56705,0
matmul_train,matmul,aging+sfreq+idle+age+refaults,matmul-blocked96-s1,train,matmul,matmul-blocked96,0.1,3,156206,53894,0
matmul_train,matmul,aging+sfreq+idle+age+rdist,matmul-blocked96-s1,train,matmul,matmul-blocked96,0.1,3,986416,63228,1
matmul_train,matmul,aging+sfreq+idle+dirty+refaults,matmul-blocked96-s1,train,matmul,matmul-blocked96,0.1,3,137286,56747,0
matmul_train,matmul,aging+sfreq+idle+dirty+rdist,matmul-blocked96-s1,train,matmul,matmul-blocked96,0.1,3,118590,57593,0
matmul_train,matmul,aging+sfreq+idle+refaults+rdist,matmul-blocked96-s1,train,matmul,matmul-blocked96,0.1,3,536074,100427,0
matmul_train,matmul,aging+sfreq+age+dirty+refaults,matmul-blocked96-s1,train,matmul,matmul-blocked96,0.1,3,267340,102905,0
matmul_train,matmul,aging+sfreq+age+dirty+rdist,matmul-blocked96-s1,train,matmul,matmul-blocked96,0.1,3,986416,72962,1
matmul_train,matmul,aging+sfreq+age+refaults+rdist,matmul-blocked96-s1,train,matmul,matmul-blocked96,0.1,3,986416,51520,1
matmul_train,matmul,aging+sfreq+dirty+refaults+rdist,matmul-blocked96-s1,train,matmul,matmul-blocked96,0.1,3,986416,74772,1
matmul_train,matmul,aging+idle+age+dirty+refaults,matmul-blocked96-s1,train,matmul,matmul-blocked96,0.1,3,138336,56743,0
matmul_train,matmul,aging+idle+age+dirty+rdist,matmul-blocked96-s1,train,matmul,matmul-blocked96,0.1,3,118356,57581,0
matmul_train,matmul,aging+idle+age+refaults+rdist,matmul-blocked96-s1,train,matmul,matmul-blocked96,0.1,3,192000,65532,0
matmul_train,matmul,aging+idle+dirty+refaults+rdist,matmul-blocked96-s1,train,matmul,matmul-blocked96,0.1,3,117201,56931,0
matmul_train,matmul,aging+age+dirty+refaults+rdist,matmul-blocked96-s1,train,matmul,matmul-blocked96,0.1,3,986416,74772,1
matmul_train,matmul,sfreq+idle+age+dirty+refaults,matmul-blocked96-s1,train,matmul,matmul-blocked96,0.1,3,125974,52000,0
matmul_train,matmul,sfreq+idle+age+dirty+rdist,matmul-blocked96-s1,train,matmul,matmul-blocked96,0.1,3,118367,56641,0
matmul_train,matmul,sfreq+idle+age+refaults+rdist,matmul-blocked96-s1,train,matmul,matmul-blocked96,0.1,3,134389,49637,0
matmul_train,matmul,sfreq+idle+dirty+refaults+rdist,matmul-blocked96-s1,train,matmul,matmul-blocked96,0.1,3,119242,57811,0
matmul_train,matmul,sfreq+age+dirty+refaults+rdist,matmul-blocked96-s1,train,matmul,matmul-blocked96,0.1,3,986416,73850,1
matmul_train,matmul,idle+age+dirty+refaults+rdist,matmul-blocked96-s1,train,matmul,matmul-blocked96,0.1,3,119136,57751,0
matmul_train,matmul,ref+aging+sfreq+idle+age+dirty,matmul-blocked96-s1,train,matmul,matmul-blocked96,0.1,3,115944,56801,0
matmul_train,matmul,ref+aging+sfreq+idle+age+refaults,matmul-blocked96-s1,train,matmul,matmul-blocked96,0.1,3,139959,52622,0
matmul_train,matmul,ref+aging+sfreq+idle+age+rdist,matmul-blocked96-s1,train,matmul,matmul-blocked96,0.1,3,256265,93706,0
matmul_train,matmul,ref+aging+sfreq+idle+dirty+refaults,matmul-blocked96-s1,train,matmul,matmul-blocked96,0.1,3,762526,92681,0
matmul_train,matmul,ref+aging+sfreq+idle+dirty+rdist,matmul-blocked96-s1,train,matmul,matmul-blocked96,0.1,3,276053,110427,0
matmul_train,matmul,ref+aging+sfreq+idle+refaults+rdist,matmul-blocked96-s1,train,matmul,matmul-blocked96,0.1,3,986416,83913,1
matmul_train,matmul,ref+aging+sfreq+age+dirty+refaults,matmul-blocked96-s1,train,matmul,matmul-blocked96,0.1,3,116704,55694,0
matmul_train,matmul,ref+aging+sfreq+age+dirty+rdist,matmul-blocked96-s1,train,matmul,matmul-blocked96,0.1,3,116881,56338,0
matmul_train,matmul,ref+aging+sfreq+age+refaults+rdist,matmul-blocked96-s1,train,matmul,matmul-blocked96,0.1,3,227429,78772,0
matmul_train,matmul,ref+aging+sfreq+dirty+refaults+rdist,matmul-blocked96-s1,train,matmul,matmul-blocked96,0.1,3,986416,78879,1
matmul_train,matmul,ref+aging+idle+age+dirty+refaults,matmul-blocked96-s1,train,matmul,matmul-blocked96,0.1,3,230633,92679,0
matmul_train,matmul,ref+aging+idle+age+dirty+rdist,matmul-blocked96-s1,train,matmul,matmul-blocked96,0.1,3,986416,74700,1
matmul_train,matmul,ref+aging+idle+age+refaults+rdist,matmul-blocked96-s1,train,matmul,matmul-blocked96,0.1,3,986416,74772,1
matmul_train,matmul,ref+aging+idle+dirty+refaults+rdist,matmul-blocked96-s1,train,matmul,matmul-blocked96,0.1,3,117787,56701,0
matmul_train,matmul,ref+aging+age+dirty+refaults+rdist,matmul-blocked96-s1,train,matmul,matmul-blocked96,0.1,3,986416,74700,1
matmul_train,matmul,ref+sfreq+idle+age+dirty+refaults,matmul-blocked96-s1,train,matmul,matmul-blocked96,0.1,3,117332,47263,0
matmul_train,matmul,ref+sfreq+idle+age+dirty+rdist,matmul-blocked96-s1,train,matmul,matmul-blocked96,0.1,3,118025,56554,0
matmul_train,matmul,ref+sfreq+idle+age+refaults+rdist,matmul-blocked96-s1,train,matmul,matmul-blocked96,0.1,3,131097,51025,0
matmul_train,matmul,ref+sfreq+idle+dirty+refaults+rdist,matmul-blocked96-s1,train,matmul,matmul-blocked96,0.1,3,117884,56854,0
matmul_train,matmul,ref+sfreq+age+dirty+refaults+rdist,matmul-blocked96-s1,train,matmul,matmul-blocked96,0.1,3,986416,56902,1
matmul_train,matmul,ref+idle+age+dirty+refaults+rdist,matmul-blocked96-s1,train,matmul,matmul-blocked96,0.1,3,117756,56868,0
matmul_train,matmul,aging+sfreq+idle+age+dirty+refaults,matmul-blocked96-s1,train,matmul,matmul-blocked96,0.1,3,138753,56541,0
matmul_train,matmul,aging+sfreq+idle+age+dirty+rdist,matmul-blocked96-s1,train,matmul,matmul-blocked96,0.1,3,118651,55347,0
matmul_train,matmul,aging+sfreq+idle+age+refaults+rdist,matmul-blocked96-s1,train,matmul,matmul-blocked96,0.1,3,167462,38079,0
matmul_train,matmul,aging+sfreq+idle+dirty+refaults+rdist,matmul-blocked96-s1,train,matmul,matmul-blocked96,0.1,3,118517,57527,0
matmul_train,matmul,aging+sfreq+age+dirty+refaults+rdist,matmul-blocked96-s1,train,matmul,matmul-blocked96,0.1,3,986416,51520,1
matmul_train,matmul,aging+idle+age+dirty+refaults+rdist,matmul-blocked96-s1,train,matmul,matmul-blocked96,0.1,3,118740,57614,0
matmul_train,matmul,sfreq+idle+age+dirty+refaults+rdist,matmul-blocked96-s1,train,matmul,matmul-blocked96,0.1,3,120389,54358,0
matmul_train,matmul,ref+aging+sfreq+idle+age+dirty+refaults,matmul-blocked96-s1,train,matmul,matmul-blocked96,0.1,3,116233,49094,0
matmul_train,matmul,ref+aging+sfreq+idle+age+dirty+rdist,matmul-blocked96-s1,train,matmul,matmul-blocked96,0.1,3,243091,97600,0
matmul_train,matmul,ref+aging+sfreq+idle+age+refaults+rdist,matmul-blocked96-s1,train,matmul,matmul-blocked96,0.1,3,262481,101345,0
matmul_train,matmul,ref+aging+sfreq+idle+dirty+refaults+rdist,matmul-blocked96-s1,train,matmul,matmul-blocked96,0.1,3,117725,56666,0
matmul_train,matmul,ref+aging+sfreq+age+dirty+refaults+rdist,matmul-blocked96-s1,train,matmul,matmul-blocked96,0.1,3,117598,56141,0
matmul_train,matmul,ref+aging+idle+age+dirty+refaults+rdist,matmul-blocked96-s1,train,matmul,matmul-blocked96,0.1,3,117614,56634,0
matmul_train,matmul,ref+sfreq+idle+age+dirty+refaults+rdist,matmul-blocked96-s1,train,matmul,matmul-blocked96,0.1,3,118702,55243,0
matmul_train,matmul,aging+sfreq+idle+age+dirty+refaults+rdist,matmul-blocked96-s1,train,matmul,matmul-blocked96,0.1,3,121421,53498,0
matmul_train,matmul,ref+aging+sfreq+idle+age+dirty+refaults+rdist,matmul-blocked96-s1,train,matmul,matmul-blocked96,0.1,3,117645,56123,0
matmul_train,matmul,rec+ref+aging+sfreq+idle+age+dirty,matmul-blocked96-s1,train,matmul,matmul-blocked96,0.1,3,986416,69672,1
matmul_train,matmul,rec+ref+aging+sfreq+idle+age+dirty+refaults+rdist,matmul-blocked96-s1,train,matmul,matmul-blocked96,0.1,3,986416,65635,1
matmul_train,matmul,freq+ref+aging+sfreq+idle+age+dirty,matmul-blocked96-s1,train,matmul,matmul-blocked96,0.1,3,117004,56038,0
matmul_train,matmul,freq+ref+aging+sfreq+idle+age+dirty+refaults+rdist,matmul-blocked96-s1,train,matmul,matmul-blocked96,0.1,3,118367,52332,0
matmul_train,matmul,sd+ref+aging+sfreq+idle+age+dirty,matmul-blocked96-s1,train,matmul,matmul-blocked96,0.1,3,115968,56402,0
matmul_train,matmul,sd+ref+aging+sfreq+idle+age+dirty+refaults+rdist,matmul-blocked96-s1,train,matmul,matmul-blocked96,0.1,3,118035,55157,0
matmul_train,matmul,wr+ref+aging+sfreq+idle+age+dirty,matmul-blocked96-s1,train,matmul,matmul-blocked96,0.1,3,119448,38342,0
matmul_train,matmul,wr+ref+aging+sfreq+idle+age+dirty+refaults+rdist,matmul-blocked96-s1,train,matmul,matmul-blocked96,0.1,3,251321,105562,0
matmul_train,matmul,rec+freq+ref+aging+sfreq+idle+age+dirty,matmul-blocked96-s1,train,matmul,matmul-blocked96,0.1,3,986416,46433,1
matmul_train,matmul,rec+freq+ref+aging+sfreq+idle+age+dirty+refaults+rdist,matmul-blocked96-s1,train,matmul,matmul-blocked96,0.1,3,986416,65635,1
matmul_train,matmul,rec+sd+ref+aging+sfreq+idle+age+dirty,matmul-blocked96-s1,train,matmul,matmul-blocked96,0.1,3,115881,56396,0
matmul_train,matmul,rec+sd+ref+aging+sfreq+idle+age+dirty+refaults+rdist,matmul-blocked96-s1,train,matmul,matmul-blocked96,0.1,3,986416,96533,1
matmul_train,matmul,rec+wr+ref+aging+sfreq+idle+age+dirty,matmul-blocked96-s1,train,matmul,matmul-blocked96,0.1,3,986416,56431,1
matmul_train,matmul,rec+wr+ref+aging+sfreq+idle+age+dirty+refaults+rdist,matmul-blocked96-s1,train,matmul,matmul-blocked96,0.1,3,986416,77533,1
matmul_train,matmul,freq+sd+ref+aging+sfreq+idle+age+dirty,matmul-blocked96-s1,train,matmul,matmul-blocked96,0.1,3,116613,56371,0
matmul_train,matmul,freq+sd+ref+aging+sfreq+idle+age+dirty+refaults+rdist,matmul-blocked96-s1,train,matmul,matmul-blocked96,0.1,3,144515,60494,0
matmul_train,matmul,freq+wr+ref+aging+sfreq+idle+age+dirty,matmul-blocked96-s1,train,matmul,matmul-blocked96,0.1,3,118912,38389,0
matmul_train,matmul,freq+wr+ref+aging+sfreq+idle+age+dirty+refaults+rdist,matmul-blocked96-s1,train,matmul,matmul-blocked96,0.1,3,118659,56216,0
matmul_train,matmul,sd+wr+ref+aging+sfreq+idle+age+dirty,matmul-blocked96-s1,train,matmul,matmul-blocked96,0.1,3,117018,56411,0
matmul_train,matmul,sd+wr+ref+aging+sfreq+idle+age+dirty+refaults+rdist,matmul-blocked96-s1,train,matmul,matmul-blocked96,0.1,3,118130,56640,0
matmul_train,matmul,rec+freq+sd+ref+aging+sfreq+idle+age+dirty,matmul-blocked96-s1,train,matmul,matmul-blocked96,0.1,3,116250,56398,0
matmul_train,matmul,rec+freq+sd+ref+aging+sfreq+idle+age+dirty+refaults+rdist,matmul-blocked96-s1,train,matmul,matmul-blocked96,0.1,3,986416,96504,1
matmul_train,matmul,rec+freq+wr+ref+aging+sfreq+idle+age+dirty,matmul-blocked96-s1,train,matmul,matmul-blocked96,0.1,3,986416,56320,1
matmul_train,matmul,rec+freq+wr+ref+aging+sfreq+idle+age+dirty+refaults+rdist,matmul-blocked96-s1,train,matmul,matmul-blocked96,0.1,3,986416,77890,1
matmul_train,matmul,rec+sd+wr+ref+aging+sfreq+idle+age+dirty,matmul-blocked96-s1,train,matmul,matmul-blocked96,0.1,3,116547,56321,0
matmul_train,matmul,rec+sd+wr+ref+aging+sfreq+idle+age+dirty+refaults+rdist,matmul-blocked96-s1,train,matmul,matmul-blocked96,0.1,3,986416,96536,1
matmul_train,matmul,freq+sd+wr+ref+aging+sfreq+idle+age+dirty,matmul-blocked96-s1,train,matmul,matmul-blocked96,0.1,3,116868,56402,0
matmul_train,matmul,freq+sd+wr+ref+aging+sfreq+idle+age+dirty+refaults+rdist,matmul-blocked96-s1,train,matmul,matmul-blocked96,0.1,3,264395,102928,0
matmul_train,matmul,rec+freq+sd+wr+ref+aging+sfreq+idle+age+dirty,matmul-blocked96-s1,train,matmul,matmul-blocked96,0.1,3,116545,56321,0
matmul_train,matmul,rec+freq+sd+wr+ref+aging+sfreq+idle+age+dirty+refaults+rdist,matmul-blocked96-s1,train,matmul,matmul-blocked96,0.1,3,986416,96711,1
matmul_train,global,rec,matmul-blocked96-s1,train,matmul,matmul-blocked96,0.1,3,170379,56183,0
matmul_train,global,freq,matmul-blocked96-s1,train,matmul,matmul-blocked96,0.1,3,986416,66544,1
matmul_train,global,sd,matmul-blocked96-s1,train,matmul,matmul-blocked96,0.1,3,170379,56183,0
matmul_train,global,wr,matmul-blocked96-s1,train,matmul,matmul-blocked96,0.1,3,116534,57026,0
matmul_train,global,rec+freq,matmul-blocked96-s1,train,matmul,matmul-blocked96,0.1,3,160676,56219,0
matmul_train,global,rec+sd,matmul-blocked96-s1,train,matmul,matmul-blocked96,0.1,3,170379,56183,0
matmul_train,global,rec+wr,matmul-blocked96-s1,train,matmul,matmul-blocked96,0.1,3,170379,56183,0
matmul_train,global,freq+sd,matmul-blocked96-s1,train,matmul,matmul-blocked96,0.1,3,148768,56168,0
matmul_train,global,freq+wr,matmul-blocked96-s1,train,matmul,matmul-blocked96,0.1,3,986416,67719,1
matmul_train,global,sd+wr,matmul-blocked96-s1,train,matmul,matmul-blocked96,0.1,3,170379,56183,0
matmul_train,global,rec+freq+sd,matmul-blocked96-s1,train,matmul,matmul-blocked96,0.1,3,135030,56537,0
matmul_train,global,rec+freq+wr,matmul-blocked96-s1,train,matmul,matmul-blocked96,0.1,3,165083,56197,0
matmul_train,global,rec+sd+wr,matmul-blocked96-s1,train,matmul,matmul-blocked96,0.1,3,170379,56183,0
matmul_train,global,freq+sd+wr,matmul-blocked96-s1,train,matmul,matmul-blocked96,0.1,3,149480,56143,0
matmul_train,global,rec+freq+sd+wr,matmul-blocked96-s1,train,matmul,matmul-blocked96,0.1,3,134909,56537,0
matmul_train,global,ref,matmul-blocked96-s1,train,matmul,matmul-blocked96,0.1,3,156828,49475,0
matmul_train,global,aging,matmul-blocked96-s1,train,matmul,matmul-blocked96,0.1,3,156828,49475,0
matmul_train,global,sfreq,matmul-blocked96-s1,train,matmul,matmul-blocked96,0.1,3,986416,57255,1
matmul_train,global,idle,matmul-blocked96-s1,train,matmul,matmul-blocked96,0.1,3,156828,49475,0
matmul_train,global,age,matmul-blocked96-s1,train,matmul,matmul-blocked96,0.1,3,197283,49475,0
matmul_train,global,dirty,matmul-blocked96-s1,train,matmul,matmul-blocked96,0.1,3,116082,56810,0
matmul_train,global,refaults,matmul-blocked96-s1,train,matmul,matmul-blocked96,0.1,3,212899,59530,0
matmul_train,global,rdist,matmul-blocked96-s1,train,matmul,matmul-blocked96,0.1,3,411359,109989,0
matmul_train,global,ref+aging,matmul-blocked96-s1,train,matmul,matmul-blocked96,0.1,3,154980,48626,0
matmul_train,global,ref+sfreq,matmul-blocked96-s1,train,matmul,matmul-blocked96,0.1,3,170785,56593,0
matmul_train,global,ref+idle,matmul-blocked96-s1,train,matmul,matmul-blocked96,0.1,3,156828,49475,0
matmul_train,global,ref+age,matmul-blocked96-s1,train,matmul,matmul-blocked96,0.1,3,156828,49475,0
matmul_train,global,ref+dirty,matmul-blocked96-s1,train,matmul,matmul-blocked96,0.1,3,169470,56594,0
matmul_train,global,ref+refaults,matmul-blocked96-s1,train,matmul,matmul-blocked96,0.1,3,170922,56524,0
matmul_train,global,ref+rdist,matmul-blocked96-s1,train,matmul,matmul-blocked96,0.1,3,144696,45065,0
matmul_train,global,aging+sfreq,matmul-blocked96-s1,train,matmul,matmul-blocked96,0.1,3,170123,56594,0
matmul_train,global,aging+idle,matmul-blocked96-s1,train,matmul,matmul-blocked96,0.1,3,156828,49475,0
matmul_train,global,aging+age,matmul-blocked96-s1,train,matmul,matmul-blocked96,0.1,3,170123,56594,0
matmul_train,global,aging+dirty,matmul-blocked96-s1,train,matmul,matmul-blocked96,0.1,3,170160,56588,0
matmul_train,global,aging+refaults,matmul-blocked96-s1,train,matmul,matmul-blocked96,0.1,3,170458,56273,0
matmul_train,global,aging+rdist,matmul-blocked96-s1,train,matmul,matmul-blocked96,0.1,3,149685,45617,0
matmul_train,global,sfreq+idle,matmul-blocked96-s1,train,matmul,matmul-blocked96,0.1,3,170536,56582,0
matmul_train,global,sfreq+age,matmul-blocked96-s1,train,matmul,matmul-blocked96,0.1,3,344830,94602,0
matmul_train,global,sfreq+dirty,matmul-blocked96-s1,train,matmul,matmul-blocked96,0.1,3,986416,74772,1
matmul_train,global,sfreq+refaults,matmul-blocked96-s1,train,matmul,matmul-blocked96,0.1,3,986416,81179,1
matmul_train,global,sfreq+rdist,matmul-blocked96-s1,train,matmul,matmul-blocked96,0.1,3,769645,98329,0
matmul_train,global,idle+age,matmul-blocked96-s1,train,matmul,matmul-blocked96,0.1,3,170497,56488,0
matmul_train,global,idle+dirty,matmul-blocked96-s1,train,matmul,matmul-blocked96,0.1,3,170166,56594,0
matmul_train,global,idle+refaults,matmul-blocked96-s1,train,matmul,matmul-blocked96,0.1,3,164851,54376,0
matmul_train,global,idle+rdist,matmul-blocked96-s1,train,matmul,matmul-blocked96,0.1,3,138168,42887,0
matmul_train,global,age+dirty,matmul-blocked96-s1,train,matmul,matmul-blocked96,0.1,3,155085,51425,0
matmul_train,global,age+refaults,matmul-blocked96-s1,train,matmul,matmul-blocked96,0.1,3,986416,75764,1
matmul_train,global,age+rdist,matmul-blocked96-s1,train,matmul,matmul-blocked96,0.1,3,181465,45551,0
matmul_train,global,dirty+refaults,matmul-blocked96-s1,train,matmul,matmul-blocked96,0.1,3,231415,51673,0
matmul_train,global,dirty+rdist,matmul-blocked96-s1,train,matmul,matmul-blocked96,0.1,3,411359,109989,0
matmul_train,global,refaults+rdist,matmul-blocked96-s1,train,matmul,matmul-blocked96,0.1,3,252493,70363,0
matmul_train,global,ref+aging+sfreq,matmul-blocked96-s1,train,matmul,matmul-blocked96,0.1,3,170075,56594,0
matmul_train,global,ref+aging+idle,matmul-blocked96-s1,train,matmul,matmul-blocked96,0.1,3,154980,48626,0
matmul_train,global,ref+aging+age,matmul-blocked96-s1,train,matmul,matmul-blocked96,0.1,3,170123,56594,0
matmul_train,global,ref+aging+dirty,matmul-blocked96-s1,train,matmul,matmul-blocked96,0.1,3,170160,56588,0
matmul_train,global,ref+aging+refaults,matmul-blocked96-s1,train,matmul,matmul-blocked96,0.1,3,170648,56134,0
matmul_train,global,ref+aging+rdist,matmul-blocked96-s1,train,matmul,matmul-blocked96,0.1,3,155765,48377,0
matmul_train,global,ref+sfreq+idle,matmul-blocked96-s1,train,matmul,matmul-blocked96,0.1,3,170569,56584,0
matmul_train,global,ref+sfreq+age,matmul-blocked96-s1,train,matmul,matmul-blocked96,0.1,3,150707,49571,0
matmul_train,global,ref+sfreq+dirty,matmul-blocked96-s1,train,matmul,matmul-blocked96,0.1,3,170786,56594,0
matmul_train,global,ref+sfreq+refaults,matmul-blocked96-s1,train,matmul,matmul-blocked96,0.1,3,986416,67359,1
matmul_train,global,ref+sfreq+rdist,matmul-blocked96-s1,train,matmul,matmul-blocked96,0.1,3,171081,56314,0
matmul_train,global,ref+idle+age,matmul-blocked96-s1,train,matmul,matmul-blocked96,0.1,3,170533,56512,0
matmul_train,global,ref+idle+dirty,matmul-blocked96-s1,train,matmul,matmul-blocked96,0.1,3,170166,56594,0
matmul_train,global,ref+idle+refaults,matmul-blocked96-s1,train,matmul,matmul-blocked96,0.1,3,169960,56291,0
matmul_train,global,ref+idle+rdist,matmul-blocked96-s1,train,matmul,matmul-blocked96,0.1,3,144753,45065,0
matmul_train,global,ref+age+dirty,matmul-blocked96-s1,train,matmul,matmul-blocked96,0.1,3,169995,56594,0
matmul_train,global,ref+age+refaults,matmul-blocked96-s1,train,matmul,matmul-blocked96,0.1,3,331298,102824,0
matmul_train,global,ref+age+rdist,matmul-blocked96-s1,train,matmul,matmul-blocked96,0.1,3,144660,44969,0
matmul_train,global,ref+dirty+refaults,matmul-blocked96-s1,train,matmul,matmul-blocked96,0.1,3,171829,56361,0
matmul_train,global,ref+dirty+rdist,matmul-blocked96-s1,train,matmul,matmul-blocked96,0.1,3,168378,56546,0
matmul_train,global,ref+refaults+rdist,matmul-blocked96-s1,train,matmul,matmul-blocked96,0.1,3,172142,56468,0
matmul_train,global,aging+sfreq+idle,matmul-blocked96-s1,train,matmul,matmul-blocked96,0.1,3,170123,56594,0
matmul_train,global,aging+sfreq+age,matmul-blocked96-s1,train,matmul,matmul-blocked96,0.1,3,170123,56594,0
matmul_train,global,aging+sfreq+dirty,matmul-blocked96-s1,train,matmul,matmul-blocked96,0.1,3,170123,56594,0
matmul_train,global,aging+sfreq+refaults,matmul-blocked96-s1,train,matmul,matmul-blocked96,0.1,3,986416,74868,1
matmul_train,global,aging+sfreq+rdist,matmul-blocked96-s1,train,matmul,matmul-blocked96,0.1,3,169663,55625,0
matmul_train,global,aging+idle+age,matmul-blocked96-s1,train,matmul,matmul-blocked96,0.1,3,170123,56594,0
matmul_train,global,aging+idle+dirty,matmul-blocked96-s1,train,matmul,matmul-blocked96,0.1,3,170160,56588,0
matmul_train,global,aging+idle+refaults,matmul-blocked96-s1,train,matmul,matmul-blocked96,0.1,3,170292,56269,0
matmul_train,global,aging+idle+rdist,matmul-blocked96-s1,train,matmul,matmul-blocked96,0.1,3,149109,45329,0
matmul_train,global,aging+age+dirty,matmul-blocked96-s1,train,matmul,matmul-blocked96,0.1,3,170123,56594,0
matmul_train,global,aging+age+refaults,matmul-blocked96-s1,train,matmul,matmul-blocked96,0.1,3,222960,71861,0
matmul_train,global,aging+age+rdist,matmul-blocked96-s1,train,matmul,matmul-blocked96,0.1,3,169258,55598,0
matmul_train,global,aging+dirty+refaults,matmul-blocked96-s1,train,matmul,matmul-blocked96,0.1,3,171143,56060,0
matmul_train,global,aging+dirty+rdist,matmul-blocked96-s1,train,matmul,matmul-blocked96,0.1,3,168941,55901,0
matmul_train,global,aging+refaults+rdist,matmul-blocked96-s1,train,matmul,matmul-blocked96,0.1,3,171546,56061,0
matmul_train,global,sfreq+idle+age,matmul-blocked96-s1,train,matmul,matmul-blocked96,0.1,3,170497,56488,0
matmul_train,global,sfreq+idle+dirty,matmul-blocked96-s1,train,matmul,matmul-blocked96,0.1,3,170323,56604,0
matmul_train,global,sfreq+idle+refaults,matmul-blocked96-s1,train,matmul,matmul-blocked96,0.1,3,387693,81545,0
matmul_train,global,sfreq+idle+rdist,matmul-blocked96-s1,train,matmul,matmul-blocked96,0.1,3,171331,56301,0
matmul_train,global,sfreq+age+dirty,matmul-blocked96-s1,train,matmul,matmul-blocked96,0.1,3,359207,103131,0
matmul_train,global,sfreq+age+refaults,matmul-blocked96-s1,train,matmul,matmul-blocked96,0.1,3,986416,67405,1
matmul_train,global,sfreq+age+rdist,matmul-blocked96-s1,train,matmul,matmul-blocked96,0.1,3,692916,103956,0
matmul_train,global,sfreq+dirty+refaults,matmul-blocked96-s1,train,matmul,matmul-blocked96,0.1,3,986416,57468,1
matmul_train,global,sfreq+dirty+rdist,matmul-blocked96-s1,train,matmul,matmul-blocked96,0.1,3,986416,73850,1
matmul_train,global,sfreq+refaults+rdist,matmul-blocked96-s1,train,matmul,matmul-blocked96,0.1,3,986416,57618,1
matmul_train,global,idle+age+dirty,matmul-blocked96-s1,train,matmul,matmul-blocked96,0.1,3,170169,56599,0
matmul_train,global,idle+age+refaults,matmul-blocked96-s1,train,matmul,matmul-blocked96,0.1,3,141468,44332,0
matmul_train,global,idle+age+rdist,matmul-blocked96-s1,train,matmul,matmul-blocked96,0.1,3,171268,56295,0
matmul_train,global,idle+dirty+refaults,matmul-blocked96-s1,train,matmul,matmul-blocked96,0.1,3,170359,52877,0
matmul_train,global,idle+dirty+rdist,matmul-blocked96-s1,train,matmul,matmul-blocked96,0.1,3,117241,56703,0
matmul_train,global,idle+refaults+rdist,matmul-blocked96-s1,train,matmul,matmul-blocked96,0.1,3,162360,53287,0
matmul_train,global,age+dirty+refaults,matmul-blocked96-s1,train,matmul,matmul-blocked96,0.1,3,986416,77363,1
matmul_train,global,age+dirty+rdist,matmul-blocked96-s1,train,matmul,matmul-blocked96,0.1,3,125405,59076,0
matmul_train,global,age+refaults+rdist,matmul-blocked96-s1,train,matmul,matmul-blocked96,0.1,3,986416,67376,1
matmul_train,global,dirty+refaults+rdist,matmul-blocked96-s1,train,matmul,matmul-blocked96,0.1,3,224870,77895,0
matmul_train,global,ref+aging+sfreq+idle,matmul-blocked96-s1,train,matmul,matmul-blocked96,0.1,3,170075,56594,0
matmul_train,global,ref+aging+sfreq+age,matmul-blocked96-s1,train,matmul,matmul-blocked96,0.1,3,170123,56594,0
matmul_train,global,ref+aging+sfreq+dirty,matmul-blocked96-s1,train,matmul,matmul-blocked96,0.1,3,170027,56594,0
matmul_train,global,ref+aging+sfreq+refaults,matmul-blocked96-s1,train,matmul,matmul-blocked96,0.1,3,986416,74985,1
matmul_train,global,ref+aging+sfreq+rdist,matmul-blocked96-s1,train,matmul,matmul-blocked96,0.1,3,169704,55772,0
matmul_train,global,ref+aging+idle+age,matmul-blocked96-s1,train,matmul,matmul-blocked96,0.1,3,170075,56594,0
matmul_train,global,ref+aging+idle+dirty,matmul-blocked96-s1,train,matmul,matmul-blocked96,0.1,3,170160,56588,0
matmul_train,global,ref+aging+idle+refaults,matmul-blocked96-s1,train,matmul,matmul-blocked96,0.1,3,170169,56144,0
matmul_train,global,ref+aging+idle+rdist,matmul-blocked96-s1,train,matmul,matmul-blocked96,0.1,3,155636,48317,0
matmul_train,global,ref+aging+age+dirty,matmul-blocked96-s1,train,matmul,matmul-blocked96,0.1,3,170075,56594,0
matmul_train,global,ref+aging+age+refaults,matmul-blocked96-s1,train,matmul,matmul-blocked96,0.1,3,160185,52738,0
matmul_train,global,ref+aging+age+rdist,matmul-blocked96-s1,train,matmul,matmul-blocked96,0.1,3,169439,55814,0
matmul_train,global,ref+aging+dirty+refaults,matmul-blocked96-s1,train,matmul,matmul-blocked96,0.1,3,171491,55178,0
matmul_train,global,ref+aging+dirty+rdist,matmul-blocked96-s1,train,matmul,matmul-blocked96,0.1,3,168656,55871,0
matmul_train,global,ref+aging+refaults+rdist,matmul-blocked96-s1,train,matmul,matmul-blocked96,0.1,3,171724,56125,0
matmul_train,global,ref+sfreq+idle+age,matmul-blocked96-s1,train,matmul,matmul-blocked96,0.1,3,170497,56488,0
matmul_train,global,ref+sfreq+idle+dirty,matmul-blocked96-s1,train,matmul,matmul-blocked96,0.1,3,170339,56594,0
matmul_train,global,ref+sfreq+idle+refaults,matmul-blocked96-s1,train,matmul,matmul-blocked96,0.1,3,655159,90874,0
matmul_train,global,ref+sfreq+idle+rdist,matmul-blocked96-s1,train,matmul,matmul-blocked96,0.1,3,170838,56218,0
matmul_train,global,ref+sfreq+age+dirty,matmul-blocked96-s1,train,matmul,matmul-blocked96,0.1,3,177276,58207,0
matmul_train,global,ref+sfreq+age+refaults,matmul-blocked96-s1,train,matmul,matmul-blocked96,0.1,3,986416,78209,1
matmul_train,global,ref+sfreq+age+rdist,matmul-blocked96-s1,train,matmul,matmul-blocked96,0.1,3,156420,51095,0
matmul_train,global,ref+sfreq+dirty+refaults,matmul-blocked96-s1,train,matmul,matmul-blocked96,0.1,3,986416,67156,1
matmul_train,global,ref+sfreq+dirty+rdist,matmul-blocked96-s1,train,matmul,matmul-blocked96,0.1,3,169977,56570,0
matmul_train,global,ref+sfreq+refaults+rdist,matmul-blocked96-s1,train,matmul,matmul-blocked96,0.1,3,986416,69411,1
matmul_train,global,ref+idle+age+dirty,matmul-blocked96-s1,train,matmul,matmul-blocked96,0.1,3,170303,56594,0
matmul_train,global,ref+idle+age+refaults,matmul-blocked96-s1,train,matmul,matmul-blocked96,0.1,3,167566,53396,0
matmul_train,global,ref+idle+age+rdist,matmul-blocked96-s1,train,matmul,matmul-blocked96,0.1,3,170667,56224,0
matmul_train,global,ref+idle+dirty+refaults,matmul-blocked96-s1,train,matmul,matmul-blocked96,0.1,3,170846,56087,0
matmul_train,global,ref+idle+dirty+rdist,matmul-blocked96-s1,train,matmul,matmul-blocked96,0.1,3,168378,56546,0
matmul_train,global,ref+idle+refaults+rdist,matmul-blocked96-s1,train,matmul,matmul-blocked96,0.1,3,171649,56403,0
matmul_train,global,ref+age+dirty+refaults,matmul-blocked96-s1,train,matmul,matmul-blocked96,0.1,3,216898,65661,0
matmul_train,global,ref+age+dirty+rdist,matmul-blocked96-s1,train,matmul,matmul-blocked96,0.1,3,168378,56546,0
matmul_train,global,ref+age+refaults+rdist,matmul-blocked96-s1,train,matmul,matmul-blocked96,0.1,3,600373,102683,0
matmul_train,global,ref+dirty+refaults+rdist,matmul-blocked96-s1,train,matmul,matmul-blocked96,0.1,3,171927,56487,0
matmul_train,global,aging+sfreq+idle+age,matmul-blocked96-s1,train,matmul,matmul-blocked96,0.1,3,170123,56594,0
matmul_train,global,aging+sfreq+idle+dirty,matmul-blocked96-s1,train,matmul,matmul-blocked96,0.1,3,170123,56594,0
matmul_train,global,aging+sfreq+idle+refaults,matmul-blocked96-s1,train,matmul,matmul-blocked96,0.1,3,986416,76177,1
matmul_train,global,aging+sfreq+idle+rdist,matmul-blocked96-s1,train,matmul,matmul-blocked96,0.1,3,169531,55622,0
matmul_train,global,aging+sfreq+age+dirty,matmul-blocked96-s1,train,matmul,matmul-blocked96,0.1,3,170123,56594,0
matmul_train,global,aging+sfreq+age+refaults,matmul-blocked96-s1,train,matmul,matmul-blocked96,0.1,3,986416,93612,1
matmul_train,global,aging+sfreq+age+rdist,matmul-blocked96-s1,train,matmul,matmul-blocked96,0.1,3,169204,55586,0
matmul_train,global,aging+sfreq+dirty+refaults,matmul-blocked96-s1,train,matmul,matmul-blocked96,0.1,3,986416,75012,1
matmul_train,global,aging+sfreq+dirty+rdist,matmul-blocked96-s1,train,matmul,matmul-blocked96,0.1,3,169037,55898,0
matmul_train,global,aging+sfreq+refaults+rdist,matmul-blocked96-s1,train,matmul,matmul-blocked96,0.1,3,986416,80412,1
matmul_train,global,aging+idle+age+dirty,matmul-blocked96-s1,train,matmul,matmul-blocked96,0.1,3,170123,56594,0
matmul_train,global,aging+idle+age+refaults,matmul-blocked96-s1,train,matmul,matmul-blocked96,0.1,3,164790,52747,0
matmul_train,global,aging+idle+age+rdist,matmul-blocked96-s1,train,matmul,matmul-blocked96,0.1,3,169186,55598,0
matmul_train,global,aging+idle+dirty+refaults,matmul-blocked96-s1,train,matmul,matmul-blocked96,0.1,3,171181,56019,0
matmul_train,global,aging+idle+dirty+rdist,matmul-blocked96-s1,train,matmul,matmul-blocked96,0.1,3,168941,55901,0
matmul_train,global,aging+idle+refaults+rdist,matmul-blocked96-s1,train,matmul,matmul-blocked96,0.1,3,171396,55990,0
matmul_train,global,aging+age+dirty+refaults,matmul-blocked96-s1,train,matmul,matmul-blocked96,0.1,3,223109,71847,0
matmul_train,global,aging+age+dirty+rdist,matmul-blocked96-s1,train,matmul,matmul-blocked96,0.1,3,168710,55898,0
matmul_train,global,aging+age+refaults+rdist,matmul-blocked96-s1,train,matmul,matmul-blocked96,0.1,3,176201,53980,0
matmul_train,global,aging+dirty+refaults+rdist,matmul-blocked96-s1,train,matmul,matmul-blocked96,0.1,3,171277,56090,0
matmul_train,global,sfreq+idle+age+dirty,matmul-blocked96-s1,train,matmul,matmul-blocked96,0.1,3,170123,56594,0
matmul_train,global,sfreq+idle+age+refaults,matmul-blocked96-s1,train,matmul,matmul-blocked96,0.1,3,146491,45694,0
matmul_train,global,sfreq+idle+age+rdist,matmul-blocked96-s1,train,matmul,matmul-blocked96,0.1,3,170745,56206,0
matmul_train,global,sfreq+idle+dirty+refaults,matmul-blocked96-s1,train,matmul,matmul-blocked96,0.1,3,340134,88819,0
matmul_train,global,sfreq+idle+dirty+rdist,matmul-blocked96-s1,train,matmul,matmul-blocked96,0.1,3,116834,56823,0
matmul_train,global,sfreq+idle+refaults+rdist,matmul-blocked96-s1,train,matmul,matmul-blocked96,0.1,3,770757,96516,0
matmul_train,global,sfreq+age+dirty+refaults,matmul-blocked96-s1,train,matmul,matmul-blocked96,0.1,3,986416,64523,1
matmul_train,global,sfreq+age+dirty+rdist,matmul-blocked96-s1,train,matmul,matmul-blocked96,0.1,3,799206,106117,0
matmul_train,global,sfreq+age+refaults+rdist,matmul-blocked96-s1,train,matmul,matmul-blocked96,0.1,3,986416,68145,1
matmul_train,global,sfreq+dirty+refaults+rdist,matmul-blocked96-s1,train,matmul,matmul-blocked96,0.1,3,986416,57827,1
matmul_train,global,idle+age+dirty+refaults,matmul-blocked96-s1,train,matmul,matmul-blocked96,0.1,3,142913,53947,0
matmul_train,global,idle+age+dirty+rdist,matmul-blocked96-s1,train,matmul,matmul-blocked96,0.1,3,117539,57036,0
matmul_train,global,idle+age+refaults+rdist,matmul-blocked96-s1,train,matmul,matmul-blocked96,0.1,3,145389,44456,0
matmul_train,global,idle+dirty+refaults+rdist,matmul-blocked96-s1,train,matmul,matmul-blocked96,0.1,3,154035,55163,0
matmul_train,global,age+dirty+refaults+rdist,matmul-blocked96-s1,train,matmul,matmul-blocked96,0.1,3,986416,67898,1
matmul_train,global,ref+aging+sfreq+idle+age,matmul-blocked96-s1,train,matmul,matmul-blocked96,0.1,3,170118,56594,0
matmul_train,global,ref+aging+sfreq+idle+dirty,matmul-blocked96-s1,train,matmul,matmul-blocked96,0.1,3,170027,56594,0
matmul_train,global,ref+aging+sfreq+idle+refaults,matmul-blocked96-s1,train,matmul,matmul-blocked96,0.1,3,986416,74994,1
matmul_train,global,ref+aging+sfreq+idle+rdist,matmul-blocked96-s1,train,matmul,matmul-blocked96,0.1,3,169704,55772,0
matmul_train,global,ref+aging+sfreq+age+dirty,matmul-blocked96-s1,train,matmul,matmul-blocked96,0.1,3,170075,56594,0
matmul_train,global,ref+aging+sfreq+age+refaults,matmul-blocked96-s1,train,matmul,matmul-blocked96,0.1,3,986416,86108,1
matmul_train,global,ref+aging+sfreq+age+rdist,matmul-blocked96-s1,train,matmul,matmul-blocked96,0.1,3,169587,55850,0
matmul_train,global,ref+aging+sfreq+dirty+refaults,matmul-blocked96-s1,train,matmul,matmul-blocked96,0.1,3,986416,75086,1
matmul_train,global,ref+aging+sfreq+dirty+rdist,matmul-blocked96-s1,train,matmul,matmul-blocked96,0.1,3,168686,55787,0
matmul_train,global,ref+aging+sfreq+refaults+rdist,matmul-blocked96-s1,train,matmul,matmul-blocked96,0.1,3,986416,80053,1
matmul_train,global,ref+aging+idle+age+dirty,matmul-blocked96-s1,train,matmul,matmul-blocked96,0.1,3,170027,56594,0
matmul_train,global,ref+aging+idle+age+refaults,matmul-blocked96-s1,train,matmul,matmul-blocked96,0.1,3,155977,52710,0
matmul_train,global,ref+aging+idle+age+rdist,matmul-blocked96-s1,train,matmul,matmul-blocked96,0.1,3,169439,55814,0
matmul_train,global,ref+aging+idle+dirty+refaults,matmul-blocked96-s1,train,matmul,matmul-blocked96,0.1,3,171797,55652,0
matmul_train,global,ref+aging+idle+dirty+rdist,matmul-blocked96-s1,train,matmul,matmul-blocked96,0.1,3,155736,49307,0
matmul_train,global,ref+aging+idle+refaults+rdist,matmul-blocked96-s1,train,matmul,matmul-blocked96,0.1,3,171503,56024,0
matmul_train,global,ref+aging+age+dirty+refaults,matmul-blocked96-s1,train,matmul,matmul-blocked96,0.1,3,158879,52846,0
matmul_train,global,ref+aging+age+dirty+rdist,matmul-blocked96-s1,train,matmul,matmul-blocked96,0.1,3,168470,55787,0
matmul_train,global,ref+aging+age+refaults+rdist,matmul-blocked96-s1,train,matmul,matmul-blocked96,0.1,3,205265,65810,0
matmul_train,global,ref+aging+dirty+refaults+rdist,matmul-blocked96-s1,train,matmul,matmul-blocked96,0.1,3,171459,56152,0
matmul_train,global,ref+sfreq+idle+age+dirty,matmul-blocked96-s1,train,matmul,matmul-blocked96,0.1,3,170123,56594,0
matmul_train,global,ref+sfreq+idle+age+refaults,matmul-blocked96-s1,train,matmul,matmul-blocked96,0.1,3,173458,52150,0
matmul_train,global,ref+sfreq+idle+age+rdist,matmul-blocked96-s1,train,matmul,matmul-blocked96,0.1,3,170856,56179,0
matmul_train,global,ref+sfreq+idle+dirty+refaults,matmul-blocked96-s1,train,matmul,matmul-blocked96,0.1,3,705081,92898,0
matmul_train,global,ref+sfreq+idle+dirty+rdist,matmul-blocked96-s1,train,matmul,matmul-blocked96,0.1,3,169842,56570,0
matmul_train,global,ref+sfreq+idle+refaults+rdist,matmul-blocked96-s1,train,matmul,matmul-blocked96,0.1,3,986416,86580,1
matmul_train,global,ref+sfreq+age+dirty+refaults,matmul-blocked96-s1,train,matmul,matmul-blocked96,0.1,3,986416,78170,1
matmul_train,global,ref+sfreq+age+dirty+rdist,matmul-blocked96-s1,train,matmul,matmul-blocked96,0.1,3,170982,56762,0
matmul_train,global,ref+sfreq+age+refaults+rdist,matmul-blocked96-s1,train,matmul,matmul-blocked96,0.1,3,986416,70491,1
matmul_train,global,ref+sfreq+dirty+refaults+rdist,matmul-blocked96-s1,train,matmul,matmul-blocked96,0.1,3,986416,76779,1
matmul_train,global,ref+idle+age+dirty+refaults,matmul-blocked96-s1,train,matmul,matmul-blocked96,0.1,3,166227,53647,0
matmul_train,global,ref+idle+age+dirty+rdist,matmul-blocked96-s1,train,matmul,matmul-blocked96,0.1,3,169866,56570,0
matmul_train,global,ref+idle+age+refaults+rdist,matmul-blocked96-s1,train,matmul,matmul-blocked96,0.1,3,173736,53621,0
matmul_train,global,ref+idle+dirty+refaults+rdist,matmul-blocked96-s1,train,matmul,matmul-blocked96,0.1,3,171428,56421,0
matmul_train,global,ref+age+dirty+refaults+rdist,matmul-blocked96-s1,train,matmul,matmul-blocked96,0.1,3,564678,92349,0
matmul_train,global,aging+sfreq+idle+age+dirty,matmul-blocked96-s1,train,matmul,matmul-blocked96,0.1,3,170123,56594,0
matmul_train,global,aging+sfreq+idle+age+refaults,matmul-blocked96-s1,train,matmul,matmul-blocked96,0.1,3,164273,52623,0
matmul_train,global,aging+sfreq+idle+age+rdist,matmul-blocked96-s1,train,matmul,matmul-blocked96,0.1,3,169357,55625,0
matmul_train,global,aging+sfreq+idle+dirty+refaults,matmul-blocked96-s1,train,matmul,matmul-blocked96,0.1,3,986416,76147,1
matmul_train,global,aging+sfreq+idle+dirty+rdist,matmul-blocked96-s1,train,matmul,matmul-blocked96,0.1,3,169037,55898,0
matmul_train,global,aging+sfreq+idle+refaults+rdist,matmul-blocked96-s1,train,matmul,matmul-blocked96,0.1,3,986416,74490,1
matmul_train,global,aging+sfreq+age+dirty+refaults,matmul-blocked96-s1,train,matmul,matmul-blocked96,0.1,3,986416,74615,1
matmul_train,global,aging+sfreq+age+dirty+rdist,matmul-blocked96-s1,train,matmul,matmul-blocked96,0.1,3,168685,55898,0
matmul_train,global,aging+sfreq+age+refaults+rdist,matmul-blocked96-s1,train,matmul,matmul-blocked96,0.1,3,651691,82252,0
matmul_train,global,aging+sfreq+dirty+refaults+rdist,matmul-blocked96-s1,train,matmul,matmul-blocked96,0.1,3,986416,79525,1
matmul_train,global,aging+idle+age+dirty+refaults,matmul-blocked96-s1,train,matmul,matmul-blocked96,0.1,3,163400,52836,0
matmul_train,global,aging+idle+age+dirty+rdist,matmul-blocked96-s1,train,matmul,matmul-blocked96,0.1,3,168713,55898,0
matmul_train,global,aging+idle+age+refaults+rdist,matmul-blocked96-s1,train,matmul,matmul-blocked96,0.1,3,174486,52023,0
matmul_train,global,aging+idle+dirty+refaults+rdist,matmul-blocked96-s1,train,matmul,matmul-blocked96,0.1,3,171115,55936,0
matmul_train,global,aging+age+dirty+refaults+rdist,matmul-blocked96-s1,train,matmul,matmul-blocked96,0.1,3,186260,59053,0
matmul_train,global,sfreq+idle+age+dirty+refaults,matmul-blocked96-s1,train,matmul,matmul-blocked96,0.1,3,148978,55782,0
matmul_train,global,sfreq+idle+age+dirty+rdist,matmul-blocked96-s1,train,matmul,matmul-blocked96,0.1,3,117037,56811,0
matmul_train,global,sfreq+idle+age+refaults+rdist,matmul-blocked96-s1,train,matmul,matmul-blocked96,0.1,3,141613,42629,0
matmul_train,global,sfreq+idle+dirty+refaults+rdist,matmul-blocked96-s1,train,matmul,matmul-blocked96,0.1,3,838419,100747,0
matmul_train,global,sfreq+age+dirty+refaults+rdist,matmul-blocked96-s1,train,matmul,matmul-blocked96,0.1,3,986416,67661,1
matmul_train,global,idle+age+dirty+refaults+rdist,matmul-blocked96-s1,train,matmul,matmul-blocked96,0.1,3,150196,58951,0
matmul_train,global,ref+aging+sfreq+idle+age+dirty,matmul-blocked96-s1,train,matmul,matmul-blocked96,0.1,3,170070,56594,0
matmul_train,global,ref+aging+sfreq+idle+age+refaults,matmul-blocked96-s1,train,matmul,matmul-blocked96,0.1,3,153897,52240,0
matmul_train,global,ref+aging+sfreq+idle+age+rdist,matmul-blocked96-s1,train,matmul,matmul-blocked96,0.1,3,169629,55841,0
matmul_train,global,ref+aging+sfreq+idle+dirty+refaults,matmul-blocked96-s1,train,matmul,matmul-blocked96,0.1,3,986416,74987,1
matmul_train,global,ref+aging+sfreq+idle+dirty+rdist,matmul-blocked96-s1,train,matmul,matmul-blocked96,0.1,3,168614,55787,0
matmul_train,global,ref+aging+sfreq+idle+refaults+rdist,matmul-blocked96-s1,train,matmul,matmul-blocked96,0.1,3,986416,74517,1
matmul_train,global,ref+aging+sfreq+age+dirty+refaults,matmul-blocked96-s1,train,matmul,matmul-blocked96,0.1,3,986416,85577,1
matmul_train,global,ref+aging+sfreq+age+dirty+rdist,matmul-blocked96-s1,train,matmul,matmul-blocked96,0.1,3,168335,55808,0
matmul_train,global,ref+aging+sfreq+age+refaults+rdist,matmul-blocked96-s1,train,matmul,matmul-blocked96,0.1,3,203702,65377,0
matmul_train,global,ref+aging+sfreq+dirty+refaults+rdist,matmul-blocked96-s1,train,matmul,matmul-blocked96,0.1,3,986416,79102,1
matmul_train,global,ref+aging+idle+age+dirty+refaults,matmul-blocked96-s1,train,matmul,matmul-blocked96,0.1,3,150709,52827,0
matmul_train,global,ref+aging+idle+age+dirty+rdist,matmul-blocked96-s1,train,matmul,matmul-blocked96,0.1,3,168470,55787,0
matmul_train,global,ref+aging+idle+age+refaults+rdist,matmul-blocked96-s1,train,matmul,matmul-blocked96,0.1,3,159755,52553,0
matmul_train,global,ref+aging+idle+dirty+refaults+rdist,matmul-blocked96-s1,train,matmul,matmul-blocked96,0.1,3,171300,55986,0
matmul_train,global,ref+aging+age+dirty+refaults+rdist,matmul-blocked96-s1,train,matmul,matmul-blocked96,0.1,3,986416,86872,1
matmul_train,global,ref+sfreq+idle+age+dirty+refaults,matmul-blocked96-s1,train,matmul,matmul-blocked96,0.1,3,168420,54278,0
matmul_train,global,ref+sfreq+idle+age+dirty+rdist,matmul-blocked96-s1,train,matmul,matmul-blocked96,0.1,3,168810,56546,0
matmul_train,global,ref+sfreq+idle+age+refaults+rdist,matmul-blocked96-s1,train,matmul,matmul-blocked96,0.1,3,172093,53346,0
matmul_train,global,ref+sfreq+idle+dirty+refaults+rdist,matmul-blocked96-s1,train,matmul,matmul-blocked96,0.1,3,986416,85683,1
matmul_train,global,ref+sfreq+age+dirty+refaults+rdist,matmul-blocked96-s1,train,matmul,matmul-blocked96,0.1,3,986416,78297,1
matmul_train,global,ref+idle+age+dirty+refaults+rdist,matmul-blocked96-s1,train,matmul,matmul-blocked96,0.1,3,174536,53715,0
matmul_train,global,aging+sfreq+idle+age+dirty+refaults,matmul-blocked96-s1,train,matmul,matmul-blocked96,0.1,3,163214,52686,0
matmul_train,global,aging+sfreq+idle+age+dirty+rdist,matmul-blocked96-s1,train,matmul,matmul-blocked96,0.1,3,169725,56376,0
matmul_train,global,aging+sfreq+idle+age+refaults+rdist,matmul-blocked96-s1,train,matmul,matmul-blocked96,0.1,3,164478,52208,0
matmul_train,global,aging+sfreq+idle+dirty+refaults+rdist,matmul-blocked96-s1,train,matmul,matmul-blocked96,0.1,3,986416,75458,1
matmul_train,global,aging+sfreq+age+dirty+refaults+rdist,matmul-blocked96-s1,train,matmul,matmul-blocked96,0.1,3,678211,82530,0
matmul_train,global,aging+idle+age+dirty+refaults+rdist,matmul-blocked96-s1,train,matmul,matmul-blocked96,0.1,3,167478,53836,0
matmul_train,global,sfreq+idle+age+dirty+refaults+rdist,matmul-blocked96-s1,train,matmul,matmul-blocked96,0.1,3,142895,55625,0
matmul_train,global,ref+aging+sfreq+idle+age+dirty+refaults,matmul-blocked96-s1,train,matmul,matmul-blocked96,0.1,3,149197,52533,0
matmul_train,global,ref+aging+sfreq+idle+age+dirty+rdist,matmul-blocked96-s1,train,matmul,matmul-blocked96,0.1,3,168442,55808,0
matmul_train,global,ref+aging+sfreq+idle+age+refaults+rdist,matmul-blocked96-s1,train,matmul,matmul-blocked96,0.1,3,156405,51987,0
matmul_train,global,ref+aging+sfreq+idle+dirty+refaults+rdist,matmul-blocked96-s1,train,matmul,matmul-blocked96,0.1,3,986416,74443,1
matmul_train,global,ref+aging+sfreq+age+dirty+refaults+rdist,matmul-blocked96-s1,train,matmul,matmul-blocked96,0.1,3,986416,86873,1
matmul_train,global,ref+aging+idle+age+dirty+refaults+rdist,matmul-blocked96-s1,train,matmul,matmul-blocked96,0.1,3,150046,52794,0
matmul_train,global,ref+sfreq+idle+age+dirty+refaults+rdist,matmul-blocked96-s1,train,matmul,matmul-blocked96,0.1,3,166024,53980,0
matmul_train,global,aging+sfreq+idle+age+dirty+refaults+rdist,matmul-blocked96-s1,train,matmul,matmul-blocked96,0.1,3,160344,52361,0
matmul_train,global,ref+aging+sfreq+idle+age+dirty+refaults+rdist,matmul-blocked96-s1,train,matmul,matmul-blocked96,0.1,3,145421,52150,0
matmul_train,global,rec+ref+aging+sfreq+idle+age+dirty,matmul-blocked96-s1,train,matmul,matmul-blocked96,0.1,3,116932,56415,0
matmul_train,global,rec+ref+aging+sfreq+idle+age+dirty+refaults+rdist,matmul-blocked96-s1,train,matmul,matmul-blocked96,0.1,3,130336,52580,0
matmul_train,global,freq+ref+aging+sfreq+idle+age+dirty,matmul-blocked96-s1,train,matmul,matmul-blocked96,0.1,3,137846,56675,0
matmul_train,global,freq+ref+aging+sfreq+idle+age+dirty+refaults+rdist,matmul-blocked96-s1,train,matmul,matmul-blocked96,0.1,3,167539,52478,0
matmul_train,global,sd+ref+aging+sfreq+idle+age+dirty,matmul-blocked96-s1,train,matmul,matmul-blocked96,0.1,3,142112,56276,0
matmul_train,global,sd+ref+aging+sfreq+idle+age+dirty+refaults+rdist,matmul-blocked96-s1,train,matmul,matmul-blocked96,0.1,3,986416,77912,1
matmul_train,global,wr+ref+aging+sfreq+idle+age+dirty,matmul-blocked96-s1,train,matmul,matmul-blocked96,0.1,3,170070,56594,0
matmul_train,global,wr+ref+aging+sfreq+idle+age+dirty+refaults+rdist,matmul-blocked96-s1,train,matmul,matmul-blocked96,0.1,3,144365,52121,0
matmul_train,global,rec+freq+ref+aging+sfreq+idle+age+dirty,matmul-blocked96-s1,train,matmul,matmul-blocked96,0.1,3,123887,54938,0
matmul_train,global,rec+freq+ref+aging+sfreq+idle+age+dirty+refaults+rdist,matmul-blocked96-s1,train,matmul,matmul-blocked96,0.1,3,127045,55481,0
matmul_train,global,rec+sd+ref+aging+sfreq+idle+age+dirty,matmul-blocked96-s1,train,matmul,matmul-blocked96,0.1,3,117229,56413,0
matmul_train,global,rec+sd+ref+aging+sfreq+idle+age+dirty+refaults+rdist,matmul-blocked96-s1,train,matmul,matmul-blocked96,0.1,3,730172,78462,0
matmul_train,global,rec+wr+ref+aging+sfreq+idle+age+dirty,matmul-blocked96-s1,train,matmul,matmul-blocked96,0.1,3,116932,56415,0
matmul_train,global,rec+wr+ref+aging+sfreq+idle+age+dirty+refaults+rdist,matmul-blocked96-s1,train,matmul,matmul-blocked96,0.1,3,129861,52659,0
matmul_train,global,freq+sd+ref+aging+sfreq+idle+age+dirty,matmul-blocked96-s1,train,matmul,matmul-blocked96,0.1,3,143996,56538,0
matmul_train,global,freq+sd+ref+aging+sfreq+idle+age+dirty+refaults+rdist,matmul-blocked96-s1,train,matmul,matmul-blocked96,0.1,3,986416,66047,1
matmul_train,global,freq+wr+ref+aging+sfreq+idle+age+dirty,matmul-blocked96-s1,train,matmul,matmul-blocked96,0.1,3,138738,56670,0
matmul_train,global,freq+wr+ref+aging+sfreq+idle+age+dirty+refaults+rdist,matmul-blocked96-s1,train,matmul,matmul-blocked96,0.1,3,166316,52580,0
matmul_train,global,sd+wr+ref+aging+sfreq+idle+age+dirty,matmul-blocked96-s1,train,matmul,matmul-blocked96,0.1,3,169563,56489,0
matmul_train,global,sd+wr+ref+aging+sfreq+idle+age+dirty+refaults+rdist,matmul-blocked96-s1,train,matmul,matmul-blocked96,0.1,3,986416,77911,1
matmul_train,global,rec+freq+sd+ref+aging+sfreq+idle+age+dirty,matmul-blocked96-s1,train,matmul,matmul-blocked96,0.1,3,128696,54761,0
matmul_train,global,rec+freq+sd+ref+aging+sfreq+idle+age+dirty+refaults+rdist,matmul-blocked96-s1,train,matmul,matmul-blocked96,0.1,3,174893,57659,0
matmul_train,global,rec+freq+wr+ref+aging+sfreq+idle+age+dirty,matmul-blocked96-s1,train,matmul,matmul-blocked96,0.1,3,123840,54847,0
matmul_train,global,rec+freq+wr+ref+aging+sfreq+idle+age+dirty+refaults+rdist,matmul-blocked96-s1,train,matmul,matmul-blocked96,0.1,3,127024,55492,0
matmul_train,global,rec+sd+wr+ref+aging+sfreq+idle+age+dirty,matmul-blocked96-s1,train,matmul,matmul-blocked96,0.1,3,117259,56415,0
matmul_train,global,rec+sd+wr+ref+aging+sfreq+idle+age+dirty+refaults+rdist,matmul-blocked96-s1,train,matmul,matmul-blocked96,0.1,3,736656,78004,0
matmul_train,global,freq+sd+wr+ref+aging+sfreq+idle+age+dirty,matmul-blocked96-s1,train,matmul,matmul-blocked96,0.1,3,146207,56432,0
matmul_train,global,freq+sd+wr+ref+aging+sfreq+idle+age+dirty+refaults+rdist,matmul-blocked96-s1,train,matmul,matmul-blocked96,0.1,3,986416,66108,1
matmul_train,global,rec+freq+sd+wr+ref+aging+sfreq+idle+age+dirty,matmul-blocked96-s1,train,matmul,matmul-blocked96,0.1,3,130328,54615,0
matmul_train,global,rec+freq+sd+wr+ref+aging+sfreq+idle+age+dirty+refaults+rdist,matmul-blocked96-s1,train,matmul,matmul-blocked96,0.1,3,174562,57631,0
matmul_train,matmul,rec,matmul-blocked96-s1,train,matmul,matmul-blocked96,0.2,5,2829,227,0
matmul_train,matmul,freq,matmul-blocked96-s1,train,matmul,matmul-blocked96,0.2,5,21226,940,1
matmul_train,matmul,sd,matmul-blocked96-s1,train,matmul,matmul-blocked96,0.2,5,2829,227,0
matmul_train,matmul,wr,matmul-blocked96-s1,train,matmul,matmul-blocked96,0.2,5,5514,2874,0
matmul_train,matmul,rec+freq,matmul-blocked96-s1,train,matmul,matmul-blocked96,0.2,5,3727,875,0
matmul_train,matmul,rec+sd,matmul-blocked96-s1,train,matmul,matmul-blocked96,0.2,5,2829,227,0
matmul_train,matmul,rec+wr,matmul-blocked96-s1,train,matmul,matmul-blocked96,0.2,5,3599,1115,0
matmul_train,matmul,freq+sd,matmul-blocked96-s1,train,matmul,matmul-blocked96,0.2,5,3037,323,0
matmul_train,matmul,freq+wr,matmul-blocked96-s1,train,matmul,matmul-blocked96,0.2,5,21226,7532,1
matmul_train,matmul,sd+wr,matmul-blocked96-s1,train,matmul,matmul-blocked96,0.2,5,3286,819,0
matmul_train,matmul,rec+freq+sd,matmul-blocked96-s1,train,matmul,matmul-blocked96,0.2,5,3010,310,0
matmul_train,matmul,rec+freq+wr,matmul-blocked96-s1,train,matmul,matmul-blocked96,0.2,5,3693,1122,0
matmul_train,matmul,rec+sd+wr,matmul-blocked96-s1,train,matmul,matmul-blocked96,0.2,5,3533,1061,0
matmul_train,matmul,freq+sd+wr,matmul-blocked96-s1,train,matmul,matmul-blocked96,0.2,5,3241,768,0
matmul_train,matmul,rec+freq+sd+wr,matmul-blocked96-s1,train,matmul,matmul-blocked96,0.2,5,3301,828,0
matmul_train,matmul,ref,matmul-blocked96-s1,train,matmul,matmul-blocked96,0.2,5,3705,1055,0
matmul_train,matmul,aging,matmul-blocked96-s1,train,matmul,matmul-blocked96,0.2,5,3432,995,0
matmul_train,matmul,sfreq,matmul-blocked96-s1,train,matmul,matmul-blocked96,0.2,5,21226,1119,1
matmul_train,matmul,idle,matmul-blocked96-s1,train,matmul,matmul-blocked96,0.2,5,3768,1079,0
matmul_train,matmul,age,matmul-blocked96-s1,train,matmul,matmul-blocked96,0.2,5,21226,1262,1
matmul_train,matmul,dirty,matmul-blocked96-s1,train,matmul,matmul-blocked96,0.2,5,4537,2661,0
matmul_train,matmul,refaults,matmul-blocked96-s1,train,matmul,matmul-blocked96,0.2,5,21226,2303,1
matmul_train,matmul,rdist,matmul-blocked96-s1,train,matmul,matmul-blocked96,0.2,5,21226,2303,1
matmul_train,matmul,ref+aging,matmul-blocked96-s1,train,matmul,matmul-blocked96,0.2,5,3432,995,0
matmul_train,matmul,ref+sfreq,matmul-blocked96-s1,train,matmul,matmul-blocked96,0.2,5,21226,7766,1
matmul_train,matmul,ref+idle,matmul-blocked96-s1,train,matmul,matmul-blocked96,0.2,5,3768,1079,0
matmul_train,matmul,ref+age,matmul-blocked96-s1,train,matmul,matmul-blocked96,0.2,5,21226,7765,1
matmul_train,matmul,ref+dirty,matmul-blocked96-s1,train,matmul,matmul-blocked96,0.2,5,4210,2496,0
matmul_train,matmul,ref+refaults,matmul-blocked96-s1,train,matmul,matmul-blocked96,0.2,5,21226,6884,1
matmul_train,matmul,ref+rdist,matmul-blocked96-s1,train,matmul,matmul-blocked96,0.2,5,21226,6632,1
matmul_train,matmul,aging+sfreq,matmul-blocked96-s1,train,matmul,matmul-blocked96,0.2,5,14385,4625,0
matmul_train,matmul,aging+idle,matmul-blocked96-s1,train,matmul,matmul-blocked96,0.2,5,3432,995,0
matmul_train,matmul,aging+age,matmul-blocked96-s1,train,matmul,matmul-blocked96,0.2,5,21226,7318,1
matmul_train,matmul,aging+dirty,matmul-blocked96-s1,train,matmul,matmul-blocked96,0.2,5,3984,1754,0
matmul_train,matmul,aging+refaults,matmul-blocked96-s1,train,matmul,matmul-blocked96,0.2,5,3517,1011,0
matmul_train,matmul,aging+rdist,matmul-blocked96-s1,train,matmul,matmul-blocked96,0.2,5,4287,1356,0
matmul_train,matmul,sfreq+idle,matmul-blocked96-s1,train,matmul,matmul-blocked96,0.2,5,3756,797,0
matmul_train,matmul,sfreq+age,matmul-blocked96-s1,train,matmul,matmul-blocked96,0.2,5,21226,8463,1
matmul_train,matmul,sfreq+dirty,matmul-blocked96-s1,train,matmul,matmul-blocked96,0.2,5,21226,7409,1
matmul_train,matmul,sfreq+refaults,matmul-blocked96-s1,train,matmul,matmul-blocked96,0.2,5,21226,1079,1
matmul_train,matmul,sfreq+rdist,matmul-blocked96-s1,train,matmul,matmul-blocked96,0.2,5,21226,6772,1
matmul_train,matmul,idle+age,matmul-blocked96-s1,train,matmul,matmul-blocked96,0.2,5,3501,344,0
matmul_train,matmul,idle+dirty,matmul-blocked96-s1,train,matmul,matmul-blocked96,0.2,5,3855,1751,0
matmul_train,matmul,idle+refaults,matmul-blocked96-s1,train,matmul,matmul-blocked96,0.2,5,3838,1098,0
matmul_train,matmul,idle+rdist,matmul-blocked96-s1,train,matmul,matmul-blocked96,0.2,5,3805,966,0
matmul_train,matmul,age+dirty,matmul-blocked96-s1,train,matmul,matmul-blocked96,0.2,5,21226,6772,1
matmul_train,matmul,age+refaults,matmul-blocked96-s1,train,matmul,matmul-blocked96,0.2,5,21226,1262,1
matmul_train,matmul,age+rdist,matmul-blocked96-s1,train,matmul,matmul-blocked96,0.2,5,21226,1262,1
matmul_train,matmul,dirty+refaults,matmul-blocked96-s1,train,matmul,matmul-blocked96,0.2,5,21226,2304,1
matmul_train,matmul,dirty+rdist,matmul-blocked96-s1,train,matmul,matmul-blocked96,0.2,5,21226,2303,1
matmul_train,matmul,refaults+rdist,matmul-blocked96-s1,train,matmul,matmul-blocked96,0.2,5,21226,2303,1
matmul_train,matmul,ref+aging+sfreq,matmul-blocked96-s1,train,matmul,matmul-blocked96,0.2,5,4125,1178,0
matmul_train,matmul,ref+aging+idle,matmul-blocked96-s1,train,matmul,matmul-blocked96,0.2,5,4404,1265,0
matmul_train,matmul,ref+aging+age,matmul-blocked96-s1,train,matmul,matmul-blocked96,0.2,5,4167,1187,0
matmul_train,matmul,ref+aging+dirty,matmul-blocked96-s1,train,matmul,matmul-blocked96,0.2,5,3864,1604,0
matmul_train,matmul,ref+aging+refaults,matmul-blocked96-s1,train,matmul,matmul-blocked96,0.2,5,3380,965,0
matmul_train,matmul,ref+aging+rdist,matmul-blocked96-s1,train,matmul,matmul-blocked96,0.2,5,3984,1049,0
matmul_train,matmul,ref+sfreq+idle,matmul-blocked96-s1,train,matmul,matmul-blocked96,0.2,5,3582,461,0
matmul_train,matmul,ref+sfreq+age,matmul-blocked96-s1,train,matmul,matmul-blocked96,0.2,5,21226,8509,1
matmul_train,matmul,ref+sfreq+dirty,matmul-blocked96-s1,train,matmul,matmul-blocked96,0.2,5,21226,8651,1
matmul_train,matmul,ref+sfreq+refaults,matmul-blocked96-s1,train,matmul,matmul-blocked96,0.2,5,21226,7810,1
matmul_train,matmul,ref+sfreq+rdist,matmul-blocked96-s1,train,matmul,matmul-blocked96,0.2,5,21226,9645,1
matmul_train,matmul,ref+idle+age,matmul-blocked96-s1,train,matmul,matmul-blocked96,0.2,5,3501,341,0
matmul_train,matmul,ref+idle+dirty,matmul-blocked96-s1,train,matmul,matmul-blocked96,0.2,5,3924,1964,0
matmul_train,matmul,ref+idle+refaults,matmul-blocked96-s1,train,matmul,matmul-blocked96,0.2,5,3838,1098,0
matmul_train,matmul,ref+idle+rdist,matmul-blocked96-s1,train,matmul,matmul-blocked96,0.2,5,3792,953,0
matmul_train,matmul,ref+age+dirty,matmul-blocked96-s1,train,matmul,matmul-blocked96,0.2,5,21226,9064,1
matmul_train,matmul,ref+age+refaults,matmul-blocked96-s1,train,matmul,matmul-blocked96,0.2,5,21226,4830,1
matmul_train,matmul,ref+age+rdist,matmul-blocked96-s1,train,matmul,matmul-blocked96,0.2,5,21226,9091,1
matmul_train,matmul,ref+dirty+refaults,matmul-blocked96-s1,train,matmul,matmul-blocked96,0.2,5,4012,2524,0
matmul_train,matmul,ref+dirty+rdist,matmul-blocked96-s1,train,matmul,matmul-blocked96,0.2,5,21226,6632,1
matmul_train,matmul,ref+refaults+rdist,matmul-blocked96-s1,train,matmul,matmul-blocked96,0.2,5,21226,6632,1
matmul_train,matmul,aging+sfreq+idle,matmul-blocked96-s1,train,matmul,matmul-blocked96,0.2,5,21226,7318,1
matmul_train,matmul,aging+sfreq+age,matmul-blocked96-s1,train,matmul,matmul-blocked96,0.2,5,21226,7068,1
matmul_train,matmul,aging+sfreq+dirty,matmul-blocked96-s1,train,matmul,matmul-blocked96,0.2,5,21226,7383,1
matmul_train,matmul,aging+sfreq+refaults,matmul-blocked96-s1,train,matmul,matmul-blocked96,0.2,5,21226,6634,1
matmul_train,matmul,aging+sfreq+rdist,matmul-blocked96-s1,train,matmul,matmul-blocked96,0.2,5,21226,8584,1
matmul_train,matmul,aging+idle+age,matmul-blocked96-s1,train,matmul,matmul-blocked96,0.2,5,21226,7318,1
matmul_train,matmul,aging+idle+dirty,matmul-blocked96-s1,train,matmul,matmul-blocked96,0.2,5,3906,1844,0
matmul_train,matmul,aging+idle+refaults,matmul-blocked96-s1,train,matmul,matmul-blocked96,0.2,5,3426,979,0
matmul_train,matmul,aging+idle+rdist,matmul-blocked96-s1,train,matmul,matmul-blocked96,0.2,5,4287,1356,0
matmul_train,matmul,aging+age+dirty,matmul-blocked96-s1,train,matmul,matmul-blocked96,0.2,5,21226,7512,1
matmul_train,matmul,aging+age+refaults,matmul-blocked96-s1,train,matmul,matmul-blocked96,0.2,5,21226,6655,1
matmul_train,matmul,aging+age+rdist,matmul-blocked96-s1,train,matmul,matmul-blocked96,0.2,5,21226,6448,1
matmul_train,matmul,aging+dirty+refaults,matmul-blocked96-s1,train,matmul,matmul-blocked96,0.2,5,3893,1892,0
matmul_train,matmul,aging+dirty+rdist,matmul-blocked96-s1,train,matmul,matmul-blocked96,0.2,5,21226,8584,1
matmul_train,matmul,aging+refaults+rdist,matmul-blocked96-s1,train,matmul,matmul-blocked96,0.2,5,21226,7191,1
matmul_train,matmul,sfreq+idle+age,matmul-blocked96-s1,train,matmul,matmul-blocked96,0.2,5,3465,527,0
matmul_train,matmul,sfreq+idle+dirty,matmul-blocked96-s1,train,matmul,matmul-blocked96,0.2,5,3220,1708,0
matmul_train,matmul,sfreq+idle+refaults,matmul-blocked96-s1,train,matmul,matmul-blocked96,0.2,5,3653,706,0
matmul_train,matmul,sfreq+idle+rdist,matmul-blocked96-s1,train,matmul,matmul-blocked96,0.2,5,4702,1023,0
matmul_train,matmul,sfreq+age+dirty,matmul-blocked96-s1,train,matmul,matmul-blocked96,0.2,5,21226,10448,1
matmul_train,matmul,sfreq+age+refaults,matmul-blocked96-s1,train,matmul,matmul-blocked96,0.2,5,21226,677,1
matmul_train,matmul,sfreq+age+rdist,matmul-blocked96-s1,train,matmul,matmul-blocked96,0.2,5,21226,5942,1
matmul_train,matmul,sfreq+dirty+refaults,matmul-blocked96-s1,train,matmul,matmul-blocked96,0.2,5,21226,7296,1
matmul_train,matmul,sfreq+dirty+rdist,matmul-blocked96-s1,train,matmul,matmul-blocked96,0.2,5,21226,6772,1
matmul_train,matmul,sfreq+refaults+rdist,matmul-blocked96-s1,train,matmul,matmul-blocked96,0.2,5,21226,6772,1
matmul_train,matmul,idle+age+dirty,matmul-blocked96-s1,train,matmul,matmul-blocked96,0.2,5,3234,1601,0
matmul_train,matmul,idle+age+refaults,matmul-blocked96-s1,train,matmul,matmul-blocked96,0.2,5,3509,425,0
matmul_train,matmul,idle+age+rdist,matmul-blocked96-s1,train,matmul,matmul-blocked96,0.2,5,4446,1041,0
matmul_train,matmul,idle+dirty+refaults,matmul-blocked96-s1,train,matmul,matmul-blocked96,0.2,5,3858,1892,0
matmul_train,matmul,idle+dirty+rdist,matmul-blocked96-s1,train,matmul,matmul-blocked96,0.2,5,4375,1991,0
matmul_train,matmul,idle+refaults+rdist,matmul-blocked96-s1,train,matmul,matmul-blocked96,0.2,5,3599,1131,0
matmul_train,matmul,age+dirty+refaults,matmul-blocked96-s1,train,matmul,matmul-blocked96,0.2,5,21226,6772,1
matmul_train,matmul,age+dirty+rdist,matmul-blocked96-s1,train,matmul,matmul-blocked96,0.2,5,21226,6772,1
matmul_train,matmul,age+refaults+rdist,matmul-blocked96-s1,train,matmul,matmul-blocked96,0.2,5,21226,1262,1
matmul_train,matmul,dirty+refaults+rdist,matmul-blocked96-s1,train,matmul,matmul-blocked96,0.2,5,21226,2303,1
matmul_train,matmul,ref+aging+sfreq+idle,matmul-blocked96-s1,train,matmul,matmul-blocked96,0.2,5,5073,1703,0
matmul_train,matmul,ref+aging+sfreq+age,matmul-blocked96-s1,train,matmul,matmul-blocked96,0.2,5,3744,884,0
matmul_train,matmul,ref+aging+sfreq+dirty,matmul-blocked96-s1,train,matmul,matmul-blocked96,0.2,5,4200,1766,0
matmul_train,matmul,ref+aging+sfreq+refaults,matmul-blocked96-s1,train,matmul,matmul-blocked96,0.2,5,4001,1154,0
matmul_train,matmul,ref+aging+sfreq+rdist,matmul-blocked96-s1,train,matmul,matmul-blocked96,0.2,5,21226,6856,1
matmul_train,matmul,ref+aging+idle+age,matmul-blocked96-s1,train,matmul,matmul-blocked96,0.2,5,5837,2041,0
matmul_train,matmul,ref+aging+idle+dirty,matmul-blocked96-s1,train,matmul,matmul-blocked96,0.2,5,3810,1559,0
matmul_train,matmul,ref+aging+idle+refaults,matmul-blocked96-s1,train,matmul,matmul-blocked96,0.2,5,4213,1349,0
matmul_train,matmul,ref+aging+idle+rdist,matmul-blocked96-s1,train,matmul,matmul-blocked96,0.2,5,4170,1130,0
matmul_train,matmul,ref+aging+age+dirty,matmul-blocked96-s1,train,matmul,matmul-blocked96,0.2,5,4203,1766,0
matmul_train,matmul,ref+aging+age+refaults,matmul-blocked96-s1,train,matmul,matmul-blocked96,0.2,5,3998,1143,0
matmul_train,matmul,ref+aging+age+rdist,matmul-blocked96-s1,train,matmul,matmul-blocked96,0.2,5,21226,6855,1
matmul_train,matmul,ref+aging+dirty+refaults,matmul-blocked96-s1,train,matmul,matmul-blocked96,0.2,5,3972,1621,0
matmul_train,matmul,ref+aging+dirty+rdist,matmul-blocked96-s1,train,matmul,matmul-blocked96,0.2,5,4729,2171,0
matmul_train,matmul,ref+aging+refaults+rdist,matmul-blocked96-s1,train,matmul,matmul-blocked96,0.2,5,3136,984,0
matmul_train,matmul,ref+sfreq+idle+age,matmul-blocked96-s1,train,matmul,matmul-blocked96,0.2,5,3447,437,0
matmul_train,matmul,ref+sfreq+idle+dirty,matmul-blocked96-s1,train,matmul,matmul-blocked96,0.2,5,3513,1754,0
matmul_train,matmul,ref+sfreq+idle+refaults,matmul-blocked96-s1,train,matmul,matmul-blocked96,0.2,5,3632,639,0
matmul_train,matmul,ref+sfreq+idle+rdist,matmul-blocked96-s1,train,matmul,matmul-blocked96,0.2,5,4514,853,0
matmul_train,matmul,ref+sfreq+age+dirty,matmul-blocked96-s1,train,matmul,matmul-blocked96,0.2,5,21226,8509,1
matmul_train,matmul,ref+sfreq+age+refaults,matmul-blocked96-s1,train,matmul,matmul-blocked96,0.2,5,21226,8509,1
matmul_train,matmul,ref+sfreq+age+rdist,matmul-blocked96-s1,train,matmul,matmul-blocked96,0.2,5,21226,1262,1
matmul_train,matmul,ref+sfreq+dirty+refaults,matmul-blocked96-s1,train,matmul,matmul-blocked96,0.2,5,21226,8977,1
matmul_train,matmul,ref+sfreq+dirty+rdist,matmul-blocked96-s1,train,matmul,matmul-blocked96,0.2,5,21226,9645,1
matmul_train,matmul,ref+sfreq+refaults+rdist,matmul-blocked96-s1,train,matmul,matmul-blocked96,0.2,5,21226,9645,1
matmul_train,matmul,ref+idle+age+dirty,matmul-blocked96-s1,train,matmul,matmul-blocked96,0.2,5,3483,1751,0
matmul_train,matmul,ref+idle+age+refaults,matmul-blocked96-s1,train,matmul,matmul-blocked96,0.2,5,3657,525,0
matmul_train,matmul,ref+idle+age+rdist,matmul-blocked96-s1,train,matmul,matmul-blocked96,0.2,5,4164,716,0
matmul_train,matmul,ref+idle+dirty+refaults,matmul-blocked96-s1,train,matmul,matmul-blocked96,0.2,5,3892,1964,0
matmul_train,matmul,ref+idle+dirty+rdist,matmul-blocked96-s1,train,matmul,matmul-blocked96,0.2,5,3723,1758,0
matmul_train,matmul,ref+idle+refaults+rdist,matmul-blocked96-s1,train,matmul,matmul-blocked96,0.2,5,3979,1122,0
matmul_train,matmul,ref+age+dirty+refaults,matmul-blocked96-s1,train,matmul,matmul-blocked96,0.2,5,21226,9216,1
matmul_train,matmul,ref+age+dirty+rdist,matmul-blocked96-s1,train,matmul,matmul-blocked96,0.2,5,21226,8086,1
matmul_train,matmul,ref+age+refaults+rdist,matmul-blocked96-s1,train,matmul,matmul-blocked96,0.2,5,21226,9091,1
matmul_train,matmul,ref+dirty+refaults+rdist,matmul-blocked96-s1,train,matmul,matmul-blocked96,0.2,5,21226,6632,1
matmul_train,matmul,aging+sfreq+idle+age,matmul-blocked96-s1,train,matmul,matmul-blocked96,0.2,5,21226,7066,1
matmul_train,matmul,aging+sfreq+idle+dirty,matmul-blocked96-s1,train,matmul,matmul-blocked96,0.2,5,3220,1708,0
matmul_train,matmul,aging+sfreq+idle+refaults,matmul-blocked96-s1,train,matmul,matmul-blocked96,0.2,5,4862,1133,0
matmul_train,matmul,aging+sfreq+idle+rdist,matmul-blocked96-s1,train,matmul,matmul-blocked96,0.2,5,21226,6448,1
matmul_train,matmul,aging+sfreq+age+dirty,matmul-blocked96-s1,train,matmul,matmul-blocked96,0.2,5,21226,7948,1
matmul_train,matmul,aging+sfreq+age+refaults,matmul-blocked96-s1,train,matmul,matmul-blocked96,0.2,5,21226,4852,1
matmul_train,matmul,aging+sfreq+age+rdist,matmul-blocked96-s1,train,matmul,matmul-blocked96,0.2,5,21226,8509,1
matmul_train,matmul,aging+sfreq+dirty+refaults,matmul-blocked96-s1,train,matmul,matmul-blocked96,0.2,5,19014,6843,0
matmul_train,matmul,aging+sfreq+dirty+rdist,matmul-blocked96-s1,train,matmul,matmul-blocked96,0.2,5,21226,8584,1
matmul_train,matmul,aging+sfreq+refaults+rdist,matmul-blocked96-s1,train,matmul,matmul-blocked96,0.2,5,21226,7389,1
matmul_train,matmul,aging+idle+age+dirty,matmul-blocked96-s1,train,matmul,matmul-blocked96,0.2,5,3237,1601,0
matmul_train,matmul,aging+idle+age+refaults,matmul-blocked96-s1,train,matmul,matmul-blocked96,0.2,5,3703,752,0
matmul_train,matmul,aging+idle+age+rdist,matmul-blocked96-s1,train,matmul,matmul-blocked96,0.2,5,21226,7440,1
matmul_train,matmul,aging+idle+dirty+refaults,matmul-blocked96-s1,train,matmul,matmul-blocked96,0.2,5,3859,1892,0
matmul_train,matmul,aging+idle+dirty+rdist,matmul-blocked96-s1,train,matmul,matmul-blocked96,0.2,5,3743,1769,0
matmul_train,matmul,aging+idle+refaults+rdist,matmul-blocked96-s1,train,matmul,matmul-blocked96,0.2,5,21226,6632,1
matmul_train,matmul,aging+age+dirty+refaults,matmul-blocked96-s1,train,matmul,matmul-blocked96,0.2,5,21226,7517,1
matmul_train,matmul,aging+age+dirty+rdist,matmul-blocked96-s1,train,matmul,matmul-blocked96,0.2,5,21226,6448,1
matmul_train,matmul,aging+age+refaults+rdist,matmul-blocked96-s1,train,matmul,matmul-blocked96,0.2,5,21226,8082,1
matmul_train,matmul,aging+dirty+refaults+rdist,matmul-blocked96-s1,train,matmul,matmul-blocked96,0.2,5,21226,8584,1
matmul_train,matmul,sfreq+idle+age+dirty,matmul-blocked96-s1,train,matmul,matmul-blocked96,0.2,5,3510,962,0
matmul_train,matmul,sfreq+idle+age+refaults,matmul-blocked96-s1,train,matmul,matmul-blocked96,0.2,5,3547,400,0
matmul_train,matmul,sfreq+idle+age+rdist,matmul-blocked96-s1,train,matmul,matmul-blocked96,0.2,5,4027,364,0
matmul_train,matmul,sfreq+idle+dirty+refaults,matmul-blocked96-s1,train,matmul,matmul-blocked96,0.2,5,3678,1733,0
matmul_train,matmul,sfreq+idle+dirty+rdist,matmul-blocked96-s1,train,matmul,matmul-blocked96,0.2,5,4593,2118,0
matmul_train,matmul,sfreq+idle+refaults+rdist,matmul-blocked96-s1,train,matmul,matmul-blocked96,0.2,5,4404,1043,0
matmul_train,matmul,sfreq+age+dirty+refaults,matmul-blocked96-s1,train,matmul,matmul-blocked96,0.2,5,21226,7863,1
matmul_train,matmul,sfreq+age+dirty+rdist,matmul-blocked96-s1,train,matmul,matmul-blocked96,0.2,5,21226,9687,1
matmul_train,matmul,sfreq+age+refaults+rdist,matmul-blocked96-s1,train,matmul,matmul-blocked96,0.2,5,21226,6925,1
matmul_train,matmul,sfreq+dirty+refaults+rdist,matmul-blocked96-s1,train,matmul,matmul-blocked96,0.2,5,21226,6772,1
matmul_train,matmul,idle+age+dirty+refaults,matmul-blocked96-s1,train,matmul,matmul-blocked96,0.2,5,3696,1603,0
matmul_train,matmul,idle+age+dirty+rdist,matmul-blocked96-s1,train,matmul,matmul-blocked96,0.2,5,4544,2098,0
matmul_train,matmul,idle+age+refaults+rdist,matmul-blocked96-s1,train,matmul,matmul-blocked96,0.2,5,4715,924,0
matmul_train,matmul,idle+dirty+refaults+rdist,matmul-blocked96-s1,train,matmul,matmul-blocked96,0.2,5,4405,2009,0
matmul_train,matmul,age+dirty+refaults+rdist,matmul-blocked96-s1,train,matmul,matmul-blocked96,0.2,5,21226,6772,1
matmul_train,matmul,ref+aging+sfreq+idle+age,matmul-blocked96-s1,train,matmul,matmul-blocked96,0.2,5,5008,1457,0
matmul_train,matmul,ref+aging+sfreq+idle+dirty,matmul-blocked96-s1,train,matmul,matmul-blocked96,0.2,5,4552,1844,0
matmul_train,matmul,ref+aging+sfreq+idle+refaults,matmul-blocked96-s1,train,matmul,matmul-blocked96,0.2,5,4108,1236,0
matmul_train,matmul,ref+aging+sfreq+idle+rdist,matmul-blocked96-s1,train,matmul,matmul-blocked96,0.2,5,21226,6962,1
matmul_train,matmul,ref+aging+sfreq+age+dirty,matmul-blocked96-s1,train,matmul,matmul-blocked96,0.2,5,3777,1274,0
matmul_train,matmul,ref+aging+sfreq+age+refaults,matmul-blocked96-s1,train,matmul,matmul-blocked96,0.2,5,5220,1480,0
matmul_train,matmul,ref+aging+sfreq+age+rdist,matmul-blocked96-s1,train,matmul,matmul-blocked96,0.2,5,21226,7239,1
matmul_train,matmul,ref+aging+sfreq+dirty+refaults,matmul-blocked96-s1,train,matmul,matmul-blocked96,0.2,5,4212,1759,0
matmul_train,matmul,ref+aging+sfreq+dirty+rdist,matmul-blocked96-s1,train,matmul,matmul-blocked96,0.2,5,21226,10184,1
matmul_train,matmul,ref+aging+sfreq+refaults+rdist,matmul-blocked96-s1,train,matmul,matmul-blocked96,0.2,5,21226,6860,1
matmul_train,matmul,ref+aging+idle+age+dirty,matmul-blocked96-s1,train,matmul,matmul-blocked96,0.2,5,4552,1844,0
matmul_train,matmul,ref+aging+idle+age+refaults,matmul-blocked96-s1,train,matmul,matmul-blocked96,0.2,5,4481,1381,0
matmul_train,matmul,ref+aging+idle+age+rdist,matmul-blocked96-s1,train,matmul,matmul-blocked96,0.2,5,8606,2262,0
matmul_train,matmul,ref+aging+idle+dirty+refaults,matmul-blocked96-s1,train,matmul,matmul-blocked96,0.2,5,3792,1490,0
matmul_train,matmul,ref+aging+idle+dirty+rdist,matmul-blocked96-s1,train,matmul,matmul-blocked96,0.2,5,3737,1763,0
matmul_train,matmul,ref+aging+idle+refaults+rdist,matmul-blocked96-s1,train,matmul,matmul-blocked96,0.2,5,8251,2297,0
matmul_train,matmul,ref+aging+age+dirty+refaults,matmul-blocked96-s1,train,matmul,matmul-blocked96,0.2,5,4233,1755,0
matmul_train,matmul,ref+aging+age+dirty+rdist,matmul-blocked96-s1,train,matmul,matmul-blocked96,0.2,5,21226,10204,1
matmul_train,matmul,ref+aging+age+refaults+rdist,matmul-blocked96-s1,train,matmul,matmul-blocked96,0.2,5,21226,6839,1
matmul_train,matmul,ref+aging+dirty+refaults+rdist,matmul-blocked96-s1,train,matmul,matmul-blocked96,0.2,5,4836,2214,0
matmul_train,matmul,ref+sfreq+idle+age+dirty,matmul-blocked96-s1,train,matmul,matmul-blocked96,0.2,5,3666,968,0
matmul_train,matmul,ref+sfreq+idle+age+refaults,matmul-blocked96-s1,train,matmul,matmul-blocked96,0.2,5,3651,404,0
matmul_train,matmul,ref+sfreq+idle+age+rdist,matmul-blocked96-s1,train,matmul,matmul-blocked96,0.2,5,3655,215,0
matmul_train,matmul,ref+sfreq+idle+dirty+refaults,matmul-blocked96-s1,train,matmul,matmul-blocked96,0.2,5,3661,1721,0
matmul_train,matmul,ref+sfreq+idle+dirty+rdist,matmul-blocked96-s1,train,matmul,matmul-blocked96,0.2,5,3563,1560,0
matmul_train,matmul,ref+sfreq+idle+refaults+rdist,matmul-blocked96-s1,train,matmul,matmul-blocked96,0.2,5,4113,963,0
matmul_train,matmul,ref+sfreq+age+dirty+refaults,matmul-blocked96-s1,train,matmul,matmul-blocked96,0.2,5,21226,8509,1
matmul_train,matmul,ref+sfreq+age+dirty+rdist,matmul-blocked96-s1,train,matmul,matmul-blocked96,0.2,5,21226,8509,1
matmul_train,matmul,ref+sfreq+age+refaults+rdist,matmul-blocked96-s1,train,matmul,matmul-blocked96,0.2,5,21226,1262,1
matmul_train,matmul,ref+sfreq+dirty+refaults+rdist,matmul-blocked96-s1,train,matmul,matmul-blocked96,0.2,5,21226,7741,1
matmul_train,matmul,ref+idle+age+dirty+refaults,matmul-blocked96-s1,train,matmul,matmul-blocked96,0.2,5,3712,1557,0
matmul_train,matmul,ref+idle+age+dirty+rdist,matmul-blocked96-s1,train,matmul,matmul-blocked96,0.2,5,3544,1555,0
matmul_train,matmul,ref+idle+age+refaults+rdist,matmul-blocked96-s1,train,matmul,matmul-blocked96,0.2,5,4149,406,0
matmul_train,matmul,ref+idle+dirty+refaults+rdist,matmul-blocked96-s1,train,matmul,matmul-blocked96,0.2,5,3674,1691,0
matmul_train,matmul,ref+age+dirty+refaults+rdist,matmul-blocked96-s1,train,matmul,matmul-blocked96,0.2,5,21226,8086,1
matmul_train,matmul,aging+sfreq+idle+age+dirty,matmul-blocked96-s1,train,matmul,matmul-blocked96,0.2,5,8278,3026,0
matmul_train,matmul,aging+sfreq+idle+age+refaults,matmul-blocked96-s1,train,matmul,matmul-blocked96,0.2,5,21226,4466,1
matmul_train,matmul,aging+sfreq+idle+age+rdist,matmul-blocked96-s1,train,matmul,matmul-blocked96,0.2,5,21226,8509,1
matmul_train,matmul,aging+sfreq+idle+dirty+refaults,matmul-blocked96-s1,train,matmul,matmul-blocked96,0.2,5,3654,1712,0
matmul_train,matmul,aging+sfreq+idle+dirty+rdist,matmul-blocked96-s1,train,matmul,matmul-blocked96,0.2,5,4183,1793,0
matmul_train,matmul,aging+sfreq+idle+refaults+rdist,matmul-blocked96-s1,train,matmul,matmul-blocked96,0.2,5,17014,5173,0
matmul_train,matmul,aging+sfreq+age+dirty+refaults,matmul-blocked96-s1,train,matmul,matmul-blocked96,0.2,5,21226,7033,1
matmul_train,matmul,aging+sfreq+age+dirty+rdist,matmul-blocked96-s1,train,matmul,matmul-blocked96,0.2,5,21226,8509,1
matmul_train,matmul,aging+sfreq+age+refaults+rdist,matmul-blocked96-s1,train,matmul,matmul-blocked96,0.2,5,21226,8509,1
matmul_train,matmul,aging+sfreq+dirty+refaults+rdist,matmul-blocked96-s1,train,matmul,matmul-blocked96,0.2,5,21226,8584,1
matmul_train,matmul,aging+idle+age+dirty+refaults,matmul-blocked96-s1,train,matmul,matmul-blocked96,0.2,5,3671,1586,0
matmul_train,matmul,aging+idle+age+dirty+rdist,matmul-blocked96-s1,train,matmul,matmul-blocked96,0.2,5,4184,1795,0
matmul_train,matmul,aging+idle+age+refaults+rdist,matmul-blocked96-s1,train,matmul,matmul-blocked96,0.2,5,5344,1404,0
matmul_train,matmul,aging+idle+dirty+refaults+rdist,matmul-blocked96-s1,train,matmul,matmul-blocked96,0.2,5,4292,1911,0
matmul_train,matmul,aging+age+dirty+refaults+rdist,matmul-blocked96-s1,train,matmul,matmul-blocked96,0.2,5,21226,6448,1
matmul_train,matmul,sfreq+idle+age+dirty+refaults,matmul-blocked96-s1,train,matmul,matmul-blocked96,0.2,5,3592,651,0
matmul_train,matmul,sfreq+idle+age+dirty+rdist,matmul-blocked96-s1,train,matmul,matmul-blocked96,0.2,5,4548,1548,0
matmul_train,matmul,sfreq+idle+age+refaults+rdist,matmul-blocked96-s1,train,matmul,matmul-blocked96,0.2,5,4672,287,0
matmul_train,matmul,sfreq+idle+dirty+refaults+rdist,matmul-blocked96-s1,train,matmul,matmul-blocked96,0.2,5,4525,2058,0
matmul_train,matmul,sfreq+age+dirty+refaults+rdist,matmul-blocked96-s1,train,matmul,matmul-blocked96,0.2,5,21226,7896,1
matmul_train,matmul,idle+age+dirty+refaults+rdist,matmul-blocked96-s1,train,matmul,matmul-blocked96,0.2,5,4426,1978,0
matmul_train,matmul,ref+aging+sfreq+idle+age+dirty,matmul-blocked96-s1,train,matmul,matmul-blocked96,0.2,5,5022,1516,0
matmul_train,matmul,ref+aging+sfreq+idle+age+refaults,matmul-blocked96-s1,train,matmul,matmul-blocked96,0.2,5,5350,1502,0
matmul_train,matmul,ref+aging+sfreq+idle+age+rdist,matmul-blocked96-s1,train,matmul,matmul-blocked96,0.2,5,21226,6338,1
matmul_train,matmul,ref+aging+sfreq+idle+dirty+refaults,matmul-blocked96-s1,train,matmul,matmul-blocked96,0.2,5,4442,1804,0
matmul_train,matmul,ref+aging+sfreq+idle+dirty+rdist,matmul-blocked96-s1,train,matmul,matmul-blocked96,0.2,5,21226,9740,1
matmul_train,matmul,ref+aging+sfreq+idle+refaults+rdist,matmul-blocked96-s1,train,matmul,matmul-blocked96,0.2,5,21226,7138,1
matmul_train,matmul,ref+aging+sfreq+age+dirty+refaults,matmul-blocked96-s1,train,matmul,matmul-blocked96,0.2,5,3765,1205,0
matmul_train,matmul,ref+aging+sfreq+age+dirty+rdist,matmul-blocked96-s1,train,matmul,matmul-blocked96,0.2,5,21226,10148,1
matmul_train,matmul,ref+aging+sfreq+age+refaults+rdist,matmul-blocked96-s1,train,matmul,matmul-blocked96,0.2,5,21226,4399,1
matmul_train,matmul,ref+aging+sfreq+dirty+refaults+rdist,matmul-blocked96-s1,train,matmul,matmul-blocked96,0.2,5,21226,9746,1
matmul_train,matmul,ref+aging+idle+age+dirty+refaults,matmul-blocked96-s1,train,matmul,matmul-blocked96,0.2,5,4301,1651,0
matmul_train,matmul,ref+aging+idle+age+dirty+rdist,matmul-blocked96-s1,train,matmul,matmul-blocked96,0.2,5,21226,10195,1
matmul_train,matmul,ref+aging+idle+age+refaults+rdist,matmul-blocked96-s1,train,matmul,matmul-blocked96,0.2,5,21226,6973,1
matmul_train,matmul,ref+aging+idle+dirty+refaults+rdist,matmul-blocked96-s1,train,matmul,matmul-blocked96,0.2,5,4104,1896,0
matmul_train,matmul,ref+aging+age+dirty+refaults+rdist,matmul-blocked96-s1,train,matmul,matmul-blocked96,0.2,5,21226,10202,1
matmul_train,matmul,ref+sfreq+idle+age+dirty+refaults,matmul-blocked96-s1,train,matmul,matmul-blocked96,0.2,5,3794,735,0
matmul_train,matmul,ref+sfreq+idle+age+dirty+rdist,matmul-blocked96-s1,train,matmul,matmul-blocked96,0.2,5,4415,1378,0
matmul_train,matmul,ref+sfreq+idle+age+refaults+rdist,matmul-blocked96-s1,train,matmul,matmul-blocked96,0.2,5,4363,222,0
matmul_train,matmul,ref+sfreq+idle+dirty+refaults+rdist,matmul-blocked96-s1,train,matmul,matmul-blocked96,0.2,5,3577,1557,0
matmul_train,matmul,ref+sfreq+age+dirty+refaults+rdist,matmul-blocked96-s1,train,matmul,matmul-blocked96,0.2,5,21226,8509,1
matmul_train,matmul,ref+idle+age+dirty+refaults+rdist,matmul-blocked96-s1,train,matmul,matmul-blocked96,0.2,5,3647,1551,0
matmul_train,matmul,aging+sfreq+idle+age+dirty+refaults,matmul-blocked96-s1,train,matmul,matmul-blocked96,0.2,5,3579,915,0
matmul_train,matmul,aging+sfreq+idle+age+dirty+rdist,matmul-blocked96-s1,train,matmul,matmul-blocked96,0.2,5,21226,9865,1
matmul_train,matmul,aging+sfreq+idle+age+refaults+rdist,matmul-blocked96-s1,train,matmul,matmul-blocked96,0.2,5,21226,2953,1
matmul_train,matmul,aging+sfreq+idle+dirty+refaults+rdist,matmul-blocked96-s1,train,matmul,matmul-blocked96,0.2,5,4171,1786,0
matmul_train,matmul,aging+sfreq+age+dirty+refaults+rdist,matmul-blocked96-s1,train,matmul,matmul-blocked96,0.2,5,21226,8509,1
matmul_train,matmul,aging+idle+age+dirty+refaults+rdist,matmul-blocked96-s1,train,matmul,matmul-blocked96,0.2,5,4201,1809,0
matmul_train,matmul,sfreq+idle+age+dirty+refaults+rdist,matmul-blocked96-s1,train,matmul,matmul-blocked96,0.2,5,4811,733,0
matmul_train,matmul,ref+aging+sfreq+idle+age+dirty+refaults,matmul-blocked96-s1,train,matmul,matmul-blocked96,0.2,5,5313,1520,0
matmul_train,matmul,ref+aging+sfreq+idle+age+dirty+rdist,matmul-blocked96-s1,train,matmul,matmul-blocked96,0.2,5,21226,9286,1
matmul_train,matmul,ref+aging+sfreq+idle+age+refaults+rdist,matmul-blocked96-s1,train,matmul,matmul-blocked96,0.2,5,21226,4869,1
matmul_train,matmul,ref+aging+sfreq+idle+dirty+refaults+rdist,matmul-blocked96-s1,train,matmul,matmul-blocked96,0.2,5,4196,1828,0
matmul_train,matmul,ref+aging+sfreq+age+dirty+refaults+rdist,matmul-blocked96-s1,train,matmul,matmul-blocked96,0.2,5,21226,9561,1
matmul_train,matmul,ref+aging+idle+age+dirty+refaults+rdist,matmul-blocked96-s1,train,matmul,matmul-blocked96,0.2,5,4171,1810,0
matmul_train,matmul,ref+sfreq+idle+age+dirty+refaults+rdist,matmul-blocked96-s1,train,matmul,matmul-blocked96,0.2,5,4434,1005,0
matmul_train,matmul,aging+sfreq+idle+age+dirty+refaults+rdist,matmul-blocked96-s1,train,matmul,matmul-blocked96,0.2,5,5304,1205,0
matmul_train,matmul,ref+aging+sfreq+idle+age+dirty+refaults+rdist,matmul-blocked96-s1,train,matmul,matmul-blocked96,0.2,5,21226,9532,1
matmul_train,matmul,rec+ref+aging+sfreq+idle+age+dirty,matmul-blocked96-s1,train,matmul,matmul-blocked96,0.2,5,3345,1049,0
matmul_train,matmul,rec+ref+aging+sfreq+idle+age+dirty+refaults+rdist,matmul-blocked96-s1,train,matmul,matmul-blocked96,0.2,5,3893,1013,0
matmul_train,matmul,freq+ref+aging+sfreq+idle+age+dirty,matmul-blocked96-s1,train,matmul,matmul-blocked96,0.2,5,5402,1585,0
matmul_train,matmul,freq+ref+aging+sfreq+idle+age+dirty+refaults+rdist,matmul-blocked96-s1,train,matmul,matmul-blocked96,0.2,5,21226,9513,1
matmul_train,matmul,sd+ref+aging+sfreq+idle+age+dirty,matmul-blocked96-s1,train,matmul,matmul-blocked96,0.2,5,4754,1282,0
matmul_train,matmul,sd+ref+aging+sfreq+idle+age+dirty+refaults+rdist,matmul-blocked96-s1,train,matmul,matmul-blocked96,0.2,5,21226,9369,1
matmul_train,matmul,wr+ref+aging+sfreq+idle+age+dirty,matmul-blocked96-s1,train,matmul,matmul-blocked96,0.2,5,6142,1421,0
matmul_train,matmul,wr+ref+aging+sfreq+idle+age+dirty+refaults+rdist,matmul-blocked96-s1,train,matmul,matmul-blocked96,0.2,5,21226,9002,1
matmul_train,matmul,rec+freq+ref+aging+sfreq+idle+age+dirty,matmul-blocked96-s1,train,matmul,matmul-blocked96,0.2,5,3412,1044,0
matmul_train,matmul,rec+freq+ref+aging+sfreq+idle+age+dirty+refaults+rdist,matmul-blocked96-s1,train,matmul,matmul-blocked96,0.2,5,21226,9980,1
matmul_train,matmul,rec+sd+ref+aging+sfreq+idle+age+dirty,matmul-blocked96-s1,train,matmul,matmul-blocked96,0.2,5,3817,841,0
matmul_train,matmul,rec+sd+ref+aging+sfreq+idle+age+dirty+refaults+rdist,matmul-blocked96-s1,train,matmul,matmul-blocked96,0.2,5,21226,9741,1
matmul_train,matmul,rec+wr+ref+aging+sfreq+idle+age+dirty,matmul-blocked96-s1,train,matmul,matmul-blocked96,0.2,5,21226,1233,1
matmul_train,matmul,rec+wr+ref+aging+sfreq+idle+age+dirty+refaults+rdist,matmul-blocked96-s1,train,matmul,matmul-blocked96,0.2,5,21226,10282,1
matmul_train,matmul,freq+sd+ref+aging+sfreq+idle+age+dirty,matmul-blocked96-s1,train,matmul,matmul-blocked96,0.2,5,4576,1068,0
matmul_train,matmul,freq+sd+ref+aging+sfreq+idle+age+dirty+refaults+rdist,matmul-blocked96-s1,train,matmul,matmul-blocked96,0.2,5,21226,8196,1
matmul_train,matmul,freq+wr+ref+aging+sfreq+idle+age+dirty,matmul-blocked96-s1,train,matmul,matmul-blocked96,0.2,5,6173,1420,0
matmul_train,matmul,freq+wr+ref+aging+sfreq+idle+age+dirty+refaults+rdist,matmul-blocked96-s1,train,matmul,matmul-blocked96,0.2,5,21226,9932,1
matmul_train,matmul,sd+wr+ref+aging+sfreq+idle+age+dirty,matmul-blocked96-s1,train,matmul,matmul-blocked96,0.2,5,21226,9975,1
matmul_train,matmul,sd+wr+ref+aging+sfreq+idle+age+dirty+refaults+rdist,matmul-blocked96-s1,train,matmul,matmul-blocked96,0.2,5,21226,10030,1
matmul_train,matmul,rec+freq+sd+ref+aging+sfreq+idle+age+dirty,matmul-blocked96-s1,train,matmul,matmul-blocked96,0.2,5,21226,10049,1
matmul_train,matmul,rec+freq+sd+ref+aging+sfreq+idle+age+dirty+refaults+rdist,matmul-blocked96-s1,train,matmul,matmul-blocked96,0.2,5,21226,9733,1
matmul_train,matmul,rec+freq+wr+ref+aging+sfreq+idle+age+dirty,matmul-blocked96-s1,train,matmul,matmul-blocked96,0.2,5,21226,1229,1
matmul_train,matmul,rec+freq+wr+ref+aging+sfreq+idle+age+dirty+refaults+rdist,matmul-blocked96-s1,train,matmul,matmul-blocked96,0.2,5,21226,10285,1
matmul_train,matmul,rec+sd+wr+ref+aging+sfreq+idle+age+dirty,matmul-blocked96-s1,train,matmul,matmul-blocked96,0.2,5,21226,10001,1
matmul_train,matmul,rec+sd+wr+ref+aging+sfreq+idle+age+dirty+refaults+rdist,matmul-blocked96-s1,train,matmul,matmul-blocked96,0.2,5,21226,9521,1
matmul_train,matmul,freq+sd+wr+ref+aging+sfreq+idle+age+dirty,matmul-blocked96-s1,train,matmul,matmul-blocked96,0.2,5,21226,10007,1
matmul_train,matmul,freq+sd+wr+ref+aging+sfreq+idle+age+dirty+refaults+rdist,matmul-blocked96-s1,train,matmul,matmul-blocked96,0.2,5,21226,8332,1
matmul_train,matmul,rec+freq+sd+wr+ref+aging+sfreq+idle+age+dirty,matmul-blocked96-s1,train,matmul,matmul-blocked96,0.2,5,21226,10004,1
matmul_train,matmul,rec+freq+sd+wr+ref+aging+sfreq+idle+age+dirty+refaults+rdist,matmul-blocked96-s1,train,matmul,matmul-blocked96,0.2,5,21226,9397,1
matmul_train,global,rec,matmul-blocked96-s1,train,matmul,matmul-blocked96,0.2,5,2829,227,0
matmul_train,global,freq,matmul-blocked96-s1,train,matmul,matmul-blocked96,0.2,5,21226,940,1
matmul_train,global,sd,matmul-blocked96-s1,train,matmul,matmul-blocked96,0.2,5,2829,227,0
matmul_train,global,wr,matmul-blocked96-s1,train,matmul,matmul-blocked96,0.2,5,5514,2874,0
matmul_train,global,rec+freq,matmul-blocked96-s1,train,matmul,matmul-blocked96,0.2,5,3554,786,0
matmul_train,global,rec+sd,matmul-blocked96-s1,train,matmul,matmul-blocked96,0.2,5,2877,275,0
matmul_train,global,rec+wr,matmul-blocked96-s1,train,matmul,matmul-blocked96,0.2,5,2877,275,0
matmul_train,global,freq+sd,matmul-blocked96-s1,train,matmul,matmul-blocked96,0.2,5,3921,1008,0
matmul_train,global,freq+wr,matmul-blocked96-s1,train,matmul,matmul-blocked96,0.2,5,21226,1058,1
matmul_train,global,sd+wr,matmul-blocked96-s1,train,matmul,matmul-blocked96,0.2,5,2829,227,0
matmul_train,global,rec+freq+sd,matmul-blocked96-s1,train,matmul,matmul-blocked96,0.2,5,3846,1123,0
matmul_train,global,rec+freq+wr,matmul-blocked96-s1,train,matmul,matmul-blocked96,0.2,5,3435,703,0
matmul_train,global,rec+sd+wr,matmul-blocked96-s1,train,matmul,matmul-blocked96,0.2,5,2877,275,0
matmul_train,global,freq+sd+wr,matmul-blocked96-s1,train,matmul,matmul-blocked96,0.2,5,3920,1004,0
matmul_train,global,rec+freq+sd+wr,matmul-blocked96-s1,train,matmul,matmul-blocked96,0.2,5,3845,1123,0
matmul_train,global,ref,matmul-blocked96-s1,train,matmul,matmul-blocked96,0.2,5,3705,1055,0
matmul_train,global,aging,matmul-blocked96-s1,train,matmul,matmul-blocked96,0.2,5,3432,995,0
matmul_train,global,sfreq,matmul-blocked96-s1,train,matmul,matmul-blocked96,0.2,5,21226,1119,1
matmul_train,global,idle,matmul-blocked96-s1,train,matmul,matmul-blocked96,0.2,5,3768,1079,0
matmul_train,global,age,matmul-blocked96-s1,train,matmul,matmul-blocked96,0.2,5,4245,1277,0
matmul_train,global,dirty,matmul-blocked96-s1,train,matmul,matmul-blocked96,0.2,5,4537,2661,0
matmul_train,global,refaults,matmul-blocked96-s1,train,matmul,matmul-blocked96,0.2,5,11879,3227,0
matmul_train,global,rdist,matmul-blocked96-s1,train,matmul,matmul-blocked96,0.2,5,21226,2303,1
matmul_train,global,ref+aging,matmul-blocked96-s1,train,matmul,matmul-blocked96,0.2,5,3432,995,0
matmul_train,global,ref+sfreq,matmul-blocked96-s1,train,matmul,matmul-blocked96,0.2,5,20003,5984,0
matmul_train,global,ref+idle,matmul-blocked96-s1,train,matmul,matmul-blocked96,0.2,5,3768,1079,0
matmul_train,global,ref+age,matmul-blocked96-s1,train,matmul,matmul-blocked96,0.2,5,3705,1055,0
matmul_train,global,ref+dirty,matmul-blocked96-s1,train,matmul,matmul-blocked96,0.2,5,3861,1751,0
matmul_train,global,ref+refaults,matmul-blocked96-s1,train,matmul,matmul-blocked96,0.2,5,4626,1315,0
matmul_train,global,ref+rdist,matmul-blocked96-s1,train,matmul,matmul-blocked96,0.2,5,4205,1163,0
matmul_train,global,aging+sfreq,matmul-blocked96-s1,train,matmul,matmul-blocked96,0.2,5,3987,1079,0
matmul_train,global,aging+idle,matmul-blocked96-s1,train,matmul,matmul-blocked96,0.2,5,3432,995,0
matmul_train,global,aging+age,matmul-blocked96-s1,train,matmul,matmul-blocked96,0.2,5,3966,1061,0
matmul_train,global,aging+dirty,matmul-blocked96-s1,train,matmul,matmul-blocked96,0.2,5,3174,944,0
matmul_train,global,aging+refaults,matmul-blocked96-s1,train,matmul,matmul-blocked96,0.2,5,4122,1233,0
matmul_train,global,aging+rdist,matmul-blocked96-s1,train,matmul,matmul-blocked96,0.2,5,4065,1082,0
matmul_train,global,sfreq+idle,matmul-blocked96-s1,train,matmul,matmul-blocked96,0.2,5,3621,563,0
matmul_train,global,sfreq+age,matmul-blocked96-s1,train,matmul,matmul-blocked96,0.2,5,21226,7205,1
matmul_train,global,sfreq+dirty,matmul-blocked96-s1,train,matmul,matmul-blocked96,0.2,5,21226,7409,1
matmul_train,global,sfreq+refaults,matmul-blocked96-s1,train,matmul,matmul-blocked96,0.2,5,21226,4769,1
matmul_train,global,sfreq+rdist,matmul-blocked96-s1,train,matmul,matmul-blocked96,0.2,5,21226,1807,1
matmul_train,global,idle+age,matmul-blocked96-s1,train,matmul,matmul-blocked96,0.2,5,3495,344,0
matmul_train,global,idle+dirty,matmul-blocked96-s1,train,matmul,matmul-blocked96,0.2,5,3855,1751,0
matmul_train,global,idle+refaults,matmul-blocked96-s1,train,matmul,matmul-blocked96,0.2,5,4295,1212,0
matmul_train,global,idle+rdist,matmul-blocked96-s1,train,matmul,matmul-blocked96,0.2,5,3792,953,0
matmul_train,global,age+dirty,matmul-blocked96-s1,train,matmul,matmul-blocked96,0.2,5,4091,1544,0
matmul_train,global,age+refaults,matmul-blocked96-s1,train,matmul,matmul-blocked96,0.2,5,21226,1823,1
matmul_train,global,age+rdist,matmul-blocked96-s1,train,matmul,matmul-blocked96,0.2,5,5426,1562,0
matmul_train,global,dirty+refaults,matmul-blocked96-s1,train,matmul,matmul-blocked96,0.2,5,10168,1978,0
matmul_train,global,dirty+rdist,matmul-blocked96-s1,train,matmul,matmul-blocked96,0.2,5,21226,2303,1
matmul_train,global,refaults+rdist,matmul-blocked96-s1,train,matmul,matmul-blocked96,0.2,5,11184,2988,0
matmul_train,global,ref+aging+sfreq,matmul-blocked96-s1,train,matmul,matmul-blocked96,0.2,5,4122,1199,0
matmul_train,global,ref+aging+idle,matmul-blocked96-s1,train,matmul,matmul-blocked96,0.2,5,3432,995,0
matmul_train,global,ref+aging+age,matmul-blocked96-s1,train,matmul,matmul-blocked96,0.2,5,4122,1199,0
matmul_train,global,ref+aging+dirty,matmul-blocked96-s1,train,matmul,matmul-blocked96,0.2,5,3162,938,0
matmul_train,global,ref+aging+refaults,matmul-blocked96-s1,train,matmul,matmul-blocked96,0.2,5,4127,1236,0
matmul_train,global,ref+aging+rdist,matmul-blocked96-s1,train,matmul,matmul-blocked96,0.2,5,4228,1219,0
matmul_train,global,ref+sfreq+idle,matmul-blocked96-s1,train,matmul,matmul-blocked96,0.2,5,3588,443,0
matmul_train,global,ref+sfreq+age,matmul-blocked96-s1,train,matmul,matmul-blocked96,0.2,5,3912,950,0
matmul_train,global,ref+sfreq+dirty,matmul-blocked96-s1,train,matmul,matmul-blocked96,0.2,5,13808,4706,0
matmul_train,global,ref+sfreq+refaults,matmul-blocked96-s1,train,matmul,matmul-blocked96,0.2,5,21226,6829,1
matmul_train,global,ref+sfreq+rdist,matmul-blocked96-s1,train,matmul,matmul-blocked96,0.2,5,15382,4367,0
matmul_train,global,ref+idle+age,matmul-blocked96-s1,train,matmul,matmul-blocked96,0.2,5,3486,314,0
matmul_train,global,ref+idle+dirty,matmul-blocked96-s1,train,matmul,matmul-blocked96,0.2,5,3855,1751,0
matmul_train,global,ref+idle+refaults,matmul-blocked96-s1,train,matmul,matmul-blocked96,0.2,5,4116,1153,0
matmul_train,global,ref+idle+rdist,matmul-blocked96-s1,train,matmul,matmul-blocked96,0.2,5,4158,1152,0
matmul_train,global,ref+age+dirty,matmul-blocked96-s1,train,matmul,matmul-blocked96,0.2,5,3813,1655,0
matmul_train,global,ref+age+refaults,matmul-blocked96-s1,train,matmul,matmul-blocked96,0.2,5,5366,1283,0
matmul_train,global,ref+age+rdist,matmul-blocked96-s1,train,matmul,matmul-blocked96,0.2,5,4205,1163,0
matmul_train,global,ref+dirty+refaults,matmul-blocked96-s1,train,matmul,matmul-blocked96,0.2,5,4121,768,0
matmul_train,global,ref+dirty+rdist,matmul-blocked96-s1,train,matmul,matmul-blocked96,0.2,5,4393,1579,0
matmul_train,global,ref+refaults+rdist,matmul-blocked96-s1,train,matmul,matmul-blocked96,0.2,5,4930,1229,0
matmul_train,global,aging+sfreq+idle,matmul-blocked96-s1,train,matmul,matmul-blocked96,0.2,5,4023,1091,0
matmul_train,global,aging+sfreq+age,matmul-blocked96-s1,train,matmul,matmul-blocked96,0.2,5,3987,1079,0
matmul_train,global,aging+sfreq+dirty,matmul-blocked96-s1,train,matmul,matmul-blocked96,0.2,5,4128,1388,0
matmul_train,global,aging+sfreq+refaults,matmul-blocked96-s1,train,matmul,matmul-blocked96,0.2,5,21226,6794,1
matmul_train,global,aging+sfreq+rdist,matmul-blocked96-s1,train,matmul,matmul-blocked96,0.2,5,4136,1118,0
matmul_train,global,aging+idle+age,matmul-blocked96-s1,train,matmul,matmul-blocked96,0.2,5,4194,1163,0
matmul_train,global,aging+idle+dirty,matmul-blocked96-s1,train,matmul,matmul-blocked96,0.2,5,3285,1001,0
matmul_train,global,aging+idle+refaults,matmul-blocked96-s1,train,matmul,matmul-blocked96,0.2,5,4128,1232,0
matmul_train,global,aging+idle+rdist,matmul-blocked96-s1,train,matmul,matmul-blocked96,0.2,5,4065,1082,0
matmul_train,global,aging+age+dirty,matmul-blocked96-s1,train,matmul,matmul-blocked96,0.2,5,4293,1460,0
matmul_train,global,aging+age+refaults,matmul-blocked96-s1,train,matmul,matmul-blocked96,0.2,5,3973,994,0
matmul_train,global,aging+age+rdist,matmul-blocked96-s1,train,matmul,matmul-blocked96,0.2,5,4133,1117,0
matmul_train,global,aging+dirty+refaults,matmul-blocked96-s1,train,matmul,matmul-blocked96,0.2,5,3721,951,0
matmul_train,global,aging+dirty+rdist,matmul-blocked96-s1,train,matmul,matmul-blocked96,0.2,5,4187,1232,0
matmul_train,global,aging+refaults+rdist,matmul-blocked96-s1,train,matmul,matmul-blocked96,0.2,5,4289,1181,0
matmul_train,global,sfreq+idle+age,matmul-blocked96-s1,train,matmul,matmul-blocked96,0.2,5,3489,350,0
matmul_train,global,sfreq+idle+dirty,matmul-blocked96-s1,train,matmul,matmul-blocked96,0.2,5,3642,1502,0
matmul_train,global,sfreq+idle+refaults,matmul-blocked96-s1,train,matmul,matmul-blocked96,0.2,5,10602,3422,0
matmul_train,global,sfreq+idle+rdist,matmul-blocked96-s1,train,matmul,matmul-blocked96,0.2,5,4347,647,0
matmul_train,global,sfreq+age+dirty,matmul-blocked96-s1,train,matmul,matmul-blocked96,0.2,5,21226,7565,1
matmul_train,global,sfreq+age+refaults,matmul-blocked96-s1,train,matmul,matmul-blocked96,0.2,5,21226,760,1
matmul_train,global,sfreq+age+rdist,matmul-blocked96-s1,train,matmul,matmul-blocked96,0.2,5,21226,6927,1
matmul_train,global,sfreq+dirty+refaults,matmul-blocked96-s1,train,matmul,matmul-blocked96,0.2,5,21226,251,1
matmul_train,global,sfreq+dirty+rdist,matmul-blocked96-s1,train,matmul,matmul-blocked96,0.2,5,21226,6772,1
matmul_train,global,sfreq+refaults+rdist,matmul-blocked96-s1,train,matmul,matmul-blocked96,0.2,5,21226,5203,1
matmul_train,global,idle+age+dirty,matmul-blocked96-s1,train,matmul,matmul-blocked96,0.2,5,3642,1502,0
matmul_train,global,idle+age+refaults,matmul-blocked96-s1,train,matmul,matmul-blocked96,0.2,5,5456,947,0
matmul_train,global,idle+age+rdist,matmul-blocked96-s1,train,matmul,matmul-blocked96,0.2,5,3948,335,0
matmul_train,global,idle+dirty+refaults,matmul-blocked96-s1,train,matmul,matmul-blocked96,0.2,5,4139,1007,0
matmul_train,global,idle+dirty+rdist,matmul-blocked96-s1,train,matmul,matmul-blocked96,0.2,5,3747,1776,0
matmul_train,global,idle+refaults+rdist,matmul-blocked96-s1,train,matmul,matmul-blocked96,0.2,5,5226,1261,0
matmul_train,global,age+dirty+refaults,matmul-blocked96-s1,train,matmul,matmul-blocked96,0.2,5,21226,5756,1
matmul_train,global,age+dirty+rdist,matmul-blocked96-s1,train,matmul,matmul-blocked96,0.2,5,9039,4549,0
matmul_train,global,age+refaults+rdist,matmul-blocked96-s1,train,matmul,matmul-blocked96,0.2,5,21226,3322,1
matmul_train,global,dirty+refaults+rdist,matmul-blocked96-s1,train,matmul,matmul-blocked96,0.2,5,12291,4236,0
matmul_train,global,ref+aging+sfreq+idle,matmul-blocked96-s1,train,matmul,matmul-blocked96,0.2,5,4122,1199,0
matmul_train,global,ref+aging+sfreq+age,matmul-blocked96-s1,train,matmul,matmul-blocked96,0.2,5,4122,1199,0
matmul_train,global,ref+aging+sfreq+dirty,matmul-blocked96-s1,train,matmul,matmul-blocked96,0.2,5,4344,1424,0
matmul_train,global,ref+aging+sfreq+refaults,matmul-blocked96-s1,train,matmul,matmul-blocked96,0.2,5,21226,6942,1
matmul_train,global,ref+aging+sfreq+rdist,matmul-blocked96-s1,train,matmul,matmul-blocked96,0.2,5,4167,1175,0
matmul_train,global,ref+aging+idle+age,matmul-blocked96-s1,train,matmul,matmul-blocked96,0.2,5,4140,1178,0
matmul_train,global,ref+aging+idle+dirty,matmul-blocked96-s1,train,matmul,matmul-blocked96,0.2,5,3162,938,0
matmul_train,global,ref+aging+idle+refaults,matmul-blocked96-s1,train,matmul,matmul-blocked96,0.2,5,4154,1243,0
matmul_train,global,ref+aging+idle+rdist,matmul-blocked96-s1,train,matmul,matmul-blocked96,0.2,5,4238,1219,0
matmul_train,global,ref+aging+age+dirty,matmul-blocked96-s1,train,matmul,matmul-blocked96,0.2,5,4341,1424,0
matmul_train,global,ref+aging+age+refaults,matmul-blocked96-s1,train,matmul,matmul-blocked96,0.2,5,3986,1029,0
matmul_train,global,ref+aging+age+rdist,matmul-blocked96-s1,train,matmul,matmul-blocked96,0.2,5,4164,1181,0
matmul_train,global,ref+aging+dirty+refaults,matmul-blocked96-s1,train,matmul,matmul-blocked96,0.2,5,3769,976,0
matmul_train,global,ref+aging+dirty+rdist,matmul-blocked96-s1,train,matmul,matmul-blocked96,0.2,5,4392,1375,0
matmul_train,global,ref+aging+refaults+rdist,matmul-blocked96-s1,train,matmul,matmul-blocked96,0.2,5,4269,1173,0
matmul_train,global,ref+sfreq+idle+age,matmul-blocked96-s1,train,matmul,matmul-blocked96,0.2,5,3474,320,0
matmul_train,global,ref+sfreq+idle+dirty,matmul-blocked96-s1,train,matmul,matmul-blocked96,0.2,5,3858,1502,0
matmul_train,global,ref+sfreq+idle+refaults,matmul-blocked96-s1,train,matmul,matmul-blocked96,0.2,5,6789,1824,0
matmul_train,global,ref+sfreq+idle+rdist,matmul-blocked96-s1,train,matmul,matmul-blocked96,0.2,5,4116,873,0
matmul_train,global,ref+sfreq+age+dirty,matmul-blocked96-s1,train,matmul,matmul-blocked96,0.2,5,4791,1862,0
matmul_train,global,ref+sfreq+age+refaults,matmul-blocked96-s1,train,matmul,matmul-blocked96,0.2,5,21226,6751,1
matmul_train,global,ref+sfreq+age+rdist,matmul-blocked96-s1,train,matmul,matmul-blocked96,0.2,5,4414,1134,0
matmul_train,global,ref+sfreq+dirty+refaults,matmul-blocked96-s1,train,matmul,matmul-blocked96,0.2,5,21226,7155,1
matmul_train,global,ref+sfreq+dirty+rdist,matmul-blocked96-s1,train,matmul,matmul-blocked96,0.2,5,7855,2569,0
matmul_train,global,ref+sfreq+refaults+rdist,matmul-blocked96-s1,train,matmul,matmul-blocked96,0.2,5,21226,5769,1
matmul_train,global,ref+idle+age+dirty,matmul-blocked96-s1,train,matmul,matmul-blocked96,0.2,5,3843,1490,0
matmul_train,global,ref+idle+age+refaults,matmul-blocked96-s1,train,matmul,matmul-blocked96,0.2,5,4123,786,0
matmul_train,global,ref+idle+age+rdist,matmul-blocked96-s1,train,matmul,matmul-blocked96,0.2,5,3616,326,0
matmul_train,global,ref+idle+dirty+refaults,matmul-blocked96-s1,train,matmul,matmul-blocked96,0.2,5,3886,797,0
matmul_train,global,ref+idle+dirty+rdist,matmul-blocked96-s1,train,matmul,matmul-blocked96,0.2,5,4273,1549,0
matmul_train,global,ref+idle+refaults+rdist,matmul-blocked96-s1,train,matmul,matmul-blocked96,0.2,5,4686,1162,0
matmul_train,global,ref+age+dirty+refaults,matmul-blocked96-s1,train,matmul,matmul-blocked96,0.2,5,5280,1173,0
matmul_train,global,ref+age+dirty+rdist,matmul-blocked96-s1,train,matmul,matmul-blocked96,0.2,5,4420,1564,0
matmul_train,global,ref+age+refaults+rdist,matmul-blocked96-s1,train,matmul,matmul-blocked96,0.2,5,21226,6290,1
matmul_train,global,ref+dirty+refaults+rdist,matmul-blocked96-s1,train,matmul,matmul-blocked96,0.2,5,4855,1225,0
matmul_train,global,aging+sfreq+idle+age,matmul-blocked96-s1,train,matmul,matmul-blocked96,0.2,5,3870,995,0
matmul_train,global,aging+sfreq+idle+dirty,matmul-blocked96-s1,train,matmul,matmul-blocked96,0.2,5,4164,1448,0
matmul_train,global,aging+sfreq+idle+refaults,matmul-blocked96-s1,train,matmul,matmul-blocked96,0.2,5,13718,4102,0
matmul_train,global,aging+sfreq+idle+rdist,matmul-blocked96-s1,train,matmul,matmul-blocked96,0.2,5,4136,1118,0
matmul_train,global,aging+sfreq+age+dirty,matmul-blocked96-s1,train,matmul,matmul-blocked96,0.2,5,4128,1388,0
matmul_train,global,aging+sfreq+age+refaults,matmul-blocked96-s1,train,matmul,matmul-blocked96,0.2,5,4331,986,0
matmul_train,global,aging+sfreq+age+rdist,matmul-blocked96-s1,train,matmul,matmul-blocked96,0.2,5,4079,1081,0
matmul_train,global,aging+sfreq+dirty+refaults,matmul-blocked96-s1,train,matmul,matmul-blocked96,0.2,5,21226,6835,1
matmul_train,global,aging+sfreq+dirty+rdist,matmul-blocked96-s1,train,matmul,matmul-blocked96,0.2,5,4339,1360,0
matmul_train,global,aging+sfreq+refaults+rdist,matmul-blocked96-s1,train,matmul,matmul-blocked96,0.2,5,9728,2833,0
matmul_train,global,aging+idle+age+dirty,matmul-blocked96-s1,train,matmul,matmul-blocked96,0.2,5,4104,1391,0
matmul_train,global,aging+idle+age+refaults,matmul-blocked96-s1,train,matmul,matmul-blocked96,0.2,5,3799,783,0
matmul_train,global,aging+idle+age+rdist,matmul-blocked96-s1,train,matmul,matmul-blocked96,0.2,5,4135,1118,0
matmul_train,global,aging+idle+dirty+refaults,matmul-blocked96-s1,train,matmul,matmul-blocked96,0.2,5,3648,912,0
matmul_train,global,aging+idle+dirty+rdist,matmul-blocked96-s1,train,matmul,matmul-blocked96,0.2,5,4187,1232,0
matmul_train,global,aging+idle+refaults+rdist,matmul-blocked96-s1,train,matmul,matmul-blocked96,0.2,5,4297,1192,0
matmul_train,global,aging+age+dirty+refaults,matmul-blocked96-s1,train,matmul,matmul-blocked96,0.2,5,3921,897,0
matmul_train,global,aging+age+dirty+rdist,matmul-blocked96-s1,train,matmul,matmul-blocked96,0.2,5,4267,1348,0
matmul_train,global,aging+age+refaults+rdist,matmul-blocked96-s1,train,matmul,matmul-blocked96,0.2,5,4041,818,0
matmul_train,global,aging+dirty+refaults+rdist,matmul-blocked96-s1,train,matmul,matmul-blocked96,0.2,5,4359,1220,0
matmul_train,global,sfreq+idle+age+dirty,matmul-blocked96-s1,train,matmul,matmul-blocked96,0.2,5,3741,1502,0
matmul_train,global,sfreq+idle+age+refaults,matmul-blocked96-s1,train,matmul,matmul-blocked96,0.2,5,5999,1359,0
matmul_train,global,sfreq+idle+age+rdist,matmul-blocked96-s1,train,matmul,matmul-blocked96,0.2,5,3706,293,0
matmul_train,global,sfreq+idle+dirty+refaults,matmul-blocked96-s1,train,matmul,matmul-blocked96,0.2,5,8869,3211,0
matmul_train,global,sfreq+idle+dirty+rdist,matmul-blocked96-s1,train,matmul,matmul-blocked96,0.2,5,3792,1793,0
matmul_train,global,sfreq+idle+refaults+rdist,matmul-blocked96-s1,train,matmul,matmul-blocked96,0.2,5,21226,4621,1
matmul_train,global,sfreq+age+dirty+refaults,matmul-blocked96-s1,train,matmul,matmul-blocked96,0.2,5,21226,1013,1
matmul_train,global,sfreq+age+dirty+rdist,matmul-blocked96-s1,train,matmul,matmul-blocked96,0.2,5,21226,10495,1
matmul_train,global,sfreq+age+refaults+rdist,matmul-blocked96-s1,train,matmul,matmul-blocked96,0.2,5,21226,1673,1
matmul_train,global,sfreq+dirty+refaults+rdist,matmul-blocked96-s1,train,matmul,matmul-blocked96,0.2,5,21226,1383,1
matmul_train,global,idle+age+dirty+refaults,matmul-blocked96-s1,train,matmul,matmul-blocked96,0.2,5,5615,1452,0
matmul_train,global,idle+age+dirty+rdist,matmul-blocked96-s1,train,matmul,matmul-blocked96,0.2,5,3794,1795,0
matmul_train,global,idle+age+refaults+rdist,matmul-blocked96-s1,train,matmul,matmul-blocked96,0.2,5,7204,1284,0
matmul_train,global,idle+dirty+refaults+rdist,matmul-blocked96-s1,train,matmul,matmul-blocked96,0.2,5,5035,1430,0
matmul_train,global,age+dirty+refaults+rdist,matmul-blocked96-s1,train,matmul,matmul-blocked96,0.2,5,21226,3903,1
matmul_train,global,ref+aging+sfreq+idle+age,matmul-blocked96-s1,train,matmul,matmul-blocked96,0.2,5,4110,1241,0
matmul_train,global,ref+aging+sfreq+idle+dirty,matmul-blocked96-s1,train,matmul,matmul-blocked96,0.2,5,4344,1424,0
matmul_train,global,ref+aging+sfreq+idle+refaults,matmul-blocked96-s1,train,matmul,matmul-blocked96,0.2,5,21226,7123,1
matmul_train,global,ref+aging+sfreq+idle+rdist,matmul-blocked96-s1,train,matmul,matmul-blocked96,0.2,5,4167,1184,0
matmul_train,global,ref+aging+sfreq+age+dirty,matmul-blocked96-s1,train,matmul,matmul-blocked96,0.2,5,4341,1424,0
matmul_train,global,ref+aging+sfreq+age+refaults,matmul-blocked96-s1,train,matmul,matmul-blocked96,0.2,5,3974,849,0
matmul_train,global,ref+aging+sfreq+age+rdist,matmul-blocked96-s1,train,matmul,matmul-blocked96,0.2,5,4098,1149,0
matmul_train,global,ref+aging+sfreq+dirty+refaults,matmul-blocked96-s1,train,matmul,matmul-blocked96,0.2,5,21226,6980,1
matmul_train,global,ref+aging+sfreq+dirty+rdist,matmul-blocked96-s1,train,matmul,matmul-blocked96,0.2,5,4160,1305,0
matmul_train,global,ref+aging+sfreq+refaults+rdist,matmul-blocked96-s1,train,matmul,matmul-blocked96,0.2,5,9359,2491,0
matmul_train,global,ref+aging+idle+age+dirty,matmul-blocked96-s1,train,matmul,matmul-blocked96,0.2,5,4341,1424,0
matmul_train,global,ref+aging+idle+age+refaults,matmul-blocked96-s1,train,matmul,matmul-blocked96,0.2,5,3875,783,0
matmul_train,global,ref+aging+idle+age+rdist,matmul-blocked96-s1,train,matmul,matmul-blocked96,0.2,5,4164,1181,0
matmul_train,global,ref+aging+idle+dirty+refaults,matmul-blocked96-s1,train,matmul,matmul-blocked96,0.2,5,3782,978,0
matmul_train,global,ref+aging+idle+dirty+rdist,matmul-blocked96-s1,train,matmul,matmul-blocked96,0.2,5,4394,1376,0
matmul_train,global,ref+aging+idle+refaults+rdist,matmul-blocked96-s1,train,matmul,matmul-blocked96,0.2,5,4292,1188,0
matmul_train,global,ref+aging+age+dirty+refaults,matmul-blocked96-s1,train,matmul,matmul-blocked96,0.2,5,3998,1064,0
matmul_train,global,ref+aging+age+dirty+rdist,matmul-blocked96-s1,train,matmul,matmul-blocked96,0.2,5,4517,1419,0
matmul_train,global,ref+aging+age+refaults+rdist,matmul-blocked96-s1,train,matmul,matmul-blocked96,0.2,5,4162,894,0
matmul_train,global,ref+aging+dirty+refaults+rdist,matmul-blocked96-s1,train,matmul,matmul-blocked96,0.2,5,4340,1212,0
matmul_train,global,ref+sfreq+idle+age+dirty,matmul-blocked96-s1,train,matmul,matmul-blocked96,0.2,5,3843,1454,0
matmul_train,global,ref+sfreq+idle+age+refaults,matmul-blocked96-s1,train,matmul,matmul-blocked96,0.2,5,4282,760,0
matmul_train,global,ref+sfreq+idle+age+rdist,matmul-blocked96-s1,train,matmul,matmul-blocked96,0.2,5,3875,487,0
matmul_train,global,ref+sfreq+idle+dirty+refaults,matmul-blocked96-s1,train,matmul,matmul-blocked96,0.2,5,7893,2675,0
matmul_train,global,ref+sfreq+idle+dirty+rdist,matmul-blocked96-s1,train,matmul,matmul-blocked96,0.2,5,4038,1447,0
matmul_train,global,ref+sfreq+idle+refaults+rdist,matmul-blocked96-s1,train,matmul,matmul-blocked96,0.2,5,21226,6429,1
matmul_train,global,ref+sfreq+age+dirty+refaults,matmul-blocked96-s1,train,matmul,matmul-blocked96,0.2,5,21226,6915,1
matmul_train,global,ref+sfreq+age+dirty+rdist,matmul-blocked96-s1,train,matmul,matmul-blocked96,0.2,5,4875,1697,0
matmul_train,global,ref+sfreq+age+refaults+rdist,matmul-blocked96-s1,train,matmul,matmul-blocked96,0.2,5,21226,6192,1
matmul_train,global,ref+sfreq+dirty+refaults+rdist,matmul-blocked96-s1,train,matmul,matmul-blocked96,0.2,5,21226,5269,1
matmul_train,global,ref+idle+age+dirty+refaults,matmul-blocked96-s1,train,matmul,matmul-blocked96,0.2,5,4130,959,0
matmul_train,global,ref+idle+age+dirty+rdist,matmul-blocked96-s1,train,matmul,matmul-blocked96,0.2,5,4077,1465,0
matmul_train,global,ref+idle+age+refaults+rdist,matmul-blocked96-s1,train,matmul,matmul-blocked96,0.2,5,5168,971,0
matmul_train,global,ref+idle+dirty+refaults+rdist,matmul-blocked96-s1,train,matmul,matmul-blocked96,0.2,5,4662,1205,0
matmul_train,global,ref+age+dirty+refaults+rdist,matmul-blocked96-s1,train,matmul,matmul-blocked96,0.2,5,21226,6263,1
matmul_train,global,aging+sfreq+idle+age+dirty,matmul-blocked96-s1,train,matmul,matmul-blocked96,0.2,5,4035,1334,0
matmul_train,global,aging+sfreq+idle+age+refaults,matmul-blocked96-s1,train,matmul,matmul-blocked96,0.2,5,3775,780,0
matmul_train,global,aging+sfreq+idle+age+rdist,matmul-blocked96-s1,train,matmul,matmul-blocked96,0.2,5,3891,909,0
matmul_train,global,aging+sfreq+idle+dirty+refaults,matmul-blocked96-s1,train,matmul,matmul-blocked96,0.2,5,21226,6831,1
matmul_train,global,aging+sfreq+idle+dirty+rdist,matmul-blocked96-s1,train,matmul,matmul-blocked96,0.2,5,4339,1360,0
matmul_train,global,aging+sfreq+idle+refaults+rdist,matmul-blocked96-s1,train,matmul,matmul-blocked96,0.2,5,21226,6637,1
matmul_train,global,aging+sfreq+age+dirty+refaults,matmul-blocked96-s1,train,matmul,matmul-blocked96,0.2,5,4094,991,0
matmul_train,global,aging+sfreq+age+dirty+rdist,matmul-blocked96-s1,train,matmul,matmul-blocked96,0.2,5,4162,1224,0
matmul_train,global,aging+sfreq+age+refaults+rdist,matmul-blocked96-s1,train,matmul,matmul-blocked96,0.2,5,4264,903,0
matmul_train,global,aging+sfreq+dirty+refaults+rdist,matmul-blocked96-s1,train,matmul,matmul-blocked96,0.2,5,6851,2021,0
matmul_train,global,aging+idle+age+dirty+refaults,matmul-blocked96-s1,train,matmul,matmul-blocked96,0.2,5,3829,834,0
matmul_train,global,aging+idle+age+dirty+rdist,matmul-blocked96-s1,train,matmul,matmul-blocked96,0.2,5,4268,1349,0
matmul_train,global,aging+idle+age+refaults+rdist,matmul-blocked96-s1,train,matmul,matmul-blocked96,0.2,5,4128,820,0
matmul_train,global,aging+idle+dirty+refaults+rdist,matmul-blocked96-s1,train,matmul,matmul-blocked96,0.2,5,4385,1228,0
matmul_train,global,aging+age+dirty+refaults+rdist,matmul-blocked96-s1,train,matmul,matmul-blocked96,0.2,5,4124,955,0
matmul_train,global,sfreq+idle+age+dirty+refaults,matmul-blocked96-s1,train,matmul,matmul-blocked96,0.2,5,6113,1651,0
matmul_train,global,sfreq+idle+age+dirty+rdist,matmul-blocked96-s1,train,matmul,matmul-blocked96,0.2,5,3746,1772,0
matmul_train,global,sfreq+idle+age+refaults+rdist,matmul-blocked96-s1,train,matmul,matmul-blocked96,0.2,5,6930,1344,0
matmul_train,global,sfreq+idle+dirty+refaults+rdist,matmul-blocked96-s1,train,matmul,matmul-blocked96,0.2,5,21226,6123,1
matmul_train,global,sfreq+age+dirty+refaults+rdist,matmul-blocked96-s1,train,matmul,matmul-blocked96,0.2,5,21226,6436,1
matmul_train,global,idle+age+dirty+refaults+rdist,matmul-blocked96-s1,train,matmul,matmul-blocked96,0.2,5,7640,2324,0
matmul_train,global,ref+aging+sfreq+idle+age+dirty,matmul-blocked96-s1,train,matmul,matmul-blocked96,0.2,5,4341,1424,0
matmul_train,global,ref+aging+sfreq+idle+age+refaults,matmul-blocked96-s1,train,matmul,matmul-blocked96,0.2,5,3876,830,0
matmul_train,global,ref+aging+sfreq+idle+age+rdist,matmul-blocked96-s1,train,matmul,matmul-blocked96,0.2,5,4176,1154,0
matmul_train,global,ref+aging+sfreq+idle+dirty+refaults,matmul-blocked96-s1,train,matmul,matmul-blocked96,0.2,5,21226,6967,1
matmul_train,global,ref+aging+sfreq+idle+dirty+rdist,matmul-blocked96-s1,train,matmul,matmul-blocked96,0.2,5,4415,1371,0
matmul_train,global,ref+aging+sfreq+idle+refaults+rdist,matmul-blocked96-s1,train,matmul,matmul-blocked96,0.2,5,21226,5402,1
matmul_train,global,ref+aging+sfreq+age+dirty+refaults,matmul-blocked96-s1,train,matmul,matmul-blocked96,0.2,5,4032,938,0
matmul_train,global,ref+aging+sfreq+age+dirty+rdist,matmul-blocked96-s1,train,matmul,matmul-blocked96,0.2,5,4310,1283,0
matmul_train,global,ref+aging+sfreq+age+refaults+rdist,matmul-blocked96-s1,train,matmul,matmul-blocked96,0.2,5,4099,863,0
matmul_train,global,ref+aging+sfreq+dirty+refaults+rdist,matmul-blocked96-s1,train,matmul,matmul-blocked96,0.2,5,19836,6472,0
matmul_train,global,ref+aging+idle+age+dirty+refaults,matmul-blocked96-s1,train,matmul,matmul-blocked96,0.2,5,3913,860,0
matmul_train,global,ref+aging+idle+age+dirty+rdist,matmul-blocked96-s1,train,matmul,matmul-blocked96,0.2,5,4436,1335,0
matmul_train,global,ref+aging+idle+age+refaults+rdist,matmul-blocked96-s1,train,matmul,matmul-blocked96,0.2,5,4088,818,0
matmul_train,global,ref+aging+idle+dirty+refaults+rdist,matmul-blocked96-s1,train,matmul,matmul-blocked96,0.2,5,4381,1226,0
matmul_train,global,ref+aging+age+dirty+refaults+rdist,matmul-blocked96-s1,train,matmul,matmul-blocked96,0.2,5,4211,1123,0
matmul_train,global,ref+sfreq+idle+age+dirty+refaults,matmul-blocked96-s1,train,matmul,matmul-blocked96,0.2,5,4352,1041,0
matmul_train,global,ref+sfreq+idle+age+dirty+rdist,matmul-blocked96-s1,train,matmul,matmul-blocked96,0.2,5,4355,1519,0
matmul_train,global,ref+sfreq+idle+age+refaults+rdist,matmul-blocked96-s1,train,matmul,matmul-blocked96,0.2,5,4507,740,0
matmul_train,global,ref+sfreq+idle+dirty+refaults+rdist,matmul-blocked96-s1,train,matmul,matmul-blocked96,0.2,5,21226,6470,1
matmul_train,global,ref+sfreq+age+dirty+refaults+rdist,matmul-blocked96-s1,train,matmul,matmul-blocked96,0.2,5,21226,6439,1
matmul_train,global,ref+idle+age+dirty+refaults+rdist,matmul-blocked96-s1,train,matmul,matmul-blocked96,0.2,5,5577,1250,0
matmul_train,global,aging+sfreq+idle+age+dirty+refaults,matmul-blocked96-s1,train,matmul,matmul-blocked96,0.2,5,3798,837,0
matmul_train,global,aging+sfreq+idle+age+dirty+rdist,matmul-blocked96-s1,train,matmul,matmul-blocked96,0.2,5,4140,1184,0
matmul_train,global,aging+sfreq+idle+age+refaults+rdist,matmul-blocked96-s1,train,matmul,matmul-blocked96,0.2,5,3991,776,0
matmul_train,global,aging+sfreq+idle+dirty+refaults+rdist,matmul-blocked96-s1,train,matmul,matmul-blocked96,0.2,5,21226,6870,1
matmul_train,global,aging+sfreq+age+dirty+refaults+rdist,matmul-blocked96-s1,train,matmul,matmul-blocked96,0.2,5,4122,933,0
matmul_train,global,aging+idle+age+dirty+refaults+rdist,matmul-blocked96-s1,train,matmul,matmul-blocked96,0.2,5,4183,935,0
matmul_train,global,sfreq+idle+age+dirty+refaults+rdist,matmul-blocked96-s1,train,matmul,matmul-blocked96,0.2,5,7089,2246,0
matmul_train,global,ref+aging+sfreq+idle+age+dirty+refaults,matmul-blocked96-s1,train,matmul,matmul-blocked96,0.2,5,3887,854,0
matmul_train,global,ref+aging+sfreq+idle+age+dirty+rdist,matmul-blocked96-s1,train,matmul,matmul-blocked96,0.2,5,4155,1325,0
matmul_train,global,ref+aging+sfreq+idle+age+refaults+rdist,matmul-blocked96-s1,train,matmul,matmul-blocked96,0.2,5,4064,840,0
matmul_train,global,ref+aging+sfreq+idle+dirty+refaults+rdist,matmul-blocked96-s1,train,matmul,matmul-blocked96,0.2,5,21226,6874,1
matmul_train,global,ref+aging+sfreq+age+dirty+refaults+rdist,matmul-blocked96-s1,train,matmul,matmul-blocked96,0.2,5,4213,1125,0
matmul_train,global,ref+aging+idle+age+dirty+refaults+rdist,matmul-blocked96-s1,train,matmul,matmul-blocked96,0.2,5,4183,1019,0
matmul_train,global,ref+sfreq+idle+age+dirty+refaults+rdist,matmul-blocked96-s1,train,matmul,matmul-blocked96,0.2,5,4818,1052,0
matmul_train,global,aging+sfreq+idle+age+dirty+refaults+rdist,matmul-blocked96-s1,train,matmul,matmul-blocked96,0.2,5,4123,973,0
matmul_train,global,ref+aging+sfreq+idle+age+dirty+refaults+rdist,matmul-blocked96-s1,train,matmul,matmul-blocked96,0.2,5,4134,1089,0
matmul_train,global,rec+ref+aging+sfreq+idle+age+dirty,matmul-blocked96-s1,train,matmul,matmul-blocked96,0.2,5,2988,401,0
matmul_train,global,rec+ref+aging+sfreq+idle+age+dirty+refaults+rdist,matmul-blocked96-s1,train,matmul,matmul-blocked96,0.2,5,3280,525,0
matmul_train,global,freq+ref+aging+sfreq+idle+age+dirty,matmul-blocked96-s1,train,matmul,matmul-blocked96,0.2,5,3897,1362,0
matmul_train,global,freq+ref+aging+sfreq+idle+age+dirty+refaults+rdist,matmul-blocked96-s1,train,matmul,matmul-blocked96,0.2,5,4170,602,0
matmul_train,global,sd+ref+aging+sfreq+idle+age+dirty,matmul-blocked96-s1,train,matmul,matmul-blocked96,0.2,5,3390,605,0
matmul_train,global,sd+ref+aging+sfreq+idle+age+dirty+refaults+rdist,matmul-blocked96-s1,train,matmul,matmul-blocked96,0.2,5,21226,2367,1
matmul_train,global,wr+ref+aging+sfreq+idle+age+dirty,matmul-blocked96-s1,train,matmul,matmul-blocked96,0.2,5,4341,1424,0
matmul_train,global,wr+ref+aging+sfreq+idle+age+dirty+refaults+rdist,matmul-blocked96-s1,train,matmul,matmul-blocked96,0.2,5,4152,1124,0
matmul_train,global,rec+freq+ref+aging+sfreq+idle+age+dirty,matmul-blocked96-s1,train,matmul,matmul-blocked96,0.2,5,3852,949,0
matmul_train,global,rec+freq+ref+aging+sfreq+idle+age+dirty+refaults+rdist,matmul-blocked96-s1,train,matmul,matmul-blocked96,0.2,5,3372,577,0
matmul_train,global,rec+sd+ref+aging+sfreq+idle+age+dirty,matmul-blocked96-s1,train,matmul,matmul-blocked96,0.2,5,2853,302,0
matmul_train,global,rec+sd+ref+aging+sfreq+idle+age+dirty+refaults+rdist,matmul-blocked96-s1,train,matmul,matmul-blocked96,0.2,5,3230,457,0
matmul_train,global,rec+wr+ref+aging+sfreq+idle+age+dirty,matmul-blocked96-s1,train,matmul,matmul-blocked96,0.2,5,2988,401,0
matmul_train,global,rec+wr+ref+aging+sfreq+idle+age+dirty+refaults+rdist,matmul-blocked96-s1,train,matmul,matmul-blocked96,0.2,5,3319,522,0
matmul_train,global,freq+sd+ref+aging+sfreq+idle+age+dirty,matmul-blocked96-s1,train,matmul,matmul-blocked96,0.2,5,3435,706,0
matmul_train,global,freq+sd+ref+aging+sfreq+idle+age+dirty+refaults+rdist,matmul-blocked96-s1,train,matmul,matmul-blocked96,0.2,5,21226,2170,1
matmul_train,global,freq+wr+ref+aging+sfreq+idle+age+dirty,matmul-blocked96-s1,train,matmul,matmul-blocked96,0.2,5,3884,1354,0
matmul_train,global,freq+wr+ref+aging+sfreq+idle+age+dirty+refaults+rdist,matmul-blocked96-s1,train,matmul,matmul-blocked96,0.2,5,4162,603,0
matmul_train,global,sd+wr+ref+aging+sfreq+idle+age+dirty,matmul-blocked96-s1,train,matmul,matmul-blocked96,0.2,5,3246,446,0
matmul_train,global,sd+wr+ref+aging+sfreq+idle+age+dirty+refaults+rdist,matmul-blocked96-s1,train,matmul,matmul-blocked96,0.2,5,21226,2364,1
matmul_train,global,rec+freq+sd+ref+aging+sfreq+idle+age+dirty,matmul-blocked96-s1,train,matmul,matmul-blocked96,0.2,5,3848,899,0
matmul_train,global,rec+freq+sd+ref+aging+sfreq+idle+age+dirty+refaults+rdist,matmul-blocked96-s1,train,matmul,matmul-blocked96,0.2,5,3288,485,0
matmul_train,global,rec+freq+wr+ref+aging+sfreq+idle+age+dirty,matmul-blocked96-s1,train,matmul,matmul-blocked96,0.2,5,3875,940,0
matmul_train,global,rec+freq+wr+ref+aging+sfreq+idle+age+dirty+refaults+rdist,matmul-blocked96-s1,train,matmul,matmul-blocked96,0.2,5,3409,588,0
matmul_train,global,rec+sd+wr+ref+aging+sfreq+idle+age+dirty,matmul-blocked96-s1,train,matmul,matmul-blocked96,0.2,5,2853,302,0
matmul_train,global,rec+sd+wr+ref+aging+sfreq+idle+age+dirty+refaults+rdist,matmul-blocked96-s1,train,matmul,matmul-blocked96,0.2,5,3244,454,0
matmul_train,global,freq+sd+wr+ref+aging+sfreq+idle+age+dirty,matmul-blocked96-s1,train,matmul,matmul-blocked96,0.2,5,3399,565,0
matmul_train,global,freq+sd+wr+ref+aging+sfreq+idle+age+dirty+refaults+rdist,matmul-blocked96-s1,train,matmul,matmul-blocked96,0.2,5,21226,2145,1
matmul_train,global,rec+freq+sd+wr+ref+aging+sfreq+idle+age+dirty,matmul-blocked96-s1,train,matmul,matmul-blocked96,0.2,5,3876,880,0
matmul_train,global,rec+freq+sd+wr+ref+aging+sfreq+idle+age+dirty+refaults+rdist,matmul-blocked96-s1,train,matmul,matmul-blocked96,0.2,5,3285,486,0
matmul_train,matmul,rec,matmul-naive64-s1,train,matmul,matmul-naive64,0.05,2,24576,4103,0
matmul_train,matmul,freq,matmul-naive64-s1,train,matmul,matmul-naive64,0.05,2,153601,2181,1
matmul_train,matmul,sd,matmul-naive64-s1,train,matmul,matmul-naive64,0.05,2,24576,4103,0
matmul_train,matmul,wr,matmul-naive64-s1,train,matmul,matmul-naive64,0.05,2,28676,4103,0
matmul_train,matmul,rec+freq,matmul-naive64-s1,train,matmul,matmul-naive64,0.05,2,25036,4103,0
matmul_train,matmul,rec+sd,matmul-naive64-s1,train,matmul,matmul-naive64,0.05,2,24576,4103,0
matmul_train,matmul,rec+wr,matmul-naive64-s1,train,matmul,matmul-naive64,0.05,2,24576,4103,0
matmul_train,matmul,freq+sd,matmul-naive64-s1,train,matmul,matmul-naive64,0.05,2,24614,4103,0
matmul_train,matmul,freq+wr,matmul-naive64-s1,train,matmul,matmul-naive64,0.05,2,153601,2181,1
matmul_train,matmul,sd+wr,matmul-naive64-s1,train,matmul,matmul-naive64,0.05,2,24576,4103,0
matmul_train,matmul,rec+freq+sd,matmul-naive64-s1,train,matmul,matmul-naive64,0.05,2,24646,4103,0
matmul_train,matmul,rec+freq+wr,matmul-naive64-s1,train,matmul,matmul-naive64,0.05,2,24577,4103,0
matmul_train,matmul,rec+sd+wr,matmul-naive64-s1,train,matmul,matmul-naive64,0.05,2,24576,4103,0
matmul_train,matmul,freq+sd+wr,matmul-naive64-s1,train,matmul,matmul-naive64,0.05,2,24576,4103,0
matmul_train,matmul,rec+freq+sd+wr,matmul-naive64-s1,train,matmul,matmul-naive64,0.05,2,24576,4103,0
matmul_train,matmul,ref,matmul-naive64-s1,train,matmul,matmul-naive64,0.05,2,30720,4103,0
matmul_train,matmul,aging,matmul-naive64-s1,train,matmul,matmul-naive64,0.05,2,30720,4103,0
matmul_train,matmul,sfreq,matmul-naive64-s1,train,matmul,matmul-naive64,0.05,2,153601,1588,1
matmul_train,matmul,idle,matmul-naive64-s1,train,matmul,matmul-naive64,0.05,2,30720,4103,0
matmul_train,matmul,age,matmul-naive64-s1,train,matmul,matmul-naive64,0.05,2,153601,1588,1
matmul_train,matmul,dirty,matmul-naive64-s1,train,matmul,matmul-naive64,0.05,2,28676,4103,0
matmul_train,matmul,refaults,matmul-naive64-s1,train,matmul,matmul-naive64,0.05,2,153601,7,1
matmul_train,matmul,rdist,matmul-naive64-s1,train,matmul,matmul-naive64,0.05,2,153601,7,1
matmul_train,matmul,ref+aging,matmul-naive64-s1,train,matmul,matmul-naive64,0.05,2,30720,4103,0
matmul_train,matmul,ref+sfreq,matmul-naive64-s1,train,matmul,matmul-naive64,0.05,2,153601,2181,1
matmul_train,matmul,ref+idle,matmul-naive64-s1,train,matmul,matmul-naive64,0.05,2,30720,4103,0
matmul_train,matmul,ref+age,matmul-naive64-s1,train,matmul,matmul-naive64,0.05,2,153601,2181,1
matmul_train,matmul,ref+dirty,matmul-naive64-s1,train,matmul,matmul-naive64,0.05,2,28676,4103,0
matmul_train,matmul,ref+refaults,matmul-naive64-s1,train,matmul,matmul-naive64,0.05,2,27648,4103,0
matmul_train,matmul,ref+rdist,matmul-naive64-s1,train,matmul,matmul-naive64,0.05,2,153601,7,1
matmul_train,matmul,aging+sfreq,matmul-naive64-s1,train,matmul,matmul-naive64,0.05,2,153601,2181,1
matmul_train,matmul,aging+idle,matmul-naive64-s1,train,matmul,matmul-naive64,0.05,2,30720,4103,0
matmul_train,matmul,aging+age,matmul-naive64-s1,train,matmul,matmul-naive64,0.05,2,153601,2181,1
matmul_train,matmul,aging+dirty,matmul-naive64-s1,train,matmul,matmul-naive64,0.05,2,28676,4103,0
matmul_train,matmul,aging+refaults,matmul-naive64-s1,train,matmul,matmul-naive64,0.05,2,27648,4103,0
matmul_train,matmul,aging+rdist,matmul-naive64-s1,train,matmul,matmul-naive64,0.05,2,20506,4103,0
matmul_train,matmul,sfreq+idle,matmul-naive64-s1,train,matmul,matmul-naive64,0.05,2,20500,4103,0
matmul_train,matmul,sfreq+age,matmul-naive64-s1,train,matmul,matmul-naive64,0.05,2,153601,2181,1
matmul_train,matmul,sfreq+dirty,matmul-naive64-s1,train,matmul,matmul-naive64,0.05,2,153601,1588,1
matmul_train,matmul,sfreq+refaults,matmul-naive64-s1,train,matmul,matmul-naive64,0.05,2,153601,2181,1
matmul_train,matmul,sfreq+rdist,matmul-naive64-s1,train,matmul,matmul-naive64,0.05,2,153601,1588,1
matmul_train,matmul,idle+age,matmul-naive64-s1,train,matmul,matmul-naive64,0.05,2,20509,4103,0
matmul_train,matmul,idle+dirty,matmul-naive64-s1,train,matmul,matmul-naive64,0.05,2,28676,4103,0
matmul_train,matmul,idle+refaults,matmul-naive64-s1,train,matmul,matmul-naive64,0.05,2,27648,4103,0
matmul_train,matmul,idle+rdist,matmul-naive64-s1,train,matmul,matmul-naive64,0.05,2,20506,4103,0
matmul_train,matmul,age+dirty,matmul-naive64-s1,train,matmul,matmul-naive64,0.05,2,153601,1588,1
matmul_train,matmul,age+refaults,matmul-naive64-s1,train,matmul,matmul-naive64,0.05,2,153601,1588,1
matmul_train,matmul,age+rdist,matmul-naive64-s1,train,matmul,matmul-naive64,0.05,2,153601,1588,1
matmul_train,matmul,dirty+refaults,matmul-naive64-s1,train,matmul,matmul-naive64,0.05,2,115626,4102,0
matmul_train,matmul,dirty+rdist,matmul-naive64-s1,train,matmul,matmul-naive64,0.05,2,115626,4102,0
matmul_train,matmul,refaults+rdist,matmul-naive64-s1,train,matmul,matmul-naive64,0.05,2,153601,7,1
matmul_train,matmul,ref+aging+sfreq,matmul-naive64-s1,train,matmul,matmul-naive64,0.05,2,20503,4103,0
matmul_train,matmul,ref+aging+idle,matmul-naive64-s1,train,matmul,matmul-naive64,0.05,2,30720,4103,0
matmul_train,matmul,ref+aging+age,matmul-naive64-s1,train,matmul,matmul-naive64,0.05,2,20503,4103,0
matmul_train,matmul,ref+aging+dirty,matmul-naive64-s1,train,matmul,matmul-naive64,0.05,2,28676,4103,0
matmul_train,matmul,ref+aging+refaults,matmul-naive64-s1,train,matmul,matmul-naive64,0.05,2,27649,4103,0
matmul_train,matmul,ref+aging+rdist,matmul-naive64-s1,train,matmul,matmul-naive64,0.05,2,20524,4103,0
matmul_train,matmul,ref+sfreq+idle,matmul-naive64-s1,train,matmul,matmul-naive64,0.05,2,20503,4103,0
matmul_train,matmul,ref+sfreq+age,matmul-naive64-s1,train,matmul,matmul-naive64,0.05,2,153601,2181,1
matmul_train,matmul,ref+sfreq+dirty,matmul-naive64-s1,train,matmul,matmul-naive64,0.05,2,153601,2181,1
matmul_train,matmul,ref+sfreq+refaults,matmul-naive64-s1,train,matmul,matmul-naive64,0.05,2,153601,2181,1
matmul_train,matmul,ref+sfreq+rdist,matmul-naive64-s1,train,matmul,matmul-naive64,0.05,2,153601,181,1
matmul_train,matmul,ref+idle+age,matmul-naive64-s1,train,matmul,matmul-naive64,0.05,2,20503,4103,0
matmul_train,matmul,ref+idle+dirty,matmul-naive64-s1,train,matmul,matmul-naive64,0.05,2,28676,4103,0
matmul_train,matmul,ref+idle+refaults,matmul-naive64-s1,train,matmul,matmul-naive64,0.05,2,27648,4103,0
matmul_train,matmul,ref+idle+rdist,matmul-naive64-s1,train,matmul,matmul-naive64,0.05,2,20524,4103,0
matmul_train,matmul,ref+age+dirty,matmul-naive64-s1,train,matmul,matmul-naive64,0.05,2,153601,2181,1
matmul_train,matmul,ref+age+refaults,matmul-naive64-s1,train,matmul,matmul-naive64,0.05,2,153601,2181,1
matmul_train,matmul,ref+age+rdist,matmul-naive64-s1,train,matmul,matmul-naive64,0.05,2,153601,181,1
matmul_train,matmul,ref+dirty+refaults,matmul-naive64-s1,train,matmul,matmul-naive64,0.05,2,24579,4102,0
matmul_train,matmul,ref+dirty+rdist,matmul-naive64-s1,train,matmul,matmul-naive64,0.05,2,115626,4102,0
matmul_train,matmul,ref+refaults+rdist,matmul-naive64-s1,train,matmul,matmul-naive64,0.05,2,153601,7,1
matmul_train,matmul,aging+sfreq+idle,matmul-naive64-s1,train,matmul,matmul-naive64,0.05,2,153601,2181,1
matmul_train,matmul,aging+sfreq+age,matmul-naive64-s1,train,matmul,matmul-naive64,0.05,2,20488,4102,0
matmul_train,matmul,aging+sfreq+dirty,matmul-naive64-s1,train,matmul,matmul-naive64,0.05,2,153601,2181,1
matmul_train,matmul,aging+sfreq+refaults,matmul-naive64-s1,train,matmul,matmul-naive64,0.05,2,153601,2862,1
matmul_train,matmul,aging+sfreq+rdist,matmul-naive64-s1,train,matmul,matmul-naive64,0.05,2,153601,181,1
matmul_train,matmul,aging+idle+age,matmul-naive64-s1,train,matmul,matmul-naive64,0.05,2,153601,2181,1
matmul_train,matmul,aging+idle+dirty,matmul-naive64-s1,train,matmul,matmul-naive64,0.05,2,28676,4103,0
matmul_train,matmul,aging+idle+refaults,matmul-naive64-s1,train,matmul,matmul-naive64,0.05,2,27648,4103,0
matmul_train,matmul,aging+idle+rdist,matmul-naive64-s1,train,matmul,matmul-naive64,0.05,2,20506,4103,0
matmul_train,matmul,aging+age+dirty,matmul-naive64-s1,train,matmul,matmul-naive64,0.05,2,153601,2181,1
matmul_train,matmul,aging+age+refaults,matmul-naive64-s1,train,matmul,matmul-naive64,0.05,2,153601,2181,1
matmul_train,matmul,aging+age+rdist,matmul-naive64-s1,train,matmul,matmul-naive64,0.05,2,153601,181,1
matmul_train,matmul,aging+dirty+refaults,matmul-naive64-s1,train,matmul,matmul-naive64,0.05,2,24579,4102,0
matmul_train,matmul,aging+dirty+rdist,matmul-naive64-s1,train,matmul,matmul-naive64,0.05,2,115626,4102,0
matmul_train,matmul,aging+refaults+rdist,matmul-naive64-s1,train,matmul,matmul-naive64,0.05,2,20510,4103,0
matmul_train,matmul,sfreq+idle+age,matmul-naive64-s1,train,matmul,matmul-naive64,0.05,2,20488,4102,0
matmul_train,matmul,sfreq+idle+dirty,matmul-naive64-s1,train,matmul,matmul-naive64,0.05,2,20500,4103,0
matmul_train,matmul,sfreq+idle+refaults,matmul-naive64-s1,train,matmul,matmul-naive64,0.05,2,22400,4103,0
matmul_train,matmul,sfreq+idle+rdist,matmul-naive64-s1,train,matmul,matmul-naive64,0.05,2,20528,4102,0
matmul_train,matmul,sfreq+age+dirty,matmul-naive64-s1,train,matmul,matmul-naive64,0.05,2,153601,2181,1
matmul_train,matmul,sfreq+age+refaults,matmul-naive64-s1,train,matmul,matmul-naive64,0.05,2,153601,2181,1
matmul_train,matmul,sfreq+age+rdist,matmul-naive64-s1,train,matmul,matmul-naive64,0.05,2,153601,181,1
matmul_train,matmul,sfreq+dirty+refaults,matmul-naive64-s1,train,matmul,matmul-naive64,0.05,2,153601,2181,1
matmul_train,matmul,sfreq+dirty+rdist,matmul-naive64-s1,train,matmul,matmul-naive64,0.05,2,153601,1588,1
matmul_train,matmul,sfreq+refaults+rdist,matmul-naive64-s1,train,matmul,matmul-naive64,0.05,2,153601,1588,1
matmul_train,matmul,idle+age+dirty,matmul-naive64-s1,train,matmul,matmul-naive64,0.05,2,20509,4103,0
matmul_train,matmul,idle+age+refaults,matmul-naive64-s1,train,matmul,matmul-naive64,0.05,2,21625,4103,0
matmul_train,matmul,idle+age+rdist,matmul-naive64-s1,train,matmul,matmul-naive64,0.05,2,20518,4102,0
matmul_train,matmul,idle+dirty+refaults,matmul-naive64-s1,train,matmul,matmul-naive64,0.05,2,24579,4102,0
matmul_train,matmul,idle+dirty+rdist,matmul-naive64-s1,train,matmul,matmul-naive64,0.05,2,20497,4102,0
matmul_train,matmul,idle+refaults+rdist,matmul-naive64-s1,train,matmul,matmul-naive64,0.05,2,20509,4103,0
matmul_train,matmul,age+dirty+refaults,matmul-naive64-s1,train,matmul,matmul-naive64,0.05,2,153601,1588,1
matmul_train,matmul,age+dirty+rdist,matmul-naive64-s1,train,matmul,matmul-naive64,0.05,2,153601,1588,1
matmul_train,matmul,age+refaults+rdist,matmul-naive64-s1,train,matmul,matmul-naive64,0.05,2,153601,1588,1
matmul_train,matmul,dirty+refaults+rdist,matmul-naive64-s1,train,matmul,matmul-naive64,0.05,2,115626,4102,0
matmul_train,matmul,ref+aging+sfreq+idle,matmul-naive64-s1,train,matmul,matmul-naive64,0.05,2,20503,4103,0
matmul_train,matmul,ref+aging+sfreq+age,matmul-naive64-s1,train,matmul,matmul-naive64,0.05,2,20488,4102,0
matmul_train,matmul,ref+aging+sfreq+dirty,matmul-naive64-s1,train,matmul,matmul-naive64,0.05,2,20503,4103,0
matmul_train,matmul,ref+aging+sfreq+refaults,matmul-naive64-s1,train,matmul,matmul-naive64,0.05,2,22107,4103,0
matmul_train,matmul,ref+aging+sfreq+rdist,matmul-naive64-s1,train,matmul,matmul-naive64,0.05,2,20616,4102,0
matmul_train,matmul,ref+aging+idle+age,matmul-naive64-s1,train,matmul,matmul-naive64,0.05,2,20503,4103,0
matmul_train,matmul,ref+aging+idle+dirty,matmul-naive64-s1,train,matmul,matmul-naive64,0.05,2,28676,4103,0
matmul_train,matmul,ref+aging+idle+refaults,matmul-naive64-s1,train,matmul,matmul-naive64,0.05,2,27650,4103,0
matmul_train,matmul,ref+aging+idle+rdist,matmul-naive64-s1,train,matmul,matmul-naive64,0.05,2,20524,4103,0
matmul_train,matmul,ref+aging+age+dirty,matmul-naive64-s1,train,matmul,matmul-naive64,0.05,2,20503,4103,0
matmul_train,matmul,ref+aging+age+refaults,matmul-naive64-s1,train,matmul,matmul-naive64,0.05,2,21435,4103,0
matmul_train,matmul,ref+aging+age+rdist,matmul-naive64-s1,train,matmul,matmul-naive64,0.05,2,20616,4102,0
matmul_train,matmul,ref+aging+dirty+refaults,matmul-naive64-s1,train,matmul,matmul-naive64,0.05,2,24579,4102,0
matmul_train,matmul,ref+aging+dirty+rdist,matmul-naive64-s1,train,matmul,matmul-naive64,0.05,2,20497,4102,0
matmul_train,matmul,ref+aging+refaults+rdist,matmul-naive64-s1,train,matmul,matmul-naive64,0.05,2,20503,4103,0
matmul_train,matmul,ref+sfreq+idle+age,matmul-naive64-s1,train,matmul,matmul-naive64,0.05,2,20488,4102,0
matmul_train,matmul,ref+sfreq+idle+dirty,matmul-naive64-s1,train,matmul,matmul-naive64,0.05,2,20503,4103,0
matmul_train,matmul,ref+sfreq+idle+refaults,matmul-naive64-s1,train,matmul,matmul-naive64,0.05,2,22322,4103,0
matmul_train,matmul,ref+sfreq+idle+rdist,matmul-naive64-s1,train,matmul,matmul-naive64,0.05,2,20506,4102,0
matmul_train,matmul,ref+sfreq+age+dirty,matmul-naive64-s1,train,matmul,matmul-naive64,0.05,2,153601,2181,1
matmul_train,matmul,ref+sfreq+age+refaults,matmul-naive64-s1,train,matmul,matmul-naive64,0.05,2,153601,2180,1
matmul_train,matmul,ref+sfreq+age+rdist,matmul-naive64-s1,train,matmul,matmul-naive64,0.05,2,153601,181,1
matmul_train,matmul,ref+sfreq+dirty+refaults,matmul-naive64-s1,train,matmul,matmul-naive64,0.05,2,153601,2181,1
matmul_train,matmul,ref+sfreq+dirty+rdist,matmul-naive64-s1,train,matmul,matmul-naive64,0.05,2,153601,1573,1
matmul_train,matmul,ref+sfreq+refaults+rdist,matmul-naive64-s1,train,matmul,matmul-naive64,0.05,2,153601,181,1
matmul_train,matmul,ref+idle+age+dirty,matmul-naive64-s1,train,matmul,matmul-naive64,0.05,2,20503,4103,0
matmul_train,matmul,ref+idle+age+refaults,matmul-naive64-s1,train,matmul,matmul-naive64,0.05,2,21579,4103,0
matmul_train,matmul,ref+idle+age+rdist,matmul-naive64-s1,train,matmul,matmul-naive64,0.05,2,20501,4102,0
matmul_train,matmul,ref+idle+dirty+refaults,matmul-naive64-s1,train,matmul,matmul-naive64,0.05,2,24579,4102,0
matmul_train,matmul,ref+idle+dirty+rdist,matmul-naive64-s1,train,matmul,matmul-naive64,0.05,2,20497,4102,0
matmul_train,matmul,ref+idle+refaults+rdist,matmul-naive64-s1,train,matmul,matmul-naive64,0.05,2,20509,4103,0
matmul_train,matmul,ref+age+dirty+refaults,matmul-naive64-s1,train,matmul,matmul-naive64,0.05,2,153601,2181,1
matmul_train,matmul,ref+age+dirty+rdist,matmul-naive64-s1,train,matmul,matmul-naive64,0.05,2,153601,1573,1
matmul_train,matmul,ref+age+refaults+rdist,matmul-naive64-s1,train,matmul,matmul-naive64,0.05,2,153601,181,1
matmul_train,matmul,ref+dirty+refaults+rdist,matmul-naive64-s1,train,matmul,matmul-naive64,0.05,2,115626,4102,0
matmul_train,matmul,aging+sfreq+idle+age,matmul-naive64-s1,train,matmul,matmul-naive64,0.05,2,20488,4102,0
matmul_train,matmul,aging+sfreq+idle+dirty,matmul-naive64-s1,train,matmul,matmul-naive64,0.05,2,20500,4103,0
matmul_train,matmul,aging+sfreq+idle+refaults,matmul-naive64-s1,train,matmul,matmul-naive64,0.05,2,93068,4103,0
matmul_train,matmul,aging+sfreq+idle+rdist,matmul-naive64-s1,train,matmul,matmul-naive64,0.05,2,153601,181,1
matmul_train,matmul,aging+sfreq+age+dirty,matmul-naive64-s1,train,matmul,matmul-naive64,0.05,2,20488,4102,0
matmul_train,matmul,aging+sfreq+age+refaults,matmul-naive64-s1,train,matmul,matmul-naive64,0.05,2,20508,4103,0
matmul_train,matmul,aging+sfreq+age+rdist,matmul-naive64-s1,train,matmul,matmul-naive64,0.05,2,153601,181,1
matmul_train,matmul,aging+sfreq+dirty+refaults,matmul-naive64-s1,train,matmul,matmul-naive64,0.05,2,153601,2181,1
matmul_train,matmul,aging+sfreq+dirty+rdist,matmul-naive64-s1,train,matmul,matmul-naive64,0.05,2,153601,1573,1
matmul_train,matmul,aging+sfreq+refaults+rdist,matmul-naive64-s1,train,matmul,matmul-naive64,0.05,2,153601,3166,1
matmul_train,matmul,aging+idle+age+dirty,matmul-naive64-s1,train,matmul,matmul-naive64,0.05,2,20509,4103,0
matmul_train,matmul,aging+idle+age+refaults,matmul-naive64-s1,train,matmul,matmul-naive64,0.05,2,21609,4103,0
matmul_train,matmul,aging+idle+age+rdist,matmul-naive64-s1,train,matmul,matmul-naive64,0.05,2,153601,181,1
matmul_train,matmul,aging+idle+dirty+refaults,matmul-naive64-s1,train,matmul,matmul-naive64,0.05,2,24579,4102,0
matmul_train,matmul,aging+idle+dirty+rdist,matmul-naive64-s1,train,matmul,matmul-naive64,0.05,2,20497,4102,0
matmul_train,matmul,aging+idle+refaults+rdist,matmul-naive64-s1,train,matmul,matmul-naive64,0.05,2,153601,7,1
matmul_train,matmul,aging+age+dirty+refaults,matmul-naive64-s1,train,matmul,matmul-naive64,0.05,2,153601,2181,1
matmul_train,matmul,aging+age+dirty+rdist,matmul-naive64-s1,train,matmul,matmul-naive64,0.05,2,153601,1573,1
matmul_train,matmul,aging+age+refaults+rdist,matmul-naive64-s1,train,matmul,matmul-naive64,0.05,2,153601,3166,1
matmul_train,matmul,aging+dirty+refaults+rdist,matmul-naive64-s1,train,matmul,matmul-naive64,0.05,2,115626,4102,0
matmul_train,matmul,sfreq+idle+age+dirty,matmul-naive64-s1,train,matmul,matmul-naive64,0.05,2,20488,4102,0
matmul_train,matmul,sfreq+idle+age+refaults,matmul-naive64-s1,train,matmul,matmul-naive64,0.05,2,20508,4103,0
matmul_train,matmul,sfreq+idle+age+rdist,matmul-naive64-s1,train,matmul,matmul-naive64,0.05,2,20503,4102,0
matmul_train,matmul,sfreq+idle+dirty+refaults,matmul-naive64-s1,train,matmul,matmul-naive64,0.05,2,22095,4103,0
matmul_train,matmul,sfreq+idle+dirty+rdist,matmul-naive64-s1,train,matmul,matmul-naive64,0.05,2,20568,4102,0
matmul_train,matmul,sfreq+idle+refaults+rdist,matmul-naive64-s1,train,matmul,matmul-naive64,0.05,2,20553,4103,0
matmul_train,matmul,sfreq+age+dirty+refaults,matmul-naive64-s1,train,matmul,matmul-naive64,0.05,2,153601,2181,1
matmul_train,matmul,sfreq+age+dirty+rdist,matmul-naive64-s1,train,matmul,matmul-naive64,0.05,2,153601,1572,1
matmul_train,matmul,sfreq+age+refaults+rdist,matmul-naive64-s1,train,matmul,matmul-naive64,0.05,2,153601,2181,1
matmul_train,matmul,sfreq+dirty+refaults+rdist,matmul-naive64-s1,train,matmul,matmul-naive64,0.05,2,153601,1588,1
matmul_train,matmul,idle+age+dirty+refaults,matmul-naive64-s1,train,matmul,matmul-naive64,0.05,2,21453,4103,0
matmul_train,matmul,idle+age+dirty+rdist,matmul-naive64-s1,train,matmul,matmul-naive64,0.05,2,20530,4102,0
matmul_train,matmul,idle+age+refaults+rdist,matmul-naive64-s1,train,matmul,matmul-naive64,0.05,2,20547,4103,0
matmul_train,matmul,idle+dirty+refaults+rdist,matmul-naive64-s1,train,matmul,matmul-naive64,0.05,2,20499,4102,0
matmul_train,matmul,age+dirty+refaults+rdist,matmul-naive64-s1,train,matmul,matmul-naive64,0.05,2,153601,1588,1
matmul_train,matmul,ref+aging+sfreq+idle+age,matmul-naive64-s1,train,matmul,matmul-naive64,0.05,2,20488,4102,0
matmul_train,matmul,ref+aging+sfreq+idle+dirty,matmul-naive64-s1,train,matmul,matmul-naive64,0.05,2,20503,4103,0
matmul_train,matmul,ref+aging+sfreq+idle+refaults,matmul-naive64-s1,train,matmul,matmul-naive64,0.05,2,153601,3165,1
matmul_train,matmul,ref+aging+sfreq+idle+rdist,matmul-naive64-s1,train,matmul,matmul-naive64,0.05,2,153601,3166,1
matmul_train,matmul,ref+aging+sfreq+age+dirty,matmul-naive64-s1,train,matmul,matmul-naive64,0.05,2,20486,4102,0
matmul_train,matmul,ref+aging+sfreq+age+refaults,matmul-naive64-s1,train,matmul,matmul-naive64,0.05,2,20503,4103,0
matmul_train,matmul,ref+aging+sfreq+age+rdist,matmul-naive64-s1,train,matmul,matmul-naive64,0.05,2,20490,4102,0
matmul_train,matmul,ref+aging+sfreq+dirty+refaults,matmul-naive64-s1,train,matmul,matmul-naive64,0.05,2,21651,4103,0
matmul_train,matmul,ref+aging+sfreq+dirty+rdist,matmul-naive64-s1,train,matmul,matmul-naive64,0.05,2,147465,4102,0
matmul_train,matmul,ref+aging+sfreq+refaults+rdist,matmul-naive64-s1,train,matmul,matmul-naive64,0.05,2,153601,3166,1
matmul_train,matmul,ref+aging+idle+age+dirty,matmul-naive64-s1,train,matmul,matmul-naive64,0.05,2,20503,4103,0
matmul_train,matmul,ref+aging+idle+age+refaults,matmul-naive64-s1,train,matmul,matmul-naive64,0.05,2,21331,4103,0
matmul_train,matmul,ref+aging+idle+age+rdist,matmul-naive64-s1,train,matmul,matmul-naive64,0.05,2,153601,3166,1
matmul_train,matmul,ref+aging+idle+dirty+refaults,matmul-naive64-s1,train,matmul,matmul-naive64,0.05,2,24579,4102,0
matmul_train,matmul,ref+aging+idle+dirty+rdist,matmul-naive64-s1,train,matmul,matmul-naive64,0.05,2,20497,4102,0
matmul_train,matmul,ref+aging+idle+refaults+rdist,matmul-naive64-s1,train,matmul,matmul-naive64,0.05,2,20503,4103,0
matmul_train,matmul,ref+aging+age+dirty+refaults,matmul-naive64-s1,train,matmul,matmul-naive64,0.05,2,21195,4103,0
matmul_train,matmul,ref+aging+age+dirty+rdist,matmul-naive64-s1,train,matmul,matmul-naive64,0.05,2,153601,3166,1
matmul_train,matmul,ref+aging+age+refaults+rdist,matmul-naive64-s1,train,matmul,matmul-naive64,0.05,2,20547,4103,0
matmul_train,matmul,ref+aging+dirty+refaults+rdist,matmul-naive64-s1,train,matmul,matmul-naive64,0.05,2,20497,4102,0
matmul_train,matmul,ref+sfreq+idle+age+dirty,matmul-naive64-s1,train,matmul,matmul-naive64,0.05,2,20488,4102,0
matmul_train,matmul,ref+sfreq+idle+age+refaults,matmul-naive64-s1,train,matmul,matmul-naive64,0.05,2,20507,4103,0
matmul_train,matmul,ref+sfreq+idle+age+rdist,matmul-naive64-s1,train,matmul,matmul-naive64,0.05,2,20493,4102,0
matmul_train,matmul,ref+sfreq+idle+dirty+refaults,matmul-naive64-s1,train,matmul,matmul-naive64,0.05,2,21927,4103,0
matmul_train,matmul,ref+sfreq+idle+dirty+rdist,matmul-naive64-s1,train,matmul,matmul-naive64,0.05,2,20498,4102,0
matmul_train,matmul,ref+sfreq+idle+refaults+rdist,matmul-naive64-s1,train,matmul,matmul-naive64,0.05,2,20547,4103,0
matmul_train,matmul,ref+sfreq+age+dirty+refaults,matmul-naive64-s1,train,matmul,matmul-naive64,0.05,2,153601,2181,1
matmul_train,matmul,ref+sfreq+age+dirty+rdist,matmul-naive64-s1,train,matmul,matmul-naive64,0.05,2,153601,1573,1
matmul_train,matmul,ref+sfreq+age+refaults+rdist,matmul-naive64-s1,train,matmul,matmul-naive64,0.05,2,153601,181,1
matmul_train,matmul,ref+sfreq+dirty+refaults+rdist,matmul-naive64-s1,train,matmul,matmul-naive64,0.05,2,153601,1573,1
matmul_train,matmul,ref+idle+age+dirty+refaults,matmul-naive64-s1,train,matmul,matmul-naive64,0.05,2,21355,4103,0
matmul_train,matmul,ref+idle+age+dirty+rdist,matmul-naive64-s1,train,matmul,matmul-naive64,0.05,2,20499,4102,0
matmul_train,matmul,ref+idle+age+refaults+rdist,matmul-naive64-s1,train,matmul,matmul-naive64,0.05,2,20547,4103,0
matmul_train,matmul,ref+idle+dirty+refaults+rdist,matmul-naive64-s1,train,matmul,matmul-naive64,0.05,2,20497,4102,0
matmul_train,matmul,ref+age+dirty+refaults+rdist,matmul-naive64-s1,train,matmul,matmul-naive64,0.05,2,153601,1573,1
matmul_train,matmul,aging+sfreq+idle+age+dirty,matmul-naive64-s1,train,matmul,matmul-naive64,0.05,2,20488,4102,0
matmul_train,matmul,aging+sfreq+idle+age+refaults,matmul-naive64-s1,train,matmul,matmul-naive64,0.05,2,20508,4103,0
matmul_train,matmul,aging+sfreq+idle+age+rdist,matmul-naive64-s1,train,matmul,matmul-naive64,0.05,2,153601,181,1
matmul_train,matmul,aging+sfreq+idle+dirty+refaults,matmul-naive64-s1,train,matmul,matmul-naive64,0.05,2,22113,4103,0
matmul_train,matmul,aging+sfreq+idle+dirty+rdist,matmul-naive64-s1,train,matmul,matmul-naive64,0.05,2,20507,4102,0
matmul_train,matmul,aging+sfreq+idle+refaults+rdist,matmul-naive64-s1,train,matmul,matmul-naive64,0.05,2,20868,4103,0
matmul_train,matmul,aging+sfreq+age+dirty+refaults,matmul-naive64-s1,train,matmul,matmul-naive64,0.05,2,20508,4103,0
matmul_train,matmul,aging+sfreq+age+dirty+rdist,matmul-naive64-s1,train,matmul,matmul-naive64,0.05,2,153601,1573,1
matmul_train,matmul,aging+sfreq+age+refaults+rdist,matmul-naive64-s1,train,matmul,matmul-naive64,0.05,2,153601,181,1
matmul_train,matmul,aging+sfreq+dirty+refaults+rdist,matmul-naive64-s1,train,matmul,matmul-naive64,0.05,2,153601,1573,1
matmul_train,matmul,aging+idle+age+dirty+refaults,matmul-naive64-s1,train,matmul,matmul-naive64,0.05,2,21457,4103,0
matmul_train,matmul,aging+idle+age+dirty+rdist,matmul-naive64-s1,train,matmul,matmul-naive64,0.05,2,20508,4102,0
matmul_train,matmul,aging+idle+age+refaults+rdist,matmul-naive64-s1,train,matmul,matmul-naive64,0.05,2,20561,4103,0
matmul_train,matmul,aging+idle+dirty+refaults+rdist,matmul-naive64-s1,train,matmul,matmul-naive64,0.05,2,20497,4102,0
matmul_train,matmul,aging+age+dirty+refaults+rdist,matmul-naive64-s1,train,matmul,matmul-naive64,0.05,2,153601,1573,1
matmul_train,matmul,sfreq+idle+age+dirty+refaults,matmul-naive64-s1,train,matmul,matmul-naive64,0.05,2,20508,4103,0
matmul_train,matmul,sfreq+idle+age+dirty+rdist,matmul-naive64-s1,train,matmul,matmul-naive64,0.05,2,20493,4102,0
matmul_train,matmul,sfreq+idle+age+refaults+rdist,matmul-naive64-s1,train,matmul,matmul-naive64,0.05,2,20494,4102,0
matmul_train,matmul,sfreq+idle+dirty+refaults+rdist,matmul-naive64-s1,train,matmul,matmul-naive64,0.05,2,20534,4103,0
matmul_train,matmul,sfreq+age+dirty+refaults+rdist,matmul-naive64-s1,train,matmul,matmul-naive64,0.05,2,153601,1572,1
matmul_train,matmul,idle+age+dirty+refaults+rdist,matmul-naive64-s1,train,matmul,matmul-naive64,0.05,2,20526,4103,0
matmul_train,matmul,ref+aging+sfreq+idle+age+dirty,matmul-naive64-s1,train,matmul,matmul-naive64,0.05,2,20488,4102,0
matmul_train,matmul,ref+aging+sfreq+idle+age+refaults,matmul-naive64-s1,train,matmul,matmul-naive64,0.05,2,20503,4103,0
matmul_train,matmul,ref+aging+sfreq+idle+age+rdist,matmul-naive64-s1,train,matmul,matmul-naive64,0.05,2,153601,181,1
matmul_train,matmul,ref+aging+sfreq+idle+dirty+refaults,matmul-naive64-s1,train,matmul,matmul-naive64,0.05,2,21539,4103,0
matmul_train,matmul,ref+aging+sfreq+idle+dirty+rdist,matmul-naive64-s1,train,matmul,matmul-naive64,0.05,2,147465,4102,0
matmul_train,matmul,ref+aging+sfreq+idle+refaults+rdist,matmul-naive64-s1,train,matmul,matmul-naive64,0.05,2,153601,3166,1
matmul_train,matmul,ref+aging+sfreq+age+dirty+refaults,matmul-naive64-s1,train,matmul,matmul-naive64,0.05,2,20503,4103,0
matmul_train,matmul,ref+aging+sfreq+age+dirty+rdist,matmul-naive64-s1,train,matmul,matmul-naive64,0.05,2,153601,1588,1
matmul_train,matmul,ref+aging+sfreq+age+refaults+rdist,matmul-naive64-s1,train,matmul,matmul-naive64,0.05,2,20490,4102,0
matmul_train,matmul,ref+aging+sfreq+dirty+refaults+rdist,matmul-naive64-s1,train,matmul,matmul-naive64,0.05,2,153601,3166,1
matmul_train,matmul,ref+aging+idle+age+dirty+refaults,matmul-naive64-s1,train,matmul,matmul-naive64,0.05,2,21139,4103,0
matmul_train,matmul,ref+aging+idle+age+dirty+rdist,matmul-naive64-s1,train,matmul,matmul-naive64,0.05,2,153601,3166,1
matmul_train,matmul,ref+aging+idle+age+refaults+rdist,matmul-naive64-s1,train,matmul,matmul-naive64,0.05,2,153601,3166,1
matmul_train,matmul,ref+aging+idle+dirty+refaults+rdist,matmul-naive64-s1,train,matmul,matmul-naive64,0.05,2,20497,4102,0
matmul_train,matmul,ref+aging+age+dirty+refaults+rdist,matmul-naive64-s1,train,matmul,matmul-naive64,0.05,2,153601,3166,1
matmul_train,matmul,ref+sfreq+idle+age+dirty+refaults,matmul-naive64-s1,train,matmul,matmul-naive64,0.05,2,20503,4103,0
matmul_train,matmul,ref+sfreq+idle+age+dirty+rdist,matmul-naive64-s1,train,matmul,matmul-naive64,0.05,2,20490,4102,0
matmul_train,matmul,ref+sfreq+idle+age+refaults+rdist,matmul-naive64-s1,train,matmul,matmul-naive64,0.05,2,20490,4102,0
matmul_train,matmul,ref+sfreq+idle+dirty+refaults+rdist,matmul-naive64-s1,train,matmul,matmul-naive64,0.05,2,20502,4102,0
matmul_train,matmul,ref+sfreq+age+dirty+refaults+rdist,matmul-naive64-s1,train,matmul,matmul-naive64,0.05,2,153601,1573,1
matmul_train,matmul,ref+idle+age+dirty+refaults+rdist,matmul-naive64-s1,train,matmul,matmul-naive64,0.05,2,20500,4102,0
matmul_train,matmul,aging+sfreq+idle+age+dirty+refaults,matmul-naive64-s1,train,matmul,matmul-naive64,0.05,2,20508,4103,0
matmul_train,matmul,aging+sfreq+idle+age+dirty+rdist,matmul-naive64-s1,train,matmul,matmul-naive64,0.05,2,153601,1573,1
matmul_train,matmul,aging+sfreq+idle+age+refaults+rdist,matmul-naive64-s1,train,matmul,matmul-naive64,0.05,2,153601,181,1
matmul_train,matmul,aging+sfreq+idle+dirty+refaults+rdist,matmul-naive64-s1,train,matmul,matmul-naive64,0.05,2,20520,4103,0
matmul_train,matmul,aging+sfreq+age+dirty+refaults+rdist,matmul-naive64-s1,train,matmul,matmul-naive64,0.05,2,153601,1573,1
matmul_train,matmul,aging+idle+age+dirty+refaults+rdist,matmul-naive64-s1,train,matmul,matmul-naive64,0.05,2,20520,4103,0
matmul_train,matmul,sfreq+idle+age+dirty+refaults+rdist,matmul-naive64-s1,train,matmul,matmul-naive64,0.05,2,20490,4102,0
matmul_train,matmul,ref+aging+sfreq+idle+age+dirty+refaults,matmul-naive64-s1,train,matmul,matmul-naive64,0.05,2,20503,4103,0
matmul_train,matmul,ref+aging+sfreq+idle+age+dirty+rdist,matmul-naive64-s1,train,matmul,matmul-naive64,0.05,2,153601,1588,1
matmul_train,matmul,ref+aging+sfreq+idle+age+refaults+rdist,matmul-naive64-s1,train,matmul,matmul-naive64,0.05,2,20490,4102,0
matmul_train,matmul,ref+aging+sfreq+idle+dirty+refaults+rdist,matmul-naive64-s1,train,matmul,matmul-naive64,0.05,2,20522,4102,0
matmul_train,matmul,ref+aging+sfreq+age+dirty+refaults+rdist,matmul-naive64-s1,train,matmul,matmul-naive64,0.05,2,20488,4102,0
matmul_train,matmul,ref+aging+idle+age+dirty+refaults+rdist,matmul-naive64-s1,train,matmul,matmul-naive64,0.05,2,20508,4102,0
matmul_train,matmul,ref+sfreq+idle+age+dirty+refaults+rdist,matmul-naive64-s1,train,matmul,matmul-naive64,0.05,2,20488,4102,0
matmul_train,matmul,aging+sfreq+idle+age+dirty+refaults+rdist,matmul-naive64-s1,train,matmul,matmul-naive64,0.05,2,20490,4102,0
matmul_train,matmul,ref+aging+sfreq+idle+age+dirty+refaults+rdist,matmul-naive64-s1,train,matmul,matmul-naive64,0.05,2,20488,4102,0
matmul_train,matmul,rec+ref+aging+sfreq+idle+age+dirty,matmul-naive64-s1,train,matmul,matmul-naive64,0.05,2,20484,4102,0
matmul_train,matmul,rec+ref+aging+sfreq+idle+age+dirty+refaults+rdist,matmul-naive64-s1,train,matmul,matmul-naive64,0.05,2,20484,4102,0
matmul_train,matmul,freq+ref+aging+sfreq+idle+age+dirty,matmul-naive64-s1,train,matmul,matmul-naive64,0.05,2,20499,4103,0
matmul_train,matmul,freq+ref+aging+sfreq+idle+age+dirty+refaults+rdist,matmul-naive64-s1,train,matmul,matmul-naive64,0.05,2,20488,4102,0
matmul_train,matmul,sd+ref+aging+sfreq+idle+age+dirty,matmul-naive64-s1,train,matmul,matmul-naive64,0.05,2,20496,4103,0
matmul_train,matmul,sd+ref+aging+sfreq+idle+age+dirty+refaults+rdist,matmul-naive64-s1,train,matmul,matmul-naive64,0.05,2,20484,4102,0
matmul_train,matmul,wr+ref+aging+sfreq+idle+age+dirty,matmul-naive64-s1,train,matmul,matmul-naive64,0.05,2,20488,4102,0
matmul_train,matmul,wr+ref+aging+sfreq+idle+age+dirty+refaults+rdist,matmul-naive64-s1,train,matmul,matmul-naive64,0.05,2,20488,4102,0
matmul_train,matmul,rec+freq+ref+aging+sfreq+idle+age+dirty,matmul-naive64-s1,train,matmul,matmul-naive64,0.05,2,20484,4102,0
matmul_train,matmul,rec+freq+ref+aging+sfreq+idle+age+dirty+refaults+rdist,matmul-naive64-s1,train,matmul,matmul-naive64,0.05,2,20484,4102,0
matmul_train,matmul,rec+sd+ref+aging+sfreq+idle+age+dirty,matmul-naive64-s1,train,matmul,matmul-naive64,0.05,2,20488,4103,0
matmul_train,matmul,rec+sd+ref+aging+sfreq+idle+age+dirty+refaults+rdist,matmul-naive64-s1,train,matmul,matmul-naive64,0.05,2,20484,4102,0
matmul_train,matmul,rec+wr+ref+aging+sfreq+idle+age+dirty,matmul-naive64-s1,train,matmul,matmul-naive64,0.05,2,20484,4102,0
matmul_train,matmul,rec+wr+ref+aging+sfreq+idle+age+dirty+refaults+rdist,matmul-naive64-s1,train,matmul,matmul-naive64,0.05,2,20484,4102,0
matmul_train,matmul,freq+sd+ref+aging+sfreq+idle+age+dirty,matmul-naive64-s1,train,matmul,matmul-naive64,0.05,2,20763,4103,0
matmul_train,matmul,freq+sd+ref+aging+sfreq+idle+age+dirty+refaults+rdist,matmul-naive64-s1,train,matmul,matmul-naive64,0.05,2,20484,4102,0
matmul_train,matmul,freq+wr+ref+aging+sfreq+idle+age+dirty,matmul-naive64-s1,train,matmul,matmul-naive64,0.05,2,20488,4102,0
matmul_train,matmul,freq+wr+ref+aging+sfreq+idle+age+dirty+refaults+rdist,matmul-naive64-s1,train,matmul,matmul-naive64,0.05,2,20488,4102,0
matmul_train,matmul,sd+wr+ref+aging+sfreq+idle+age+dirty,matmul-naive64-s1,train,matmul,matmul-naive64,0.05,2,20500,4103,0
matmul_train,matmul,sd+wr+ref+aging+sfreq+idle+age+dirty+refaults+rdist,matmul-naive64-s1,train,matmul,matmul-naive64,0.05,2,20484,4102,0
matmul_train,matmul,rec+freq+sd+ref+aging+sfreq+idle+age+dirty,matmul-naive64-s1,train,matmul,matmul-naive64,0.05,2,20653,4103,0
matmul_train,matmul,rec+freq+sd+ref+aging+sfreq+idle+age+dirty+refaults+rdist,matmul-naive64-s1,train,matmul,matmul-naive64,0.05,2,20484,4102,0
matmul_train,matmul,rec+freq+wr+ref+aging+sfreq+idle+age+dirty,matmul-naive64-s1,train,matmul,matmul-naive64,0.05,2,20484,4102,0
matmul_train,matmul,rec+freq+wr+ref+aging+sfreq+idle+age+dirty+refaults+rdist,matmul-naive64-s1,train,matmul,matmul-naive64,0.05,2,20484,4102,0
matmul_train,matmul,rec+sd+wr+ref+aging+sfreq+idle+age+dirty,matmul-naive64-s1,train,matmul,matmul-naive64,0.05,2,20488,4103,0
matmul_train,matmul,rec+sd+wr+ref+aging+sfreq+idle+age+dirty+refaults+rdist,matmul-naive64-s1,train,matmul,matmul-naive64,0.05,2,20484,4102,0
matmul_train,matmul,freq+sd+wr+ref+aging+sfreq+idle+age+dirty,matmul-naive64-s1,train,matmul,matmul-naive64,0.05,2,20501,4103,0
matmul_train,matmul,freq+sd+wr+ref+aging+sfreq+idle+age+dirty+refaults+rdist,matmul-naive64-s1,train,matmul,matmul-naive64,0.05,2,20484,4102,0
matmul_train,matmul,rec+freq+sd+wr+ref+aging+sfreq+idle+age+dirty,matmul-naive64-s1,train,matmul,matmul-naive64,0.05,2,20489,4103,0
matmul_train,matmul,rec+freq+sd+wr+ref+aging+sfreq+idle+age+dirty+refaults+rdist,matmul-naive64-s1,train,matmul,matmul-naive64,0.05,2,20484,4102,0
matmul_train,global,rec,matmul-naive64-s1,train,matmul,matmul-naive64,0.05,2,24576,4103,0
matmul_train,global,freq,matmul-naive64-s1,train,matmul,matmul-naive64,0.05,2,153601,2181,1
matmul_train,global,sd,matmul-naive64-s1,train,matmul,matmul-naive64,0.05,2,24576,4103,0
matmul_train,global,wr,matmul-naive64-s1,train,matmul,matmul-naive64,0.05,2,28676,4103,0
matmul_train,global,rec+freq,matmul-naive64-s1,train,matmul,matmul-naive64,0.05,2,25576,4103,0
matmul_train,global,rec+sd,matmul-naive64-s1,train,matmul,matmul-naive64,0.05,2,24576,4103,0
matmul_train,global,rec+wr,matmul-naive64-s1,train,matmul,matmul-naive64,0.05,2,24576,4103,0
matmul_train,global,freq+sd,matmul-naive64-s1,train,matmul,matmul-naive64,0.05,2,25167,4103,0
matmul_train,global,freq+wr,matmul-naive64-s1,train,matmul,matmul-naive64,0.05,2,153601,2181,1
matmul_train,global,sd+wr,matmul-naive64-s1,train,matmul,matmul-naive64,0.05,2,24576,4103,0
matmul_train,global,rec+freq+sd,matmul-naive64-s1,train,matmul,matmul-naive64,0.05,2,29568,4103,0
matmul_train,global,rec+freq+wr,matmul-naive64-s1,train,matmul,matmul-naive64,0.05,2,25588,4103,0
matmul_train,global,rec+sd+wr,matmul-naive64-s1,train,matmul,matmul-naive64,0.05,2,24576,4103,0
matmul_train,global,freq+sd+wr,matmul-naive64-s1,train,matmul,matmul-naive64,0.05,2,25167,4103,0
matmul_train,global,rec+freq+sd+wr,matmul-naive64-s1,train,matmul,matmul-naive64,0.05,2,29569,4103,0
matmul_train,global,ref,matmul-naive64-s1,train,matmul,matmul-naive64,0.05,2,30720,4103,0
matmul_train,global,aging,matmul-naive64-s1,train,matmul,matmul-naive64,0.05,2,30720,4103,0
matmul_train,global,sfreq,matmul-naive64-s1,train,matmul,matmul-naive64,0.05,2,153601,1588,1
matmul_train,global,idle,matmul-naive64-s1,train,matmul,matmul-naive64,0.05,2,30720,4103,0
matmul_train,global,age,matmul-naive64-s1,train,matmul,matmul-naive64,0.05,2,30720,4103,0
matmul_train,global,dirty,matmul-naive64-s1,train,matmul,matmul-naive64,0.05,2,28676,4103,0
matmul_train,global,refaults,matmul-naive64-s1,train,matmul,matmul-naive64,0.05,2,30724,4103,0
matmul_train,global,rdist,matmul-naive64-s1,train,matmul,matmul-naive64,0.05,2,153601,7,1
matmul_train,global,ref+aging,matmul-naive64-s1,train,matmul,matmul-naive64,0.05,2,30720,4103,0
matmul_train,global,ref+sfreq,matmul-naive64-s1,train,matmul,matmul-naive64,0.05,2,20488,4102,0
matmul_train,global,ref+idle,matmul-naive64-s1,train,matmul,matmul-naive64,0.05,2,30720,4103,0
matmul_train,global,ref+age,matmul-naive64-s1,train,matmul,matmul-naive64,0.05,2,30720,4103,0
matmul_train,global,ref+dirty,matmul-naive64-s1,train,matmul,matmul-naive64,0.05,2,28676,4103,0
matmul_train,global,ref+refaults,matmul-naive64-s1,train,matmul,matmul-naive64,0.05,2,30724,4103,0
matmul_train,global,ref+rdist,matmul-naive64-s1,train,matmul,matmul-naive64,0.05,2,20491,4103,0
matmul_train,global,aging+sfreq,matmul-naive64-s1,train,matmul,matmul-naive64,0.05,2,20488,4102,0
matmul_train,global,aging+idle,matmul-naive64-s1,train,matmul,matmul-naive64,0.05,2,30720,4103,0
matmul_train,global,aging+age,matmul-naive64-s1,train,matmul,matmul-naive64,0.05,2,20488,4102,0
matmul_train,global,aging+dirty,matmul-naive64-s1,train,matmul,matmul-naive64,0.05,2,28676,4103,0
matmul_train,global,aging+refaults,matmul-naive64-s1,train,matmul,matmul-naive64,0.05,2,30724,4103,0
matmul_train,global,aging+rdist,matmul-naive64-s1,train,matmul,matmul-naive64,0.05,2,20491,4103,0
matmul_train,global,sfreq+idle,matmul-naive64-s1,train,matmul,matmul-naive64,0.05,2,20503,4103,0
matmul_train,global,sfreq+age,matmul-naive64-s1,train,matmul,matmul-naive64,0.05,2,30720,4103,0
matmul_train,global,sfreq+dirty,matmul-naive64-s1,train,matmul,matmul-naive64,0.05,2,153601,1588,1
matmul_train,global,sfreq+refaults,matmul-naive64-s1,train,matmul,matmul-naive64,0.05,2,153601,3138,1
matmul_train,global,sfreq+rdist,matmul-naive64-s1,train,matmul,matmul-naive64,0.05,2,153601,7,1
matmul_train,global,idle+age,matmul-naive64-s1,train,matmul,matmul-naive64,0.05,2,20503,4103,0
matmul_train,global,idle+dirty,matmul-naive64-s1,train,matmul,matmul-naive64,0.05,2,28676,4103,0
matmul_train,global,idle+refaults,matmul-naive64-s1,train,matmul,matmul-naive64,0.05,2,30724,4103,0
matmul_train,global,idle+rdist,matmul-naive64-s1,train,matmul,matmul-naive64,0.05,2,20524,4103,0
matmul_train,global,age+dirty,matmul-naive64-s1,train,matmul,matmul-naive64,0.05,2,30720,4103,0
matmul_train,global,age+refaults,matmul-naive64-s1,train,matmul,matmul-naive64,0.05,2,153601,2956,1
matmul_train,global,age+rdist,matmul-naive64-s1,train,matmul,matmul-naive64,0.05,2,21944,4099,0
matmul_train,global,dirty+refaults,matmul-naive64-s1,train,matmul,matmul-naive64,0.05,2,33196,4103,0
matmul_train,global,dirty+rdist,matmul-naive64-s1,train,matmul,matmul-naive64,0.05,2,115626,4102,0
matmul_train,global,refaults+rdist,matmul-naive64-s1,train,matmul,matmul-naive64,0.05,2,33495,4103,0
matmul_train,global,ref+aging+sfreq,matmul-naive64-s1,train,matmul,matmul-naive64,0.05,2,20488,4102,0
matmul_train,global,ref+aging+idle,matmul-naive64-s1,train,matmul,matmul-naive64,0.05,2,30720,4103,0
matmul_train,global,ref+aging+age,matmul-naive64-s1,train,matmul,matmul-naive64,0.05,2,20488,4102,0
matmul_train,global,ref+aging+dirty,matmul-naive64-s1,train,matmul,matmul-naive64,0.05,2,28676,4103,0
matmul_train,global,ref+aging+refaults,matmul-naive64-s1,train,matmul,matmul-naive64,0.05,2,30724,4103,0
matmul_train,global,ref+aging+rdist,matmul-naive64-s1,train,matmul,matmul-naive64,0.05,2,20491,4103,0
matmul_train,global,ref+sfreq+idle,matmul-naive64-s1,train,matmul,matmul-naive64,0.05,2,20488,4102,0
matmul_train,global,ref+sfreq+age,matmul-naive64-s1,train,matmul,matmul-naive64,0.05,2,30720,4103,0
matmul_train,global,ref+sfreq+dirty,matmul-naive64-s1,train,matmul,matmul-naive64,0.05,2,20488,4102,0
matmul_train,global,ref+sfreq+refaults,matmul-naive64-s1,train,matmul,matmul-naive64,0.05,2,153601,3456,1
matmul_train,global,ref+sfreq+rdist,matmul-naive64-s1,train,matmul,matmul-naive64,0.05,2,20488,4102,0
matmul_train,global,ref+idle+age,matmul-naive64-s1,train,matmul,matmul-naive64,0.05,2,20488,4102,0
matmul_train,global,ref+idle+dirty,matmul-naive64-s1,train,matmul,matmul-naive64,0.05,2,28676,4103,0
matmul_train,global,ref+idle+refaults,matmul-naive64-s1,train,matmul,matmul-naive64,0.05,2,30724,4103,0
matmul_train,global,ref+idle+rdist,matmul-naive64-s1,train,matmul,matmul-naive64,0.05,2,20491,4103,0
matmul_train,global,ref+age+dirty,matmul-naive64-s1,train,matmul,matmul-naive64,0.05,2,28676,4103,0
matmul_train,global,ref+age+refaults,matmul-naive64-s1,train,matmul,matmul-naive64,0.05,2,25858,4103,0
matmul_train,global,ref+age+rdist,matmul-naive64-s1,train,matmul,matmul-naive64,0.05,2,20491,4103,0
matmul_train,global,ref+dirty+refaults,matmul-naive64-s1,train,matmul,matmul-naive64,0.05,2,30724,4103,0
matmul_train,global,ref+dirty+rdist,matmul-naive64-s1,train,matmul,matmul-naive64,0.05,2,20488,4102,0
matmul_train,global,ref+refaults+rdist,matmul-naive64-s1,train,matmul,matmul-naive64,0.05,2,25370,4103,0
matmul_train,global,aging+sfreq+idle,matmul-naive64-s1,train,matmul,matmul-naive64,0.05,2,20488,4102,0
matmul_train,global,aging+sfreq+age,matmul-naive64-s1,train,matmul,matmul-naive64,0.05,2,20488,4102,0
matmul_train,global,aging+sfreq+dirty,matmul-naive64-s1,train,matmul,matmul-naive64,0.05,2,20488,4102,0
matmul_train,global,aging+sfreq+refaults,matmul-naive64-s1,train,matmul,matmul-naive64,0.05,2,153601,3849,1
matmul_train,global,aging+sfreq+rdist,matmul-naive64-s1,train,matmul,matmul-naive64,0.05,2,20488,4102,0
matmul_train,global,aging+idle+age,matmul-naive64-s1,train,matmul,matmul-naive64,0.05,2,20488,4102,0
matmul_train,global,aging+idle+dirty,matmul-naive64-s1,train,matmul,matmul-naive64,0.05,2,28676,4103,0
matmul_train,global,aging+idle+refaults,matmul-naive64-s1,train,matmul,matmul-naive64,0.05,2,30724,4103,0
matmul_train,global,aging+idle+rdist,matmul-naive64-s1,train,matmul,matmul-naive64,0.05,2,20491,4103,0
matmul_train,global,aging+age+dirty,matmul-naive64-s1,train,matmul,matmul-naive64,0.05,2,20488,4102,0
matmul_train,global,aging+age+refaults,matmul-naive64-s1,train,matmul,matmul-naive64,0.05,2,24669,4103,0
matmul_train,global,aging+age+rdist,matmul-naive64-s1,train,matmul,matmul-naive64,0.05,2,20488,4102,0
matmul_train,global,aging+dirty+refaults,matmul-naive64-s1,train,matmul,matmul-naive64,0.05,2,30724,4103,0
matmul_train,global,aging+dirty+rdist,matmul-naive64-s1,train,matmul,matmul-naive64,0.05,2,20488,4102,0
matmul_train,global,aging+refaults+rdist,matmul-naive64-s1,train,matmul,matmul-naive64,0.05,2,25330,4103,0
matmul_train,global,sfreq+idle+age,matmul-naive64-s1,train,matmul,matmul-naive64,0.05,2,20488,4102,0
matmul_train,global,sfreq+idle+dirty,matmul-naive64-s1,train,matmul,matmul-naive64,0.05,2,20509,4103,0
matmul_train,global,sfreq+idle+refaults,matmul-naive64-s1,train,matmul,matmul-naive64,0.05,2,28559,4103,0
matmul_train,global,sfreq+idle+rdist,matmul-naive64-s1,train,matmul,matmul-naive64,0.05,2,20490,4102,0
matmul_train,global,sfreq+age+dirty,matmul-naive64-s1,train,matmul,matmul-naive64,0.05,2,28676,4103,0
matmul_train,global,sfreq+age+refaults,matmul-naive64-s1,train,matmul,matmul-naive64,0.05,2,153601,3140,1
matmul_train,global,sfreq+age+rdist,matmul-naive64-s1,train,matmul,matmul-naive64,0.05,2,20506,4103,0
matmul_train,global,sfreq+dirty+refaults,matmul-naive64-s1,train,matmul,matmul-naive64,0.05,2,153601,3132,1
matmul_train,global,sfreq+dirty+rdist,matmul-naive64-s1,train,matmul,matmul-naive64,0.05,2,153601,1588,1
matmul_train,global,sfreq+refaults+rdist,matmul-naive64-s1,train,matmul,matmul-naive64,0.05,2,153601,2561,1
matmul_train,global,idle+age+dirty,matmul-naive64-s1,train,matmul,matmul-naive64,0.05,2,20503,4103,0
matmul_train,global,idle+age+refaults,matmul-naive64-s1,train,matmul,matmul-naive64,0.05,2,24664,4103,0
matmul_train,global,idle+age+rdist,matmul-naive64-s1,train,matmul,matmul-naive64,0.05,2,20490,4102,0
matmul_train,global,idle+dirty+refaults,matmul-naive64-s1,train,matmul,matmul-naive64,0.05,2,30724,4103,0
matmul_train,global,idle+dirty+rdist,matmul-naive64-s1,train,matmul,matmul-naive64,0.05,2,20488,4102,0
matmul_train,global,idle+refaults+rdist,matmul-naive64-s1,train,matmul,matmul-naive64,0.05,2,25862,4103,0
matmul_train,global,age+dirty+refaults,matmul-naive64-s1,train,matmul,matmul-naive64,0.05,2,153601,2993,1
matmul_train,global,age+dirty+rdist,matmul-naive64-s1,train,matmul,matmul-naive64,0.05,2,21040,4102,0
matmul_train,global,age+refaults+rdist,matmul-naive64-s1,train,matmul,matmul-naive64,0.05,2,153601,3052,1
matmul_train,global,dirty+refaults+rdist,matmul-naive64-s1,train,matmul,matmul-naive64,0.05,2,33484,4103,0
matmul_train,global,ref+aging+sfreq+idle,matmul-naive64-s1,train,matmul,matmul-naive64,0.05,2,20488,4102,0
matmul_train,global,ref+aging+sfreq+age,matmul-naive64-s1,train,matmul,matmul-naive64,0.05,2,20488,4102,0
matmul_train,global,ref+aging+sfreq+dirty,matmul-naive64-s1,train,matmul,matmul-naive64,0.05,2,20488,4102,0
matmul_train,global,ref+aging+sfreq+refaults,matmul-naive64-s1,train,matmul,matmul-naive64,0.05,2,153601,3815,1
matmul_train,global,ref+aging+sfreq+rdist,matmul-naive64-s1,train,matmul,matmul-naive64,0.05,2,20488,4102,0
matmul_train,global,ref+aging+idle+age,matmul-naive64-s1,train,matmul,matmul-naive64,0.05,2,20488,4102,0
matmul_train,global,ref+aging+idle+dirty,matmul-naive64-s1,train,matmul,matmul-naive64,0.05,2,28676,4103,0
matmul_train,global,ref+aging+idle+refaults,matmul-naive64-s1,train,matmul,matmul-naive64,0.05,2,30724,4103,0
matmul_train,global,ref+aging+idle+rdist,matmul-naive64-s1,train,matmul,matmul-naive64,0.05,2,20491,4103,0
matmul_train,global,ref+aging+age+dirty,matmul-naive64-s1,train,matmul,matmul-naive64,0.05,2,20488,4102,0
matmul_train,global,ref+aging+age+refaults,matmul-naive64-s1,train,matmul,matmul-naive64,0.05,2,24257,4103,0
matmul_train,global,ref+aging+age+rdist,matmul-naive64-s1,train,matmul,matmul-naive64,0.05,2,20488,4102,0
matmul_train,global,ref+aging+dirty+refaults,matmul-naive64-s1,train,matmul,matmul-naive64,0.05,2,30724,4103,0
matmul_train,global,ref+aging+dirty+rdist,matmul-naive64-s1,train,matmul,matmul-naive64,0.05,2,20488,4102,0
matmul_train,global,ref+aging+refaults+rdist,matmul-naive64-s1,train,matmul,matmul-naive64,0.05,2,25339,4103,0
matmul_train,global,ref+sfreq+idle+age,matmul-naive64-s1,train,matmul,matmul-naive64,0.05,2,20488,4102,0
matmul_train,global,ref+sfreq+idle+dirty,matmul-naive64-s1,train,matmul,matmul-naive64,0.05,2,20488,4102,0
matmul_train,global,ref+sfreq+idle+refaults,matmul-naive64-s1,train,matmul,matmul-naive64,0.05,2,38530,4103,0
matmul_train,global,ref+sfreq+idle+rdist,matmul-naive64-s1,train,matmul,matmul-naive64,0.05,2,20488,4102,0
matmul_train,global,ref+sfreq+age+dirty,matmul-naive64-s1,train,matmul,matmul-naive64,0.05,2,28676,4103,0
matmul_train,global,ref+sfreq+age+refaults,matmul-naive64-s1,train,matmul,matmul-naive64,0.05,2,153601,3558,1
matmul_train,global,ref+sfreq+age+rdist,matmul-naive64-s1,train,matmul,matmul-naive64,0.05,2,20491,4103,0
matmul_train,global,ref+sfreq+dirty+refaults,matmul-naive64-s1,train,matmul,matmul-naive64,0.05,2,153601,3395,1
matmul_train,global,ref+sfreq+dirty+rdist,matmul-naive64-s1,train,matmul,matmul-naive64,0.05,2,20488,4102,0
matmul_train,global,ref+sfreq+refaults+rdist,matmul-naive64-s1,train,matmul,matmul-naive64,0.05,2,153601,3977,1
matmul_train,global,ref+idle+age+dirty,matmul-naive64-s1,train,matmul,matmul-naive64,0.05,2,20488,4102,0
matmul_train,global,ref+idle+age+refaults,matmul-naive64-s1,train,matmul,matmul-naive64,0.05,2,24743,4103,0
matmul_train,global,ref+idle+age+rdist,matmul-naive64-s1,train,matmul,matmul-naive64,0.05,2,20488,4102,0
matmul_train,global,ref+idle+dirty+refaults,matmul-naive64-s1,train,matmul,matmul-naive64,0.05,2,30724,4103,0
matmul_train,global,ref+idle+dirty+rdist,matmul-naive64-s1,train,matmul,matmul-naive64,0.05,2,20488,4102,0
matmul_train,global,ref+idle+refaults+rdist,matmul-naive64-s1,train,matmul,matmul-naive64,0.05,2,25470,4103,0
matmul_train,global,ref+age+dirty+refaults,matmul-naive64-s1,train,matmul,matmul-naive64,0.05,2,26119,4103,0
matmul_train,global,ref+age+dirty+rdist,matmul-naive64-s1,train,matmul,matmul-naive64,0.05,2,20488,4102,0
matmul_train,global,ref+age+refaults+rdist,matmul-naive64-s1,train,matmul,matmul-naive64,0.05,2,22562,4103,0
matmul_train,global,ref+dirty+refaults+rdist,matmul-naive64-s1,train,matmul,matmul-naive64,0.05,2,25340,4103,0
matmul_train,global,aging+sfreq+idle+age,matmul-naive64-s1,train,matmul,matmul-naive64,0.05,2,20488,4102,0
matmul_train,global,aging+sfreq+idle+dirty,matmul-naive64-s1,train,matmul,matmul-naive64,0.05,2,20488,4102,0
matmul_train,global,aging+sfreq+idle+refaults,matmul-naive64-s1,train,matmul,matmul-naive64,0.05,2,153601,3896,1
matmul_train,global,aging+sfreq+idle+rdist,matmul-naive64-s1,train,matmul,matmul-naive64,0.05,2,20488,4102,0
matmul_train,global,aging+sfreq+age+dirty,matmul-naive64-s1,train,matmul,matmul-naive64,0.05,2,20488,4102,0
matmul_train,global,aging+sfreq+age+refaults,matmul-naive64-s1,train,matmul,matmul-naive64,0.05,2,153601,3930,1
matmul_train,global,aging+sfreq+age+rdist,matmul-naive64-s1,train,matmul,matmul-naive64,0.05,2,20488,4102,0
matmul_train,global,aging+sfreq+dirty+refaults,matmul-naive64-s1,train,matmul,matmul-naive64,0.05,2,153601,3825,1
matmul_train,global,aging+sfreq+dirty+rdist,matmul-naive64-s1,train,matmul,matmul-naive64,0.05,2,20488,4102,0
matmul_train,global,aging+sfreq+refaults+rdist,matmul-naive64-s1,train,matmul,matmul-naive64,0.05,2,153601,4037,1
matmul_train,global,aging+idle+age+dirty,matmul-naive64-s1,train,matmul,matmul-naive64,0.05,2,20488,4102,0
matmul_train,global,aging+idle+age+refaults,matmul-naive64-s1,train,matmul,matmul-naive64,0.05,2,24405,4103,0
matmul_train,global,aging+idle+age+rdist,matmul-naive64-s1,train,matmul,matmul-naive64,0.05,2,20488,4102,0
matmul_train,global,aging+idle+dirty+refaults,matmul-naive64-s1,train,matmul,matmul-naive64,0.05,2,30724,4103,0
matmul_train,global,aging+idle+dirty+rdist,matmul-naive64-s1,train,matmul,matmul-naive64,0.05,2,20488,4102,0
matmul_train,global,aging+idle+refaults+rdist,matmul-naive64-s1,train,matmul,matmul-naive64,0.05,2,25224,4103,0
matmul_train,global,aging+age+dirty+refaults,matmul-naive64-s1,train,matmul,matmul-naive64,0.05,2,24677,4103,0
matmul_train,global,aging+age+dirty+rdist,matmul-naive64-s1,train,matmul,matmul-naive64,0.05,2,20488,4102,0
matmul_train,global,aging+age+refaults+rdist,matmul-naive64-s1,train,matmul,matmul-naive64,0.05,2,22451,4103,0
matmul_train,global,aging+dirty+refaults+rdist,matmul-naive64-s1,train,matmul,matmul-naive64,0.05,2,25316,4103,0
matmul_train,global,sfreq+idle+age+dirty,matmul-naive64-s1,train,matmul,matmul-naive64,0.05,2,20503,4103,0
matmul_train,global,sfreq+idle+age+refaults,matmul-naive64-s1,train,matmul,matmul-naive64,0.05,2,24896,4103,0
matmul_train,global,sfreq+idle+age+rdist,matmul-naive64-s1,train,matmul,matmul-naive64,0.05,2,20490,4102,0
matmul_train,global,sfreq+idle+dirty+refaults,matmul-naive64-s1,train,matmul,matmul-naive64,0.05,2,29244,4103,0
matmul_train,global,sfreq+idle+dirty+rdist,matmul-naive64-s1,train,matmul,matmul-naive64,0.05,2,20488,4102,0
matmul_train,global,sfreq+idle+refaults+rdist,matmul-naive64-s1,train,matmul,matmul-naive64,0.05,2,44116,4103,0
matmul_train,global,sfreq+age+dirty+refaults,matmul-naive64-s1,train,matmul,matmul-naive64,0.05,2,153601,3136,1
matmul_train,global,sfreq+age+dirty+rdist,matmul-naive64-s1,train,matmul,matmul-naive64,0.05,2,115007,4103,0
matmul_train,global,sfreq+age+refaults+rdist,matmul-naive64-s1,train,matmul,matmul-naive64,0.05,2,153601,3152,1
matmul_train,global,sfreq+dirty+refaults+rdist,matmul-naive64-s1,train,matmul,matmul-naive64,0.05,2,153601,2555,1
matmul_train,global,idle+age+dirty+refaults,matmul-naive64-s1,train,matmul,matmul-naive64,0.05,2,24588,4103,0
matmul_train,global,idle+age+dirty+rdist,matmul-naive64-s1,train,matmul,matmul-naive64,0.05,2,20495,4102,0
matmul_train,global,idle+age+refaults+rdist,matmul-naive64-s1,train,matmul,matmul-naive64,0.05,2,27210,4103,0
matmul_train,global,idle+dirty+refaults+rdist,matmul-naive64-s1,train,matmul,matmul-naive64,0.05,2,25787,4103,0
matmul_train,global,age+dirty+refaults+rdist,matmul-naive64-s1,train,matmul,matmul-naive64,0.05,2,153601,2563,1
matmul_train,global,ref+aging+sfreq+idle+age,matmul-naive64-s1,train,matmul,matmul-naive64,0.05,2,20488,4102,0
matmul_train,global,ref+aging+sfreq+idle+dirty,matmul-naive64-s1,train,matmul,matmul-naive64,0.05,2,20488,4102,0
matmul_train,global,ref+aging+sfreq+idle+refaults,matmul-naive64-s1,train,matmul,matmul-naive64,0.05,2,153601,3344,1
matmul_train,global,ref+aging+sfreq+idle+rdist,matmul-naive64-s1,train,matmul,matmul-naive64,0.05,2,20488,4102,0
matmul_train,global,ref+aging+sfreq+age+dirty,matmul-naive64-s1,train,matmul,matmul-naive64,0.05,2,20488,4102,0
matmul_train,global,ref+aging+sfreq+age+refaults,matmul-naive64-s1,train,matmul,matmul-naive64,0.05,2,153601,3961,1
matmul_train,global,ref+aging+sfreq+age+rdist,matmul-naive64-s1,train,matmul,matmul-naive64,0.05,2,20488,4102,0
matmul_train,global,ref+aging+sfreq+dirty+refaults,matmul-naive64-s1,train,matmul,matmul-naive64,0.05,2,153601,3778,1
matmul_train,global,ref+aging+sfreq+dirty+rdist,matmul-naive64-s1,train,matmul,matmul-naive64,0.05,2,20488,4102,0
matmul_train,global,ref+aging+sfreq+refaults+rdist,matmul-naive64-s1,train,matmul,matmul-naive64,0.05,2,153601,4031,1
matmul_train,global,ref+aging+idle+age+dirty,matmul-naive64-s1,train,matmul,matmul-naive64,0.05,2,20488,4102,0
matmul_train,global,ref+aging+idle+age+refaults,matmul-naive64-s1,train,matmul,matmul-naive64,0.05,2,24159,4103,0
matmul_train,global,ref+aging+idle+age+rdist,matmul-naive64-s1,train,matmul,matmul-naive64,0.05,2,20488,4102,0
matmul_train,global,ref+aging+idle+dirty+refaults,matmul-naive64-s1,train,matmul,matmul-naive64,0.05,2,30724,4103,0
matmul_train,global,ref+aging+idle+dirty+rdist,matmul-naive64-s1,train,matmul,matmul-naive64,0.05,2,20488,4102,0
matmul_train,global,ref+aging+idle+refaults+rdist,matmul-naive64-s1,train,matmul,matmul-naive64,0.05,2,25226,4103,0
matmul_train,global,ref+aging+age+dirty+refaults,matmul-naive64-s1,train,matmul,matmul-naive64,0.05,2,24245,4103,0
matmul_train,global,ref+aging+age+dirty+rdist,matmul-naive64-s1,train,matmul,matmul-naive64,0.05,2,20488,4102,0
matmul_train,global,ref+aging+age+refaults+rdist,matmul-naive64-s1,train,matmul,matmul-naive64,0.05,2,22414,4103,0
matmul_train,global,ref+aging+dirty+refaults+rdist,matmul-naive64-s1,train,matmul,matmul-naive64,0.05,2,25325,4103,0
matmul_train,global,ref+sfreq+idle+age+dirty,matmul-naive64-s1,train,matmul,matmul-naive64,0.05,2,20488,4102,0
matmul_train,global,ref+sfreq+idle+age+refaults,matmul-naive64-s1,train,matmul,matmul-naive64,0.05,2,24933,4103,0
matmul_train,global,ref+sfreq+idle+age+rdist,matmul-naive64-s1,train,matmul,matmul-naive64,0.05,2,20488,4102,0
matmul_train,global,ref+sfreq+idle+dirty+refaults,matmul-naive64-s1,train,matmul,matmul-naive64,0.05,2,40791,4103,0
matmul_train,global,ref+sfreq+idle+dirty+rdist,matmul-naive64-s1,train,matmul,matmul-naive64,0.05,2,20488,4102,0
matmul_train,global,ref+sfreq+idle+refaults+rdist,matmul-naive64-s1,train,matmul,matmul-naive64,0.05,2,115421,4103,0
matmul_train,global,ref+sfreq+age+dirty+refaults,matmul-naive64-s1,train,matmul,matmul-naive64,0.05,2,153601,3510,1
matmul_train,global,ref+sfreq+age+dirty+rdist,matmul-naive64-s1,train,matmul,matmul-naive64,0.05,2,20488,4102,0
matmul_train,global,ref+sfreq+age+refaults+rdist,matmul-naive64-s1,train,matmul,matmul-naive64,0.05,2,153601,3995,1
matmul_train,global,ref+sfreq+dirty+refaults+rdist,matmul-naive64-s1,train,matmul,matmul-naive64,0.05,2,153601,3934,1
matmul_train,global,ref+idle+age+dirty+refaults,matmul-naive64-s1,train,matmul,matmul-naive64,0.05,2,24696,4103,0
matmul_train,global,ref+idle+age+dirty+rdist,matmul-naive64-s1,train,matmul,matmul-naive64,0.05,2,20488,4102,0
matmul_train,global,ref+idle+age+refaults+rdist,matmul-naive64-s1,train,matmul,matmul-naive64,0.05,2,22721,4103,0
matmul_train,global,ref+idle+dirty+refaults+rdist,matmul-naive64-s1,train,matmul,matmul-naive64,0.05,2,25440,4103,0
matmul_train,global,ref+age+dirty+refaults+rdist,matmul-naive64-s1,train,matmul,matmul-naive64,0.05,2,22506,4103,0
matmul_train,global,aging+sfreq+idle+age+dirty,matmul-naive64-s1,train,matmul,matmul-naive64,0.05,2,20488,4102,0
matmul_train,global,aging+sfreq+idle+age+refaults,matmul-naive64-s1,train,matmul,matmul-naive64,0.05,2,24318,4103,0
matmul_train,global,aging+sfreq+idle+age+rdist,matmul-naive64-s1,train,matmul,matmul-naive64,0.05,2,20488,4102,0
matmul_train,global,aging+sfreq+idle+dirty+refaults,matmul-naive64-s1,train,matmul,matmul-naive64,0.05,2,153601,3886,1
matmul_train,global,aging+sfreq+idle+dirty+rdist,matmul-naive64-s1,train,matmul,matmul-naive64,0.05,2,20488,4102,0
matmul_train,global,aging+sfreq+idle+refaults+rdist,matmul-naive64-s1,train,matmul,matmul-naive64,0.05,2,153601,3163,1
matmul_train,global,aging+sfreq+age+dirty+refaults,matmul-naive64-s1,train,matmul,matmul-naive64,0.05,2,153601,3909,1
matmul_train,global,aging+sfreq+age+dirty+rdist,matmul-naive64-s1,train,matmul,matmul-naive64,0.05,2,20488,4102,0
matmul_train,global,aging+sfreq+age+refaults+rdist,matmul-naive64-s1,train,matmul,matmul-naive64,0.05,2,22547,4103,0
matmul_train,global,aging+sfreq+dirty+refaults+rdist,matmul-naive64-s1,train,matmul,matmul-naive64,0.05,2,153601,4010,1
matmul_train,global,aging+idle+age+dirty+refaults,matmul-naive64-s1,train,matmul,matmul-naive64,0.05,2,24373,4103,0
matmul_train,global,aging+idle+age+dirty+rdist,matmul-naive64-s1,train,matmul,matmul-naive64,0.05,2,20488,4102,0
matmul_train,global,aging+idle+age+refaults+rdist,matmul-naive64-s1,train,matmul,matmul-naive64,0.05,2,22567,4103,0
matmul_train,global,aging+idle+dirty+refaults+rdist,matmul-naive64-s1,train,matmul,matmul-naive64,0.05,2,25216,4103,0
matmul_train,global,aging+age+dirty+refaults+rdist,matmul-naive64-s1,train,matmul,matmul-naive64,0.05,2,22381,4103,0
matmul_train,global,sfreq+idle+age+dirty+refaults,matmul-naive64-s1,train,matmul,matmul-naive64,0.05,2,24821,4103,0
matmul_train,global,sfreq+idle+age+dirty+rdist,matmul-naive64-s1,train,matmul,matmul-naive64,0.05,2,20488,4102,0
matmul_train,global,sfreq+idle+age+refaults+rdist,matmul-naive64-s1,train,matmul,matmul-naive64,0.05,2,27238,4103,0
matmul_train,global,sfreq+idle+dirty+refaults+rdist,matmul-naive64-s1,train,matmul,matmul-naive64,0.05,2,54878,4103,0
matmul_train,global,sfreq+age+dirty+refaults+rdist,matmul-naive64-s1,train,matmul,matmul-naive64,0.05,2,153601,3145,1
matmul_train,global,idle+age+dirty+refaults+rdist,matmul-naive64-s1,train,matmul,matmul-naive64,0.05,2,27216,4103,0
matmul_train,global,ref+aging+sfreq+idle+age+dirty,matmul-naive64-s1,train,matmul,matmul-naive64,0.05,2,20488,4102,0
matmul_train,global,ref+aging+sfreq+idle+age+refaults,matmul-naive64-s1,train,matmul,matmul-naive64,0.05,2,23896,4103,0
matmul_train,global,ref+aging+sfreq+idle+age+rdist,matmul-naive64-s1,train,matmul,matmul-naive64,0.05,2,20488,4102,0
matmul_train,global,ref+aging+sfreq+idle+dirty+refaults,matmul-naive64-s1,train,matmul,matmul-naive64,0.05,2,153601,3298,1
matmul_train,global,ref+aging+sfreq+idle+dirty+rdist,matmul-naive64-s1,train,matmul,matmul-naive64,0.05,2,20488,4102,0
matmul_train,global,ref+aging+sfreq+idle+refaults+rdist,matmul-naive64-s1,train,matmul,matmul-naive64,0.05,2,153601,3163,1
matmul_train,global,ref+aging+sfreq+age+dirty+refaults,matmul-naive64-s1,train,matmul,matmul-naive64,0.05,2,153601,3927,1
matmul_train,global,ref+aging+sfreq+age+dirty+rdist,matmul-naive64-s1,train,matmul,matmul-naive64,0.05,2,20488,4102,0
matmul_train,global,ref+aging+sfreq+age+refaults+rdist,matmul-naive64-s1,train,matmul,matmul-naive64,0.05,2,22397,4103,0
matmul_train,global,ref+aging+sfreq+dirty+refaults+rdist,matmul-naive64-s1,train,matmul,matmul-naive64,0.05,2,153601,4001,1
matmul_train,global,ref+aging+idle+age+dirty+refaults,matmul-naive64-s1,train,matmul,matmul-naive64,0.05,2,24120,4103,0
matmul_train,global,ref+aging+idle+age+dirty+rdist,matmul-naive64-s1,train,matmul,matmul-naive64,0.05,2,20488,4102,0
matmul_train,global,ref+aging+idle+age+refaults+rdist,matmul-naive64-s1,train,matmul,matmul-naive64,0.05,2,22507,4103,0
matmul_train,global,ref+aging+idle+dirty+refaults+rdist,matmul-naive64-s1,train,matmul,matmul-naive64,0.05,2,25219,4103,0
matmul_train,global,ref+aging+age+dirty+refaults+rdist,matmul-naive64-s1,train,matmul,matmul-naive64,0.05,2,22330,4103,0
matmul_train,global,ref+sfreq+idle+age+dirty+refaults,matmul-naive64-s1,train,matmul,matmul-naive64,0.05,2,24884,4103,0
matmul_train,global,ref+sfreq+idle+age+dirty+rdist,matmul-naive64-s1,train,matmul,matmul-naive64,0.05,2,20488,4102,0
matmul_train,global,ref+sfreq+idle+age+refaults+rdist,matmul-naive64-s1,train,matmul,matmul-naive64,0.05,2,22611,4103,0
matmul_train,global,ref+sfreq+idle+dirty+refaults+rdist,matmul-naive64-s1,train,matmul,matmul-naive64,0.05,2,153601,4057,1
matmul_train,global,ref+sfreq+age+dirty+refaults+rdist,matmul-naive64-s1,train,matmul,matmul-naive64,0.05,2,153601,3952,1
matmul_train,global,ref+idle+age+dirty+refaults+rdist,matmul-naive64-s1,train,matmul,matmul-naive64,0.05,2,22628,4103,0
matmul_train,global,aging+sfreq+idle+age+dirty+refaults,matmul-naive64-s1,train,matmul,matmul-naive64,0.05,2,24291,4103,0
matmul_train,global,aging+sfreq+idle+age+dirty+rdist,matmul-naive64-s1,train,matmul,matmul-naive64,0.05,2,20488,4102,0
matmul_train,global,aging+sfreq+idle+age+refaults+rdist,matmul-naive64-s1,train,matmul,matmul-naive64,0.05,2,22301,4103,0
matmul_train,global,aging+sfreq+idle+dirty+refaults+rdist,matmul-naive64-s1,train,matmul,matmul-naive64,0.05,2,153601,3164,1
matmul_train,global,aging+sfreq+age+dirty+refaults+rdist,matmul-naive64-s1,train,matmul,matmul-naive64,0.05,2,22481,4103,0
matmul_train,global,aging+idle+age+dirty+refaults+rdist,matmul-naive64-s1,train,matmul,matmul-naive64,0.05,2,22488,4103,0
matmul_train,global,sfreq+idle+age+dirty+refaults+rdist,matmul-naive64-s1,train,matmul,matmul-naive64,0.05,2,27030,4103,0
matmul_train,global,ref+aging+sfreq+idle+age+dirty+refaults,matmul-naive64-s1,train,matmul,matmul-naive64,0.05,2,23862,4103,0
matmul_train,global,ref+aging+sfreq+idle+age+dirty+rdist,matmul-naive64-s1,train,matmul,matmul-naive64,0.05,2,20488,4102,0
matmul_train,global,ref+aging+sfreq+idle+age+refaults+rdist,matmul-naive64-s1,train,matmul,matmul-naive64,0.05,2,22152,4103,0
matmul_train,global,ref+aging+sfreq+idle+dirty+refaults+rdist,matmul-naive64-s1,train,matmul,matmul-naive64,0.05,2,153601,3164,1
matmul_train,global,ref+aging+sfreq+age+dirty+refaults+rdist,matmul-naive64-s1,train,matmul,matmul-naive64,0.05,2,22326,4103,0
matmul_train,global,ref+aging+idle+age+dirty+refaults+rdist,matmul-naive64-s1,train,matmul,matmul-naive64,0.05,2,22423,4103,0
matmul_train,global,ref+sfreq+idle+age+dirty+refaults+rdist,matmul-naive64-s1,train,matmul,matmul-naive64,0.05,2,22515,4103,0
matmul_train,global,aging+sfreq+idle+age+dirty+refaults+rdist,matmul-naive64-s1,train,matmul,matmul-naive64,0.05,2,22228,4103,0
matmul_train,global,ref+aging+sfreq+idle+age+dirty+refaults+rdist,matmul-naive64-s1,train,matmul,matmul-naive64,0.05,2,22079,4103,0
matmul_train,global,rec+ref+aging+sfreq+idle+age+dirty,matmul-naive64-s1,train,matmul,matmul-naive64,0.05,2,24576,4103,0
matmul_train,global,rec+ref+aging+sfreq+idle+age+dirty+refaults+rdist,matmul-naive64-s1,train,matmul,matmul-naive64,0.05,2,24617,4103,0
matmul_train,global,freq+ref+aging+sfreq+idle+age+dirty,matmul-naive64-s1,train,matmul,matmul-naive64,0.05,2,21447,4103,0
matmul_train,global,freq+ref+aging+sfreq+idle+age+dirty+refaults+rdist,matmul-naive64-s1,train,matmul,matmul-naive64,0.05,2,20957,4103,0
matmul_train,global,sd+ref+aging+sfreq+idle+age+dirty,matmul-naive64-s1,train,matmul,matmul-naive64,0.05,2,20484,4102,0
matmul_train,global,sd+ref+aging+sfreq+idle+age+dirty+refaults+rdist,matmul-naive64-s1,train,matmul,matmul-naive64,0.05,2,22848,4103,0
matmul_train,global,wr+ref+aging+sfreq+idle+age+dirty,matmul-naive64-s1,train,matmul,matmul-naive64,0.05,2,20488,4102,0
matmul_train,global,wr+ref+aging+sfreq+idle+age+dirty+refaults+rdist,matmul-naive64-s1,train,matmul,matmul-naive64,0.05,2,22096,4103,0
matmul_train,global,rec+freq+ref+aging+sfreq+idle+age+dirty,matmul-naive64-s1,train,matmul,matmul-naive64,0.05,2,37206,4103,0
matmul_train,global,rec+freq+ref+aging+sfreq+idle+age+dirty+refaults+rdist,matmul-naive64-s1,train,matmul,matmul-naive64,0.05,2,28852,4103,0
matmul_train,global,rec+sd+ref+aging+sfreq+idle+age+dirty,matmul-naive64-s1,train,matmul,matmul-naive64,0.05,2,24576,4103,0
matmul_train,global,rec+sd+ref+aging+sfreq+idle+age+dirty+refaults+rdist,matmul-naive64-s1,train,matmul,matmul-naive64,0.05,2,153601,4007,1
matmul_train,global,rec+wr+ref+aging+sfreq+idle+age+dirty,matmul-naive64-s1,train,matmul,matmul-naive64,0.05,2,24576,4103,0
matmul_train,global,rec+wr+ref+aging+sfreq+idle+age+dirty+refaults+rdist,matmul-naive64-s1,train,matmul,matmul-naive64,0.05,2,24661,4103,0
matmul_train,global,freq+sd+ref+aging+sfreq+idle+age+dirty,matmul-naive64-s1,train,matmul,matmul-naive64,0.05,2,20953,4103,0
matmul_train,global,freq+sd+ref+aging+sfreq+idle+age+dirty+refaults+rdist,matmul-naive64-s1,train,matmul,matmul-naive64,0.05,2,149136,4103,0
matmul_train,global,freq+wr+ref+aging+sfreq+idle+age+dirty,matmul-naive64-s1,train,matmul,matmul-naive64,0.05,2,21447,4103,0
matmul_train,global,freq+wr+ref+aging+sfreq+idle+age+dirty+refaults+rdist,matmul-naive64-s1,train,matmul,matmul-naive64,0.05,2,20969,4103,0
matmul_train,global,sd+wr+ref+aging+sfreq+idle+age+dirty,matmul-naive64-s1,train,matmul,matmul-naive64,0.05,2,20484,4102,0
matmul_train,global,sd+wr+ref+aging+sfreq+idle+age+dirty+refaults+rdist,matmul-naive64-s1,train,matmul,matmul-naive64,0.05,2,22851,4103,0
matmul_train,global,rec+freq+sd+ref+aging+sfreq+idle+age+dirty,matmul-naive64-s1,train,matmul,matmul-naive64,0.05,2,37397,4103,0
matmul_train,global,rec+freq+sd+ref+aging+sfreq+idle+age+dirty+refaults+rdist,matmul-naive64-s1,train,matmul,matmul-naive64,0.05,2,130260,4103,0
matmul_train,global,rec+freq+wr+ref+aging+sfreq+idle+age+dirty,matmul-naive64-s1,train,matmul,matmul-naive64,0.05,2,37211,4103,0
matmul_train,global,rec+freq+wr+ref+aging+sfreq+idle+age+dirty+refaults+rdist,matmul-naive64-s1,train,matmul,matmul-naive64,0.05,2,28810,4103,0
matmul_train,global,rec+sd+wr+ref+aging+sfreq+idle+age+dirty,matmul-naive64-s1,train,matmul,matmul-naive64,0.05,2,24576,4103,0
matmul_train,global,rec+sd+wr+ref+aging+sfreq+idle+age+dirty+refaults+rdist,matmul-naive64-s1,train,matmul,matmul-naive64,0.05,2,153601,4020,1
matmul_train,global,freq+sd+wr+ref+aging+sfreq+idle+age+dirty,matmul-naive64-s1,train,matmul,matmul-naive64,0.05,2,20973,4103,0
matmul_train,global,freq+sd+wr+ref+aging+sfreq+idle+age+dirty+refaults+rdist,matmul-naive64-s1,train,matmul,matmul-naive64,0.05,2,153601,3165,1
matmul_train,global,rec+freq+sd+wr+ref+aging+sfreq+idle+age+dirty,matmul-naive64-s1,train,matmul,matmul-naive64,0.05,2,37563,4103,0
matmul_train,global,rec+freq+sd+wr+ref+aging+sfreq+idle+age+dirty+refaults+rdist,matmul-naive64-s1,train,matmul,matmul-naive64,0.05,2,124429,4103,0
matmul_train,matmul,rec,matmul-naive64-s1,train,matmul,matmul-naive64,0.1,2,24576,4103,0
matmul_train,matmul,freq,matmul-naive64-s1,train,matmul,matmul-naive64,0.1,2,153601,2181,1
matmul_train,matmul,sd,matmul-naive64-s1,train,matmul,matmul-naive64,0.1,2,24576,4103,0
matmul_train,matmul,wr,matmul-naive64-s1,train,matmul,matmul-naive64,0.1,2,28676,4103,0
matmul_train,matmul,rec+freq,matmul-naive64-s1,train,matmul,matmul-naive64,0.1,2,25036,4103,0
matmul_train,matmul,rec+sd,matmul-naive64-s1,train,matmul,matmul-naive64,0.1,2,24576,4103,0
matmul_train,matmul,rec+wr,matmul-naive64-s1,train,matmul,matmul-naive64,0.1,2,24576,4103,0
matmul_train,matmul,freq+sd,matmul-naive64-s1,train,matmul,matmul-naive64,0.1,2,24614,4103,0
matmul_train,matmul,freq+wr,matmul-naive64-s1,train,matmul,matmul-naive64,0.1,2,153601,2181,1
matmul_train,matmul,sd+wr,matmul-naive64-s1,train,matmul,matmul-naive64,0.1,2,24576,4103,0
matmul_train,matmul,rec+freq+sd,matmul-naive64-s1,train,matmul,matmul-naive64,0.1,2,24646,4103,0
matmul_train,matmul,rec+freq+wr,matmul-naive64-s1,train,matmul,matmul-naive64,0.1,2,24577,4103,0
matmul_train,matmul,rec+sd+wr,matmul-naive64-s1,train,matmul,matmul-naive64,0.1,2,24576,4103,0
matmul_train,matmul,freq+sd+wr,matmul-naive64-s1,train,matmul,matmul-naive64,0.1,2,24576,4103,0
matmul_train,matmul,rec+freq+sd+wr,matmul-naive64-s1,train,matmul,matmul-naive64,0.1,2,24576,4103,0
matmul_train,matmul,ref,matmul-naive64-s1,train,matmul,matmul-naive64,0.1,2,30720,4103,0
matmul_train,matmul,aging,matmul-naive64-s1,train,matmul,matmul-naive64,0.1,2,30720,4103,0
matmul_train,matmul,sfreq,matmul-naive64-s1,train,matmul,matmul-naive64,0.1,2,153601,1588,1
matmul_train,matmul,idle,matmul-naive64-s1,train,matmul,matmul-naive64,0.1,2,30720,4103,0
matmul_train,matmul,age,matmul-naive64-s1,train,matmul,matmul-naive64,0.1,2,153601,1588,1
matmul_train,matmul,dirty,matmul-naive64-s1,train,matmul,matmul-naive64,0.1,2,28676,4103,0
matmul_train,matmul,refaults,matmul-naive64-s1,train,matmul,matmul-naive64,0.1,2,153601,7,1
matmul_train,matmul,rdist,matmul-naive64-s1,train,matmul,matmul-naive64,0.1,2,153601,7,1
matmul_train,matmul,ref+aging,matmul-naive64-s1,train,matmul,matmul-naive64,0.1,2,30720,4103,0
matmul_train,matmul,ref+sfreq,matmul-naive64-s1,train,matmul,matmul-naive64,0.1,2,153601,2181,1
matmul_train,matmul,ref+idle,matmul-naive64-s1,train,matmul,matmul-naive64,0.1,2,30720,4103,0
matmul_train,matmul,ref+age,matmul-naive64-s1,train,matmul,matmul-naive64,0.1,2,153601,2181,1
matmul_train,matmul,ref+dirty,matmul-naive64-s1,train,matmul,matmul-naive64,0.1,2,28676,4103,0
matmul_train,matmul,ref+refaults,matmul-naive64-s1,train,matmul,matmul-naive64,0.1,2,27648,4103,0
matmul_train,matmul,ref+rdist,matmul-naive64-s1,train,matmul,matmul-naive64,0.1,2,153601,7,1
matmul_train,matmul,aging+sfreq,matmul-naive64-s1,train,matmul,matmul-naive64,0.1,2,153601,2181,1
matmul_train,matmul,aging+idle,matmul-naive64-s1,train,matmul,matmul-naive64,0.1,2,30720,4103,0
matmul_train,matmul,aging+age,matmul-naive64-s1,train,matmul,matmul-naive64,0.1,2,153601,2181,1
matmul_train,matmul,aging+dirty,matmul-naive64-s1,train,matmul,matmul-naive64,0.1,2,28676,4103,0
matmul_train,matmul,aging+refaults,matmul-naive64-s1,train,matmul,matmul-naive64,0.1,2,27648,4103,0
matmul_train,matmul,aging+rdist,matmul-naive64-s1,train,matmul,matmul-naive64,0.1,2,20506,4103,0
matmul_train,matmul,sfreq+idle,matmul-naive64-s1,train,matmul,matmul-naive64,0.1,2,20500,4103,0
matmul_train,matmul,sfreq+age,matmul-naive64-s1,train,matmul,matmul-naive64,0.1,2,153601,2181,1
matmul_train,matmul,sfreq+dirty,matmul-naive64-s1,train,matmul,matmul-naive64,0.1,2,153601,1588,1
matmul_train,matmul,sfreq+refaults,matmul-naive64-s1,train,matmul,matmul-naive64,0.1,2,153601,2181,1
matmul_train,matmul,sfreq+rdist,matmul-naive64-s1,train,matmul,matmul-naive64,0.1,2,153601,1588,1
matmul_train,matmul,idle+age,matmul-naive64-s1,train,matmul,matmul-naive64,0.1,2,20509,4103,0
matmul_train,matmul,idle+dirty,matmul-naive64-s1,train,matmul,matmul-naive64,0.1,2,28676,4103,0
matmul_train,matmul,idle+refaults,matmul-naive64-s1,train,matmul,matmul-naive64,0.1,2,27648,4103,0
matmul_train,matmul,idle+rdist,matmul-naive64-s1,train,matmul,matmul-naive64,0.1,2,20506,4103,0
matmul_train,matmul,age+dirty,matmul-naive64-s1,train,matmul,matmul-naive64,0.1,2,153601,1588,1
matmul_train,matmul,age+refaults,matmul-naive64-s1,train,matmul,matmul-naive64,0.1,2,153601,1588,1
matmul_train,matmul,age+rdist,matmul-naive64-s1,train,matmul,matmul-naive64,0.1,2,153601,1588,1
matmul_train,matmul,dirty+refaults,matmul-naive64-s1,train,matmul,matmul-naive64,0.1,2,115626,4102,0
matmul_train,matmul,dirty+rdist,matmul-naive64-s1,train,matmul,matmul-naive64,0.1,2,115626,4102,0
matmul_train,matmul,refaults+rdist,matmul-naive64-s1,train,matmul,matmul-naive64,0.1,2,153601,7,1
matmul_train,matmul,ref+aging+sfreq,matmul-naive64-s1,train,matmul,matmul-naive64,0.1,2,20503,4103,0
matmul_train,matmul,ref+aging+idle,matmul-naive64-s1,train,matmul,matmul-naive64,0.1,2,30720,4103,0
matmul_train,matmul,ref+aging+age,matmul-naive64-s1,train,matmul,matmul-naive64,0.1,2,20503,4103,0
matmul_train,matmul,ref+aging+dirty,matmul-naive64-s1,train,matmul,matmul-naive64,0.1,2,28676,4103,0
matmul_train,matmul,ref+aging+refaults,matmul-naive64-s1,train,matmul,matmul-naive64,0.1,2,27649,4103,0
matmul_train,matmul,ref+aging+rdist,matmul-naive64-s1,train,matmul,matmul-naive64,0.1,2,20524,4103,0
matmul_train,matmul,ref+sfreq+idle,matmul-naive64-s1,train,matmul,matmul-naive64,0.1,2,20503,4103,0
matmul_train,matmul,ref+sfreq+age,matmul-naive64-s1,train,matmul,matmul-naive64,0.1,2,153601,2181,1
matmul_train,matmul,ref+sfreq+dirty,matmul-naive64-s1,train,matmul,matmul-naive64,0.1,2,153601,2181,1
matmul_train,matmul,ref+sfreq+refaults,matmul-naive64-s1,train,matmul,matmul-naive64,0.1,2,153601,2181,1
matmul_train,matmul,ref+sfreq+rdist,matmul-naive64-s1,train,matmul,matmul-naive64,0.1,2,153601,181,1
matmul_train,matmul,ref+idle+age,matmul-naive64-s1,train,matmul,matmul-naive64,0.1,2,20503,4103,0
matmul_train,matmul,ref+idle+dirty,matmul-naive64-s1,train,matmul,matmul-naive64,0.1,2,28676,4103,0
matmul_train,matmul,ref+idle+refaults,matmul-naive64-s1,train,matmul,matmul-naive64,0.1,2,27648,4103,0
matmul_train,matmul,ref+idle+rdist,matmul-naive64-s1,train,matmul,matmul-naive64,0.1,2,20524,4103,0
matmul_train,matmul,ref+age+dirty,matmul-naive64-s1,train,matmul,matmul-naive64,0.1,2,153601,2181,1
matmul_train,matmul,ref+age+refaults,matmul-naive64-s1,train,matmul,matmul-naive64,0.1,2,153601,2181,1
matmul_train,matmul,ref+age+rdist,matmul-naive64-s1,train,matmul,matmul-naive64,0.1,2,153601,181,1
matmul_train,matmul,ref+dirty+refaults,matmul-naive64-s1,train,matmul,matmul-naive64,0.1,2,24579,4102,0
matmul_train,matmul,ref+dirty+rdist,matmul-naive64-s1,train,matmul,matmul-naive64,0.1,2,115626,4102,0
matmul_train,matmul,ref+refaults+rdist,matmul-naive64-s1,train,matmul,matmul-naive64,0.1,2,153601,7,1
matmul_train,matmul,aging+sfreq+idle,matmul-naive64-s1,train,matmul,matmul-naive64,0.1,2,153601,2181,1
matmul_train,matmul,aging+sfreq+age,matmul-naive64-s1,train,matmul,matmul-naive64,0.1,2,20488,4102,0
matmul_train,matmul,aging+sfreq+dirty,matmul-naive64-s1,train,matmul,matmul-naive64,0.1,2,153601,2181,1
matmul_train,matmul,aging+sfreq+refaults,matmul-naive64-s1,train,matmul,matmul-naive64,0.1,2,153601,2862,1
matmul_train,matmul,aging+sfreq+rdist,matmul-naive64-s1,train,matmul,matmul-naive64,0.1,2,153601,181,1
matmul_train,matmul,aging+idle+age,matmul-naive64-s1,train,matmul,matmul-naive64,0.1,2,153601,2181,1
matmul_train,matmul,aging+idle+dirty,matmul-naive64-s1,train,matmul,matmul-naive64,0.1,2,28676,4103,0
matmul_train,matmul,aging+idle+refaults,matmul-naive64-s1,train,matmul,matmul-naive64,0.1,2,27648,4103,0
matmul_train,matmul,aging+idle+rdist,matmul-naive64-s1,train,matmul,matmul-naive64,0.1,2,20506,4103,0
matmul_train,matmul,aging+age+dirty,matmul-naive64-s1,train,matmul,matmul-naive64,0.1,2,153601,2181,1
matmul_train,matmul,aging+age+refaults,matmul-naive64-s1,train,matmul,matmul-naive64,0.1,2,153601,2181,1
matmul_train,matmul,aging+age+rdist,matmul-naive64-s1,train,matmul,matmul-naive64,0.1,2,153601,181,1
matmul_train,matmul,aging+dirty+refaults,matmul-naive64-s1,train,matmul,matmul-naive64,0.1,2,24579,4102,0
matmul_train,matmul,aging+dirty+rdist,matmul-naive64-s1,train,matmul,matmul-naive64,0.1,2,115626,4102,0
matmul_train,matmul,aging+refaults+rdist,matmul-naive64-s1,train,matmul,matmul-naive64,0.1,2,20510,4103,0
matmul_train,matmul,sfreq+idle+age,matmul-naive64-s1,train,matmul,matmul-naive64,0.1,2,20488,4102,0
matmul_train,matmul,sfreq+idle+dirty,matmul-naive64-s1,train,matmul,matmul-naive64,0.1,2,20500,4103,0
matmul_train,matmul,sfreq+idle+refaults,matmul-naive64-s1,train,matmul,matmul-naive64,0.1,2,22400,4103,0
matmul_train,matmul,sfreq+idle+rdist,matmul-naive64-s1,train,matmul,matmul-naive64,0.1,2,20528,4102,0
matmul_train,matmul,sfreq+age+dirty,matmul-naive64-s1,train,matmul,matmul-naive64,0.1,2,153601,2181,1
matmul_train,matmul,sfreq+age+refaults,matmul-naive64-s1,train,matmul,matmul-naive64,0.1,2,153601,2181,1
matmul_train,matmul,sfreq+age+rdist,matmul-naive64-s1,train,matmul,matmul-naive64,0.1,2,153601,181,1
matmul_train,matmul,sfreq+dirty+refaults,matmul-naive64-s1,train,matmul,matmul-naive64,0.1,2,153601,2181,1
matmul_train,matmul,sfreq+dirty+rdist,matmul-naive64-s1,train,matmul,matmul-naive64,0.1,2,153601,1588,1
matmul_train,matmul,sfreq+refaults+rdist,matmul-naive64-s1,train,matmul,matmul-naive64,0.1,2,153601,1588,1
matmul_train,matmul,idle+age+dirty,matmul-naive64-s1,train,matmul,matmul-naive64,0.1,2,20509,4103,0
matmul_train,matmul,idle+age+refaults,matmul-naive64-s1,train,matmul,matmul-naive64,0.1,2,21625,4103,0
matmul_train,matmul,idle+age+rdist,matmul-naive64-s1,train,matmul,matmul-naive64,0.1,2,20518,4102,0
matmul_train,matmul,idle+dirty+refaults,matmul-naive64-s1,train,matmul,matmul-naive64,0.1,2,24579,4102,0
matmul_train,matmul,idle+dirty+rdist,matmul-naive64-s1,train,matmul,matmul-naive64,0.1,2,20497,4102,0
matmul_train,matmul,idle+refaults+rdist,matmul-naive64-s1,train,matmul,matmul-naive64,0.1,2,20509,4103,0
matmul_train,matmul,age+dirty+refaults,matmul-naive64-s1,train,matmul,matmul-naive64,0.1,2,153601,1588,1
matmul_train,matmul,age+dirty+rdist,matmul-naive64-s1,train,matmul,matmul-naive64,0.1,2,153601,1588,1
matmul_train,matmul,age+refaults+rdist,matmul-naive64-s1,train,matmul,matmul-naive64,0.1,2,153601,1588,1
matmul_train,matmul,dirty+refaults+rdist,matmul-naive64-s1,train,matmul,matmul-naive64,0.1,2,115626,4102,0
matmul_train,matmul,ref+aging+sfreq+idle,matmul-naive64-s1,train,matmul,matmul-naive64,0.1,2,20503,4103,0
matmul_train,matmul,ref+aging+sfreq+age,matmul-naive64-s1,train,matmul,matmul-naive64,0.1,2,20488,4102,0
matmul_train,matmul,ref+aging+sfreq+dirty,matmul-naive64-s1,train,matmul,matmul-naive64,0.1,2,20503,4103,0
matmul_train,matmul,ref+aging+sfreq+refaults,matmul-naive64-s1,train,matmul,matmul-naive64,0.1,2,22107,4103,0
matmul_train,matmul,ref+aging+sfreq+rdist,matmul-naive64-s1,train,matmul,matmul-naive64,0.1,2,20616,4102,0
matmul_train,matmul,ref+aging+idle+age,matmul-naive64-s1,train,matmul,matmul-naive64,0.1,2,20503,4103,0
matmul_train,matmul,ref+aging+idle+dirty,matmul-naive64-s1,train,matmul,matmul-naive64,0.1,2,28676,4103,0
matmul_train,matmul,ref+aging+idle+refaults,matmul-naive64-s1,train,matmul,matmul-naive64,0.1,2,27650,4103,0
matmul_train,matmul,ref+aging+idle+rdist,matmul-naive64-s1,train,matmul,matmul-naive64,0.1,2,20524,4103,0
matmul_train,matmul,ref+aging+age+dirty,matmul-naive64-s1,train,matmul,matmul-naive64,0.1,2,20503,4103,0
matmul_train,matmul,ref+aging+age+refaults,matmul-naive64-s1,train,matmul,matmul-naive64,0.1,2,21435,4103,0
matmul_train,matmul,ref+aging+age+rdist,matmul-naive64-s1,train,matmul,matmul-naive64,0.1,2,20616,4102,0
matmul_train,matmul,ref+aging+dirty+refaults,matmul-naive64-s1,train,matmul,matmul-naive64,0.1,2,24579,4102,0
matmul_train,matmul,ref+aging+dirty+rdist,matmul-naive64-s1,train,matmul,matmul-naive64,0.1,2,20497,4102,0
matmul_train,matmul,ref+aging+refaults+rdist,matmul-naive64-s1,train,matmul,matmul-naive64,0.1,2,20503,4103,0
matmul_train,matmul,ref+sfreq+idle+age,matmul-naive64-s1,train,matmul,matmul-naive64,0.1,2,20488,4102,0
matmul_train,matmul,ref+sfreq+idle+dirty,matmul-naive64-s1,train,matmul,matmul-naive64,0.1,2,20503,4103,0
matmul_train,matmul,ref+sfreq+idle+refaults,matmul-naive64-s1,train,matmul,matmul-naive64,0.1,2,22322,4103,0
matmul_train,matmul,ref+sfreq+idle+rdist,matmul-naive64-s1,train,matmul,matmul-naive64,0.1,2,20506,4102,0
matmul_train,matmul,ref+sfreq+age+dirty,matmul-naive64-s1,train,matmul,matmul-naive64,0.1,2,153601,2181,1
matmul_train,matmul,ref+sfreq+age+refaults,matmul-naive64-s1,train,matmul,matmul-naive64,0.1,2,153601,2180,1
matmul_train,matmul,ref+sfreq+age+rdist,matmul-naive64-s1,train,matmul,matmul-naive64,0.1,2,153601,181,1
matmul_train,matmul,ref+sfreq+dirty+refaults,matmul-naive64-s1,train,matmul,matmul-naive64,0.1,2,153601,2181,1
matmul_train,matmul,ref+sfreq+dirty+rdist,matmul-naive64-s1,train,matmul,matmul-naive64,0.1,2,153601,1573,1
matmul_train,matmul,ref+sfreq+refaults+rdist,matmul-naive64-s1,train,matmul,matmul-naive64,0.1,2,153601,181,1
matmul_train,matmul,ref+idle+age+dirty,matmul-naive64-s1,train,matmul,matmul-naive64,0.1,2,20503,4103,0
matmul_train,matmul,ref+idle+age+refaults,matmul-naive64-s1,train,matmul,matmul-naive64,0.1,2,21579,4103,0
matmul_train,matmul,ref+idle+age+rdist,matmul-naive64-s1,train,matmul,matmul-naive64,0.1,2,20501,4102,0
matmul_train,matmul,ref+idle+dirty+refaults,matmul-naive64-s1,train,matmul,matmul-naive64,0.1,2,24579,4102,0
matmul_train,matmul,ref+idle+dirty+rdist,matmul-naive64-s1,train,matmul,matmul-naive64,0.1,2,20497,4102,0
matmul_train,matmul,ref+idle+refaults+rdist,matmul-naive64-s1,train,matmul,matmul-naive64,0.1,2,20509,4103,0
matmul_train,matmul,ref+age+dirty+refaults,matmul-naive64-s1,train,matmul,matmul-naive64,0.1,2,153601,2181,1
matmul_train,matmul,ref+age+dirty+rdist,matmul-naive64-s1,train,matmul,matmul-naive64,0.1,2,153601,1573,1
matmul_train,matmul,ref+age+refaults+rdist,matmul-naive64-s1,train,matmul,matmul-naive64,0.1,2,153601,181,1
matmul_train,matmul,ref+dirty+refaults+rdist,matmul-naive64-s1,train,matmul,matmul-naive64,0.1,2,115626,4102,0
matmul_train,matmul,aging+sfreq+idle+age,matmul-naive64-s1,train,matmul,matmul-naive64,0.1,2,20488,4102,0
matmul_train,matmul,aging+sfreq+idle+dirty,matmul-naive64-s1,train,matmul,matmul-naive64,0.1,2,20500,4103,0
matmul_train,matmul,aging+sfreq+idle+refaults,matmul-naive64-s1,train,matmul,matmul-naive64,0.1,2,93068,4103,0
matmul_train,matmul,aging+sfreq+idle+rdist,matmul-naive64-s1,train,matmul,matmul-naive64,0.1,2,153601,181,1
matmul_train,matmul,aging+sfreq+age+dirty,matmul-naive64-s1,train,matmul,matmul-naive64,0.1,2,20488,4102,0
matmul_train,matmul,aging+sfreq+age+refaults,matmul-naive64-s1,train,matmul,matmul-naive64,0.1,2,20508,4103,0
matmul_train,matmul,aging+sfreq+age+rdist,matmul-naive64-s1,train,matmul,matmul-naive64,0.1,2,153601,181,1
matmul_train,matmul,aging+sfreq+dirty+refaults,matmul-naive64-s1,train,matmul,matmul-naive64,0.1,2,153601,2181,1
matmul_train,matmul,aging+sfreq+dirty+rdist,matmul-naive64-s1,train,matmul,matmul-naive64,0.1,2,153601,1573,1
matmul_train,matmul,aging+sfreq+refaults+rdist,matmul-naive64-s1,train,matmul,matmul-naive64,0.1,2,153601,3166,1
matmul_train,matmul,aging+idle+age+dirty,matmul-naive64-s1,train,matmul,matmul-naive64,0.1,2,20509,4103,0
matmul_train,matmul,aging+idle+age+refaults,matmul-naive64-s1,train,matmul,matmul-naive64,0.1,2,21609,4103,0
matmul_train,matmul,aging+idle+age+rdist,matmul-naive64-s1,train,matmul,matmul-naive64,0.1,2,153601,181,1
matmul_train,matmul,aging+idle+dirty+refaults,matmul-naive64-s1,train,matmul,matmul-naive64,0.1,2,24579,4102,0
matmul_train,matmul,aging+idle+dirty+rdist,matmul-naive64-s1,train,matmul,matmul-naive64,0.1,2,20497,4102,0
matmul_train,matmul,aging+idle+refaults+rdist,matmul-naive64-s1,train,matmul,matmul-naive64,0.1,2,153601,7,1
matmul_train,matmul,aging+age+dirty+refaults,matmul-naive64-s1,train,matmul,matmul-naive64,0.1,2,153601,2181,1
matmul_train,matmul,aging+age+dirty+rdist,matmul-naive64-s1,train,matmul,matmul-naive64,0.1,2,153601,1573,1
matmul_train,matmul,aging+age+refaults+rdist,matmul-naive64-s1,train,matmul,matmul-naive64,0.1,2,153601,3166,1
matmul_train,matmul,aging+dirty+refaults+rdist,matmul-naive64-s1,train,matmul,matmul-naive64,0.1,2,115626,4102,0
matmul_train,matmul,sfreq+idle+age+dirty,matmul-naive64-s1,train,matmul,matmul-naive64,0.1,2,20488,4102,0
matmul_train,matmul,sfreq+idle+age+refaults,matmul-naive64-s1,train,matmul,matmul-naive64,0.1,2,20508,4103,0
matmul_train,matmul,sfreq+idle+age+rdist,matmul-naive64-s1,train,matmul,matmul-naive64,0.1,2,20503,4102,0
matmul_train,matmul,sfreq+idle+dirty+refaults,matmul-naive64-s1,train,matmul,matmul-naive64,0.1,2,22095,4103,0
matmul_train,matmul,sfreq+idle+dirty+rdist,matmul-naive64-s1,train,matmul,matmul-naive64,0.1,2,20568,4102,0
matmul_train,matmul,sfreq+idle+refaults+rdist,matmul-naive64-s1,train,matmul,matmul-naive64,0.1,2,20553,4103,0
matmul_train,matmul,sfreq+age+dirty+refaults,matmul-naive64-s1,train,matmul,matmul-naive64,0.1,2,153601,2181,1
matmul_train,matmul,sfreq+age+dirty+rdist,matmul-naive64-s1,train,matmul,matmul-naive64,0.1,2,153601,1572,1
matmul_train,matmul,sfreq+age+refaults+rdist,matmul-naive64-s1,train,matmul,matmul-naive64,0.1,2,153601,2181,1
matmul_train,matmul,sfreq+dirty+refaults+rdist,matmul-naive64-s1,train,matmul,matmul-naive64,0.1,2,153601,1588,1
matmul_train,matmul,idle+age+dirty+refaults,matmul-naive64-s1,train,matmul,matmul-naive64,0.1,2,21453,4103,0
matmul_train,matmul,idle+age+dirty+rdist,matmul-naive64-s1,train,matmul,matmul-naive64,0.1,2,20530,4102,0
matmul_train,matmul,idle+age+refaults+rdist,matmul-naive64-s1,train,matmul,matmul-naive64,0.1,2,20547,4103,0
matmul_train,matmul,idle+dirty+refaults+rdist,matmul-naive64-s1,train,matmul,matmul-naive64,0.1,2,20499,4102,0
matmul_train,matmul,age+dirty+refaults+rdist,matmul-naive64-s1,train,matmul,matmul-naive64,0.1,2,153601,1588,1
matmul_train,matmul,ref+aging+sfreq+idle+age,matmul-naive64-s1,train,matmul,matmul-naive64,0.1,2,20488,4102,0
matmul_train,matmul,ref+aging+sfreq+idle+dirty,matmul-naive64-s1,train,matmul,matmul-naive64,0.1,2,20503,4103,0
matmul_train,matmul,ref+aging+sfreq+idle+refaults,matmul-naive64-s1,train,matmul,matmul-naive64,0.1,2,153601,3165,1
matmul_train,matmul,ref+aging+sfreq+idle+rdist,matmul-naive64-s1,train,matmul,matmul-naive64,0.1,2,153601,3166,1
matmul_train,matmul,ref+aging+sfreq+age+dirty,matmul-naive64-s1,train,matmul,matmul-naive64,0.1,2,20486,4102,0
matmul_train,matmul,ref+aging+sfreq+age+refaults,matmul-naive64-s1,train,matmul,matmul-naive64,0.1,2,20503,4103,0
matmul_train,matmul,ref+aging+sfreq+age+rdist,matmul-naive64-s1,train,matmul,matmul-naive64,0.1,2,20490,4102,0
matmul_train,matmul,ref+aging+sfreq+dirty+refaults,matmul-naive64-s1,train,matmul,matmul-naive64,0.1,2,21651,4103,0
matmul_train,matmul,ref+aging+sfreq+dirty+rdist,matmul-naive64-s1,train,matmul,matmul-naive64,0.1,2,147465,4102,0
matmul_train,matmul,ref+aging+sfreq+refaults+rdist,matmul-naive64-s1,train,matmul,matmul-naive64,0.1,2,153601,3166,1
matmul_train,matmul,ref+aging+idle+age+dirty,matmul-naive64-s1,train,matmul,matmul-naive64,0.1,2,20503,4103,0
matmul_train,matmul,ref+aging+idle+age+refaults,matmul-naive64-s1,train,matmul,matmul-naive64,0.1,2,21331,4103,0
matmul_train,matmul,ref+aging+idle+age+rdist,matmul-naive64-s1,train,matmul,matmul-naive64,0.1,2,153601,3166,1
matmul_train,matmul,ref+aging+idle+dirty+refaults,matmul-naive64-s1,train,matmul,matmul-naive64,0.1,2,24579,4102,0
matmul_train,matmul,ref+aging+idle+dirty+rdist,matmul-naive64-s1,train,matmul,matmul-naive64,0.1,2,20497,4102,0
matmul_train,matmul,ref+aging+idle+refaults+rdist,matmul-naive64-s1,train,matmul,matmul-naive64,0.1,2,20503,4103,0
matmul_train,matmul,ref+aging+age+dirty+refaults,matmul-naive64-s1,train,matmul,matmul-naive64,0.1,2,21195,4103,0
matmul_train,matmul,ref+aging+age+dirty+rdist,matmul-naive64-s1,train,matmul,matmul-naive64,0.1,2,153601,3166,1
matmul_train,matmul,ref+aging+age+refaults+rdist,matmul-naive64-s1,train,matmul,matmul-naive64,0.1,2,20547,4103,0
matmul_train,matmul,ref+aging+dirty+refaults+rdist,matmul-naive64-s1,train,matmul,matmul-naive64,0.1,2,20497,4102,0
matmul_train,matmul,ref+sfreq+idle+age+dirty,matmul-naive64-s1,train,matmul,matmul-naive64,0.1,2,20488,4102,0
matmul_train,matmul,ref+sfreq+idle+age+refaults,matmul-naive64-s1,train,matmul,matmul-naive64,0.1,2,20507,4103,0
matmul_train,matmul,ref+sfreq+idle+age+rdist,matmul-naive64-s1,train,matmul,matmul-naive64,0.1,2,20493,4102,0
matmul_train,matmul,ref+sfreq+idle+dirty+refaults,matmul-naive64-s1,train,matmul,matmul-naive64,0.1,2,21927,4103,0
matmul_train,matmul,ref+sfreq+idle+dirty+rdist,matmul-naive64-s1,train,matmul,matmul-naive64,0.1,2,20498,4102,0
matmul_train,matmul,ref+sfreq+idle+refaults+rdist,matmul-naive64-s1,train,matmul,matmul-naive64,0.1,2,20547,4103,0
matmul_train,matmul,ref+sfreq+age+dirty+refaults,matmul-naive64-s1,train,matmul,matmul-naive64,0.1,2,153601,2181,1
matmul_train,matmul,ref+sfreq+age+dirty+rdist,matmul-naive64-s1,train,matmul,matmul-naive64,0.1,2,153601,1573,1
matmul_train,matmul,ref+sfreq+age+refaults+rdist,matmul-naive64-s1,train,matmul,matmul-naive64,0.1,2,153601,181,1
matmul_train,matmul,ref+sfreq+dirty+refaults+rdist,matmul-naive64-s1,train,matmul,matmul-naive64,0.1,2,153601,1573,1
matmul_train,matmul,ref+idle+age+dirty+refaults,matmul-naive64-s1,train,matmul,matmul-naive64,0.1,2,21355,4103,0
matmul_train,matmul,ref+idle+age+dirty+rdist,matmul-naive64-s1,train,matmul,matmul-naive64,0.1,2,20499,4102,0
matmul_train,matmul,ref+idle+age+refaults+rdist,matmul-naive64-s1,train,matmul,matmul-naive64,0.1,2,20547,4103,0
matmul_train,matmul,ref+idle+dirty+refaults+rdist,matmul-naive64-s1,train,matmul,matmul-naive64,0.1,2,20497,4102,0
matmul_train,matmul,ref+age+dirty+refaults+rdist,matmul-naive64-s1,train,matmul,matmul-naive64,0.1,2,153601,1573,1
matmul_train,matmul,aging+sfreq+idle+age+dirty,matmul-naive64-s1,train,matmul,matmul-naive64,0.1,2,20488,4102,0
matmul_train,matmul,aging+sfreq+idle+age+refaults,matmul-naive64-s1,train,matmul,matmul-naive64,0.1,2,20508,4103,0
matmul_train,matmul,aging+sfreq+idle+age+rdist,matmul-naive64-s1,train,matmul,matmul-naive64,0.1,2,153601,181,1
matmul_train,matmul,aging+sfreq+idle+dirty+refaults,matmul-naive64-s1,train,matmul,matmul-naive64,0.1,2,22113,4103,0
matmul_train,matmul,aging+sfreq+idle+dirty+rdist,matmul-naive64-s1,train,matmul,matmul-naive64,0.1,2,20507,4102,0
matmul_train,matmul,aging+sfreq+idle+refaults+rdist,matmul-naive64-s1,train,matmul,matmul-naive64,0.1,2,20868,4103,0
matmul_train,matmul,aging+sfreq+age+dirty+refaults,matmul-naive64-s1,train,matmul,matmul-naive64,0.1,2,20508,4103,0
matmul_train,matmul,aging+sfreq+age+dirty+rdist,matmul-naive64-s1,train,matmul,matmul-naive64,0.1,2,153601,1573,1
matmul_train,matmul,aging+sfreq+age+refaults+rdist,matmul-naive64-s1,train,matmul,matmul-naive64,0.1,2,153601,181,1
matmul_train,matmul,aging+sfreq+dirty+refaults+rdist,matmul-naive64-s1,train,matmul,matmul-naive64,0.1,2,153601,1573,1
matmul_train,matmul,aging+idle+age+dirty+refaults,matmul-naive64-s1,train,matmul,matmul-naive64,0.1,2,21457,4103,0
matmul_train,matmul,aging+idle+age+dirty+rdist,matmul-naive64-s1,train,matmul,matmul-naive64,0.1,2,20508,4102,0
matmul_train,matmul,aging+idle+age+refaults+rdist,matmul-naive64-s1,train,matmul,matmul-naive64,0.1,2,20561,4103,0
matmul_train,matmul,aging+idle+dirty+refaults+rdist,matmul-naive64-s1,train,matmul,matmul-naive64,0.1,2,20497,4102,0
matmul_train,matmul,aging+age+dirty+refaults+rdist,matmul-naive64-s1,train,matmul,matmul-naive64,0.1,2,153601,1573,1
matmul_train,matmul,sfreq+idle+age+dirty+refaults,matmul-naive64-s1,train,matmul,matmul-naive64,0.1,2,20508,4103,0
matmul_train,matmul,sfreq+idle+age+dirty+rdist,matmul-naive64-s1,train,matmul,matmul-naive64,0.1,2,20493,4102,0
matmul_train,matmul,sfreq+idle+age+refaults+rdist,matmul-naive64-s1,train,matmul,matmul-naive64,0.1,2,20494,4102,0
matmul_train,matmul,sfreq+idle+dirty+refaults+rdist,matmul-naive64-s1,train,matmul,matmul-naive64,0.1,2,20534,4103,0
matmul_train,matmul,sfreq+age+dirty+refaults+rdist,matmul-naive64-s1,train,matmul,matmul-naive64,0.1,2,153601,1572,1
matmul_train,matmul,idle+age+dirty+refaults+rdist,matmul-naive64-s1,train,matmul,matmul-naive64,0.1,2,20526,4103,0
matmul_train,matmul,ref+aging+sfreq+idle+age+dirty,matmul-naive64-s1,train,matmul,matmul-naive64,0.1,2,20488,4102,0
matmul_train,matmul,ref+aging+sfreq+idle+age+refaults,matmul-naive64-s1,train,matmul,matmul-naive64,0.1,2,20503,4103,0
matmul_train,matmul,ref+aging+sfreq+idle+age+rdist,matmul-naive64-s1,train,matmul,matmul-naive64,0.1,2,153601,181,1
matmul_train,matmul,ref+aging+sfreq+idle+dirty+refaults,matmul-naive64-s1,train,matmul,matmul-naive64,0.1,2,21539,4103,0
matmul_train,matmul,ref+aging+sfreq+idle+dirty+rdist,matmul-naive64-s1,train,matmul,matmul-naive64,0.1,2,147465,4102,0
matmul_train,matmul,ref+aging+sfreq+idle+refaults+rdist,matmul-naive64-s1,train,matmul,matmul-naive64,0.1,2,153601,3166,1
matmul_train,matmul,ref+aging+sfreq+age+dirty+refaults,matmul-naive64-s1,train,matmul,matmul-naive64,0.1,2,20503,4103,0
matmul_train,matmul,ref+aging+sfreq+age+dirty+rdist,matmul-naive64-s1,train,matmul,matmul-naive64,0.1,2,153601,1588,1
matmul_train,matmul,ref+aging+sfreq+age+refaults+rdist,matmul-naive64-s1,train,matmul,matmul-naive64,0.1,2,20490,4102,0
matmul_train,matmul,ref+aging+sfreq+dirty+refaults+rdist,matmul-naive64-s1,train,matmul,matmul-naive64,0.1,2,153601,3166,1
matmul_train,matmul,ref+aging+idle+age+dirty+refaults,matmul-naive64-s1,train,matmul,matmul-naive64,0.1,2,21139,4103,0
matmul_train,matmul,ref+aging+idle+age+dirty+rdist,matmul-naive64-s1,train,matmul,matmul-naive64,0.1,2,153601,3166,1
matmul_train,matmul,ref+aging+idle+age+refaults+rdist,matmul-naive64-s1,train,matmul,matmul-naive64,0.1,2,153601,3166,1
matmul_train,matmul,ref+aging+idle+dirty+refaults+rdist,matmul-naive64-s1,train,matmul,matmul-naive64,0.1,2,20497,4102,0
matmul_train,matmul,ref+aging+age+dirty+refaults+rdist,matmul-naive64-s1,train,matmul,matmul-naive64,0.1,2,153601,3166,1
matmul_train,matmul,ref+sfreq+idle+age+dirty+refaults,matmul-naive64-s1,train,matmul,matmul-naive64,0.1,2,20503,4103,0
matmul_train,matmul,ref+sfreq+idle+age+dirty+rdist,matmul-naive64-s1,train,matmul,matmul-naive64,0.1,2,20490,4102,0
matmul_train,matmul,ref+sfreq+idle+age+refaults+rdist,matmul-naive64-s1,train,matmul,matmul-naive64,0.1,2,20490,4102,0
matmul_train,matmul,ref+sfreq+idle+dirty+refaults+rdist,matmul-naive64-s1,train,matmul,matmul-naive64,0.1,2,20502,4102,0
matmul_train,matmul,ref+sfreq+age+dirty+refaults+rdist,matmul-naive64-s1,train,matmul,matmul-naive64,0.1,2,153601,1573,1
matmul_train,matmul,ref+idle+age+dirty+refaults+rdist,matmul-naive64-s1,train,matmul,matmul-naive64,0.1,2,20500,4102,0
matmul_train,matmul,aging+sfreq+idle+age+dirty+refaults,matmul-naive64-s1,train,matmul,matmul-naive64,0.1,2,20508,4103,0
matmul_train,matmul,aging+sfreq+idle+age+dirty+rdist,matmul-naive64-s1,train,matmul,matmul-naive64,0.1,2,153601,1573,1
matmul_train,matmul,aging+sfreq+idle+age+refaults+rdist,matmul-naive64-s1,train,matmul,matmul-naive64,0.1,2,153601,181,1
matmul_train,matmul,aging+sfreq+idle+dirty+refaults+rdist,matmul-naive64-s1,train,matmul,matmul-naive64,0.1,2,20520,4103,0
matmul_train,matmul,aging+sfreq+age+dirty+refaults+rdist,matmul-naive64-s1,train,matmul,matmul-naive64,0.1,2,153601,1573,1
matmul_train,matmul,aging+idle+age+dirty+refaults+rdist,matmul-naive64-s1,train,matmul,matmul-naive64,0.1,2,20520,4103,0
matmul_train,matmul,sfreq+idle+age+dirty+refaults+rdist,matmul-naive64-s1,train,matmul,matmul-naive64,0.1,2,20490,4102,0
matmul_train,matmul,ref+aging+sfreq+idle+age+dirty+refaults,matmul-naive64-s1,train,matmul,matmul-naive64,0.1,2,20503,4103,0
matmul_train,matmul,ref+aging+sfreq+idle+age+dirty+rdist,matmul-naive64-s1,train,matmul,matmul-naive64,0.1,2,153601,1588,1
matmul_train,matmul,ref+aging+sfreq+idle+age+refaults+rdist,matmul-naive64-s1,train,matmul,matmul-naive64,0.1,2,20490,4102,0
matmul_train,matmul,ref+aging+sfreq+idle+dirty+refaults+rdist,matmul-naive64-s1,train,matmul,matmul-naive64,0.1,2,20522,4102,0
matmul_train,matmul,ref+aging+sfreq+age+dirty+refaults+rdist,matmul-naive64-s1,train,matmul,matmul-naive64,0.1,2,20488,4102,0
matmul_train,matmul,ref+aging+idle+age+dirty+refaults+rdist,matmul-naive64-s1,train,matmul,matmul-naive64,0.1,2,20508,4102,0
matmul_train,matmul,ref+sfreq+idle+age+dirty+refaults+rdist,matmul-naive64-s1,train,matmul,matmul-naive64,0.1,2,20488,4102,0
matmul_train,matmul,aging+sfreq+idle+age+dirty+refaults+rdist,matmul-naive64-s1,train,matmul,matmul-naive64,0.1,2,20490,4102,0
matmul_train,matmul,ref+aging+sfreq+idle+age+dirty+refaults+rdist,matmul-naive64-s1,train,matmul,matmul-naive64,0.1,2,20488,4102,0
matmul_train,matmul,rec+ref+aging+sfreq+idle+age+dirty,matmul-naive64-s1,train,matmul,matmul-naive64,0.1,2,20484,4102,0
matmul_train,matmul,rec+ref+aging+sfreq+idle+age+dirty+refaults+rdist,matmul-naive64-s1,train,matmul,matmul-naive64,0.1,2,20484,4102,0
matmul_train,matmul,freq+ref+aging+sfreq+idle+age+dirty,matmul-naive64-s1,train,matmul,matmul-naive64,0.1,2,20499,4103,0
matmul_train,matmul,freq+ref+aging+sfreq+idle+age+dirty+refaults+rdist,matmul-naive64-s1,train,matmul,matmul-naive64,0.1,2,20488,4102,0
matmul_train,matmul,sd+ref+aging+sfreq+idle+age+dirty,matmul-naive64-s1,train,matmul,matmul-naive64,0.1,2,20496,4103,0
matmul_train,matmul,sd+ref+aging+sfreq+idle+age+dirty+refaults+rdist,matmul-naive64-s1,train,matmul,matmul-naive64,0.1,2,20484,4102,0
matmul_train,matmul,wr+ref+aging+sfreq+idle+age+dirty,matmul-naive64-s1,train,matmul,matmul-naive64,0.1,2,20488,4102,0
matmul_train,matmul,wr+ref+aging+sfreq+idle+age+dirty+refaults+rdist,matmul-naive64-s1,train,matmul,matmul-naive64,0.1,2,20488,4102,0
matmul_train,matmul,rec+freq+ref+aging+sfreq+idle+age+dirty,matmul-naive64-s1,train,matmul,matmul-naive64,0.1,2,20484,4102,0
matmul_train,matmul,rec+freq+ref+aging+sfreq+idle+age+dirty+refaults+rdist,matmul-naive64-s1,train,matmul,matmul-naive64,0.1,2,20484,4102,0
matmul_train,matmul,rec+sd+ref+aging+sfreq+idle+age+dirty,matmul-naive64-s1,train,matmul,matmul-naive64,0.1,2,20488,4103,0
matmul_train,matmul,rec+sd+ref+aging+sfreq+idle+age+dirty+refaults+rdist,matmul-naive64-s1,train,matmul,matmul-naive64,0.1,2,20484,4102,0
matmul_train,matmul,rec+wr+ref+aging+sfreq+idle+age+dirty,matmul-naive64-s1,train,matmul,matmul-naive64,0.1,2,20484,4102,0
matmul_train,matmul,rec+wr+ref+aging+sfreq+idle+age+dirty+refaults+rdist,matmul-naive64-s1,train,matmul,matmul-naive64,0.1,2,20484,4102,0
matmul_train,matmul,freq+sd+ref+aging+sfreq+idle+age+dirty,matmul-naive64-s1,train,matmul,matmul-naive64,0.1,2,20763,4103,0
matmul_train,matmul,freq+sd+ref+aging+sfreq+idle+age+dirty+refaults+rdist,matmul-naive64-s1,train,matmul,matmul-naive64,0.1,2,20484,4102,0
matmul_train,matmul,freq+wr+ref+aging+sfreq+idle+age+dirty,matmul-naive64-s1,train,matmul,matmul-naive64,0.1,2,20488,4102,0
matmul_train,matmul,freq+wr+ref+aging+sfreq+idle+age+dirty+refaults+rdist,matmul-naive64-s1,train,matmul,matmul-naive64,0.1,2,20488,4102,0
matmul_train,matmul,sd+wr+ref+aging+sfreq+idle+age+dirty,matmul-naive64-s1,train,matmul,matmul-naive64,0.1,2,20500,4103,0
matmul_train,matmul,sd+wr+ref+aging+sfreq+idle+age+dirty+refaults+rdist,matmul-naive64-s1,train,matmul,matmul-naive64,0.1,2,20484,4102,0
matmul_train,matmul,rec+freq+sd+ref+aging+sfreq+idle+age+dirty,matmul-naive64-s1,train,matmul,matmul-naive64,0.1,2,20653,4103,0
matmul_train,matmul,rec+freq+sd+ref+aging+sfreq+idle+age+dirty+refaults+rdist,matmul-naive64-s1,train,matmul,matmul-naive64,0.1,2,20484,4102,0
matmul_train,matmul,rec+freq+wr+ref+aging+sfreq+idle+age+dirty,matmul-naive64-s1,train,matmul,matmul-naive64,0.1,2,20484,4102,0
matmul_train,matmul,rec+freq+wr+ref+aging+sfreq+idle+age+dirty+refaults+rdist,matmul-naive64-s1,train,matmul,matmul-naive64,0.1,2,20484,4102,0
matmul_train,matmul,rec+sd+wr+ref+aging+sfreq+idle+age+dirty,matmul-naive64-s1,train,matmul,matmul-naive64,0.1,2,20488,4103,0
matmul_train,matmul,rec+sd+wr+ref+aging+sfreq+idle+age+dirty+refaults+rdist,matmul-naive64-s1,train,matmul,matmul-naive64,0.1,2,20484,4102,0
matmul_train,matmul,freq+sd+wr+ref+aging+sfreq+idle+age+dirty,matmul-naive64-s1,train,matmul,matmul-naive64,0.1,2,20501,4103,0
matmul_train,matmul,freq+sd+wr+ref+aging+sfreq+idle+age+dirty+refaults+rdist,matmul-naive64-s1,train,matmul,matmul-naive64,0.1,2,20484,4102,0
matmul_train,matmul,rec+freq+sd+wr+ref+aging+sfreq+idle+age+dirty,matmul-naive64-s1,train,matmul,matmul-naive64,0.1,2,20489,4103,0
matmul_train,matmul,rec+freq+sd+wr+ref+aging+sfreq+idle+age+dirty+refaults+rdist,matmul-naive64-s1,train,matmul,matmul-naive64,0.1,2,20484,4102,0
matmul_train,global,rec,matmul-naive64-s1,train,matmul,matmul-naive64,0.1,2,24576,4103,0
matmul_train,global,freq,matmul-naive64-s1,train,matmul,matmul-naive64,0.1,2,153601,2181,1
matmul_train,global,sd,matmul-naive64-s1,train,matmul,matmul-naive64,0.1,2,24576,4103,0
matmul_train,global,wr,matmul-naive64-s1,train,matmul,matmul-naive64,0.1,2,28676,4103,0
matmul_train,global,rec+freq,matmul-naive64-s1,train,matmul,matmul-naive64,0.1,2,25576,4103,0
matmul_train,global,rec+sd,matmul-naive64-s1,train,matmul,matmul-naive64,0.1,2,24576,4103,0
matmul_train,global,rec+wr,matmul-naive64-s1,train,matmul,matmul-naive64,0.1,2,24576,4103,0
matmul_train,global,freq+sd,matmul-naive64-s1,train,matmul,matmul-naive64,0.1,2,25167,4103,0
matmul_train,global,freq+wr,matmul-naive64-s1,train,matmul,matmul-naive64,0.1,2,153601,2181,1
matmul_train,global,sd+wr,matmul-naive64-s1,train,matmul,matmul-naive64,0.1,2,24576,4103,0
matmul_train,global,rec+freq+sd,matmul-naive64-s1,train,matmul,matmul-naive64,0.1,2,29568,4103,0
matmul_train,global,rec+freq+wr,matmul-naive64-s1,train,matmul,matmul-naive64,0.1,2,25588,4103,0
matmul_train,global,rec+sd+wr,matmul-naive64-s1,train,matmul,matmul-naive64,0.1,2,24576,4103,0
matmul_train,global,freq+sd+wr,matmul-naive64-s1,train,matmul,matmul-naive64,0.1,2,25167,4103,0
matmul_train,global,rec+freq+sd+wr,matmul-naive64-s1,train,matmul,matmul-naive64,0.1,2,29569,4103,0
matmul_train,global,ref,matmul-naive64-s1,train,matmul,matmul-naive64,0.1,2,30720,4103,0
matmul_train,global,aging,matmul-naive64-s1,train,matmul,matmul-naive64,0.1,2,30720,4103,0
matmul_train,global,sfreq,matmul-naive64-s1,train,matmul,matmul-naive64,0.1,2,153601,1588,1
matmul_train,global,idle,matmul-naive64-s1,train,matmul,matmul-naive64,0.1,2,30720,4103,0
matmul_train,global,age,matmul-naive64-s1,train,matmul,matmul-naive64,0.1,2,30720,4103,0
matmul_train,global,dirty,matmul-naive64-s1,train,matmul,matmul-naive64,0.1,2,28676,4103,0
matmul_train,global,refaults,matmul-naive64-s1,train,matmul,matmul-naive64,0.1,2,30724,4103,0
matmul_train,global,rdist,matmul-naive64-s1,train,matmul,matmul-naive64,0.1,2,153601,7,1
matmul_train,global,ref+aging,matmul-naive64-s1,train,matmul,matmul-naive64,0.1,2,30720,4103,0
matmul_train,global,ref+sfreq,matmul-naive64-s1,train,matmul,matmul-naive64,0.1,2,20488,4102,0
matmul_train,global,ref+idle,matmul-naive64-s1,train,matmul,matmul-naive64,0.1,2,30720,4103,0
matmul_train,global,ref+age,matmul-naive64-s1,train,matmul,matmul-naive64,0.1,2,30720,4103,0
matmul_train,global,ref+dirty,matmul-naive64-s1,train,matmul,matmul-naive64,0.1,2,28676,4103,0
matmul_train,global,ref+refaults,matmul-naive64-s1,train,matmul,matmul-naive64,0.1,2,30724,4103,0
matmul_train,global,ref+rdist,matmul-naive64-s1,train,matmul,matmul-naive64,0.1,2,20491,4103,0
matmul_train,global,aging+sfreq,matmul-naive64-s1,train,matmul,matmul-naive64,0.1,2,20488,4102,0
matmul_train,global,aging+idle,matmul-naive64-s1,train,matmul,matmul-naive64,0.1,2,30720,4103,0
matmul_train,global,aging+age,matmul-naive64-s1,train,matmul,matmul-naive64,0.1,2,20488,4102,0
matmul_train,global,aging+dirty,matmul-naive64-s1,train,matmul,matmul-naive64,0.1,2,28676,4103,0
matmul_train,global,aging+refaults,matmul-naive64-s1,train,matmul,matmul-naive64,0.1,2,30724,4103,0
matmul_train,global,aging+rdist,matmul-naive64-s1,train,matmul,matmul-naive64,0.1,2,20491,4103,0
matmul_train,global,sfreq+idle,matmul-naive64-s1,train,matmul,matmul-naive64,0.1,2,20503,4103,0
matmul_train,global,sfreq+age,matmul-naive64-s1,train,matmul,matmul-naive64,0.1,2,30720,4103,0
matmul_train,global,sfreq+dirty,matmul-naive64-s1,train,matmul,matmul-naive64,0.1,2,153601,1588,1
matmul_train,global,sfreq+refaults,matmul-naive64-s1,train,matmul,matmul-naive64,0.1,2,153601,3138,1
matmul_train,global,sfreq+rdist,matmul-naive64-s1,train,matmul,matmul-naive64,0.1,2,153601,7,1
matmul_train,global,idle+age,matmul-naive64-s1,train,matmul,matmul-naive64,0.1,2,20503,4103,0
matmul_train,global,idle+dirty,matmul-naive64-s1,train,matmul,matmul-naive64,0.1,2,28676,4103,0
matmul_train,global,idle+refaults,matmul-naive64-s1,train,matmul,matmul-naive64,0.1,2,30724,4103,0
matmul_train,global,idle+rdist,matmul-naive64-s1,train,matmul,matmul-naive64,0.1,2,20524,4103,0
matmul_train,global,age+dirty,matmul-naive64-s1,train,matmul,matmul-naive64,0.1,2,30720,4103,0
matmul_train,global,age+refaults,matmul-naive64-s1,train,matmul,matmul-naive64,0.1,2,153601,2956,1
matmul_train,global,age+rdist,matmul-naive64-s1,train,matmul,matmul-naive64,0.1,2,21944,4099,0
matmul_train,global,dirty+refaults,matmul-naive64-s1,train,matmul,matmul-naive64,0.1,2,33196,4103,0
matmul_train,global,dirty+rdist,matmul-naive64-s1,train,matmul,matmul-naive64,0.1,2,115626,4102,0
matmul_train,global,refaults+rdist,matmul-naive64-s1,train,matmul,matmul-naive64,0.1,2,33495,4103,0
matmul_train,global,ref+aging+sfreq,matmul-naive64-s1,train,matmul,matmul-naive64,0.1,2,20488,4102,0
matmul_train,global,ref+aging+idle,matmul-naive64-s1,train,matmul,matmul-naive64,0.1,2,30720,4103,0
matmul_train,global,ref+aging+age,matmul-naive64-s1,train,matmul,matmul-naive64,0.1,2,20488,4102,0
matmul_train,global,ref+aging+dirty,matmul-naive64-s1,train,matmul,matmul-naive64,0.1,2,28676,4103,0
matmul_train,global,ref+aging+refaults,matmul-naive64-s1,train,matmul,matmul-naive64,0.1,2,30724,4103,0
matmul_train,global,ref+aging+rdist,matmul-naive64-s1,train,matmul,matmul-naive64,0.1,2,20491,4103,0
matmul_train,global,ref+sfreq+idle,matmul-naive64-s1,train,matmul,matmul-naive64,0.1,2,20488,4102,0
matmul_train,global,ref+sfreq+age,matmul-naive64-s1,train,matmul,matmul-naive64,0.1,2,30720,4103,0
matmul_train,global,ref+sfreq+dirty,matmul-naive64-s1,train,matmul,matmul-naive64,0.1,2,20488,4102,0
matmul_train,global,ref+sfreq+refaults,matmul-naive64-s1,train,matmul,matmul-naive64,0.1,2,153601,3456,1
matmul_train,global,ref+sfreq+rdist,matmul-naive64-s1,train,matmul,matmul-naive64,0.1,2,20488,4102,0
matmul_train,global,ref+idle+age,matmul-naive64-s1,train,matmul,matmul-naive64,0.1,2,20488,4102,0
matmul_train,global,ref+idle+dirty,matmul-naive64-s1,train,matmul,matmul-naive64,0.1,2,28676,4103,0
matmul_train,global,ref+idle+refaults,matmul-naive64-s1,train,matmul,matmul-naive64,0.1,2,30724,4103,0
matmul_train,global,ref+idle+rdist,matmul-naive64-s1,train,matmul,matmul-naive64,0.1,2,20491,4103,0
matmul_train,global,ref+age+dirty,matmul-naive64-s1,train,matmul,matmul-naive64,0.1,2,28676,4103,0
matmul_train,global,ref+age+refaults,matmul-naive64-s1,train,matmul,matmul-naive64,0.1,2,25858,4103,0
matmul_train,global,ref+age+rdist,matmul-naive64-s1,train,matmul,matmul-naive64,0.1,2,20491,4103,0
matmul_train,global,ref+dirty+refaults,matmul-naive64-s1,train,matmul,matmul-naive64,0.1,2,30724,4103,0
matmul_train,global,ref+dirty+rdist,matmul-naive64-s1,train,matmul,matmul-naive64,0.1,2,20488,4102,0
matmul_train,global,ref+refaults+rdist,matmul-naive64-s1,train,matmul,matmul-naive64,0.1,2,25370,4103,0
matmul_train,global,aging+sfreq+idle,matmul-naive64-s1,train,matmul,matmul-naive64,0.1,2,20488,4102,0
matmul_train,global,aging+sfreq+age,matmul-naive64-s1,train,matmul,matmul-naive64,0.1,2,20488,4102,0
matmul_train,global,aging+sfreq+dirty,matmul-naive64-s1,train,matmul,matmul-naive64,0.1,2,20488,4102,0
matmul_train,global,aging+sfreq+refaults,matmul-naive64-s1,train,matmul,matmul-naive64,0.1,2,153601,3849,1
matmul_train,global,aging+sfreq+rdist,matmul-naive64-s1,train,matmul,matmul-naive64,0.1,2,20488,4102,0
matmul_train,global,aging+idle+age,matmul-naive64-s1,train,matmul,matmul-naive64,0.1,2,20488,4102,0
matmul_train,global,aging+idle+dirty,matmul-naive64-s1,train,matmul,matmul-naive64,0.1,2,28676,4103,0
matmul_train,global,aging+idle+refaults,matmul-naive64-s1,train,matmul,matmul-naive64,0.1,2,30724,4103,0
matmul_train,global,aging+idle+rdist,matmul-naive64-s1,train,matmul,matmul-naive64,0.1,2,20491,4103,0
matmul_train,global,aging+age+dirty,matmul-naive64-s1,train,matmul,matmul-naive64,0.1,2,20488,4102,0
matmul_train,global,aging+age+refaults,matmul-naive64-s1,train,matmul,matmul-naive64,0.1,2,24669,4103,0
matmul_train,global,aging+age+rdist,matmul-naive64-s1,train,matmul,matmul-naive64,0.1,2,20488,4102,0
matmul_train,global,aging+dirty+refaults,matmul-naive64-s1,train,matmul,matmul-naive64,0.1,2,30724,4103,0
matmul_train,global,aging+dirty+rdist,matmul-naive64-s1,train,matmul,matmul-naive64,0.1,2,20488,4102,0
matmul_train,global,aging+refaults+rdist,matmul-naive64-s1,train,matmul,matmul-naive64,0.1,2,25330,4103,0
matmul_train,global,sfreq+idle+age,matmul-naive64-s1,train,matmul,matmul-naive64,0.1,2,20488,4102,0
matmul_train,global,sfreq+idle+dirty,matmul-naive64-s1,train,matmul,matmul-naive64,0.1,2,20509,4103,0
matmul_train,global,sfreq+idle+refaults,matmul-naive64-s1,train,matmul,matmul-naive64,0.1,2,28559,4103,0
matmul_train,global,sfreq+idle+rdist,matmul-naive64-s1,train,matmul,matmul-naive64,0.1,2,20490,4102,0
matmul_train,global,sfreq+age+dirty,matmul-naive64-s1,train,matmul,matmul-naive64,0.1,2,28676,4103,0
matmul_train,global,sfreq+age+refaults,matmul-naive64-s1,train,matmul,matmul-naive64,0.1,2,153601,3140,1
matmul_train,global,sfreq+age+rdist,matmul-naive64-s1,train,matmul,matmul-naive64,0.1,2,20506,4103,0
matmul_train,global,sfreq+dirty+refaults,matmul-naive64-s1,train,matmul,matmul-naive64,0.1,2,153601,3132,1
matmul_train,global,sfreq+dirty+rdist,matmul-naive64-s1,train,matmul,matmul-naive64,0.1,2,153601,1588,1
matmul_train,global,sfreq+refaults+rdist,matmul-naive64-s1,train,matmul,matmul-naive64,0.1,2,153601,2561,1
matmul_train,global,idle+age+dirty,matmul-naive64-s1,train,matmul,matmul-naive64,0.1,2,20503,4103,0
matmul_train,global,idle+age+refaults,matmul-naive64-s1,train,matmul,matmul-naive64,0.1,2,24664,4103,0
matmul_train,global,idle+age+rdist,matmul-naive64-s1,train,matmul,matmul-naive64,0.1,2,20490,4102,0
matmul_train,global,idle+dirty+refaults,matmul-naive64-s1,train,matmul,matmul-naive64,0.1,2,30724,4103,0
matmul_train,global,idle+dirty+rdist,matmul-naive64-s1,train,matmul,matmul-naive64,0.1,2,20488,4102,0
matmul_train,global,idle+refaults+rdist,matmul-naive64-s1,train,matmul,matmul-naive64,0.1,2,25862,4103,0
matmul_train,global,age+dirty+refaults,matmul-naive64-s1,train,matmul,matmul-naive64,0.1,2,153601,2993,1
matmul_train,global,age+dirty+rdist,matmul-naive64-s1,train,matmul,matmul-naive64,0.1,2,21040,4102,0
matmul_train,global,age+refaults+rdist,matmul-naive64-s1,train,matmul,matmul-naive64,0.1,2,153601,3052,1
matmul_train,global,dirty+refaults+rdist,matmul-naive64-s1,train,matmul,matmul-naive64,0.1,2,33484,4103,0
matmul_train,global,ref+aging+sfreq+idle,matmul-naive64-s1,train,matmul,matmul-naive64,0.1,2,20488,4102,0
matmul_train,global,ref+aging+sfreq+age,matmul-naive64-s1,train,matmul,matmul-naive64,0.1,2,20488,4102,0
matmul_train,global,ref+aging+sfreq+dirty,matmul-naive64-s1,train,matmul,matmul-naive64,0.1,2,20488,4102,0
matmul_train,global,ref+aging+sfreq+refaults,matmul-naive64-s1,train,matmul,matmul-naive64,0.1,2,153601,3815,1
matmul_train,global,ref+aging+sfreq+rdist,matmul-naive64-s1,train,matmul,matmul-naive64,0.1,2,20488,4102,0
matmul_train,global,ref+aging+idle+age,matmul-naive64-s1,train,matmul,matmul-naive64,0.1,2,20488,4102,0
matmul_train,global,ref+aging+idle+dirty,matmul-naive64-s1,train,matmul,matmul-naive64,0.1,2,28676,4103,0
matmul_train,global,ref+aging+idle+refaults,matmul-naive64-s1,train,matmul,matmul-naive64,0.1,2,30724,4103,0
matmul_train,global,ref+aging+idle+rdist,matmul-naive64-s1,train,matmul,matmul-naive64,0.1,2,20491,4103,0
matmul_train,global,ref+aging+age+dirty,matmul-naive64-s1,train,matmul,matmul-naive64,0.1,2,20488,4102,0
matmul_train,global,ref+aging+age+refaults,matmul-naive64-s1,train,matmul,matmul-naive64,0.1,2,24257,4103,0
matmul_train,global,ref+aging+age+rdist,matmul-naive64-s1,train,matmul,matmul-naive64,0.1,2,20488,4102,0
matmul_train,global,ref+aging+dirty+refaults,matmul-naive64-s1,train,matmul,matmul-naive64,0.1,2,30724,4103,0
matmul_train,global,ref+aging+dirty+rdist,matmul-naive64-s1,train,matmul,matmul-naive64,0.1,2,20488,4102,0
matmul_train,global,ref+aging+refaults+rdist,matmul-naive64-s1,train,matmul,matmul-naive64,0.1,2,25339,4103,0
matmul_train,global,ref+sfreq+idle+age,matmul-naive64-s1,train,matmul,matmul-naive64,0.1,2,20488,4102,0
matmul_train,global,ref+sfreq+idle+dirty,matmul-naive64-s1,train,matmul,matmul-naive64,0.1,2,20488,4102,0
matmul_train,global,ref+sfreq+idle+refaults,matmul-naive64-s1,train,matmul,matmul-naive64,0.1,2,38530,4103,0
matmul_train,global,ref+sfreq+idle+rdist,matmul-naive64-s1,train,matmul,matmul-naive64,0.1,2,20488,4102,0
matmul_train,global,ref+sfreq+age+dirty,matmul-naive64-s1,train,matmul,matmul-naive64,0.1,2,28676,4103,0
matmul_train,global,ref+sfreq+age+refaults,matmul-naive64-s1,train,matmul,matmul-naive64,0.1,2,153601,3558,1
matmul_train,global,ref+sfreq+age+rdist,matmul-naive64-s1,train,matmul,matmul-naive64,0.1,2,20491,4103,0
matmul_train,global,ref+sfreq+dirty+refaults,matmul-naive64-s1,train,matmul,matmul-naive64,0.1,2,153601,3395,1
matmul_train,global,ref+sfreq+dirty+rdist,matmul-naive64-s1,train,matmul,matmul-naive64,0.1,2,20488,4102,0
matmul_train,global,ref+sfreq+refaults+rdist,matmul-naive64-s1,train,matmul,matmul-naive64,0.1,2,153601,3977,1
matmul_train,global,ref+idle+age+dirty,matmul-naive64-s1,train,matmul,matmul-naive64,0.1,2,20488,4102,0
matmul_train,global,ref+idle+age+refaults,matmul-naive64-s1,train,matmul,matmul-naive64,0.1,2,24743,4103,0
matmul_train,global,ref+idle+age+rdist,matmul-naive64-s1,train,matmul,matmul-naive64,0.1,2,20488,4102,0
matmul_train,global,ref+idle+dirty+refaults,matmul-naive64-s1,train,matmul,matmul-naive64,0.1,2,30724,4103,0
matmul_train,global,ref+idle+dirty+rdist,matmul-naive64-s1,train,matmul,matmul-naive64,0.1,2,20488,4102,0
matmul_train,global,ref+idle+refaults+rdist,matmul-naive64-s1,train,matmul,matmul-naive64,0.1,2,25470,4103,0
matmul_train,global,ref+age+dirty+refaults,matmul-naive64-s1,train,matmul,matmul-naive64,0.1,2,26119,4103,0
matmul_train,global,ref+age+dirty+rdist,matmul-naive64-s1,train,matmul,matmul-naive64,0.1,2,20488,4102,0
matmul_train,global,ref+age+refaults+rdist,matmul-naive64-s1,train,matmul,matmul-naive64,0.1,2,22562,4103,0
matmul_train,global,ref+dirty+refaults+rdist,matmul-naive64-s1,train,matmul,matmul-naive64,0.1,2,25340,4103,0
matmul_train,global,aging+sfreq+idle+age,matmul-naive64-s1,train,matmul,matmul-naive64,0.1,2,20488,4102,0
matmul_train,global,aging+sfreq+idle+dirty,matmul-naive64-s1,train,matmul,matmul-naive64,0.1,2,20488,4102,0
matmul_train,global,aging+sfreq+idle+refaults,matmul-naive64-s1,train,matmul,matmul-naive64,0.1,2,153601,3896,1
matmul_train,global,aging+sfreq+idle+rdist,matmul-naive64-s1,train,matmul,matmul-naive64,0.1,2,20488,4102,0
matmul_train,global,aging+sfreq+age+dirty,matmul-naive64-s1,train,matmul,matmul-naive64,0.1,2,20488,4102,0
matmul_train,global,aging+sfreq+age+refaults,matmul-naive64-s1,train,matmul,matmul-naive64,0.1,2,153601,3930,1
matmul_train,global,aging+sfreq+age+rdist,matmul-naive64-s1,train,matmul,matmul-naive64,0.1,2,20488,4102,0
matmul_train,global,aging+sfreq+dirty+refaults,matmul-naive64-s1,train,matmul,matmul-naive64,0.1,2,153601,3825,1
matmul_train,global,aging+sfreq+dirty+rdist,matmul-naive64-s1,train,matmul,matmul-naive64,0.1,2,20488,4102,0
matmul_train,global,aging+sfreq+refaults+rdist,matmul-naive64-s1,train,matmul,matmul-naive64,0.1,2,153601,4037,1
matmul_train,global,aging+idle+age+dirty,matmul-naive64-s1,train,matmul,matmul-naive64,0.1,2,20488,4102,0
matmul_train,global,aging+idle+age+refaults,matmul-naive64-s1,train,matmul,matmul-naive64,0.1,2,24405,4103,0
matmul_train,global,aging+idle+age+rdist,matmul-naive64-s1,train,matmul,matmul-naive64,0.1,2,20488,4102,0
matmul_train,global,aging+idle+dirty+refaults,matmul-naive64-s1,train,matmul,matmul-naive64,0.1,2,30724,4103,0
matmul_train,global,aging+idle+dirty+rdist,matmul-naive64-s1,train,matmul,matmul-naive64,0.1,2,20488,4102,0
matmul_train,global,aging+idle+refaults+rdist,matmul-naive64-s1,train,matmul,matmul-naive64,0.1,2,25224,4103,0
matmul_train,global,aging+age+dirty+refaults,matmul-naive64-s1,train,matmul,matmul-naive64,0.1,2,24677,4103,0
matmul_train,global,aging+age+dirty+rdist,matmul-naive64-s1,train,matmul,matmul-naive64,0.1,2,20488,4102,0
matmul_train,global,aging+age+refaults+rdist,matmul-naive64-s1,train,matmul,matmul-naive64,0.1,2,22451,4103,0
matmul_train,global,aging+dirty+refaults+rdist,matmul-naive64-s1,train,matmul,matmul-naive64,0.1,2,25316,4103,0
matmul_train,global,sfreq+idle+age+dirty,matmul-naive64-s1,train,matmul,matmul-naive64,0.1,2,20503,4103,0
matmul_train,global,sfreq+idle+age+refaults,matmul-naive64-s1,train,matmul,matmul-naive64,0.1,2,24896,4103,0
matmul_train,global,sfreq+idle+age+rdist,matmul-naive64-s1,train,matmul,matmul-naive64,0.1,2,20490,4102,0
matmul_train,global,sfreq+idle+dirty+refaults,matmul-naive64-s1,train,matmul,matmul-naive64,0.1,2,29244,4103,0
matmul_train,global,sfreq+idle+dirty+rdist,matmul-naive64-s1,train,matmul,matmul-naive64,0.1,2,20488,4102,0
matmul_train,global,sfreq+idle+refaults+rdist,matmul-naive64-s1,train,matmul,matmul-naive64,0.1,2,44116,4103,0
matmul_train,global,sfreq+age+dirty+refaults,matmul-naive64-s1,train,matmul,matmul-naive64,0.1,2,153601,3136,1
matmul_train,global,sfreq+age+dirty+rdist,matmul-naive64-s1,train,matmul,matmul-naive64,0.1,2,115007,4103,0
matmul_train,global,sfreq+age+refaults+rdist,matmul-naive64-s1,train,matmul,matmul-naive64,0.1,2,153601,3152,1
matmul_train,global,sfreq+dirty+refaults+rdist,matmul-naive64-s1,train,matmul,matmul-naive64,0.1,2,153601,2555,1
matmul_train,global,idle+age+dirty+refaults,matmul-naive64-s1,train,matmul,matmul-naive64,0.1,2,24588,4103,0
matmul_train,global,idle+age+dirty+rdist,matmul-naive64-s1,train,matmul,matmul-naive64,0.1,2,20495,4102,0
matmul_train,global,idle+age+refaults+rdist,matmul-naive64-s1,train,matmul,matmul-naive64,0.1,2,27210,4103,0
matmul_train,global,idle+dirty+refaults+rdist,matmul-naive64-s1,train,matmul,matmul-naive64,0.1,2,25787,4103,0
matmul_train,global,age+dirty+refaults+rdist,matmul-naive64-s1,train,matmul,matmul-naive64,0.1,2,153601,2563,1
matmul_train,global,ref+aging+sfreq+idle+age,matmul-naive64-s1,train,matmul,matmul-naive64,0.1,2,20488,4102,0
matmul_train,global,ref+aging+sfreq+idle+dirty,matmul-naive64-s1,train,matmul,matmul-naive64,0.1,2,20488,4102,0
matmul_train,global,ref+aging+sfreq+idle+refaults,matmul-naive64-s1,train,matmul,matmul-naive64,0.1,2,153601,3344,1
matmul_train,global,ref+aging+sfreq+idle+rdist,matmul-naive64-s1,train,matmul,matmul-naive64,0.1,2,20488,4102,0
matmul_train,global,ref+aging+sfreq+age+dirty,matmul-naive64-s1,train,matmul,matmul-naive64,0.1,2,20488,4102,0
matmul_train,global,ref+aging+sfreq+age+refaults,matmul-naive64-s1,train,matmul,matmul-naive64,0.1,2,153601,3961,1
matmul_train,global,ref+aging+sfreq+age+rdist,matmul-naive64-s1,train,matmul,matmul-naive64,0.1,2,20488,4102,0
matmul_train,global,ref+aging+sfreq+dirty+refaults,matmul-naive64-s1,train,matmul,matmul-naive64,0.1,2,153601,3778,1
matmul_train,global,ref+aging+sfreq+dirty+rdist,matmul-naive64-s1,train,matmul,matmul-naive64,0.1,2,20488,4102,0
matmul_train,global,ref+aging+sfreq+refaults+rdist,matmul-naive64-s1,train,matmul,matmul-naive64,0.1,2,153601,4031,1
matmul_train,global,ref+aging+idle+age+dirty,matmul-naive64-s1,train,matmul,matmul-naive64,0.1,2,20488,4102,0
matmul_train,global,ref+aging+idle+age+refaults,matmul-naive64-s1,train,matmul,matmul-naive64,0.1,2,24159,4103,0
matmul_train,global,ref+aging+idle+age+rdist,matmul-naive64-s1,train,matmul,matmul-naive64,0.1,2,20488,4102,0
matmul_train,global,ref+aging+idle+dirty+refaults,matmul-naive64-s1,train,matmul,matmul-naive64,0.1,2,30724,4103,0
matmul_train,global,ref+aging+idle+dirty+rdist,matmul-naive64-s1,train,matmul,matmul-naive64,0.1,2,20488,4102,0
matmul_train,global,ref+aging+idle+refaults+rdist,matmul-naive64-s1,train,matmul,matmul-naive64,0.1,2,25226,4103,0
matmul_train,global,ref+aging+age+dirty+refaults,matmul-naive64-s1,train,matmul,matmul-naive64,0.1,2,24245,4103,0
matmul_train,global,ref+aging+age+dirty+rdist,matmul-naive64-s1,train,matmul,matmul-naive64,0.1,2,20488,4102,0
matmul_train,global,ref+aging+age+refaults+rdist,matmul-naive64-s1,train,matmul,matmul-naive64,0.1,2,22414,4103,0
matmul_train,global,ref+aging+dirty+refaults+rdist,matmul-naive64-s1,train,matmul,matmul-naive64,0.1,2,25325,4103,0
matmul_train,global,ref+sfreq+idle+age+dirty,matmul-naive64-s1,train,matmul,matmul-naive64,0.1,2,20488,4102,0
matmul_train,global,ref+sfreq+idle+age+refaults,matmul-naive64-s1,train,matmul,matmul-naive64,0.1,2,24933,4103,0
matmul_train,global,ref+sfreq+idle+age+rdist,matmul-naive64-s1,train,matmul,matmul-naive64,0.1,2,20488,4102,0
matmul_train,global,ref+sfreq+idle+dirty+refaults,matmul-naive64-s1,train,matmul,matmul-naive64,0.1,2,40791,4103,0
matmul_train,global,ref+sfreq+idle+dirty+rdist,matmul-naive64-s1,train,matmul,matmul-naive64,0.1,2,20488,4102,0
matmul_train,global,ref+sfreq+idle+refaults+rdist,matmul-naive64-s1,train,matmul,matmul-naive64,0.1,2,115421,4103,0
matmul_train,global,ref+sfreq+age+dirty+refaults,matmul-naive64-s1,train,matmul,matmul-naive64,0.1,2,153601,3510,1
matmul_train,global,ref+sfreq+age+dirty+rdist,matmul-naive64-s1,train,matmul,matmul-naive64,0.1,2,20488,4102,0
matmul_train,global,ref+sfreq+age+refaults+rdist,matmul-naive64-s1,train,matmul,matmul-naive64,0.1,2,153601,3995,1
matmul_train,global,ref+sfreq+dirty+refaults+rdist,matmul-naive64-s1,train,matmul,matmul-naive64,0.1,2,153601,3934,1
matmul_train,global,ref+idle+age+dirty+refaults,matmul-naive64-s1,train,matmul,matmul-naive64,0.1,2,24696,4103,0
matmul_train,global,ref+idle+age+dirty+rdist,matmul-naive64-s1,train,matmul,matmul-naive64,0.1,2,20488,4102,0
matmul_train,global,ref+idle+age+refaults+rdist,matmul-naive64-s1,train,matmul,matmul-naive64,0.1,2,22721,4103,0
matmul_train,global,ref+idle+dirty+refaults+rdist,matmul-naive64-s1,train,matmul,matmul-naive64,0.1,2,25440,4103,0
matmul_train,global,ref+age+dirty+refaults+rdist,matmul-naive64-s1,train,matmul,matmul-naive64,0.1,2,22506,4103,0
matmul_train,global,aging+sfreq+idle+age+dirty,matmul-naive64-s1,train,matmul,matmul-naive64,0.1,2,20488,4102,0
matmul_train,global,aging+sfreq+idle+age+refaults,matmul-naive64-s1,train,matmul,matmul-naive64,0.1,2,24318,4103,0
matmul_train,global,aging+sfreq+idle+age+rdist,matmul-naive64-s1,train,matmul,matmul-naive64,0.1,2,20488,4102,0
matmul_train,global,aging+sfreq+idle+dirty+refaults,matmul-naive64-s1,train,matmul,matmul-naive64,0.1,2,153601,3886,1
matmul_train,global,aging+sfreq+idle+dirty+rdist,matmul-naive64-s1,train,matmul,matmul-naive64,0.1,2,20488,4102,0
matmul_train,global,aging+sfreq+idle+refaults+rdist,matmul-naive64-s1,train,matmul,matmul-naive64,0.1,2,153601,3163,1
matmul_train,global,aging+sfreq+age+dirty+refaults,matmul-naive64-s1,train,matmul,matmul-naive64,0.1,2,153601,3909,1
matmul_train,global,aging+sfreq+age+dirty+rdist,matmul-naive64-s1,train,matmul,matmul-naive64,0.1,2,20488,4102,0
matmul_train,global,aging+sfreq+age+refaults+rdist,matmul-naive64-s1,train,matmul,matmul-naive64,0.1,2,22547,4103,0
matmul_train,global,aging+sfreq+dirty+refaults+rdist,matmul-naive64-s1,train,matmul,matmul-naive64,0.1,2,153601,4010,1
matmul_train,global,aging+idle+age+dirty+refaults,matmul-naive64-s1,train,matmul,matmul-naive64,0.1,2,24373,4103,0
matmul_train,global,aging+idle+age+dirty+rdist,matmul-naive64-s1,train,matmul,matmul-naive64,0.1,2,20488,4102,0
matmul_train,global,aging+idle+age+refaults+rdist,matmul-naive64-s1,train,matmul,matmul-naive64,0.1,2,22567,4103,0
matmul_train,global,aging+idle+dirty+refaults+rdist,matmul-naive64-s1,train,matmul,matmul-naive64,0.1,2,25216,4103,0
matmul_train,global,aging+age+dirty+refaults+rdist,matmul-naive64-s1,train,matmul,matmul-naive64,0.1,2,22381,4103,0
matmul_train,global,sfreq+idle+age+dirty+refaults,matmul-naive64-s1,train,matmul,matmul-naive64,0.1,2,24821,4103,0
matmul_train,global,sfreq+idle+age+dirty+rdist,matmul-naive64-s1,train,matmul,matmul-naive64,0.1,2,20488,4102,0
matmul_train,global,sfreq+idle+age+refaults+rdist,matmul-naive64-s1,train,matmul,matmul-naive64,0.1,2,27238,4103,0
matmul_train,global,sfreq+idle+dirty+refaults+rdist,matmul-naive64-s1,train,matmul,matmul-naive64,0.1,2,54878,4103,0
matmul_train,global,sfreq+age+dirty+refaults+rdist,matmul-naive64-s1,train,matmul,matmul-naive64,0.1,2,153601,3145,1
matmul_train,global,idle+age+dirty+refaults+rdist,matmul-naive64-s1,train,matmul,matmul-naive64,0.1,2,27216,4103,0
matmul_train,global,ref+aging+sfreq+idle+age+dirty,matmul-naive64-s1,train,matmul,matmul-naive64,0.1,2,20488,4102,0
matmul_train,global,ref+aging+sfreq+idle+age+refaults,matmul-naive64-s1,train,matmul,matmul-naive64,0.1,2,23896,4103,0
matmul_train,global,ref+aging+sfreq+idle+age+rdist,matmul-naive64-s1,train,matmul,matmul-naive64,0.1,2,20488,4102,0
matmul_train,global,ref+aging+sfreq+idle+dirty+refaults,matmul-naive64-s1,train,matmul,matmul-naive64,0.1,2,153601,3298,1
matmul_train,global,ref+aging+sfreq+idle+dirty+rdist,matmul-naive64-s1,train,matmul,matmul-naive64,0.1,2,20488,4102,0
matmul_train,global,ref+aging+sfreq+idle+refaults+rdist,matmul-naive64-s1,train,matmul,matmul-naive64,0.1,2,153601,3163,1
matmul_train,global,ref+aging+sfreq+age+dirty+refaults,matmul-naive64-s1,train,matmul,matmul-naive64,0.1,2,153601,3927,1
matmul_train,global,ref+aging+sfreq+age+dirty+rdist,matmul-naive64-s1,train,matmul,matmul-naive64,0.1,2,20488,4102,0
matmul_train,global,ref+aging+sfreq+age+refaults+rdist,matmul-naive64-s1,train,matmul,matmul-naive64,0.1,2,22397,4103,0
matmul_train,global,ref+aging+sfreq+dirty+refaults+rdist,matmul-naive64-s1,train,matmul,matmul-naive64,0.1,2,153601,4001,1
matmul_train,global,ref+aging+idle+age+dirty+refaults,matmul-naive64-s1,train,matmul,matmul-naive64,0.1,2,24120,4103,0
matmul_train,global,ref+aging+idle+age+dirty+rdist,matmul-naive64-s1,train,matmul,matmul-naive64,0.1,2,20488,4102,0
matmul_train,global,ref+aging+idle+age+refaults+rdist,matmul-naive64-s1,train,matmul,matmul-naive64,0.1,2,22507,4103,0
matmul_train,global,ref+aging+idle+dirty+refaults+rdist,matmul-naive64-s1,train,matmul,matmul-naive64,0.1,2,25219,4103,0
matmul_train,global,ref+aging+age+dirty+refaults+rdist,matmul-naive64-s1,train,matmul,matmul-naive64,0.1,2,22330,4103,0
matmul_train,global,ref+sfreq+idle+age+dirty+refaults,matmul-naive64-s1,train,matmul,matmul-naive64,0.1,2,24884,4103,0
matmul_train,global,ref+sfreq+idle+age+dirty+rdist,matmul-naive64-s1,train,matmul,matmul-naive64,0.1,2,20488,4102,0
matmul_train,global,ref+sfreq+idle+age+refaults+rdist,matmul-naive64-s1,train,matmul,matmul-naive64,0.1,2,22611,4103,0
matmul_train,global,ref+sfreq+idle+dirty+refaults+rdist,matmul-naive64-s1,train,matmul,matmul-naive64,0.1,2,153601,4057,1
matmul_train,global,ref+sfreq+age+dirty+refaults+rdist,matmul-naive64-s1,train,matmul,matmul-naive64,0.1,2,153601,3952,1
matmul_train,global,ref+idle+age+dirty+refaults+rdist,matmul-naive64-s1,train,matmul,matmul-naive64,0.1,2,22628,4103,0
matmul_train,global,aging+sfreq+idle+age+dirty+refaults,matmul-naive64-s1,train,matmul,matmul-naive64,0.1,2,24291,4103,0
matmul_train,global,aging+sfreq+idle+age+dirty+rdist,matmul-naive64-s1,train,matmul,matmul-naive64,0.1,2,20488,4102,0
matmul_train,global,aging+sfreq+idle+age+refaults+rdist,matmul-naive64-s1,train,matmul,matmul-naive64,0.1,2,22301,4103,0
matmul_train,global,aging+sfreq+idle+dirty+refaults+rdist,matmul-naive64-s1,train,matmul,matmul-naive64,0.1,2,153601,3164,1
matmul_train,global,aging+sfreq+age+dirty+refaults+rdist,matmul-naive64-s1,train,matmul,matmul-naive64,0.1,2,22481,4103,0
matmul_train,global,aging+idle+age+dirty+refaults+rdist,matmul-naive64-s1,train,matmul,matmul-naive64,0.1,2,22488,4103,0
matmul_train,global,sfreq+idle+age+dirty+refaults+rdist,matmul-naive64-s1,train,matmul,matmul-naive64,0.1,2,27030,4103,0
matmul_train,global,ref+aging+sfreq+idle+age+dirty+refaults,matmul-naive64-s1,train,matmul,matmul-naive64,0.1,2,23862,4103,0
matmul_train,global,ref+aging+sfreq+idle+age+dirty+rdist,matmul-naive64-s1,train,matmul,matmul-naive64,0.1,2,20488,4102,0
matmul_train,global,ref+aging+sfreq+idle+age+refaults+rdist,matmul-naive64-s1,train,matmul,matmul-naive64,0.1,2,22152,4103,0
matmul_train,global,ref+aging+sfreq+idle+dirty+refaults+rdist,matmul-naive64-s1,train,matmul,matmul-naive64,0.1,2,153601,3164,1
matmul_train,global,ref+aging+sfreq+age+dirty+refaults+rdist,matmul-naive64-s1,train,matmul,matmul-naive64,0.1,2,22326,4103,0
matmul_train,global,ref+aging+idle+age+dirty+refaults+rdist,matmul-naive64-s1,train,matmul,matmul-naive64,0.1,2,22423,4103,0
matmul_train,global,ref+sfreq+idle+age+dirty+refaults+rdist,matmul-naive64-s1,train,matmul,matmul-naive64,0.1,2,22515,4103,0
matmul_train,global,aging+sfreq+idle+age+dirty+refaults+rdist,matmul-naive64-s1,train,matmul,matmul-naive64,0.1,2,22228,4103,0
matmul_train,global,ref+aging+sfreq+idle+age+dirty+refaults+rdist,matmul-naive64-s1,train,matmul,matmul-naive64,0.1,2,22079,4103,0
matmul_train,global,rec+ref+aging+sfreq+idle+age+dirty,matmul-naive64-s1,train,matmul,matmul-naive64,0.1,2,24576,4103,0
matmul_train,global,rec+ref+aging+sfreq+idle+age+dirty+refaults+rdist,matmul-naive64-s1,train,matmul,matmul-naive64,0.1,2,24617,4103,0
matmul_train,global,freq+ref+aging+sfreq+idle+age+dirty,matmul-naive64-s1,train,matmul,matmul-naive64,0.1,2,21447,4103,0
matmul_train,global,freq+ref+aging+sfreq+idle+age+dirty+refaults+rdist,matmul-naive64-s1,train,matmul,matmul-naive64,0.1,2,20957,4103,0
matmul_train,global,sd+ref+aging+sfreq+idle+age+dirty,matmul-naive64-s1,train,matmul,matmul-naive64,0.1,2,20484,4102,0
matmul_train,global,sd+ref+aging+sfreq+idle+age+dirty+refaults+rdist,matmul-naive64-s1,train,matmul,matmul-naive64,0.1,2,22848,4103,0
matmul_train,global,wr+ref+aging+sfreq+idle+age+dirty,matmul-naive64-s1,train,matmul,matmul-naive64,0.1,2,20488,4102,0
matmul_train,global,wr+ref+aging+sfreq+idle+age+dirty+refaults+rdist,matmul-naive64-s1,train,matmul,matmul-naive64,0.1,2,22096,4103,0
matmul_train,global,rec+freq+ref+aging+sfreq+idle+age+dirty,matmul-naive64-s1,train,matmul,matmul-naive64,0.1,2,37206,4103,0
matmul_train,global,rec+freq+ref+aging+sfreq+idle+age+dirty+refaults+rdist,matmul-naive64-s1,train,matmul,matmul-naive64,0.1,2,28852,4103,0
matmul_train,global,rec+sd+ref+aging+sfreq+idle+age+dirty,matmul-naive64-s1,train,matmul,matmul-naive64,0.1,2,24576,4103,0
matmul_train,global,rec+sd+ref+aging+sfreq+idle+age+dirty+refaults+rdist,matmul-naive64-s1,train,matmul,matmul-naive64,0.1,2,153601,4007,1
matmul_train,global,rec+wr+ref+aging+sfreq+idle+age+dirty,matmul-naive64-s1,train,matmul,matmul-naive64,0.1,2,24576,4103,0
matmul_train,global,rec+wr+ref+aging+sfreq+idle+age+dirty+refaults+rdist,matmul-naive64-s1,train,matmul,matmul-naive64,0.1,2,24661,4103,0
matmul_train,global,freq+sd+ref+aging+sfreq+idle+age+dirty,matmul-naive64-s1,train,matmul,matmul-naive64,0.1,2,20953,4103,0
matmul_train,global,freq+sd+ref+aging+sfreq+idle+age+dirty+refaults+rdist,matmul-naive64-s1,train,matmul,matmul-naive64,0.1,2,149136,4103,0
matmul_train,global,freq+wr+ref+aging+sfreq+idle+age+dirty,matmul-naive64-s1,train,matmul,matmul-naive64,0.1,2,21447,4103,0
matmul_train,global,freq+wr+ref+aging+sfreq+idle+age+dirty+refaults+rdist,matmul-naive64-s1,train,matmul,matmul-naive64,0.1,2,20969,4103,0
matmul_train,global,sd+wr+ref+aging+sfreq+idle+age+dirty,matmul-naive64-s1,train,matmul,matmul-naive64,0.1,2,20484,4102,0
matmul_train,global,sd+wr+ref+aging+sfreq+idle+age+dirty+refaults+rdist,matmul-naive64-s1,train,matmul,matmul-naive64,0.1,2,22851,4103,0
matmul_train,global,rec+freq+sd+ref+aging+sfreq+idle+age+dirty,matmul-naive64-s1,train,matmul,matmul-naive64,0.1,2,37397,4103,0
matmul_train,global,rec+freq+sd+ref+aging+sfreq+idle+age+dirty+refaults+rdist,matmul-naive64-s1,train,matmul,matmul-naive64,0.1,2,130260,4103,0
matmul_train,global,rec+freq+wr+ref+aging+sfreq+idle+age+dirty,matmul-naive64-s1,train,matmul,matmul-naive64,0.1,2,37211,4103,0
matmul_train,global,rec+freq+wr+ref+aging+sfreq+idle+age+dirty+refaults+rdist,matmul-naive64-s1,train,matmul,matmul-naive64,0.1,2,28810,4103,0
matmul_train,global,rec+sd+wr+ref+aging+sfreq+idle+age+dirty,matmul-naive64-s1,train,matmul,matmul-naive64,0.1,2,24576,4103,0
matmul_train,global,rec+sd+wr+ref+aging+sfreq+idle+age+dirty+refaults+rdist,matmul-naive64-s1,train,matmul,matmul-naive64,0.1,2,153601,4020,1
matmul_train,global,freq+sd+wr+ref+aging+sfreq+idle+age+dirty,matmul-naive64-s1,train,matmul,matmul-naive64,0.1,2,20973,4103,0
matmul_train,global,freq+sd+wr+ref+aging+sfreq+idle+age+dirty+refaults+rdist,matmul-naive64-s1,train,matmul,matmul-naive64,0.1,2,153601,3165,1
matmul_train,global,rec+freq+sd+wr+ref+aging+sfreq+idle+age+dirty,matmul-naive64-s1,train,matmul,matmul-naive64,0.1,2,37563,4103,0
matmul_train,global,rec+freq+sd+wr+ref+aging+sfreq+idle+age+dirty+refaults+rdist,matmul-naive64-s1,train,matmul,matmul-naive64,0.1,2,124429,4103,0
matmul_train,matmul,rec,matmul-naive64-s1,train,matmul,matmul-naive64,0.2,2,24576,4103,0
matmul_train,matmul,freq,matmul-naive64-s1,train,matmul,matmul-naive64,0.2,2,153601,2181,1
matmul_train,matmul,sd,matmul-naive64-s1,train,matmul,matmul-naive64,0.2,2,24576,4103,0
matmul_train,matmul,wr,matmul-naive64-s1,train,matmul,matmul-naive64,0.2,2,28676,4103,0
matmul_train,matmul,rec+freq,matmul-naive64-s1,train,matmul,matmul-naive64,0.2,2,25036,4103,0
matmul_train,matmul,rec+sd,matmul-naive64-s1,train,matmul,matmul-naive64,0.2,2,24576,4103,0
matmul_train,matmul,rec+wr,matmul-naive64-s1,train,matmul,matmul-naive64,0.2,2,24576,4103,0
matmul_train,matmul,freq+sd,matmul-naive64-s1,train,matmul,matmul-naive64,0.2,2,24614,4103,0
matmul_train,matmul,freq+wr,matmul-naive64-s1,train,matmul,matmul-naive64,0.2,2,153601,2181,1
matmul_train,matmul,sd+wr,matmul-naive64-s1,train,matmul,matmul-naive64,0.2,2,24576,4103,0
matmul_train,matmul,rec+freq+sd,matmul-naive64-s1,train,matmul,matmul-naive64,0.2,2,24646,4103,0
matmul_train,matmul,rec+freq+wr,matmul-naive64-s1,train,matmul,matmul-naive64,0.2,2,24577,4103,0
matmul_train,matmul,rec+sd+wr,matmul-naive64-s1,train,matmul,matmul-naive64,0.2,2,24576,4103,0
matmul_train,matmul,freq+sd+wr,matmul-naive64-s1,train,matmul,matmul-naive64,0.2,2,24576,4103,0
matmul_train,matmul,rec+freq+sd+wr,matmul-naive64-s1,train,matmul,matmul-naive64,0.2,2,24576,4103,0
matmul_train,matmul,ref,matmul-naive64-s1,train,matmul,matmul-naive64,0.2,2,30720,4103,0
matmul_train,matmul,aging,matmul-naive64-s1,train,matmul,matmul-naive64,0.2,2,30720,4103,0
matmul_train,matmul,sfreq,matmul-naive64-s1,train,matmul,matmul-naive64,0.2,2,153601,1588,1
matmul_train,matmul,idle,matmul-naive64-s1,train,matmul,matmul-naive64,0.2,2,30720,4103,0
matmul_train,matmul,age,matmul-naive64-s1,train,matmul,matmul-naive64,0.2,2,153601,1588,1
matmul_train,matmul,dirty,matmul-naive64-s1,train,matmul,matmul-naive64,0.2,2,28676,4103,0
matmul_train,matmul,refaults,matmul-naive64-s1,train,matmul,matmul-naive64,0.2,2,153601,7,1
matmul_train,matmul,rdist,matmul-naive64-s1,train,matmul,matmul-naive64,0.2,2,153601,7,1
matmul_train,matmul,ref+aging,matmul-naive64-s1,train,matmul,matmul-naive64,0.2,2,30720,4103,0
matmul_train,matmul,ref+sfreq,matmul-naive64-s1,train,matmul,matmul-naive64,0.2,2,153601,2181,1
matmul_train,matmul,ref+idle,matmul-naive64-s1,train,matmul,matmul-naive64,0.2,2,30720,4103,0
matmul_train,matmul,ref+age,matmul-naive64-s1,train,matmul,matmul-naive64,0.2,2,153601,2181,1
matmul_train,matmul,ref+dirty,matmul-naive64-s1,train,matmul,matmul-naive64,0.2,2,28676,4103,0
matmul_train,matmul,ref+refaults,matmul-naive64-s1,train,matmul,matmul-naive64,0.2,2,27648,4103,0
matmul_train,matmul,ref+rdist,matmul-naive64-s1,train,matmul,matmul-naive64,0.2,2,153601,7,1
matmul_train,matmul,aging+sfreq,matmul-naive64-s1,train,matmul,matmul-naive64,0.2,2,153601,2181,1
matmul_train,matmul,aging+idle,matmul-naive64-s1,train,matmul,matmul-naive64,0.2,2,30720,4103,0
matmul_train,matmul,aging+age,matmul-naive64-s1,train,matmul,matmul-naive64,0.2,2,153601,2181,1
matmul_train,matmul,aging+dirty,matmul-naive64-s1,train,matmul,matmul-naive64,0.2,2,28676,4103,0
matmul_train,matmul,aging+refaults,matmul-naive64-s1,train,matmul,matmul-naive64,0.2,2,27648,4103,0
matmul_train,matmul,aging+rdist,matmul-naive64-s1,train,matmul,matmul-naive64,0.2,2,20506,4103,0
matmul_train,matmul,sfreq+idle,matmul-naive64-s1,train,matmul,matmul-naive64,0.2,2,20500,4103,0
matmul_train,matmul,sfreq+age,matmul-naive64-s1,train,matmul,matmul-naive64,0.2,2,153601,2181,1
matmul_train,matmul,sfreq+dirty,matmul-naive64-s1,train,matmul,matmul-naive64,0.2,2,153601,1588,1
matmul_train,matmul,sfreq+refaults,matmul-naive64-s1,train,matmul,matmul-naive64,0.2,2,153601,2181,1
matmul_train,matmul,sfreq+rdist,matmul-naive64-s1,train,matmul,matmul-naive64,0.2,2,153601,1588,1
matmul_train,matmul,idle+age,matmul-naive64-s1,train,matmul,matmul-naive64,0.2,2,20509,4103,0
matmul_train,matmul,idle+dirty,matmul-naive64-s1,train,matmul,matmul-naive64,0.2,2,28676,4103,0
matmul_train,matmul,idle+refaults,matmul-naive64-s1,train,matmul,matmul-naive64,0.2,2,27648,4103,0
matmul_train,matmul,idle+rdist,matmul-naive64-s1,train,matmul,matmul-naive64,0.2,2,20506,4103,0
matmul_train,matmul,age+dirty,matmul-naive64-s1,train,matmul,matmul-naive64,0.2,2,153601,1588,1
matmul_train,matmul,age+refaults,matmul-naive64-s1,train,matmul,matmul-naive64,0.2,2,153601,1588,1
matmul_train,matmul,age+rdist,matmul-naive64-s1,train,matmul,matmul-naive64,0.2,2,153601,1588,1
matmul_train,matmul,dirty+refaults,matmul-naive64-s1,train,matmul,matmul-naive64,0.2,2,115626,4102,0
matmul_train,matmul,dirty+rdist,matmul-naive64-s1,train,matmul,matmul-naive64,0.2,2,115626,4102,0
matmul_train,matmul,refaults+rdist,matmul-naive64-s1,train,matmul,matmul-naive64,0.2,2,153601,7,1
matmul_train,matmul,ref+aging+sfreq,matmul-naive64-s1,train,matmul,matmul-naive64,0.2,2,20503,4103,0
matmul_train,matmul,ref+aging+idle,matmul-naive64-s1,train,matmul,matmul-naive64,0.2,2,30720,4103,0
matmul_train,matmul,ref+aging+age,matmul-naive64-s1,train,matmul,matmul-naive64,0.2,2,20503,4103,0
matmul_train,matmul,ref+aging+dirty,matmul-naive64-s1,train,matmul,matmul-naive64,0.2,2,28676,4103,0
matmul_train,matmul,ref+aging+refaults,matmul-naive64-s1,train,matmul,matmul-naive64,0.2,2,27649,4103,0
matmul_train,matmul,ref+aging+rdist,matmul-naive64-s1,train,matmul,matmul-naive64,0.2,2,20524,4103,0
matmul_train,matmul,ref+sfreq+idle,matmul-naive64-s1,train,matmul,matmul-naive64,0.2,2,20503,4103,0
matmul_train,matmul,ref+sfreq+age,matmul-naive64-s1,train,matmul,matmul-naive64,0.2,2,153601,2181,1
matmul_train,matmul,ref+sfreq+dirty,matmul-naive64-s1,train,matmul,matmul-naive64,0.2,2,153601,2181,1
matmul_train,matmul,ref+sfreq+refaults,matmul-naive64-s1,train,matmul,matmul-naive64,0.2,2,153601,2181,1
matmul_train,matmul,ref+sfreq+rdist,matmul-naive64-s1,train,matmul,matmul-naive64,0.2,2,153601,181,1
matmul_train,matmul,ref+idle+age,matmul-naive64-s1,train,matmul,matmul-naive64,0.2,2,20503,4103,0
matmul_train,matmul,ref+idle+dirty,matmul-naive64-s1,train,matmul,matmul-naive64,0.2,2,28676,4103,0
matmul_train,matmul,ref+idle+refaults,matmul-naive64-s1,train,matmul,matmul-naive64,0.2,2,27648,4103,0
matmul_train,matmul,ref+idle+rdist,matmul-naive64-s1,train,matmul,matmul-naive64,0.2,2,20524,4103,0
matmul_train,matmul,ref+age+dirty,matmul-naive64-s1,train,matmul,matmul-naive64,0.2,2,153601,2181,1
matmul_train,matmul,ref+age+refaults,matmul-naive64-s1,train,matmul,matmul-naive64,0.2,2,153601,2181,1
matmul_train,matmul,ref+age+rdist,matmul-naive64-s1,train,matmul,matmul-naive64,0.2,2,153601,181,1
matmul_train,matmul,ref+dirty+refaults,matmul-naive64-s1,train,matmul,matmul-naive64,0.2,2,24579,4102,0
matmul_train,matmul,ref+dirty+rdist,matmul-naive64-s1,train,matmul,matmul-naive64,0.2,2,115626,4102,0
matmul_train,matmul,ref+refaults+rdist,matmul-naive64-s1,train,matmul,matmul-naive64,0.2,2,153601,7,1
matmul_train,matmul,aging+sfreq+idle,matmul-naive64-s1,train,matmul,matmul-naive64,0.2,2,153601,2181,1
matmul_train,matmul,aging+sfreq+age,matmul-naive64-s1,train,matmul,matmul-naive64,0.2,2,20488,4102,0
matmul_train,matmul,aging+sfreq+dirty,matmul-naive64-s1,train,matmul,matmul-naive64,0.2,2,153601,2181,1
matmul_train,matmul,aging+sfreq+refaults,matmul-naive64-s1,train,matmul,matmul-naive64,0.2,2,153601,2862,1
matmul_train,matmul,aging+sfreq+rdist,matmul-naive64-s1,train,matmul,matmul-naive64,0.2,2,153601,181,1
matmul_train,matmul,aging+idle+age,matmul-naive64-s1,train,matmul,matmul-naive64,0.2,2,153601,2181,1
matmul_train,matmul,aging+idle+dirty,matmul-naive64-s1,train,matmul,matmul-naive64,0.2,2,28676,4103,0
matmul_train,matmul,aging+idle+refaults,matmul-naive64-s1,train,matmul,matmul-naive64,0.2,2,27648,4103,0
matmul_train,matmul,aging+idle+rdist,matmul-naive64-s1,train,matmul,matmul-naive64,0.2,2,20506,4103,0
matmul_train,matmul,aging+age+dirty,matmul-naive64-s1,train,matmul,matmul-naive64,0.2,2,153601,2181,1
matmul_train,matmul,aging+age+refaults,matmul-naive64-s1,train,matmul,matmul-naive64,0.2,2,153601,2181,1
matmul_train,matmul,aging+age+rdist,matmul-naive64-s1,train,matmul,matmul-naive64,0.2,2,153601,181,1
matmul_train,matmul,aging+dirty+refaults,matmul-naive64-s1,train,matmul,matmul-naive64,0.2,2,24579,4102,0
matmul_train,matmul,aging+dirty+rdist,matmul-naive64-s1,train,matmul,matmul-naive64,0.2,2,115626,4102,0
matmul_train,matmul,aging+refaults+rdist,matmul-naive64-s1,train,matmul,matmul-naive64,0.2,2,20510,4103,0
matmul_train,matmul,sfreq+idle+age,matmul-naive64-s1,train,matmul,matmul-naive64,0.2,2,20488,4102,0
matmul_train,matmul,sfreq+idle+dirty,matmul-naive64-s1,train,matmul,matmul-naive64,0.2,2,20500,4103,0
matmul_train,matmul,sfreq+idle+refaults,matmul-naive64-s1,train,matmul,matmul-naive64,0.2,2,22400,4103,0
matmul_train,matmul,sfreq+idle+rdist,matmul-naive64-s1,train,matmul,matmul-naive64,0.2,2,20528,4102,0
matmul_train,matmul,sfreq+age+dirty,matmul-naive64-s1,train,matmul,matmul-naive64,0.2,2,153601,2181,1
matmul_train,matmul,sfreq+age+refaults,matmul-naive64-s1,train,matmul,matmul-naive64,0.2,2,153601,2181,1
matmul_train,matmul,sfreq+age+rdist,matmul-naive64-s1,train,matmul,matmul-naive64,0.2,2,153601,181,1
matmul_train,matmul,sfreq+dirty+refaults,matmul-naive64-s1,train,matmul,matmul-naive64,0.2,2,153601,2181,1
matmul_train,matmul,sfreq+dirty+rdist,matmul-naive64-s1,train,matmul,matmul-naive64,0.2,2,153601,1588,1
matmul_train,matmul,sfreq+refaults+rdist,matmul-naive64-s1,train,matmul,matmul-naive64,0.2,2,153601,1588,1
matmul_train,matmul,idle+age+dirty,matmul-naive64-s1,train,matmul,matmul-naive64,0.2,2,20509,4103,0
matmul_train,matmul,idle+age+refaults,matmul-naive64-s1,train,matmul,matmul-naive64,0.2,2,21625,4103,0
matmul_train,matmul,idle+age+rdist,matmul-naive64-s1,train,matmul,matmul-naive64,0.2,2,20518,4102,0
matmul_train,matmul,idle+dirty+refaults,matmul-naive64-s1,train,matmul,matmul-naive64,0.2,2,24579,4102,0
matmul_train,matmul,idle+dirty+rdist,matmul-naive64-s1,train,matmul,matmul-naive64,0.2,2,20497,4102,0
matmul_train,matmul,idle+refaults+rdist,matmul-naive64-s1,train,matmul,matmul-naive64,0.2,2,20509,4103,0
matmul_train,matmul,age+dirty+refaults,matmul-naive64-s1,train,matmul,matmul-naive64,0.2,2,153601,1588,1
matmul_train,matmul,age+dirty+rdist,matmul-naive64-s1,train,matmul,matmul-naive64,0.2,2,153601,1588,1
matmul_train,matmul,age+refaults+rdist,matmul-naive64-s1,train,matmul,matmul-naive64,0.2,2,153601,1588,1
matmul_train,matmul,dirty+refaults+rdist,matmul-naive64-s1,train,matmul,matmul-naive64,0.2,2,115626,4102,0
matmul_train,matmul,ref+aging+sfreq+idle,matmul-naive64-s1,train,matmul,matmul-naive64,0.2,2,20503,4103,0
matmul_train,matmul,ref+aging+sfreq+age,matmul-naive64-s1,train,matmul,matmul-naive64,0.2,2,20488,4102,0
matmul_train,matmul,ref+aging+sfreq+dirty,matmul-naive64-s1,train,matmul,matmul-naive64,0.2,2,20503,4103,0
matmul_train,matmul,ref+aging+sfreq+refaults,matmul-naive64-s1,train,matmul,matmul-naive64,0.2,2,22107,4103,0
matmul_train,matmul,ref+aging+sfreq+rdist,matmul-naive64-s1,train,matmul,matmul-naive64,0.2,2,20616,4102,0
matmul_train,matmul,ref+aging+idle+age,matmul-naive64-s1,train,matmul,matmul-naive64,0.2,2,20503,4103,0
matmul_train,matmul,ref+aging+idle+dirty,matmul-naive64-s1,train,matmul,matmul-naive64,0.2,2,28676,4103,0
matmul_train,matmul,ref+aging+idle+refaults,matmul-naive64-s1,train,matmul,matmul-naive64,0.2,2,27650,4103,0
matmul_train,matmul,ref+aging+idle+rdist,matmul-naive64-s1,train,matmul,matmul-naive64,0.2,2,20524,4103,0
matmul_train,matmul,ref+aging+age+dirty,matmul-naive64-s1,train,matmul,matmul-naive64,0.2,2,20503,4103,0
matmul_train,matmul,ref+aging+age+refaults,matmul-naive64-s1,train,matmul,matmul-naive64,0.2,2,21435,4103,0
matmul_train,matmul,ref+aging+age+rdist,matmul-naive64-s1,train,matmul,matmul-naive64,0.2,2,20616,4102,0
matmul_train,matmul,ref+aging+dirty+refaults,matmul-naive64-s1,train,matmul,matmul-naive64,0.2,2,24579,4102,0
matmul_train,matmul,ref+aging+dirty+rdist,matmul-naive64-s1,train,matmul,matmul-naive64,0.2,2,20497,4102,0
matmul_train,matmul,ref+aging+refaults+rdist,matmul-naive64-s1,train,matmul,matmul-naive64,0.2,2,20503,4103,0
matmul_train,matmul,ref+sfreq+idle+age,matmul-naive64-s1,train,matmul,matmul-naive64,0.2,2,20488,4102,0
matmul_train,matmul,ref+sfreq+idle+dirty,matmul-naive64-s1,train,matmul,matmul-naive64,0.2,2,20503,4103,0
matmul_train,matmul,ref+sfreq+idle+refaults,matmul-naive64-s1,train,matmul,matmul-naive64,0.2,2,22322,4103,0
matmul_train,matmul,ref+sfreq+idle+rdist,matmul-naive64-s1,train,matmul,matmul-naive64,0.2,2,20506,4102,0
matmul_train,matmul,ref+sfreq+age+dirty,matmul-naive64-s1,train,matmul,matmul-naive64,0.2,2,153601,2181,1
matmul_train,matmul,ref+sfreq+age+refaults,matmul-naive64-s1,train,matmul,matmul-naive64,0.2,2,153601,2180,1
matmul_train,matmul,ref+sfreq+age+rdist,matmul-naive64-s1,train,matmul,matmul-naive64,0.2,2,153601,181,1
matmul_train,matmul,ref+sfreq+dirty+refaults,matmul-naive64-s1,train,matmul,matmul-naive64,0.2,2,153601,2181,1
matmul_train,matmul,ref+sfreq+dirty+rdist,matmul-naive64-s1,train,matmul,matmul-naive64,0.2,2,153601,1573,1
matmul_train,matmul,ref+sfreq+refaults+rdist,matmul-naive64-s1,train,matmul,matmul-naive64,0.2,2,153601,181,1
matmul_train,matmul,ref+idle+age+dirty,matmul-naive64-s1,train,matmul,matmul-naive64,0.2,2,20503,4103,0
matmul_train,matmul,ref+idle+age+refaults,matmul-naive64-s1,train,matmul,matmul-naive64,0.2,2,21579,4103,0
matmul_train,matmul,ref+idle+age+rdist,matmul-naive64-s1,train,matmul,matmul-naive64,0.2,2,20501,4102,0
matmul_train,matmul,ref+idle+dirty+refaults,matmul-naive64-s1,train,matmul,matmul-naive64,0.2,2,24579,4102,0
matmul_train,matmul,ref+idle+dirty+rdist,matmul-naive64-s1,train,matmul,matmul-naive64,0.2,2,20497,4102,0
matmul_train,matmul,ref+idle+refaults+rdist,matmul-naive64-s1,train,matmul,matmul-naive64,0.2,2,20509,4103,0
matmul_train,matmul,ref+age+dirty+refaults,matmul-naive64-s1,train,matmul,matmul-naive64,0.2,2,153601,2181,1
matmul_train,matmul,ref+age+dirty+rdist,matmul-naive64-s1,train,matmul,matmul-naive64,0.2,2,153601,1573,1
matmul_train,matmul,ref+age+refaults+rdist,matmul-naive64-s1,train,matmul,matmul-naive64,0.2,2,153601,181,1
matmul_train,matmul,ref+dirty+refaults+rdist,matmul-naive64-s1,train,matmul,matmul-naive64,0.2,2,115626,4102,0
matmul_train,matmul,aging+sfreq+idle+age,matmul-naive64-s1,train,matmul,matmul-naive64,0.2,2,20488,4102,0
matmul_train,matmul,aging+sfreq+idle+dirty,matmul-naive64-s1,train,matmul,matmul-naive64,0.2,2,20500,4103,0
matmul_train,matmul,aging+sfreq+idle+refaults,matmul-naive64-s1,train,matmul,matmul-naive64,0.2,2,93068,4103,0
matmul_train,matmul,aging+sfreq+idle+rdist,matmul-naive64-s1,train,matmul,matmul-naive64,0.2,2,153601,181,1
matmul_train,matmul,aging+sfreq+age+dirty,matmul-naive64-s1,train,matmul,matmul-naive64,0.2,2,20488,4102,0
matmul_train,matmul,aging+sfreq+age+refaults,matmul-naive64-s1,train,matmul,matmul-naive64,0.2,2,20508,4103,0
matmul_train,matmul,aging+sfreq+age+rdist,matmul-naive64-s1,train,matmul,matmul-naive64,0.2,2,153601,181,1
matmul_train,matmul,aging+sfreq+dirty+refaults,matmul-naive64-s1,train,matmul,matmul-naive64,0.2,2,153601,2181,1
matmul_train,matmul,aging+sfreq+dirty+rdist,matmul-naive64-s1,train,matmul,matmul-naive64,0.2,2,153601,1573,1
matmul_train,matmul,aging+sfreq+refaults+rdist,matmul-naive64-s1,train,matmul,matmul-naive64,0.2,2,153601,3166,1
matmul_train,matmul,aging+idle+age+dirty,matmul-naive64-s1,train,matmul,matmul-naive64,0.2,2,20509,4103,0
matmul_train,matmul,aging+idle+age+refaults,matmul-naive64-s1,train,matmul,matmul-naive64,0.2,2,21609,4103,0
matmul_train,matmul,aging+idle+age+rdist,matmul-naive64-s1,train,matmul,matmul-naive64,0.2,2,153601,181,1
matmul_train,matmul,aging+idle+dirty+refaults,matmul-naive64-s1,train,matmul,matmul-naive64,0.2,2,24579,4102,0
matmul_train,matmul,aging+idle+dirty+rdist,matmul-naive64-s1,train,matmul,matmul-naive64,0.2,2,20497,4102,0
matmul_train,matmul,aging+idle+refaults+rdist,matmul-naive64-s1,train,matmul,matmul-naive64,0.2,2,153601,7,1
matmul_train,matmul,aging+age+dirty+refaults,matmul-naive64-s1,train,matmul,matmul-naive64,0.2,2,153601,2181,1
matmul_train,matmul,aging+age+dirty+rdist,matmul-naive64-s1,train,matmul,matmul-naive64,0.2,2,153601,1573,1
matmul_train,matmul,aging+age+refaults+rdist,matmul-naive64-s1,train,matmul,matmul-naive64,0.2,2,153601,3166,1
matmul_train,matmul,aging+dirty+refaults+rdist,matmul-naive64-s1,train,matmul,matmul-naive64,0.2,2,115626,4102,0
matmul_train,matmul,sfreq+idle+age+dirty,matmul-naive64-s1,train,matmul,matmul-naive64,0.2,2,20488,4102,0
matmul_train,matmul,sfreq+idle+age+refaults,matmul-naive64-s1,train,matmul,matmul-naive64,0.2,2,20508,4103,0
matmul_train,matmul,sfreq+idle+age+rdist,matmul-naive64-s1,train,matmul,matmul-naive64,0.2,2,20503,4102,0
matmul_train,matmul,sfreq+idle+dirty+refaults,matmul-naive64-s1,train,matmul,matmul-naive64,0.2,2,22095,4103,0
matmul_train,matmul,sfreq+idle+dirty+rdist,matmul-naive64-s1,train,matmul,matmul-naive64,0.2,2,20568,4102,0
matmul_train,matmul,sfreq+idle+refaults+rdist,matmul-naive64-s1,train,matmul,matmul-naive64,0.2,2,20553,4103,0
matmul_train,matmul,sfreq+age+dirty+refaults,matmul-naive64-s1,train,matmul,matmul-naive64,0.2,2,153601,2181,1
matmul_train,matmul,sfreq+age+dirty+rdist,matmul-naive64-s1,train,matmul,matmul-naive64,0.2,2,153601,1572,1
matmul_train,matmul,sfreq+age+refaults+rdist,matmul-naive64-s1,train,matmul,matmul-naive64,0.2,2,153601,2181,1
matmul_train,matmul,sfreq+dirty+refaults+rdist,matmul-naive64-s1,train,matmul,matmul-naive64,0.2,2,153601,1588,1
matmul_train,matmul,idle+age+dirty+refaults,matmul-naive64-s1,train,matmul,matmul-naive64,0.2,2,21453,4103,0
matmul_train,matmul,idle+age+dirty+rdist,matmul-naive64-s1,train,matmul,matmul-naive64,0.2,2,20530,4102,0
matmul_train,matmul,idle+age+refaults+rdist,matmul-naive64-s1,train,matmul,matmul-naive64,0.2,2,20547,4103,0
matmul_train,matmul,idle+dirty+refaults+rdist,matmul-naive64-s1,train,matmul,matmul-naive64,0.2,2,20499,4102,0
matmul_train,matmul,age+dirty+refaults+rdist,matmul-naive64-s1,train,matmul,matmul-naive64,0.2,2,153601,1588,1
matmul_train,matmul,ref+aging+sfreq+idle+age,matmul-naive64-s1,train,matmul,matmul-naive64,0.2,2,20488,4102,0
matmul_train,matmul,ref+aging+sfreq+idle+dirty,matmul-naive64-s1,train,matmul,matmul-naive64,0.2,2,20503,4103,0
matmul_train,matmul,ref+aging+sfreq+idle+refaults,matmul-naive64-s1,train,matmul,matmul-naive64,0.2,2,153601,3165,1
matmul_train,matmul,ref+aging+sfreq+idle+rdist,matmul-naive64-s1,train,matmul,matmul-naive64,0.2,2,153601,3166,1
matmul_train,matmul,ref+aging+sfreq+age+dirty,matmul-naive64-s1,train,matmul,matmul-naive64,0.2,2,20486,4102,0
matmul_train,matmul,ref+aging+sfreq+age+refaults,matmul-naive64-s1,train,matmul,matmul-naive64,0.2,2,20503,4103,0
matmul_train,matmul,ref+aging+sfreq+age+rdist,matmul-naive64-s1,train,matmul,matmul-naive64,0.2,2,20490,4102,0
matmul_train,matmul,ref+aging+sfreq+dirty+refaults,matmul-naive64-s1,train,matmul,matmul-naive64,0.2,2,21651,4103,0
matmul_train,matmul,ref+aging+sfreq+dirty+rdist,matmul-naive64-s1,train,matmul,matmul-naive64,0.2,2,147465,4102,0
matmul_train,matmul,ref+aging+sfreq+refaults+rdist,matmul-naive64-s1,train,matmul,matmul-naive64,0.2,2,153601,3166,1
matmul_train,matmul,ref+aging+idle+age+dirty,matmul-naive64-s1,train,matmul,matmul-naive64,0.2,2,20503,4103,0
matmul_train,matmul,ref+aging+idle+age+refaults,matmul-naive64-s1,train,matmul,matmul-naive64,0.2,2,21331,4103,0
matmul_train,matmul,ref+aging+idle+age+rdist,matmul-naive64-s1,train,matmul,matmul-naive64,0.2,2,153601,3166,1
matmul_train,matmul,ref+aging+idle+dirty+refaults,matmul-naive64-s1,train,matmul,matmul-naive64,0.2,2,24579,4102,0
matmul_train,matmul,ref+aging+idle+dirty+rdist,matmul-naive64-s1,train,matmul,matmul-naive64,0.2,2,20497,4102,0
matmul_train,matmul,ref+aging+idle+refaults+rdist,matmul-naive64-s1,train,matmul,matmul-naive64,0.2,2,20503,4103,0
matmul_train,matmul,ref+aging+age+dirty+refaults,matmul-naive64-s1,train,matmul,matmul-naive64,0.2,2,21195,4103,0
matmul_train,matmul,ref+aging+age+dirty+rdist,matmul-naive64-s1,train,matmul,matmul-naive64,0.2,2,153601,3166,1
matmul_train,matmul,ref+aging+age+refaults+rdist,matmul-naive64-s1,train,matmul,matmul-naive64,0.2,2,20547,4103,0
matmul_train,matmul,ref+aging+dirty+refaults+rdist,matmul-naive64-s1,train,matmul,matmul-naive64,0.2,2,20497,4102,0
matmul_train,matmul,ref+sfreq+idle+age+dirty,matmul-naive64-s1,train,matmul,matmul-naive64,0.2,2,20488,4102,0
matmul_train,matmul,ref+sfreq+idle+age+refaults,matmul-naive64-s1,train,matmul,matmul-naive64,0.2,2,20507,4103,0
matmul_train,matmul,ref+sfreq+idle+age+rdist,matmul-naive64-s1,train,matmul,matmul-naive64,0.2,2,20493,4102,0
matmul_train,matmul,ref+sfreq+idle+dirty+refaults,matmul-naive64-s1,train,matmul,matmul-naive64,0.2,2,21927,4103,0
matmul_train,matmul,ref+sfreq+idle+dirty+rdist,matmul-naive64-s1,train,matmul,matmul-naive64,0.2,2,20498,4102,0
matmul_train,matmul,ref+sfreq+idle+refaults+rdist,matmul-naive64-s1,train,matmul,matmul-naive64,0.2,2,20547,4103,0
matmul_train,matmul,ref+sfreq+age+dirty+refaults,matmul-naive64-s1,train,matmul,matmul-naive64,0.2,2,153601,2181,1
matmul_train,matmul,ref+sfreq+age+dirty+rdist,matmul-naive64-s1,train,matmul,matmul-naive64,0.2,2,153601,1573,1
matmul_train,matmul,ref+sfreq+age+refaults+rdist,matmul-naive64-s1,train,matmul,matmul-naive64,0.2,2,153601,181,1
matmul_train,matmul,ref+sfreq+dirty+refaults+rdist,matmul-naive64-s1,train,matmul,matmul-naive64,0.2,2,153601,1573,1
matmul_train,matmul,ref+idle+age+dirty+refaults,matmul-naive64-s1,train,matmul,matmul-naive64,0.2,2,21355,4103,0
matmul_train,matmul,ref+idle+age+dirty+rdist,matmul-naive64-s1,train,matmul,matmul-naive64,0.2,2,20499,4102,0
matmul_train,matmul,ref+idle+age+refaults+rdist,matmul-naive64-s1,train,matmul,matmul-naive64,0.2,2,20547,4103,0
matmul_train,matmul,ref+idle+dirty+refaults+rdist,matmul-naive64-s1,train,matmul,matmul-naive64,0.2,2,20497,4102,0
matmul_train,matmul,ref+age+dirty+refaults+rdist,matmul-naive64-s1,train,matmul,matmul-naive64,0.2,2,153601,1573,1
matmul_train,matmul,aging+sfreq+idle+age+dirty,matmul-naive64-s1,train,matmul,matmul-naive64,0.2,2,20488,4102,0
matmul_train,matmul,aging+sfreq+idle+age+refaults,matmul-naive64-s1,train,matmul,matmul-naive64,0.2,2,20508,4103,0
matmul_train,matmul,aging+sfreq+idle+age+rdist,matmul-naive64-s1,train,matmul,matmul-naive64,0.2,2,153601,181,1
matmul_train,matmul,aging+sfreq+idle+dirty+refaults,matmul-naive64-s1,train,matmul,matmul-naive64,0.2,2,22113,4103,0
matmul_train,matmul,aging+sfreq+idle+dirty+rdist,matmul-naive64-s1,train,matmul,matmul-naive64,0.2,2,20507,4102,0
matmul_train,matmul,aging+sfreq+idle+refaults+rdist,matmul-naive64-s1,train,matmul,matmul-naive64,0.2,2,20868,4103,0
matmul_train,matmul,aging+sfreq+age+dirty+refaults,matmul-naive64-s1,train,matmul,matmul-naive64,0.2,2,20508,4103,0
matmul_train,matmul,aging+sfreq+age+dirty+rdist,matmul-naive64-s1,train,matmul,matmul-naive64,0.2,2,153601,1573,1
matmul_train,matmul,aging+sfreq+age+refaults+rdist,matmul-naive64-s1,train,matmul,matmul-naive64,0.2,2,153601,181,1
matmul_train,matmul,aging+sfreq+dirty+refaults+rdist,matmul-naive64-s1,train,matmul,matmul-naive64,0.2,2,153601,1573,1
matmul_train,matmul,aging+idle+age+dirty+refaults,matmul-naive64-s1,train,matmul,matmul-naive64,0.2,2,21457,4103,0
matmul_train,matmul,aging+idle+age+dirty+rdist,matmul-naive64-s1,train,matmul,matmul-naive64,0.2,2,20508,4102,0
matmul_train,matmul,aging+idle+age+refaults+rdist,matmul-naive64-s1,train,matmul,matmul-naive64,0.2,2,20561,4103,0
matmul_train,matmul,aging+idle+dirty+refaults+rdist,matmul-naive64-s1,train,matmul,matmul-naive64,0.2,2,20497,4102,0
matmul_train,matmul,aging+age+dirty+refaults+rdist,matmul-naive64-s1,train,matmul,matmul-naive64,0.2,2,153601,1573,1
matmul_train,matmul,sfreq+idle+age+dirty+refaults,matmul-naive64-s1,train,matmul,matmul-naive64,0.2,2,20508,4103,0
matmul_train,matmul,sfreq+idle+age+dirty+rdist,matmul-naive64-s1,train,matmul,matmul-naive64,0.2,2,20493,4102,0
matmul_train,matmul,sfreq+idle+age+refaults+rdist,matmul-naive64-s1,train,matmul,matmul-naive64,0.2,2,20494,4102,0
matmul_train,matmul,sfreq+idle+dirty+refaults+rdist,matmul-naive64-s1,train,matmul,matmul-naive64,0.2,2,20534,4103,0
matmul_train,matmul,sfreq+age+dirty+refaults+rdist,matmul-naive64-s1,train,matmul,matmul-naive64,0.2,2,153601,1572,1
matmul_train,matmul,idle+age+dirty+refaults+rdist,matmul-naive64-s1,train,matmul,matmul-naive64,0.2,2,20526,4103,0
matmul_train,matmul,ref+aging+sfreq+idle+age+dirty,matmul-naive64-s1,train,matmul,matmul-naive64,0.2,2,20488,4102,0
matmul_train,matmul,ref+aging+sfreq+idle+age+refaults,matmul-naive64-s1,train,matmul,matmul-naive64,0.2,2,20503,4103,0
matmul_train,matmul,ref+aging+sfreq+idle+age+rdist,matmul-naive64-s1,train,matmul,matmul-naive64,0.2,2,153601,181,1
matmul_train,matmul,ref+aging+sfreq+idle+dirty+refaults,matmul-naive64-s1,train,matmul,matmul-naive64,0.2,2,21539,4103,0
matmul_train,matmul,ref+aging+sfreq+idle+dirty+rdist,matmul-naive64-s1,train,matmul,matmul-naive64,0.2,2,147465,4102,0
matmul_train,matmul,ref+aging+sfreq+idle+refaults+rdist,matmul-naive64-s1,train,matmul,matmul-naive64,0.2,2,153601,3166,1
matmul_train,matmul,ref+aging+sfreq+age+dirty+refaults,matmul-naive64-s1,train,matmul,matmul-naive64,0.2,2,20503,4103,0
matmul_train,matmul,ref+aging+sfreq+age+dirty+rdist,matmul-naive64-s1,train,matmul,matmul-naive64,0.2,2,153601,1588,1
matmul_train,matmul,ref+aging+sfreq+age+refaults+rdist,matmul-naive64-s1,train,matmul,matmul-naive64,0.2,2,20490,4102,0
matmul_train,matmul,ref+aging+sfreq+dirty+refaults+rdist,matmul-naive64-s1,train,matmul,matmul-naive64,0.2,2,153601,3166,1
matmul_train,matmul,ref+aging+idle+age+dirty+refaults,matmul-naive64-s1,train,matmul,matmul-naive64,0.2,2,21139,4103,0
matmul_train,matmul,ref+aging+idle+age+dirty+rdist,matmul-naive64-s1,train,matmul,matmul-naive64,0.2,2,153601,3166,1
matmul_train,matmul,ref+aging+idle+age+refaults+rdist,matmul-naive64-s1,train,matmul,matmul-naive64,0.2,2,153601,3166,1
matmul_train,matmul,ref+aging+idle+dirty+refaults+rdist,matmul-naive64-s1,train,matmul,matmul-naive64,0.2,2,20497,4102,0
matmul_train,matmul,ref+aging+age+dirty+refaults+rdist,matmul-naive64-s1,train,matmul,matmul-naive64,0.2,2,153601,3166,1
matmul_train,matmul,ref+sfreq+idle+age+dirty+refaults,matmul-naive64-s1,train,matmul,matmul-naive64,0.2,2,20503,4103,0
matmul_train,matmul,ref+sfreq+idle+age+dirty+rdist,matmul-naive64-s1,train,matmul,matmul-naive64,0.2,2,20490,4102,0
matmul_train,matmul,ref+sfreq+idle+age+refaults+rdist,matmul-naive64-s1,train,matmul,matmul-naive64,0.2,2,20490,4102,0
matmul_train,matmul,ref+sfreq+idle+dirty+refaults+rdist,matmul-naive64-s1,train,matmul,matmul-naive64,0.2,2,20502,4102,0
matmul_train,matmul,ref+sfreq+age+dirty+refaults+rdist,matmul-naive64-s1,train,matmul,matmul-naive64,0.2,2,153601,1573,1
matmul_train,matmul,ref+idle+age+dirty+refaults+rdist,matmul-naive64-s1,train,matmul,matmul-naive64,0.2,2,20500,4102,0
matmul_train,matmul,aging+sfreq+idle+age+dirty+refaults,matmul-naive64-s1,train,matmul,matmul-naive64,0.2,2,20508,4103,0
matmul_train,matmul,aging+sfreq+idle+age+dirty+rdist,matmul-naive64-s1,train,matmul,matmul-naive64,0.2,2,153601,1573,1
matmul_train,matmul,aging+sfreq+idle+age+refaults+rdist,matmul-naive64-s1,train,matmul,matmul-naive64,0.2,2,153601,181,1
matmul_train,matmul,aging+sfreq+idle+dirty+refaults+rdist,matmul-naive64-s1,train,matmul,matmul-naive64,0.2,2,20520,4103,0
matmul_train,matmul,aging+sfreq+age+dirty+refaults+rdist,matmul-naive64-s1,train,matmul,matmul-naive64,0.2,2,153601,1573,1
matmul_train,matmul,aging+idle+age+dirty+refaults+rdist,matmul-naive64-s1,train,matmul,matmul-naive64,0.2,2,20520,4103,0
matmul_train,matmul,sfreq+idle+age+dirty+refaults+rdist,matmul-naive64-s1,train,matmul,matmul-naive64,0.2,2,20490,4102,0
matmul_train,matmul,ref+aging+sfreq+idle+age+dirty+refaults,matmul-naive64-s1,train,matmul,matmul-naive64,0.2,2,20503,4103,0
matmul_train,matmul,ref+aging+sfreq+idle+age+dirty+rdist,matmul-naive64-s1,train,matmul,matmul-naive64,0.2,2,153601,1588,1
matmul_train,matmul,ref+aging+sfreq+idle+age+refaults+rdist,matmul-naive64-s1,train,matmul,matmul-naive64,0.2,2,20490,4102,0
matmul_train,matmul,ref+aging+sfreq+idle+dirty+refaults+rdist,matmul-naive64-s1,train,matmul,matmul-naive64,0.2,2,20522,4102,0
matmul_train,matmul,ref+aging+sfreq+age+dirty+refaults+rdist,matmul-naive64-s1,train,matmul,matmul-naive64,0.2,2,20488,4102,0
matmul_train,matmul,ref+aging+idle+age+dirty+refaults+rdist,matmul-naive64-s1,train,matmul,matmul-naive64,0.2,2,20508,4102,0
matmul_train,matmul,ref+sfreq+idle+age+dirty+refaults+rdist,matmul-naive64-s1,train,matmul,matmul-naive64,0.2,2,20488,4102,0
matmul_train,matmul,aging+sfreq+idle+age+dirty+refaults+rdist,matmul-naive64-s1,train,matmul,matmul-naive64,0.2,2,20490,4102,0
matmul_train,matmul,ref+aging+sfreq+idle+age+dirty+refaults+rdist,matmul-naive64-s1,train,matmul,matmul-naive64,0.2,2,20488,4102,0
matmul_train,matmul,rec+ref+aging+sfreq+idle+age+dirty,matmul-naive64-s1,train,matmul,matmul-naive64,0.2,2,20484,4102,0
matmul_train,matmul,rec+ref+aging+sfreq+idle+age+dirty+refaults+rdist,matmul-naive64-s1,train,matmul,matmul-naive64,0.2,2,20484,4102,0
matmul_train,matmul,freq+ref+aging+sfreq+idle+age+dirty,matmul-naive64-s1,train,matmul,matmul-naive64,0.2,2,20499,4103,0
matmul_train,matmul,freq+ref+aging+sfreq+idle+age+dirty+refaults+rdist,matmul-naive64-s1,train,matmul,matmul-naive64,0.2,2,20488,4102,0
matmul_train,matmul,sd+ref+aging+sfreq+idle+age+dirty,matmul-naive64-s1,train,matmul,matmul-naive64,0.2,2,20496,4103,0
matmul_train,matmul,sd+ref+aging+sfreq+idle+age+dirty+refaults+rdist,matmul-naive64-s1,train,matmul,matmul-naive64,0.2,2,20484,4102,0
matmul_train,matmul,wr+ref+aging+sfreq+idle+age+dirty,matmul-naive64-s1,train,matmul,matmul-naive64,0.2,2,20488,4102,0
matmul_train,matmul,wr+ref+aging+sfreq+idle+age+dirty+refaults+rdist,matmul-naive64-s1,train,matmul,matmul-naive64,0.2,2,20488,4102,0
matmul_train,matmul,rec+freq+ref+aging+sfreq+idle+age+dirty,matmul-naive64-s1,train,matmul,matmul-naive64,0.2,2,20484,4102,0
matmul_train,matmul,rec+freq+ref+aging+sfreq+idle+age+dirty+refaults+rdist,matmul-naive64-s1,train,matmul,matmul-naive64,0.2,2,20484,4102,0
matmul_train,matmul,rec+sd+ref+aging+sfreq+idle+age+dirty,matmul-naive64-s1,train,matmul,matmul-naive64,0.2,2,20488,4103,0
matmul_train,matmul,rec+sd+ref+aging+sfreq+idle+age+dirty+refaults+rdist,matmul-naive64-s1,train,matmul,matmul-naive64,0.2,2,20484,4102,0
matmul_train,matmul,rec+wr+ref+aging+sfreq+idle+age+dirty,matmul-naive64-s1,train,matmul,matmul-naive64,0.2,2,20484,4102,0
matmul_train,matmul,rec+wr+ref+aging+sfreq+idle+age+dirty+refaults+rdist,matmul-naive64-s1,train,matmul,matmul-naive64,0.2,2,20484,4102,0
matmul_train,matmul,freq+sd+ref+aging+sfreq+idle+age+dirty,matmul-naive64-s1,train,matmul,matmul-naive64,0.2,2,20763,4103,0
matmul_train,matmul,freq+sd+ref+aging+sfreq+idle+age+dirty+refaults+rdist,matmul-naive64-s1,train,matmul,matmul-naive64,0.2,2,20484,4102,0
matmul_train,matmul,freq+wr+ref+aging+sfreq+idle+age+dirty,matmul-naive64-s1,train,matmul,matmul-naive64,0.2,2,20488,4102,0
matmul_train,matmul,freq+wr+ref+aging+sfreq+idle+age+dirty+refaults+rdist,matmul-naive64-s1,train,matmul,matmul-naive64,0.2,2,20488,4102,0
matmul_train,matmul,sd+wr+ref+aging+sfreq+idle+age+dirty,matmul-naive64-s1,train,matmul,matmul-naive64,0.2,2,20500,4103,0
matmul_train,matmul,sd+wr+ref+aging+sfreq+idle+age+dirty+refaults+rdist,matmul-naive64-s1,train,matmul,matmul-naive64,0.2,2,20484,4102,0
matmul_train,matmul,rec+freq+sd+ref+aging+sfreq+idle+age+dirty,matmul-naive64-s1,train,matmul,matmul-naive64,0.2,2,20653,4103,0
matmul_train,matmul,rec+freq+sd+ref+aging+sfreq+idle+age+dirty+refaults+rdist,matmul-naive64-s1,train,matmul,matmul-naive64,0.2,2,20484,4102,0
matmul_train,matmul,rec+freq+wr+ref+aging+sfreq+idle+age+dirty,matmul-naive64-s1,train,matmul,matmul-naive64,0.2,2,20484,4102,0
matmul_train,matmul,rec+freq+wr+ref+aging+sfreq+idle+age+dirty+refaults+rdist,matmul-naive64-s1,train,matmul,matmul-naive64,0.2,2,20484,4102,0
matmul_train,matmul,rec+sd+wr+ref+aging+sfreq+idle+age+dirty,matmul-naive64-s1,train,matmul,matmul-naive64,0.2,2,20488,4103,0
matmul_train,matmul,rec+sd+wr+ref+aging+sfreq+idle+age+dirty+refaults+rdist,matmul-naive64-s1,train,matmul,matmul-naive64,0.2,2,20484,4102,0
matmul_train,matmul,freq+sd+wr+ref+aging+sfreq+idle+age+dirty,matmul-naive64-s1,train,matmul,matmul-naive64,0.2,2,20501,4103,0
matmul_train,matmul,freq+sd+wr+ref+aging+sfreq+idle+age+dirty+refaults+rdist,matmul-naive64-s1,train,matmul,matmul-naive64,0.2,2,20484,4102,0
matmul_train,matmul,rec+freq+sd+wr+ref+aging+sfreq+idle+age+dirty,matmul-naive64-s1,train,matmul,matmul-naive64,0.2,2,20489,4103,0
matmul_train,matmul,rec+freq+sd+wr+ref+aging+sfreq+idle+age+dirty+refaults+rdist,matmul-naive64-s1,train,matmul,matmul-naive64,0.2,2,20484,4102,0
matmul_train,global,rec,matmul-naive64-s1,train,matmul,matmul-naive64,0.2,2,24576,4103,0
matmul_train,global,freq,matmul-naive64-s1,train,matmul,matmul-naive64,0.2,2,153601,2181,1
matmul_train,global,sd,matmul-naive64-s1,train,matmul,matmul-naive64,0.2,2,24576,4103,0
matmul_train,global,wr,matmul-naive64-s1,train,matmul,matmul-naive64,0.2,2,28676,4103,0
matmul_train,global,rec+freq,matmul-naive64-s1,train,matmul,matmul-naive64,0.2,2,25576,4103,0
matmul_train,global,rec+sd,matmul-naive64-s1,train,matmul,matmul-naive64,0.2,2,24576,4103,0
matmul_train,global,rec+wr,matmul-naive64-s1,train,matmul,matmul-naive64,0.2,2,24576,4103,0
matmul_train,global,freq+sd,matmul-naive64-s1,train,matmul,matmul-naive64,0.2,2,25167,4103,0
matmul_train,global,freq+wr,matmul-naive64-s1,train,matmul,matmul-naive64,0.2,2,153601,2181,1
matmul_train,global,sd+wr,matmul-naive64-s1,train,matmul,matmul-naive64,0.2,2,24576,4103,0
matmul_train,global,rec+freq+sd,matmul-naive64-s1,train,matmul,matmul-naive64,0.2,2,29568,4103,0
matmul_train,global,rec+freq+wr,matmul-naive64-s1,train,matmul,matmul-naive64,0.2,2,25588,4103,0
matmul_train,global,rec+sd+wr,matmul-naive64-s1,train,matmul,matmul-naive64,0.2,2,24576,4103,0
matmul_train,global,freq+sd+wr,matmul-naive64-s1,train,matmul,matmul-naive64,0.2,2,25167,4103,0
matmul_train,global,rec+freq+sd+wr,matmul-naive64-s1,train,matmul,matmul-naive64,0.2,2,29569,4103,0
matmul_train,global,ref,matmul-naive64-s1,train,matmul,matmul-naive64,0.2,2,30720,4103,0
matmul_train,global,aging,matmul-naive64-s1,train,matmul,matmul-naive64,0.2,2,30720,4103,0
matmul_train,global,sfreq,matmul-naive64-s1,train,matmul,matmul-naive64,0.2,2,153601,1588,1
matmul_train,global,idle,matmul-naive64-s1,train,matmul,matmul-naive64,0.2,2,30720,4103,0
matmul_train,global,age,matmul-naive64-s1,train,matmul,matmul-naive64,0.2,2,30720,4103,0
matmul_train,global,dirty,matmul-naive64-s1,train,matmul,matmul-naive64,0.2,2,28676,4103,0
matmul_train,global,refaults,matmul-naive64-s1,train,matmul,matmul-naive64,0.2,2,30724,4103,0
matmul_train,global,rdist,matmul-naive64-s1,train,matmul,matmul-naive64,0.2,2,153601,7,1
matmul_train,global,ref+aging,matmul-naive64-s1,train,matmul,matmul-naive64,0.2,2,30720,4103,0
matmul_train,global,ref+sfreq,matmul-naive64-s1,train,matmul,matmul-naive64,0.2,2,20488,4102,0
matmul_train,global,ref+idle,matmul-naive64-s1,train,matmul,matmul-naive64,0.2,2,30720,4103,0
matmul_train,global,ref+age,matmul-naive64-s1,train,matmul,matmul-naive64,0.2,2,30720,4103,0
matmul_train,global,ref+dirty,matmul-naive64-s1,train,matmul,matmul-naive64,0.2,2,28676,4103,0
matmul_train,global,ref+refaults,matmul-naive64-s1,train,matmul,matmul-naive64,0.2,2,30724,4103,0
matmul_train,global,ref+rdist,matmul-naive64-s1,train,matmul,matmul-naive64,0.2,2,20491,4103,0
matmul_train,global,aging+sfreq,matmul-naive64-s1,train,matmul,matmul-naive64,0.2,2,20488,4102,0
matmul_train,global,aging+idle,matmul-naive64-s1,train,matmul,matmul-naive64,0.2,2,30720,4103,0
matmul_train,global,aging+age,matmul-naive64-s1,train,matmul,matmul-naive64,0.2,2,20488,4102,0
matmul_train,global,aging+dirty,matmul-naive64-s1,train,matmul,matmul-naive64,0.2,2,28676,4103,0
matmul_train,global,aging+refaults,matmul-naive64-s1,train,matmul,matmul-naive64,0.2,2,30724,4103,0
matmul_train,global,aging+rdist,matmul-naive64-s1,train,matmul,matmul-naive64,0.2,2,20491,4103,0
matmul_train,global,sfreq+idle,matmul-naive64-s1,train,matmul,matmul-naive64,0.2,2,20503,4103,0
matmul_train,global,sfreq+age,matmul-naive64-s1,train,matmul,matmul-naive64,0.2,2,30720,4103,0
matmul_train,global,sfreq+dirty,matmul-naive64-s1,train,matmul,matmul-naive64,0.2,2,153601,1588,1
matmul_train,global,sfreq+refaults,matmul-naive64-s1,train,matmul,matmul-naive64,0.2,2,153601,3138,1
matmul_train,global,sfreq+rdist,matmul-naive64-s1,train,matmul,matmul-naive64,0.2,2,153601,7,1
matmul_train,global,idle+age,matmul-naive64-s1,train,matmul,matmul-naive64,0.2,2,20503,4103,0
matmul_train,global,idle+dirty,matmul-naive64-s1,train,matmul,matmul-naive64,0.2,2,28676,4103,0
matmul_train,global,idle+refaults,matmul-naive64-s1,train,matmul,matmul-naive64,0.2,2,30724,4103,0
matmul_train,global,idle+rdist,matmul-naive64-s1,train,matmul,matmul-naive64,0.2,2,20524,4103,0
matmul_train,global,age+dirty,matmul-naive64-s1,train,matmul,matmul-naive64,0.2,2,30720,4103,0
matmul_train,global,age+refaults,matmul-naive64-s1,train,matmul,matmul-naive64,0.2,2,153601,2956,1
matmul_train,global,age+rdist,matmul-naive64-s1,train,matmul,matmul-naive64,0.2,2,21944,4099,0
matmul_train,global,dirty+refaults,matmul-naive64-s1,train,matmul,matmul-naive64,0.2,2,33196,4103,0
matmul_train,global,dirty+rdist,matmul-naive64-s1,train,matmul,matmul-naive64,0.2,2,115626,4102,0
matmul_train,global,refaults+rdist,matmul-naive64-s1,train,matmul,matmul-naive64,0.2,2,33495,4103,0
matmul_train,global,ref+aging+sfreq,matmul-naive64-s1,train,matmul,matmul-naive64,0.2,2,20488,4102,0
matmul_train,global,ref+aging+idle,matmul-naive64-s1,train,matmul,matmul-naive64,0.2,2,30720,4103,0
matmul_train,global,ref+aging+age,matmul-naive64-s1,train,matmul,matmul-naive64,0.2,2,20488,4102,0
matmul_train,global,ref+aging+dirty,matmul-naive64-s1,train,matmul,matmul-naive64,0.2,2,28676,4103,0
matmul_train,global,ref+aging+refaults,matmul-naive64-s1,train,matmul,matmul-naive64,0.2,2,30724,4103,0
matmul_train,global,ref+aging+rdist,matmul-naive64-s1,train,matmul,matmul-naive64,0.2,2,20491,4103,0
matmul_train,global,ref+sfreq+idle,matmul-naive64-s1,train,matmul,matmul-naive64,0.2,2,20488,4102,0
matmul_train,global,ref+sfreq+age,matmul-naive64-s1,train,matmul,matmul-naive64,0.2,2,30720,4103,0
matmul_train,global,ref+sfreq+dirty,matmul-naive64-s1,train,matmul,matmul-naive64,0.2,2,20488,4102,0
matmul_train,global,ref+sfreq+refaults,matmul-naive64-s1,train,matmul,matmul-naive64,0.2,2,153601,3456,1
matmul_train,global,ref+sfreq+rdist,matmul-naive64-s1,train,matmul,matmul-naive64,0.2,2,20488,4102,0
matmul_train,global,ref+idle+age,matmul-naive64-s1,train,matmul,matmul-naive64,0.2,2,20488,4102,0
matmul_train,global,ref+idle+dirty,matmul-naive64-s1,train,matmul,matmul-naive64,0.2,2,28676,4103,0
matmul_train,global,ref+idle+refaults,matmul-naive64-s1,train,matmul,matmul-naive64,0.2,2,30724,4103,0
matmul_train,global,ref+idle+rdist,matmul-naive64-s1,train,matmul,matmul-naive64,0.2,2,20491,4103,0
matmul_train,global,ref+age+dirty,matmul-naive64-s1,train,matmul,matmul-naive64,0.2,2,28676,4103,0
matmul_train,global,ref+age+refaults,matmul-naive64-s1,train,matmul,matmul-naive64,0.2,2,25858,4103,0
matmul_train,global,ref+age+rdist,matmul-naive64-s1,train,matmul,matmul-naive64,0.2,2,20491,4103,0
matmul_train,global,ref+dirty+refaults,matmul-naive64-s1,train,matmul,matmul-naive64,0.2,2,30724,4103,0
matmul_train,global,ref+dirty+rdist,matmul-naive64-s1,train,matmul,matmul-naive64,0.2,2,20488,4102,0
matmul_train,global,ref+refaults+rdist,matmul-naive64-s1,train,matmul,matmul-naive64,0.2,2,25370,4103,0
matmul_train,global,aging+sfreq+idle,matmul-naive64-s1,train,matmul,matmul-naive64,0.2,2,20488,4102,0
matmul_train,global,aging+sfreq+age,matmul-naive64-s1,train,matmul,matmul-naive64,0.2,2,20488,4102,0
matmul_train,global,aging+sfreq+dirty,matmul-naive64-s1,train,matmul,matmul-naive64,0.2,2,20488,4102,0
matmul_train,global,aging+sfreq+refaults,matmul-naive64-s1,train,matmul,matmul-naive64,0.2,2,153601,3849,1
matmul_train,global,aging+sfreq+rdist,matmul-naive64-s1,train,matmul,matmul-naive64,0.2,2,20488,4102,0
matmul_train,global,aging+idle+age,matmul-naive64-s1,train,matmul,matmul-naive64,0.2,2,20488,4102,0
matmul_train,global,aging+idle+dirty,matmul-naive64-s1,train,matmul,matmul-naive64,0.2,2,28676,4103,0
matmul_train,global,aging+idle+refaults,matmul-naive64-s1,train,matmul,matmul-naive64,0.2,2,30724,4103,0
matmul_train,global,aging+idle+rdist,matmul-naive64-s1,train,matmul,matmul-naive64,0.2,2,20491,4103,0
matmul_train,global,aging+age+dirty,matmul-naive64-s1,train,matmul,matmul-naive64,0.2,2,20488,4102,0
matmul_train,global,aging+age+refaults,matmul-naive64-s1,train,matmul,matmul-naive64,0.2,2,24669,4103,0
matmul_train,global,aging+age+rdist,matmul-naive64-s1,train,matmul,matmul-naive64,0.2,2,20488,4102,0
matmul_train,global,aging+dirty+refaults,matmul-naive64-s1,train,matmul,matmul-naive64,0.2,2,30724,4103,0
matmul_train,global,aging+dirty+rdist,matmul-naive64-s1,train,matmul,matmul-naive64,0.2,2,20488,4102,0
matmul_train,global,aging+refaults+rdist,matmul-naive64-s1,train,matmul,matmul-naive64,0.2,2,25330,4103,0
matmul_train,global,sfreq+idle+age,matmul-naive64-s1,train,matmul,matmul-naive64,0.2,2,20488,4102,0
matmul_train,global,sfreq+idle+dirty,matmul-naive64-s1,train,matmul,matmul-naive64,0.2,2,20509,4103,0
matmul_train,global,sfreq+idle+refaults,matmul-naive64-s1,train,matmul,matmul-naive64,0.2,2,28559,4103,0
matmul_train,global,sfreq+idle+rdist,matmul-naive64-s1,train,matmul,matmul-naive64,0.2,2,20490,4102,0
matmul_train,global,sfreq+age+dirty,matmul-naive64-s1,train,matmul,matmul-naive64,0.2,2,28676,4103,0
matmul_train,global,sfreq+age+refaults,matmul-naive64-s1,train,matmul,matmul-naive64,0.2,2,153601,3140,1
matmul_train,global,sfreq+age+rdist,matmul-naive64-s1,train,matmul,matmul-naive64,0.2,2,20506,4103,0
matmul_train,global,sfreq+dirty+refaults,matmul-naive64-s1,train,matmul,matmul-naive64,0.2,2,153601,3132,1
matmul_train,global,sfreq+dirty+rdist,matmul-naive64-s1,train,matmul,matmul-naive64,0.2,2,153601,1588,1
matmul_train,global,sfreq+refaults+rdist,matmul-naive64-s1,train,matmul,matmul-naive64,0.2,2,153601,2561,1
matmul_train,global,idle+age+dirty,matmul-naive64-s1,train,matmul,matmul-naive64,0.2,2,20503,4103,0
matmul_train,global,idle+age+refaults,matmul-naive64-s1,train,matmul,matmul-naive64,0.2,2,24664,4103,0
matmul_train,global,idle+age+rdist,matmul-naive64-s1,train,matmul,matmul-naive64,0.2,2,20490,4102,0
matmul_train,global,idle+dirty+refaults,matmul-naive64-s1,train,matmul,matmul-naive64,0.2,2,30724,4103,0
matmul_train,global,idle+dirty+rdist,matmul-naive64-s1,train,matmul,matmul-naive64,0.2,2,20488,4102,0
matmul_train,global,idle+refaults+rdist,matmul-naive64-s1,train,matmul,matmul-naive64,0.2,2,25862,4103,0
matmul_train,global,age+dirty+refaults,matmul-naive64-s1,train,matmul,matmul-naive64,0.2,2,153601,2993,1
matmul_train,global,age+dirty+rdist,matmul-naive64-s1,train,matmul,matmul-naive64,0.2,2,21040,4102,0
matmul_train,global,age+refaults+rdist,matmul-naive64-s1,train,matmul,matmul-naive64,0.2,2,153601,3052,1
matmul_train,global,dirty+refaults+rdist,matmul-naive64-s1,train,matmul,matmul-naive64,0.2,2,33484,4103,0
matmul_train,global,ref+aging+sfreq+idle,matmul-naive64-s1,train,matmul,matmul-naive64,0.2,2,20488,4102,0
matmul_train,global,ref+aging+sfreq+age,matmul-naive64-s1,train,matmul,matmul-naive64,0.2,2,20488,4102,0
matmul_train,global,ref+aging+sfreq+dirty,matmul-naive64-s1,train,matmul,matmul-naive64,0.2,2,20488,4102,0
matmul_train,global,ref+aging+sfreq+refaults,matmul-naive64-s1,train,matmul,matmul-naive64,0.2,2,153601,3815,1
matmul_train,global,ref+aging+sfreq+rdist,matmul-naive64-s1,train,matmul,matmul-naive64,0.2,2,20488,4102,0
matmul_train,global,ref+aging+idle+age,matmul-naive64-s1,train,matmul,matmul-naive64,0.2,2,20488,4102,0
matmul_train,global,ref+aging+idle+dirty,matmul-naive64-s1,train,matmul,matmul-naive64,0.2,2,28676,4103,0
matmul_train,global,ref+aging+idle+refaults,matmul-naive64-s1,train,matmul,matmul-naive64,0.2,2,30724,4103,0
matmul_train,global,ref+aging+idle+rdist,matmul-naive64-s1,train,matmul,matmul-naive64,0.2,2,20491,4103,0
matmul_train,global,ref+aging+age+dirty,matmul-naive64-s1,train,matmul,matmul-naive64,0.2,2,20488,4102,0
matmul_train,global,ref+aging+age+refaults,matmul-naive64-s1,train,matmul,matmul-naive64,0.2,2,24257,4103,0
matmul_train,global,ref+aging+age+rdist,matmul-naive64-s1,train,matmul,matmul-naive64,0.2,2,20488,4102,0
matmul_train,global,ref+aging+dirty+refaults,matmul-naive64-s1,train,matmul,matmul-naive64,0.2,2,30724,4103,0
matmul_train,global,ref+aging+dirty+rdist,matmul-naive64-s1,train,matmul,matmul-naive64,0.2,2,20488,4102,0
matmul_train,global,ref+aging+refaults+rdist,matmul-naive64-s1,train,matmul,matmul-naive64,0.2,2,25339,4103,0
matmul_train,global,ref+sfreq+idle+age,matmul-naive64-s1,train,matmul,matmul-naive64,0.2,2,20488,4102,0
matmul_train,global,ref+sfreq+idle+dirty,matmul-naive64-s1,train,matmul,matmul-naive64,0.2,2,20488,4102,0
matmul_train,global,ref+sfreq+idle+refaults,matmul-naive64-s1,train,matmul,matmul-naive64,0.2,2,38530,4103,0
matmul_train,global,ref+sfreq+idle+rdist,matmul-naive64-s1,train,matmul,matmul-naive64,0.2,2,20488,4102,0
matmul_train,global,ref+sfreq+age+dirty,matmul-naive64-s1,train,matmul,matmul-naive64,0.2,2,28676,4103,0
matmul_train,global,ref+sfreq+age+refaults,matmul-naive64-s1,train,matmul,matmul-naive64,0.2,2,153601,3558,1
matmul_train,global,ref+sfreq+age+rdist,matmul-naive64-s1,train,matmul,matmul-naive64,0.2,2,20491,4103,0
matmul_train,global,ref+sfreq+dirty+refaults,matmul-naive64-s1,train,matmul,matmul-naive64,0.2,2,153601,3395,1
matmul_train,global,ref+sfreq+dirty+rdist,matmul-naive64-s1,train,matmul,matmul-naive64,0.2,2,20488,4102,0
matmul_train,global,ref+sfreq+refaults+rdist,matmul-naive64-s1,train,matmul,matmul-naive64,0.2,2,153601,3977,1
matmul_train,global,ref+idle+age+dirty,matmul-naive64-s1,train,matmul,matmul-naive64,0.2,2,20488,4102,0
matmul_train,global,ref+idle+age+refaults,matmul-naive64-s1,train,matmul,matmul-naive64,0.2,2,24743,4103,0
matmul_train,global,ref+idle+age+rdist,matmul-naive64-s1,train,matmul,matmul-naive64,0.2,2,20488,4102,0
matmul_train,global,ref+idle+dirty+refaults,matmul-naive64-s1,train,matmul,matmul-naive64,0.2,2,30724,4103,0
matmul_train,global,ref+idle+dirty+rdist,matmul-naive64-s1,train,matmul,matmul-naive64,0.2,2,20488,4102,0
matmul_train,global,ref+idle+refaults+rdist,matmul-naive64-s1,train,matmul,matmul-naive64,0.2,2,25470,4103,0
matmul_train,global,ref+age+dirty+refaults,matmul-naive64-s1,train,matmul,matmul-naive64,0.2,2,26119,4103,0
matmul_train,global,ref+age+dirty+rdist,matmul-naive64-s1,train,matmul,matmul-naive64,0.2,2,20488,4102,0
matmul_train,global,ref+age+refaults+rdist,matmul-naive64-s1,train,matmul,matmul-naive64,0.2,2,22562,4103,0
matmul_train,global,ref+dirty+refaults+rdist,matmul-naive64-s1,train,matmul,matmul-naive64,0.2,2,25340,4103,0
matmul_train,global,aging+sfreq+idle+age,matmul-naive64-s1,train,matmul,matmul-naive64,0.2,2,20488,4102,0
matmul_train,global,aging+sfreq+idle+dirty,matmul-naive64-s1,train,matmul,matmul-naive64,0.2,2,20488,4102,0
matmul_train,global,aging+sfreq+idle+refaults,matmul-naive64-s1,train,matmul,matmul-naive64,0.2,2,153601,3896,1
matmul_train,global,aging+sfreq+idle+rdist,matmul-naive64-s1,train,matmul,matmul-naive64,0.2,2,20488,4102,0
matmul_train,global,aging+sfreq+age+dirty,matmul-naive64-s1,train,matmul,matmul-naive64,0.2,2,20488,4102,0
matmul_train,global,aging+sfreq+age+refaults,matmul-naive64-s1,train,matmul,matmul-naive64,0.2,2,153601,3930,1
matmul_train,global,aging+sfreq+age+rdist,matmul-naive64-s1,train,matmul,matmul-naive64,0.2,2,20488,4102,0
matmul_train,global,aging+sfreq+dirty+refaults,matmul-naive64-s1,train,matmul,matmul-naive64,0.2,2,153601,3825,1
matmul_train,global,aging+sfreq+dirty+rdist,matmul-naive64-s1,train,matmul,matmul-naive64,0.2,2,20488,4102,0
matmul_train,global,aging+sfreq+refaults+rdist,matmul-naive64-s1,train,matmul,matmul-naive64,0.2,2,153601,4037,1
matmul_train,global,aging+idle+age+dirty,matmul-naive64-s1,train,matmul,matmul-naive64,0.2,2,20488,4102,0
matmul_train,global,aging+idle+age+refaults,matmul-naive64-s1,train,matmul,matmul-naive64,0.2,2,24405,4103,0
matmul_train,global,aging+idle+age+rdist,matmul-naive64-s1,train,matmul,matmul-naive64,0.2,2,20488,4102,0
matmul_train,global,aging+idle+dirty+refaults,matmul-naive64-s1,train,matmul,matmul-naive64,0.2,2,30724,4103,0
matmul_train,global,aging+idle+dirty+rdist,matmul-naive64-s1,train,matmul,matmul-naive64,0.2,2,20488,4102,0
matmul_train,global,aging+idle+refaults+rdist,matmul-naive64-s1,train,matmul,matmul-naive64,0.2,2,25224,4103,0
matmul_train,global,aging+age+dirty+refaults,matmul-naive64-s1,train,matmul,matmul-naive64,0.2,2,24677,4103,0
matmul_train,global,aging+age+dirty+rdist,matmul-naive64-s1,train,matmul,matmul-naive64,0.2,2,20488,4102,0
matmul_train,global,aging+age+refaults+rdist,matmul-naive64-s1,train,matmul,matmul-naive64,0.2,2,22451,4103,0
matmul_train,global,aging+dirty+refaults+rdist,matmul-naive64-s1,train,matmul,matmul-naive64,0.2,2,25316,4103,0
matmul_train,global,sfreq+idle+age+dirty,matmul-naive64-s1,train,matmul,matmul-naive64,0.2,2,20503,4103,0
matmul_train,global,sfreq+idle+age+refaults,matmul-naive64-s1,train,matmul,matmul-naive64,0.2,2,24896,4103,0
matmul_train,global,sfreq+idle+age+rdist,matmul-naive64-s1,train,matmul,matmul-naive64,0.2,2,20490,4102,0
matmul_train,global,sfreq+idle+dirty+refaults,matmul-naive64-s1,train,matmul,matmul-naive64,0.2,2,29244,4103,0
matmul_train,global,sfreq+idle+dirty+rdist,matmul-naive64-s1,train,matmul,matmul-naive64,0.2,2,20488,4102,0
matmul_train,global,sfreq+idle+refaults+rdist,matmul-naive64-s1,train,matmul,matmul-naive64,0.2,2,44116,4103,0
matmul_train,global,sfreq+age+dirty+refaults,matmul-naive64-s1,train,matmul,matmul-naive64,0.2,2,153601,3136,1
matmul_train,global,sfreq+age+dirty+rdist,matmul-naive64-s1,train,matmul,matmul-naive64,0.2,2,115007,4103,0
matmul_train,global,sfreq+age+refaults+rdist,matmul-naive64-s1,train,matmul,matmul-naive64,0.2,2,153601,3152,1
matmul_train,global,sfreq+dirty+refaults+rdist,matmul-naive64-s1,train,matmul,matmul-naive64,0.2,2,153601,2555,1
matmul_train,global,idle+age+dirty+refaults,matmul-naive64-s1,train,matmul,matmul-naive64,0.2,2,24588,4103,0
matmul_train,global,idle+age+dirty+rdist,matmul-naive64-s1,train,matmul,matmul-naive64,0.2,2,20495,4102,0
matmul_train,global,idle+age+refaults+rdist,matmul-naive64-s1,train,matmul,matmul-naive64,0.2,2,27210,4103,0
matmul_train,global,idle+dirty+refaults+rdist,matmul-naive64-s1,train,matmul,matmul-naive64,0.2,2,25787,4103,0
matmul_train,global,age+dirty+refaults+rdist,matmul-naive64-s1,train,matmul,matmul-naive64,0.2,2,153601,2563,1
matmul_train,global,ref+aging+sfreq+idle+age,matmul-naive64-s1,train,matmul,matmul-naive64,0.2,2,20488,4102,0
matmul_train,global,ref+aging+sfreq+idle+dirty,matmul-naive64-s1,train,matmul,matmul-naive64,0.2,2,20488,4102,0
matmul_train,global,ref+aging+sfreq+idle+refaults,matmul-naive64-s1,train,matmul,matmul-naive64,0.2,2,153601,3344,1
matmul_train,global,ref+aging+sfreq+idle+rdist,matmul-naive64-s1,train,matmul,matmul-naive64,0.2,2,20488,4102,0
matmul_train,global,ref+aging+sfreq+age+dirty,matmul-naive64-s1,train,matmul,matmul-naive64,0.2,2,20488,4102,0
matmul_train,global,ref+aging+sfreq+age+refaults,matmul-naive64-s1,train,matmul,matmul-naive64,0.2,2,153601,3961,1
matmul_train,global,ref+aging+sfreq+age+rdist,matmul-naive64-s1,train,matmul,matmul-naive64,0.2,2,20488,4102,0
matmul_train,global,ref+aging+sfreq+dirty+refaults,matmul-naive64-s1,train,matmul,matmul-naive64,0.2,2,153601,3778,1
matmul_train,global,ref+aging+sfreq+dirty+rdist,matmul-naive64-s1,train,matmul,matmul-naive64,0.2,2,20488,4102,0
matmul_train,global,ref+aging+sfreq+refaults+rdist,matmul-naive64-s1,train,matmul,matmul-naive64,0.2,2,153601,4031,1
matmul_train,global,ref+aging+idle+age+dirty,matmul-naive64-s1,train,matmul,matmul-naive64,0.2,2,20488,4102,0
matmul_train,global,ref+aging+idle+age+refaults,matmul-naive64-s1,train,matmul,matmul-naive64,0.2,2,24159,4103,0
matmul_train,global,ref+aging+idle+age+rdist,matmul-naive64-s1,train,matmul,matmul-naive64,0.2,2,20488,4102,0
matmul_train,global,ref+aging+idle+dirty+refaults,matmul-naive64-s1,train,matmul,matmul-naive64,0.2,2,30724,4103,0
matmul_train,global,ref+aging+idle+dirty+rdist,matmul-naive64-s1,train,matmul,matmul-naive64,0.2,2,20488,4102,0
matmul_train,global,ref+aging+idle+refaults+rdist,matmul-naive64-s1,train,matmul,matmul-naive64,0.2,2,25226,4103,0
matmul_train,global,ref+aging+age+dirty+refaults,matmul-naive64-s1,train,matmul,matmul-naive64,0.2,2,24245,4103,0
matmul_train,global,ref+aging+age+dirty+rdist,matmul-naive64-s1,train,matmul,matmul-naive64,0.2,2,20488,4102,0
matmul_train,global,ref+aging+age+refaults+rdist,matmul-naive64-s1,train,matmul,matmul-naive64,0.2,2,22414,4103,0
matmul_train,global,ref+aging+dirty+refaults+rdist,matmul-naive64-s1,train,matmul,matmul-naive64,0.2,2,25325,4103,0
matmul_train,global,ref+sfreq+idle+age+dirty,matmul-naive64-s1,train,matmul,matmul-naive64,0.2,2,20488,4102,0
matmul_train,global,ref+sfreq+idle+age+refaults,matmul-naive64-s1,train,matmul,matmul-naive64,0.2,2,24933,4103,0
matmul_train,global,ref+sfreq+idle+age+rdist,matmul-naive64-s1,train,matmul,matmul-naive64,0.2,2,20488,4102,0
matmul_train,global,ref+sfreq+idle+dirty+refaults,matmul-naive64-s1,train,matmul,matmul-naive64,0.2,2,40791,4103,0
matmul_train,global,ref+sfreq+idle+dirty+rdist,matmul-naive64-s1,train,matmul,matmul-naive64,0.2,2,20488,4102,0
matmul_train,global,ref+sfreq+idle+refaults+rdist,matmul-naive64-s1,train,matmul,matmul-naive64,0.2,2,115421,4103,0
matmul_train,global,ref+sfreq+age+dirty+refaults,matmul-naive64-s1,train,matmul,matmul-naive64,0.2,2,153601,3510,1
matmul_train,global,ref+sfreq+age+dirty+rdist,matmul-naive64-s1,train,matmul,matmul-naive64,0.2,2,20488,4102,0
matmul_train,global,ref+sfreq+age+refaults+rdist,matmul-naive64-s1,train,matmul,matmul-naive64,0.2,2,153601,3995,1
matmul_train,global,ref+sfreq+dirty+refaults+rdist,matmul-naive64-s1,train,matmul,matmul-naive64,0.2,2,153601,3934,1
matmul_train,global,ref+idle+age+dirty+refaults,matmul-naive64-s1,train,matmul,matmul-naive64,0.2,2,24696,4103,0
matmul_train,global,ref+idle+age+dirty+rdist,matmul-naive64-s1,train,matmul,matmul-naive64,0.2,2,20488,4102,0
matmul_train,global,ref+idle+age+refaults+rdist,matmul-naive64-s1,train,matmul,matmul-naive64,0.2,2,22721,4103,0
matmul_train,global,ref+idle+dirty+refaults+rdist,matmul-naive64-s1,train,matmul,matmul-naive64,0.2,2,25440,4103,0
matmul_train,global,ref+age+dirty+refaults+rdist,matmul-naive64-s1,train,matmul,matmul-naive64,0.2,2,22506,4103,0
matmul_train,global,aging+sfreq+idle+age+dirty,matmul-naive64-s1,train,matmul,matmul-naive64,0.2,2,20488,4102,0
matmul_train,global,aging+sfreq+idle+age+refaults,matmul-naive64-s1,train,matmul,matmul-naive64,0.2,2,24318,4103,0
matmul_train,global,aging+sfreq+idle+age+rdist,matmul-naive64-s1,train,matmul,matmul-naive64,0.2,2,20488,4102,0
matmul_train,global,aging+sfreq+idle+dirty+refaults,matmul-naive64-s1,train,matmul,matmul-naive64,0.2,2,153601,3886,1
matmul_train,global,aging+sfreq+idle+dirty+rdist,matmul-naive64-s1,train,matmul,matmul-naive64,0.2,2,20488,4102,0
matmul_train,global,aging+sfreq+idle+refaults+rdist,matmul-naive64-s1,train,matmul,matmul-naive64,0.2,2,153601,3163,1
matmul_train,global,aging+sfreq+age+dirty+refaults,matmul-naive64-s1,train,matmul,matmul-naive64,0.2,2,153601,3909,1
matmul_train,global,aging+sfreq+age+dirty+rdist,matmul-naive64-s1,train,matmul,matmul-naive64,0.2,2,20488,4102,0
matmul_train,global,aging+sfreq+age+refaults+rdist,matmul-naive64-s1,train,matmul,matmul-naive64,0.2,2,22547,4103,0
matmul_train,global,aging+sfreq+dirty+refaults+rdist,matmul-naive64-s1,train,matmul,matmul-naive64,0.2,2,153601,4010,1
matmul_train,global,aging+idle+age+dirty+refaults,matmul-naive64-s1,train,matmul,matmul-naive64,0.2,2,24373,4103,0
matmul_train,global,aging+idle+age+dirty+rdist,matmul-naive64-s1,train,matmul,matmul-naive64,0.2,2,20488,4102,0
matmul_train,global,aging+idle+age+refaults+rdist,matmul-naive64-s1,train,matmul,matmul-naive64,0.2,2,22567,4103,0
matmul_train,global,aging+idle+dirty+refaults+rdist,matmul-naive64-s1,train,matmul,matmul-naive64,0.2,2,25216,4103,0
matmul_train,global,aging+age+dirty+refaults+rdist,matmul-naive64-s1,train,matmul,matmul-naive64,0.2,2,22381,4103,0
matmul_train,global,sfreq+idle+age+dirty+refaults,matmul-naive64-s1,train,matmul,matmul-naive64,0.2,2,24821,4103,0
matmul_train,global,sfreq+idle+age+dirty+rdist,matmul-naive64-s1,train,matmul,matmul-naive64,0.2,2,20488,4102,0
matmul_train,global,sfreq+idle+age+refaults+rdist,matmul-naive64-s1,train,matmul,matmul-naive64,0.2,2,27238,4103,0
matmul_train,global,sfreq+idle+dirty+refaults+rdist,matmul-naive64-s1,train,matmul,matmul-naive64,0.2,2,54878,4103,0
matmul_train,global,sfreq+age+dirty+refaults+rdist,matmul-naive64-s1,train,matmul,matmul-naive64,0.2,2,153601,3145,1
matmul_train,global,idle+age+dirty+refaults+rdist,matmul-naive64-s1,train,matmul,matmul-naive64,0.2,2,27216,4103,0
matmul_train,global,ref+aging+sfreq+idle+age+dirty,matmul-naive64-s1,train,matmul,matmul-naive64,0.2,2,20488,4102,0
matmul_train,global,ref+aging+sfreq+idle+age+refaults,matmul-naive64-s1,train,matmul,matmul-naive64,0.2,2,23896,4103,0
matmul_train,global,ref+aging+sfreq+idle+age+rdist,matmul-naive64-s1,train,matmul,matmul-naive64,0.2,2,20488,4102,0
matmul_train,global,ref+aging+sfreq+idle+dirty+refaults,matmul-naive64-s1,train,matmul,matmul-naive64,0.2,2,153601,3298,1
matmul_train,global,ref+aging+sfreq+idle+dirty+rdist,matmul-naive64-s1,train,matmul,matmul-naive64,0.2,2,20488,4102,0
matmul_train,global,ref+aging+sfreq+idle+refaults+rdist,matmul-naive64-s1,train,matmul,matmul-naive64,0.2,2,153601,3163,1
matmul_train,global,ref+aging+sfreq+age+dirty+refaults,matmul-naive64-s1,train,matmul,matmul-naive64,0.2,2,153601,3927,1
matmul_train,global,ref+aging+sfreq+age+dirty+rdist,matmul-naive64-s1,train,matmul,matmul-naive64,0.2,2,20488,4102,0
matmul_train,global,ref+aging+sfreq+age+refaults+rdist,matmul-naive64-s1,train,matmul,matmul-naive64,0.2,2,22397,4103,0
matmul_train,global,ref+aging+sfreq+dirty+refaults+rdist,matmul-naive64-s1,train,matmul,matmul-naive64,0.2,2,153601,4001,1
matmul_train,global,ref+aging+idle+age+dirty+refaults,matmul-naive64-s1,train,matmul,matmul-naive64,0.2,2,24120,4103,0
matmul_train,global,ref+aging+idle+age+dirty+rdist,matmul-naive64-s1,train,matmul,matmul-naive64,0.2,2,20488,4102,0
matmul_train,global,ref+aging+idle+age+refaults+rdist,matmul-naive64-s1,train,matmul,matmul-naive64,0.2,2,22507,4103,0
matmul_train,global,ref+aging+idle+dirty+refaults+rdist,matmul-naive64-s1,train,matmul,matmul-naive64,0.2,2,25219,4103,0
matmul_train,global,ref+aging+age+dirty+refaults+rdist,matmul-naive64-s1,train,matmul,matmul-naive64,0.2,2,22330,4103,0
matmul_train,global,ref+sfreq+idle+age+dirty+refaults,matmul-naive64-s1,train,matmul,matmul-naive64,0.2,2,24884,4103,0
matmul_train,global,ref+sfreq+idle+age+dirty+rdist,matmul-naive64-s1,train,matmul,matmul-naive64,0.2,2,20488,4102,0
matmul_train,global,ref+sfreq+idle+age+refaults+rdist,matmul-naive64-s1,train,matmul,matmul-naive64,0.2,2,22611,4103,0
matmul_train,global,ref+sfreq+idle+dirty+refaults+rdist,matmul-naive64-s1,train,matmul,matmul-naive64,0.2,2,153601,4057,1
matmul_train,global,ref+sfreq+age+dirty+refaults+rdist,matmul-naive64-s1,train,matmul,matmul-naive64,0.2,2,153601,3952,1
matmul_train,global,ref+idle+age+dirty+refaults+rdist,matmul-naive64-s1,train,matmul,matmul-naive64,0.2,2,22628,4103,0
matmul_train,global,aging+sfreq+idle+age+dirty+refaults,matmul-naive64-s1,train,matmul,matmul-naive64,0.2,2,24291,4103,0
matmul_train,global,aging+sfreq+idle+age+dirty+rdist,matmul-naive64-s1,train,matmul,matmul-naive64,0.2,2,20488,4102,0
matmul_train,global,aging+sfreq+idle+age+refaults+rdist,matmul-naive64-s1,train,matmul,matmul-naive64,0.2,2,22301,4103,0
matmul_train,global,aging+sfreq+idle+dirty+refaults+rdist,matmul-naive64-s1,train,matmul,matmul-naive64,0.2,2,153601,3164,1
matmul_train,global,aging+sfreq+age+dirty+refaults+rdist,matmul-naive64-s1,train,matmul,matmul-naive64,0.2,2,22481,4103,0
matmul_train,global,aging+idle+age+dirty+refaults+rdist,matmul-naive64-s1,train,matmul,matmul-naive64,0.2,2,22488,4103,0
matmul_train,global,sfreq+idle+age+dirty+refaults+rdist,matmul-naive64-s1,train,matmul,matmul-naive64,0.2,2,27030,4103,0
matmul_train,global,ref+aging+sfreq+idle+age+dirty+refaults,matmul-naive64-s1,train,matmul,matmul-naive64,0.2,2,23862,4103,0
matmul_train,global,ref+aging+sfreq+idle+age+dirty+rdist,matmul-naive64-s1,train,matmul,matmul-naive64,0.2,2,20488,4102,0
matmul_train,global,ref+aging+sfreq+idle+age+refaults+rdist,matmul-naive64-s1,train,matmul,matmul-naive64,0.2,2,22152,4103,0
matmul_train,global,ref+aging+sfreq+idle+dirty+refaults+rdist,matmul-naive64-s1,train,matmul,matmul-naive64,0.2,2,153601,3164,1
matmul_train,global,ref+aging+sfreq+age+dirty+refaults+rdist,matmul-naive64-s1,train,matmul,matmul-naive64,0.2,2,22326,4103,0
matmul_train,global,ref+aging+idle+age+dirty+refaults+rdist,matmul-naive64-s1,train,matmul,matmul-naive64,0.2,2,22423,4103,0
matmul_train,global,ref+sfreq+idle+age+dirty+refaults+rdist,matmul-naive64-s1,train,matmul,matmul-naive64,0.2,2,22515,4103,0
matmul_train,global,aging+sfreq+idle+age+dirty+refaults+rdist,matmul-naive64-s1,train,matmul,matmul-naive64,0.2,2,22228,4103,0
matmul_train,global,ref+aging+sfreq+idle+age+dirty+refaults+rdist,matmul-naive64-s1,train,matmul,matmul-naive64,0.2,2,22079,4103,0
matmul_train,global,rec+ref+aging+sfreq+idle+age+dirty,matmul-naive64-s1,train,matmul,matmul-naive64,0.2,2,24576,4103,0
matmul_train,global,rec+ref+aging+sfreq+idle+age+dirty+refaults+rdist,matmul-naive64-s1,train,matmul,matmul-naive64,0.2,2,24617,4103,0
matmul_train,global,freq+ref+aging+sfreq+idle+age+dirty,matmul-naive64-s1,train,matmul,matmul-naive64,0.2,2,21447,4103,0
matmul_train,global,freq+ref+aging+sfreq+idle+age+dirty+refaults+rdist,matmul-naive64-s1,train,matmul,matmul-naive64,0.2,2,20957,4103,0
matmul_train,global,sd+ref+aging+sfreq+idle+age+dirty,matmul-naive64-s1,train,matmul,matmul-naive64,0.2,2,20484,4102,0
matmul_train,global,sd+ref+aging+sfreq+idle+age+dirty+refaults+rdist,matmul-naive64-s1,train,matmul,matmul-naive64,0.2,2,22848,4103,0
matmul_train,global,wr+ref+aging+sfreq+idle+age+dirty,matmul-naive64-s1,train,matmul,matmul-naive64,0.2,2,20488,4102,0
matmul_train,global,wr+ref+aging+sfreq+idle+age+dirty+refaults+rdist,matmul-naive64-s1,train,matmul,matmul-naive64,0.2,2,22096,4103,0
matmul_train,global,rec+freq+ref+aging+sfreq+idle+age+dirty,matmul-naive64-s1,train,matmul,matmul-naive64,0.2,2,37206,4103,0
matmul_train,global,rec+freq+ref+aging+sfreq+idle+age+dirty+refaults+rdist,matmul-naive64-s1,train,matmul,matmul-naive64,0.2,2,28852,4103,0
matmul_train,global,rec+sd+ref+aging+sfreq+idle+age+dirty,matmul-naive64-s1,train,matmul,matmul-naive64,0.2,2,24576,4103,0
matmul_train,global,rec+sd+ref+aging+sfreq+idle+age+dirty+refaults+rdist,matmul-naive64-s1,train,matmul,matmul-naive64,0.2,2,153601,4007,1
matmul_train,global,rec+wr+ref+aging+sfreq+idle+age+dirty,matmul-naive64-s1,train,matmul,matmul-naive64,0.2,2,24576,4103,0
matmul_train,global,rec+wr+ref+aging+sfreq+idle+age+dirty+refaults+rdist,matmul-naive64-s1,train,matmul,matmul-naive64,0.2,2,24661,4103,0
matmul_train,global,freq+sd+ref+aging+sfreq+idle+age+dirty,matmul-naive64-s1,train,matmul,matmul-naive64,0.2,2,20953,4103,0
matmul_train,global,freq+sd+ref+aging+sfreq+idle+age+dirty+refaults+rdist,matmul-naive64-s1,train,matmul,matmul-naive64,0.2,2,149136,4103,0
matmul_train,global,freq+wr+ref+aging+sfreq+idle+age+dirty,matmul-naive64-s1,train,matmul,matmul-naive64,0.2,2,21447,4103,0
matmul_train,global,freq+wr+ref+aging+sfreq+idle+age+dirty+refaults+rdist,matmul-naive64-s1,train,matmul,matmul-naive64,0.2,2,20969,4103,0
matmul_train,global,sd+wr+ref+aging+sfreq+idle+age+dirty,matmul-naive64-s1,train,matmul,matmul-naive64,0.2,2,20484,4102,0
matmul_train,global,sd+wr+ref+aging+sfreq+idle+age+dirty+refaults+rdist,matmul-naive64-s1,train,matmul,matmul-naive64,0.2,2,22851,4103,0
matmul_train,global,rec+freq+sd+ref+aging+sfreq+idle+age+dirty,matmul-naive64-s1,train,matmul,matmul-naive64,0.2,2,37397,4103,0
matmul_train,global,rec+freq+sd+ref+aging+sfreq+idle+age+dirty+refaults+rdist,matmul-naive64-s1,train,matmul,matmul-naive64,0.2,2,130260,4103,0
matmul_train,global,rec+freq+wr+ref+aging+sfreq+idle+age+dirty,matmul-naive64-s1,train,matmul,matmul-naive64,0.2,2,37211,4103,0
matmul_train,global,rec+freq+wr+ref+aging+sfreq+idle+age+dirty+refaults+rdist,matmul-naive64-s1,train,matmul,matmul-naive64,0.2,2,28810,4103,0
matmul_train,global,rec+sd+wr+ref+aging+sfreq+idle+age+dirty,matmul-naive64-s1,train,matmul,matmul-naive64,0.2,2,24576,4103,0
matmul_train,global,rec+sd+wr+ref+aging+sfreq+idle+age+dirty+refaults+rdist,matmul-naive64-s1,train,matmul,matmul-naive64,0.2,2,153601,4020,1
matmul_train,global,freq+sd+wr+ref+aging+sfreq+idle+age+dirty,matmul-naive64-s1,train,matmul,matmul-naive64,0.2,2,20973,4103,0
matmul_train,global,freq+sd+wr+ref+aging+sfreq+idle+age+dirty+refaults+rdist,matmul-naive64-s1,train,matmul,matmul-naive64,0.2,2,153601,3165,1
matmul_train,global,rec+freq+sd+wr+ref+aging+sfreq+idle+age+dirty,matmul-naive64-s1,train,matmul,matmul-naive64,0.2,2,37563,4103,0
matmul_train,global,rec+freq+sd+wr+ref+aging+sfreq+idle+age+dirty+refaults+rdist,matmul-naive64-s1,train,matmul,matmul-naive64,0.2,2,124429,4103,0
matmul_train,matmul,rec,matmul-naive96-s1,train,matmul,matmul-naive96,0.05,2,101952,9233,0
matmul_train,matmul,freq,matmul-naive96-s1,train,matmul,matmul-naive96,0.05,2,694081,4581,1
matmul_train,matmul,sd,matmul-naive96-s1,train,matmul,matmul-naive96,0.05,2,101952,9233,0
matmul_train,matmul,wr,matmul-naive96-s1,train,matmul,matmul-naive96,0.05,2,138813,9233,0
matmul_train,matmul,rec+freq,matmul-naive96-s1,train,matmul,matmul-naive96,0.05,2,110242,9233,0
matmul_train,matmul,rec+sd,matmul-naive96-s1,train,matmul,matmul-naive96,0.05,2,101952,9233,0
matmul_train,matmul,rec+wr,matmul-naive96-s1,train,matmul,matmul-naive96,0.05,2,101952,9233,0
matmul_train,matmul,freq+sd,matmul-naive96-s1,train,matmul,matmul-naive96,0.05,2,102218,9233,0
matmul_train,matmul,freq+wr,matmul-naive96-s1,train,matmul,matmul-naive96,0.05,2,694081,4581,1
matmul_train,matmul,sd+wr,matmul-naive96-s1,train,matmul,matmul-naive96,0.05,2,101952,9233,0
matmul_train,matmul,rec+freq+sd,matmul-naive96-s1,train,matmul,matmul-naive96,0.05,2,102478,9233,0
matmul_train,matmul,rec+freq+wr,matmul-naive96-s1,train,matmul,matmul-naive96,0.05,2,101970,9233,0
matmul_train,matmul,rec+sd+wr,matmul-naive96-s1,train,matmul,matmul-naive96,0.05,2,101952,9233,0
matmul_train,matmul,freq+sd+wr,matmul-naive96-s1,train,matmul,matmul-naive96,0.05,2,101952,9233,0
matmul_train,matmul,rec+freq+sd+wr,matmul-naive96-s1,train,matmul,matmul-naive96,0.05,2,101952,9233,0
matmul_train,matmul,ref,matmul-naive96-s1,train,matmul,matmul-naive96,0.05,2,138816,9233,0
matmul_train,matmul,aging,matmul-naive96-s1,train,matmul,matmul-naive96,0.05,2,138816,9233,0
matmul_train,matmul,sfreq,matmul-naive96-s1,train,matmul,matmul-naive96,0.05,2,694081,4056,1
matmul_train,matmul,idle,matmul-naive96-s1,train,matmul,matmul-naive96,0.05,2,138816,9233,0
matmul_train,matmul,age,matmul-naive96-s1,train,matmul,matmul-naive96,0.05,2,694081,4056,1
matmul_train,matmul,dirty,matmul-naive96-s1,train,matmul,matmul-naive96,0.05,2,138813,9233,0
matmul_train,matmul,refaults,matmul-naive96-s1,train,matmul,matmul-naive96,0.05,2,694081,112,1
matmul_train,matmul,rdist,matmul-naive96-s1,train,matmul,matmul-naive96,0.05,2,694081,112,1
matmul_train,matmul,ref+aging,matmul-naive96-s1,train,matmul,matmul-naive96,0.05,2,138816,9233,0
matmul_train,matmul,ref+sfreq,matmul-naive96-s1,train,matmul,matmul-naive96,0.05,2,694081,4581,1
matmul_train,matmul,ref+idle,matmul-naive96-s1,train,matmul,matmul-naive96,0.05,2,138816,9233,0
matmul_train,matmul,ref+age,matmul-naive96-s1,train,matmul,matmul-naive96,0.05,2,694081,4581,1
matmul_train,matmul,ref+dirty,matmul-naive96-s1,train,matmul,matmul-naive96,0.05,2,138813,9233,0
matmul_train,matmul,ref+refaults,matmul-naive96-s1,train,matmul,matmul-naive96,0.05,2,110112,9233,0
matmul_train,matmul,ref+rdist,matmul-naive96-s1,train,matmul,matmul-naive96,0.05,2,694081,112,1
matmul_train,matmul,aging+sfreq,matmul-naive96-s1,train,matmul,matmul-naive96,0.05,2,694081,4581,1
matmul_train,matmul,aging+idle,matmul-naive96-s1,train,matmul,matmul-naive96,0.05,2,138816,9233,0
matmul_train,matmul,aging+age,matmul-naive96-s1,train,matmul,matmul-naive96,0.05,2,694081,4581,1
matmul_train,matmul,aging+dirty,matmul-naive96-s1,train,matmul,matmul-naive96,0.05,2,138813,9233,0
matmul_train,matmul,aging+refaults,matmul-naive96-s1,train,matmul,matmul-naive96,0.05,2,110112,9233,0
matmul_train,matmul,aging+rdist,matmul-naive96-s1,train,matmul,matmul-naive96,0.05,2,103609,9233,0
matmul_train,matmul,sfreq+idle,matmul-naive96-s1,train,matmul,matmul-naive96,0.05,2,93377,9233,0
matmul_train,matmul,sfreq+age,matmul-naive96-s1,train,matmul,matmul-naive96,0.05,2,694081,4581,1
matmul_train,matmul,sfreq+dirty,matmul-naive96-s1,train,matmul,matmul-naive96,0.05,2,694081,4056,1
matmul_train,matmul,sfreq+refaults,matmul-naive96-s1,train,matmul,matmul-naive96,0.05,2,694081,4581,1
matmul_train,matmul,sfreq+rdist,matmul-naive96-s1,train,matmul,matmul-naive96,0.05,2,694081,4056,1
matmul_train,matmul,idle+age,matmul-naive96-s1,train,matmul,matmul-naive96,0.05,2,93366,9233,0
matmul_train,matmul,idle+dirty,matmul-naive96-s1,train,matmul,matmul-naive96,0.05,2,138813,9233,0
matmul_train,matmul,idle+refaults,matmul-naive96-s1,train,matmul,matmul-naive96,0.05,2,110112,9233,0
matmul_train,matmul,idle+rdist,matmul-naive96-s1,train,matmul,matmul-naive96,0.05,2,103609,9233,0
matmul_train,matmul,age+dirty,matmul-naive96-s1,train,matmul,matmul-naive96,0.05,2,694081,4056,1
matmul_train,matmul,age+refaults,matmul-naive96-s1,train,matmul,matmul-naive96,0.05,2,694081,4056,1
matmul_train,matmul,age+rdist,matmul-naive96-s1,train,matmul,matmul-naive96,0.05,2,694081,4056,1
matmul_train,matmul,dirty+refaults,matmul-naive96-s1,train,matmul,matmul-naive96,0.05,2,300450,9232,0
matmul_train,matmul,dirty+rdist,matmul-naive96-s1,train,matmul,matmul-naive96,0.05,2,300450,9232,0
matmul_train,matmul,refaults+rdist,matmul-naive96-s1,train,matmul,matmul-naive96,0.05,2,694081,112,1
matmul_train,matmul,ref+aging+sfreq,matmul-naive96-s1,train,matmul,matmul-naive96,0.05,2,93350,9233,0
matmul_train,matmul,ref+aging+idle,matmul-naive96-s1,train,matmul,matmul-naive96,0.05,2,138816,9233,0
matmul_train,matmul,ref+aging+age,matmul-naive96-s1,train,matmul,matmul-naive96,0.05,2,93350,9233,0
matmul_train,matmul,ref+aging+dirty,matmul-naive96-s1,train,matmul,matmul-naive96,0.05,2,138813,9233,0
matmul_train,matmul,ref+aging+refaults,matmul-naive96-s1,train,matmul,matmul-naive96,0.05,2,110118,9233,0
matmul_train,matmul,ref+aging+rdist,matmul-naive96-s1,train,matmul,matmul-naive96,0.05,2,103641,9233,0
matmul_train,matmul,ref+sfreq+idle,matmul-naive96-s1,train,matmul,matmul-naive96,0.05,2,93350,9233,0
matmul_train,matmul,ref+sfreq+age,matmul-naive96-s1,train,matmul,matmul-naive96,0.05,2,694081,4581,1
matmul_train,matmul,ref+sfreq+dirty,matmul-naive96-s1,train,matmul,matmul-naive96,0.05,2,694081,4581,1
matmul_train,matmul,ref+sfreq+refaults,matmul-naive96-s1,train,matmul,matmul-naive96,0.05,2,694081,4581,1
matmul_train,matmul,ref+sfreq+rdist,matmul-naive96-s1,train,matmul,matmul-naive96,0.05,2,694081,2591,1
matmul_train,matmul,ref+idle+age,matmul-naive96-s1,train,matmul,matmul-naive96,0.05,2,93350,9233,0
matmul_train,matmul,ref+idle+dirty,matmul-naive96-s1,train,matmul,matmul-naive96,0.05,2,138813,9233,0
matmul_train,matmul,ref+idle+refaults,matmul-naive96-s1,train,matmul,matmul-naive96,0.05,2,110113,9233,0
matmul_train,matmul,ref+idle+rdist,matmul-naive96-s1,train,matmul,matmul-naive96,0.05,2,103641,9233,0
matmul_train,matmul,ref+age+dirty,matmul-naive96-s1,train,matmul,matmul-naive96,0.05,2,694081,4581,1
matmul_train,matmul,ref+age+refaults,matmul-naive96-s1,train,matmul,matmul-naive96,0.05,2,694081,4581,1
matmul_train,matmul,ref+age+rdist,matmul-naive96-s1,train,matmul,matmul-naive96,0.05,2,694081,2591,1
matmul_train,matmul,ref+dirty+refaults,matmul-naive96-s1,train,matmul,matmul-naive96,0.05,2,102431,9233,0
matmul_train,matmul,ref+dirty+rdist,matmul-naive96-s1,train,matmul,matmul-naive96,0.05,2,300450,9232,0
matmul_train,matmul,ref+refaults+rdist,matmul-naive96-s1,train,matmul,matmul-naive96,0.05,2,694081,112,1
matmul_train,matmul,aging+sfreq+idle,matmul-naive96-s1,train,matmul,matmul-naive96,0.05,2,694081,4581,1
matmul_train,matmul,aging+sfreq+age,matmul-naive96-s1,train,matmul,matmul-naive96,0.05,2,93318,9233,0
matmul_train,matmul,aging+sfreq+dirty,matmul-naive96-s1,train,matmul,matmul-naive96,0.05,2,694081,4581,1
matmul_train,matmul,aging+sfreq+refaults,matmul-naive96-s1,train,matmul,matmul-naive96,0.05,2,694081,4581,1
matmul_train,matmul,aging+sfreq+rdist,matmul-naive96-s1,train,matmul,matmul-naive96,0.05,2,694081,2591,1
matmul_train,matmul,aging+idle+age,matmul-naive96-s1,train,matmul,matmul-naive96,0.05,2,694081,4581,1
matmul_train,matmul,aging+idle+dirty,matmul-naive96-s1,train,matmul,matmul-naive96,0.05,2,138813,9233,0
matmul_train,matmul,aging+idle+refaults,matmul-naive96-s1,train,matmul,matmul-naive96,0.05,2,110112,9233,0
matmul_train,matmul,aging+idle+rdist,matmul-naive96-s1,train,matmul,matmul-naive96,0.05,2,103609,9233,0
matmul_train,matmul,aging+age+dirty,matmul-naive96-s1,train,matmul,matmul-naive96,0.05,2,694081,4581,1
matmul_train,matmul,aging+age+refaults,matmul-naive96-s1,train,matmul,matmul-naive96,0.05,2,694081,4581,1
matmul_train,matmul,aging+age+rdist,matmul-naive96-s1,train,matmul,matmul-naive96,0.05,2,694081,2591,1
matmul_train,matmul,aging+dirty+refaults,matmul-naive96-s1,train,matmul,matmul-naive96,0.05,2,102429,9233,0
matmul_train,matmul,aging+dirty+rdist,matmul-naive96-s1,train,matmul,matmul-naive96,0.05,2,300450,9232,0
matmul_train,matmul,aging+refaults+rdist,matmul-naive96-s1,train,matmul,matmul-naive96,0.05,2,469117,7251,0
matmul_train,matmul,sfreq+idle+age,matmul-naive96-s1,train,matmul,matmul-naive96,0.05,2,93318,9233,0
matmul_train,matmul,sfreq+idle+dirty,matmul-naive96-s1,train,matmul,matmul-naive96,0.05,2,93382,9233,0
matmul_train,matmul,sfreq+idle+refaults,matmul-naive96-s1,train,matmul,matmul-naive96,0.05,2,104910,9233,0
matmul_train,matmul,sfreq+idle+rdist,matmul-naive96-s1,train,matmul,matmul-naive96,0.05,2,95733,9233,0
matmul_train,matmul,sfreq+age+dirty,matmul-naive96-s1,train,matmul,matmul-naive96,0.05,2,694081,4581,1
matmul_train,matmul,sfreq+age+refaults,matmul-naive96-s1,train,matmul,matmul-naive96,0.05,2,694081,4581,1
matmul_train,matmul,sfreq+age+rdist,matmul-naive96-s1,train,matmul,matmul-naive96,0.05,2,694081,2591,1
matmul_train,matmul,sfreq+dirty+refaults,matmul-naive96-s1,train,matmul,matmul-naive96,0.05,2,694081,4581,1
matmul_train,matmul,sfreq+dirty+rdist,matmul-naive96-s1,train,matmul,matmul-naive96,0.05,2,694081,4056,1
matmul_train,matmul,sfreq+refaults+rdist,matmul-naive96-s1,train,matmul,matmul-naive96,0.05,2,694081,4056,1
matmul_train,matmul,idle+age+dirty,matmul-naive96-s1,train,matmul,matmul-naive96,0.05,2,93377,9233,0
matmul_train,matmul,idle+age+refaults,matmul-naive96-s1,train,matmul,matmul-naive96,0.05,2,100192,9233,0
matmul_train,matmul,idle+age+rdist,matmul-naive96-s1,train,matmul,matmul-naive96,0.05,2,95687,9233,0
matmul_train,matmul,idle+dirty+refaults,matmul-naive96-s1,train,matmul,matmul-naive96,0.05,2,102429,9233,0
matmul_train,matmul,idle+dirty+rdist,matmul-naive96-s1,train,matmul,matmul-naive96,0.05,2,103603,9233,0
matmul_train,matmul,idle+refaults+rdist,matmul-naive96-s1,train,matmul,matmul-naive96,0.05,2,93406,9233,0
matmul_train,matmul,age+dirty+refaults,matmul-naive96-s1,train,matmul,matmul-naive96,0.05,2,694081,4056,1
matmul_train,matmul,age+dirty+rdist,matmul-naive96-s1,train,matmul,matmul-naive96,0.05,2,694081,4056,1
matmul_train,matmul,age+refaults+rdist,matmul-naive96-s1,train,matmul,matmul-naive96,0.05,2,694081,4056,1
matmul_train,matmul,dirty+refaults+rdist,matmul-naive96-s1,train,matmul,matmul-naive96,0.05,2,300450,9232,0
matmul_train,matmul,ref+aging+sfreq+idle,matmul-naive96-s1,train,matmul,matmul-naive96,0.05,2,694081,6522,1
matmul_train,matmul,ref+aging+sfreq+age,matmul-naive96-s1,train,matmul,matmul-naive96,0.05,2,93318,9233,0
matmul_train,matmul,ref+aging+sfreq+dirty,matmul-naive96-s1,train,matmul,matmul-naive96,0.05,2,93350,9233,0
matmul_train,matmul,ref+aging+sfreq+refaults,matmul-naive96-s1,train,matmul,matmul-naive96,0.05,2,103160,9233,0
matmul_train,matmul,ref+aging+sfreq+rdist,matmul-naive96-s1,train,matmul,matmul-naive96,0.05,2,694081,7452,1
matmul_train,matmul,ref+aging+idle+age,matmul-naive96-s1,train,matmul,matmul-naive96,0.05,2,93350,9233,0
matmul_train,matmul,ref+aging+idle+dirty,matmul-naive96-s1,train,matmul,matmul-naive96,0.05,2,138813,9233,0
matmul_train,matmul,ref+aging+idle+refaults,matmul-naive96-s1,train,matmul,matmul-naive96,0.05,2,110121,9233,0
matmul_train,matmul,ref+aging+idle+rdist,matmul-naive96-s1,train,matmul,matmul-naive96,0.05,2,103641,9233,0
matmul_train,matmul,ref+aging+age+dirty,matmul-naive96-s1,train,matmul,matmul-naive96,0.05,2,94208,9233,0
matmul_train,matmul,ref+aging+age+refaults,matmul-naive96-s1,train,matmul,matmul-naive96,0.05,2,99013,9233,0
matmul_train,matmul,ref+aging+age+rdist,matmul-naive96-s1,train,matmul,matmul-naive96,0.05,2,694081,7491,1
matmul_train,matmul,ref+aging+dirty+refaults,matmul-naive96-s1,train,matmul,matmul-naive96,0.05,2,102429,9233,0
matmul_train,matmul,ref+aging+dirty+rdist,matmul-naive96-s1,train,matmul,matmul-naive96,0.05,2,103603,9233,0
matmul_train,matmul,ref+aging+refaults+rdist,matmul-naive96-s1,train,matmul,matmul-naive96,0.05,2,93389,9233,0
matmul_train,matmul,ref+sfreq+idle+age,matmul-naive96-s1,train,matmul,matmul-naive96,0.05,2,93318,9233,0
matmul_train,matmul,ref+sfreq+idle+dirty,matmul-naive96-s1,train,matmul,matmul-naive96,0.05,2,93350,9233,0
matmul_train,matmul,ref+sfreq+idle+refaults,matmul-naive96-s1,train,matmul,matmul-naive96,0.05,2,104464,9233,0
matmul_train,matmul,ref+sfreq+idle+rdist,matmul-naive96-s1,train,matmul,matmul-naive96,0.05,2,95082,9233,0
matmul_train,matmul,ref+sfreq+age+dirty,matmul-naive96-s1,train,matmul,matmul-naive96,0.05,2,694081,4581,1
matmul_train,matmul,ref+sfreq+age+refaults,matmul-naive96-s1,train,matmul,matmul-naive96,0.05,2,694081,4581,1
matmul_train,matmul,ref+sfreq+age+rdist,matmul-naive96-s1,train,matmul,matmul-naive96,0.05,2,694081,2591,1
matmul_train,matmul,ref+sfreq+dirty+refaults,matmul-naive96-s1,train,matmul,matmul-naive96,0.05,2,694081,4581,1
matmul_train,matmul,ref+sfreq+dirty+rdist,matmul-naive96-s1,train,matmul,matmul-naive96,0.05,2,694081,4032,1
matmul_train,matmul,ref+sfreq+refaults+rdist,matmul-naive96-s1,train,matmul,matmul-naive96,0.05,2,694081,2591,1
matmul_train,matmul,ref+idle+age+dirty,matmul-naive96-s1,train,matmul,matmul-naive96,0.05,2,93350,9233,0
matmul_train,matmul,ref+idle+age+refaults,matmul-naive96-s1,train,matmul,matmul-naive96,0.05,2,99895,9233,0
matmul_train,matmul,ref+idle+age+rdist,matmul-naive96-s1,train,matmul,matmul-naive96,0.05,2,95074,9233,0
matmul_train,matmul,ref+idle+dirty+refaults,matmul-naive96-s1,train,matmul,matmul-naive96,0.05,2,102429,9233,0
matmul_train,matmul,ref+idle+dirty+rdist,matmul-naive96-s1,train,matmul,matmul-naive96,0.05,2,103603,9233,0
matmul_train,matmul,ref+idle+refaults+rdist,matmul-naive96-s1,train,matmul,matmul-naive96,0.05,2,93393,9233,0
matmul_train,matmul,ref+age+dirty+refaults,matmul-naive96-s1,train,matmul,matmul-naive96,0.05,2,694081,4581,1
matmul_train,matmul,ref+age+dirty+rdist,matmul-naive96-s1,train,matmul,matmul-naive96,0.05,2,694081,4032,1
matmul_train,matmul,ref+age+refaults+rdist,matmul-naive96-s1,train,matmul,matmul-naive96,0.05,2,694081,2591,1
matmul_train,matmul,ref+dirty+refaults+rdist,matmul-naive96-s1,train,matmul,matmul-naive96,0.05,2,300450,9232,0
matmul_train,matmul,aging+sfreq+idle+age,matmul-naive96-s1,train,matmul,matmul-naive96,0.05,2,93318,9233,0
matmul_train,matmul,aging+sfreq+idle+dirty,matmul-naive96-s1,train,matmul,matmul-naive96,0.05,2,93382,9233,0
matmul_train,matmul,aging+sfreq+idle+refaults,matmul-naive96-s1,train,matmul,matmul-naive96,0.05,2,694081,6372,1
matmul_train,matmul,aging+sfreq+idle+rdist,matmul-naive96-s1,train,matmul,matmul-naive96,0.05,2,694081,2591,1
matmul_train,matmul,aging+sfreq+age+dirty,matmul-naive96-s1,train,matmul,matmul-naive96,0.05,2,93318,9233,0
matmul_train,matmul,aging+sfreq+age+refaults,matmul-naive96-s1,train,matmul,matmul-naive96,0.05,2,93522,9233,0
matmul_train,matmul,aging+sfreq+age+rdist,matmul-naive96-s1,train,matmul,matmul-naive96,0.05,2,694081,2591,1
matmul_train,matmul,aging+sfreq+dirty+refaults,matmul-naive96-s1,train,matmul,matmul-naive96,0.05,2,694081,4581,1
matmul_train,matmul,aging+sfreq+dirty+rdist,matmul-naive96-s1,train,matmul,matmul-naive96,0.05,2,694081,4032,1
matmul_train,matmul,aging+sfreq+refaults+rdist,matmul-naive96-s1,train,matmul,matmul-naive96,0.05,2,694081,4581,1
matmul_train,matmul,aging+idle+age+dirty,matmul-naive96-s1,train,matmul,matmul-naive96,0.05,2,93377,9233,0
matmul_train,matmul,aging+idle+age+refaults,matmul-naive96-s1,train,matmul,matmul-naive96,0.05,2,100141,9233,0
matmul_train,matmul,aging+idle+age+rdist,matmul-naive96-s1,train,matmul,matmul-naive96,0.05,2,694081,2591,1
matmul_train,matmul,aging+idle+dirty+refaults,matmul-naive96-s1,train,matmul,matmul-naive96,0.05,2,102429,9233,0
matmul_train,matmul,aging+idle+dirty+rdist,matmul-naive96-s1,train,matmul,matmul-naive96,0.05,2,103603,9233,0
matmul_train,matmul,aging+idle+refaults+rdist,matmul-naive96-s1,train,matmul,matmul-naive96,0.05,2,694081,2591,1
matmul_train,matmul,aging+age+dirty+refaults,matmul-naive96-s1,train,matmul,matmul-naive96,0.05,2,694081,4581,1
matmul_train,matmul,aging+age+dirty+rdist,matmul-naive96-s1,train,matmul,matmul-naive96,0.05,2,694081,4032,1
matmul_train,matmul,aging+age+refaults+rdist,matmul-naive96-s1,train,matmul,matmul-naive96,0.05,2,694081,4581,1
matmul_train,matmul,aging+dirty+refaults+rdist,matmul-naive96-s1,train,matmul,matmul-naive96,0.05,2,300450,9232,0
matmul_train,matmul,sfreq+idle+age+dirty,matmul-naive96-s1,train,matmul,matmul-naive96,0.05,2,93318,9233,0
matmul_train,matmul,sfreq+idle+age+refaults,matmul-naive96-s1,train,matmul,matmul-naive96,0.05,2,93727,9233,0
matmul_train,matmul,sfreq+idle+age+rdist,matmul-naive96-s1,train,matmul,matmul-naive96,0.05,2,93459,9233,0
matmul_train,matmul,sfreq+idle+dirty+refaults,matmul-naive96-s1,train,matmul,matmul-naive96,0.05,2,103051,9233,0
matmul_train,matmul,sfreq+idle+dirty+rdist,matmul-naive96-s1,train,matmul,matmul-naive96,0.05,2,106248,9233,0
matmul_train,matmul,sfreq+idle+refaults+rdist,matmul-naive96-s1,train,matmul,matmul-naive96,0.05,2,103169,9233,0
matmul_train,matmul,sfreq+age+dirty+refaults,matmul-naive96-s1,train,matmul,matmul-naive96,0.05,2,694081,4581,1
matmul_train,matmul,sfreq+age+dirty+rdist,matmul-naive96-s1,train,matmul,matmul-naive96,0.05,2,694081,4056,1
matmul_train,matmul,sfreq+age+refaults+rdist,matmul-naive96-s1,train,matmul,matmul-naive96,0.05,2,694081,4580,1
matmul_train,matmul,sfreq+dirty+refaults+rdist,matmul-naive96-s1,train,matmul,matmul-naive96,0.05,2,694081,4056,1
matmul_train,matmul,idle+age+dirty+refaults,matmul-naive96-s1,train,matmul,matmul-naive96,0.05,2,99080,9233,0
matmul_train,matmul,idle+age+dirty+rdist,matmul-naive96-s1,train,matmul,matmul-naive96,0.05,2,95705,9233,0
matmul_train,matmul,idle+age+refaults+rdist,matmul-naive96-s1,train,matmul,matmul-naive96,0.05,2,102215,9233,0
matmul_train,matmul,idle+dirty+refaults+rdist,matmul-naive96-s1,train,matmul,matmul-naive96,0.05,2,93635,9233,0
matmul_train,matmul,age+dirty+refaults+rdist,matmul-naive96-s1,train,matmul,matmul-naive96,0.05,2,694081,4056,1
matmul_train,matmul,ref+aging+sfreq+idle+age,matmul-naive96-s1,train,matmul,matmul-naive96,0.05,2,93318,9233,0
matmul_train,matmul,ref+aging+sfreq+idle+dirty,matmul-naive96-s1,train,matmul,matmul-naive96,0.05,2,93350,9233,0
matmul_train,matmul,ref+aging+sfreq+idle+refaults,matmul-naive96-s1,train,matmul,matmul-naive96,0.05,2,694081,6518,1
matmul_train,matmul,ref+aging+sfreq+idle+rdist,matmul-naive96-s1,train,matmul,matmul-naive96,0.05,2,117563,9233,0
matmul_train,matmul,ref+aging+sfreq+age+dirty,matmul-naive96-s1,train,matmul,matmul-naive96,0.05,2,93311,9233,0
matmul_train,matmul,ref+aging+sfreq+age+refaults,matmul-naive96-s1,train,matmul,matmul-naive96,0.05,2,95106,9233,0
matmul_train,matmul,ref+aging+sfreq+age+rdist,matmul-naive96-s1,train,matmul,matmul-naive96,0.05,2,93626,9233,0
matmul_train,matmul,ref+aging+sfreq+dirty+refaults,matmul-naive96-s1,train,matmul,matmul-naive96,0.05,2,100363,9233,0
matmul_train,matmul,ref+aging+sfreq+dirty+rdist,matmul-naive96-s1,train,matmul,matmul-naive96,0.05,2,457472,9233,0
matmul_train,matmul,ref+aging+sfreq+refaults+rdist,matmul-naive96-s1,train,matmul,matmul-naive96,0.05,2,694081,5514,1
matmul_train,matmul,ref+aging+idle+age+dirty,matmul-naive96-s1,train,matmul,matmul-naive96,0.05,2,93350,9233,0
matmul_train,matmul,ref+aging+idle+age+refaults,matmul-naive96-s1,train,matmul,matmul-naive96,0.05,2,694081,6520,1
matmul_train,matmul,ref+aging+idle+age+rdist,matmul-naive96-s1,train,matmul,matmul-naive96,0.05,2,117563,9233,0
matmul_train,matmul,ref+aging+idle+dirty+refaults,matmul-naive96-s1,train,matmul,matmul-naive96,0.05,2,102429,9233,0
matmul_train,matmul,ref+aging+idle+dirty+rdist,matmul-naive96-s1,train,matmul,matmul-naive96,0.05,2,103603,9233,0
matmul_train,matmul,ref+aging+idle+refaults+rdist,matmul-naive96-s1,train,matmul,matmul-naive96,0.05,2,94286,9229,0
matmul_train,matmul,ref+aging+age+dirty+refaults,matmul-naive96-s1,train,matmul,matmul-naive96,0.05,2,97571,9233,0
matmul_train,matmul,ref+aging+age+dirty+rdist,matmul-naive96-s1,train,matmul,matmul-naive96,0.05,2,694081,7490,1
matmul_train,matmul,ref+aging+age+refaults+rdist,matmul-naive96-s1,train,matmul,matmul-naive96,0.05,2,694081,5548,1
matmul_train,matmul,ref+aging+dirty+refaults+rdist,matmul-naive96-s1,train,matmul,matmul-naive96,0.05,2,94123,9233,0
matmul_train,matmul,ref+sfreq+idle+age+dirty,matmul-naive96-s1,train,matmul,matmul-naive96,0.05,2,93318,9233,0
matmul_train,matmul,ref+sfreq+idle+age+refaults,matmul-naive96-s1,train,matmul,matmul-naive96,0.05,2,95024,9233,0
matmul_train,matmul,ref+sfreq+idle+age+rdist,matmul-naive96-s1,train,matmul,matmul-naive96,0.05,2,93662,9233,0
matmul_train,matmul,ref+sfreq+idle+dirty+refaults,matmul-naive96-s1,train,matmul,matmul-naive96,0.05,2,102045,9233,0
matmul_train,matmul,ref+sfreq+idle+dirty+rdist,matmul-naive96-s1,train,matmul,matmul-naive96,0.05,2,95080,9233,0
matmul_train,matmul,ref+sfreq+idle+refaults+rdist,matmul-naive96-s1,train,matmul,matmul-naive96,0.05,2,103081,9233,0
matmul_train,matmul,ref+sfreq+age+dirty+refaults,matmul-naive96-s1,train,matmul,matmul-naive96,0.05,2,694081,4581,1
matmul_train,matmul,ref+sfreq+age+dirty+rdist,matmul-naive96-s1,train,matmul,matmul-naive96,0.05,2,694081,4032,1
matmul_train,matmul,ref+sfreq+age+refaults+rdist,matmul-naive96-s1,train,matmul,matmul-naive96,0.05,2,694081,2591,1
matmul_train,matmul,ref+sfreq+dirty+refaults+rdist,matmul-naive96-s1,train,matmul,matmul-naive96,0.05,2,694081,4032,1
matmul_train,matmul,ref+idle+age+dirty+refaults,matmul-naive96-s1,train,matmul,matmul-naive96,0.05,2,98525,9233,0
matmul_train,matmul,ref+idle+age+dirty+rdist,matmul-naive96-s1,train,matmul,matmul-naive96,0.05,2,95070,9233,0
matmul_train,matmul,ref+idle+age+refaults+rdist,matmul-naive96-s1,train,matmul,matmul-naive96,0.05,2,102022,9233,0
matmul_train,matmul,ref+idle+dirty+refaults+rdist,matmul-naive96-s1,train,matmul,matmul-naive96,0.05,2,94123,9233,0
matmul_train,matmul,ref+age+dirty+refaults+rdist,matmul-naive96-s1,train,matmul,matmul-naive96,0.05,2,694081,4032,1
matmul_train,matmul,aging+sfreq+idle+age+dirty,matmul-naive96-s1,train,matmul,matmul-naive96,0.05,2,93318,9233,0
matmul_train,matmul,aging+sfreq+idle+age+refaults,matmul-naive96-s1,train,matmul,matmul-naive96,0.05,2,93576,9233,0
matmul_train,matmul,aging+sfreq+idle+age+rdist,matmul-naive96-s1,train,matmul,matmul-naive96,0.05,2,694081,2591,1
matmul_train,matmul,aging+sfreq+idle+dirty+refaults,matmul-naive96-s1,train,matmul,matmul-naive96,0.05,2,103172,9233,0
matmul_train,matmul,aging+sfreq+idle+dirty+rdist,matmul-naive96-s1,train,matmul,matmul-naive96,0.05,2,95646,9233,0
matmul_train,matmul,aging+sfreq+idle+refaults+rdist,matmul-naive96-s1,train,matmul,matmul-naive96,0.05,2,189466,9233,0
matmul_train,matmul,aging+sfreq+age+dirty+refaults,matmul-naive96-s1,train,matmul,matmul-naive96,0.05,2,93385,9233,0
matmul_train,matmul,aging+sfreq+age+dirty+rdist,matmul-naive96-s1,train,matmul,matmul-naive96,0.05,2,694081,4032,1
matmul_train,matmul,aging+sfreq+age+refaults+rdist,matmul-naive96-s1,train,matmul,matmul-naive96,0.05,2,694081,2591,1
matmul_train,matmul,aging+sfreq+dirty+refaults+rdist,matmul-naive96-s1,train,matmul,matmul-naive96,0.05,2,694081,4032,1
matmul_train,matmul,aging+idle+age+dirty+refaults,matmul-naive96-s1,train,matmul,matmul-naive96,0.05,2,99127,9233,0
matmul_train,matmul,aging+idle+age+dirty+rdist,matmul-naive96-s1,train,matmul,matmul-naive96,0.05,2,95640,9233,0
matmul_train,matmul,aging+idle+age+refaults+rdist,matmul-naive96-s1,train,matmul,matmul-naive96,0.05,2,102354,9233,0
matmul_train,matmul,aging+idle+dirty+refaults+rdist,matmul-naive96-s1,train,matmul,matmul-naive96,0.05,2,94008,9233,0
matmul_train,matmul,aging+age+dirty+refaults+rdist,matmul-naive96-s1,train,matmul,matmul-naive96,0.05,2,694081,4032,1
matmul_train,matmul,sfreq+idle+age+dirty+refaults,matmul-naive96-s1,train,matmul,matmul-naive96,0.05,2,93409,9233,0
matmul_train,matmul,sfreq+idle+age+dirty+rdist,matmul-naive96-s1,train,matmul,matmul-naive96,0.05,2,93668,9233,0
matmul_train,matmul,sfreq+idle+age+refaults+rdist,matmul-naive96-s1,train,matmul,matmul-naive96,0.05,2,93610,9233,0
matmul_train,matmul,sfreq+idle+dirty+refaults+rdist,matmul-naive96-s1,train,matmul,matmul-naive96,0.05,2,102664,9233,0
matmul_train,matmul,sfreq+age+dirty+refaults+rdist,matmul-naive96-s1,train,matmul,matmul-naive96,0.05,2,694081,4056,1
matmul_train,matmul,idle+age+dirty+refaults+rdist,matmul-naive96-s1,train,matmul,matmul-naive96,0.05,2,101852,9233,0
matmul_train,matmul,ref+aging+sfreq+idle+age+dirty,matmul-naive96-s1,train,matmul,matmul-naive96,0.05,2,93318,9233,0
matmul_train,matmul,ref+aging+sfreq+idle+age+refaults,matmul-naive96-s1,train,matmul,matmul-naive96,0.05,2,95100,9233,0
matmul_train,matmul,ref+aging+sfreq+idle+age+rdist,matmul-naive96-s1,train,matmul,matmul-naive96,0.05,2,694081,2591,1
matmul_train,matmul,ref+aging+sfreq+idle+dirty+refaults,matmul-naive96-s1,train,matmul,matmul-naive96,0.05,2,99653,9233,0
matmul_train,matmul,ref+aging+sfreq+idle+dirty+rdist,matmul-naive96-s1,train,matmul,matmul-naive96,0.05,2,457472,9233,0
matmul_train,matmul,ref+aging+sfreq+idle+refaults+rdist,matmul-naive96-s1,train,matmul,matmul-naive96,0.05,2,694081,6479,1
matmul_train,matmul,ref+aging+sfreq+age+dirty+refaults,matmul-naive96-s1,train,matmul,matmul-naive96,0.05,2,93705,9233,0
matmul_train,matmul,ref+aging+sfreq+age+dirty+rdist,matmul-naive96-s1,train,matmul,matmul-naive96,0.05,2,694081,4056,1
matmul_train,matmul,ref+aging+sfreq+age+refaults+rdist,matmul-naive96-s1,train,matmul,matmul-naive96,0.05,2,93769,9233,0
matmul_train,matmul,ref+aging+sfreq+dirty+refaults+rdist,matmul-naive96-s1,train,matmul,matmul-naive96,0.05,2,284338,9233,0
matmul_train,matmul,ref+aging+idle+age+dirty+refaults,matmul-naive96-s1,train,matmul,matmul-naive96,0.05,2,97178,9233,0
matmul_train,matmul,ref+aging+idle+age+dirty+rdist,matmul-naive96-s1,train,matmul,matmul-naive96,0.05,2,694081,7490,1
matmul_train,matmul,ref+aging+idle+age+refaults+rdist,matmul-naive96-s1,train,matmul,matmul-naive96,0.05,2,694081,5530,1
matmul_train,matmul,ref+aging+idle+dirty+refaults+rdist,matmul-naive96-s1,train,matmul,matmul-naive96,0.05,2,94123,9233,0
matmul_train,matmul,ref+aging+age+dirty+refaults+rdist,matmul-naive96-s1,train,matmul,matmul-naive96,0.05,2,101118,9233,0
matmul_train,matmul,ref+sfreq+idle+age+dirty+refaults,matmul-naive96-s1,train,matmul,matmul-naive96,0.05,2,93621,9233,0
matmul_train,matmul,ref+sfreq+idle+age+dirty+rdist,matmul-naive96-s1,train,matmul,matmul-naive96,0.05,2,93647,9233,0
matmul_train,matmul,ref+sfreq+idle+age+refaults+rdist,matmul-naive96-s1,train,matmul,matmul-naive96,0.05,2,93812,9233,0
matmul_train,matmul,ref+sfreq+idle+dirty+refaults+rdist,matmul-naive96-s1,train,matmul,matmul-naive96,0.05,2,102392,9233,0
matmul_train,matmul,ref+sfreq+age+dirty+refaults+rdist,matmul-naive96-s1,train,matmul,matmul-naive96,0.05,2,694081,4032,1
matmul_train,matmul,ref+idle+age+dirty+refaults+rdist,matmul-naive96-s1,train,matmul,matmul-naive96,0.05,2,101488,9233,0
matmul_train,matmul,aging+sfreq+idle+age+dirty+refaults,matmul-naive96-s1,train,matmul,matmul-naive96,0.05,2,93399,9233,0
matmul_train,matmul,aging+sfreq+idle+age+dirty+rdist,matmul-naive96-s1,train,matmul,matmul-naive96,0.05,2,694081,4032,1
matmul_train,matmul,aging+sfreq+idle+age+refaults+rdist,matmul-naive96-s1,train,matmul,matmul-naive96,0.05,2,694081,2591,1
matmul_train,matmul,aging+sfreq+idle+dirty+refaults+rdist,matmul-naive96-s1,train,matmul,matmul-naive96,0.05,2,102694,9233,0
matmul_train,matmul,aging+sfreq+age+dirty+refaults+rdist,matmul-naive96-s1,train,matmul,matmul-naive96,0.05,2,694081,4032,1
matmul_train,matmul,aging+idle+age+dirty+refaults+rdist,matmul-naive96-s1,train,matmul,matmul-naive96,0.05,2,101904,9233,0
matmul_train,matmul,sfreq+idle+age+dirty+refaults+rdist,matmul-naive96-s1,train,matmul,matmul-naive96,0.05,2,93746,9233,0
matmul_train,matmul,ref+aging+sfreq+idle+age+dirty+refaults,matmul-naive96-s1,train,matmul,matmul-naive96,0.05,2,93684,9233,0
matmul_train,matmul,ref+aging+sfreq+idle+age+dirty+rdist,matmul-naive96-s1,train,matmul,matmul-naive96,0.05,2,694081,4056,1
matmul_train,matmul,ref+aging+sfreq+idle+age+refaults+rdist,matmul-naive96-s1,train,matmul,matmul-naive96,0.05,2,93787,9233,0
matmul_train,matmul,ref+aging+sfreq+idle+dirty+refaults+rdist,matmul-naive96-s1,train,matmul,matmul-naive96,0.05,2,102220,9233,0
matmul_train,matmul,ref+aging+sfreq+age+dirty+refaults+rdist,matmul-naive96-s1,train,matmul,matmul-naive96,0.05,2,93716,9233,0
matmul_train,matmul,ref+aging+idle+age+dirty+refaults+rdist,matmul-naive96-s1,train,matmul,matmul-naive96,0.05,2,101202,9233,0
matmul_train,matmul,ref+sfreq+idle+age+dirty+refaults+rdist,matmul-naive96-s1,train,matmul,matmul-naive96,0.05,2,93765,9233,0
matmul_train,matmul,aging+sfreq+idle+age+dirty+refaults+rdist,matmul-naive96-s1,train,matmul,matmul-naive96,0.05,2,93656,9233,0
matmul_train,matmul,ref+aging+sfreq+idle+age+dirty+refaults+rdist,matmul-naive96-s1,train,matmul,matmul-naive96,0.05,2,93716,9233,0
matmul_train,matmul,rec+ref+aging+sfreq+idle+age+dirty,matmul-naive96-s1,train,matmul,matmul-naive96,0.05,2,95019,9233,0
matmul_train,matmul,rec+ref+aging+sfreq+idle+age+dirty+refaults+rdist,matmul-naive96-s1,train,matmul,matmul-naive96,0.05,2,694081,5492,1
matmul_train,matmul,freq+ref+aging+sfreq+idle+age+dirty,matmul-naive96-s1,train,matmul,matmul-naive96,0.05,2,95927,9233,0
matmul_train,matmul,freq+ref+aging+sfreq+idle+age+dirty+refaults+rdist,matmul-naive96-s1,train,matmul,matmul-naive96,0.05,2,93406,9233,0
matmul_train,matmul,sd+ref+aging+sfreq+idle+age+dirty,matmul-naive96-s1,train,matmul,matmul-naive96,0.05,2,93363,9233,0
matmul_train,matmul,sd+ref+aging+sfreq+idle+age+dirty+refaults+rdist,matmul-naive96-s1,train,matmul,matmul-naive96,0.05,2,93312,9233,0
matmul_train,matmul,wr+ref+aging+sfreq+idle+age+dirty,matmul-naive96-s1,train,matmul,matmul-naive96,0.05,2,93318,9233,0
matmul_train,matmul,wr+ref+aging+sfreq+idle+age+dirty+refaults+rdist,matmul-naive96-s1,train,matmul,matmul-naive96,0.05,2,93666,9233,0
matmul_train,matmul,rec+freq+ref+aging+sfreq+idle+age+dirty,matmul-naive96-s1,train,matmul,matmul-naive96,0.05,2,694081,4962,1
matmul_train,matmul,rec+freq+ref+aging+sfreq+idle+age+dirty+refaults+rdist,matmul-naive96-s1,train,matmul,matmul-naive96,0.05,2,694081,5492,1
matmul_train,matmul,rec+sd+ref+aging+sfreq+idle+age+dirty,matmul-naive96-s1,train,matmul,matmul-naive96,0.05,2,93327,9233,0
matmul_train,matmul,rec+sd+ref+aging+sfreq+idle+age+dirty+refaults+rdist,matmul-naive96-s1,train,matmul,matmul-naive96,0.05,2,93317,9233,0
matmul_train,matmul,rec+wr+ref+aging+sfreq+idle+age+dirty,matmul-naive96-s1,train,matmul,matmul-naive96,0.05,2,95019,9233,0
matmul_train,matmul,rec+wr+ref+aging+sfreq+idle+age+dirty+refaults+rdist,matmul-naive96-s1,train,matmul,matmul-naive96,0.05,2,694081,5492,1
matmul_train,matmul,freq+sd+ref+aging+sfreq+idle+age+dirty,matmul-naive96-s1,train,matmul,matmul-naive96,0.05,2,93473,9233,0
matmul_train,matmul,freq+sd+ref+aging+sfreq+idle+age+dirty+refaults+rdist,matmul-naive96-s1,train,matmul,matmul-naive96,0.05,2,93315,9233,0
matmul_train,matmul,freq+wr+ref+aging+sfreq+idle+age+dirty,matmul-naive96-s1,train,matmul,matmul-naive96,0.05,2,93318,9233,0
matmul_train,matmul,freq+wr+ref+aging+sfreq+idle+age+dirty+refaults+rdist,matmul-naive96-s1,train,matmul,matmul-naive96,0.05,2,93417,9233,0
matmul_train,matmul,sd+wr+ref+aging+sfreq+idle+age+dirty,matmul-naive96-s1,train,matmul,matmul-naive96,0.05,2,93381,9233,0
matmul_train,matmul,sd+wr+ref+aging+sfreq+idle+age+dirty+refaults+rdist,matmul-naive96-s1,train,matmul,matmul-naive96,0.05,2,93309,9233,0
matmul_train,matmul,rec+freq+sd+ref+aging+sfreq+idle+age+dirty,matmul-naive96-s1,train,matmul,matmul-naive96,0.05,2,93469,9233,0
matmul_train,matmul,rec+freq+sd+ref+aging+sfreq+idle+age+dirty+refaults+rdist,matmul-naive96-s1,train,matmul,matmul-naive96,0.05,2,93323,9233,0
matmul_train,matmul,rec+freq+wr+ref+aging+sfreq+idle+age+dirty,matmul-naive96-s1,train,matmul,matmul-naive96,0.05,2,93669,9233,0
matmul_train,matmul,rec+freq+wr+ref+aging+sfreq+idle+age+dirty+refaults+rdist,matmul-naive96-s1,train,matmul,matmul-naive96,0.05,2,694081,5889,1
matmul_train,matmul,rec+sd+wr+ref+aging+sfreq+idle+age+dirty,matmul-naive96-s1,train,matmul,matmul-naive96,0.05,2,93336,9233,0
matmul_train,matmul,rec+sd+wr+ref+aging+sfreq+idle+age+dirty+refaults+rdist,matmul-naive96-s1,train,matmul,matmul-naive96,0.05,2,93309,9233,0
matmul_train,matmul,freq+sd+wr+ref+aging+sfreq+idle+age+dirty,matmul-naive96-s1,train,matmul,matmul-naive96,0.05,2,93381,9233,0
matmul_train,matmul,freq+sd+wr+ref+aging+sfreq+idle+age+dirty+refaults+rdist,matmul-naive96-s1,train,matmul,matmul-naive96,0.05,2,93332,9233,0
matmul_train,matmul,rec+freq+sd+wr+ref+aging+sfreq+idle+age+dirty,matmul-naive96-s1,train,matmul,matmul-naive96,0.05,2,93338,9233,0
matmul_train,matmul,rec+freq+sd+wr+ref+aging+sfreq+idle+age+dirty+refaults+rdist,matmul-naive96-s1,train,matmul,matmul-naive96,0.05,2,93327,9233,0
matmul_train,global,rec,matmul-naive96-s1,train,matmul,matmul-naive96,0.05,2,101952,9233,0
matmul_train,global,freq,matmul-naive96-s1,train,matmul,matmul-naive96,0.05,2,694081,4581,1
matmul_train,global,sd,matmul-naive96-s1,train,matmul,matmul-naive96,0.05,2,101952,9233,0
matmul_train,global,wr,matmul-naive96-s1,train,matmul,matmul-naive96,0.05,2,138813,9233,0
matmul_train,global,rec+freq,matmul-naive96-s1,train,matmul,matmul-naive96,0.05,2,107647,9233,0
matmul_train,global,rec+sd,matmul-naive96-s1,train,matmul,matmul-naive96,0.05,2,101952,9233,0
matmul_train,global,rec+wr,matmul-naive96-s1,train,matmul,matmul-naive96,0.05,2,101952,9233,0
matmul_train,global,freq+sd,matmul-naive96-s1,train,matmul,matmul-naive96,0.05,2,105062,9233,0
matmul_train,global,freq+wr,matmul-naive96-s1,train,matmul,matmul-naive96,0.05,2,694081,4581,1
matmul_train,global,sd+wr,matmul-naive96-s1,train,matmul,matmul-naive96,0.05,2,101952,9233,0
matmul_train,global,rec+freq+sd,matmul-naive96-s1,train,matmul,matmul-naive96,0.05,2,135798,9233,0
matmul_train,global,rec+freq+wr,matmul-naive96-s1,train,matmul,matmul-naive96,0.05,2,107716,9233,0
matmul_train,global,rec+sd+wr,matmul-naive96-s1,train,matmul,matmul-naive96,0.05,2,101952,9233,0
matmul_train,global,freq+sd+wr,matmul-naive96-s1,train,matmul,matmul-naive96,0.05,2,105060,9233,0
matmul_train,global,rec+freq+sd+wr,matmul-naive96-s1,train,matmul,matmul-naive96,0.05,2,135800,9233,0
matmul_train,global,ref,matmul-naive96-s1,train,matmul,matmul-naive96,0.05,2,138816,9233,0
matmul_train,global,aging,matmul-naive96-s1,train,matmul,matmul-naive96,0.05,2,138816,9233,0
matmul_train,global,sfreq,matmul-naive96-s1,train,matmul,matmul-naive96,0.05,2,694081,4056,1
matmul_train,global,idle,matmul-naive96-s1,train,matmul,matmul-naive96,0.05,2,138816,9233,0
matmul_train,global,age,matmul-naive96-s1,train,matmul,matmul-naive96,0.05,2,138816,9233,0
matmul_train,global,dirty,matmul-naive96-s1,train,matmul,matmul-naive96,0.05,2,138813,9233,0
matmul_train,global,refaults,matmul-naive96-s1,train,matmul,matmul-naive96,0.05,2,138573,9233,0
matmul_train,global,rdist,matmul-naive96-s1,train,matmul,matmul-naive96,0.05,2,694081,112,1
matmul_train,global,ref+aging,matmul-naive96-s1,train,matmul,matmul-naive96,0.05,2,138816,9233,0
matmul_train,global,ref+sfreq,matmul-naive96-s1,train,matmul,matmul-naive96,0.05,2,93318,9233,0
matmul_train,global,ref+idle,matmul-naive96-s1,train,matmul,matmul-naive96,0.05,2,138816,9233,0
matmul_train,global,ref+age,matmul-naive96-s1,train,matmul,matmul-naive96,0.05,2,138816,9233,0
matmul_train,global,ref+dirty,matmul-naive96-s1,train,matmul,matmul-naive96,0.05,2,138813,9233,0
matmul_train,global,ref+refaults,matmul-naive96-s1,train,matmul,matmul-naive96,0.05,2,138537,9233,0
matmul_train,global,ref+rdist,matmul-naive96-s1,train,matmul,matmul-naive96,0.05,2,93320,9233,0
matmul_train,global,aging+sfreq,matmul-naive96-s1,train,matmul,matmul-naive96,0.05,2,93318,9233,0
matmul_train,global,aging+idle,matmul-naive96-s1,train,matmul,matmul-naive96,0.05,2,138816,9233,0
matmul_train,global,aging+age,matmul-naive96-s1,train,matmul,matmul-naive96,0.05,2,93318,9233,0
matmul_train,global,aging+dirty,matmul-naive96-s1,train,matmul,matmul-naive96,0.05,2,138813,9233,0
matmul_train,global,aging+refaults,matmul-naive96-s1,train,matmul,matmul-naive96,0.05,2,138537,9233,0
matmul_train,global,aging+rdist,matmul-naive96-s1,train,matmul,matmul-naive96,0.05,2,93320,9233,0
matmul_train,global,sfreq+idle,matmul-naive96-s1,train,matmul,matmul-naive96,0.05,2,93361,9233,0
matmul_train,global,sfreq+age,matmul-naive96-s1,train,matmul,matmul-naive96,0.05,2,138816,9233,0
matmul_train,global,sfreq+dirty,matmul-naive96-s1,train,matmul,matmul-naive96,0.05,2,694081,4056,1
matmul_train,global,sfreq+refaults,matmul-naive96-s1,train,matmul,matmul-naive96,0.05,2,694081,5518,1
matmul_train,global,sfreq+rdist,matmul-naive96-s1,train,matmul,matmul-naive96,0.05,2,694081,112,1
matmul_train,global,idle+age,matmul-naive96-s1,train,matmul,matmul-naive96,0.05,2,93350,9233,0
matmul_train,global,idle+dirty,matmul-naive96-s1,train,matmul,matmul-naive96,0.05,2,138813,9233,0
matmul_train,global,idle+refaults,matmul-naive96-s1,train,matmul,matmul-naive96,0.05,2,138537,9233,0
matmul_train,global,idle+rdist,matmul-naive96-s1,train,matmul,matmul-naive96,0.05,2,103641,9233,0
matmul_train,global,age+dirty,matmul-naive96-s1,train,matmul,matmul-naive96,0.05,2,138816,9233,0
matmul_train,global,age+refaults,matmul-naive96-s1,train,matmul,matmul-naive96,0.05,2,694081,5835,1
matmul_train,global,age+rdist,matmul-naive96-s1,train,matmul,matmul-naive96,0.05,2,105414,9233,0
matmul_train,global,dirty+refaults,matmul-naive96-s1,train,matmul,matmul-naive96,0.05,2,144117,9233,0
matmul_train,global,dirty+rdist,matmul-naive96-s1,train,matmul,matmul-naive96,0.05,2,300450,9232,0
matmul_train,global,refaults+rdist,matmul-naive96-s1,train,matmul,matmul-naive96,0.05,2,171142,9233,0
matmul_train,global,ref+aging+sfreq,matmul-naive96-s1,train,matmul,matmul-naive96,0.05,2,93345,9233,0
matmul_train,global,ref+aging+idle,matmul-naive96-s1,train,matmul,matmul-naive96,0.05,2,138816,9233,0
matmul_train,global,ref+aging+age,matmul-naive96-s1,train,matmul,matmul-naive96,0.05,2,93345,9233,0
matmul_train,global,ref+aging+dirty,matmul-naive96-s1,train,matmul,matmul-naive96,0.05,2,138813,9233,0
matmul_train,global,ref+aging+refaults,matmul-naive96-s1,train,matmul,matmul-naive96,0.05,2,138537,9233,0
matmul_train,global,ref+aging+rdist,matmul-naive96-s1,train,matmul,matmul-naive96,0.05,2,93327,9233,0
matmul_train,global,ref+sfreq+idle,matmul-naive96-s1,train,matmul,matmul-naive96,0.05,2,93318,9233,0
matmul_train,global,ref+sfreq+age,matmul-naive96-s1,train,matmul,matmul-naive96,0.05,2,138816,9233,0
matmul_train,global,ref+sfreq+dirty,matmul-naive96-s1,train,matmul,matmul-naive96,0.05,2,93318,9233,0
matmul_train,global,ref+sfreq+refaults,matmul-naive96-s1,train,matmul,matmul-naive96,0.05,2,694081,5662,1
matmul_train,global,ref+sfreq+rdist,matmul-naive96-s1,train,matmul,matmul-naive96,0.05,2,93318,9233,0
matmul_train,global,ref+idle+age,matmul-naive96-s1,train,matmul,matmul-naive96,0.05,2,93318,9233,0
matmul_train,global,ref+idle+dirty,matmul-naive96-s1,train,matmul,matmul-naive96,0.05,2,138813,9233,0
matmul_train,global,ref+idle+refaults,matmul-naive96-s1,train,matmul,matmul-naive96,0.05,2,138537,9233,0
matmul_train,global,ref+idle+rdist,matmul-naive96-s1,train,matmul,matmul-naive96,0.05,2,93320,9233,0
matmul_train,global,ref+age+dirty,matmul-naive96-s1,train,matmul,matmul-naive96,0.05,2,138813,9233,0
matmul_train,global,ref+age+refaults,matmul-naive96-s1,train,matmul,matmul-naive96,0.05,2,123279,9233,0
matmul_train,global,ref+age+rdist,matmul-naive96-s1,train,matmul,matmul-naive96,0.05,2,93323,9233,0
matmul_train,global,ref+dirty+refaults,matmul-naive96-s1,train,matmul,matmul-naive96,0.05,2,138537,9233,0
matmul_train,global,ref+dirty+rdist,matmul-naive96-s1,train,matmul,matmul-naive96,0.05,2,93318,9233,0
matmul_train,global,ref+refaults+rdist,matmul-naive96-s1,train,matmul,matmul-naive96,0.05,2,104754,9233,0
matmul_train,global,aging+sfreq+idle,matmul-naive96-s1,train,matmul,matmul-naive96,0.05,2,93318,9233,0
matmul_train,global,aging+sfreq+age,matmul-naive96-s1,train,matmul,matmul-naive96,0.05,2,93318,9233,0
matmul_train,global,aging+sfreq+dirty,matmul-naive96-s1,train,matmul,matmul-naive96,0.05,2,93318,9233,0
matmul_train,global,aging+sfreq+refaults,matmul-naive96-s1,train,matmul,matmul-naive96,0.05,2,694081,6121,1
matmul_train,global,aging+sfreq+rdist,matmul-naive96-s1,train,matmul,matmul-naive96,0.05,2,93318,9233,0
matmul_train,global,aging+idle+age,matmul-naive96-s1,train,matmul,matmul-naive96,0.05,2,93318,9233,0
matmul_train,global,aging+idle+dirty,matmul-naive96-s1,train,matmul,matmul-naive96,0.05,2,138813,9233,0
matmul_train,global,aging+idle+refaults,matmul-naive96-s1,train,matmul,matmul-naive96,0.05,2,138537,9233,0
matmul_train,global,aging+idle+rdist,matmul-naive96-s1,train,matmul,matmul-naive96,0.05,2,93320,9233,0
matmul_train,global,aging+age+dirty,matmul-naive96-s1,train,matmul,matmul-naive96,0.05,2,93318,9233,0
matmul_train,global,aging+age+refaults,matmul-naive96-s1,train,matmul,matmul-naive96,0.05,2,117427,9233,0
matmul_train,global,aging+age+rdist,matmul-naive96-s1,train,matmul,matmul-naive96,0.05,2,93318,9233,0
matmul_train,global,aging+dirty+refaults,matmul-naive96-s1,train,matmul,matmul-naive96,0.05,2,138537,9233,0
matmul_train,global,aging+dirty+rdist,matmul-naive96-s1,train,matmul,matmul-naive96,0.05,2,93318,9233,0
matmul_train,global,aging+refaults+rdist,matmul-naive96-s1,train,matmul,matmul-naive96,0.05,2,104667,9233,0
matmul_train,global,sfreq+idle+age,matmul-naive96-s1,train,matmul,matmul-naive96,0.05,2,93345,9233,0
matmul_train,global,sfreq+idle+dirty,matmul-naive96-s1,train,matmul,matmul-naive96,0.05,2,93366,9233,0
matmul_train,global,sfreq+idle+refaults,matmul-naive96-s1,train,matmul,matmul-naive96,0.05,2,243373,9233,0
matmul_train,global,sfreq+idle+rdist,matmul-naive96-s1,train,matmul,matmul-naive96,0.05,2,93362,9233,0
matmul_train,global,sfreq+age+dirty,matmul-naive96-s1,train,matmul,matmul-naive96,0.05,2,138813,9233,0
matmul_train,global,sfreq+age+refaults,matmul-naive96-s1,train,matmul,matmul-naive96,0.05,2,694081,5517,1
matmul_train,global,sfreq+age+rdist,matmul-naive96-s1,train,matmul,matmul-naive96,0.05,2,103612,9233,0
matmul_train,global,sfreq+dirty+refaults,matmul-naive96-s1,train,matmul,matmul-naive96,0.05,2,694081,5510,1
matmul_train,global,sfreq+dirty+rdist,matmul-naive96-s1,train,matmul,matmul-naive96,0.05,2,694081,4056,1
matmul_train,global,sfreq+refaults+rdist,matmul-naive96-s1,train,matmul,matmul-naive96,0.05,2,694081,5508,1
matmul_train,global,idle+age+dirty,matmul-naive96-s1,train,matmul,matmul-naive96,0.05,2,93361,9233,0
matmul_train,global,idle+age+refaults,matmul-naive96-s1,train,matmul,matmul-naive96,0.05,2,118203,9233,0
matmul_train,global,idle+age+rdist,matmul-naive96-s1,train,matmul,matmul-naive96,0.05,2,93362,9233,0
matmul_train,global,idle+dirty+refaults,matmul-naive96-s1,train,matmul,matmul-naive96,0.05,2,138537,9233,0
matmul_train,global,idle+dirty+rdist,matmul-naive96-s1,train,matmul,matmul-naive96,0.05,2,103584,9233,0
matmul_train,global,idle+refaults+rdist,matmul-naive96-s1,train,matmul,matmul-naive96,0.05,2,106367,9233,0
matmul_train,global,age+dirty+refaults,matmul-naive96-s1,train,matmul,matmul-naive96,0.05,2,694081,5941,1
matmul_train,global,age+dirty+rdist,matmul-naive96-s1,train,matmul,matmul-naive96,0.05,2,105991,9233,0
matmul_train,global,age+refaults+rdist,matmul-naive96-s1,train,matmul,matmul-naive96,0.05,2,694081,4864,1
matmul_train,global,dirty+refaults+rdist,matmul-naive96-s1,train,matmul,matmul-naive96,0.05,2,171141,9233,0
matmul_train,global,ref+aging+sfreq+idle,matmul-naive96-s1,train,matmul,matmul-naive96,0.05,2,93345,9233,0
matmul_train,global,ref+aging+sfreq+age,matmul-naive96-s1,train,matmul,matmul-naive96,0.05,2,93345,9233,0
matmul_train,global,ref+aging+sfreq+dirty,matmul-naive96-s1,train,matmul,matmul-naive96,0.05,2,93350,9233,0
matmul_train,global,ref+aging+sfreq+refaults,matmul-naive96-s1,train,matmul,matmul-naive96,0.05,2,694081,6057,1
matmul_train,global,ref+aging+sfreq+rdist,matmul-naive96-s1,train,matmul,matmul-naive96,0.05,2,93325,9233,0
matmul_train,global,ref+aging+idle+age,matmul-naive96-s1,train,matmul,matmul-naive96,0.05,2,93345,9233,0
matmul_train,global,ref+aging+idle+dirty,matmul-naive96-s1,train,matmul,matmul-naive96,0.05,2,138813,9233,0
matmul_train,global,ref+aging+idle+refaults,matmul-naive96-s1,train,matmul,matmul-naive96,0.05,2,138537,9233,0
matmul_train,global,ref+aging+idle+rdist,matmul-naive96-s1,train,matmul,matmul-naive96,0.05,2,93327,9233,0
matmul_train,global,ref+aging+age+dirty,matmul-naive96-s1,train,matmul,matmul-naive96,0.05,2,93345,9233,0
matmul_train,global,ref+aging+age+refaults,matmul-naive96-s1,train,matmul,matmul-naive96,0.05,2,115259,9233,0
matmul_train,global,ref+aging+age+rdist,matmul-naive96-s1,train,matmul,matmul-naive96,0.05,2,93332,9233,0
matmul_train,global,ref+aging+dirty+refaults,matmul-naive96-s1,train,matmul,matmul-naive96,0.05,2,138537,9233,0
matmul_train,global,ref+aging+dirty+rdist,matmul-naive96-s1,train,matmul,matmul-naive96,0.05,2,93318,9233,0
matmul_train,global,ref+aging+refaults+rdist,matmul-naive96-s1,train,matmul,matmul-naive96,0.05,2,104619,9233,0
matmul_train,global,ref+sfreq+idle+age,matmul-naive96-s1,train,matmul,matmul-naive96,0.05,2,93318,9233,0
matmul_train,global,ref+sfreq+idle+dirty,matmul-naive96-s1,train,matmul,matmul-naive96,0.05,2,93318,9233,0
matmul_train,global,ref+sfreq+idle+refaults,matmul-naive96-s1,train,matmul,matmul-naive96,0.05,2,617088,9233,0
matmul_train,global,ref+sfreq+idle+rdist,matmul-naive96-s1,train,matmul,matmul-naive96,0.05,2,93318,9233,0
matmul_train,global,ref+sfreq+age+dirty,matmul-naive96-s1,train,matmul,matmul-naive96,0.05,2,138813,9233,0
matmul_train,global,ref+sfreq+age+refaults,matmul-naive96-s1,train,matmul,matmul-naive96,0.05,2,694081,5740,1
matmul_train,global,ref+sfreq+age+rdist,matmul-naive96-s1,train,matmul,matmul-naive96,0.05,2,93320,9233,0
matmul_train,global,ref+sfreq+dirty+refaults,matmul-naive96-s1,train,matmul,matmul-naive96,0.05,2,694081,5576,1
matmul_train,global,ref+sfreq+dirty+rdist,matmul-naive96-s1,train,matmul,matmul-naive96,0.05,2,93318,9233,0
matmul_train,global,ref+sfreq+refaults+rdist,matmul-naive96-s1,train,matmul,matmul-naive96,0.05,2,694081,6377,1
matmul_train,global,ref+idle+age+dirty,matmul-naive96-s1,train,matmul,matmul-naive96,0.05,2,93318,9233,0
matmul_train,global,ref+idle+age+refaults,matmul-naive96-s1,train,matmul,matmul-naive96,0.05,2,117880,9233,0
matmul_train,global,ref+idle+age+rdist,matmul-naive96-s1,train,matmul,matmul-naive96,0.05,2,93318,9233,0
matmul_train,global,ref+idle+dirty+refaults,matmul-naive96-s1,train,matmul,matmul-naive96,0.05,2,138537,9233,0
matmul_train,global,ref+idle+dirty+rdist,matmul-naive96-s1,train,matmul,matmul-naive96,0.05,2,93318,9233,0
matmul_train,global,ref+idle+refaults+rdist,matmul-naive96-s1,train,matmul,matmul-naive96,0.05,2,105204,9233,0
matmul_train,global,ref+age+dirty+refaults,matmul-naive96-s1,train,matmul,matmul-naive96,0.05,2,123429,9233,0
matmul_train,global,ref+age+dirty+rdist,matmul-naive96-s1,train,matmul,matmul-naive96,0.05,2,93321,9233,0
matmul_train,global,ref+age+refaults+rdist,matmul-naive96-s1,train,matmul,matmul-naive96,0.05,2,101314,9233,0
matmul_train,global,ref+dirty+refaults+rdist,matmul-naive96-s1,train,matmul,matmul-naive96,0.05,2,104629,9233,0
matmul_train,global,aging+sfreq+idle+age,matmul-naive96-s1,train,matmul,matmul-naive96,0.05,2,93318,9233,0
matmul_train,global,aging+sfreq+idle+dirty,matmul-naive96-s1,train,matmul,matmul-naive96,0.05,2,93345,9233,0
matmul_train,global,aging+sfreq+idle+refaults,matmul-naive96-s1,train,matmul,matmul-naive96,0.05,2,694081,6189,1
matmul_train,global,aging+sfreq+idle+rdist,matmul-naive96-s1,train,matmul,matmul-naive96,0.05,2,93318,9233,0
matmul_train,global,aging+sfreq+age+dirty,matmul-naive96-s1,train,matmul,matmul-naive96,0.05,2,93318,9233,0
matmul_train,global,aging+sfreq+age+refaults,matmul-naive96-s1,train,matmul,matmul-naive96,0.05,2,694081,6249,1
matmul_train,global,aging+sfreq+age+rdist,matmul-naive96-s1,train,matmul,matmul-naive96,0.05,2,93318,9233,0
matmul_train,global,aging+sfreq+dirty+refaults,matmul-naive96-s1,train,matmul,matmul-naive96,0.05,2,694081,6083,1
matmul_train,global,aging+sfreq+dirty+rdist,matmul-naive96-s1,train,matmul,matmul-naive96,0.05,2,93318,9233,0
matmul_train,global,aging+sfreq+refaults+rdist,matmul-naive96-s1,train,matmul,matmul-naive96,0.05,2,694081,6414,1
matmul_train,global,aging+idle+age+dirty,matmul-naive96-s1,train,matmul,matmul-naive96,0.05,2,93345,9233,0
matmul_train,global,aging+idle+age+refaults,matmul-naive96-s1,train,matmul,matmul-naive96,0.05,2,116127,9233,0
matmul_train,global,aging+idle+age+rdist,matmul-naive96-s1,train,matmul,matmul-naive96,0.05,2,93318,9233,0
matmul_train,global,aging+idle+dirty+refaults,matmul-naive96-s1,train,matmul,matmul-naive96,0.05,2,138537,9233,0
matmul_train,global,aging+idle+dirty+rdist,matmul-naive96-s1,train,matmul,matmul-naive96,0.05,2,93318,9233,0
matmul_train,global,aging+idle+refaults+rdist,matmul-naive96-s1,train,matmul,matmul-naive96,0.05,2,104117,9233,0
matmul_train,global,aging+age+dirty+refaults,matmul-naive96-s1,train,matmul,matmul-naive96,0.05,2,117478,9233,0
matmul_train,global,aging+age+dirty+rdist,matmul-naive96-s1,train,matmul,matmul-naive96,0.05,2,93318,9233,0
matmul_train,global,aging+age+refaults+rdist,matmul-naive96-s1,train,matmul,matmul-naive96,0.05,2,101833,9233,0
matmul_train,global,aging+dirty+refaults+rdist,matmul-naive96-s1,train,matmul,matmul-naive96,0.05,2,104728,9233,0
matmul_train,global,sfreq+idle+age+dirty,matmul-naive96-s1,train,matmul,matmul-naive96,0.05,2,93350,9233,0
matmul_train,global,sfreq+idle+age+refaults,matmul-naive96-s1,train,matmul,matmul-naive96,0.05,2,142376,9233,0
matmul_train,global,sfreq+idle+age+rdist,matmul-naive96-s1,train,matmul,matmul-naive96,0.05,2,93362,9233,0
matmul_train,global,sfreq+idle+dirty+refaults,matmul-naive96-s1,train,matmul,matmul-naive96,0.05,2,274440,9233,0
matmul_train,global,sfreq+idle+dirty+rdist,matmul-naive96-s1,train,matmul,matmul-naive96,0.05,2,93358,9233,0
matmul_train,global,sfreq+idle+refaults+rdist,matmul-naive96-s1,train,matmul,matmul-naive96,0.05,2,651109,9233,0
matmul_train,global,sfreq+age+dirty+refaults,matmul-naive96-s1,train,matmul,matmul-naive96,0.05,2,694081,5512,1
matmul_train,global,sfreq+age+dirty+rdist,matmul-naive96-s1,train,matmul,matmul-naive96,0.05,2,347531,9233,0
matmul_train,global,sfreq+age+refaults+rdist,matmul-naive96-s1,train,matmul,matmul-naive96,0.05,2,694081,5511,1
matmul_train,global,sfreq+dirty+refaults+rdist,matmul-naive96-s1,train,matmul,matmul-naive96,0.05,2,694081,5515,1
matmul_train,global,idle+age+dirty+refaults,matmul-naive96-s1,train,matmul,matmul-naive96,0.05,2,122955,9233,0
matmul_train,global,idle+age+dirty+rdist,matmul-naive96-s1,train,matmul,matmul-naive96,0.05,2,93364,9233,0
matmul_train,global,idle+age+refaults+rdist,matmul-naive96-s1,train,matmul,matmul-naive96,0.05,2,146405,9233,0
matmul_train,global,idle+dirty+refaults+rdist,matmul-naive96-s1,train,matmul,matmul-naive96,0.05,2,105922,9233,0
matmul_train,global,age+dirty+refaults+rdist,matmul-naive96-s1,train,matmul,matmul-naive96,0.05,2,694081,4515,1
matmul_train,global,ref+aging+sfreq+idle+age,matmul-naive96-s1,train,matmul,matmul-naive96,0.05,2,93345,9233,0
matmul_train,global,ref+aging+sfreq+idle+dirty,matmul-naive96-s1,train,matmul,matmul-naive96,0.05,2,93350,9233,0
matmul_train,global,ref+aging+sfreq+idle+refaults,matmul-naive96-s1,train,matmul,matmul-naive96,0.05,2,694081,5546,1
matmul_train,global,ref+aging+sfreq+idle+rdist,matmul-naive96-s1,train,matmul,matmul-naive96,0.05,2,93325,9233,0
matmul_train,global,ref+aging+sfreq+age+dirty,matmul-naive96-s1,train,matmul,matmul-naive96,0.05,2,93345,9233,0
matmul_train,global,ref+aging+sfreq+age+refaults,matmul-naive96-s1,train,matmul,matmul-naive96,0.05,2,694081,6285,1
matmul_train,global,ref+aging+sfreq+age+rdist,matmul-naive96-s1,train,matmul,matmul-naive96,0.05,2,93326,9233,0
matmul_train,global,ref+aging+sfreq+dirty+refaults,matmul-naive96-s1,train,matmul,matmul-naive96,0.05,2,694081,6004,1
matmul_train,global,ref+aging+sfreq+dirty+rdist,matmul-naive96-s1,train,matmul,matmul-naive96,0.05,2,93323,9233,0
matmul_train,global,ref+aging+sfreq+refaults+rdist,matmul-naive96-s1,train,matmul,matmul-naive96,0.05,2,694081,6397,1
matmul_train,global,ref+aging+idle+age+dirty,matmul-naive96-s1,train,matmul,matmul-naive96,0.05,2,93350,9233,0
matmul_train,global,ref+aging+idle+age+refaults,matmul-naive96-s1,train,matmul,matmul-naive96,0.05,2,114862,9233,0
matmul_train,global,ref+aging+idle+age+rdist,matmul-naive96-s1,train,matmul,matmul-naive96,0.05,2,93332,9233,0
matmul_train,global,ref+aging+idle+dirty+refaults,matmul-naive96-s1,train,matmul,matmul-naive96,0.05,2,138537,9233,0
matmul_train,global,ref+aging+idle+dirty+rdist,matmul-naive96-s1,train,matmul,matmul-naive96,0.05,2,93318,9233,0
matmul_train,global,ref+aging+idle+refaults+rdist,matmul-naive96-s1,train,matmul,matmul-naive96,0.05,2,104132,9233,0
matmul_train,global,ref+aging+age+dirty+refaults,matmul-naive96-s1,train,matmul,matmul-naive96,0.05,2,115201,9233,0
matmul_train,global,ref+aging+age+dirty+rdist,matmul-naive96-s1,train,matmul,matmul-naive96,0.05,2,93327,9233,0
matmul_train,global,ref+aging+age+refaults+rdist,matmul-naive96-s1,train,matmul,matmul-naive96,0.05,2,101960,9233,0
matmul_train,global,ref+aging+dirty+refaults+rdist,matmul-naive96-s1,train,matmul,matmul-naive96,0.05,2,104558,9233,0
matmul_train,global,ref+sfreq+idle+age+dirty,matmul-naive96-s1,train,matmul,matmul-naive96,0.05,2,93318,9233,0
matmul_train,global,ref+sfreq+idle+age+refaults,matmul-naive96-s1,train,matmul,matmul-naive96,0.05,2,121371,9233,0
matmul_train,global,ref+sfreq+idle+age+rdist,matmul-naive96-s1,train,matmul,matmul-naive96,0.05,2,93318,9233,0
matmul_train,global,ref+sfreq+idle+dirty+refaults,matmul-naive96-s1,train,matmul,matmul-naive96,0.05,2,653782,9233,0
matmul_train,global,ref+sfreq+idle+dirty+rdist,matmul-naive96-s1,train,matmul,matmul-naive96,0.05,2,93318,9233,0
matmul_train,global,ref+sfreq+idle+refaults+rdist,matmul-naive96-s1,train,matmul,matmul-naive96,0.05,2,694081,6506,1
matmul_train,global,ref+sfreq+age+dirty+refaults,matmul-naive96-s1,train,matmul,matmul-naive96,0.05,2,694081,5668,1
matmul_train,global,ref+sfreq+age+dirty+rdist,matmul-naive96-s1,train,matmul,matmul-naive96,0.05,2,93318,9233,0
matmul_train,global,ref+sfreq+age+refaults+rdist,matmul-naive96-s1,train,matmul,matmul-naive96,0.05,2,694081,6395,1
matmul_train,global,ref+sfreq+dirty+refaults+rdist,matmul-naive96-s1,train,matmul,matmul-naive96,0.05,2,694081,6330,1
matmul_train,global,ref+idle+age+dirty+refaults,matmul-naive96-s1,train,matmul,matmul-naive96,0.05,2,117630,9233,0
matmul_train,global,ref+idle+age+dirty+rdist,matmul-naive96-s1,train,matmul,matmul-naive96,0.05,2,93318,9233,0
matmul_train,global,ref+idle+age+refaults+rdist,matmul-naive96-s1,train,matmul,matmul-naive96,0.05,2,103115,9233,0
matmul_train,global,ref+idle+dirty+refaults+rdist,matmul-naive96-s1,train,matmul,matmul-naive96,0.05,2,105063,9233,0
matmul_train,global,ref+age+dirty+refaults+rdist,matmul-naive96-s1,train,matmul,matmul-naive96,0.05,2,101042,9233,0
matmul_train,global,aging+sfreq+idle+age+dirty,matmul-naive96-s1,train,matmul,matmul-naive96,0.05,2,93318,9233,0
matmul_train,global,aging+sfreq+idle+age+refaults,matmul-naive96-s1,train,matmul,matmul-naive96,0.05,2,115667,9233,0
matmul_train,global,aging+sfreq+idle+age+rdist,matmul-naive96-s1,train,matmul,matmul-naive96,0.05,2,93318,9233,0
matmul_train,global,aging+sfreq+idle+dirty+refaults,matmul-naive96-s1,train,matmul,matmul-naive96,0.05,2,694081,6172,1
matmul_train,global,aging+sfreq+idle+dirty+rdist,matmul-naive96-s1,train,matmul,matmul-naive96,0.05,2,93318,9233,0
matmul_train,global,aging+sfreq+idle+refaults+rdist,matmul-naive96-s1,train,matmul,matmul-naive96,0.05,2,694081,5548,1
matmul_train,global,aging+sfreq+age+dirty+refaults,matmul-naive96-s1,train,matmul,matmul-naive96,0.05,2,694081,6220,1
matmul_train,global,aging+sfreq+age+dirty+rdist,matmul-naive96-s1,train,matmul,matmul-naive96,0.05,2,93318,9233,0
matmul_train,global,aging+sfreq+age+refaults+rdist,matmul-naive96-s1,train,matmul,matmul-naive96,0.05,2,102272,9233,0
matmul_train,global,aging+sfreq+dirty+refaults+rdist,matmul-naive96-s1,train,matmul,matmul-naive96,0.05,2,694081,6380,1
matmul_train,global,aging+idle+age+dirty+refaults,matmul-naive96-s1,train,matmul,matmul-naive96,0.05,2,115987,9233,0
matmul_train,global,aging+idle+age+dirty+rdist,matmul-naive96-s1,train,matmul,matmul-naive96,0.05,2,93318,9233,0
matmul_train,global,aging+idle+age+refaults+rdist,matmul-naive96-s1,train,matmul,matmul-naive96,0.05,2,102614,9233,0
matmul_train,global,aging+idle+dirty+refaults+rdist,matmul-naive96-s1,train,matmul,matmul-naive96,0.05,2,104087,9233,0
matmul_train,global,aging+age+dirty+refaults+rdist,matmul-naive96-s1,train,matmul,matmul-naive96,0.05,2,101516,9233,0
matmul_train,global,sfreq+idle+age+dirty+refaults,matmul-naive96-s1,train,matmul,matmul-naive96,0.05,2,148191,9233,0
matmul_train,global,sfreq+idle+age+dirty+rdist,matmul-naive96-s1,train,matmul,matmul-naive96,0.05,2,93348,9233,0
matmul_train,global,sfreq+idle+age+refaults+rdist,matmul-naive96-s1,train,matmul,matmul-naive96,0.05,2,138069,9233,0
matmul_train,global,sfreq+idle+dirty+refaults+rdist,matmul-naive96-s1,train,matmul,matmul-naive96,0.05,2,694081,8295,1
matmul_train,global,sfreq+age+dirty+refaults+rdist,matmul-naive96-s1,train,matmul,matmul-naive96,0.05,2,694081,5518,1
matmul_train,global,idle+age+dirty+refaults+rdist,matmul-naive96-s1,train,matmul,matmul-naive96,0.05,2,148864,9233,0
matmul_train,global,ref+aging+sfreq+idle+age+dirty,matmul-naive96-s1,train,matmul,matmul-naive96,0.05,2,93345,9233,0
matmul_train,global,ref+aging+sfreq+idle+age+refaults,matmul-naive96-s1,train,matmul,matmul-naive96,0.05,2,113383,9233,0
matmul_train,global,ref+aging+sfreq+idle+age+rdist,matmul-naive96-s1,train,matmul,matmul-naive96,0.05,2,93327,9233,0
matmul_train,global,ref+aging+sfreq+idle+dirty+refaults,matmul-naive96-s1,train,matmul,matmul-naive96,0.05,2,694081,5546,1
matmul_train,global,ref+aging+sfreq+idle+dirty+rdist,matmul-naive96-s1,train,matmul,matmul-naive96,0.05,2,93323,9233,0
matmul_train,global,ref+aging+sfreq+idle+refaults+rdist,matmul-naive96-s1,train,matmul,matmul-naive96,0.05,2,694081,5548,1
matmul_train,global,ref+aging+sfreq+age+dirty+refaults,matmul-naive96-s1,train,matmul,matmul-naive96,0.05,2,694081,6243,1
matmul_train,global,ref+aging+sfreq+age+dirty+rdist,matmul-naive96-s1,train,matmul,matmul-naive96,0.05,2,93320,9233,0
matmul_train,global,ref+aging+sfreq+age+refaults+rdist,matmul-naive96-s1,train,matmul,matmul-naive96,0.05,2,101888,9233,0
matmul_train,global,ref+aging+sfreq+dirty+refaults+rdist,matmul-naive96-s1,train,matmul,matmul-naive96,0.05,2,694081,6354,1
matmul_train,global,ref+aging+idle+age+dirty+refaults,matmul-naive96-s1,train,matmul,matmul-naive96,0.05,2,114653,9233,0
matmul_train,global,ref+aging+idle+age+dirty+rdist,matmul-naive96-s1,train,matmul,matmul-naive96,0.05,2,93327,9233,0
matmul_train,global,ref+aging+idle+age+refaults+rdist,matmul-naive96-s1,train,matmul,matmul-naive96,0.05,2,102614,9233,0
matmul_train,global,ref+aging+idle+dirty+refaults+rdist,matmul-naive96-s1,train,matmul,matmul-naive96,0.05,2,104100,9233,0
matmul_train,global,ref+aging+age+dirty+refaults+rdist,matmul-naive96-s1,train,matmul,matmul-naive96,0.05,2,101626,9233,0
matmul_train,global,ref+sfreq+idle+age+dirty+refaults,matmul-naive96-s1,train,matmul,matmul-naive96,0.05,2,123357,9233,0
matmul_train,global,ref+sfreq+idle+age+dirty+rdist,matmul-naive96-s1,train,matmul,matmul-naive96,0.05,2,93318,9233,0
matmul_train,global,ref+sfreq+idle+age+refaults+rdist,matmul-naive96-s1,train,matmul,matmul-naive96,0.05,2,102661,9233,0
matmul_train,global,ref+sfreq+idle+dirty+refaults+rdist,matmul-naive96-s1,train,matmul,matmul-naive96,0.05,2,694081,6432,1
matmul_train,global,ref+sfreq+age+dirty+refaults+rdist,matmul-naive96-s1,train,matmul,matmul-naive96,0.05,2,694081,6350,1
matmul_train,global,ref+idle+age+dirty+refaults+rdist,matmul-naive96-s1,train,matmul,matmul-naive96,0.05,2,102706,9233,0
matmul_train,global,aging+sfreq+idle+age+dirty+refaults,matmul-naive96-s1,train,matmul,matmul-naive96,0.05,2,115522,9233,0
matmul_train,global,aging+sfreq+idle+age+dirty+rdist,matmul-naive96-s1,train,matmul,matmul-naive96,0.05,2,93318,9233,0
matmul_train,global,aging+sfreq+idle+age+refaults+rdist,matmul-naive96-s1,train,matmul,matmul-naive96,0.05,2,101556,9233,0
matmul_train,global,aging+sfreq+idle+dirty+refaults+rdist,matmul-naive96-s1,train,matmul,matmul-naive96,0.05,2,694081,5548,1
matmul_train,global,aging+sfreq+age+dirty+refaults+rdist,matmul-naive96-s1,train,matmul,matmul-naive96,0.05,2,694081,7438,1
matmul_train,global,aging+idle+age+dirty+refaults+rdist,matmul-naive96-s1,train,matmul,matmul-naive96,0.05,2,102281,9233,0
matmul_train,global,sfreq+idle+age+dirty+refaults+rdist,matmul-naive96-s1,train,matmul,matmul-naive96,0.05,2,138649,9233,0
matmul_train,global,ref+aging+sfreq+idle+age+dirty+refaults,matmul-naive96-s1,train,matmul,matmul-naive96,0.05,2,113176,9233,0
matmul_train,global,ref+aging+sfreq+idle+age+dirty+rdist,matmul-naive96-s1,train,matmul,matmul-naive96,0.05,2,93323,9233,0
matmul_train,global,ref+aging+sfreq+idle+age+refaults+rdist,matmul-naive96-s1,train,matmul,matmul-naive96,0.05,2,101173,9233,0
matmul_train,global,ref+aging+sfreq+idle+dirty+refaults+rdist,matmul-naive96-s1,train,matmul,matmul-naive96,0.05,2,694081,5548,1
matmul_train,global,ref+aging+sfreq+age+dirty+refaults+rdist,matmul-naive96-s1,train,matmul,matmul-naive96,0.05,2,101626,9233,0
matmul_train,global,ref+aging+idle+age+dirty+refaults+rdist,matmul-naive96-s1,train,matmul,matmul-naive96,0.05,2,102290,9233,0
matmul_train,global,ref+sfreq+idle+age+dirty+refaults+rdist,matmul-naive96-s1,train,matmul,matmul-naive96,0.05,2,102243,9233,0
matmul_train,global,aging+sfreq+idle+age+dirty+refaults+rdist,matmul-naive96-s1,train,matmul,matmul-naive96,0.05,2,101252,9233,0
matmul_train,global,ref+aging+sfreq+idle+age+dirty+refaults+rdist,matmul-naive96-s1,train,matmul,matmul-naive96,0.05,2,100882,9233,0
matmul_train,global,rec+ref+aging+sfreq+idle+age+dirty,matmul-naive96-s1,train,matmul,matmul-naive96,0.05,2,111019,9233,0
matmul_train,global,rec+ref+aging+sfreq+idle+age+dirty+refaults+rdist,matmul-naive96-s1,train,matmul,matmul-naive96,0.05,2,162232,9233,0
matmul_train,global,freq+ref+aging+sfreq+idle+age+dirty,matmul-naive96-s1,train,matmul,matmul-naive96,0.05,2,99374,9233,0
matmul_train,global,freq+ref+aging+sfreq+idle+age+dirty+refaults+rdist,matmul-naive96-s1,train,matmul,matmul-naive96,0.05,2,98214,9233,0
matmul_train,global,sd+ref+aging+sfreq+idle+age+dirty,matmul-naive96-s1,train,matmul,matmul-naive96,0.05,2,93315,9233,0
matmul_train,global,sd+ref+aging+sfreq+idle+age+dirty+refaults+rdist,matmul-naive96-s1,train,matmul,matmul-naive96,0.05,2,97622,9233,0
matmul_train,global,wr+ref+aging+sfreq+idle+age+dirty,matmul-naive96-s1,train,matmul,matmul-naive96,0.05,2,93345,9233,0
matmul_train,global,wr+ref+aging+sfreq+idle+age+dirty+refaults+rdist,matmul-naive96-s1,train,matmul,matmul-naive96,0.05,2,100954,9233,0
matmul_train,global,rec+freq+ref+aging+sfreq+idle+age+dirty,matmul-naive96-s1,train,matmul,matmul-naive96,0.05,2,191321,9233,0
matmul_train,global,rec+freq+ref+aging+sfreq+idle+age+dirty+refaults+rdist,matmul-naive96-s1,train,matmul,matmul-naive96,0.05,2,176294,9233,0
matmul_train,global,rec+sd+ref+aging+sfreq+idle+age+dirty,matmul-naive96-s1,train,matmul,matmul-naive96,0.05,2,146613,9233,0
matmul_train,global,rec+sd+ref+aging+sfreq+idle+age+dirty+refaults+rdist,matmul-naive96-s1,train,matmul,matmul-naive96,0.05,2,694081,5967,1
matmul_train,global,rec+wr+ref+aging+sfreq+idle+age+dirty,matmul-naive96-s1,train,matmul,matmul-naive96,0.05,2,111017,9233,0
matmul_train,global,rec+wr+ref+aging+sfreq+idle+age+dirty+refaults+rdist,matmul-naive96-s1,train,matmul,matmul-naive96,0.05,2,161593,9233,0
matmul_train,global,freq+sd+ref+aging+sfreq+idle+age+dirty,matmul-naive96-s1,train,matmul,matmul-naive96,0.05,2,95036,9233,0
matmul_train,global,freq+sd+ref+aging+sfreq+idle+age+dirty+refaults+rdist,matmul-naive96-s1,train,matmul,matmul-naive96,0.05,2,694081,6510,1
matmul_train,global,freq+wr+ref+aging+sfreq+idle+age+dirty,matmul-naive96-s1,train,matmul,matmul-naive96,0.05,2,99374,9233,0
matmul_train,global,freq+wr+ref+aging+sfreq+idle+age+dirty+refaults+rdist,matmul-naive96-s1,train,matmul,matmul-naive96,0.05,2,98226,9233,0
matmul_train,global,sd+wr+ref+aging+sfreq+idle+age+dirty,matmul-naive96-s1,train,matmul,matmul-naive96,0.05,2,93315,9233,0
matmul_train,global,sd+wr+ref+aging+sfreq+idle+age+dirty+refaults+rdist,matmul-naive96-s1,train,matmul,matmul-naive96,0.05,2,97618,9233,0
matmul_train,global,rec+freq+sd+ref+aging+sfreq+idle+age+dirty,matmul-naive96-s1,train,matmul,matmul-naive96,0.05,2,201197,9233,0
matmul_train,global,rec+freq+sd+ref+aging+sfreq+idle+age+dirty+refaults+rdist,matmul-naive96-s1,train,matmul,matmul-naive96,0.05,2,694081,6448,1
matmul_train,global,rec+freq+wr+ref+aging+sfreq+idle+age+dirty,matmul-naive96-s1,train,matmul,matmul-naive96,0.05,2,191374,9233,0
matmul_train,global,rec+freq+wr+ref+aging+sfreq+idle+age+dirty+refaults+rdist,matmul-naive96-s1,train,matmul,matmul-naive96,0.05,2,175938,9233,0
matmul_train,global,rec+sd+wr+ref+aging+sfreq+idle+age+dirty,matmul-naive96-s1,train,matmul,matmul-naive96,0.05,2,146787,9233,0
matmul_train,global,rec+sd+wr+ref+aging+sfreq+idle+age+dirty+refaults+rdist,matmul-naive96-s1,train,matmul,matmul-naive96,0.05,2,694081,6019,1
matmul_train,global,freq+sd+wr+ref+aging+sfreq+idle+age+dirty,matmul-naive96-s1,train,matmul,matmul-naive96,0.05,2,95006,9233,0
matmul_train,global,freq+sd+wr+ref+aging+sfreq+idle+age+dirty+refaults+rdist,matmul-naive96-s1,train,matmul,matmul-naive96,0.05,2,694081,6512,1
matmul_train,global,rec+freq+sd+wr+ref+aging+sfreq+idle+age+dirty,matmul-naive96-s1,train,matmul,matmul-naive96,0.05,2,202286,9233,0
matmul_train,global,rec+freq+sd+wr+ref+aging+sfreq+idle+age+dirty+refaults+rdist,matmul-naive96-s1,train,matmul,matmul-naive96,0.05,2,694081,6395,1
matmul_train,matmul,rec,matmul-naive96-s1,train,matmul,matmul-naive96,0.1,3,93309,9233,0
matmul_train,matmul,freq,matmul-naive96-s1,train,matmul,matmul-naive96,0.1,3,619186,5052,1
matmul_train,matmul,sd,matmul-naive96-s1,train,matmul,matmul-naive96,0.1,3,93309,9233,0
matmul_train,matmul,wr,matmul-naive96-s1,train,matmul,matmul-naive96,0.1,3,120957,9233,0
matmul_train,matmul,rec+freq,matmul-naive96-s1,train,matmul,matmul-naive96,0.1,3,93892,9233,0
matmul_train,matmul,rec+sd,matmul-naive96-s1,train,matmul,matmul-naive96,0.1,3,93309,9233,0
matmul_train,matmul,rec+wr,matmul-naive96-s1,train,matmul,matmul-naive96,0.1,3,93309,9233,0
matmul_train,matmul,freq+sd,matmul-naive96-s1,train,matmul,matmul-naive96,0.1,3,93400,9233,0
matmul_train,matmul,freq+wr,matmul-naive96-s1,train,matmul,matmul-naive96,0.1,3,619186,5052,1
matmul_train,matmul,sd+wr,matmul-naive96-s1,train,matmul,matmul-naive96,0.1,3,93309,9233,0
matmul_train,matmul,rec+freq+sd,matmul-naive96-s1,train,matmul,matmul-naive96,0.1,3,93346,9233,0
matmul_train,matmul,rec+freq+wr,matmul-naive96-s1,train,matmul,matmul-naive96,0.1,3,93309,9233,0
matmul_train,matmul,rec+sd+wr,matmul-naive96-s1,train,matmul,matmul-naive96,0.1,3,93309,9233,0
matmul_train,matmul,freq+sd+wr,matmul-naive96-s1,train,matmul,matmul-naive96,0.1,3,93309,9233,0
matmul_train,matmul,rec+freq+sd+wr,matmul-naive96-s1,train,matmul,matmul-naive96,0.1,3,93309,9233,0
matmul_train,matmul,ref,matmul-naive96-s1,train,matmul,matmul-naive96,0.1,3,93310,9233,0
matmul_train,matmul,aging,matmul-naive96-s1,train,matmul,matmul-naive96,0.1,3,93310,9233,0
matmul_train,matmul,sfreq,matmul-naive96-s1,train,matmul,matmul-naive96,0.1,3,619186,4585,1
matmul_train,matmul,idle,matmul-naive96-s1,train,matmul,matmul-naive96,0.1,3,93310,9233,0
matmul_train,matmul,age,matmul-naive96-s1,train,matmul,matmul-naive96,0.1,3,619186,4130,1
matmul_train,matmul,dirty,matmul-naive96-s1,train,matmul,matmul-naive96,0.1,3,120957,9233,0
matmul_train,matmul,refaults,matmul-naive96-s1,train,matmul,matmul-naive96,0.1,3,290283,25,0
matmul_train,matmul,rdist,matmul-naive96-s1,train,matmul,matmul-naive96,0.1,3,290283,25,0
matmul_train,matmul,ref+aging,matmul-naive96-s1,train,matmul,matmul-naive96,0.1,3,93310,9233,0
matmul_train,matmul,ref+sfreq,matmul-naive96-s1,train,matmul,matmul-naive96,0.1,3,619186,5164,1
matmul_train,matmul,ref+idle,matmul-naive96-s1,train,matmul,matmul-naive96,0.1,3,93310,9233,0
matmul_train,matmul,ref+age,matmul-naive96-s1,train,matmul,matmul-naive96,0.1,3,619186,5164,1
matmul_train,matmul,ref+dirty,matmul-naive96-s1,train,matmul,matmul-naive96,0.1,3,93310,9233,0
matmul_train,matmul,ref+refaults,matmul-naive96-s1,train,matmul,matmul-naive96,0.1,3,93310,9233,0
matmul_train,matmul,ref+rdist,matmul-naive96-s1,train,matmul,matmul-naive96,0.1,3,290283,25,0
matmul_train,matmul,aging+sfreq,matmul-naive96-s1,train,matmul,matmul-naive96,0.1,3,619186,5164,1
matmul_train,matmul,aging+idle,matmul-naive96-s1,train,matmul,matmul-naive96,0.1,3,93310,9233,0
matmul_train,matmul,aging+age,matmul-naive96-s1,train,matmul,matmul-naive96,0.1,3,619186,5164,1
matmul_train,matmul,aging+dirty,matmul-naive96-s1,train,matmul,matmul-naive96,0.1,3,93310,9233,0
matmul_train,matmul,aging+refaults,matmul-naive96-s1,train,matmul,matmul-naive96,0.1,3,93310,9233,0
matmul_train,matmul,aging+rdist,matmul-naive96-s1,train,matmul,matmul-naive96,0.1,3,90651,7315,0
matmul_train,matmul,sfreq+idle,matmul-naive96-s1,train,matmul,matmul-naive96,0.1,3,93025,9233,0
matmul_train,matmul,sfreq+age,matmul-naive96-s1,train,matmul,matmul-naive96,0.1,3,619186,5164,1
matmul_train,matmul,sfreq+dirty,matmul-naive96-s1,train,matmul,matmul-naive96,0.1,3,619186,4585,1
matmul_train,matmul,sfreq+refaults,matmul-naive96-s1,train,matmul,matmul-naive96,0.1,3,619186,4585,1
matmul_train,matmul,sfreq+rdist,matmul-naive96-s1,train,matmul,matmul-naive96,0.1,3,619186,4130,1
matmul_train,matmul,idle+age,matmul-naive96-s1,train,matmul,matmul-naive96,0.1,3,93025,9233,0
matmul_train,matmul,idle+dirty,matmul-naive96-s1,train,matmul,matmul-naive96,0.1,3,93310,9233,0
matmul_train,matmul,idle+refaults,matmul-naive96-s1,train,matmul,matmul-naive96,0.1,3,93310,9233,0
matmul_train,matmul,idle+rdist,matmul-naive96-s1,train,matmul,matmul-naive96,0.1,3,90930,7315,0
matmul_train,matmul,age+dirty,matmul-naive96-s1,train,matmul,matmul-naive96,0.1,3,619186,4130,1
matmul_train,matmul,age+refaults,matmul-naive96-s1,train,matmul,matmul-naive96,0.1,3,619186,4130,1
matmul_train,matmul,age+rdist,matmul-naive96-s1,train,matmul,matmul-naive96,0.1,3,619186,4130,1
matmul_train,matmul,dirty+refaults,matmul-naive96-s1,train,matmul,matmul-naive96,0.1,3,238370,9231,0
matmul_train,matmul,dirty+rdist,matmul-naive96-s1,train,matmul,matmul-naive96,0.1,3,238370,9231,0
matmul_train,matmul,refaults+rdist,matmul-naive96-s1,train,matmul,matmul-naive96,0.1,3,290283,25,0
matmul_train,matmul,ref+aging+sfreq,matmul-naive96-s1,train,matmul,matmul-naive96,0.1,3,93310,9233,0
matmul_train,matmul,ref+aging+idle,matmul-naive96-s1,train,matmul,matmul-naive96,0.1,3,93310,9233,0
matmul_train,matmul,ref+aging+age,matmul-naive96-s1,train,matmul,matmul-naive96,0.1,3,93310,9233,0
matmul_train,matmul,ref+aging+dirty,matmul-naive96-s1,train,matmul,matmul-naive96,0.1,3,93310,9233,0
matmul_train,matmul,ref+aging+refaults,matmul-naive96-s1,train,matmul,matmul-naive96,0.1,3,93310,9233,0
matmul_train,matmul,ref+aging+rdist,matmul-naive96-s1,train,matmul,matmul-naive96,0.1,3,90991,7315,0
matmul_train,matmul,ref+sfreq+idle,matmul-naive96-s1,train,matmul,matmul-naive96,0.1,3,93310,9233,0
matmul_train,matmul,ref+sfreq+age,matmul-naive96-s1,train,matmul,matmul-naive96,0.1,3,619186,5164,1
matmul_train,matmul,ref+sfreq+dirty,matmul-naive96-s1,train,matmul,matmul-naive96,0.1,3,619186,5164,1
matmul_train,matmul,ref+sfreq+refaults,matmul-naive96-s1,train,matmul,matmul-naive96,0.1,3,619186,5163,1
matmul_train,matmul,ref+sfreq+rdist,matmul-naive96-s1,train,matmul,matmul-naive96,0.1,3,619186,2586,1
matmul_train,matmul,ref+idle+age,matmul-naive96-s1,train,matmul,matmul-naive96,0.1,3,93310,9233,0
matmul_train,matmul,ref+idle+dirty,matmul-naive96-s1,train,matmul,matmul-naive96,0.1,3,93310,9233,0
matmul_train,matmul,ref+idle+refaults,matmul-naive96-s1,train,matmul,matmul-naive96,0.1,3,93310,9233,0
matmul_train,matmul,ref+idle+rdist,matmul-naive96-s1,train,matmul,matmul-naive96,0.1,3,92845,9233,0
matmul_train,matmul,ref+age+dirty,matmul-naive96-s1,train,matmul,matmul-naive96,0.1,3,619186,5164,1
matmul_train,matmul,ref+age+refaults,matmul-naive96-s1,train,matmul,matmul-naive96,0.1,3,619186,5164,1
matmul_train,matmul,ref+age+rdist,matmul-naive96-s1,train,matmul,matmul-naive96,0.1,3,619186,2601,1
matmul_train,matmul,ref+dirty+refaults,matmul-naive96-s1,train,matmul,matmul-naive96,0.1,3,92550,9231,0
matmul_train,matmul,ref+dirty+rdist,matmul-naive96-s1,train,matmul,matmul-naive96,0.1,3,238370,9231,0
matmul_train,matmul,ref+refaults+rdist,matmul-naive96-s1,train,matmul,matmul-naive96,0.1,3,290283,25,0
matmul_train,matmul,aging+sfreq+idle,matmul-naive96-s1,train,matmul,matmul-naive96,0.1,3,619186,5164,1
matmul_train,matmul,aging+sfreq+age,matmul-naive96-s1,train,matmul,matmul-naive96,0.1,3,93310,9233,0
matmul_train,matmul,aging+sfreq+dirty,matmul-naive96-s1,train,matmul,matmul-naive96,0.1,3,619186,5164,1
matmul_train,matmul,aging+sfreq+refaults,matmul-naive96-s1,train,matmul,matmul-naive96,0.1,3,619186,5239,1
matmul_train,matmul,aging+sfreq+rdist,matmul-naive96-s1,train,matmul,matmul-naive96,0.1,3,619186,2586,1
matmul_train,matmul,aging+idle+age,matmul-naive96-s1,train,matmul,matmul-naive96,0.1,3,619186,5164,1
matmul_train,matmul,aging+idle+dirty,matmul-naive96-s1,train,matmul,matmul-naive96,0.1,3,93310,9233,0
matmul_train,matmul,aging+idle+refaults,matmul-naive96-s1,train,matmul,matmul-naive96,0.1,3,93310,9233,0
matmul_train,matmul,aging+idle+rdist,matmul-naive96-s1,train,matmul,matmul-naive96,0.1,3,90651,7315,0
matmul_train,matmul,aging+age+dirty,matmul-naive96-s1,train,matmul,matmul-naive96,0.1,3,619186,5164,1
matmul_train,matmul,aging+age+refaults,matmul-naive96-s1,train,matmul,matmul-naive96,0.1,3,619186,5163,1
matmul_train,matmul,aging+age+rdist,matmul-naive96-s1,train,matmul,matmul-naive96,0.1,3,619186,2586,1
matmul_train,matmul,aging+dirty+refaults,matmul-naive96-s1,train,matmul,matmul-naive96,0.1,3,93310,9233,0
matmul_train,matmul,aging+dirty+rdist,matmul-naive96-s1,train,matmul,matmul-naive96,0.1,3,99834,7313,0
matmul_train,matmul,aging+refaults+rdist,matmul-naive96-s1,train,matmul,matmul-naive96,0.1,3,103692,3222,0
matmul_train,matmul,sfreq+idle+age,matmul-naive96-s1,train,matmul,matmul-naive96,0.1,3,93310,9233,0
matmul_train,matmul,sfreq+idle+dirty,matmul-naive96-s1,train,matmul,matmul-naive96,0.1,3,93025,9233,0
matmul_train,matmul,sfreq+idle+refaults,matmul-naive96-s1,train,matmul,matmul-naive96,0.1,3,93689,9233,0
matmul_train,matmul,sfreq+idle+rdist,matmul-naive96-s1,train,matmul,matmul-naive96,0.1,3,90261,7314,0
matmul_train,matmul,sfreq+age+dirty,matmul-naive96-s1,train,matmul,matmul-naive96,0.1,3,619186,5164,1
matmul_train,matmul,sfreq+age+refaults,matmul-naive96-s1,train,matmul,matmul-naive96,0.1,3,619186,5161,1
matmul_train,matmul,sfreq+age+rdist,matmul-naive96-s1,train,matmul,matmul-naive96,0.1,3,619186,2586,1
matmul_train,matmul,sfreq+dirty+refaults,matmul-naive96-s1,train,matmul,matmul-naive96,0.1,3,619186,4585,1
matmul_train,matmul,sfreq+dirty+rdist,matmul-naive96-s1,train,matmul,matmul-naive96,0.1,3,619186,4130,1
matmul_train,matmul,sfreq+refaults+rdist,matmul-naive96-s1,train,matmul,matmul-naive96,0.1,3,619186,4130,1
matmul_train,matmul,idle+age+dirty,matmul-naive96-s1,train,matmul,matmul-naive96,0.1,3,93025,9233,0
matmul_train,matmul,idle+age+refaults,matmul-naive96-s1,train,matmul,matmul-naive96,0.1,3,93345,9233,0
matmul_train,matmul,idle+age+rdist,matmul-naive96-s1,train,matmul,matmul-naive96,0.1,3,90261,7314,0
matmul_train,matmul,idle+dirty+refaults,matmul-naive96-s1,train,matmul,matmul-naive96,0.1,3,93310,9233,0
matmul_train,matmul,idle+dirty+rdist,matmul-naive96-s1,train,matmul,matmul-naive96,0.1,3,91412,9231,0
matmul_train,matmul,idle+refaults+rdist,matmul-naive96-s1,train,matmul,matmul-naive96,0.1,3,87803,4246,0
matmul_train,matmul,age+dirty+refaults,matmul-naive96-s1,train,matmul,matmul-naive96,0.1,3,619186,4130,1
matmul_train,matmul,age+dirty+rdist,matmul-naive96-s1,train,matmul,matmul-naive96,0.1,3,619186,4130,1
matmul_train,matmul,age+refaults+rdist,matmul-naive96-s1,train,matmul,matmul-naive96,0.1,3,619186,4130,1
matmul_train,matmul,dirty+refaults+rdist,matmul-naive96-s1,train,matmul,matmul-naive96,0.1,3,238370,9231,0
matmul_train,matmul,ref+aging+sfreq+idle,matmul-naive96-s1,train,matmul,matmul-naive96,0.1,3,619186,9046,1
matmul_train,matmul,ref+aging+sfreq+age,matmul-naive96-s1,train,matmul,matmul-naive96,0.1,3,93310,9233,0
matmul_train,matmul,ref+aging+sfreq+dirty,matmul-naive96-s1,train,matmul,matmul-naive96,0.1,3,93310,9233,0
matmul_train,matmul,ref+aging+sfreq+refaults,matmul-naive96-s1,train,matmul,matmul-naive96,0.1,3,93340,9233,0
matmul_train,matmul,ref+aging+sfreq+rdist,matmul-naive96-s1,train,matmul,matmul-naive96,0.1,3,619186,6133,1
matmul_train,matmul,ref+aging+idle+age,matmul-naive96-s1,train,matmul,matmul-naive96,0.1,3,93310,9233,0
matmul_train,matmul,ref+aging+idle+dirty,matmul-naive96-s1,train,matmul,matmul-naive96,0.1,3,93310,9233,0
matmul_train,matmul,ref+aging+idle+refaults,matmul-naive96-s1,train,matmul,matmul-naive96,0.1,3,93310,9233,0
matmul_train,matmul,ref+aging+idle+rdist,matmul-naive96-s1,train,matmul,matmul-naive96,0.1,3,91261,7313,0
matmul_train,matmul,ref+aging+age+dirty,matmul-naive96-s1,train,matmul,matmul-naive96,0.1,3,93310,9233,0
matmul_train,matmul,ref+aging+age+refaults,matmul-naive96-s1,train,matmul,matmul-naive96,0.1,3,93369,9233,0
matmul_train,matmul,ref+aging+age+rdist,matmul-naive96-s1,train,matmul,matmul-naive96,0.1,3,90266,7313,0
matmul_train,matmul,ref+aging+dirty+refaults,matmul-naive96-s1,train,matmul,matmul-naive96,0.1,3,93310,9233,0
matmul_train,matmul,ref+aging+dirty+rdist,matmul-naive96-s1,train,matmul,matmul-naive96,0.1,3,91952,9233,0
matmul_train,matmul,ref+aging+refaults+rdist,matmul-naive96-s1,train,matmul,matmul-naive96,0.1,3,90705,7314,0
matmul_train,matmul,ref+sfreq+idle+age,matmul-naive96-s1,train,matmul,matmul-naive96,0.1,3,93310,9233,0
matmul_train,matmul,ref+sfreq+idle+dirty,matmul-naive96-s1,train,matmul,matmul-naive96,0.1,3,93310,9233,0
matmul_train,matmul,ref+sfreq+idle+refaults,matmul-naive96-s1,train,matmul,matmul-naive96,0.1,3,93340,9233,0
matmul_train,matmul,ref+sfreq+idle+rdist,matmul-naive96-s1,train,matmul,matmul-naive96,0.1,3,92179,9232,0
matmul_train,matmul,ref+sfreq+age+dirty,matmul-naive96-s1,train,matmul,matmul-naive96,0.1,3,619186,5164,1
matmul_train,matmul,ref+sfreq+age+refaults,matmul-naive96-s1,train,matmul,matmul-naive96,0.1,3,619186,4461,1
matmul_train,matmul,ref+sfreq+age+rdist,matmul-naive96-s1,train,matmul,matmul-naive96,0.1,3,619186,2601,1
matmul_train,matmul,ref+sfreq+dirty+refaults,matmul-naive96-s1,train,matmul,matmul-naive96,0.1,3,619186,5163,1
matmul_train,matmul,ref+sfreq+dirty+rdist,matmul-naive96-s1,train,matmul,matmul-naive96,0.1,3,619186,4104,1
matmul_train,matmul,ref+sfreq+refaults+rdist,matmul-naive96-s1,train,matmul,matmul-naive96,0.1,3,619186,2586,1
matmul_train,matmul,ref+idle+age+dirty,matmul-naive96-s1,train,matmul,matmul-naive96,0.1,3,93310,9233,0
matmul_train,matmul,ref+idle+age+refaults,matmul-naive96-s1,train,matmul,matmul-naive96,0.1,3,93369,9233,0
matmul_train,matmul,ref+idle+age+rdist,matmul-naive96-s1,train,matmul,matmul-naive96,0.1,3,90261,7314,0
matmul_train,matmul,ref+idle+dirty+refaults,matmul-naive96-s1,train,matmul,matmul-naive96,0.1,3,93310,9233,0
matmul_train,matmul,ref+idle+dirty+rdist,matmul-naive96-s1,train,matmul,matmul-naive96,0.1,3,92847,9233,0
matmul_train,matmul,ref+idle+refaults+rdist,matmul-naive96-s1,train,matmul,matmul-naive96,0.1,3,90686,7315,0
matmul_train,matmul,ref+age+dirty+refaults,matmul-naive96-s1,train,matmul,matmul-naive96,0.1,3,619186,5164,1
matmul_train,matmul,ref+age+dirty+rdist,matmul-naive96-s1,train,matmul,matmul-naive96,0.1,3,619186,4104,1
matmul_train,matmul,ref+age+refaults+rdist,matmul-naive96-s1,train,matmul,matmul-naive96,0.1,3,619186,2601,1
matmul_train,matmul,ref+dirty+refaults+rdist,matmul-naive96-s1,train,matmul,matmul-naive96,0.1,3,238370,9231,0
matmul_train,matmul,aging+sfreq+idle+age,matmul-naive96-s1,train,matmul,matmul-naive96,0.1,3,93310,9233,0
matmul_train,matmul,aging+sfreq+idle+dirty,matmul-naive96-s1,train,matmul,matmul-naive96,0.1,3,93025,9233,0
matmul_train,matmul,aging+sfreq+idle+refaults,matmul-naive96-s1,train,matmul,matmul-naive96,0.1,3,619186,7651,1
matmul_train,matmul,aging+sfreq+idle+rdist,matmul-naive96-s1,train,matmul,matmul-naive96,0.1,3,619186,2586,1
matmul_train,matmul,aging+sfreq+age+dirty,matmul-naive96-s1,train,matmul,matmul-naive96,0.1,3,93310,9233,0
matmul_train,matmul,aging+sfreq+age+refaults,matmul-naive96-s1,train,matmul,matmul-naive96,0.1,3,85247,9233,0
matmul_train,matmul,aging+sfreq+age+rdist,matmul-naive96-s1,train,matmul,matmul-naive96,0.1,3,619186,2601,1
matmul_train,matmul,aging+sfreq+dirty+refaults,matmul-naive96-s1,train,matmul,matmul-naive96,0.1,3,619186,5163,1
matmul_train,matmul,aging+sfreq+dirty+rdist,matmul-naive96-s1,train,matmul,matmul-naive96,0.1,3,619186,4104,1
matmul_train,matmul,aging+sfreq+refaults+rdist,matmul-naive96-s1,train,matmul,matmul-naive96,0.1,3,619186,4576,1
matmul_train,matmul,aging+idle+age+dirty,matmul-naive96-s1,train,matmul,matmul-naive96,0.1,3,93025,9233,0
matmul_train,matmul,aging+idle+age+refaults,matmul-naive96-s1,train,matmul,matmul-naive96,0.1,3,94766,9233,0
matmul_train,matmul,aging+idle+age+rdist,matmul-naive96-s1,train,matmul,matmul-naive96,0.1,3,619186,2586,1
matmul_train,matmul,aging+idle+dirty+refaults,matmul-naive96-s1,train,matmul,matmul-naive96,0.1,3,93310,9233,0
matmul_train,matmul,aging+idle+dirty+rdist,matmul-naive96-s1,train,matmul,matmul-naive96,0.1,3,92178,9232,0
matmul_train,matmul,aging+idle+refaults+rdist,matmul-naive96-s1,train,matmul,matmul-naive96,0.1,3,619186,47,1
matmul_train,matmul,aging+age+dirty+refaults,matmul-naive96-s1,train,matmul,matmul-naive96,0.1,3,619186,5164,1
matmul_train,matmul,aging+age+dirty+rdist,matmul-naive96-s1,train,matmul,matmul-naive96,0.1,3,619186,4104,1
matmul_train,matmul,aging+age+refaults+rdist,matmul-naive96-s1,train,matmul,matmul-naive96,0.1,3,619186,4576,1
matmul_train,matmul,aging+dirty+refaults+rdist,matmul-naive96-s1,train,matmul,matmul-naive96,0.1,3,236452,7313,0
matmul_train,matmul,sfreq+idle+age+dirty,matmul-naive96-s1,train,matmul,matmul-naive96,0.1,3,93310,9233,0
matmul_train,matmul,sfreq+idle+age+refaults,matmul-naive96-s1,train,matmul,matmul-naive96,0.1,3,93466,9233,0
matmul_train,matmul,sfreq+idle+age+rdist,matmul-naive96-s1,train,matmul,matmul-naive96,0.1,3,86392,26,0
matmul_train,matmul,sfreq+idle+dirty+refaults,matmul-naive96-s1,train,matmul,matmul-naive96,0.1,3,93739,9233,0
matmul_train,matmul,sfreq+idle+dirty+rdist,matmul-naive96-s1,train,matmul,matmul-naive96,0.1,3,92182,9232,0
matmul_train,matmul,sfreq+idle+refaults+rdist,matmul-naive96-s1,train,matmul,matmul-naive96,0.1,3,92179,9232,0
matmul_train,matmul,sfreq+age+dirty+refaults,matmul-naive96-s1,train,matmul,matmul-naive96,0.1,3,619186,5162,1
matmul_train,matmul,sfreq+age+dirty+rdist,matmul-naive96-s1,train,matmul,matmul-naive96,0.1,3,619186,4104,1
matmul_train,matmul,sfreq+age+refaults+rdist,matmul-naive96-s1,train,matmul,matmul-naive96,0.1,3,619186,4575,1
matmul_train,matmul,sfreq+dirty+refaults+rdist,matmul-naive96-s1,train,matmul,matmul-naive96,0.1,3,619186,4130,1
matmul_train,matmul,idle+age+dirty+refaults,matmul-naive96-s1,train,matmul,matmul-naive96,0.1,3,93418,9233,0
matmul_train,matmul,idle+age+dirty+rdist,matmul-naive96-s1,train,matmul,matmul-naive96,0.1,3,92182,9232,0
matmul_train,matmul,idle+age+refaults+rdist,matmul-naive96-s1,train,matmul,matmul-naive96,0.1,3,92179,9232,0
matmul_train,matmul,idle+dirty+refaults+rdist,matmul-naive96-s1,train,matmul,matmul-naive96,0.1,3,89306,7314,0
matmul_train,matmul,age+dirty+refaults+rdist,matmul-naive96-s1,train,matmul,matmul-naive96,0.1,3,619186,4130,1
matmul_train,matmul,ref+aging+sfreq+idle+age,matmul-naive96-s1,train,matmul,matmul-naive96,0.1,3,93310,9233,0
matmul_train,matmul,ref+aging+sfreq+idle+dirty,matmul-naive96-s1,train,matmul,matmul-naive96,0.1,3,93310,9233,0
matmul_train,matmul,ref+aging+sfreq+idle+refaults,matmul-naive96-s1,train,matmul,matmul-naive96,0.1,3,619186,9032,1
matmul_train,matmul,ref+aging+sfreq+idle+rdist,matmul-naive96-s1,train,matmul,matmul-naive96,0.1,3,113530,9233,0
matmul_train,matmul,ref+aging+sfreq+age+dirty,matmul-naive96-s1,train,matmul,matmul-naive96,0.1,3,93311,9233,0
matmul_train,matmul,ref+aging+sfreq+age+refaults,matmul-naive96-s1,train,matmul,matmul-naive96,0.1,3,93392,9233,0
matmul_train,matmul,ref+aging+sfreq+age+rdist,matmul-naive96-s1,train,matmul,matmul-naive96,0.1,3,92659,8209,0
matmul_train,matmul,ref+aging+sfreq+dirty+refaults,matmul-naive96-s1,train,matmul,matmul-naive96,0.1,3,93358,9233,0
matmul_train,matmul,ref+aging+sfreq+dirty+rdist,matmul-naive96-s1,train,matmul,matmul-naive96,0.1,3,92181,9231,0
matmul_train,matmul,ref+aging+sfreq+refaults+rdist,matmul-naive96-s1,train,matmul,matmul-naive96,0.1,3,619186,6133,1
matmul_train,matmul,ref+aging+idle+age+dirty,matmul-naive96-s1,train,matmul,matmul-naive96,0.1,3,93310,9233,0
matmul_train,matmul,ref+aging+idle+age+refaults,matmul-naive96-s1,train,matmul,matmul-naive96,0.1,3,619186,9038,1
matmul_train,matmul,ref+aging+idle+age+rdist,matmul-naive96-s1,train,matmul,matmul-naive96,0.1,3,113530,9233,0
matmul_train,matmul,ref+aging+idle+dirty+refaults,matmul-naive96-s1,train,matmul,matmul-naive96,0.1,3,93310,9233,0
matmul_train,matmul,ref+aging+idle+dirty+rdist,matmul-naive96-s1,train,matmul,matmul-naive96,0.1,3,91506,9232,0
matmul_train,matmul,ref+aging+idle+refaults+rdist,matmul-naive96-s1,train,matmul,matmul-naive96,0.1,3,85858,1270,0
matmul_train,matmul,ref+aging+age+dirty+refaults,matmul-naive96-s1,train,matmul,matmul-naive96,0.1,3,93541,9233,0
matmul_train,matmul,ref+aging+age+dirty+rdist,matmul-naive96-s1,train,matmul,matmul-naive96,0.1,3,92181,9231,0
matmul_train,matmul,ref+aging+age+refaults+rdist,matmul-naive96-s1,train,matmul,matmul-naive96,0.1,3,619186,6133,1
matmul_train,matmul,ref+aging+dirty+refaults+rdist,matmul-naive96-s1,train,matmul,matmul-naive96,0.1,3,90401,7314,0
matmul_train,matmul,ref+sfreq+idle+age+dirty,matmul-naive96-s1,train,matmul,matmul-naive96,0.1,3,93310,9233,0
matmul_train,matmul,ref+sfreq+idle+age+refaults,matmul-naive96-s1,train,matmul,matmul-naive96,0.1,3,93402,9233,0
matmul_train,matmul,ref+sfreq+idle+age+rdist,matmul-naive96-s1,train,matmul,matmul-naive96,0.1,3,91411,7310,0
matmul_train,matmul,ref+sfreq+idle+dirty+refaults,matmul-naive96-s1,train,matmul,matmul-naive96,0.1,3,93363,9233,0
matmul_train,matmul,ref+sfreq+idle+dirty+rdist,matmul-naive96-s1,train,matmul,matmul-naive96,0.1,3,92179,9232,0
matmul_train,matmul,ref+sfreq+idle+refaults+rdist,matmul-naive96-s1,train,matmul,matmul-naive96,0.1,3,92633,9233,0
matmul_train,matmul,ref+sfreq+age+dirty+refaults,matmul-naive96-s1,train,matmul,matmul-naive96,0.1,3,619186,4581,1
matmul_train,matmul,ref+sfreq+age+dirty+rdist,matmul-naive96-s1,train,matmul,matmul-naive96,0.1,3,619186,4104,1
matmul_train,matmul,ref+sfreq+age+refaults+rdist,matmul-naive96-s1,train,matmul,matmul-naive96,0.1,3,619186,2601,1
matmul_train,matmul,ref+sfreq+dirty+refaults+rdist,matmul-naive96-s1,train,matmul,matmul-naive96,0.1,3,619186,4104,1
matmul_train,matmul,ref+idle+age+dirty+refaults,matmul-naive96-s1,train,matmul,matmul-naive96,0.1,3,93538,9233,0
matmul_train,matmul,ref+idle+age+dirty+rdist,matmul-naive96-s1,train,matmul,matmul-naive96,0.1,3,92179,9232,0
matmul_train,matmul,ref+idle+age+refaults+rdist,matmul-naive96-s1,train,matmul,matmul-naive96,0.1,3,92959,9233,0
matmul_train,matmul,ref+idle+dirty+refaults+rdist,matmul-naive96-s1,train,matmul,matmul-naive96,0.1,3,92402,9232,0
matmul_train,matmul,ref+age+dirty+refaults+rdist,matmul-naive96-s1,train,matmul,matmul-naive96,0.1,3,619186,4104,1
matmul_train,matmul,aging+sfreq+idle+age+dirty,matmul-naive96-s1,train,matmul,matmul-naive96,0.1,3,93310,9233,0
matmul_train,matmul,aging+sfreq+idle+age+refaults,matmul-naive96-s1,train,matmul,matmul-naive96,0.1,3,85299,9233,0
matmul_train,matmul,aging+sfreq+idle+age+rdist,matmul-naive96-s1,train,matmul,matmul-naive96,0.1,3,619186,2601,1
matmul_train,matmul,aging+sfreq+idle+dirty+refaults,matmul-naive96-s1,train,matmul,matmul-naive96,0.1,3,93503,9233,0
matmul_train,matmul,aging+sfreq+idle+dirty+rdist,matmul-naive96-s1,train,matmul,matmul-naive96,0.1,3,91218,9232,0
matmul_train,matmul,aging+sfreq+idle+refaults+rdist,matmul-naive96-s1,train,matmul,matmul-naive96,0.1,3,186947,9231,0
matmul_train,matmul,aging+sfreq+age+dirty+refaults,matmul-naive96-s1,train,matmul,matmul-naive96,0.1,3,85126,9233,0
matmul_train,matmul,aging+sfreq+age+dirty+rdist,matmul-naive96-s1,train,matmul,matmul-naive96,0.1,3,619186,4104,1
matmul_train,matmul,aging+sfreq+age+refaults+rdist,matmul-naive96-s1,train,matmul,matmul-naive96,0.1,3,619186,2601,1
matmul_train,matmul,aging+sfreq+dirty+refaults+rdist,matmul-naive96-s1,train,matmul,matmul-naive96,0.1,3,619186,4104,1
matmul_train,matmul,aging+idle+age+dirty+refaults,matmul-naive96-s1,train,matmul,matmul-naive96,0.1,3,93342,9233,0
matmul_train,matmul,aging+idle+age+dirty+rdist,matmul-naive96-s1,train,matmul,matmul-naive96,0.1,3,90261,7314,0
matmul_train,matmul,aging+idle+age+refaults+rdist,matmul-naive96-s1,train,matmul,matmul-naive96,0.1,3,91220,9231,0
matmul_train,matmul,aging+idle+dirty+refaults+rdist,matmul-naive96-s1,train,matmul,matmul-naive96,0.1,3,91217,9230,0
matmul_train,matmul,aging+age+dirty+refaults+rdist,matmul-naive96-s1,train,matmul,matmul-naive96,0.1,3,619186,4104,1
matmul_train,matmul,sfreq+idle+age+dirty+refaults,matmul-naive96-s1,train,matmul,matmul-naive96,0.1,3,93364,9233,0
matmul_train,matmul,sfreq+idle+age+dirty+rdist,matmul-naive96-s1,train,matmul,matmul-naive96,0.1,3,86576,8210,0
matmul_train,matmul,sfreq+idle+age+refaults+rdist,matmul-naive96-s1,train,matmul,matmul-naive96,0.1,3,89538,7218,0
matmul_train,matmul,sfreq+idle+dirty+refaults+rdist,matmul-naive96-s1,train,matmul,matmul-naive96,0.1,3,91218,9232,0
matmul_train,matmul,sfreq+age+dirty+refaults+rdist,matmul-naive96-s1,train,matmul,matmul-naive96,0.1,3,619186,4104,1
matmul_train,matmul,idle+age+dirty+refaults+rdist,matmul-naive96-s1,train,matmul,matmul-naive96,0.1,3,91723,9232,0
matmul_train,matmul,ref+aging+sfreq+idle+age+dirty,matmul-naive96-s1,train,matmul,matmul-naive96,0.1,3,93310,9233,0
matmul_train,matmul,ref+aging+sfreq+idle+age+refaults,matmul-naive96-s1,train,matmul,matmul-naive96,0.1,3,93381,9233,0
matmul_train,matmul,ref+aging+sfreq+idle+age+rdist,matmul-naive96-s1,train,matmul,matmul-naive96,0.1,3,619186,2155,1
matmul_train,matmul,ref+aging+sfreq+idle+dirty+refaults,matmul-naive96-s1,train,matmul,matmul-naive96,0.1,3,99039,9233,0
matmul_train,matmul,ref+aging+sfreq+idle+dirty+rdist,matmul-naive96-s1,train,matmul,matmul-naive96,0.1,3,92181,9231,0
matmul_train,matmul,ref+aging+sfreq+idle+refaults+rdist,matmul-naive96-s1,train,matmul,matmul-naive96,0.1,3,619186,6133,1
matmul_train,matmul,ref+aging+sfreq+age+dirty+refaults,matmul-naive96-s1,train,matmul,matmul-naive96,0.1,3,93443,9233,0
matmul_train,matmul,ref+aging+sfreq+age+dirty+rdist,matmul-naive96-s1,train,matmul,matmul-naive96,0.1,3,619186,4130,1
matmul_train,matmul,ref+aging+sfreq+age+refaults+rdist,matmul-naive96-s1,train,matmul,matmul-naive96,0.1,3,92808,8209,0
matmul_train,matmul,ref+aging+sfreq+dirty+refaults+rdist,matmul-naive96-s1,train,matmul,matmul-naive96,0.1,3,619186,6138,1
matmul_train,matmul,ref+aging+idle+age+dirty+refaults,matmul-naive96-s1,train,matmul,matmul-naive96,0.1,3,93480,9233,0
matmul_train,matmul,ref+aging+idle+age+dirty+rdist,matmul-naive96-s1,train,matmul,matmul-naive96,0.1,3,619186,6133,1
matmul_train,matmul,ref+aging+idle+age+refaults+rdist,matmul-naive96-s1,train,matmul,matmul-naive96,0.1,3,619186,6133,1
matmul_train,matmul,ref+aging+idle+dirty+refaults+rdist,matmul-naive96-s1,train,matmul,matmul-naive96,0.1,3,90403,7314,0
matmul_train,matmul,ref+aging+age+dirty+refaults+rdist,matmul-naive96-s1,train,matmul,matmul-naive96,0.1,3,91290,9232,0
matmul_train,matmul,ref+sfreq+idle+age+dirty+refaults,matmul-naive96-s1,train,matmul,matmul-naive96,0.1,3,93449,9233,0
matmul_train,matmul,ref+sfreq+idle+age+dirty+rdist,matmul-naive96-s1,train,matmul,matmul-naive96,0.1,3,93319,9233,0
matmul_train,matmul,ref+sfreq+idle+age+refaults+rdist,matmul-naive96-s1,train,matmul,matmul-naive96,0.1,3,93504,9233,0
matmul_train,matmul,ref+sfreq+idle+dirty+refaults+rdist,matmul-naive96-s1,train,matmul,matmul-naive96,0.1,3,92942,9233,0
matmul_train,matmul,ref+sfreq+age+dirty+refaults+rdist,matmul-naive96-s1,train,matmul,matmul-naive96,0.1,3,619186,4104,1
matmul_train,matmul,ref+idle+age+dirty+refaults+rdist,matmul-naive96-s1,train,matmul,matmul-naive96,0.1,3,92942,9233,0
matmul_train,matmul,aging+sfreq+idle+age+dirty+refaults,matmul-naive96-s1,train,matmul,matmul-naive96,0.1,3,85129,9233,0
matmul_train,matmul,aging+sfreq+idle+age+dirty+rdist,matmul-naive96-s1,train,matmul,matmul-naive96,0.1,3,619186,4104,1
matmul_train,matmul,aging+sfreq+idle+age+refaults+rdist,matmul-naive96-s1,train,matmul,matmul-naive96,0.1,3,619186,2601,1
matmul_train,matmul,aging+sfreq+idle+dirty+refaults+rdist,matmul-naive96-s1,train,matmul,matmul-naive96,0.1,3,91218,9232,0
matmul_train,matmul,aging+sfreq+age+dirty+refaults+rdist,matmul-naive96-s1,train,matmul,matmul-naive96,0.1,3,619186,4104,1
matmul_train,matmul,aging+idle+age+dirty+refaults+rdist,matmul-naive96-s1,train,matmul,matmul-naive96,0.1,3,91218,9232,0
matmul_train,matmul,sfreq+idle+age+dirty+refaults+rdist,matmul-naive96-s1,train,matmul,matmul-naive96,0.1,3,90481,9232,0
matmul_train,matmul,ref+aging+sfreq+idle+age+dirty+refaults,matmul-naive96-s1,train,matmul,matmul-naive96,0.1,3,93427,9233,0
matmul_train,matmul,ref+aging+sfreq+idle+age+dirty+rdist,matmul-naive96-s1,train,matmul,matmul-naive96,0.1,3,619186,4130,1
matmul_train,matmul,ref+aging+sfreq+idle+age+refaults+rdist,matmul-naive96-s1,train,matmul,matmul-naive96,0.1,3,92820,8209,0
matmul_train,matmul,ref+aging+sfreq+idle+dirty+refaults+rdist,matmul-naive96-s1,train,matmul,matmul-naive96,0.1,3,91218,9232,0
matmul_train,matmul,ref+aging+sfreq+age+dirty+refaults+rdist,matmul-naive96-s1,train,matmul,matmul-naive96,0.1,3,84566,9232,0
matmul_train,matmul,ref+aging+idle+age+dirty+refaults+rdist,matmul-naive96-s1,train,matmul,matmul-naive96,0.1,3,91218,9232,0
matmul_train,matmul,ref+sfreq+idle+age+dirty+refaults+rdist,matmul-naive96-s1,train,matmul,matmul-naive96,0.1,3,93508,9233,0
matmul_train,matmul,aging+sfreq+idle+age+dirty+refaults+rdist,matmul-naive96-s1,train,matmul,matmul-naive96,0.1,3,85811,6195,0
matmul_train,matmul,ref+aging+sfreq+idle+age+dirty+refaults+rdist,matmul-naive96-s1,train,matmul,matmul-naive96,0.1,3,84566,9232,0
matmul_train,matmul,rec+ref+aging+sfreq+idle+age+dirty,matmul-naive96-s1,train,matmul,matmul-naive96,0.1,3,93879,9233,0
matmul_train,matmul,rec+ref+aging+sfreq+idle+age+dirty+refaults+rdist,matmul-naive96-s1,train,matmul,matmul-naive96,0.1,3,619186,5476,1
matmul_train,matmul,freq+ref+aging+sfreq+idle+age+dirty,matmul-naive96-s1,train,matmul,matmul-naive96,0.1,3,93885,9233,0
matmul_train,matmul,freq+ref+aging+sfreq+idle+age+dirty+refaults+rdist,matmul-naive96-s1,train,matmul,matmul-naive96,0.1,3,84648,9232,0
matmul_train,matmul,sd+ref+aging+sfreq+idle+age+dirty,matmul-naive96-s1,train,matmul,matmul-naive96,0.1,3,93309,9233,0
matmul_train,matmul,sd+ref+aging+sfreq+idle+age+dirty+refaults+rdist,matmul-naive96-s1,train,matmul,matmul-naive96,0.1,3,84094,9232,0
matmul_train,matmul,wr+ref+aging+sfreq+idle+age+dirty,matmul-naive96-s1,train,matmul,matmul-naive96,0.1,3,93310,9233,0
matmul_train,matmul,wr+ref+aging+sfreq+idle+age+dirty+refaults+rdist,matmul-naive96-s1,train,matmul,matmul-naive96,0.1,3,84501,9232,0
matmul_train,matmul,rec+freq+ref+aging+sfreq+idle+age+dirty,matmul-naive96-s1,train,matmul,matmul-naive96,0.1,3,619186,5028,1
matmul_train,matmul,rec+freq+ref+aging+sfreq+idle+age+dirty+refaults+rdist,matmul-naive96-s1,train,matmul,matmul-naive96,0.1,3,619186,5476,1
matmul_train,matmul,rec+sd+ref+aging+sfreq+idle+age+dirty,matmul-naive96-s1,train,matmul,matmul-naive96,0.1,3,85059,9233,0
matmul_train,matmul,rec+sd+ref+aging+sfreq+idle+age+dirty+refaults+rdist,matmul-naive96-s1,train,matmul,matmul-naive96,0.1,3,84100,9232,0
matmul_train,matmul,rec+wr+ref+aging+sfreq+idle+age+dirty,matmul-naive96-s1,train,matmul,matmul-naive96,0.1,3,93879,9233,0
matmul_train,matmul,rec+wr+ref+aging+sfreq+idle+age+dirty+refaults+rdist,matmul-naive96-s1,train,matmul,matmul-naive96,0.1,3,619186,5476,1
matmul_train,matmul,freq+sd+ref+aging+sfreq+idle+age+dirty,matmul-naive96-s1,train,matmul,matmul-naive96,0.1,3,90253,9233,0
matmul_train,matmul,freq+sd+ref+aging+sfreq+idle+age+dirty+refaults+rdist,matmul-naive96-s1,train,matmul,matmul-naive96,0.1,3,84100,9232,0
matmul_train,matmul,freq+wr+ref+aging+sfreq+idle+age+dirty,matmul-naive96-s1,train,matmul,matmul-naive96,0.1,3,93310,9233,0
matmul_train,matmul,freq+wr+ref+aging+sfreq+idle+age+dirty+refaults+rdist,matmul-naive96-s1,train,matmul,matmul-naive96,0.1,3,84304,9232,0
matmul_train,matmul,sd+wr+ref+aging+sfreq+idle+age+dirty,matmul-naive96-s1,train,matmul,matmul-naive96,0.1,3,93309,9233,0
matmul_train,matmul,sd+wr+ref+aging+sfreq+idle+age+dirty+refaults+rdist,matmul-naive96-s1,train,matmul,matmul-naive96,0.1,3,84094,9232,0
matmul_train,matmul,rec+freq+sd+ref+aging+sfreq+idle+age+dirty,matmul-naive96-s1,train,matmul,matmul-naive96,0.1,3,85112,9233,0
matmul_train,matmul,rec+freq+sd+ref+aging+sfreq+idle+age+dirty+refaults+rdist,matmul-naive96-s1,train,matmul,matmul-naive96,0.1,3,84106,9232,0
matmul_train,matmul,rec+freq+wr+ref+aging+sfreq+idle+age+dirty,matmul-naive96-s1,train,matmul,matmul-naive96,0.1,3,93429,9233,0
matmul_train,matmul,rec+freq+wr+ref+aging+sfreq+idle+age+dirty+refaults+rdist,matmul-naive96-s1,train,matmul,matmul-naive96,0.1,3,619186,5924,1
matmul_train,matmul,rec+sd+wr+ref+aging+sfreq+idle+age+dirty,matmul-naive96-s1,train,matmul,matmul-naive96,0.1,3,85059,9233,0
matmul_train,matmul,rec+sd+wr+ref+aging+sfreq+idle+age+dirty+refaults+rdist,matmul-naive96-s1,train,matmul,matmul-naive96,0.1,3,84094,9232,0
matmul_train,matmul,freq+sd+wr+ref+aging+sfreq+idle+age+dirty,matmul-naive96-s1,train,matmul,matmul-naive96,0.1,3,93309,9233,0
matmul_train,matmul,freq+sd+wr+ref+aging+sfreq+idle+age+dirty+refaults+rdist,matmul-naive96-s1,train,matmul,matmul-naive96,0.1,3,84118,9232,0
matmul_train,matmul,rec+freq+sd+wr+ref+aging+sfreq+idle+age+dirty,matmul-naive96-s1,train,matmul,matmul-naive96,0.1,3,85054,9233,0
matmul_train,matmul,rec+freq+sd+wr+ref+aging+sfreq+idle+age+dirty+refaults+rdist,matmul-naive96-s1,train,matmul,matmul-naive96,0.1,3,84115,9232,0
matmul_train,global,rec,matmul-naive96-s1,train,matmul,matmul-naive96,0.1,3,93309,9233,0
matmul_train,global,freq,matmul-naive96-s1,train,matmul,matmul-naive96,0.1,3,619186,5052,1
matmul_train,global,sd,matmul-naive96-s1,train,matmul,matmul-naive96,0.1,3,93309,9233,0
matmul_train,global,wr,matmul-naive96-s1,train,matmul,matmul-naive96,0.1,3,120957,9233,0
matmul_train,global,rec+freq,matmul-naive96-s1,train,matmul,matmul-naive96,0.1,3,93812,9233,0
matmul_train,global,rec+sd,matmul-naive96-s1,train,matmul,matmul-naive96,0.1,3,93309,9233,0
matmul_train,global,rec+wr,matmul-naive96-s1,train,matmul,matmul-naive96,0.1,3,93309,9233,0
matmul_train,global,freq+sd,matmul-naive96-s1,train,matmul,matmul-naive96,0.1,3,95525,9233,0
matmul_train,global,freq+wr,matmul-naive96-s1,train,matmul,matmul-naive96,0.1,3,619186,5052,1
matmul_train,global,sd+wr,matmul-naive96-s1,train,matmul,matmul-naive96,0.1,3,93309,9233,0
matmul_train,global,rec+freq+sd,matmul-naive96-s1,train,matmul,matmul-naive96,0.1,3,94021,9233,0
matmul_train,global,rec+freq+wr,matmul-naive96-s1,train,matmul,matmul-naive96,0.1,3,93814,9233,0
matmul_train,global,rec+sd+wr,matmul-naive96-s1,train,matmul,matmul-naive96,0.1,3,93309,9233,0
matmul_train,global,freq+sd+wr,matmul-naive96-s1,train,matmul,matmul-naive96,0.1,3,95524,9233,0
matmul_train,global,rec+freq+sd+wr,matmul-naive96-s1,train,matmul,matmul-naive96,0.1,3,94021,9233,0
matmul_train,global,ref,matmul-naive96-s1,train,matmul,matmul-naive96,0.1,3,93310,9233,0
matmul_train,global,aging,matmul-naive96-s1,train,matmul,matmul-naive96,0.1,3,93310,9233,0
matmul_train,global,sfreq,matmul-naive96-s1,train,matmul,matmul-naive96,0.1,3,619186,4585,1
matmul_train,global,idle,matmul-naive96-s1,train,matmul,matmul-naive96,0.1,3,93310,9233,0
matmul_train,global,age,matmul-naive96-s1,train,matmul,matmul-naive96,0.1,3,123837,9233,0
matmul_train,global,dirty,matmul-naive96-s1,train,matmul,matmul-naive96,0.1,3,120957,9233,0
matmul_train,global,refaults,matmul-naive96-s1,train,matmul,matmul-naive96,0.1,3,138537,9233,0
matmul_train,global,rdist,matmul-naive96-s1,train,matmul,matmul-naive96,0.1,3,290283,25,0
matmul_train,global,ref+aging,matmul-naive96-s1,train,matmul,matmul-naive96,0.1,3,93310,9233,0
matmul_train,global,ref+sfreq,matmul-naive96-s1,train,matmul,matmul-naive96,0.1,3,93310,9233,0
matmul_train,global,ref+idle,matmul-naive96-s1,train,matmul,matmul-naive96,0.1,3,93310,9233,0
matmul_train,global,ref+age,matmul-naive96-s1,train,matmul,matmul-naive96,0.1,3,93310,9233,0
matmul_train,global,ref+dirty,matmul-naive96-s1,train,matmul,matmul-naive96,0.1,3,93310,9233,0
matmul_train,global,ref+refaults,matmul-naive96-s1,train,matmul,matmul-naive96,0.1,3,93681,9233,0
matmul_train,global,ref+rdist,matmul-naive96-s1,train,matmul,matmul-naive96,0.1,3,93310,9233,0
matmul_train,global,aging+sfreq,matmul-naive96-s1,train,matmul,matmul-naive96,0.1,3,93310,9233,0
matmul_train,global,aging+idle,matmul-naive96-s1,train,matmul,matmul-naive96,0.1,3,93310,9233,0
matmul_train,global,aging+age,matmul-naive96-s1,train,matmul,matmul-naive96,0.1,3,93310,9233,0
matmul_train,global,aging+dirty,matmul-naive96-s1,train,matmul,matmul-naive96,0.1,3,93310,9233,0
matmul_train,global,aging+refaults,matmul-naive96-s1,train,matmul,matmul-naive96,0.1,3,94162,9233,0
matmul_train,global,aging+rdist,matmul-naive96-s1,train,matmul,matmul-naive96,0.1,3,93310,9233,0
matmul_train,global,sfreq+idle,matmul-naive96-s1,train,matmul,matmul-naive96,0.1,3,93310,9233,0
matmul_train,global,sfreq+age,matmul-naive96-s1,train,matmul,matmul-naive96,0.1,3,128720,9233,0
matmul_train,global,sfreq+dirty,matmul-naive96-s1,train,matmul,matmul-naive96,0.1,3,619186,4585,1
matmul_train,global,sfreq+refaults,matmul-naive96-s1,train,matmul,matmul-naive96,0.1,3,619186,5522,1
matmul_train,global,sfreq+rdist,matmul-naive96-s1,train,matmul,matmul-naive96,0.1,3,290263,25,0
matmul_train,global,idle+age,matmul-naive96-s1,train,matmul,matmul-naive96,0.1,3,93310,9233,0
matmul_train,global,idle+dirty,matmul-naive96-s1,train,matmul,matmul-naive96,0.1,3,93310,9233,0
matmul_train,global,idle+refaults,matmul-naive96-s1,train,matmul,matmul-naive96,0.1,3,110603,9233,0
matmul_train,global,idle+rdist,matmul-naive96-s1,train,matmul,matmul-naive96,0.1,3,92845,9233,0
matmul_train,global,age+dirty,matmul-naive96-s1,train,matmul,matmul-naive96,0.1,3,120957,9233,0
matmul_train,global,age+refaults,matmul-naive96-s1,train,matmul,matmul-naive96,0.1,3,619186,5727,1
matmul_train,global,age+rdist,matmul-naive96-s1,train,matmul,matmul-naive96,0.1,3,93262,7254,0
matmul_train,global,dirty+refaults,matmul-naive96-s1,train,matmul,matmul-naive96,0.1,3,138307,8997,0
matmul_train,global,dirty+rdist,matmul-naive96-s1,train,matmul,matmul-naive96,0.1,3,238370,9231,0
matmul_train,global,refaults+rdist,matmul-naive96-s1,train,matmul,matmul-naive96,0.1,3,166880,9221,0
matmul_train,global,ref+aging+sfreq,matmul-naive96-s1,train,matmul,matmul-naive96,0.1,3,93310,9233,0
matmul_train,global,ref+aging+idle,matmul-naive96-s1,train,matmul,matmul-naive96,0.1,3,93310,9233,0
matmul_train,global,ref+aging+age,matmul-naive96-s1,train,matmul,matmul-naive96,0.1,3,93310,9233,0
matmul_train,global,ref+aging+dirty,matmul-naive96-s1,train,matmul,matmul-naive96,0.1,3,93310,9233,0
matmul_train,global,ref+aging+refaults,matmul-naive96-s1,train,matmul,matmul-naive96,0.1,3,95445,9233,0
matmul_train,global,ref+aging+rdist,matmul-naive96-s1,train,matmul,matmul-naive96,0.1,3,93310,9233,0
matmul_train,global,ref+sfreq+idle,matmul-naive96-s1,train,matmul,matmul-naive96,0.1,3,93310,9233,0
matmul_train,global,ref+sfreq+age,matmul-naive96-s1,train,matmul,matmul-naive96,0.1,3,93310,9233,0
matmul_train,global,ref+sfreq+dirty,matmul-naive96-s1,train,matmul,matmul-naive96,0.1,3,93310,9233,0
matmul_train,global,ref+sfreq+refaults,matmul-naive96-s1,train,matmul,matmul-naive96,0.1,3,619186,6857,1
matmul_train,global,ref+sfreq+rdist,matmul-naive96-s1,train,matmul,matmul-naive96,0.1,3,93310,9233,0
matmul_train,global,ref+idle+age,matmul-naive96-s1,train,matmul,matmul-naive96,0.1,3,93310,9233,0
matmul_train,global,ref+idle+dirty,matmul-naive96-s1,train,matmul,matmul-naive96,0.1,3,93310,9233,0
matmul_train,global,ref+idle+refaults,matmul-naive96-s1,train,matmul,matmul-naive96,0.1,3,94296,9233,0
matmul_train,global,ref+idle+rdist,matmul-naive96-s1,train,matmul,matmul-naive96,0.1,3,93310,9233,0
matmul_train,global,ref+age+dirty,matmul-naive96-s1,train,matmul,matmul-naive96,0.1,3,93310,9233,0
matmul_train,global,ref+age+refaults,matmul-naive96-s1,train,matmul,matmul-naive96,0.1,3,94808,9233,0
matmul_train,global,ref+age+rdist,matmul-naive96-s1,train,matmul,matmul-naive96,0.1,3,93310,9233,0
matmul_train,global,ref+dirty+refaults,matmul-naive96-s1,train,matmul,matmul-naive96,0.1,3,93705,9233,0
matmul_train,global,ref+dirty+rdist,matmul-naive96-s1,train,matmul,matmul-naive96,0.1,3,93310,9233,0
matmul_train,global,ref+refaults+rdist,matmul-naive96-s1,train,matmul,matmul-naive96,0.1,3,93895,9233,0
matmul_train,global,aging+sfreq+idle,matmul-naive96-s1,train,matmul,matmul-naive96,0.1,3,93310,9233,0
matmul_train,global,aging+sfreq+age,matmul-naive96-s1,train,matmul,matmul-naive96,0.1,3,93310,9233,0
matmul_train,global,aging+sfreq+dirty,matmul-naive96-s1,train,matmul,matmul-naive96,0.1,3,93310,9233,0
matmul_train,global,aging+sfreq+refaults,matmul-naive96-s1,train,matmul,matmul-naive96,0.1,3,619186,7276,1
matmul_train,global,aging+sfreq+rdist,matmul-naive96-s1,train,matmul,matmul-naive96,0.1,3,93310,9233,0
matmul_train,global,aging+idle+age,matmul-naive96-s1,train,matmul,matmul-naive96,0.1,3,93310,9233,0
matmul_train,global,aging+idle+dirty,matmul-naive96-s1,train,matmul,matmul-naive96,0.1,3,93310,9233,0
matmul_train,global,aging+idle+refaults,matmul-naive96-s1,train,matmul,matmul-naive96,0.1,3,94777,9233,0
matmul_train,global,aging+idle+rdist,matmul-naive96-s1,train,matmul,matmul-naive96,0.1,3,93310,9233,0
matmul_train,global,aging+age+dirty,matmul-naive96-s1,train,matmul,matmul-naive96,0.1,3,93310,9233,0
matmul_train,global,aging+age+refaults,matmul-naive96-s1,train,matmul,matmul-naive96,0.1,3,93961,9233,0
matmul_train,global,aging+age+rdist,matmul-naive96-s1,train,matmul,matmul-naive96,0.1,3,93310,9233,0
matmul_train,global,aging+dirty+refaults,matmul-naive96-s1,train,matmul,matmul-naive96,0.1,3,94235,9233,0
matmul_train,global,aging+dirty+rdist,matmul-naive96-s1,train,matmul,matmul-naive96,0.1,3,93310,9233,0
matmul_train,global,aging+refaults+rdist,matmul-naive96-s1,train,matmul,matmul-naive96,0.1,3,94300,9233,0
matmul_train,global,sfreq+idle+age,matmul-naive96-s1,train,matmul,matmul-naive96,0.1,3,93310,9233,0
matmul_train,global,sfreq+idle+dirty,matmul-naive96-s1,train,matmul,matmul-naive96,0.1,3,93025,9233,0
matmul_train,global,sfreq+idle+refaults,matmul-naive96-s1,train,matmul,matmul-naive96,0.1,3,116549,9233,0
matmul_train,global,sfreq+idle+rdist,matmul-naive96-s1,train,matmul,matmul-naive96,0.1,3,92845,9233,0
matmul_train,global,sfreq+age+dirty,matmul-naive96-s1,train,matmul,matmul-naive96,0.1,3,133631,9233,0
matmul_train,global,sfreq+age+refaults,matmul-naive96-s1,train,matmul,matmul-naive96,0.1,3,619186,6103,1
matmul_train,global,sfreq+age+rdist,matmul-naive96-s1,train,matmul,matmul-naive96,0.1,3,97016,8273,0
matmul_train,global,sfreq+dirty+refaults,matmul-naive96-s1,train,matmul,matmul-naive96,0.1,3,619186,5513,1
matmul_train,global,sfreq+dirty+rdist,matmul-naive96-s1,train,matmul,matmul-naive96,0.1,3,619186,4130,1
matmul_train,global,sfreq+refaults+rdist,matmul-naive96-s1,train,matmul,matmul-naive96,0.1,3,619186,5488,1
matmul_train,global,idle+age+dirty,matmul-naive96-s1,train,matmul,matmul-naive96,0.1,3,93310,9233,0
matmul_train,global,idle+age+refaults,matmul-naive96-s1,train,matmul,matmul-naive96,0.1,3,106961,9233,0
matmul_train,global,idle+age+rdist,matmul-naive96-s1,train,matmul,matmul-naive96,0.1,3,92748,9233,0
matmul_train,global,idle+dirty+refaults,matmul-naive96-s1,train,matmul,matmul-naive96,0.1,3,110893,9233,0
matmul_train,global,idle+dirty+rdist,matmul-naive96-s1,train,matmul,matmul-naive96,0.1,3,92270,9232,0
matmul_train,global,idle+refaults+rdist,matmul-naive96-s1,train,matmul,matmul-naive96,0.1,3,101262,9233,0
matmul_train,global,age+dirty+refaults,matmul-naive96-s1,train,matmul,matmul-naive96,0.1,3,619186,5729,1
matmul_train,global,age+dirty+rdist,matmul-naive96-s1,train,matmul,matmul-naive96,0.1,3,89366,8364,0
matmul_train,global,age+refaults+rdist,matmul-naive96-s1,train,matmul,matmul-naive96,0.1,3,619186,5554,1
matmul_train,global,dirty+refaults+rdist,matmul-naive96-s1,train,matmul,matmul-naive96,0.1,3,166725,9233,0
matmul_train,global,ref+aging+sfreq+idle,matmul-naive96-s1,train,matmul,matmul-naive96,0.1,3,93310,9233,0
matmul_train,global,ref+aging+sfreq+age,matmul-naive96-s1,train,matmul,matmul-naive96,0.1,3,93310,9233,0
matmul_train,global,ref+aging+sfreq+dirty,matmul-naive96-s1,train,matmul,matmul-naive96,0.1,3,93310,9233,0
matmul_train,global,ref+aging+sfreq+refaults,matmul-naive96-s1,train,matmul,matmul-naive96,0.1,3,619186,7110,1
matmul_train,global,ref+aging+sfreq+rdist,matmul-naive96-s1,train,matmul,matmul-naive96,0.1,3,93310,9233,0
matmul_train,global,ref+aging+idle+age,matmul-naive96-s1,train,matmul,matmul-naive96,0.1,3,93310,9233,0
matmul_train,global,ref+aging+idle+dirty,matmul-naive96-s1,train,matmul,matmul-naive96,0.1,3,93310,9233,0
matmul_train,global,ref+aging+idle+refaults,matmul-naive96-s1,train,matmul,matmul-naive96,0.1,3,95602,9233,0
matmul_train,global,ref+aging+idle+rdist,matmul-naive96-s1,train,matmul,matmul-naive96,0.1,3,93310,9233,0
matmul_train,global,ref+aging+age+dirty,matmul-naive96-s1,train,matmul,matmul-naive96,0.1,3,93310,9233,0
matmul_train,global,ref+aging+age+refaults,matmul-naive96-s1,train,matmul,matmul-naive96,0.1,3,96558,9233,0
matmul_train,global,ref+aging+age+rdist,matmul-naive96-s1,train,matmul,matmul-naive96,0.1,3,93310,9233,0
matmul_train,global,ref+aging+dirty+refaults,matmul-naive96-s1,train,matmul,matmul-naive96,0.1,3,95480,9233,0
matmul_train,global,ref+aging+dirty+rdist,matmul-naive96-s1,train,matmul,matmul-naive96,0.1,3,93310,9233,0
matmul_train,global,ref+aging+refaults+rdist,matmul-naive96-s1,train,matmul,matmul-naive96,0.1,3,94143,9233,0
matmul_train,global,ref+sfreq+idle+age,matmul-naive96-s1,train,matmul,matmul-naive96,0.1,3,93310,9233,0
matmul_train,global,ref+sfreq+idle+dirty,matmul-naive96-s1,train,matmul,matmul-naive96,0.1,3,93310,9233,0
matmul_train,global,ref+sfreq+idle+refaults,matmul-naive96-s1,train,matmul,matmul-naive96,0.1,3,202782,9233,0
matmul_train,global,ref+sfreq+idle+rdist,matmul-naive96-s1,train,matmul,matmul-naive96,0.1,3,93310,9233,0
matmul_train,global,ref+sfreq+age+dirty,matmul-naive96-s1,train,matmul,matmul-naive96,0.1,3,93418,9233,0
matmul_train,global,ref+sfreq+age+refaults,matmul-naive96-s1,train,matmul,matmul-naive96,0.1,3,619186,6751,1
matmul_train,global,ref+sfreq+age+rdist,matmul-naive96-s1,train,matmul,matmul-naive96,0.1,3,93310,9233,0
matmul_train,global,ref+sfreq+dirty+refaults,matmul-naive96-s1,train,matmul,matmul-naive96,0.1,3,619186,6819,1
matmul_train,global,ref+sfreq+dirty+rdist,matmul-naive96-s1,train,matmul,matmul-naive96,0.1,3,93310,9233,0
matmul_train,global,ref+sfreq+refaults+rdist,matmul-naive96-s1,train,matmul,matmul-naive96,0.1,3,619186,6901,1
matmul_train,global,ref+idle+age+dirty,matmul-naive96-s1,train,matmul,matmul-naive96,0.1,3,93310,9233,0
matmul_train,global,ref+idle+age+refaults,matmul-naive96-s1,train,matmul,matmul-naive96,0.1,3,96324,9233,0
matmul_train,global,ref+idle+age+rdist,matmul-naive96-s1,train,matmul,matmul-naive96,0.1,3,93310,9233,0
matmul_train,global,ref+idle+dirty+refaults,matmul-naive96-s1,train,matmul,matmul-naive96,0.1,3,94299,9233,0
matmul_train,global,ref+idle+dirty+rdist,matmul-naive96-s1,train,matmul,matmul-naive96,0.1,3,93310,9233,0
matmul_train,global,ref+idle+refaults+rdist,matmul-naive96-s1,train,matmul,matmul-naive96,0.1,3,93775,9233,0
matmul_train,global,ref+age+dirty+refaults,matmul-naive96-s1,train,matmul,matmul-naive96,0.1,3,94613,9233,0
matmul_train,global,ref+age+dirty+rdist,matmul-naive96-s1,train,matmul,matmul-naive96,0.1,3,93310,9233,0
matmul_train,global,ref+age+refaults+rdist,matmul-naive96-s1,train,matmul,matmul-naive96,0.1,3,98907,9233,0
matmul_train,global,ref+dirty+refaults+rdist,matmul-naive96-s1,train,matmul,matmul-naive96,0.1,3,93870,9233,0
matmul_train,global,aging+sfreq+idle+age,matmul-naive96-s1,train,matmul,matmul-naive96,0.1,3,93310,9233,0
matmul_train,global,aging+sfreq+idle+dirty,matmul-naive96-s1,train,matmul,matmul-naive96,0.1,3,93310,9233,0
matmul_train,global,aging+sfreq+idle+refaults,matmul-naive96-s1,train,matmul,matmul-naive96,0.1,3,619186,7423,1
matmul_train,global,aging+sfreq+idle+rdist,matmul-naive96-s1,train,matmul,matmul-naive96,0.1,3,93310,9233,0
matmul_train,global,aging+sfreq+age+dirty,matmul-naive96-s1,train,matmul,matmul-naive96,0.1,3,93310,9233,0
matmul_train,global,aging+sfreq+age+refaults,matmul-naive96-s1,train,matmul,matmul-naive96,0.1,3,619186,7374,1
matmul_train,global,aging+sfreq+age+rdist,matmul-naive96-s1,train,matmul,matmul-naive96,0.1,3,93310,9233,0
matmul_train,global,aging+sfreq+dirty+refaults,matmul-naive96-s1,train,matmul,matmul-naive96,0.1,3,619186,7200,1
matmul_train,global,aging+sfreq+dirty+rdist,matmul-naive96-s1,train,matmul,matmul-naive96,0.1,3,93310,9233,0
matmul_train,global,aging+sfreq+refaults+rdist,matmul-naive96-s1,train,matmul,matmul-naive96,0.1,3,619186,8611,1
matmul_train,global,aging+idle+age+dirty,matmul-naive96-s1,train,matmul,matmul-naive96,0.1,3,93310,9233,0
matmul_train,global,aging+idle+age+refaults,matmul-naive96-s1,train,matmul,matmul-naive96,0.1,3,95499,9233,0
matmul_train,global,aging+idle+age+rdist,matmul-naive96-s1,train,matmul,matmul-naive96,0.1,3,93310,9233,0
matmul_train,global,aging+idle+dirty+refaults,matmul-naive96-s1,train,matmul,matmul-naive96,0.1,3,94809,9233,0
matmul_train,global,aging+idle+dirty+rdist,matmul-naive96-s1,train,matmul,matmul-naive96,0.1,3,93310,9233,0
matmul_train,global,aging+idle+refaults+rdist,matmul-naive96-s1,train,matmul,matmul-naive96,0.1,3,94115,9233,0
matmul_train,global,aging+age+dirty+refaults,matmul-naive96-s1,train,matmul,matmul-naive96,0.1,3,93964,9233,0
matmul_train,global,aging+age+dirty+rdist,matmul-naive96-s1,train,matmul,matmul-naive96,0.1,3,93310,9233,0
matmul_train,global,aging+age+refaults+rdist,matmul-naive96-s1,train,matmul,matmul-naive96,0.1,3,97744,9233,0
matmul_train,global,aging+dirty+refaults+rdist,matmul-naive96-s1,train,matmul,matmul-naive96,0.1,3,94298,9233,0
matmul_train,global,sfreq+idle+age+dirty,matmul-naive96-s1,train,matmul,matmul-naive96,0.1,3,93310,9233,0
matmul_train,global,sfreq+idle+age+refaults,matmul-naive96-s1,train,matmul,matmul-naive96,0.1,3,107900,9233,0
matmul_train,global,sfreq+idle+age+rdist,matmul-naive96-s1,train,matmul,matmul-naive96,0.1,3,93225,9233,0
matmul_train,global,sfreq+idle+dirty+refaults,matmul-naive96-s1,train,matmul,matmul-naive96,0.1,3,118173,9233,0
matmul_train,global,sfreq+idle+dirty+rdist,matmul-naive96-s1,train,matmul,matmul-naive96,0.1,3,92173,9232,0
matmul_train,global,sfreq+idle+refaults+rdist,matmul-naive96-s1,train,matmul,matmul-naive96,0.1,3,224735,9233,0
matmul_train,global,sfreq+age+dirty+refaults,matmul-naive96-s1,train,matmul,matmul-naive96,0.1,3,619186,6098,1
matmul_train,global,sfreq+age+dirty+rdist,matmul-naive96-s1,train,matmul,matmul-naive96,0.1,3,450377,9232,0
matmul_train,global,sfreq+age+refaults+rdist,matmul-naive96-s1,train,matmul,matmul-naive96,0.1,3,619186,6111,1
matmul_train,global,sfreq+dirty+refaults+rdist,matmul-naive96-s1,train,matmul,matmul-naive96,0.1,3,619186,5902,1
matmul_train,global,idle+age+dirty+refaults,matmul-naive96-s1,train,matmul,matmul-naive96,0.1,3,107026,9233,0
matmul_train,global,idle+age+dirty+rdist,matmul-naive96-s1,train,matmul,matmul-naive96,0.1,3,92173,9232,0
matmul_train,global,idle+age+refaults+rdist,matmul-naive96-s1,train,matmul,matmul-naive96,0.1,3,111903,9233,0
matmul_train,global,idle+dirty+refaults+rdist,matmul-naive96-s1,train,matmul,matmul-naive96,0.1,3,100995,9233,0
matmul_train,global,age+dirty+refaults+rdist,matmul-naive96-s1,train,matmul,matmul-naive96,0.1,3,619186,5043,1
matmul_train,global,ref+aging+sfreq+idle+age,matmul-naive96-s1,train,matmul,matmul-naive96,0.1,3,93310,9233,0
matmul_train,global,ref+aging+sfreq+idle+dirty,matmul-naive96-s1,train,matmul,matmul-naive96,0.1,3,93310,9233,0
matmul_train,global,ref+aging+sfreq+idle+refaults,matmul-naive96-s1,train,matmul,matmul-naive96,0.1,3,619186,6786,1
matmul_train,global,ref+aging+sfreq+idle+rdist,matmul-naive96-s1,train,matmul,matmul-naive96,0.1,3,93310,9233,0
matmul_train,global,ref+aging+sfreq+age+dirty,matmul-naive96-s1,train,matmul,matmul-naive96,0.1,3,93310,9233,0
matmul_train,global,ref+aging+sfreq+age+refaults,matmul-naive96-s1,train,matmul,matmul-naive96,0.1,3,619186,7124,1
matmul_train,global,ref+aging+sfreq+age+rdist,matmul-naive96-s1,train,matmul,matmul-naive96,0.1,3,93310,9233,0
matmul_train,global,ref+aging+sfreq+dirty+refaults,matmul-naive96-s1,train,matmul,matmul-naive96,0.1,3,619186,6983,1
matmul_train,global,ref+aging+sfreq+dirty+rdist,matmul-naive96-s1,train,matmul,matmul-naive96,0.1,3,93310,9233,0
matmul_train,global,ref+aging+sfreq+refaults+rdist,matmul-naive96-s1,train,matmul,matmul-naive96,0.1,3,619186,8564,1
matmul_train,global,ref+aging+idle+age+dirty,matmul-naive96-s1,train,matmul,matmul-naive96,0.1,3,93310,9233,0
matmul_train,global,ref+aging+idle+age+refaults,matmul-naive96-s1,train,matmul,matmul-naive96,0.1,3,96750,9233,0
matmul_train,global,ref+aging+idle+age+rdist,matmul-naive96-s1,train,matmul,matmul-naive96,0.1,3,93310,9233,0
matmul_train,global,ref+aging+idle+dirty+refaults,matmul-naive96-s1,train,matmul,matmul-naive96,0.1,3,95617,9233,0
matmul_train,global,ref+aging+idle+dirty+rdist,matmul-naive96-s1,train,matmul,matmul-naive96,0.1,3,93310,9233,0
matmul_train,global,ref+aging+idle+refaults+rdist,matmul-naive96-s1,train,matmul,matmul-naive96,0.1,3,94091,9233,0
matmul_train,global,ref+aging+age+dirty+refaults,matmul-naive96-s1,train,matmul,matmul-naive96,0.1,3,96563,9233,0
matmul_train,global,ref+aging+age+dirty+rdist,matmul-naive96-s1,train,matmul,matmul-naive96,0.1,3,93310,9233,0
matmul_train,global,ref+aging+age+refaults+rdist,matmul-naive96-s1,train,matmul,matmul-naive96,0.1,3,99409,9233,0
matmul_train,global,ref+aging+dirty+refaults+rdist,matmul-naive96-s1,train,matmul,matmul-naive96,0.1,3,94141,9233,0
matmul_train,global,ref+sfreq+idle+age+dirty,matmul-naive96-s1,train,matmul,matmul-naive96,0.1,3,93310,9233,0
matmul_train,global,ref+sfreq+idle+age+refaults,matmul-naive96-s1,train,matmul,matmul-naive96,0.1,3,96512,9233,0
matmul_train,global,ref+sfreq+idle+age+rdist,matmul-naive96-s1,train,matmul,matmul-naive96,0.1,3,93310,9233,0
matmul_train,global,ref+sfreq+idle+dirty+refaults,matmul-naive96-s1,train,matmul,matmul-naive96,0.1,3,230320,9233,0
matmul_train,global,ref+sfreq+idle+dirty+rdist,matmul-naive96-s1,train,matmul,matmul-naive96,0.1,3,93310,9233,0
matmul_train,global,ref+sfreq+idle+refaults+rdist,matmul-naive96-s1,train,matmul,matmul-naive96,0.1,3,619186,8816,1
matmul_train,global,ref+sfreq+age+dirty+refaults,matmul-naive96-s1,train,matmul,matmul-naive96,0.1,3,619186,6688,1
matmul_train,global,ref+sfreq+age+dirty+rdist,matmul-naive96-s1,train,matmul,matmul-naive96,0.1,3,93310,9233,0
matmul_train,global,ref+sfreq+age+refaults+rdist,matmul-naive96-s1,train,matmul,matmul-naive96,0.1,3,619186,8453,1
matmul_train,global,ref+sfreq+dirty+refaults+rdist,matmul-naive96-s1,train,matmul,matmul-naive96,0.1,3,619186,7665,1
matmul_train,global,ref+idle+age+dirty+refaults,matmul-naive96-s1,train,matmul,matmul-naive96,0.1,3,96402,9233,0
matmul_train,global,ref+idle+age+dirty+rdist,matmul-naive96-s1,train,matmul,matmul-naive96,0.1,3,93310,9233,0
matmul_train,global,ref+idle+age+refaults+rdist,matmul-naive96-s1,train,matmul,matmul-naive96,0.1,3,95507,9233,0
matmul_train,global,ref+idle+dirty+refaults+rdist,matmul-naive96-s1,train,matmul,matmul-naive96,0.1,3,93807,9233,0
matmul_train,global,ref+age+dirty+refaults+rdist,matmul-naive96-s1,train,matmul,matmul-naive96,0.1,3,99883,9233,0
matmul_train,global,aging+sfreq+idle+age+dirty,matmul-naive96-s1,train,matmul,matmul-naive96,0.1,3,93310,9233,0
matmul_train,global,aging+sfreq+idle+age+refaults,matmul-naive96-s1,train,matmul,matmul-naive96,0.1,3,95135,9233,0
matmul_train,global,aging+sfreq+idle+age+rdist,matmul-naive96-s1,train,matmul,matmul-naive96,0.1,3,93310,9233,0
matmul_train,global,aging+sfreq+idle+dirty+refaults,matmul-naive96-s1,train,matmul,matmul-naive96,0.1,3,619186,7393,1
matmul_train,global,aging+sfreq+idle+dirty+rdist,matmul-naive96-s1,train,matmul,matmul-naive96,0.1,3,93310,9233,0
matmul_train,global,aging+sfreq+idle+refaults+rdist,matmul-naive96-s1,train,matmul,matmul-naive96,0.1,3,619186,6834,1
matmul_train,global,aging+sfreq+age+dirty+refaults,matmul-naive96-s1,train,matmul,matmul-naive96,0.1,3,619186,7308,1
matmul_train,global,aging+sfreq+age+dirty+rdist,matmul-naive96-s1,train,matmul,matmul-naive96,0.1,3,93310,9233,0
matmul_train,global,aging+sfreq+age+refaults+rdist,matmul-naive96-s1,train,matmul,matmul-naive96,0.1,3,100352,9233,0
matmul_train,global,aging+sfreq+dirty+refaults+rdist,matmul-naive96-s1,train,matmul,matmul-naive96,0.1,3,619186,7805,1
matmul_train,global,aging+idle+age+dirty+refaults,matmul-naive96-s1,train,matmul,matmul-naive96,0.1,3,95514,9233,0
matmul_train,global,aging+idle+age+dirty+rdist,matmul-naive96-s1,train,matmul,matmul-naive96,0.1,3,93310,9233,0
matmul_train,global,aging+idle+age+refaults+rdist,matmul-naive96-s1,train,matmul,matmul-naive96,0.1,3,95497,9233,0
matmul_train,global,aging+idle+dirty+refaults+rdist,matmul-naive96-s1,train,matmul,matmul-naive96,0.1,3,94116,9233,0
matmul_train,global,aging+age+dirty+refaults+rdist,matmul-naive96-s1,train,matmul,matmul-naive96,0.1,3,99116,9233,0
matmul_train,global,sfreq+idle+age+dirty+refaults,matmul-naive96-s1,train,matmul,matmul-naive96,0.1,3,107980,9233,0
matmul_train,global,sfreq+idle+age+dirty+rdist,matmul-naive96-s1,train,matmul,matmul-naive96,0.1,3,92845,9233,0
matmul_train,global,sfreq+idle+age+refaults+rdist,matmul-naive96-s1,train,matmul,matmul-naive96,0.1,3,111323,9233,0
matmul_train,global,sfreq+idle+dirty+refaults+rdist,matmul-naive96-s1,train,matmul,matmul-naive96,0.1,3,344328,9233,0
matmul_train,global,sfreq+age+dirty+refaults+rdist,matmul-naive96-s1,train,matmul,matmul-naive96,0.1,3,619186,6110,1
matmul_train,global,idle+age+dirty+refaults+rdist,matmul-naive96-s1,train,matmul,matmul-naive96,0.1,3,117148,9233,0
matmul_train,global,ref+aging+sfreq+idle+age+dirty,matmul-naive96-s1,train,matmul,matmul-naive96,0.1,3,93310,9233,0
matmul_train,global,ref+aging+sfreq+idle+age+refaults,matmul-naive96-s1,train,matmul,matmul-naive96,0.1,3,96785,9233,0
matmul_train,global,ref+aging+sfreq+idle+age+rdist,matmul-naive96-s1,train,matmul,matmul-naive96,0.1,3,93310,9233,0
matmul_train,global,ref+aging+sfreq+idle+dirty+refaults,matmul-naive96-s1,train,matmul,matmul-naive96,0.1,3,619186,6745,1
matmul_train,global,ref+aging+sfreq+idle+dirty+rdist,matmul-naive96-s1,train,matmul,matmul-naive96,0.1,3,93310,9233,0
matmul_train,global,ref+aging+sfreq+idle+refaults+rdist,matmul-naive96-s1,train,matmul,matmul-naive96,0.1,3,619186,6131,1
matmul_train,global,ref+aging+sfreq+age+dirty+refaults,matmul-naive96-s1,train,matmul,matmul-naive96,0.1,3,619186,7025,1
matmul_train,global,ref+aging+sfreq+age+dirty+rdist,matmul-naive96-s1,train,matmul,matmul-naive96,0.1,3,93310,9233,0
matmul_train,global,ref+aging+sfreq+age+refaults+rdist,matmul-naive96-s1,train,matmul,matmul-naive96,0.1,3,98308,9233,0
matmul_train,global,ref+aging+sfreq+dirty+refaults+rdist,matmul-naive96-s1,train,matmul,matmul-naive96,0.1,3,619186,7771,1
matmul_train,global,ref+aging+idle+age+dirty+refaults,matmul-naive96-s1,train,matmul,matmul-naive96,0.1,3,96792,9233,0
matmul_train,global,ref+aging+idle+age+dirty+rdist,matmul-naive96-s1,train,matmul,matmul-naive96,0.1,3,93310,9233,0
matmul_train,global,ref+aging+idle+age+refaults+rdist,matmul-naive96-s1,train,matmul,matmul-naive96,0.1,3,96377,9233,0
matmul_train,global,ref+aging+idle+dirty+refaults+rdist,matmul-naive96-s1,train,matmul,matmul-naive96,0.1,3,94090,9233,0
matmul_train,global,ref+aging+age+dirty+refaults+rdist,matmul-naive96-s1,train,matmul,matmul-naive96,0.1,3,99765,9233,0
matmul_train,global,ref+sfreq+idle+age+dirty+refaults,matmul-naive96-s1,train,matmul,matmul-naive96,0.1,3,96597,9233,0
matmul_train,global,ref+sfreq+idle+age+dirty+rdist,matmul-naive96-s1,train,matmul,matmul-naive96,0.1,3,93310,9233,0
matmul_train,global,ref+sfreq+idle+age+refaults+rdist,matmul-naive96-s1,train,matmul,matmul-naive96,0.1,3,95163,9233,0
matmul_train,global,ref+sfreq+idle+dirty+refaults+rdist,matmul-naive96-s1,train,matmul,matmul-naive96,0.1,3,619186,8760,1
matmul_train,global,ref+sfreq+age+dirty+refaults+rdist,matmul-naive96-s1,train,matmul,matmul-naive96,0.1,3,619186,7685,1
matmul_train,global,ref+idle+age+dirty+refaults+rdist,matmul-naive96-s1,train,matmul,matmul-naive96,0.1,3,95658,9233,0
matmul_train,global,aging+sfreq+idle+age+dirty+refaults,matmul-naive96-s1,train,matmul,matmul-naive96,0.1,3,95386,9233,0
matmul_train,global,aging+sfreq+idle+age+dirty+rdist,matmul-naive96-s1,train,matmul,matmul-naive96,0.1,3,93310,9233,0
matmul_train,global,aging+sfreq+idle+age+refaults+rdist,matmul-naive96-s1,train,matmul,matmul-naive96,0.1,3,94193,9233,0
matmul_train,global,aging+sfreq+idle+dirty+refaults+rdist,matmul-naive96-s1,train,matmul,matmul-naive96,0.1,3,619186,6757,1
matmul_train,global,aging+sfreq+age+dirty+refaults+rdist,matmul-naive96-s1,train,matmul,matmul-naive96,0.1,3,100148,9233,0
matmul_train,global,aging+idle+age+dirty+refaults+rdist,matmul-naive96-s1,train,matmul,matmul-naive96,0.1,3,95700,9233,0
matmul_train,global,sfreq+idle+age+dirty+refaults+rdist,matmul-naive96-s1,train,matmul,matmul-naive96,0.1,3,116322,9233,0
matmul_train,global,ref+aging+sfreq+idle+age+dirty+refaults,matmul-naive96-s1,train,matmul,matmul-naive96,0.1,3,96836,9233,0
matmul_train,global,ref+aging+sfreq+idle+age+dirty+rdist,matmul-naive96-s1,train,matmul,matmul-naive96,0.1,3,93310,9233,0
matmul_train,global,ref+aging+sfreq+idle+age+refaults+rdist,matmul-naive96-s1,train,matmul,matmul-naive96,0.1,3,95205,9233,0
matmul_train,global,ref+aging+sfreq+idle+dirty+refaults+rdist,matmul-naive96-s1,train,matmul,matmul-naive96,0.1,3,619186,6131,1
matmul_train,global,ref+aging+sfreq+age+dirty+refaults+rdist,matmul-naive96-s1,train,matmul,matmul-naive96,0.1,3,99761,9233,0
matmul_train,global,ref+aging+idle+age+dirty+refaults+rdist,matmul-naive96-s1,train,matmul,matmul-naive96,0.1,3,97216,9233,0
matmul_train,global,ref+sfreq+idle+age+dirty+refaults+rdist,matmul-naive96-s1,train,matmul,matmul-naive96,0.1,3,95234,9233,0
matmul_train,global,aging+sfreq+idle+age+dirty+refaults+rdist,matmul-naive96-s1,train,matmul,matmul-naive96,0.1,3,94189,9233,0
matmul_train,global,ref+aging+sfreq+idle+age+dirty+refaults+rdist,matmul-naive96-s1,train,matmul,matmul-naive96,0.1,3,95233,9233,0
matmul_train,global,rec+ref+aging+sfreq+idle+age+dirty,matmul-naive96-s1,train,matmul,matmul-naive96,0.1,3,93885,9233,0
matmul_train,global,rec+ref+aging+sfreq+idle+age+dirty+refaults+rdist,matmul-naive96-s1,train,matmul,matmul-naive96,0.1,3,94738,9233,0
matmul_train,global,freq+ref+aging+sfreq+idle+age+dirty,matmul-naive96-s1,train,matmul,matmul-naive96,0.1,3,93936,9233,0
matmul_train,global,freq+ref+aging+sfreq+idle+age+dirty+refaults+rdist,matmul-naive96-s1,train,matmul,matmul-naive96,0.1,3,95376,9233,0
matmul_train,global,sd+ref+aging+sfreq+idle+age+dirty,matmul-naive96-s1,train,matmul,matmul-naive96,0.1,3,93309,9233,0
matmul_train,global,sd+ref+aging+sfreq+idle+age+dirty+refaults+rdist,matmul-naive96-s1,train,matmul,matmul-naive96,0.1,3,97160,9233,0
matmul_train,global,wr+ref+aging+sfreq+idle+age+dirty,matmul-naive96-s1,train,matmul,matmul-naive96,0.1,3,93310,9233,0
matmul_train,global,wr+ref+aging+sfreq+idle+age+dirty+refaults+rdist,matmul-naive96-s1,train,matmul,matmul-naive96,0.1,3,95257,9233,0
matmul_train,global,rec+freq+ref+aging+sfreq+idle+age+dirty,matmul-naive96-s1,train,matmul,matmul-naive96,0.1,3,96426,9233,0
matmul_train,global,rec+freq+ref+aging+sfreq+idle+age+dirty+refaults+rdist,matmul-naive96-s1,train,matmul,matmul-naive96,0.1,3,94354,9233,0
matmul_train,global,rec+sd+ref+aging+sfreq+idle+age+dirty,matmul-naive96-s1,train,matmul,matmul-naive96,0.1,3,93885,9233,0
matmul_train,global,rec+sd+ref+aging+sfreq+idle+age+dirty+refaults+rdist,matmul-naive96-s1,train,matmul,matmul-naive96,0.1,3,94803,9233,0
matmul_train,global,rec+wr+ref+aging+sfreq+idle+age+dirty,matmul-naive96-s1,train,matmul,matmul-naive96,0.1,3,93885,9233,0
matmul_train,global,rec+wr+ref+aging+sfreq+idle+age+dirty+refaults+rdist,matmul-naive96-s1,train,matmul,matmul-naive96,0.1,3,94736,9233,0
matmul_train,global,freq+sd+ref+aging+sfreq+idle+age+dirty,matmul-naive96-s1,train,matmul,matmul-naive96,0.1,3,93643,9233,0
matmul_train,global,freq+sd+ref+aging+sfreq+idle+age+dirty+refaults+rdist,matmul-naive96-s1,train,matmul,matmul-naive96,0.1,3,99354,9233,0
matmul_train,global,freq+wr+ref+aging+sfreq+idle+age+dirty,matmul-naive96-s1,train,matmul,matmul-naive96,0.1,3,93935,9233,0
matmul_train,global,freq+wr+ref+aging+sfreq+idle+age+dirty+refaults+rdist,matmul-naive96-s1,train,matmul,matmul-naive96,0.1,3,95289,9233,0
matmul_train,global,sd+wr+ref+aging+sfreq+idle+age+dirty,matmul-naive96-s1,train,matmul,matmul-naive96,0.1,3,93309,9233,0
matmul_train,global,sd+wr+ref+aging+sfreq+idle+age+dirty+refaults+rdist,matmul-naive96-s1,train,matmul,matmul-naive96,0.1,3,97156,9233,0
matmul_train,global,rec+freq+sd+ref+aging+sfreq+idle+age+dirty,matmul-naive96-s1,train,matmul,matmul-naive96,0.1,3,99144,9233,0
matmul_train,global,rec+freq+sd+ref+aging+sfreq+idle+age+dirty+refaults+rdist,matmul-naive96-s1,train,matmul,matmul-naive96,0.1,3,94640,9233,0
matmul_train,global,rec+freq+wr+ref+aging+sfreq+idle+age+dirty,matmul-naive96-s1,train,matmul,matmul-naive96,0.1,3,96426,9233,0
matmul_train,global,rec+freq+wr+ref+aging+sfreq+idle+age+dirty+refaults+rdist,matmul-naive96-s1,train,matmul,matmul-naive96,0.1,3,94335,9233,0
matmul_train,global,rec+sd+wr+ref+aging+sfreq+idle+age+dirty,matmul-naive96-s1,train,matmul,matmul-naive96,0.1,3,93885,9233,0
matmul_train,global,rec+sd+wr+ref+aging+sfreq+idle+age+dirty+refaults+rdist,matmul-naive96-s1,train,matmul,matmul-naive96,0.1,3,94802,9233,0
matmul_train,global,freq+sd+wr+ref+aging+sfreq+idle+age+dirty,matmul-naive96-s1,train,matmul,matmul-naive96,0.1,3,93635,9233,0
matmul_train,global,freq+sd+wr+ref+aging+sfreq+idle+age+dirty+refaults+rdist,matmul-naive96-s1,train,matmul,matmul-naive96,0.1,3,94916,9233,0
matmul_train,global,rec+freq+sd+wr+ref+aging+sfreq+idle+age+dirty,matmul-naive96-s1,train,matmul,matmul-naive96,0.1,3,99146,9233,0
matmul_train,global,rec+freq+sd+wr+ref+aging+sfreq+idle+age+dirty+refaults+rdist,matmul-naive96-s1,train,matmul,matmul-naive96,0.1,3,94626,9233,0
matmul_train,matmul,rec,matmul-naive96-s1,train,matmul,matmul-naive96,0.2,5,93309,9233,0
matmul_train,matmul,freq,matmul-naive96-s1,train,matmul,matmul-naive96,0.2,5,555841,6178,1
matmul_train,matmul,sd,matmul-naive96-s1,train,matmul,matmul-naive96,0.2,5,93309,9233,0
matmul_train,matmul,wr,matmul-naive96-s1,train,matmul,matmul-naive96,0.2,5,111162,9233,0
matmul_train,matmul,rec+freq,matmul-naive96-s1,train,matmul,matmul-naive96,0.2,5,93219,9233,0
matmul_train,matmul,rec+sd,matmul-naive96-s1,train,matmul,matmul-naive96,0.2,5,93309,9233,0
matmul_train,matmul,rec+wr,matmul-naive96-s1,train,matmul,matmul-naive96,0.2,5,93309,9233,0
matmul_train,matmul,freq+sd,matmul-naive96-s1,train,matmul,matmul-naive96,0.2,5,93309,9233,0
matmul_train,matmul,freq+wr,matmul-naive96-s1,train,matmul,matmul-naive96,0.2,5,555841,6178,1
matmul_train,matmul,sd+wr,matmul-naive96-s1,train,matmul,matmul-naive96,0.2,5,93309,9233,0
matmul_train,matmul,rec+freq+sd,matmul-naive96-s1,train,matmul,matmul-naive96,0.2,5,93309,9233,0
matmul_train,matmul,rec+freq+wr,matmul-naive96-s1,train,matmul,matmul-naive96,0.2,5,93309,9233,0
matmul_train,matmul,rec+sd+wr,matmul-naive96-s1,train,matmul,matmul-naive96,0.2,5,93309,9233,0
matmul_train,matmul,freq+sd+wr,matmul-naive96-s1,train,matmul,matmul-naive96,0.2,5,93309,9233,0
matmul_train,matmul,rec+freq+sd+wr,matmul-naive96-s1,train,matmul,matmul-naive96,0.2,5,93309,9233,0
matmul_train,matmul,ref,matmul-naive96-s1,train,matmul,matmul-naive96,0.2,5,93310,9233,0
matmul_train,matmul,aging,matmul-naive96-s1,train,matmul,matmul-naive96,0.2,5,93310,9233,0
matmul_train,matmul,sfreq,matmul-naive96-s1,train,matmul,matmul-naive96,0.2,5,555841,6161,1
matmul_train,matmul,idle,matmul-naive96-s1,train,matmul,matmul-naive96,0.2,5,93310,9233,0
matmul_train,matmul,age,matmul-naive96-s1,train,matmul,matmul-naive96,0.2,5,555841,5172,1
matmul_train,matmul,dirty,matmul-naive96-s1,train,matmul,matmul-naive96,0.2,5,111162,9233,0
matmul_train,matmul,refaults,matmul-naive96-s1,train,matmul,matmul-naive96,0.2,5,207678,23,0
matmul_train,matmul,rdist,matmul-naive96-s1,train,matmul,matmul-naive96,0.2,5,207678,23,0
matmul_train,matmul,ref+aging,matmul-naive96-s1,train,matmul,matmul-naive96,0.2,5,93310,9233,0
matmul_train,matmul,ref+sfreq,matmul-naive96-s1,train,matmul,matmul-naive96,0.2,5,555841,6162,1
matmul_train,matmul,ref+idle,matmul-naive96-s1,train,matmul,matmul-naive96,0.2,5,93310,9233,0
matmul_train,matmul,ref+age,matmul-naive96-s1,train,matmul,matmul-naive96,0.2,5,555841,5643,1
matmul_train,matmul,ref+dirty,matmul-naive96-s1,train,matmul,matmul-naive96,0.2,5,93310,9233,0
matmul_train,matmul,ref+refaults,matmul-naive96-s1,train,matmul,matmul-naive96,0.2,5,82004,24,0
matmul_train,matmul,ref+rdist,matmul-naive96-s1,train,matmul,matmul-naive96,0.2,5,207678,23,0
matmul_train,matmul,aging+sfreq,matmul-naive96-s1,train,matmul,matmul-naive96,0.2,5,555841,6777,1
matmul_train,matmul,aging+idle,matmul-naive96-s1,train,matmul,matmul-naive96,0.2,5,93310,9233,0
matmul_train,matmul,aging+age,matmul-naive96-s1,train,matmul,matmul-naive96,0.2,5,555841,6777,1
matmul_train,matmul,aging+dirty,matmul-naive96-s1,train,matmul,matmul-naive96,0.2,5,93310,9233,0
matmul_train,matmul,aging+refaults,matmul-naive96-s1,train,matmul,matmul-naive96,0.2,5,90907,7295,0
matmul_train,matmul,aging+rdist,matmul-naive96-s1,train,matmul,matmul-naive96,0.2,5,81047,23,0
matmul_train,matmul,sfreq+idle,matmul-naive96-s1,train,matmul,matmul-naive96,0.2,5,92455,9232,0
matmul_train,matmul,sfreq+age,matmul-naive96-s1,train,matmul,matmul-naive96,0.2,5,555841,6776,1
matmul_train,matmul,sfreq+dirty,matmul-naive96-s1,train,matmul,matmul-naive96,0.2,5,555841,6161,1
matmul_train,matmul,sfreq+refaults,matmul-naive96-s1,train,matmul,matmul-naive96,0.2,5,555841,5291,1
matmul_train,matmul,sfreq+rdist,matmul-naive96-s1,train,matmul,matmul-naive96,0.2,5,555841,5172,1
matmul_train,matmul,idle+age,matmul-naive96-s1,train,matmul,matmul-naive96,0.2,5,92740,9233,0
matmul_train,matmul,idle+dirty,matmul-naive96-s1,train,matmul,matmul-naive96,0.2,5,93310,9233,0
matmul_train,matmul,idle+refaults,matmul-naive96-s1,train,matmul,matmul-naive96,0.2,5,93119,9233,0
matmul_train,matmul,idle+rdist,matmul-naive96-s1,train,matmul,matmul-naive96,0.2,5,81047,25,0
matmul_train,matmul,age+dirty,matmul-naive96-s1,train,matmul,matmul-naive96,0.2,5,555841,5172,1
matmul_train,matmul,age+refaults,matmul-naive96-s1,train,matmul,matmul-naive96,0.2,5,555841,5172,1
matmul_train,matmul,age+rdist,matmul-naive96-s1,train,matmul,matmul-naive96,0.2,5,555841,5172,1
matmul_train,matmul,dirty+refaults,matmul-naive96-s1,train,matmul,matmul-naive96,0.2,5,192247,9229,0
matmul_train,matmul,dirty+rdist,matmul-naive96-s1,train,matmul,matmul-naive96,0.2,5,192247,9229,0
matmul_train,matmul,refaults+rdist,matmul-naive96-s1,train,matmul,matmul-naive96,0.2,5,207678,23,0
matmul_train,matmul,ref+aging+sfreq,matmul-naive96-s1,train,matmul,matmul-naive96,0.2,5,92740,9233,0
matmul_train,matmul,ref+aging+idle,matmul-naive96-s1,train,matmul,matmul-naive96,0.2,5,93310,9233,0
matmul_train,matmul,ref+aging+age,matmul-naive96-s1,train,matmul,matmul-naive96,0.2,5,92740,9233,0
matmul_train,matmul,ref+aging+dirty,matmul-naive96-s1,train,matmul,matmul-naive96,0.2,5,93310,9233,0
matmul_train,matmul,ref+aging+refaults,matmul-naive96-s1,train,matmul,matmul-naive96,0.2,5,93214,9233,0
matmul_train,matmul,ref+aging+rdist,matmul-naive96-s1,train,matmul,matmul-naive96,0.2,5,72791,23,0
matmul_train,matmul,ref+sfreq+idle,matmul-naive96-s1,train,matmul,matmul-naive96,0.2,5,93025,9233,0
matmul_train,matmul,ref+sfreq+age,matmul-naive96-s1,train,matmul,matmul-naive96,0.2,5,555841,5643,1
matmul_train,matmul,ref+sfreq+dirty,matmul-naive96-s1,train,matmul,matmul-naive96,0.2,5,555841,6162,1
matmul_train,matmul,ref+sfreq+refaults,matmul-naive96-s1,train,matmul,matmul-naive96,0.2,5,555841,6160,1
matmul_train,matmul,ref+sfreq+rdist,matmul-naive96-s1,train,matmul,matmul-naive96,0.2,5,555841,3278,1
matmul_train,matmul,ref+idle+age,matmul-naive96-s1,train,matmul,matmul-naive96,0.2,5,93025,9233,0
matmul_train,matmul,ref+idle+dirty,matmul-naive96-s1,train,matmul,matmul-naive96,0.2,5,93310,9233,0
matmul_train,matmul,ref+idle+refaults,matmul-naive96-s1,train,matmul,matmul-naive96,0.2,5,93310,9233,0
matmul_train,matmul,ref+idle+rdist,matmul-naive96-s1,train,matmul,matmul-naive96,0.2,5,82004,25,0
matmul_train,matmul,ref+age+dirty,matmul-naive96-s1,train,matmul,matmul-naive96,0.2,5,555841,5643,1
matmul_train,matmul,ref+age+refaults,matmul-naive96-s1,train,matmul,matmul-naive96,0.2,5,555841,5643,1
matmul_train,matmul,ref+age+rdist,matmul-naive96-s1,train,matmul,matmul-naive96,0.2,5,555841,3303,1
matmul_train,matmul,ref+dirty+refaults,matmul-naive96-s1,train,matmul,matmul-naive96,0.2,5,88140,9229,0
matmul_train,matmul,ref+dirty+rdist,matmul-naive96-s1,train,matmul,matmul-naive96,0.2,5,192247,9229,0
matmul_train,matmul,ref+refaults+rdist,matmul-naive96-s1,train,matmul,matmul-naive96,0.2,5,207678,23,0
matmul_train,matmul,aging+sfreq+idle,matmul-naive96-s1,train,matmul,matmul-naive96,0.2,5,555841,6777,1
matmul_train,matmul,aging+sfreq+age,matmul-naive96-s1,train,matmul,matmul-naive96,0.2,5,74880,9231,0
matmul_train,matmul,aging+sfreq+dirty,matmul-naive96-s1,train,matmul,matmul-naive96,0.2,5,555841,6777,1
matmul_train,matmul,aging+sfreq+refaults,matmul-naive96-s1,train,matmul,matmul-naive96,0.2,5,555841,6850,1
matmul_train,matmul,aging+sfreq+rdist,matmul-naive96-s1,train,matmul,matmul-naive96,0.2,5,555841,3278,1
matmul_train,matmul,aging+idle+age,matmul-naive96-s1,train,matmul,matmul-naive96,0.2,5,555841,6777,1
matmul_train,matmul,aging+idle+dirty,matmul-naive96-s1,train,matmul,matmul-naive96,0.2,5,93310,9233,0
matmul_train,matmul,aging+idle+refaults,matmul-naive96-s1,train,matmul,matmul-naive96,0.2,5,91596,8252,0
matmul_train,matmul,aging+idle+rdist,matmul-naive96-s1,train,matmul,matmul-naive96,0.2,5,81047,23,0
matmul_train,matmul,aging+age+dirty,matmul-naive96-s1,train,matmul,matmul-naive96,0.2,5,555841,6777,1
matmul_train,matmul,aging+age+refaults,matmul-naive96-s1,train,matmul,matmul-naive96,0.2,5,555841,6776,1
matmul_train,matmul,aging+age+rdist,matmul-naive96-s1,train,matmul,matmul-naive96,0.2,5,555841,3278,1
matmul_train,matmul,aging+dirty+refaults,matmul-naive96-s1,train,matmul,matmul-naive96,0.2,5,92170,9231,0
matmul_train,matmul,aging+dirty+rdist,matmul-naive96-s1,train,matmul,matmul-naive96,0.2,5,81402,7311,0
matmul_train,matmul,aging+refaults+rdist,matmul-naive96-s1,train,matmul,matmul-naive96,0.2,5,72797,23,0
matmul_train,matmul,sfreq+idle+age,matmul-naive96-s1,train,matmul,matmul-naive96,0.2,5,93310,9233,0
matmul_train,matmul,sfreq+idle+dirty,matmul-naive96-s1,train,matmul,matmul-naive96,0.2,5,92455,9232,0
matmul_train,matmul,sfreq+idle+refaults,matmul-naive96-s1,train,matmul,matmul-naive96,0.2,5,92654,9233,0
matmul_train,matmul,sfreq+idle+rdist,matmul-naive96-s1,train,matmul,matmul-naive96,0.2,5,72790,24,0
matmul_train,matmul,sfreq+age+dirty,matmul-naive96-s1,train,matmul,matmul-naive96,0.2,5,555841,6776,1
matmul_train,matmul,sfreq+age+refaults,matmul-naive96-s1,train,matmul,matmul-naive96,0.2,5,555841,6769,1
matmul_train,matmul,sfreq+age+rdist,matmul-naive96-s1,train,matmul,matmul-naive96,0.2,5,555841,3278,1
matmul_train,matmul,sfreq+dirty+refaults,matmul-naive96-s1,train,matmul,matmul-naive96,0.2,5,555841,5291,1
matmul_train,matmul,sfreq+dirty+rdist,matmul-naive96-s1,train,matmul,matmul-naive96,0.2,5,555841,5172,1
matmul_train,matmul,sfreq+refaults+rdist,matmul-naive96-s1,train,matmul,matmul-naive96,0.2,5,555841,5172,1
matmul_train,matmul,idle+age+dirty,matmul-naive96-s1,train,matmul,matmul-naive96,0.2,5,92455,9232,0
matmul_train,matmul,idle+age+refaults,matmul-naive96-s1,train,matmul,matmul-naive96,0.2,5,92740,9233,0
matmul_train,matmul,idle+age+rdist,matmul-naive96-s1,train,matmul,matmul-naive96,0.2,5,70864,6353,0
matmul_train,matmul,idle+dirty+refaults,matmul-naive96-s1,train,matmul,matmul-naive96,0.2,5,92835,9232,0
matmul_train,matmul,idle+dirty+rdist,matmul-naive96-s1,train,matmul,matmul-naive96,0.2,5,81040,9231,0
matmul_train,matmul,idle+refaults+rdist,matmul-naive96-s1,train,matmul,matmul-naive96,0.2,5,72792,24,0
matmul_train,matmul,age+dirty+refaults,matmul-naive96-s1,train,matmul,matmul-naive96,0.2,5,555841,5172,1
matmul_train,matmul,age+dirty+rdist,matmul-naive96-s1,train,matmul,matmul-naive96,0.2,5,555841,5172,1
matmul_train,matmul,age+refaults+rdist,matmul-naive96-s1,train,matmul,matmul-naive96,0.2,5,555841,5172,1
matmul_train,matmul,dirty+refaults+rdist,matmul-naive96-s1,train,matmul,matmul-naive96,0.2,5,192247,9229,0
matmul_train,matmul,ref+aging+sfreq+idle,matmul-naive96-s1,train,matmul,matmul-naive96,0.2,5,93310,9233,0
matmul_train,matmul,ref+aging+sfreq+age,matmul-naive96-s1,train,matmul,matmul-naive96,0.2,5,84095,9232,0
matmul_train,matmul,ref+aging+sfreq+dirty,matmul-naive96-s1,train,matmul,matmul-naive96,0.2,5,92740,9233,0
matmul_train,matmul,ref+aging+sfreq+refaults,matmul-naive96-s1,train,matmul,matmul-naive96,0.2,5,92740,9233,0
matmul_train,matmul,ref+aging+sfreq+rdist,matmul-naive96-s1,train,matmul,matmul-naive96,0.2,5,72981,215,0
matmul_train,matmul,ref+aging+idle+age,matmul-naive96-s1,train,matmul,matmul-naive96,0.2,5,93310,9233,0
matmul_train,matmul,ref+aging+idle+dirty,matmul-naive96-s1,train,matmul,matmul-naive96,0.2,5,93310,9233,0
matmul_train,matmul,ref+aging+idle+refaults,matmul-naive96-s1,train,matmul,matmul-naive96,0.2,5,93240,9163,0
matmul_train,matmul,ref+aging+idle+rdist,matmul-naive96-s1,train,matmul,matmul-naive96,0.2,5,87097,5265,0
matmul_train,matmul,ref+aging+age+dirty,matmul-naive96-s1,train,matmul,matmul-naive96,0.2,5,92740,9233,0
matmul_train,matmul,ref+aging+age+refaults,matmul-naive96-s1,train,matmul,matmul-naive96,0.2,5,93123,9233,0
matmul_train,matmul,ref+aging+age+rdist,matmul-naive96-s1,train,matmul,matmul-naive96,0.2,5,70869,6352,0
matmul_train,matmul,ref+aging+dirty+refaults,matmul-naive96-s1,train,matmul,matmul-naive96,0.2,5,93120,9232,0
matmul_train,matmul,ref+aging+dirty+rdist,matmul-naive96-s1,train,matmul,matmul-naive96,0.2,5,81935,9230,0
matmul_train,matmul,ref+aging+refaults+rdist,matmul-naive96-s1,train,matmul,matmul-naive96,0.2,5,81046,23,0
matmul_train,matmul,ref+sfreq+idle+age,matmul-naive96-s1,train,matmul,matmul-naive96,0.2,5,93310,9233,0
matmul_train,matmul,ref+sfreq+idle+dirty,matmul-naive96-s1,train,matmul,matmul-naive96,0.2,5,92740,9232,0
matmul_train,matmul,ref+sfreq+idle+refaults,matmul-naive96-s1,train,matmul,matmul-naive96,0.2,5,92962,9233,0
matmul_train,matmul,ref+sfreq+idle+rdist,matmul-naive96-s1,train,matmul,matmul-naive96,0.2,5,73749,24,0
matmul_train,matmul,ref+sfreq+age+dirty,matmul-naive96-s1,train,matmul,matmul-naive96,0.2,5,555841,5643,1
matmul_train,matmul,ref+sfreq+age+refaults,matmul-naive96-s1,train,matmul,matmul-naive96,0.2,5,555841,5156,1
matmul_train,matmul,ref+sfreq+age+rdist,matmul-naive96-s1,train,matmul,matmul-naive96,0.2,5,555841,3303,1
matmul_train,matmul,ref+sfreq+dirty+refaults,matmul-naive96-s1,train,matmul,matmul-naive96,0.2,5,555841,6160,1
matmul_train,matmul,ref+sfreq+dirty+rdist,matmul-naive96-s1,train,matmul,matmul-naive96,0.2,5,555841,5124,1
matmul_train,matmul,ref+sfreq+refaults+rdist,matmul-naive96-s1,train,matmul,matmul-naive96,0.2,5,555841,3278,1
matmul_train,matmul,ref+idle+age+dirty,matmul-naive96-s1,train,matmul,matmul-naive96,0.2,5,92740,9232,0
matmul_train,matmul,ref+idle+age+refaults,matmul-naive96-s1,train,matmul,matmul-naive96,0.2,5,93025,9233,0
matmul_train,matmul,ref+idle+age+rdist,matmul-naive96-s1,train,matmul,matmul-naive96,0.2,5,73749,24,0
matmul_train,matmul,ref+idle+dirty+refaults,matmul-naive96-s1,train,matmul,matmul-naive96,0.2,5,93025,9232,0
matmul_train,matmul,ref+idle+dirty+rdist,matmul-naive96-s1,train,matmul,matmul-naive96,0.2,5,91211,9232,0
matmul_train,matmul,ref+idle+refaults+rdist,matmul-naive96-s1,train,matmul,matmul-naive96,0.2,5,73749,24,0
matmul_train,matmul,ref+age+dirty+refaults,matmul-naive96-s1,train,matmul,matmul-naive96,0.2,5,555841,5643,1
matmul_train,matmul,ref+age+dirty+rdist,matmul-naive96-s1,train,matmul,matmul-naive96,0.2,5,555841,5125,1
matmul_train,matmul,ref+age+refaults+rdist,matmul-naive96-s1,train,matmul,matmul-naive96,0.2,5,555841,3303,1
matmul_train,matmul,ref+dirty+refaults+rdist,matmul-naive96-s1,train,matmul,matmul-naive96,0.2,5,192247,9229,0
matmul_train,matmul,aging+sfreq+idle+age,matmul-naive96-s1,train,matmul,matmul-naive96,0.2,5,74880,9231,0
matmul_train,matmul,aging+sfreq+idle+dirty,matmul-naive96-s1,train,matmul,matmul-naive96,0.2,5,92455,9232,0
matmul_train,matmul,aging+sfreq+idle+refaults,matmul-naive96-s1,train,matmul,matmul-naive96,0.2,5,176842,9233,0
matmul_train,matmul,aging+sfreq+idle+rdist,matmul-naive96-s1,train,matmul,matmul-naive96,0.2,5,555841,3278,1
matmul_train,matmul,aging+sfreq+age+dirty,matmul-naive96-s1,train,matmul,matmul-naive96,0.2,5,74880,9231,0
matmul_train,matmul,aging+sfreq+age+refaults,matmul-naive96-s1,train,matmul,matmul-naive96,0.2,5,66812,9231,0
matmul_train,matmul,aging+sfreq+age+rdist,matmul-naive96-s1,train,matmul,matmul-naive96,0.2,5,555841,3303,1
matmul_train,matmul,aging+sfreq+dirty+refaults,matmul-naive96-s1,train,matmul,matmul-naive96,0.2,5,555841,6774,1
matmul_train,matmul,aging+sfreq+dirty+rdist,matmul-naive96-s1,train,matmul,matmul-naive96,0.2,5,555841,5124,1
matmul_train,matmul,aging+sfreq+refaults+rdist,matmul-naive96-s1,train,matmul,matmul-naive96,0.2,5,555841,4647,1
matmul_train,matmul,aging+idle+age+dirty,matmul-naive96-s1,train,matmul,matmul-naive96,0.2,5,92455,9232,0
matmul_train,matmul,aging+idle+age+refaults,matmul-naive96-s1,train,matmul,matmul-naive96,0.2,5,92740,9233,0
matmul_train,matmul,aging+idle+age+rdist,matmul-naive96-s1,train,matmul,matmul-naive96,0.2,5,555841,3278,1
matmul_train,matmul,aging+idle+dirty+refaults,matmul-naive96-s1,train,matmul,matmul-naive96,0.2,5,92835,9232,0
matmul_train,matmul,aging+idle+dirty+rdist,matmul-naive96-s1,train,matmul,matmul-naive96,0.2,5,80941,9231,0
matmul_train,matmul,aging+idle+refaults+rdist,matmul-naive96-s1,train,matmul,matmul-naive96,0.2,5,223095,215,0
matmul_train,matmul,aging+age+dirty+refaults,matmul-naive96-s1,train,matmul,matmul-naive96,0.2,5,555841,6776,1
matmul_train,matmul,aging+age+dirty+rdist,matmul-naive96-s1,train,matmul,matmul-naive96,0.2,5,555841,5127,1
matmul_train,matmul,aging+age+refaults+rdist,matmul-naive96-s1,train,matmul,matmul-naive96,0.2,5,555841,5270,1
matmul_train,matmul,aging+dirty+refaults+rdist,matmul-naive96-s1,train,matmul,matmul-naive96,0.2,5,81402,7311,0
matmul_train,matmul,sfreq+idle+age+dirty,matmul-naive96-s1,train,matmul,matmul-naive96,0.2,5,93310,9233,0
matmul_train,matmul,sfreq+idle+age+refaults,matmul-naive96-s1,train,matmul,matmul-naive96,0.2,5,93361,9233,0
matmul_train,matmul,sfreq+idle+age+rdist,matmul-naive96-s1,train,matmul,matmul-naive96,0.2,5,73730,25,0
matmul_train,matmul,sfreq+idle+dirty+refaults,matmul-naive96-s1,train,matmul,matmul-naive96,0.2,5,92577,9233,0
matmul_train,matmul,sfreq+idle+dirty+rdist,matmul-naive96-s1,train,matmul,matmul-naive96,0.2,5,71452,5139,0
matmul_train,matmul,sfreq+idle+refaults+rdist,matmul-naive96-s1,train,matmul,matmul-naive96,0.2,5,78928,6162,0
matmul_train,matmul,sfreq+age+dirty+refaults,matmul-naive96-s1,train,matmul,matmul-naive96,0.2,5,555841,6772,1
matmul_train,matmul,sfreq+age+dirty+rdist,matmul-naive96-s1,train,matmul,matmul-naive96,0.2,5,555841,5124,1
matmul_train,matmul,sfreq+age+refaults+rdist,matmul-naive96-s1,train,matmul,matmul-naive96,0.2,5,555841,5285,1
matmul_train,matmul,sfreq+dirty+refaults+rdist,matmul-naive96-s1,train,matmul,matmul-naive96,0.2,5,555841,5172,1
matmul_train,matmul,idle+age+dirty+refaults,matmul-naive96-s1,train,matmul,matmul-naive96,0.2,5,92740,9233,0
matmul_train,matmul,idle+age+dirty+rdist,matmul-naive96-s1,train,matmul,matmul-naive96,0.2,5,66626,9230,0
matmul_train,matmul,idle+age+refaults+rdist,matmul-naive96-s1,train,matmul,matmul-naive96,0.2,5,73123,8270,0
matmul_train,matmul,idle+dirty+refaults+rdist,matmul-naive96-s1,train,matmul,matmul-naive96,0.2,5,70873,7312,0
matmul_train,matmul,age+dirty+refaults+rdist,matmul-naive96-s1,train,matmul,matmul-naive96,0.2,5,555841,5172,1
matmul_train,matmul,ref+aging+sfreq+idle+age,matmul-naive96-s1,train,matmul,matmul-naive96,0.2,5,84095,9232,0
matmul_train,matmul,ref+aging+sfreq+idle+dirty,matmul-naive96-s1,train,matmul,matmul-naive96,0.2,5,93310,9233,0
matmul_train,matmul,ref+aging+sfreq+idle+refaults,matmul-naive96-s1,train,matmul,matmul-naive96,0.2,5,93321,9233,0
matmul_train,matmul,ref+aging+sfreq+idle+rdist,matmul-naive96-s1,train,matmul,matmul-naive96,0.2,5,104907,8207,0
matmul_train,matmul,ref+aging+sfreq+age+dirty,matmul-naive96-s1,train,matmul,matmul-naive96,0.2,5,84096,9232,0
matmul_train,matmul,ref+aging+sfreq+age+refaults,matmul-naive96-s1,train,matmul,matmul-naive96,0.2,5,84097,9232,0
matmul_train,matmul,ref+aging+sfreq+age+rdist,matmul-naive96-s1,train,matmul,matmul-naive96,0.2,5,74223,8207,0
matmul_train,matmul,ref+aging+sfreq+dirty+refaults,matmul-naive96-s1,train,matmul,matmul-naive96,0.2,5,92740,9233,0
matmul_train,matmul,ref+aging+sfreq+dirty+rdist,matmul-naive96-s1,train,matmul,matmul-naive96,0.2,5,83053,9229,0
matmul_train,matmul,ref+aging+sfreq+refaults+rdist,matmul-naive96-s1,train,matmul,matmul-naive96,0.2,5,555841,5093,1
matmul_train,matmul,ref+aging+idle+age+dirty,matmul-naive96-s1,train,matmul,matmul-naive96,0.2,5,93310,9233,0
matmul_train,matmul,ref+aging+idle+age+refaults,matmul-naive96-s1,train,matmul,matmul-naive96,0.2,5,93319,9233,0
matmul_train,matmul,ref+aging+idle+age+rdist,matmul-naive96-s1,train,matmul,matmul-naive96,0.2,5,82888,9229,0
matmul_train,matmul,ref+aging+idle+dirty+refaults,matmul-naive96-s1,train,matmul,matmul-naive96,0.2,5,93310,9233,0
matmul_train,matmul,ref+aging+idle+dirty+rdist,matmul-naive96-s1,train,matmul,matmul-naive96,0.2,5,81935,9231,0
matmul_train,matmul,ref+aging+idle+refaults+rdist,matmul-naive96-s1,train,matmul,matmul-naive96,0.2,5,83401,214,0
matmul_train,matmul,ref+aging+age+dirty+refaults,matmul-naive96-s1,train,matmul,matmul-naive96,0.2,5,92740,9233,0
matmul_train,matmul,ref+aging+age+dirty+rdist,matmul-naive96-s1,train,matmul,matmul-naive96,0.2,5,73741,9229,0
matmul_train,matmul,ref+aging+age+refaults+rdist,matmul-naive96-s1,train,matmul,matmul-naive96,0.2,5,555841,4612,1
matmul_train,matmul,ref+aging+dirty+refaults+rdist,matmul-naive96-s1,train,matmul,matmul-naive96,0.2,5,74965,2261,0
matmul_train,matmul,ref+sfreq+idle+age+dirty,matmul-naive96-s1,train,matmul,matmul-naive96,0.2,5,93310,9233,0
matmul_train,matmul,ref+sfreq+idle+age+refaults,matmul-naive96-s1,train,matmul,matmul-naive96,0.2,5,93310,9233,0
matmul_train,matmul,ref+sfreq+idle+age+rdist,matmul-naive96-s1,train,matmul,matmul-naive96,0.2,5,74889,25,0
matmul_train,matmul,ref+sfreq+idle+dirty+refaults,matmul-naive96-s1,train,matmul,matmul-naive96,0.2,5,92826,9233,0
matmul_train,matmul,ref+sfreq+idle+dirty+rdist,matmul-naive96-s1,train,matmul,matmul-naive96,0.2,5,82956,9231,0
matmul_train,matmul,ref+sfreq+idle+refaults+rdist,matmul-naive96-s1,train,matmul,matmul-naive96,0.2,5,82124,8208,0
matmul_train,matmul,ref+sfreq+age+dirty+refaults,matmul-naive96-s1,train,matmul,matmul-naive96,0.2,5,555841,5265,1
matmul_train,matmul,ref+sfreq+age+dirty+rdist,matmul-naive96-s1,train,matmul,matmul-naive96,0.2,5,555841,5125,1
matmul_train,matmul,ref+sfreq+age+refaults+rdist,matmul-naive96-s1,train,matmul,matmul-naive96,0.2,5,555841,3303,1
matmul_train,matmul,ref+sfreq+dirty+refaults+rdist,matmul-naive96-s1,train,matmul,matmul-naive96,0.2,5,555841,5124,1
matmul_train,matmul,ref+idle+age+dirty+refaults,matmul-naive96-s1,train,matmul,matmul-naive96,0.2,5,93215,9233,0
matmul_train,matmul,ref+idle+age+dirty+rdist,matmul-naive96-s1,train,matmul,matmul-naive96,0.2,5,82956,9231,0
matmul_train,matmul,ref+idle+age+refaults+rdist,matmul-naive96-s1,train,matmul,matmul-naive96,0.2,5,82220,8208,0
matmul_train,matmul,ref+idle+dirty+refaults+rdist,matmul-naive96-s1,train,matmul,matmul-naive96,0.2,5,82956,9231,0
matmul_train,matmul,ref+age+dirty+refaults+rdist,matmul-naive96-s1,train,matmul,matmul-naive96,0.2,5,555841,5125,1
matmul_train,matmul,aging+sfreq+idle+age+dirty,matmul-naive96-s1,train,matmul,matmul-naive96,0.2,5,74880,9231,0
matmul_train,matmul,aging+sfreq+idle+age+refaults,matmul-naive96-s1,train,matmul,matmul-naive96,0.2,5,66869,9231,0
matmul_train,matmul,aging+sfreq+idle+age+rdist,matmul-naive96-s1,train,matmul,matmul-naive96,0.2,5,555841,3303,1
matmul_train,matmul,aging+sfreq+idle+dirty+refaults,matmul-naive96-s1,train,matmul,matmul-naive96,0.2,5,92581,9233,0
matmul_train,matmul,aging+sfreq+idle+dirty+rdist,matmul-naive96-s1,train,matmul,matmul-naive96,0.2,5,71828,9230,0
matmul_train,matmul,aging+sfreq+idle+refaults+rdist,matmul-naive96-s1,train,matmul,matmul-naive96,0.2,5,74866,8206,0
matmul_train,matmul,aging+sfreq+age+dirty+refaults,matmul-naive96-s1,train,matmul,matmul-naive96,0.2,5,66696,9231,0
matmul_train,matmul,aging+sfreq+age+dirty+rdist,matmul-naive96-s1,train,matmul,matmul-naive96,0.2,5,555841,5125,1
matmul_train,matmul,aging+sfreq+age+refaults+rdist,matmul-naive96-s1,train,matmul,matmul-naive96,0.2,5,555841,3303,1
matmul_train,matmul,aging+sfreq+dirty+refaults+rdist,matmul-naive96-s1,train,matmul,matmul-naive96,0.2,5,555841,6278,1
matmul_train,matmul,aging+idle+age+dirty+refaults,matmul-naive96-s1,train,matmul,matmul-naive96,0.2,5,92740,9233,0
matmul_train,matmul,aging+idle+age+dirty+rdist,matmul-naive96-s1,train,matmul,matmul-naive96,0.2,5,73744,9230,0
matmul_train,matmul,aging+idle+age+refaults+rdist,matmul-naive96-s1,train,matmul,matmul-naive96,0.2,5,69476,8208,0
matmul_train,matmul,aging+idle+dirty+refaults+rdist,matmul-naive96-s1,train,matmul,matmul-naive96,0.2,5,70012,7312,0
matmul_train,matmul,aging+age+dirty+refaults+rdist,matmul-naive96-s1,train,matmul,matmul-naive96,0.2,5,555841,5127,1
matmul_train,matmul,sfreq+idle+age+dirty+refaults,matmul-naive96-s1,train,matmul,matmul-naive96,0.2,5,93344,9233,0
matmul_train,matmul,sfreq+idle+age+dirty+rdist,matmul-naive96-s1,train,matmul,matmul-naive96,0.2,5,71492,3094,0
matmul_train,matmul,sfreq+idle+age+refaults+rdist,matmul-naive96-s1,train,matmul,matmul-naive96,0.2,5,75102,25,0
matmul_train,matmul,sfreq+idle+dirty+refaults+rdist,matmul-naive96-s1,train,matmul,matmul-naive96,0.2,5,73744,9230,0
matmul_train,matmul,sfreq+age+dirty+refaults+rdist,matmul-naive96-s1,train,matmul,matmul-naive96,0.2,5,555841,5124,1
matmul_train,matmul,idle+age+dirty+refaults+rdist,matmul-naive96-s1,train,matmul,matmul-naive96,0.2,5,72783,8271,0
matmul_train,matmul,ref+aging+sfreq+idle+age+dirty,matmul-naive96-s1,train,matmul,matmul-naive96,0.2,5,84095,9232,0
matmul_train,matmul,ref+aging+sfreq+idle+age+refaults,matmul-naive96-s1,train,matmul,matmul-naive96,0.2,5,84096,9232,0
matmul_train,matmul,ref+aging+sfreq+idle+age+rdist,matmul-naive96-s1,train,matmul,matmul-naive96,0.2,5,555841,2643,1
matmul_train,matmul,ref+aging+sfreq+idle+dirty+refaults,matmul-naive96-s1,train,matmul,matmul-naive96,0.2,5,96849,9233,0
matmul_train,matmul,ref+aging+sfreq+idle+dirty+rdist,matmul-naive96-s1,train,matmul,matmul-naive96,0.2,5,78925,9229,0
matmul_train,matmul,ref+aging+sfreq+idle+refaults+rdist,matmul-naive96-s1,train,matmul,matmul-naive96,0.2,5,555841,5551,1
matmul_train,matmul,ref+aging+sfreq+age+dirty+refaults,matmul-naive96-s1,train,matmul,matmul-naive96,0.2,5,84095,9232,0
matmul_train,matmul,ref+aging+sfreq+age+dirty+rdist,matmul-naive96-s1,train,matmul,matmul-naive96,0.2,5,555841,5172,1
matmul_train,matmul,ref+aging+sfreq+age+refaults+rdist,matmul-naive96-s1,train,matmul,matmul-naive96,0.2,5,74569,8207,0
matmul_train,matmul,ref+aging+sfreq+dirty+refaults+rdist,matmul-naive96-s1,train,matmul,matmul-naive96,0.2,5,222260,9230,0
matmul_train,matmul,ref+aging+idle+age+dirty+refaults,matmul-naive96-s1,train,matmul,matmul-naive96,0.2,5,93217,9233,0
matmul_train,matmul,ref+aging+idle+age+dirty+rdist,matmul-naive96-s1,train,matmul,matmul-naive96,0.2,5,555841,6594,1
matmul_train,matmul,ref+aging+idle+age+refaults+rdist,matmul-naive96-s1,train,matmul,matmul-naive96,0.2,5,555841,5553,1
matmul_train,matmul,ref+aging+idle+dirty+refaults+rdist,matmul-naive96-s1,train,matmul,matmul-naive96,0.2,5,74773,2070,0
matmul_train,matmul,ref+aging+age+dirty+refaults+rdist,matmul-naive96-s1,train,matmul,matmul-naive96,0.2,5,555841,6594,1
matmul_train,matmul,ref+sfreq+idle+age+dirty+refaults,matmul-naive96-s1,train,matmul,matmul-naive96,0.2,5,93310,9233,0
matmul_train,matmul,ref+sfreq+idle+age+dirty+rdist,matmul-naive96-s1,train,matmul,matmul-naive96,0.2,5,84096,9232,0
matmul_train,matmul,ref+sfreq+idle+age+refaults+rdist,matmul-naive96-s1,train,matmul,matmul-naive96,0.2,5,92291,8210,0
matmul_train,matmul,ref+sfreq+idle+dirty+refaults+rdist,matmul-naive96-s1,train,matmul,matmul-naive96,0.2,5,83526,9231,0
matmul_train,matmul,ref+sfreq+age+dirty+refaults+rdist,matmul-naive96-s1,train,matmul,matmul-naive96,0.2,5,555841,5125,1
matmul_train,matmul,ref+idle+age+dirty+refaults+rdist,matmul-naive96-s1,train,matmul,matmul-naive96,0.2,5,83526,9231,0
matmul_train,matmul,aging+sfreq+idle+age+dirty+refaults,matmul-naive96-s1,train,matmul,matmul-naive96,0.2,5,68704,9233,0
matmul_train,matmul,aging+sfreq+idle+age+dirty+rdist,matmul-naive96-s1,train,matmul,matmul-naive96,0.2,5,555841,5125,1
matmul_train,matmul,aging+sfreq+idle+age+refaults+rdist,matmul-naive96-s1,train,matmul,matmul-naive96,0.2,5,240868,8207,0
matmul_train,matmul,aging+sfreq+idle+dirty+refaults+rdist,matmul-naive96-s1,train,matmul,matmul-naive96,0.2,5,73741,9230,0
matmul_train,matmul,aging+sfreq+age+dirty+refaults+rdist,matmul-naive96-s1,train,matmul,matmul-naive96,0.2,5,555841,5125,1
matmul_train,matmul,aging+idle+age+dirty+refaults+rdist,matmul-naive96-s1,train,matmul,matmul-naive96,0.2,5,74033,9230,0
matmul_train,matmul,sfreq+idle+age+dirty+refaults+rdist,matmul-naive96-s1,train,matmul,matmul-naive96,0.2,5,73946,9231,0
matmul_train,matmul,ref+aging+sfreq+idle+age+dirty+refaults,matmul-naive96-s1,train,matmul,matmul-naive96,0.2,5,84095,9232,0
matmul_train,matmul,ref+aging+sfreq+idle+age+dirty+rdist,matmul-naive96-s1,train,matmul,matmul-naive96,0.2,5,555841,5172,1
matmul_train,matmul,ref+aging+sfreq+idle+age+refaults+rdist,matmul-naive96-s1,train,matmul,matmul-naive96,0.2,5,74042,8207,0
matmul_train,matmul,ref+aging+sfreq+idle+dirty+refaults+rdist,matmul-naive96-s1,train,matmul,matmul-naive96,0.2,5,74251,9231,0
matmul_train,matmul,ref+aging+sfreq+age+dirty+refaults+rdist,matmul-naive96-s1,train,matmul,matmul-naive96,0.2,5,74492,8207,0
matmul_train,matmul,ref+aging+idle+age+dirty+refaults+rdist,matmul-naive96-s1,train,matmul,matmul-naive96,0.2,5,74384,9230,0
matmul_train,matmul,ref+sfreq+idle+age+dirty+refaults+rdist,matmul-naive96-s1,train,matmul,matmul-naive96,0.2,5,84102,9232,0
matmul_train,matmul,aging+sfreq+idle+age+dirty+refaults+rdist,matmul-naive96-s1,train,matmul,matmul-naive96,0.2,5,65918,8210,0
matmul_train,matmul,ref+aging+sfreq+idle+age+dirty+refaults+rdist,matmul-naive96-s1,train,matmul,matmul-naive96,0.2,5,74492,8207,0
matmul_train,matmul,rec+ref+aging+sfreq+idle+age+dirty,matmul-naive96-s1,train,matmul,matmul-naive96,0.2,5,75164,9231,0
matmul_train,matmul,rec+ref+aging+sfreq+idle+age+dirty+refaults+rdist,matmul-naive96-s1,train,matmul,matmul-naive96,0.2,5,110913,9230,0
matmul_train,matmul,freq+ref+aging+sfreq+idle+age+dirty,matmul-naive96-s1,train,matmul,matmul-naive96,0.2,5,84094,9232,0
matmul_train,matmul,freq+ref+aging+sfreq+idle+age+dirty+refaults+rdist,matmul-naive96-s1,train,matmul,matmul-naive96,0.2,5,72212,8208,0
matmul_train,matmul,sd+ref+aging+sfreq+idle+age+dirty,matmul-naive96-s1,train,matmul,matmul-naive96,0.2,5,84094,9232,0
matmul_train,matmul,sd+ref+aging+sfreq+idle+age+dirty+refaults+rdist,matmul-naive96-s1,train,matmul,matmul-naive96,0.2,5,65664,9230,0
matmul_train,matmul,wr+ref+aging+sfreq+idle+age+dirty,matmul-naive96-s1,train,matmul,matmul-naive96,0.2,5,84095,9232,0
matmul_train,matmul,wr+ref+aging+sfreq+idle+age+dirty+refaults+rdist,matmul-naive96-s1,train,matmul,matmul-naive96,0.2,5,74904,9231,0
matmul_train,matmul,rec+freq+ref+aging+sfreq+idle+age+dirty,matmul-naive96-s1,train,matmul,matmul-naive96,0.2,5,555841,6016,1
matmul_train,matmul,rec+freq+ref+aging+sfreq+idle+age+dirty+refaults+rdist,matmul-naive96-s1,train,matmul,matmul-naive96,0.2,5,110913,9230,0
matmul_train,matmul,rec+sd+ref+aging+sfreq+idle+age+dirty,matmul-naive96-s1,train,matmul,matmul-naive96,0.2,5,68737,9231,0
matmul_train,matmul,rec+sd+ref+aging+sfreq+idle+age+dirty+refaults+rdist,matmul-naive96-s1,train,matmul,matmul-naive96,0.2,5,65664,9230,0
matmul_train,matmul,rec+wr+ref+aging+sfreq+idle+age+dirty,matmul-naive96-s1,train,matmul,matmul-naive96,0.2,5,75164,9231,0
matmul_train,matmul,rec+wr+ref+aging+sfreq+idle+age+dirty+refaults+rdist,matmul-naive96-s1,train,matmul,matmul-naive96,0.2,5,555841,6925,1
matmul_train,matmul,freq+sd+ref+aging+sfreq+idle+age+dirty,matmul-naive96-s1,train,matmul,matmul-naive96,0.2,5,84094,9232,0
matmul_train,matmul,freq+sd+ref+aging+sfreq+idle+age+dirty+refaults+rdist,matmul-naive96-s1,train,matmul,matmul-naive96,0.2,5,65667,9230,0
matmul_train,matmul,freq+wr+ref+aging+sfreq+idle+age+dirty,matmul-naive96-s1,train,matmul,matmul-naive96,0.2,5,84095,9232,0
matmul_train,matmul,freq+wr+ref+aging+sfreq+idle+age+dirty+refaults+rdist,matmul-naive96-s1,train,matmul,matmul-naive96,0.2,5,66641,9230,0
matmul_train,matmul,sd+wr+ref+aging+sfreq+idle+age+dirty,matmul-naive96-s1,train,matmul,matmul-naive96,0.2,5,75839,9232,0
matmul_train,matmul,sd+wr+ref+aging+sfreq+idle+age+dirty+refaults+rdist,matmul-naive96-s1,train,matmul,matmul-naive96,0.2,5,65664,9230,0
matmul_train,matmul,rec+freq+sd+ref+aging+sfreq+idle+age+dirty,matmul-naive96-s1,train,matmul,matmul-naive96,0.2,5,66638,9231,0
matmul_train,matmul,rec+freq+sd+ref+aging+sfreq+idle+age+dirty+refaults+rdist,matmul-naive96-s1,train,matmul,matmul-naive96,0.2,5,65667,9230,0
matmul_train,matmul,rec+freq+wr+ref+aging+sfreq+idle+age+dirty,matmul-naive96-s1,train,matmul,matmul-naive96,0.2,5,74879,9231,0
matmul_train,matmul,rec+freq+wr+ref+aging+sfreq+idle+age+dirty+refaults+rdist,matmul-naive96-s1,train,matmul,matmul-naive96,0.2,5,94743,9230,0
matmul_train,matmul,rec+sd+wr+ref+aging+sfreq+idle+age+dirty,matmul-naive96-s1,train,matmul,matmul-naive96,0.2,5,66626,9231,0
matmul_train,matmul,rec+sd+wr+ref+aging+sfreq+idle+age+dirty+refaults+rdist,matmul-naive96-s1,train,matmul,matmul-naive96,0.2,5,65664,9230,0
matmul_train,matmul,freq+sd+wr+ref+aging+sfreq+idle+age+dirty,matmul-naive96-s1,train,matmul,matmul-naive96,0.2,5,75839,9232,0
matmul_train,matmul,freq+sd+wr+ref+aging+sfreq+idle+age+dirty+refaults+rdist,matmul-naive96-s1,train,matmul,matmul-naive96,0.2,5,65685,9230,0
matmul_train,matmul,rec+freq+sd+wr+ref+aging+sfreq+idle+age+dirty,matmul-naive96-s1,train,matmul,matmul-naive96,0.2,5,66624,9231,0
matmul_train,matmul,rec+freq+sd+wr+ref+aging+sfreq+idle+age+dirty+refaults+rdist,matmul-naive96-s1,train,matmul,matmul-naive96,0.2,5,65679,9230,0
matmul_train,global,rec,matmul-naive96-s1,train,matmul,matmul-naive96,0.2,5,93309,9233,0
matmul_train,global,freq,matmul-naive96-s1,train,matmul,matmul-naive96,0.2,5,555841,6178,1
matmul_train,global,sd,matmul-naive96-s1,train,matmul,matmul-naive96,0.2,5,93309,9233,0
matmul_train,global,wr,matmul-naive96-s1,train,matmul,matmul-naive96,0.2,5,111162,9233,0
matmul_train,global,rec+freq,matmul-naive96-s1,train,matmul,matmul-naive96,0.2,5,93214,9233,0
matmul_train,global,rec+sd,matmul-naive96-s1,train,matmul,matmul-naive96,0.2,5,93024,9232,0
matmul_train,global,rec+wr,matmul-naive96-s1,train,matmul,matmul-naive96,0.2,5,93309,9233,0
matmul_train,global,freq+sd,matmul-naive96-s1,train,matmul,matmul-naive96,0.2,5,93442,9233,0
matmul_train,global,freq+wr,matmul-naive96-s1,train,matmul,matmul-naive96,0.2,5,555841,6178,1
matmul_train,global,sd+wr,matmul-naive96-s1,train,matmul,matmul-naive96,0.2,5,93309,9233,0
matmul_train,global,rec+freq+sd,matmul-naive96-s1,train,matmul,matmul-naive96,0.2,5,93148,9233,0
matmul_train,global,rec+freq+wr,matmul-naive96-s1,train,matmul,matmul-naive96,0.2,5,93214,9233,0
matmul_train,global,rec+sd+wr,matmul-naive96-s1,train,matmul,matmul-naive96,0.2,5,93024,9232,0
matmul_train,global,freq+sd+wr,matmul-naive96-s1,train,matmul,matmul-naive96,0.2,5,93442,9233,0
matmul_train,global,rec+freq+sd+wr,matmul-naive96-s1,train,matmul,matmul-naive96,0.2,5,93148,9233,0
matmul_train,global,ref,matmul-naive96-s1,train,matmul,matmul-naive96,0.2,5,93310,9233,0
matmul_train,global,aging,matmul-naive96-s1,train,matmul,matmul-naive96,0.2,5,93310,9233,0
matmul_train,global,sfreq,matmul-naive96-s1,train,matmul,matmul-naive96,0.2,5,555841,6161,1
matmul_train,global,idle,matmul-naive96-s1,train,matmul,matmul-naive96,0.2,5,93310,9233,0
matmul_train,global,age,matmul-naive96-s1,train,matmul,matmul-naive96,0.2,5,111168,9233,0
matmul_train,global,dirty,matmul-naive96-s1,train,matmul,matmul-naive96,0.2,5,111162,9233,0
matmul_train,global,refaults,matmul-naive96-s1,train,matmul,matmul-naive96,0.2,5,138534,9233,0
matmul_train,global,rdist,matmul-naive96-s1,train,matmul,matmul-naive96,0.2,5,207678,23,0
matmul_train,global,ref+aging,matmul-naive96-s1,train,matmul,matmul-naive96,0.2,5,93310,9233,0
matmul_train,global,ref+sfreq,matmul-naive96-s1,train,matmul,matmul-naive96,0.2,5,89669,9231,0
matmul_train,global,ref+idle,matmul-naive96-s1,train,matmul,matmul-naive96,0.2,5,93310,9233,0
matmul_train,global,ref+age,matmul-naive96-s1,train,matmul,matmul-naive96,0.2,5,93310,9233,0
matmul_train,global,ref+dirty,matmul-naive96-s1,train,matmul,matmul-naive96,0.2,5,93310,9233,0
matmul_train,global,ref+refaults,matmul-naive96-s1,train,matmul,matmul-naive96,0.2,5,93681,9233,0
matmul_train,global,ref+rdist,matmul-naive96-s1,train,matmul,matmul-naive96,0.2,5,82004,24,0
matmul_train,global,aging+sfreq,matmul-naive96-s1,train,matmul,matmul-naive96,0.2,5,92740,9233,0
matmul_train,global,aging+idle,matmul-naive96-s1,train,matmul,matmul-naive96,0.2,5,93310,9233,0
matmul_train,global,aging+age,matmul-naive96-s1,train,matmul,matmul-naive96,0.2,5,92740,9233,0
matmul_train,global,aging+dirty,matmul-naive96-s1,train,matmul,matmul-naive96,0.2,5,93310,9233,0
matmul_train,global,aging+refaults,matmul-naive96-s1,train,matmul,matmul-naive96,0.2,5,93359,9233,0
matmul_train,global,aging+rdist,matmul-naive96-s1,train,matmul,matmul-naive96,0.2,5,85829,2294,0
matmul_train,global,sfreq+idle,matmul-naive96-s1,train,matmul,matmul-naive96,0.2,5,92740,9233,0
matmul_train,global,sfreq+age,matmul-naive96-s1,train,matmul,matmul-naive96,0.2,5,119357,9232,0
matmul_train,global,sfreq+dirty,matmul-naive96-s1,train,matmul,matmul-naive96,0.2,5,555841,6161,1
matmul_train,global,sfreq+refaults,matmul-naive96-s1,train,matmul,matmul-naive96,0.2,5,555841,6172,1
matmul_train,global,sfreq+rdist,matmul-naive96-s1,train,matmul,matmul-naive96,0.2,5,244936,23,0
matmul_train,global,idle+age,matmul-naive96-s1,train,matmul,matmul-naive96,0.2,5,92740,9233,0
matmul_train,global,idle+dirty,matmul-naive96-s1,train,matmul,matmul-naive96,0.2,5,93310,9233,0
matmul_train,global,idle+refaults,matmul-naive96-s1,train,matmul,matmul-naive96,0.2,5,99706,9233,0
matmul_train,global,idle+rdist,matmul-naive96-s1,train,matmul,matmul-naive96,0.2,5,82004,25,0
matmul_train,global,age+dirty,matmul-naive96-s1,train,matmul,matmul-naive96,0.2,5,111165,9233,0
matmul_train,global,age+refaults,matmul-naive96-s1,train,matmul,matmul-naive96,0.2,5,555841,7580,1
matmul_train,global,age+rdist,matmul-naive96-s1,train,matmul,matmul-naive96,0.2,5,82176,23,0
matmul_train,global,dirty+refaults,matmul-naive96-s1,train,matmul,matmul-naive96,0.2,5,138297,8996,0
matmul_train,global,dirty+rdist,matmul-naive96-s1,train,matmul,matmul-naive96,0.2,5,192247,9229,0
matmul_train,global,refaults+rdist,matmul-naive96-s1,train,matmul,matmul-naive96,0.2,5,139900,9224,0
matmul_train,global,ref+aging+sfreq,matmul-naive96-s1,train,matmul,matmul-naive96,0.2,5,92740,9233,0
matmul_train,global,ref+aging+idle,matmul-naive96-s1,train,matmul,matmul-naive96,0.2,5,93310,9233,0
matmul_train,global,ref+aging+age,matmul-naive96-s1,train,matmul,matmul-naive96,0.2,5,92740,9233,0
matmul_train,global,ref+aging+dirty,matmul-naive96-s1,train,matmul,matmul-naive96,0.2,5,93310,9233,0
matmul_train,global,ref+aging+refaults,matmul-naive96-s1,train,matmul,matmul-naive96,0.2,5,93355,9233,0
matmul_train,global,ref+aging+rdist,matmul-naive96-s1,train,matmul,matmul-naive96,0.2,5,92841,9233,0
matmul_train,global,ref+sfreq+idle,matmul-naive96-s1,train,matmul,matmul-naive96,0.2,5,92455,9232,0
matmul_train,global,ref+sfreq+age,matmul-naive96-s1,train,matmul,matmul-naive96,0.2,5,92360,9231,0
matmul_train,global,ref+sfreq+dirty,matmul-naive96-s1,train,matmul,matmul-naive96,0.2,5,89669,9231,0
matmul_train,global,ref+sfreq+refaults,matmul-naive96-s1,train,matmul,matmul-naive96,0.2,5,555841,7546,1
matmul_train,global,ref+sfreq+rdist,matmul-naive96-s1,train,matmul,matmul-naive96,0.2,5,84613,8207,0
matmul_train,global,ref+idle+age,matmul-naive96-s1,train,matmul,matmul-naive96,0.2,5,92740,9233,0
matmul_train,global,ref+idle+dirty,matmul-naive96-s1,train,matmul,matmul-naive96,0.2,5,93310,9233,0
matmul_train,global,ref+idle+refaults,matmul-naive96-s1,train,matmul,matmul-naive96,0.2,5,93803,9233,0
matmul_train,global,ref+idle+rdist,matmul-naive96-s1,train,matmul,matmul-naive96,0.2,5,82004,25,0
matmul_train,global,ref+age+dirty,matmul-naive96-s1,train,matmul,matmul-naive96,0.2,5,93310,9233,0
matmul_train,global,ref+age+refaults,matmul-naive96-s1,train,matmul,matmul-naive96,0.2,5,82746,9233,0
matmul_train,global,ref+age+rdist,matmul-naive96-s1,train,matmul,matmul-naive96,0.2,5,82004,24,0
matmul_train,global,ref+dirty+refaults,matmul-naive96-s1,train,matmul,matmul-naive96,0.2,5,93246,8783,0
matmul_train,global,ref+dirty+rdist,matmul-naive96-s1,train,matmul,matmul-naive96,0.2,5,88140,9230,0
matmul_train,global,ref+refaults+rdist,matmul-naive96-s1,train,matmul,matmul-naive96,0.2,5,75715,9225,0
matmul_train,global,aging+sfreq+idle,matmul-naive96-s1,train,matmul,matmul-naive96,0.2,5,92740,9233,0
matmul_train,global,aging+sfreq+age,matmul-naive96-s1,train,matmul,matmul-naive96,0.2,5,92740,9233,0
matmul_train,global,aging+sfreq+dirty,matmul-naive96-s1,train,matmul,matmul-naive96,0.2,5,92455,9232,0
matmul_train,global,aging+sfreq+refaults,matmul-naive96-s1,train,matmul,matmul-naive96,0.2,5,308444,9233,0
matmul_train,global,aging+sfreq+rdist,matmul-naive96-s1,train,matmul,matmul-naive96,0.2,5,91781,8273,0
matmul_train,global,aging+idle+age,matmul-naive96-s1,train,matmul,matmul-naive96,0.2,5,92740,9233,0
matmul_train,global,aging+idle+dirty,matmul-naive96-s1,train,matmul,matmul-naive96,0.2,5,93310,9233,0
matmul_train,global,aging+idle+refaults,matmul-naive96-s1,train,matmul,matmul-naive96,0.2,5,93412,9233,0
matmul_train,global,aging+idle+rdist,matmul-naive96-s1,train,matmul,matmul-naive96,0.2,5,89057,5298,0
matmul_train,global,aging+age+dirty,matmul-naive96-s1,train,matmul,matmul-naive96,0.2,5,92740,9233,0
matmul_train,global,aging+age+refaults,matmul-naive96-s1,train,matmul,matmul-naive96,0.2,5,93560,9233,0
matmul_train,global,aging+age+rdist,matmul-naive96-s1,train,matmul,matmul-naive96,0.2,5,92002,8208,0
matmul_train,global,aging+dirty+refaults,matmul-naive96-s1,train,matmul,matmul-naive96,0.2,5,93366,9233,0
matmul_train,global,aging+dirty+rdist,matmul-naive96-s1,train,matmul,matmul-naive96,0.2,5,92547,9230,0
matmul_train,global,aging+refaults+rdist,matmul-naive96-s1,train,matmul,matmul-naive96,0.2,5,93458,9232,0
matmul_train,global,sfreq+idle+age,matmul-naive96-s1,train,matmul,matmul-naive96,0.2,5,93025,9233,0
matmul_train,global,sfreq+idle+dirty,matmul-naive96-s1,train,matmul,matmul-naive96,0.2,5,92455,9232,0
matmul_train,global,sfreq+idle+refaults,matmul-naive96-s1,train,matmul,matmul-naive96,0.2,5,105142,9233,0
matmul_train,global,sfreq+idle+rdist,matmul-naive96-s1,train,matmul,matmul-naive96,0.2,5,82004,25,0
matmul_train,global,sfreq+age+dirty,matmul-naive96-s1,train,matmul,matmul-naive96,0.2,5,123266,9231,0
matmul_train,global,sfreq+age+refaults,matmul-naive96-s1,train,matmul,matmul-naive96,0.2,5,555841,7710,1
matmul_train,global,sfreq+age+rdist,matmul-naive96-s1,train,matmul,matmul-naive96,0.2,5,85253,4275,0
matmul_train,global,sfreq+dirty+refaults,matmul-naive96-s1,train,matmul,matmul-naive96,0.2,5,555841,6160,1
matmul_train,global,sfreq+dirty+rdist,matmul-naive96-s1,train,matmul,matmul-naive96,0.2,5,555841,5172,1
matmul_train,global,sfreq+refaults+rdist,matmul-naive96-s1,train,matmul,matmul-naive96,0.2,5,555841,6033,1
matmul_train,global,idle+age+dirty,matmul-naive96-s1,train,matmul,matmul-naive96,0.2,5,92455,9232,0
matmul_train,global,idle+age+refaults,matmul-naive96-s1,train,matmul,matmul-naive96,0.2,5,101575,9233,0
matmul_train,global,idle+age+rdist,matmul-naive96-s1,train,matmul,matmul-naive96,0.2,5,79886,6162,0
matmul_train,global,idle+dirty+refaults,matmul-naive96-s1,train,matmul,matmul-naive96,0.2,5,99887,9233,0
matmul_train,global,idle+dirty+rdist,matmul-naive96-s1,train,matmul,matmul-naive96,0.2,5,81996,9231,0
matmul_train,global,idle+refaults+rdist,matmul-naive96-s1,train,matmul,matmul-naive96,0.2,5,97568,9231,0
matmul_train,global,age+dirty+refaults,matmul-naive96-s1,train,matmul,matmul-naive96,0.2,5,555841,7844,1
matmul_train,global,age+dirty+rdist,matmul-naive96-s1,train,matmul,matmul-naive96,0.2,5,84444,5979,0
matmul_train,global,age+refaults+rdist,matmul-naive96-s1,train,matmul,matmul-naive96,0.2,5,555841,6873,1
matmul_train,global,dirty+refaults+rdist,matmul-naive96-s1,train,matmul,matmul-naive96,0.2,5,135271,9233,0
matmul_train,global,ref+aging+sfreq+idle,matmul-naive96-s1,train,matmul,matmul-naive96,0.2,5,92740,9233,0
matmul_train,global,ref+aging+sfreq+age,matmul-naive96-s1,train,matmul,matmul-naive96,0.2,5,92740,9233,0
matmul_train,global,ref+aging+sfreq+dirty,matmul-naive96-s1,train,matmul,matmul-naive96,0.2,5,92740,9233,0
matmul_train,global,ref+aging+sfreq+refaults,matmul-naive96-s1,train,matmul,matmul-naive96,0.2,5,353069,9233,0
matmul_train,global,ref+aging+sfreq+rdist,matmul-naive96-s1,train,matmul,matmul-naive96,0.2,5,92837,9232,0
matmul_train,global,ref+aging+idle+age,matmul-naive96-s1,train,matmul,matmul-naive96,0.2,5,92740,9233,0
matmul_train,global,ref+aging+idle+dirty,matmul-naive96-s1,train,matmul,matmul-naive96,0.2,5,93310,9233,0
matmul_train,global,ref+aging+idle+refaults,matmul-naive96-s1,train,matmul,matmul-naive96,0.2,5,93400,9233,0
matmul_train,global,ref+aging+idle+rdist,matmul-naive96-s1,train,matmul,matmul-naive96,0.2,5,92841,9233,0
matmul_train,global,ref+aging+age+dirty,matmul-naive96-s1,train,matmul,matmul-naive96,0.2,5,92740,9233,0
matmul_train,global,ref+aging+age+refaults,matmul-naive96-s1,train,matmul,matmul-naive96,0.2,5,93711,9233,0
matmul_train,global,ref+aging+age+rdist,matmul-naive96-s1,train,matmul,matmul-naive96,0.2,5,92835,9232,0
matmul_train,global,ref+aging+dirty+refaults,matmul-naive96-s1,train,matmul,matmul-naive96,0.2,5,93360,9233,0
matmul_train,global,ref+aging+dirty+rdist,matmul-naive96-s1,train,matmul,matmul-naive96,0.2,5,92612,9232,0
matmul_train,global,ref+aging+refaults+rdist,matmul-naive96-s1,train,matmul,matmul-naive96,0.2,5,93328,9232,0
matmul_train,global,ref+sfreq+idle+age,matmul-naive96-s1,train,matmul,matmul-naive96,0.2,5,92740,9233,0
matmul_train,global,ref+sfreq+idle+dirty,matmul-naive96-s1,train,matmul,matmul-naive96,0.2,5,92455,9232,0
matmul_train,global,ref+sfreq+idle+refaults,matmul-naive96-s1,train,matmul,matmul-naive96,0.2,5,97236,9233,0
matmul_train,global,ref+sfreq+idle+rdist,matmul-naive96-s1,train,matmul,matmul-naive96,0.2,5,76616,2199,0
matmul_train,global,ref+sfreq+age+dirty,matmul-naive96-s1,train,matmul,matmul-naive96,0.2,5,92360,9231,0
matmul_train,global,ref+sfreq+age+refaults,matmul-naive96-s1,train,matmul,matmul-naive96,0.2,5,555841,8023,1
matmul_train,global,ref+sfreq+age+rdist,matmul-naive96-s1,train,matmul,matmul-naive96,0.2,5,88142,6161,0
matmul_train,global,ref+sfreq+dirty+refaults,matmul-naive96-s1,train,matmul,matmul-naive96,0.2,5,555841,7402,1
matmul_train,global,ref+sfreq+dirty+rdist,matmul-naive96-s1,train,matmul,matmul-naive96,0.2,5,82376,9230,0
matmul_train,global,ref+sfreq+refaults+rdist,matmul-naive96-s1,train,matmul,matmul-naive96,0.2,5,291009,9217,0
matmul_train,global,ref+idle+age+dirty,matmul-naive96-s1,train,matmul,matmul-naive96,0.2,5,92455,9232,0
matmul_train,global,ref+idle+age+refaults,matmul-naive96-s1,train,matmul,matmul-naive96,0.2,5,95169,9233,0
matmul_train,global,ref+idle+age+rdist,matmul-naive96-s1,train,matmul,matmul-naive96,0.2,5,78348,4244,0
matmul_train,global,ref+idle+dirty+refaults,matmul-naive96-s1,train,matmul,matmul-naive96,0.2,5,93813,9233,0
matmul_train,global,ref+idle+dirty+rdist,matmul-naive96-s1,train,matmul,matmul-naive96,0.2,5,80078,7313,0
matmul_train,global,ref+idle+refaults+rdist,matmul-naive96-s1,train,matmul,matmul-naive96,0.2,5,76781,9228,0
matmul_train,global,ref+age+dirty+refaults,matmul-naive96-s1,train,matmul,matmul-naive96,0.2,5,77133,8292,0
matmul_train,global,ref+age+dirty+rdist,matmul-naive96-s1,train,matmul,matmul-naive96,0.2,5,88140,9230,0
matmul_train,global,ref+age+refaults+rdist,matmul-naive96-s1,train,matmul,matmul-naive96,0.2,5,85566,9233,0
matmul_train,global,ref+dirty+refaults+rdist,matmul-naive96-s1,train,matmul,matmul-naive96,0.2,5,75612,9233,0
matmul_train,global,aging+sfreq+idle+age,matmul-naive96-s1,train,matmul,matmul-naive96,0.2,5,93310,9233,0
matmul_train,global,aging+sfreq+idle+dirty,matmul-naive96-s1,train,matmul,matmul-naive96,0.2,5,92455,9232,0
matmul_train,global,aging+sfreq+idle+refaults,matmul-naive96-s1,train,matmul,matmul-naive96,0.2,5,294645,9233,0
matmul_train,global,aging+sfreq+idle+rdist,matmul-naive96-s1,train,matmul,matmul-naive96,0.2,5,92033,8208,0
matmul_train,global,aging+sfreq+age+dirty,matmul-naive96-s1,train,matmul,matmul-naive96,0.2,5,92455,9232,0
matmul_train,global,aging+sfreq+age+refaults,matmul-naive96-s1,train,matmul,matmul-naive96,0.2,5,284887,9233,0
matmul_train,global,aging+sfreq+age+rdist,matmul-naive96-s1,train,matmul,matmul-naive96,0.2,5,92287,8209,0
matmul_train,global,aging+sfreq+dirty+refaults,matmul-naive96-s1,train,matmul,matmul-naive96,0.2,5,320033,9233,0
matmul_train,global,aging+sfreq+dirty+rdist,matmul-naive96-s1,train,matmul,matmul-naive96,0.2,5,83810,9231,0
matmul_train,global,aging+sfreq+refaults+rdist,matmul-naive96-s1,train,matmul,matmul-naive96,0.2,5,161262,9233,0
matmul_train,global,aging+idle+age+dirty,matmul-naive96-s1,train,matmul,matmul-naive96,0.2,5,92740,9233,0
matmul_train,global,aging+idle+age+refaults,matmul-naive96-s1,train,matmul,matmul-naive96,0.2,5,93425,9233,0
matmul_train,global,aging+idle+age+rdist,matmul-naive96-s1,train,matmul,matmul-naive96,0.2,5,92002,8209,0
matmul_train,global,aging+idle+dirty+refaults,matmul-naive96-s1,train,matmul,matmul-naive96,0.2,5,93416,9233,0
matmul_train,global,aging+idle+dirty+rdist,matmul-naive96-s1,train,matmul,matmul-naive96,0.2,5,92897,9231,0
matmul_train,global,aging+idle+refaults+rdist,matmul-naive96-s1,train,matmul,matmul-naive96,0.2,5,93412,9232,0
matmul_train,global,aging+age+dirty+refaults,matmul-naive96-s1,train,matmul,matmul-naive96,0.2,5,93559,9233,0
matmul_train,global,aging+age+dirty+rdist,matmul-naive96-s1,train,matmul,matmul-naive96,0.2,5,83810,9231,0
matmul_train,global,aging+age+refaults+rdist,matmul-naive96-s1,train,matmul,matmul-naive96,0.2,5,86940,9233,0
matmul_train,global,aging+dirty+refaults+rdist,matmul-naive96-s1,train,matmul,matmul-naive96,0.2,5,93458,9232,0
matmul_train,global,sfreq+idle+age+dirty,matmul-naive96-s1,train,matmul,matmul-naive96,0.2,5,92455,9232,0
matmul_train,global,sfreq+idle+age+refaults,matmul-naive96-s1,train,matmul,matmul-naive96,0.2,5,102229,9233,0
matmul_train,global,sfreq+idle+age+rdist,matmul-naive96-s1,train,matmul,matmul-naive96,0.2,5,79407,25,0
matmul_train,global,sfreq+idle+dirty+refaults,matmul-naive96-s1,train,matmul,matmul-naive96,0.2,5,105248,9233,0
matmul_train,global,sfreq+idle+dirty+rdist,matmul-naive96-s1,train,matmul,matmul-naive96,0.2,5,73740,9230,0
matmul_train,global,sfreq+idle+refaults+rdist,matmul-naive96-s1,train,matmul,matmul-naive96,0.2,5,111766,9233,0
matmul_train,global,sfreq+age+dirty+refaults,matmul-naive96-s1,train,matmul,matmul-naive96,0.2,5,555841,7709,1
matmul_train,global,sfreq+age+dirty+rdist,matmul-naive96-s1,train,matmul,matmul-naive96,0.2,5,203512,9229,0
matmul_train,global,sfreq+age+refaults+rdist,matmul-naive96-s1,train,matmul,matmul-naive96,0.2,5,555841,6195,1
matmul_train,global,sfreq+dirty+refaults+rdist,matmul-naive96-s1,train,matmul,matmul-naive96,0.2,5,555841,6821,1
matmul_train,global,idle+age+dirty+refaults,matmul-naive96-s1,train,matmul,matmul-naive96,0.2,5,101589,9233,0
matmul_train,global,idle+age+dirty+rdist,matmul-naive96-s1,train,matmul,matmul-naive96,0.2,5,73740,9230,0
matmul_train,global,idle+age+refaults+rdist,matmul-naive96-s1,train,matmul,matmul-naive96,0.2,5,100071,9233,0
matmul_train,global,idle+dirty+refaults+rdist,matmul-naive96-s1,train,matmul,matmul-naive96,0.2,5,97993,9233,0
matmul_train,global,age+dirty+refaults+rdist,matmul-naive96-s1,train,matmul,matmul-naive96,0.2,5,555841,6031,1
matmul_train,global,ref+aging+sfreq+idle+age,matmul-naive96-s1,train,matmul,matmul-naive96,0.2,5,93310,9233,0
matmul_train,global,ref+aging+sfreq+idle+dirty,matmul-naive96-s1,train,matmul,matmul-naive96,0.2,5,92740,9233,0
matmul_train,global,ref+aging+sfreq+idle+refaults,matmul-naive96-s1,train,matmul,matmul-naive96,0.2,5,479574,9233,0
matmul_train,global,ref+aging+sfreq+idle+rdist,matmul-naive96-s1,train,matmul,matmul-naive96,0.2,5,93215,9233,0
matmul_train,global,ref+aging+sfreq+age+dirty,matmul-naive96-s1,train,matmul,matmul-naive96,0.2,5,92740,9233,0
matmul_train,global,ref+aging+sfreq+age+refaults,matmul-naive96-s1,train,matmul,matmul-naive96,0.2,5,310917,9233,0
matmul_train,global,ref+aging+sfreq+age+rdist,matmul-naive96-s1,train,matmul,matmul-naive96,0.2,5,92838,9233,0
matmul_train,global,ref+aging+sfreq+dirty+refaults,matmul-naive96-s1,train,matmul,matmul-naive96,0.2,5,362435,9233,0
matmul_train,global,ref+aging+sfreq+dirty+rdist,matmul-naive96-s1,train,matmul,matmul-naive96,0.2,5,92265,9231,0
matmul_train,global,ref+aging+sfreq+refaults+rdist,matmul-naive96-s1,train,matmul,matmul-naive96,0.2,5,165901,9233,0
matmul_train,global,ref+aging+idle+age+dirty,matmul-naive96-s1,train,matmul,matmul-naive96,0.2,5,92740,9233,0
matmul_train,global,ref+aging+idle+age+refaults,matmul-naive96-s1,train,matmul,matmul-naive96,0.2,5,93333,9233,0
matmul_train,global,ref+aging+idle+age+rdist,matmul-naive96-s1,train,matmul,matmul-naive96,0.2,5,93120,9232,0
matmul_train,global,ref+aging+idle+dirty+refaults,matmul-naive96-s1,train,matmul,matmul-naive96,0.2,5,93403,9233,0
matmul_train,global,ref+aging+idle+dirty+rdist,matmul-naive96-s1,train,matmul,matmul-naive96,0.2,5,92518,9232,0
matmul_train,global,ref+aging+idle+refaults+rdist,matmul-naive96-s1,train,matmul,matmul-naive96,0.2,5,93415,9232,0
matmul_train,global,ref+aging+age+dirty+refaults,matmul-naive96-s1,train,matmul,matmul-naive96,0.2,5,93731,9233,0
matmul_train,global,ref+aging+age+dirty+rdist,matmul-naive96-s1,train,matmul,matmul-naive96,0.2,5,92835,9232,0
matmul_train,global,ref+aging+age+refaults+rdist,matmul-naive96-s1,train,matmul,matmul-naive96,0.2,5,94481,9233,0
matmul_train,global,ref+aging+dirty+refaults+rdist,matmul-naive96-s1,train,matmul,matmul-naive96,0.2,5,93324,9232,0
matmul_train,global,ref+sfreq+idle+age+dirty,matmul-naive96-s1,train,matmul,matmul-naive96,0.2,5,92455,9232,0
matmul_train,global,ref+sfreq+idle+age+refaults,matmul-naive96-s1,train,matmul,matmul-naive96,0.2,5,95264,9233,0
matmul_train,global,ref+sfreq+idle+age+rdist,matmul-naive96-s1,train,matmul,matmul-naive96,0.2,5,74888,25,0
matmul_train,global,ref+sfreq+idle+dirty+refaults,matmul-naive96-s1,train,matmul,matmul-naive96,0.2,5,97780,9233,0
matmul_train,global,ref+sfreq+idle+dirty+rdist,matmul-naive96-s1,train,matmul,matmul-naive96,0.2,5,74880,9231,0
matmul_train,global,ref+sfreq+idle+refaults+rdist,matmul-naive96-s1,train,matmul,matmul-naive96,0.2,5,120016,9227,0
matmul_train,global,ref+sfreq+age+dirty+refaults,matmul-naive96-s1,train,matmul,matmul-naive96,0.2,5,555841,7849,1
matmul_train,global,ref+sfreq+age+dirty+rdist,matmul-naive96-s1,train,matmul,matmul-naive96,0.2,5,74880,9231,0
matmul_train,global,ref+sfreq+age+refaults+rdist,matmul-naive96-s1,train,matmul,matmul-naive96,0.2,5,293461,9233,0
matmul_train,global,ref+sfreq+dirty+refaults+rdist,matmul-naive96-s1,train,matmul,matmul-naive96,0.2,5,283415,9233,0
matmul_train,global,ref+idle+age+dirty+refaults,matmul-naive96-s1,train,matmul,matmul-naive96,0.2,5,95223,9233,0
matmul_train,global,ref+idle+age+dirty+rdist,matmul-naive96-s1,train,matmul,matmul-naive96,0.2,5,74880,9231,0
matmul_train,global,ref+idle+age+refaults+rdist,matmul-naive96-s1,train,matmul,matmul-naive96,0.2,5,76638,9206,0
matmul_train,global,ref+idle+dirty+refaults+rdist,matmul-naive96-s1,train,matmul,matmul-naive96,0.2,5,76803,9229,0
matmul_train,global,ref+age+dirty+refaults+rdist,matmul-naive96-s1,train,matmul,matmul-naive96,0.2,5,85730,9233,0
matmul_train,global,aging+sfreq+idle+age+dirty,matmul-naive96-s1,train,matmul,matmul-naive96,0.2,5,93025,9233,0
matmul_train,global,aging+sfreq+idle+age+refaults,matmul-naive96-s1,train,matmul,matmul-naive96,0.2,5,93402,9233,0
matmul_train,global,aging+sfreq+idle+age+rdist,matmul-naive96-s1,train,matmul,matmul-naive96,0.2,5,84103,26,0
matmul_train,global,aging+sfreq+idle+dirty+refaults,matmul-naive96-s1,train,matmul,matmul-naive96,0.2,5,299701,9233,0
matmul_train,global,aging+sfreq+idle+dirty+rdist,matmul-naive96-s1,train,matmul,matmul-naive96,0.2,5,85922,9231,0
matmul_train,global,aging+sfreq+idle+refaults+rdist,matmul-naive96-s1,train,matmul,matmul-naive96,0.2,5,555841,8703,1
matmul_train,global,aging+sfreq+age+dirty+refaults,matmul-naive96-s1,train,matmul,matmul-naive96,0.2,5,292528,9233,0
matmul_train,global,aging+sfreq+age+dirty+rdist,matmul-naive96-s1,train,matmul,matmul-naive96,0.2,5,83905,9232,0
matmul_train,global,aging+sfreq+age+refaults+rdist,matmul-naive96-s1,train,matmul,matmul-naive96,0.2,5,90295,9233,0
matmul_train,global,aging+sfreq+dirty+refaults+rdist,matmul-naive96-s1,train,matmul,matmul-naive96,0.2,5,177514,9233,0
matmul_train,global,aging+idle+age+dirty+refaults,matmul-naive96-s1,train,matmul,matmul-naive96,0.2,5,93440,9233,0
matmul_train,global,aging+idle+age+dirty+rdist,matmul-naive96-s1,train,matmul,matmul-naive96,0.2,5,83810,9232,0
matmul_train,global,aging+idle+age+refaults+rdist,matmul-naive96-s1,train,matmul,matmul-naive96,0.2,5,85353,9233,0
matmul_train,global,aging+idle+dirty+refaults+rdist,matmul-naive96-s1,train,matmul,matmul-naive96,0.2,5,93413,9232,0
matmul_train,global,aging+age+dirty+refaults+rdist,matmul-naive96-s1,train,matmul,matmul-naive96,0.2,5,89150,9233,0
matmul_train,global,sfreq+idle+age+dirty+refaults,matmul-naive96-s1,train,matmul,matmul-naive96,0.2,5,102126,9233,0
matmul_train,global,sfreq+idle+age+dirty+rdist,matmul-naive96-s1,train,matmul,matmul-naive96,0.2,5,74216,9230,0
matmul_train,global,sfreq+idle+age+refaults+rdist,matmul-naive96-s1,train,matmul,matmul-naive96,0.2,5,99804,9233,0
matmul_train,global,sfreq+idle+dirty+refaults+rdist,matmul-naive96-s1,train,matmul,matmul-naive96,0.2,5,260112,9233,0
matmul_train,global,sfreq+age+dirty+refaults+rdist,matmul-naive96-s1,train,matmul,matmul-naive96,0.2,5,555841,6043,1
matmul_train,global,idle+age+dirty+refaults+rdist,matmul-naive96-s1,train,matmul,matmul-naive96,0.2,5,92845,9233,0
matmul_train,global,ref+aging+sfreq+idle+age+dirty,matmul-naive96-s1,train,matmul,matmul-naive96,0.2,5,93310,9233,0
matmul_train,global,ref+aging+sfreq+idle+age+refaults,matmul-naive96-s1,train,matmul,matmul-naive96,0.2,5,93492,9233,0
matmul_train,global,ref+aging+sfreq+idle+age+rdist,matmul-naive96-s1,train,matmul,matmul-naive96,0.2,5,93214,9233,0
matmul_train,global,ref+aging+sfreq+idle+dirty+refaults,matmul-naive96-s1,train,matmul,matmul-naive96,0.2,5,496567,9233,0
matmul_train,global,ref+aging+sfreq+idle+dirty+rdist,matmul-naive96-s1,train,matmul,matmul-naive96,0.2,5,93025,9233,0
matmul_train,global,ref+aging+sfreq+idle+refaults+rdist,matmul-naive96-s1,train,matmul,matmul-naive96,0.2,5,555841,7947,1
matmul_train,global,ref+aging+sfreq+age+dirty+refaults,matmul-naive96-s1,train,matmul,matmul-naive96,0.2,5,315186,9233,0
matmul_train,global,ref+aging+sfreq+age+dirty+rdist,matmul-naive96-s1,train,matmul,matmul-naive96,0.2,5,92930,9232,0
matmul_train,global,ref+aging+sfreq+age+refaults+rdist,matmul-naive96-s1,train,matmul,matmul-naive96,0.2,5,94455,9233,0
matmul_train,global,ref+aging+sfreq+dirty+refaults+rdist,matmul-naive96-s1,train,matmul,matmul-naive96,0.2,5,183632,9233,0
matmul_train,global,ref+aging+idle+age+dirty+refaults,matmul-naive96-s1,train,matmul,matmul-naive96,0.2,5,93341,9233,0
matmul_train,global,ref+aging+idle+age+dirty+rdist,matmul-naive96-s1,train,matmul,matmul-naive96,0.2,5,92835,9232,0
matmul_train,global,ref+aging+idle+age+refaults+rdist,matmul-naive96-s1,train,matmul,matmul-naive96,0.2,5,93255,9233,0
matmul_train,global,ref+aging+idle+dirty+refaults+rdist,matmul-naive96-s1,train,matmul,matmul-naive96,0.2,5,93415,9232,0
matmul_train,global,ref+aging+age+dirty+refaults+rdist,matmul-naive96-s1,train,matmul,matmul-naive96,0.2,5,94482,9233,0
matmul_train,global,ref+sfreq+idle+age+dirty+refaults,matmul-naive96-s1,train,matmul,matmul-naive96,0.2,5,95323,9233,0
matmul_train,global,ref+sfreq+idle+age+dirty+rdist,matmul-naive96-s1,train,matmul,matmul-naive96,0.2,5,74880,9231,0
matmul_train,global,ref+sfreq+idle+age+refaults+rdist,matmul-naive96-s1,train,matmul,matmul-naive96,0.2,5,77750,9201,0
matmul_train,global,ref+sfreq+idle+dirty+refaults+rdist,matmul-naive96-s1,train,matmul,matmul-naive96,0.2,5,128693,9233,0
matmul_train,global,ref+sfreq+age+dirty+refaults+rdist,matmul-naive96-s1,train,matmul,matmul-naive96,0.2,5,294964,9233,0
matmul_train,global,ref+idle+age+dirty+refaults+rdist,matmul-naive96-s1,train,matmul,matmul-naive96,0.2,5,76700,9233,0
matmul_train,global,aging+sfreq+idle+age+dirty+refaults,matmul-naive96-s1,train,matmul,matmul-naive96,0.2,5,93410,9233,0
matmul_train,global,aging+sfreq+idle+age+dirty+rdist,matmul-naive96-s1,train,matmul,matmul-naive96,0.2,5,84095,9232,0
matmul_train,global,aging+sfreq+idle+age+refaults+rdist,matmul-naive96-s1,train,matmul,matmul-naive96,0.2,5,82605,9233,0
matmul_train,global,aging+sfreq+idle+dirty+refaults+rdist,matmul-naive96-s1,train,matmul,matmul-naive96,0.2,5,555841,8443,1
matmul_train,global,aging+sfreq+age+dirty+refaults+rdist,matmul-naive96-s1,train,matmul,matmul-naive96,0.2,5,91638,9233,0
matmul_train,global,aging+idle+age+dirty+refaults+rdist,matmul-naive96-s1,train,matmul,matmul-naive96,0.2,5,85367,9233,0
matmul_train,global,sfreq+idle+age+dirty+refaults+rdist,matmul-naive96-s1,train,matmul,matmul-naive96,0.2,5,99755,9233,0
matmul_train,global,ref+aging+sfreq+idle+age+dirty+refaults,matmul-naive96-s1,train,matmul,matmul-naive96,0.2,5,93500,9233,0
matmul_train,global,ref+aging+sfreq+idle+age+dirty+rdist,matmul-naive96-s1,train,matmul,matmul-naive96,0.2,5,93028,9233,0
matmul_train,global,ref+aging+sfreq+idle+age+refaults+rdist,matmul-naive96-s1,train,matmul,matmul-naive96,0.2,5,88445,9233,0
matmul_train,global,ref+aging+sfreq+idle+dirty+refaults+rdist,matmul-naive96-s1,train,matmul,matmul-naive96,0.2,5,555841,7741,1
matmul_train,global,ref+aging+sfreq+age+dirty+refaults+rdist,matmul-naive96-s1,train,matmul,matmul-naive96,0.2,5,94481,9233,0
matmul_train,global,ref+aging+idle+age+dirty+refaults+rdist,matmul-naive96-s1,train,matmul,matmul-naive96,0.2,5,93259,9233,0
matmul_train,global,ref+sfreq+idle+age+dirty+refaults+rdist,matmul-naive96-s1,train,matmul,matmul-naive96,0.2,5,76231,9233,0
matmul_train,global,aging+sfreq+idle+age+dirty+refaults+rdist,matmul-naive96-s1,train,matmul,matmul-naive96,0.2,5,85377,9233,0
matmul_train,global,ref+aging+sfreq+idle+age+dirty+refaults+rdist,matmul-naive96-s1,train,matmul,matmul-naive96,0.2,5,88378,9233,0
matmul_train,global,rec+ref+aging+sfreq+idle+age+dirty,matmul-naive96-s1,train,matmul,matmul-naive96,0.2,5,92454,9232,0
matmul_train,global,rec+ref+aging+sfreq+idle+age+dirty+refaults+rdist,matmul-naive96-s1,train,matmul,matmul-naive96,0.2,5,92743,9233,0
matmul_train,global,freq+ref+aging+sfreq+idle+age+dirty,matmul-naive96-s1,train,matmul,matmul-naive96,0.2,5,93309,9233,0
matmul_train,global,freq+ref+aging+sfreq+idle+age+dirty+refaults+rdist,matmul-naive96-s1,train,matmul,matmul-naive96,0.2,5,93342,9107,0
matmul_train,global,sd+ref+aging+sfreq+idle+age+dirty,matmul-naive96-s1,train,matmul,matmul-naive96,0.2,5,93024,9233,0
matmul_train,global,sd+ref+aging+sfreq+idle+age+dirty+refaults+rdist,matmul-naive96-s1,train,matmul,matmul-naive96,0.2,5,77616,9233,0
matmul_train,global,wr+ref+aging+sfreq+idle+age+dirty,matmul-naive96-s1,train,matmul,matmul-naive96,0.2,5,93310,9233,0
matmul_train,global,wr+ref+aging+sfreq+idle+age+dirty+refaults+rdist,matmul-naive96-s1,train,matmul,matmul-naive96,0.2,5,88476,9233,0
matmul_train,global,rec+freq+ref+aging+sfreq+idle+age+dirty,matmul-naive96-s1,train,matmul,matmul-naive96,0.2,5,92820,9233,0
matmul_train,global,rec+freq+ref+aging+sfreq+idle+age+dirty+refaults+rdist,matmul-naive96-s1,train,matmul,matmul-naive96,0.2,5,92761,9233,0
matmul_train,global,rec+sd+ref+aging+sfreq+idle+age+dirty,matmul-naive96-s1,train,matmul,matmul-naive96,0.2,5,92454,9232,0
matmul_train,global,rec+sd+ref+aging+sfreq+idle+age+dirty+refaults+rdist,matmul-naive96-s1,train,matmul,matmul-naive96,0.2,5,92744,9233,0
matmul_train,global,rec+wr+ref+aging+sfreq+idle+age+dirty,matmul-naive96-s1,train,matmul,matmul-naive96,0.2,5,92454,9232,0
matmul_train,global,rec+wr+ref+aging+sfreq+idle+age+dirty+refaults+rdist,matmul-naive96-s1,train,matmul,matmul-naive96,0.2,5,92743,9233,0
matmul_train,global,freq+sd+ref+aging+sfreq+idle+age+dirty,matmul-naive96-s1,train,matmul,matmul-naive96,0.2,5,93024,9233,0
matmul_train,global,freq+sd+ref+aging+sfreq+idle+age+dirty+refaults+rdist,matmul-naive96-s1,train,matmul,matmul-naive96,0.2,5,96269,8210,0
matmul_train,global,freq+wr+ref+aging+sfreq+idle+age+dirty,matmul-naive96-s1,train,matmul,matmul-naive96,0.2,5,93309,9233,0
matmul_train,global,freq+wr+ref+aging+sfreq+idle+age+dirty+refaults+rdist,matmul-naive96-s1,train,matmul,matmul-naive96,0.2,5,93342,9171,0
matmul_train,global,sd+wr+ref+aging+sfreq+idle+age+dirty,matmul-naive96-s1,train,matmul,matmul-naive96,0.2,5,93024,9233,0
matmul_train,global,sd+wr+ref+aging+sfreq+idle+age+dirty+refaults+rdist,matmul-naive96-s1,train,matmul,matmul-naive96,0.2,5,77615,9233,0
matmul_train,global,rec+freq+sd+ref+aging+sfreq+idle+age+dirty,matmul-naive96-s1,train,matmul,matmul-naive96,0.2,5,92819,9233,0
matmul_train,global,rec+freq+sd+ref+aging+sfreq+idle+age+dirty+refaults+rdist,matmul-naive96-s1,train,matmul,matmul-naive96,0.2,5,92759,9233,0
matmul_train,global,rec+freq+wr+ref+aging+sfreq+idle+age+dirty,matmul-naive96-s1,train,matmul,matmul-naive96,0.2,5,92820,9233,0
matmul_train,global,rec+freq+wr+ref+aging+sfreq+idle+age+dirty+refaults+rdist,matmul-naive96-s1,train,matmul,matmul-naive96,0.2,5,92761,9233,0
matmul_train,global,rec+sd+wr+ref+aging+sfreq+idle+age+dirty,matmul-naive96-s1,train,matmul,matmul-naive96,0.2,5,92454,9232,0
matmul_train,global,rec+sd+wr+ref+aging+sfreq+idle+age+dirty+refaults+rdist,matmul-naive96-s1,train,matmul,matmul-naive96,0.2,5,92744,9233,0
matmul_train,global,freq+sd+wr+ref+aging+sfreq+idle+age+dirty,matmul-naive96-s1,train,matmul,matmul-naive96,0.2,5,93024,9233,0
matmul_train,global,freq+sd+wr+ref+aging+sfreq+idle+age+dirty+refaults+rdist,matmul-naive96-s1,train,matmul,matmul-naive96,0.2,5,93392,8210,0
matmul_train,global,rec+freq+sd+wr+ref+aging+sfreq+idle+age+dirty,matmul-naive96-s1,train,matmul,matmul-naive96,0.2,5,92822,9233,0
matmul_train,global,rec+freq+sd+wr+ref+aging+sfreq+idle+age+dirty+refaults+rdist,matmul-naive96-s1,train,matmul,matmul-naive96,0.2,5,92759,9233,0
