kind,scope,features,stem,split,workload,variant,fraction,frames,faults,writebacks,aborted
matmul_train,matmul,rec,matmul-blocked64-s1,train,matmul,matmul-blocked64,0.2,2,98312,32779,0
matmul_train,matmul,freq,matmul-blocked64-s1,train,matmul,matmul-blocked64,0.2,2,82956,32779,0
matmul_train,matmul,sd,matmul-blocked64-s1,train,matmul,matmul-blocked64,0.2,2,98312,32779,0
matmul_train,matmul,wr,matmul-blocked64-s1,train,matmul,matmul-blocked64,0.2,2,65548,32779,0
matmul_train,matmul,rec+freq,matmul-blocked64-s1,train,matmul,matmul-blocked64,0.2,2,92329,32779,0
matmul_train,matmul,rec+sd,matmul-blocked64-s1,train,matmul,matmul-blocked64,0.2,2,98312,32779,0
matmul_train,matmul,rec+wr,matmul-blocked64-s1,train,matmul,matmul-blocked64,0.2,2,65548,32779,0
matmul_train,matmul,freq+sd,matmul-blocked64-s1,train,matmul,matmul-blocked64,0.2,2,98315,32779,0
matmul_train,matmul,freq+wr,matmul-blocked64-s1,train,matmul,matmul-blocked64,0.2,2,65548,32779,0
matmul_train,matmul,sd+wr,matmul-blocked64-s1,train,matmul,matmul-blocked64,0.2,2,96856,32779,0
matmul_train,matmul,rec+freq+sd,matmul-blocked64-s1,train,matmul,matmul-blocked64,0.2,2,98317,32779,0
matmul_train,matmul,rec+freq+wr,matmul-blocked64-s1,train,matmul,matmul-blocked64,0.2,2,65548,32779,0
matmul_train,matmul,rec+sd+wr,matmul-blocked64-s1,train,matmul,matmul-blocked64,0.2,2,95816,32779,0
matmul_train,matmul,freq+sd+wr,matmul-blocked64-s1,train,matmul,matmul-blocked64,0.2,2,97094,32779,0
matmul_train,matmul,rec+freq+sd+wr,matmul-blocked64-s1,train,matmul,matmul-blocked64,0.2,2,96192,32779,0
matmul_train,matmul,ref,matmul-blocked64-s1,train,matmul,matmul-blocked64,0.2,2,98312,32779,0
matmul_train,matmul,aging,matmul-blocked64-s1,train,matmul,matmul-blocked64,0.2,2,98312,32779,0
matmul_train,matmul,sfreq,matmul-blocked64-s1,train,matmul,matmul-blocked64,0.2,2,98312,32779,0
matmul_train,matmul,idle,matmul-blocked64-s1,train,matmul,matmul-blocked64,0.2,2,98312,32779,0
matmul_train,matmul,age,matmul-blocked64-s1,train,matmul,matmul-blocked64,0.2,2,131076,32779,0
matmul_train,matmul,dirty,matmul-blocked64-s1,train,matmul,matmul-blocked64,0.2,2,65548,32779,0
matmul_train,matmul,refaults,matmul-blocked64-s1,train,matmul,matmul-blocked64,0.2,2,96012,32779,0
matmul_train,matmul,rdist,matmul-blocked64-s1,train,matmul,matmul-blocked64,0.2,2,98436,32779,0
matmul_train,matmul,ref+aging,matmul-blocked64-s1,train,matmul,matmul-blocked64,0.2,2,98312,32779,0
matmul_train,matmul,ref+sfreq,matmul-blocked64-s1,train,matmul,matmul-blocked64,0.2,2,98312,32779,0
matmul_train,matmul,ref+idle,matmul-blocked64-s1,train,matmul,matmul-blocked64,0.2,2,98312,32779,0
matmul_train,matmul,ref+age,matmul-blocked64-s1,train,matmul,matmul-blocked64,0.2,2,98312,32779,0
matmul_train,matmul,ref+dirty,matmul-blocked64-s1,train,matmul,matmul-blocked64,0.2,2,65548,32779,0
matmul_train,matmul,ref+refaults,matmul-blocked64-s1,train,matmul,matmul-blocked64,0.2,2,91231,32779,0
matmul_train,matmul,ref+rdist,matmul-blocked64-s1,train,matmul,matmul-blocked64,0.2,2,98436,32779,0
matmul_train,matmul,aging+sfreq,matmul-blocked64-s1,train,matmul,matmul-blocked64,0.2,2,98312,32779,0
matmul_train,matmul,aging+idle,matmul-blocked64-s1,train,matmul,matmul-blocked64,0.2,2,98312,32779,0
matmul_train,matmul,aging+age,matmul-blocked64-s1,train,matmul,matmul-blocked64,0.2,2,98312,32779,0
matmul_train,matmul,aging+dirty,matmul-blocked64-s1,train,matmul,matmul-blocked64,0.2,2,98312,32779,0
matmul_train,matmul,aging+refaults,matmul-blocked64-s1,train,matmul,matmul-blocked64,0.2,2,91231,32779,0
matmul_train,matmul,aging+rdist,matmul-blocked64-s1,train,matmul,matmul-blocked64,0.2,2,98436,32779,0
matmul_train,matmul,sfreq+idle,matmul-blocked64-s1,train,matmul,matmul-blocked64,0.2,2,98312,32779,0
matmul_train,matmul,sfreq+age,matmul-blocked64-s1,train,matmul,matmul-blocked64,0.2,2,98312,32779,0
matmul_train,matmul,sfreq+dirty,matmul-blocked64-s1,train,matmul,matmul-blocked64,0.2,2,98312,32779,0
matmul_train,matmul,sfreq+refaults,matmul-blocked64-s1,train,matmul,matmul-blocked64,0.2,2,92045,32779,0
matmul_train,matmul,sfreq+rdist,matmul-blocked64-s1,train,matmul,matmul-blocked64,0.2,2,98311,32779,0
matmul_train,matmul,idle+age,matmul-blocked64-s1,train,matmul,matmul-blocked64,0.2,2,98312,32779,0
matmul_train,matmul,idle+dirty,matmul-blocked64-s1,train,matmul,matmul-blocked64,0.2,2,98312,32779,0
matmul_train,matmul,idle+refaults,matmul-blocked64-s1,train,matmul,matmul-blocked64,0.2,2,91231,32779,0
matmul_train,matmul,idle+rdist,matmul-blocked64-s1,train,matmul,matmul-blocked64,0.2,2,98436,32779,0
matmul_train,matmul,age+dirty,matmul-blocked64-s1,train,matmul,matmul-blocked64,0.2,2,98316,32779,0
matmul_train,matmul,age+refaults,matmul-blocked64-s1,train,matmul,matmul-blocked64,0.2,2,98313,32779,0
matmul_train,matmul,age+rdist,matmul-blocked64-s1,train,matmul,matmul-blocked64,0.2,2,107013,32779,0
matmul_train,matmul,dirty+refaults,matmul-blocked64-s1,train,matmul,matmul-blocked64,0.2,2,65551,32779,0
matmul_train,matmul,dirty+rdist,matmul-blocked64-s1,train,matmul,matmul-blocked64,0.2,2,65923,32779,0
matmul_train,matmul,refaults+rdist,matmul-blocked64-s1,train,matmul,matmul-blocked64,0.2,2,97283,32779,0
matmul_train,matmul,ref+aging+sfreq,matmul-blocked64-s1,train,matmul,matmul-blocked64,0.2,2,98312,32779,0
matmul_train,matmul,ref+aging+idle,matmul-blocked64-s1,train,matmul,matmul-blocked64,0.2,2,98312,32779,0
matmul_train,matmul,ref+aging+age,matmul-blocked64-s1,train,matmul,matmul-blocked64,0.2,2,98312,32779,0
matmul_train,matmul,ref+aging+dirty,matmul-blocked64-s1,train,matmul,matmul-blocked64,0.2,2,65548,32779,0
matmul_train,matmul,ref+aging+refaults,matmul-blocked64-s1,train,matmul,matmul-blocked64,0.2,2,91231,32779,0
matmul_train,matmul,ref+aging+rdist,matmul-blocked64-s1,train,matmul,matmul-blocked64,0.2,2,98436,32779,0
matmul_train,matmul,ref+sfreq+idle,matmul-blocked64-s1,train,matmul,matmul-blocked64,0.2,2,98312,32779,0
matmul_train,matmul,ref+sfreq+age,matmul-blocked64-s1,train,matmul,matmul-blocked64,0.2,2,98312,32779,0
matmul_train,matmul,ref+sfreq+dirty,matmul-blocked64-s1,train,matmul,matmul-blocked64,0.2,2,98312,32779,0
matmul_train,matmul,ref+sfreq+refaults,matmul-blocked64-s1,train,matmul,matmul-blocked64,0.2,2,97558,32779,0
matmul_train,matmul,ref+sfreq+rdist,matmul-blocked64-s1,train,matmul,matmul-blocked64,0.2,2,98311,32779,0
matmul_train,matmul,ref+idle+age,matmul-blocked64-s1,train,matmul,matmul-blocked64,0.2,2,98312,32779,0
matmul_train,matmul,ref+idle+dirty,matmul-blocked64-s1,train,matmul,matmul-blocked64,0.2,2,65548,32779,0
matmul_train,matmul,ref+idle+refaults,matmul-blocked64-s1,train,matmul,matmul-blocked64,0.2,2,91231,32779,0
matmul_train,matmul,ref+idle+rdist,matmul-blocked64-s1,train,matmul,matmul-blocked64,0.2,2,98436,32779,0
matmul_train,matmul,ref+age+dirty,matmul-blocked64-s1,train,matmul,matmul-blocked64,0.2,2,98312,32779,0
matmul_train,matmul,ref+age+refaults,matmul-blocked64-s1,train,matmul,matmul-blocked64,0.2,2,98251,32779,0
matmul_train,matmul,ref+age+rdist,matmul-blocked64-s1,train,matmul,matmul-blocked64,0.2,2,98311,32779,0
matmul_train,matmul,ref+dirty+refaults,matmul-blocked64-s1,train,matmul,matmul-blocked64,0.2,2,67075,32779,0
matmul_train,matmul,ref+dirty+rdist,matmul-blocked64-s1,train,matmul,matmul-blocked64,0.2,2,65923,32779,0
matmul_train,matmul,ref+refaults+rdist,matmul-blocked64-s1,train,matmul,matmul-blocked64,0.2,2,91330,32779,0
matmul_train,matmul,aging+sfreq+idle,matmul-blocked64-s1,train,matmul,matmul-blocked64,0.2,2,98312,32779,0
matmul_train,matmul,aging+sfreq+age,matmul-blocked64-s1,train,matmul,matmul-blocked64,0.2,2,98312,32779,0
matmul_train,matmul,aging+sfreq+dirty,matmul-blocked64-s1,train,matmul,matmul-blocked64,0.2,2,98312,32779,0
matmul_train,matmul,aging+sfreq+refaults,matmul-blocked64-s1,train,matmul,matmul-blocked64,0.2,2,97415,32779,0
matmul_train,matmul,aging+sfreq+rdist,matmul-blocked64-s1,train,matmul,matmul-blocked64,0.2,2,98311,32779,0
matmul_train,matmul,aging+idle+age,matmul-blocked64-s1,train,matmul,matmul-blocked64,0.2,2,98312,32779,0
matmul_train,matmul,aging+idle+dirty,matmul-blocked64-s1,train,matmul,matmul-blocked64,0.2,2,65548,32779,0
matmul_train,matmul,aging+idle+refaults,matmul-blocked64-s1,train,matmul,matmul-blocked64,0.2,2,91231,32779,0
matmul_train,matmul,aging+idle+rdist,matmul-blocked64-s1,train,matmul,matmul-blocked64,0.2,2,98436,32779,0
matmul_train,matmul,aging+age+dirty,matmul-blocked64-s1,train,matmul,matmul-blocked64,0.2,2,98312,32779,0
matmul_train,matmul,aging+age+refaults,matmul-blocked64-s1,train,matmul,matmul-blocked64,0.2,2,98243,32779,0
matmul_train,matmul,aging+age+rdist,matmul-blocked64-s1,train,matmul,matmul-blocked64,0.2,2,98311,32779,0
matmul_train,matmul,aging+dirty+refaults,matmul-blocked64-s1,train,matmul,matmul-blocked64,0.2,2,70415,32779,0
matmul_train,matmul,aging+dirty+rdist,matmul-blocked64-s1,train,matmul,matmul-blocked64,0.2,2,65923,32779,0
matmul_train,matmul,aging+refaults+rdist,matmul-blocked64-s1,train,matmul,matmul-blocked64,0.2,2,91330,32779,0
matmul_train,matmul,sfreq+idle+age,matmul-blocked64-s1,train,matmul,matmul-blocked64,0.2,2,98312,32779,0
matmul_train,matmul,sfreq+idle+dirty,matmul-blocked64-s1,train,matmul,matmul-blocked64,0.2,2,98312,32779,0
matmul_train,matmul,sfreq+idle+refaults,matmul-blocked64-s1,train,matmul,matmul-blocked64,0.2,2,97231,32779,0
matmul_train,matmul,sfreq+idle+rdist,matmul-blocked64-s1,train,matmul,matmul-blocked64,0.2,2,98311,32779,0
matmul_train,matmul,sfreq+age+dirty,matmul-blocked64-s1,train,matmul,matmul-blocked64,0.2,2,98312,32779,0
matmul_train,matmul,sfreq+age+refaults,matmul-blocked64-s1,train,matmul,matmul-blocked64,0.2,2,94589,32779,0
matmul_train,matmul,sfreq+age+rdist,matmul-blocked64-s1,train,matmul,matmul-blocked64,0.2,2,98311,32779,0
matmul_train,matmul,sfreq+dirty+refaults,matmul-blocked64-s1,train,matmul,matmul-blocked64,0.2,2,65688,32779,0
matmul_train,matmul,sfreq+dirty+rdist,matmul-blocked64-s1,train,matmul,matmul-blocked64,0.2,2,97929,32779,0
matmul_train,matmul,sfreq+refaults+rdist,matmul-blocked64-s1,train,matmul,matmul-blocked64,0.2,2,107612,32779,0
matmul_train,matmul,idle+age+dirty,matmul-blocked64-s1,train,matmul,matmul-blocked64,0.2,2,98312,32779,0
matmul_train,matmul,idle+age+refaults,matmul-blocked64-s1,train,matmul,matmul-blocked64,0.2,2,98226,32779,0
matmul_train,matmul,idle+age+rdist,matmul-blocked64-s1,train,matmul,matmul-blocked64,0.2,2,98311,32779,0
matmul_train,matmul,idle+dirty+refaults,matmul-blocked64-s1,train,matmul,matmul-blocked64,0.2,2,68111,32779,0
matmul_train,matmul,idle+dirty+rdist,matmul-blocked64-s1,train,matmul,matmul-blocked64,0.2,2,65923,32779,0
matmul_train,matmul,idle+refaults+rdist,matmul-blocked64-s1,train,matmul,matmul-blocked64,0.2,2,91330,32779,0
matmul_train,matmul,age+dirty+refaults,matmul-blocked64-s1,train,matmul,matmul-blocked64,0.2,2,89877,32779,0
matmul_train,matmul,age+dirty+rdist,matmul-blocked64-s1,train,matmul,matmul-blocked64,0.2,2,97929,32779,0
matmul_train,matmul,age+refaults+rdist,matmul-blocked64-s1,train,matmul,matmul-blocked64,0.2,2,105533,32779,0
matmul_train,matmul,dirty+refaults+rdist,matmul-blocked64-s1,train,matmul,matmul-blocked64,0.2,2,66048,32779,0
matmul_train,matmul,ref+aging+sfreq+idle,matmul-blocked64-s1,train,matmul,matmul-blocked64,0.2,2,98312,32779,0
matmul_train,matmul,ref+aging+sfreq+age,matmul-blocked64-s1,train,matmul,matmul-blocked64,0.2,2,98312,32779,0
matmul_train,matmul,ref+aging+sfreq+dirty,matmul-blocked64-s1,train,matmul,matmul-blocked64,0.2,2,98312,32779,0
matmul_train,matmul,ref+aging+sfreq+refaults,matmul-blocked64-s1,train,matmul,matmul-blocked64,0.2,2,98036,32779,0
matmul_train,matmul,ref+aging+sfreq+rdist,matmul-blocked64-s1,train,matmul,matmul-blocked64,0.2,2,98311,32779,0
matmul_train,matmul,ref+aging+idle+age,matmul-blocked64-s1,train,matmul,matmul-blocked64,0.2,2,98312,32779,0
matmul_train,matmul,ref+aging+idle+dirty,matmul-blocked64-s1,train,matmul,matmul-blocked64,0.2,2,65548,32779,0
matmul_train,matmul,ref+aging+idle+refaults,matmul-blocked64-s1,train,matmul,matmul-blocked64,0.2,2,91232,32779,0
matmul_train,matmul,ref+aging+idle+rdist,matmul-blocked64-s1,train,matmul,matmul-blocked64,0.2,2,98436,32779,0
matmul_train,matmul,ref+aging+age+dirty,matmul-blocked64-s1,train,matmul,matmul-blocked64,0.2,2,98312,32779,0
matmul_train,matmul,ref+aging+age+refaults,matmul-blocked64-s1,train,matmul,matmul-blocked64,0.2,2,98128,32779,0
matmul_train,matmul,ref+aging+age+rdist,matmul-blocked64-s1,train,matmul,matmul-blocked64,0.2,2,98311,32779,0
matmul_train,matmul,ref+aging+dirty+refaults,matmul-blocked64-s1,train,matmul,matmul-blocked64,0.2,2,65603,32779,0
matmul_train,matmul,ref+aging+dirty+rdist,matmul-blocked64-s1,train,matmul,matmul-blocked64,0.2,2,65923,32779,0
matmul_train,matmul,ref+aging+refaults+rdist,matmul-blocked64-s1,train,matmul,matmul-blocked64,0.2,2,91330,32779,0
matmul_train,matmul,ref+sfreq+idle+age,matmul-blocked64-s1,train,matmul,matmul-blocked64,0.2,2,98312,32779,0
matmul_train,matmul,ref+sfreq+idle+dirty,matmul-blocked64-s1,train,matmul,matmul-blocked64,0.2,2,98312,32779,0
matmul_train,matmul,ref+sfreq+idle+refaults,matmul-blocked64-s1,train,matmul,matmul-blocked64,0.2,2,97401,32779,0
matmul_train,matmul,ref+sfreq+idle+rdist,matmul-blocked64-s1,train,matmul,matmul-blocked64,0.2,2,98311,32779,0
matmul_train,matmul,ref+sfreq+age+dirty,matmul-blocked64-s1,train,matmul,matmul-blocked64,0.2,2,98312,32779,0
matmul_train,matmul,ref+sfreq+age+refaults,matmul-blocked64-s1,train,matmul,matmul-blocked64,0.2,2,98243,32779,0
matmul_train,matmul,ref+sfreq+age+rdist,matmul-blocked64-s1,train,matmul,matmul-blocked64,0.2,2,98311,32779,0
matmul_train,matmul,ref+sfreq+dirty+refaults,matmul-blocked64-s1,train,matmul,matmul-blocked64,0.2,2,82888,32779,0
matmul_train,matmul,ref+sfreq+dirty+rdist,matmul-blocked64-s1,train,matmul,matmul-blocked64,0.2,2,97929,32779,0
matmul_train,matmul,ref+sfreq+refaults+rdist,matmul-blocked64-s1,train,matmul,matmul-blocked64,0.2,2,96932,32779,0
matmul_train,matmul,ref+idle+age+dirty,matmul-blocked64-s1,train,matmul,matmul-blocked64,0.2,2,98312,32779,0
matmul_train,matmul,ref+idle+age+refaults,matmul-blocked64-s1,train,matmul,matmul-blocked64,0.2,2,98094,32779,0
matmul_train,matmul,ref+idle+age+rdist,matmul-blocked64-s1,train,matmul,matmul-blocked64,0.2,2,98311,32779,0
matmul_train,matmul,ref+idle+dirty+refaults,matmul-blocked64-s1,train,matmul,matmul-blocked64,0.2,2,65579,32779,0
matmul_train,matmul,ref+idle+dirty+rdist,matmul-blocked64-s1,train,matmul,matmul-blocked64,0.2,2,65923,32779,0
matmul_train,matmul,ref+idle+refaults+rdist,matmul-blocked64-s1,train,matmul,matmul-blocked64,0.2,2,91330,32779,0
matmul_train,matmul,ref+age+dirty+refaults,matmul-blocked64-s1,train,matmul,matmul-blocked64,0.2,2,87274,32779,0
matmul_train,matmul,ref+age+dirty+rdist,matmul-blocked64-s1,train,matmul,matmul-blocked64,0.2,2,97929,32779,0
matmul_train,matmul,ref+age+refaults+rdist,matmul-blocked64-s1,train,matmul,matmul-blocked64,0.2,2,98206,32779,0
matmul_train,matmul,ref+dirty+refaults+rdist,matmul-blocked64-s1,train,matmul,matmul-blocked64,0.2,2,66050,32779,0
matmul_train,matmul,aging+sfreq+idle+age,matmul-blocked64-s1,train,matmul,matmul-blocked64,0.2,2,98312,32779,0
matmul_train,matmul,aging+sfreq+idle+dirty,matmul-blocked64-s1,train,matmul,matmul-blocked64,0.2,2,98312,32779,0
matmul_train,matmul,aging+sfreq+idle+refaults,matmul-blocked64-s1,train,matmul,matmul-blocked64,0.2,2,97393,32779,0
matmul_train,matmul,aging+sfreq+idle+rdist,matmul-blocked64-s1,train,matmul,matmul-blocked64,0.2,2,98311,32779,0
matmul_train,matmul,aging+sfreq+age+dirty,matmul-blocked64-s1,train,matmul,matmul-blocked64,0.2,2,98312,32779,0
matmul_train,matmul,aging+sfreq+age+refaults,matmul-blocked64-s1,train,matmul,matmul-blocked64,0.2,2,97758,32779,0
matmul_train,matmul,aging+sfreq+age+rdist,matmul-blocked64-s1,train,matmul,matmul-blocked64,0.2,2,98311,32779,0
matmul_train,matmul,aging+sfreq+dirty+refaults,matmul-blocked64-s1,train,matmul,matmul-blocked64,0.2,2,93543,32779,0
matmul_train,matmul,aging+sfreq+dirty+rdist,matmul-blocked64-s1,train,matmul,matmul-blocked64,0.2,2,97929,32779,0
matmul_train,matmul,aging+sfreq+refaults+rdist,matmul-blocked64-s1,train,matmul,matmul-blocked64,0.2,2,96934,32779,0
matmul_train,matmul,aging+idle+age+dirty,matmul-blocked64-s1,train,matmul,matmul-blocked64,0.2,2,98312,32779,0
matmul_train,matmul,aging+idle+age+refaults,matmul-blocked64-s1,train,matmul,matmul-blocked64,0.2,2,98239,32779,0
matmul_train,matmul,aging+idle+age+rdist,matmul-blocked64-s1,train,matmul,matmul-blocked64,0.2,2,98311,32779,0
matmul_train,matmul,aging+idle+dirty+refaults,matmul-blocked64-s1,train,matmul,matmul-blocked64,0.2,2,68059,32779,0
matmul_train,matmul,aging+idle+dirty+rdist,matmul-blocked64-s1,train,matmul,matmul-blocked64,0.2,2,65923,32779,0
matmul_train,matmul,aging+idle+refaults+rdist,matmul-blocked64-s1,train,matmul,matmul-blocked64,0.2,2,91330,32779,0
matmul_train,matmul,aging+age+dirty+refaults,matmul-blocked64-s1,train,matmul,matmul-blocked64,0.2,2,93284,32779,0
matmul_train,matmul,aging+age+dirty+rdist,matmul-blocked64-s1,train,matmul,matmul-blocked64,0.2,2,97929,32779,0
matmul_train,matmul,aging+age+refaults+rdist,matmul-blocked64-s1,train,matmul,matmul-blocked64,0.2,2,98181,32779,0
matmul_train,matmul,aging+dirty+refaults+rdist,matmul-blocked64-s1,train,matmul,matmul-blocked64,0.2,2,66056,32779,0
matmul_train,matmul,sfreq+idle+age+dirty,matmul-blocked64-s1,train,matmul,matmul-blocked64,0.2,2,98312,32779,0
matmul_train,matmul,sfreq+idle+age+refaults,matmul-blocked64-s1,train,matmul,matmul-blocked64,0.2,2,97155,32779,0
matmul_train,matmul,sfreq+idle+age+rdist,matmul-blocked64-s1,train,matmul,matmul-blocked64,0.2,2,98311,32779,0
matmul_train,matmul,sfreq+idle+dirty+refaults,matmul-blocked64-s1,train,matmul,matmul-blocked64,0.2,2,90810,32779,0
matmul_train,matmul,sfreq+idle+dirty+rdist,matmul-blocked64-s1,train,matmul,matmul-blocked64,0.2,2,97929,32779,0
matmul_train,matmul,sfreq+idle+refaults+rdist,matmul-blocked64-s1,train,matmul,matmul-blocked64,0.2,2,96783,32779,0
matmul_train,matmul,sfreq+age+dirty+refaults,matmul-blocked64-s1,train,matmul,matmul-blocked64,0.2,2,65677,32779,0
matmul_train,matmul,sfreq+age+dirty+rdist,matmul-blocked64-s1,train,matmul,matmul-blocked64,0.2,2,97929,32779,0
matmul_train,matmul,sfreq+age+refaults+rdist,matmul-blocked64-s1,train,matmul,matmul-blocked64,0.2,2,93633,32779,0
matmul_train,matmul,sfreq+dirty+refaults+rdist,matmul-blocked64-s1,train,matmul,matmul-blocked64,0.2,2,92260,32779,0
matmul_train,matmul,idle+age+dirty+refaults,matmul-blocked64-s1,train,matmul,matmul-blocked64,0.2,2,90471,32779,0
matmul_train,matmul,idle+age+dirty+rdist,matmul-blocked64-s1,train,matmul,matmul-blocked64,0.2,2,97929,32779,0
matmul_train,matmul,idle+age+refaults+rdist,matmul-blocked64-s1,train,matmul,matmul-blocked64,0.2,2,98148,32779,0
matmul_train,matmul,idle+dirty+refaults+rdist,matmul-blocked64-s1,train,matmul,matmul-blocked64,0.2,2,66050,32779,0
matmul_train,matmul,age+dirty+refaults+rdist,matmul-blocked64-s1,train,matmul,matmul-blocked64,0.2,2,96923,32779,0
matmul_train,matmul,ref+aging+sfreq+idle+age,matmul-blocked64-s1,train,matmul,matmul-blocked64,0.2,2,98312,32779,0
matmul_train,matmul,ref+aging+sfreq+idle+dirty,matmul-blocked64-s1,train,matmul,matmul-blocked64,0.2,2,98312,32779,0
matmul_train,matmul,ref+aging+sfreq+idle+refaults,matmul-blocked64-s1,train,matmul,matmul-blocked64,0.2,2,98196,32779,0
matmul_train,matmul,ref+aging+sfreq+idle+rdist,matmul-blocked64-s1,train,matmul,matmul-blocked64,0.2,2,98311,32779,0
matmul_train,matmul,ref+aging+sfreq+age+dirty,matmul-blocked64-s1,train,matmul,matmul-blocked64,0.2,2,98316,32779,0
matmul_train,matmul,ref+aging+sfreq+age+refaults,matmul-blocked64-s1,train,matmul,matmul-blocked64,0.2,2,96430,32779,0
matmul_train,matmul,ref+aging+sfreq+age+rdist,matmul-blocked64-s1,train,matmul,matmul-blocked64,0.2,2,98311,32779,0
matmul_train,matmul,ref+aging+sfreq+dirty+refaults,matmul-blocked64-s1,train,matmul,matmul-blocked64,0.2,2,65813,32779,0
matmul_train,matmul,ref+aging+sfreq+dirty+rdist,matmul-blocked64-s1,train,matmul,matmul-blocked64,0.2,2,97929,32779,0
matmul_train,matmul,ref+aging+sfreq+refaults+rdist,matmul-blocked64-s1,train,matmul,matmul-blocked64,0.2,2,97202,32779,0
matmul_train,matmul,ref+aging+idle+age+dirty,matmul-blocked64-s1,train,matmul,matmul-blocked64,0.2,2,98312,32779,0
matmul_train,matmul,ref+aging+idle+age+refaults,matmul-blocked64-s1,train,matmul,matmul-blocked64,0.2,2,98182,32779,0
matmul_train,matmul,ref+aging+idle+age+rdist,matmul-blocked64-s1,train,matmul,matmul-blocked64,0.2,2,98311,32779,0
matmul_train,matmul,ref+aging+idle+dirty+refaults,matmul-blocked64-s1,train,matmul,matmul-blocked64,0.2,2,65635,32779,0
matmul_train,matmul,ref+aging+idle+dirty+rdist,matmul-blocked64-s1,train,matmul,matmul-blocked64,0.2,2,65923,32779,0
matmul_train,matmul,ref+aging+idle+refaults+rdist,matmul-blocked64-s1,train,matmul,matmul-blocked64,0.2,2,91330,32779,0
matmul_train,matmul,ref+aging+age+dirty+refaults,matmul-blocked64-s1,train,matmul,matmul-blocked64,0.2,2,65697,32779,0
matmul_train,matmul,ref+aging+age+dirty+rdist,matmul-blocked64-s1,train,matmul,matmul-blocked64,0.2,2,97929,32779,0
matmul_train,matmul,ref+aging+age+refaults+rdist,matmul-blocked64-s1,train,matmul,matmul-blocked64,0.2,2,98072,32779,0
matmul_train,matmul,ref+aging+dirty+refaults+rdist,matmul-blocked64-s1,train,matmul,matmul-blocked64,0.2,2,66048,32779,0
matmul_train,matmul,ref+sfreq+idle+age+dirty,matmul-blocked64-s1,train,matmul,matmul-blocked64,0.2,2,98312,32779,0
matmul_train,matmul,ref+sfreq+idle+age+refaults,matmul-blocked64-s1,train,matmul,matmul-blocked64,0.2,2,96608,32779,0
matmul_train,matmul,ref+sfreq+idle+age+rdist,matmul-blocked64-s1,train,matmul,matmul-blocked64,0.2,2,98311,32779,0
matmul_train,matmul,ref+sfreq+idle+dirty+refaults,matmul-blocked64-s1,train,matmul,matmul-blocked64,0.2,2,65813,32779,0
matmul_train,matmul,ref+sfreq+idle+dirty+rdist,matmul-blocked64-s1,train,matmul,matmul-blocked64,0.2,2,97929,32779,0
matmul_train,matmul,ref+sfreq+idle+refaults+rdist,matmul-blocked64-s1,train,matmul,matmul-blocked64,0.2,2,96826,32779,0
matmul_train,matmul,ref+sfreq+age+dirty+refaults,matmul-blocked64-s1,train,matmul,matmul-blocked64,0.2,2,93395,32779,0
matmul_train,matmul,ref+sfreq+age+dirty+rdist,matmul-blocked64-s1,train,matmul,matmul-blocked64,0.2,2,97929,32779,0
matmul_train,matmul,ref+sfreq+age+refaults+rdist,matmul-blocked64-s1,train,matmul,matmul-blocked64,0.2,2,98129,32779,0
matmul_train,matmul,ref+sfreq+dirty+refaults+rdist,matmul-blocked64-s1,train,matmul,matmul-blocked64,0.2,2,87473,32779,0
matmul_train,matmul,ref+idle+age+dirty+refaults,matmul-blocked64-s1,train,matmul,matmul-blocked64,0.2,2,65957,32779,0
matmul_train,matmul,ref+idle+age+dirty+rdist,matmul-blocked64-s1,train,matmul,matmul-blocked64,0.2,2,97929,32779,0
matmul_train,matmul,ref+idle+age+refaults+rdist,matmul-blocked64-s1,train,matmul,matmul-blocked64,0.2,2,98040,32779,0
matmul_train,matmul,ref+idle+dirty+refaults+rdist,matmul-blocked64-s1,train,matmul,matmul-blocked64,0.2,2,66048,32779,0
matmul_train,matmul,ref+age+dirty+refaults+rdist,matmul-blocked64-s1,train,matmul,matmul-blocked64,0.2,2,93784,32779,0
matmul_train,matmul,aging+sfreq+idle+age+dirty,matmul-blocked64-s1,train,matmul,matmul-blocked64,0.2,2,98312,32779,0
matmul_train,matmul,aging+sfreq+idle+age+refaults,matmul-blocked64-s1,train,matmul,matmul-blocked64,0.2,2,97568,32779,0
matmul_train,matmul,aging+sfreq+idle+age+rdist,matmul-blocked64-s1,train,matmul,matmul-blocked64,0.2,2,98311,32779,0
matmul_train,matmul,aging+sfreq+idle+dirty+refaults,matmul-blocked64-s1,train,matmul,matmul-blocked64,0.2,2,88821,32779,0
matmul_train,matmul,aging+sfreq+idle+dirty+rdist,matmul-blocked64-s1,train,matmul,matmul-blocked64,0.2,2,97929,32779,0
matmul_train,matmul,aging+sfreq+idle+refaults+rdist,matmul-blocked64-s1,train,matmul,matmul-blocked64,0.2,2,96890,32779,0
matmul_train,matmul,aging+sfreq+age+dirty+refaults,matmul-blocked64-s1,train,matmul,matmul-blocked64,0.2,2,93769,32779,0
matmul_train,matmul,aging+sfreq+age+dirty+rdist,matmul-blocked64-s1,train,matmul,matmul-blocked64,0.2,2,97929,32779,0
matmul_train,matmul,aging+sfreq+age+refaults+rdist,matmul-blocked64-s1,train,matmul,matmul-blocked64,0.2,2,97973,32779,0
matmul_train,matmul,aging+sfreq+dirty+refaults+rdist,matmul-blocked64-s1,train,matmul,matmul-blocked64,0.2,2,87353,32779,0
matmul_train,matmul,aging+idle+age+dirty+refaults,matmul-blocked64-s1,train,matmul,matmul-blocked64,0.2,2,89501,32779,0
matmul_train,matmul,aging+idle+age+dirty+rdist,matmul-blocked64-s1,train,matmul,matmul-blocked64,0.2,2,97929,32779,0
matmul_train,matmul,aging+idle+age+refaults+rdist,matmul-blocked64-s1,train,matmul,matmul-blocked64,0.2,2,98173,32779,0
matmul_train,matmul,aging+idle+dirty+refaults+rdist,matmul-blocked64-s1,train,matmul,matmul-blocked64,0.2,2,66048,32779,0
matmul_train,matmul,aging+age+dirty+refaults+rdist,matmul-blocked64-s1,train,matmul,matmul-blocked64,0.2,2,92404,32779,0
matmul_train,matmul,sfreq+idle+age+dirty+refaults,matmul-blocked64-s1,train,matmul,matmul-blocked64,0.2,2,84857,32779,0
matmul_train,matmul,sfreq+idle+age+dirty+rdist,matmul-blocked64-s1,train,matmul,matmul-blocked64,0.2,2,97929,32779,0
matmul_train,matmul,sfreq+idle+age+refaults+rdist,matmul-blocked64-s1,train,matmul,matmul-blocked64,0.2,2,98011,32779,0
matmul_train,matmul,sfreq+idle+dirty+refaults+rdist,matmul-blocked64-s1,train,matmul,matmul-blocked64,0.2,2,87353,32779,0
matmul_train,matmul,sfreq+age+dirty+refaults+rdist,matmul-blocked64-s1,train,matmul,matmul-blocked64,0.2,2,87850,32779,0
matmul_train,matmul,idle+age+dirty+refaults+rdist,matmul-blocked64-s1,train,matmul,matmul-blocked64,0.2,2,92023,32779,0
matmul_train,matmul,ref+aging+sfreq+idle+age+dirty,matmul-blocked64-s1,train,matmul,matmul-blocked64,0.2,2,98312,32779,0
matmul_train,matmul,ref+aging+sfreq+idle+age+refaults,matmul-blocked64-s1,train,matmul,matmul-blocked64,0.2,2,96933,32779,0
matmul_train,matmul,ref+aging+sfreq+idle+age+rdist,matmul-blocked64-s1,train,matmul,matmul-blocked64,0.2,2,98311,32779,0
matmul_train,matmul,ref+aging+sfreq+idle+dirty+refaults,matmul-blocked64-s1,train,matmul,matmul-blocked64,0.2,2,65813,32779,0
matmul_train,matmul,ref+aging+sfreq+idle+dirty+rdist,matmul-blocked64-s1,train,matmul,matmul-blocked64,0.2,2,97929,32779,0
matmul_train,matmul,ref+aging+sfreq+idle+refaults+rdist,matmul-blocked64-s1,train,matmul,matmul-blocked64,0.2,2,97435,32779,0
matmul_train,matmul,ref+aging+sfreq+age+dirty+refaults,matmul-blocked64-s1,train,matmul,matmul-blocked64,0.2,2,81953,32779,0
matmul_train,matmul,ref+aging+sfreq+age+dirty+rdist,matmul-blocked64-s1,train,matmul,matmul-blocked64,0.2,2,97929,32779,0
matmul_train,matmul,ref+aging+sfreq+age+refaults+rdist,matmul-blocked64-s1,train,matmul,matmul-blocked64,0.2,2,105624,32779,0
matmul_train,matmul,ref+aging+sfreq+dirty+refaults+rdist,matmul-blocked64-s1,train,matmul,matmul-blocked64,0.2,2,87977,32779,0
matmul_train,matmul,ref+aging+idle+age+dirty+refaults,matmul-blocked64-s1,train,matmul,matmul-blocked64,0.2,2,73379,32779,0
matmul_train,matmul,ref+aging+idle+age+dirty+rdist,matmul-blocked64-s1,train,matmul,matmul-blocked64,0.2,2,97929,32779,0
matmul_train,matmul,ref+aging+idle+age+refaults+rdist,matmul-blocked64-s1,train,matmul,matmul-blocked64,0.2,2,98097,32779,0
matmul_train,matmul,ref+aging+idle+dirty+refaults+rdist,matmul-blocked64-s1,train,matmul,matmul-blocked64,0.2,2,66048,32779,0
matmul_train,matmul,ref+aging+age+dirty+refaults+rdist,matmul-blocked64-s1,train,matmul,matmul-blocked64,0.2,2,94402,32779,0
matmul_train,matmul,ref+sfreq+idle+age+dirty+refaults,matmul-blocked64-s1,train,matmul,matmul-blocked64,0.2,2,81818,32779,0
matmul_train,matmul,ref+sfreq+idle+age+dirty+rdist,matmul-blocked64-s1,train,matmul,matmul-blocked64,0.2,2,97929,32779,0
matmul_train,matmul,ref+sfreq+idle+age+refaults+rdist,matmul-blocked64-s1,train,matmul,matmul-blocked64,0.2,2,102635,32779,0
matmul_train,matmul,ref+sfreq+idle+dirty+refaults+rdist,matmul-blocked64-s1,train,matmul,matmul-blocked64,0.2,2,87473,32779,0
matmul_train,matmul,ref+sfreq+age+dirty+refaults+rdist,matmul-blocked64-s1,train,matmul,matmul-blocked64,0.2,2,97934,32779,0
matmul_train,matmul,ref+idle+age+dirty+refaults+rdist,matmul-blocked64-s1,train,matmul,matmul-blocked64,0.2,2,92638,32779,0
matmul_train,matmul,aging+sfreq+idle+age+dirty+refaults,matmul-blocked64-s1,train,matmul,matmul-blocked64,0.2,2,90379,32779,0
matmul_train,matmul,aging+sfreq+idle+age+dirty+rdist,matmul-blocked64-s1,train,matmul,matmul-blocked64,0.2,2,97929,32779,0
matmul_train,matmul,aging+sfreq+idle+age+refaults+rdist,matmul-blocked64-s1,train,matmul,matmul-blocked64,0.2,2,97985,32779,0
matmul_train,matmul,aging+sfreq+idle+dirty+refaults+rdist,matmul-blocked64-s1,train,matmul,matmul-blocked64,0.2,2,87348,32779,0
matmul_train,matmul,aging+sfreq+age+dirty+refaults+rdist,matmul-blocked64-s1,train,matmul,matmul-blocked64,0.2,2,97937,32779,0
matmul_train,matmul,aging+idle+age+dirty+refaults+rdist,matmul-blocked64-s1,train,matmul,matmul-blocked64,0.2,2,91766,32779,0
matmul_train,matmul,sfreq+idle+age+dirty+refaults+rdist,matmul-blocked64-s1,train,matmul,matmul-blocked64,0.2,2,97937,32779,0
matmul_train,matmul,ref+aging+sfreq+idle+age+dirty+refaults,matmul-blocked64-s1,train,matmul,matmul-blocked64,0.2,2,90142,32779,0
matmul_train,matmul,ref+aging+sfreq+idle+age+dirty+rdist,matmul-blocked64-s1,train,matmul,matmul-blocked64,0.2,2,97929,32779,0
matmul_train,matmul,ref+aging+sfreq+idle+age+refaults+rdist,matmul-blocked64-s1,train,matmul,matmul-blocked64,0.2,2,105106,32779,0
matmul_train,matmul,ref+aging+sfreq+idle+dirty+refaults+rdist,matmul-blocked64-s1,train,matmul,matmul-blocked64,0.2,2,87977,32779,0
matmul_train,matmul,ref+aging+sfreq+age+dirty+refaults+rdist,matmul-blocked64-s1,train,matmul,matmul-blocked64,0.2,2,98189,32779,0
matmul_train,matmul,ref+aging+idle+age+dirty+refaults+rdist,matmul-blocked64-s1,train,matmul,matmul-blocked64,0.2,2,94026,32779,0
matmul_train,matmul,ref+sfreq+idle+age+dirty+refaults+rdist,matmul-blocked64-s1,train,matmul,matmul-blocked64,0.2,2,97939,32779,0
matmul_train,matmul,aging+sfreq+idle+age+dirty+refaults+rdist,matmul-blocked64-s1,train,matmul,matmul-blocked64,0.2,2,97937,32779,0
matmul_train,matmul,ref+aging+sfreq+idle+age+dirty+refaults+rdist,matmul-blocked64-s1,train,matmul,matmul-blocked64,0.2,2,98066,32779,0
matmul_train,matmul,rec+ref+aging+sfreq+idle+age+dirty,matmul-blocked64-s1,train,matmul,matmul-blocked64,0.2,2,98316,32779,0
matmul_train,matmul,rec+ref+aging+sfreq+idle+age+dirty+refaults+rdist,matmul-blocked64-s1,train,matmul,matmul-blocked64,0.2,2,97937,32779,0
matmul_train,matmul,freq+ref+aging+sfreq+idle+age+dirty,matmul-blocked64-s1,train,matmul,matmul-blocked64,0.2,2,98433,32779,0
matmul_train,matmul,freq+ref+aging+sfreq+idle+age+dirty+refaults+rdist,matmul-blocked64-s1,train,matmul,matmul-blocked64,0.2,2,98312,32779,0
matmul_train,matmul,sd+ref+aging+sfreq+idle+age+dirty,matmul-blocked64-s1,train,matmul,matmul-blocked64,0.2,2,65548,32779,0
matmul_train,matmul,sd+ref+aging+sfreq+idle+age+dirty+refaults+rdist,matmul-blocked64-s1,train,matmul,matmul-blocked64,0.2,2,73837,32779,0
matmul_train,matmul,wr+ref+aging+sfreq+idle+age+dirty,matmul-blocked64-s1,train,matmul,matmul-blocked64,0.2,2,115140,32779,0
matmul_train,matmul,wr+ref+aging+sfreq+idle+age+dirty+refaults+rdist,matmul-blocked64-s1,train,matmul,matmul-blocked64,0.2,2,98312,32779,0
matmul_train,matmul,rec+freq+ref+aging+sfreq+idle+age+dirty,matmul-blocked64-s1,train,matmul,matmul-blocked64,0.2,2,82276,32779,0
matmul_train,matmul,rec+freq+ref+aging+sfreq+idle+age+dirty+refaults+rdist,matmul-blocked64-s1,train,matmul,matmul-blocked64,0.2,2,98062,32779,0
matmul_train,matmul,rec+sd+ref+aging+sfreq+idle+age+dirty,matmul-blocked64-s1,train,matmul,matmul-blocked64,0.2,2,65560,32779,0
matmul_train,matmul,rec+sd+ref+aging+sfreq+idle+age+dirty+refaults+rdist,matmul-blocked64-s1,train,matmul,matmul-blocked64,0.2,2,74365,32779,0
matmul_train,matmul,rec+wr+ref+aging+sfreq+idle+age+dirty,matmul-blocked64-s1,train,matmul,matmul-blocked64,0.2,2,124296,32779,0
matmul_train,matmul,rec+wr+ref+aging+sfreq+idle+age+dirty+refaults+rdist,matmul-blocked64-s1,train,matmul,matmul-blocked64,0.2,2,98312,32779,0
matmul_train,matmul,freq+sd+ref+aging+sfreq+idle+age+dirty,matmul-blocked64-s1,train,matmul,matmul-blocked64,0.2,2,65672,32779,0
matmul_train,matmul,freq+sd+ref+aging+sfreq+idle+age+dirty+refaults+rdist,matmul-blocked64-s1,train,matmul,matmul-blocked64,0.2,2,73584,32779,0
matmul_train,matmul,freq+wr+ref+aging+sfreq+idle+age+dirty,matmul-blocked64-s1,train,matmul,matmul-blocked64,0.2,2,117360,32779,0
matmul_train,matmul,freq+wr+ref+aging+sfreq+idle+age+dirty+refaults+rdist,matmul-blocked64-s1,train,matmul,matmul-blocked64,0.2,2,97929,32779,0
matmul_train,matmul,sd+wr+ref+aging+sfreq+idle+age+dirty,matmul-blocked64-s1,train,matmul,matmul-blocked64,0.2,2,71400,32779,0
matmul_train,matmul,sd+wr+ref+aging+sfreq+idle+age+dirty+refaults+rdist,matmul-blocked64-s1,train,matmul,matmul-blocked64,0.2,2,66079,32779,0
matmul_train,matmul,rec+freq+sd+ref+aging+sfreq+idle+age+dirty,matmul-blocked64-s1,train,matmul,matmul-blocked64,0.2,2,65662,32779,0
matmul_train,matmul,rec+freq+sd+ref+aging+sfreq+idle+age+dirty+refaults+rdist,matmul-blocked64-s1,train,matmul,matmul-blocked64,0.2,2,74576,32779,0
matmul_train,matmul,rec+freq+wr+ref+aging+sfreq+idle+age+dirty,matmul-blocked64-s1,train,matmul,matmul-blocked64,0.2,2,124064,32779,0
matmul_train,matmul,rec+freq+wr+ref+aging+sfreq+idle+age+dirty+refaults+rdist,matmul-blocked64-s1,train,matmul,matmul-blocked64,0.2,2,97929,32779,0
matmul_train,matmul,rec+sd+wr+ref+aging+sfreq+idle+age+dirty,matmul-blocked64-s1,train,matmul,matmul-blocked64,0.2,2,65548,32779,0
matmul_train,matmul,rec+sd+wr+ref+aging+sfreq+idle+age+dirty+refaults+rdist,matmul-blocked64-s1,train,matmul,matmul-blocked64,0.2,2,73487,32779,0
matmul_train,matmul,freq+sd+wr+ref+aging+sfreq+idle+age+dirty,matmul-blocked64-s1,train,matmul,matmul-blocked64,0.2,2,70589,32779,0
matmul_train,matmul,freq+sd+wr+ref+aging+sfreq+idle+age+dirty+refaults+rdist,matmul-blocked64-s1,train,matmul,matmul-blocked64,0.2,2,69297,32779,0
matmul_train,matmul,rec+freq+sd+wr+ref+aging+sfreq+idle+age+dirty,matmul-blocked64-s1,train,matmul,matmul-blocked64,0.2,2,65548,32779,0
matmul_train,matmul,rec+freq+sd+wr+ref+aging+sfreq+idle+age+dirty+refaults+rdist,matmul-blocked64-s1,train,matmul,matmul-blocked64,0.2,2,74113,32779,0
matmul_train,global,rec,matmul-blocked64-s1,train,matmul,matmul-blocked64,0.2,2,98312,32779,0
matmul_train,global,freq,matmul-blocked64-s1,train,matmul,matmul-blocked64,0.2,2,82956,32779,0
matmul_train,global,sd,matmul-blocked64-s1,train,matmul,matmul-blocked64,0.2,2,98312,32779,0
matmul_train,global,wr,matmul-blocked64-s1,train,matmul,matmul-blocked64,0.2,2,65548,32779,0
matmul_train,global,rec+freq,matmul-blocked64-s1,train,matmul,matmul-blocked64,0.2,2,94869,32779,0
matmul_train,global,rec+sd,matmul-blocked64-s1,train,matmul,matmul-blocked64,0.2,2,98312,32779,0
matmul_train,global,rec+wr,matmul-blocked64-s1,train,matmul,matmul-blocked64,0.2,2,98312,32779,0
matmul_train,global,freq+sd,matmul-blocked64-s1,train,matmul,matmul-blocked64,0.2,2,92540,32779,0
matmul_train,global,freq+wr,matmul-blocked64-s1,train,matmul,matmul-blocked64,0.2,2,68065,32779,0
matmul_train,global,sd+wr,matmul-blocked64-s1,train,matmul,matmul-blocked64,0.2,2,98312,32779,0
matmul_train,global,rec+freq+sd,matmul-blocked64-s1,train,matmul,matmul-blocked64,0.2,2,77310,32779,0
matmul_train,global,rec+freq+wr,matmul-blocked64-s1,train,matmul,matmul-blocked64,0.2,2,96030,32779,0
matmul_train,global,rec+sd+wr,matmul-blocked64-s1,train,matmul,matmul-blocked64,0.2,2,98312,32779,0
matmul_train,global,freq+sd+wr,matmul-blocked64-s1,train,matmul,matmul-blocked64,0.2,2,91865,32779,0
matmul_train,global,rec+freq+sd+wr,matmul-blocked64-s1,train,matmul,matmul-blocked64,0.2,2,76212,32779,0
matmul_train,global,ref,matmul-blocked64-s1,train,matmul,matmul-blocked64,0.2,2,98312,32779,0
matmul_train,global,aging,matmul-blocked64-s1,train,matmul,matmul-blocked64,0.2,2,98312,32779,0
matmul_train,global,sfreq,matmul-blocked64-s1,train,matmul,matmul-blocked64,0.2,2,98312,32779,0
matmul_train,global,idle,matmul-blocked64-s1,train,matmul,matmul-blocked64,0.2,2,98312,32779,0
matmul_train,global,age,matmul-blocked64-s1,train,matmul,matmul-blocked64,0.2,2,98312,32779,0
matmul_train,global,dirty,matmul-blocked64-s1,train,matmul,matmul-blocked64,0.2,2,65548,32779,0
matmul_train,global,refaults,matmul-blocked64-s1,train,matmul,matmul-blocked64,0.2,2,103013,32779,0
matmul_train,global,rdist,matmul-blocked64-s1,train,matmul,matmul-blocked64,0.2,2,98436,32779,0
matmul_train,global,ref+aging,matmul-blocked64-s1,train,matmul,matmul-blocked64,0.2,2,98312,32779,0
matmul_train,global,ref+sfreq,matmul-blocked64-s1,train,matmul,matmul-blocked64,0.2,2,98312,32779,0
matmul_train,global,ref+idle,matmul-blocked64-s1,train,matmul,matmul-blocked64,0.2,2,98312,32779,0
matmul_train,global,ref+age,matmul-blocked64-s1,train,matmul,matmul-blocked64,0.2,2,98312,32779,0
matmul_train,global,ref+dirty,matmul-blocked64-s1,train,matmul,matmul-blocked64,0.2,2,98312,32779,0
matmul_train,global,ref+refaults,matmul-blocked64-s1,train,matmul,matmul-blocked64,0.2,2,98287,32779,0
matmul_train,global,ref+rdist,matmul-blocked64-s1,train,matmul,matmul-blocked64,0.2,2,98438,32779,0
matmul_train,global,aging+sfreq,matmul-blocked64-s1,train,matmul,matmul-blocked64,0.2,2,98312,32779,0
matmul_train,global,aging+idle,matmul-blocked64-s1,train,matmul,matmul-blocked64,0.2,2,98312,32779,0
matmul_train,global,aging+age,matmul-blocked64-s1,train,matmul,matmul-blocked64,0.2,2,98312,32779,0
matmul_train,global,aging+dirty,matmul-blocked64-s1,train,matmul,matmul-blocked64,0.2,2,98312,32779,0
matmul_train,global,aging+refaults,matmul-blocked64-s1,train,matmul,matmul-blocked64,0.2,2,98250,32779,0
matmul_train,global,aging+rdist,matmul-blocked64-s1,train,matmul,matmul-blocked64,0.2,2,98438,32779,0
matmul_train,global,sfreq+idle,matmul-blocked64-s1,train,matmul,matmul-blocked64,0.2,2,98312,32779,0
matmul_train,global,sfreq+age,matmul-blocked64-s1,train,matmul,matmul-blocked64,0.2,2,98312,32779,0
matmul_train,global,sfreq+dirty,matmul-blocked64-s1,train,matmul,matmul-blocked64,0.2,2,98312,32779,0
matmul_train,global,sfreq+refaults,matmul-blocked64-s1,train,matmul,matmul-blocked64,0.2,2,98525,32779,0
matmul_train,global,sfreq+rdist,matmul-blocked64-s1,train,matmul,matmul-blocked64,0.2,2,98311,32779,0
matmul_train,global,idle+age,matmul-blocked64-s1,train,matmul,matmul-blocked64,0.2,2,98312,32779,0
matmul_train,global,idle+dirty,matmul-blocked64-s1,train,matmul,matmul-blocked64,0.2,2,98312,32779,0
matmul_train,global,idle+refaults,matmul-blocked64-s1,train,matmul,matmul-blocked64,0.2,2,99164,32779,0
matmul_train,global,idle+rdist,matmul-blocked64-s1,train,matmul,matmul-blocked64,0.2,2,98436,32779,0
matmul_train,global,age+dirty,matmul-blocked64-s1,train,matmul,matmul-blocked64,0.2,2,65548,32779,0
matmul_train,global,age+refaults,matmul-blocked64-s1,train,matmul,matmul-blocked64,0.2,2,104995,32779,0
matmul_train,global,age+rdist,matmul-blocked64-s1,train,matmul,matmul-blocked64,0.2,2,98436,32779,0
matmul_train,global,dirty+refaults,matmul-blocked64-s1,train,matmul,matmul-blocked64,0.2,2,122023,32779,0
matmul_train,global,dirty+rdist,matmul-blocked64-s1,train,matmul,matmul-blocked64,0.2,2,65923,32779,0
matmul_train,global,refaults+rdist,matmul-blocked64-s1,train,matmul,matmul-blocked64,0.2,2,103056,32779,0
matmul_train,global,ref+aging+sfreq,matmul-blocked64-s1,train,matmul,matmul-blocked64,0.2,2,98312,32779,0
matmul_train,global,ref+aging+idle,matmul-blocked64-s1,train,matmul,matmul-blocked64,0.2,2,98312,32779,0
matmul_train,global,ref+aging+age,matmul-blocked64-s1,train,matmul,matmul-blocked64,0.2,2,98312,32779,0
matmul_train,global,ref+aging+dirty,matmul-blocked64-s1,train,matmul,matmul-blocked64,0.2,2,98312,32779,0
matmul_train,global,ref+aging+refaults,matmul-blocked64-s1,train,matmul,matmul-blocked64,0.2,2,98207,32779,0
matmul_train,global,ref+aging+rdist,matmul-blocked64-s1,train,matmul,matmul-blocked64,0.2,2,98438,32779,0
matmul_train,global,ref+sfreq+idle,matmul-blocked64-s1,train,matmul,matmul-blocked64,0.2,2,98312,32779,0
matmul_train,global,ref+sfreq+age,matmul-blocked64-s1,train,matmul,matmul-blocked64,0.2,2,98312,32779,0
matmul_train,global,ref+sfreq+dirty,matmul-blocked64-s1,train,matmul,matmul-blocked64,0.2,2,98312,32779,0
matmul_train,global,ref+sfreq+refaults,matmul-blocked64-s1,train,matmul,matmul-blocked64,0.2,2,93934,32779,0
matmul_train,global,ref+sfreq+rdist,matmul-blocked64-s1,train,matmul,matmul-blocked64,0.2,2,98313,32779,0
matmul_train,global,ref+idle+age,matmul-blocked64-s1,train,matmul,matmul-blocked64,0.2,2,98312,32779,0
matmul_train,global,ref+idle+dirty,matmul-blocked64-s1,train,matmul,matmul-blocked64,0.2,2,98312,32779,0
matmul_train,global,ref+idle+refaults,matmul-blocked64-s1,train,matmul,matmul-blocked64,0.2,2,98219,32779,0
matmul_train,global,ref+idle+rdist,matmul-blocked64-s1,train,matmul,matmul-blocked64,0.2,2,98438,32779,0
matmul_train,global,ref+age+dirty,matmul-blocked64-s1,train,matmul,matmul-blocked64,0.2,2,98312,32779,0
matmul_train,global,ref+age+refaults,matmul-blocked64-s1,train,matmul,matmul-blocked64,0.2,2,94452,32779,0
matmul_train,global,ref+age+rdist,matmul-blocked64-s1,train,matmul,matmul-blocked64,0.2,2,98438,32779,0
matmul_train,global,ref+dirty+refaults,matmul-blocked64-s1,train,matmul,matmul-blocked64,0.2,2,98304,32779,0
matmul_train,global,ref+dirty+rdist,matmul-blocked64-s1,train,matmul,matmul-blocked64,0.2,2,98060,32779,0
matmul_train,global,ref+refaults+rdist,matmul-blocked64-s1,train,matmul,matmul-blocked64,0.2,2,98386,32779,0
matmul_train,global,aging+sfreq+idle,matmul-blocked64-s1,train,matmul,matmul-blocked64,0.2,2,98312,32779,0
matmul_train,global,aging+sfreq+age,matmul-blocked64-s1,train,matmul,matmul-blocked64,0.2,2,98312,32779,0
matmul_train,global,aging+sfreq+dirty,matmul-blocked64-s1,train,matmul,matmul-blocked64,0.2,2,98312,32779,0
matmul_train,global,aging+sfreq+refaults,matmul-blocked64-s1,train,matmul,matmul-blocked64,0.2,2,93417,32779,0
matmul_train,global,aging+sfreq+rdist,matmul-blocked64-s1,train,matmul,matmul-blocked64,0.2,2,98313,32779,0
matmul_train,global,aging+idle+age,matmul-blocked64-s1,train,matmul,matmul-blocked64,0.2,2,98312,32779,0
matmul_train,global,aging+idle+dirty,matmul-blocked64-s1,train,matmul,matmul-blocked64,0.2,2,98312,32779,0
matmul_train,global,aging+idle+refaults,matmul-blocked64-s1,train,matmul,matmul-blocked64,0.2,2,98194,32779,0
matmul_train,global,aging+idle+rdist,matmul-blocked64-s1,train,matmul,matmul-blocked64,0.2,2,98438,32779,0
matmul_train,global,aging+age+dirty,matmul-blocked64-s1,train,matmul,matmul-blocked64,0.2,2,98312,32779,0
matmul_train,global,aging+age+refaults,matmul-blocked64-s1,train,matmul,matmul-blocked64,0.2,2,94512,32779,0
matmul_train,global,aging+age+rdist,matmul-blocked64-s1,train,matmul,matmul-blocked64,0.2,2,98313,32779,0
matmul_train,global,aging+dirty+refaults,matmul-blocked64-s1,train,matmul,matmul-blocked64,0.2,2,98303,32779,0
matmul_train,global,aging+dirty+rdist,matmul-blocked64-s1,train,matmul,matmul-blocked64,0.2,2,98060,32779,0
matmul_train,global,aging+refaults+rdist,matmul-blocked64-s1,train,matmul,matmul-blocked64,0.2,2,98302,32779,0
matmul_train,global,sfreq+idle+age,matmul-blocked64-s1,train,matmul,matmul-blocked64,0.2,2,98312,32779,0
matmul_train,global,sfreq+idle+dirty,matmul-blocked64-s1,train,matmul,matmul-blocked64,0.2,2,98312,32779,0
matmul_train,global,sfreq+idle+refaults,matmul-blocked64-s1,train,matmul,matmul-blocked64,0.2,2,97844,32779,0
matmul_train,global,sfreq+idle+rdist,matmul-blocked64-s1,train,matmul,matmul-blocked64,0.2,2,98311,32779,0
matmul_train,global,sfreq+age+dirty,matmul-blocked64-s1,train,matmul,matmul-blocked64,0.2,2,98312,32779,0
matmul_train,global,sfreq+age+refaults,matmul-blocked64-s1,train,matmul,matmul-blocked64,0.2,2,98292,32779,0
matmul_train,global,sfreq+age+rdist,matmul-blocked64-s1,train,matmul,matmul-blocked64,0.2,2,98436,32779,0
matmul_train,global,sfreq+dirty+refaults,matmul-blocked64-s1,train,matmul,matmul-blocked64,0.2,2,83788,32779,0
matmul_train,global,sfreq+dirty+rdist,matmul-blocked64-s1,train,matmul,matmul-blocked64,0.2,2,97929,32779,0
matmul_train,global,sfreq+refaults+rdist,matmul-blocked64-s1,train,matmul,matmul-blocked64,0.2,2,104370,32779,0
matmul_train,global,idle+age+dirty,matmul-blocked64-s1,train,matmul,matmul-blocked64,0.2,2,98312,32779,0
matmul_train,global,idle+age+refaults,matmul-blocked64-s1,train,matmul,matmul-blocked64,0.2,2,96418,32779,0
matmul_train,global,idle+age+rdist,matmul-blocked64-s1,train,matmul,matmul-blocked64,0.2,2,98311,32779,0
matmul_train,global,idle+dirty+refaults,matmul-blocked64-s1,train,matmul,matmul-blocked64,0.2,2,104802,32779,0
matmul_train,global,idle+dirty+rdist,matmul-blocked64-s1,train,matmul,matmul-blocked64,0.2,2,65923,32779,0
matmul_train,global,idle+refaults+rdist,matmul-blocked64-s1,train,matmul,matmul-blocked64,0.2,2,102297,32779,0
matmul_train,global,age+dirty+refaults,matmul-blocked64-s1,train,matmul,matmul-blocked64,0.2,2,107245,32779,0
matmul_train,global,age+dirty+rdist,matmul-blocked64-s1,train,matmul,matmul-blocked64,0.2,2,65923,32779,0
matmul_train,global,age+refaults+rdist,matmul-blocked64-s1,train,matmul,matmul-blocked64,0.2,2,102955,32779,0
matmul_train,global,dirty+refaults+rdist,matmul-blocked64-s1,train,matmul,matmul-blocked64,0.2,2,86751,32779,0
matmul_train,global,ref+aging+sfreq+idle,matmul-blocked64-s1,train,matmul,matmul-blocked64,0.2,2,98312,32779,0
matmul_train,global,ref+aging+sfreq+age,matmul-blocked64-s1,train,matmul,matmul-blocked64,0.2,2,98312,32779,0
matmul_train,global,ref+aging+sfreq+dirty,matmul-blocked64-s1,train,matmul,matmul-blocked64,0.2,2,98312,32779,0
matmul_train,global,ref+aging+sfreq+refaults,matmul-blocked64-s1,train,matmul,matmul-blocked64,0.2,2,92979,32779,0
matmul_train,global,ref+aging+sfreq+rdist,matmul-blocked64-s1,train,matmul,matmul-blocked64,0.2,2,98313,32779,0
matmul_train,global,ref+aging+idle+age,matmul-blocked64-s1,train,matmul,matmul-blocked64,0.2,2,98312,32779,0
matmul_train,global,ref+aging+idle+dirty,matmul-blocked64-s1,train,matmul,matmul-blocked64,0.2,2,98312,32779,0
matmul_train,global,ref+aging+idle+refaults,matmul-blocked64-s1,train,matmul,matmul-blocked64,0.2,2,98170,32779,0
matmul_train,global,ref+aging+idle+rdist,matmul-blocked64-s1,train,matmul,matmul-blocked64,0.2,2,98438,32779,0
matmul_train,global,ref+aging+age+dirty,matmul-blocked64-s1,train,matmul,matmul-blocked64,0.2,2,98312,32779,0
matmul_train,global,ref+aging+age+refaults,matmul-blocked64-s1,train,matmul,matmul-blocked64,0.2,2,93795,32779,0
matmul_train,global,ref+aging+age+rdist,matmul-blocked64-s1,train,matmul,matmul-blocked64,0.2,2,98313,32779,0
matmul_train,global,ref+aging+dirty+refaults,matmul-blocked64-s1,train,matmul,matmul-blocked64,0.2,2,98299,32779,0
matmul_train,global,ref+aging+dirty+rdist,matmul-blocked64-s1,train,matmul,matmul-blocked64,0.2,2,98060,32779,0
matmul_train,global,ref+aging+refaults+rdist,matmul-blocked64-s1,train,matmul,matmul-blocked64,0.2,2,98323,32779,0
matmul_train,global,ref+sfreq+idle+age,matmul-blocked64-s1,train,matmul,matmul-blocked64,0.2,2,98312,32779,0
matmul_train,global,ref+sfreq+idle+dirty,matmul-blocked64-s1,train,matmul,matmul-blocked64,0.2,2,98312,32779,0
matmul_train,global,ref+sfreq+idle+refaults,matmul-blocked64-s1,train,matmul,matmul-blocked64,0.2,2,93449,32779,0
matmul_train,global,ref+sfreq+idle+rdist,matmul-blocked64-s1,train,matmul,matmul-blocked64,0.2,2,98313,32779,0
matmul_train,global,ref+sfreq+age+dirty,matmul-blocked64-s1,train,matmul,matmul-blocked64,0.2,2,98312,32779,0
matmul_train,global,ref+sfreq+age+refaults,matmul-blocked64-s1,train,matmul,matmul-blocked64,0.2,2,94016,32779,0
matmul_train,global,ref+sfreq+age+rdist,matmul-blocked64-s1,train,matmul,matmul-blocked64,0.2,2,98438,32779,0
matmul_train,global,ref+sfreq+dirty+refaults,matmul-blocked64-s1,train,matmul,matmul-blocked64,0.2,2,93472,32779,0
matmul_train,global,ref+sfreq+dirty+rdist,matmul-blocked64-s1,train,matmul,matmul-blocked64,0.2,2,98313,32779,0
matmul_train,global,ref+sfreq+refaults+rdist,matmul-blocked64-s1,train,matmul,matmul-blocked64,0.2,2,94117,32779,0
matmul_train,global,ref+idle+age+dirty,matmul-blocked64-s1,train,matmul,matmul-blocked64,0.2,2,98312,32779,0
matmul_train,global,ref+idle+age+refaults,matmul-blocked64-s1,train,matmul,matmul-blocked64,0.2,2,93508,32779,0
matmul_train,global,ref+idle+age+rdist,matmul-blocked64-s1,train,matmul,matmul-blocked64,0.2,2,98313,32779,0
matmul_train,global,ref+idle+dirty+refaults,matmul-blocked64-s1,train,matmul,matmul-blocked64,0.2,2,98275,32779,0
matmul_train,global,ref+idle+dirty+rdist,matmul-blocked64-s1,train,matmul,matmul-blocked64,0.2,2,98060,32779,0
matmul_train,global,ref+idle+refaults+rdist,matmul-blocked64-s1,train,matmul,matmul-blocked64,0.2,2,98361,32779,0
matmul_train,global,ref+age+dirty+refaults,matmul-blocked64-s1,train,matmul,matmul-blocked64,0.2,2,95580,32779,0
matmul_train,global,ref+age+dirty+rdist,matmul-blocked64-s1,train,matmul,matmul-blocked64,0.2,2,98060,32779,0
matmul_train,global,ref+age+refaults+rdist,matmul-blocked64-s1,train,matmul,matmul-blocked64,0.2,2,94411,32779,0
matmul_train,global,ref+dirty+refaults+rdist,matmul-blocked64-s1,train,matmul,matmul-blocked64,0.2,2,96584,32779,0
matmul_train,global,aging+sfreq+idle+age,matmul-blocked64-s1,train,matmul,matmul-blocked64,0.2,2,98312,32779,0
matmul_train,global,aging+sfreq+idle+dirty,matmul-blocked64-s1,train,matmul,matmul-blocked64,0.2,2,98312,32779,0
matmul_train,global,aging+sfreq+idle+refaults,matmul-blocked64-s1,train,matmul,matmul-blocked64,0.2,2,93392,32779,0
matmul_train,global,aging+sfreq+idle+rdist,matmul-blocked64-s1,train,matmul,matmul-blocked64,0.2,2,98313,32779,0
matmul_train,global,aging+sfreq+age+dirty,matmul-blocked64-s1,train,matmul,matmul-blocked64,0.2,2,98312,32779,0
matmul_train,global,aging+sfreq+age+refaults,matmul-blocked64-s1,train,matmul,matmul-blocked64,0.2,2,93740,32779,0
matmul_train,global,aging+sfreq+age+rdist,matmul-blocked64-s1,train,matmul,matmul-blocked64,0.2,2,98313,32779,0
matmul_train,global,aging+sfreq+dirty+refaults,matmul-blocked64-s1,train,matmul,matmul-blocked64,0.2,2,92962,32779,0
matmul_train,global,aging+sfreq+dirty+rdist,matmul-blocked64-s1,train,matmul,matmul-blocked64,0.2,2,98313,32779,0
matmul_train,global,aging+sfreq+refaults+rdist,matmul-blocked64-s1,train,matmul,matmul-blocked64,0.2,2,93372,32779,0
matmul_train,global,aging+idle+age+dirty,matmul-blocked64-s1,train,matmul,matmul-blocked64,0.2,2,98312,32779,0
matmul_train,global,aging+idle+age+refaults,matmul-blocked64-s1,train,matmul,matmul-blocked64,0.2,2,93982,32779,0
matmul_train,global,aging+idle+age+rdist,matmul-blocked64-s1,train,matmul,matmul-blocked64,0.2,2,98313,32779,0
matmul_train,global,aging+idle+dirty+refaults,matmul-blocked64-s1,train,matmul,matmul-blocked64,0.2,2,98283,32779,0
matmul_train,global,aging+idle+dirty+rdist,matmul-blocked64-s1,train,matmul,matmul-blocked64,0.2,2,98060,32779,0
matmul_train,global,aging+idle+refaults+rdist,matmul-blocked64-s1,train,matmul,matmul-blocked64,0.2,2,98313,32779,0
matmul_train,global,aging+age+dirty+refaults,matmul-blocked64-s1,train,matmul,matmul-blocked64,0.2,2,94541,32779,0
matmul_train,global,aging+age+dirty+rdist,matmul-blocked64-s1,train,matmul,matmul-blocked64,0.2,2,98313,32779,0
matmul_train,global,aging+age+refaults+rdist,matmul-blocked64-s1,train,matmul,matmul-blocked64,0.2,2,94284,32779,0
matmul_train,global,aging+dirty+refaults+rdist,matmul-blocked64-s1,train,matmul,matmul-blocked64,0.2,2,98308,32779,0
matmul_train,global,sfreq+idle+age+dirty,matmul-blocked64-s1,train,matmul,matmul-blocked64,0.2,2,98312,32779,0
matmul_train,global,sfreq+idle+age+refaults,matmul-blocked64-s1,train,matmul,matmul-blocked64,0.2,2,96987,32779,0
matmul_train,global,sfreq+idle+age+rdist,matmul-blocked64-s1,train,matmul,matmul-blocked64,0.2,2,98311,32779,0
matmul_train,global,sfreq+idle+dirty+refaults,matmul-blocked64-s1,train,matmul,matmul-blocked64,0.2,2,88335,32779,0
matmul_train,global,sfreq+idle+dirty+rdist,matmul-blocked64-s1,train,matmul,matmul-blocked64,0.2,2,97929,32779,0
matmul_train,global,sfreq+idle+refaults+rdist,matmul-blocked64-s1,train,matmul,matmul-blocked64,0.2,2,97188,32779,0
matmul_train,global,sfreq+age+dirty+refaults,matmul-blocked64-s1,train,matmul,matmul-blocked64,0.2,2,89741,32779,0
matmul_train,global,sfreq+age+dirty+rdist,matmul-blocked64-s1,train,matmul,matmul-blocked64,0.2,2,65923,32779,0
matmul_train,global,sfreq+age+refaults+rdist,matmul-blocked64-s1,train,matmul,matmul-blocked64,0.2,2,97697,32779,0
matmul_train,global,sfreq+dirty+refaults+rdist,matmul-blocked64-s1,train,matmul,matmul-blocked64,0.2,2,82837,32779,0
matmul_train,global,idle+age+dirty+refaults,matmul-blocked64-s1,train,matmul,matmul-blocked64,0.2,2,87374,32779,0
matmul_train,global,idle+age+dirty+rdist,matmul-blocked64-s1,train,matmul,matmul-blocked64,0.2,2,97929,32779,0
matmul_train,global,idle+age+refaults+rdist,matmul-blocked64-s1,train,matmul,matmul-blocked64,0.2,2,96670,32779,0
matmul_train,global,idle+dirty+refaults+rdist,matmul-blocked64-s1,train,matmul,matmul-blocked64,0.2,2,90842,32779,0
matmul_train,global,age+dirty+refaults+rdist,matmul-blocked64-s1,train,matmul,matmul-blocked64,0.2,2,90820,32779,0
matmul_train,global,ref+aging+sfreq+idle+age,matmul-blocked64-s1,train,matmul,matmul-blocked64,0.2,2,98312,32779,0
matmul_train,global,ref+aging+sfreq+idle+dirty,matmul-blocked64-s1,train,matmul,matmul-blocked64,0.2,2,98312,32779,0
matmul_train,global,ref+aging+sfreq+idle+refaults,matmul-blocked64-s1,train,matmul,matmul-blocked64,0.2,2,92851,32779,0
matmul_train,global,ref+aging+sfreq+idle+rdist,matmul-blocked64-s1,train,matmul,matmul-blocked64,0.2,2,98313,32779,0
matmul_train,global,ref+aging+sfreq+age+dirty,matmul-blocked64-s1,train,matmul,matmul-blocked64,0.2,2,98312,32779,0
matmul_train,global,ref+aging+sfreq+age+refaults,matmul-blocked64-s1,train,matmul,matmul-blocked64,0.2,2,94255,32779,0
matmul_train,global,ref+aging+sfreq+age+rdist,matmul-blocked64-s1,train,matmul,matmul-blocked64,0.2,2,98313,32779,0
matmul_train,global,ref+aging+sfreq+dirty+refaults,matmul-blocked64-s1,train,matmul,matmul-blocked64,0.2,2,90982,32779,0
matmul_train,global,ref+aging+sfreq+dirty+rdist,matmul-blocked64-s1,train,matmul,matmul-blocked64,0.2,2,98311,32779,0
matmul_train,global,ref+aging+sfreq+refaults+rdist,matmul-blocked64-s1,train,matmul,matmul-blocked64,0.2,2,92733,32779,0
matmul_train,global,ref+aging+idle+age+dirty,matmul-blocked64-s1,train,matmul,matmul-blocked64,0.2,2,98312,32779,0
matmul_train,global,ref+aging+idle+age+refaults,matmul-blocked64-s1,train,matmul,matmul-blocked64,0.2,2,95677,32779,0
matmul_train,global,ref+aging+idle+age+rdist,matmul-blocked64-s1,train,matmul,matmul-blocked64,0.2,2,98313,32779,0
matmul_train,global,ref+aging+idle+dirty+refaults,matmul-blocked64-s1,train,matmul,matmul-blocked64,0.2,2,98279,32779,0
matmul_train,global,ref+aging+idle+dirty+rdist,matmul-blocked64-s1,train,matmul,matmul-blocked64,0.2,2,98060,32779,0
matmul_train,global,ref+aging+idle+refaults+rdist,matmul-blocked64-s1,train,matmul,matmul-blocked64,0.2,2,98328,32779,0
matmul_train,global,ref+aging+age+dirty+refaults,matmul-blocked64-s1,train,matmul,matmul-blocked64,0.2,2,92825,32779,0
matmul_train,global,ref+aging+age+dirty+rdist,matmul-blocked64-s1,train,matmul,matmul-blocked64,0.2,2,98311,32779,0
matmul_train,global,ref+aging+age+refaults+rdist,matmul-blocked64-s1,train,matmul,matmul-blocked64,0.2,2,93046,32779,0
matmul_train,global,ref+aging+dirty+refaults+rdist,matmul-blocked64-s1,train,matmul,matmul-blocked64,0.2,2,98327,32779,0
matmul_train,global,ref+sfreq+idle+age+dirty,matmul-blocked64-s1,train,matmul,matmul-blocked64,0.2,2,98312,32779,0
matmul_train,global,ref+sfreq+idle+age+refaults,matmul-blocked64-s1,train,matmul,matmul-blocked64,0.2,2,93337,32779,0
matmul_train,global,ref+sfreq+idle+age+rdist,matmul-blocked64-s1,train,matmul,matmul-blocked64,0.2,2,98313,32779,0
matmul_train,global,ref+sfreq+idle+dirty+refaults,matmul-blocked64-s1,train,matmul,matmul-blocked64,0.2,2,92538,32779,0
matmul_train,global,ref+sfreq+idle+dirty+rdist,matmul-blocked64-s1,train,matmul,matmul-blocked64,0.2,2,98313,32779,0
matmul_train,global,ref+sfreq+idle+refaults+rdist,matmul-blocked64-s1,train,matmul,matmul-blocked64,0.2,2,93931,32779,0
matmul_train,global,ref+sfreq+age+dirty+refaults,matmul-blocked64-s1,train,matmul,matmul-blocked64,0.2,2,93106,32779,0
matmul_train,global,ref+sfreq+age+dirty+rdist,matmul-blocked64-s1,train,matmul,matmul-blocked64,0.2,2,98060,32779,0
matmul_train,global,ref+sfreq+age+refaults+rdist,matmul-blocked64-s1,train,matmul,matmul-blocked64,0.2,2,94124,32779,0
matmul_train,global,ref+sfreq+dirty+refaults+rdist,matmul-blocked64-s1,train,matmul,matmul-blocked64,0.2,2,92799,32779,0
matmul_train,global,ref+idle+age+dirty+refaults,matmul-blocked64-s1,train,matmul,matmul-blocked64,0.2,2,92751,32779,0
matmul_train,global,ref+idle+age+dirty+rdist,matmul-blocked64-s1,train,matmul,matmul-blocked64,0.2,2,98313,32779,0
matmul_train,global,ref+idle+age+refaults+rdist,matmul-blocked64-s1,train,matmul,matmul-blocked64,0.2,2,93794,32779,0
matmul_train,global,ref+idle+dirty+refaults+rdist,matmul-blocked64-s1,train,matmul,matmul-blocked64,0.2,2,96092,32779,0
matmul_train,global,ref+age+dirty+refaults+rdist,matmul-blocked64-s1,train,matmul,matmul-blocked64,0.2,2,93959,32779,0
matmul_train,global,aging+sfreq+idle+age+dirty,matmul-blocked64-s1,train,matmul,matmul-blocked64,0.2,2,98312,32779,0
matmul_train,global,aging+sfreq+idle+age+refaults,matmul-blocked64-s1,train,matmul,matmul-blocked64,0.2,2,93764,32779,0
matmul_train,global,aging+sfreq+idle+age+rdist,matmul-blocked64-s1,train,matmul,matmul-blocked64,0.2,2,98313,32779,0
matmul_train,global,aging+sfreq+idle+dirty+refaults,matmul-blocked64-s1,train,matmul,matmul-blocked64,0.2,2,92909,32779,0
matmul_train,global,aging+sfreq+idle+dirty+rdist,matmul-blocked64-s1,train,matmul,matmul-blocked64,0.2,2,98313,32779,0
matmul_train,global,aging+sfreq+idle+refaults+rdist,matmul-blocked64-s1,train,matmul,matmul-blocked64,0.2,2,93586,32779,0
matmul_train,global,aging+sfreq+age+dirty+refaults,matmul-blocked64-s1,train,matmul,matmul-blocked64,0.2,2,93420,32779,0
matmul_train,global,aging+sfreq+age+dirty+rdist,matmul-blocked64-s1,train,matmul,matmul-blocked64,0.2,2,98313,32779,0
matmul_train,global,aging+sfreq+age+refaults+rdist,matmul-blocked64-s1,train,matmul,matmul-blocked64,0.2,2,93984,32779,0
matmul_train,global,aging+sfreq+dirty+refaults+rdist,matmul-blocked64-s1,train,matmul,matmul-blocked64,0.2,2,91694,32779,0
matmul_train,global,aging+idle+age+dirty+refaults,matmul-blocked64-s1,train,matmul,matmul-blocked64,0.2,2,93622,32779,0
matmul_train,global,aging+idle+age+dirty+rdist,matmul-blocked64-s1,train,matmul,matmul-blocked64,0.2,2,98313,32779,0
matmul_train,global,aging+idle+age+refaults+rdist,matmul-blocked64-s1,train,matmul,matmul-blocked64,0.2,2,94007,32779,0
matmul_train,global,aging+idle+dirty+refaults+rdist,matmul-blocked64-s1,train,matmul,matmul-blocked64,0.2,2,98320,32779,0
matmul_train,global,aging+age+dirty+refaults+rdist,matmul-blocked64-s1,train,matmul,matmul-blocked64,0.2,2,93721,32779,0
matmul_train,global,sfreq+idle+age+dirty+refaults,matmul-blocked64-s1,train,matmul,matmul-blocked64,0.2,2,87406,32779,0
matmul_train,global,sfreq+idle+age+dirty+rdist,matmul-blocked64-s1,train,matmul,matmul-blocked64,0.2,2,97929,32779,0
matmul_train,global,sfreq+idle+age+refaults+rdist,matmul-blocked64-s1,train,matmul,matmul-blocked64,0.2,2,96554,32779,0
matmul_train,global,sfreq+idle+dirty+refaults+rdist,matmul-blocked64-s1,train,matmul,matmul-blocked64,0.2,2,80645,32779,0
matmul_train,global,sfreq+age+dirty+refaults+rdist,matmul-blocked64-s1,train,matmul,matmul-blocked64,0.2,2,79940,32779,0
matmul_train,global,idle+age+dirty+refaults+rdist,matmul-blocked64-s1,train,matmul,matmul-blocked64,0.2,2,82198,32779,0
matmul_train,global,ref+aging+sfreq+idle+age+dirty,matmul-blocked64-s1,train,matmul,matmul-blocked64,0.2,2,98312,32779,0
matmul_train,global,ref+aging+sfreq+idle+age+refaults,matmul-blocked64-s1,train,matmul,matmul-blocked64,0.2,2,95704,32779,0
matmul_train,global,ref+aging+sfreq+idle+age+rdist,matmul-blocked64-s1,train,matmul,matmul-blocked64,0.2,2,98313,32779,0
matmul_train,global,ref+aging+sfreq+idle+dirty+refaults,matmul-blocked64-s1,train,matmul,matmul-blocked64,0.2,2,91111,32779,0
matmul_train,global,ref+aging+sfreq+idle+dirty+rdist,matmul-blocked64-s1,train,matmul,matmul-blocked64,0.2,2,98311,32779,0
matmul_train,global,ref+aging+sfreq+idle+refaults+rdist,matmul-blocked64-s1,train,matmul,matmul-blocked64,0.2,2,92888,32779,0
matmul_train,global,ref+aging+sfreq+age+dirty+refaults,matmul-blocked64-s1,train,matmul,matmul-blocked64,0.2,2,91518,32779,0
matmul_train,global,ref+aging+sfreq+age+dirty+rdist,matmul-blocked64-s1,train,matmul,matmul-blocked64,0.2,2,98311,32779,0
matmul_train,global,ref+aging+sfreq+age+refaults+rdist,matmul-blocked64-s1,train,matmul,matmul-blocked64,0.2,2,93076,32779,0
matmul_train,global,ref+aging+sfreq+dirty+refaults+rdist,matmul-blocked64-s1,train,matmul,matmul-blocked64,0.2,2,90306,32779,0
matmul_train,global,ref+aging+idle+age+dirty+refaults,matmul-blocked64-s1,train,matmul,matmul-blocked64,0.2,2,91369,32779,0
matmul_train,global,ref+aging+idle+age+dirty+rdist,matmul-blocked64-s1,train,matmul,matmul-blocked64,0.2,2,98311,32779,0
matmul_train,global,ref+aging+idle+age+refaults+rdist,matmul-blocked64-s1,train,matmul,matmul-blocked64,0.2,2,94035,32779,0
matmul_train,global,ref+aging+idle+dirty+refaults+rdist,matmul-blocked64-s1,train,matmul,matmul-blocked64,0.2,2,98333,32779,0
matmul_train,global,ref+aging+age+dirty+refaults+rdist,matmul-blocked64-s1,train,matmul,matmul-blocked64,0.2,2,90272,32779,0
matmul_train,global,ref+sfreq+idle+age+dirty+refaults,matmul-blocked64-s1,train,matmul,matmul-blocked64,0.2,2,92453,32779,0
matmul_train,global,ref+sfreq+idle+age+dirty+rdist,matmul-blocked64-s1,train,matmul,matmul-blocked64,0.2,2,98313,32779,0
matmul_train,global,ref+sfreq+idle+age+refaults+rdist,matmul-blocked64-s1,train,matmul,matmul-blocked64,0.2,2,93689,32779,0
matmul_train,global,ref+sfreq+idle+dirty+refaults+rdist,matmul-blocked64-s1,train,matmul,matmul-blocked64,0.2,2,92360,32779,0
matmul_train,global,ref+sfreq+age+dirty+refaults+rdist,matmul-blocked64-s1,train,matmul,matmul-blocked64,0.2,2,92788,32779,0
matmul_train,global,ref+idle+age+dirty+refaults+rdist,matmul-blocked64-s1,train,matmul,matmul-blocked64,0.2,2,92488,32779,0
matmul_train,global,aging+sfreq+idle+age+dirty+refaults,matmul-blocked64-s1,train,matmul,matmul-blocked64,0.2,2,93303,32779,0
matmul_train,global,aging+sfreq+idle+age+dirty+rdist,matmul-blocked64-s1,train,matmul,matmul-blocked64,0.2,2,98313,32779,0
matmul_train,global,aging+sfreq+idle+age+refaults+rdist,matmul-blocked64-s1,train,matmul,matmul-blocked64,0.2,2,94018,32779,0
matmul_train,global,aging+sfreq+idle+dirty+refaults+rdist,matmul-blocked64-s1,train,matmul,matmul-blocked64,0.2,2,92303,32779,0
matmul_train,global,aging+sfreq+age+dirty+refaults+rdist,matmul-blocked64-s1,train,matmul,matmul-blocked64,0.2,2,93137,32779,0
matmul_train,global,aging+idle+age+dirty+refaults+rdist,matmul-blocked64-s1,train,matmul,matmul-blocked64,0.2,2,93021,32779,0
matmul_train,global,sfreq+idle+age+dirty+refaults+rdist,matmul-blocked64-s1,train,matmul,matmul-blocked64,0.2,2,81224,32779,0
matmul_train,global,ref+aging+sfreq+idle+age+dirty+refaults,matmul-blocked64-s1,train,matmul,matmul-blocked64,0.2,2,91476,32779,0
matmul_train,global,ref+aging+sfreq+idle+age+dirty+rdist,matmul-blocked64-s1,train,matmul,matmul-blocked64,0.2,2,97929,32779,0
matmul_train,global,ref+aging+sfreq+idle+age+refaults+rdist,matmul-blocked64-s1,train,matmul,matmul-blocked64,0.2,2,94465,32779,0
matmul_train,global,ref+aging+sfreq+idle+dirty+refaults+rdist,matmul-blocked64-s1,train,matmul,matmul-blocked64,0.2,2,90779,32779,0
matmul_train,global,ref+aging+sfreq+age+dirty+refaults+rdist,matmul-blocked64-s1,train,matmul,matmul-blocked64,0.2,2,90083,32779,0
matmul_train,global,ref+aging+idle+age+dirty+refaults+rdist,matmul-blocked64-s1,train,matmul,matmul-blocked64,0.2,2,88803,32779,0
matmul_train,global,ref+sfreq+idle+age+dirty+refaults+rdist,matmul-blocked64-s1,train,matmul,matmul-blocked64,0.2,2,92362,32779,0
matmul_train,global,aging+sfreq+idle+age+dirty+refaults+rdist,matmul-blocked64-s1,train,matmul,matmul-blocked64,0.2,2,93055,32779,0
matmul_train,global,ref+aging+sfreq+idle+age+dirty+refaults+rdist,matmul-blocked64-s1,train,matmul,matmul-blocked64,0.2,2,88245,32779,0
matmul_train,global,rec+ref+aging+sfreq+idle+age+dirty,matmul-blocked64-s1,train,matmul,matmul-blocked64,0.2,2,98314,32779,0
matmul_train,global,rec+ref+aging+sfreq+idle+age+dirty+refaults+rdist,matmul-blocked64-s1,train,matmul,matmul-blocked64,0.2,2,86822,32779,0
matmul_train,global,freq+ref+aging+sfreq+idle+age+dirty,matmul-blocked64-s1,train,matmul,matmul-blocked64,0.2,2,73534,32779,0
matmul_train,global,freq+ref+aging+sfreq+idle+age+dirty+refaults+rdist,matmul-blocked64-s1,train,matmul,matmul-blocked64,0.2,2,95988,32779,0
matmul_train,global,sd+ref+aging+sfreq+idle+age+dirty,matmul-blocked64-s1,train,matmul,matmul-blocked64,0.2,2,98312,32779,0
matmul_train,global,sd+ref+aging+sfreq+idle+age+dirty+refaults+rdist,matmul-blocked64-s1,train,matmul,matmul-blocked64,0.2,2,91616,32779,0
matmul_train,global,wr+ref+aging+sfreq+idle+age+dirty,matmul-blocked64-s1,train,matmul,matmul-blocked64,0.2,2,98312,32779,0
matmul_train,global,wr+ref+aging+sfreq+idle+age+dirty+refaults+rdist,matmul-blocked64-s1,train,matmul,matmul-blocked64,0.2,2,87851,32779,0
matmul_train,global,rec+freq+ref+aging+sfreq+idle+age+dirty,matmul-blocked64-s1,train,matmul,matmul-blocked64,0.2,2,130554,32779,0
matmul_train,global,rec+freq+ref+aging+sfreq+idle+age+dirty+refaults+rdist,matmul-blocked64-s1,train,matmul,matmul-blocked64,0.2,2,80686,32779,0
matmul_train,global,rec+sd+ref+aging+sfreq+idle+age+dirty,matmul-blocked64-s1,train,matmul,matmul-blocked64,0.2,2,98314,32779,0
matmul_train,global,rec+sd+ref+aging+sfreq+idle+age+dirty+refaults+rdist,matmul-blocked64-s1,train,matmul,matmul-blocked64,0.2,2,86889,32779,0
matmul_train,global,rec+wr+ref+aging+sfreq+idle+age+dirty,matmul-blocked64-s1,train,matmul,matmul-blocked64,0.2,2,98314,32779,0
matmul_train,global,rec+wr+ref+aging+sfreq+idle+age+dirty+refaults+rdist,matmul-blocked64-s1,train,matmul,matmul-blocked64,0.2,2,86596,32779,0
matmul_train,global,freq+sd+ref+aging+sfreq+idle+age+dirty,matmul-blocked64-s1,train,matmul,matmul-blocked64,0.2,2,75470,32779,0
matmul_train,global,freq+sd+ref+aging+sfreq+idle+age+dirty+refaults+rdist,matmul-blocked64-s1,train,matmul,matmul-blocked64,0.2,2,96774,32779,0
matmul_train,global,freq+wr+ref+aging+sfreq+idle+age+dirty,matmul-blocked64-s1,train,matmul,matmul-blocked64,0.2,2,73534,32779,0
matmul_train,global,freq+wr+ref+aging+sfreq+idle+age+dirty+refaults+rdist,matmul-blocked64-s1,train,matmul,matmul-blocked64,0.2,2,95550,32779,0
matmul_train,global,sd+wr+ref+aging+sfreq+idle+age+dirty,matmul-blocked64-s1,train,matmul,matmul-blocked64,0.2,2,98312,32779,0
matmul_train,global,sd+wr+ref+aging+sfreq+idle+age+dirty+refaults+rdist,matmul-blocked64-s1,train,matmul,matmul-blocked64,0.2,2,91806,32779,0
matmul_train,global,rec+freq+sd+ref+aging+sfreq+idle+age+dirty,matmul-blocked64-s1,train,matmul,matmul-blocked64,0.2,2,130671,32779,0
matmul_train,global,rec+freq+sd+ref+aging+sfreq+idle+age+dirty+refaults+rdist,matmul-blocked64-s1,train,matmul,matmul-blocked64,0.2,2,80203,32779,0
matmul_train,global,rec+freq+wr+ref+aging+sfreq+idle+age+dirty,matmul-blocked64-s1,train,matmul,matmul-blocked64,0.2,2,130340,32779,0
matmul_train,global,rec+freq+wr+ref+aging+sfreq+idle+age+dirty+refaults+rdist,matmul-blocked64-s1,train,matmul,matmul-blocked64,0.2,2,80902,32779,0
matmul_train,global,rec+sd+wr+ref+aging+sfreq+idle+age+dirty,matmul-blocked64-s1,train,matmul,matmul-blocked64,0.2,2,98314,32779,0
matmul_train,global,rec+sd+wr+ref+aging+sfreq+idle+age+dirty+refaults+rdist,matmul-blocked64-s1,train,matmul,matmul-blocked64,0.2,2,87143,32779,0
matmul_train,global,freq+sd+wr+ref+aging+sfreq+idle+age+dirty,matmul-blocked64-s1,train,matmul,matmul-blocked64,0.2,2,77659,32779,0
matmul_train,global,freq+sd+wr+ref+aging+sfreq+idle+age+dirty+refaults+rdist,matmul-blocked64-s1,train,matmul,matmul-blocked64,0.2,2,96650,32779,0
matmul_train,global,rec+freq+sd+wr+ref+aging+sfreq+idle+age+dirty,matmul-blocked64-s1,train,matmul,matmul-blocked64,0.2,2,130701,32779,0
matmul_train,global,rec+freq+sd+wr+ref+aging+sfreq+idle+age+dirty+refaults+rdist,matmul-blocked64-s1,train,matmul,matmul-blocked64,0.2,2,80658,32779,0
matmul_train,matmul,rec,matmul-blocked64-s1,train,matmul,matmul-blocked64,0.05,2,98312,32779,0
matmul_train,matmul,freq,matmul-blocked64-s1,train,matmul,matmul-blocked64,0.05,2,82956,32779,0
matmul_train,matmul,sd,matmul-blocked64-s1,train,matmul,matmul-blocked64,0.05,2,98312,32779,0
matmul_train,matmul,wr,matmul-blocked64-s1,train,matmul,matmul-blocked64,0.05,2,65548,32779,0
matmul_train,matmul,rec+freq,matmul-blocked64-s1,train,matmul,matmul-blocked64,0.05,2,92329,32779,0
matmul_train,matmul,rec+sd,matmul-blocked64-s1,train,matmul,matmul-blocked64,0.05,2,98312,32779,0
matmul_train,matmul,rec+wr,matmul-blocked64-s1,train,matmul,matmul-blocked64,0.05,2,65548,32779,0
matmul_train,matmul,freq+sd,matmul-blocked64-s1,train,matmul,matmul-blocked64,0.05,2,98315,32779,0
matmul_train,matmul,freq+wr,matmul-blocked64-s1,train,matmul,matmul-blocked64,0.05,2,65548,32779,0
matmul_train,matmul,sd+wr,matmul-blocked64-s1,train,matmul,matmul-blocked64,0.05,2,96856,32779,0
matmul_train,matmul,rec+freq+sd,matmul-blocked64-s1,train,matmul,matmul-blocked64,0.05,2,98317,32779,0
matmul_train,matmul,rec+freq+wr,matmul-blocked64-s1,train,matmul,matmul-blocked64,0.05,2,65548,32779,0
matmul_train,matmul,rec+sd+wr,matmul-blocked64-s1,train,matmul,matmul-blocked64,0.05,2,95816,32779,0
matmul_train,matmul,freq+sd+wr,matmul-blocked64-s1,train,matmul,matmul-blocked64,0.05,2,97094,32779,0
matmul_train,matmul,rec+freq+sd+wr,matmul-blocked64-s1,train,matmul,matmul-blocked64,0.05,2,96192,32779,0
matmul_train,matmul,ref,matmul-blocked64-s1,train,matmul,matmul-blocked64,0.05,2,98312,32779,0
matmul_train,matmul,aging,matmul-blocked64-s1,train,matmul,matmul-blocked64,0.05,2,98312,32779,0
matmul_train,matmul,sfreq,matmul-blocked64-s1,train,matmul,matmul-blocked64,0.05,2,98312,32779,0
matmul_train,matmul,idle,matmul-blocked64-s1,train,matmul,matmul-blocked64,0.05,2,98312,32779,0
matmul_train,matmul,age,matmul-blocked64-s1,train,matmul,matmul-blocked64,0.05,2,131076,32779,0
matmul_train,matmul,dirty,matmul-blocked64-s1,train,matmul,matmul-blocked64,0.05,2,65548,32779,0
matmul_train,matmul,refaults,matmul-blocked64-s1,train,matmul,matmul-blocked64,0.05,2,96012,32779,0
matmul_train,matmul,rdist,matmul-blocked64-s1,train,matmul,matmul-blocked64,0.05,2,98436,32779,0
matmul_train,matmul,ref+aging,matmul-blocked64-s1,train,matmul,matmul-blocked64,0.05,2,98312,32779,0
matmul_train,matmul,ref+sfreq,matmul-blocked64-s1,train,matmul,matmul-blocked64,0.05,2,98312,32779,0
matmul_train,matmul,ref+idle,matmul-blocked64-s1,train,matmul,matmul-blocked64,0.05,2,98312,32779,0
matmul_train,matmul,ref+age,matmul-blocked64-s1,train,matmul,matmul-blocked64,0.05,2,98312,32779,0
matmul_train,matmul,ref+dirty,matmul-blocked64-s1,train,matmul,matmul-blocked64,0.05,2,65548,32779,0
matmul_train,matmul,ref+refaults,matmul-blocked64-s1,train,matmul,matmul-blocked64,0.05,2,91231,32779,0
matmul_train,matmul,ref+rdist,matmul-blocked64-s1,train,matmul,matmul-blocked64,0.05,2,98436,32779,0
matmul_train,matmul,aging+sfreq,matmul-blocked64-s1,train,matmul,matmul-blocked64,0.05,2,98312,32779,0
matmul_train,matmul,aging+idle,matmul-blocked64-s1,train,matmul,matmul-blocked64,0.05,2,98312,32779,0
matmul_train,matmul,aging+age,matmul-blocked64-s1,train,matmul,matmul-blocked64,0.05,2,98312,32779,0
matmul_train,matmul,aging+dirty,matmul-blocked64-s1,train,matmul,matmul-blocked64,0.05,2,98312,32779,0
matmul_train,matmul,aging+refaults,matmul-blocked64-s1,train,matmul,matmul-blocked64,0.05,2,91231,32779,0
matmul_train,matmul,aging+rdist,matmul-blocked64-s1,train,matmul,matmul-blocked64,0.05,2,98436,32779,0
matmul_train,matmul,sfreq+idle,matmul-blocked64-s1,train,matmul,matmul-blocked64,0.05,2,98312,32779,0
matmul_train,matmul,sfreq+age,matmul-blocked64-s1,train,matmul,matmul-blocked64,0.05,2,98312,32779,0
matmul_train,matmul,sfreq+dirty,matmul-blocked64-s1,train,matmul,matmul-blocked64,0.05,2,98312,32779,0
matmul_train,matmul,sfreq+refaults,matmul-blocked64-s1,train,matmul,matmul-blocked64,0.05,2,92045,32779,0
matmul_train,matmul,sfreq+rdist,matmul-blocked64-s1,train,matmul,matmul-blocked64,0.05,2,98311,32779,0
matmul_train,matmul,idle+age,matmul-blocked64-s1,train,matmul,matmul-blocked64,0.05,2,98312,32779,0
matmul_train,matmul,idle+dirty,matmul-blocked64-s1,train,matmul,matmul-blocked64,0.05,2,98312,32779,0
matmul_train,matmul,idle+refaults,matmul-blocked64-s1,train,matmul,matmul-blocked64,0.05,2,91231,32779,0
matmul_train,matmul,idle+rdist,matmul-blocked64-s1,train,matmul,matmul-blocked64,0.05,2,98436,32779,0
matmul_train,matmul,age+dirty,matmul-blocked64-s1,train,matmul,matmul-blocked64,0.05,2,98316,32779,0
matmul_train,matmul,age+refaults,matmul-blocked64-s1,train,matmul,matmul-blocked64,0.05,2,98313,32779,0
matmul_train,matmul,age+rdist,matmul-blocked64-s1,train,matmul,matmul-blocked64,0.05,2,107013,32779,0
matmul_train,matmul,dirty+refaults,matmul-blocked64-s1,train,matmul,matmul-blocked64,0.05,2,65551,32779,0
matmul_train,matmul,dirty+rdist,matmul-blocked64-s1,train,matmul,matmul-blocked64,0.05,2,65923,32779,0
matmul_train,matmul,refaults+rdist,matmul-blocked64-s1,train,matmul,matmul-blocked64,0.05,2,97283,32779,0
matmul_train,matmul,ref+aging+sfreq,matmul-blocked64-s1,train,matmul,matmul-blocked64,0.05,2,98312,32779,0
matmul_train,matmul,ref+aging+idle,matmul-blocked64-s1,train,matmul,matmul-blocked64,0.05,2,98312,32779,0
matmul_train,matmul,ref+aging+age,matmul-blocked64-s1,train,matmul,matmul-blocked64,0.05,2,98312,32779,0
matmul_train,matmul,ref+aging+dirty,matmul-blocked64-s1,train,matmul,matmul-blocked64,0.05,2,65548,32779,0
matmul_train,matmul,ref+aging+refaults,matmul-blocked64-s1,train,matmul,matmul-blocked64,0.05,2,91231,32779,0
matmul_train,matmul,ref+aging+rdist,matmul-blocked64-s1,train,matmul,matmul-blocked64,0.05,2,98436,32779,0
matmul_train,matmul,ref+sfreq+idle,matmul-blocked64-s1,train,matmul,matmul-blocked64,0.05,2,98312,32779,0
matmul_train,matmul,ref+sfreq+age,matmul-blocked64-s1,train,matmul,matmul-blocked64,0.05,2,98312,32779,0
matmul_train,matmul,ref+sfreq+dirty,matmul-blocked64-s1,train,matmul,matmul-blocked64,0.05,2,98312,32779,0
matmul_train,matmul,ref+sfreq+refaults,matmul-blocked64-s1,train,matmul,matmul-blocked64,0.05,2,97558,32779,0
matmul_train,matmul,ref+sfreq+rdist,matmul-blocked64-s1,train,matmul,matmul-blocked64,0.05,2,98311,32779,0
matmul_train,matmul,ref+idle+age,matmul-blocked64-s1,train,matmul,matmul-blocked64,0.05,2,98312,32779,0
matmul_train,matmul,ref+idle+dirty,matmul-blocked64-s1,train,matmul,matmul-blocked64,0.05,2,65548,32779,0
matmul_train,matmul,ref+idle+refaults,matmul-blocked64-s1,train,matmul,matmul-blocked64,0.05,2,91231,32779,0
matmul_train,matmul,ref+idle+rdist,matmul-blocked64-s1,train,matmul,matmul-blocked64,0.05,2,98436,32779,0
matmul_train,matmul,ref+age+dirty,matmul-blocked64-s1,train,matmul,matmul-blocked64,0.05,2,98312,32779,0
matmul_train,matmul,ref+age+refaults,matmul-blocked64-s1,train,matmul,matmul-blocked64,0.05,2,98251,32779,0
matmul_train,matmul,ref+age+rdist,matmul-blocked64-s1,train,matmul,matmul-blocked64,0.05,2,98311,32779,0
matmul_train,matmul,ref+dirty+refaults,matmul-blocked64-s1,train,matmul,matmul-blocked64,0.05,2,67075,32779,0
matmul_train,matmul,ref+dirty+rdist,matmul-blocked64-s1,train,matmul,matmul-blocked64,0.05,2,65923,32779,0
matmul_train,matmul,ref+refaults+rdist,matmul-blocked64-s1,train,matmul,matmul-blocked64,0.05,2,91330,32779,0
matmul_train,matmul,aging+sfreq+idle,matmul-blocked64-s1,train,matmul,matmul-blocked64,0.05,2,98312,32779,0
matmul_train,matmul,aging+sfreq+age,matmul-blocked64-s1,train,matmul,matmul-blocked64,0.05,2,98312,32779,0
matmul_train,matmul,aging+sfreq+dirty,matmul-blocked64-s1,train,matmul,matmul-blocked64,0.05,2,98312,32779,0
matmul_train,matmul,aging+sfreq+refaults,matmul-blocked64-s1,train,matmul,matmul-blocked64,0.05,2,97415,32779,0
matmul_train,matmul,aging+sfreq+rdist,matmul-blocked64-s1,train,matmul,matmul-blocked64,0.05,2,98311,32779,0
matmul_train,matmul,aging+idle+age,matmul-blocked64-s1,train,matmul,matmul-blocked64,0.05,2,98312,32779,0
matmul_train,matmul,aging+idle+dirty,matmul-blocked64-s1,train,matmul,matmul-blocked64,0.05,2,65548,32779,0
matmul_train,matmul,aging+idle+refaults,matmul-blocked64-s1,train,matmul,matmul-blocked64,0.05,2,91231,32779,0
matmul_train,matmul,aging+idle+rdist,matmul-blocked64-s1,train,matmul,matmul-blocked64,0.05,2,98436,32779,0
matmul_train,matmul,aging+age+dirty,matmul-blocked64-s1,train,matmul,matmul-blocked64,0.05,2,98312,32779,0
matmul_train,matmul,aging+age+refaults,matmul-blocked64-s1,train,matmul,matmul-blocked64,0.05,2,98243,32779,0
matmul_train,matmul,aging+age+rdist,matmul-blocked64-s1,train,matmul,matmul-blocked64,0.05,2,98311,32779,0
matmul_train,matmul,aging+dirty+refaults,matmul-blocked64-s1,train,matmul,matmul-blocked64,0.05,2,70415,32779,0
matmul_train,matmul,aging+dirty+rdist,matmul-blocked64-s1,train,matmul,matmul-blocked64,0.05,2,65923,32779,0
matmul_train,matmul,aging+refaults+rdist,matmul-blocked64-s1,train,matmul,matmul-blocked64,0.05,2,91330,32779,0
matmul_train,matmul,sfreq+idle+age,matmul-blocked64-s1,train,matmul,matmul-blocked64,0.05,2,98312,32779,0
matmul_train,matmul,sfreq+idle+dirty,matmul-blocked64-s1,train,matmul,matmul-blocked64,0.05,2,98312,32779,0
matmul_train,matmul,sfreq+idle+refaults,matmul-blocked64-s1,train,matmul,matmul-blocked64,0.05,2,97231,32779,0
matmul_train,matmul,sfreq+idle+rdist,matmul-blocked64-s1,train,matmul,matmul-blocked64,0.05,2,98311,32779,0
matmul_train,matmul,sfreq+age+dirty,matmul-blocked64-s1,train,matmul,matmul-blocked64,0.05,2,98312,32779,0
matmul_train,matmul,sfreq+age+refaults,matmul-blocked64-s1,train,matmul,matmul-blocked64,0.05,2,94589,32779,0
matmul_train,matmul,sfreq+age+rdist,matmul-blocked64-s1,train,matmul,matmul-blocked64,0.05,2,98311,32779,0
matmul_train,matmul,sfreq+dirty+refaults,matmul-blocked64-s1,train,matmul,matmul-blocked64,0.05,2,65688,32779,0
matmul_train,matmul,sfreq+dirty+rdist,matmul-blocked64-s1,train,matmul,matmul-blocked64,0.05,2,97929,32779,0
matmul_train,matmul,sfreq+refaults+rdist,matmul-blocked64-s1,train,matmul,matmul-blocked64,0.05,2,107612,32779,0
matmul_train,matmul,idle+age+dirty,matmul-blocked64-s1,train,matmul,matmul-blocked64,0.05,2,98312,32779,0
matmul_train,matmul,idle+age+refaults,matmul-blocked64-s1,train,matmul,matmul-blocked64,0.05,2,98226,32779,0
matmul_train,matmul,idle+age+rdist,matmul-blocked64-s1,train,matmul,matmul-blocked64,0.05,2,98311,32779,0
matmul_train,matmul,idle+dirty+refaults,matmul-blocked64-s1,train,matmul,matmul-blocked64,0.05,2,68111,32779,0
matmul_train,matmul,idle+dirty+rdist,matmul-blocked64-s1,train,matmul,matmul-blocked64,0.05,2,65923,32779,0
matmul_train,matmul,idle+refaults+rdist,matmul-blocked64-s1,train,matmul,matmul-blocked64,0.05,2,91330,32779,0
matmul_train,matmul,age+dirty+refaults,matmul-blocked64-s1,train,matmul,matmul-blocked64,0.05,2,89877,32779,0
matmul_train,matmul,age+dirty+rdist,matmul-blocked64-s1,train,matmul,matmul-blocked64,0.05,2,97929,32779,0
matmul_train,matmul,age+refaults+rdist,matmul-blocked64-s1,train,matmul,matmul-blocked64,0.05,2,105533,32779,0
matmul_train,matmul,dirty+refaults+rdist,matmul-blocked64-s1,train,matmul,matmul-blocked64,0.05,2,66048,32779,0
matmul_train,matmul,ref+aging+sfreq+idle,matmul-blocked64-s1,train,matmul,matmul-blocked64,0.05,2,98312,32779,0
matmul_train,matmul,ref+aging+sfreq+age,matmul-blocked64-s1,train,matmul,matmul-blocked64,0.05,2,98312,32779,0
matmul_train,matmul,ref+aging+sfreq+dirty,matmul-blocked64-s1,train,matmul,matmul-blocked64,0.05,2,98312,32779,0
matmul_train,matmul,ref+aging+sfreq+refaults,matmul-blocked64-s1,train,matmul,matmul-blocked64,0.05,2,98036,32779,0
matmul_train,matmul,ref+aging+sfreq+rdist,matmul-blocked64-s1,train,matmul,matmul-blocked64,0.05,2,98311,32779,0
matmul_train,matmul,ref+aging+idle+age,matmul-blocked64-s1,train,matmul,matmul-blocked64,0.05,2,98312,32779,0
matmul_train,matmul,ref+aging+idle+dirty,matmul-blocked64-s1,train,matmul,matmul-blocked64,0.05,2,65548,32779,0
matmul_train,matmul,ref+aging+idle+refaults,matmul-blocked64-s1,train,matmul,matmul-blocked64,0.05,2,91232,32779,0
matmul_train,matmul,ref+aging+idle+rdist,matmul-blocked64-s1,train,matmul,matmul-blocked64,0.05,2,98436,32779,0
matmul_train,matmul,ref+aging+age+dirty,matmul-blocked64-s1,train,matmul,matmul-blocked64,0.05,2,98312,32779,0
matmul_train,matmul,ref+aging+age+refaults,matmul-blocked64-s1,train,matmul,matmul-blocked64,0.05,2,98128,32779,0
matmul_train,matmul,ref+aging+age+rdist,matmul-blocked64-s1,train,matmul,matmul-blocked64,0.05,2,98311,32779,0
matmul_train,matmul,ref+aging+dirty+refaults,matmul-blocked64-s1,train,matmul,matmul-blocked64,0.05,2,65603,32779,0
matmul_train,matmul,ref+aging+dirty+rdist,matmul-blocked64-s1,train,matmul,matmul-blocked64,0.05,2,65923,32779,0
matmul_train,matmul,ref+aging+refaults+rdist,matmul-blocked64-s1,train,matmul,matmul-blocked64,0.05,2,91330,32779,0
matmul_train,matmul,ref+sfreq+idle+age,matmul-blocked64-s1,train,matmul,matmul-blocked64,0.05,2,98312,32779,0
matmul_train,matmul,ref+sfreq+idle+dirty,matmul-blocked64-s1,train,matmul,matmul-blocked64,0.05,2,98312,32779,0
matmul_train,matmul,ref+sfreq+idle+refaults,matmul-blocked64-s1,train,matmul,matmul-blocked64,0.05,2,97401,32779,0
matmul_train,matmul,ref+sfreq+idle+rdist,matmul-blocked64-s1,train,matmul,matmul-blocked64,0.05,2,98311,32779,0
matmul_train,matmul,ref+sfreq+age+dirty,matmul-blocked64-s1,train,matmul,matmul-blocked64,0.05,2,98312,32779,0
matmul_train,matmul,ref+sfreq+age+refaults,matmul-blocked64-s1,train,matmul,matmul-blocked64,0.05,2,98243,32779,0
matmul_train,matmul,ref+sfreq+age+rdist,matmul-blocked64-s1,train,matmul,matmul-blocked64,0.05,2,98311,32779,0
matmul_train,matmul,ref+sfreq+dirty+refaults,matmul-blocked64-s1,train,matmul,matmul-blocked64,0.05,2,82888,32779,0
matmul_train,matmul,ref+sfreq+dirty+rdist,matmul-blocked64-s1,train,matmul,matmul-blocked64,0.05,2,97929,32779,0
matmul_train,matmul,ref+sfreq+refaults+rdist,matmul-blocked64-s1,train,matmul,matmul-blocked64,0.05,2,96932,32779,0
matmul_train,matmul,ref+idle+age+dirty,matmul-blocked64-s1,train,matmul,matmul-blocked64,0.05,2,98312,32779,0
matmul_train,matmul,ref+idle+age+refaults,matmul-blocked64-s1,train,matmul,matmul-blocked64,0.05,2,98094,32779,0
matmul_train,matmul,ref+idle+age+rdist,matmul-blocked64-s1,train,matmul,matmul-blocked64,0.05,2,98311,32779,0
matmul_train,matmul,ref+idle+dirty+refaults,matmul-blocked64-s1,train,matmul,matmul-blocked64,0.05,2,65579,32779,0
matmul_train,matmul,ref+idle+dirty+rdist,matmul-blocked64-s1,train,matmul,matmul-blocked64,0.05,2,65923,32779,0
matmul_train,matmul,ref+idle+refaults+rdist,matmul-blocked64-s1,train,matmul,matmul-blocked64,0.05,2,91330,32779,0
matmul_train,matmul,ref+age+dirty+refaults,matmul-blocked64-s1,train,matmul,matmul-blocked64,0.05,2,87274,32779,0
matmul_train,matmul,ref+age+dirty+rdist,matmul-blocked64-s1,train,matmul,matmul-blocked64,0.05,2,97929,32779,0
matmul_train,matmul,ref+age+refaults+rdist,matmul-blocked64-s1,train,matmul,matmul-blocked64,0.05,2,98206,32779,0
matmul_train,matmul,ref+dirty+refaults+rdist,matmul-blocked64-s1,train,matmul,matmul-blocked64,0.05,2,66050,32779,0
matmul_train,matmul,aging+sfreq+idle+age,matmul-blocked64-s1,train,matmul,matmul-blocked64,0.05,2,98312,32779,0
matmul_train,matmul,aging+sfreq+idle+dirty,matmul-blocked64-s1,train,matmul,matmul-blocked64,0.05,2,98312,32779,0
matmul_train,matmul,aging+sfreq+idle+refaults,matmul-blocked64-s1,train,matmul,matmul-blocked64,0.05,2,97393,32779,0
matmul_train,matmul,aging+sfreq+idle+rdist,matmul-blocked64-s1,train,matmul,matmul-blocked64,0.05,2,98311,32779,0
matmul_train,matmul,aging+sfreq+age+dirty,matmul-blocked64-s1,train,matmul,matmul-blocked64,0.05,2,98312,32779,0
matmul_train,matmul,aging+sfreq+age+refaults,matmul-blocked64-s1,train,matmul,matmul-blocked64,0.05,2,97758,32779,0
matmul_train,matmul,aging+sfreq+age+rdist,matmul-blocked64-s1,train,matmul,matmul-blocked64,0.05,2,98311,32779,0
matmul_train,matmul,aging+sfreq+dirty+refaults,matmul-blocked64-s1,train,matmul,matmul-blocked64,0.05,2,93543,32779,0
matmul_train,matmul,aging+sfreq+dirty+rdist,matmul-blocked64-s1,train,matmul,matmul-blocked64,0.05,2,97929,32779,0
matmul_train,matmul,aging+sfreq+refaults+rdist,matmul-blocked64-s1,train,matmul,matmul-blocked64,0.05,2,96934,32779,0
matmul_train,matmul,aging+idle+age+dirty,matmul-blocked64-s1,train,matmul,matmul-blocked64,0.05,2,98312,32779,0
matmul_train,matmul,aging+idle+age+refaults,matmul-blocked64-s1,train,matmul,matmul-blocked64,0.05,2,98239,32779,0
matmul_train,matmul,aging+idle+age+rdist,matmul-blocked64-s1,train,matmul,matmul-blocked64,0.05,2,98311,32779,0
matmul_train,matmul,aging+idle+dirty+refaults,matmul-blocked64-s1,train,matmul,matmul-blocked64,0.05,2,68059,32779,0
matmul_train,matmul,aging+idle+dirty+rdist,matmul-blocked64-s1,train,matmul,matmul-blocked64,0.05,2,65923,32779,0
matmul_train,matmul,aging+idle+refaults+rdist,matmul-blocked64-s1,train,matmul,matmul-blocked64,0.05,2,91330,32779,0
matmul_train,matmul,aging+age+dirty+refaults,matmul-blocked64-s1,train,matmul,matmul-blocked64,0.05,2,93284,32779,0
matmul_train,matmul,aging+age+dirty+rdist,matmul-blocked64-s1,train,matmul,matmul-blocked64,0.05,2,97929,32779,0
matmul_train,matmul,aging+age+refaults+rdist,matmul-blocked64-s1,train,matmul,matmul-blocked64,0.05,2,98181,32779,0
matmul_train,matmul,aging+dirty+refaults+rdist,matmul-blocked64-s1,train,matmul,matmul-blocked64,0.05,2,66056,32779,0
matmul_train,matmul,sfreq+idle+age+dirty,matmul-blocked64-s1,train,matmul,matmul-blocked64,0.05,2,98312,32779,0
matmul_train,matmul,sfreq+idle+age+refaults,matmul-blocked64-s1,train,matmul,matmul-blocked64,0.05,2,97155,32779,0
matmul_train,matmul,sfreq+idle+age+rdist,matmul-blocked64-s1,train,matmul,matmul-blocked64,0.05,2,98311,32779,0
matmul_train,matmul,sfreq+idle+dirty+refaults,matmul-blocked64-s1,train,matmul,matmul-blocked64,0.05,2,90810,32779,0
matmul_train,matmul,sfreq+idle+dirty+rdist,matmul-blocked64-s1,train,matmul,matmul-blocked64,0.05,2,97929,32779,0
matmul_train,matmul,sfreq+idle+refaults+rdist,matmul-blocked64-s1,train,matmul,matmul-blocked64,0.05,2,96783,32779,0
matmul_train,matmul,sfreq+age+dirty+refaults,matmul-blocked64-s1,train,matmul,matmul-blocked64,0.05,2,65677,32779,0
matmul_train,matmul,sfreq+age+dirty+rdist,matmul-blocked64-s1,train,matmul,matmul-blocked64,0.05,2,97929,32779,0
matmul_train,matmul,sfreq+age+refaults+rdist,matmul-blocked64-s1,train,matmul,matmul-blocked64,0.05,2,93633,32779,0
matmul_train,matmul,sfreq+dirty+refaults+rdist,matmul-blocked64-s1,train,matmul,matmul-blocked64,0.05,2,92260,32779,0
matmul_train,matmul,idle+age+dirty+refaults,matmul-blocked64-s1,train,matmul,matmul-blocked64,0.05,2,90471,32779,0
matmul_train,matmul,idle+age+dirty+rdist,matmul-blocked64-s1,train,matmul,matmul-blocked64,0.05,2,97929,32779,0
matmul_train,matmul,idle+age+refaults+rdist,matmul-blocked64-s1,train,matmul,matmul-blocked64,0.05,2,98148,32779,0
matmul_train,matmul,idle+dirty+refaults+rdist,matmul-blocked64-s1,train,matmul,matmul-blocked64,0.05,2,66050,32779,0
matmul_train,matmul,age+dirty+refaults+rdist,matmul-blocked64-s1,train,matmul,matmul-blocked64,0.05,2,96923,32779,0
matmul_train,matmul,ref+aging+sfreq+idle+age,matmul-blocked64-s1,train,matmul,matmul-blocked64,0.05,2,98312,32779,0
matmul_train,matmul,ref+aging+sfreq+idle+dirty,matmul-blocked64-s1,train,matmul,matmul-blocked64,0.05,2,98312,32779,0
matmul_train,matmul,ref+aging+sfreq+idle+refaults,matmul-blocked64-s1,train,matmul,matmul-blocked64,0.05,2,98196,32779,0
matmul_train,matmul,ref+aging+sfreq+idle+rdist,matmul-blocked64-s1,train,matmul,matmul-blocked64,0.05,2,98311,32779,0
matmul_train,matmul,ref+aging+sfreq+age+dirty,matmul-blocked64-s1,train,matmul,matmul-blocked64,0.05,2,98316,32779,0
matmul_train,matmul,ref+aging+sfreq+age+refaults,matmul-blocked64-s1,train,matmul,matmul-blocked64,0.05,2,96430,32779,0
matmul_train,matmul,ref+aging+sfreq+age+rdist,matmul-blocked64-s1,train,matmul,matmul-blocked64,0.05,2,98311,32779,0
matmul_train,matmul,ref+aging+sfreq+dirty+refaults,matmul-blocked64-s1,train,matmul,matmul-blocked64,0.05,2,65813,32779,0
matmul_train,matmul,ref+aging+sfreq+dirty+rdist,matmul-blocked64-s1,train,matmul,matmul-blocked64,0.05,2,97929,32779,0
matmul_train,matmul,ref+aging+sfreq+refaults+rdist,matmul-blocked64-s1,train,matmul,matmul-blocked64,0.05,2,97202,32779,0
matmul_train,matmul,ref+aging+idle+age+dirty,matmul-blocked64-s1,train,matmul,matmul-blocked64,0.05,2,98312,32779,0
matmul_train,matmul,ref+aging+idle+age+refaults,matmul-blocked64-s1,train,matmul,matmul-blocked64,0.05,2,98182,32779,0
matmul_train,matmul,ref+aging+idle+age+rdist,matmul-blocked64-s1,train,matmul,matmul-blocked64,0.05,2,98311,32779,0
matmul_train,matmul,ref+aging+idle+dirty+refaults,matmul-blocked64-s1,train,matmul,matmul-blocked64,0.05,2,65635,32779,0
matmul_train,matmul,ref+aging+idle+dirty+rdist,matmul-blocked64-s1,train,matmul,matmul-blocked64,0.05,2,65923,32779,0
matmul_train,matmul,ref+aging+idle+refaults+rdist,matmul-blocked64-s1,train,matmul,matmul-blocked64,0.05,2,91330,32779,0
matmul_train,matmul,ref+aging+age+dirty+refaults,matmul-blocked64-s1,train,matmul,matmul-blocked64,0.05,2,65697,32779,0
matmul_train,matmul,ref+aging+age+dirty+rdist,matmul-blocked64-s1,train,matmul,matmul-blocked64,0.05,2,97929,32779,0
matmul_train,matmul,ref+aging+age+refaults+rdist,matmul-blocked64-s1,train,matmul,matmul-blocked64,0.05,2,98072,32779,0
matmul_train,matmul,ref+aging+dirty+refaults+rdist,matmul-blocked64-s1,train,matmul,matmul-blocked64,0.05,2,66048,32779,0
matmul_train,matmul,ref+sfreq+idle+age+dirty,matmul-blocked64-s1,train,matmul,matmul-blocked64,0.05,2,98312,32779,0
matmul_train,matmul,ref+sfreq+idle+age+refaults,matmul-blocked64-s1,train,matmul,matmul-blocked64,0.05,2,96608,32779,0
matmul_train,matmul,ref+sfreq+idle+age+rdist,matmul-blocked64-s1,train,matmul,matmul-blocked64,0.05,2,98311,32779,0
matmul_train,matmul,ref+sfreq+idle+dirty+refaults,matmul-blocked64-s1,train,matmul,matmul-blocked64,0.05,2,65813,32779,0
matmul_train,matmul,ref+sfreq+idle+dirty+rdist,matmul-blocked64-s1,train,matmul,matmul-blocked64,0.05,2,97929,32779,0
matmul_train,matmul,ref+sfreq+idle+refaults+rdist,matmul-blocked64-s1,train,matmul,matmul-blocked64,0.05,2,96826,32779,0
matmul_train,matmul,ref+sfreq+age+dirty+refaults,matmul-blocked64-s1,train,matmul,matmul-blocked64,0.05,2,93395,32779,0
matmul_train,matmul,ref+sfreq+age+dirty+rdist,matmul-blocked64-s1,train,matmul,matmul-blocked64,0.05,2,97929,32779,0
matmul_train,matmul,ref+sfreq+age+refaults+rdist,matmul-blocked64-s1,train,matmul,matmul-blocked64,0.05,2,98129,32779,0
matmul_train,matmul,ref+sfreq+dirty+refaults+rdist,matmul-blocked64-s1,train,matmul,matmul-blocked64,0.05,2,87473,32779,0
matmul_train,matmul,ref+idle+age+dirty+refaults,matmul-blocked64-s1,train,matmul,matmul-blocked64,0.05,2,65957,32779,0
matmul_train,matmul,ref+idle+age+dirty+rdist,matmul-blocked64-s1,train,matmul,matmul-blocked64,0.05,2,97929,32779,0
matmul_train,matmul,ref+idle+age+refaults+rdist,matmul-blocked64-s1,train,matmul,matmul-blocked64,0.05,2,98040,32779,0
matmul_train,matmul,ref+idle+dirty+refaults+rdist,matmul-blocked64-s1,train,matmul,matmul-blocked64,0.05,2,66048,32779,0
matmul_train,matmul,ref+age+dirty+refaults+rdist,matmul-blocked64-s1,train,matmul,matmul-blocked64,0.05,2,93784,32779,0
matmul_train,matmul,aging+sfreq+idle+age+dirty,matmul-blocked64-s1,train,matmul,matmul-blocked64,0.05,2,98312,32779,0
matmul_train,matmul,aging+sfreq+idle+age+refaults,matmul-blocked64-s1,train,matmul,matmul-blocked64,0.05,2,97568,32779,0
matmul_train,matmul,aging+sfreq+idle+age+rdist,matmul-blocked64-s1,train,matmul,matmul-blocked64,0.05,2,98311,32779,0
matmul_train,matmul,aging+sfreq+idle+dirty+refaults,matmul-blocked64-s1,train,matmul,matmul-blocked64,0.05,2,88821,32779,0
matmul_train,matmul,aging+sfreq+idle+dirty+rdist,matmul-blocked64-s1,train,matmul,matmul-blocked64,0.05,2,97929,32779,0
matmul_train,matmul,aging+sfreq+idle+refaults+rdist,matmul-blocked64-s1,train,matmul,matmul-blocked64,0.05,2,96890,32779,0
matmul_train,matmul,aging+sfreq+age+dirty+refaults,matmul-blocked64-s1,train,matmul,matmul-blocked64,0.05,2,93769,32779,0
matmul_train,matmul,aging+sfreq+age+dirty+rdist,matmul-blocked64-s1,train,matmul,matmul-blocked64,0.05,2,97929,32779,0
matmul_train,matmul,aging+sfreq+age+refaults+rdist,matmul-blocked64-s1,train,matmul,matmul-blocked64,0.05,2,97973,32779,0
matmul_train,matmul,aging+sfreq+dirty+refaults+rdist,matmul-blocked64-s1,train,matmul,matmul-blocked64,0.05,2,87353,32779,0
matmul_train,matmul,aging+idle+age+dirty+refaults,matmul-blocked64-s1,train,matmul,matmul-blocked64,0.05,2,89501,32779,0
matmul_train,matmul,aging+idle+age+dirty+rdist,matmul-blocked64-s1,train,matmul,matmul-blocked64,0.05,2,97929,32779,0
matmul_train,matmul,aging+idle+age+refaults+rdist,matmul-blocked64-s1,train,matmul,matmul-blocked64,0.05,2,98173,32779,0
matmul_train,matmul,aging+idle+dirty+refaults+rdist,matmul-blocked64-s1,train,matmul,matmul-blocked64,0.05,2,66048,32779,0
matmul_train,matmul,aging+age+dirty+refaults+rdist,matmul-blocked64-s1,train,matmul,matmul-blocked64,0.05,2,92404,32779,0
matmul_train,matmul,sfreq+idle+age+dirty+refaults,matmul-blocked64-s1,train,matmul,matmul-blocked64,0.05,2,84857,32779,0
matmul_train,matmul,sfreq+idle+age+dirty+rdist,matmul-blocked64-s1,train,matmul,matmul-blocked64,0.05,2,97929,32779,0
matmul_train,matmul,sfreq+idle+age+refaults+rdist,matmul-blocked64-s1,train,matmul,matmul-blocked64,0.05,2,98011,32779,0
matmul_train,matmul,sfreq+idle+dirty+refaults+rdist,matmul-blocked64-s1,train,matmul,matmul-blocked64,0.05,2,87353,32779,0
matmul_train,matmul,sfreq+age+dirty+refaults+rdist,matmul-blocked64-s1,train,matmul,matmul-blocked64,0.05,2,87850,32779,0
matmul_train,matmul,idle+age+dirty+refaults+rdist,matmul-blocked64-s1,train,matmul,matmul-blocked64,0.05,2,92023,32779,0
matmul_train,matmul,ref+aging+sfreq+idle+age+dirty,matmul-blocked64-s1,train,matmul,matmul-blocked64,0.05,2,98312,32779,0
matmul_train,matmul,ref+aging+sfreq+idle+age+refaults,matmul-blocked64-s1,train,matmul,matmul-blocked64,0.05,2,96933,32779,0
matmul_train,matmul,ref+aging+sfreq+idle+age+rdist,matmul-blocked64-s1,train,matmul,matmul-blocked64,0.05,2,98311,32779,0
matmul_train,matmul,ref+aging+sfreq+idle+dirty+refaults,matmul-blocked64-s1,train,matmul,matmul-blocked64,0.05,2,65813,32779,0
matmul_train,matmul,ref+aging+sfreq+idle+dirty+rdist,matmul-blocked64-s1,train,matmul,matmul-blocked64,0.05,2,97929,32779,0
matmul_train,matmul,ref+aging+sfreq+idle+refaults+rdist,matmul-blocked64-s1,train,matmul,matmul-blocked64,0.05,2,97435,32779,0
matmul_train,matmul,ref+aging+sfreq+age+dirty+refaults,matmul-blocked64-s1,train,matmul,matmul-blocked64,0.05,2,81953,32779,0
matmul_train,matmul,ref+aging+sfreq+age+dirty+rdist,matmul-blocked64-s1,train,matmul,matmul-blocked64,0.05,2,97929,32779,0
matmul_train,matmul,ref+aging+sfreq+age+refaults+rdist,matmul-blocked64-s1,train,matmul,matmul-blocked64,0.05,2,105624,32779,0
matmul_train,matmul,ref+aging+sfreq+dirty+refaults+rdist,matmul-blocked64-s1,train,matmul,matmul-blocked64,0.05,2,87977,32779,0
matmul_train,matmul,ref+aging+idle+age+dirty+refaults,matmul-blocked64-s1,train,matmul,matmul-blocked64,0.05,2,73379,32779,0
matmul_train,matmul,ref+aging+idle+age+dirty+rdist,matmul-blocked64-s1,train,matmul,matmul-blocked64,0.05,2,97929,32779,0
matmul_train,matmul,ref+aging+idle+age+refaults+rdist,matmul-blocked64-s1,train,matmul,matmul-blocked64,0.05,2,98097,32779,0
matmul_train,matmul,ref+aging+idle+dirty+refaults+rdist,matmul-blocked64-s1,train,matmul,matmul-blocked64,0.05,2,66048,32779,0
matmul_train,matmul,ref+aging+age+dirty+refaults+rdist,matmul-blocked64-s1,train,matmul,matmul-blocked64,0.05,2,94402,32779,0
matmul_train,matmul,ref+sfreq+idle+age+dirty+refaults,matmul-blocked64-s1,train,matmul,matmul-blocked64,0.05,2,81818,32779,0
matmul_train,matmul,ref+sfreq+idle+age+dirty+rdist,matmul-blocked64-s1,train,matmul,matmul-blocked64,0.05,2,97929,32779,0
matmul_train,matmul,ref+sfreq+idle+age+refaults+rdist,matmul-blocked64-s1,train,matmul,matmul-blocked64,0.05,2,102635,32779,0
matmul_train,matmul,ref+sfreq+idle+dirty+refaults+rdist,matmul-blocked64-s1,train,matmul,matmul-blocked64,0.05,2,87473,32779,0
matmul_train,matmul,ref+sfreq+age+dirty+refaults+rdist,matmul-blocked64-s1,train,matmul,matmul-blocked64,0.05,2,97934,32779,0
matmul_train,matmul,ref+idle+age+dirty+refaults+rdist,matmul-blocked64-s1,train,matmul,matmul-blocked64,0.05,2,92638,32779,0
matmul_train,matmul,aging+sfreq+idle+age+dirty+refaults,matmul-blocked64-s1,train,matmul,matmul-blocked64,0.05,2,90379,32779,0
matmul_train,matmul,aging+sfreq+idle+age+dirty+rdist,matmul-blocked64-s1,train,matmul,matmul-blocked64,0.05,2,97929,32779,0
matmul_train,matmul,aging+sfreq+idle+age+refaults+rdist,matmul-blocked64-s1,train,matmul,matmul-blocked64,0.05,2,97985,32779,0
matmul_train,matmul,aging+sfreq+idle+dirty+refaults+rdist,matmul-blocked64-s1,train,matmul,matmul-blocked64,0.05,2,87348,32779,0
matmul_train,matmul,aging+sfreq+age+dirty+refaults+rdist,matmul-blocked64-s1,train,matmul,matmul-blocked64,0.05,2,97937,32779,0
matmul_train,matmul,aging+idle+age+dirty+refaults+rdist,matmul-blocked64-s1,train,matmul,matmul-blocked64,0.05,2,91766,32779,0
matmul_train,matmul,sfreq+idle+age+dirty+refaults+rdist,matmul-blocked64-s1,train,matmul,matmul-blocked64,0.05,2,97937,32779,0
matmul_train,matmul,ref+aging+sfreq+idle+age+dirty+refaults,matmul-blocked64-s1,train,matmul,matmul-blocked64,0.05,2,90142,32779,0
matmul_train,matmul,ref+aging+sfreq+idle+age+dirty+rdist,matmul-blocked64-s1,train,matmul,matmul-blocked64,0.05,2,97929,32779,0
matmul_train,matmul,ref+aging+sfreq+idle+age+refaults+rdist,matmul-blocked64-s1,train,matmul,matmul-blocked64,0.05,2,105106,32779,0
matmul_train,matmul,ref+aging+sfreq+idle+dirty+refaults+rdist,matmul-blocked64-s1,train,matmul,matmul-blocked64,0.05,2,87977,32779,0
matmul_train,matmul,ref+aging+sfreq+age+dirty+refaults+rdist,matmul-blocked64-s1,train,matmul,matmul-blocked64,0.05,2,98189,32779,0
matmul_train,matmul,ref+aging+idle+age+dirty+refaults+rdist,matmul-blocked64-s1,train,matmul,matmul-blocked64,0.05,2,94026,32779,0
matmul_train,matmul,ref+sfreq+idle+age+dirty+refaults+rdist,matmul-blocked64-s1,train,matmul,matmul-blocked64,0.05,2,97939,32779,0
matmul_train,matmul,aging+sfreq+idle+age+dirty+refaults+rdist,matmul-blocked64-s1,train,matmul,matmul-blocked64,0.05,2,97937,32779,0
matmul_train,matmul,ref+aging+sfreq+idle+age+dirty+refaults+rdist,matmul-blocked64-s1,train,matmul,matmul-blocked64,0.05,2,98066,32779,0
matmul_train,matmul,rec+ref+aging+sfreq+idle+age+dirty,matmul-blocked64-s1,train,matmul,matmul-blocked64,0.05,2,98316,32779,0
matmul_train,matmul,rec+ref+aging+sfreq+idle+age+dirty+refaults+rdist,matmul-blocked64-s1,train,matmul,matmul-blocked64,0.05,2,97937,32779,0
matmul_train,matmul,freq+ref+aging+sfreq+idle+age+dirty,matmul-blocked64-s1,train,matmul,matmul-blocked64,0.05,2,98433,32779,0
matmul_train,matmul,freq+ref+aging+sfreq+idle+age+dirty+refaults+rdist,matmul-blocked64-s1,train,matmul,matmul-blocked64,0.05,2,98312,32779,0
matmul_train,matmul,sd+ref+aging+sfreq+idle+age+dirty,matmul-blocked64-s1,train,matmul,matmul-blocked64,0.05,2,65548,32779,0
matmul_train,matmul,sd+ref+aging+sfreq+idle+age+dirty+refaults+rdist,matmul-blocked64-s1,train,matmul,matmul-blocked64,0.05,2,73837,32779,0
matmul_train,matmul,wr+ref+aging+sfreq+idle+age+dirty,matmul-blocked64-s1,train,matmul,matmul-blocked64,0.05,2,115140,32779,0
matmul_train,matmul,wr+ref+aging+sfreq+idle+age+dirty+refaults+rdist,matmul-blocked64-s1,train,matmul,matmul-blocked64,0.05,2,98312,32779,0
matmul_train,matmul,rec+freq+ref+aging+sfreq+idle+age+dirty,matmul-blocked64-s1,train,matmul,matmul-blocked64,0.05,2,82276,32779,0
matmul_train,matmul,rec+freq+ref+aging+sfreq+idle+age+dirty+refaults+rdist,matmul-blocked64-s1,train,matmul,matmul-blocked64,0.05,2,98062,32779,0
matmul_train,matmul,rec+sd+ref+aging+sfreq+idle+age+dirty,matmul-blocked64-s1,train,matmul,matmul-blocked64,0.05,2,65560,32779,0
matmul_train,matmul,rec+sd+ref+aging+sfreq+idle+age+dirty+refaults+rdist,matmul-blocked64-s1,train,matmul,matmul-blocked64,0.05,2,74365,32779,0
matmul_train,matmul,rec+wr+ref+aging+sfreq+idle+age+dirty,matmul-blocked64-s1,train,matmul,matmul-blocked64,0.05,2,124296,32779,0
matmul_train,matmul,rec+wr+ref+aging+sfreq+idle+age+dirty+refaults+rdist,matmul-blocked64-s1,train,matmul,matmul-blocked64,0.05,2,98312,32779,0
matmul_train,matmul,freq+sd+ref+aging+sfreq+idle+age+dirty,matmul-blocked64-s1,train,matmul,matmul-blocked64,0.05,2,65672,32779,0
matmul_train,matmul,freq+sd+ref+aging+sfreq+idle+age+dirty+refaults+rdist,matmul-blocked64-s1,train,matmul,matmul-blocked64,0.05,2,73584,32779,0
matmul_train,matmul,freq+wr+ref+aging+sfreq+idle+age+dirty,matmul-blocked64-s1,train,matmul,matmul-blocked64,0.05,2,117360,32779,0
matmul_train,matmul,freq+wr+ref+aging+sfreq+idle+age+dirty+refaults+rdist,matmul-blocked64-s1,train,matmul,matmul-blocked64,0.05,2,97929,32779,0
matmul_train,matmul,sd+wr+ref+aging+sfreq+idle+age+dirty,matmul-blocked64-s1,train,matmul,matmul-blocked64,0.05,2,71400,32779,0
matmul_train,matmul,sd+wr+ref+aging+sfreq+idle+age+dirty+refaults+rdist,matmul-blocked64-s1,train,matmul,matmul-blocked64,0.05,2,66079,32779,0
matmul_train,matmul,rec+freq+sd+ref+aging+sfreq+idle+age+dirty,matmul-blocked64-s1,train,matmul,matmul-blocked64,0.05,2,65662,32779,0
matmul_train,matmul,rec+freq+sd+ref+aging+sfreq+idle+age+dirty+refaults+rdist,matmul-blocked64-s1,train,matmul,matmul-blocked64,0.05,2,74576,32779,0
matmul_train,matmul,rec+freq+wr+ref+aging+sfreq+idle+age+dirty,matmul-blocked64-s1,train,matmul,matmul-blocked64,0.05,2,124064,32779,0
matmul_train,matmul,rec+freq+wr+ref+aging+sfreq+idle+age+dirty+refaults+rdist,matmul-blocked64-s1,train,matmul,matmul-blocked64,0.05,2,97929,32779,0
matmul_train,matmul,rec+sd+wr+ref+aging+sfreq+idle+age+dirty,matmul-blocked64-s1,train,matmul,matmul-blocked64,0.05,2,65548,32779,0
matmul_train,matmul,rec+sd+wr+ref+aging+sfreq+idle+age+dirty+refaults+rdist,matmul-blocked64-s1,train,matmul,matmul-blocked64,0.05,2,73487,32779,0
matmul_train,matmul,freq+sd+wr+ref+aging+sfreq+idle+age+dirty,matmul-blocked64-s1,train,matmul,matmul-blocked64,0.05,2,70589,32779,0
matmul_train,matmul,freq+sd+wr+ref+aging+sfreq+idle+age+dirty+refaults+rdist,matmul-blocked64-s1,train,matmul,matmul-blocked64,0.05,2,69297,32779,0
matmul_train,matmul,rec+freq+sd+wr+ref+aging+sfreq+idle+age+dirty,matmul-blocked64-s1,train,matmul,matmul-blocked64,0.05,2,65548,32779,0
matmul_train,matmul,rec+freq+sd+wr+ref+aging+sfreq+idle+age+dirty+refaults+rdist,matmul-blocked64-s1,train,matmul,matmul-blocked64,0.05,2,74113,32779,0
matmul_train,global,rec,matmul-blocked64-s1,train,matmul,matmul-blocked64,0.05,2,98312,32779,0
matmul_train,global,freq,matmul-blocked64-s1,train,matmul,matmul-blocked64,0.05,2,82956,32779,0
matmul_train,global,sd,matmul-blocked64-s1,train,matmul,matmul-blocked64,0.05,2,98312,32779,0
matmul_train,global,wr,matmul-blocked64-s1,train,matmul,matmul-blocked64,0.05,2,65548,32779,0
matmul_train,global,rec+freq,matmul-blocked64-s1,train,matmul,matmul-blocked64,0.05,2,94869,32779,0
matmul_train,global,rec+sd,matmul-blocked64-s1,train,matmul,matmul-blocked64,0.05,2,98312,32779,0
matmul_train,global,rec+wr,matmul-blocked64-s1,train,matmul,matmul-blocked64,0.05,2,98312,32779,0
matmul_train,global,freq+sd,matmul-blocked64-s1,train,matmul,matmul-blocked64,0.05,2,92540,32779,0
matmul_train,global,freq+wr,matmul-blocked64-s1,train,matmul,matmul-blocked64,0.05,2,68065,32779,0
matmul_train,global,sd+wr,matmul-blocked64-s1,train,matmul,matmul-blocked64,0.05,2,98312,32779,0
matmul_train,global,rec+freq+sd,matmul-blocked64-s1,train,matmul,matmul-blocked64,0.05,2,77310,32779,0
matmul_train,global,rec+freq+wr,matmul-blocked64-s1,train,matmul,matmul-blocked64,0.05,2,96030,32779,0
matmul_train,global,rec+sd+wr,matmul-blocked64-s1,train,matmul,matmul-blocked64,0.05,2,98312,32779,0
matmul_train,global,freq+sd+wr,matmul-blocked64-s1,train,matmul,matmul-blocked64,0.05,2,91865,32779,0
matmul_train,global,rec+freq+sd+wr,matmul-blocked64-s1,train,matmul,matmul-blocked64,0.05,2,76212,32779,0
matmul_train,global,ref,matmul-blocked64-s1,train,matmul,matmul-blocked64,0.05,2,98312,32779,0
matmul_train,global,aging,matmul-blocked64-s1,train,matmul,matmul-blocked64,0.05,2,98312,32779,0
matmul_train,global,sfreq,matmul-blocked64-s1,train,matmul,matmul-blocked64,0.05,2,98312,32779,0
matmul_train,global,idle,matmul-blocked64-s1,train,matmul,matmul-blocked64,0.05,2,98312,32779,0
matmul_train,global,age,matmul-blocked64-s1,train,matmul,matmul-blocked64,0.05,2,98312,32779,0
matmul_train,global,dirty,matmul-blocked64-s1,train,matmul,matmul-blocked64,0.05,2,65548,32779,0
matmul_train,global,refaults,matmul-blocked64-s1,train,matmul,matmul-blocked64,0.05,2,103013,32779,0
matmul_train,global,rdist,matmul-blocked64-s1,train,matmul,matmul-blocked64,0.05,2,98436,32779,0
matmul_train,global,ref+aging,matmul-blocked64-s1,train,matmul,matmul-blocked64,0.05,2,98312,32779,0
matmul_train,global,ref+sfreq,matmul-blocked64-s1,train,matmul,matmul-blocked64,0.05,2,98312,32779,0
matmul_train,global,ref+idle,matmul-blocked64-s1,train,matmul,matmul-blocked64,0.05,2,98312,32779,0
matmul_train,global,ref+age,matmul-blocked64-s1,train,matmul,matmul-blocked64,0.05,2,98312,32779,0
matmul_train,global,ref+dirty,matmul-blocked64-s1,train,matmul,matmul-blocked64,0.05,2,98312,32779,0
matmul_train,global,ref+refaults,matmul-blocked64-s1,train,matmul,matmul-blocked64,0.05,2,98287,32779,0
matmul_train,global,ref+rdist,matmul-blocked64-s1,train,matmul,matmul-blocked64,0.05,2,98438,32779,0
matmul_train,global,aging+sfreq,matmul-blocked64-s1,train,matmul,matmul-blocked64,0.05,2,98312,32779,0
matmul_train,global,aging+idle,matmul-blocked64-s1,train,matmul,matmul-blocked64,0.05,2,98312,32779,0
matmul_train,global,aging+age,matmul-blocked64-s1,train,matmul,matmul-blocked64,0.05,2,98312,32779,0
matmul_train,global,aging+dirty,matmul-blocked64-s1,train,matmul,matmul-blocked64,0.05,2,98312,32779,0
matmul_train,global,aging+refaults,matmul-blocked64-s1,train,matmul,matmul-blocked64,0.05,2,98250,32779,0
matmul_train,global,aging+rdist,matmul-blocked64-s1,train,matmul,matmul-blocked64,0.05,2,98438,32779,0
matmul_train,global,sfreq+idle,matmul-blocked64-s1,train,matmul,matmul-blocked64,0.05,2,98312,32779,0
matmul_train,global,sfreq+age,matmul-blocked64-s1,train,matmul,matmul-blocked64,0.05,2,98312,32779,0
matmul_train,global,sfreq+dirty,matmul-blocked64-s1,train,matmul,matmul-blocked64,0.05,2,98312,32779,0
matmul_train,global,sfreq+refaults,matmul-blocked64-s1,train,matmul,matmul-blocked64,0.05,2,98525,32779,0
matmul_train,global,sfreq+rdist,matmul-blocked64-s1,train,matmul,matmul-blocked64,0.05,2,98311,32779,0
matmul_train,global,idle+age,matmul-blocked64-s1,train,matmul,matmul-blocked64,0.05,2,98312,32779,0
matmul_train,global,idle+dirty,matmul-blocked64-s1,train,matmul,matmul-blocked64,0.05,2,98312,32779,0
matmul_train,global,idle+refaults,matmul-blocked64-s1,train,matmul,matmul-blocked64,0.05,2,99164,32779,0
matmul_train,global,idle+rdist,matmul-blocked64-s1,train,matmul,matmul-blocked64,0.05,2,98436,32779,0
matmul_train,global,age+dirty,matmul-blocked64-s1,train,matmul,matmul-blocked64,0.05,2,65548,32779,0
matmul_train,global,age+refaults,matmul-blocked64-s1,train,matmul,matmul-blocked64,0.05,2,104995,32779,0
matmul_train,global,age+rdist,matmul-blocked64-s1,train,matmul,matmul-blocked64,0.05,2,98436,32779,0
matmul_train,global,dirty+refaults,matmul-blocked64-s1,train,matmul,matmul-blocked64,0.05,2,122023,32779,0
matmul_train,global,dirty+rdist,matmul-blocked64-s1,train,matmul,matmul-blocked64,0.05,2,65923,32779,0
matmul_train,global,refaults+rdist,matmul-blocked64-s1,train,matmul,matmul-blocked64,0.05,2,103056,32779,0
matmul_train,global,ref+aging+sfreq,matmul-blocked64-s1,train,matmul,matmul-blocked64,0.05,2,98312,32779,0
matmul_train,global,ref+aging+idle,matmul-blocked64-s1,train,matmul,matmul-blocked64,0.05,2,98312,32779,0
matmul_train,global,ref+aging+age,matmul-blocked64-s1,train,matmul,matmul-blocked64,0.05,2,98312,32779,0
matmul_train,global,ref+aging+dirty,matmul-blocked64-s1,train,matmul,matmul-blocked64,0.05,2,98312,32779,0
matmul_train,global,ref+aging+refaults,matmul-blocked64-s1,train,matmul,matmul-blocked64,0.05,2,98207,32779,0
matmul_train,global,ref+aging+rdist,matmul-blocked64-s1,train,matmul,matmul-blocked64,0.05,2,98438,32779,0
matmul_train,global,ref+sfreq+idle,matmul-blocked64-s1,train,matmul,matmul-blocked64,0.05,2,98312,32779,0
matmul_train,global,ref+sfreq+age,matmul-blocked64-s1,train,matmul,matmul-blocked64,0.05,2,98312,32779,0
matmul_train,global,ref+sfreq+dirty,matmul-blocked64-s1,train,matmul,matmul-blocked64,0.05,2,98312,32779,0
matmul_train,global,ref+sfreq+refaults,matmul-blocked64-s1,train,matmul,matmul-blocked64,0.05,2,93934,32779,0
matmul_train,global,ref+sfreq+rdist,matmul-blocked64-s1,train,matmul,matmul-blocked64,0.05,2,98313,32779,0
matmul_train,global,ref+idle+age,matmul-blocked64-s1,train,matmul,matmul-blocked64,0.05,2,98312,32779,0
matmul_train,global,ref+idle+dirty,matmul-blocked64-s1,train,matmul,matmul-blocked64,0.05,2,98312,32779,0
matmul_train,global,ref+idle+refaults,matmul-blocked64-s1,train,matmul,matmul-blocked64,0.05,2,98219,32779,0
matmul_train,global,ref+idle+rdist,matmul-blocked64-s1,train,matmul,matmul-blocked64,0.05,2,98438,32779,0
matmul_train,global,ref+age+dirty,matmul-blocked64-s1,train,matmul,matmul-blocked64,0.05,2,98312,32779,0
matmul_train,global,ref+age+refaults,matmul-blocked64-s1,train,matmul,matmul-blocked64,0.05,2,94452,32779,0
matmul_train,global,ref+age+rdist,matmul-blocked64-s1,train,matmul,matmul-blocked64,0.05,2,98438,32779,0
matmul_train,global,ref+dirty+refaults,matmul-blocked64-s1,train,matmul,matmul-blocked64,0.05,2,98304,32779,0
matmul_train,global,ref+dirty+rdist,matmul-blocked64-s1,train,matmul,matmul-blocked64,0.05,2,98060,32779,0
matmul_train,global,ref+refaults+rdist,matmul-blocked64-s1,train,matmul,matmul-blocked64,0.05,2,98386,32779,0
matmul_train,global,aging+sfreq+idle,matmul-blocked64-s1,train,matmul,matmul-blocked64,0.05,2,98312,32779,0
matmul_train,global,aging+sfreq+age,matmul-blocked64-s1,train,matmul,matmul-blocked64,0.05,2,98312,32779,0
matmul_train,global,aging+sfreq+dirty,matmul-blocked64-s1,train,matmul,matmul-blocked64,0.05,2,98312,32779,0
matmul_train,global,aging+sfreq+refaults,matmul-blocked64-s1,train,matmul,matmul-blocked64,0.05,2,93417,32779,0
matmul_train,global,aging+sfreq+rdist,matmul-blocked64-s1,train,matmul,matmul-blocked64,0.05,2,98313,32779,0
matmul_train,global,aging+idle+age,matmul-blocked64-s1,train,matmul,matmul-blocked64,0.05,2,98312,32779,0
matmul_train,global,aging+idle+dirty,matmul-blocked64-s1,train,matmul,matmul-blocked64,0.05,2,98312,32779,0
matmul_train,global,aging+idle+refaults,matmul-blocked64-s1,train,matmul,matmul-blocked64,0.05,2,98194,32779,0
matmul_train,global,aging+idle+rdist,matmul-blocked64-s1,train,matmul,matmul-blocked64,0.05,2,98438,32779,0
matmul_train,global,aging+age+dirty,matmul-blocked64-s1,train,matmul,matmul-blocked64,0.05,2,98312,32779,0
matmul_train,global,aging+age+refaults,matmul-blocked64-s1,train,matmul,matmul-blocked64,0.05,2,94512,32779,0
matmul_train,global,aging+age+rdist,matmul-blocked64-s1,train,matmul,matmul-blocked64,0.05,2,98313,32779,0
matmul_train,global,aging+dirty+refaults,matmul-blocked64-s1,train,matmul,matmul-blocked64,0.05,2,98303,32779,0
matmul_train,global,aging+dirty+rdist,matmul-blocked64-s1,train,matmul,matmul-blocked64,0.05,2,98060,32779,0
matmul_train,global,aging+refaults+rdist,matmul-blocked64-s1,train,matmul,matmul-blocked64,0.05,2,98302,32779,0
matmul_train,global,sfreq+idle+age,matmul-blocked64-s1,train,matmul,matmul-blocked64,0.05,2,98312,32779,0
matmul_train,global,sfreq+idle+dirty,matmul-blocked64-s1,train,matmul,matmul-blocked64,0.05,2,98312,32779,0
matmul_train,global,sfreq+idle+refaults,matmul-blocked64-s1,train,matmul,matmul-blocked64,0.05,2,97844,32779,0
matmul_train,global,sfreq+idle+rdist,matmul-blocked64-s1,train,matmul,matmul-blocked64,0.05,2,98311,32779,0
matmul_train,global,sfreq+age+dirty,matmul-blocked64-s1,train,matmul,matmul-blocked64,0.05,2,98312,32779,0
matmul_train,global,sfreq+age+refaults,matmul-blocked64-s1,train,matmul,matmul-blocked64,0.05,2,98292,32779,0
matmul_train,global,sfreq+age+rdist,matmul-blocked64-s1,train,matmul,matmul-blocked64,0.05,2,98436,32779,0
matmul_train,global,sfreq+dirty+refaults,matmul-blocked64-s1,train,matmul,matmul-blocked64,0.05,2,83788,32779,0
matmul_train,global,sfreq+dirty+rdist,matmul-blocked64-s1,train,matmul,matmul-blocked64,0.05,2,97929,32779,0
matmul_train,global,sfreq+refaults+rdist,matmul-blocked64-s1,train,matmul,matmul-blocked64,0.05,2,104370,32779,0
matmul_train,global,idle+age+dirty,matmul-blocked64-s1,train,matmul,matmul-blocked64,0.05,2,98312,32779,0
matmul_train,global,idle+age+refaults,matmul-blocked64-s1,train,matmul,matmul-blocked64,0.05,2,96418,32779,0
matmul_train,global,idle+age+rdist,matmul-blocked64-s1,train,matmul,matmul-blocked64,0.05,2,98311,32779,0
matmul_train,global,idle+dirty+refaults,matmul-blocked64-s1,train,matmul,matmul-blocked64,0.05,2,104802,32779,0
matmul_train,global,idle+dirty+rdist,matmul-blocked64-s1,train,matmul,matmul-blocked64,0.05,2,65923,32779,0
matmul_train,global,idle+refaults+rdist,matmul-blocked64-s1,train,matmul,matmul-blocked64,0.05,2,102297,32779,0
matmul_train,global,age+dirty+refaults,matmul-blocked64-s1,train,matmul,matmul-blocked64,0.05,2,107245,32779,0
matmul_train,global,age+dirty+rdist,matmul-blocked64-s1,train,matmul,matmul-blocked64,0.05,2,65923,32779,0
matmul_train,global,age+refaults+rdist,matmul-blocked64-s1,train,matmul,matmul-blocked64,0.05,2,102955,32779,0
matmul_train,global,dirty+refaults+rdist,matmul-blocked64-s1,train,matmul,matmul-blocked64,0.05,2,86751,32779,0
matmul_train,global,ref+aging+sfreq+idle,matmul-blocked64-s1,train,matmul,matmul-blocked64,0.05,2,98312,32779,0
matmul_train,global,ref+aging+sfreq+age,matmul-blocked64-s1,train,matmul,matmul-blocked64,0.05,2,98312,32779,0
matmul_train,global,ref+aging+sfreq+dirty,matmul-blocked64-s1,train,matmul,matmul-blocked64,0.05,2,98312,32779,0
matmul_train,global,ref+aging+sfreq+refaults,matmul-blocked64-s1,train,matmul,matmul-blocked64,0.05,2,92979,32779,0
matmul_train,global,ref+aging+sfreq+rdist,matmul-blocked64-s1,train,matmul,matmul-blocked64,0.05,2,98313,32779,0
matmul_train,global,ref+aging+idle+age,matmul-blocked64-s1,train,matmul,matmul-blocked64,0.05,2,98312,32779,0
matmul_train,global,ref+aging+idle+dirty,matmul-blocked64-s1,train,matmul,matmul-blocked64,0.05,2,98312,32779,0
matmul_train,global,ref+aging+idle+refaults,matmul-blocked64-s1,train,matmul,matmul-blocked64,0.05,2,98170,32779,0
matmul_train,global,ref+aging+idle+rdist,matmul-blocked64-s1,train,matmul,matmul-blocked64,0.05,2,98438,32779,0
matmul_train,global,ref+aging+age+dirty,matmul-blocked64-s1,train,matmul,matmul-blocked64,0.05,2,98312,32779,0
matmul_train,global,ref+aging+age+refaults,matmul-blocked64-s1,train,matmul,matmul-blocked64,0.05,2,93795,32779,0
matmul_train,global,ref+aging+age+rdist,matmul-blocked64-s1,train,matmul,matmul-blocked64,0.05,2,98313,32779,0
matmul_train,global,ref+aging+dirty+refaults,matmul-blocked64-s1,train,matmul,matmul-blocked64,0.05,2,98299,32779,0
matmul_train,global,ref+aging+dirty+rdist,matmul-blocked64-s1,train,matmul,matmul-blocked64,0.05,2,98060,32779,0
matmul_train,global,ref+aging+refaults+rdist,matmul-blocked64-s1,train,matmul,matmul-blocked64,0.05,2,98323,32779,0
matmul_train,global,ref+sfreq+idle+age,matmul-blocked64-s1,train,matmul,matmul-blocked64,0.05,2,98312,32779,0
matmul_train,global,ref+sfreq+idle+dirty,matmul-blocked64-s1,train,matmul,matmul-blocked64,0.05,2,98312,32779,0
matmul_train,global,ref+sfreq+idle+refaults,matmul-blocked64-s1,train,matmul,matmul-blocked64,0.05,2,93449,32779,0
matmul_train,global,ref+sfreq+idle+rdist,matmul-blocked64-s1,train,matmul,matmul-blocked64,0.05,2,98313,32779,0
matmul_train,global,ref+sfreq+age+dirty,matmul-blocked64-s1,train,matmul,matmul-blocked64,0.05,2,98312,32779,0
matmul_train,global,ref+sfreq+age+refaults,matmul-blocked64-s1,train,matmul,matmul-blocked64,0.05,2,94016,32779,0
matmul_train,global,ref+sfreq+age+rdist,matmul-blocked64-s1,train,matmul,matmul-blocked64,0.05,2,98438,32779,0
matmul_train,global,ref+sfreq+dirty+refaults,matmul-blocked64-s1,train,matmul,matmul-blocked64,0.05,2,93472,32779,0
matmul_train,global,ref+sfreq+dirty+rdist,matmul-blocked64-s1,train,matmul,matmul-blocked64,0.05,2,98313,32779,0
matmul_train,global,ref+sfreq+refaults+rdist,matmul-blocked64-s1,train,matmul,matmul-blocked64,0.05,2,94117,32779,0
matmul_train,global,ref+idle+age+dirty,matmul-blocked64-s1,train,matmul,matmul-blocked64,0.05,2,98312,32779,0
matmul_train,global,ref+idle+age+refaults,matmul-blocked64-s1,train,matmul,matmul-blocked64,0.05,2,93508,32779,0
matmul_train,global,ref+idle+age+rdist,matmul-blocked64-s1,train,matmul,matmul-blocked64,0.05,2,98313,32779,0
matmul_train,global,ref+idle+dirty+refaults,matmul-blocked64-s1,train,matmul,matmul-blocked64,0.05,2,98275,32779,0
matmul_train,global,ref+idle+dirty+rdist,matmul-blocked64-s1,train,matmul,matmul-blocked64,0.05,2,98060,32779,0
matmul_train,global,ref+idle+refaults+rdist,matmul-blocked64-s1,train,matmul,matmul-blocked64,0.05,2,98361,32779,0
matmul_train,global,ref+age+dirty+refaults,matmul-blocked64-s1,train,matmul,matmul-blocked64,0.05,2,95580,32779,0
matmul_train,global,ref+age+dirty+rdist,matmul-blocked64-s1,train,matmul,matmul-blocked64,0.05,2,98060,32779,0
matmul_train,global,ref+age+refaults+rdist,matmul-blocked64-s1,train,matmul,matmul-blocked64,0.05,2,94411,32779,0
matmul_train,global,ref+dirty+refaults+rdist,matmul-blocked64-s1,train,matmul,matmul-blocked64,0.05,2,96584,32779,0
matmul_train,global,aging+sfreq+idle+age,matmul-blocked64-s1,train,matmul,matmul-blocked64,0.05,2,98312,32779,0
matmul_train,global,aging+sfreq+idle+dirty,matmul-blocked64-s1,train,matmul,matmul-blocked64,0.05,2,98312,32779,0
matmul_train,global,aging+sfreq+idle+refaults,matmul-blocked64-s1,train,matmul,matmul-blocked64,0.05,2,93392,32779,0
matmul_train,global,aging+sfreq+idle+rdist,matmul-blocked64-s1,train,matmul,matmul-blocked64,0.05,2,98313,32779,0
matmul_train,global,aging+sfreq+age+dirty,matmul-blocked64-s1,train,matmul,matmul-blocked64,0.05,2,98312,32779,0
matmul_train,global,aging+sfreq+age+refaults,matmul-blocked64-s1,train,matmul,matmul-blocked64,0.05,2,93740,32779,0
matmul_train,global,aging+sfreq+age+rdist,matmul-blocked64-s1,train,matmul,matmul-blocked64,0.05,2,98313,32779,0
matmul_train,global,aging+sfreq+dirty+refaults,matmul-blocked64-s1,train,matmul,matmul-blocked64,0.05,2,92962,32779,0
matmul_train,global,aging+sfreq+dirty+rdist,matmul-blocked64-s1,train,matmul,matmul-blocked64,0.05,2,98313,32779,0
matmul_train,global,aging+sfreq+refaults+rdist,matmul-blocked64-s1,train,matmul,matmul-blocked64,0.05,2,93372,32779,0
matmul_train,global,aging+idle+age+dirty,matmul-blocked64-s1,train,matmul,matmul-blocked64,0.05,2,98312,32779,0
matmul_train,global,aging+idle+age+refaults,matmul-blocked64-s1,train,matmul,matmul-blocked64,0.05,2,93982,32779,0
matmul_train,global,aging+idle+age+rdist,matmul-blocked64-s1,train,matmul,matmul-blocked64,0.05,2,98313,32779,0
matmul_train,global,aging+idle+dirty+refaults,matmul-blocked64-s1,train,matmul,matmul-blocked64,0.05,2,98283,32779,0
matmul_train,global,aging+idle+dirty+rdist,matmul-blocked64-s1,train,matmul,matmul-blocked64,0.05,2,98060,32779,0
matmul_train,global,aging+idle+refaults+rdist,matmul-blocked64-s1,train,matmul,matmul-blocked64,0.05,2,98313,32779,0
matmul_train,global,aging+age+dirty+refaults,matmul-blocked64-s1,train,matmul,matmul-blocked64,0.05,2,94541,32779,0
matmul_train,global,aging+age+dirty+rdist,matmul-blocked64-s1,train,matmul,matmul-blocked64,0.05,2,98313,32779,0
matmul_train,global,aging+age+refaults+rdist,matmul-blocked64-s1,train,matmul,matmul-blocked64,0.05,2,94284,32779,0
matmul_train,global,aging+dirty+refaults+rdist,matmul-blocked64-s1,train,matmul,matmul-blocked64,0.05,2,98308,32779,0
matmul_train,global,sfreq+idle+age+dirty,matmul-blocked64-s1,train,matmul,matmul-blocked64,0.05,2,98312,32779,0
matmul_train,global,sfreq+idle+age+refaults,matmul-blocked64-s1,train,matmul,matmul-blocked64,0.05,2,96987,32779,0
matmul_train,global,sfreq+idle+age+rdist,matmul-blocked64-s1,train,matmul,matmul-blocked64,0.05,2,98311,32779,0
matmul_train,global,sfreq+idle+dirty+refaults,matmul-blocked64-s1,train,matmul,matmul-blocked64,0.05,2,88335,32779,0
matmul_train,global,sfreq+idle+dirty+rdist,matmul-blocked64-s1,train,matmul,matmul-blocked64,0.05,2,97929,32779,0
matmul_train,global,sfreq+idle+refaults+rdist,matmul-blocked64-s1,train,matmul,matmul-blocked64,0.05,2,97188,32779,0
matmul_train,global,sfreq+age+dirty+refaults,matmul-blocked64-s1,train,matmul,matmul-blocked64,0.05,2,89741,32779,0
matmul_train,global,sfreq+age+dirty+rdist,matmul-blocked64-s1,train,matmul,matmul-blocked64,0.05,2,65923,32779,0
matmul_train,global,sfreq+age+refaults+rdist,matmul-blocked64-s1,train,matmul,matmul-blocked64,0.05,2,97697,32779,0
matmul_train,global,sfreq+dirty+refaults+rdist,matmul-blocked64-s1,train,matmul,matmul-blocked64,0.05,2,82837,32779,0
matmul_train,global,idle+age+dirty+refaults,matmul-blocked64-s1,train,matmul,matmul-blocked64,0.05,2,87374,32779,0
matmul_train,global,idle+age+dirty+rdist,matmul-blocked64-s1,train,matmul,matmul-blocked64,0.05,2,97929,32779,0
matmul_train,global,idle+age+refaults+rdist,matmul-blocked64-s1,train,matmul,matmul-blocked64,0.05,2,96670,32779,0
matmul_train,global,idle+dirty+refaults+rdist,matmul-blocked64-s1,train,matmul,matmul-blocked64,0.05,2,90842,32779,0
matmul_train,global,age+dirty+refaults+rdist,matmul-blocked64-s1,train,matmul,matmul-blocked64,0.05,2,90820,32779,0
matmul_train,global,ref+aging+sfreq+idle+age,matmul-blocked64-s1,train,matmul,matmul-blocked64,0.05,2,98312,32779,0
matmul_train,global,ref+aging+sfreq+idle+dirty,matmul-blocked64-s1,train,matmul,matmul-blocked64,0.05,2,98312,32779,0
matmul_train,global,ref+aging+sfreq+idle+refaults,matmul-blocked64-s1,train,matmul,matmul-blocked64,0.05,2,92851,32779,0
matmul_train,global,ref+aging+sfreq+idle+rdist,matmul-blocked64-s1,train,matmul,matmul-blocked64,0.05,2,98313,32779,0
matmul_train,global,ref+aging+sfreq+age+dirty,matmul-blocked64-s1,train,matmul,matmul-blocked64,0.05,2,98312,32779,0
matmul_train,global,ref+aging+sfreq+age+refaults,matmul-blocked64-s1,train,matmul,matmul-blocked64,0.05,2,94255,32779,0
matmul_train,global,ref+aging+sfreq+age+rdist,matmul-blocked64-s1,train,matmul,matmul-blocked64,0.05,2,98313,32779,0
matmul_train,global,ref+aging+sfreq+dirty+refaults,matmul-blocked64-s1,train,matmul,matmul-blocked64,0.05,2,90982,32779,0
matmul_train,global,ref+aging+sfreq+dirty+rdist,matmul-blocked64-s1,train,matmul,matmul-blocked64,0.05,2,98311,32779,0
matmul_train,global,ref+aging+sfreq+refaults+rdist,matmul-blocked64-s1,train,matmul,matmul-blocked64,0.05,2,92733,32779,0
matmul_train,global,ref+aging+idle+age+dirty,matmul-blocked64-s1,train,matmul,matmul-blocked64,0.05,2,98312,32779,0
matmul_train,global,ref+aging+idle+age+refaults,matmul-blocked64-s1,train,matmul,matmul-blocked64,0.05,2,95677,32779,0
matmul_train,global,ref+aging+idle+age+rdist,matmul-blocked64-s1,train,matmul,matmul-blocked64,0.05,2,98313,32779,0
matmul_train,global,ref+aging+idle+dirty+refaults,matmul-blocked64-s1,train,matmul,matmul-blocked64,0.05,2,98279,32779,0
matmul_train,global,ref+aging+idle+dirty+rdist,matmul-blocked64-s1,train,matmul,matmul-blocked64,0.05,2,98060,32779,0
matmul_train,global,ref+aging+idle+refaults+rdist,matmul-blocked64-s1,train,matmul,matmul-blocked64,0.05,2,98328,32779,0
matmul_train,global,ref+aging+age+dirty+refaults,matmul-blocked64-s1,train,matmul,matmul-blocked64,0.05,2,92825,32779,0
matmul_train,global,ref+aging+age+dirty+rdist,matmul-blocked64-s1,train,matmul,matmul-blocked64,0.05,2,98311,32779,0
matmul_train,global,ref+aging+age+refaults+rdist,matmul-blocked64-s1,train,matmul,matmul-blocked64,0.05,2,93046,32779,0
matmul_train,global,ref+aging+dirty+refaults+rdist,matmul-blocked64-s1,train,matmul,matmul-blocked64,0.05,2,98327,32779,0
matmul_train,global,ref+sfreq+idle+age+dirty,matmul-blocked64-s1,train,matmul,matmul-blocked64,0.05,2,98312,32779,0
matmul_train,global,ref+sfreq+idle+age+refaults,matmul-blocked64-s1,train,matmul,matmul-blocked64,0.05,2,93337,32779,0
matmul_train,global,ref+sfreq+idle+age+rdist,matmul-blocked64-s1,train,matmul,matmul-blocked64,0.05,2,98313,32779,0
matmul_train,global,ref+sfreq+idle+dirty+refaults,matmul-blocked64-s1,train,matmul,matmul-blocked64,0.05,2,92538,32779,0
matmul_train,global,ref+sfreq+idle+dirty+rdist,matmul-blocked64-s1,train,matmul,matmul-blocked64,0.05,2,98313,32779,0
matmul_train,global,ref+sfreq+idle+refaults+rdist,matmul-blocked64-s1,train,matmul,matmul-blocked64,0.05,2,93931,32779,0
matmul_train,global,ref+sfreq+age+dirty+refaults,matmul-blocked64-s1,train,matmul,matmul-blocked64,0.05,2,93106,32779,0
matmul_train,global,ref+sfreq+age+dirty+rdist,matmul-blocked64-s1,train,matmul,matmul-blocked64,0.05,2,98060,32779,0
matmul_train,global,ref+sfreq+age+refaults+rdist,matmul-blocked64-s1,train,matmul,matmul-blocked64,0.05,2,94124,32779,0
matmul_train,global,ref+sfreq+dirty+refaults+rdist,matmul-blocked64-s1,train,matmul,matmul-blocked64,0.05,2,92799,32779,0
matmul_train,global,ref+idle+age+dirty+refaults,matmul-blocked64-s1,train,matmul,matmul-blocked64,0.05,2,92751,32779,0
matmul_train,global,ref+idle+age+dirty+rdist,matmul-blocked64-s1,train,matmul,matmul-blocked64,0.05,2,98313,32779,0
matmul_train,global,ref+idle+age+refaults+rdist,matmul-blocked64-s1,train,matmul,matmul-blocked64,0.05,2,93794,32779,0
matmul_train,global,ref+idle+dirty+refaults+rdist,matmul-blocked64-s1,train,matmul,matmul-blocked64,0.05,2,96092,32779,0
matmul_train,global,ref+age+dirty+refaults+rdist,matmul-blocked64-s1,train,matmul,matmul-blocked64,0.05,2,93959,32779,0
matmul_train,global,aging+sfreq+idle+age+dirty,matmul-blocked64-s1,train,matmul,matmul-blocked64,0.05,2,98312,32779,0
matmul_train,global,aging+sfreq+idle+age+refaults,matmul-blocked64-s1,train,matmul,matmul-blocked64,0.05,2,93764,32779,0
matmul_train,global,aging+sfreq+idle+age+rdist,matmul-blocked64-s1,train,matmul,matmul-blocked64,0.05,2,98313,32779,0
matmul_train,global,aging+sfreq+idle+dirty+refaults,matmul-blocked64-s1,train,matmul,matmul-blocked64,0.05,2,92909,32779,0
matmul_train,global,aging+sfreq+idle+dirty+rdist,matmul-blocked64-s1,train,matmul,matmul-blocked64,0.05,2,98313,32779,0
matmul_train,global,aging+sfreq+idle+refaults+rdist,matmul-blocked64-s1,train,matmul,matmul-blocked64,0.05,2,93586,32779,0
matmul_train,global,aging+sfreq+age+dirty+refaults,matmul-blocked64-s1,train,matmul,matmul-blocked64,0.05,2,93420,32779,0
matmul_train,global,aging+sfreq+age+dirty+rdist,matmul-blocked64-s1,train,matmul,matmul-blocked64,0.05,2,98313,32779,0
matmul_train,global,aging+sfreq+age+refaults+rdist,matmul-blocked64-s1,train,matmul,matmul-blocked64,0.05,2,93984,32779,0
matmul_train,global,aging+sfreq+dirty+refaults+rdist,matmul-blocked64-s1,train,matmul,matmul-blocked64,0.05,2,91694,32779,0
matmul_train,global,aging+idle+age+dirty+refaults,matmul-blocked64-s1,train,matmul,matmul-blocked64,0.05,2,93622,32779,0
matmul_train,global,aging+idle+age+dirty+rdist,matmul-blocked64-s1,train,matmul,matmul-blocked64,0.05,2,98313,32779,0
matmul_train,global,aging+idle+age+refaults+rdist,matmul-blocked64-s1,train,matmul,matmul-blocked64,0.05,2,94007,32779,0
matmul_train,global,aging+idle+dirty+refaults+rdist,matmul-blocked64-s1,train,matmul,matmul-blocked64,0.05,2,98320,32779,0
matmul_train,global,aging+age+dirty+refaults+rdist,matmul-blocked64-s1,train,matmul,matmul-blocked64,0.05,2,93721,32779,0
matmul_train,global,sfreq+idle+age+dirty+refaults,matmul-blocked64-s1,train,matmul,matmul-blocked64,0.05,2,87406,32779,0
matmul_train,global,sfreq+idle+age+dirty+rdist,matmul-blocked64-s1,train,matmul,matmul-blocked64,0.05,2,97929,32779,0
matmul_train,global,sfreq+idle+age+refaults+rdist,matmul-blocked64-s1,train,matmul,matmul-blocked64,0.05,2,96554,32779,0
matmul_train,global,sfreq+idle+dirty+refaults+rdist,matmul-blocked64-s1,train,matmul,matmul-blocked64,0.05,2,80645,32779,0
matmul_train,global,sfreq+age+dirty+refaults+rdist,matmul-blocked64-s1,train,matmul,matmul-blocked64,0.05,2,79940,32779,0
matmul_train,global,idle+age+dirty+refaults+rdist,matmul-blocked64-s1,train,matmul,matmul-blocked64,0.05,2,82198,32779,0
matmul_train,global,ref+aging+sfreq+idle+age+dirty,matmul-blocked64-s1,train,matmul,matmul-blocked64,0.05,2,98312,32779,0
matmul_train,global,ref+aging+sfreq+idle+age+refaults,matmul-blocked64-s1,train,matmul,matmul-blocked64,0.05,2,95704,32779,0
matmul_train,global,ref+aging+sfreq+idle+age+rdist,matmul-blocked64-s1,train,matmul,matmul-blocked64,0.05,2,98313,32779,0
matmul_train,global,ref+aging+sfreq+idle+dirty+refaults,matmul-blocked64-s1,train,matmul,matmul-blocked64,0.05,2,91111,32779,0
matmul_train,global,ref+aging+sfreq+idle+dirty+rdist,matmul-blocked64-s1,train,matmul,matmul-blocked64,0.05,2,98311,32779,0
matmul_train,global,ref+aging+sfreq+idle+refaults+rdist,matmul-blocked64-s1,train,matmul,matmul-blocked64,0.05,2,92888,32779,0
matmul_train,global,ref+aging+sfreq+age+dirty+refaults,matmul-blocked64-s1,train,matmul,matmul-blocked64,0.05,2,91518,32779,0
matmul_train,global,ref+aging+sfreq+age+dirty+rdist,matmul-blocked64-s1,train,matmul,matmul-blocked64,0.05,2,98311,32779,0
matmul_train,global,ref+aging+sfreq+age+refaults+rdist,matmul-blocked64-s1,train,matmul,matmul-blocked64,0.05,2,93076,32779,0
matmul_train,global,ref+aging+sfreq+dirty+refaults+rdist,matmul-blocked64-s1,train,matmul,matmul-blocked64,0.05,2,90306,32779,0
matmul_train,global,ref+aging+idle+age+dirty+refaults,matmul-blocked64-s1,train,matmul,matmul-blocked64,0.05,2,91369,32779,0
matmul_train,global,ref+aging+idle+age+dirty+rdist,matmul-blocked64-s1,train,matmul,matmul-blocked64,0.05,2,98311,32779,0
matmul_train,global,ref+aging+idle+age+refaults+rdist,matmul-blocked64-s1,train,matmul,matmul-blocked64,0.05,2,94035,32779,0
matmul_train,global,ref+aging+idle+dirty+refaults+rdist,matmul-blocked64-s1,train,matmul,matmul-blocked64,0.05,2,98333,32779,0
matmul_train,global,ref+aging+age+dirty+refaults+rdist,matmul-blocked64-s1,train,matmul,matmul-blocked64,0.05,2,90272,32779,0
matmul_train,global,ref+sfreq+idle+age+dirty+refaults,matmul-blocked64-s1,train,matmul,matmul-blocked64,0.05,2,92453,32779,0
matmul_train,global,ref+sfreq+idle+age+dirty+rdist,matmul-blocked64-s1,train,matmul,matmul-blocked64,0.05,2,98313,32779,0
matmul_train,global,ref+sfreq+idle+age+refaults+rdist,matmul-blocked64-s1,train,matmul,matmul-blocked64,0.05,2,93689,32779,0
matmul_train,global,ref+sfreq+idle+dirty+refaults+rdist,matmul-blocked64-s1,train,matmul,matmul-blocked64,0.05,2,92360,32779,0
matmul_train,global,ref+sfreq+age+dirty+refaults+rdist,matmul-blocked64-s1,train,matmul,matmul-blocked64,0.05,2,92788,32779,0
matmul_train,global,ref+idle+age+dirty+refaults+rdist,matmul-blocked64-s1,train,matmul,matmul-blocked64,0.05,2,92488,32779,0
matmul_train,global,aging+sfreq+idle+age+dirty+refaults,matmul-blocked64-s1,train,matmul,matmul-blocked64,0.05,2,93303,32779,0
matmul_train,global,aging+sfreq+idle+age+dirty+rdist,matmul-blocked64-s1,train,matmul,matmul-blocked64,0.05,2,98313,32779,0
matmul_train,global,aging+sfreq+idle+age+refaults+rdist,matmul-blocked64-s1,train,matmul,matmul-blocked64,0.05,2,94018,32779,0
matmul_train,global,aging+sfreq+idle+dirty+refaults+rdist,matmul-blocked64-s1,train,matmul,matmul-blocked64,0.05,2,92303,32779,0
matmul_train,global,aging+sfreq+age+dirty+refaults+rdist,matmul-blocked64-s1,train,matmul,matmul-blocked64,0.05,2,93137,32779,0
matmul_train,global,aging+idle+age+dirty+refaults+rdist,matmul-blocked64-s1,train,matmul,matmul-blocked64,0.05,2,93021,32779,0
matmul_train,global,sfreq+idle+age+dirty+refaults+rdist,matmul-blocked64-s1,train,matmul,matmul-blocked64,0.05,2,81224,32779,0
matmul_train,global,ref+aging+sfreq+idle+age+dirty+refaults,matmul-blocked64-s1,train,matmul,matmul-blocked64,0.05,2,91476,32779,0
matmul_train,global,ref+aging+sfreq+idle+age+dirty+rdist,matmul-blocked64-s1,train,matmul,matmul-blocked64,0.05,2,97929,32779,0
matmul_train,global,ref+aging+sfreq+idle+age+refaults+rdist,matmul-blocked64-s1,train,matmul,matmul-blocked64,0.05,2,94465,32779,0
matmul_train,global,ref+aging+sfreq+idle+dirty+refaults+rdist,matmul-blocked64-s1,train,matmul,matmul-blocked64,0.05,2,90779,32779,0
matmul_train,global,ref+aging+sfreq+age+dirty+refaults+rdist,matmul-blocked64-s1,train,matmul,matmul-blocked64,0.05,2,90083,32779,0
matmul_train,global,ref+aging+idle+age+dirty+refaults+rdist,matmul-blocked64-s1,train,matmul,matmul-blocked64,0.05,2,88803,32779,0
matmul_train,global,ref+sfreq+idle+age+dirty+refaults+rdist,matmul-blocked64-s1,train,matmul,matmul-blocked64,0.05,2,92362,32779,0
matmul_train,global,aging+sfreq+idle+age+dirty+refaults+rdist,matmul-blocked64-s1,train,matmul,matmul-blocked64,0.05,2,93055,32779,0
matmul_train,global,ref+aging+sfreq+idle+age+dirty+refaults+rdist,matmul-blocked64-s1,train,matmul,matmul-blocked64,0.05,2,88245,32779,0
matmul_train,global,rec+ref+aging+sfreq+idle+age+dirty,matmul-blocked64-s1,train,matmul,matmul-blocked64,0.05,2,98314,32779,0
matmul_train,global,rec+ref+aging+sfreq+idle+age+dirty+refaults+rdist,matmul-blocked64-s1,train,matmul,matmul-blocked64,0.05,2,86822,32779,0
matmul_train,global,freq+ref+aging+sfreq+idle+age+dirty,matmul-blocked64-s1,train,matmul,matmul-blocked64,0.05,2,73534,32779,0
matmul_train,global,freq+ref+aging+sfreq+idle+age+dirty+refaults+rdist,matmul-blocked64-s1,train,matmul,matmul-blocked64,0.05,2,95988,32779,0
matmul_train,global,sd+ref+aging+sfreq+idle+age+dirty,matmul-blocked64-s1,train,matmul,matmul-blocked64,0.05,2,98312,32779,0
matmul_train,global,sd+ref+aging+sfreq+idle+age+dirty+refaults+rdist,matmul-blocked64-s1,train,matmul,matmul-blocked64,0.05,2,91616,32779,0
matmul_train,global,wr+ref+aging+sfreq+idle+age+dirty,matmul-blocked64-s1,train,matmul,matmul-blocked64,0.05,2,98312,32779,0
matmul_train,global,wr+ref+aging+sfreq+idle+age+dirty+refaults+rdist,matmul-blocked64-s1,train,matmul,matmul-blocked64,0.05,2,87851,32779,0
matmul_train,global,rec+freq+ref+aging+sfreq+idle+age+dirty,matmul-blocked64-s1,train,matmul,matmul-blocked64,0.05,2,130554,32779,0
matmul_train,global,rec+freq+ref+aging+sfreq+idle+age+dirty+refaults+rdist,matmul-blocked64-s1,train,matmul,matmul-blocked64,0.05,2,80686,32779,0
matmul_train,global,rec+sd+ref+aging+sfreq+idle+age+dirty,matmul-blocked64-s1,train,matmul,matmul-blocked64,0.05,2,98314,32779,0
matmul_train,global,rec+sd+ref+aging+sfreq+idle+age+dirty+refaults+rdist,matmul-blocked64-s1,train,matmul,matmul-blocked64,0.05,2,86889,32779,0
matmul_train,global,rec+wr+ref+aging+sfreq+idle+age+dirty,matmul-blocked64-s1,train,matmul,matmul-blocked64,0.05,2,98314,32779,0
matmul_train,global,rec+wr+ref+aging+sfreq+idle+age+dirty+refaults+rdist,matmul-blocked64-s1,train,matmul,matmul-blocked64,0.05,2,86596,32779,0
matmul_train,global,freq+sd+ref+aging+sfreq+idle+age+dirty,matmul-blocked64-s1,train,matmul,matmul-blocked64,0.05,2,75470,32779,0
matmul_train,global,freq+sd+ref+aging+sfreq+idle+age+dirty+refaults+rdist,matmul-blocked64-s1,train,matmul,matmul-blocked64,0.05,2,96774,32779,0
matmul_train,global,freq+wr+ref+aging+sfreq+idle+age+dirty,matmul-blocked64-s1,train,matmul,matmul-blocked64,0.05,2,73534,32779,0
matmul_train,global,freq+wr+ref+aging+sfreq+idle+age+dirty+refaults+rdist,matmul-blocked64-s1,train,matmul,matmul-blocked64,0.05,2,95550,32779,0
matmul_train,global,sd+wr+ref+aging+sfreq+idle+age+dirty,matmul-blocked64-s1,train,matmul,matmul-blocked64,0.05,2,98312,32779,0
matmul_train,global,sd+wr+ref+aging+sfreq+idle+age+dirty+refaults+rdist,matmul-blocked64-s1,train,matmul,matmul-blocked64,0.05,2,91806,32779,0
matmul_train,global,rec+freq+sd+ref+aging+sfreq+idle+age+dirty,matmul-blocked64-s1,train,matmul,matmul-blocked64,0.05,2,130671,32779,0
matmul_train,global,rec+freq+sd+ref+aging+sfreq+idle+age+dirty+refaults+rdist,matmul-blocked64-s1,train,matmul,matmul-blocked64,0.05,2,80203,32779,0
matmul_train,global,rec+freq+wr+ref+aging+sfreq+idle+age+dirty,matmul-blocked64-s1,train,matmul,matmul-blocked64,0.05,2,130340,32779,0
matmul_train,global,rec+freq+wr+ref+aging+sfreq+idle+age+dirty+refaults+rdist,matmul-blocked64-s1,train,matmul,matmul-blocked64,0.05,2,80902,32779,0
matmul_train,global,rec+sd+wr+ref+aging+sfreq+idle+age+dirty,matmul-blocked64-s1,train,matmul,matmul-blocked64,0.05,2,98314,32779,0
matmul_train,global,rec+sd+wr+ref+aging+sfreq+idle+age+dirty+refaults+rdist,matmul-blocked64-s1,train,matmul,matmul-blocked64,0.05,2,87143,32779,0
matmul_train,global,freq+sd+wr+ref+aging+sfreq+idle+age+dirty,matmul-blocked64-s1,train,matmul,matmul-blocked64,0.05,2,77659,32779,0
matmul_train,global,freq+sd+wr+ref+aging+sfreq+idle+age+dirty+refaults+rdist,matmul-blocked64-s1,train,matmul,matmul-blocked64,0.05,2,96650,32779,0
matmul_train,global,rec+freq+sd+wr+ref+aging+sfreq+idle+age+dirty,matmul-blocked64-s1,train,matmul,matmul-blocked64,0.05,2,130701,32779,0
matmul_train,global,rec+freq+sd+wr+ref+aging+sfreq+idle+age+dirty+refaults+rdist,matmul-blocked64-s1,train,matmul,matmul-blocked64,0.05,2,80658,32779,0
matmul_train,matmul,rec,matmul-blocked64-s1,train,matmul,matmul-blocked64,0.1,2,98312,32779,0
matmul_train,matmul,freq,matmul-blocked64-s1,train,matmul,matmul-blocked64,0.1,2,82956,32779,0
matmul_train,matmul,sd,matmul-blocked64-s1,train,matmul,matmul-blocked64,0.1,2,98312,32779,0
matmul_train,matmul,wr,matmul-blocked64-s1,train,matmul,matmul-blocked64,0.1,2,65548,32779,0
matmul_train,matmul,rec+freq,matmul-blocked64-s1,train,matmul,matmul-blocked64,0.1,2,92329,32779,0
matmul_train,matmul,rec+sd,matmul-blocked64-s1,train,matmul,matmul-blocked64,0.1,2,98312,32779,0
matmul_train,matmul,rec+wr,matmul-blocked64-s1,train,matmul,matmul-blocked64,0.1,2,65548,32779,0
matmul_train,matmul,freq+sd,matmul-blocked64-s1,train,matmul,matmul-blocked64,0.1,2,98315,32779,0
matmul_train,matmul,freq+wr,matmul-blocked64-s1,train,matmul,matmul-blocked64,0.1,2,65548,32779,0
matmul_train,matmul,sd+wr,matmul-blocked64-s1,train,matmul,matmul-blocked64,0.1,2,96856,32779,0
matmul_train,matmul,rec+freq+sd,matmul-blocked64-s1,train,matmul,matmul-blocked64,0.1,2,98317,32779,0
matmul_train,matmul,rec+freq+wr,matmul-blocked64-s1,train,matmul,matmul-blocked64,0.1,2,65548,32779,0
matmul_train,matmul,rec+sd+wr,matmul-blocked64-s1,train,matmul,matmul-blocked64,0.1,2,95816,32779,0
matmul_train,matmul,freq+sd+wr,matmul-blocked64-s1,train,matmul,matmul-blocked64,0.1,2,97094,32779,0
matmul_train,matmul,rec+freq+sd+wr,matmul-blocked64-s1,train,matmul,matmul-blocked64,0.1,2,96192,32779,0
matmul_train,matmul,ref,matmul-blocked64-s1,train,matmul,matmul-blocked64,0.1,2,98312,32779,0
matmul_train,matmul,aging,matmul-blocked64-s1,train,matmul,matmul-blocked64,0.1,2,98312,32779,0
matmul_train,matmul,sfreq,matmul-blocked64-s1,train,matmul,matmul-blocked64,0.1,2,98312,32779,0
matmul_train,matmul,idle,matmul-blocked64-s1,train,matmul,matmul-blocked64,0.1,2,98312,32779,0
matmul_train,matmul,age,matmul-blocked64-s1,train,matmul,matmul-blocked64,0.1,2,131076,32779,0
matmul_train,matmul,dirty,matmul-blocked64-s1,train,matmul,matmul-blocked64,0.1,2,65548,32779,0
matmul_train,matmul,refaults,matmul-blocked64-s1,train,matmul,matmul-blocked64,0.1,2,96012,32779,0
matmul_train,matmul,rdist,matmul-blocked64-s1,train,matmul,matmul-blocked64,0.1,2,98436,32779,0
matmul_train,matmul,ref+aging,matmul-blocked64-s1,train,matmul,matmul-blocked64,0.1,2,98312,32779,0
matmul_train,matmul,ref+sfreq,matmul-blocked64-s1,train,matmul,matmul-blocked64,0.1,2,98312,32779,0
matmul_train,matmul,ref+idle,matmul-blocked64-s1,train,matmul,matmul-blocked64,0.1,2,98312,32779,0
matmul_train,matmul,ref+age,matmul-blocked64-s1,train,matmul,matmul-blocked64,0.1,2,98312,32779,0
matmul_train,matmul,ref+dirty,matmul-blocked64-s1,train,matmul,matmul-blocked64,0.1,2,65548,32779,0
matmul_train,matmul,ref+refaults,matmul-blocked64-s1,train,matmul,matmul-blocked64,0.1,2,91231,32779,0
matmul_train,matmul,ref+rdist,matmul-blocked64-s1,train,matmul,matmul-blocked64,0.1,2,98436,32779,0
matmul_train,matmul,aging+sfreq,matmul-blocked64-s1,train,matmul,matmul-blocked64,0.1,2,98312,32779,0
matmul_train,matmul,aging+idle,matmul-blocked64-s1,train,matmul,matmul-blocked64,0.1,2,98312,32779,0
matmul_train,matmul,aging+age,matmul-blocked64-s1,train,matmul,matmul-blocked64,0.1,2,98312,32779,0
matmul_train,matmul,aging+dirty,matmul-blocked64-s1,train,matmul,matmul-blocked64,0.1,2,98312,32779,0
matmul_train,matmul,aging+refaults,matmul-blocked64-s1,train,matmul,matmul-blocked64,0.1,2,91231,32779,0
matmul_train,matmul,aging+rdist,matmul-blocked64-s1,train,matmul,matmul-blocked64,0.1,2,98436,32779,0
matmul_train,matmul,sfreq+idle,matmul-blocked64-s1,train,matmul,matmul-blocked64,0.1,2,98312,32779,0
matmul_train,matmul,sfreq+age,matmul-blocked64-s1,train,matmul,matmul-blocked64,0.1,2,98312,32779,0
matmul_train,matmul,sfreq+dirty,matmul-blocked64-s1,train,matmul,matmul-blocked64,0.1,2,98312,32779,0
matmul_train,matmul,sfreq+refaults,matmul-blocked64-s1,train,matmul,matmul-blocked64,0.1,2,92045,32779,0
matmul_train,matmul,sfreq+rdist,matmul-blocked64-s1,train,matmul,matmul-blocked64,0.1,2,98311,32779,0
matmul_train,matmul,idle+age,matmul-blocked64-s1,train,matmul,matmul-blocked64,0.1,2,98312,32779,0
matmul_train,matmul,idle+dirty,matmul-blocked64-s1,train,matmul,matmul-blocked64,0.1,2,98312,32779,0
matmul_train,matmul,idle+refaults,matmul-blocked64-s1,train,matmul,matmul-blocked64,0.1,2,91231,32779,0
matmul_train,matmul,idle+rdist,matmul-blocked64-s1,train,matmul,matmul-blocked64,0.1,2,98436,32779,0
matmul_train,matmul,age+dirty,matmul-blocked64-s1,train,matmul,matmul-blocked64,0.1,2,98316,32779,0
matmul_train,matmul,age+refaults,matmul-blocked64-s1,train,matmul,matmul-blocked64,0.1,2,98313,32779,0
matmul_train,matmul,age+rdist,matmul-blocked64-s1,train,matmul,matmul-blocked64,0.1,2,107013,32779,0
matmul_train,matmul,dirty+refaults,matmul-blocked64-s1,train,matmul,matmul-blocked64,0.1,2,65551,32779,0
matmul_train,matmul,dirty+rdist,matmul-blocked64-s1,train,matmul,matmul-blocked64,0.1,2,65923,32779,0
matmul_train,matmul,refaults+rdist,matmul-blocked64-s1,train,matmul,matmul-blocked64,0.1,2,97283,32779,0
matmul_train,matmul,ref+aging+sfreq,matmul-blocked64-s1,train,matmul,matmul-blocked64,0.1,2,98312,32779,0
matmul_train,matmul,ref+aging+idle,matmul-blocked64-s1,train,matmul,matmul-blocked64,0.1,2,98312,32779,0
matmul_train,matmul,ref+aging+age,matmul-blocked64-s1,train,matmul,matmul-blocked64,0.1,2,98312,32779,0
matmul_train,matmul,ref+aging+dirty,matmul-blocked64-s1,train,matmul,matmul-blocked64,0.1,2,65548,32779,0
matmul_train,matmul,ref+aging+refaults,matmul-blocked64-s1,train,matmul,matmul-blocked64,0.1,2,91231,32779,0
matmul_train,matmul,ref+aging+rdist,matmul-blocked64-s1,train,matmul,matmul-blocked64,0.1,2,98436,32779,0
matmul_train,matmul,ref+sfreq+idle,matmul-blocked64-s1,train,matmul,matmul-blocked64,0.1,2,98312,32779,0
matmul_train,matmul,ref+sfreq+age,matmul-blocked64-s1,train,matmul,matmul-blocked64,0.1,2,98312,32779,0
matmul_train,matmul,ref+sfreq+dirty,matmul-blocked64-s1,train,matmul,matmul-blocked64,0.1,2,98312,32779,0
matmul_train,matmul,ref+sfreq+refaults,matmul-blocked64-s1,train,matmul,matmul-blocked64,0.1,2,97558,32779,0
matmul_train,matmul,ref+sfreq+rdist,matmul-blocked64-s1,train,matmul,matmul-blocked64,0.1,2,98311,32779,0
matmul_train,matmul,ref+idle+age,matmul-blocked64-s1,train,matmul,matmul-blocked64,0.1,2,98312,32779,0
matmul_train,matmul,ref+idle+dirty,matmul-blocked64-s1,train,matmul,matmul-blocked64,0.1,2,65548,32779,0
matmul_train,matmul,ref+idle+refaults,matmul-blocked64-s1,train,matmul,matmul-blocked64,0.1,2,91231,32779,0
matmul_train,matmul,ref+idle+rdist,matmul-blocked64-s1,train,matmul,matmul-blocked64,0.1,2,98436,32779,0
matmul_train,matmul,ref+age+dirty,matmul-blocked64-s1,train,matmul,matmul-blocked64,0.1,2,98312,32779,0
matmul_train,matmul,ref+age+refaults,matmul-blocked64-s1,train,matmul,matmul-blocked64,0.1,2,98251,32779,0
matmul_train,matmul,ref+age+rdist,matmul-blocked64-s1,train,matmul,matmul-blocked64,0.1,2,98311,32779,0
matmul_train,matmul,ref+dirty+refaults,matmul-blocked64-s1,train,matmul,matmul-blocked64,0.1,2,67075,32779,0
matmul_train,matmul,ref+dirty+rdist,matmul-blocked64-s1,train,matmul,matmul-blocked64,0.1,2,65923,32779,0
matmul_train,matmul,ref+refaults+rdist,matmul-blocked64-s1,train,matmul,matmul-blocked64,0.1,2,91330,32779,0
matmul_train,matmul,aging+sfreq+idle,matmul-blocked64-s1,train,matmul,matmul-blocked64,0.1,2,98312,32779,0
matmul_train,matmul,aging+sfreq+age,matmul-blocked64-s1,train,matmul,matmul-blocked64,0.1,2,98312,32779,0
matmul_train,matmul,aging+sfreq+dirty,matmul-blocked64-s1,train,matmul,matmul-blocked64,0.1,2,98312,32779,0
matmul_train,matmul,aging+sfreq+refaults,matmul-blocked64-s1,train,matmul,matmul-blocked64,0.1,2,97415,32779,0
matmul_train,matmul,aging+sfreq+rdist,matmul-blocked64-s1,train,matmul,matmul-blocked64,0.1,2,98311,32779,0
matmul_train,matmul,aging+idle+age,matmul-blocked64-s1,train,matmul,matmul-blocked64,0.1,2,98312,32779,0
matmul_train,matmul,aging+idle+dirty,matmul-blocked64-s1,train,matmul,matmul-blocked64,0.1,2,65548,32779,0
matmul_train,matmul,aging+idle+refaults,matmul-blocked64-s1,train,matmul,matmul-blocked64,0.1,2,91231,32779,0
matmul_train,matmul,aging+idle+rdist,matmul-blocked64-s1,train,matmul,matmul-blocked64,0.1,2,98436,32779,0
matmul_train,matmul,aging+age+dirty,matmul-blocked64-s1,train,matmul,matmul-blocked64,0.1,2,98312,32779,0
matmul_train,matmul,aging+age+refaults,matmul-blocked64-s1,train,matmul,matmul-blocked64,0.1,2,98243,32779,0
matmul_train,matmul,aging+age+rdist,matmul-blocked64-s1,train,matmul,matmul-blocked64,0.1,2,98311,32779,0
matmul_train,matmul,aging+dirty+refaults,matmul-blocked64-s1,train,matmul,matmul-blocked64,0.1,2,70415,32779,0
matmul_train,matmul,aging+dirty+rdist,matmul-blocked64-s1,train,matmul,matmul-blocked64,0.1,2,65923,32779,0
matmul_train,matmul,aging+refaults+rdist,matmul-blocked64-s1,train,matmul,matmul-blocked64,0.1,2,91330,32779,0
matmul_train,matmul,sfreq+idle+age,matmul-blocked64-s1,train,matmul,matmul-blocked64,0.1,2,98312,32779,0
matmul_train,matmul,sfreq+idle+dirty,matmul-blocked64-s1,train,matmul,matmul-blocked64,0.1,2,98312,32779,0
matmul_train,matmul,sfreq+idle+refaults,matmul-blocked64-s1,train,matmul,matmul-blocked64,0.1,2,97231,32779,0
matmul_train,matmul,sfreq+idle+rdist,matmul-blocked64-s1,train,matmul,matmul-blocked64,0.1,2,98311,32779,0
matmul_train,matmul,sfreq+age+dirty,matmul-blocked64-s1,train,matmul,matmul-blocked64,0.1,2,98312,32779,0
matmul_train,matmul,sfreq+age+refaults,matmul-blocked64-s1,train,matmul,matmul-blocked64,0.1,2,94589,32779,0
matmul_train,matmul,sfreq+age+rdist,matmul-blocked64-s1,train,matmul,matmul-blocked64,0.1,2,98311,32779,0
matmul_train,matmul,sfreq+dirty+refaults,matmul-blocked64-s1,train,matmul,matmul-blocked64,0.1,2,65688,32779,0
matmul_train,matmul,sfreq+dirty+rdist,matmul-blocked64-s1,train,matmul,matmul-blocked64,0.1,2,97929,32779,0
matmul_train,matmul,sfreq+refaults+rdist,matmul-blocked64-s1,train,matmul,matmul-blocked64,0.1,2,107612,32779,0
matmul_train,matmul,idle+age+dirty,matmul-blocked64-s1,train,matmul,matmul-blocked64,0.1,2,98312,32779,0
matmul_train,matmul,idle+age+refaults,matmul-blocked64-s1,train,matmul,matmul-blocked64,0.1,2,98226,32779,0
matmul_train,matmul,idle+age+rdist,matmul-blocked64-s1,train,matmul,matmul-blocked64,0.1,2,98311,32779,0
matmul_train,matmul,idle+dirty+refaults,matmul-blocked64-s1,train,matmul,matmul-blocked64,0.1,2,68111,32779,0
matmul_train,matmul,idle+dirty+rdist,matmul-blocked64-s1,train,matmul,matmul-blocked64,0.1,2,65923,32779,0
matmul_train,matmul,idle+refaults+rdist,matmul-blocked64-s1,train,matmul,matmul-blocked64,0.1,2,91330,32779,0
matmul_train,matmul,age+dirty+refaults,matmul-blocked64-s1,train,matmul,matmul-blocked64,0.1,2,89877,32779,0
matmul_train,matmul,age+dirty+rdist,matmul-blocked64-s1,train,matmul,matmul-blocked64,0.1,2,97929,32779,0
matmul_train,matmul,age+refaults+rdist,matmul-blocked64-s1,train,matmul,matmul-blocked64,0.1,2,105533,32779,0
matmul_train,matmul,dirty+refaults+rdist,matmul-blocked64-s1,train,matmul,matmul-blocked64,0.1,2,66048,32779,0
matmul_train,matmul,ref+aging+sfreq+idle,matmul-blocked64-s1,train,matmul,matmul-blocked64,0.1,2,98312,32779,0
matmul_train,matmul,ref+aging+sfreq+age,matmul-blocked64-s1,train,matmul,matmul-blocked64,0.1,2,98312,32779,0
matmul_train,matmul,ref+aging+sfreq+dirty,matmul-blocked64-s1,train,matmul,matmul-blocked64,0.1,2,98312,32779,0
matmul_train,matmul,ref+aging+sfreq+refaults,matmul-blocked64-s1,train,matmul,matmul-blocked64,0.1,2,98036,32779,0
matmul_train,matmul,ref+aging+sfreq+rdist,matmul-blocked64-s1,train,matmul,matmul-blocked64,0.1,2,98311,32779,0
matmul_train,matmul,ref+aging+idle+age,matmul-blocked64-s1,train,matmul,matmul-blocked64,0.1,2,98312,32779,0
matmul_train,matmul,ref+aging+idle+dirty,matmul-blocked64-s1,train,matmul,matmul-blocked64,0.1,2,65548,32779,0
matmul_train,matmul,ref+aging+idle+refaults,matmul-blocked64-s1,train,matmul,matmul-blocked64,0.1,2,91232,32779,0
matmul_train,matmul,ref+aging+idle+rdist,matmul-blocked64-s1,train,matmul,matmul-blocked64,0.1,2,98436,32779,0
matmul_train,matmul,ref+aging+age+dirty,matmul-blocked64-s1,train,matmul,matmul-blocked64,0.1,2,98312,32779,0
matmul_train,matmul,ref+aging+age+refaults,matmul-blocked64-s1,train,matmul,matmul-blocked64,0.1,2,98128,32779,0
matmul_train,matmul,ref+aging+age+rdist,matmul-blocked64-s1,train,matmul,matmul-blocked64,0.1,2,98311,32779,0
matmul_train,matmul,ref+aging+dirty+refaults,matmul-blocked64-s1,train,matmul,matmul-blocked64,0.1,2,65603,32779,0
matmul_train,matmul,ref+aging+dirty+rdist,matmul-blocked64-s1,train,matmul,matmul-blocked64,0.1,2,65923,32779,0
matmul_train,matmul,ref+aging+refaults+rdist,matmul-blocked64-s1,train,matmul,matmul-blocked64,0.1,2,91330,32779,0
matmul_train,matmul,ref+sfreq+idle+age,matmul-blocked64-s1,train,matmul,matmul-blocked64,0.1,2,98312,32779,0
matmul_train,matmul,ref+sfreq+idle+dirty,matmul-blocked64-s1,train,matmul,matmul-blocked64,0.1,2,98312,32779,0
matmul_train,matmul,ref+sfreq+idle+refaults,matmul-blocked64-s1,train,matmul,matmul-blocked64,0.1,2,97401,32779,0
matmul_train,matmul,ref+sfreq+idle+rdist,matmul-blocked64-s1,train,matmul,matmul-blocked64,0.1,2,98311,32779,0
matmul_train,matmul,ref+sfreq+age+dirty,matmul-blocked64-s1,train,matmul,matmul-blocked64,0.1,2,98312,32779,0
matmul_train,matmul,ref+sfreq+age+refaults,matmul-blocked64-s1,train,matmul,matmul-blocked64,0.1,2,98243,32779,0
matmul_train,matmul,ref+sfreq+age+rdist,matmul-blocked64-s1,train,matmul,matmul-blocked64,0.1,2,98311,32779,0
matmul_train,matmul,ref+sfreq+dirty+refaults,matmul-blocked64-s1,train,matmul,matmul-blocked64,0.1,2,82888,32779,0
matmul_train,matmul,ref+sfreq+dirty+rdist,matmul-blocked64-s1,train,matmul,matmul-blocked64,0.1,2,97929,32779,0
matmul_train,matmul,ref+sfreq+refaults+rdist,matmul-blocked64-s1,train,matmul,matmul-blocked64,0.1,2,96932,32779,0
matmul_train,matmul,ref+idle+age+dirty,matmul-blocked64-s1,train,matmul,matmul-blocked64,0.1,2,98312,32779,0
matmul_train,matmul,ref+idle+age+refaults,matmul-blocked64-s1,train,matmul,matmul-blocked64,0.1,2,98094,32779,0
matmul_train,matmul,ref+idle+age+rdist,matmul-blocked64-s1,train,matmul,matmul-blocked64,0.1,2,98311,32779,0
matmul_train,matmul,ref+idle+dirty+refaults,matmul-blocked64-s1,train,matmul,matmul-blocked64,0.1,2,65579,32779,0
matmul_train,matmul,ref+idle+dirty+rdist,matmul-blocked64-s1,train,matmul,matmul-blocked64,0.1,2,65923,32779,0
matmul_train,matmul,ref+idle+refaults+rdist,matmul-blocked64-s1,train,matmul,matmul-blocked64,0.1,2,91330,32779,0
matmul_train,matmul,ref+age+dirty+refaults,matmul-blocked64-s1,train,matmul,matmul-blocked64,0.1,2,87274,32779,0
matmul_train,matmul,ref+age+dirty+rdist,matmul-blocked64-s1,train,matmul,matmul-blocked64,0.1,2,97929,32779,0
matmul_train,matmul,ref+age+refaults+rdist,matmul-blocked64-s1,train,matmul,matmul-blocked64,0.1,2,98206,32779,0
matmul_train,matmul,ref+dirty+refaults+rdist,matmul-blocked64-s1,train,matmul,matmul-blocked64,0.1,2,66050,32779,0
matmul_train,matmul,aging+sfreq+idle+age,matmul-blocked64-s1,train,matmul,matmul-blocked64,0.1,2,98312,32779,0
matmul_train,matmul,aging+sfreq+idle+dirty,matmul-blocked64-s1,train,matmul,matmul-blocked64,0.1,2,98312,32779,0
matmul_train,matmul,aging+sfreq+idle+refaults,matmul-blocked64-s1,train,matmul,matmul-blocked64,0.1,2,97393,32779,0
matmul_train,matmul,aging+sfreq+idle+rdist,matmul-blocked64-s1,train,matmul,matmul-blocked64,0.1,2,98311,32779,0
matmul_train,matmul,aging+sfreq+age+dirty,matmul-blocked64-s1,train,matmul,matmul-blocked64,0.1,2,98312,32779,0
matmul_train,matmul,aging+sfreq+age+refaults,matmul-blocked64-s1,train,matmul,matmul-blocked64,0.1,2,97758,32779,0
matmul_train,matmul,aging+sfreq+age+rdist,matmul-blocked64-s1,train,matmul,matmul-blocked64,0.1,2,98311,32779,0
matmul_train,matmul,aging+sfreq+dirty+refaults,matmul-blocked64-s1,train,matmul,matmul-blocked64,0.1,2,93543,32779,0
matmul_train,matmul,aging+sfreq+dirty+rdist,matmul-blocked64-s1,train,matmul,matmul-blocked64,0.1,2,97929,32779,0
matmul_train,matmul,aging+sfreq+refaults+rdist,matmul-blocked64-s1,train,matmul,matmul-blocked64,0.1,2,96934,32779,0
matmul_train,matmul,aging+idle+age+dirty,matmul-blocked64-s1,train,matmul,matmul-blocked64,0.1,2,98312,32779,0
matmul_train,matmul,aging+idle+age+refaults,matmul-blocked64-s1,train,matmul,matmul-blocked64,0.1,2,98239,32779,0
matmul_train,matmul,aging+idle+age+rdist,matmul-blocked64-s1,train,matmul,matmul-blocked64,0.1,2,98311,32779,0
matmul_train,matmul,aging+idle+dirty+refaults,matmul-blocked64-s1,train,matmul,matmul-blocked64,0.1,2,68059,32779,0
matmul_train,matmul,aging+idle+dirty+rdist,matmul-blocked64-s1,train,matmul,matmul-blocked64,0.1,2,65923,32779,0
matmul_train,matmul,aging+idle+refaults+rdist,matmul-blocked64-s1,train,matmul,matmul-blocked64,0.1,2,91330,32779,0
matmul_train,matmul,aging+age+dirty+refaults,matmul-blocked64-s1,train,matmul,matmul-blocked64,0.1,2,93284,32779,0
matmul_train,matmul,aging+age+dirty+rdist,matmul-blocked64-s1,train,matmul,matmul-blocked64,0.1,2,97929,32779,0
matmul_train,matmul,aging+age+refaults+rdist,matmul-blocked64-s1,train,matmul,matmul-blocked64,0.1,2,98181,32779,0
matmul_train,matmul,aging+dirty+refaults+rdist,matmul-blocked64-s1,train,matmul,matmul-blocked64,0.1,2,66056,32779,0
matmul_train,matmul,sfreq+idle+age+dirty,matmul-blocked64-s1,train,matmul,matmul-blocked64,0.1,2,98312,32779,0
matmul_train,matmul,sfreq+idle+age+refaults,matmul-blocked64-s1,train,matmul,matmul-blocked64,0.1,2,97155,32779,0
matmul_train,matmul,sfreq+idle+age+rdist,matmul-blocked64-s1,train,matmul,matmul-blocked64,0.1,2,98311,32779,0
matmul_train,matmul,sfreq+idle+dirty+refaults,matmul-blocked64-s1,train,matmul,matmul-blocked64,0.1,2,90810,32779,0
matmul_train,matmul,sfreq+idle+dirty+rdist,matmul-blocked64-s1,train,matmul,matmul-blocked64,0.1,2,97929,32779,0
matmul_train,matmul,sfreq+idle+refaults+rdist,matmul-blocked64-s1,train,matmul,matmul-blocked64,0.1,2,96783,32779,0
matmul_train,matmul,sfreq+age+dirty+refaults,matmul-blocked64-s1,train,matmul,matmul-blocked64,0.1,2,65677,32779,0
matmul_train,matmul,sfreq+age+dirty+rdist,matmul-blocked64-s1,train,matmul,matmul-blocked64,0.1,2,97929,32779,0
matmul_train,matmul,sfreq+age+refaults+rdist,matmul-blocked64-s1,train,matmul,matmul-blocked64,0.1,2,93633,32779,0
matmul_train,matmul,sfreq+dirty+refaults+rdist,matmul-blocked64-s1,train,matmul,matmul-blocked64,0.1,2,92260,32779,0
matmul_train,matmul,idle+age+dirty+refaults,matmul-blocked64-s1,train,matmul,matmul-blocked64,0.1,2,90471,32779,0
matmul_train,matmul,idle+age+dirty+rdist,matmul-blocked64-s1,train,matmul,matmul-blocked64,0.1,2,97929,32779,0
matmul_train,matmul,idle+age+refaults+rdist,matmul-blocked64-s1,train,matmul,matmul-blocked64,0.1,2,98148,32779,0
matmul_train,matmul,idle+dirty+refaults+rdist,matmul-blocked64-s1,train,matmul,matmul-blocked64,0.1,2,66050,32779,0
matmul_train,matmul,age+dirty+refaults+rdist,matmul-blocked64-s1,train,matmul,matmul-blocked64,0.1,2,96923,32779,0
matmul_train,matmul,ref+aging+sfreq+idle+age,matmul-blocked64-s1,train,matmul,matmul-blocked64,0.1,2,98312,32779,0
matmul_train,matmul,ref+aging+sfreq+idle+dirty,matmul-blocked64-s1,train,matmul,matmul-blocked64,0.1,2,98312,32779,0
matmul_train,matmul,ref+aging+sfreq+idle+refaults,matmul-blocked64-s1,train,matmul,matmul-blocked64,0.1,2,98196,32779,0
matmul_train,matmul,ref+aging+sfreq+idle+rdist,matmul-blocked64-s1,train,matmul,matmul-blocked64,0.1,2,98311,32779,0
matmul_train,matmul,ref+aging+sfreq+age+dirty,matmul-blocked64-s1,train,matmul,matmul-blocked64,0.1,2,98316,32779,0
matmul_train,matmul,ref+aging+sfreq+age+refaults,matmul-blocked64-s1,train,matmul,matmul-blocked64,0.1,2,96430,32779,0
matmul_train,matmul,ref+aging+sfreq+age+rdist,matmul-blocked64-s1,train,matmul,matmul-blocked64,0.1,2,98311,32779,0
matmul_train,matmul,ref+aging+sfreq+dirty+refaults,matmul-blocked64-s1,train,matmul,matmul-blocked64,0.1,2,65813,32779,0
matmul_train,matmul,ref+aging+sfreq+dirty+rdist,matmul-blocked64-s1,train,matmul,matmul-blocked64,0.1,2,97929,32779,0
matmul_train,matmul,ref+aging+sfreq+refaults+rdist,matmul-blocked64-s1,train,matmul,matmul-blocked64,0.1,2,97202,32779,0
matmul_train,matmul,ref+aging+idle+age+dirty,matmul-blocked64-s1,train,matmul,matmul-blocked64,0.1,2,98312,32779,0
matmul_train,matmul,ref+aging+idle+age+refaults,matmul-blocked64-s1,train,matmul,matmul-blocked64,0.1,2,98182,32779,0
matmul_train,matmul,ref+aging+idle+age+rdist,matmul-blocked64-s1,train,matmul,matmul-blocked64,0.1,2,98311,32779,0
matmul_train,matmul,ref+aging+idle+dirty+refaults,matmul-blocked64-s1,train,matmul,matmul-blocked64,0.1,2,65635,32779,0
matmul_train,matmul,ref+aging+idle+dirty+rdist,matmul-blocked64-s1,train,matmul,matmul-blocked64,0.1,2,65923,32779,0
matmul_train,matmul,ref+aging+idle+refaults+rdist,matmul-blocked64-s1,train,matmul,matmul-blocked64,0.1,2,91330,32779,0
matmul_train,matmul,ref+aging+age+dirty+refaults,matmul-blocked64-s1,train,matmul,matmul-blocked64,0.1,2,65697,32779,0
matmul_train,matmul,ref+aging+age+dirty+rdist,matmul-blocked64-s1,train,matmul,matmul-blocked64,0.1,2,97929,32779,0
matmul_train,matmul,ref+aging+age+refaults+rdist,matmul-blocked64-s1,train,matmul,matmul-blocked64,0.1,2,98072,32779,0
matmul_train,matmul,ref+aging+dirty+refaults+rdist,matmul-blocked64-s1,train,matmul,matmul-blocked64,0.1,2,66048,32779,0
matmul_train,matmul,ref+sfreq+idle+age+dirty,matmul-blocked64-s1,train,matmul,matmul-blocked64,0.1,2,98312,32779,0
matmul_train,matmul,ref+sfreq+idle+age+refaults,matmul-blocked64-s1,train,matmul,matmul-blocked64,0.1,2,96608,32779,0
matmul_train,matmul,ref+sfreq+idle+age+rdist,matmul-blocked64-s1,train,matmul,matmul-blocked64,0.1,2,98311,32779,0
matmul_train,matmul,ref+sfreq+idle+dirty+refaults,matmul-blocked64-s1,train,matmul,matmul-blocked64,0.1,2,65813,32779,0
matmul_train,matmul,ref+sfreq+idle+dirty+rdist,matmul-blocked64-s1,train,matmul,matmul-blocked64,0.1,2,97929,32779,0
matmul_train,matmul,ref+sfreq+idle+refaults+rdist,matmul-blocked64-s1,train,matmul,matmul-blocked64,0.1,2,96826,32779,0
matmul_train,matmul,ref+sfreq+age+dirty+refaults,matmul-blocked64-s1,train,matmul,matmul-blocked64,0.1,2,93395,32779,0
matmul_train,matmul,ref+sfreq+age+dirty+rdist,matmul-blocked64-s1,train,matmul,matmul-blocked64,0.1,2,97929,32779,0
matmul_train,matmul,ref+sfreq+age+refaults+rdist,matmul-blocked64-s1,train,matmul,matmul-blocked64,0.1,2,98129,32779,0
matmul_train,matmul,ref+sfreq+dirty+refaults+rdist,matmul-blocked64-s1,train,matmul,matmul-blocked64,0.1,2,87473,32779,0
matmul_train,matmul,ref+idle+age+dirty+refaults,matmul-blocked64-s1,train,matmul,matmul-blocked64,0.1,2,65957,32779,0
matmul_train,matmul,ref+idle+age+dirty+rdist,matmul-blocked64-s1,train,matmul,matmul-blocked64,0.1,2,97929,32779,0
matmul_train,matmul,ref+idle+age+refaults+rdist,matmul-blocked64-s1,train,matmul,matmul-blocked64,0.1,2,98040,32779,0
matmul_train,matmul,ref+idle+dirty+refaults+rdist,matmul-blocked64-s1,train,matmul,matmul-blocked64,0.1,2,66048,32779,0
matmul_train,matmul,ref+age+dirty+refaults+rdist,matmul-blocked64-s1,train,matmul,matmul-blocked64,0.1,2,93784,32779,0
matmul_train,matmul,aging+sfreq+idle+age+dirty,matmul-blocked64-s1,train,matmul,matmul-blocked64,0.1,2,98312,32779,0
matmul_train,matmul,aging+sfreq+idle+age+refaults,matmul-blocked64-s1,train,matmul,matmul-blocked64,0.1,2,97568,32779,0
matmul_train,matmul,aging+sfreq+idle+age+rdist,matmul-blocked64-s1,train,matmul,matmul-blocked64,0.1,2,98311,32779,0
matmul_train,matmul,aging+sfreq+idle+dirty+refaults,matmul-blocked64-s1,train,matmul,matmul-blocked64,0.1,2,88821,32779,0
matmul_train,matmul,aging+sfreq+idle+dirty+rdist,matmul-blocked64-s1,train,matmul,matmul-blocked64,0.1,2,97929,32779,0
matmul_train,matmul,aging+sfreq+idle+refaults+rdist,matmul-blocked64-s1,train,matmul,matmul-blocked64,0.1,2,96890,32779,0
matmul_train,matmul,aging+sfreq+age+dirty+refaults,matmul-blocked64-s1,train,matmul,matmul-blocked64,0.1,2,93769,32779,0
matmul_train,matmul,aging+sfreq+age+dirty+rdist,matmul-blocked64-s1,train,matmul,matmul-blocked64,0.1,2,97929,32779,0
matmul_train,matmul,aging+sfreq+age+refaults+rdist,matmul-blocked64-s1,train,matmul,matmul-blocked64,0.1,2,97973,32779,0
matmul_train,matmul,aging+sfreq+dirty+refaults+rdist,matmul-blocked64-s1,train,matmul,matmul-blocked64,0.1,2,87353,32779,0
matmul_train,matmul,aging+idle+age+dirty+refaults,matmul-blocked64-s1,train,matmul,matmul-blocked64,0.1,2,89501,32779,0
matmul_train,matmul,aging+idle+age+dirty+rdist,matmul-blocked64-s1,train,matmul,matmul-blocked64,0.1,2,97929,32779,0
matmul_train,matmul,aging+idle+age+refaults+rdist,matmul-blocked64-s1,train,matmul,matmul-blocked64,0.1,2,98173,32779,0
matmul_train,matmul,aging+idle+dirty+refaults+rdist,matmul-blocked64-s1,train,matmul,matmul-blocked64,0.1,2,66048,32779,0
matmul_train,matmul,aging+age+dirty+refaults+rdist,matmul-blocked64-s1,train,matmul,matmul-blocked64,0.1,2,92404,32779,0
matmul_train,matmul,sfreq+idle+age+dirty+refaults,matmul-blocked64-s1,train,matmul,matmul-blocked64,0.1,2,84857,32779,0
matmul_train,matmul,sfreq+idle+age+dirty+rdist,matmul-blocked64-s1,train,matmul,matmul-blocked64,0.1,2,97929,32779,0
matmul_train,matmul,sfreq+idle+age+refaults+rdist,matmul-blocked64-s1,train,matmul,matmul-blocked64,0.1,2,98011,32779,0
matmul_train,matmul,sfreq+idle+dirty+refaults+rdist,matmul-blocked64-s1,train,matmul,matmul-blocked64,0.1,2,87353,32779,0
matmul_train,matmul,sfreq+age+dirty+refaults+rdist,matmul-blocked64-s1,train,matmul,matmul-blocked64,0.1,2,87850,32779,0
matmul_train,matmul,idle+age+dirty+refaults+rdist,matmul-blocked64-s1,train,matmul,matmul-blocked64,0.1,2,92023,32779,0
matmul_train,matmul,ref+aging+sfreq+idle+age+dirty,matmul-blocked64-s1,train,matmul,matmul-blocked64,0.1,2,98312,32779,0
matmul_train,matmul,ref+aging+sfreq+idle+age+refaults,matmul-blocked64-s1,train,matmul,matmul-blocked64,0.1,2,96933,32779,0
matmul_train,matmul,ref+aging+sfreq+idle+age+rdist,matmul-blocked64-s1,train,matmul,matmul-blocked64,0.1,2,98311,32779,0
matmul_train,matmul,ref+aging+sfreq+idle+dirty+refaults,matmul-blocked64-s1,train,matmul,matmul-blocked64,0.1,2,65813,32779,0
matmul_train,matmul,ref+aging+sfreq+idle+dirty+rdist,matmul-blocked64-s1,train,matmul,matmul-blocked64,0.1,2,97929,32779,0
matmul_train,matmul,ref+aging+sfreq+idle+refaults+rdist,matmul-blocked64-s1,train,matmul,matmul-blocked64,0.1,2,97435,32779,0
matmul_train,matmul,ref+aging+sfreq+age+dirty+refaults,matmul-blocked64-s1,train,matmul,matmul-blocked64,0.1,2,81953,32779,0
matmul_train,matmul,ref+aging+sfreq+age+dirty+rdist,matmul-blocked64-s1,train,matmul,matmul-blocked64,0.1,2,97929,32779,0
matmul_train,matmul,ref+aging+sfreq+age+refaults+rdist,matmul-blocked64-s1,train,matmul,matmul-blocked64,0.1,2,105624,32779,0
matmul_train,matmul,ref+aging+sfreq+dirty+refaults+rdist,matmul-blocked64-s1,train,matmul,matmul-blocked64,0.1,2,87977,32779,0
matmul_train,matmul,ref+aging+idle+age+dirty+refaults,matmul-blocked64-s1,train,matmul,matmul-blocked64,0.1,2,73379,32779,0
matmul_train,matmul,ref+aging+idle+age+dirty+rdist,matmul-blocked64-s1,train,matmul,matmul-blocked64,0.1,2,97929,32779,0
matmul_train,matmul,ref+aging+idle+age+refaults+rdist,matmul-blocked64-s1,train,matmul,matmul-blocked64,0.1,2,98097,32779,0
matmul_train,matmul,ref+aging+idle+dirty+refaults+rdist,matmul-blocked64-s1,train,matmul,matmul-blocked64,0.1,2,66048,32779,0
matmul_train,matmul,ref+aging+age+dirty+refaults+rdist,matmul-blocked64-s1,train,matmul,matmul-blocked64,0.1,2,94402,32779,0
matmul_train,matmul,ref+sfreq+idle+age+dirty+refaults,matmul-blocked64-s1,train,matmul,matmul-blocked64,0.1,2,81818,32779,0
matmul_train,matmul,ref+sfreq+idle+age+dirty+rdist,matmul-blocked64-s1,train,matmul,matmul-blocked64,0.1,2,97929,32779,0
matmul_train,matmul,ref+sfreq+idle+age+refaults+rdist,matmul-blocked64-s1,train,matmul,matmul-blocked64,0.1,2,102635,32779,0
matmul_train,matmul,ref+sfreq+idle+dirty+refaults+rdist,matmul-blocked64-s1,train,matmul,matmul-blocked64,0.1,2,87473,32779,0
matmul_train,matmul,ref+sfreq+age+dirty+refaults+rdist,matmul-blocked64-s1,train,matmul,matmul-blocked64,0.1,2,97934,32779,0
matmul_train,matmul,ref+idle+age+dirty+refaults+rdist,matmul-blocked64-s1,train,matmul,matmul-blocked64,0.1,2,92638,32779,0
matmul_train,matmul,aging+sfreq+idle+age+dirty+refaults,matmul-blocked64-s1,train,matmul,matmul-blocked64,0.1,2,90379,32779,0
matmul_train,matmul,aging+sfreq+idle+age+dirty+rdist,matmul-blocked64-s1,train,matmul,matmul-blocked64,0.1,2,97929,32779,0
matmul_train,matmul,aging+sfreq+idle+age+refaults+rdist,matmul-blocked64-s1,train,matmul,matmul-blocked64,0.1,2,97985,32779,0
matmul_train,matmul,aging+sfreq+idle+dirty+refaults+rdist,matmul-blocked64-s1,train,matmul,matmul-blocked64,0.1,2,87348,32779,0
matmul_train,matmul,aging+sfreq+age+dirty+refaults+rdist,matmul-blocked64-s1,train,matmul,matmul-blocked64,0.1,2,97937,32779,0
matmul_train,matmul,aging+idle+age+dirty+refaults+rdist,matmul-blocked64-s1,train,matmul,matmul-blocked64,0.1,2,91766,32779,0
matmul_train,matmul,sfreq+idle+age+dirty+refaults+rdist,matmul-blocked64-s1,train,matmul,matmul-blocked64,0.1,2,97937,32779,0
matmul_train,matmul,ref+aging+sfreq+idle+age+dirty+refaults,matmul-blocked64-s1,train,matmul,matmul-blocked64,0.1,2,90142,32779,0
matmul_train,matmul,ref+aging+sfreq+idle+age+dirty+rdist,matmul-blocked64-s1,train,matmul,matmul-blocked64,0.1,2,97929,32779,0
matmul_train,matmul,ref+aging+sfreq+idle+age+refaults+rdist,matmul-blocked64-s1,train,matmul,matmul-blocked64,0.1,2,105106,32779,0
matmul_train,matmul,ref+aging+sfreq+idle+dirty+refaults+rdist,matmul-blocked64-s1,train,matmul,matmul-blocked64,0.1,2,87977,32779,0
matmul_train,matmul,ref+aging+sfreq+age+dirty+refaults+rdist,matmul-blocked64-s1,train,matmul,matmul-blocked64,0.1,2,98189,32779,0
matmul_train,matmul,ref+aging+idle+age+dirty+refaults+rdist,matmul-blocked64-s1,train,matmul,matmul-blocked64,0.1,2,94026,32779,0
matmul_train,matmul,ref+sfreq+idle+age+dirty+refaults+rdist,matmul-blocked64-s1,train,matmul,matmul-blocked64,0.1,2,97939,32779,0
matmul_train,matmul,aging+sfreq+idle+age+dirty+refaults+rdist,matmul-blocked64-s1,train,matmul,matmul-blocked64,0.1,2,97937,32779,0
matmul_train,matmul,ref+aging+sfreq+idle+age+dirty+refaults+rdist,matmul-blocked64-s1,train,matmul,matmul-blocked64,0.1,2,98066,32779,0
matmul_train,matmul,rec+ref+aging+sfreq+idle+age+dirty,matmul-blocked64-s1,train,matmul,matmul-blocked64,0.1,2,98316,32779,0
matmul_train,matmul,rec+ref+aging+sfreq+idle+age+dirty+refaults+rdist,matmul-blocked64-s1,train,matmul,matmul-blocked64,0.1,2,97937,32779,0
matmul_train,matmul,freq+ref+aging+sfreq+idle+age+dirty,matmul-blocked64-s1,train,matmul,matmul-blocked64,0.1,2,98433,32779,0
matmul_train,matmul,freq+ref+aging+sfreq+idle+age+dirty+refaults+rdist,matmul-blocked64-s1,train,matmul,matmul-blocked64,0.1,2,98312,32779,0
matmul_train,matmul,sd+ref+aging+sfreq+idle+age+dirty,matmul-blocked64-s1,train,matmul,matmul-blocked64,0.1,2,65548,32779,0
matmul_train,matmul,sd+ref+aging+sfreq+idle+age+dirty+refaults+rdist,matmul-blocked64-s1,train,matmul,matmul-blocked64,0.1,2,73837,32779,0
matmul_train,matmul,wr+ref+aging+sfreq+idle+age+dirty,matmul-blocked64-s1,train,matmul,matmul-blocked64,0.1,2,115140,32779,0
matmul_train,matmul,wr+ref+aging+sfreq+idle+age+dirty+refaults+rdist,matmul-blocked64-s1,train,matmul,matmul-blocked64,0.1,2,98312,32779,0
matmul_train,matmul,rec+freq+ref+aging+sfreq+idle+age+dirty,matmul-blocked64-s1,train,matmul,matmul-blocked64,0.1,2,82276,32779,0
matmul_train,matmul,rec+freq+ref+aging+sfreq+idle+age+dirty+refaults+rdist,matmul-blocked64-s1,train,matmul,matmul-blocked64,0.1,2,98062,32779,0
matmul_train,matmul,rec+sd+ref+aging+sfreq+idle+age+dirty,matmul-blocked64-s1,train,matmul,matmul-blocked64,0.1,2,65560,32779,0
matmul_train,matmul,rec+sd+ref+aging+sfreq+idle+age+dirty+refaults+rdist,matmul-blocked64-s1,train,matmul,matmul-blocked64,0.1,2,74365,32779,0
matmul_train,matmul,rec+wr+ref+aging+sfreq+idle+age+dirty,matmul-blocked64-s1,train,matmul,matmul-blocked64,0.1,2,124296,32779,0
matmul_train,matmul,rec+wr+ref+aging+sfreq+idle+age+dirty+refaults+rdist,matmul-blocked64-s1,train,matmul,matmul-blocked64,0.1,2,98312,32779,0
matmul_train,matmul,freq+sd+ref+aging+sfreq+idle+age+dirty,matmul-blocked64-s1,train,matmul,matmul-blocked64,0.1,2,65672,32779,0
matmul_train,matmul,freq+sd+ref+aging+sfreq+idle+age+dirty+refaults+rdist,matmul-blocked64-s1,train,matmul,matmul-blocked64,0.1,2,73584,32779,0
matmul_train,matmul,freq+wr+ref+aging+sfreq+idle+age+dirty,matmul-blocked64-s1,train,matmul,matmul-blocked64,0.1,2,117360,32779,0
matmul_train,matmul,freq+wr+ref+aging+sfreq+idle+age+dirty+refaults+rdist,matmul-blocked64-s1,train,matmul,matmul-blocked64,0.1,2,97929,32779,0
matmul_train,matmul,sd+wr+ref+aging+sfreq+idle+age+dirty,matmul-blocked64-s1,train,matmul,matmul-blocked64,0.1,2,71400,32779,0
matmul_train,matmul,sd+wr+ref+aging+sfreq+idle+age+dirty+refaults+rdist,matmul-blocked64-s1,train,matmul,matmul-blocked64,0.1,2,66079,32779,0
matmul_train,matmul,rec+freq+sd+ref+aging+sfreq+idle+age+dirty,matmul-blocked64-s1,train,matmul,matmul-blocked64,0.1,2,65662,32779,0
matmul_train,matmul,rec+freq+sd+ref+aging+sfreq+idle+age+dirty+refaults+rdist,matmul-blocked64-s1,train,matmul,matmul-blocked64,0.1,2,74576,32779,0
matmul_train,matmul,rec+freq+wr+ref+aging+sfreq+idle+age+dirty,matmul-blocked64-s1,train,matmul,matmul-blocked64,0.1,2,124064,32779,0
matmul_train,matmul,rec+freq+wr+ref+aging+sfreq+idle+age+dirty+refaults+rdist,matmul-blocked64-s1,train,matmul,matmul-blocked64,0.1,2,97929,32779,0
matmul_train,matmul,rec+sd+wr+ref+aging+sfreq+idle+age+dirty,matmul-blocked64-s1,train,matmul,matmul-blocked64,0.1,2,65548,32779,0
matmul_train,matmul,rec+sd+wr+ref+aging+sfreq+idle+age+dirty+refaults+rdist,matmul-blocked64-s1,train,matmul,matmul-blocked64,0.1,2,73487,32779,0
matmul_train,matmul,freq+sd+wr+ref+aging+sfreq+idle+age+dirty,matmul-blocked64-s1,train,matmul,matmul-blocked64,0.1,2,70589,32779,0
matmul_train,matmul,freq+sd+wr+ref+aging+sfreq+idle+age+dirty+refaults+rdist,matmul-blocked64-s1,train,matmul,matmul-blocked64,0.1,2,69297,32779,0
matmul_train,matmul,rec+freq+sd+wr+ref+aging+sfreq+idle+age+dirty,matmul-blocked64-s1,train,matmul,matmul-blocked64,0.1,2,65548,32779,0
matmul_train,matmul,rec+freq+sd+wr+ref+aging+sfreq+idle+age+dirty+refaults+rdist,matmul-blocked64-s1,train,matmul,matmul-blocked64,0.1,2,74113,32779,0
matmul_train,global,rec,matmul-blocked64-s1,train,matmul,matmul-blocked64,0.1,2,98312,32779,0
matmul_train,global,freq,matmul-blocked64-s1,train,matmul,matmul-blocked64,0.1,2,82956,32779,0
matmul_train,global,sd,matmul-blocked64-s1,train,matmul,matmul-blocked64,0.1,2,98312,32779,0
matmul_train,global,wr,matmul-blocked64-s1,train,matmul,matmul-blocked64,0.1,2,65548,32779,0
matmul_train,global,rec+freq,matmul-blocked64-s1,train,matmul,matmul-blocked64,0.1,2,94869,32779,0
matmul_train,global,rec+sd,matmul-blocked64-s1,train,matmul,matmul-blocked64,0.1,2,98312,32779,0
matmul_train,global,rec+wr,matmul-blocked64-s1,train,matmul,matmul-blocked64,0.1,2,98312,32779,0
matmul_train,global,freq+sd,matmul-blocked64-s1,train,matmul,matmul-blocked64,0.1,2,92540,32779,0
matmul_train,global,freq+wr,matmul-blocked64-s1,train,matmul,matmul-blocked64,0.1,2,68065,32779,0
matmul_train,global,sd+wr,matmul-blocked64-s1,train,matmul,matmul-blocked64,0.1,2,98312,32779,0
matmul_train,global,rec+freq+sd,matmul-blocked64-s1,train,matmul,matmul-blocked64,0.1,2,77310,32779,0
matmul_train,global,rec+freq+wr,matmul-blocked64-s1,train,matmul,matmul-blocked64,0.1,2,96030,32779,0
matmul_train,global,rec+sd+wr,matmul-blocked64-s1,train,matmul,matmul-blocked64,0.1,2,98312,32779,0
matmul_train,global,freq+sd+wr,matmul-blocked64-s1,train,matmul,matmul-blocked64,0.1,2,91865,32779,0
matmul_train,global,rec+freq+sd+wr,matmul-blocked64-s1,train,matmul,matmul-blocked64,0.1,2,76212,32779,0
matmul_train,global,ref,matmul-blocked64-s1,train,matmul,matmul-blocked64,0.1,2,98312,32779,0
matmul_train,global,aging,matmul-blocked64-s1,train,matmul,matmul-blocked64,0.1,2,98312,32779,0
matmul_train,global,sfreq,matmul-blocked64-s1,train,matmul,matmul-blocked64,0.1,2,98312,32779,0
matmul_train,global,idle,matmul-blocked64-s1,train,matmul,matmul-blocked64,0.1,2,98312,32779,0
matmul_train,global,age,matmul-blocked64-s1,train,matmul,matmul-blocked64,0.1,2,98312,32779,0
matmul_train,global,dirty,matmul-blocked64-s1,train,matmul,matmul-blocked64,0.1,2,65548,32779,0
matmul_train,global,refaults,matmul-blocked64-s1,train,matmul,matmul-blocked64,0.1,2,103013,32779,0
matmul_train,global,rdist,matmul-blocked64-s1,train,matmul,matmul-blocked64,0.1,2,98436,32779,0
matmul_train,global,ref+aging,matmul-blocked64-s1,train,matmul,matmul-blocked64,0.1,2,98312,32779,0
matmul_train,global,ref+sfreq,matmul-blocked64-s1,train,matmul,matmul-blocked64,0.1,2,98312,32779,0
matmul_train,global,ref+idle,matmul-blocked64-s1,train,matmul,matmul-blocked64,0.1,2,98312,32779,0
matmul_train,global,ref+age,matmul-blocked64-s1,train,matmul,matmul-blocked64,0.1,2,98312,32779,0
matmul_train,global,ref+dirty,matmul-blocked64-s1,train,matmul,matmul-blocked64,0.1,2,98312,32779,0
matmul_train,global,ref+refaults,matmul-blocked64-s1,train,matmul,matmul-blocked64,0.1,2,98287,32779,0
matmul_train,global,ref+rdist,matmul-blocked64-s1,train,matmul,matmul-blocked64,0.1,2,98438,32779,0
matmul_train,global,aging+sfreq,matmul-blocked64-s1,train,matmul,matmul-blocked64,0.1,2,98312,32779,0
matmul_train,global,aging+idle,matmul-blocked64-s1,train,matmul,matmul-blocked64,0.1,2,98312,32779,0
matmul_train,global,aging+age,matmul-blocked64-s1,train,matmul,matmul-blocked64,0.1,2,98312,32779,0
matmul_train,global,aging+dirty,matmul-blocked64-s1,train,matmul,matmul-blocked64,0.1,2,98312,32779,0
matmul_train,global,aging+refaults,matmul-blocked64-s1,train,matmul,matmul-blocked64,0.1,2,98250,32779,0
matmul_train,global,aging+rdist,matmul-blocked64-s1,train,matmul,matmul-blocked64,0.1,2,98438,32779,0
matmul_train,global,sfreq+idle,matmul-blocked64-s1,train,matmul,matmul-blocked64,0.1,2,98312,32779,0
matmul_train,global,sfreq+age,matmul-blocked64-s1,train,matmul,matmul-blocked64,0.1,2,98312,32779,0
matmul_train,global,sfreq+dirty,matmul-blocked64-s1,train,matmul,matmul-blocked64,0.1,2,98312,32779,0
matmul_train,global,sfreq+refaults,matmul-blocked64-s1,train,matmul,matmul-blocked64,0.1,2,98525,32779,0
matmul_train,global,sfreq+rdist,matmul-blocked64-s1,train,matmul,matmul-blocked64,0.1,2,98311,32779,0
matmul_train,global,idle+age,matmul-blocked64-s1,train,matmul,matmul-blocked64,0.1,2,98312,32779,0
matmul_train,global,idle+dirty,matmul-blocked64-s1,train,matmul,matmul-blocked64,0.1,2,98312,32779,0
matmul_train,global,idle+refaults,matmul-blocked64-s1,train,matmul,matmul-blocked64,0.1,2,99164,32779,0
matmul_train,global,idle+rdist,matmul-blocked64-s1,train,matmul,matmul-blocked64,0.1,2,98436,32779,0
matmul_train,global,age+dirty,matmul-blocked64-s1,train,matmul,matmul-blocked64,0.1,2,65548,32779,0
matmul_train,global,age+refaults,matmul-blocked64-s1,train,matmul,matmul-blocked64,0.1,2,104995,32779,0
matmul_train,global,age+rdist,matmul-blocked64-s1,train,matmul,matmul-blocked64,0.1,2,98436,32779,0
matmul_train,global,dirty+refaults,matmul-blocked64-s1,train,matmul,matmul-blocked64,0.1,2,122023,32779,0
matmul_train,global,dirty+rdist,matmul-blocked64-s1,train,matmul,matmul-blocked64,0.1,2,65923,32779,0
matmul_train,global,refaults+rdist,matmul-blocked64-s1,train,matmul,matmul-blocked64,0.1,2,103056,32779,0
matmul_train,global,ref+aging+sfreq,matmul-blocked64-s1,train,matmul,matmul-blocked64,0.1,2,98312,32779,0
matmul_train,global,ref+aging+idle,matmul-blocked64-s1,train,matmul,matmul-blocked64,0.1,2,98312,32779,0
matmul_train,global,ref+aging+age,matmul-blocked64-s1,train,matmul,matmul-blocked64,0.1,2,98312,32779,0
matmul_train,global,ref+aging+dirty,matmul-blocked64-s1,train,matmul,matmul-blocked64,0.1,2,98312,32779,0
matmul_train,global,ref+aging+refaults,matmul-blocked64-s1,train,matmul,matmul-blocked64,0.1,2,98207,32779,0
matmul_train,global,ref+aging+rdist,matmul-blocked64-s1,train,matmul,matmul-blocked64,0.1,2,98438,32779,0
matmul_train,global,ref+sfreq+idle,matmul-blocked64-s1,train,matmul,matmul-blocked64,0.1,2,98312,32779,0
matmul_train,global,ref+sfreq+age,matmul-blocked64-s1,train,matmul,matmul-blocked64,0.1,2,98312,32779,0
matmul_train,global,ref+sfreq+dirty,matmul-blocked64-s1,train,matmul,matmul-blocked64,0.1,2,98312,32779,0
matmul_train,global,ref+sfreq+refaults,matmul-blocked64-s1,train,matmul,matmul-blocked64,0.1,2,93934,32779,0
matmul_train,global,ref+sfreq+rdist,matmul-blocked64-s1,train,matmul,matmul-blocked64,0.1,2,98313,32779,0
matmul_train,global,ref+idle+age,matmul-blocked64-s1,train,matmul,matmul-blocked64,0.1,2,98312,32779,0
matmul_train,global,ref+idle+dirty,matmul-blocked64-s1,train,matmul,matmul-blocked64,0.1,2,98312,32779,0
matmul_train,global,ref+idle+refaults,matmul-blocked64-s1,train,matmul,matmul-blocked64,0.1,2,98219,32779,0
matmul_train,global,ref+idle+rdist,matmul-blocked64-s1,train,matmul,matmul-blocked64,0.1,2,98438,32779,0
matmul_train,global,ref+age+dirty,matmul-blocked64-s1,train,matmul,matmul-blocked64,0.1,2,98312,32779,0
matmul_train,global,ref+age+refaults,matmul-blocked64-s1,train,matmul,matmul-blocked64,0.1,2,94452,32779,0
matmul_train,global,ref+age+rdist,matmul-blocked64-s1,train,matmul,matmul-blocked64,0.1,2,98438,32779,0
matmul_train,global,ref+dirty+refaults,matmul-blocked64-s1,train,matmul,matmul-blocked64,0.1,2,98304,32779,0
matmul_train,global,ref+dirty+rdist,matmul-blocked64-s1,train,matmul,matmul-blocked64,0.1,2,98060,32779,0
matmul_train,global,ref+refaults+rdist,matmul-blocked64-s1,train,matmul,matmul-blocked64,0.1,2,98386,32779,0
matmul_train,global,aging+sfreq+idle,matmul-blocked64-s1,train,matmul,matmul-blocked64,0.1,2,98312,32779,0
matmul_train,global,aging+sfreq+age,matmul-blocked64-s1,train,matmul,matmul-blocked64,0.1,2,98312,32779,0
matmul_train,global,aging+sfreq+dirty,matmul-blocked64-s1,train,matmul,matmul-blocked64,0.1,2,98312,32779,0
matmul_train,global,aging+sfreq+refaults,matmul-blocked64-s1,train,matmul,matmul-blocked64,0.1,2,93417,32779,0
matmul_train,global,aging+sfreq+rdist,matmul-blocked64-s1,train,matmul,matmul-blocked64,0.1,2,98313,32779,0
matmul_train,global,aging+idle+age,matmul-blocked64-s1,train,matmul,matmul-blocked64,0.1,2,98312,32779,0
matmul_train,global,aging+idle+dirty,matmul-blocked64-s1,train,matmul,matmul-blocked64,0.1,2,98312,32779,0
matmul_train,global,aging+idle+refaults,matmul-blocked64-s1,train,matmul,matmul-blocked64,0.1,2,98194,32779,0
matmul_train,global,aging+idle+rdist,matmul-blocked64-s1,train,matmul,matmul-blocked64,0.1,2,98438,32779,0
matmul_train,global,aging+age+dirty,matmul-blocked64-s1,train,matmul,matmul-blocked64,0.1,2,98312,32779,0
matmul_train,global,aging+age+refaults,matmul-blocked64-s1,train,matmul,matmul-blocked64,0.1,2,94512,32779,0
matmul_train,global,aging+age+rdist,matmul-blocked64-s1,train,matmul,matmul-blocked64,0.1,2,98313,32779,0
matmul_train,global,aging+dirty+refaults,matmul-blocked64-s1,train,matmul,matmul-blocked64,0.1,2,98303,32779,0
matmul_train,global,aging+dirty+rdist,matmul-blocked64-s1,train,matmul,matmul-blocked64,0.1,2,98060,32779,0
matmul_train,global,aging+refaults+rdist,matmul-blocked64-s1,train,matmul,matmul-blocked64,0.1,2,98302,32779,0
matmul_train,global,sfreq+idle+age,matmul-blocked64-s1,train,matmul,matmul-blocked64,0.1,2,98312,32779,0
matmul_train,global,sfreq+idle+dirty,matmul-blocked64-s1,train,matmul,matmul-blocked64,0.1,2,98312,32779,0
matmul_train,global,sfreq+idle+refaults,matmul-blocked64-s1,train,matmul,matmul-blocked64,0.1,2,97844,32779,0
matmul_train,global,sfreq+idle+rdist,matmul-blocked64-s1,train,matmul,matmul-blocked64,0.1,2,98311,32779,0
matmul_train,global,sfreq+age+dirty,matmul-blocked64-s1,train,matmul,matmul-blocked64,0.1,2,98312,32779,0
matmul_train,global,sfreq+age+refaults,matmul-blocked64-s1,train,matmul,matmul-blocked64,0.1,2,98292,32779,0
matmul_train,global,sfreq+age+rdist,matmul-blocked64-s1,train,matmul,matmul-blocked64,0.1,2,98436,32779,0
matmul_train,global,sfreq+dirty+refaults,matmul-blocked64-s1,train,matmul,matmul-blocked64,0.1,2,83788,32779,0
matmul_train,global,sfreq+dirty+rdist,matmul-blocked64-s1,train,matmul,matmul-blocked64,0.1,2,97929,32779,0
matmul_train,global,sfreq+refaults+rdist,matmul-blocked64-s1,train,matmul,matmul-blocked64,0.1,2,104370,32779,0
matmul_train,global,idle+age+dirty,matmul-blocked64-s1,train,matmul,matmul-blocked64,0.1,2,98312,32779,0
matmul_train,global,idle+age+refaults,matmul-blocked64-s1,train,matmul,matmul-blocked64,0.1,2,96418,32779,0
matmul_train,global,idle+age+rdist,matmul-blocked64-s1,train,matmul,matmul-blocked64,0.1,2,98311,32779,0
matmul_train,global,idle+dirty+refaults,matmul-blocked64-s1,train,matmul,matmul-blocked64,0.1,2,104802,32779,0
matmul_train,global,idle+dirty+rdist,matmul-blocked64-s1,train,matmul,matmul-blocked64,0.1,2,65923,32779,0
matmul_train,global,idle+refaults+rdist,matmul-blocked64-s1,train,matmul,matmul-blocked64,0.1,2,102297,32779,0
matmul_train,global,age+dirty+refaults,matmul-blocked64-s1,train,matmul,matmul-blocked64,0.1,2,107245,32779,0
matmul_train,global,age+dirty+rdist,matmul-blocked64-s1,train,matmul,matmul-blocked64,0.1,2,65923,32779,0
matmul_train,global,age+refaults+rdist,matmul-blocked64-s1,train,matmul,matmul-blocked64,0.1,2,102955,32779,0
matmul_train,global,dirty+refaults+rdist,matmul-blocked64-s1,train,matmul,matmul-blocked64,0.1,2,86751,32779,0
matmul_train,global,ref+aging+sfreq+idle,matmul-blocked64-s1,train,matmul,matmul-blocked64,0.1,2,98312,32779,0
matmul_train,global,ref+aging+sfreq+age,matmul-blocked64-s1,train,matmul,matmul-blocked64,0.1,2,98312,32779,0
matmul_train,global,ref+aging+sfreq+dirty,matmul-blocked64-s1,train,matmul,matmul-blocked64,0.1,2,98312,32779,0
matmul_train,global,ref+aging+sfreq+refaults,matmul-blocked64-s1,train,matmul,matmul-blocked64,0.1,2,92979,32779,0
matmul_train,global,ref+aging+sfreq+rdist,matmul-blocked64-s1,train,matmul,matmul-blocked64,0.1,2,98313,32779,0
matmul_train,global,ref+aging+idle+age,matmul-blocked64-s1,train,matmul,matmul-blocked64,0.1,2,98312,32779,0
matmul_train,global,ref+aging+idle+dirty,matmul-blocked64-s1,train,matmul,matmul-blocked64,0.1,2,98312,32779,0
matmul_train,global,ref+aging+idle+refaults,matmul-blocked64-s1,train,matmul,matmul-blocked64,0.1,2,98170,32779,0
matmul_train,global,ref+aging+idle+rdist,matmul-blocked64-s1,train,matmul,matmul-blocked64,0.1,2,98438,32779,0
matmul_train,global,ref+aging+age+dirty,matmul-blocked64-s1,train,matmul,matmul-blocked64,0.1,2,98312,32779,0
matmul_train,global,ref+aging+age+refaults,matmul-blocked64-s1,train,matmul,matmul-blocked64,0.1,2,93795,32779,0
matmul_train,global,ref+aging+age+rdist,matmul-blocked64-s1,train,matmul,matmul-blocked64,0.1,2,98313,32779,0
matmul_train,global,ref+aging+dirty+refaults,matmul-blocked64-s1,train,matmul,matmul-blocked64,0.1,2,98299,32779,0
matmul_train,global,ref+aging+dirty+rdist,matmul-blocked64-s1,train,matmul,matmul-blocked64,0.1,2,98060,32779,0
matmul_train,global,ref+aging+refaults+rdist,matmul-blocked64-s1,train,matmul,matmul-blocked64,0.1,2,98323,32779,0
matmul_train,global,ref+sfreq+idle+age,matmul-blocked64-s1,train,matmul,matmul-blocked64,0.1,2,98312,32779,0
matmul_train,global,ref+sfreq+idle+dirty,matmul-blocked64-s1,train,matmul,matmul-blocked64,0.1,2,98312,32779,0
matmul_train,global,ref+sfreq+idle+refaults,matmul-blocked64-s1,train,matmul,matmul-blocked64,0.1,2,93449,32779,0
matmul_train,global,ref+sfreq+idle+rdist,matmul-blocked64-s1,train,matmul,matmul-blocked64,0.1,2,98313,32779,0
matmul_train,global,ref+sfreq+age+dirty,matmul-blocked64-s1,train,matmul,matmul-blocked64,0.1,2,98312,32779,0
matmul_train,global,ref+sfreq+age+refaults,matmul-blocked64-s1,train,matmul,matmul-blocked64,0.1,2,94016,32779,0
matmul_train,global,ref+sfreq+age+rdist,matmul-blocked64-s1,train,matmul,matmul-blocked64,0.1,2,98438,32779,0
matmul_train,global,ref+sfreq+dirty+refaults,matmul-blocked64-s1,train,matmul,matmul-blocked64,0.1,2,93472,32779,0
matmul_train,global,ref+sfreq+dirty+rdist,matmul-blocked64-s1,train,matmul,matmul-blocked64,0.1,2,98313,32779,0
matmul_train,global,ref+sfreq+refaults+rdist,matmul-blocked64-s1,train,matmul,matmul-blocked64,0.1,2,94117,32779,0
matmul_train,global,ref+idle+age+dirty,matmul-blocked64-s1,train,matmul,matmul-blocked64,0.1,2,98312,32779,0
matmul_train,global,ref+idle+age+refaults,matmul-blocked64-s1,train,matmul,matmul-blocked64,0.1,2,93508,32779,0
matmul_train,global,ref+idle+age+rdist,matmul-blocked64-s1,train,matmul,matmul-blocked64,0.1,2,98313,32779,0
matmul_train,global,ref+idle+dirty+refaults,matmul-blocked64-s1,train,matmul,matmul-blocked64,0.1,2,98275,32779,0
matmul_train,global,ref+idle+dirty+rdist,matmul-blocked64-s1,train,matmul,matmul-blocked64,0.1,2,98060,32779,0
matmul_train,global,ref+idle+refaults+rdist,matmul-blocked64-s1,train,matmul,matmul-blocked64,0.1,2,98361,32779,0
matmul_train,global,ref+age+dirty+refaults,matmul-blocked64-s1,train,matmul,matmul-blocked64,0.1,2,95580,32779,0
matmul_train,global,ref+age+dirty+rdist,matmul-blocked64-s1,train,matmul,matmul-blocked64,0.1,2,98060,32779,0
matmul_train,global,ref+age+refaults+rdist,matmul-blocked64-s1,train,matmul,matmul-blocked64,0.1,2,94411,32779,0
matmul_train,global,ref+dirty+refaults+rdist,matmul-blocked64-s1,train,matmul,matmul-blocked64,0.1,2,96584,32779,0
matmul_train,global,aging+sfreq+idle+age,matmul-blocked64-s1,train,matmul,matmul-blocked64,0.1,2,98312,32779,0
matmul_train,global,aging+sfreq+idle+dirty,matmul-blocked64-s1,train,matmul,matmul-blocked64,0.1,2,98312,32779,0
matmul_train,global,aging+sfreq+idle+refaults,matmul-blocked64-s1,train,matmul,matmul-blocked64,0.1,2,93392,32779,0
matmul_train,global,aging+sfreq+idle+rdist,matmul-blocked64-s1,train,matmul,matmul-blocked64,0.1,2,98313,32779,0
matmul_train,global,aging+sfreq+age+dirty,matmul-blocked64-s1,train,matmul,matmul-blocked64,0.1,2,98312,32779,0
matmul_train,global,aging+sfreq+age+refaults,matmul-blocked64-s1,train,matmul,matmul-blocked64,0.1,2,93740,32779,0
matmul_train,global,aging+sfreq+age+rdist,matmul-blocked64-s1,train,matmul,matmul-blocked64,0.1,2,98313,32779,0
matmul_train,global,aging+sfreq+dirty+refaults,matmul-blocked64-s1,train,matmul,matmul-blocked64,0.1,2,92962,32779,0
matmul_train,global,aging+sfreq+dirty+rdist,matmul-blocked64-s1,train,matmul,matmul-blocked64,0.1,2,98313,32779,0
matmul_train,global,aging+sfreq+refaults+rdist,matmul-blocked64-s1,train,matmul,matmul-blocked64,0.1,2,93372,32779,0
matmul_train,global,aging+idle+age+dirty,matmul-blocked64-s1,train,matmul,matmul-blocked64,0.1,2,98312,32779,0
matmul_train,global,aging+idle+age+refaults,matmul-blocked64-s1,train,matmul,matmul-blocked64,0.1,2,93982,32779,0
matmul_train,global,aging+idle+age+rdist,matmul-blocked64-s1,train,matmul,matmul-blocked64,0.1,2,98313,32779,0
matmul_train,global,aging+idle+dirty+refaults,matmul-blocked64-s1,train,matmul,matmul-blocked64,0.1,2,98283,32779,0
matmul_train,global,aging+idle+dirty+rdist,matmul-blocked64-s1,train,matmul,matmul-blocked64,0.1,2,98060,32779,0
matmul_train,global,aging+idle+refaults+rdist,matmul-blocked64-s1,train,matmul,matmul-blocked64,0.1,2,98313,32779,0
matmul_train,global,aging+age+dirty+refaults,matmul-blocked64-s1,train,matmul,matmul-blocked64,0.1,2,94541,32779,0
matmul_train,global,aging+age+dirty+rdist,matmul-blocked64-s1,train,matmul,matmul-blocked64,0.1,2,98313,32779,0
matmul_train,global,aging+age+refaults+rdist,matmul-blocked64-s1,train,matmul,matmul-blocked64,0.1,2,94284,32779,0
matmul_train,global,aging+dirty+refaults+rdist,matmul-blocked64-s1,train,matmul,matmul-blocked64,0.1,2,98308,32779,0
matmul_train,global,sfreq+idle+age+dirty,matmul-blocked64-s1,train,matmul,matmul-blocked64,0.1,2,98312,32779,0
matmul_train,global,sfreq+idle+age+refaults,matmul-blocked64-s1,train,matmul,matmul-blocked64,0.1,2,96987,32779,0
matmul_train,global,sfreq+idle+age+rdist,matmul-blocked64-s1,train,matmul,matmul-blocked64,0.1,2,98311,32779,0
matmul_train,global,sfreq+idle+dirty+refaults,matmul-blocked64-s1,train,matmul,matmul-blocked64,0.1,2,88335,32779,0
matmul_train,global,sfreq+idle+dirty+rdist,matmul-blocked64-s1,train,matmul,matmul-blocked64,0.1,2,97929,32779,0
matmul_train,global,sfreq+idle+refaults+rdist,matmul-blocked64-s1,train,matmul,matmul-blocked64,0.1,2,97188,32779,0
matmul_train,global,sfreq+age+dirty+refaults,matmul-blocked64-s1,train,matmul,matmul-blocked64,0.1,2,89741,32779,0
matmul_train,global,sfreq+age+dirty+rdist,matmul-blocked64-s1,train,matmul,matmul-blocked64,0.1,2,65923,32779,0
matmul_train,global,sfreq+age+refaults+rdist,matmul-blocked64-s1,train,matmul,matmul-blocked64,0.1,2,97697,32779,0
matmul_train,global,sfreq+dirty+refaults+rdist,matmul-blocked64-s1,train,matmul,matmul-blocked64,0.1,2,82837,32779,0
matmul_train,global,idle+age+dirty+refaults,matmul-blocked64-s1,train,matmul,matmul-blocked64,0.1,2,87374,32779,0
matmul_train,global,idle+age+dirty+rdist,matmul-blocked64-s1,train,matmul,matmul-blocked64,0.1,2,97929,32779,0
matmul_train,global,idle+age+refaults+rdist,matmul-blocked64-s1,train,matmul,matmul-blocked64,0.1,2,96670,32779,0
matmul_train,global,idle+dirty+refaults+rdist,matmul-blocked64-s1,train,matmul,matmul-blocked64,0.1,2,90842,32779,0
matmul_train,global,age+dirty+refaults+rdist,matmul-blocked64-s1,train,matmul,matmul-blocked64,0.1,2,90820,32779,0
matmul_train,global,ref+aging+sfreq+idle+age,matmul-blocked64-s1,train,matmul,matmul-blocked64,0.1,2,98312,32779,0
matmul_train,global,ref+aging+sfreq+idle+dirty,matmul-blocked64-s1,train,matmul,matmul-blocked64,0.1,2,98312,32779,0
matmul_train,global,ref+aging+sfreq+idle+refaults,matmul-blocked64-s1,train,matmul,matmul-blocked64,0.1,2,92851,32779,0
matmul_train,global,ref+aging+sfreq+idle+rdist,matmul-blocked64-s1,train,matmul,matmul-blocked64,0.1,2,98313,32779,0
matmul_train,global,ref+aging+sfreq+age+dirty,matmul-blocked64-s1,train,matmul,matmul-blocked64,0.1,2,98312,32779,0
matmul_train,global,ref+aging+sfreq+age+refaults,matmul-blocked64-s1,train,matmul,matmul-blocked64,0.1,2,94255,32779,0
matmul_train,global,ref+aging+sfreq+age+rdist,matmul-blocked64-s1,train,matmul,matmul-blocked64,0.1,2,98313,32779,0
matmul_train,global,ref+aging+sfreq+dirty+refaults,matmul-blocked64-s1,train,matmul,matmul-blocked64,0.1,2,90982,32779,0
matmul_train,global,ref+aging+sfreq+dirty+rdist,matmul-blocked64-s1,train,matmul,matmul-blocked64,0.1,2,98311,32779,0
matmul_train,global,ref+aging+sfreq+refaults+rdist,matmul-blocked64-s1,train,matmul,matmul-blocked64,0.1,2,92733,32779,0
matmul_train,global,ref+aging+idle+age+dirty,matmul-blocked64-s1,train,matmul,matmul-blocked64,0.1,2,98312,32779,0
matmul_train,global,ref+aging+idle+age+refaults,matmul-blocked64-s1,train,matmul,matmul-blocked64,0.1,2,95677,32779,0
matmul_train,global,ref+aging+idle+age+rdist,matmul-blocked64-s1,train,matmul,matmul-blocked64,0.1,2,98313,32779,0
matmul_train,global,ref+aging+idle+dirty+refaults,matmul-blocked64-s1,train,matmul,matmul-blocked64,0.1,2,98279,32779,0
matmul_train,global,ref+aging+idle+dirty+rdist,matmul-blocked64-s1,train,matmul,matmul-blocked64,0.1,2,98060,32779,0
matmul_train,global,ref+aging+idle+refaults+rdist,matmul-blocked64-s1,train,matmul,matmul-blocked64,0.1,2,98328,32779,0
matmul_train,global,ref+aging+age+dirty+refaults,matmul-blocked64-s1,train,matmul,matmul-blocked64,0.1,2,92825,32779,0
matmul_train,global,ref+aging+age+dirty+rdist,matmul-blocked64-s1,train,matmul,matmul-blocked64,0.1,2,98311,32779,0
matmul_train,global,ref+aging+age+refaults+rdist,matmul-blocked64-s1,train,matmul,matmul-blocked64,0.1,2,93046,32779,0
matmul_train,global,ref+aging+dirty+refaults+rdist,matmul-blocked64-s1,train,matmul,matmul-blocked64,0.1,2,98327,32779,0
matmul_train,global,ref+sfreq+idle+age+dirty,matmul-blocked64-s1,train,matmul,matmul-blocked64,0.1,2,98312,32779,0
matmul_train,global,ref+sfreq+idle+age+refaults,matmul-blocked64-s1,train,matmul,matmul-blocked64,0.1,2,93337,32779,0
matmul_train,global,ref+sfreq+idle+age+rdist,matmul-blocked64-s1,train,matmul,matmul-blocked64,0.1,2,98313,32779,0
matmul_train,global,ref+sfreq+idle+dirty+refaults,matmul-blocked64-s1,train,matmul,matmul-blocked64,0.1,2,92538,32779,0
matmul_train,global,ref+sfreq+idle+dirty+rdist,matmul-blocked64-s1,train,matmul,matmul-blocked64,0.1,2,98313,32779,0
matmul_train,global,ref+sfreq+idle+refaults+rdist,matmul-blocked64-s1,train,matmul,matmul-blocked64,0.1,2,93931,32779,0
matmul_train,global,ref+sfreq+age+dirty+refaults,matmul-blocked64-s1,train,matmul,matmul-blocked64,0.1,2,93106,32779,0
matmul_train,global,ref+sfreq+age+dirty+rdist,matmul-blocked64-s1,train,matmul,matmul-blocked64,0.1,2,98060,32779,0
matmul_train,global,ref+sfreq+age+refaults+rdist,matmul-blocked64-s1,train,matmul,matmul-blocked64,0.1,2,94124,32779,0
matmul_train,global,ref+sfreq+dirty+refaults+rdist,matmul-blocked64-s1,train,matmul,matmul-blocked64,0.1,2,92799,32779,0
matmul_train,global,ref+idle+age+dirty+refaults,matmul-blocked64-s1,train,matmul,matmul-blocked64,0.1,2,92751,32779,0
matmul_train,global,ref+idle+age+dirty+rdist,matmul-blocked64-s1,train,matmul,matmul-blocked64,0.1,2,98313,32779,0
matmul_train,global,ref+idle+age+refaults+rdist,matmul-blocked64-s1,train,matmul,matmul-blocked64,0.1,2,93794,32779,0
matmul_train,global,ref+idle+dirty+refaults+rdist,matmul-blocked64-s1,train,matmul,matmul-blocked64,0.1,2,96092,32779,0
matmul_train,global,ref+age+dirty+refaults+rdist,matmul-blocked64-s1,train,matmul,matmul-blocked64,0.1,2,93959,32779,0
matmul_train,global,aging+sfreq+idle+age+dirty,matmul-blocked64-s1,train,matmul,matmul-blocked64,0.1,2,98312,32779,0
matmul_train,global,aging+sfreq+idle+age+refaults,matmul-blocked64-s1,train,matmul,matmul-blocked64,0.1,2,93764,32779,0
matmul_train,global,aging+sfreq+idle+age+rdist,matmul-blocked64-s1,train,matmul,matmul-blocked64,0.1,2,98313,32779,0
matmul_train,global,aging+sfreq+idle+dirty+refaults,matmul-blocked64-s1,train,matmul,matmul-blocked64,0.1,2,92909,32779,0
matmul_train,global,aging+sfreq+idle+dirty+rdist,matmul-blocked64-s1,train,matmul,matmul-blocked64,0.1,2,98313,32779,0
matmul_train,global,aging+sfreq+idle+refaults+rdist,matmul-blocked64-s1,train,matmul,matmul-blocked64,0.1,2,93586,32779,0
matmul_train,global,aging+sfreq+age+dirty+refaults,matmul-blocked64-s1,train,matmul,matmul-blocked64,0.1,2,93420,32779,0
matmul_train,global,aging+sfreq+age+dirty+rdist,matmul-blocked64-s1,train,matmul,matmul-blocked64,0.1,2,98313,32779,0
matmul_train,global,aging+sfreq+age+refaults+rdist,matmul-blocked64-s1,train,matmul,matmul-blocked64,0.1,2,93984,32779,0
matmul_train,global,aging+sfreq+dirty+refaults+rdist,matmul-blocked64-s1,train,matmul,matmul-blocked64,0.1,2,91694,32779,0
matmul_train,global,aging+idle+age+dirty+refaults,matmul-blocked64-s1,train,matmul,matmul-blocked64,0.1,2,93622,32779,0
matmul_train,global,aging+idle+age+dirty+rdist,matmul-blocked64-s1,train,matmul,matmul-blocked64,0.1,2,98313,32779,0
matmul_train,global,aging+idle+age+refaults+rdist,matmul-blocked64-s1,train,matmul,matmul-blocked64,0.1,2,94007,32779,0
matmul_train,global,aging+idle+dirty+refaults+rdist,matmul-blocked64-s1,train,matmul,matmul-blocked64,0.1,2,98320,32779,0
matmul_train,global,aging+age+dirty+refaults+rdist,matmul-blocked64-s1,train,matmul,matmul-blocked64,0.1,2,93721,32779,0
matmul_train,global,sfreq+idle+age+dirty+refaults,matmul-blocked64-s1,train,matmul,matmul-blocked64,0.1,2,87406,32779,0
matmul_train,global,sfreq+idle+age+dirty+rdist,matmul-blocked64-s1,train,matmul,matmul-blocked64,0.1,2,97929,32779,0
matmul_train,global,sfreq+idle+age+refaults+rdist,matmul-blocked64-s1,train,matmul,matmul-blocked64,0.1,2,96554,32779,0
matmul_train,global,sfreq+idle+dirty+refaults+rdist,matmul-blocked64-s1,train,matmul,matmul-blocked64,0.1,2,80645,32779,0
matmul_train,global,sfreq+age+dirty+refaults+rdist,matmul-blocked64-s1,train,matmul,matmul-blocked64,0.1,2,79940,32779,0
matmul_train,global,idle+age+dirty+refaults+rdist,matmul-blocked64-s1,train,matmul,matmul-blocked64,0.1,2,82198,32779,0
matmul_train,global,ref+aging+sfreq+idle+age+dirty,matmul-blocked64-s1,train,matmul,matmul-blocked64,0.1,2,98312,32779,0
matmul_train,global,ref+aging+sfreq+idle+age+refaults,matmul-blocked64-s1,train,matmul,matmul-blocked64,0.1,2,95704,32779,0
matmul_train,global,ref+aging+sfreq+idle+age+rdist,matmul-blocked64-s1,train,matmul,matmul-blocked64,0.1,2,98313,32779,0
matmul_train,global,ref+aging+sfreq+idle+dirty+refaults,matmul-blocked64-s1,train,matmul,matmul-blocked64,0.1,2,91111,32779,0
matmul_train,global,ref+aging+sfreq+idle+dirty+rdist,matmul-blocked64-s1,train,matmul,matmul-blocked64,0.1,2,98311,32779,0
matmul_train,global,ref+aging+sfreq+idle+refaults+rdist,matmul-blocked64-s1,train,matmul,matmul-blocked64,0.1,2,92888,32779,0
matmul_train,global,ref+aging+sfreq+age+dirty+refaults,matmul-blocked64-s1,train,matmul,matmul-blocked64,0.1,2,91518,32779,0
matmul_train,global,ref+aging+sfreq+age+dirty+rdist,matmul-blocked64-s1,train,matmul,matmul-blocked64,0.1,2,98311,32779,0
matmul_train,global,ref+aging+sfreq+age+refaults+rdist,matmul-blocked64-s1,train,matmul,matmul-blocked64,0.1,2,93076,32779,0
matmul_train,global,ref+aging+sfreq+dirty+refaults+rdist,matmul-blocked64-s1,train,matmul,matmul-blocked64,0.1,2,90306,32779,0
matmul_train,global,ref+aging+idle+age+dirty+refaults,matmul-blocked64-s1,train,matmul,matmul-blocked64,0.1,2,91369,32779,0
matmul_train,global,ref+aging+idle+age+dirty+rdist,matmul-blocked64-s1,train,matmul,matmul-blocked64,0.1,2,98311,32779,0
matmul_train,global,ref+aging+idle+age+refaults+rdist,matmul-blocked64-s1,train,matmul,matmul-blocked64,0.1,2,94035,32779,0
matmul_train,global,ref+aging+idle+dirty+refaults+rdist,matmul-blocked64-s1,train,matmul,matmul-blocked64,0.1,2,98333,32779,0
matmul_train,global,ref+aging+age+dirty+refaults+rdist,matmul-blocked64-s1,train,matmul,matmul-blocked64,0.1,2,90272,32779,0
matmul_train,global,ref+sfreq+idle+age+dirty+refaults,matmul-blocked64-s1,train,matmul,matmul-blocked64,0.1,2,92453,32779,0
matmul_train,global,ref+sfreq+idle+age+dirty+rdist,matmul-blocked64-s1,train,matmul,matmul-blocked64,0.1,2,98313,32779,0
matmul_train,global,ref+sfreq+idle+age+refaults+rdist,matmul-blocked64-s1,train,matmul,matmul-blocked64,0.1,2,93689,32779,0
matmul_train,global,ref+sfreq+idle+dirty+refaults+rdist,matmul-blocked64-s1,train,matmul,matmul-blocked64,0.1,2,92360,32779,0
matmul_train,global,ref+sfreq+age+dirty+refaults+rdist,matmul-blocked64-s1,train,matmul,matmul-blocked64,0.1,2,92788,32779,0
matmul_train,global,ref+idle+age+dirty+refaults+rdist,matmul-blocked64-s1,train,matmul,matmul-blocked64,0.1,2,92488,32779,0
matmul_train,global,aging+sfreq+idle+age+dirty+refaults,matmul-blocked64-s1,train,matmul,matmul-blocked64,0.1,2,93303,32779,0
matmul_train,global,aging+sfreq+idle+age+dirty+rdist,matmul-blocked64-s1,train,matmul,matmul-blocked64,0.1,2,98313,32779,0
matmul_train,global,aging+sfreq+idle+age+refaults+rdist,matmul-blocked64-s1,train,matmul,matmul-blocked64,0.1,2,94018,32779,0
matmul_train,global,aging+sfreq+idle+dirty+refaults+rdist,matmul-blocked64-s1,train,matmul,matmul-blocked64,0.1,2,92303,32779,0
matmul_train,global,aging+sfreq+age+dirty+refaults+rdist,matmul-blocked64-s1,train,matmul,matmul-blocked64,0.1,2,93137,32779,0
matmul_train,global,aging+idle+age+dirty+refaults+rdist,matmul-blocked64-s1,train,matmul,matmul-blocked64,0.1,2,93021,32779,0
matmul_train,global,sfreq+idle+age+dirty+refaults+rdist,matmul-blocked64-s1,train,matmul,matmul-blocked64,0.1,2,81224,32779,0
matmul_train,global,ref+aging+sfreq+idle+age+dirty+refaults,matmul-blocked64-s1,train,matmul,matmul-blocked64,0.1,2,91476,32779,0
matmul_train,global,ref+aging+sfreq+idle+age+dirty+rdist,matmul-blocked64-s1,train,matmul,matmul-blocked64,0.1,2,97929,32779,0
matmul_train,global,ref+aging+sfreq+idle+age+refaults+rdist,matmul-blocked64-s1,train,matmul,matmul-blocked64,0.1,2,94465,32779,0
matmul_train,global,ref+aging+sfreq+idle+dirty+refaults+rdist,matmul-blocked64-s1,train,matmul,matmul-blocked64,0.1,2,90779,32779,0
matmul_train,global,ref+aging+sfreq+age+dirty+refaults+rdist,matmul-blocked64-s1,train,matmul,matmul-blocked64,0.1,2,90083,32779,0
matmul_train,global,ref+aging+idle+age+dirty+refaults+rdist,matmul-blocked64-s1,train,matmul,matmul-blocked64,0.1,2,88803,32779,0
matmul_train,global,ref+sfreq+idle+age+dirty+refaults+rdist,matmul-blocked64-s1,train,matmul,matmul-blocked64,0.1,2,92362,32779,0
matmul_train,global,aging+sfreq+idle+age+dirty+refaults+rdist,matmul-blocked64-s1,train,matmul,matmul-blocked64,0.1,2,93055,32779,0
matmul_train,global,ref+aging+sfreq+idle+age+dirty+refaults+rdist,matmul-blocked64-s1,train,matmul,matmul-blocked64,0.1,2,88245,32779,0
matmul_train,global,rec+ref+aging+sfreq+idle+age+dirty,matmul-blocked64-s1,train,matmul,matmul-blocked64,0.1,2,98314,32779,0
matmul_train,global,rec+ref+aging+sfreq+idle+age+dirty+refaults+rdist,matmul-blocked64-s1,train,matmul,matmul-blocked64,0.1,2,86822,32779,0
matmul_train,global,freq+ref+aging+sfreq+idle+age+dirty,matmul-blocked64-s1,train,matmul,matmul-blocked64,0.1,2,73534,32779,0
matmul_train,global,freq+ref+aging+sfreq+idle+age+dirty+refaults+rdist,matmul-blocked64-s1,train,matmul,matmul-blocked64,0.1,2,95988,32779,0
matmul_train,global,sd+ref+aging+sfreq+idle+age+dirty,matmul-blocked64-s1,train,matmul,matmul-blocked64,0.1,2,98312,32779,0
matmul_train,global,sd+ref+aging+sfreq+idle+age+dirty+refaults+rdist,matmul-blocked64-s1,train,matmul,matmul-blocked64,0.1,2,91616,32779,0
matmul_train,global,wr+ref+aging+sfreq+idle+age+dirty,matmul-blocked64-s1,train,matmul,matmul-blocked64,0.1,2,98312,32779,0
matmul_train,global,wr+ref+aging+sfreq+idle+age+dirty+refaults+rdist,matmul-blocked64-s1,train,matmul,matmul-blocked64,0.1,2,87851,32779,0
matmul_train,global,rec+freq+ref+aging+sfreq+idle+age+dirty,matmul-blocked64-s1,train,matmul,matmul-blocked64,0.1,2,130554,32779,0
matmul_train,global,rec+freq+ref+aging+sfreq+idle+age+dirty+refaults+rdist,matmul-blocked64-s1,train,matmul,matmul-blocked64,0.1,2,80686,32779,0
matmul_train,global,rec+sd+ref+aging+sfreq+idle+age+dirty,matmul-blocked64-s1,train,matmul,matmul-blocked64,0.1,2,98314,32779,0
matmul_train,global,rec+sd+ref+aging+sfreq+idle+age+dirty+refaults+rdist,matmul-blocked64-s1,train,matmul,matmul-blocked64,0.1,2,86889,32779,0
matmul_train,global,rec+wr+ref+aging+sfreq+idle+age+dirty,matmul-blocked64-s1,train,matmul,matmul-blocked64,0.1,2,98314,32779,0
matmul_train,global,rec+wr+ref+aging+sfreq+idle+age+dirty+refaults+rdist,matmul-blocked64-s1,train,matmul,matmul-blocked64,0.1,2,86596,32779,0
matmul_train,global,freq+sd+ref+aging+sfreq+idle+age+dirty,matmul-blocked64-s1,train,matmul,matmul-blocked64,0.1,2,75470,32779,0
matmul_train,global,freq+sd+ref+aging+sfreq+idle+age+dirty+refaults+rdist,matmul-blocked64-s1,train,matmul,matmul-blocked64,0.1,2,96774,32779,0
matmul_train,global,freq+wr+ref+aging+sfreq+idle+age+dirty,matmul-blocked64-s1,train,matmul,matmul-blocked64,0.1,2,73534,32779,0
matmul_train,global,freq+wr+ref+aging+sfreq+idle+age+dirty+refaults+rdist,matmul-blocked64-s1,train,matmul,matmul-blocked64,0.1,2,95550,32779,0
matmul_train,global,sd+wr+ref+aging+sfreq+idle+age+dirty,matmul-blocked64-s1,train,matmul,matmul-blocked64,0.1,2,98312,32779,0
matmul_train,global,sd+wr+ref+aging+sfreq+idle+age+dirty+refaults+rdist,matmul-blocked64-s1,train,matmul,matmul-blocked64,0.1,2,91806,32779,0
matmul_train,global,rec+freq+sd+ref+aging+sfreq+idle+age+dirty,matmul-blocked64-s1,train,matmul,matmul-blocked64,0.1,2,130671,32779,0
matmul_train,global,rec+freq+sd+ref+aging+sfreq+idle+age+dirty+refaults+rdist,matmul-blocked64-s1,train,matmul,matmul-blocked64,0.1,2,80203,32779,0
matmul_train,global,rec+freq+wr+ref+aging+sfreq+idle+age+dirty,matmul-blocked64-s1,train,matmul,matmul-blocked64,0.1,2,130340,32779,0
matmul_train,global,rec+freq+wr+ref+aging+sfreq+idle+age+dirty+refaults+rdist,matmul-blocked64-s1,train,matmul,matmul-blocked64,0.1,2,80902,32779,0
matmul_train,global,rec+sd+wr+ref+aging+sfreq+idle+age+dirty,matmul-blocked64-s1,train,matmul,matmul-blocked64,0.1,2,98314,32779,0
matmul_train,global,rec+sd+wr+ref+aging+sfreq+idle+age+dirty+refaults+rdist,matmul-blocked64-s1,train,matmul,matmul-blocked64,0.1,2,87143,32779,0
matmul_train,global,freq+sd+wr+ref+aging+sfreq+idle+age+dirty,matmul-blocked64-s1,train,matmul,matmul-blocked64,0.1,2,77659,32779,0
matmul_train,global,freq+sd+wr+ref+aging+sfreq+idle+age+dirty+refaults+rdist,matmul-blocked64-s1,train,matmul,matmul-blocked64,0.1,2,96650,32779,0
matmul_train,global,rec+freq+sd+wr+ref+aging+sfreq+idle+age+dirty,matmul-blocked64-s1,train,matmul,matmul-blocked64,0.1,2,130701,32779,0
matmul_train,global,rec+freq+sd+wr+ref+aging+sfreq+idle+age+dirty+refaults+rdist,matmul-blocked64-s1,train,matmul,matmul-blocked64,0.1,2,80658,32779,0
matmul_train,matmul,rec,matmul-naive64-s1,train,matmul,matmul-naive64,0.1,2,28672,4103,0
matmul_train,matmul,freq,matmul-naive64-s1,train,matmul,matmul-naive64,0.1,2,40956,4103,0
matmul_train,matmul,sd,matmul-naive64-s1,train,matmul,matmul-naive64,0.1,2,28672,4103,0
matmul_train,matmul,wr,matmul-naive64-s1,train,matmul,matmul-naive64,0.1,2,28676,4103,0
matmul_train,matmul,rec+freq,matmul-naive64-s1,train,matmul,matmul-naive64,0.1,2,29206,4103,0
matmul_train,matmul,rec+sd,matmul-naive64-s1,train,matmul,matmul-naive64,0.1,2,28672,4103,0
matmul_train,matmul,rec+wr,matmul-naive64-s1,train,matmul,matmul-naive64,0.1,2,28672,4103,0
matmul_train,matmul,freq+sd,matmul-naive64-s1,train,matmul,matmul-naive64,0.1,2,28697,4103,0
matmul_train,matmul,freq+wr,matmul-naive64-s1,train,matmul,matmul-naive64,0.1,2,40960,4103,0
matmul_train,matmul,sd+wr,matmul-naive64-s1,train,matmul,matmul-naive64,0.1,2,28672,4103,0
matmul_train,matmul,rec+freq+sd,matmul-naive64-s1,train,matmul,matmul-naive64,0.1,2,28718,4103,0
matmul_train,matmul,rec+freq+wr,matmul-naive64-s1,train,matmul,matmul-naive64,0.1,2,28672,4103,0
matmul_train,matmul,rec+sd+wr,matmul-naive64-s1,train,matmul,matmul-naive64,0.1,2,28672,4103,0
matmul_train,matmul,freq+sd+wr,matmul-naive64-s1,train,matmul,matmul-naive64,0.1,2,28672,4103,0
matmul_train,matmul,rec+freq+sd+wr,matmul-naive64-s1,train,matmul,matmul-naive64,0.1,2,28672,4103,0
matmul_train,matmul,ref,matmul-naive64-s1,train,matmul,matmul-naive64,0.1,2,30720,4103,0
matmul_train,matmul,aging,matmul-naive64-s1,train,matmul,matmul-naive64,0.1,2,30720,4103,0
matmul_train,matmul,sfreq,matmul-naive64-s1,train,matmul,matmul-naive64,0.1,2,32769,4103,0
matmul_train,matmul,idle,matmul-naive64-s1,train,matmul,matmul-naive64,0.1,2,30720,4103,0
matmul_train,matmul,age,matmul-naive64-s1,train,matmul,matmul-naive64,0.1,2,32771,4103,0
matmul_train,matmul,dirty,matmul-naive64-s1,train,matmul,matmul-naive64,0.1,2,28676,4103,0
matmul_train,matmul,refaults,matmul-naive64-s1,train,matmul,matmul-naive64,0.1,2,34812,4103,0
matmul_train,matmul,rdist,matmul-naive64-s1,train,matmul,matmul-naive64,0.1,2,27332,4103,0
matmul_train,matmul,ref+aging,matmul-naive64-s1,train,matmul,matmul-naive64,0.1,2,30720,4103,0
matmul_train,matmul,ref+sfreq,matmul-naive64-s1,train,matmul,matmul-naive64,0.1,2,32769,4103,0
matmul_train,matmul,ref+idle,matmul-naive64-s1,train,matmul,matmul-naive64,0.1,2,30720,4103,0
matmul_train,matmul,ref+age,matmul-naive64-s1,train,matmul,matmul-naive64,0.1,2,32769,4103,0
matmul_train,matmul,ref+dirty,matmul-naive64-s1,train,matmul,matmul-naive64,0.1,2,28676,4103,0
matmul_train,matmul,ref+refaults,matmul-naive64-s1,train,matmul,matmul-naive64,0.1,2,30720,4103,0
matmul_train,matmul,ref+rdist,matmul-naive64-s1,train,matmul,matmul-naive64,0.1,2,27332,4103,0
matmul_train,matmul,aging+sfreq,matmul-naive64-s1,train,matmul,matmul-naive64,0.1,2,32769,4103,0
matmul_train,matmul,aging+idle,matmul-naive64-s1,train,matmul,matmul-naive64,0.1,2,30720,4103,0
matmul_train,matmul,aging+age,matmul-naive64-s1,train,matmul,matmul-naive64,0.1,2,32769,4103,0
matmul_train,matmul,aging+dirty,matmul-naive64-s1,train,matmul,matmul-naive64,0.1,2,28676,4103,0
matmul_train,matmul,aging+refaults,matmul-naive64-s1,train,matmul,matmul-naive64,0.1,2,30720,4103,0
matmul_train,matmul,aging+rdist,matmul-naive64-s1,train,matmul,matmul-naive64,0.1,2,27332,4103,0
matmul_train,matmul,sfreq+idle,matmul-naive64-s1,train,matmul,matmul-naive64,0.1,2,32769,4103,0
matmul_train,matmul,sfreq+age,matmul-naive64-s1,train,matmul,matmul-naive64,0.1,2,32769,4103,0
matmul_train,matmul,sfreq+dirty,matmul-naive64-s1,train,matmul,matmul-naive64,0.1,2,32769,4103,0
matmul_train,matmul,sfreq+refaults,matmul-naive64-s1,train,matmul,matmul-naive64,0.1,2,33050,4103,0
matmul_train,matmul,sfreq+rdist,matmul-naive64-s1,train,matmul,matmul-naive64,0.1,2,27314,4103,0
matmul_train,matmul,idle+age,matmul-naive64-s1,train,matmul,matmul-naive64,0.1,2,32769,4103,0
matmul_train,matmul,idle+dirty,matmul-naive64-s1,train,matmul,matmul-naive64,0.1,2,28676,4103,0
matmul_train,matmul,idle+refaults,matmul-naive64-s1,train,matmul,matmul-naive64,0.1,2,30720,4103,0
matmul_train,matmul,idle+rdist,matmul-naive64-s1,train,matmul,matmul-naive64,0.1,2,27332,4103,0
matmul_train,matmul,age+dirty,matmul-naive64-s1,train,matmul,matmul-naive64,0.1,2,32771,4103,0
matmul_train,matmul,age+refaults,matmul-naive64-s1,train,matmul,matmul-naive64,0.1,2,38932,4103,0
matmul_train,matmul,age+rdist,matmul-naive64-s1,train,matmul,matmul-naive64,0.1,2,32777,4103,0
matmul_train,matmul,dirty+refaults,matmul-naive64-s1,train,matmul,matmul-naive64,0.1,2,29697,4103,0
matmul_train,matmul,dirty+rdist,matmul-naive64-s1,train,matmul,matmul-naive64,0.1,2,27332,4103,0
matmul_train,matmul,refaults+rdist,matmul-naive64-s1,train,matmul,matmul-naive64,0.1,2,32763,4103,0
matmul_train,matmul,ref+aging+sfreq,matmul-naive64-s1,train,matmul,matmul-naive64,0.1,2,32769,4103,0
matmul_train,matmul,ref+aging+idle,matmul-naive64-s1,train,matmul,matmul-naive64,0.1,2,30720,4103,0
matmul_train,matmul,ref+aging+age,matmul-naive64-s1,train,matmul,matmul-naive64,0.1,2,32769,4103,0
matmul_train,matmul,ref+aging+dirty,matmul-naive64-s1,train,matmul,matmul-naive64,0.1,2,28676,4103,0
matmul_train,matmul,ref+aging+refaults,matmul-naive64-s1,train,matmul,matmul-naive64,0.1,2,30721,4103,0
matmul_train,matmul,ref+aging+rdist,matmul-naive64-s1,train,matmul,matmul-naive64,0.1,2,27332,4103,0
matmul_train,matmul,ref+sfreq+idle,matmul-naive64-s1,train,matmul,matmul-naive64,0.1,2,32769,4103,0
matmul_train,matmul,ref+sfreq+age,matmul-naive64-s1,train,matmul,matmul-naive64,0.1,2,32769,4103,0
matmul_train,matmul,ref+sfreq+dirty,matmul-naive64-s1,train,matmul,matmul-naive64,0.1,2,32769,4103,0
matmul_train,matmul,ref+sfreq+refaults,matmul-naive64-s1,train,matmul,matmul-naive64,0.1,2,33216,4103,0
matmul_train,matmul,ref+sfreq+rdist,matmul-naive64-s1,train,matmul,matmul-naive64,0.1,2,27314,4103,0
matmul_train,matmul,ref+idle+age,matmul-naive64-s1,train,matmul,matmul-naive64,0.1,2,32769,4103,0
matmul_train,matmul,ref+idle+dirty,matmul-naive64-s1,train,matmul,matmul-naive64,0.1,2,28676,4103,0
matmul_train,matmul,ref+idle+refaults,matmul-naive64-s1,train,matmul,matmul-naive64,0.1,2,30720,4103,0
matmul_train,matmul,ref+idle+rdist,matmul-naive64-s1,train,matmul,matmul-naive64,0.1,2,27332,4103,0
matmul_train,matmul,ref+age+dirty,matmul-naive64-s1,train,matmul,matmul-naive64,0.1,2,32769,4103,0
matmul_train,matmul,ref+age+refaults,matmul-naive64-s1,train,matmul,matmul-naive64,0.1,2,33023,4103,0
matmul_train,matmul,ref+age+rdist,matmul-naive64-s1,train,matmul,matmul-naive64,0.1,2,27314,4103,0
matmul_train,matmul,ref+dirty+refaults,matmul-naive64-s1,train,matmul,matmul-naive64,0.1,2,29697,4103,0
matmul_train,matmul,ref+dirty+rdist,matmul-naive64-s1,train,matmul,matmul-naive64,0.1,2,27331,4103,0
matmul_train,matmul,ref+refaults+rdist,matmul-naive64-s1,train,matmul,matmul-naive64,0.1,2,27314,4103,0
matmul_train,matmul,aging+sfreq+idle,matmul-naive64-s1,train,matmul,matmul-naive64,0.1,2,32769,4103,0
matmul_train,matmul,aging+sfreq+age,matmul-naive64-s1,train,matmul,matmul-naive64,0.1,2,32769,4103,0
matmul_train,matmul,aging+sfreq+dirty,matmul-naive64-s1,train,matmul,matmul-naive64,0.1,2,32769,4103,0
matmul_train,matmul,aging+sfreq+refaults,matmul-naive64-s1,train,matmul,matmul-naive64,0.1,2,33227,4103,0
matmul_train,matmul,aging+sfreq+rdist,matmul-naive64-s1,train,matmul,matmul-naive64,0.1,2,27314,4103,0
matmul_train,matmul,aging+idle+age,matmul-naive64-s1,train,matmul,matmul-naive64,0.1,2,32769,4103,0
matmul_train,matmul,aging+idle+dirty,matmul-naive64-s1,train,matmul,matmul-naive64,0.1,2,28676,4103,0
matmul_train,matmul,aging+idle+refaults,matmul-naive64-s1,train,matmul,matmul-naive64,0.1,2,30720,4103,0
matmul_train,matmul,aging+idle+rdist,matmul-naive64-s1,train,matmul,matmul-naive64,0.1,2,27332,4103,0
matmul_train,matmul,aging+age+dirty,matmul-naive64-s1,train,matmul,matmul-naive64,0.1,2,32769,4103,0
matmul_train,matmul,aging+age+refaults,matmul-naive64-s1,train,matmul,matmul-naive64,0.1,2,33042,4103,0
matmul_train,matmul,aging+age+rdist,matmul-naive64-s1,train,matmul,matmul-naive64,0.1,2,27314,4103,0
matmul_train,matmul,aging+dirty+refaults,matmul-naive64-s1,train,matmul,matmul-naive64,0.1,2,29697,4103,0
matmul_train,matmul,aging+dirty+rdist,matmul-naive64-s1,train,matmul,matmul-naive64,0.1,2,27331,4103,0
matmul_train,matmul,aging+refaults+rdist,matmul-naive64-s1,train,matmul,matmul-naive64,0.1,2,27314,4103,0
matmul_train,matmul,sfreq+idle+age,matmul-naive64-s1,train,matmul,matmul-naive64,0.1,2,32769,4103,0
matmul_train,matmul,sfreq+idle+dirty,matmul-naive64-s1,train,matmul,matmul-naive64,0.1,2,32769,4103,0
matmul_train,matmul,sfreq+idle+refaults,matmul-naive64-s1,train,matmul,matmul-naive64,0.1,2,33242,4103,0
matmul_train,matmul,sfreq+idle+rdist,matmul-naive64-s1,train,matmul,matmul-naive64,0.1,2,27314,4103,0
matmul_train,matmul,sfreq+age+dirty,matmul-naive64-s1,train,matmul,matmul-naive64,0.1,2,32769,4103,0
matmul_train,matmul,sfreq+age+refaults,matmul-naive64-s1,train,matmul,matmul-naive64,0.1,2,32500,4103,0
matmul_train,matmul,sfreq+age+rdist,matmul-naive64-s1,train,matmul,matmul-naive64,0.1,2,27314,4103,0
matmul_train,matmul,sfreq+dirty+refaults,matmul-naive64-s1,train,matmul,matmul-naive64,0.1,2,32955,4103,0
matmul_train,matmul,sfreq+dirty+rdist,matmul-naive64-s1,train,matmul,matmul-naive64,0.1,2,27314,4103,0
matmul_train,matmul,sfreq+refaults+rdist,matmul-naive64-s1,train,matmul,matmul-naive64,0.1,2,27332,4103,0
matmul_train,matmul,idle+age+dirty,matmul-naive64-s1,train,matmul,matmul-naive64,0.1,2,32769,4103,0
matmul_train,matmul,idle+age+refaults,matmul-naive64-s1,train,matmul,matmul-naive64,0.1,2,33053,4103,0
matmul_train,matmul,idle+age+rdist,matmul-naive64-s1,train,matmul,matmul-naive64,0.1,2,27314,4103,0
matmul_train,matmul,idle+dirty+refaults,matmul-naive64-s1,train,matmul,matmul-naive64,0.1,2,29697,4103,0
matmul_train,matmul,idle+dirty+rdist,matmul-naive64-s1,train,matmul,matmul-naive64,0.1,2,27331,4103,0
matmul_train,matmul,idle+refaults+rdist,matmul-naive64-s1,train,matmul,matmul-naive64,0.1,2,27314,4103,0
matmul_train,matmul,age+dirty+refaults,matmul-naive64-s1,train,matmul,matmul-naive64,0.1,2,32883,4103,0
matmul_train,matmul,age+dirty+rdist,matmul-naive64-s1,train,matmul,matmul-naive64,0.1,2,32771,4103,0
matmul_train,matmul,age+refaults+rdist,matmul-naive64-s1,train,matmul,matmul-naive64,0.1,2,32673,4103,0
matmul_train,matmul,dirty+refaults+rdist,matmul-naive64-s1,train,matmul,matmul-naive64,0.1,2,27314,4103,0
matmul_train,matmul,ref+aging+sfreq+idle,matmul-naive64-s1,train,matmul,matmul-naive64,0.1,2,32769,4103,0
matmul_train,matmul,ref+aging+sfreq+age,matmul-naive64-s1,train,matmul,matmul-naive64,0.1,2,32769,4103,0
matmul_train,matmul,ref+aging+sfreq+dirty,matmul-naive64-s1,train,matmul,matmul-naive64,0.1,2,32769,4103,0
matmul_train,matmul,ref+aging+sfreq+refaults,matmul-naive64-s1,train,matmul,matmul-naive64,0.1,2,33174,4103,0
matmul_train,matmul,ref+aging+sfreq+rdist,matmul-naive64-s1,train,matmul,matmul-naive64,0.1,2,27314,4103,0
matmul_train,matmul,ref+aging+idle+age,matmul-naive64-s1,train,matmul,matmul-naive64,0.1,2,32769,4103,0
matmul_train,matmul,ref+aging+idle+dirty,matmul-naive64-s1,train,matmul,matmul-naive64,0.1,2,28676,4103,0
matmul_train,matmul,ref+aging+idle+refaults,matmul-naive64-s1,train,matmul,matmul-naive64,0.1,2,30722,4103,0
matmul_train,matmul,ref+aging+idle+rdist,matmul-naive64-s1,train,matmul,matmul-naive64,0.1,2,27332,4103,0
matmul_train,matmul,ref+aging+age+dirty,matmul-naive64-s1,train,matmul,matmul-naive64,0.1,2,32769,4103,0
matmul_train,matmul,ref+aging+age+refaults,matmul-naive64-s1,train,matmul,matmul-naive64,0.1,2,33008,4103,0
matmul_train,matmul,ref+aging+age+rdist,matmul-naive64-s1,train,matmul,matmul-naive64,0.1,2,27314,4103,0
matmul_train,matmul,ref+aging+dirty+refaults,matmul-naive64-s1,train,matmul,matmul-naive64,0.1,2,29697,4103,0
matmul_train,matmul,ref+aging+dirty+rdist,matmul-naive64-s1,train,matmul,matmul-naive64,0.1,2,27331,4103,0
matmul_train,matmul,ref+aging+refaults+rdist,matmul-naive64-s1,train,matmul,matmul-naive64,0.1,2,27314,4103,0
matmul_train,matmul,ref+sfreq+idle+age,matmul-naive64-s1,train,matmul,matmul-naive64,0.1,2,32769,4103,0
matmul_train,matmul,ref+sfreq+idle+dirty,matmul-naive64-s1,train,matmul,matmul-naive64,0.1,2,32769,4103,0
matmul_train,matmul,ref+sfreq+idle+refaults,matmul-naive64-s1,train,matmul,matmul-naive64,0.1,2,33228,4103,0
matmul_train,matmul,ref+sfreq+idle+rdist,matmul-naive64-s1,train,matmul,matmul-naive64,0.1,2,27314,4103,0
matmul_train,matmul,ref+sfreq+age+dirty,matmul-naive64-s1,train,matmul,matmul-naive64,0.1,2,32769,4103,0
matmul_train,matmul,ref+sfreq+age+refaults,matmul-naive64-s1,train,matmul,matmul-naive64,0.1,2,32794,4103,0
matmul_train,matmul,ref+sfreq+age+rdist,matmul-naive64-s1,train,matmul,matmul-naive64,0.1,2,27314,4103,0
matmul_train,matmul,ref+sfreq+dirty+refaults,matmul-naive64-s1,train,matmul,matmul-naive64,0.1,2,33125,4103,0
matmul_train,matmul,ref+sfreq+dirty+rdist,matmul-naive64-s1,train,matmul,matmul-naive64,0.1,2,27314,4103,0
matmul_train,matmul,ref+sfreq+refaults+rdist,matmul-naive64-s1,train,matmul,matmul-naive64,0.1,2,27332,4103,0
matmul_train,matmul,ref+idle+age+dirty,matmul-naive64-s1,train,matmul,matmul-naive64,0.1,2,32769,4103,0
matmul_train,matmul,ref+idle+age+refaults,matmul-naive64-s1,train,matmul,matmul-naive64,0.1,2,33042,4103,0
matmul_train,matmul,ref+idle+age+rdist,matmul-naive64-s1,train,matmul,matmul-naive64,0.1,2,27314,4103,0
matmul_train,matmul,ref+idle+dirty+refaults,matmul-naive64-s1,train,matmul,matmul-naive64,0.1,2,29697,4103,0
matmul_train,matmul,ref+idle+dirty+rdist,matmul-naive64-s1,train,matmul,matmul-naive64,0.1,2,27331,4103,0
matmul_train,matmul,ref+idle+refaults+rdist,matmul-naive64-s1,train,matmul,matmul-naive64,0.1,2,27314,4103,0
matmul_train,matmul,ref+age+dirty+refaults,matmul-naive64-s1,train,matmul,matmul-naive64,0.1,2,32965,4103,0
matmul_train,matmul,ref+age+dirty+rdist,matmul-naive64-s1,train,matmul,matmul-naive64,0.1,2,27314,4103,0
matmul_train,matmul,ref+age+refaults+rdist,matmul-naive64-s1,train,matmul,matmul-naive64,0.1,2,27334,4103,0
matmul_train,matmul,ref+dirty+refaults+rdist,matmul-naive64-s1,train,matmul,matmul-naive64,0.1,2,27313,4103,0
matmul_train,matmul,aging+sfreq+idle+age,matmul-naive64-s1,train,matmul,matmul-naive64,0.1,2,32769,4103,0
matmul_train,matmul,aging+sfreq+idle+dirty,matmul-naive64-s1,train,matmul,matmul-naive64,0.1,2,32769,4103,0
matmul_train,matmul,aging+sfreq+idle+refaults,matmul-naive64-s1,train,matmul,matmul-naive64,0.1,2,33229,4103,0
matmul_train,matmul,aging+sfreq+idle+rdist,matmul-naive64-s1,train,matmul,matmul-naive64,0.1,2,27314,4103,0
matmul_train,matmul,aging+sfreq+age+dirty,matmul-naive64-s1,train,matmul,matmul-naive64,0.1,2,32769,4103,0
matmul_train,matmul,aging+sfreq+age+refaults,matmul-naive64-s1,train,matmul,matmul-naive64,0.1,2,32775,4103,0
matmul_train,matmul,aging+sfreq+age+rdist,matmul-naive64-s1,train,matmul,matmul-naive64,0.1,2,27314,4103,0
matmul_train,matmul,aging+sfreq+dirty+refaults,matmul-naive64-s1,train,matmul,matmul-naive64,0.1,2,33146,4103,0
matmul_train,matmul,aging+sfreq+dirty+rdist,matmul-naive64-s1,train,matmul,matmul-naive64,0.1,2,27313,4103,0
matmul_train,matmul,aging+sfreq+refaults+rdist,matmul-naive64-s1,train,matmul,matmul-naive64,0.1,2,27332,4103,0
matmul_train,matmul,aging+idle+age+dirty,matmul-naive64-s1,train,matmul,matmul-naive64,0.1,2,32769,4103,0
matmul_train,matmul,aging+idle+age+refaults,matmul-naive64-s1,train,matmul,matmul-naive64,0.1,2,33044,4103,0
matmul_train,matmul,aging+idle+age+rdist,matmul-naive64-s1,train,matmul,matmul-naive64,0.1,2,27314,4103,0
matmul_train,matmul,aging+idle+dirty+refaults,matmul-naive64-s1,train,matmul,matmul-naive64,0.1,2,29697,4103,0
matmul_train,matmul,aging+idle+dirty+rdist,matmul-naive64-s1,train,matmul,matmul-naive64,0.1,2,27331,4103,0
matmul_train,matmul,aging+idle+refaults+rdist,matmul-naive64-s1,train,matmul,matmul-naive64,0.1,2,27314,4103,0
matmul_train,matmul,aging+age+dirty+refaults,matmul-naive64-s1,train,matmul,matmul-naive64,0.1,2,32993,4103,0
matmul_train,matmul,aging+age+dirty+rdist,matmul-naive64-s1,train,matmul,matmul-naive64,0.1,2,27313,4103,0
matmul_train,matmul,aging+age+refaults+rdist,matmul-naive64-s1,train,matmul,matmul-naive64,0.1,2,27335,4103,0
matmul_train,matmul,aging+dirty+refaults+rdist,matmul-naive64-s1,train,matmul,matmul-naive64,0.1,2,27313,4103,0
matmul_train,matmul,sfreq+idle+age+dirty,matmul-naive64-s1,train,matmul,matmul-naive64,0.1,2,32769,4103,0
matmul_train,matmul,sfreq+idle+age+refaults,matmul-naive64-s1,train,matmul,matmul-naive64,0.1,2,32776,4103,0
matmul_train,matmul,sfreq+idle+age+rdist,matmul-naive64-s1,train,matmul,matmul-naive64,0.1,2,27314,4103,0
matmul_train,matmul,sfreq+idle+dirty+refaults,matmul-naive64-s1,train,matmul,matmul-naive64,0.1,2,33163,4103,0
matmul_train,matmul,sfreq+idle+dirty+rdist,matmul-naive64-s1,train,matmul,matmul-naive64,0.1,2,27313,4103,0
matmul_train,matmul,sfreq+idle+refaults+rdist,matmul-naive64-s1,train,matmul,matmul-naive64,0.1,2,27332,4103,0
matmul_train,matmul,sfreq+age+dirty+refaults,matmul-naive64-s1,train,matmul,matmul-naive64,0.1,2,32851,4103,0
matmul_train,matmul,sfreq+age+dirty+rdist,matmul-naive64-s1,train,matmul,matmul-naive64,0.1,2,27314,4103,0
matmul_train,matmul,sfreq+age+refaults+rdist,matmul-naive64-s1,train,matmul,matmul-naive64,0.1,2,27332,4103,0
matmul_train,matmul,sfreq+dirty+refaults+rdist,matmul-naive64-s1,train,matmul,matmul-naive64,0.1,2,27332,4103,0
matmul_train,matmul,idle+age+dirty+refaults,matmul-naive64-s1,train,matmul,matmul-naive64,0.1,2,33006,4103,0
matmul_train,matmul,idle+age+dirty+rdist,matmul-naive64-s1,train,matmul,matmul-naive64,0.1,2,27313,4103,0
matmul_train,matmul,idle+age+refaults+rdist,matmul-naive64-s1,train,matmul,matmul-naive64,0.1,2,27335,4103,0
matmul_train,matmul,idle+dirty+refaults+rdist,matmul-naive64-s1,train,matmul,matmul-naive64,0.1,2,27313,4103,0
matmul_train,matmul,age+dirty+refaults+rdist,matmul-naive64-s1,train,matmul,matmul-naive64,0.1,2,32681,4103,0
matmul_train,matmul,ref+aging+sfreq+idle+age,matmul-naive64-s1,train,matmul,matmul-naive64,0.1,2,32769,4103,0
matmul_train,matmul,ref+aging+sfreq+idle+dirty,matmul-naive64-s1,train,matmul,matmul-naive64,0.1,2,32769,4103,0
matmul_train,matmul,ref+aging+sfreq+idle+refaults,matmul-naive64-s1,train,matmul,matmul-naive64,0.1,2,33126,4103,0
matmul_train,matmul,ref+aging+sfreq+idle+rdist,matmul-naive64-s1,train,matmul,matmul-naive64,0.1,2,27314,4103,0
matmul_train,matmul,ref+aging+sfreq+age+dirty,matmul-naive64-s1,train,matmul,matmul-naive64,0.1,2,32771,4103,0
matmul_train,matmul,ref+aging+sfreq+age+refaults,matmul-naive64-s1,train,matmul,matmul-naive64,0.1,2,32775,4103,0
matmul_train,matmul,ref+aging+sfreq+age+rdist,matmul-naive64-s1,train,matmul,matmul-naive64,0.1,2,32769,4103,0
matmul_train,matmul,ref+aging+sfreq+dirty+refaults,matmul-naive64-s1,train,matmul,matmul-naive64,0.1,2,33057,4103,0
matmul_train,matmul,ref+aging+sfreq+dirty+rdist,matmul-naive64-s1,train,matmul,matmul-naive64,0.1,2,27314,4103,0
matmul_train,matmul,ref+aging+sfreq+refaults+rdist,matmul-naive64-s1,train,matmul,matmul-naive64,0.1,2,27332,4103,0
matmul_train,matmul,ref+aging+idle+age+dirty,matmul-naive64-s1,train,matmul,matmul-naive64,0.1,2,32769,4103,0
matmul_train,matmul,ref+aging+idle+age+refaults,matmul-naive64-s1,train,matmul,matmul-naive64,0.1,2,32982,4103,0
matmul_train,matmul,ref+aging+idle+age+rdist,matmul-naive64-s1,train,matmul,matmul-naive64,0.1,2,27314,4103,0
matmul_train,matmul,ref+aging+idle+dirty+refaults,matmul-naive64-s1,train,matmul,matmul-naive64,0.1,2,29697,4103,0
matmul_train,matmul,ref+aging+idle+dirty+rdist,matmul-naive64-s1,train,matmul,matmul-naive64,0.1,2,27331,4103,0
matmul_train,matmul,ref+aging+idle+refaults+rdist,matmul-naive64-s1,train,matmul,matmul-naive64,0.1,2,27314,4103,0
matmul_train,matmul,ref+aging+age+dirty+refaults,matmul-naive64-s1,train,matmul,matmul-naive64,0.1,2,32944,4103,0
matmul_train,matmul,ref+aging+age+dirty+rdist,matmul-naive64-s1,train,matmul,matmul-naive64,0.1,2,27314,4103,0
matmul_train,matmul,ref+aging+age+refaults+rdist,matmul-naive64-s1,train,matmul,matmul-naive64,0.1,2,27335,4103,0
matmul_train,matmul,ref+aging+dirty+refaults+rdist,matmul-naive64-s1,train,matmul,matmul-naive64,0.1,2,27314,4103,0
matmul_train,matmul,ref+sfreq+idle+age+dirty,matmul-naive64-s1,train,matmul,matmul-naive64,0.1,2,32769,4103,0
matmul_train,matmul,ref+sfreq+idle+age+refaults,matmul-naive64-s1,train,matmul,matmul-naive64,0.1,2,32776,4103,0
matmul_train,matmul,ref+sfreq+idle+age+rdist,matmul-naive64-s1,train,matmul,matmul-naive64,0.1,2,27314,4103,0
matmul_train,matmul,ref+sfreq+idle+dirty+refaults,matmul-naive64-s1,train,matmul,matmul-naive64,0.1,2,33124,4103,0
matmul_train,matmul,ref+sfreq+idle+dirty+rdist,matmul-naive64-s1,train,matmul,matmul-naive64,0.1,2,27314,4103,0
matmul_train,matmul,ref+sfreq+idle+refaults+rdist,matmul-naive64-s1,train,matmul,matmul-naive64,0.1,2,27332,4103,0
matmul_train,matmul,ref+sfreq+age+dirty+refaults,matmul-naive64-s1,train,matmul,matmul-naive64,0.1,2,32787,4103,0
matmul_train,matmul,ref+sfreq+age+dirty+rdist,matmul-naive64-s1,train,matmul,matmul-naive64,0.1,2,27314,4103,0
matmul_train,matmul,ref+sfreq+age+refaults+rdist,matmul-naive64-s1,train,matmul,matmul-naive64,0.1,2,27513,4103,0
matmul_train,matmul,ref+sfreq+dirty+refaults+rdist,matmul-naive64-s1,train,matmul,matmul-naive64,0.1,2,27331,4103,0
matmul_train,matmul,ref+idle+age+dirty+refaults,matmul-naive64-s1,train,matmul,matmul-naive64,0.1,2,32983,4103,0
matmul_train,matmul,ref+idle+age+dirty+rdist,matmul-naive64-s1,train,matmul,matmul-naive64,0.1,2,27314,4103,0
matmul_train,matmul,ref+idle+age+refaults+rdist,matmul-naive64-s1,train,matmul,matmul-naive64,0.1,2,27335,4103,0
matmul_train,matmul,ref+idle+dirty+refaults+rdist,matmul-naive64-s1,train,matmul,matmul-naive64,0.1,2,27314,4103,0
matmul_train,matmul,ref+age+dirty+refaults+rdist,matmul-naive64-s1,train,matmul,matmul-naive64,0.1,2,27331,4103,0
matmul_train,matmul,aging+sfreq+idle+age+dirty,matmul-naive64-s1,train,matmul,matmul-naive64,0.1,2,32769,4103,0
matmul_train,matmul,aging+sfreq+idle+age+refaults,matmul-naive64-s1,train,matmul,matmul-naive64,0.1,2,32776,4103,0
matmul_train,matmul,aging+sfreq+idle+age+rdist,matmul-naive64-s1,train,matmul,matmul-naive64,0.1,2,27314,4103,0
matmul_train,matmul,aging+sfreq+idle+dirty+refaults,matmul-naive64-s1,train,matmul,matmul-naive64,0.1,2,33169,4103,0
matmul_train,matmul,aging+sfreq+idle+dirty+rdist,matmul-naive64-s1,train,matmul,matmul-naive64,0.1,2,27313,4103,0
matmul_train,matmul,aging+sfreq+idle+refaults+rdist,matmul-naive64-s1,train,matmul,matmul-naive64,0.1,2,27332,4103,0
matmul_train,matmul,aging+sfreq+age+dirty+refaults,matmul-naive64-s1,train,matmul,matmul-naive64,0.1,2,32775,4103,0
matmul_train,matmul,aging+sfreq+age+dirty+rdist,matmul-naive64-s1,train,matmul,matmul-naive64,0.1,2,27314,4103,0
matmul_train,matmul,aging+sfreq+age+refaults+rdist,matmul-naive64-s1,train,matmul,matmul-naive64,0.1,2,31948,4103,0
matmul_train,matmul,aging+sfreq+dirty+refaults+rdist,matmul-naive64-s1,train,matmul,matmul-naive64,0.1,2,27331,4103,0
matmul_train,matmul,aging+idle+age+dirty+refaults,matmul-naive64-s1,train,matmul,matmul-naive64,0.1,2,33007,4103,0
matmul_train,matmul,aging+idle+age+dirty+rdist,matmul-naive64-s1,train,matmul,matmul-naive64,0.1,2,27314,4103,0
matmul_train,matmul,aging+idle+age+refaults+rdist,matmul-naive64-s1,train,matmul,matmul-naive64,0.1,2,27335,4103,0
matmul_train,matmul,aging+idle+dirty+refaults+rdist,matmul-naive64-s1,train,matmul,matmul-naive64,0.1,2,27313,4103,0
matmul_train,matmul,aging+age+dirty+refaults+rdist,matmul-naive64-s1,train,matmul,matmul-naive64,0.1,2,27331,4103,0
matmul_train,matmul,sfreq+idle+age+dirty+refaults,matmul-naive64-s1,train,matmul,matmul-naive64,0.1,2,32776,4103,0
matmul_train,matmul,sfreq+idle+age+dirty+rdist,matmul-naive64-s1,train,matmul,matmul-naive64,0.1,2,27314,4103,0
matmul_train,matmul,sfreq+idle+age+refaults+rdist,matmul-naive64-s1,train,matmul,matmul-naive64,0.1,2,31765,4103,0
matmul_train,matmul,sfreq+idle+dirty+refaults+rdist,matmul-naive64-s1,train,matmul,matmul-naive64,0.1,2,27331,4103,0
matmul_train,matmul,sfreq+age+dirty+refaults+rdist,matmul-naive64-s1,train,matmul,matmul-naive64,0.1,2,27332,4103,0
matmul_train,matmul,idle+age+dirty+refaults+rdist,matmul-naive64-s1,train,matmul,matmul-naive64,0.1,2,27331,4103,0
matmul_train,matmul,ref+aging+sfreq+idle+age+dirty,matmul-naive64-s1,train,matmul,matmul-naive64,0.1,2,32769,4103,0
matmul_train,matmul,ref+aging+sfreq+idle+age+refaults,matmul-naive64-s1,train,matmul,matmul-naive64,0.1,2,32775,4103,0
matmul_train,matmul,ref+aging+sfreq+idle+age+rdist,matmul-naive64-s1,train,matmul,matmul-naive64,0.1,2,32769,4103,0
matmul_train,matmul,ref+aging+sfreq+idle+dirty+refaults,matmul-naive64-s1,train,matmul,matmul-naive64,0.1,2,33029,4103,0
matmul_train,matmul,ref+aging+sfreq+idle+dirty+rdist,matmul-naive64-s1,train,matmul,matmul-naive64,0.1,2,27314,4103,0
matmul_train,matmul,ref+aging+sfreq+idle+refaults+rdist,matmul-naive64-s1,train,matmul,matmul-naive64,0.1,2,27332,4103,0
matmul_train,matmul,ref+aging+sfreq+age+dirty+refaults,matmul-naive64-s1,train,matmul,matmul-naive64,0.1,2,32775,4103,0
matmul_train,matmul,ref+aging+sfreq+age+dirty+rdist,matmul-naive64-s1,train,matmul,matmul-naive64,0.1,2,32770,4103,0
matmul_train,matmul,ref+aging+sfreq+age+refaults+rdist,matmul-naive64-s1,train,matmul,matmul-naive64,0.1,2,32775,4103,0
matmul_train,matmul,ref+aging+sfreq+dirty+refaults+rdist,matmul-naive64-s1,train,matmul,matmul-naive64,0.1,2,27331,4103,0
matmul_train,matmul,ref+aging+idle+age+dirty+refaults,matmul-naive64-s1,train,matmul,matmul-naive64,0.1,2,32930,4103,0
matmul_train,matmul,ref+aging+idle+age+dirty+rdist,matmul-naive64-s1,train,matmul,matmul-naive64,0.1,2,27314,4103,0
matmul_train,matmul,ref+aging+idle+age+refaults+rdist,matmul-naive64-s1,train,matmul,matmul-naive64,0.1,2,27334,4103,0
matmul_train,matmul,ref+aging+idle+dirty+refaults+rdist,matmul-naive64-s1,train,matmul,matmul-naive64,0.1,2,27314,4103,0
matmul_train,matmul,ref+aging+age+dirty+refaults+rdist,matmul-naive64-s1,train,matmul,matmul-naive64,0.1,2,27331,4103,0
matmul_train,matmul,ref+sfreq+idle+age+dirty+refaults,matmul-naive64-s1,train,matmul,matmul-naive64,0.1,2,32775,4103,0
matmul_train,matmul,ref+sfreq+idle+age+dirty+rdist,matmul-naive64-s1,train,matmul,matmul-naive64,0.1,2,27314,4103,0
matmul_train,matmul,ref+sfreq+idle+age+refaults+rdist,matmul-naive64-s1,train,matmul,matmul-naive64,0.1,2,32183,4103,0
matmul_train,matmul,ref+sfreq+idle+dirty+refaults+rdist,matmul-naive64-s1,train,matmul,matmul-naive64,0.1,2,27331,4103,0
matmul_train,matmul,ref+sfreq+age+dirty+refaults+rdist,matmul-naive64-s1,train,matmul,matmul-naive64,0.1,2,27343,4103,0
matmul_train,matmul,ref+idle+age+dirty+refaults+rdist,matmul-naive64-s1,train,matmul,matmul-naive64,0.1,2,27331,4103,0
matmul_train,matmul,aging+sfreq+idle+age+dirty+refaults,matmul-naive64-s1,train,matmul,matmul-naive64,0.1,2,32775,4103,0
matmul_train,matmul,aging+sfreq+idle+age+dirty+rdist,matmul-naive64-s1,train,matmul,matmul-naive64,0.1,2,27314,4103,0
matmul_train,matmul,aging+sfreq+idle+age+refaults+rdist,matmul-naive64-s1,train,matmul,matmul-naive64,0.1,2,32030,4103,0
matmul_train,matmul,aging+sfreq+idle+dirty+refaults+rdist,matmul-naive64-s1,train,matmul,matmul-naive64,0.1,2,27331,4103,0
matmul_train,matmul,aging+sfreq+age+dirty+refaults+rdist,matmul-naive64-s1,train,matmul,matmul-naive64,0.1,2,30815,4103,0
matmul_train,matmul,aging+idle+age+dirty+refaults+rdist,matmul-naive64-s1,train,matmul,matmul-naive64,0.1,2,27331,4103,0
matmul_train,matmul,sfreq+idle+age+dirty+refaults+rdist,matmul-naive64-s1,train,matmul,matmul-naive64,0.1,2,30801,4103,0
matmul_train,matmul,ref+aging+sfreq+idle+age+dirty+refaults,matmul-naive64-s1,train,matmul,matmul-naive64,0.1,2,32775,4103,0
matmul_train,matmul,ref+aging+sfreq+idle+age+dirty+rdist,matmul-naive64-s1,train,matmul,matmul-naive64,0.1,2,32770,4103,0
matmul_train,matmul,ref+aging+sfreq+idle+age+refaults+rdist,matmul-naive64-s1,train,matmul,matmul-naive64,0.1,2,32775,4103,0
matmul_train,matmul,ref+aging+sfreq+idle+dirty+refaults+rdist,matmul-naive64-s1,train,matmul,matmul-naive64,0.1,2,27331,4103,0
matmul_train,matmul,ref+aging+sfreq+age+dirty+refaults+rdist,matmul-naive64-s1,train,matmul,matmul-naive64,0.1,2,32622,4103,0
matmul_train,matmul,ref+aging+idle+age+dirty+refaults+rdist,matmul-naive64-s1,train,matmul,matmul-naive64,0.1,2,27331,4103,0
matmul_train,matmul,ref+sfreq+idle+age+dirty+refaults+rdist,matmul-naive64-s1,train,matmul,matmul-naive64,0.1,2,31164,4103,0
matmul_train,matmul,aging+sfreq+idle+age+dirty+refaults+rdist,matmul-naive64-s1,train,matmul,matmul-naive64,0.1,2,30886,4103,0
matmul_train,matmul,ref+aging+sfreq+idle+age+dirty+refaults+rdist,matmul-naive64-s1,train,matmul,matmul-naive64,0.1,2,32591,4103,0
matmul_train,matmul,rec+ref+aging+sfreq+idle+age+dirty,matmul-naive64-s1,train,matmul,matmul-naive64,0.1,2,32769,4103,0
matmul_train,matmul,rec+ref+aging+sfreq+idle+age+dirty+refaults+rdist,matmul-naive64-s1,train,matmul,matmul-naive64,0.1,2,32770,4103,0
matmul_train,matmul,freq+ref+aging+sfreq+idle+age+dirty,matmul-naive64-s1,train,matmul,matmul-naive64,0.1,2,32775,4103,0
matmul_train,matmul,freq+ref+aging+sfreq+idle+age+dirty+refaults+rdist,matmul-naive64-s1,train,matmul,matmul-naive64,0.1,2,32775,4103,0
matmul_train,matmul,sd+ref+aging+sfreq+idle+age+dirty,matmul-naive64-s1,train,matmul,matmul-naive64,0.1,2,28672,4103,0
matmul_train,matmul,sd+ref+aging+sfreq+idle+age+dirty+refaults+rdist,matmul-naive64-s1,train,matmul,matmul-naive64,0.1,2,28679,4103,0
matmul_train,matmul,wr+ref+aging+sfreq+idle+age+dirty,matmul-naive64-s1,train,matmul,matmul-naive64,0.1,2,32769,4103,0
matmul_train,matmul,wr+ref+aging+sfreq+idle+age+dirty+refaults+rdist,matmul-naive64-s1,train,matmul,matmul-naive64,0.1,2,32775,4103,0
matmul_train,matmul,rec+freq+ref+aging+sfreq+idle+age+dirty,matmul-naive64-s1,train,matmul,matmul-naive64,0.1,2,32769,4103,0
matmul_train,matmul,rec+freq+ref+aging+sfreq+idle+age+dirty+refaults+rdist,matmul-naive64-s1,train,matmul,matmul-naive64,0.1,2,32770,4103,0
matmul_train,matmul,rec+sd+ref+aging+sfreq+idle+age+dirty,matmul-naive64-s1,train,matmul,matmul-naive64,0.1,2,28672,4103,0
matmul_train,matmul,rec+sd+ref+aging+sfreq+idle+age+dirty+refaults+rdist,matmul-naive64-s1,train,matmul,matmul-naive64,0.1,2,28682,4103,0
matmul_train,matmul,rec+wr+ref+aging+sfreq+idle+age+dirty,matmul-naive64-s1,train,matmul,matmul-naive64,0.1,2,32769,4103,0
matmul_train,matmul,rec+wr+ref+aging+sfreq+idle+age+dirty+refaults+rdist,matmul-naive64-s1,train,matmul,matmul-naive64,0.1,2,32768,4103,0
matmul_train,matmul,freq+sd+ref+aging+sfreq+idle+age+dirty,matmul-naive64-s1,train,matmul,matmul-naive64,0.1,2,28730,4103,0
matmul_train,matmul,freq+sd+ref+aging+sfreq+idle+age+dirty+refaults+rdist,matmul-naive64-s1,train,matmul,matmul-naive64,0.1,2,28676,4103,0
matmul_train,matmul,freq+wr+ref+aging+sfreq+idle+age+dirty,matmul-naive64-s1,train,matmul,matmul-naive64,0.1,2,32769,4103,0
matmul_train,matmul,freq+wr+ref+aging+sfreq+idle+age+dirty+refaults+rdist,matmul-naive64-s1,train,matmul,matmul-naive64,0.1,2,32769,4103,0
matmul_train,matmul,sd+wr+ref+aging+sfreq+idle+age+dirty,matmul-naive64-s1,train,matmul,matmul-naive64,0.1,2,28672,4103,0
matmul_train,matmul,sd+wr+ref+aging+sfreq+idle+age+dirty+refaults+rdist,matmul-naive64-s1,train,matmul,matmul-naive64,0.1,2,28672,4103,0
matmul_train,matmul,rec+freq+sd+ref+aging+sfreq+idle+age+dirty,matmul-naive64-s1,train,matmul,matmul-naive64,0.1,2,28828,4103,0
matmul_train,matmul,rec+freq+sd+ref+aging+sfreq+idle+age+dirty+refaults+rdist,matmul-naive64-s1,train,matmul,matmul-naive64,0.1,2,28678,4103,0
matmul_train,matmul,rec+freq+wr+ref+aging+sfreq+idle+age+dirty,matmul-naive64-s1,train,matmul,matmul-naive64,0.1,2,32769,4103,0
matmul_train,matmul,rec+freq+wr+ref+aging+sfreq+idle+age+dirty+refaults+rdist,matmul-naive64-s1,train,matmul,matmul-naive64,0.1,2,32767,4103,0
matmul_train,matmul,rec+sd+wr+ref+aging+sfreq+idle+age+dirty,matmul-naive64-s1,train,matmul,matmul-naive64,0.1,2,28672,4103,0
matmul_train,matmul,rec+sd+wr+ref+aging+sfreq+idle+age+dirty+refaults+rdist,matmul-naive64-s1,train,matmul,matmul-naive64,0.1,2,28672,4103,0
matmul_train,matmul,freq+sd+wr+ref+aging+sfreq+idle+age+dirty,matmul-naive64-s1,train,matmul,matmul-naive64,0.1,2,28672,4103,0
matmul_train,matmul,freq+sd+wr+ref+aging+sfreq+idle+age+dirty+refaults+rdist,matmul-naive64-s1,train,matmul,matmul-naive64,0.1,2,28672,4103,0
matmul_train,matmul,rec+freq+sd+wr+ref+aging+sfreq+idle+age+dirty,matmul-naive64-s1,train,matmul,matmul-naive64,0.1,2,28672,4103,0
matmul_train,matmul,rec+freq+sd+wr+ref+aging+sfreq+idle+age+dirty+refaults+rdist,matmul-naive64-s1,train,matmul,matmul-naive64,0.1,2,28672,4103,0
matmul_train,global,rec,matmul-naive64-s1,train,matmul,matmul-naive64,0.1,2,28672,4103,0
matmul_train,global,freq,matmul-naive64-s1,train,matmul,matmul-naive64,0.1,2,40956,4103,0
matmul_train,global,sd,matmul-naive64-s1,train,matmul,matmul-naive64,0.1,2,28672,4103,0
matmul_train,global,wr,matmul-naive64-s1,train,matmul,matmul-naive64,0.1,2,28676,4103,0
matmul_train,global,rec+freq,matmul-naive64-s1,train,matmul,matmul-naive64,0.1,2,29461,4103,0
matmul_train,global,rec+sd,matmul-naive64-s1,train,matmul,matmul-naive64,0.1,2,28672,4103,0
matmul_train,global,rec+wr,matmul-naive64-s1,train,matmul,matmul-naive64,0.1,2,28672,4103,0
matmul_train,global,freq+sd,matmul-naive64-s1,train,matmul,matmul-naive64,0.1,2,29102,4103,0
matmul_train,global,freq+wr,matmul-naive64-s1,train,matmul,matmul-naive64,0.1,2,40956,4103,0
matmul_train,global,sd+wr,matmul-naive64-s1,train,matmul,matmul-naive64,0.1,2,28672,4103,0
matmul_train,global,rec+freq+sd,matmul-naive64-s1,train,matmul,matmul-naive64,0.1,2,31973,4103,0
matmul_train,global,rec+freq+wr,matmul-naive64-s1,train,matmul,matmul-naive64,0.1,2,29464,4103,0
matmul_train,global,rec+sd+wr,matmul-naive64-s1,train,matmul,matmul-naive64,0.1,2,28672,4103,0
matmul_train,global,freq+sd+wr,matmul-naive64-s1,train,matmul,matmul-naive64,0.1,2,29102,4103,0
matmul_train,global,rec+freq+sd+wr,matmul-naive64-s1,train,matmul,matmul-naive64,0.1,2,31978,4103,0
matmul_train,global,ref,matmul-naive64-s1,train,matmul,matmul-naive64,0.1,2,30720,4103,0
matmul_train,global,aging,matmul-naive64-s1,train,matmul,matmul-naive64,0.1,2,30720,4103,0
matmul_train,global,sfreq,matmul-naive64-s1,train,matmul,matmul-naive64,0.1,2,32769,4103,0
matmul_train,global,idle,matmul-naive64-s1,train,matmul,matmul-naive64,0.1,2,30720,4103,0
matmul_train,global,age,matmul-naive64-s1,train,matmul,matmul-naive64,0.1,2,30720,4103,0
matmul_train,global,dirty,matmul-naive64-s1,train,matmul,matmul-naive64,0.1,2,28676,4103,0
matmul_train,global,refaults,matmul-naive64-s1,train,matmul,matmul-naive64,0.1,2,32086,4103,0
matmul_train,global,rdist,matmul-naive64-s1,train,matmul,matmul-naive64,0.1,2,27332,4103,0
matmul_train,global,ref+aging,matmul-naive64-s1,train,matmul,matmul-naive64,0.1,2,30720,4103,0
matmul_train,global,ref+sfreq,matmul-naive64-s1,train,matmul,matmul-naive64,0.1,2,32769,4103,0
matmul_train,global,ref+idle,matmul-naive64-s1,train,matmul,matmul-naive64,0.1,2,30720,4103,0
matmul_train,global,ref+age,matmul-naive64-s1,train,matmul,matmul-naive64,0.1,2,30720,4103,0
matmul_train,global,ref+dirty,matmul-naive64-s1,train,matmul,matmul-naive64,0.1,2,28676,4103,0
matmul_train,global,ref+refaults,matmul-naive64-s1,train,matmul,matmul-naive64,0.1,2,32086,4103,0
matmul_train,global,ref+rdist,matmul-naive64-s1,train,matmul,matmul-naive64,0.1,2,27310,4103,0
matmul_train,global,aging+sfreq,matmul-naive64-s1,train,matmul,matmul-naive64,0.1,2,32769,4103,0
matmul_train,global,aging+idle,matmul-naive64-s1,train,matmul,matmul-naive64,0.1,2,30720,4103,0
matmul_train,global,aging+age,matmul-naive64-s1,train,matmul,matmul-naive64,0.1,2,32769,4103,0
matmul_train,global,aging+dirty,matmul-naive64-s1,train,matmul,matmul-naive64,0.1,2,30720,4103,0
matmul_train,global,aging+refaults,matmul-naive64-s1,train,matmul,matmul-naive64,0.1,2,32086,4103,0
matmul_train,global,aging+rdist,matmul-naive64-s1,train,matmul,matmul-naive64,0.1,2,27310,4103,0
matmul_train,global,sfreq+idle,matmul-naive64-s1,train,matmul,matmul-naive64,0.1,2,32769,4103,0
matmul_train,global,sfreq+age,matmul-naive64-s1,train,matmul,matmul-naive64,0.1,2,30720,4103,0
matmul_train,global,sfreq+dirty,matmul-naive64-s1,train,matmul,matmul-naive64,0.1,2,32769,4103,0
matmul_train,global,sfreq+refaults,matmul-naive64-s1,train,matmul,matmul-naive64,0.1,2,32427,4103,0
matmul_train,global,sfreq+rdist,matmul-naive64-s1,train,matmul,matmul-naive64,0.1,2,27314,4103,0
matmul_train,global,idle+age,matmul-naive64-s1,train,matmul,matmul-naive64,0.1,2,32769,4103,0
matmul_train,global,idle+dirty,matmul-naive64-s1,train,matmul,matmul-naive64,0.1,2,28676,4103,0
matmul_train,global,idle+refaults,matmul-naive64-s1,train,matmul,matmul-naive64,0.1,2,32086,4103,0
matmul_train,global,idle+rdist,matmul-naive64-s1,train,matmul,matmul-naive64,0.1,2,27332,4103,0
matmul_train,global,age+dirty,matmul-naive64-s1,train,matmul,matmul-naive64,0.1,2,28676,4103,0
matmul_train,global,age+refaults,matmul-naive64-s1,train,matmul,matmul-naive64,0.1,2,40106,4103,0
matmul_train,global,age+rdist,matmul-naive64-s1,train,matmul,matmul-naive64,0.1,2,27332,4103,0
matmul_train,global,dirty+refaults,matmul-naive64-s1,train,matmul,matmul-naive64,0.1,2,35656,4103,0
matmul_train,global,dirty+rdist,matmul-naive64-s1,train,matmul,matmul-naive64,0.1,2,27332,4103,0
matmul_train,global,refaults+rdist,matmul-naive64-s1,train,matmul,matmul-naive64,0.1,2,28714,4103,0
matmul_train,global,ref+aging+sfreq,matmul-naive64-s1,train,matmul,matmul-naive64,0.1,2,32769,4103,0
matmul_train,global,ref+aging+idle,matmul-naive64-s1,train,matmul,matmul-naive64,0.1,2,30720,4103,0
matmul_train,global,ref+aging+age,matmul-naive64-s1,train,matmul,matmul-naive64,0.1,2,32769,4103,0
matmul_train,global,ref+aging+dirty,matmul-naive64-s1,train,matmul,matmul-naive64,0.1,2,30720,4103,0
matmul_train,global,ref+aging+refaults,matmul-naive64-s1,train,matmul,matmul-naive64,0.1,2,32086,4103,0
matmul_train,global,ref+aging+rdist,matmul-naive64-s1,train,matmul,matmul-naive64,0.1,2,27310,4103,0
matmul_train,global,ref+sfreq+idle,matmul-naive64-s1,train,matmul,matmul-naive64,0.1,2,32769,4103,0
matmul_train,global,ref+sfreq+age,matmul-naive64-s1,train,matmul,matmul-naive64,0.1,2,30720,4103,0
matmul_train,global,ref+sfreq+dirty,matmul-naive64-s1,train,matmul,matmul-naive64,0.1,2,32769,4103,0
matmul_train,global,ref+sfreq+refaults,matmul-naive64-s1,train,matmul,matmul-naive64,0.1,2,32413,4103,0
matmul_train,global,ref+sfreq+rdist,matmul-naive64-s1,train,matmul,matmul-naive64,0.1,2,27310,4103,0
matmul_train,global,ref+idle+age,matmul-naive64-s1,train,matmul,matmul-naive64,0.1,2,32769,4103,0
matmul_train,global,ref+idle+dirty,matmul-naive64-s1,train,matmul,matmul-naive64,0.1,2,28676,4103,0
matmul_train,global,ref+idle+refaults,matmul-naive64-s1,train,matmul,matmul-naive64,0.1,2,32086,4103,0
matmul_train,global,ref+idle+rdist,matmul-naive64-s1,train,matmul,matmul-naive64,0.1,2,27310,4103,0
matmul_train,global,ref+age+dirty,matmul-naive64-s1,train,matmul,matmul-naive64,0.1,2,28676,4103,0
matmul_train,global,ref+age+refaults,matmul-naive64-s1,train,matmul,matmul-naive64,0.1,2,32407,4103,0
matmul_train,global,ref+age+rdist,matmul-naive64-s1,train,matmul,matmul-naive64,0.1,2,27310,4103,0
matmul_train,global,ref+dirty+refaults,matmul-naive64-s1,train,matmul,matmul-naive64,0.1,2,32427,4103,0
matmul_train,global,ref+dirty+rdist,matmul-naive64-s1,train,matmul,matmul-naive64,0.1,2,27310,4103,0
matmul_train,global,ref+refaults+rdist,matmul-naive64-s1,train,matmul,matmul-naive64,0.1,2,28744,4103,0
matmul_train,global,aging+sfreq+idle,matmul-naive64-s1,train,matmul,matmul-naive64,0.1,2,32769,4103,0
matmul_train,global,aging+sfreq+age,matmul-naive64-s1,train,matmul,matmul-naive64,0.1,2,32769,4103,0
matmul_train,global,aging+sfreq+dirty,matmul-naive64-s1,train,matmul,matmul-naive64,0.1,2,32769,4103,0
matmul_train,global,aging+sfreq+refaults,matmul-naive64-s1,train,matmul,matmul-naive64,0.1,2,32459,4103,0
matmul_train,global,aging+sfreq+rdist,matmul-naive64-s1,train,matmul,matmul-naive64,0.1,2,27310,4103,0
matmul_train,global,aging+idle+age,matmul-naive64-s1,train,matmul,matmul-naive64,0.1,2,32769,4103,0
matmul_train,global,aging+idle+dirty,matmul-naive64-s1,train,matmul,matmul-naive64,0.1,2,28676,4103,0
matmul_train,global,aging+idle+refaults,matmul-naive64-s1,train,matmul,matmul-naive64,0.1,2,32086,4103,0
matmul_train,global,aging+idle+rdist,matmul-naive64-s1,train,matmul,matmul-naive64,0.1,2,27310,4103,0
matmul_train,global,aging+age+dirty,matmul-naive64-s1,train,matmul,matmul-naive64,0.1,2,32769,4103,0
matmul_train,global,aging+age+refaults,matmul-naive64-s1,train,matmul,matmul-naive64,0.1,2,32520,4103,0
matmul_train,global,aging+age+rdist,matmul-naive64-s1,train,matmul,matmul-naive64,0.1,2,27310,4103,0
matmul_train,global,aging+dirty+refaults,matmul-naive64-s1,train,matmul,matmul-naive64,0.1,2,32469,4103,0
matmul_train,global,aging+dirty+rdist,matmul-naive64-s1,train,matmul,matmul-naive64,0.1,2,27310,4103,0
matmul_train,global,aging+refaults+rdist,matmul-naive64-s1,train,matmul,matmul-naive64,0.1,2,28668,4103,0
matmul_train,global,sfreq+idle+age,matmul-naive64-s1,train,matmul,matmul-naive64,0.1,2,32769,4103,0
matmul_train,global,sfreq+idle+dirty,matmul-naive64-s1,train,matmul,matmul-naive64,0.1,2,32769,4103,0
matmul_train,global,sfreq+idle+refaults,matmul-naive64-s1,train,matmul,matmul-naive64,0.1,2,32420,4103,0
matmul_train,global,sfreq+idle+rdist,matmul-naive64-s1,train,matmul,matmul-naive64,0.1,2,27314,4103,0
matmul_train,global,sfreq+age+dirty,matmul-naive64-s1,train,matmul,matmul-naive64,0.1,2,28676,4103,0
matmul_train,global,sfreq+age+refaults,matmul-naive64-s1,train,matmul,matmul-naive64,0.1,2,32355,4103,0
matmul_train,global,sfreq+age+rdist,matmul-naive64-s1,train,matmul,matmul-naive64,0.1,2,27332,4103,0
matmul_train,global,sfreq+dirty+refaults,matmul-naive64-s1,train,matmul,matmul-naive64,0.1,2,32438,4103,0
matmul_train,global,sfreq+dirty+rdist,matmul-naive64-s1,train,matmul,matmul-naive64,0.1,2,27313,4103,0
matmul_train,global,sfreq+refaults+rdist,matmul-naive64-s1,train,matmul,matmul-naive64,0.1,2,30769,4103,0
matmul_train,global,idle+age+dirty,matmul-naive64-s1,train,matmul,matmul-naive64,0.1,2,32769,4103,0
matmul_train,global,idle+age+refaults,matmul-naive64-s1,train,matmul,matmul-naive64,0.1,2,32499,4103,0
matmul_train,global,idle+age+rdist,matmul-naive64-s1,train,matmul,matmul-naive64,0.1,2,27314,4103,0
matmul_train,global,idle+dirty+refaults,matmul-naive64-s1,train,matmul,matmul-naive64,0.1,2,32086,4103,0
matmul_train,global,idle+dirty+rdist,matmul-naive64-s1,train,matmul,matmul-naive64,0.1,2,27310,4103,0
matmul_train,global,idle+refaults+rdist,matmul-naive64-s1,train,matmul,matmul-naive64,0.1,2,28963,4103,0
matmul_train,global,age+dirty+refaults,matmul-naive64-s1,train,matmul,matmul-naive64,0.1,2,40469,4103,0
matmul_train,global,age+dirty+rdist,matmul-naive64-s1,train,matmul,matmul-naive64,0.1,2,27332,4103,0
matmul_train,global,age+refaults+rdist,matmul-naive64-s1,train,matmul,matmul-naive64,0.1,2,34327,4103,0
matmul_train,global,dirty+refaults+rdist,matmul-naive64-s1,train,matmul,matmul-naive64,0.1,2,28666,4103,0
matmul_train,global,ref+aging+sfreq+idle,matmul-naive64-s1,train,matmul,matmul-naive64,0.1,2,32769,4103,0
matmul_train,global,ref+aging+sfreq+age,matmul-naive64-s1,train,matmul,matmul-naive64,0.1,2,32769,4103,0
matmul_train,global,ref+aging+sfreq+dirty,matmul-naive64-s1,train,matmul,matmul-naive64,0.1,2,32769,4103,0
matmul_train,global,ref+aging+sfreq+refaults,matmul-naive64-s1,train,matmul,matmul-naive64,0.1,2,32487,4103,0
matmul_train,global,ref+aging+sfreq+rdist,matmul-naive64-s1,train,matmul,matmul-naive64,0.1,2,27313,4103,0
matmul_train,global,ref+aging+idle+age,matmul-naive64-s1,train,matmul,matmul-naive64,0.1,2,32769,4103,0
matmul_train,global,ref+aging+idle+dirty,matmul-naive64-s1,train,matmul,matmul-naive64,0.1,2,30720,4103,0
matmul_train,global,ref+aging+idle+refaults,matmul-naive64-s1,train,matmul,matmul-naive64,0.1,2,32086,4103,0
matmul_train,global,ref+aging+idle+rdist,matmul-naive64-s1,train,matmul,matmul-naive64,0.1,2,27310,4103,0
matmul_train,global,ref+aging+age+dirty,matmul-naive64-s1,train,matmul,matmul-naive64,0.1,2,32769,4103,0
matmul_train,global,ref+aging+age+refaults,matmul-naive64-s1,train,matmul,matmul-naive64,0.1,2,32601,4103,0
matmul_train,global,ref+aging+age+rdist,matmul-naive64-s1,train,matmul,matmul-naive64,0.1,2,27313,4103,0
matmul_train,global,ref+aging+dirty+refaults,matmul-naive64-s1,train,matmul,matmul-naive64,0.1,2,32486,4103,0
matmul_train,global,ref+aging+dirty+rdist,matmul-naive64-s1,train,matmul,matmul-naive64,0.1,2,27310,4103,0
matmul_train,global,ref+aging+refaults+rdist,matmul-naive64-s1,train,matmul,matmul-naive64,0.1,2,28676,4103,0
matmul_train,global,ref+sfreq+idle+age,matmul-naive64-s1,train,matmul,matmul-naive64,0.1,2,32769,4103,0
matmul_train,global,ref+sfreq+idle+dirty,matmul-naive64-s1,train,matmul,matmul-naive64,0.1,2,32769,4103,0
matmul_train,global,ref+sfreq+idle+refaults,matmul-naive64-s1,train,matmul,matmul-naive64,0.1,2,32415,4103,0
matmul_train,global,ref+sfreq+idle+rdist,matmul-naive64-s1,train,matmul,matmul-naive64,0.1,2,27310,4103,0
matmul_train,global,ref+sfreq+age+dirty,matmul-naive64-s1,train,matmul,matmul-naive64,0.1,2,28676,4103,0
matmul_train,global,ref+sfreq+age+refaults,matmul-naive64-s1,train,matmul,matmul-naive64,0.1,2,32371,4103,0
matmul_train,global,ref+sfreq+age+rdist,matmul-naive64-s1,train,matmul,matmul-naive64,0.1,2,27310,4103,0
matmul_train,global,ref+sfreq+dirty+refaults,matmul-naive64-s1,train,matmul,matmul-naive64,0.1,2,32419,4103,0
matmul_train,global,ref+sfreq+dirty+rdist,matmul-naive64-s1,train,matmul,matmul-naive64,0.1,2,27310,4103,0
matmul_train,global,ref+sfreq+refaults+rdist,matmul-naive64-s1,train,matmul,matmul-naive64,0.1,2,30840,4103,0
matmul_train,global,ref+idle+age+dirty,matmul-naive64-s1,train,matmul,matmul-naive64,0.1,2,32769,4103,0
matmul_train,global,ref+idle+age+refaults,matmul-naive64-s1,train,matmul,matmul-naive64,0.1,2,32495,4103,0
matmul_train,global,ref+idle+age+rdist,matmul-naive64-s1,train,matmul,matmul-naive64,0.1,2,27310,4103,0
matmul_train,global,ref+idle+dirty+refaults,matmul-naive64-s1,train,matmul,matmul-naive64,0.1,2,32264,4103,0
matmul_train,global,ref+idle+dirty+rdist,matmul-naive64-s1,train,matmul,matmul-naive64,0.1,2,27310,4103,0
matmul_train,global,ref+idle+refaults+rdist,matmul-naive64-s1,train,matmul,matmul-naive64,0.1,2,28813,4103,0
matmul_train,global,ref+age+dirty+refaults,matmul-naive64-s1,train,matmul,matmul-naive64,0.1,2,32402,4103,0
matmul_train,global,ref+age+dirty+rdist,matmul-naive64-s1,train,matmul,matmul-naive64,0.1,2,27310,4103,0
matmul_train,global,ref+age+refaults+rdist,matmul-naive64-s1,train,matmul,matmul-naive64,0.1,2,30299,4103,0
matmul_train,global,ref+dirty+refaults+rdist,matmul-naive64-s1,train,matmul,matmul-naive64,0.1,2,28734,4103,0
matmul_train,global,aging+sfreq+idle+age,matmul-naive64-s1,train,matmul,matmul-naive64,0.1,2,32769,4103,0
matmul_train,global,aging+sfreq+idle+dirty,matmul-naive64-s1,train,matmul,matmul-naive64,0.1,2,32769,4103,0
matmul_train,global,aging+sfreq+idle+refaults,matmul-naive64-s1,train,matmul,matmul-naive64,0.1,2,32457,4103,0
matmul_train,global,aging+sfreq+idle+rdist,matmul-naive64-s1,train,matmul,matmul-naive64,0.1,2,27310,4103,0
matmul_train,global,aging+sfreq+age+dirty,matmul-naive64-s1,train,matmul,matmul-naive64,0.1,2,32769,4103,0
matmul_train,global,aging+sfreq+age+refaults,matmul-naive64-s1,train,matmul,matmul-naive64,0.1,2,32540,4103,0
matmul_train,global,aging+sfreq+age+rdist,matmul-naive64-s1,train,matmul,matmul-naive64,0.1,2,27310,4103,0
matmul_train,global,aging+sfreq+dirty+refaults,matmul-naive64-s1,train,matmul,matmul-naive64,0.1,2,32464,4103,0
matmul_train,global,aging+sfreq+dirty+rdist,matmul-naive64-s1,train,matmul,matmul-naive64,0.1,2,27310,4103,0
matmul_train,global,aging+sfreq+refaults+rdist,matmul-naive64-s1,train,matmul,matmul-naive64,0.1,2,31033,4103,0
matmul_train,global,aging+idle+age+dirty,matmul-naive64-s1,train,matmul,matmul-naive64,0.1,2,32769,4103,0
matmul_train,global,aging+idle+age+refaults,matmul-naive64-s1,train,matmul,matmul-naive64,0.1,2,32539,4103,0
matmul_train,global,aging+idle+age+rdist,matmul-naive64-s1,train,matmul,matmul-naive64,0.1,2,27310,4103,0
matmul_train,global,aging+idle+dirty+refaults,matmul-naive64-s1,train,matmul,matmul-naive64,0.1,2,32427,4103,0
matmul_train,global,aging+idle+dirty+rdist,matmul-naive64-s1,train,matmul,matmul-naive64,0.1,2,27310,4103,0
matmul_train,global,aging+idle+refaults+rdist,matmul-naive64-s1,train,matmul,matmul-naive64,0.1,2,28650,4103,0
matmul_train,global,aging+age+dirty+refaults,matmul-naive64-s1,train,matmul,matmul-naive64,0.1,2,32520,4103,0
matmul_train,global,aging+age+dirty+rdist,matmul-naive64-s1,train,matmul,matmul-naive64,0.1,2,27310,4103,0
matmul_train,global,aging+age+refaults+rdist,matmul-naive64-s1,train,matmul,matmul-naive64,0.1,2,31127,4103,0
matmul_train,global,aging+dirty+refaults+rdist,matmul-naive64-s1,train,matmul,matmul-naive64,0.1,2,28672,4103,0
matmul_train,global,sfreq+idle+age+dirty,matmul-naive64-s1,train,matmul,matmul-naive64,0.1,2,32769,4103,0
matmul_train,global,sfreq+idle+age+refaults,matmul-naive64-s1,train,matmul,matmul-naive64,0.1,2,32505,4103,0
matmul_train,global,sfreq+idle+age+rdist,matmul-naive64-s1,train,matmul,matmul-naive64,0.1,2,27314,4103,0
matmul_train,global,sfreq+idle+dirty+refaults,matmul-naive64-s1,train,matmul,matmul-naive64,0.1,2,32433,4103,0
matmul_train,global,sfreq+idle+dirty+rdist,matmul-naive64-s1,train,matmul,matmul-naive64,0.1,2,27310,4103,0
matmul_train,global,sfreq+idle+refaults+rdist,matmul-naive64-s1,train,matmul,matmul-naive64,0.1,2,31019,4103,0
matmul_train,global,sfreq+age+dirty+refaults,matmul-naive64-s1,train,matmul,matmul-naive64,0.1,2,32355,4103,0
matmul_train,global,sfreq+age+dirty+rdist,matmul-naive64-s1,train,matmul,matmul-naive64,0.1,2,27331,4103,0
matmul_train,global,sfreq+age+refaults+rdist,matmul-naive64-s1,train,matmul,matmul-naive64,0.1,2,30762,4103,0
matmul_train,global,sfreq+dirty+refaults+rdist,matmul-naive64-s1,train,matmul,matmul-naive64,0.1,2,30729,4103,0
matmul_train,global,idle+age+dirty+refaults,matmul-naive64-s1,train,matmul,matmul-naive64,0.1,2,32509,4103,0
matmul_train,global,idle+age+dirty+rdist,matmul-naive64-s1,train,matmul,matmul-naive64,0.1,2,27310,4103,0
matmul_train,global,idle+age+refaults+rdist,matmul-naive64-s1,train,matmul,matmul-naive64,0.1,2,31281,4103,0
matmul_train,global,idle+dirty+refaults+rdist,matmul-naive64-s1,train,matmul,matmul-naive64,0.1,2,28920,4103,0
matmul_train,global,age+dirty+refaults+rdist,matmul-naive64-s1,train,matmul,matmul-naive64,0.1,2,34284,4103,0
matmul_train,global,ref+aging+sfreq+idle+age,matmul-naive64-s1,train,matmul,matmul-naive64,0.1,2,32769,4103,0
matmul_train,global,ref+aging+sfreq+idle+dirty,matmul-naive64-s1,train,matmul,matmul-naive64,0.1,2,32769,4103,0
matmul_train,global,ref+aging+sfreq+idle+refaults,matmul-naive64-s1,train,matmul,matmul-naive64,0.1,2,32492,4103,0
matmul_train,global,ref+aging+sfreq+idle+rdist,matmul-naive64-s1,train,matmul,matmul-naive64,0.1,2,27313,4103,0
matmul_train,global,ref+aging+sfreq+age+dirty,matmul-naive64-s1,train,matmul,matmul-naive64,0.1,2,32769,4103,0
matmul_train,global,ref+aging+sfreq+age+refaults,matmul-naive64-s1,train,matmul,matmul-naive64,0.1,2,32526,4103,0
matmul_train,global,ref+aging+sfreq+age+rdist,matmul-naive64-s1,train,matmul,matmul-naive64,0.1,2,27313,4103,0
matmul_train,global,ref+aging+sfreq+dirty+refaults,matmul-naive64-s1,train,matmul,matmul-naive64,0.1,2,32496,4103,0
matmul_train,global,ref+aging+sfreq+dirty+rdist,matmul-naive64-s1,train,matmul,matmul-naive64,0.1,2,27310,4103,0
matmul_train,global,ref+aging+sfreq+refaults+rdist,matmul-naive64-s1,train,matmul,matmul-naive64,0.1,2,31080,4103,0
matmul_train,global,ref+aging+idle+age+dirty,matmul-naive64-s1,train,matmul,matmul-naive64,0.1,2,32769,4103,0
matmul_train,global,ref+aging+idle+age+refaults,matmul-naive64-s1,train,matmul,matmul-naive64,0.1,2,32606,4103,0
matmul_train,global,ref+aging+idle+age+rdist,matmul-naive64-s1,train,matmul,matmul-naive64,0.1,2,27313,4103,0
matmul_train,global,ref+aging+idle+dirty+refaults,matmul-naive64-s1,train,matmul,matmul-naive64,0.1,2,32427,4103,0
matmul_train,global,ref+aging+idle+dirty+rdist,matmul-naive64-s1,train,matmul,matmul-naive64,0.1,2,27310,4103,0
matmul_train,global,ref+aging+idle+refaults+rdist,matmul-naive64-s1,train,matmul,matmul-naive64,0.1,2,28662,4103,0
matmul_train,global,ref+aging+age+dirty+refaults,matmul-naive64-s1,train,matmul,matmul-naive64,0.1,2,32605,4103,0
matmul_train,global,ref+aging+age+dirty+rdist,matmul-naive64-s1,train,matmul,matmul-naive64,0.1,2,27310,4103,0
matmul_train,global,ref+aging+age+refaults+rdist,matmul-naive64-s1,train,matmul,matmul-naive64,0.1,2,31299,4103,0
matmul_train,global,ref+aging+dirty+refaults+rdist,matmul-naive64-s1,train,matmul,matmul-naive64,0.1,2,28680,4103,0
matmul_train,global,ref+sfreq+idle+age+dirty,matmul-naive64-s1,train,matmul,matmul-naive64,0.1,2,32769,4103,0
matmul_train,global,ref+sfreq+idle+age+refaults,matmul-naive64-s1,train,matmul,matmul-naive64,0.1,2,32487,4103,0
matmul_train,global,ref+sfreq+idle+age+rdist,matmul-naive64-s1,train,matmul,matmul-naive64,0.1,2,27310,4103,0
matmul_train,global,ref+sfreq+idle+dirty+refaults,matmul-naive64-s1,train,matmul,matmul-naive64,0.1,2,32422,4103,0
matmul_train,global,ref+sfreq+idle+dirty+rdist,matmul-naive64-s1,train,matmul,matmul-naive64,0.1,2,27310,4103,0
matmul_train,global,ref+sfreq+idle+refaults+rdist,matmul-naive64-s1,train,matmul,matmul-naive64,0.1,2,30911,4103,0
matmul_train,global,ref+sfreq+age+dirty+refaults,matmul-naive64-s1,train,matmul,matmul-naive64,0.1,2,32374,4103,0
matmul_train,global,ref+sfreq+age+dirty+rdist,matmul-naive64-s1,train,matmul,matmul-naive64,0.1,2,27310,4103,0
matmul_train,global,ref+sfreq+age+refaults+rdist,matmul-naive64-s1,train,matmul,matmul-naive64,0.1,2,30840,4103,0
matmul_train,global,ref+sfreq+dirty+refaults+rdist,matmul-naive64-s1,train,matmul,matmul-naive64,0.1,2,30815,4103,0
matmul_train,global,ref+idle+age+dirty+refaults,matmul-naive64-s1,train,matmul,matmul-naive64,0.1,2,32502,4103,0
matmul_train,global,ref+idle+age+dirty+rdist,matmul-naive64-s1,train,matmul,matmul-naive64,0.1,2,27310,4103,0
matmul_train,global,ref+idle+age+refaults+rdist,matmul-naive64-s1,train,matmul,matmul-naive64,0.1,2,31141,4103,0
matmul_train,global,ref+idle+dirty+refaults+rdist,matmul-naive64-s1,train,matmul,matmul-naive64,0.1,2,28802,4103,0
matmul_train,global,ref+age+dirty+refaults+rdist,matmul-naive64-s1,train,matmul,matmul-naive64,0.1,2,30268,4103,0
matmul_train,global,aging+sfreq+idle+age+dirty,matmul-naive64-s1,train,matmul,matmul-naive64,0.1,2,32769,4103,0
matmul_train,global,aging+sfreq+idle+age+refaults,matmul-naive64-s1,train,matmul,matmul-naive64,0.1,2,32510,4103,0
matmul_train,global,aging+sfreq+idle+age+rdist,matmul-naive64-s1,train,matmul,matmul-naive64,0.1,2,27310,4103,0
matmul_train,global,aging+sfreq+idle+dirty+refaults,matmul-naive64-s1,train,matmul,matmul-naive64,0.1,2,32464,4103,0
matmul_train,global,aging+sfreq+idle+dirty+rdist,matmul-naive64-s1,train,matmul,matmul-naive64,0.1,2,27310,4103,0
matmul_train,global,aging+sfreq+idle+refaults+rdist,matmul-naive64-s1,train,matmul,matmul-naive64,0.1,2,30973,4103,0
matmul_train,global,aging+sfreq+age+dirty+refaults,matmul-naive64-s1,train,matmul,matmul-naive64,0.1,2,32536,4103,0
matmul_train,global,aging+sfreq+age+dirty+rdist,matmul-naive64-s1,train,matmul,matmul-naive64,0.1,2,27310,4103,0
matmul_train,global,aging+sfreq+age+refaults+rdist,matmul-naive64-s1,train,matmul,matmul-naive64,0.1,2,31198,4103,0
matmul_train,global,aging+sfreq+dirty+refaults+rdist,matmul-naive64-s1,train,matmul,matmul-naive64,0.1,2,31005,4103,0
matmul_train,global,aging+idle+age+dirty+refaults,matmul-naive64-s1,train,matmul,matmul-naive64,0.1,2,32544,4103,0
matmul_train,global,aging+idle+age+dirty+rdist,matmul-naive64-s1,train,matmul,matmul-naive64,0.1,2,27310,4103,0
matmul_train,global,aging+idle+age+refaults+rdist,matmul-naive64-s1,train,matmul,matmul-naive64,0.1,2,31302,4103,0
matmul_train,global,aging+idle+dirty+refaults+rdist,matmul-naive64-s1,train,matmul,matmul-naive64,0.1,2,28656,4103,0
matmul_train,global,aging+age+dirty+refaults+rdist,matmul-naive64-s1,train,matmul,matmul-naive64,0.1,2,31100,4103,0
matmul_train,global,sfreq+idle+age+dirty+refaults,matmul-naive64-s1,train,matmul,matmul-naive64,0.1,2,32533,4103,0
matmul_train,global,sfreq+idle+age+dirty+rdist,matmul-naive64-s1,train,matmul,matmul-naive64,0.1,2,27310,4103,0
matmul_train,global,sfreq+idle+age+refaults+rdist,matmul-naive64-s1,train,matmul,matmul-naive64,0.1,2,31221,4103,0
matmul_train,global,sfreq+idle+dirty+refaults+rdist,matmul-naive64-s1,train,matmul,matmul-naive64,0.1,2,30981,4103,0
matmul_train,global,sfreq+age+dirty+refaults+rdist,matmul-naive64-s1,train,matmul,matmul-naive64,0.1,2,30733,4103,0
matmul_train,global,idle+age+dirty+refaults+rdist,matmul-naive64-s1,train,matmul,matmul-naive64,0.1,2,31267,4103,0
matmul_train,global,ref+aging+sfreq+idle+age+dirty,matmul-naive64-s1,train,matmul,matmul-naive64,0.1,2,32769,4103,0
matmul_train,global,ref+aging+sfreq+idle+age+refaults,matmul-naive64-s1,train,matmul,matmul-naive64,0.1,2,32612,4103,0
matmul_train,global,ref+aging+sfreq+idle+age+rdist,matmul-naive64-s1,train,matmul,matmul-naive64,0.1,2,27313,4103,0
matmul_train,global,ref+aging+sfreq+idle+dirty+refaults,matmul-naive64-s1,train,matmul,matmul-naive64,0.1,2,32500,4103,0
matmul_train,global,ref+aging+sfreq+idle+dirty+rdist,matmul-naive64-s1,train,matmul,matmul-naive64,0.1,2,27310,4103,0
matmul_train,global,ref+aging+sfreq+idle+refaults+rdist,matmul-naive64-s1,train,matmul,matmul-naive64,0.1,2,31022,4103,0
matmul_train,global,ref+aging+sfreq+age+dirty+refaults,matmul-naive64-s1,train,matmul,matmul-naive64,0.1,2,32530,4103,0
matmul_train,global,ref+aging+sfreq+age+dirty+rdist,matmul-naive64-s1,train,matmul,matmul-naive64,0.1,2,27310,4103,0
matmul_train,global,ref+aging+sfreq+age+refaults+rdist,matmul-naive64-s1,train,matmul,matmul-naive64,0.1,2,31310,4103,0
matmul_train,global,ref+aging+sfreq+dirty+refaults+rdist,matmul-naive64-s1,train,matmul,matmul-naive64,0.1,2,31052,4103,0
matmul_train,global,ref+aging+idle+age+dirty+refaults,matmul-naive64-s1,train,matmul,matmul-naive64,0.1,2,32616,4103,0
matmul_train,global,ref+aging+idle+age+dirty+rdist,matmul-naive64-s1,train,matmul,matmul-naive64,0.1,2,27310,4103,0
matmul_train,global,ref+aging+idle+age+refaults+rdist,matmul-naive64-s1,train,matmul,matmul-naive64,0.1,2,31393,4103,0
matmul_train,global,ref+aging+idle+dirty+refaults+rdist,matmul-naive64-s1,train,matmul,matmul-naive64,0.1,2,28668,4103,0
matmul_train,global,ref+aging+age+dirty+refaults+rdist,matmul-naive64-s1,train,matmul,matmul-naive64,0.1,2,31275,4103,0
matmul_train,global,ref+sfreq+idle+age+dirty+refaults,matmul-naive64-s1,train,matmul,matmul-naive64,0.1,2,32505,4103,0
matmul_train,global,ref+sfreq+idle+age+dirty+rdist,matmul-naive64-s1,train,matmul,matmul-naive64,0.1,2,27310,4103,0
matmul_train,global,ref+sfreq+idle+age+refaults+rdist,matmul-naive64-s1,train,matmul,matmul-naive64,0.1,2,31088,4103,0
matmul_train,global,ref+sfreq+idle+dirty+refaults+rdist,matmul-naive64-s1,train,matmul,matmul-naive64,0.1,2,30885,4103,0
matmul_train,global,ref+sfreq+age+dirty+refaults+rdist,matmul-naive64-s1,train,matmul,matmul-naive64,0.1,2,30814,4103,0
matmul_train,global,ref+idle+age+dirty+refaults+rdist,matmul-naive64-s1,train,matmul,matmul-naive64,0.1,2,31133,4103,0
matmul_train,global,aging+sfreq+idle+age+dirty+refaults,matmul-naive64-s1,train,matmul,matmul-naive64,0.1,2,32514,4103,0
matmul_train,global,aging+sfreq+idle+age+dirty+rdist,matmul-naive64-s1,train,matmul,matmul-naive64,0.1,2,27310,4103,0
matmul_train,global,aging+sfreq+idle+age+refaults+rdist,matmul-naive64-s1,train,matmul,matmul-naive64,0.1,2,31302,4103,0
matmul_train,global,aging+sfreq+idle+dirty+refaults+rdist,matmul-naive64-s1,train,matmul,matmul-naive64,0.1,2,30949,4103,0
matmul_train,global,aging+sfreq+age+dirty+refaults+rdist,matmul-naive64-s1,train,matmul,matmul-naive64,0.1,2,31174,4103,0
matmul_train,global,aging+idle+age+dirty+refaults+rdist,matmul-naive64-s1,train,matmul,matmul-naive64,0.1,2,31283,4103,0
matmul_train,global,sfreq+idle+age+dirty+refaults+rdist,matmul-naive64-s1,train,matmul,matmul-naive64,0.1,2,31204,4103,0
matmul_train,global,ref+aging+sfreq+idle+age+dirty+refaults,matmul-naive64-s1,train,matmul,matmul-naive64,0.1,2,32623,4103,0
matmul_train,global,ref+aging+sfreq+idle+age+dirty+rdist,matmul-naive64-s1,train,matmul,matmul-naive64,0.1,2,27310,4103,0
matmul_train,global,ref+aging+sfreq+idle+age+refaults+rdist,matmul-naive64-s1,train,matmul,matmul-naive64,0.1,2,31423,4103,0
matmul_train,global,ref+aging+sfreq+idle+dirty+refaults+rdist,matmul-naive64-s1,train,matmul,matmul-naive64,0.1,2,30997,4103,0
matmul_train,global,ref+aging+sfreq+age+dirty+refaults+rdist,matmul-naive64-s1,train,matmul,matmul-naive64,0.1,2,31289,4103,0
matmul_train,global,ref+aging+idle+age+dirty+refaults+rdist,matmul-naive64-s1,train,matmul,matmul-naive64,0.1,2,31377,4103,0
matmul_train,global,ref+sfreq+idle+age+dirty+refaults+rdist,matmul-naive64-s1,train,matmul,matmul-naive64,0.1,2,31078,4103,0
matmul_train,global,aging+sfreq+idle+age+dirty+refaults+rdist,matmul-naive64-s1,train,matmul,matmul-naive64,0.1,2,31283,4103,0
matmul_train,global,ref+aging+sfreq+idle+age+dirty+refaults+rdist,matmul-naive64-s1,train,matmul,matmul-naive64,0.1,2,31410,4103,0
matmul_train,global,rec+ref+aging+sfreq+idle+age+dirty,matmul-naive64-s1,train,matmul,matmul-naive64,0.1,2,32768,4103,0
matmul_train,global,rec+ref+aging+sfreq+idle+age+dirty+refaults+rdist,matmul-naive64-s1,train,matmul,matmul-naive64,0.1,2,29218,4103,0
matmul_train,global,freq+ref+aging+sfreq+idle+age+dirty,matmul-naive64-s1,train,matmul,matmul-naive64,0.1,2,33150,4103,0
matmul_train,global,freq+ref+aging+sfreq+idle+age+dirty+refaults+rdist,matmul-naive64-s1,train,matmul,matmul-naive64,0.1,2,32585,4103,0
matmul_train,global,sd+ref+aging+sfreq+idle+age+dirty,matmul-naive64-s1,train,matmul,matmul-naive64,0.1,2,28672,4103,0
matmul_train,global,sd+ref+aging+sfreq+idle+age+dirty+refaults+rdist,matmul-naive64-s1,train,matmul,matmul-naive64,0.1,2,30001,4103,0
matmul_train,global,wr+ref+aging+sfreq+idle+age+dirty,matmul-naive64-s1,train,matmul,matmul-naive64,0.1,2,32769,4103,0
matmul_train,global,wr+ref+aging+sfreq+idle+age+dirty+refaults+rdist,matmul-naive64-s1,train,matmul,matmul-naive64,0.1,2,31413,4103,0
matmul_train,global,rec+freq+ref+aging+sfreq+idle+age+dirty,matmul-naive64-s1,train,matmul,matmul-naive64,0.1,2,34398,4103,0
matmul_train,global,rec+freq+ref+aging+sfreq+idle+age+dirty+refaults+rdist,matmul-naive64-s1,train,matmul,matmul-naive64,0.1,2,28868,4103,0
matmul_train,global,rec+sd+ref+aging+sfreq+idle+age+dirty,matmul-naive64-s1,train,matmul,matmul-naive64,0.1,2,32767,4103,0
matmul_train,global,rec+sd+ref+aging+sfreq+idle+age+dirty+refaults+rdist,matmul-naive64-s1,train,matmul,matmul-naive64,0.1,2,29042,4103,0
matmul_train,global,rec+wr+ref+aging+sfreq+idle+age+dirty,matmul-naive64-s1,train,matmul,matmul-naive64,0.1,2,32768,4103,0
matmul_train,global,rec+wr+ref+aging+sfreq+idle+age+dirty+refaults+rdist,matmul-naive64-s1,train,matmul,matmul-naive64,0.1,2,29221,4103,0
matmul_train,global,freq+sd+ref+aging+sfreq+idle+age+dirty,matmul-naive64-s1,train,matmul,matmul-naive64,0.1,2,29141,4103,0
matmul_train,global,freq+sd+ref+aging+sfreq+idle+age+dirty+refaults+rdist,matmul-naive64-s1,train,matmul,matmul-naive64,0.1,2,29759,4103,0
matmul_train,global,freq+wr+ref+aging+sfreq+idle+age+dirty,matmul-naive64-s1,train,matmul,matmul-naive64,0.1,2,33150,4103,0
matmul_train,global,freq+wr+ref+aging+sfreq+idle+age+dirty+refaults+rdist,matmul-naive64-s1,train,matmul,matmul-naive64,0.1,2,32382,4103,0
matmul_train,global,sd+wr+ref+aging+sfreq+idle+age+dirty,matmul-naive64-s1,train,matmul,matmul-naive64,0.1,2,28672,4103,0
matmul_train,global,sd+wr+ref+aging+sfreq+idle+age+dirty+refaults+rdist,matmul-naive64-s1,train,matmul,matmul-naive64,0.1,2,29987,4103,0
matmul_train,global,rec+freq+sd+ref+aging+sfreq+idle+age+dirty,matmul-naive64-s1,train,matmul,matmul-naive64,0.1,2,34110,4103,0
matmul_train,global,rec+freq+sd+ref+aging+sfreq+idle+age+dirty+refaults+rdist,matmul-naive64-s1,train,matmul,matmul-naive64,0.1,2,29074,4103,0
matmul_train,global,rec+freq+wr+ref+aging+sfreq+idle+age+dirty,matmul-naive64-s1,train,matmul,matmul-naive64,0.1,2,34398,4103,0
matmul_train,global,rec+freq+wr+ref+aging+sfreq+idle+age+dirty+refaults+rdist,matmul-naive64-s1,train,matmul,matmul-naive64,0.1,2,28867,4103,0
matmul_train,global,rec+sd+wr+ref+aging+sfreq+idle+age+dirty,matmul-naive64-s1,train,matmul,matmul-naive64,0.1,2,32767,4103,0
matmul_train,global,rec+sd+wr+ref+aging+sfreq+idle+age+dirty+refaults+rdist,matmul-naive64-s1,train,matmul,matmul-naive64,0.1,2,29041,4103,0
matmul_train,global,freq+sd+wr+ref+aging+sfreq+idle+age+dirty,matmul-naive64-s1,train,matmul,matmul-naive64,0.1,2,29119,4103,0
matmul_train,global,freq+sd+wr+ref+aging+sfreq+idle+age+dirty+refaults+rdist,matmul-naive64-s1,train,matmul,matmul-naive64,0.1,2,29782,4103,0
matmul_train,global,rec+freq+sd+wr+ref+aging+sfreq+idle+age+dirty,matmul-naive64-s1,train,matmul,matmul-naive64,0.1,2,34090,4103,0
matmul_train,global,rec+freq+sd+wr+ref+aging+sfreq+idle+age+dirty+refaults+rdist,matmul-naive64-s1,train,matmul,matmul-naive64,0.1,2,29069,4103,0
matmul_train,matmul,rec,matmul-naive64-s1,train,matmul,matmul-naive64,0.2,2,28672,4103,0
matmul_train,matmul,freq,matmul-naive64-s1,train,matmul,matmul-naive64,0.2,2,40956,4103,0
matmul_train,matmul,sd,matmul-naive64-s1,train,matmul,matmul-naive64,0.2,2,28672,4103,0
matmul_train,matmul,wr,matmul-naive64-s1,train,matmul,matmul-naive64,0.2,2,28676,4103,0
matmul_train,matmul,rec+freq,matmul-naive64-s1,train,matmul,matmul-naive64,0.2,2,29206,4103,0
matmul_train,matmul,rec+sd,matmul-naive64-s1,train,matmul,matmul-naive64,0.2,2,28672,4103,0
matmul_train,matmul,rec+wr,matmul-naive64-s1,train,matmul,matmul-naive64,0.2,2,28672,4103,0
matmul_train,matmul,freq+sd,matmul-naive64-s1,train,matmul,matmul-naive64,0.2,2,28697,4103,0
matmul_train,matmul,freq+wr,matmul-naive64-s1,train,matmul,matmul-naive64,0.2,2,40960,4103,0
matmul_train,matmul,sd+wr,matmul-naive64-s1,train,matmul,matmul-naive64,0.2,2,28672,4103,0
matmul_train,matmul,rec+freq+sd,matmul-naive64-s1,train,matmul,matmul-naive64,0.2,2,28718,4103,0
matmul_train,matmul,rec+freq+wr,matmul-naive64-s1,train,matmul,matmul-naive64,0.2,2,28672,4103,0
matmul_train,matmul,rec+sd+wr,matmul-naive64-s1,train,matmul,matmul-naive64,0.2,2,28672,4103,0
matmul_train,matmul,freq+sd+wr,matmul-naive64-s1,train,matmul,matmul-naive64,0.2,2,28672,4103,0
matmul_train,matmul,rec+freq+sd+wr,matmul-naive64-s1,train,matmul,matmul-naive64,0.2,2,28672,4103,0
matmul_train,matmul,ref,matmul-naive64-s1,train,matmul,matmul-naive64,0.2,2,30720,4103,0
matmul_train,matmul,aging,matmul-naive64-s1,train,matmul,matmul-naive64,0.2,2,30720,4103,0
matmul_train,matmul,sfreq,matmul-naive64-s1,train,matmul,matmul-naive64,0.2,2,32769,4103,0
matmul_train,matmul,idle,matmul-naive64-s1,train,matmul,matmul-naive64,0.2,2,30720,4103,0
matmul_train,matmul,age,matmul-naive64-s1,train,matmul,matmul-naive64,0.2,2,32771,4103,0
matmul_train,matmul,dirty,matmul-naive64-s1,train,matmul,matmul-naive64,0.2,2,28676,4103,0
matmul_train,matmul,refaults,matmul-naive64-s1,train,matmul,matmul-naive64,0.2,2,34812,4103,0
matmul_train,matmul,rdist,matmul-naive64-s1,train,matmul,matmul-naive64,0.2,2,27332,4103,0
matmul_train,matmul,ref+aging,matmul-naive64-s1,train,matmul,matmul-naive64,0.2,2,30720,4103,0
matmul_train,matmul,ref+sfreq,matmul-naive64-s1,train,matmul,matmul-naive64,0.2,2,32769,4103,0
matmul_train,matmul,ref+idle,matmul-naive64-s1,train,matmul,matmul-naive64,0.2,2,30720,4103,0
matmul_train,matmul,ref+age,matmul-naive64-s1,train,matmul,matmul-naive64,0.2,2,32769,4103,0
matmul_train,matmul,ref+dirty,matmul-naive64-s1,train,matmul,matmul-naive64,0.2,2,28676,4103,0
matmul_train,matmul,ref+refaults,matmul-naive64-s1,train,matmul,matmul-naive64,0.2,2,30720,4103,0
matmul_train,matmul,ref+rdist,matmul-naive64-s1,train,matmul,matmul-naive64,0.2,2,27332,4103,0
matmul_train,matmul,aging+sfreq,matmul-naive64-s1,train,matmul,matmul-naive64,0.2,2,32769,4103,0
matmul_train,matmul,aging+idle,matmul-naive64-s1,train,matmul,matmul-naive64,0.2,2,30720,4103,0
matmul_train,matmul,aging+age,matmul-naive64-s1,train,matmul,matmul-naive64,0.2,2,32769,4103,0
matmul_train,matmul,aging+dirty,matmul-naive64-s1,train,matmul,matmul-naive64,0.2,2,28676,4103,0
matmul_train,matmul,aging+refaults,matmul-naive64-s1,train,matmul,matmul-naive64,0.2,2,30720,4103,0
matmul_train,matmul,aging+rdist,matmul-naive64-s1,train,matmul,matmul-naive64,0.2,2,27332,4103,0
matmul_train,matmul,sfreq+idle,matmul-naive64-s1,train,matmul,matmul-naive64,0.2,2,32769,4103,0
matmul_train,matmul,sfreq+age,matmul-naive64-s1,train,matmul,matmul-naive64,0.2,2,32769,4103,0
matmul_train,matmul,sfreq+dirty,matmul-naive64-s1,train,matmul,matmul-naive64,0.2,2,32769,4103,0
matmul_train,matmul,sfreq+refaults,matmul-naive64-s1,train,matmul,matmul-naive64,0.2,2,33050,4103,0
matmul_train,matmul,sfreq+rdist,matmul-naive64-s1,train,matmul,matmul-naive64,0.2,2,27314,4103,0
matmul_train,matmul,idle+age,matmul-naive64-s1,train,matmul,matmul-naive64,0.2,2,32769,4103,0
matmul_train,matmul,idle+dirty,matmul-naive64-s1,train,matmul,matmul-naive64,0.2,2,28676,4103,0
matmul_train,matmul,idle+refaults,matmul-naive64-s1,train,matmul,matmul-naive64,0.2,2,30720,4103,0
matmul_train,matmul,idle+rdist,matmul-naive64-s1,train,matmul,matmul-naive64,0.2,2,27332,4103,0
matmul_train,matmul,age+dirty,matmul-naive64-s1,train,matmul,matmul-naive64,0.2,2,32771,4103,0
matmul_train,matmul,age+refaults,matmul-naive64-s1,train,matmul,matmul-naive64,0.2,2,38932,4103,0
matmul_train,matmul,age+rdist,matmul-naive64-s1,train,matmul,matmul-naive64,0.2,2,32777,4103,0
matmul_train,matmul,dirty+refaults,matmul-naive64-s1,train,matmul,matmul-naive64,0.2,2,29697,4103,0
matmul_train,matmul,dirty+rdist,matmul-naive64-s1,train,matmul,matmul-naive64,0.2,2,27332,4103,0
matmul_train,matmul,refaults+rdist,matmul-naive64-s1,train,matmul,matmul-naive64,0.2,2,32763,4103,0
matmul_train,matmul,ref+aging+sfreq,matmul-naive64-s1,train,matmul,matmul-naive64,0.2,2,32769,4103,0
matmul_train,matmul,ref+aging+idle,matmul-naive64-s1,train,matmul,matmul-naive64,0.2,2,30720,4103,0
matmul_train,matmul,ref+aging+age,matmul-naive64-s1,train,matmul,matmul-naive64,0.2,2,32769,4103,0
matmul_train,matmul,ref+aging+dirty,matmul-naive64-s1,train,matmul,matmul-naive64,0.2,2,28676,4103,0
matmul_train,matmul,ref+aging+refaults,matmul-naive64-s1,train,matmul,matmul-naive64,0.2,2,30721,4103,0
matmul_train,matmul,ref+aging+rdist,matmul-naive64-s1,train,matmul,matmul-naive64,0.2,2,27332,4103,0
matmul_train,matmul,ref+sfreq+idle,matmul-naive64-s1,train,matmul,matmul-naive64,0.2,2,32769,4103,0
matmul_train,matmul,ref+sfreq+age,matmul-naive64-s1,train,matmul,matmul-naive64,0.2,2,32769,4103,0
matmul_train,matmul,ref+sfreq+dirty,matmul-naive64-s1,train,matmul,matmul-naive64,0.2,2,32769,4103,0
matmul_train,matmul,ref+sfreq+refaults,matmul-naive64-s1,train,matmul,matmul-naive64,0.2,2,33216,4103,0
matmul_train,matmul,ref+sfreq+rdist,matmul-naive64-s1,train,matmul,matmul-naive64,0.2,2,27314,4103,0
matmul_train,matmul,ref+idle+age,matmul-naive64-s1,train,matmul,matmul-naive64,0.2,2,32769,4103,0
matmul_train,matmul,ref+idle+dirty,matmul-naive64-s1,train,matmul,matmul-naive64,0.2,2,28676,4103,0
matmul_train,matmul,ref+idle+refaults,matmul-naive64-s1,train,matmul,matmul-naive64,0.2,2,30720,4103,0
matmul_train,matmul,ref+idle+rdist,matmul-naive64-s1,train,matmul,matmul-naive64,0.2,2,27332,4103,0
matmul_train,matmul,ref+age+dirty,matmul-naive64-s1,train,matmul,matmul-naive64,0.2,2,32769,4103,0
matmul_train,matmul,ref+age+refaults,matmul-naive64-s1,train,matmul,matmul-naive64,0.2,2,33023,4103,0
matmul_train,matmul,ref+age+rdist,matmul-naive64-s1,train,matmul,matmul-naive64,0.2,2,27314,4103,0
matmul_train,matmul,ref+dirty+refaults,matmul-naive64-s1,train,matmul,matmul-naive64,0.2,2,29697,4103,0
matmul_train,matmul,ref+dirty+rdist,matmul-naive64-s1,train,matmul,matmul-naive64,0.2,2,27331,4103,0
matmul_train,matmul,ref+refaults+rdist,matmul-naive64-s1,train,matmul,matmul-naive64,0.2,2,27314,4103,0
matmul_train,matmul,aging+sfreq+idle,matmul-naive64-s1,train,matmul,matmul-naive64,0.2,2,32769,4103,0
matmul_train,matmul,aging+sfreq+age,matmul-naive64-s1,train,matmul,matmul-naive64,0.2,2,32769,4103,0
matmul_train,matmul,aging+sfreq+dirty,matmul-naive64-s1,train,matmul,matmul-naive64,0.2,2,32769,4103,0
matmul_train,matmul,aging+sfreq+refaults,matmul-naive64-s1,train,matmul,matmul-naive64,0.2,2,33227,4103,0
matmul_train,matmul,aging+sfreq+rdist,matmul-naive64-s1,train,matmul,matmul-naive64,0.2,2,27314,4103,0
matmul_train,matmul,aging+idle+age,matmul-naive64-s1,train,matmul,matmul-naive64,0.2,2,32769,4103,0
matmul_train,matmul,aging+idle+dirty,matmul-naive64-s1,train,matmul,matmul-naive64,0.2,2,28676,4103,0
matmul_train,matmul,aging+idle+refaults,matmul-naive64-s1,train,matmul,matmul-naive64,0.2,2,30720,4103,0
matmul_train,matmul,aging+idle+rdist,matmul-naive64-s1,train,matmul,matmul-naive64,0.2,2,27332,4103,0
matmul_train,matmul,aging+age+dirty,matmul-naive64-s1,train,matmul,matmul-naive64,0.2,2,32769,4103,0
matmul_train,matmul,aging+age+refaults,matmul-naive64-s1,train,matmul,matmul-naive64,0.2,2,33042,4103,0
matmul_train,matmul,aging+age+rdist,matmul-naive64-s1,train,matmul,matmul-naive64,0.2,2,27314,4103,0
matmul_train,matmul,aging+dirty+refaults,matmul-naive64-s1,train,matmul,matmul-naive64,0.2,2,29697,4103,0
matmul_train,matmul,aging+dirty+rdist,matmul-naive64-s1,train,matmul,matmul-naive64,0.2,2,27331,4103,0
matmul_train,matmul,aging+refaults+rdist,matmul-naive64-s1,train,matmul,matmul-naive64,0.2,2,27314,4103,0
matmul_train,matmul,sfreq+idle+age,matmul-naive64-s1,train,matmul,matmul-naive64,0.2,2,32769,4103,0
matmul_train,matmul,sfreq+idle+dirty,matmul-naive64-s1,train,matmul,matmul-naive64,0.2,2,32769,4103,0
matmul_train,matmul,sfreq+idle+refaults,matmul-naive64-s1,train,matmul,matmul-naive64,0.2,2,33242,4103,0
matmul_train,matmul,sfreq+idle+rdist,matmul-naive64-s1,train,matmul,matmul-naive64,0.2,2,27314,4103,0
matmul_train,matmul,sfreq+age+dirty,matmul-naive64-s1,train,matmul,matmul-naive64,0.2,2,32769,4103,0
matmul_train,matmul,sfreq+age+refaults,matmul-naive64-s1,train,matmul,matmul-naive64,0.2,2,32500,4103,0
matmul_train,matmul,sfreq+age+rdist,matmul-naive64-s1,train,matmul,matmul-naive64,0.2,2,27314,4103,0
matmul_train,matmul,sfreq+dirty+refaults,matmul-naive64-s1,train,matmul,matmul-naive64,0.2,2,32955,4103,0
matmul_train,matmul,sfreq+dirty+rdist,matmul-naive64-s1,train,matmul,matmul-naive64,0.2,2,27314,4103,0
matmul_train,matmul,sfreq+refaults+rdist,matmul-naive64-s1,train,matmul,matmul-naive64,0.2,2,27332,4103,0
matmul_train,matmul,idle+age+dirty,matmul-naive64-s1,train,matmul,matmul-naive64,0.2,2,32769,4103,0
matmul_train,matmul,idle+age+refaults,matmul-naive64-s1,train,matmul,matmul-naive64,0.2,2,33053,4103,0
matmul_train,matmul,idle+age+rdist,matmul-naive64-s1,train,matmul,matmul-naive64,0.2,2,27314,4103,0
matmul_train,matmul,idle+dirty+refaults,matmul-naive64-s1,train,matmul,matmul-naive64,0.2,2,29697,4103,0
matmul_train,matmul,idle+dirty+rdist,matmul-naive64-s1,train,matmul,matmul-naive64,0.2,2,27331,4103,0
matmul_train,matmul,idle+refaults+rdist,matmul-naive64-s1,train,matmul,matmul-naive64,0.2,2,27314,4103,0
matmul_train,matmul,age+dirty+refaults,matmul-naive64-s1,train,matmul,matmul-naive64,0.2,2,32883,4103,0
matmul_train,matmul,age+dirty+rdist,matmul-naive64-s1,train,matmul,matmul-naive64,0.2,2,32771,4103,0
matmul_train,matmul,age+refaults+rdist,matmul-naive64-s1,train,matmul,matmul-naive64,0.2,2,32673,4103,0
matmul_train,matmul,dirty+refaults+rdist,matmul-naive64-s1,train,matmul,matmul-naive64,0.2,2,27314,4103,0
matmul_train,matmul,ref+aging+sfreq+idle,matmul-naive64-s1,train,matmul,matmul-naive64,0.2,2,32769,4103,0
matmul_train,matmul,ref+aging+sfreq+age,matmul-naive64-s1,train,matmul,matmul-naive64,0.2,2,32769,4103,0
matmul_train,matmul,ref+aging+sfreq+dirty,matmul-naive64-s1,train,matmul,matmul-naive64,0.2,2,32769,4103,0
matmul_train,matmul,ref+aging+sfreq+refaults,matmul-naive64-s1,train,matmul,matmul-naive64,0.2,2,33174,4103,0
matmul_train,matmul,ref+aging+sfreq+rdist,matmul-naive64-s1,train,matmul,matmul-naive64,0.2,2,27314,4103,0
matmul_train,matmul,ref+aging+idle+age,matmul-naive64-s1,train,matmul,matmul-naive64,0.2,2,32769,4103,0
matmul_train,matmul,ref+aging+idle+dirty,matmul-naive64-s1,train,matmul,matmul-naive64,0.2,2,28676,4103,0
matmul_train,matmul,ref+aging+idle+refaults,matmul-naive64-s1,train,matmul,matmul-naive64,0.2,2,30722,4103,0
matmul_train,matmul,ref+aging+idle+rdist,matmul-naive64-s1,train,matmul,matmul-naive64,0.2,2,27332,4103,0
matmul_train,matmul,ref+aging+age+dirty,matmul-naive64-s1,train,matmul,matmul-naive64,0.2,2,32769,4103,0
matmul_train,matmul,ref+aging+age+refaults,matmul-naive64-s1,train,matmul,matmul-naive64,0.2,2,33008,4103,0
matmul_train,matmul,ref+aging+age+rdist,matmul-naive64-s1,train,matmul,matmul-naive64,0.2,2,27314,4103,0
matmul_train,matmul,ref+aging+dirty+refaults,matmul-naive64-s1,train,matmul,matmul-naive64,0.2,2,29697,4103,0
matmul_train,matmul,ref+aging+dirty+rdist,matmul-naive64-s1,train,matmul,matmul-naive64,0.2,2,27331,4103,0
matmul_train,matmul,ref+aging+refaults+rdist,matmul-naive64-s1,train,matmul,matmul-naive64,0.2,2,27314,4103,0
matmul_train,matmul,ref+sfreq+idle+age,matmul-naive64-s1,train,matmul,matmul-naive64,0.2,2,32769,4103,0
matmul_train,matmul,ref+sfreq+idle+dirty,matmul-naive64-s1,train,matmul,matmul-naive64,0.2,2,32769,4103,0
matmul_train,matmul,ref+sfreq+idle+refaults,matmul-naive64-s1,train,matmul,matmul-naive64,0.2,2,33228,4103,0
matmul_train,matmul,ref+sfreq+idle+rdist,matmul-naive64-s1,train,matmul,matmul-naive64,0.2,2,27314,4103,0
matmul_train,matmul,ref+sfreq+age+dirty,matmul-naive64-s1,train,matmul,matmul-naive64,0.2,2,32769,4103,0
matmul_train,matmul,ref+sfreq+age+refaults,matmul-naive64-s1,train,matmul,matmul-naive64,0.2,2,32794,4103,0
matmul_train,matmul,ref+sfreq+age+rdist,matmul-naive64-s1,train,matmul,matmul-naive64,0.2,2,27314,4103,0
matmul_train,matmul,ref+sfreq+dirty+refaults,matmul-naive64-s1,train,matmul,matmul-naive64,0.2,2,33125,4103,0
matmul_train,matmul,ref+sfreq+dirty+rdist,matmul-naive64-s1,train,matmul,matmul-naive64,0.2,2,27314,4103,0
matmul_train,matmul,ref+sfreq+refaults+rdist,matmul-naive64-s1,train,matmul,matmul-naive64,0.2,2,27332,4103,0
matmul_train,matmul,ref+idle+age+dirty,matmul-naive64-s1,train,matmul,matmul-naive64,0.2,2,32769,4103,0
matmul_train,matmul,ref+idle+age+refaults,matmul-naive64-s1,train,matmul,matmul-naive64,0.2,2,33042,4103,0
matmul_train,matmul,ref+idle+age+rdist,matmul-naive64-s1,train,matmul,matmul-naive64,0.2,2,27314,4103,0
matmul_train,matmul,ref+idle+dirty+refaults,matmul-naive64-s1,train,matmul,matmul-naive64,0.2,2,29697,4103,0
matmul_train,matmul,ref+idle+dirty+rdist,matmul-naive64-s1,train,matmul,matmul-naive64,0.2,2,27331,4103,0
matmul_train,matmul,ref+idle+refaults+rdist,matmul-naive64-s1,train,matmul,matmul-naive64,0.2,2,27314,4103,0
matmul_train,matmul,ref+age+dirty+refaults,matmul-naive64-s1,train,matmul,matmul-naive64,0.2,2,32965,4103,0
matmul_train,matmul,ref+age+dirty+rdist,matmul-naive64-s1,train,matmul,matmul-naive64,0.2,2,27314,4103,0
matmul_train,matmul,ref+age+refaults+rdist,matmul-naive64-s1,train,matmul,matmul-naive64,0.2,2,27334,4103,0
matmul_train,matmul,ref+dirty+refaults+rdist,matmul-naive64-s1,train,matmul,matmul-naive64,0.2,2,27313,4103,0
matmul_train,matmul,aging+sfreq+idle+age,matmul-naive64-s1,train,matmul,matmul-naive64,0.2,2,32769,4103,0
matmul_train,matmul,aging+sfreq+idle+dirty,matmul-naive64-s1,train,matmul,matmul-naive64,0.2,2,32769,4103,0
matmul_train,matmul,aging+sfreq+idle+refaults,matmul-naive64-s1,train,matmul,matmul-naive64,0.2,2,33229,4103,0
matmul_train,matmul,aging+sfreq+idle+rdist,matmul-naive64-s1,train,matmul,matmul-naive64,0.2,2,27314,4103,0
matmul_train,matmul,aging+sfreq+age+dirty,matmul-naive64-s1,train,matmul,matmul-naive64,0.2,2,32769,4103,0
matmul_train,matmul,aging+sfreq+age+refaults,matmul-naive64-s1,train,matmul,matmul-naive64,0.2,2,32775,4103,0
matmul_train,matmul,aging+sfreq+age+rdist,matmul-naive64-s1,train,matmul,matmul-naive64,0.2,2,27314,4103,0
matmul_train,matmul,aging+sfreq+dirty+refaults,matmul-naive64-s1,train,matmul,matmul-naive64,0.2,2,33146,4103,0
matmul_train,matmul,aging+sfreq+dirty+rdist,matmul-naive64-s1,train,matmul,matmul-naive64,0.2,2,27313,4103,0
matmul_train,matmul,aging+sfreq+refaults+rdist,matmul-naive64-s1,train,matmul,matmul-naive64,0.2,2,27332,4103,0
matmul_train,matmul,aging+idle+age+dirty,matmul-naive64-s1,train,matmul,matmul-naive64,0.2,2,32769,4103,0
matmul_train,matmul,aging+idle+age+refaults,matmul-naive64-s1,train,matmul,matmul-naive64,0.2,2,33044,4103,0
matmul_train,matmul,aging+idle+age+rdist,matmul-naive64-s1,train,matmul,matmul-naive64,0.2,2,27314,4103,0
matmul_train,matmul,aging+idle+dirty+refaults,matmul-naive64-s1,train,matmul,matmul-naive64,0.2,2,29697,4103,0
matmul_train,matmul,aging+idle+dirty+rdist,matmul-naive64-s1,train,matmul,matmul-naive64,0.2,2,27331,4103,0
matmul_train,matmul,aging+idle+refaults+rdist,matmul-naive64-s1,train,matmul,matmul-naive64,0.2,2,27314,4103,0
matmul_train,matmul,aging+age+dirty+refaults,matmul-naive64-s1,train,matmul,matmul-naive64,0.2,2,32993,4103,0
matmul_train,matmul,aging+age+dirty+rdist,matmul-naive64-s1,train,matmul,matmul-naive64,0.2,2,27313,4103,0
matmul_train,matmul,aging+age+refaults+rdist,matmul-naive64-s1,train,matmul,matmul-naive64,0.2,2,27335,4103,0
matmul_train,matmul,aging+dirty+refaults+rdist,matmul-naive64-s1,train,matmul,matmul-naive64,0.2,2,27313,4103,0
matmul_train,matmul,sfreq+idle+age+dirty,matmul-naive64-s1,train,matmul,matmul-naive64,0.2,2,32769,4103,0
matmul_train,matmul,sfreq+idle+age+refaults,matmul-naive64-s1,train,matmul,matmul-naive64,0.2,2,32776,4103,0
matmul_train,matmul,sfreq+idle+age+rdist,matmul-naive64-s1,train,matmul,matmul-naive64,0.2,2,27314,4103,0
matmul_train,matmul,sfreq+idle+dirty+refaults,matmul-naive64-s1,train,matmul,matmul-naive64,0.2,2,33163,4103,0
matmul_train,matmul,sfreq+idle+dirty+rdist,matmul-naive64-s1,train,matmul,matmul-naive64,0.2,2,27313,4103,0
matmul_train,matmul,sfreq+idle+refaults+rdist,matmul-naive64-s1,train,matmul,matmul-naive64,0.2,2,27332,4103,0
matmul_train,matmul,sfreq+age+dirty+refaults,matmul-naive64-s1,train,matmul,matmul-naive64,0.2,2,32851,4103,0
matmul_train,matmul,sfreq+age+dirty+rdist,matmul-naive64-s1,train,matmul,matmul-naive64,0.2,2,27314,4103,0
matmul_train,matmul,sfreq+age+refaults+rdist,matmul-naive64-s1,train,matmul,matmul-naive64,0.2,2,27332,4103,0
matmul_train,matmul,sfreq+dirty+refaults+rdist,matmul-naive64-s1,train,matmul,matmul-naive64,0.2,2,27332,4103,0
matmul_train,matmul,idle+age+dirty+refaults,matmul-naive64-s1,train,matmul,matmul-naive64,0.2,2,33006,4103,0
matmul_train,matmul,idle+age+dirty+rdist,matmul-naive64-s1,train,matmul,matmul-naive64,0.2,2,27313,4103,0
matmul_train,matmul,idle+age+refaults+rdist,matmul-naive64-s1,train,matmul,matmul-naive64,0.2,2,27335,4103,0
matmul_train,matmul,idle+dirty+refaults+rdist,matmul-naive64-s1,train,matmul,matmul-naive64,0.2,2,27313,4103,0
matmul_train,matmul,age+dirty+refaults+rdist,matmul-naive64-s1,train,matmul,matmul-naive64,0.2,2,32681,4103,0
matmul_train,matmul,ref+aging+sfreq+idle+age,matmul-naive64-s1,train,matmul,matmul-naive64,0.2,2,32769,4103,0
matmul_train,matmul,ref+aging+sfreq+idle+dirty,matmul-naive64-s1,train,matmul,matmul-naive64,0.2,2,32769,4103,0
matmul_train,matmul,ref+aging+sfreq+idle+refaults,matmul-naive64-s1,train,matmul,matmul-naive64,0.2,2,33126,4103,0
matmul_train,matmul,ref+aging+sfreq+idle+rdist,matmul-naive64-s1,train,matmul,matmul-naive64,0.2,2,27314,4103,0
matmul_train,matmul,ref+aging+sfreq+age+dirty,matmul-naive64-s1,train,matmul,matmul-naive64,0.2,2,32771,4103,0
matmul_train,matmul,ref+aging+sfreq+age+refaults,matmul-naive64-s1,train,matmul,matmul-naive64,0.2,2,32775,4103,0
matmul_train,matmul,ref+aging+sfreq+age+rdist,matmul-naive64-s1,train,matmul,matmul-naive64,0.2,2,32769,4103,0
matmul_train,matmul,ref+aging+sfreq+dirty+refaults,matmul-naive64-s1,train,matmul,matmul-naive64,0.2,2,33057,4103,0
matmul_train,matmul,ref+aging+sfreq+dirty+rdist,matmul-naive64-s1,train,matmul,matmul-naive64,0.2,2,27314,4103,0
matmul_train,matmul,ref+aging+sfreq+refaults+rdist,matmul-naive64-s1,train,matmul,matmul-naive64,0.2,2,27332,4103,0
matmul_train,matmul,ref+aging+idle+age+dirty,matmul-naive64-s1,train,matmul,matmul-naive64,0.2,2,32769,4103,0
matmul_train,matmul,ref+aging+idle+age+refaults,matmul-naive64-s1,train,matmul,matmul-naive64,0.2,2,32982,4103,0
matmul_train,matmul,ref+aging+idle+age+rdist,matmul-naive64-s1,train,matmul,matmul-naive64,0.2,2,27314,4103,0
matmul_train,matmul,ref+aging+idle+dirty+refaults,matmul-naive64-s1,train,matmul,matmul-naive64,0.2,2,29697,4103,0
matmul_train,matmul,ref+aging+idle+dirty+rdist,matmul-naive64-s1,train,matmul,matmul-naive64,0.2,2,27331,4103,0
matmul_train,matmul,ref+aging+idle+refaults+rdist,matmul-naive64-s1,train,matmul,matmul-naive64,0.2,2,27314,4103,0
matmul_train,matmul,ref+aging+age+dirty+refaults,matmul-naive64-s1,train,matmul,matmul-naive64,0.2,2,32944,4103,0
matmul_train,matmul,ref+aging+age+dirty+rdist,matmul-naive64-s1,train,matmul,matmul-naive64,0.2,2,27314,4103,0
matmul_train,matmul,ref+aging+age+refaults+rdist,matmul-naive64-s1,train,matmul,matmul-naive64,0.2,2,27335,4103,0
matmul_train,matmul,ref+aging+dirty+refaults+rdist,matmul-naive64-s1,train,matmul,matmul-naive64,0.2,2,27314,4103,0
matmul_train,matmul,ref+sfreq+idle+age+dirty,matmul-naive64-s1,train,matmul,matmul-naive64,0.2,2,32769,4103,0
matmul_train,matmul,ref+sfreq+idle+age+refaults,matmul-naive64-s1,train,matmul,matmul-naive64,0.2,2,32776,4103,0
matmul_train,matmul,ref+sfreq+idle+age+rdist,matmul-naive64-s1,train,matmul,matmul-naive64,0.2,2,27314,4103,0
matmul_train,matmul,ref+sfreq+idle+dirty+refaults,matmul-naive64-s1,train,matmul,matmul-naive64,0.2,2,33124,4103,0
matmul_train,matmul,ref+sfreq+idle+dirty+rdist,matmul-naive64-s1,train,matmul,matmul-naive64,0.2,2,27314,4103,0
matmul_train,matmul,ref+sfreq+idle+refaults+rdist,matmul-naive64-s1,train,matmul,matmul-naive64,0.2,2,27332,4103,0
matmul_train,matmul,ref+sfreq+age+dirty+refaults,matmul-naive64-s1,train,matmul,matmul-naive64,0.2,2,32787,4103,0
matmul_train,matmul,ref+sfreq+age+dirty+rdist,matmul-naive64-s1,train,matmul,matmul-naive64,0.2,2,27314,4103,0
matmul_train,matmul,ref+sfreq+age+refaults+rdist,matmul-naive64-s1,train,matmul,matmul-naive64,0.2,2,27513,4103,0
matmul_train,matmul,ref+sfreq+dirty+refaults+rdist,matmul-naive64-s1,train,matmul,matmul-naive64,0.2,2,27331,4103,0
matmul_train,matmul,ref+idle+age+dirty+refaults,matmul-naive64-s1,train,matmul,matmul-naive64,0.2,2,32983,4103,0
matmul_train,matmul,ref+idle+age+dirty+rdist,matmul-naive64-s1,train,matmul,matmul-naive64,0.2,2,27314,4103,0
matmul_train,matmul,ref+idle+age+refaults+rdist,matmul-naive64-s1,train,matmul,matmul-naive64,0.2,2,27335,4103,0
matmul_train,matmul,ref+idle+dirty+refaults+rdist,matmul-naive64-s1,train,matmul,matmul-naive64,0.2,2,27314,4103,0
matmul_train,matmul,ref+age+dirty+refaults+rdist,matmul-naive64-s1,train,matmul,matmul-naive64,0.2,2,27331,4103,0
matmul_train,matmul,aging+sfreq+idle+age+dirty,matmul-naive64-s1,train,matmul,matmul-naive64,0.2,2,32769,4103,0
matmul_train,matmul,aging+sfreq+idle+age+refaults,matmul-naive64-s1,train,matmul,matmul-naive64,0.2,2,32776,4103,0
matmul_train,matmul,aging+sfreq+idle+age+rdist,matmul-naive64-s1,train,matmul,matmul-naive64,0.2,2,27314,4103,0
matmul_train,matmul,aging+sfreq+idle+dirty+refaults,matmul-naive64-s1,train,matmul,matmul-naive64,0.2,2,33169,4103,0
matmul_train,matmul,aging+sfreq+idle+dirty+rdist,matmul-naive64-s1,train,matmul,matmul-naive64,0.2,2,27313,4103,0
matmul_train,matmul,aging+sfreq+idle+refaults+rdist,matmul-naive64-s1,train,matmul,matmul-naive64,0.2,2,27332,4103,0
matmul_train,matmul,aging+sfreq+age+dirty+refaults,matmul-naive64-s1,train,matmul,matmul-naive64,0.2,2,32775,4103,0
matmul_train,matmul,aging+sfreq+age+dirty+rdist,matmul-naive64-s1,train,matmul,matmul-naive64,0.2,2,27314,4103,0
matmul_train,matmul,aging+sfreq+age+refaults+rdist,matmul-naive64-s1,train,matmul,matmul-naive64,0.2,2,31948,4103,0
matmul_train,matmul,aging+sfreq+dirty+refaults+rdist,matmul-naive64-s1,train,matmul,matmul-naive64,0.2,2,27331,4103,0
matmul_train,matmul,aging+idle+age+dirty+refaults,matmul-naive64-s1,train,matmul,matmul-naive64,0.2,2,33007,4103,0
matmul_train,matmul,aging+idle+age+dirty+rdist,matmul-naive64-s1,train,matmul,matmul-naive64,0.2,2,27314,4103,0
matmul_train,matmul,aging+idle+age+refaults+rdist,matmul-naive64-s1,train,matmul,matmul-naive64,0.2,2,27335,4103,0
matmul_train,matmul,aging+idle+dirty+refaults+rdist,matmul-naive64-s1,train,matmul,matmul-naive64,0.2,2,27313,4103,0
matmul_train,matmul,aging+age+dirty+refaults+rdist,matmul-naive64-s1,train,matmul,matmul-naive64,0.2,2,27331,4103,0
matmul_train,matmul,sfreq+idle+age+dirty+refaults,matmul-naive64-s1,train,matmul,matmul-naive64,0.2,2,32776,4103,0
matmul_train,matmul,sfreq+idle+age+dirty+rdist,matmul-naive64-s1,train,matmul,matmul-naive64,0.2,2,27314,4103,0
matmul_train,matmul,sfreq+idle+age+refaults+rdist,matmul-naive64-s1,train,matmul,matmul-naive64,0.2,2,31765,4103,0
matmul_train,matmul,sfreq+idle+dirty+refaults+rdist,matmul-naive64-s1,train,matmul,matmul-naive64,0.2,2,27331,4103,0
matmul_train,matmul,sfreq+age+dirty+refaults+rdist,matmul-naive64-s1,train,matmul,matmul-naive64,0.2,2,27332,4103,0
matmul_train,matmul,idle+age+dirty+refaults+rdist,matmul-naive64-s1,train,matmul,matmul-naive64,0.2,2,27331,4103,0
matmul_train,matmul,ref+aging+sfreq+idle+age+dirty,matmul-naive64-s1,train,matmul,matmul-naive64,0.2,2,32769,4103,0
matmul_train,matmul,ref+aging+sfreq+idle+age+refaults,matmul-naive64-s1,train,matmul,matmul-naive64,0.2,2,32775,4103,0
matmul_train,matmul,ref+aging+sfreq+idle+age+rdist,matmul-naive64-s1,train,matmul,matmul-naive64,0.2,2,32769,4103,0
matmul_train,matmul,ref+aging+sfreq+idle+dirty+refaults,matmul-naive64-s1,train,matmul,matmul-naive64,0.2,2,33029,4103,0
matmul_train,matmul,ref+aging+sfreq+idle+dirty+rdist,matmul-naive64-s1,train,matmul,matmul-naive64,0.2,2,27314,4103,0
matmul_train,matmul,ref+aging+sfreq+idle+refaults+rdist,matmul-naive64-s1,train,matmul,matmul-naive64,0.2,2,27332,4103,0
matmul_train,matmul,ref+aging+sfreq+age+dirty+refaults,matmul-naive64-s1,train,matmul,matmul-naive64,0.2,2,32775,4103,0
matmul_train,matmul,ref+aging+sfreq+age+dirty+rdist,matmul-naive64-s1,train,matmul,matmul-naive64,0.2,2,32770,4103,0
matmul_train,matmul,ref+aging+sfreq+age+refaults+rdist,matmul-naive64-s1,train,matmul,matmul-naive64,0.2,2,32775,4103,0
matmul_train,matmul,ref+aging+sfreq+dirty+refaults+rdist,matmul-naive64-s1,train,matmul,matmul-naive64,0.2,2,27331,4103,0
matmul_train,matmul,ref+aging+idle+age+dirty+refaults,matmul-naive64-s1,train,matmul,matmul-naive64,0.2,2,32930,4103,0
matmul_train,matmul,ref+aging+idle+age+dirty+rdist,matmul-naive64-s1,train,matmul,matmul-naive64,0.2,2,27314,4103,0
matmul_train,matmul,ref+aging+idle+age+refaults+rdist,matmul-naive64-s1,train,matmul,matmul-naive64,0.2,2,27334,4103,0
matmul_train,matmul,ref+aging+idle+dirty+refaults+rdist,matmul-naive64-s1,train,matmul,matmul-naive64,0.2,2,27314,4103,0
matmul_train,matmul,ref+aging+age+dirty+refaults+rdist,matmul-naive64-s1,train,matmul,matmul-naive64,0.2,2,27331,4103,0
matmul_train,matmul,ref+sfreq+idle+age+dirty+refaults,matmul-naive64-s1,train,matmul,matmul-naive64,0.2,2,32775,4103,0
matmul_train,matmul,ref+sfreq+idle+age+dirty+rdist,matmul-naive64-s1,train,matmul,matmul-naive64,0.2,2,27314,4103,0
matmul_train,matmul,ref+sfreq+idle+age+refaults+rdist,matmul-naive64-s1,train,matmul,matmul-naive64,0.2,2,32183,4103,0
matmul_train,matmul,ref+sfreq+idle+dirty+refaults+rdist,matmul-naive64-s1,train,matmul,matmul-naive64,0.2,2,27331,4103,0
matmul_train,matmul,ref+sfreq+age+dirty+refaults+rdist,matmul-naive64-s1,train,matmul,matmul-naive64,0.2,2,27343,4103,0
matmul_train,matmul,ref+idle+age+dirty+refaults+rdist,matmul-naive64-s1,train,matmul,matmul-naive64,0.2,2,27331,4103,0
matmul_train,matmul,aging+sfreq+idle+age+dirty+refaults,matmul-naive64-s1,train,matmul,matmul-naive64,0.2,2,32775,4103,0
matmul_train,matmul,aging+sfreq+idle+age+dirty+rdist,matmul-naive64-s1,train,matmul,matmul-naive64,0.2,2,27314,4103,0
matmul_train,matmul,aging+sfreq+idle+age+refaults+rdist,matmul-naive64-s1,train,matmul,matmul-naive64,0.2,2,32030,4103,0
matmul_train,matmul,aging+sfreq+idle+dirty+refaults+rdist,matmul-naive64-s1,train,matmul,matmul-naive64,0.2,2,27331,4103,0
matmul_train,matmul,aging+sfreq+age+dirty+refaults+rdist,matmul-naive64-s1,train,matmul,matmul-naive64,0.2,2,30815,4103,0
matmul_train,matmul,aging+idle+age+dirty+refaults+rdist,matmul-naive64-s1,train,matmul,matmul-naive64,0.2,2,27331,4103,0
matmul_train,matmul,sfreq+idle+age+dirty+refaults+rdist,matmul-naive64-s1,train,matmul,matmul-naive64,0.2,2,30801,4103,0
matmul_train,matmul,ref+aging+sfreq+idle+age+dirty+refaults,matmul-naive64-s1,train,matmul,matmul-naive64,0.2,2,32775,4103,0
matmul_train,matmul,ref+aging+sfreq+idle+age+dirty+rdist,matmul-naive64-s1,train,matmul,matmul-naive64,0.2,2,32770,4103,0
matmul_train,matmul,ref+aging+sfreq+idle+age+refaults+rdist,matmul-naive64-s1,train,matmul,matmul-naive64,0.2,2,32775,4103,0
matmul_train,matmul,ref+aging+sfreq+idle+dirty+refaults+rdist,matmul-naive64-s1,train,matmul,matmul-naive64,0.2,2,27331,4103,0
matmul_train,matmul,ref+aging+sfreq+age+dirty+refaults+rdist,matmul-naive64-s1,train,matmul,matmul-naive64,0.2,2,32622,4103,0
matmul_train,matmul,ref+aging+idle+age+dirty+refaults+rdist,matmul-naive64-s1,train,matmul,matmul-naive64,0.2,2,27331,4103,0
matmul_train,matmul,ref+sfreq+idle+age+dirty+refaults+rdist,matmul-naive64-s1,train,matmul,matmul-naive64,0.2,2,31164,4103,0
matmul_train,matmul,aging+sfreq+idle+age+dirty+refaults+rdist,matmul-naive64-s1,train,matmul,matmul-naive64,0.2,2,30886,4103,0
matmul_train,matmul,ref+aging+sfreq+idle+age+dirty+refaults+rdist,matmul-naive64-s1,train,matmul,matmul-naive64,0.2,2,32591,4103,0
matmul_train,matmul,rec+ref+aging+sfreq+idle+age+dirty,matmul-naive64-s1,train,matmul,matmul-naive64,0.2,2,32769,4103,0
matmul_train,matmul,rec+ref+aging+sfreq+idle+age+dirty+refaults+rdist,matmul-naive64-s1,train,matmul,matmul-naive64,0.2,2,32770,4103,0
matmul_train,matmul,freq+ref+aging+sfreq+idle+age+dirty,matmul-naive64-s1,train,matmul,matmul-naive64,0.2,2,32775,4103,0
matmul_train,matmul,freq+ref+aging+sfreq+idle+age+dirty+refaults+rdist,matmul-naive64-s1,train,matmul,matmul-naive64,0.2,2,32775,4103,0
matmul_train,matmul,sd+ref+aging+sfreq+idle+age+dirty,matmul-naive64-s1,train,matmul,matmul-naive64,0.2,2,28672,4103,0
matmul_train,matmul,sd+ref+aging+sfreq+idle+age+dirty+refaults+rdist,matmul-naive64-s1,train,matmul,matmul-naive64,0.2,2,28679,4103,0
matmul_train,matmul,wr+ref+aging+sfreq+idle+age+dirty,matmul-naive64-s1,train,matmul,matmul-naive64,0.2,2,32769,4103,0
matmul_train,matmul,wr+ref+aging+sfreq+idle+age+dirty+refaults+rdist,matmul-naive64-s1,train,matmul,matmul-naive64,0.2,2,32775,4103,0
matmul_train,matmul,rec+freq+ref+aging+sfreq+idle+age+dirty,matmul-naive64-s1,train,matmul,matmul-naive64,0.2,2,32769,4103,0
matmul_train,matmul,rec+freq+ref+aging+sfreq+idle+age+dirty+refaults+rdist,matmul-naive64-s1,train,matmul,matmul-naive64,0.2,2,32770,4103,0
matmul_train,matmul,rec+sd+ref+aging+sfreq+idle+age+dirty,matmul-naive64-s1,train,matmul,matmul-naive64,0.2,2,28672,4103,0
matmul_train,matmul,rec+sd+ref+aging+sfreq+idle+age+dirty+refaults+rdist,matmul-naive64-s1,train,matmul,matmul-naive64,0.2,2,28682,4103,0
matmul_train,matmul,rec+wr+ref+aging+sfreq+idle+age+dirty,matmul-naive64-s1,train,matmul,matmul-naive64,0.2,2,32769,4103,0
matmul_train,matmul,rec+wr+ref+aging+sfreq+idle+age+dirty+refaults+rdist,matmul-naive64-s1,train,matmul,matmul-naive64,0.2,2,32768,4103,0
matmul_train,matmul,freq+sd+ref+aging+sfreq+idle+age+dirty,matmul-naive64-s1,train,matmul,matmul-naive64,0.2,2,28730,4103,0
matmul_train,matmul,freq+sd+ref+aging+sfreq+idle+age+dirty+refaults+rdist,matmul-naive64-s1,train,matmul,matmul-naive64,0.2,2,28676,4103,0
matmul_train,matmul,freq+wr+ref+aging+sfreq+idle+age+dirty,matmul-naive64-s1,train,matmul,matmul-naive64,0.2,2,32769,4103,0
matmul_train,matmul,freq+wr+ref+aging+sfreq+idle+age+dirty+refaults+rdist,matmul-naive64-s1,train,matmul,matmul-naive64,0.2,2,32769,4103,0
matmul_train,matmul,sd+wr+ref+aging+sfreq+idle+age+dirty,matmul-naive64-s1,train,matmul,matmul-naive64,0.2,2,28672,4103,0
matmul_train,matmul,sd+wr+ref+aging+sfreq+idle+age+dirty+refaults+rdist,matmul-naive64-s1,train,matmul,matmul-naive64,0.2,2,28672,4103,0
matmul_train,matmul,rec+freq+sd+ref+aging+sfreq+idle+age+dirty,matmul-naive64-s1,train,matmul,matmul-naive64,0.2,2,28828,4103,0
matmul_train,matmul,rec+freq+sd+ref+aging+sfreq+idle+age+dirty+refaults+rdist,matmul-naive64-s1,train,matmul,matmul-naive64,0.2,2,28678,4103,0
matmul_train,matmul,rec+freq+wr+ref+aging+sfreq+idle+age+dirty,matmul-naive64-s1,train,matmul,matmul-naive64,0.2,2,32769,4103,0
matmul_train,matmul,rec+freq+wr+ref+aging+sfreq+idle+age+dirty+refaults+rdist,matmul-naive64-s1,train,matmul,matmul-naive64,0.2,2,32767,4103,0
matmul_train,matmul,rec+sd+wr+ref+aging+sfreq+idle+age+dirty,matmul-naive64-s1,train,matmul,matmul-naive64,0.2,2,28672,4103,0
matmul_train,matmul,rec+sd+wr+ref+aging+sfreq+idle+age+dirty+refaults+rdist,matmul-naive64-s1,train,matmul,matmul-naive64,0.2,2,28672,4103,0
matmul_train,matmul,freq+sd+wr+ref+aging+sfreq+idle+age+dirty,matmul-naive64-s1,train,matmul,matmul-naive64,0.2,2,28672,4103,0
matmul_train,matmul,freq+sd+wr+ref+aging+sfreq+idle+age+dirty+refaults+rdist,matmul-naive64-s1,train,matmul,matmul-naive64,0.2,2,28672,4103,0
matmul_train,matmul,rec+freq+sd+wr+ref+aging+sfreq+idle+age+dirty,matmul-naive64-s1,train,matmul,matmul-naive64,0.2,2,28672,4103,0
matmul_train,matmul,rec+freq+sd+wr+ref+aging+sfreq+idle+age+dirty+refaults+rdist,matmul-naive64-s1,train,matmul,matmul-naive64,0.2,2,28672,4103,0
matmul_train,global,rec,matmul-naive64-s1,train,matmul,matmul-naive64,0.2,2,28672,4103,0
matmul_train,global,freq,matmul-naive64-s1,train,matmul,matmul-naive64,0.2,2,40956,4103,0
matmul_train,global,sd,matmul-naive64-s1,train,matmul,matmul-naive64,0.2,2,28672,4103,0
matmul_train,global,wr,matmul-naive64-s1,train,matmul,matmul-naive64,0.2,2,28676,4103,0
matmul_train,global,rec+freq,matmul-naive64-s1,train,matmul,matmul-naive64,0.2,2,29461,4103,0
matmul_train,global,rec+sd,matmul-naive64-s1,train,matmul,matmul-naive64,0.2,2,28672,4103,0
matmul_train,global,rec+wr,matmul-naive64-s1,train,matmul,matmul-naive64,0.2,2,28672,4103,0
matmul_train,global,freq+sd,matmul-naive64-s1,train,matmul,matmul-naive64,0.2,2,29102,4103,0
matmul_train,global,freq+wr,matmul-naive64-s1,train,matmul,matmul-naive64,0.2,2,40956,4103,0
matmul_train,global,sd+wr,matmul-naive64-s1,train,matmul,matmul-naive64,0.2,2,28672,4103,0
matmul_train,global,rec+freq+sd,matmul-naive64-s1,train,matmul,matmul-naive64,0.2,2,31973,4103,0
matmul_train,global,rec+freq+wr,matmul-naive64-s1,train,matmul,matmul-naive64,0.2,2,29464,4103,0
matmul_train,global,rec+sd+wr,matmul-naive64-s1,train,matmul,matmul-naive64,0.2,2,28672,4103,0
matmul_train,global,freq+sd+wr,matmul-naive64-s1,train,matmul,matmul-naive64,0.2,2,29102,4103,0
matmul_train,global,rec+freq+sd+wr,matmul-naive64-s1,train,matmul,matmul-naive64,0.2,2,31978,4103,0
matmul_train,global,ref,matmul-naive64-s1,train,matmul,matmul-naive64,0.2,2,30720,4103,0
matmul_train,global,aging,matmul-naive64-s1,train,matmul,matmul-naive64,0.2,2,30720,4103,0
matmul_train,global,sfreq,matmul-naive64-s1,train,matmul,matmul-naive64,0.2,2,32769,4103,0
matmul_train,global,idle,matmul-naive64-s1,train,matmul,matmul-naive64,0.2,2,30720,4103,0
matmul_train,global,age,matmul-naive64-s1,train,matmul,matmul-naive64,0.2,2,30720,4103,0
matmul_train,global,dirty,matmul-naive64-s1,train,matmul,matmul-naive64,0.2,2,28676,4103,0
matmul_train,global,refaults,matmul-naive64-s1,train,matmul,matmul-naive64,0.2,2,32086,4103,0
matmul_train,global,rdist,matmul-naive64-s1,train,matmul,matmul-naive64,0.2,2,27332,4103,0
matmul_train,global,ref+aging,matmul-naive64-s1,train,matmul,matmul-naive64,0.2,2,30720,4103,0
matmul_train,global,ref+sfreq,matmul-naive64-s1,train,matmul,matmul-naive64,0.2,2,32769,4103,0
matmul_train,global,ref+idle,matmul-naive64-s1,train,matmul,matmul-naive64,0.2,2,30720,4103,0
matmul_train,global,ref+age,matmul-naive64-s1,train,matmul,matmul-naive64,0.2,2,30720,4103,0
matmul_train,global,ref+dirty,matmul-naive64-s1,train,matmul,matmul-naive64,0.2,2,28676,4103,0
matmul_train,global,ref+refaults,matmul-naive64-s1,train,matmul,matmul-naive64,0.2,2,32086,4103,0
matmul_train,global,ref+rdist,matmul-naive64-s1,train,matmul,matmul-naive64,0.2,2,27310,4103,0
matmul_train,global,aging+sfreq,matmul-naive64-s1,train,matmul,matmul-naive64,0.2,2,32769,4103,0
matmul_train,global,aging+idle,matmul-naive64-s1,train,matmul,matmul-naive64,0.2,2,30720,4103,0
matmul_train,global,aging+age,matmul-naive64-s1,train,matmul,matmul-naive64,0.2,2,32769,4103,0
matmul_train,global,aging+dirty,matmul-naive64-s1,train,matmul,matmul-naive64,0.2,2,30720,4103,0
matmul_train,global,aging+refaults,matmul-naive64-s1,train,matmul,matmul-naive64,0.2,2,32086,4103,0
matmul_train,global,aging+rdist,matmul-naive64-s1,train,matmul,matmul-naive64,0.2,2,27310,4103,0
matmul_train,global,sfreq+idle,matmul-naive64-s1,train,matmul,matmul-naive64,0.2,2,32769,4103,0
matmul_train,global,sfreq+age,matmul-naive64-s1,train,matmul,matmul-naive64,0.2,2,30720,4103,0
matmul_train,global,sfreq+dirty,matmul-naive64-s1,train,matmul,matmul-naive64,0.2,2,32769,4103,0
matmul_train,global,sfreq+refaults,matmul-naive64-s1,train,matmul,matmul-naive64,0.2,2,32427,4103,0
matmul_train,global,sfreq+rdist,matmul-naive64-s1,train,matmul,matmul-naive64,0.2,2,27314,4103,0
matmul_train,global,idle+age,matmul-naive64-s1,train,matmul,matmul-naive64,0.2,2,32769,4103,0
matmul_train,global,idle+dirty,matmul-naive64-s1,train,matmul,matmul-naive64,0.2,2,28676,4103,0
matmul_train,global,idle+refaults,matmul-naive64-s1,train,matmul,matmul-naive64,0.2,2,32086,4103,0
matmul_train,global,idle+rdist,matmul-naive64-s1,train,matmul,matmul-naive64,0.2,2,27332,4103,0
matmul_train,global,age+dirty,matmul-naive64-s1,train,matmul,matmul-naive64,0.2,2,28676,4103,0
matmul_train,global,age+refaults,matmul-naive64-s1,train,matmul,matmul-naive64,0.2,2,40106,4103,0
matmul_train,global,age+rdist,matmul-naive64-s1,train,matmul,matmul-naive64,0.2,2,27332,4103,0
matmul_train,global,dirty+refaults,matmul-naive64-s1,train,matmul,matmul-naive64,0.2,2,35656,4103,0
matmul_train,global,dirty+rdist,matmul-naive64-s1,train,matmul,matmul-naive64,0.2,2,27332,4103,0
matmul_train,global,refaults+rdist,matmul-naive64-s1,train,matmul,matmul-naive64,0.2,2,28714,4103,0
matmul_train,global,ref+aging+sfreq,matmul-naive64-s1,train,matmul,matmul-naive64,0.2,2,32769,4103,0
matmul_train,global,ref+aging+idle,matmul-naive64-s1,train,matmul,matmul-naive64,0.2,2,30720,4103,0
matmul_train,global,ref+aging+age,matmul-naive64-s1,train,matmul,matmul-naive64,0.2,2,32769,4103,0
matmul_train,global,ref+aging+dirty,matmul-naive64-s1,train,matmul,matmul-naive64,0.2,2,30720,4103,0
matmul_train,global,ref+aging+refaults,matmul-naive64-s1,train,matmul,matmul-naive64,0.2,2,32086,4103,0
matmul_train,global,ref+aging+rdist,matmul-naive64-s1,train,matmul,matmul-naive64,0.2,2,27310,4103,0
matmul_train,global,ref+sfreq+idle,matmul-naive64-s1,train,matmul,matmul-naive64,0.2,2,32769,4103,0
matmul_train,global,ref+sfreq+age,matmul-naive64-s1,train,matmul,matmul-naive64,0.2,2,30720,4103,0
matmul_train,global,ref+sfreq+dirty,matmul-naive64-s1,train,matmul,matmul-naive64,0.2,2,32769,4103,0
matmul_train,global,ref+sfreq+refaults,matmul-naive64-s1,train,matmul,matmul-naive64,0.2,2,32413,4103,0
matmul_train,global,ref+sfreq+rdist,matmul-naive64-s1,train,matmul,matmul-naive64,0.2,2,27310,4103,0
matmul_train,global,ref+idle+age,matmul-naive64-s1,train,matmul,matmul-naive64,0.2,2,32769,4103,0
matmul_train,global,ref+idle+dirty,matmul-naive64-s1,train,matmul,matmul-naive64,0.2,2,28676,4103,0
matmul_train,global,ref+idle+refaults,matmul-naive64-s1,train,matmul,matmul-naive64,0.2,2,32086,4103,0
matmul_train,global,ref+idle+rdist,matmul-naive64-s1,train,matmul,matmul-naive64,0.2,2,27310,4103,0
matmul_train,global,ref+age+dirty,matmul-naive64-s1,train,matmul,matmul-naive64,0.2,2,28676,4103,0
matmul_train,global,ref+age+refaults,matmul-naive64-s1,train,matmul,matmul-naive64,0.2,2,32407,4103,0
matmul_train,global,ref+age+rdist,matmul-naive64-s1,train,matmul,matmul-naive64,0.2,2,27310,4103,0
matmul_train,global,ref+dirty+refaults,matmul-naive64-s1,train,matmul,matmul-naive64,0.2,2,32427,4103,0
matmul_train,global,ref+dirty+rdist,matmul-naive64-s1,train,matmul,matmul-naive64,0.2,2,27310,4103,0
matmul_train,global,ref+refaults+rdist,matmul-naive64-s1,train,matmul,matmul-naive64,0.2,2,28744,4103,0
matmul_train,global,aging+sfreq+idle,matmul-naive64-s1,train,matmul,matmul-naive64,0.2,2,32769,4103,0
matmul_train,global,aging+sfreq+age,matmul-naive64-s1,train,matmul,matmul-naive64,0.2,2,32769,4103,0
matmul_train,global,aging+sfreq+dirty,matmul-naive64-s1,train,matmul,matmul-naive64,0.2,2,32769,4103,0
matmul_train,global,aging+sfreq+refaults,matmul-naive64-s1,train,matmul,matmul-naive64,0.2,2,32459,4103,0
matmul_train,global,aging+sfreq+rdist,matmul-naive64-s1,train,matmul,matmul-naive64,0.2,2,27310,4103,0
matmul_train,global,aging+idle+age,matmul-naive64-s1,train,matmul,matmul-naive64,0.2,2,32769,4103,0
matmul_train,global,aging+idle+dirty,matmul-naive64-s1,train,matmul,matmul-naive64,0.2,2,28676,4103,0
matmul_train,global,aging+idle+refaults,matmul-naive64-s1,train,matmul,matmul-naive64,0.2,2,32086,4103,0
matmul_train,global,aging+idle+rdist,matmul-naive64-s1,train,matmul,matmul-naive64,0.2,2,27310,4103,0
matmul_train,global,aging+age+dirty,matmul-naive64-s1,train,matmul,matmul-naive64,0.2,2,32769,4103,0
matmul_train,global,aging+age+refaults,matmul-naive64-s1,train,matmul,matmul-naive64,0.2,2,32520,4103,0
matmul_train,global,aging+age+rdist,matmul-naive64-s1,train,matmul,matmul-naive64,0.2,2,27310,4103,0
matmul_train,global,aging+dirty+refaults,matmul-naive64-s1,train,matmul,matmul-naive64,0.2,2,32469,4103,0
matmul_train,global,aging+dirty+rdist,matmul-naive64-s1,train,matmul,matmul-naive64,0.2,2,27310,4103,0
matmul_train,global,aging+refaults+rdist,matmul-naive64-s1,train,matmul,matmul-naive64,0.2,2,28668,4103,0
matmul_train,global,sfreq+idle+age,matmul-naive64-s1,train,matmul,matmul-naive64,0.2,2,32769,4103,0
matmul_train,global,sfreq+idle+dirty,matmul-naive64-s1,train,matmul,matmul-naive64,0.2,2,32769,4103,0
matmul_train,global,sfreq+idle+refaults,matmul-naive64-s1,train,matmul,matmul-naive64,0.2,2,32420,4103,0
matmul_train,global,sfreq+idle+rdist,matmul-naive64-s1,train,matmul,matmul-naive64,0.2,2,27314,4103,0
matmul_train,global,sfreq+age+dirty,matmul-naive64-s1,train,matmul,matmul-naive64,0.2,2,28676,4103,0
matmul_train,global,sfreq+age+refaults,matmul-naive64-s1,train,matmul,matmul-naive64,0.2,2,32355,4103,0
matmul_train,global,sfreq+age+rdist,matmul-naive64-s1,train,matmul,matmul-naive64,0.2,2,27332,4103,0
matmul_train,global,sfreq+dirty+refaults,matmul-naive64-s1,train,matmul,matmul-naive64,0.2,2,32438,4103,0
matmul_train,global,sfreq+dirty+rdist,matmul-naive64-s1,train,matmul,matmul-naive64,0.2,2,27313,4103,0
matmul_train,global,sfreq+refaults+rdist,matmul-naive64-s1,train,matmul,matmul-naive64,0.2,2,30769,4103,0
matmul_train,global,idle+age+dirty,matmul-naive64-s1,train,matmul,matmul-naive64,0.2,2,32769,4103,0
matmul_train,global,idle+age+refaults,matmul-naive64-s1,train,matmul,matmul-naive64,0.2,2,32499,4103,0
matmul_train,global,idle+age+rdist,matmul-naive64-s1,train,matmul,matmul-naive64,0.2,2,27314,4103,0
matmul_train,global,idle+dirty+refaults,matmul-naive64-s1,train,matmul,matmul-naive64,0.2,2,32086,4103,0
matmul_train,global,idle+dirty+rdist,matmul-naive64-s1,train,matmul,matmul-naive64,0.2,2,27310,4103,0
matmul_train,global,idle+refaults+rdist,matmul-naive64-s1,train,matmul,matmul-naive64,0.2,2,28963,4103,0
matmul_train,global,age+dirty+refaults,matmul-naive64-s1,train,matmul,matmul-naive64,0.2,2,40469,4103,0
matmul_train,global,age+dirty+rdist,matmul-naive64-s1,train,matmul,matmul-naive64,0.2,2,27332,4103,0
matmul_train,global,age+refaults+rdist,matmul-naive64-s1,train,matmul,matmul-naive64,0.2,2,34327,4103,0
matmul_train,global,dirty+refaults+rdist,matmul-naive64-s1,train,matmul,matmul-naive64,0.2,2,28666,4103,0
matmul_train,global,ref+aging+sfreq+idle,matmul-naive64-s1,train,matmul,matmul-naive64,0.2,2,32769,4103,0
matmul_train,global,ref+aging+sfreq+age,matmul-naive64-s1,train,matmul,matmul-naive64,0.2,2,32769,4103,0
matmul_train,global,ref+aging+sfreq+dirty,matmul-naive64-s1,train,matmul,matmul-naive64,0.2,2,32769,4103,0
matmul_train,global,ref+aging+sfreq+refaults,matmul-naive64-s1,train,matmul,matmul-naive64,0.2,2,32487,4103,0
matmul_train,global,ref+aging+sfreq+rdist,matmul-naive64-s1,train,matmul,matmul-naive64,0.2,2,27313,4103,0
matmul_train,global,ref+aging+idle+age,matmul-naive64-s1,train,matmul,matmul-naive64,0.2,2,32769,4103,0
matmul_train,global,ref+aging+idle+dirty,matmul-naive64-s1,train,matmul,matmul-naive64,0.2,2,30720,4103,0
matmul_train,global,ref+aging+idle+refaults,matmul-naive64-s1,train,matmul,matmul-naive64,0.2,2,32086,4103,0
matmul_train,global,ref+aging+idle+rdist,matmul-naive64-s1,train,matmul,matmul-naive64,0.2,2,27310,4103,0
matmul_train,global,ref+aging+age+dirty,matmul-naive64-s1,train,matmul,matmul-naive64,0.2,2,32769,4103,0
matmul_train,global,ref+aging+age+refaults,matmul-naive64-s1,train,matmul,matmul-naive64,0.2,2,32601,4103,0
matmul_train,global,ref+aging+age+rdist,matmul-naive64-s1,train,matmul,matmul-naive64,0.2,2,27313,4103,0
matmul_train,global,ref+aging+dirty+refaults,matmul-naive64-s1,train,matmul,matmul-naive64,0.2,2,32486,4103,0
matmul_train,global,ref+aging+dirty+rdist,matmul-naive64-s1,train,matmul,matmul-naive64,0.2,2,27310,4103,0
matmul_train,global,ref+aging+refaults+rdist,matmul-naive64-s1,train,matmul,matmul-naive64,0.2,2,28676,4103,0
matmul_train,global,ref+sfreq+idle+age,matmul-naive64-s1,train,matmul,matmul-naive64,0.2,2,32769,4103,0
matmul_train,global,ref+sfreq+idle+dirty,matmul-naive64-s1,train,matmul,matmul-naive64,0.2,2,32769,4103,0
matmul_train,global,ref+sfreq+idle+refaults,matmul-naive64-s1,train,matmul,matmul-naive64,0.2,2,32415,4103,0
matmul_train,global,ref+sfreq+idle+rdist,matmul-naive64-s1,train,matmul,matmul-naive64,0.2,2,27310,4103,0
matmul_train,global,ref+sfreq+age+dirty,matmul-naive64-s1,train,matmul,matmul-naive64,0.2,2,28676,4103,0
matmul_train,global,ref+sfreq+age+refaults,matmul-naive64-s1,train,matmul,matmul-naive64,0.2,2,32371,4103,0
matmul_train,global,ref+sfreq+age+rdist,matmul-naive64-s1,train,matmul,matmul-naive64,0.2,2,27310,4103,0
matmul_train,global,ref+sfreq+dirty+refaults,matmul-naive64-s1,train,matmul,matmul-naive64,0.2,2,32419,4103,0
matmul_train,global,ref+sfreq+dirty+rdist,matmul-naive64-s1,train,matmul,matmul-naive64,0.2,2,27310,4103,0
matmul_train,global,ref+sfreq+refaults+rdist,matmul-naive64-s1,train,matmul,matmul-naive64,0.2,2,30840,4103,0
matmul_train,global,ref+idle+age+dirty,matmul-naive64-s1,train,matmul,matmul-naive64,0.2,2,32769,4103,0
matmul_train,global,ref+idle+age+refaults,matmul-naive64-s1,train,matmul,matmul-naive64,0.2,2,32495,4103,0
matmul_train,global,ref+idle+age+rdist,matmul-naive64-s1,train,matmul,matmul-naive64,0.2,2,27310,4103,0
matmul_train,global,ref+idle+dirty+refaults,matmul-naive64-s1,train,matmul,matmul-naive64,0.2,2,32264,4103,0
matmul_train,global,ref+idle+dirty+rdist,matmul-naive64-s1,train,matmul,matmul-naive64,0.2,2,27310,4103,0
matmul_train,global,ref+idle+refaults+rdist,matmul-naive64-s1,train,matmul,matmul-naive64,0.2,2,28813,4103,0
matmul_train,global,ref+age+dirty+refaults,matmul-naive64-s1,train,matmul,matmul-naive64,0.2,2,32402,4103,0
matmul_train,global,ref+age+dirty+rdist,matmul-naive64-s1,train,matmul,matmul-naive64,0.2,2,27310,4103,0
matmul_train,global,ref+age+refaults+rdist,matmul-naive64-s1,train,matmul,matmul-naive64,0.2,2,30299,4103,0
matmul_train,global,ref+dirty+refaults+rdist,matmul-naive64-s1,train,matmul,matmul-naive64,0.2,2,28734,4103,0
matmul_train,global,aging+sfreq+idle+age,matmul-naive64-s1,train,matmul,matmul-naive64,0.2,2,32769,4103,0
matmul_train,global,aging+sfreq+idle+dirty,matmul-naive64-s1,train,matmul,matmul-naive64,0.2,2,32769,4103,0
matmul_train,global,aging+sfreq+idle+refaults,matmul-naive64-s1,train,matmul,matmul-naive64,0.2,2,32457,4103,0
matmul_train,global,aging+sfreq+idle+rdist,matmul-naive64-s1,train,matmul,matmul-naive64,0.2,2,27310,4103,0
matmul_train,global,aging+sfreq+age+dirty,matmul-naive64-s1,train,matmul,matmul-naive64,0.2,2,32769,4103,0
matmul_train,global,aging+sfreq+age+refaults,matmul-naive64-s1,train,matmul,matmul-naive64,0.2,2,32540,4103,0
matmul_train,global,aging+sfreq+age+rdist,matmul-naive64-s1,train,matmul,matmul-naive64,0.2,2,27310,4103,0
matmul_train,global,aging+sfreq+dirty+refaults,matmul-naive64-s1,train,matmul,matmul-naive64,0.2,2,32464,4103,0
matmul_train,global,aging+sfreq+dirty+rdist,matmul-naive64-s1,train,matmul,matmul-naive64,0.2,2,27310,4103,0
matmul_train,global,aging+sfreq+refaults+rdist,matmul-naive64-s1,train,matmul,matmul-naive64,0.2,2,31033,4103,0
matmul_train,global,aging+idle+age+dirty,matmul-naive64-s1,train,matmul,matmul-naive64,0.2,2,32769,4103,0
matmul_train,global,aging+idle+age+refaults,matmul-naive64-s1,train,matmul,matmul-naive64,0.2,2,32539,4103,0
matmul_train,global,aging+idle+age+rdist,matmul-naive64-s1,train,matmul,matmul-naive64,0.2,2,27310,4103,0
matmul_train,global,aging+idle+dirty+refaults,matmul-naive64-s1,train,matmul,matmul-naive64,0.2,2,32427,4103,0
matmul_train,global,aging+idle+dirty+rdist,matmul-naive64-s1,train,matmul,matmul-naive64,0.2,2,27310,4103,0
matmul_train,global,aging+idle+refaults+rdist,matmul-naive64-s1,train,matmul,matmul-naive64,0.2,2,28650,4103,0
matmul_train,global,aging+age+dirty+refaults,matmul-naive64-s1,train,matmul,matmul-naive64,0.2,2,32520,4103,0
matmul_train,global,aging+age+dirty+rdist,matmul-naive64-s1,train,matmul,matmul-naive64,0.2,2,27310,4103,0
matmul_train,global,aging+age+refaults+rdist,matmul-naive64-s1,train,matmul,matmul-naive64,0.2,2,31127,4103,0
matmul_train,global,aging+dirty+refaults+rdist,matmul-naive64-s1,train,matmul,matmul-naive64,0.2,2,28672,4103,0
matmul_train,global,sfreq+idle+age+dirty,matmul-naive64-s1,train,matmul,matmul-naive64,0.2,2,32769,4103,0
matmul_train,global,sfreq+idle+age+refaults,matmul-naive64-s1,train,matmul,matmul-naive64,0.2,2,32505,4103,0
matmul_train,global,sfreq+idle+age+rdist,matmul-naive64-s1,train,matmul,matmul-naive64,0.2,2,27314,4103,0
matmul_train,global,sfreq+idle+dirty+refaults,matmul-naive64-s1,train,matmul,matmul-naive64,0.2,2,32433,4103,0
matmul_train,global,sfreq+idle+dirty+rdist,matmul-naive64-s1,train,matmul,matmul-naive64,0.2,2,27310,4103,0
matmul_train,global,sfreq+idle+refaults+rdist,matmul-naive64-s1,train,matmul,matmul-naive64,0.2,2,31019,4103,0
matmul_train,global,sfreq+age+dirty+refaults,matmul-naive64-s1,train,matmul,matmul-naive64,0.2,2,32355,4103,0
matmul_train,global,sfreq+age+dirty+rdist,matmul-naive64-s1,train,matmul,matmul-naive64,0.2,2,27331,4103,0
matmul_train,global,sfreq+age+refaults+rdist,matmul-naive64-s1,train,matmul,matmul-naive64,0.2,2,30762,4103,0
matmul_train,global,sfreq+dirty+refaults+rdist,matmul-naive64-s1,train,matmul,matmul-naive64,0.2,2,30729,4103,0
matmul_train,global,idle+age+dirty+refaults,matmul-naive64-s1,train,matmul,matmul-naive64,0.2,2,32509,4103,0
matmul_train,global,idle+age+dirty+rdist,matmul-naive64-s1,train,matmul,matmul-naive64,0.2,2,27310,4103,0
matmul_train,global,idle+age+refaults+rdist,matmul-naive64-s1,train,matmul,matmul-naive64,0.2,2,31281,4103,0
matmul_train,global,idle+dirty+refaults+rdist,matmul-naive64-s1,train,matmul,matmul-naive64,0.2,2,28920,4103,0
matmul_train,global,age+dirty+refaults+rdist,matmul-naive64-s1,train,matmul,matmul-naive64,0.2,2,34284,4103,0
matmul_train,global,ref+aging+sfreq+idle+age,matmul-naive64-s1,train,matmul,matmul-naive64,0.2,2,32769,4103,0
matmul_train,global,ref+aging+sfreq+idle+dirty,matmul-naive64-s1,train,matmul,matmul-naive64,0.2,2,32769,4103,0
matmul_train,global,ref+aging+sfreq+idle+refaults,matmul-naive64-s1,train,matmul,matmul-naive64,0.2,2,32492,4103,0
matmul_train,global,ref+aging+sfreq+idle+rdist,matmul-naive64-s1,train,matmul,matmul-naive64,0.2,2,27313,4103,0
matmul_train,global,ref+aging+sfreq+age+dirty,matmul-naive64-s1,train,matmul,matmul-naive64,0.2,2,32769,4103,0
matmul_train,global,ref+aging+sfreq+age+refaults,matmul-naive64-s1,train,matmul,matmul-naive64,0.2,2,32526,4103,0
matmul_train,global,ref+aging+sfreq+age+rdist,matmul-naive64-s1,train,matmul,matmul-naive64,0.2,2,27313,4103,0
matmul_train,global,ref+aging+sfreq+dirty+refaults,matmul-naive64-s1,train,matmul,matmul-naive64,0.2,2,32496,4103,0
matmul_train,global,ref+aging+sfreq+dirty+rdist,matmul-naive64-s1,train,matmul,matmul-naive64,0.2,2,27310,4103,0
matmul_train,global,ref+aging+sfreq+refaults+rdist,matmul-naive64-s1,train,matmul,matmul-naive64,0.2,2,31080,4103,0
matmul_train,global,ref+aging+idle+age+dirty,matmul-naive64-s1,train,matmul,matmul-naive64,0.2,2,32769,4103,0
matmul_train,global,ref+aging+idle+age+refaults,matmul-naive64-s1,train,matmul,matmul-naive64,0.2,2,32606,4103,0
matmul_train,global,ref+aging+idle+age+rdist,matmul-naive64-s1,train,matmul,matmul-naive64,0.2,2,27313,4103,0
matmul_train,global,ref+aging+idle+dirty+refaults,matmul-naive64-s1,train,matmul,matmul-naive64,0.2,2,32427,4103,0
matmul_train,global,ref+aging+idle+dirty+rdist,matmul-naive64-s1,train,matmul,matmul-naive64,0.2,2,27310,4103,0
matmul_train,global,ref+aging+idle+refaults+rdist,matmul-naive64-s1,train,matmul,matmul-naive64,0.2,2,28662,4103,0
matmul_train,global,ref+aging+age+dirty+refaults,matmul-naive64-s1,train,matmul,matmul-naive64,0.2,2,32605,4103,0
matmul_train,global,ref+aging+age+dirty+rdist,matmul-naive64-s1,train,matmul,matmul-naive64,0.2,2,27310,4103,0
matmul_train,global,ref+aging+age+refaults+rdist,matmul-naive64-s1,train,matmul,matmul-naive64,0.2,2,31299,4103,0
matmul_train,global,ref+aging+dirty+refaults+rdist,matmul-naive64-s1,train,matmul,matmul-naive64,0.2,2,28680,4103,0
matmul_train,global,ref+sfreq+idle+age+dirty,matmul-naive64-s1,train,matmul,matmul-naive64,0.2,2,32769,4103,0
matmul_train,global,ref+sfreq+idle+age+refaults,matmul-naive64-s1,train,matmul,matmul-naive64,0.2,2,32487,4103,0
matmul_train,global,ref+sfreq+idle+age+rdist,matmul-naive64-s1,train,matmul,matmul-naive64,0.2,2,27310,4103,0
matmul_train,global,ref+sfreq+idle+dirty+refaults,matmul-naive64-s1,train,matmul,matmul-naive64,0.2,2,32422,4103,0
matmul_train,global,ref+sfreq+idle+dirty+rdist,matmul-naive64-s1,train,matmul,matmul-naive64,0.2,2,27310,4103,0
matmul_train,global,ref+sfreq+idle+refaults+rdist,matmul-naive64-s1,train,matmul,matmul-naive64,0.2,2,30911,4103,0
matmul_train,global,ref+sfreq+age+dirty+refaults,matmul-naive64-s1,train,matmul,matmul-naive64,0.2,2,32374,4103,0
matmul_train,global,ref+sfreq+age+dirty+rdist,matmul-naive64-s1,train,matmul,matmul-naive64,0.2,2,27310,4103,0
matmul_train,global,ref+sfreq+age+refaults+rdist,matmul-naive64-s1,train,matmul,matmul-naive64,0.2,2,30840,4103,0
matmul_train,global,ref+sfreq+dirty+refaults+rdist,matmul-naive64-s1,train,matmul,matmul-naive64,0.2,2,30815,4103,0
matmul_train,global,ref+idle+age+dirty+refaults,matmul-naive64-s1,train,matmul,matmul-naive64,0.2,2,32502,4103,0
matmul_train,global,ref+idle+age+dirty+rdist,matmul-naive64-s1,train,matmul,matmul-naive64,0.2,2,27310,4103,0
matmul_train,global,ref+idle+age+refaults+rdist,matmul-naive64-s1,train,matmul,matmul-naive64,0.2,2,31141,4103,0
matmul_train,global,ref+idle+dirty+refaults+rdist,matmul-naive64-s1,train,matmul,matmul-naive64,0.2,2,28802,4103,0
matmul_train,global,ref+age+dirty+refaults+rdist,matmul-naive64-s1,train,matmul,matmul-naive64,0.2,2,30268,4103,0
matmul_train,global,aging+sfreq+idle+age+dirty,matmul-naive64-s1,train,matmul,matmul-naive64,0.2,2,32769,4103,0
matmul_train,global,aging+sfreq+idle+age+refaults,matmul-naive64-s1,train,matmul,matmul-naive64,0.2,2,32510,4103,0
matmul_train,global,aging+sfreq+idle+age+rdist,matmul-naive64-s1,train,matmul,matmul-naive64,0.2,2,27310,4103,0
matmul_train,global,aging+sfreq+idle+dirty+refaults,matmul-naive64-s1,train,matmul,matmul-naive64,0.2,2,32464,4103,0
matmul_train,global,aging+sfreq+idle+dirty+rdist,matmul-naive64-s1,train,matmul,matmul-naive64,0.2,2,27310,4103,0
matmul_train,global,aging+sfreq+idle+refaults+rdist,matmul-naive64-s1,train,matmul,matmul-naive64,0.2,2,30973,4103,0
matmul_train,global,aging+sfreq+age+dirty+refaults,matmul-naive64-s1,train,matmul,matmul-naive64,0.2,2,32536,4103,0
matmul_train,global,aging+sfreq+age+dirty+rdist,matmul-naive64-s1,train,matmul,matmul-naive64,0.2,2,27310,4103,0
matmul_train,global,aging+sfreq+age+refaults+rdist,matmul-naive64-s1,train,matmul,matmul-naive64,0.2,2,31198,4103,0
matmul_train,global,aging+sfreq+dirty+refaults+rdist,matmul-naive64-s1,train,matmul,matmul-naive64,0.2,2,31005,4103,0
matmul_train,global,aging+idle+age+dirty+refaults,matmul-naive64-s1,train,matmul,matmul-naive64,0.2,2,32544,4103,0
matmul_train,global,aging+idle+age+dirty+rdist,matmul-naive64-s1,train,matmul,matmul-naive64,0.2,2,27310,4103,0
matmul_train,global,aging+idle+age+refaults+rdist,matmul-naive64-s1,train,matmul,matmul-naive64,0.2,2,31302,4103,0
matmul_train,global,aging+idle+dirty+refaults+rdist,matmul-naive64-s1,train,matmul,matmul-naive64,0.2,2,28656,4103,0
matmul_train,global,aging+age+dirty+refaults+rdist,matmul-naive64-s1,train,matmul,matmul-naive64,0.2,2,31100,4103,0
matmul_train,global,sfreq+idle+age+dirty+refaults,matmul-naive64-s1,train,matmul,matmul-naive64,0.2,2,32533,4103,0
matmul_train,global,sfreq+idle+age+dirty+rdist,matmul-naive64-s1,train,matmul,matmul-naive64,0.2,2,27310,4103,0
matmul_train,global,sfreq+idle+age+refaults+rdist,matmul-naive64-s1,train,matmul,matmul-naive64,0.2,2,31221,4103,0
matmul_train,global,sfreq+idle+dirty+refaults+rdist,matmul-naive64-s1,train,matmul,matmul-naive64,0.2,2,30981,4103,0
matmul_train,global,sfreq+age+dirty+refaults+rdist,matmul-naive64-s1,train,matmul,matmul-naive64,0.2,2,30733,4103,0
matmul_train,global,idle+age+dirty+refaults+rdist,matmul-naive64-s1,train,matmul,matmul-naive64,0.2,2,31267,4103,0
matmul_train,global,ref+aging+sfreq+idle+age+dirty,matmul-naive64-s1,train,matmul,matmul-naive64,0.2,2,32769,4103,0
matmul_train,global,ref+aging+sfreq+idle+age+refaults,matmul-naive64-s1,train,matmul,matmul-naive64,0.2,2,32612,4103,0
matmul_train,global,ref+aging+sfreq+idle+age+rdist,matmul-naive64-s1,train,matmul,matmul-naive64,0.2,2,27313,4103,0
matmul_train,global,ref+aging+sfreq+idle+dirty+refaults,matmul-naive64-s1,train,matmul,matmul-naive64,0.2,2,32500,4103,0
matmul_train,global,ref+aging+sfreq+idle+dirty+rdist,matmul-naive64-s1,train,matmul,matmul-naive64,0.2,2,27310,4103,0
matmul_train,global,ref+aging+sfreq+idle+refaults+rdist,matmul-naive64-s1,train,matmul,matmul-naive64,0.2,2,31022,4103,0
matmul_train,global,ref+aging+sfreq+age+dirty+refaults,matmul-naive64-s1,train,matmul,matmul-naive64,0.2,2,32530,4103,0
matmul_train,global,ref+aging+sfreq+age+dirty+rdist,matmul-naive64-s1,train,matmul,matmul-naive64,0.2,2,27310,4103,0
matmul_train,global,ref+aging+sfreq+age+refaults+rdist,matmul-naive64-s1,train,matmul,matmul-naive64,0.2,2,31310,4103,0
matmul_train,global,ref+aging+sfreq+dirty+refaults+rdist,matmul-naive64-s1,train,matmul,matmul-naive64,0.2,2,31052,4103,0
matmul_train,global,ref+aging+idle+age+dirty+refaults,matmul-naive64-s1,train,matmul,matmul-naive64,0.2,2,32616,4103,0
matmul_train,global,ref+aging+idle+age+dirty+rdist,matmul-naive64-s1,train,matmul,matmul-naive64,0.2,2,27310,4103,0
matmul_train,global,ref+aging+idle+age+refaults+rdist,matmul-naive64-s1,train,matmul,matmul-naive64,0.2,2,31393,4103,0
matmul_train,global,ref+aging+idle+dirty+refaults+rdist,matmul-naive64-s1,train,matmul,matmul-naive64,0.2,2,28668,4103,0
matmul_train,global,ref+aging+age+dirty+refaults+rdist,matmul-naive64-s1,train,matmul,matmul-naive64,0.2,2,31275,4103,0
matmul_train,global,ref+sfreq+idle+age+dirty+refaults,matmul-naive64-s1,train,matmul,matmul-naive64,0.2,2,32505,4103,0
matmul_train,global,ref+sfreq+idle+age+dirty+rdist,matmul-naive64-s1,train,matmul,matmul-naive64,0.2,2,27310,4103,0
matmul_train,global,ref+sfreq+idle+age+refaults+rdist,matmul-naive64-s1,train,matmul,matmul-naive64,0.2,2,31088,4103,0
matmul_train,global,ref+sfreq+idle+dirty+refaults+rdist,matmul-naive64-s1,train,matmul,matmul-naive64,0.2,2,30885,4103,0
matmul_train,global,ref+sfreq+age+dirty+refaults+rdist,matmul-naive64-s1,train,matmul,matmul-naive64,0.2,2,30814,4103,0
matmul_train,global,ref+idle+age+dirty+refaults+rdist,matmul-naive64-s1,train,matmul,matmul-naive64,0.2,2,31133,4103,0
matmul_train,global,aging+sfreq+idle+age+dirty+refaults,matmul-naive64-s1,train,matmul,matmul-naive64,0.2,2,32514,4103,0
matmul_train,global,aging+sfreq+idle+age+dirty+rdist,matmul-naive64-s1,train,matmul,matmul-naive64,0.2,2,27310,4103,0
matmul_train,global,aging+sfreq+idle+age+refaults+rdist,matmul-naive64-s1,train,matmul,matmul-naive64,0.2,2,31302,4103,0
matmul_train,global,aging+sfreq+idle+dirty+refaults+rdist,matmul-naive64-s1,train,matmul,matmul-naive64,0.2,2,30949,4103,0
matmul_train,global,aging+sfreq+age+dirty+refaults+rdist,matmul-naive64-s1,train,matmul,matmul-naive64,0.2,2,31174,4103,0
matmul_train,global,aging+idle+age+dirty+refaults+rdist,matmul-naive64-s1,train,matmul,matmul-naive64,0.2,2,31283,4103,0
matmul_train,global,sfreq+idle+age+dirty+refaults+rdist,matmul-naive64-s1,train,matmul,matmul-naive64,0.2,2,31204,4103,0
matmul_train,global,ref+aging+sfreq+idle+age+dirty+refaults,matmul-naive64-s1,train,matmul,matmul-naive64,0.2,2,32623,4103,0
matmul_train,global,ref+aging+sfreq+idle+age+dirty+rdist,matmul-naive64-s1,train,matmul,matmul-naive64,0.2,2,27310,4103,0
matmul_train,global,ref+aging+sfreq+idle+age+refaults+rdist,matmul-naive64-s1,train,matmul,matmul-naive64,0.2,2,31423,4103,0
matmul_train,global,ref+aging+sfreq+idle+dirty+refaults+rdist,matmul-naive64-s1,train,matmul,matmul-naive64,0.2,2,30997,4103,0
matmul_train,global,ref+aging+sfreq+age+dirty+refaults+rdist,matmul-naive64-s1,train,matmul,matmul-naive64,0.2,2,31289,4103,0
matmul_train,global,ref+aging+idle+age+dirty+refaults+rdist,matmul-naive64-s1,train,matmul,matmul-naive64,0.2,2,31377,4103,0
matmul_train,global,ref+sfreq+idle+age+dirty+refaults+rdist,matmul-naive64-s1,train,matmul,matmul-naive64,0.2,2,31078,4103,0
matmul_train,global,aging+sfreq+idle+age+dirty+refaults+rdist,matmul-naive64-s1,train,matmul,matmul-naive64,0.2,2,31283,4103,0
matmul_train,global,ref+aging+sfreq+idle+age+dirty+refaults+rdist,matmul-naive64-s1,train,matmul,matmul-naive64,0.2,2,31410,4103,0
matmul_train,global,rec+ref+aging+sfreq+idle+age+dirty,matmul-naive64-s1,train,matmul,matmul-naive64,0.2,2,32768,4103,0
matmul_train,global,rec+ref+aging+sfreq+idle+age+dirty+refaults+rdist,matmul-naive64-s1,train,matmul,matmul-naive64,0.2,2,29218,4103,0
matmul_train,global,freq+ref+aging+sfreq+idle+age+dirty,matmul-naive64-s1,train,matmul,matmul-naive64,0.2,2,33150,4103,0
matmul_train,global,freq+ref+aging+sfreq+idle+age+dirty+refaults+rdist,matmul-naive64-s1,train,matmul,matmul-naive64,0.2,2,32585,4103,0
matmul_train,global,sd+ref+aging+sfreq+idle+age+dirty,matmul-naive64-s1,train,matmul,matmul-naive64,0.2,2,28672,4103,0
matmul_train,global,sd+ref+aging+sfreq+idle+age+dirty+refaults+rdist,matmul-naive64-s1,train,matmul,matmul-naive64,0.2,2,30001,4103,0
matmul_train,global,wr+ref+aging+sfreq+idle+age+dirty,matmul-naive64-s1,train,matmul,matmul-naive64,0.2,2,32769,4103,0
matmul_train,global,wr+ref+aging+sfreq+idle+age+dirty+refaults+rdist,matmul-naive64-s1,train,matmul,matmul-naive64,0.2,2,31413,4103,0
matmul_train,global,rec+freq+ref+aging+sfreq+idle+age+dirty,matmul-naive64-s1,train,matmul,matmul-naive64,0.2,2,34398,4103,0
matmul_train,global,rec+freq+ref+aging+sfreq+idle+age+dirty+refaults+rdist,matmul-naive64-s1,train,matmul,matmul-naive64,0.2,2,28868,4103,0
matmul_train,global,rec+sd+ref+aging+sfreq+idle+age+dirty,matmul-naive64-s1,train,matmul,matmul-naive64,0.2,2,32767,4103,0
matmul_train,global,rec+sd+ref+aging+sfreq+idle+age+dirty+refaults+rdist,matmul-naive64-s1,train,matmul,matmul-naive64,0.2,2,29042,4103,0
matmul_train,global,rec+wr+ref+aging+sfreq+idle+age+dirty,matmul-naive64-s1,train,matmul,matmul-naive64,0.2,2,32768,4103,0
matmul_train,global,rec+wr+ref+aging+sfreq+idle+age+dirty+refaults+rdist,matmul-naive64-s1,train,matmul,matmul-naive64,0.2,2,29221,4103,0
matmul_train,global,freq+sd+ref+aging+sfreq+idle+age+dirty,matmul-naive64-s1,train,matmul,matmul-naive64,0.2,2,29141,4103,0
matmul_train,global,freq+sd+ref+aging+sfreq+idle+age+dirty+refaults+rdist,matmul-naive64-s1,train,matmul,matmul-naive64,0.2,2,29759,4103,0
matmul_train,global,freq+wr+ref+aging+sfreq+idle+age+dirty,matmul-naive64-s1,train,matmul,matmul-naive64,0.2,2,33150,4103,0
matmul_train,global,freq+wr+ref+aging+sfreq+idle+age+dirty+refaults+rdist,matmul-naive64-s1,train,matmul,matmul-naive64,0.2,2,32382,4103,0
matmul_train,global,sd+wr+ref+aging+sfreq+idle+age+dirty,matmul-naive64-s1,train,matmul,matmul-naive64,0.2,2,28672,4103,0
matmul_train,global,sd+wr+ref+aging+sfreq+idle+age+dirty+refaults+rdist,matmul-naive64-s1,train,matmul,matmul-naive64,0.2,2,29987,4103,0
matmul_train,global,rec+freq+sd+ref+aging+sfreq+idle+age+dirty,matmul-naive64-s1,train,matmul,matmul-naive64,0.2,2,34110,4103,0
matmul_train,global,rec+freq+sd+ref+aging+sfreq+idle+age+dirty+refaults+rdist,matmul-naive64-s1,train,matmul,matmul-naive64,0.2,2,29074,4103,0
matmul_train,global,rec+freq+wr+ref+aging+sfreq+idle+age+dirty,matmul-naive64-s1,train,matmul,matmul-naive64,0.2,2,34398,4103,0
matmul_train,global,rec+freq+wr+ref+aging+sfreq+idle+age+dirty+refaults+rdist,matmul-naive64-s1,train,matmul,matmul-naive64,0.2,2,28867,4103,0
matmul_train,global,rec+sd+wr+ref+aging+sfreq+idle+age+dirty,matmul-naive64-s1,train,matmul,matmul-naive64,0.2,2,32767,4103,0
matmul_train,global,rec+sd+wr+ref+aging+sfreq+idle+age+dirty+refaults+rdist,matmul-naive64-s1,train,matmul,matmul-naive64,0.2,2,29041,4103,0
matmul_train,global,freq+sd+wr+ref+aging+sfreq+idle+age+dirty,matmul-naive64-s1,train,matmul,matmul-naive64,0.2,2,29119,4103,0
matmul_train,global,freq+sd+wr+ref+aging+sfreq+idle+age+dirty+refaults+rdist,matmul-naive64-s1,train,matmul,matmul-naive64,0.2,2,29782,4103,0
matmul_train,global,rec+freq+sd+wr+ref+aging+sfreq+idle+age+dirty,matmul-naive64-s1,train,matmul,matmul-naive64,0.2,2,34090,4103,0
matmul_train,global,rec+freq+sd+wr+ref+aging+sfreq+idle+age+dirty+refaults+rdist,matmul-naive64-s1,train,matmul,matmul-naive64,0.2,2,29069,4103,0
matmul_train,matmul,rec,matmul-naive64-s1,train,matmul,matmul-naive64,0.05,2,28672,4103,0
matmul_train,matmul,freq,matmul-naive64-s1,train,matmul,matmul-naive64,0.05,2,40956,4103,0
matmul_train,matmul,sd,matmul-naive64-s1,train,matmul,matmul-naive64,0.05,2,28672,4103,0
matmul_train,matmul,wr,matmul-naive64-s1,train,matmul,matmul-naive64,0.05,2,28676,4103,0
matmul_train,matmul,rec+freq,matmul-naive64-s1,train,matmul,matmul-naive64,0.05,2,29206,4103,0
matmul_train,matmul,rec+sd,matmul-naive64-s1,train,matmul,matmul-naive64,0.05,2,28672,4103,0
matmul_train,matmul,rec+wr,matmul-naive64-s1,train,matmul,matmul-naive64,0.05,2,28672,4103,0
matmul_train,matmul,freq+sd,matmul-naive64-s1,train,matmul,matmul-naive64,0.05,2,28697,4103,0
matmul_train,matmul,freq+wr,matmul-naive64-s1,train,matmul,matmul-naive64,0.05,2,40960,4103,0
matmul_train,matmul,sd+wr,matmul-naive64-s1,train,matmul,matmul-naive64,0.05,2,28672,4103,0
matmul_train,matmul,rec+freq+sd,matmul-naive64-s1,train,matmul,matmul-naive64,0.05,2,28718,4103,0
matmul_train,matmul,rec+freq+wr,matmul-naive64-s1,train,matmul,matmul-naive64,0.05,2,28672,4103,0
matmul_train,matmul,rec+sd+wr,matmul-naive64-s1,train,matmul,matmul-naive64,0.05,2,28672,4103,0
matmul_train,matmul,freq+sd+wr,matmul-naive64-s1,train,matmul,matmul-naive64,0.05,2,28672,4103,0
matmul_train,matmul,rec+freq+sd+wr,matmul-naive64-s1,train,matmul,matmul-naive64,0.05,2,28672,4103,0
matmul_train,matmul,ref,matmul-naive64-s1,train,matmul,matmul-naive64,0.05,2,30720,4103,0
matmul_train,matmul,aging,matmul-naive64-s1,train,matmul,matmul-naive64,0.05,2,30720,4103,0
matmul_train,matmul,sfreq,matmul-naive64-s1,train,matmul,matmul-naive64,0.05,2,32769,4103,0
matmul_train,matmul,idle,matmul-naive64-s1,train,matmul,matmul-naive64,0.05,2,30720,4103,0
matmul_train,matmul,age,matmul-naive64-s1,train,matmul,matmul-naive64,0.05,2,32771,4103,0
matmul_train,matmul,dirty,matmul-naive64-s1,train,matmul,matmul-naive64,0.05,2,28676,4103,0
matmul_train,matmul,refaults,matmul-naive64-s1,train,matmul,matmul-naive64,0.05,2,34812,4103,0
matmul_train,matmul,rdist,matmul-naive64-s1,train,matmul,matmul-naive64,0.05,2,27332,4103,0
matmul_train,matmul,ref+aging,matmul-naive64-s1,train,matmul,matmul-naive64,0.05,2,30720,4103,0
matmul_train,matmul,ref+sfreq,matmul-naive64-s1,train,matmul,matmul-naive64,0.05,2,32769,4103,0
matmul_train,matmul,ref+idle,matmul-naive64-s1,train,matmul,matmul-naive64,0.05,2,30720,4103,0
matmul_train,matmul,ref+age,matmul-naive64-s1,train,matmul,matmul-naive64,0.05,2,32769,4103,0
matmul_train,matmul,ref+dirty,matmul-naive64-s1,train,matmul,matmul-naive64,0.05,2,28676,4103,0
matmul_train,matmul,ref+refaults,matmul-naive64-s1,train,matmul,matmul-naive64,0.05,2,30720,4103,0
matmul_train,matmul,ref+rdist,matmul-naive64-s1,train,matmul,matmul-naive64,0.05,2,27332,4103,0
matmul_train,matmul,aging+sfreq,matmul-naive64-s1,train,matmul,matmul-naive64,0.05,2,32769,4103,0
matmul_train,matmul,aging+idle,matmul-naive64-s1,train,matmul,matmul-naive64,0.05,2,30720,4103,0
matmul_train,matmul,aging+age,matmul-naive64-s1,train,matmul,matmul-naive64,0.05,2,32769,4103,0
matmul_train,matmul,aging+dirty,matmul-naive64-s1,train,matmul,matmul-naive64,0.05,2,28676,4103,0
matmul_train,matmul,aging+refaults,matmul-naive64-s1,train,matmul,matmul-naive64,0.05,2,30720,4103,0
matmul_train,matmul,aging+rdist,matmul-naive64-s1,train,matmul,matmul-naive64,0.05,2,27332,4103,0
matmul_train,matmul,sfreq+idle,matmul-naive64-s1,train,matmul,matmul-naive64,0.05,2,32769,4103,0
matmul_train,matmul,sfreq+age,matmul-naive64-s1,train,matmul,matmul-naive64,0.05,2,32769,4103,0
matmul_train,matmul,sfreq+dirty,matmul-naive64-s1,train,matmul,matmul-naive64,0.05,2,32769,4103,0
matmul_train,matmul,sfreq+refaults,matmul-naive64-s1,train,matmul,matmul-naive64,0.05,2,33050,4103,0
matmul_train,matmul,sfreq+rdist,matmul-naive64-s1,train,matmul,matmul-naive64,0.05,2,27314,4103,0
matmul_train,matmul,idle+age,matmul-naive64-s1,train,matmul,matmul-naive64,0.05,2,32769,4103,0
matmul_train,matmul,idle+dirty,matmul-naive64-s1,train,matmul,matmul-naive64,0.05,2,28676,4103,0
matmul_train,matmul,idle+refaults,matmul-naive64-s1,train,matmul,matmul-naive64,0.05,2,30720,4103,0
matmul_train,matmul,idle+rdist,matmul-naive64-s1,train,matmul,matmul-naive64,0.05,2,27332,4103,0
matmul_train,matmul,age+dirty,matmul-naive64-s1,train,matmul,matmul-naive64,0.05,2,32771,4103,0
matmul_train,matmul,age+refaults,matmul-naive64-s1,train,matmul,matmul-naive64,0.05,2,38932,4103,0
matmul_train,matmul,age+rdist,matmul-naive64-s1,train,matmul,matmul-naive64,0.05,2,32777,4103,0
matmul_train,matmul,dirty+refaults,matmul-naive64-s1,train,matmul,matmul-naive64,0.05,2,29697,4103,0
matmul_train,matmul,dirty+rdist,matmul-naive64-s1,train,matmul,matmul-naive64,0.05,2,27332,4103,0
matmul_train,matmul,refaults+rdist,matmul-naive64-s1,train,matmul,matmul-naive64,0.05,2,32763,4103,0
matmul_train,matmul,ref+aging+sfreq,matmul-naive64-s1,train,matmul,matmul-naive64,0.05,2,32769,4103,0
matmul_train,matmul,ref+aging+idle,matmul-naive64-s1,train,matmul,matmul-naive64,0.05,2,30720,4103,0
matmul_train,matmul,ref+aging+age,matmul-naive64-s1,train,matmul,matmul-naive64,0.05,2,32769,4103,0
matmul_train,matmul,ref+aging+dirty,matmul-naive64-s1,train,matmul,matmul-naive64,0.05,2,28676,4103,0
matmul_train,matmul,ref+aging+refaults,matmul-naive64-s1,train,matmul,matmul-naive64,0.05,2,30721,4103,0
matmul_train,matmul,ref+aging+rdist,matmul-naive64-s1,train,matmul,matmul-naive64,0.05,2,27332,4103,0
matmul_train,matmul,ref+sfreq+idle,matmul-naive64-s1,train,matmul,matmul-naive64,0.05,2,32769,4103,0
matmul_train,matmul,ref+sfreq+age,matmul-naive64-s1,train,matmul,matmul-naive64,0.05,2,32769,4103,0
matmul_train,matmul,ref+sfreq+dirty,matmul-naive64-s1,train,matmul,matmul-naive64,0.05,2,32769,4103,0
matmul_train,matmul,ref+sfreq+refaults,matmul-naive64-s1,train,matmul,matmul-naive64,0.05,2,33216,4103,0
matmul_train,matmul,ref+sfreq+rdist,matmul-naive64-s1,train,matmul,matmul-naive64,0.05,2,27314,4103,0
matmul_train,matmul,ref+idle+age,matmul-naive64-s1,train,matmul,matmul-naive64,0.05,2,32769,4103,0
matmul_train,matmul,ref+idle+dirty,matmul-naive64-s1,train,matmul,matmul-naive64,0.05,2,28676,4103,0
matmul_train,matmul,ref+idle+refaults,matmul-naive64-s1,train,matmul,matmul-naive64,0.05,2,30720,4103,0
matmul_train,matmul,ref+idle+rdist,matmul-naive64-s1,train,matmul,matmul-naive64,0.05,2,27332,4103,0
matmul_train,matmul,ref+age+dirty,matmul-naive64-s1,train,matmul,matmul-naive64,0.05,2,32769,4103,0
matmul_train,matmul,ref+age+refaults,matmul-naive64-s1,train,matmul,matmul-naive64,0.05,2,33023,4103,0
matmul_train,matmul,ref+age+rdist,matmul-naive64-s1,train,matmul,matmul-naive64,0.05,2,27314,4103,0
matmul_train,matmul,ref+dirty+refaults,matmul-naive64-s1,train,matmul,matmul-naive64,0.05,2,29697,4103,0
matmul_train,matmul,ref+dirty+rdist,matmul-naive64-s1,train,matmul,matmul-naive64,0.05,2,27331,4103,0
matmul_train,matmul,ref+refaults+rdist,matmul-naive64-s1,train,matmul,matmul-naive64,0.05,2,27314,4103,0
matmul_train,matmul,aging+sfreq+idle,matmul-naive64-s1,train,matmul,matmul-naive64,0.05,2,32769,4103,0
matmul_train,matmul,aging+sfreq+age,matmul-naive64-s1,train,matmul,matmul-naive64,0.05,2,32769,4103,0
matmul_train,matmul,aging+sfreq+dirty,matmul-naive64-s1,train,matmul,matmul-naive64,0.05,2,32769,4103,0
matmul_train,matmul,aging+sfreq+refaults,matmul-naive64-s1,train,matmul,matmul-naive64,0.05,2,33227,4103,0
matmul_train,matmul,aging+sfreq+rdist,matmul-naive64-s1,train,matmul,matmul-naive64,0.05,2,27314,4103,0
matmul_train,matmul,aging+idle+age,matmul-naive64-s1,train,matmul,matmul-naive64,0.05,2,32769,4103,0
matmul_train,matmul,aging+idle+dirty,matmul-naive64-s1,train,matmul,matmul-naive64,0.05,2,28676,4103,0
matmul_train,matmul,aging+idle+refaults,matmul-naive64-s1,train,matmul,matmul-naive64,0.05,2,30720,4103,0
matmul_train,matmul,aging+idle+rdist,matmul-naive64-s1,train,matmul,matmul-naive64,0.05,2,27332,4103,0
matmul_train,matmul,aging+age+dirty,matmul-naive64-s1,train,matmul,matmul-naive64,0.05,2,32769,4103,0
matmul_train,matmul,aging+age+refaults,matmul-naive64-s1,train,matmul,matmul-naive64,0.05,2,33042,4103,0
matmul_train,matmul,aging+age+rdist,matmul-naive64-s1,train,matmul,matmul-naive64,0.05,2,27314,4103,0
matmul_train,matmul,aging+dirty+refaults,matmul-naive64-s1,train,matmul,matmul-naive64,0.05,2,29697,4103,0
matmul_train,matmul,aging+dirty+rdist,matmul-naive64-s1,train,matmul,matmul-naive64,0.05,2,27331,4103,0
matmul_train,matmul,aging+refaults+rdist,matmul-naive64-s1,train,matmul,matmul-naive64,0.05,2,27314,4103,0
matmul_train,matmul,sfreq+idle+age,matmul-naive64-s1,train,matmul,matmul-naive64,0.05,2,32769,4103,0
matmul_train,matmul,sfreq+idle+dirty,matmul-naive64-s1,train,matmul,matmul-naive64,0.05,2,32769,4103,0
matmul_train,matmul,sfreq+idle+refaults,matmul-naive64-s1,train,matmul,matmul-naive64,0.05,2,33242,4103,0
matmul_train,matmul,sfreq+idle+rdist,matmul-naive64-s1,train,matmul,matmul-naive64,0.05,2,27314,4103,0
matmul_train,matmul,sfreq+age+dirty,matmul-naive64-s1,train,matmul,matmul-naive64,0.05,2,32769,4103,0
matmul_train,matmul,sfreq+age+refaults,matmul-naive64-s1,train,matmul,matmul-naive64,0.05,2,32500,4103,0
matmul_train,matmul,sfreq+age+rdist,matmul-naive64-s1,train,matmul,matmul-naive64,0.05,2,27314,4103,0
matmul_train,matmul,sfreq+dirty+refaults,matmul-naive64-s1,train,matmul,matmul-naive64,0.05,2,32955,4103,0
matmul_train,matmul,sfreq+dirty+rdist,matmul-naive64-s1,train,matmul,matmul-naive64,0.05,2,27314,4103,0
matmul_train,matmul,sfreq+refaults+rdist,matmul-naive64-s1,train,matmul,matmul-naive64,0.05,2,27332,4103,0
matmul_train,matmul,idle+age+dirty,matmul-naive64-s1,train,matmul,matmul-naive64,0.05,2,32769,4103,0
matmul_train,matmul,idle+age+refaults,matmul-naive64-s1,train,matmul,matmul-naive64,0.05,2,33053,4103,0
matmul_train,matmul,idle+age+rdist,matmul-naive64-s1,train,matmul,matmul-naive64,0.05,2,27314,4103,0
matmul_train,matmul,idle+dirty+refaults,matmul-naive64-s1,train,matmul,matmul-naive64,0.05,2,29697,4103,0
matmul_train,matmul,idle+dirty+rdist,matmul-naive64-s1,train,matmul,matmul-naive64,0.05,2,27331,4103,0
matmul_train,matmul,idle+refaults+rdist,matmul-naive64-s1,train,matmul,matmul-naive64,0.05,2,27314,4103,0
matmul_train,matmul,age+dirty+refaults,matmul-naive64-s1,train,matmul,matmul-naive64,0.05,2,32883,4103,0
matmul_train,matmul,age+dirty+rdist,matmul-naive64-s1,train,matmul,matmul-naive64,0.05,2,32771,4103,0
matmul_train,matmul,age+refaults+rdist,matmul-naive64-s1,train,matmul,matmul-naive64,0.05,2,32673,4103,0
matmul_train,matmul,dirty+refaults+rdist,matmul-naive64-s1,train,matmul,matmul-naive64,0.05,2,27314,4103,0
matmul_train,matmul,ref+aging+sfreq+idle,matmul-naive64-s1,train,matmul,matmul-naive64,0.05,2,32769,4103,0
matmul_train,matmul,ref+aging+sfreq+age,matmul-naive64-s1,train,matmul,matmul-naive64,0.05,2,32769,4103,0
matmul_train,matmul,ref+aging+sfreq+dirty,matmul-naive64-s1,train,matmul,matmul-naive64,0.05,2,32769,4103,0
matmul_train,matmul,ref+aging+sfreq+refaults,matmul-naive64-s1,train,matmul,matmul-naive64,0.05,2,33174,4103,0
matmul_train,matmul,ref+aging+sfreq+rdist,matmul-naive64-s1,train,matmul,matmul-naive64,0.05,2,27314,4103,0
matmul_train,matmul,ref+aging+idle+age,matmul-naive64-s1,train,matmul,matmul-naive64,0.05,2,32769,4103,0
matmul_train,matmul,ref+aging+idle+dirty,matmul-naive64-s1,train,matmul,matmul-naive64,0.05,2,28676,4103,0
matmul_train,matmul,ref+aging+idle+refaults,matmul-naive64-s1,train,matmul,matmul-naive64,0.05,2,30722,4103,0
matmul_train,matmul,ref+aging+idle+rdist,matmul-naive64-s1,train,matmul,matmul-naive64,0.05,2,27332,4103,0
matmul_train,matmul,ref+aging+age+dirty,matmul-naive64-s1,train,matmul,matmul-naive64,0.05,2,32769,4103,0
matmul_train,matmul,ref+aging+age+refaults,matmul-naive64-s1,train,matmul,matmul-naive64,0.05,2,33008,4103,0
matmul_train,matmul,ref+aging+age+rdist,matmul-naive64-s1,train,matmul,matmul-naive64,0.05,2,27314,4103,0
matmul_train,matmul,ref+aging+dirty+refaults,matmul-naive64-s1,train,matmul,matmul-naive64,0.05,2,29697,4103,0
matmul_train,matmul,ref+aging+dirty+rdist,matmul-naive64-s1,train,matmul,matmul-naive64,0.05,2,27331,4103,0
matmul_train,matmul,ref+aging+refaults+rdist,matmul-naive64-s1,train,matmul,matmul-naive64,0.05,2,27314,4103,0
matmul_train,matmul,ref+sfreq+idle+age,matmul-naive64-s1,train,matmul,matmul-naive64,0.05,2,32769,4103,0
matmul_train,matmul,ref+sfreq+idle+dirty,matmul-naive64-s1,train,matmul,matmul-naive64,0.05,2,32769,4103,0
matmul_train,matmul,ref+sfreq+idle+refaults,matmul-naive64-s1,train,matmul,matmul-naive64,0.05,2,33228,4103,0
matmul_train,matmul,ref+sfreq+idle+rdist,matmul-naive64-s1,train,matmul,matmul-naive64,0.05,2,27314,4103,0
matmul_train,matmul,ref+sfreq+age+dirty,matmul-naive64-s1,train,matmul,matmul-naive64,0.05,2,32769,4103,0
matmul_train,matmul,ref+sfreq+age+refaults,matmul-naive64-s1,train,matmul,matmul-naive64,0.05,2,32794,4103,0
matmul_train,matmul,ref+sfreq+age+rdist,matmul-naive64-s1,train,matmul,matmul-naive64,0.05,2,27314,4103,0
matmul_train,matmul,ref+sfreq+dirty+refaults,matmul-naive64-s1,train,matmul,matmul-naive64,0.05,2,33125,4103,0
matmul_train,matmul,ref+sfreq+dirty+rdist,matmul-naive64-s1,train,matmul,matmul-naive64,0.05,2,27314,4103,0
matmul_train,matmul,ref+sfreq+refaults+rdist,matmul-naive64-s1,train,matmul,matmul-naive64,0.05,2,27332,4103,0
matmul_train,matmul,ref+idle+age+dirty,matmul-naive64-s1,train,matmul,matmul-naive64,0.05,2,32769,4103,0
matmul_train,matmul,ref+idle+age+refaults,matmul-naive64-s1,train,matmul,matmul-naive64,0.05,2,33042,4103,0
matmul_train,matmul,ref+idle+age+rdist,matmul-naive64-s1,train,matmul,matmul-naive64,0.05,2,27314,4103,0
matmul_train,matmul,ref+idle+dirty+refaults,matmul-naive64-s1,train,matmul,matmul-naive64,0.05,2,29697,4103,0
matmul_train,matmul,ref+idle+dirty+rdist,matmul-naive64-s1,train,matmul,matmul-naive64,0.05,2,27331,4103,0
matmul_train,matmul,ref+idle+refaults+rdist,matmul-naive64-s1,train,matmul,matmul-naive64,0.05,2,27314,4103,0
matmul_train,matmul,ref+age+dirty+refaults,matmul-naive64-s1,train,matmul,matmul-naive64,0.05,2,32965,4103,0
matmul_train,matmul,ref+age+dirty+rdist,matmul-naive64-s1,train,matmul,matmul-naive64,0.05,2,27314,4103,0
matmul_train,matmul,ref+age+refaults+rdist,matmul-naive64-s1,train,matmul,matmul-naive64,0.05,2,27334,4103,0
matmul_train,matmul,ref+dirty+refaults+rdist,matmul-naive64-s1,train,matmul,matmul-naive64,0.05,2,27313,4103,0
matmul_train,matmul,aging+sfreq+idle+age,matmul-naive64-s1,train,matmul,matmul-naive64,0.05,2,32769,4103,0
matmul_train,matmul,aging+sfreq+idle+dirty,matmul-naive64-s1,train,matmul,matmul-naive64,0.05,2,32769,4103,0
matmul_train,matmul,aging+sfreq+idle+refaults,matmul-naive64-s1,train,matmul,matmul-naive64,0.05,2,33229,4103,0
matmul_train,matmul,aging+sfreq+idle+rdist,matmul-naive64-s1,train,matmul,matmul-naive64,0.05,2,27314,4103,0
matmul_train,matmul,aging+sfreq+age+dirty,matmul-naive64-s1,train,matmul,matmul-naive64,0.05,2,32769,4103,0
matmul_train,matmul,aging+sfreq+age+refaults,matmul-naive64-s1,train,matmul,matmul-naive64,0.05,2,32775,4103,0
matmul_train,matmul,aging+sfreq+age+rdist,matmul-naive64-s1,train,matmul,matmul-naive64,0.05,2,27314,4103,0
matmul_train,matmul,aging+sfreq+dirty+refaults,matmul-naive64-s1,train,matmul,matmul-naive64,0.05,2,33146,4103,0
matmul_train,matmul,aging+sfreq+dirty+rdist,matmul-naive64-s1,train,matmul,matmul-naive64,0.05,2,27313,4103,0
matmul_train,matmul,aging+sfreq+refaults+rdist,matmul-naive64-s1,train,matmul,matmul-naive64,0.05,2,27332,4103,0
matmul_train,matmul,aging+idle+age+dirty,matmul-naive64-s1,train,matmul,matmul-naive64,0.05,2,32769,4103,0
matmul_train,matmul,aging+idle+age+refaults,matmul-naive64-s1,train,matmul,matmul-naive64,0.05,2,33044,4103,0
matmul_train,matmul,aging+idle+age+rdist,matmul-naive64-s1,train,matmul,matmul-naive64,0.05,2,27314,4103,0
matmul_train,matmul,aging+idle+dirty+refaults,matmul-naive64-s1,train,matmul,matmul-naive64,0.05,2,29697,4103,0
matmul_train,matmul,aging+idle+dirty+rdist,matmul-naive64-s1,train,matmul,matmul-naive64,0.05,2,27331,4103,0
matmul_train,matmul,aging+idle+refaults+rdist,matmul-naive64-s1,train,matmul,matmul-naive64,0.05,2,27314,4103,0
matmul_train,matmul,aging+age+dirty+refaults,matmul-naive64-s1,train,matmul,matmul-naive64,0.05,2,32993,4103,0
matmul_train,matmul,aging+age+dirty+rdist,matmul-naive64-s1,train,matmul,matmul-naive64,0.05,2,27313,4103,0
matmul_train,matmul,aging+age+refaults+rdist,matmul-naive64-s1,train,matmul,matmul-naive64,0.05,2,27335,4103,0
matmul_train,matmul,aging+dirty+refaults+rdist,matmul-naive64-s1,train,matmul,matmul-naive64,0.05,2,27313,4103,0
matmul_train,matmul,sfreq+idle+age+dirty,matmul-naive64-s1,train,matmul,matmul-naive64,0.05,2,32769,4103,0
matmul_train,matmul,sfreq+idle+age+refaults,matmul-naive64-s1,train,matmul,matmul-naive64,0.05,2,32776,4103,0
matmul_train,matmul,sfreq+idle+age+rdist,matmul-naive64-s1,train,matmul,matmul-naive64,0.05,2,27314,4103,0
matmul_train,matmul,sfreq+idle+dirty+refaults,matmul-naive64-s1,train,matmul,matmul-naive64,0.05,2,33163,4103,0
matmul_train,matmul,sfreq+idle+dirty+rdist,matmul-naive64-s1,train,matmul,matmul-naive64,0.05,2,27313,4103,0
matmul_train,matmul,sfreq+idle+refaults+rdist,matmul-naive64-s1,train,matmul,matmul-naive64,0.05,2,27332,4103,0
matmul_train,matmul,sfreq+age+dirty+refaults,matmul-naive64-s1,train,matmul,matmul-naive64,0.05,2,32851,4103,0
matmul_train,matmul,sfreq+age+dirty+rdist,matmul-naive64-s1,train,matmul,matmul-naive64,0.05,2,27314,4103,0
matmul_train,matmul,sfreq+age+refaults+rdist,matmul-naive64-s1,train,matmul,matmul-naive64,0.05,2,27332,4103,0
matmul_train,matmul,sfreq+dirty+refaults+rdist,matmul-naive64-s1,train,matmul,matmul-naive64,0.05,2,27332,4103,0
matmul_train,matmul,idle+age+dirty+refaults,matmul-naive64-s1,train,matmul,matmul-naive64,0.05,2,33006,4103,0
matmul_train,matmul,idle+age+dirty+rdist,matmul-naive64-s1,train,matmul,matmul-naive64,0.05,2,27313,4103,0
matmul_train,matmul,idle+age+refaults+rdist,matmul-naive64-s1,train,matmul,matmul-naive64,0.05,2,27335,4103,0
matmul_train,matmul,idle+dirty+refaults+rdist,matmul-naive64-s1,train,matmul,matmul-naive64,0.05,2,27313,4103,0
matmul_train,matmul,age+dirty+refaults+rdist,matmul-naive64-s1,train,matmul,matmul-naive64,0.05,2,32681,4103,0
matmul_train,matmul,ref+aging+sfreq+idle+age,matmul-naive64-s1,train,matmul,matmul-naive64,0.05,2,32769,4103,0
matmul_train,matmul,ref+aging+sfreq+idle+dirty,matmul-naive64-s1,train,matmul,matmul-naive64,0.05,2,32769,4103,0
matmul_train,matmul,ref+aging+sfreq+idle+refaults,matmul-naive64-s1,train,matmul,matmul-naive64,0.05,2,33126,4103,0
matmul_train,matmul,ref+aging+sfreq+idle+rdist,matmul-naive64-s1,train,matmul,matmul-naive64,0.05,2,27314,4103,0
matmul_train,matmul,ref+aging+sfreq+age+dirty,matmul-naive64-s1,train,matmul,matmul-naive64,0.05,2,32771,4103,0
matmul_train,matmul,ref+aging+sfreq+age+refaults,matmul-naive64-s1,train,matmul,matmul-naive64,0.05,2,32775,4103,0
matmul_train,matmul,ref+aging+sfreq+age+rdist,matmul-naive64-s1,train,matmul,matmul-naive64,0.05,2,32769,4103,0
matmul_train,matmul,ref+aging+sfreq+dirty+refaults,matmul-naive64-s1,train,matmul,matmul-naive64,0.05,2,33057,4103,0
matmul_train,matmul,ref+aging+sfreq+dirty+rdist,matmul-naive64-s1,train,matmul,matmul-naive64,0.05,2,27314,4103,0
matmul_train,matmul,ref+aging+sfreq+refaults+rdist,matmul-naive64-s1,train,matmul,matmul-naive64,0.05,2,27332,4103,0
matmul_train,matmul,ref+aging+idle+age+dirty,matmul-naive64-s1,train,matmul,matmul-naive64,0.05,2,32769,4103,0
matmul_train,matmul,ref+aging+idle+age+refaults,matmul-naive64-s1,train,matmul,matmul-naive64,0.05,2,32982,4103,0
matmul_train,matmul,ref+aging+idle+age+rdist,matmul-naive64-s1,train,matmul,matmul-naive64,0.05,2,27314,4103,0
matmul_train,matmul,ref+aging+idle+dirty+refaults,matmul-naive64-s1,train,matmul,matmul-naive64,0.05,2,29697,4103,0
matmul_train,matmul,ref+aging+idle+dirty+rdist,matmul-naive64-s1,train,matmul,matmul-naive64,0.05,2,27331,4103,0
matmul_train,matmul,ref+aging+idle+refaults+rdist,matmul-naive64-s1,train,matmul,matmul-naive64,0.05,2,27314,4103,0
matmul_train,matmul,ref+aging+age+dirty+refaults,matmul-naive64-s1,train,matmul,matmul-naive64,0.05,2,32944,4103,0
matmul_train,matmul,ref+aging+age+dirty+rdist,matmul-naive64-s1,train,matmul,matmul-naive64,0.05,2,27314,4103,0
matmul_train,matmul,ref+aging+age+refaults+rdist,matmul-naive64-s1,train,matmul,matmul-naive64,0.05,2,27335,4103,0
matmul_train,matmul,ref+aging+dirty+refaults+rdist,matmul-naive64-s1,train,matmul,matmul-naive64,0.05,2,27314,4103,0
matmul_train,matmul,ref+sfreq+idle+age+dirty,matmul-naive64-s1,train,matmul,matmul-naive64,0.05,2,32769,4103,0
matmul_train,matmul,ref+sfreq+idle+age+refaults,matmul-naive64-s1,train,matmul,matmul-naive64,0.05,2,32776,4103,0
matmul_train,matmul,ref+sfreq+idle+age+rdist,matmul-naive64-s1,train,matmul,matmul-naive64,0.05,2,27314,4103,0
matmul_train,matmul,ref+sfreq+idle+dirty+refaults,matmul-naive64-s1,train,matmul,matmul-naive64,0.05,2,33124,4103,0
matmul_train,matmul,ref+sfreq+idle+dirty+rdist,matmul-naive64-s1,train,matmul,matmul-naive64,0.05,2,27314,4103,0
matmul_train,matmul,ref+sfreq+idle+refaults+rdist,matmul-naive64-s1,train,matmul,matmul-naive64,0.05,2,27332,4103,0
matmul_train,matmul,ref+sfreq+age+dirty+refaults,matmul-naive64-s1,train,matmul,matmul-naive64,0.05,2,32787,4103,0
matmul_train,matmul,ref+sfreq+age+dirty+rdist,matmul-naive64-s1,train,matmul,matmul-naive64,0.05,2,27314,4103,0
matmul_train,matmul,ref+sfreq+age+refaults+rdist,matmul-naive64-s1,train,matmul,matmul-naive64,0.05,2,27513,4103,0
matmul_train,matmul,ref+sfreq+dirty+refaults+rdist,matmul-naive64-s1,train,matmul,matmul-naive64,0.05,2,27331,4103,0
matmul_train,matmul,ref+idle+age+dirty+refaults,matmul-naive64-s1,train,matmul,matmul-naive64,0.05,2,32983,4103,0
matmul_train,matmul,ref+idle+age+dirty+rdist,matmul-naive64-s1,train,matmul,matmul-naive64,0.05,2,27314,4103,0
matmul_train,matmul,ref+idle+age+refaults+rdist,matmul-naive64-s1,train,matmul,matmul-naive64,0.05,2,27335,4103,0
matmul_train,matmul,ref+idle+dirty+refaults+rdist,matmul-naive64-s1,train,matmul,matmul-naive64,0.05,2,27314,4103,0
matmul_train,matmul,ref+age+dirty+refaults+rdist,matmul-naive64-s1,train,matmul,matmul-naive64,0.05,2,27331,4103,0
matmul_train,matmul,aging+sfreq+idle+age+dirty,matmul-naive64-s1,train,matmul,matmul-naive64,0.05,2,32769,4103,0
matmul_train,matmul,aging+sfreq+idle+age+refaults,matmul-naive64-s1,train,matmul,matmul-naive64,0.05,2,32776,4103,0
matmul_train,matmul,aging+sfreq+idle+age+rdist,matmul-naive64-s1,train,matmul,matmul-naive64,0.05,2,27314,4103,0
matmul_train,matmul,aging+sfreq+idle+dirty+refaults,matmul-naive64-s1,train,matmul,matmul-naive64,0.05,2,33169,4103,0
matmul_train,matmul,aging+sfreq+idle+dirty+rdist,matmul-naive64-s1,train,matmul,matmul-naive64,0.05,2,27313,4103,0
matmul_train,matmul,aging+sfreq+idle+refaults+rdist,matmul-naive64-s1,train,matmul,matmul-naive64,0.05,2,27332,4103,0
matmul_train,matmul,aging+sfreq+age+dirty+refaults,matmul-naive64-s1,train,matmul,matmul-naive64,0.05,2,32775,4103,0
matmul_train,matmul,aging+sfreq+age+dirty+rdist,matmul-naive64-s1,train,matmul,matmul-naive64,0.05,2,27314,4103,0
matmul_train,matmul,aging+sfreq+age+refaults+rdist,matmul-naive64-s1,train,matmul,matmul-naive64,0.05,2,31948,4103,0
matmul_train,matmul,aging+sfreq+dirty+refaults+rdist,matmul-naive64-s1,train,matmul,matmul-naive64,0.05,2,27331,4103,0
matmul_train,matmul,aging+idle+age+dirty+refaults,matmul-naive64-s1,train,matmul,matmul-naive64,0.05,2,33007,4103,0
matmul_train,matmul,aging+idle+age+dirty+rdist,matmul-naive64-s1,train,matmul,matmul-naive64,0.05,2,27314,4103,0
matmul_train,matmul,aging+idle+age+refaults+rdist,matmul-naive64-s1,train,matmul,matmul-naive64,0.05,2,27335,4103,0
matmul_train,matmul,aging+idle+dirty+refaults+rdist,matmul-naive64-s1,train,matmul,matmul-naive64,0.05,2,27313,4103,0
matmul_train,matmul,aging+age+dirty+refaults+rdist,matmul-naive64-s1,train,matmul,matmul-naive64,0.05,2,27331,4103,0
matmul_train,matmul,sfreq+idle+age+dirty+refaults,matmul-naive64-s1,train,matmul,matmul-naive64,0.05,2,32776,4103,0
matmul_train,matmul,sfreq+idle+age+dirty+rdist,matmul-naive64-s1,train,matmul,matmul-naive64,0.05,2,27314,4103,0
matmul_train,matmul,sfreq+idle+age+refaults+rdist,matmul-naive64-s1,train,matmul,matmul-naive64,0.05,2,31765,4103,0
matmul_train,matmul,sfreq+idle+dirty+refaults+rdist,matmul-naive64-s1,train,matmul,matmul-naive64,0.05,2,27331,4103,0
matmul_train,matmul,sfreq+age+dirty+refaults+rdist,matmul-naive64-s1,train,matmul,matmul-naive64,0.05,2,27332,4103,0
matmul_train,matmul,idle+age+dirty+refaults+rdist,matmul-naive64-s1,train,matmul,matmul-naive64,0.05,2,27331,4103,0
matmul_train,matmul,ref+aging+sfreq+idle+age+dirty,matmul-naive64-s1,train,matmul,matmul-naive64,0.05,2,32769,4103,0
matmul_train,matmul,ref+aging+sfreq+idle+age+refaults,matmul-naive64-s1,train,matmul,matmul-naive64,0.05,2,32775,4103,0
matmul_train,matmul,ref+aging+sfreq+idle+age+rdist,matmul-naive64-s1,train,matmul,matmul-naive64,0.05,2,32769,4103,0
matmul_train,matmul,ref+aging+sfreq+idle+dirty+refaults,matmul-naive64-s1,train,matmul,matmul-naive64,0.05,2,33029,4103,0
matmul_train,matmul,ref+aging+sfreq+idle+dirty+rdist,matmul-naive64-s1,train,matmul,matmul-naive64,0.05,2,27314,4103,0
matmul_train,matmul,ref+aging+sfreq+idle+refaults+rdist,matmul-naive64-s1,train,matmul,matmul-naive64,0.05,2,27332,4103,0
matmul_train,matmul,ref+aging+sfreq+age+dirty+refaults,matmul-naive64-s1,train,matmul,matmul-naive64,0.05,2,32775,4103,0
matmul_train,matmul,ref+aging+sfreq+age+dirty+rdist,matmul-naive64-s1,train,matmul,matmul-naive64,0.05,2,32770,4103,0
matmul_train,matmul,ref+aging+sfreq+age+refaults+rdist,matmul-naive64-s1,train,matmul,matmul-naive64,0.05,2,32775,4103,0
matmul_train,matmul,ref+aging+sfreq+dirty+refaults+rdist,matmul-naive64-s1,train,matmul,matmul-naive64,0.05,2,27331,4103,0
matmul_train,matmul,ref+aging+idle+age+dirty+refaults,matmul-naive64-s1,train,matmul,matmul-naive64,0.05,2,32930,4103,0
matmul_train,matmul,ref+aging+idle+age+dirty+rdist,matmul-naive64-s1,train,matmul,matmul-naive64,0.05,2,27314,4103,0
matmul_train,matmul,ref+aging+idle+age+refaults+rdist,matmul-naive64-s1,train,matmul,matmul-naive64,0.05,2,27334,4103,0
matmul_train,matmul,ref+aging+idle+dirty+refaults+rdist,matmul-naive64-s1,train,matmul,matmul-naive64,0.05,2,27314,4103,0
matmul_train,matmul,ref+aging+age+dirty+refaults+rdist,matmul-naive64-s1,train,matmul,matmul-naive64,0.05,2,27331,4103,0
matmul_train,matmul,ref+sfreq+idle+age+dirty+refaults,matmul-naive64-s1,train,matmul,matmul-naive64,0.05,2,32775,4103,0
matmul_train,matmul,ref+sfreq+idle+age+dirty+rdist,matmul-naive64-s1,train,matmul,matmul-naive64,0.05,2,27314,4103,0
matmul_train,matmul,ref+sfreq+idle+age+refaults+rdist,matmul-naive64-s1,train,matmul,matmul-naive64,0.05,2,32183,4103,0
matmul_train,matmul,ref+sfreq+idle+dirty+refaults+rdist,matmul-naive64-s1,train,matmul,matmul-naive64,0.05,2,27331,4103,0
matmul_train,matmul,ref+sfreq+age+dirty+refaults+rdist,matmul-naive64-s1,train,matmul,matmul-naive64,0.05,2,27343,4103,0
matmul_train,matmul,ref+idle+age+dirty+refaults+rdist,matmul-naive64-s1,train,matmul,matmul-naive64,0.05,2,27331,4103,0
matmul_train,matmul,aging+sfreq+idle+age+dirty+refaults,matmul-naive64-s1,train,matmul,matmul-naive64,0.05,2,32775,4103,0
matmul_train,matmul,aging+sfreq+idle+age+dirty+rdist,matmul-naive64-s1,train,matmul,matmul-naive64,0.05,2,27314,4103,0
matmul_train,matmul,aging+sfreq+idle+age+refaults+rdist,matmul-naive64-s1,train,matmul,matmul-naive64,0.05,2,32030,4103,0
matmul_train,matmul,aging+sfreq+idle+dirty+refaults+rdist,matmul-naive64-s1,train,matmul,matmul-naive64,0.05,2,27331,4103,0
matmul_train,matmul,aging+sfreq+age+dirty+refaults+rdist,matmul-naive64-s1,train,matmul,matmul-naive64,0.05,2,30815,4103,0
matmul_train,matmul,aging+idle+age+dirty+refaults+rdist,matmul-naive64-s1,train,matmul,matmul-naive64,0.05,2,27331,4103,0
matmul_train,matmul,sfreq+idle+age+dirty+refaults+rdist,matmul-naive64-s1,train,matmul,matmul-naive64,0.05,2,30801,4103,0
matmul_train,matmul,ref+aging+sfreq+idle+age+dirty+refaults,matmul-naive64-s1,train,matmul,matmul-naive64,0.05,2,32775,4103,0
matmul_train,matmul,ref+aging+sfreq+idle+age+dirty+rdist,matmul-naive64-s1,train,matmul,matmul-naive64,0.05,2,32770,4103,0
matmul_train,matmul,ref+aging+sfreq+idle+age+refaults+rdist,matmul-naive64-s1,train,matmul,matmul-naive64,0.05,2,32775,4103,0
matmul_train,matmul,ref+aging+sfreq+idle+dirty+refaults+rdist,matmul-naive64-s1,train,matmul,matmul-naive64,0.05,2,27331,4103,0
matmul_train,matmul,ref+aging+sfreq+age+dirty+refaults+rdist,matmul-naive64-s1,train,matmul,matmul-naive64,0.05,2,32622,4103,0
matmul_train,matmul,ref+aging+idle+age+dirty+refaults+rdist,matmul-naive64-s1,train,matmul,matmul-naive64,0.05,2,27331,4103,0
matmul_train,matmul,ref+sfreq+idle+age+dirty+refaults+rdist,matmul-naive64-s1,train,matmul,matmul-naive64,0.05,2,31164,4103,0
matmul_train,matmul,aging+sfreq+idle+age+dirty+refaults+rdist,matmul-naive64-s1,train,matmul,matmul-naive64,0.05,2,30886,4103,0
matmul_train,matmul,ref+aging+sfreq+idle+age+dirty+refaults+rdist,matmul-naive64-s1,train,matmul,matmul-naive64,0.05,2,32591,4103,0
matmul_train,matmul,rec+ref+aging+sfreq+idle+age+dirty,matmul-naive64-s1,train,matmul,matmul-naive64,0.05,2,32769,4103,0
matmul_train,matmul,rec+ref+aging+sfreq+idle+age+dirty+refaults+rdist,matmul-naive64-s1,train,matmul,matmul-naive64,0.05,2,32770,4103,0
matmul_train,matmul,freq+ref+aging+sfreq+idle+age+dirty,matmul-naive64-s1,train,matmul,matmul-naive64,0.05,2,32775,4103,0
matmul_train,matmul,freq+ref+aging+sfreq+idle+age+dirty+refaults+rdist,matmul-naive64-s1,train,matmul,matmul-naive64,0.05,2,32775,4103,0
matmul_train,matmul,sd+ref+aging+sfreq+idle+age+dirty,matmul-naive64-s1,train,matmul,matmul-naive64,0.05,2,28672,4103,0
matmul_train,matmul,sd+ref+aging+sfreq+idle+age+dirty+refaults+rdist,matmul-naive64-s1,train,matmul,matmul-naive64,0.05,2,28679,4103,0
matmul_train,matmul,wr+ref+aging+sfreq+idle+age+dirty,matmul-naive64-s1,train,matmul,matmul-naive64,0.05,2,32769,4103,0
matmul_train,matmul,wr+ref+aging+sfreq+idle+age+dirty+refaults+rdist,matmul-naive64-s1,train,matmul,matmul-naive64,0.05,2,32775,4103,0
matmul_train,matmul,rec+freq+ref+aging+sfreq+idle+age+dirty,matmul-naive64-s1,train,matmul,matmul-naive64,0.05,2,32769,4103,0
matmul_train,matmul,rec+freq+ref+aging+sfreq+idle+age+dirty+refaults+rdist,matmul-naive64-s1,train,matmul,matmul-naive64,0.05,2,32770,4103,0
matmul_train,matmul,rec+sd+ref+aging+sfreq+idle+age+dirty,matmul-naive64-s1,train,matmul,matmul-naive64,0.05,2,28672,4103,0
matmul_train,matmul,rec+sd+ref+aging+sfreq+idle+age+dirty+refaults+rdist,matmul-naive64-s1,train,matmul,matmul-naive64,0.05,2,28682,4103,0
matmul_train,matmul,rec+wr+ref+aging+sfreq+idle+age+dirty,matmul-naive64-s1,train,matmul,matmul-naive64,0.05,2,32769,4103,0
matmul_train,matmul,rec+wr+ref+aging+sfreq+idle+age+dirty+refaults+rdist,matmul-naive64-s1,train,matmul,matmul-naive64,0.05,2,32768,4103,0
matmul_train,matmul,freq+sd+ref+aging+sfreq+idle+age+dirty,matmul-naive64-s1,train,matmul,matmul-naive64,0.05,2,28730,4103,0
matmul_train,matmul,freq+sd+ref+aging+sfreq+idle+age+dirty+refaults+rdist,matmul-naive64-s1,train,matmul,matmul-naive64,0.05,2,28676,4103,0
matmul_train,matmul,freq+wr+ref+aging+sfreq+idle+age+dirty,matmul-naive64-s1,train,matmul,matmul-naive64,0.05,2,32769,4103,0
matmul_train,matmul,freq+wr+ref+aging+sfreq+idle+age+dirty+refaults+rdist,matmul-naive64-s1,train,matmul,matmul-naive64,0.05,2,32769,4103,0
matmul_train,matmul,sd+wr+ref+aging+sfreq+idle+age+dirty,matmul-naive64-s1,train,matmul,matmul-naive64,0.05,2,28672,4103,0
matmul_train,matmul,sd+wr+ref+aging+sfreq+idle+age+dirty+refaults+rdist,matmul-naive64-s1,train,matmul,matmul-naive64,0.05,2,28672,4103,0
matmul_train,matmul,rec+freq+sd+ref+aging+sfreq+idle+age+dirty,matmul-naive64-s1,train,matmul,matmul-naive64,0.05,2,28828,4103,0
matmul_train,matmul,rec+freq+sd+ref+aging+sfreq+idle+age+dirty+refaults+rdist,matmul-naive64-s1,train,matmul,matmul-naive64,0.05,2,28678,4103,0
matmul_train,matmul,rec+freq+wr+ref+aging+sfreq+idle+age+dirty,matmul-naive64-s1,train,matmul,matmul-naive64,0.05,2,32769,4103,0
matmul_train,matmul,rec+freq+wr+ref+aging+sfreq+idle+age+dirty+refaults+rdist,matmul-naive64-s1,train,matmul,matmul-naive64,0.05,2,32767,4103,0
matmul_train,matmul,rec+sd+wr+ref+aging+sfreq+idle+age+dirty,matmul-naive64-s1,train,matmul,matmul-naive64,0.05,2,28672,4103,0
matmul_train,matmul,rec+sd+wr+ref+aging+sfreq+idle+age+dirty+refaults+rdist,matmul-naive64-s1,train,matmul,matmul-naive64,0.05,2,28672,4103,0
matmul_train,matmul,freq+sd+wr+ref+aging+sfreq+idle+age+dirty,matmul-naive64-s1,train,matmul,matmul-naive64,0.05,2,28672,4103,0
matmul_train,matmul,freq+sd+wr+ref+aging+sfreq+idle+age+dirty+refaults+rdist,matmul-naive64-s1,train,matmul,matmul-naive64,0.05,2,28672,4103,0
matmul_train,matmul,rec+freq+sd+wr+ref+aging+sfreq+idle+age+dirty,matmul-naive64-s1,train,matmul,matmul-naive64,0.05,2,28672,4103,0
matmul_train,matmul,rec+freq+sd+wr+ref+aging+sfreq+idle+age+dirty+refaults+rdist,matmul-naive64-s1,train,matmul,matmul-naive64,0.05,2,28672,4103,0
matmul_train,global,rec,matmul-naive64-s1,train,matmul,matmul-naive64,0.05,2,28672,4103,0
matmul_train,global,freq,matmul-naive64-s1,train,matmul,matmul-naive64,0.05,2,40956,4103,0
matmul_train,global,sd,matmul-naive64-s1,train,matmul,matmul-naive64,0.05,2,28672,4103,0
matmul_train,global,wr,matmul-naive64-s1,train,matmul,matmul-naive64,0.05,2,28676,4103,0
matmul_train,global,rec+freq,matmul-naive64-s1,train,matmul,matmul-naive64,0.05,2,29461,4103,0
matmul_train,global,rec+sd,matmul-naive64-s1,train,matmul,matmul-naive64,0.05,2,28672,4103,0
matmul_train,global,rec+wr,matmul-naive64-s1,train,matmul,matmul-naive64,0.05,2,28672,4103,0
matmul_train,global,freq+sd,matmul-naive64-s1,train,matmul,matmul-naive64,0.05,2,29102,4103,0
matmul_train,global,freq+wr,matmul-naive64-s1,train,matmul,matmul-naive64,0.05,2,40956,4103,0
matmul_train,global,sd+wr,matmul-naive64-s1,train,matmul,matmul-naive64,0.05,2,28672,4103,0
matmul_train,global,rec+freq+sd,matmul-naive64-s1,train,matmul,matmul-naive64,0.05,2,31973,4103,0
matmul_train,global,rec+freq+wr,matmul-naive64-s1,train,matmul,matmul-naive64,0.05,2,29464,4103,0
matmul_train,global,rec+sd+wr,matmul-naive64-s1,train,matmul,matmul-naive64,0.05,2,28672,4103,0
matmul_train,global,freq+sd+wr,matmul-naive64-s1,train,matmul,matmul-naive64,0.05,2,29102,4103,0
matmul_train,global,rec+freq+sd+wr,matmul-naive64-s1,train,matmul,matmul-naive64,0.05,2,31978,4103,0
matmul_train,global,ref,matmul-naive64-s1,train,matmul,matmul-naive64,0.05,2,30720,4103,0
matmul_train,global,aging,matmul-naive64-s1,train,matmul,matmul-naive64,0.05,2,30720,4103,0
matmul_train,global,sfreq,matmul-naive64-s1,train,matmul,matmul-naive64,0.05,2,32769,4103,0
matmul_train,global,idle,matmul-naive64-s1,train,matmul,matmul-naive64,0.05,2,30720,4103,0
matmul_train,global,age,matmul-naive64-s1,train,matmul,matmul-naive64,0.05,2,30720,4103,0
matmul_train,global,dirty,matmul-naive64-s1,train,matmul,matmul-naive64,0.05,2,28676,4103,0
matmul_train,global,refaults,matmul-naive64-s1,train,matmul,matmul-naive64,0.05,2,32086,4103,0
matmul_train,global,rdist,matmul-naive64-s1,train,matmul,matmul-naive64,0.05,2,27332,4103,0
matmul_train,global,ref+aging,matmul-naive64-s1,train,matmul,matmul-naive64,0.05,2,30720,4103,0
matmul_train,global,ref+sfreq,matmul-naive64-s1,train,matmul,matmul-naive64,0.05,2,32769,4103,0
matmul_train,global,ref+idle,matmul-naive64-s1,train,matmul,matmul-naive64,0.05,2,30720,4103,0
matmul_train,global,ref+age,matmul-naive64-s1,train,matmul,matmul-naive64,0.05,2,30720,4103,0
matmul_train,global,ref+dirty,matmul-naive64-s1,train,matmul,matmul-naive64,0.05,2,28676,4103,0
matmul_train,global,ref+refaults,matmul-naive64-s1,train,matmul,matmul-naive64,0.05,2,32086,4103,0
matmul_train,global,ref+rdist,matmul-naive64-s1,train,matmul,matmul-naive64,0.05,2,27310,4103,0
matmul_train,global,aging+sfreq,matmul-naive64-s1,train,matmul,matmul-naive64,0.05,2,32769,4103,0
matmul_train,global,aging+idle,matmul-naive64-s1,train,matmul,matmul-naive64,0.05,2,30720,4103,0
matmul_train,global,aging+age,matmul-naive64-s1,train,matmul,matmul-naive64,0.05,2,32769,4103,0
matmul_train,global,aging+dirty,matmul-naive64-s1,train,matmul,matmul-naive64,0.05,2,30720,4103,0
matmul_train,global,aging+refaults,matmul-naive64-s1,train,matmul,matmul-naive64,0.05,2,32086,4103,0
matmul_train,global,aging+rdist,matmul-naive64-s1,train,matmul,matmul-naive64,0.05,2,27310,4103,0
matmul_train,global,sfreq+idle,matmul-naive64-s1,train,matmul,matmul-naive64,0.05,2,32769,4103,0
matmul_train,global,sfreq+age,matmul-naive64-s1,train,matmul,matmul-naive64,0.05,2,30720,4103,0
matmul_train,global,sfreq+dirty,matmul-naive64-s1,train,matmul,matmul-naive64,0.05,2,32769,4103,0
matmul_train,global,sfreq+refaults,matmul-naive64-s1,train,matmul,matmul-naive64,0.05,2,32427,4103,0
matmul_train,global,sfreq+rdist,matmul-naive64-s1,train,matmul,matmul-naive64,0.05,2,27314,4103,0
matmul_train,global,idle+age,matmul-naive64-s1,train,matmul,matmul-naive64,0.05,2,32769,4103,0
matmul_train,global,idle+dirty,matmul-naive64-s1,train,matmul,matmul-naive64,0.05,2,28676,4103,0
matmul_train,global,idle+refaults,matmul-naive64-s1,train,matmul,matmul-naive64,0.05,2,32086,4103,0
matmul_train,global,idle+rdist,matmul-naive64-s1,train,matmul,matmul-naive64,0.05,2,27332,4103,0
matmul_train,global,age+dirty,matmul-naive64-s1,train,matmul,matmul-naive64,0.05,2,28676,4103,0
matmul_train,global,age+refaults,matmul-naive64-s1,train,matmul,matmul-naive64,0.05,2,40106,4103,0
matmul_train,global,age+rdist,matmul-naive64-s1,train,matmul,matmul-naive64,0.05,2,27332,4103,0
matmul_train,global,dirty+refaults,matmul-naive64-s1,train,matmul,matmul-naive64,0.05,2,35656,4103,0
matmul_train,global,dirty+rdist,matmul-naive64-s1,train,matmul,matmul-naive64,0.05,2,27332,4103,0
matmul_train,global,refaults+rdist,matmul-naive64-s1,train,matmul,matmul-naive64,0.05,2,28714,4103,0
matmul_train,global,ref+aging+sfreq,matmul-naive64-s1,train,matmul,matmul-naive64,0.05,2,32769,4103,0
matmul_train,global,ref+aging+idle,matmul-naive64-s1,train,matmul,matmul-naive64,0.05,2,30720,4103,0
matmul_train,global,ref+aging+age,matmul-naive64-s1,train,matmul,matmul-naive64,0.05,2,32769,4103,0
matmul_train,global,ref+aging+dirty,matmul-naive64-s1,train,matmul,matmul-naive64,0.05,2,30720,4103,0
matmul_train,global,ref+aging+refaults,matmul-naive64-s1,train,matmul,matmul-naive64,0.05,2,32086,4103,0
matmul_train,global,ref+aging+rdist,matmul-naive64-s1,train,matmul,matmul-naive64,0.05,2,27310,4103,0
matmul_train,global,ref+sfreq+idle,matmul-naive64-s1,train,matmul,matmul-naive64,0.05,2,32769,4103,0
matmul_train,global,ref+sfreq+age,matmul-naive64-s1,train,matmul,matmul-naive64,0.05,2,30720,4103,0
matmul_train,global,ref+sfreq+dirty,matmul-naive64-s1,train,matmul,matmul-naive64,0.05,2,32769,4103,0
matmul_train,global,ref+sfreq+refaults,matmul-naive64-s1,train,matmul,matmul-naive64,0.05,2,32413,4103,0
matmul_train,global,ref+sfreq+rdist,matmul-naive64-s1,train,matmul,matmul-naive64,0.05,2,27310,4103,0
matmul_train,global,ref+idle+age,matmul-naive64-s1,train,matmul,matmul-naive64,0.05,2,32769,4103,0
matmul_train,global,ref+idle+dirty,matmul-naive64-s1,train,matmul,matmul-naive64,0.05,2,28676,4103,0
matmul_train,global,ref+idle+refaults,matmul-naive64-s1,train,matmul,matmul-naive64,0.05,2,32086,4103,0
matmul_train,global,ref+idle+rdist,matmul-naive64-s1,train,matmul,matmul-naive64,0.05,2,27310,4103,0
matmul_train,global,ref+age+dirty,matmul-naive64-s1,train,matmul,matmul-naive64,0.05,2,28676,4103,0
matmul_train,global,ref+age+refaults,matmul-naive64-s1,train,matmul,matmul-naive64,0.05,2,32407,4103,0
matmul_train,global,ref+age+rdist,matmul-naive64-s1,train,matmul,matmul-naive64,0.05,2,27310,4103,0
matmul_train,global,ref+dirty+refaults,matmul-naive64-s1,train,matmul,matmul-naive64,0.05,2,32427,4103,0
matmul_train,global,ref+dirty+rdist,matmul-naive64-s1,train,matmul,matmul-naive64,0.05,2,27310,4103,0
matmul_train,global,ref+refaults+rdist,matmul-naive64-s1,train,matmul,matmul-naive64,0.05,2,28744,4103,0
matmul_train,global,aging+sfreq+idle,matmul-naive64-s1,train,matmul,matmul-naive64,0.05,2,32769,4103,0
matmul_train,global,aging+sfreq+age,matmul-naive64-s1,train,matmul,matmul-naive64,0.05,2,32769,4103,0
matmul_train,global,aging+sfreq+dirty,matmul-naive64-s1,train,matmul,matmul-naive64,0.05,2,32769,4103,0
matmul_train,global,aging+sfreq+refaults,matmul-naive64-s1,train,matmul,matmul-naive64,0.05,2,32459,4103,0
matmul_train,global,aging+sfreq+rdist,matmul-naive64-s1,train,matmul,matmul-naive64,0.05,2,27310,4103,0
matmul_train,global,aging+idle+age,matmul-naive64-s1,train,matmul,matmul-naive64,0.05,2,32769,4103,0
matmul_train,global,aging+idle+dirty,matmul-naive64-s1,train,matmul,matmul-naive64,0.05,2,28676,4103,0
matmul_train,global,aging+idle+refaults,matmul-naive64-s1,train,matmul,matmul-naive64,0.05,2,32086,4103,0
matmul_train,global,aging+idle+rdist,matmul-naive64-s1,train,matmul,matmul-naive64,0.05,2,27310,4103,0
matmul_train,global,aging+age+dirty,matmul-naive64-s1,train,matmul,matmul-naive64,0.05,2,32769,4103,0
matmul_train,global,aging+age+refaults,matmul-naive64-s1,train,matmul,matmul-naive64,0.05,2,32520,4103,0
matmul_train,global,aging+age+rdist,matmul-naive64-s1,train,matmul,matmul-naive64,0.05,2,27310,4103,0
matmul_train,global,aging+dirty+refaults,matmul-naive64-s1,train,matmul,matmul-naive64,0.05,2,32469,4103,0
matmul_train,global,aging+dirty+rdist,matmul-naive64-s1,train,matmul,matmul-naive64,0.05,2,27310,4103,0
matmul_train,global,aging+refaults+rdist,matmul-naive64-s1,train,matmul,matmul-naive64,0.05,2,28668,4103,0
matmul_train,global,sfreq+idle+age,matmul-naive64-s1,train,matmul,matmul-naive64,0.05,2,32769,4103,0
matmul_train,global,sfreq+idle+dirty,matmul-naive64-s1,train,matmul,matmul-naive64,0.05,2,32769,4103,0
matmul_train,global,sfreq+idle+refaults,matmul-naive64-s1,train,matmul,matmul-naive64,0.05,2,32420,4103,0
matmul_train,global,sfreq+idle+rdist,matmul-naive64-s1,train,matmul,matmul-naive64,0.05,2,27314,4103,0
matmul_train,global,sfreq+age+dirty,matmul-naive64-s1,train,matmul,matmul-naive64,0.05,2,28676,4103,0
matmul_train,global,sfreq+age+refaults,matmul-naive64-s1,train,matmul,matmul-naive64,0.05,2,32355,4103,0
matmul_train,global,sfreq+age+rdist,matmul-naive64-s1,train,matmul,matmul-naive64,0.05,2,27332,4103,0
matmul_train,global,sfreq+dirty+refaults,matmul-naive64-s1,train,matmul,matmul-naive64,0.05,2,32438,4103,0
matmul_train,global,sfreq+dirty+rdist,matmul-naive64-s1,train,matmul,matmul-naive64,0.05,2,27313,4103,0
matmul_train,global,sfreq+refaults+rdist,matmul-naive64-s1,train,matmul,matmul-naive64,0.05,2,30769,4103,0
matmul_train,global,idle+age+dirty,matmul-naive64-s1,train,matmul,matmul-naive64,0.05,2,32769,4103,0
matmul_train,global,idle+age+refaults,matmul-naive64-s1,train,matmul,matmul-naive64,0.05,2,32499,4103,0
matmul_train,global,idle+age+rdist,matmul-naive64-s1,train,matmul,matmul-naive64,0.05,2,27314,4103,0
matmul_train,global,idle+dirty+refaults,matmul-naive64-s1,train,matmul,matmul-naive64,0.05,2,32086,4103,0
matmul_train,global,idle+dirty+rdist,matmul-naive64-s1,train,matmul,matmul-naive64,0.05,2,27310,4103,0
matmul_train,global,idle+refaults+rdist,matmul-naive64-s1,train,matmul,matmul-naive64,0.05,2,28963,4103,0
matmul_train,global,age+dirty+refaults,matmul-naive64-s1,train,matmul,matmul-naive64,0.05,2,40469,4103,0
matmul_train,global,age+dirty+rdist,matmul-naive64-s1,train,matmul,matmul-naive64,0.05,2,27332,4103,0
matmul_train,global,age+refaults+rdist,matmul-naive64-s1,train,matmul,matmul-naive64,0.05,2,34327,4103,0
matmul_train,global,dirty+refaults+rdist,matmul-naive64-s1,train,matmul,matmul-naive64,0.05,2,28666,4103,0
matmul_train,global,ref+aging+sfreq+idle,matmul-naive64-s1,train,matmul,matmul-naive64,0.05,2,32769,4103,0
matmul_train,global,ref+aging+sfreq+age,matmul-naive64-s1,train,matmul,matmul-naive64,0.05,2,32769,4103,0
matmul_train,global,ref+aging+sfreq+dirty,matmul-naive64-s1,train,matmul,matmul-naive64,0.05,2,32769,4103,0
matmul_train,global,ref+aging+sfreq+refaults,matmul-naive64-s1,train,matmul,matmul-naive64,0.05,2,32487,4103,0
matmul_train,global,ref+aging+sfreq+rdist,matmul-naive64-s1,train,matmul,matmul-naive64,0.05,2,27313,4103,0
matmul_train,global,ref+aging+idle+age,matmul-naive64-s1,train,matmul,matmul-naive64,0.05,2,32769,4103,0
matmul_train,global,ref+aging+idle+dirty,matmul-naive64-s1,train,matmul,matmul-naive64,0.05,2,30720,4103,0
matmul_train,global,ref+aging+idle+refaults,matmul-naive64-s1,train,matmul,matmul-naive64,0.05,2,32086,4103,0
matmul_train,global,ref+aging+idle+rdist,matmul-naive64-s1,train,matmul,matmul-naive64,0.05,2,27310,4103,0
matmul_train,global,ref+aging+age+dirty,matmul-naive64-s1,train,matmul,matmul-naive64,0.05,2,32769,4103,0
matmul_train,global,ref+aging+age+refaults,matmul-naive64-s1,train,matmul,matmul-naive64,0.05,2,32601,4103,0
matmul_train,global,ref+aging+age+rdist,matmul-naive64-s1,train,matmul,matmul-naive64,0.05,2,27313,4103,0
matmul_train,global,ref+aging+dirty+refaults,matmul-naive64-s1,train,matmul,matmul-naive64,0.05,2,32486,4103,0
matmul_train,global,ref+aging+dirty+rdist,matmul-naive64-s1,train,matmul,matmul-naive64,0.05,2,27310,4103,0
matmul_train,global,ref+aging+refaults+rdist,matmul-naive64-s1,train,matmul,matmul-naive64,0.05,2,28676,4103,0
matmul_train,global,ref+sfreq+idle+age,matmul-naive64-s1,train,matmul,matmul-naive64,0.05,2,32769,4103,0
matmul_train,global,ref+sfreq+idle+dirty,matmul-naive64-s1,train,matmul,matmul-naive64,0.05,2,32769,4103,0
matmul_train,global,ref+sfreq+idle+refaults,matmul-naive64-s1,train,matmul,matmul-naive64,0.05,2,32415,4103,0
matmul_train,global,ref+sfreq+idle+rdist,matmul-naive64-s1,train,matmul,matmul-naive64,0.05,2,27310,4103,0
matmul_train,global,ref+sfreq+age+dirty,matmul-naive64-s1,train,matmul,matmul-naive64,0.05,2,28676,4103,0
matmul_train,global,ref+sfreq+age+refaults,matmul-naive64-s1,train,matmul,matmul-naive64,0.05,2,32371,4103,0
matmul_train,global,ref+sfreq+age+rdist,matmul-naive64-s1,train,matmul,matmul-naive64,0.05,2,27310,4103,0
matmul_train,global,ref+sfreq+dirty+refaults,matmul-naive64-s1,train,matmul,matmul-naive64,0.05,2,32419,4103,0
matmul_train,global,ref+sfreq+dirty+rdist,matmul-naive64-s1,train,matmul,matmul-naive64,0.05,2,27310,4103,0
matmul_train,global,ref+sfreq+refaults+rdist,matmul-naive64-s1,train,matmul,matmul-naive64,0.05,2,30840,4103,0
matmul_train,global,ref+idle+age+dirty,matmul-naive64-s1,train,matmul,matmul-naive64,0.05,2,32769,4103,0
matmul_train,global,ref+idle+age+refaults,matmul-naive64-s1,train,matmul,matmul-naive64,0.05,2,32495,4103,0
matmul_train,global,ref+idle+age+rdist,matmul-naive64-s1,train,matmul,matmul-naive64,0.05,2,27310,4103,0
matmul_train,global,ref+idle+dirty+refaults,matmul-naive64-s1,train,matmul,matmul-naive64,0.05,2,32264,4103,0
matmul_train,global,ref+idle+dirty+rdist,matmul-naive64-s1,train,matmul,matmul-naive64,0.05,2,27310,4103,0
matmul_train,global,ref+idle+refaults+rdist,matmul-naive64-s1,train,matmul,matmul-naive64,0.05,2,28813,4103,0
matmul_train,global,ref+age+dirty+refaults,matmul-naive64-s1,train,matmul,matmul-naive64,0.05,2,32402,4103,0
matmul_train,global,ref+age+dirty+rdist,matmul-naive64-s1,train,matmul,matmul-naive64,0.05,2,27310,4103,0
matmul_train,global,ref+age+refaults+rdist,matmul-naive64-s1,train,matmul,matmul-naive64,0.05,2,30299,4103,0
matmul_train,global,ref+dirty+refaults+rdist,matmul-naive64-s1,train,matmul,matmul-naive64,0.05,2,28734,4103,0
matmul_train,global,aging+sfreq+idle+age,matmul-naive64-s1,train,matmul,matmul-naive64,0.05,2,32769,4103,0
matmul_train,global,aging+sfreq+idle+dirty,matmul-naive64-s1,train,matmul,matmul-naive64,0.05,2,32769,4103,0
matmul_train,global,aging+sfreq+idle+refaults,matmul-naive64-s1,train,matmul,matmul-naive64,0.05,2,32457,4103,0
matmul_train,global,aging+sfreq+idle+rdist,matmul-naive64-s1,train,matmul,matmul-naive64,0.05,2,27310,4103,0
matmul_train,global,aging+sfreq+age+dirty,matmul-naive64-s1,train,matmul,matmul-naive64,0.05,2,32769,4103,0
matmul_train,global,aging+sfreq+age+refaults,matmul-naive64-s1,train,matmul,matmul-naive64,0.05,2,32540,4103,0
matmul_train,global,aging+sfreq+age+rdist,matmul-naive64-s1,train,matmul,matmul-naive64,0.05,2,27310,4103,0
matmul_train,global,aging+sfreq+dirty+refaults,matmul-naive64-s1,train,matmul,matmul-naive64,0.05,2,32464,4103,0
matmul_train,global,aging+sfreq+dirty+rdist,matmul-naive64-s1,train,matmul,matmul-naive64,0.05,2,27310,4103,0
matmul_train,global,aging+sfreq+refaults+rdist,matmul-naive64-s1,train,matmul,matmul-naive64,0.05,2,31033,4103,0
matmul_train,global,aging+idle+age+dirty,matmul-naive64-s1,train,matmul,matmul-naive64,0.05,2,32769,4103,0
matmul_train,global,aging+idle+age+refaults,matmul-naive64-s1,train,matmul,matmul-naive64,0.05,2,32539,4103,0
matmul_train,global,aging+idle+age+rdist,matmul-naive64-s1,train,matmul,matmul-naive64,0.05,2,27310,4103,0
matmul_train,global,aging+idle+dirty+refaults,matmul-naive64-s1,train,matmul,matmul-naive64,0.05,2,32427,4103,0
matmul_train,global,aging+idle+dirty+rdist,matmul-naive64-s1,train,matmul,matmul-naive64,0.05,2,27310,4103,0
matmul_train,global,aging+idle+refaults+rdist,matmul-naive64-s1,train,matmul,matmul-naive64,0.05,2,28650,4103,0
matmul_train,global,aging+age+dirty+refaults,matmul-naive64-s1,train,matmul,matmul-naive64,0.05,2,32520,4103,0
matmul_train,global,aging+age+dirty+rdist,matmul-naive64-s1,train,matmul,matmul-naive64,0.05,2,27310,4103,0
matmul_train,global,aging+age+refaults+rdist,matmul-naive64-s1,train,matmul,matmul-naive64,0.05,2,31127,4103,0
matmul_train,global,aging+dirty+refaults+rdist,matmul-naive64-s1,train,matmul,matmul-naive64,0.05,2,28672,4103,0
matmul_train,global,sfreq+idle+age+dirty,matmul-naive64-s1,train,matmul,matmul-naive64,0.05,2,32769,4103,0
matmul_train,global,sfreq+idle+age+refaults,matmul-naive64-s1,train,matmul,matmul-naive64,0.05,2,32505,4103,0
matmul_train,global,sfreq+idle+age+rdist,matmul-naive64-s1,train,matmul,matmul-naive64,0.05,2,27314,4103,0
matmul_train,global,sfreq+idle+dirty+refaults,matmul-naive64-s1,train,matmul,matmul-naive64,0.05,2,32433,4103,0
matmul_train,global,sfreq+idle+dirty+rdist,matmul-naive64-s1,train,matmul,matmul-naive64,0.05,2,27310,4103,0
matmul_train,global,sfreq+idle+refaults+rdist,matmul-naive64-s1,train,matmul,matmul-naive64,0.05,2,31019,4103,0
matmul_train,global,sfreq+age+dirty+refaults,matmul-naive64-s1,train,matmul,matmul-naive64,0.05,2,32355,4103,0
matmul_train,global,sfreq+age+dirty+rdist,matmul-naive64-s1,train,matmul,matmul-naive64,0.05,2,27331,4103,0
matmul_train,global,sfreq+age+refaults+rdist,matmul-naive64-s1,train,matmul,matmul-naive64,0.05,2,30762,4103,0
matmul_train,global,sfreq+dirty+refaults+rdist,matmul-naive64-s1,train,matmul,matmul-naive64,0.05,2,30729,4103,0
matmul_train,global,idle+age+dirty+refaults,matmul-naive64-s1,train,matmul,matmul-naive64,0.05,2,32509,4103,0
matmul_train,global,idle+age+dirty+rdist,matmul-naive64-s1,train,matmul,matmul-naive64,0.05,2,27310,4103,0
matmul_train,global,idle+age+refaults+rdist,matmul-naive64-s1,train,matmul,matmul-naive64,0.05,2,31281,4103,0
matmul_train,global,idle+dirty+refaults+rdist,matmul-naive64-s1,train,matmul,matmul-naive64,0.05,2,28920,4103,0
matmul_train,global,age+dirty+refaults+rdist,matmul-naive64-s1,train,matmul,matmul-naive64,0.05,2,34284,4103,0
matmul_train,global,ref+aging+sfreq+idle+age,matmul-naive64-s1,train,matmul,matmul-naive64,0.05,2,32769,4103,0
matmul_train,global,ref+aging+sfreq+idle+dirty,matmul-naive64-s1,train,matmul,matmul-naive64,0.05,2,32769,4103,0
matmul_train,global,ref+aging+sfreq+idle+refaults,matmul-naive64-s1,train,matmul,matmul-naive64,0.05,2,32492,4103,0
matmul_train,global,ref+aging+sfreq+idle+rdist,matmul-naive64-s1,train,matmul,matmul-naive64,0.05,2,27313,4103,0
matmul_train,global,ref+aging+sfreq+age+dirty,matmul-naive64-s1,train,matmul,matmul-naive64,0.05,2,32769,4103,0
matmul_train,global,ref+aging+sfreq+age+refaults,matmul-naive64-s1,train,matmul,matmul-naive64,0.05,2,32526,4103,0
matmul_train,global,ref+aging+sfreq+age+rdist,matmul-naive64-s1,train,matmul,matmul-naive64,0.05,2,27313,4103,0
matmul_train,global,ref+aging+sfreq+dirty+refaults,matmul-naive64-s1,train,matmul,matmul-naive64,0.05,2,32496,4103,0
matmul_train,global,ref+aging+sfreq+dirty+rdist,matmul-naive64-s1,train,matmul,matmul-naive64,0.05,2,27310,4103,0
matmul_train,global,ref+aging+sfreq+refaults+rdist,matmul-naive64-s1,train,matmul,matmul-naive64,0.05,2,31080,4103,0
matmul_train,global,ref+aging+idle+age+dirty,matmul-naive64-s1,train,matmul,matmul-naive64,0.05,2,32769,4103,0
matmul_train,global,ref+aging+idle+age+refaults,matmul-naive64-s1,train,matmul,matmul-naive64,0.05,2,32606,4103,0
matmul_train,global,ref+aging+idle+age+rdist,matmul-naive64-s1,train,matmul,matmul-naive64,0.05,2,27313,4103,0
matmul_train,global,ref+aging+idle+dirty+refaults,matmul-naive64-s1,train,matmul,matmul-naive64,0.05,2,32427,4103,0
matmul_train,global,ref+aging+idle+dirty+rdist,matmul-naive64-s1,train,matmul,matmul-naive64,0.05,2,27310,4103,0
matmul_train,global,ref+aging+idle+refaults+rdist,matmul-naive64-s1,train,matmul,matmul-naive64,0.05,2,28662,4103,0
matmul_train,global,ref+aging+age+dirty+refaults,matmul-naive64-s1,train,matmul,matmul-naive64,0.05,2,32605,4103,0
matmul_train,global,ref+aging+age+dirty+rdist,matmul-naive64-s1,train,matmul,matmul-naive64,0.05,2,27310,4103,0
matmul_train,global,ref+aging+age+refaults+rdist,matmul-naive64-s1,train,matmul,matmul-naive64,0.05,2,31299,4103,0
matmul_train,global,ref+aging+dirty+refaults+rdist,matmul-naive64-s1,train,matmul,matmul-naive64,0.05,2,28680,4103,0
matmul_train,global,ref+sfreq+idle+age+dirty,matmul-naive64-s1,train,matmul,matmul-naive64,0.05,2,32769,4103,0
matmul_train,global,ref+sfreq+idle+age+refaults,matmul-naive64-s1,train,matmul,matmul-naive64,0.05,2,32487,4103,0
matmul_train,global,ref+sfreq+idle+age+rdist,matmul-naive64-s1,train,matmul,matmul-naive64,0.05,2,27310,4103,0
matmul_train,global,ref+sfreq+idle+dirty+refaults,matmul-naive64-s1,train,matmul,matmul-naive64,0.05,2,32422,4103,0
matmul_train,global,ref+sfreq+idle+dirty+rdist,matmul-naive64-s1,train,matmul,matmul-naive64,0.05,2,27310,4103,0
matmul_train,global,ref+sfreq+idle+refaults+rdist,matmul-naive64-s1,train,matmul,matmul-naive64,0.05,2,30911,4103,0
matmul_train,global,ref+sfreq+age+dirty+refaults,matmul-naive64-s1,train,matmul,matmul-naive64,0.05,2,32374,4103,0
matmul_train,global,ref+sfreq+age+dirty+rdist,matmul-naive64-s1,train,matmul,matmul-naive64,0.05,2,27310,4103,0
matmul_train,global,ref+sfreq+age+refaults+rdist,matmul-naive64-s1,train,matmul,matmul-naive64,0.05,2,30840,4103,0
matmul_train,global,ref+sfreq+dirty+refaults+rdist,matmul-naive64-s1,train,matmul,matmul-naive64,0.05,2,30815,4103,0
matmul_train,global,ref+idle+age+dirty+refaults,matmul-naive64-s1,train,matmul,matmul-naive64,0.05,2,32502,4103,0
matmul_train,global,ref+idle+age+dirty+rdist,matmul-naive64-s1,train,matmul,matmul-naive64,0.05,2,27310,4103,0
matmul_train,global,ref+idle+age+refaults+rdist,matmul-naive64-s1,train,matmul,matmul-naive64,0.05,2,31141,4103,0
matmul_train,global,ref+idle+dirty+refaults+rdist,matmul-naive64-s1,train,matmul,matmul-naive64,0.05,2,28802,4103,0
matmul_train,global,ref+age+dirty+refaults+rdist,matmul-naive64-s1,train,matmul,matmul-naive64,0.05,2,30268,4103,0
matmul_train,global,aging+sfreq+idle+age+dirty,matmul-naive64-s1,train,matmul,matmul-naive64,0.05,2,32769,4103,0
matmul_train,global,aging+sfreq+idle+age+refaults,matmul-naive64-s1,train,matmul,matmul-naive64,0.05,2,32510,4103,0
matmul_train,global,aging+sfreq+idle+age+rdist,matmul-naive64-s1,train,matmul,matmul-naive64,0.05,2,27310,4103,0
matmul_train,global,aging+sfreq+idle+dirty+refaults,matmul-naive64-s1,train,matmul,matmul-naive64,0.05,2,32464,4103,0
matmul_train,global,aging+sfreq+idle+dirty+rdist,matmul-naive64-s1,train,matmul,matmul-naive64,0.05,2,27310,4103,0
matmul_train,global,aging+sfreq+idle+refaults+rdist,matmul-naive64-s1,train,matmul,matmul-naive64,0.05,2,30973,4103,0
matmul_train,global,aging+sfreq+age+dirty+refaults,matmul-naive64-s1,train,matmul,matmul-naive64,0.05,2,32536,4103,0
matmul_train,global,aging+sfreq+age+dirty+rdist,matmul-naive64-s1,train,matmul,matmul-naive64,0.05,2,27310,4103,0
matmul_train,global,aging+sfreq+age+refaults+rdist,matmul-naive64-s1,train,matmul,matmul-naive64,0.05,2,31198,4103,0
matmul_train,global,aging+sfreq+dirty+refaults+rdist,matmul-naive64-s1,train,matmul,matmul-naive64,0.05,2,31005,4103,0
matmul_train,global,aging+idle+age+dirty+refaults,matmul-naive64-s1,train,matmul,matmul-naive64,0.05,2,32544,4103,0
matmul_train,global,aging+idle+age+dirty+rdist,matmul-naive64-s1,train,matmul,matmul-naive64,0.05,2,27310,4103,0
matmul_train,global,aging+idle+age+refaults+rdist,matmul-naive64-s1,train,matmul,matmul-naive64,0.05,2,31302,4103,0
matmul_train,global,aging+idle+dirty+refaults+rdist,matmul-naive64-s1,train,matmul,matmul-naive64,0.05,2,28656,4103,0
matmul_train,global,aging+age+dirty+refaults+rdist,matmul-naive64-s1,train,matmul,matmul-naive64,0.05,2,31100,4103,0
matmul_train,global,sfreq+idle+age+dirty+refaults,matmul-naive64-s1,train,matmul,matmul-naive64,0.05,2,32533,4103,0
matmul_train,global,sfreq+idle+age+dirty+rdist,matmul-naive64-s1,train,matmul,matmul-naive64,0.05,2,27310,4103,0
matmul_train,global,sfreq+idle+age+refaults+rdist,matmul-naive64-s1,train,matmul,matmul-naive64,0.05,2,31221,4103,0
matmul_train,global,sfreq+idle+dirty+refaults+rdist,matmul-naive64-s1,train,matmul,matmul-naive64,0.05,2,30981,4103,0
matmul_train,global,sfreq+age+dirty+refaults+rdist,matmul-naive64-s1,train,matmul,matmul-naive64,0.05,2,30733,4103,0
matmul_train,global,idle+age+dirty+refaults+rdist,matmul-naive64-s1,train,matmul,matmul-naive64,0.05,2,31267,4103,0
matmul_train,global,ref+aging+sfreq+idle+age+dirty,matmul-naive64-s1,train,matmul,matmul-naive64,0.05,2,32769,4103,0
matmul_train,global,ref+aging+sfreq+idle+age+refaults,matmul-naive64-s1,train,matmul,matmul-naive64,0.05,2,32612,4103,0
matmul_train,global,ref+aging+sfreq+idle+age+rdist,matmul-naive64-s1,train,matmul,matmul-naive64,0.05,2,27313,4103,0
matmul_train,global,ref+aging+sfreq+idle+dirty+refaults,matmul-naive64-s1,train,matmul,matmul-naive64,0.05,2,32500,4103,0
matmul_train,global,ref+aging+sfreq+idle+dirty+rdist,matmul-naive64-s1,train,matmul,matmul-naive64,0.05,2,27310,4103,0
matmul_train,global,ref+aging+sfreq+idle+refaults+rdist,matmul-naive64-s1,train,matmul,matmul-naive64,0.05,2,31022,4103,0
matmul_train,global,ref+aging+sfreq+age+dirty+refaults,matmul-naive64-s1,train,matmul,matmul-naive64,0.05,2,32530,4103,0
matmul_train,global,ref+aging+sfreq+age+dirty+rdist,matmul-naive64-s1,train,matmul,matmul-naive64,0.05,2,27310,4103,0
matmul_train,global,ref+aging+sfreq+age+refaults+rdist,matmul-naive64-s1,train,matmul,matmul-naive64,0.05,2,31310,4103,0
matmul_train,global,ref+aging+sfreq+dirty+refaults+rdist,matmul-naive64-s1,train,matmul,matmul-naive64,0.05,2,31052,4103,0
matmul_train,global,ref+aging+idle+age+dirty+refaults,matmul-naive64-s1,train,matmul,matmul-naive64,0.05,2,32616,4103,0
matmul_train,global,ref+aging+idle+age+dirty+rdist,matmul-naive64-s1,train,matmul,matmul-naive64,0.05,2,27310,4103,0
matmul_train,global,ref+aging+idle+age+refaults+rdist,matmul-naive64-s1,train,matmul,matmul-naive64,0.05,2,31393,4103,0
matmul_train,global,ref+aging+idle+dirty+refaults+rdist,matmul-naive64-s1,train,matmul,matmul-naive64,0.05,2,28668,4103,0
matmul_train,global,ref+aging+age+dirty+refaults+rdist,matmul-naive64-s1,train,matmul,matmul-naive64,0.05,2,31275,4103,0
matmul_train,global,ref+sfreq+idle+age+dirty+refaults,matmul-naive64-s1,train,matmul,matmul-naive64,0.05,2,32505,4103,0
matmul_train,global,ref+sfreq+idle+age+dirty+rdist,matmul-naive64-s1,train,matmul,matmul-naive64,0.05,2,27310,4103,0
matmul_train,global,ref+sfreq+idle+age+refaults+rdist,matmul-naive64-s1,train,matmul,matmul-naive64,0.05,2,31088,4103,0
matmul_train,global,ref+sfreq+idle+dirty+refaults+rdist,matmul-naive64-s1,train,matmul,matmul-naive64,0.05,2,30885,4103,0
matmul_train,global,ref+sfreq+age+dirty+refaults+rdist,matmul-naive64-s1,train,matmul,matmul-naive64,0.05,2,30814,4103,0
matmul_train,global,ref+idle+age+dirty+refaults+rdist,matmul-naive64-s1,train,matmul,matmul-naive64,0.05,2,31133,4103,0
matmul_train,global,aging+sfreq+idle+age+dirty+refaults,matmul-naive64-s1,train,matmul,matmul-naive64,0.05,2,32514,4103,0
matmul_train,global,aging+sfreq+idle+age+dirty+rdist,matmul-naive64-s1,train,matmul,matmul-naive64,0.05,2,27310,4103,0
matmul_train,global,aging+sfreq+idle+age+refaults+rdist,matmul-naive64-s1,train,matmul,matmul-naive64,0.05,2,31302,4103,0
matmul_train,global,aging+sfreq+idle+dirty+refaults+rdist,matmul-naive64-s1,train,matmul,matmul-naive64,0.05,2,30949,4103,0
matmul_train,global,aging+sfreq+age+dirty+refaults+rdist,matmul-naive64-s1,train,matmul,matmul-naive64,0.05,2,31174,4103,0
matmul_train,global,aging+idle+age+dirty+refaults+rdist,matmul-naive64-s1,train,matmul,matmul-naive64,0.05,2,31283,4103,0
matmul_train,global,sfreq+idle+age+dirty+refaults+rdist,matmul-naive64-s1,train,matmul,matmul-naive64,0.05,2,31204,4103,0
matmul_train,global,ref+aging+sfreq+idle+age+dirty+refaults,matmul-naive64-s1,train,matmul,matmul-naive64,0.05,2,32623,4103,0
matmul_train,global,ref+aging+sfreq+idle+age+dirty+rdist,matmul-naive64-s1,train,matmul,matmul-naive64,0.05,2,27310,4103,0
matmul_train,global,ref+aging+sfreq+idle+age+refaults+rdist,matmul-naive64-s1,train,matmul,matmul-naive64,0.05,2,31423,4103,0
matmul_train,global,ref+aging+sfreq+idle+dirty+refaults+rdist,matmul-naive64-s1,train,matmul,matmul-naive64,0.05,2,30997,4103,0
matmul_train,global,ref+aging+sfreq+age+dirty+refaults+rdist,matmul-naive64-s1,train,matmul,matmul-naive64,0.05,2,31289,4103,0
matmul_train,global,ref+aging+idle+age+dirty+refaults+rdist,matmul-naive64-s1,train,matmul,matmul-naive64,0.05,2,31377,4103,0
matmul_train,global,ref+sfreq+idle+age+dirty+refaults+rdist,matmul-naive64-s1,train,matmul,matmul-naive64,0.05,2,31078,4103,0
matmul_train,global,aging+sfreq+idle+age+dirty+refaults+rdist,matmul-naive64-s1,train,matmul,matmul-naive64,0.05,2,31283,4103,0
matmul_train,global,ref+aging+sfreq+idle+age+dirty+refaults+rdist,matmul-naive64-s1,train,matmul,matmul-naive64,0.05,2,31410,4103,0
matmul_train,global,rec+ref+aging+sfreq+idle+age+dirty,matmul-naive64-s1,train,matmul,matmul-naive64,0.05,2,32768,4103,0
matmul_train,global,rec+ref+aging+sfreq+idle+age+dirty+refaults+rdist,matmul-naive64-s1,train,matmul,matmul-naive64,0.05,2,29218,4103,0
matmul_train,global,freq+ref+aging+sfreq+idle+age+dirty,matmul-naive64-s1,train,matmul,matmul-naive64,0.05,2,33150,4103,0
matmul_train,global,freq+ref+aging+sfreq+idle+age+dirty+refaults+rdist,matmul-naive64-s1,train,matmul,matmul-naive64,0.05,2,32585,4103,0
matmul_train,global,sd+ref+aging+sfreq+idle+age+dirty,matmul-naive64-s1,train,matmul,matmul-naive64,0.05,2,28672,4103,0
matmul_train,global,sd+ref+aging+sfreq+idle+age+dirty+refaults+rdist,matmul-naive64-s1,train,matmul,matmul-naive64,0.05,2,30001,4103,0
matmul_train,global,wr+ref+aging+sfreq+idle+age+dirty,matmul-naive64-s1,train,matmul,matmul-naive64,0.05,2,32769,4103,0
matmul_train,global,wr+ref+aging+sfreq+idle+age+dirty+refaults+rdist,matmul-naive64-s1,train,matmul,matmul-naive64,0.05,2,31413,4103,0
matmul_train,global,rec+freq+ref+aging+sfreq+idle+age+dirty,matmul-naive64-s1,train,matmul,matmul-naive64,0.05,2,34398,4103,0
matmul_train,global,rec+freq+ref+aging+sfreq+idle+age+dirty+refaults+rdist,matmul-naive64-s1,train,matmul,matmul-naive64,0.05,2,28868,4103,0
matmul_train,global,rec+sd+ref+aging+sfreq+idle+age+dirty,matmul-naive64-s1,train,matmul,matmul-naive64,0.05,2,32767,4103,0
matmul_train,global,rec+sd+ref+aging+sfreq+idle+age+dirty+refaults+rdist,matmul-naive64-s1,train,matmul,matmul-naive64,0.05,2,29042,4103,0
matmul_train,global,rec+wr+ref+aging+sfreq+idle+age+dirty,matmul-naive64-s1,train,matmul,matmul-naive64,0.05,2,32768,4103,0
matmul_train,global,rec+wr+ref+aging+sfreq+idle+age+dirty+refaults+rdist,matmul-naive64-s1,train,matmul,matmul-naive64,0.05,2,29221,4103,0
matmul_train,global,freq+sd+ref+aging+sfreq+idle+age+dirty,matmul-naive64-s1,train,matmul,matmul-naive64,0.05,2,29141,4103,0
matmul_train,global,freq+sd+ref+aging+sfreq+idle+age+dirty+refaults+rdist,matmul-naive64-s1,train,matmul,matmul-naive64,0.05,2,29759,4103,0
matmul_train,global,freq+wr+ref+aging+sfreq+idle+age+dirty,matmul-naive64-s1,train,matmul,matmul-naive64,0.05,2,33150,4103,0
matmul_train,global,freq+wr+ref+aging+sfreq+idle+age+dirty+refaults+rdist,matmul-naive64-s1,train,matmul,matmul-naive64,0.05,2,32382,4103,0
matmul_train,global,sd+wr+ref+aging+sfreq+idle+age+dirty,matmul-naive64-s1,train,matmul,matmul-naive64,0.05,2,28672,4103,0
matmul_train,global,sd+wr+ref+aging+sfreq+idle+age+dirty+refaults+rdist,matmul-naive64-s1,train,matmul,matmul-naive64,0.05,2,29987,4103,0
matmul_train,global,rec+freq+sd+ref+aging+sfreq+idle+age+dirty,matmul-naive64-s1,train,matmul,matmul-naive64,0.05,2,34110,4103,0
matmul_train,global,rec+freq+sd+ref+aging+sfreq+idle+age+dirty+refaults+rdist,matmul-naive64-s1,train,matmul,matmul-naive64,0.05,2,29074,4103,0
matmul_train,global,rec+freq+wr+ref+aging+sfreq+idle+age+dirty,matmul-naive64-s1,train,matmul,matmul-naive64,0.05,2,34398,4103,0
matmul_train,global,rec+freq+wr+ref+aging+sfreq+idle+age+dirty+refaults+rdist,matmul-naive64-s1,train,matmul,matmul-naive64,0.05,2,28867,4103,0
matmul_train,global,rec+sd+wr+ref+aging+sfreq+idle+age+dirty,matmul-naive64-s1,train,matmul,matmul-naive64,0.05,2,32767,4103,0
matmul_train,global,rec+sd+wr+ref+aging+sfreq+idle+age+dirty+refaults+rdist,matmul-naive64-s1,train,matmul,matmul-naive64,0.05,2,29041,4103,0
matmul_train,global,freq+sd+wr+ref+aging+sfreq+idle+age+dirty,matmul-naive64-s1,train,matmul,matmul-naive64,0.05,2,29119,4103,0
matmul_train,global,freq+sd+wr+ref+aging+sfreq+idle+age+dirty+refaults+rdist,matmul-naive64-s1,train,matmul,matmul-naive64,0.05,2,29782,4103,0
matmul_train,global,rec+freq+sd+wr+ref+aging+sfreq+idle+age+dirty,matmul-naive64-s1,train,matmul,matmul-naive64,0.05,2,34090,4103,0
matmul_train,global,rec+freq+sd+wr+ref+aging+sfreq+idle+age+dirty+refaults+rdist,matmul-naive64-s1,train,matmul,matmul-naive64,0.05,2,29069,4103,0
matmul_train,matmul,rec,matmul-blocked96-s1,train,matmul,matmul-blocked96,0.2,5,3033,458,0
matmul_train,matmul,freq,matmul-blocked96-s1,train,matmul,matmul-blocked96,0.2,5,21226,5455,1
matmul_train,matmul,sd,matmul-blocked96-s1,train,matmul,matmul-blocked96,0.2,5,3033,458,0
matmul_train,matmul,wr,matmul-blocked96-s1,train,matmul,matmul-blocked96,0.2,5,4179,1829,0
matmul_train,matmul,rec+freq,matmul-blocked96-s1,train,matmul,matmul-blocked96,0.2,5,3455,839,0
matmul_train,matmul,rec+sd,matmul-blocked96-s1,train,matmul,matmul-blocked96,0.2,5,3033,458,0
matmul_train,matmul,rec+wr,matmul-blocked96-s1,train,matmul,matmul-blocked96,0.2,5,3900,1391,0
matmul_train,matmul,freq+sd,matmul-blocked96-s1,train,matmul,matmul-blocked96,0.2,5,3168,565,0
matmul_train,matmul,freq+wr,matmul-blocked96-s1,train,matmul,matmul-blocked96,0.2,5,21226,5530,1
matmul_train,matmul,sd+wr,matmul-blocked96-s1,train,matmul,matmul-blocked96,0.2,5,3320,796,0
matmul_train,matmul,rec+freq+sd,matmul-blocked96-s1,train,matmul,matmul-blocked96,0.2,5,3192,584,0
matmul_train,matmul,rec+freq+wr,matmul-blocked96-s1,train,matmul,matmul-blocked96,0.2,5,4207,1493,0
matmul_train,matmul,rec+sd+wr,matmul-blocked96-s1,train,matmul,matmul-blocked96,0.2,5,3660,1076,0
matmul_train,matmul,freq+sd+wr,matmul-blocked96-s1,train,matmul,matmul-blocked96,0.2,5,3286,771,0
matmul_train,matmul,rec+freq+sd+wr,matmul-blocked96-s1,train,matmul,matmul-blocked96,0.2,5,3363,820,0
matmul_train,matmul,ref,matmul-blocked96-s1,train,matmul,matmul-blocked96,0.2,5,3702,1049,0
matmul_train,matmul,aging,matmul-blocked96-s1,train,matmul,matmul-blocked96,0.2,5,3327,983,0
matmul_train,matmul,sfreq,matmul-blocked96-s1,train,matmul,matmul-blocked96,0.2,5,21226,5303,1
matmul_train,matmul,idle,matmul-blocked96-s1,train,matmul,matmul-blocked96,0.2,5,3768,1079,0
matmul_train,matmul,age,matmul-blocked96-s1,train,matmul,matmul-blocked96,0.2,5,21226,5329,1
matmul_train,matmul,dirty,matmul-blocked96-s1,train,matmul,matmul-blocked96,0.2,5,4179,1829,0
matmul_train,matmul,refaults,matmul-blocked96-s1,train,matmul,matmul-blocked96,0.2,5,16108,4601,0
matmul_train,matmul,rdist,matmul-blocked96-s1,train,matmul,matmul-blocked96,0.2,5,16108,4601,0
matmul_train,matmul,ref+aging,matmul-blocked96-s1,train,matmul,matmul-blocked96,0.2,5,3333,983,0
matmul_train,matmul,ref+sfreq,matmul-blocked96-s1,train,matmul,matmul-blocked96,0.2,5,21226,5303,1
matmul_train,matmul,ref+idle,matmul-blocked96-s1,train,matmul,matmul-blocked96,0.2,5,3768,1079,0
matmul_train,matmul,ref+age,matmul-blocked96-s1,train,matmul,matmul-blocked96,0.2,5,21226,5303,1
matmul_train,matmul,ref+dirty,matmul-blocked96-s1,train,matmul,matmul-blocked96,0.2,5,3517,1547,0
matmul_train,matmul,ref+refaults,matmul-blocked96-s1,train,matmul,matmul-blocked96,0.2,5,3988,1177,0
matmul_train,matmul,ref+rdist,matmul-blocked96-s1,train,matmul,matmul-blocked96,0.2,5,3046,1329,0
matmul_train,matmul,aging+sfreq,matmul-blocked96-s1,train,matmul,matmul-blocked96,0.2,5,4107,1160,0
matmul_train,matmul,aging+idle,matmul-blocked96-s1,train,matmul,matmul-blocked96,0.2,5,3327,983,0
matmul_train,matmul,aging+age,matmul-blocked96-s1,train,matmul,matmul-blocked96,0.2,5,3996,1061,0
matmul_train,matmul,aging+dirty,matmul-blocked96-s1,train,matmul,matmul-blocked96,0.2,5,3972,1574,0
matmul_train,matmul,aging+refaults,matmul-blocked96-s1,train,matmul,matmul-blocked96,0.2,5,3567,1019,0
matmul_train,matmul,aging+rdist,matmul-blocked96-s1,train,matmul,matmul-blocked96,0.2,5,3930,1151,0
matmul_train,matmul,sfreq+idle,matmul-blocked96-s1,train,matmul,matmul-blocked96,0.2,5,3648,719,0
matmul_train,matmul,sfreq+age,matmul-blocked96-s1,train,matmul,matmul-blocked96,0.2,5,21226,5522,1
matmul_train,matmul,sfreq+dirty,matmul-blocked96-s1,train,matmul,matmul-blocked96,0.2,5,21226,5466,1
matmul_train,matmul,sfreq+refaults,matmul-blocked96-s1,train,matmul,matmul-blocked96,0.2,5,21226,5303,1
matmul_train,matmul,sfreq+rdist,matmul-blocked96-s1,train,matmul,matmul-blocked96,0.2,5,21226,5504,1
matmul_train,matmul,idle+age,matmul-blocked96-s1,train,matmul,matmul-blocked96,0.2,5,3372,395,0
matmul_train,matmul,idle+dirty,matmul-blocked96-s1,train,matmul,matmul-blocked96,0.2,5,3564,1355,0
matmul_train,matmul,idle+refaults,matmul-blocked96-s1,train,matmul,matmul-blocked96,0.2,5,3711,1142,0
matmul_train,matmul,idle+rdist,matmul-blocked96-s1,train,matmul,matmul-blocked96,0.2,5,4107,1112,0
matmul_train,matmul,age+dirty,matmul-blocked96-s1,train,matmul,matmul-blocked96,0.2,5,21226,5465,1
matmul_train,matmul,age+refaults,matmul-blocked96-s1,train,matmul,matmul-blocked96,0.2,5,21226,5329,1
matmul_train,matmul,age+rdist,matmul-blocked96-s1,train,matmul,matmul-blocked96,0.2,5,21226,5329,1
matmul_train,matmul,dirty+refaults,matmul-blocked96-s1,train,matmul,matmul-blocked96,0.2,5,16108,4601,0
matmul_train,matmul,dirty+rdist,matmul-blocked96-s1,train,matmul,matmul-blocked96,0.2,5,16108,4601,0
matmul_train,matmul,refaults+rdist,matmul-blocked96-s1,train,matmul,matmul-blocked96,0.2,5,16108,4601,0
matmul_train,matmul,ref+aging+sfreq,matmul-blocked96-s1,train,matmul,matmul-blocked96,0.2,5,4281,1340,0
matmul_train,matmul,ref+aging+idle,matmul-blocked96-s1,train,matmul,matmul-blocked96,0.2,5,4404,1265,0
matmul_train,matmul,ref+aging+age,matmul-blocked96-s1,train,matmul,matmul-blocked96,0.2,5,4140,1145,0
matmul_train,matmul,ref+aging+dirty,matmul-blocked96-s1,train,matmul,matmul-blocked96,0.2,5,3900,1484,0
matmul_train,matmul,ref+aging+refaults,matmul-blocked96-s1,train,matmul,matmul-blocked96,0.2,5,3472,965,0
matmul_train,matmul,ref+aging+rdist,matmul-blocked96-s1,train,matmul,matmul-blocked96,0.2,5,4008,1193,0
matmul_train,matmul,ref+sfreq+idle,matmul-blocked96-s1,train,matmul,matmul-blocked96,0.2,5,3648,719,0
matmul_train,matmul,ref+sfreq+age,matmul-blocked96-s1,train,matmul,matmul-blocked96,0.2,5,21226,5329,1
matmul_train,matmul,ref+sfreq+dirty,matmul-blocked96-s1,train,matmul,matmul-blocked96,0.2,5,21226,5485,1
matmul_train,matmul,ref+sfreq+refaults,matmul-blocked96-s1,train,matmul,matmul-blocked96,0.2,5,21226,5363,1
matmul_train,matmul,ref+sfreq+rdist,matmul-blocked96-s1,train,matmul,matmul-blocked96,0.2,5,21226,5504,1
matmul_train,matmul,ref+idle+age,matmul-blocked96-s1,train,matmul,matmul-blocked96,0.2,5,3393,416,0
matmul_train,matmul,ref+idle+dirty,matmul-blocked96-s1,train,matmul,matmul-blocked96,0.2,5,3687,1556,0
matmul_train,matmul,ref+idle+refaults,matmul-blocked96-s1,train,matmul,matmul-blocked96,0.2,5,3711,1142,0
matmul_train,matmul,ref+idle+rdist,matmul-blocked96-s1,train,matmul,matmul-blocked96,0.2,5,4122,1127,0
matmul_train,matmul,ref+age+dirty,matmul-blocked96-s1,train,matmul,matmul-blocked96,0.2,5,21226,5485,1
matmul_train,matmul,ref+age+refaults,matmul-blocked96-s1,train,matmul,matmul-blocked96,0.2,5,21226,5196,1
matmul_train,matmul,ref+age+rdist,matmul-blocked96-s1,train,matmul,matmul-blocked96,0.2,5,21226,5504,1
matmul_train,matmul,ref+dirty+refaults,matmul-blocked96-s1,train,matmul,matmul-blocked96,0.2,5,3695,1543,0
matmul_train,matmul,ref+dirty+rdist,matmul-blocked96-s1,train,matmul,matmul-blocked96,0.2,5,3046,1329,0
matmul_train,matmul,ref+refaults+rdist,matmul-blocked96-s1,train,matmul,matmul-blocked96,0.2,5,3046,1329,0
matmul_train,matmul,aging+sfreq+idle,matmul-blocked96-s1,train,matmul,matmul-blocked96,0.2,5,4142,1195,0
matmul_train,matmul,aging+sfreq+age,matmul-blocked96-s1,train,matmul,matmul-blocked96,0.2,5,21226,5329,1
matmul_train,matmul,aging+sfreq+dirty,matmul-blocked96-s1,train,matmul,matmul-blocked96,0.2,5,4352,1744,0
matmul_train,matmul,aging+sfreq+refaults,matmul-blocked96-s1,train,matmul,matmul-blocked96,0.2,5,3976,955,0
matmul_train,matmul,aging+sfreq+rdist,matmul-blocked96-s1,train,matmul,matmul-blocked96,0.2,5,21226,5541,1
matmul_train,matmul,aging+idle+age,matmul-blocked96-s1,train,matmul,matmul-blocked96,0.2,5,3951,1046,0
matmul_train,matmul,aging+idle+dirty,matmul-blocked96-s1,train,matmul,matmul-blocked96,0.2,5,4632,1958,0
matmul_train,matmul,aging+idle+refaults,matmul-blocked96-s1,train,matmul,matmul-blocked96,0.2,5,3496,987,0
matmul_train,matmul,aging+idle+rdist,matmul-blocked96-s1,train,matmul,matmul-blocked96,0.2,5,3930,1151,0
matmul_train,matmul,aging+age+dirty,matmul-blocked96-s1,train,matmul,matmul-blocked96,0.2,5,4397,1750,0
matmul_train,matmul,aging+age+refaults,matmul-blocked96-s1,train,matmul,matmul-blocked96,0.2,5,3818,793,0
matmul_train,matmul,aging+age+rdist,matmul-blocked96-s1,train,matmul,matmul-blocked96,0.2,5,21226,5504,1
matmul_train,matmul,aging+dirty+refaults,matmul-blocked96-s1,train,matmul,matmul-blocked96,0.2,5,3837,1560,0
matmul_train,matmul,aging+dirty+rdist,matmul-blocked96-s1,train,matmul,matmul-blocked96,0.2,5,3046,1329,0
matmul_train,matmul,aging+refaults+rdist,matmul-blocked96-s1,train,matmul,matmul-blocked96,0.2,5,2946,1221,0
matmul_train,matmul,sfreq+idle+age,matmul-blocked96-s1,train,matmul,matmul-blocked96,0.2,5,3612,572,0
matmul_train,matmul,sfreq+idle+dirty,matmul-blocked96-s1,train,matmul,matmul-blocked96,0.2,5,4137,1652,0
matmul_train,matmul,sfreq+idle+refaults,matmul-blocked96-s1,train,matmul,matmul-blocked96,0.2,5,3743,834,0
matmul_train,matmul,sfreq+idle+rdist,matmul-blocked96-s1,train,matmul,matmul-blocked96,0.2,5,3810,995,0
matmul_train,matmul,sfreq+age+dirty,matmul-blocked96-s1,train,matmul,matmul-blocked96,0.2,5,21226,5529,1
matmul_train,matmul,sfreq+age+refaults,matmul-blocked96-s1,train,matmul,matmul-blocked96,0.2,5,21226,5283,1
matmul_train,matmul,sfreq+age+rdist,matmul-blocked96-s1,train,matmul,matmul-blocked96,0.2,5,21226,5504,1
matmul_train,matmul,sfreq+dirty+refaults,matmul-blocked96-s1,train,matmul,matmul-blocked96,0.2,5,21226,5529,1
matmul_train,matmul,sfreq+dirty+rdist,matmul-blocked96-s1,train,matmul,matmul-blocked96,0.2,5,21226,5504,1
matmul_train,matmul,sfreq+refaults+rdist,matmul-blocked96-s1,train,matmul,matmul-blocked96,0.2,5,21226,5504,1
matmul_train,matmul,idle+age+dirty,matmul-blocked96-s1,train,matmul,matmul-blocked96,0.2,5,4140,1652,0
matmul_train,matmul,idle+age+refaults,matmul-blocked96-s1,train,matmul,matmul-blocked96,0.2,5,3480,542,0
matmul_train,matmul,idle+age+rdist,matmul-blocked96-s1,train,matmul,matmul-blocked96,0.2,5,3240,581,0
matmul_train,matmul,idle+dirty+refaults,matmul-blocked96-s1,train,matmul,matmul-blocked96,0.2,5,3787,1565,0
matmul_train,matmul,idle+dirty+rdist,matmul-blocked96-s1,train,matmul,matmul-blocked96,0.2,5,2874,1160,0
matmul_train,matmul,idle+refaults+rdist,matmul-blocked96-s1,train,matmul,matmul-blocked96,0.2,5,3849,1244,0
matmul_train,matmul,age+dirty+refaults,matmul-blocked96-s1,train,matmul,matmul-blocked96,0.2,5,21226,5465,1
matmul_train,matmul,age+dirty+rdist,matmul-blocked96-s1,train,matmul,matmul-blocked96,0.2,5,21226,5465,1
matmul_train,matmul,age+refaults+rdist,matmul-blocked96-s1,train,matmul,matmul-blocked96,0.2,5,21226,5329,1
matmul_train,matmul,dirty+refaults+rdist,matmul-blocked96-s1,train,matmul,matmul-blocked96,0.2,5,16108,4601,0
matmul_train,matmul,ref+aging+sfreq+idle,matmul-blocked96-s1,train,matmul,matmul-blocked96,0.2,5,5463,1802,0
matmul_train,matmul,ref+aging+sfreq+age,matmul-blocked96-s1,train,matmul,matmul-blocked96,0.2,5,3894,920,0
matmul_train,matmul,ref+aging+sfreq+dirty,matmul-blocked96-s1,train,matmul,matmul-blocked96,0.2,5,4164,1658,0
matmul_train,matmul,ref+aging+sfreq+refaults,matmul-blocked96-s1,train,matmul,matmul-blocked96,0.2,5,4164,1245,0
matmul_train,matmul,ref+aging+sfreq+rdist,matmul-blocked96-s1,train,matmul,matmul-blocked96,0.2,5,21226,5572,1
matmul_train,matmul,ref+aging+idle+age,matmul-blocked96-s1,train,matmul,matmul-blocked96,0.2,5,5574,1847,0
matmul_train,matmul,ref+aging+idle+dirty,matmul-blocked96-s1,train,matmul,matmul-blocked96,0.2,5,4020,1505,0
matmul_train,matmul,ref+aging+idle+refaults,matmul-blocked96-s1,train,matmul,matmul-blocked96,0.2,5,4702,1536,0
matmul_train,matmul,ref+aging+idle+rdist,matmul-blocked96-s1,train,matmul,matmul-blocked96,0.2,5,4173,1172,0
matmul_train,matmul,ref+aging+age+dirty,matmul-blocked96-s1,train,matmul,matmul-blocked96,0.2,5,4155,1634,0
matmul_train,matmul,ref+aging+age+refaults,matmul-blocked96-s1,train,matmul,matmul-blocked96,0.2,5,4066,1159,0
matmul_train,matmul,ref+aging+age+rdist,matmul-blocked96-s1,train,matmul,matmul-blocked96,0.2,5,5875,1799,0
matmul_train,matmul,ref+aging+dirty+refaults,matmul-blocked96-s1,train,matmul,matmul-blocked96,0.2,5,4054,1568,0
matmul_train,matmul,ref+aging+dirty+rdist,matmul-blocked96-s1,train,matmul,matmul-blocked96,0.2,5,4295,1721,0
matmul_train,matmul,ref+aging+refaults+rdist,matmul-blocked96-s1,train,matmul,matmul-blocked96,0.2,5,3932,1203,0
matmul_train,matmul,ref+sfreq+idle+age,matmul-blocked96-s1,train,matmul,matmul-blocked96,0.2,5,3543,602,0
matmul_train,matmul,ref+sfreq+idle+dirty,matmul-blocked96-s1,train,matmul,matmul-blocked96,0.2,5,4500,1880,0
matmul_train,matmul,ref+sfreq+idle+refaults,matmul-blocked96-s1,train,matmul,matmul-blocked96,0.2,5,3643,728,0
matmul_train,matmul,ref+sfreq+idle+rdist,matmul-blocked96-s1,train,matmul,matmul-blocked96,0.2,5,3948,1316,0
matmul_train,matmul,ref+sfreq+age+dirty,matmul-blocked96-s1,train,matmul,matmul-blocked96,0.2,5,21226,5329,1
matmul_train,matmul,ref+sfreq+age+refaults,matmul-blocked96-s1,train,matmul,matmul-blocked96,0.2,5,21226,5329,1
matmul_train,matmul,ref+sfreq+age+rdist,matmul-blocked96-s1,train,matmul,matmul-blocked96,0.2,5,21226,5329,1
matmul_train,matmul,ref+sfreq+dirty+refaults,matmul-blocked96-s1,train,matmul,matmul-blocked96,0.2,5,21226,5487,1
matmul_train,matmul,ref+sfreq+dirty+rdist,matmul-blocked96-s1,train,matmul,matmul-blocked96,0.2,5,21226,5504,1
matmul_train,matmul,ref+sfreq+refaults+rdist,matmul-blocked96-s1,train,matmul,matmul-blocked96,0.2,5,21226,5504,1
matmul_train,matmul,ref+idle+age+dirty,matmul-blocked96-s1,train,matmul,matmul-blocked96,0.2,5,4518,1868,0
matmul_train,matmul,ref+idle+age+refaults,matmul-blocked96-s1,train,matmul,matmul-blocked96,0.2,5,3536,608,0
matmul_train,matmul,ref+idle+age+rdist,matmul-blocked96-s1,train,matmul,matmul-blocked96,0.2,5,3248,349,0
matmul_train,matmul,ref+idle+dirty+refaults,matmul-blocked96-s1,train,matmul,matmul-blocked96,0.2,5,3861,1639,0
matmul_train,matmul,ref+idle+dirty+rdist,matmul-blocked96-s1,train,matmul,matmul-blocked96,0.2,5,2844,1120,0
matmul_train,matmul,ref+idle+refaults+rdist,matmul-blocked96-s1,train,matmul,matmul-blocked96,0.2,5,3873,1214,0
matmul_train,matmul,ref+age+dirty+refaults,matmul-blocked96-s1,train,matmul,matmul-blocked96,0.2,5,21226,5634,1
matmul_train,matmul,ref+age+dirty+rdist,matmul-blocked96-s1,train,matmul,matmul-blocked96,0.2,5,21226,5504,1
matmul_train,matmul,ref+age+refaults+rdist,matmul-blocked96-s1,train,matmul,matmul-blocked96,0.2,5,21226,5504,1
matmul_train,matmul,ref+dirty+refaults+rdist,matmul-blocked96-s1,train,matmul,matmul-blocked96,0.2,5,3046,1329,0
matmul_train,matmul,aging+sfreq+idle+age,matmul-blocked96-s1,train,matmul,matmul-blocked96,0.2,5,4562,989,0
matmul_train,matmul,aging+sfreq+idle+dirty,matmul-blocked96-s1,train,matmul,matmul-blocked96,0.2,5,4137,1652,0
matmul_train,matmul,aging+sfreq+idle+refaults,matmul-blocked96-s1,train,matmul,matmul-blocked96,0.2,5,3940,935,0
matmul_train,matmul,aging+sfreq+idle+rdist,matmul-blocked96-s1,train,matmul,matmul-blocked96,0.2,5,21226,5504,1
matmul_train,matmul,aging+sfreq+age+dirty,matmul-blocked96-s1,train,matmul,matmul-blocked96,0.2,5,21226,5329,1
matmul_train,matmul,aging+sfreq+age+refaults,matmul-blocked96-s1,train,matmul,matmul-blocked96,0.2,5,21226,5329,1
matmul_train,matmul,aging+sfreq+age+rdist,matmul-blocked96-s1,train,matmul,matmul-blocked96,0.2,5,21226,5329,1
matmul_train,matmul,aging+sfreq+dirty+refaults,matmul-blocked96-s1,train,matmul,matmul-blocked96,0.2,5,4419,1792,0
matmul_train,matmul,aging+sfreq+dirty+rdist,matmul-blocked96-s1,train,matmul,matmul-blocked96,0.2,5,21226,5541,1
matmul_train,matmul,aging+sfreq+refaults+rdist,matmul-blocked96-s1,train,matmul,matmul-blocked96,0.2,5,21226,5512,1
matmul_train,matmul,aging+idle+age+dirty,matmul-blocked96-s1,train,matmul,matmul-blocked96,0.2,5,4140,1652,0
matmul_train,matmul,aging+idle+age+refaults,matmul-blocked96-s1,train,matmul,matmul-blocked96,0.2,5,3744,717,0
matmul_train,matmul,aging+idle+age+rdist,matmul-blocked96-s1,train,matmul,matmul-blocked96,0.2,5,21226,5504,1
matmul_train,matmul,aging+idle+dirty+refaults,matmul-blocked96-s1,train,matmul,matmul-blocked96,0.2,5,3850,1584,0
matmul_train,matmul,aging+idle+dirty+rdist,matmul-blocked96-s1,train,matmul,matmul-blocked96,0.2,5,2845,1121,0
matmul_train,matmul,aging+idle+refaults+rdist,matmul-blocked96-s1,train,matmul,matmul-blocked96,0.2,5,21226,5704,1
matmul_train,matmul,aging+age+dirty+refaults,matmul-blocked96-s1,train,matmul,matmul-blocked96,0.2,5,4387,1744,0
matmul_train,matmul,aging+age+dirty+rdist,matmul-blocked96-s1,train,matmul,matmul-blocked96,0.2,5,21226,5504,1
matmul_train,matmul,aging+age+refaults+rdist,matmul-blocked96-s1,train,matmul,matmul-blocked96,0.2,5,21226,5508,1
matmul_train,matmul,aging+dirty+refaults+rdist,matmul-blocked96-s1,train,matmul,matmul-blocked96,0.2,5,3046,1329,0
matmul_train,matmul,sfreq+idle+age+dirty,matmul-blocked96-s1,train,matmul,matmul-blocked96,0.2,5,4068,1118,0
matmul_train,matmul,sfreq+idle+age+refaults,matmul-blocked96-s1,train,matmul,matmul-blocked96,0.2,5,3605,679,0
matmul_train,matmul,sfreq+idle+age+rdist,matmul-blocked96-s1,train,matmul,matmul-blocked96,0.2,5,3404,331,0
matmul_train,matmul,sfreq+idle+dirty+refaults,matmul-blocked96-s1,train,matmul,matmul-blocked96,0.2,5,4282,1748,0
matmul_train,matmul,sfreq+idle+dirty+rdist,matmul-blocked96-s1,train,matmul,matmul-blocked96,0.2,5,3096,1281,0
matmul_train,matmul,sfreq+idle+refaults+rdist,matmul-blocked96-s1,train,matmul,matmul-blocked96,0.2,5,3779,933,0
matmul_train,matmul,sfreq+age+dirty+refaults,matmul-blocked96-s1,train,matmul,matmul-blocked96,0.2,5,21226,5586,1
matmul_train,matmul,sfreq+age+dirty+rdist,matmul-blocked96-s1,train,matmul,matmul-blocked96,0.2,5,21226,5504,1
matmul_train,matmul,sfreq+age+refaults+rdist,matmul-blocked96-s1,train,matmul,matmul-blocked96,0.2,5,21226,5504,1
matmul_train,matmul,sfreq+dirty+refaults+rdist,matmul-blocked96-s1,train,matmul,matmul-blocked96,0.2,5,21226,5504,1
matmul_train,matmul,idle+age+dirty+refaults,matmul-blocked96-s1,train,matmul,matmul-blocked96,0.2,5,4258,1683,0
matmul_train,matmul,idle+age+dirty+rdist,matmul-blocked96-s1,train,matmul,matmul-blocked96,0.2,5,2914,1200,0
matmul_train,matmul,idle+age+refaults+rdist,matmul-blocked96-s1,train,matmul,matmul-blocked96,0.2,5,3527,599,0
matmul_train,matmul,idle+dirty+refaults+rdist,matmul-blocked96-s1,train,matmul,matmul-blocked96,0.2,5,2887,1173,0
matmul_train,matmul,age+dirty+refaults+rdist,matmul-blocked96-s1,train,matmul,matmul-blocked96,0.2,5,21226,5465,1
matmul_train,matmul,ref+aging+sfreq+idle+age,matmul-blocked96-s1,train,matmul,matmul-blocked96,0.2,5,4898,1533,0
matmul_train,matmul,ref+aging+sfreq+idle+dirty,matmul-blocked96-s1,train,matmul,matmul-blocked96,0.2,5,3996,1639,0
matmul_train,matmul,ref+aging+sfreq+idle+refaults,matmul-blocked96-s1,train,matmul,matmul-blocked96,0.2,5,4406,1339,0
matmul_train,matmul,ref+aging+sfreq+idle+rdist,matmul-blocked96-s1,train,matmul,matmul-blocked96,0.2,5,4743,1451,0
matmul_train,matmul,ref+aging+sfreq+age+dirty,matmul-blocked96-s1,train,matmul,matmul-blocked96,0.2,5,3726,1280,0
matmul_train,matmul,ref+aging+sfreq+age+refaults,matmul-blocked96-s1,train,matmul,matmul-blocked96,0.2,5,3780,1049,0
matmul_train,matmul,ref+aging+sfreq+age+rdist,matmul-blocked96-s1,train,matmul,matmul-blocked96,0.2,5,3948,962,0
matmul_train,matmul,ref+aging+sfreq+dirty+refaults,matmul-blocked96-s1,train,matmul,matmul-blocked96,0.2,5,4320,1721,0
matmul_train,matmul,ref+aging+sfreq+dirty+rdist,matmul-blocked96-s1,train,matmul,matmul-blocked96,0.2,5,21226,5682,1
matmul_train,matmul,ref+aging+sfreq+refaults+rdist,matmul-blocked96-s1,train,matmul,matmul-blocked96,0.2,5,6105,1974,0
matmul_train,matmul,ref+aging+idle+age+dirty,matmul-blocked96-s1,train,matmul,matmul-blocked96,0.2,5,3996,1639,0
matmul_train,matmul,ref+aging+idle+age+refaults,matmul-blocked96-s1,train,matmul,matmul-blocked96,0.2,5,4212,1282,0
matmul_train,matmul,ref+aging+idle+age+rdist,matmul-blocked96-s1,train,matmul,matmul-blocked96,0.2,5,4737,1466,0
matmul_train,matmul,ref+aging+idle+dirty+refaults,matmul-blocked96-s1,train,matmul,matmul-blocked96,0.2,5,3843,1550,0
matmul_train,matmul,ref+aging+idle+dirty+rdist,matmul-blocked96-s1,train,matmul,matmul-blocked96,0.2,5,2845,1121,0
matmul_train,matmul,ref+aging+idle+refaults+rdist,matmul-blocked96-s1,train,matmul,matmul-blocked96,0.2,5,4232,1275,0
matmul_train,matmul,ref+aging+age+dirty+refaults,matmul-blocked96-s1,train,matmul,matmul-blocked96,0.2,5,4376,1748,0
matmul_train,matmul,ref+aging+age+dirty+rdist,matmul-blocked96-s1,train,matmul,matmul-blocked96,0.2,5,5476,2045,0
matmul_train,matmul,ref+aging+age+refaults+rdist,matmul-blocked96-s1,train,matmul,matmul-blocked96,0.2,5,4286,1127,0
matmul_train,matmul,ref+aging+dirty+refaults+rdist,matmul-blocked96-s1,train,matmul,matmul-blocked96,0.2,5,3449,1438,0
matmul_train,matmul,ref+sfreq+idle+age+dirty,matmul-blocked96-s1,train,matmul,matmul-blocked96,0.2,5,4110,1157,0
matmul_train,matmul,ref+sfreq+idle+age+refaults,matmul-blocked96-s1,train,matmul,matmul-blocked96,0.2,5,3731,772,0
matmul_train,matmul,ref+sfreq+idle+age+rdist,matmul-blocked96-s1,train,matmul,matmul-blocked96,0.2,5,3365,307,0
matmul_train,matmul,ref+sfreq+idle+dirty+refaults,matmul-blocked96-s1,train,matmul,matmul-blocked96,0.2,5,4504,1874,0
matmul_train,matmul,ref+sfreq+idle+dirty+rdist,matmul-blocked96-s1,train,matmul,matmul-blocked96,0.2,5,2850,1126,0
matmul_train,matmul,ref+sfreq+idle+refaults+rdist,matmul-blocked96-s1,train,matmul,matmul-blocked96,0.2,5,3759,888,0
matmul_train,matmul,ref+sfreq+age+dirty+refaults,matmul-blocked96-s1,train,matmul,matmul-blocked96,0.2,5,21226,5329,1
matmul_train,matmul,ref+sfreq+age+dirty+rdist,matmul-blocked96-s1,train,matmul,matmul-blocked96,0.2,5,21226,5329,1
matmul_train,matmul,ref+sfreq+age+refaults+rdist,matmul-blocked96-s1,train,matmul,matmul-blocked96,0.2,5,21226,5329,1
matmul_train,matmul,ref+sfreq+dirty+refaults+rdist,matmul-blocked96-s1,train,matmul,matmul-blocked96,0.2,5,21226,5504,1
matmul_train,matmul,ref+idle+age+dirty+refaults,matmul-blocked96-s1,train,matmul,matmul-blocked96,0.2,5,4402,1750,0
matmul_train,matmul,ref+idle+age+dirty+rdist,matmul-blocked96-s1,train,matmul,matmul-blocked96,0.2,5,2845,1121,0
matmul_train,matmul,ref+idle+age+refaults+rdist,matmul-blocked96-s1,train,matmul,matmul-blocked96,0.2,5,3499,494,0
matmul_train,matmul,ref+idle+dirty+refaults+rdist,matmul-blocked96-s1,train,matmul,matmul-blocked96,0.2,5,2845,1121,0
matmul_train,matmul,ref+age+dirty+refaults+rdist,matmul-blocked96-s1,train,matmul,matmul-blocked96,0.2,5,21226,5504,1
matmul_train,matmul,aging+sfreq+idle+age+dirty,matmul-blocked96-s1,train,matmul,matmul-blocked96,0.2,5,3885,1073,0
matmul_train,matmul,aging+sfreq+idle+age+refaults,matmul-blocked96-s1,train,matmul,matmul-blocked96,0.2,5,3725,905,0
matmul_train,matmul,aging+sfreq+idle+age+rdist,matmul-blocked96-s1,train,matmul,matmul-blocked96,0.2,5,21226,5329,1
matmul_train,matmul,aging+sfreq+idle+dirty+refaults,matmul-blocked96-s1,train,matmul,matmul-blocked96,0.2,5,4308,1738,0
matmul_train,matmul,aging+sfreq+idle+dirty+rdist,matmul-blocked96-s1,train,matmul,matmul-blocked96,0.2,5,2874,1160,0
matmul_train,matmul,aging+sfreq+idle+refaults+rdist,matmul-blocked96-s1,train,matmul,matmul-blocked96,0.2,5,4335,1327,0
matmul_train,matmul,aging+sfreq+age+dirty+refaults,matmul-blocked96-s1,train,matmul,matmul-blocked96,0.2,5,21226,5329,1
matmul_train,matmul,aging+sfreq+age+dirty+rdist,matmul-blocked96-s1,train,matmul,matmul-blocked96,0.2,5,5221,1726,0
matmul_train,matmul,aging+sfreq+age+refaults+rdist,matmul-blocked96-s1,train,matmul,matmul-blocked96,0.2,5,21226,5329,1
matmul_train,matmul,aging+sfreq+dirty+refaults+rdist,matmul-blocked96-s1,train,matmul,matmul-blocked96,0.2,5,21226,5504,1
matmul_train,matmul,aging+idle+age+dirty+refaults,matmul-blocked96-s1,train,matmul,matmul-blocked96,0.2,5,4274,1685,0
matmul_train,matmul,aging+idle+age+dirty+rdist,matmul-blocked96-s1,train,matmul,matmul-blocked96,0.2,5,2874,1160,0
matmul_train,matmul,aging+idle+age+refaults+rdist,matmul-blocked96-s1,train,matmul,matmul-blocked96,0.2,5,3960,1025,0
matmul_train,matmul,aging+idle+dirty+refaults+rdist,matmul-blocked96-s1,train,matmul,matmul-blocked96,0.2,5,2851,1127,0
matmul_train,matmul,aging+age+dirty+refaults+rdist,matmul-blocked96-s1,train,matmul,matmul-blocked96,0.2,5,21226,5504,1
matmul_train,matmul,sfreq+idle+age+dirty+refaults,matmul-blocked96-s1,train,matmul,matmul-blocked96,0.2,5,3882,926,0
matmul_train,matmul,sfreq+idle+age+dirty+rdist,matmul-blocked96-s1,train,matmul,matmul-blocked96,0.2,5,4089,1051,0
matmul_train,matmul,sfreq+idle+age+refaults+rdist,matmul-blocked96-s1,train,matmul,matmul-blocked96,0.2,5,3635,533,0
matmul_train,matmul,sfreq+idle+dirty+refaults+rdist,matmul-blocked96-s1,train,matmul,matmul-blocked96,0.2,5,3165,1252,0
matmul_train,matmul,sfreq+age+dirty+refaults+rdist,matmul-blocked96-s1,train,matmul,matmul-blocked96,0.2,5,21226,5504,1
matmul_train,matmul,idle+age+dirty+refaults+rdist,matmul-blocked96-s1,train,matmul,matmul-blocked96,0.2,5,3638,1449,0
matmul_train,matmul,ref+aging+sfreq+idle+age+dirty,matmul-blocked96-s1,train,matmul,matmul-blocked96,0.2,5,4151,1293,0
matmul_train,matmul,ref+aging+sfreq+idle+age+refaults,matmul-blocked96-s1,train,matmul,matmul-blocked96,0.2,5,4603,1292,0
matmul_train,matmul,ref+aging+sfreq+idle+age+rdist,matmul-blocked96-s1,train,matmul,matmul-blocked96,0.2,5,21226,5329,1
matmul_train,matmul,ref+aging+sfreq+idle+dirty+refaults,matmul-blocked96-s1,train,matmul,matmul-blocked96,0.2,5,4499,1765,0
matmul_train,matmul,ref+aging+sfreq+idle+dirty+rdist,matmul-blocked96-s1,train,matmul,matmul-blocked96,0.2,5,4604,1772,0
matmul_train,matmul,ref+aging+sfreq+idle+refaults+rdist,matmul-blocked96-s1,train,matmul,matmul-blocked96,0.2,5,21226,5574,1
matmul_train,matmul,ref+aging+sfreq+age+dirty+refaults,matmul-blocked96-s1,train,matmul,matmul-blocked96,0.2,5,3622,1134,0
matmul_train,matmul,ref+aging+sfreq+age+dirty+rdist,matmul-blocked96-s1,train,matmul,matmul-blocked96,0.2,5,3657,1205,0
matmul_train,matmul,ref+aging+sfreq+age+refaults+rdist,matmul-blocked96-s1,train,matmul,matmul-blocked96,0.2,5,5208,1536,0
matmul_train,matmul,ref+aging+sfreq+dirty+refaults+rdist,matmul-blocked96-s1,train,matmul,matmul-blocked96,0.2,5,5919,2133,0
matmul_train,matmul,ref+aging+idle+age+dirty+refaults,matmul-blocked96-s1,train,matmul,matmul-blocked96,0.2,5,4248,1610,0
matmul_train,matmul,ref+aging+idle+age+dirty+rdist,matmul-blocked96-s1,train,matmul,matmul-blocked96,0.2,5,5518,2045,0
matmul_train,matmul,ref+aging+idle+age+refaults+rdist,matmul-blocked96-s1,train,matmul,matmul-blocked96,0.2,5,21226,5570,1
matmul_train,matmul,ref+aging+idle+dirty+refaults+rdist,matmul-blocked96-s1,train,matmul,matmul-blocked96,0.2,5,2894,1180,0
matmul_train,matmul,ref+aging+age+dirty+refaults+rdist,matmul-blocked96-s1,train,matmul,matmul-blocked96,0.2,5,5710,2042,0
matmul_train,matmul,ref+sfreq+idle+age+dirty+refaults,matmul-blocked96-s1,train,matmul,matmul-blocked96,0.2,5,3915,1009,0
matmul_train,matmul,ref+sfreq+idle+age+dirty+rdist,matmul-blocked96-s1,train,matmul,matmul-blocked96,0.2,5,4109,1129,0
matmul_train,matmul,ref+sfreq+idle+age+refaults+rdist,matmul-blocked96-s1,train,matmul,matmul-blocked96,0.2,5,3704,542,0
matmul_train,matmul,ref+sfreq+idle+dirty+refaults+rdist,matmul-blocked96-s1,train,matmul,matmul-blocked96,0.2,5,3881,1495,0
matmul_train,matmul,ref+sfreq+age+dirty+refaults+rdist,matmul-blocked96-s1,train,matmul,matmul-blocked96,0.2,5,21226,5329,1
matmul_train,matmul,ref+idle+age+dirty+refaults+rdist,matmul-blocked96-s1,train,matmul,matmul-blocked96,0.2,5,4275,1582,0
matmul_train,matmul,aging+sfreq+idle+age+dirty+refaults,matmul-blocked96-s1,train,matmul,matmul-blocked96,0.2,5,3693,950,0
matmul_train,matmul,aging+sfreq+idle+age+dirty+rdist,matmul-blocked96-s1,train,matmul,matmul-blocked96,0.2,5,3836,1236,0
matmul_train,matmul,aging+sfreq+idle+age+refaults+rdist,matmul-blocked96-s1,train,matmul,matmul-blocked96,0.2,5,3780,607,0
matmul_train,matmul,aging+sfreq+idle+dirty+refaults+rdist,matmul-blocked96-s1,train,matmul,matmul-blocked96,0.2,5,2853,1129,0
matmul_train,matmul,aging+sfreq+age+dirty+refaults+rdist,matmul-blocked96-s1,train,matmul,matmul-blocked96,0.2,5,21226,5329,1
matmul_train,matmul,aging+idle+age+dirty+refaults+rdist,matmul-blocked96-s1,train,matmul,matmul-blocked96,0.2,5,4269,1661,0
matmul_train,matmul,sfreq+idle+age+dirty+refaults+rdist,matmul-blocked96-s1,train,matmul,matmul-blocked96,0.2,5,4017,956,0
matmul_train,matmul,ref+aging+sfreq+idle+age+dirty+refaults,matmul-blocked96-s1,train,matmul,matmul-blocked96,0.2,5,3780,1172,0
matmul_train,matmul,ref+aging+sfreq+idle+age+dirty+rdist,matmul-blocked96-s1,train,matmul,matmul-blocked96,0.2,5,5441,1988,0
matmul_train,matmul,ref+aging+sfreq+idle+age+refaults+rdist,matmul-blocked96-s1,train,matmul,matmul-blocked96,0.2,5,5285,1564,0
matmul_train,matmul,ref+aging+sfreq+idle+dirty+refaults+rdist,matmul-blocked96-s1,train,matmul,matmul-blocked96,0.2,5,4444,1695,0
matmul_train,matmul,ref+aging+sfreq+age+dirty+refaults+rdist,matmul-blocked96-s1,train,matmul,matmul-blocked96,0.2,5,4807,1682,0
matmul_train,matmul,ref+aging+idle+age+dirty+refaults+rdist,matmul-blocked96-s1,train,matmul,matmul-blocked96,0.2,5,4399,1664,0
matmul_train,matmul,ref+sfreq+idle+age+dirty+refaults+rdist,matmul-blocked96-s1,train,matmul,matmul-blocked96,0.2,5,3978,932,0
matmul_train,matmul,aging+sfreq+idle+age+dirty+refaults+rdist,matmul-blocked96-s1,train,matmul,matmul-blocked96,0.2,5,4092,1003,0
matmul_train,matmul,ref+aging+sfreq+idle+age+dirty+refaults+rdist,matmul-blocked96-s1,train,matmul,matmul-blocked96,0.2,5,4801,1684,0
matmul_train,matmul,rec+ref+aging+sfreq+idle+age+dirty,matmul-blocked96-s1,train,matmul,matmul-blocked96,0.2,5,3576,971,0
matmul_train,matmul,rec+ref+aging+sfreq+idle+age+dirty+refaults+rdist,matmul-blocked96-s1,train,matmul,matmul-blocked96,0.2,5,3928,1009,0
matmul_train,matmul,freq+ref+aging+sfreq+idle+age+dirty,matmul-blocked96-s1,train,matmul,matmul-blocked96,0.2,5,4451,1319,0
matmul_train,matmul,freq+ref+aging+sfreq+idle+age+dirty+refaults+rdist,matmul-blocked96-s1,train,matmul,matmul-blocked96,0.2,5,3846,1235,0
matmul_train,matmul,sd+ref+aging+sfreq+idle+age+dirty,matmul-blocked96-s1,train,matmul,matmul-blocked96,0.2,5,4876,1270,0
matmul_train,matmul,sd+ref+aging+sfreq+idle+age+dirty+refaults+rdist,matmul-blocked96-s1,train,matmul,matmul-blocked96,0.2,5,4601,1053,0
matmul_train,matmul,wr+ref+aging+sfreq+idle+age+dirty,matmul-blocked96-s1,train,matmul,matmul-blocked96,0.2,5,5709,1728,0
matmul_train,matmul,wr+ref+aging+sfreq+idle+age+dirty+refaults+rdist,matmul-blocked96-s1,train,matmul,matmul-blocked96,0.2,5,5228,1724,0
matmul_train,matmul,rec+freq+ref+aging+sfreq+idle+age+dirty,matmul-blocked96-s1,train,matmul,matmul-blocked96,0.2,5,3574,952,0
matmul_train,matmul,rec+freq+ref+aging+sfreq+idle+age+dirty+refaults+rdist,matmul-blocked96-s1,train,matmul,matmul-blocked96,0.2,5,3942,1028,0
matmul_train,matmul,rec+sd+ref+aging+sfreq+idle+age+dirty,matmul-blocked96-s1,train,matmul,matmul-blocked96,0.2,5,5125,1355,0
matmul_train,matmul,rec+sd+ref+aging+sfreq+idle+age+dirty+refaults+rdist,matmul-blocked96-s1,train,matmul,matmul-blocked96,0.2,5,4497,980,0
matmul_train,matmul,rec+wr+ref+aging+sfreq+idle+age+dirty,matmul-blocked96-s1,train,matmul,matmul-blocked96,0.2,5,3609,848,0
matmul_train,matmul,rec+wr+ref+aging+sfreq+idle+age+dirty+refaults+rdist,matmul-blocked96-s1,train,matmul,matmul-blocked96,0.2,5,4176,1062,0
matmul_train,matmul,freq+sd+ref+aging+sfreq+idle+age+dirty,matmul-blocked96-s1,train,matmul,matmul-blocked96,0.2,5,4842,1254,0
matmul_train,matmul,freq+sd+ref+aging+sfreq+idle+age+dirty+refaults+rdist,matmul-blocked96-s1,train,matmul,matmul-blocked96,0.2,5,5503,1550,0
matmul_train,matmul,freq+wr+ref+aging+sfreq+idle+age+dirty,matmul-blocked96-s1,train,matmul,matmul-blocked96,0.2,5,5936,1761,0
matmul_train,matmul,freq+wr+ref+aging+sfreq+idle+age+dirty+refaults+rdist,matmul-blocked96-s1,train,matmul,matmul-blocked96,0.2,5,3839,1170,0
matmul_train,matmul,sd+wr+ref+aging+sfreq+idle+age+dirty,matmul-blocked96-s1,train,matmul,matmul-blocked96,0.2,5,5318,1363,0
matmul_train,matmul,sd+wr+ref+aging+sfreq+idle+age+dirty+refaults+rdist,matmul-blocked96-s1,train,matmul,matmul-blocked96,0.2,5,5417,1285,0
matmul_train,matmul,rec+freq+sd+ref+aging+sfreq+idle+age+dirty,matmul-blocked96-s1,train,matmul,matmul-blocked96,0.2,5,4273,1000,0
matmul_train,matmul,rec+freq+sd+ref+aging+sfreq+idle+age+dirty+refaults+rdist,matmul-blocked96-s1,train,matmul,matmul-blocked96,0.2,5,4484,979,0
matmul_train,matmul,rec+freq+wr+ref+aging+sfreq+idle+age+dirty,matmul-blocked96-s1,train,matmul,matmul-blocked96,0.2,5,3549,846,0
matmul_train,matmul,rec+freq+wr+ref+aging+sfreq+idle+age+dirty+refaults+rdist,matmul-blocked96-s1,train,matmul,matmul-blocked96,0.2,5,3897,948,0
matmul_train,matmul,rec+sd+wr+ref+aging+sfreq+idle+age+dirty,matmul-blocked96-s1,train,matmul,matmul-blocked96,0.2,5,5097,1279,0
matmul_train,matmul,rec+sd+wr+ref+aging+sfreq+idle+age+dirty+refaults+rdist,matmul-blocked96-s1,train,matmul,matmul-blocked96,0.2,5,5474,1310,0
matmul_train,matmul,freq+sd+wr+ref+aging+sfreq+idle+age+dirty,matmul-blocked96-s1,train,matmul,matmul-blocked96,0.2,5,5336,1362,0
matmul_train,matmul,freq+sd+wr+ref+aging+sfreq+idle+age+dirty+refaults+rdist,matmul-blocked96-s1,train,matmul,matmul-blocked96,0.2,5,5718,1525,0
matmul_train,matmul,rec+freq+sd+wr+ref+aging+sfreq+idle+age+dirty,matmul-blocked96-s1,train,matmul,matmul-blocked96,0.2,5,5100,1282,0
matmul_train,matmul,rec+freq+sd+wr+ref+aging+sfreq+idle+age+dirty+refaults+rdist,matmul-blocked96-s1,train,matmul,matmul-blocked96,0.2,5,3620,658,0
matmul_train,global,rec,matmul-blocked96-s1,train,matmul,matmul-blocked96,0.2,5,3033,458,0
matmul_train,global,freq,matmul-blocked96-s1,train,matmul,matmul-blocked96,0.2,5,21226,5455,1
matmul_train,global,sd,matmul-blocked96-s1,train,matmul,matmul-blocked96,0.2,5,3033,458,0
matmul_train,global,wr,matmul-blocked96-s1,train,matmul,matmul-blocked96,0.2,5,4179,1829,0
matmul_train,global,rec+freq,matmul-blocked96-s1,train,matmul,matmul-blocked96,0.2,5,3387,753,0
matmul_train,global,rec+sd,matmul-blocked96-s1,train,matmul,matmul-blocked96,0.2,5,3069,482,0
matmul_train,global,rec+wr,matmul-blocked96-s1,train,matmul,matmul-blocked96,0.2,5,3069,482,0
matmul_train,global,freq+sd,matmul-blocked96-s1,train,matmul,matmul-blocked96,0.2,5,3580,939,0
matmul_train,global,freq+wr,matmul-blocked96-s1,train,matmul,matmul-blocked96,0.2,5,21226,5467,1
matmul_train,global,sd+wr,matmul-blocked96-s1,train,matmul,matmul-blocked96,0.2,5,3033,458,0
matmul_train,global,rec+freq+sd,matmul-blocked96-s1,train,matmul,matmul-blocked96,0.2,5,4159,1341,0
matmul_train,global,rec+freq+wr,matmul-blocked96-s1,train,matmul,matmul-blocked96,0.2,5,3385,751,0
matmul_train,global,rec+sd+wr,matmul-blocked96-s1,train,matmul,matmul-blocked96,0.2,5,3075,488,0
matmul_train,global,freq+sd+wr,matmul-blocked96-s1,train,matmul,matmul-blocked96,0.2,5,3608,962,0
matmul_train,global,rec+freq+sd+wr,matmul-blocked96-s1,train,matmul,matmul-blocked96,0.2,5,4171,1358,0
matmul_train,global,ref,matmul-blocked96-s1,train,matmul,matmul-blocked96,0.2,5,3702,1049,0
matmul_train,global,aging,matmul-blocked96-s1,train,matmul,matmul-blocked96,0.2,5,3327,983,0
matmul_train,global,sfreq,matmul-blocked96-s1,train,matmul,matmul-blocked96,0.2,5,21226,5303,1
matmul_train,global,idle,matmul-blocked96-s1,train,matmul,matmul-blocked96,0.2,5,3768,1079,0
matmul_train,global,age,matmul-blocked96-s1,train,matmul,matmul-blocked96,0.2,5,4245,1277,0
matmul_train,global,dirty,matmul-blocked96-s1,train,matmul,matmul-blocked96,0.2,5,4179,1829,0
matmul_train,global,refaults,matmul-blocked96-s1,train,matmul,matmul-blocked96,0.2,5,6246,1794,0
matmul_train,global,rdist,matmul-blocked96-s1,train,matmul,matmul-blocked96,0.2,5,16108,4601,0
matmul_train,global,ref+aging,matmul-blocked96-s1,train,matmul,matmul-blocked96,0.2,5,3333,983,0
matmul_train,global,ref+sfreq,matmul-blocked96-s1,train,matmul,matmul-blocked96,0.2,5,3771,698,0
matmul_train,global,ref+idle,matmul-blocked96-s1,train,matmul,matmul-blocked96,0.2,5,3768,1079,0
matmul_train,global,ref+age,matmul-blocked96-s1,train,matmul,matmul-blocked96,0.2,5,3702,1049,0
matmul_train,global,ref+dirty,matmul-blocked96-s1,train,matmul,matmul-blocked96,0.2,5,3519,1343,0
matmul_train,global,ref+refaults,matmul-blocked96-s1,train,matmul,matmul-blocked96,0.2,5,4107,1183,0
matmul_train,global,ref+rdist,matmul-blocked96-s1,train,matmul,matmul-blocked96,0.2,5,4322,1204,0
matmul_train,global,aging+sfreq,matmul-blocked96-s1,train,matmul,matmul-blocked96,0.2,5,4209,1268,0
matmul_train,global,aging+idle,matmul-blocked96-s1,train,matmul,matmul-blocked96,0.2,5,3327,983,0
matmul_train,global,aging+age,matmul-blocked96-s1,train,matmul,matmul-blocked96,0.2,5,4281,1340,0
matmul_train,global,aging+dirty,matmul-blocked96-s1,train,matmul,matmul-blocked96,0.2,5,3210,797,0
matmul_train,global,aging+refaults,matmul-blocked96-s1,train,matmul,matmul-blocked96,0.2,5,4030,1224,0
matmul_train,global,aging+rdist,matmul-blocked96-s1,train,matmul,matmul-blocked96,0.2,5,4187,1189,0
matmul_train,global,sfreq+idle,matmul-blocked96-s1,train,matmul,matmul-blocked96,0.2,5,3651,728,0
matmul_train,global,sfreq+age,matmul-blocked96-s1,train,matmul,matmul-blocked96,0.2,5,5755,1824,0
matmul_train,global,sfreq+dirty,matmul-blocked96-s1,train,matmul,matmul-blocked96,0.2,5,21226,5466,1
matmul_train,global,sfreq+refaults,matmul-blocked96-s1,train,matmul,matmul-blocked96,0.2,5,21226,5284,1
matmul_train,global,sfreq+rdist,matmul-blocked96-s1,train,matmul,matmul-blocked96,0.2,5,21226,5504,1
matmul_train,global,idle+age,matmul-blocked96-s1,train,matmul,matmul-blocked96,0.2,5,3528,527,0
matmul_train,global,idle+dirty,matmul-blocked96-s1,train,matmul,matmul-blocked96,0.2,5,3747,1415,0
matmul_train,global,idle+refaults,matmul-blocked96-s1,train,matmul,matmul-blocked96,0.2,5,4148,1208,0
matmul_train,global,idle+rdist,matmul-blocked96-s1,train,matmul,matmul-blocked96,0.2,5,4121,1126,0
matmul_train,global,age+dirty,matmul-blocked96-s1,train,matmul,matmul-blocked96,0.2,5,4179,1829,0
matmul_train,global,age+refaults,matmul-blocked96-s1,train,matmul,matmul-blocked96,0.2,5,21226,5237,1
matmul_train,global,age+rdist,matmul-blocked96-s1,train,matmul,matmul-blocked96,0.2,5,4619,1692,0
matmul_train,global,dirty+refaults,matmul-blocked96-s1,train,matmul,matmul-blocked96,0.2,5,5586,1208,0
matmul_train,global,dirty+rdist,matmul-blocked96-s1,train,matmul,matmul-blocked96,0.2,5,16108,4601,0
matmul_train,global,refaults+rdist,matmul-blocked96-s1,train,matmul,matmul-blocked96,0.2,5,7165,1943,0
matmul_train,global,ref+aging+sfreq,matmul-blocked96-s1,train,matmul,matmul-blocked96,0.2,5,4281,1340,0
matmul_train,global,ref+aging+idle,matmul-blocked96-s1,train,matmul,matmul-blocked96,0.2,5,3333,983,0
matmul_train,global,ref+aging+age,matmul-blocked96-s1,train,matmul,matmul-blocked96,0.2,5,4329,1316,0
matmul_train,global,ref+aging+dirty,matmul-blocked96-s1,train,matmul,matmul-blocked96,0.2,5,3219,797,0
matmul_train,global,ref+aging+refaults,matmul-blocked96-s1,train,matmul,matmul-blocked96,0.2,5,3995,1206,0
matmul_train,global,ref+aging+rdist,matmul-blocked96-s1,train,matmul,matmul-blocked96,0.2,5,4218,1214,0
matmul_train,global,ref+sfreq+idle,matmul-blocked96-s1,train,matmul,matmul-blocked96,0.2,5,3651,728,0
matmul_train,global,ref+sfreq+age,matmul-blocked96-s1,train,matmul,matmul-blocked96,0.2,5,3921,953,0
matmul_train,global,ref+sfreq+dirty,matmul-blocked96-s1,train,matmul,matmul-blocked96,0.2,5,4797,1736,0
matmul_train,global,ref+sfreq+refaults,matmul-blocked96-s1,train,matmul,matmul-blocked96,0.2,5,15456,4028,0
matmul_train,global,ref+sfreq+rdist,matmul-blocked96-s1,train,matmul,matmul-blocked96,0.2,5,3359,418,0
matmul_train,global,ref+idle+age,matmul-blocked96-s1,train,matmul,matmul-blocked96,0.2,5,3528,527,0
matmul_train,global,ref+idle+dirty,matmul-blocked96-s1,train,matmul,matmul-blocked96,0.2,5,3747,1415,0
matmul_train,global,ref+idle+refaults,matmul-blocked96-s1,train,matmul,matmul-blocked96,0.2,5,4080,1180,0
matmul_train,global,ref+idle+rdist,matmul-blocked96-s1,train,matmul,matmul-blocked96,0.2,5,4289,1189,0
matmul_train,global,ref+age+dirty,matmul-blocked96-s1,train,matmul,matmul-blocked96,0.2,5,3519,1343,0
matmul_train,global,ref+age+refaults,matmul-blocked96-s1,train,matmul,matmul-blocked96,0.2,5,4259,1145,0
matmul_train,global,ref+age+rdist,matmul-blocked96-s1,train,matmul,matmul-blocked96,0.2,5,4322,1204,0
matmul_train,global,ref+dirty+refaults,matmul-blocked96-s1,train,matmul,matmul-blocked96,0.2,5,3617,700,0
matmul_train,global,ref+dirty+rdist,matmul-blocked96-s1,train,matmul,matmul-blocked96,0.2,5,4403,1405,0
matmul_train,global,ref+refaults+rdist,matmul-blocked96-s1,train,matmul,matmul-blocked96,0.2,5,4408,1197,0
matmul_train,global,aging+sfreq+idle,matmul-blocked96-s1,train,matmul,matmul-blocked96,0.2,5,4218,1316,0
matmul_train,global,aging+sfreq+age,matmul-blocked96-s1,train,matmul,matmul-blocked96,0.2,5,4209,1268,0
matmul_train,global,aging+sfreq+dirty,matmul-blocked96-s1,train,matmul,matmul-blocked96,0.2,5,4386,1520,0
matmul_train,global,aging+sfreq+refaults,matmul-blocked96-s1,train,matmul,matmul-blocked96,0.2,5,4264,926,0
matmul_train,global,aging+sfreq+rdist,matmul-blocked96-s1,train,matmul,matmul-blocked96,0.2,5,4106,1132,0
matmul_train,global,aging+idle+age,matmul-blocked96-s1,train,matmul,matmul-blocked96,0.2,5,4047,1160,0
matmul_train,global,aging+idle+dirty,matmul-blocked96-s1,train,matmul,matmul-blocked96,0.2,5,3069,905,0
matmul_train,global,aging+idle+refaults,matmul-blocked96-s1,train,matmul,matmul-blocked96,0.2,5,4034,1230,0
matmul_train,global,aging+idle+rdist,matmul-blocked96-s1,train,matmul,matmul-blocked96,0.2,5,4187,1189,0
matmul_train,global,aging+age+dirty,matmul-blocked96-s1,train,matmul,matmul-blocked96,0.2,5,4386,1424,0
matmul_train,global,aging+age+refaults,matmul-blocked96-s1,train,matmul,matmul-blocked96,0.2,5,4104,1150,0
matmul_train,global,aging+age+rdist,matmul-blocked96-s1,train,matmul,matmul-blocked96,0.2,5,4022,1129,0
matmul_train,global,aging+dirty+refaults,matmul-blocked96-s1,train,matmul,matmul-blocked96,0.2,5,3701,913,0
matmul_train,global,aging+dirty+rdist,matmul-blocked96-s1,train,matmul,matmul-blocked96,0.2,5,4243,1281,0
matmul_train,global,aging+refaults+rdist,matmul-blocked96-s1,train,matmul,matmul-blocked96,0.2,5,4390,1252,0
matmul_train,global,sfreq+idle+age,matmul-blocked96-s1,train,matmul,matmul-blocked96,0.2,5,3651,728,0
matmul_train,global,sfreq+idle+dirty,matmul-blocked96-s1,train,matmul,matmul-blocked96,0.2,5,4290,1664,0
matmul_train,global,sfreq+idle+refaults,matmul-blocked96-s1,train,matmul,matmul-blocked96,0.2,5,4720,1017,0
matmul_train,global,sfreq+idle+rdist,matmul-blocked96-s1,train,matmul,matmul-blocked96,0.2,5,3830,1012,0
matmul_train,global,sfreq+age+dirty,matmul-blocked96-s1,train,matmul,matmul-blocked96,0.2,5,6308,2258,0
matmul_train,global,sfreq+age+refaults,matmul-blocked96-s1,train,matmul,matmul-blocked96,0.2,5,21226,5635,1
matmul_train,global,sfreq+age+rdist,matmul-blocked96-s1,train,matmul,matmul-blocked96,0.2,5,7196,2236,0
matmul_train,global,sfreq+dirty+refaults,matmul-blocked96-s1,train,matmul,matmul-blocked96,0.2,5,21226,5501,1
matmul_train,global,sfreq+dirty+rdist,matmul-blocked96-s1,train,matmul,matmul-blocked96,0.2,5,21226,5504,1
matmul_train,global,sfreq+refaults+rdist,matmul-blocked96-s1,train,matmul,matmul-blocked96,0.2,5,21226,5502,1
matmul_train,global,idle+age+dirty,matmul-blocked96-s1,train,matmul,matmul-blocked96,0.2,5,4332,1634,0
matmul_train,global,idle+age+refaults,matmul-blocked96-s1,train,matmul,matmul-blocked96,0.2,5,3933,745,0
matmul_train,global,idle+age+rdist,matmul-blocked96-s1,train,matmul,matmul-blocked96,0.2,5,3254,355,0
matmul_train,global,idle+dirty+refaults,matmul-blocked96-s1,train,matmul,matmul-blocked96,0.2,5,3960,948,0
matmul_train,global,idle+dirty+rdist,matmul-blocked96-s1,train,matmul,matmul-blocked96,0.2,5,3750,1384,0
matmul_train,global,idle+refaults+rdist,matmul-blocked96-s1,train,matmul,matmul-blocked96,0.2,5,4425,1201,0
matmul_train,global,age+dirty+refaults,matmul-blocked96-s1,train,matmul,matmul-blocked96,0.2,5,21226,5222,1
matmul_train,global,age+dirty+rdist,matmul-blocked96-s1,train,matmul,matmul-blocked96,0.2,5,16108,4601,0
matmul_train,global,age+refaults+rdist,matmul-blocked96-s1,train,matmul,matmul-blocked96,0.2,5,21226,5526,1
matmul_train,global,dirty+refaults+rdist,matmul-blocked96-s1,train,matmul,matmul-blocked96,0.2,5,6695,2108,0
matmul_train,global,ref+aging+sfreq+idle,matmul-blocked96-s1,train,matmul,matmul-blocked96,0.2,5,4281,1340,0
matmul_train,global,ref+aging+sfreq+age,matmul-blocked96-s1,train,matmul,matmul-blocked96,0.2,5,4329,1316,0
matmul_train,global,ref+aging+sfreq+dirty,matmul-blocked96-s1,train,matmul,matmul-blocked96,0.2,5,4389,1424,0
matmul_train,global,ref+aging+sfreq+refaults,matmul-blocked96-s1,train,matmul,matmul-blocked96,0.2,5,4903,1231,0
matmul_train,global,ref+aging+sfreq+rdist,matmul-blocked96-s1,train,matmul,matmul-blocked96,0.2,5,4179,1181,0
matmul_train,global,ref+aging+idle+age,matmul-blocked96-s1,train,matmul,matmul-blocked96,0.2,5,4329,1316,0
matmul_train,global,ref+aging+idle+dirty,matmul-blocked96-s1,train,matmul,matmul-blocked96,0.2,5,3219,797,0
matmul_train,global,ref+aging+idle+refaults,matmul-blocked96-s1,train,matmul,matmul-blocked96,0.2,5,4046,1229,0
matmul_train,global,ref+aging+idle+rdist,matmul-blocked96-s1,train,matmul,matmul-blocked96,0.2,5,4218,1214,0
matmul_train,global,ref+aging+age+dirty,matmul-blocked96-s1,train,matmul,matmul-blocked96,0.2,5,4386,1424,0
matmul_train,global,ref+aging+age+refaults,matmul-blocked96-s1,train,matmul,matmul-blocked96,0.2,5,4238,1182,0
matmul_train,global,ref+aging+age+rdist,matmul-blocked96-s1,train,matmul,matmul-blocked96,0.2,5,4176,1181,0
matmul_train,global,ref+aging+dirty+refaults,matmul-blocked96-s1,train,matmul,matmul-blocked96,0.2,5,3788,954,0
matmul_train,global,ref+aging+dirty+rdist,matmul-blocked96-s1,train,matmul,matmul-blocked96,0.2,5,4233,1304,0
matmul_train,global,ref+aging+refaults+rdist,matmul-blocked96-s1,train,matmul,matmul-blocked96,0.2,5,4367,1234,0
matmul_train,global,ref+sfreq+idle+age,matmul-blocked96-s1,train,matmul,matmul-blocked96,0.2,5,3651,728,0
matmul_train,global,ref+sfreq+idle+dirty,matmul-blocked96-s1,train,matmul,matmul-blocked96,0.2,5,4140,1652,0
matmul_train,global,ref+sfreq+idle+refaults,matmul-blocked96-s1,train,matmul,matmul-blocked96,0.2,5,4053,824,0
matmul_train,global,ref+sfreq+idle+rdist,matmul-blocked96-s1,train,matmul,matmul-blocked96,0.2,5,3860,967,0
matmul_train,global,ref+sfreq+age+dirty,matmul-blocked96-s1,train,matmul,matmul-blocked96,0.2,5,4632,1748,0
matmul_train,global,ref+sfreq+age+refaults,matmul-blocked96-s1,train,matmul,matmul-blocked96,0.2,5,12888,3418,0
matmul_train,global,ref+sfreq+age+rdist,matmul-blocked96-s1,train,matmul,matmul-blocked96,0.2,5,4175,1078,0
matmul_train,global,ref+sfreq+dirty+refaults,matmul-blocked96-s1,train,matmul,matmul-blocked96,0.2,5,15418,4086,0
matmul_train,global,ref+sfreq+dirty+rdist,matmul-blocked96-s1,train,matmul,matmul-blocked96,0.2,5,4838,1619,0
matmul_train,global,ref+sfreq+refaults+rdist,matmul-blocked96-s1,train,matmul,matmul-blocked96,0.2,5,6360,1676,0
matmul_train,global,ref+idle+age+dirty,matmul-blocked96-s1,train,matmul,matmul-blocked96,0.2,5,4332,1634,0
matmul_train,global,ref+idle+age+refaults,matmul-blocked96-s1,train,matmul,matmul-blocked96,0.2,5,3870,838,0
matmul_train,global,ref+idle+age+rdist,matmul-blocked96-s1,train,matmul,matmul-blocked96,0.2,5,3350,520,0
matmul_train,global,ref+idle+dirty+refaults,matmul-blocked96-s1,train,matmul,matmul-blocked96,0.2,5,3739,792,0
matmul_train,global,ref+idle+dirty+rdist,matmul-blocked96-s1,train,matmul,matmul-blocked96,0.2,5,4385,1381,0
matmul_train,global,ref+idle+refaults+rdist,matmul-blocked96-s1,train,matmul,matmul-blocked96,0.2,5,4420,1224,0
matmul_train,global,ref+age+dirty+refaults,matmul-blocked96-s1,train,matmul,matmul-blocked96,0.2,5,3941,895,0
matmul_train,global,ref+age+dirty+rdist,matmul-blocked96-s1,train,matmul,matmul-blocked96,0.2,5,4403,1405,0
matmul_train,global,ref+age+refaults+rdist,matmul-blocked96-s1,train,matmul,matmul-blocked96,0.2,5,4362,952,0
matmul_train,global,ref+dirty+refaults+rdist,matmul-blocked96-s1,train,matmul,matmul-blocked96,0.2,5,4458,1260,0
matmul_train,global,aging+sfreq+idle+age,matmul-blocked96-s1,train,matmul,matmul-blocked96,0.2,5,4080,1109,0
matmul_train,global,aging+sfreq+idle+dirty,matmul-blocked96-s1,train,matmul,matmul-blocked96,0.2,5,4386,1520,0
matmul_train,global,aging+sfreq+idle+refaults,matmul-blocked96-s1,train,matmul,matmul-blocked96,0.2,5,4205,912,0
matmul_train,global,aging+sfreq+idle+rdist,matmul-blocked96-s1,train,matmul,matmul-blocked96,0.2,5,4175,1153,0
matmul_train,global,aging+sfreq+age+dirty,matmul-blocked96-s1,train,matmul,matmul-blocked96,0.2,5,4386,1520,0
matmul_train,global,aging+sfreq+age+refaults,matmul-blocked96-s1,train,matmul,matmul-blocked96,0.2,5,4121,926,0
matmul_train,global,aging+sfreq+age+rdist,matmul-blocked96-s1,train,matmul,matmul-blocked96,0.2,5,4166,1150,0
matmul_train,global,aging+sfreq+dirty+refaults,matmul-blocked96-s1,train,matmul,matmul-blocked96,0.2,5,4373,1029,0
matmul_train,global,aging+sfreq+dirty+rdist,matmul-blocked96-s1,train,matmul,matmul-blocked96,0.2,5,4484,1480,0
matmul_train,global,aging+sfreq+refaults+rdist,matmul-blocked96-s1,train,matmul,matmul-blocked96,0.2,5,4368,859,0
matmul_train,global,aging+idle+age+dirty,matmul-blocked96-s1,train,matmul,matmul-blocked96,0.2,5,4386,1520,0
matmul_train,global,aging+idle+age+refaults,matmul-blocked96-s1,train,matmul,matmul-blocked96,0.2,5,3894,917,0
matmul_train,global,aging+idle+age+rdist,matmul-blocked96-s1,train,matmul,matmul-blocked96,0.2,5,4022,1129,0
matmul_train,global,aging+idle+dirty+refaults,matmul-blocked96-s1,train,matmul,matmul-blocked96,0.2,5,3800,956,0
matmul_train,global,aging+idle+dirty+rdist,matmul-blocked96-s1,train,matmul,matmul-blocked96,0.2,5,4243,1281,0
matmul_train,global,aging+idle+refaults+rdist,matmul-blocked96-s1,train,matmul,matmul-blocked96,0.2,5,4389,1252,0
matmul_train,global,aging+age+dirty+refaults,matmul-blocked96-s1,train,matmul,matmul-blocked96,0.2,5,4068,1104,0
matmul_train,global,aging+age+dirty+rdist,matmul-blocked96-s1,train,matmul,matmul-blocked96,0.2,5,4361,1387,0
matmul_train,global,aging+age+refaults+rdist,matmul-blocked96-s1,train,matmul,matmul-blocked96,0.2,5,4179,1032,0
matmul_train,global,aging+dirty+refaults+rdist,matmul-blocked96-s1,train,matmul,matmul-blocked96,0.2,5,4326,1196,0
matmul_train,global,sfreq+idle+age+dirty,matmul-blocked96-s1,train,matmul,matmul-blocked96,0.2,5,4332,1634,0
matmul_train,global,sfreq+idle+age+refaults,matmul-blocked96-s1,train,matmul,matmul-blocked96,0.2,5,4391,1090,0
matmul_train,global,sfreq+idle+age+rdist,matmul-blocked96-s1,train,matmul,matmul-blocked96,0.2,5,3131,235,0
matmul_train,global,sfreq+idle+dirty+refaults,matmul-blocked96-s1,train,matmul,matmul-blocked96,0.2,5,4711,1549,0
matmul_train,global,sfreq+idle+dirty+rdist,matmul-blocked96-s1,train,matmul,matmul-blocked96,0.2,5,2881,1143,0
matmul_train,global,sfreq+idle+refaults+rdist,matmul-blocked96-s1,train,matmul,matmul-blocked96,0.2,5,5252,1211,0
matmul_train,global,sfreq+age+dirty+refaults,matmul-blocked96-s1,train,matmul,matmul-blocked96,0.2,5,21226,5627,1
matmul_train,global,sfreq+age+dirty+rdist,matmul-blocked96-s1,train,matmul,matmul-blocked96,0.2,5,12677,3791,0
matmul_train,global,sfreq+age+refaults+rdist,matmul-blocked96-s1,train,matmul,matmul-blocked96,0.2,5,21226,5340,1
matmul_train,global,sfreq+dirty+refaults+rdist,matmul-blocked96-s1,train,matmul,matmul-blocked96,0.2,5,21226,5502,1
matmul_train,global,idle+age+dirty+refaults,matmul-blocked96-s1,train,matmul,matmul-blocked96,0.2,5,4073,898,0
matmul_train,global,idle+age+dirty+rdist,matmul-blocked96-s1,train,matmul,matmul-blocked96,0.2,5,2878,1140,0
matmul_train,global,idle+age+refaults+rdist,matmul-blocked96-s1,train,matmul,matmul-blocked96,0.2,5,4099,705,0
matmul_train,global,idle+dirty+refaults+rdist,matmul-blocked96-s1,train,matmul,matmul-blocked96,0.2,5,4441,1338,0
matmul_train,global,age+dirty+refaults+rdist,matmul-blocked96-s1,train,matmul,matmul-blocked96,0.2,5,21226,5544,1
matmul_train,global,ref+aging+sfreq+idle+age,matmul-blocked96-s1,train,matmul,matmul-blocked96,0.2,5,4437,1388,0
matmul_train,global,ref+aging+sfreq+idle+dirty,matmul-blocked96-s1,train,matmul,matmul-blocked96,0.2,5,4386,1424,0
matmul_train,global,ref+aging+sfreq+idle+refaults,matmul-blocked96-s1,train,matmul,matmul-blocked96,0.2,5,4531,1080,0
matmul_train,global,ref+aging+sfreq+idle+rdist,matmul-blocked96-s1,train,matmul,matmul-blocked96,0.2,5,4179,1181,0
matmul_train,global,ref+aging+sfreq+age+dirty,matmul-blocked96-s1,train,matmul,matmul-blocked96,0.2,5,4386,1424,0
matmul_train,global,ref+aging+sfreq+age+refaults,matmul-blocked96-s1,train,matmul,matmul-blocked96,0.2,5,4272,1199,0
matmul_train,global,ref+aging+sfreq+age+rdist,matmul-blocked96-s1,train,matmul,matmul-blocked96,0.2,5,4338,1286,0
matmul_train,global,ref+aging+sfreq+dirty+refaults,matmul-blocked96-s1,train,matmul,matmul-blocked96,0.2,5,4511,1295,0
matmul_train,global,ref+aging+sfreq+dirty+rdist,matmul-blocked96-s1,train,matmul,matmul-blocked96,0.2,5,4169,1306,0
matmul_train,global,ref+aging+sfreq+refaults+rdist,matmul-blocked96-s1,train,matmul,matmul-blocked96,0.2,5,4697,982,0
matmul_train,global,ref+aging+idle+age+dirty,matmul-blocked96-s1,train,matmul,matmul-blocked96,0.2,5,4308,1421,0
matmul_train,global,ref+aging+idle+age+refaults,matmul-blocked96-s1,train,matmul,matmul-blocked96,0.2,5,4224,1175,0
matmul_train,global,ref+aging+idle+age+rdist,matmul-blocked96-s1,train,matmul,matmul-blocked96,0.2,5,4176,1181,0
matmul_train,global,ref+aging+idle+dirty+refaults,matmul-blocked96-s1,train,matmul,matmul-blocked96,0.2,5,3747,943,0
matmul_train,global,ref+aging+idle+dirty+rdist,matmul-blocked96-s1,train,matmul,matmul-blocked96,0.2,5,4233,1304,0
matmul_train,global,ref+aging+idle+refaults+rdist,matmul-blocked96-s1,train,matmul,matmul-blocked96,0.2,5,4369,1234,0
matmul_train,global,ref+aging+age+dirty+refaults,matmul-blocked96-s1,train,matmul,matmul-blocked96,0.2,5,4328,1308,0
matmul_train,global,ref+aging+age+dirty+rdist,matmul-blocked96-s1,train,matmul,matmul-blocked96,0.2,5,4292,1351,0
matmul_train,global,ref+aging+age+refaults+rdist,matmul-blocked96-s1,train,matmul,matmul-blocked96,0.2,5,4165,1010,0
matmul_train,global,ref+aging+dirty+refaults+rdist,matmul-blocked96-s1,train,matmul,matmul-blocked96,0.2,5,4304,1174,0
matmul_train,global,ref+sfreq+idle+age+dirty,matmul-blocked96-s1,train,matmul,matmul-blocked96,0.2,5,4140,1652,0
matmul_train,global,ref+sfreq+idle+age+refaults,matmul-blocked96-s1,train,matmul,matmul-blocked96,0.2,5,3868,782,0
matmul_train,global,ref+sfreq+idle+age+rdist,matmul-blocked96-s1,train,matmul,matmul-blocked96,0.2,5,3257,283,0
matmul_train,global,ref+sfreq+idle+dirty+refaults,matmul-blocked96-s1,train,matmul,matmul-blocked96,0.2,5,4221,1058,0
matmul_train,global,ref+sfreq+idle+dirty+rdist,matmul-blocked96-s1,train,matmul,matmul-blocked96,0.2,5,4574,1643,0
matmul_train,global,ref+sfreq+idle+refaults+rdist,matmul-blocked96-s1,train,matmul,matmul-blocked96,0.2,5,4684,1061,0
matmul_train,global,ref+sfreq+age+dirty+refaults,matmul-blocked96-s1,train,matmul,matmul-blocked96,0.2,5,11284,2894,0
matmul_train,global,ref+sfreq+age+dirty+rdist,matmul-blocked96-s1,train,matmul,matmul-blocked96,0.2,5,4577,1643,0
matmul_train,global,ref+sfreq+age+refaults+rdist,matmul-blocked96-s1,train,matmul,matmul-blocked96,0.2,5,6554,1734,0
matmul_train,global,ref+sfreq+dirty+refaults+rdist,matmul-blocked96-s1,train,matmul,matmul-blocked96,0.2,5,5901,1661,0
matmul_train,global,ref+idle+age+dirty+refaults,matmul-blocked96-s1,train,matmul,matmul-blocked96,0.2,5,3936,973,0
matmul_train,global,ref+idle+age+dirty+rdist,matmul-blocked96-s1,train,matmul,matmul-blocked96,0.2,5,4574,1643,0
matmul_train,global,ref+idle+age+refaults+rdist,matmul-blocked96-s1,train,matmul,matmul-blocked96,0.2,5,3924,743,0
matmul_train,global,ref+idle+dirty+refaults+rdist,matmul-blocked96-s1,train,matmul,matmul-blocked96,0.2,5,4446,1266,0
matmul_train,global,ref+age+dirty+refaults+rdist,matmul-blocked96-s1,train,matmul,matmul-blocked96,0.2,5,4737,1279,0
matmul_train,global,aging+sfreq+idle+age+dirty,matmul-blocked96-s1,train,matmul,matmul-blocked96,0.2,5,4125,1391,0
matmul_train,global,aging+sfreq+idle+age+refaults,matmul-blocked96-s1,train,matmul,matmul-blocked96,0.2,5,3886,886,0
matmul_train,global,aging+sfreq+idle+age+rdist,matmul-blocked96-s1,train,matmul,matmul-blocked96,0.2,5,4094,1078,0
matmul_train,global,aging+sfreq+idle+dirty+refaults,matmul-blocked96-s1,train,matmul,matmul-blocked96,0.2,5,4329,1010,0
matmul_train,global,aging+sfreq+idle+dirty+rdist,matmul-blocked96-s1,train,matmul,matmul-blocked96,0.2,5,4460,1477,0
matmul_train,global,aging+sfreq+idle+refaults+rdist,matmul-blocked96-s1,train,matmul,matmul-blocked96,0.2,5,6669,1712,0
matmul_train,global,aging+sfreq+age+dirty+refaults,matmul-blocked96-s1,train,matmul,matmul-blocked96,0.2,5,4276,1119,0
matmul_train,global,aging+sfreq+age+dirty+rdist,matmul-blocked96-s1,train,matmul,matmul-blocked96,0.2,5,4370,1390,0
matmul_train,global,aging+sfreq+age+refaults+rdist,matmul-blocked96-s1,train,matmul,matmul-blocked96,0.2,5,4189,969,0
matmul_train,global,aging+sfreq+dirty+refaults+rdist,matmul-blocked96-s1,train,matmul,matmul-blocked96,0.2,5,4930,1405,0
matmul_train,global,aging+idle+age+dirty+refaults,matmul-blocked96-s1,train,matmul,matmul-blocked96,0.2,5,4024,1040,0
matmul_train,global,aging+idle+age+dirty+rdist,matmul-blocked96-s1,train,matmul,matmul-blocked96,0.2,5,4493,1480,0
matmul_train,global,aging+idle+age+refaults+rdist,matmul-blocked96-s1,train,matmul,matmul-blocked96,0.2,5,4084,920,0
matmul_train,global,aging+idle+dirty+refaults+rdist,matmul-blocked96-s1,train,matmul,matmul-blocked96,0.2,5,4278,1167,0
matmul_train,global,aging+age+dirty+refaults+rdist,matmul-blocked96-s1,train,matmul,matmul-blocked96,0.2,5,4312,1187,0
matmul_train,global,sfreq+idle+age+dirty+refaults,matmul-blocked96-s1,train,matmul,matmul-blocked96,0.2,5,4370,1262,0
matmul_train,global,sfreq+idle+age+dirty+rdist,matmul-blocked96-s1,train,matmul,matmul-blocked96,0.2,5,3549,1388,0
matmul_train,global,sfreq+idle+age+refaults+rdist,matmul-blocked96-s1,train,matmul,matmul-blocked96,0.2,5,4322,880,0
matmul_train,global,sfreq+idle+dirty+refaults+rdist,matmul-blocked96-s1,train,matmul,matmul-blocked96,0.2,5,4727,1754,0
matmul_train,global,sfreq+age+dirty+refaults+rdist,matmul-blocked96-s1,train,matmul,matmul-blocked96,0.2,5,21226,5534,1
matmul_train,global,idle+age+dirty+refaults+rdist,matmul-blocked96-s1,train,matmul,matmul-blocked96,0.2,5,4390,1430,0
matmul_train,global,ref+aging+sfreq+idle+age+dirty,matmul-blocked96-s1,train,matmul,matmul-blocked96,0.2,5,4386,1424,0
matmul_train,global,ref+aging+sfreq+idle+age+refaults,matmul-blocked96-s1,train,matmul,matmul-blocked96,0.2,5,4211,1174,0
matmul_train,global,ref+aging+sfreq+idle+age+rdist,matmul-blocked96-s1,train,matmul,matmul-blocked96,0.2,5,4164,1181,0
matmul_train,global,ref+aging+sfreq+idle+dirty+refaults,matmul-blocked96-s1,train,matmul,matmul-blocked96,0.2,5,4712,1349,0
matmul_train,global,ref+aging+sfreq+idle+dirty+rdist,matmul-blocked96-s1,train,matmul,matmul-blocked96,0.2,5,4208,1315,0
matmul_train,global,ref+aging+sfreq+idle+refaults+rdist,matmul-blocked96-s1,train,matmul,matmul-blocked96,0.2,5,7679,2089,0
matmul_train,global,ref+aging+sfreq+age+dirty+refaults,matmul-blocked96-s1,train,matmul,matmul-blocked96,0.2,5,4319,1274,0
matmul_train,global,ref+aging+sfreq+age+dirty+rdist,matmul-blocked96-s1,train,matmul,matmul-blocked96,0.2,5,4391,1357,0
matmul_train,global,ref+aging+sfreq+age+refaults+rdist,matmul-blocked96-s1,train,matmul,matmul-blocked96,0.2,5,4199,1076,0
matmul_train,global,ref+aging+sfreq+dirty+refaults+rdist,matmul-blocked96-s1,train,matmul,matmul-blocked96,0.2,5,5173,1445,0
matmul_train,global,ref+aging+idle+age+dirty+refaults,matmul-blocked96-s1,train,matmul,matmul-blocked96,0.2,5,4262,1261,0
matmul_train,global,ref+aging+idle+age+dirty+rdist,matmul-blocked96-s1,train,matmul,matmul-blocked96,0.2,5,4292,1351,0
matmul_train,global,ref+aging+idle+age+refaults+rdist,matmul-blocked96-s1,train,matmul,matmul-blocked96,0.2,5,4144,947,0
matmul_train,global,ref+aging+idle+dirty+refaults+rdist,matmul-blocked96-s1,train,matmul,matmul-blocked96,0.2,5,4320,1178,0
matmul_train,global,ref+aging+age+dirty+refaults+rdist,matmul-blocked96-s1,train,matmul,matmul-blocked96,0.2,5,4293,1296,0
matmul_train,global,ref+sfreq+idle+age+dirty+refaults,matmul-blocked96-s1,train,matmul,matmul-blocked96,0.2,5,4250,1137,0
matmul_train,global,ref+sfreq+idle+age+dirty+rdist,matmul-blocked96-s1,train,matmul,matmul-blocked96,0.2,5,4382,1544,0
matmul_train,global,ref+sfreq+idle+age+refaults+rdist,matmul-blocked96-s1,train,matmul,matmul-blocked96,0.2,5,4057,740,0
matmul_train,global,ref+sfreq+idle+dirty+refaults+rdist,matmul-blocked96-s1,train,matmul,matmul-blocked96,0.2,5,4851,1441,0
matmul_train,global,ref+sfreq+age+dirty+refaults+rdist,matmul-blocked96-s1,train,matmul,matmul-blocked96,0.2,5,5903,1662,0
matmul_train,global,ref+idle+age+dirty+refaults+rdist,matmul-blocked96-s1,train,matmul,matmul-blocked96,0.2,5,4327,1140,0
matmul_train,global,aging+sfreq+idle+age+dirty+refaults,matmul-blocked96-s1,train,matmul,matmul-blocked96,0.2,5,3906,899,0
matmul_train,global,aging+sfreq+idle+age+dirty+rdist,matmul-blocked96-s1,train,matmul,matmul-blocked96,0.2,5,4224,1288,0
matmul_train,global,aging+sfreq+idle+age+refaults+rdist,matmul-blocked96-s1,train,matmul,matmul-blocked96,0.2,5,4084,922,0
matmul_train,global,aging+sfreq+idle+dirty+refaults+rdist,matmul-blocked96-s1,train,matmul,matmul-blocked96,0.2,5,7517,2176,0
matmul_train,global,aging+sfreq+age+dirty+refaults+rdist,matmul-blocked96-s1,train,matmul,matmul-blocked96,0.2,5,4441,1286,0
matmul_train,global,aging+idle+age+dirty+refaults+rdist,matmul-blocked96-s1,train,matmul,matmul-blocked96,0.2,5,4407,1282,0
matmul_train,global,sfreq+idle+age+dirty+refaults+rdist,matmul-blocked96-s1,train,matmul,matmul-blocked96,0.2,5,4274,1483,0
matmul_train,global,ref+aging+sfreq+idle+age+dirty+refaults,matmul-blocked96-s1,train,matmul,matmul-blocked96,0.2,5,4279,1286,0
matmul_train,global,ref+aging+sfreq+idle+age+dirty+rdist,matmul-blocked96-s1,train,matmul,matmul-blocked96,0.2,5,4172,1180,0
matmul_train,global,ref+aging+sfreq+idle+age+refaults+rdist,matmul-blocked96-s1,train,matmul,matmul-blocked96,0.2,5,4155,1005,0
matmul_train,global,ref+aging+sfreq+idle+dirty+refaults+rdist,matmul-blocked96-s1,train,matmul,matmul-blocked96,0.2,5,8687,2487,0
matmul_train,global,ref+aging+sfreq+age+dirty+refaults+rdist,matmul-blocked96-s1,train,matmul,matmul-blocked96,0.2,5,4283,1294,0
matmul_train,global,ref+aging+idle+age+dirty+refaults+rdist,matmul-blocked96-s1,train,matmul,matmul-blocked96,0.2,5,4299,1221,0
matmul_train,global,ref+sfreq+idle+age+dirty+refaults+rdist,matmul-blocked96-s1,train,matmul,matmul-blocked96,0.2,5,4343,1026,0
matmul_train,global,aging+sfreq+idle+age+dirty+refaults+rdist,matmul-blocked96-s1,train,matmul,matmul-blocked96,0.2,5,4402,1280,0
matmul_train,global,ref+aging+sfreq+idle+age+dirty+refaults+rdist,matmul-blocked96-s1,train,matmul,matmul-blocked96,0.2,5,4291,1282,0
matmul_train,global,rec+ref+aging+sfreq+idle+age+dirty,matmul-blocked96-s1,train,matmul,matmul-blocked96,0.2,5,3537,677,0
matmul_train,global,rec+ref+aging+sfreq+idle+age+dirty+refaults+rdist,matmul-blocked96-s1,train,matmul,matmul-blocked96,0.2,5,3413,625,0
matmul_train,global,freq+ref+aging+sfreq+idle+age+dirty,matmul-blocked96-s1,train,matmul,matmul-blocked96,0.2,5,4002,1390,0
matmul_train,global,freq+ref+aging+sfreq+idle+age+dirty+refaults+rdist,matmul-blocked96-s1,train,matmul,matmul-blocked96,0.2,5,3970,814,0
matmul_train,global,sd+ref+aging+sfreq+idle+age+dirty,matmul-blocked96-s1,train,matmul,matmul-blocked96,0.2,5,3390,665,0
matmul_train,global,sd+ref+aging+sfreq+idle+age+dirty+refaults+rdist,matmul-blocked96-s1,train,matmul,matmul-blocked96,0.2,5,21226,5243,1
matmul_train,global,wr+ref+aging+sfreq+idle+age+dirty,matmul-blocked96-s1,train,matmul,matmul-blocked96,0.2,5,4350,1418,0
matmul_train,global,wr+ref+aging+sfreq+idle+age+dirty+refaults+rdist,matmul-blocked96-s1,train,matmul,matmul-blocked96,0.2,5,4328,1366,0
matmul_train,global,rec+freq+ref+aging+sfreq+idle+age+dirty,matmul-blocked96-s1,train,matmul,matmul-blocked96,0.2,5,3818,954,0
matmul_train,global,rec+freq+ref+aging+sfreq+idle+age+dirty+refaults+rdist,matmul-blocked96-s1,train,matmul,matmul-blocked96,0.2,5,3735,808,0
matmul_train,global,rec+sd+ref+aging+sfreq+idle+age+dirty,matmul-blocked96-s1,train,matmul,matmul-blocked96,0.2,5,3309,542,0
matmul_train,global,rec+sd+ref+aging+sfreq+idle+age+dirty+refaults+rdist,matmul-blocked96-s1,train,matmul,matmul-blocked96,0.2,5,3297,533,0
matmul_train,global,rec+wr+ref+aging+sfreq+idle+age+dirty,matmul-blocked96-s1,train,matmul,matmul-blocked96,0.2,5,3561,668,0
matmul_train,global,rec+wr+ref+aging+sfreq+idle+age+dirty+refaults+rdist,matmul-blocked96-s1,train,matmul,matmul-blocked96,0.2,5,3427,635,0
matmul_train,global,freq+sd+ref+aging+sfreq+idle+age+dirty,matmul-blocked96-s1,train,matmul,matmul-blocked96,0.2,5,3882,1056,0
matmul_train,global,freq+sd+ref+aging+sfreq+idle+age+dirty+refaults+rdist,matmul-blocked96-s1,train,matmul,matmul-blocked96,0.2,5,21226,5232,1
matmul_train,global,freq+wr+ref+aging+sfreq+idle+age+dirty,matmul-blocked96-s1,train,matmul,matmul-blocked96,0.2,5,4002,1390,0
matmul_train,global,freq+wr+ref+aging+sfreq+idle+age+dirty+refaults+rdist,matmul-blocked96-s1,train,matmul,matmul-blocked96,0.2,5,3991,861,0
matmul_train,global,sd+wr+ref+aging+sfreq+idle+age+dirty,matmul-blocked96-s1,train,matmul,matmul-blocked96,0.2,5,3495,659,0
matmul_train,global,sd+wr+ref+aging+sfreq+idle+age+dirty+refaults+rdist,matmul-blocked96-s1,train,matmul,matmul-blocked96,0.2,5,21226,5244,1
matmul_train,global,rec+freq+sd+ref+aging+sfreq+idle+age+dirty,matmul-blocked96-s1,train,matmul,matmul-blocked96,0.2,5,3834,952,0
matmul_train,global,rec+freq+sd+ref+aging+sfreq+idle+age+dirty+refaults+rdist,matmul-blocked96-s1,train,matmul,matmul-blocked96,0.2,5,3521,683,0
matmul_train,global,rec+freq+wr+ref+aging+sfreq+idle+age+dirty,matmul-blocked96-s1,train,matmul,matmul-blocked96,0.2,5,3818,952,0
matmul_train,global,rec+freq+wr+ref+aging+sfreq+idle+age+dirty+refaults+rdist,matmul-blocked96-s1,train,matmul,matmul-blocked96,0.2,5,3734,804,0
matmul_train,global,rec+sd+wr+ref+aging+sfreq+idle+age+dirty,matmul-blocked96-s1,train,matmul,matmul-blocked96,0.2,5,3300,536,0
matmul_train,global,rec+sd+wr+ref+aging+sfreq+idle+age+dirty+refaults+rdist,matmul-blocked96-s1,train,matmul,matmul-blocked96,0.2,5,3274,534,0
matmul_train,global,freq+sd+wr+ref+aging+sfreq+idle+age+dirty,matmul-blocked96-s1,train,matmul,matmul-blocked96,0.2,5,3830,989,0
matmul_train,global,freq+sd+wr+ref+aging+sfreq+idle+age+dirty+refaults+rdist,matmul-blocked96-s1,train,matmul,matmul-blocked96,0.2,5,21226,5200,1
matmul_train,global,rec+freq+sd+wr+ref+aging+sfreq+idle+age+dirty,matmul-blocked96-s1,train,matmul,matmul-blocked96,0.2,5,3832,948,0
matmul_train,global,rec+freq+sd+wr+ref+aging+sfreq+idle+age+dirty+refaults+rdist,matmul-blocked96-s1,train,matmul,matmul-blocked96,0.2,5,3510,678,0
matmul_train,matmul,rec,matmul-blocked96-s1,train,matmul,matmul-blocked96,0.1,3,197283,49475,0
matmul_train,matmul,freq,matmul-blocked96-s1,train,matmul,matmul-blocked96,0.1,3,197283,49475,0
matmul_train,matmul,sd,matmul-blocked96-s1,train,matmul,matmul-blocked96,0.1,3,197283,49475,0
matmul_train,matmul,wr,matmul-blocked96-s1,train,matmul,matmul-blocked96,0.1,3,197283,49475,0
matmul_train,matmul,rec+freq,matmul-blocked96-s1,train,matmul,matmul-blocked96,0.1,3,197283,49475,0
matmul_train,matmul,rec+sd,matmul-blocked96-s1,train,matmul,matmul-blocked96,0.1,3,197283,49475,0
matmul_train,matmul,rec+wr,matmul-blocked96-s1,train,matmul,matmul-blocked96,0.1,3,197283,49475,0
matmul_train,matmul,freq+sd,matmul-blocked96-s1,train,matmul,matmul-blocked96,0.1,3,197283,49475,0
matmul_train,matmul,freq+wr,matmul-blocked96-s1,train,matmul,matmul-blocked96,0.1,3,197283,49475,0
matmul_train,matmul,sd+wr,matmul-blocked96-s1,train,matmul,matmul-blocked96,0.1,3,197283,49475,0
matmul_train,matmul,rec+freq+sd,matmul-blocked96-s1,train,matmul,matmul-blocked96,0.1,3,197283,49475,0
matmul_train,matmul,rec+freq+wr,matmul-blocked96-s1,train,matmul,matmul-blocked96,0.1,3,197283,49475,0
matmul_train,matmul,rec+sd+wr,matmul-blocked96-s1,train,matmul,matmul-blocked96,0.1,3,197283,49475,0
matmul_train,matmul,freq+sd+wr,matmul-blocked96-s1,train,matmul,matmul-blocked96,0.1,3,197283,49475,0
matmul_train,matmul,rec+freq+sd+wr,matmul-blocked96-s1,train,matmul,matmul-blocked96,0.1,3,197283,49475,0
matmul_train,matmul,ref,matmul-blocked96-s1,train,matmul,matmul-blocked96,0.1,3,197283,49475,0
matmul_train,matmul,aging,matmul-blocked96-s1,train,matmul,matmul-blocked96,0.1,3,197283,49475,0
matmul_train,matmul,sfreq,matmul-blocked96-s1,train,matmul,matmul-blocked96,0.1,3,197283,49475,0
matmul_train,matmul,idle,matmul-blocked96-s1,train,matmul,matmul-blocked96,0.1,3,197283,49475,0
matmul_train,matmul,age,matmul-blocked96-s1,train,matmul,matmul-blocked96,0.1,3,197283,49475,0
matmul_train,matmul,dirty,matmul-blocked96-s1,train,matmul,matmul-blocked96,0.1,3,197283,49475,0
matmul_train,matmul,refaults,matmul-blocked96-s1,train,matmul,matmul-blocked96,0.1,3,197283,49475,0
matmul_train,matmul,rdist,matmul-blocked96-s1,train,matmul,matmul-blocked96,0.1,3,197283,49475,0
matmul_train,matmul,ref+aging,matmul-blocked96-s1,train,matmul,matmul-blocked96,0.1,3,197283,49475,0
matmul_train,matmul,ref+sfreq,matmul-blocked96-s1,train,matmul,matmul-blocked96,0.1,3,197283,49475,0
matmul_train,matmul,ref+idle,matmul-blocked96-s1,train,matmul,matmul-blocked96,0.1,3,197283,49475,0
matmul_train,matmul,ref+age,matmul-blocked96-s1,train,matmul,matmul-blocked96,0.1,3,197283,49475,0
matmul_train,matmul,ref+dirty,matmul-blocked96-s1,train,matmul,matmul-blocked96,0.1,3,197283,49475,0
matmul_train,matmul,ref+refaults,matmul-blocked96-s1,train,matmul,matmul-blocked96,0.1,3,197283,49475,0
matmul_train,matmul,ref+rdist,matmul-blocked96-s1,train,matmul,matmul-blocked96,0.1,3,197283,49475,0
matmul_train,matmul,aging+sfreq,matmul-blocked96-s1,train,matmul,matmul-blocked96,0.1,3,197283,49475,0
matmul_train,matmul,aging+idle,matmul-blocked96-s1,train,matmul,matmul-blocked96,0.1,3,197283,49475,0
matmul_train,matmul,aging+age,matmul-blocked96-s1,train,matmul,matmul-blocked96,0.1,3,197283,49475,0
matmul_train,matmul,aging+dirty,matmul-blocked96-s1,train,matmul,matmul-blocked96,0.1,3,197283,49475,0
matmul_train,matmul,aging+refaults,matmul-blocked96-s1,train,matmul,matmul-blocked96,0.1,3,197283,49475,0
matmul_train,matmul,aging+rdist,matmul-blocked96-s1,train,matmul,matmul-blocked96,0.1,3,197283,49475,0
matmul_train,matmul,sfreq+idle,matmul-blocked96-s1,train,matmul,matmul-blocked96,0.1,3,197283,49475,0
matmul_train,matmul,sfreq+age,matmul-blocked96-s1,train,matmul,matmul-blocked96,0.1,3,197283,49475,0
matmul_train,matmul,sfreq+dirty,matmul-blocked96-s1,train,matmul,matmul-blocked96,0.1,3,197283,49475,0
matmul_train,matmul,sfreq+refaults,matmul-blocked96-s1,train,matmul,matmul-blocked96,0.1,3,197283,49475,0
matmul_train,matmul,sfreq+rdist,matmul-blocked96-s1,train,matmul,matmul-blocked96,0.1,3,197283,49475,0
matmul_train,matmul,idle+age,matmul-blocked96-s1,train,matmul,matmul-blocked96,0.1,3,197283,49475,0
matmul_train,matmul,idle+dirty,matmul-blocked96-s1,train,matmul,matmul-blocked96,0.1,3,197283,49475,0
matmul_train,matmul,idle+refaults,matmul-blocked96-s1,train,matmul,matmul-blocked96,0.1,3,197283,49475,0
matmul_train,matmul,idle+rdist,matmul-blocked96-s1,train,matmul,matmul-blocked96,0.1,3,197283,49475,0
matmul_train,matmul,age+dirty,matmul-blocked96-s1,train,matmul,matmul-blocked96,0.1,3,197283,49475,0
matmul_train,matmul,age+refaults,matmul-blocked96-s1,train,matmul,matmul-blocked96,0.1,3,197283,49475,0
matmul_train,matmul,age+rdist,matmul-blocked96-s1,train,matmul,matmul-blocked96,0.1,3,197283,49475,0
matmul_train,matmul,dirty+refaults,matmul-blocked96-s1,train,matmul,matmul-blocked96,0.1,3,197283,49475,0
matmul_train,matmul,dirty+rdist,matmul-blocked96-s1,train,matmul,matmul-blocked96,0.1,3,197283,49475,0
matmul_train,matmul,refaults+rdist,matmul-blocked96-s1,train,matmul,matmul-blocked96,0.1,3,197283,49475,0
matmul_train,matmul,ref+aging+sfreq,matmul-blocked96-s1,train,matmul,matmul-blocked96,0.1,3,197283,49475,0
matmul_train,matmul,ref+aging+idle,matmul-blocked96-s1,train,matmul,matmul-blocked96,0.1,3,197283,49475,0
matmul_train,matmul,ref+aging+age,matmul-blocked96-s1,train,matmul,matmul-blocked96,0.1,3,197283,49475,0
matmul_train,matmul,ref+aging+dirty,matmul-blocked96-s1,train,matmul,matmul-blocked96,0.1,3,197283,49475,0
matmul_train,matmul,ref+aging+refaults,matmul-blocked96-s1,train,matmul,matmul-blocked96,0.1,3,197283,49475,0
matmul_train,matmul,ref+aging+rdist,matmul-blocked96-s1,train,matmul,matmul-blocked96,0.1,3,197283,49475,0
matmul_train,matmul,ref+sfreq+idle,matmul-blocked96-s1,train,matmul,matmul-blocked96,0.1,3,197283,49475,0
matmul_train,matmul,ref+sfreq+age,matmul-blocked96-s1,train,matmul,matmul-blocked96,0.1,3,197283,49475,0
matmul_train,matmul,ref+sfreq+dirty,matmul-blocked96-s1,train,matmul,matmul-blocked96,0.1,3,197283,49475,0
matmul_train,matmul,ref+sfreq+refaults,matmul-blocked96-s1,train,matmul,matmul-blocked96,0.1,3,197283,49475,0
matmul_train,matmul,ref+sfreq+rdist,matmul-blocked96-s1,train,matmul,matmul-blocked96,0.1,3,197283,49475,0
matmul_train,matmul,ref+idle+age,matmul-blocked96-s1,train,matmul,matmul-blocked96,0.1,3,197283,49475,0
matmul_train,matmul,ref+idle+dirty,matmul-blocked96-s1,train,matmul,matmul-blocked96,0.1,3,197283,49475,0
matmul_train,matmul,ref+idle+refaults,matmul-blocked96-s1,train,matmul,matmul-blocked96,0.1,3,197283,49475,0
matmul_train,matmul,ref+idle+rdist,matmul-blocked96-s1,train,matmul,matmul-blocked96,0.1,3,197283,49475,0
matmul_train,matmul,ref+age+dirty,matmul-blocked96-s1,train,matmul,matmul-blocked96,0.1,3,197283,49475,0
matmul_train,matmul,ref+age+refaults,matmul-blocked96-s1,train,matmul,matmul-blocked96,0.1,3,197283,49475,0
matmul_train,matmul,ref+age+rdist,matmul-blocked96-s1,train,matmul,matmul-blocked96,0.1,3,197283,49475,0
matmul_train,matmul,ref+dirty+refaults,matmul-blocked96-s1,train,matmul,matmul-blocked96,0.1,3,197283,49475,0
matmul_train,matmul,ref+dirty+rdist,matmul-blocked96-s1,train,matmul,matmul-blocked96,0.1,3,197283,49475,0
matmul_train,matmul,ref+refaults+rdist,matmul-blocked96-s1,train,matmul,matmul-blocked96,0.1,3,197283,49475,0
matmul_train,matmul,aging+sfreq+idle,matmul-blocked96-s1,train,matmul,matmul-blocked96,0.1,3,197283,49475,0
matmul_train,matmul,aging+sfreq+age,matmul-blocked96-s1,train,matmul,matmul-blocked96,0.1,3,197283,49475,0
matmul_train,matmul,aging+sfreq+dirty,matmul-blocked96-s1,train,matmul,matmul-blocked96,0.1,3,197283,49475,0
matmul_train,matmul,aging+sfreq+refaults,matmul-blocked96-s1,train,matmul,matmul-blocked96,0.1,3,197283,49475,0
matmul_train,matmul,aging+sfreq+rdist,matmul-blocked96-s1,train,matmul,matmul-blocked96,0.1,3,197283,49475,0
matmul_train,matmul,aging+idle+age,matmul-blocked96-s1,train,matmul,matmul-blocked96,0.1,3,197283,49475,0
matmul_train,matmul,aging+idle+dirty,matmul-blocked96-s1,train,matmul,matmul-blocked96,0.1,3,197283,49475,0
matmul_train,matmul,aging+idle+refaults,matmul-blocked96-s1,train,matmul,matmul-blocked96,0.1,3,197283,49475,0
matmul_train,matmul,aging+idle+rdist,matmul-blocked96-s1,train,matmul,matmul-blocked96,0.1,3,197283,49475,0
matmul_train,matmul,aging+age+dirty,matmul-blocked96-s1,train,matmul,matmul-blocked96,0.1,3,197283,49475,0
matmul_train,matmul,aging+age+refaults,matmul-blocked96-s1,train,matmul,matmul-blocked96,0.1,3,197283,49475,0
matmul_train,matmul,aging+age+rdist,matmul-blocked96-s1,train,matmul,matmul-blocked96,0.1,3,197283,49475,0
matmul_train,matmul,aging+dirty+refaults,matmul-blocked96-s1,train,matmul,matmul-blocked96,0.1,3,197283,49475,0
matmul_train,matmul,aging+dirty+rdist,matmul-blocked96-s1,train,matmul,matmul-blocked96,0.1,3,197283,49475,0
matmul_train,matmul,aging+refaults+rdist,matmul-blocked96-s1,train,matmul,matmul-blocked96,0.1,3,197283,49475,0
matmul_train,matmul,sfreq+idle+age,matmul-blocked96-s1,train,matmul,matmul-blocked96,0.1,3,197283,49475,0
matmul_train,matmul,sfreq+idle+dirty,matmul-blocked96-s1,train,matmul,matmul-blocked96,0.1,3,197283,49475,0
matmul_train,matmul,sfreq+idle+refaults,matmul-blocked96-s1,train,matmul,matmul-blocked96,0.1,3,197283,49475,0
matmul_train,matmul,sfreq+idle+rdist,matmul-blocked96-s1,train,matmul,matmul-blocked96,0.1,3,197283,49475,0
matmul_train,matmul,sfreq+age+dirty,matmul-blocked96-s1,train,matmul,matmul-blocked96,0.1,3,197283,49475,0
matmul_train,matmul,sfreq+age+refaults,matmul-blocked96-s1,train,matmul,matmul-blocked96,0.1,3,197283,49475,0
matmul_train,matmul,sfreq+age+rdist,matmul-blocked96-s1,train,matmul,matmul-blocked96,0.1,3,197283,49475,0
matmul_train,matmul,sfreq+dirty+refaults,matmul-blocked96-s1,train,matmul,matmul-blocked96,0.1,3,197283,49475,0
matmul_train,matmul,sfreq+dirty+rdist,matmul-blocked96-s1,train,matmul,matmul-blocked96,0.1,3,197283,49475,0
matmul_train,matmul,sfreq+refaults+rdist,matmul-blocked96-s1,train,matmul,matmul-blocked96,0.1,3,197283,49475,0
matmul_train,matmul,idle+age+dirty,matmul-blocked96-s1,train,matmul,matmul-blocked96,0.1,3,197283,49475,0
matmul_train,matmul,idle+age+refaults,matmul-blocked96-s1,train,matmul,matmul-blocked96,0.1,3,197283,49475,0
matmul_train,matmul,idle+age+rdist,matmul-blocked96-s1,train,matmul,matmul-blocked96,0.1,3,197283,49475,0
matmul_train,matmul,idle+dirty+refaults,matmul-blocked96-s1,train,matmul,matmul-blocked96,0.1,3,197283,49475,0
matmul_train,matmul,idle+dirty+rdist,matmul-blocked96-s1,train,matmul,matmul-blocked96,0.1,3,197283,49475,0
matmul_train,matmul,idle+refaults+rdist,matmul-blocked96-s1,train,matmul,matmul-blocked96,0.1,3,197283,49475,0
matmul_train,matmul,age+dirty+refaults,matmul-blocked96-s1,train,matmul,matmul-blocked96,0.1,3,197283,49475,0
matmul_train,matmul,age+dirty+rdist,matmul-blocked96-s1,train,matmul,matmul-blocked96,0.1,3,197283,49475,0
matmul_train,matmul,age+refaults+rdist,matmul-blocked96-s1,train,matmul,matmul-blocked96,0.1,3,197283,49475,0
matmul_train,matmul,dirty+refaults+rdist,matmul-blocked96-s1,train,matmul,matmul-blocked96,0.1,3,197283,49475,0
matmul_train,matmul,ref+aging+sfreq+idle,matmul-blocked96-s1,train,matmul,matmul-blocked96,0.1,3,197283,49475,0
matmul_train,matmul,ref+aging+sfreq+age,matmul-blocked96-s1,train,matmul,matmul-blocked96,0.1,3,197283,49475,0
matmul_train,matmul,ref+aging+sfreq+dirty,matmul-blocked96-s1,train,matmul,matmul-blocked96,0.1,3,197283,49475,0
matmul_train,matmul,ref+aging+sfreq+refaults,matmul-blocked96-s1,train,matmul,matmul-blocked96,0.1,3,197283,49475,0
matmul_train,matmul,ref+aging+sfreq+rdist,matmul-blocked96-s1,train,matmul,matmul-blocked96,0.1,3,197283,49475,0
matmul_train,matmul,ref+aging+idle+age,matmul-blocked96-s1,train,matmul,matmul-blocked96,0.1,3,197283,49475,0
matmul_train,matmul,ref+aging+idle+dirty,matmul-blocked96-s1,train,matmul,matmul-blocked96,0.1,3,197283,49475,0
matmul_train,matmul,ref+aging+idle+refaults,matmul-blocked96-s1,train,matmul,matmul-blocked96,0.1,3,197283,49475,0
matmul_train,matmul,ref+aging+idle+rdist,matmul-blocked96-s1,train,matmul,matmul-blocked96,0.1,3,197283,49475,0
matmul_train,matmul,ref+aging+age+dirty,matmul-blocked96-s1,train,matmul,matmul-blocked96,0.1,3,197283,49475,0
matmul_train,matmul,ref+aging+age+refaults,matmul-blocked96-s1,train,matmul,matmul-blocked96,0.1,3,197283,49475,0
matmul_train,matmul,ref+aging+age+rdist,matmul-blocked96-s1,train,matmul,matmul-blocked96,0.1,3,197283,49475,0
matmul_train,matmul,ref+aging+dirty+refaults,matmul-blocked96-s1,train,matmul,matmul-blocked96,0.1,3,197283,49475,0
matmul_train,matmul,ref+aging+dirty+rdist,matmul-blocked96-s1,train,matmul,matmul-blocked96,0.1,3,197283,49475,0
matmul_train,matmul,ref+aging+refaults+rdist,matmul-blocked96-s1,train,matmul,matmul-blocked96,0.1,3,197283,49475,0
matmul_train,matmul,ref+sfreq+idle+age,matmul-blocked96-s1,train,matmul,matmul-blocked96,0.1,3,197283,49475,0
matmul_train,matmul,ref+sfreq+idle+dirty,matmul-blocked96-s1,train,matmul,matmul-blocked96,0.1,3,197283,49475,0
matmul_train,matmul,ref+sfreq+idle+refaults,matmul-blocked96-s1,train,matmul,matmul-blocked96,0.1,3,197283,49475,0
matmul_train,matmul,ref+sfreq+idle+rdist,matmul-blocked96-s1,train,matmul,matmul-blocked96,0.1,3,197283,49475,0
matmul_train,matmul,ref+sfreq+age+dirty,matmul-blocked96-s1,train,matmul,matmul-blocked96,0.1,3,197283,49475,0
matmul_train,matmul,ref+sfreq+age+refaults,matmul-blocked96-s1,train,matmul,matmul-blocked96,0.1,3,197283,49475,0
matmul_train,matmul,ref+sfreq+age+rdist,matmul-blocked96-s1,train,matmul,matmul-blocked96,0.1,3,197283,49475,0
matmul_train,matmul,ref+sfreq+dirty+refaults,matmul-blocked96-s1,train,matmul,matmul-blocked96,0.1,3,197283,49475,0
matmul_train,matmul,ref+sfreq+dirty+rdist,matmul-blocked96-s1,train,matmul,matmul-blocked96,0.1,3,197283,49475,0
matmul_train,matmul,ref+sfreq+refaults+rdist,matmul-blocked96-s1,train,matmul,matmul-blocked96,0.1,3,197283,49475,0
matmul_train,matmul,ref+idle+age+dirty,matmul-blocked96-s1,train,matmul,matmul-blocked96,0.1,3,197283,49475,0
matmul_train,matmul,ref+idle+age+refaults,matmul-blocked96-s1,train,matmul,matmul-blocked96,0.1,3,197283,49475,0
matmul_train,matmul,ref+idle+age+rdist,matmul-blocked96-s1,train,matmul,matmul-blocked96,0.1,3,197283,49475,0
matmul_train,matmul,ref+idle+dirty+refaults,matmul-blocked96-s1,train,matmul,matmul-blocked96,0.1,3,197283,49475,0
matmul_train,matmul,ref+idle+dirty+rdist,matmul-blocked96-s1,train,matmul,matmul-blocked96,0.1,3,197283,49475,0
matmul_train,matmul,ref+idle+refaults+rdist,matmul-blocked96-s1,train,matmul,matmul-blocked96,0.1,3,197283,49475,0
matmul_train,matmul,ref+age+dirty+refaults,matmul-blocked96-s1,train,matmul,matmul-blocked96,0.1,3,197283,49475,0
matmul_train,matmul,ref+age+dirty+rdist,matmul-blocked96-s1,train,matmul,matmul-blocked96,0.1,3,197283,49475,0
matmul_train,matmul,ref+age+refaults+rdist,matmul-blocked96-s1,train,matmul,matmul-blocked96,0.1,3,197283,49475,0
matmul_train,matmul,ref+dirty+refaults+rdist,matmul-blocked96-s1,train,matmul,matmul-blocked96,0.1,3,197283,49475,0
matmul_train,matmul,aging+sfreq+idle+age,matmul-blocked96-s1,train,matmul,matmul-blocked96,0.1,3,197283,49475,0
matmul_train,matmul,aging+sfreq+idle+dirty,matmul-blocked96-s1,train,matmul,matmul-blocked96,0.1,3,197283,49475,0
matmul_train,matmul,aging+sfreq+idle+refaults,matmul-blocked96-s1,train,matmul,matmul-blocked96,0.1,3,197283,49475,0
matmul_train,matmul,aging+sfreq+idle+rdist,matmul-blocked96-s1,train,matmul,matmul-blocked96,0.1,3,197283,49475,0
matmul_train,matmul,aging+sfreq+age+dirty,matmul-blocked96-s1,train,matmul,matmul-blocked96,0.1,3,197283,49475,0
matmul_train,matmul,aging+sfreq+age+refaults,matmul-blocked96-s1,train,matmul,matmul-blocked96,0.1,3,197283,49475,0
matmul_train,matmul,aging+sfreq+age+rdist,matmul-blocked96-s1,train,matmul,matmul-blocked96,0.1,3,197283,49475,0
matmul_train,matmul,aging+sfreq+dirty+refaults,matmul-blocked96-s1,train,matmul,matmul-blocked96,0.1,3,197283,49475,0
matmul_train,matmul,aging+sfreq+dirty+rdist,matmul-blocked96-s1,train,matmul,matmul-blocked96,0.1,3,197283,49475,0
matmul_train,matmul,aging+sfreq+refaults+rdist,matmul-blocked96-s1,train,matmul,matmul-blocked96,0.1,3,197283,49475,0
matmul_train,matmul,aging+idle+age+dirty,matmul-blocked96-s1,train,matmul,matmul-blocked96,0.1,3,197283,49475,0
matmul_train,matmul,aging+idle+age+refaults,matmul-blocked96-s1,train,matmul,matmul-blocked96,0.1,3,197283,49475,0
matmul_train,matmul,aging+idle+age+rdist,matmul-blocked96-s1,train,matmul,matmul-blocked96,0.1,3,197283,49475,0
matmul_train,matmul,aging+idle+dirty+refaults,matmul-blocked96-s1,train,matmul,matmul-blocked96,0.1,3,197283,49475,0
matmul_train,matmul,aging+idle+dirty+rdist,matmul-blocked96-s1,train,matmul,matmul-blocked96,0.1,3,197283,49475,0
matmul_train,matmul,aging+idle+refaults+rdist,matmul-blocked96-s1,train,matmul,matmul-blocked96,0.1,3,197283,49475,0
matmul_train,matmul,aging+age+dirty+refaults,matmul-blocked96-s1,train,matmul,matmul-blocked96,0.1,3,197283,49475,0
matmul_train,matmul,aging+age+dirty+rdist,matmul-blocked96-s1,train,matmul,matmul-blocked96,0.1,3,197283,49475,0
matmul_train,matmul,aging+age+refaults+rdist,matmul-blocked96-s1,train,matmul,matmul-blocked96,0.1,3,197283,49475,0
matmul_train,matmul,aging+dirty+refaults+rdist,matmul-blocked96-s1,train,matmul,matmul-blocked96,0.1,3,197283,49475,0
matmul_train,matmul,sfreq+idle+age+dirty,matmul-blocked96-s1,train,matmul,matmul-blocked96,0.1,3,197283,49475,0
matmul_train,matmul,sfreq+idle+age+refaults,matmul-blocked96-s1,train,matmul,matmul-blocked96,0.1,3,197283,49475,0
matmul_train,matmul,sfreq+idle+age+rdist,matmul-blocked96-s1,train,matmul,matmul-blocked96,0.1,3,197283,49475,0
matmul_train,matmul,sfreq+idle+dirty+refaults,matmul-blocked96-s1,train,matmul,matmul-blocked96,0.1,3,197283,49475,0
matmul_train,matmul,sfreq+idle+dirty+rdist,matmul-blocked96-s1,train,matmul,matmul-blocked96,0.1,3,197283,49475,0
matmul_train,matmul,sfreq+idle+refaults+rdist,matmul-blocked96-s1,train,matmul,matmul-blocked96,0.1,3,197283,49475,0
matmul_train,matmul,sfreq+age+dirty+refaults,matmul-blocked96-s1,train,matmul,matmul-blocked96,0.1,3,197283,49475,0
matmul_train,matmul,sfreq+age+dirty+rdist,matmul-blocked96-s1,train,matmul,matmul-blocked96,0.1,3,197283,49475,0
matmul_train,matmul,sfreq+age+refaults+rdist,matmul-blocked96-s1,train,matmul,matmul-blocked96,0.1,3,197283,49475,0
matmul_train,matmul,sfreq+dirty+refaults+rdist,matmul-blocked96-s1,train,matmul,matmul-blocked96,0.1,3,197283,49475,0
matmul_train,matmul,idle+age+dirty+refaults,matmul-blocked96-s1,train,matmul,matmul-blocked96,0.1,3,197283,49475,0
matmul_train,matmul,idle+age+dirty+rdist,matmul-blocked96-s1,train,matmul,matmul-blocked96,0.1,3,197283,49475,0
matmul_train,matmul,idle+age+refaults+rdist,matmul-blocked96-s1,train,matmul,matmul-blocked96,0.1,3,197283,49475,0
matmul_train,matmul,idle+dirty+refaults+rdist,matmul-blocked96-s1,train,matmul,matmul-blocked96,0.1,3,197283,49475,0
matmul_train,matmul,age+dirty+refaults+rdist,matmul-blocked96-s1,train,matmul,matmul-blocked96,0.1,3,197283,49475,0
matmul_train,matmul,ref+aging+sfreq+idle+age,matmul-blocked96-s1,train,matmul,matmul-blocked96,0.1,3,197283,49475,0
matmul_train,matmul,ref+aging+sfreq+idle+dirty,matmul-blocked96-s1,train,matmul,matmul-blocked96,0.1,3,197283,49475,0
matmul_train,matmul,ref+aging+sfreq+idle+refaults,matmul-blocked96-s1,train,matmul,matmul-blocked96,0.1,3,197283,49475,0
matmul_train,matmul,ref+aging+sfreq+idle+rdist,matmul-blocked96-s1,train,matmul,matmul-blocked96,0.1,3,197283,49475,0
matmul_train,matmul,ref+aging+sfreq+age+dirty,matmul-blocked96-s1,train,matmul,matmul-blocked96,0.1,3,197283,49475,0
matmul_train,matmul,ref+aging+sfreq+age+refaults,matmul-blocked96-s1,train,matmul,matmul-blocked96,0.1,3,197283,49475,0
matmul_train,matmul,ref+aging+sfreq+age+rdist,matmul-blocked96-s1,train,matmul,matmul-blocked96,0.1,3,197283,49475,0
matmul_train,matmul,ref+aging+sfreq+dirty+refaults,matmul-blocked96-s1,train,matmul,matmul-blocked96,0.1,3,197283,49475,0
matmul_train,matmul,ref+aging+sfreq+dirty+rdist,matmul-blocked96-s1,train,matmul,matmul-blocked96,0.1,3,197283,49475,0
matmul_train,matmul,ref+aging+sfreq+refaults+rdist,matmul-blocked96-s1,train,matmul,matmul-blocked96,0.1,3,197283,49475,0
matmul_train,matmul,ref+aging+idle+age+dirty,matmul-blocked96-s1,train,matmul,matmul-blocked96,0.1,3,197283,49475,0
matmul_train,matmul,ref+aging+idle+age+refaults,matmul-blocked96-s1,train,matmul,matmul-blocked96,0.1,3,197283,49475,0
matmul_train,matmul,ref+aging+idle+age+rdist,matmul-blocked96-s1,train,matmul,matmul-blocked96,0.1,3,197283,49475,0
matmul_train,matmul,ref+aging+idle+dirty+refaults,matmul-blocked96-s1,train,matmul,matmul-blocked96,0.1,3,197283,49475,0
matmul_train,matmul,ref+aging+idle+dirty+rdist,matmul-blocked96-s1,train,matmul,matmul-blocked96,0.1,3,197283,49475,0
matmul_train,matmul,ref+aging+idle+refaults+rdist,matmul-blocked96-s1,train,matmul,matmul-blocked96,0.1,3,197283,49475,0
matmul_train,matmul,ref+aging+age+dirty+refaults,matmul-blocked96-s1,train,matmul,matmul-blocked96,0.1,3,197283,49475,0
matmul_train,matmul,ref+aging+age+dirty+rdist,matmul-blocked96-s1,train,matmul,matmul-blocked96,0.1,3,197283,49475,0
matmul_train,matmul,ref+aging+age+refaults+rdist,matmul-blocked96-s1,train,matmul,matmul-blocked96,0.1,3,197283,49475,0
matmul_train,matmul,ref+aging+dirty+refaults+rdist,matmul-blocked96-s1,train,matmul,matmul-blocked96,0.1,3,197283,49475,0
matmul_train,matmul,ref+sfreq+idle+age+dirty,matmul-blocked96-s1,train,matmul,matmul-blocked96,0.1,3,197283,49475,0
matmul_train,matmul,ref+sfreq+idle+age+refaults,matmul-blocked96-s1,train,matmul,matmul-blocked96,0.1,3,197283,49475,0
matmul_train,matmul,ref+sfreq+idle+age+rdist,matmul-blocked96-s1,train,matmul,matmul-blocked96,0.1,3,197283,49475,0
matmul_train,matmul,ref+sfreq+idle+dirty+refaults,matmul-blocked96-s1,train,matmul,matmul-blocked96,0.1,3,197283,49475,0
matmul_train,matmul,ref+sfreq+idle+dirty+rdist,matmul-blocked96-s1,train,matmul,matmul-blocked96,0.1,3,197283,49475,0
matmul_train,matmul,ref+sfreq+idle+refaults+rdist,matmul-blocked96-s1,train,matmul,matmul-blocked96,0.1,3,197283,49475,0
matmul_train,matmul,ref+sfreq+age+dirty+refaults,matmul-blocked96-s1,train,matmul,matmul-blocked96,0.1,3,197283,49475,0
matmul_train,matmul,ref+sfreq+age+dirty+rdist,matmul-blocked96-s1,train,matmul,matmul-blocked96,0.1,3,197283,49475,0
matmul_train,matmul,ref+sfreq+age+refaults+rdist,matmul-blocked96-s1,train,matmul,matmul-blocked96,0.1,3,197283,49475,0
matmul_train,matmul,ref+sfreq+dirty+refaults+rdist,matmul-blocked96-s1,train,matmul,matmul-blocked96,0.1,3,197283,49475,0
matmul_train,matmul,ref+idle+age+dirty+refaults,matmul-blocked96-s1,train,matmul,matmul-blocked96,0.1,3,197283,49475,0
matmul_train,matmul,ref+idle+age+dirty+rdist,matmul-blocked96-s1,train,matmul,matmul-blocked96,0.1,3,197283,49475,0
matmul_train,matmul,ref+idle+age+refaults+rdist,matmul-blocked96-s1,train,matmul,matmul-blocked96,0.1,3,197283,49475,0
matmul_train,matmul,ref+idle+dirty+refaults+rdist,matmul-blocked96-s1,train,matmul,matmul-blocked96,0.1,3,197283,49475,0
matmul_train,matmul,ref+age+dirty+refaults+rdist,matmul-blocked96-s1,train,matmul,matmul-blocked96,0.1,3,197283,49475,0
matmul_train,matmul,aging+sfreq+idle+age+dirty,matmul-blocked96-s1,train,matmul,matmul-blocked96,0.1,3,197283,49475,0
matmul_train,matmul,aging+sfreq+idle+age+refaults,matmul-blocked96-s1,train,matmul,matmul-blocked96,0.1,3,197283,49475,0
matmul_train,matmul,aging+sfreq+idle+age+rdist,matmul-blocked96-s1,train,matmul,matmul-blocked96,0.1,3,197283,49475,0
matmul_train,matmul,aging+sfreq+idle+dirty+refaults,matmul-blocked96-s1,train,matmul,matmul-blocked96,0.1,3,197283,49475,0
matmul_train,matmul,aging+sfreq+idle+dirty+rdist,matmul-blocked96-s1,train,matmul,matmul-blocked96,0.1,3,197283,49475,0
matmul_train,matmul,aging+sfreq+idle+refaults+rdist,matmul-blocked96-s1,train,matmul,matmul-blocked96,0.1,3,197283,49475,0
matmul_train,matmul,aging+sfreq+age+dirty+refaults,matmul-blocked96-s1,train,matmul,matmul-blocked96,0.1,3,197283,49475,0
matmul_train,matmul,aging+sfreq+age+dirty+rdist,matmul-blocked96-s1,train,matmul,matmul-blocked96,0.1,3,197283,49475,0
matmul_train,matmul,aging+sfreq+age+refaults+rdist,matmul-blocked96-s1,train,matmul,matmul-blocked96,0.1,3,197283,49475,0
matmul_train,matmul,aging+sfreq+dirty+refaults+rdist,matmul-blocked96-s1,train,matmul,matmul-blocked96,0.1,3,197283,49475,0
matmul_train,matmul,aging+idle+age+dirty+refaults,matmul-blocked96-s1,train,matmul,matmul-blocked96,0.1,3,197283,49475,0
matmul_train,matmul,aging+idle+age+dirty+rdist,matmul-blocked96-s1,train,matmul,matmul-blocked96,0.1,3,197283,49475,0
matmul_train,matmul,aging+idle+age+refaults+rdist,matmul-blocked96-s1,train,matmul,matmul-blocked96,0.1,3,197283,49475,0
matmul_train,matmul,aging+idle+dirty+refaults+rdist,matmul-blocked96-s1,train,matmul,matmul-blocked96,0.1,3,197283,49475,0
matmul_train,matmul,aging+age+dirty+refaults+rdist,matmul-blocked96-s1,train,matmul,matmul-blocked96,0.1,3,197283,49475,0
matmul_train,matmul,sfreq+idle+age+dirty+refaults,matmul-blocked96-s1,train,matmul,matmul-blocked96,0.1,3,197283,49475,0
matmul_train,matmul,sfreq+idle+age+dirty+rdist,matmul-blocked96-s1,train,matmul,matmul-blocked96,0.1,3,197283,49475,0
matmul_train,matmul,sfreq+idle+age+refaults+rdist,matmul-blocked96-s1,train,matmul,matmul-blocked96,0.1,3,197283,49475,0
matmul_train,matmul,sfreq+idle+dirty+refaults+rdist,matmul-blocked96-s1,train,matmul,matmul-blocked96,0.1,3,197283,49475,0
matmul_train,matmul,sfreq+age+dirty+refaults+rdist,matmul-blocked96-s1,train,matmul,matmul-blocked96,0.1,3,197283,49475,0
matmul_train,matmul,idle+age+dirty+refaults+rdist,matmul-blocked96-s1,train,matmul,matmul-blocked96,0.1,3,197283,49475,0
matmul_train,matmul,ref+aging+sfreq+idle+age+dirty,matmul-blocked96-s1,train,matmul,matmul-blocked96,0.1,3,197283,49475,0
matmul_train,matmul,ref+aging+sfreq+idle+age+refaults,matmul-blocked96-s1,train,matmul,matmul-blocked96,0.1,3,197283,49475,0
matmul_train,matmul,ref+aging+sfreq+idle+age+rdist,matmul-blocked96-s1,train,matmul,matmul-blocked96,0.1,3,197283,49475,0
matmul_train,matmul,ref+aging+sfreq+idle+dirty+refaults,matmul-blocked96-s1,train,matmul,matmul-blocked96,0.1,3,197283,49475,0
matmul_train,matmul,ref+aging+sfreq+idle+dirty+rdist,matmul-blocked96-s1,train,matmul,matmul-blocked96,0.1,3,197283,49475,0
matmul_train,matmul,ref+aging+sfreq+idle+refaults+rdist,matmul-blocked96-s1,train,matmul,matmul-blocked96,0.1,3,197283,49475,0
matmul_train,matmul,ref+aging+sfreq+age+dirty+refaults,matmul-blocked96-s1,train,matmul,matmul-blocked96,0.1,3,197283,49475,0
matmul_train,matmul,ref+aging+sfreq+age+dirty+rdist,matmul-blocked96-s1,train,matmul,matmul-blocked96,0.1,3,197283,49475,0
matmul_train,matmul,ref+aging+sfreq+age+refaults+rdist,matmul-blocked96-s1,train,matmul,matmul-blocked96,0.1,3,197283,49475,0
matmul_train,matmul,ref+aging+sfreq+dirty+refaults+rdist,matmul-blocked96-s1,train,matmul,matmul-blocked96,0.1,3,197283,49475,0
matmul_train,matmul,ref+aging+idle+age+dirty+refaults,matmul-blocked96-s1,train,matmul,matmul-blocked96,0.1,3,197283,49475,0
matmul_train,matmul,ref+aging+idle+age+dirty+rdist,matmul-blocked96-s1,train,matmul,matmul-blocked96,0.1,3,197283,49475,0
matmul_train,matmul,ref+aging+idle+age+refaults+rdist,matmul-blocked96-s1,train,matmul,matmul-blocked96,0.1,3,197283,49475,0
matmul_train,matmul,ref+aging+idle+dirty+refaults+rdist,matmul-blocked96-s1,train,matmul,matmul-blocked96,0.1,3,197283,49475,0
matmul_train,matmul,ref+aging+age+dirty+refaults+rdist,matmul-blocked96-s1,train,matmul,matmul-blocked96,0.1,3,197283,49475,0
matmul_train,matmul,ref+sfreq+idle+age+dirty+refaults,matmul-blocked96-s1,train,matmul,matmul-blocked96,0.1,3,197283,49475,0
matmul_train,matmul,ref+sfreq+idle+age+dirty+rdist,matmul-blocked96-s1,train,matmul,matmul-blocked96,0.1,3,197283,49475,0
matmul_train,matmul,ref+sfreq+idle+age+refaults+rdist,matmul-blocked96-s1,train,matmul,matmul-blocked96,0.1,3,197283,49475,0
matmul_train,matmul,ref+sfreq+idle+dirty+refaults+rdist,matmul-blocked96-s1,train,matmul,matmul-blocked96,0.1,3,197283,49475,0
matmul_train,matmul,ref+sfreq+age+dirty+refaults+rdist,matmul-blocked96-s1,train,matmul,matmul-blocked96,0.1,3,197283,49475,0
matmul_train,matmul,ref+idle+age+dirty+refaults+rdist,matmul-blocked96-s1,train,matmul,matmul-blocked96,0.1,3,197283,49475,0
matmul_train,matmul,aging+sfreq+idle+age+dirty+refaults,matmul-blocked96-s1,train,matmul,matmul-blocked96,0.1,3,197283,49475,0
matmul_train,matmul,aging+sfreq+idle+age+dirty+rdist,matmul-blocked96-s1,train,matmul,matmul-blocked96,0.1,3,197283,49475,0
matmul_train,matmul,aging+sfreq+idle+age+refaults+rdist,matmul-blocked96-s1,train,matmul,matmul-blocked96,0.1,3,197283,49475,0
matmul_train,matmul,aging+sfreq+idle+dirty+refaults+rdist,matmul-blocked96-s1,train,matmul,matmul-blocked96,0.1,3,197283,49475,0
matmul_train,matmul,aging+sfreq+age+dirty+refaults+rdist,matmul-blocked96-s1,train,matmul,matmul-blocked96,0.1,3,197283,49475,0
matmul_train,matmul,aging+idle+age+dirty+refaults+rdist,matmul-blocked96-s1,train,matmul,matmul-blocked96,0.1,3,197283,49475,0
matmul_train,matmul,sfreq+idle+age+dirty+refaults+rdist,matmul-blocked96-s1,train,matmul,matmul-blocked96,0.1,3,197283,49475,0
matmul_train,matmul,ref+aging+sfreq+idle+age+dirty+refaults,matmul-blocked96-s1,train,matmul,matmul-blocked96,0.1,3,197283,49475,0
matmul_train,matmul,ref+aging+sfreq+idle+age+dirty+rdist,matmul-blocked96-s1,train,matmul,matmul-blocked96,0.1,3,197283,49475,0
matmul_train,matmul,ref+aging+sfreq+idle+age+refaults+rdist,matmul-blocked96-s1,train,matmul,matmul-blocked96,0.1,3,197283,49475,0
matmul_train,matmul,ref+aging+sfreq+idle+dirty+refaults+rdist,matmul-blocked96-s1,train,matmul,matmul-blocked96,0.1,3,197283,49475,0
matmul_train,matmul,ref+aging+sfreq+age+dirty+refaults+rdist,matmul-blocked96-s1,train,matmul,matmul-blocked96,0.1,3,197283,49475,0
matmul_train,matmul,ref+aging+idle+age+dirty+refaults+rdist,matmul-blocked96-s1,train,matmul,matmul-blocked96,0.1,3,197283,49475,0
matmul_train,matmul,ref+sfreq+idle+age+dirty+refaults+rdist,matmul-blocked96-s1,train,matmul,matmul-blocked96,0.1,3,197283,49475,0
matmul_train,matmul,aging+sfreq+idle+age+dirty+refaults+rdist,matmul-blocked96-s1,train,matmul,matmul-blocked96,0.1,3,197283,49475,0
matmul_train,matmul,ref+aging+sfreq+idle+age+dirty+refaults+rdist,matmul-blocked96-s1,train,matmul,matmul-blocked96,0.1,3,197283,49475,0
matmul_train,matmul,rec+ref+aging+sfreq+idle+age+dirty,matmul-blocked96-s1,train,matmul,matmul-blocked96,0.1,3,197283,49475,0
matmul_train,matmul,rec+ref+aging+sfreq+idle+age+dirty+refaults+rdist,matmul-blocked96-s1,train,matmul,matmul-blocked96,0.1,3,197283,49475,0
matmul_train,matmul,freq+ref+aging+sfreq+idle+age+dirty,matmul-blocked96-s1,train,matmul,matmul-blocked96,0.1,3,197283,49475,0
matmul_train,matmul,freq+ref+aging+sfreq+idle+age+dirty+refaults+rdist,matmul-blocked96-s1,train,matmul,matmul-blocked96,0.1,3,197283,49475,0
matmul_train,matmul,sd+ref+aging+sfreq+idle+age+dirty,matmul-blocked96-s1,train,matmul,matmul-blocked96,0.1,3,197283,49475,0
matmul_train,matmul,sd+ref+aging+sfreq+idle+age+dirty+refaults+rdist,matmul-blocked96-s1,train,matmul,matmul-blocked96,0.1,3,197283,49475,0
matmul_train,matmul,wr+ref+aging+sfreq+idle+age+dirty,matmul-blocked96-s1,train,matmul,matmul-blocked96,0.1,3,197283,49475,0
matmul_train,matmul,wr+ref+aging+sfreq+idle+age+dirty+refaults+rdist,matmul-blocked96-s1,train,matmul,matmul-blocked96,0.1,3,197283,49475,0
matmul_train,matmul,rec+freq+ref+aging+sfreq+idle+age+dirty,matmul-blocked96-s1,train,matmul,matmul-blocked96,0.1,3,197283,49475,0
matmul_train,matmul,rec+freq+ref+aging+sfreq+idle+age+dirty+refaults+rdist,matmul-blocked96-s1,train,matmul,matmul-blocked96,0.1,3,197283,49475,0
matmul_train,matmul,rec+sd+ref+aging+sfreq+idle+age+dirty,matmul-blocked96-s1,train,matmul,matmul-blocked96,0.1,3,197283,49475,0
matmul_train,matmul,rec+sd+ref+aging+sfreq+idle+age+dirty+refaults+rdist,matmul-blocked96-s1,train,matmul,matmul-blocked96,0.1,3,197283,49475,0
matmul_train,matmul,rec+wr+ref+aging+sfreq+idle+age+dirty,matmul-blocked96-s1,train,matmul,matmul-blocked96,0.1,3,197283,49475,0
matmul_train,matmul,rec+wr+ref+aging+sfreq+idle+age+dirty+refaults+rdist,matmul-blocked96-s1,train,matmul,matmul-blocked96,0.1,3,197283,49475,0
matmul_train,matmul,freq+sd+ref+aging+sfreq+idle+age+dirty,matmul-blocked96-s1,train,matmul,matmul-blocked96,0.1,3,197283,49475,0
matmul_train,matmul,freq+sd+ref+aging+sfreq+idle+age+dirty+refaults+rdist,matmul-blocked96-s1,train,matmul,matmul-blocked96,0.1,3,197283,49475,0
matmul_train,matmul,freq+wr+ref+aging+sfreq+idle+age+dirty,matmul-blocked96-s1,train,matmul,matmul-blocked96,0.1,3,197283,49475,0
matmul_train,matmul,freq+wr+ref+aging+sfreq+idle+age+dirty+refaults+rdist,matmul-blocked96-s1,train,matmul,matmul-blocked96,0.1,3,197283,49475,0
matmul_train,matmul,sd+wr+ref+aging+sfreq+idle+age+dirty,matmul-blocked96-s1,train,matmul,matmul-blocked96,0.1,3,197283,49475,0
matmul_train,matmul,sd+wr+ref+aging+sfreq+idle+age+dirty+refaults+rdist,matmul-blocked96-s1,train,matmul,matmul-blocked96,0.1,3,197283,49475,0
matmul_train,matmul,rec+freq+sd+ref+aging+sfreq+idle+age+dirty,matmul-blocked96-s1,train,matmul,matmul-blocked96,0.1,3,197283,49475,0
matmul_train,matmul,rec+freq+sd+ref+aging+sfreq+idle+age+dirty+refaults+rdist,matmul-blocked96-s1,train,matmul,matmul-blocked96,0.1,3,197283,49475,0
matmul_train,matmul,rec+freq+wr+ref+aging+sfreq+idle+age+dirty,matmul-blocked96-s1,train,matmul,matmul-blocked96,0.1,3,197283,49475,0
matmul_train,matmul,rec+freq+wr+ref+aging+sfreq+idle+age+dirty+refaults+rdist,matmul-blocked96-s1,train,matmul,matmul-blocked96,0.1,3,197283,49475,0
matmul_train,matmul,rec+sd+wr+ref+aging+sfreq+idle+age+dirty,matmul-blocked96-s1,train,matmul,matmul-blocked96,0.1,3,197283,49475,0
matmul_train,matmul,rec+sd+wr+ref+aging+sfreq+idle+age+dirty+refaults+rdist,matmul-blocked96-s1,train,matmul,matmul-blocked96,0.1,3,197283,49475,0
matmul_train,matmul,freq+sd+wr+ref+aging+sfreq+idle+age+dirty,matmul-blocked96-s1,train,matmul,matmul-blocked96,0.1,3,197283,49475,0
matmul_train,matmul,freq+sd+wr+ref+aging+sfreq+idle+age+dirty+refaults+rdist,matmul-blocked96-s1,train,matmul,matmul-blocked96,0.1,3,197283,49475,0
matmul_train,matmul,rec+freq+sd+wr+ref+aging+sfreq+idle+age+dirty,matmul-blocked96-s1,train,matmul,matmul-blocked96,0.1,3,197283,49475,0
matmul_train,matmul,rec+freq+sd+wr+ref+aging+sfreq+idle+age+dirty+refaults+rdist,matmul-blocked96-s1,train,matmul,matmul-blocked96,0.1,3,197283,49475,0
matmul_train,global,rec,matmul-blocked96-s1,train,matmul,matmul-blocked96,0.1,3,197283,49475,0
matmul_train,global,freq,matmul-blocked96-s1,train,matmul,matmul-blocked96,0.1,3,197283,49475,0
matmul_train,global,sd,matmul-blocked96-s1,train,matmul,matmul-blocked96,0.1,3,197283,49475,0
matmul_train,global,wr,matmul-blocked96-s1,train,matmul,matmul-blocked96,0.1,3,197283,49475,0
matmul_train,global,rec+freq,matmul-blocked96-s1,train,matmul,matmul-blocked96,0.1,3,197283,49475,0
matmul_train,global,rec+sd,matmul-blocked96-s1,train,matmul,matmul-blocked96,0.1,3,197283,49475,0
matmul_train,global,rec+wr,matmul-blocked96-s1,train,matmul,matmul-blocked96,0.1,3,197283,49475,0
matmul_train,global,freq+sd,matmul-blocked96-s1,train,matmul,matmul-blocked96,0.1,3,197283,49475,0
matmul_train,global,freq+wr,matmul-blocked96-s1,train,matmul,matmul-blocked96,0.1,3,197283,49475,0
matmul_train,global,sd+wr,matmul-blocked96-s1,train,matmul,matmul-blocked96,0.1,3,197283,49475,0
matmul_train,global,rec+freq+sd,matmul-blocked96-s1,train,matmul,matmul-blocked96,0.1,3,197283,49475,0
matmul_train,global,rec+freq+wr,matmul-blocked96-s1,train,matmul,matmul-blocked96,0.1,3,197283,49475,0
matmul_train,global,rec+sd+wr,matmul-blocked96-s1,train,matmul,matmul-blocked96,0.1,3,197283,49475,0
matmul_train,global,freq+sd+wr,matmul-blocked96-s1,train,matmul,matmul-blocked96,0.1,3,197283,49475,0
matmul_train,global,rec+freq+sd+wr,matmul-blocked96-s1,train,matmul,matmul-blocked96,0.1,3,197283,49475,0
matmul_train,global,ref,matmul-blocked96-s1,train,matmul,matmul-blocked96,0.1,3,197283,49475,0
matmul_train,global,aging,matmul-blocked96-s1,train,matmul,matmul-blocked96,0.1,3,197283,49475,0
matmul_train,global,sfreq,matmul-blocked96-s1,train,matmul,matmul-blocked96,0.1,3,197283,49475,0
matmul_train,global,idle,matmul-blocked96-s1,train,matmul,matmul-blocked96,0.1,3,197283,49475,0
matmul_train,global,age,matmul-blocked96-s1,train,matmul,matmul-blocked96,0.1,3,197283,49475,0
matmul_train,global,dirty,matmul-blocked96-s1,train,matmul,matmul-blocked96,0.1,3,197283,49475,0
matmul_train,global,refaults,matmul-blocked96-s1,train,matmul,matmul-blocked96,0.1,3,197283,49475,0
matmul_train,global,rdist,matmul-blocked96-s1,train,matmul,matmul-blocked96,0.1,3,197283,49475,0
matmul_train,global,ref+aging,matmul-blocked96-s1,train,matmul,matmul-blocked96,0.1,3,197283,49475,0
matmul_train,global,ref+sfreq,matmul-blocked96-s1,train,matmul,matmul-blocked96,0.1,3,197283,49475,0
matmul_train,global,ref+idle,matmul-blocked96-s1,train,matmul,matmul-blocked96,0.1,3,197283,49475,0
matmul_train,global,ref+age,matmul-blocked96-s1,train,matmul,matmul-blocked96,0.1,3,197283,49475,0
matmul_train,global,ref+dirty,matmul-blocked96-s1,train,matmul,matmul-blocked96,0.1,3,197283,49475,0
matmul_train,global,ref+refaults,matmul-blocked96-s1,train,matmul,matmul-blocked96,0.1,3,197283,49475,0
matmul_train,global,ref+rdist,matmul-blocked96-s1,train,matmul,matmul-blocked96,0.1,3,197283,49475,0
matmul_train,global,aging+sfreq,matmul-blocked96-s1,train,matmul,matmul-blocked96,0.1,3,197283,49475,0
matmul_train,global,aging+idle,matmul-blocked96-s1,train,matmul,matmul-blocked96,0.1,3,197283,49475,0
matmul_train,global,aging+age,matmul-blocked96-s1,train,matmul,matmul-blocked96,0.1,3,197283,49475,0
matmul_train,global,aging+dirty,matmul-blocked96-s1,train,matmul,matmul-blocked96,0.1,3,197283,49475,0
matmul_train,global,aging+refaults,matmul-blocked96-s1,train,matmul,matmul-blocked96,0.1,3,197283,49475,0
matmul_train,global,aging+rdist,matmul-blocked96-s1,train,matmul,matmul-blocked96,0.1,3,197283,49475,0
matmul_train,global,sfreq+idle,matmul-blocked96-s1,train,matmul,matmul-blocked96,0.1,3,197283,49475,0
matmul_train,global,sfreq+age,matmul-blocked96-s1,train,matmul,matmul-blocked96,0.1,3,197283,49475,0
matmul_train,global,sfreq+dirty,matmul-blocked96-s1,train,matmul,matmul-blocked96,0.1,3,197283,49475,0
matmul_train,global,sfreq+refaults,matmul-blocked96-s1,train,matmul,matmul-blocked96,0.1,3,197283,49475,0
matmul_train,global,sfreq+rdist,matmul-blocked96-s1,train,matmul,matmul-blocked96,0.1,3,197283,49475,0
matmul_train,global,idle+age,matmul-blocked96-s1,train,matmul,matmul-blocked96,0.1,3,197283,49475,0
matmul_train,global,idle+dirty,matmul-blocked96-s1,train,matmul,matmul-blocked96,0.1,3,197283,49475,0
matmul_train,global,idle+refaults,matmul-blocked96-s1,train,matmul,matmul-blocked96,0.1,3,197283,49475,0
matmul_train,global,idle+rdist,matmul-blocked96-s1,train,matmul,matmul-blocked96,0.1,3,197283,49475,0
matmul_train,global,age+dirty,matmul-blocked96-s1,train,matmul,matmul-blocked96,0.1,3,197283,49475,0
matmul_train,global,age+refaults,matmul-blocked96-s1,train,matmul,matmul-blocked96,0.1,3,197283,49475,0
matmul_train,global,age+rdist,matmul-blocked96-s1,train,matmul,matmul-blocked96,0.1,3,197283,49475,0
matmul_train,global,dirty+refaults,matmul-blocked96-s1,train,matmul,matmul-blocked96,0.1,3,197283,49475,0
matmul_train,global,dirty+rdist,matmul-blocked96-s1,train,matmul,matmul-blocked96,0.1,3,197283,49475,0
matmul_train,global,refaults+rdist,matmul-blocked96-s1,train,matmul,matmul-blocked96,0.1,3,197283,49475,0
matmul_train,global,ref+aging+sfreq,matmul-blocked96-s1,train,matmul,matmul-blocked96,0.1,3,197283,49475,0
matmul_train,global,ref+aging+idle,matmul-blocked96-s1,train,matmul,matmul-blocked96,0.1,3,197283,49475,0
matmul_train,global,ref+aging+age,matmul-blocked96-s1,train,matmul,matmul-blocked96,0.1,3,197283,49475,0
matmul_train,global,ref+aging+dirty,matmul-blocked96-s1,train,matmul,matmul-blocked96,0.1,3,197283,49475,0
matmul_train,global,ref+aging+refaults,matmul-blocked96-s1,train,matmul,matmul-blocked96,0.1,3,197283,49475,0
matmul_train,global,ref+aging+rdist,matmul-blocked96-s1,train,matmul,matmul-blocked96,0.1,3,197283,49475,0
matmul_train,global,ref+sfreq+idle,matmul-blocked96-s1,train,matmul,matmul-blocked96,0.1,3,197283,49475,0
matmul_train,global,ref+sfreq+age,matmul-blocked96-s1,train,matmul,matmul-blocked96,0.1,3,197283,49475,0
matmul_train,global,ref+sfreq+dirty,matmul-blocked96-s1,train,matmul,matmul-blocked96,0.1,3,197283,49475,0
matmul_train,global,ref+sfreq+refaults,matmul-blocked96-s1,train,matmul,matmul-blocked96,0.1,3,197283,49475,0
matmul_train,global,ref+sfreq+rdist,matmul-blocked96-s1,train,matmul,matmul-blocked96,0.1,3,197283,49475,0
matmul_train,global,ref+idle+age,matmul-blocked96-s1,train,matmul,matmul-blocked96,0.1,3,197283,49475,0
matmul_train,global,ref+idle+dirty,matmul-blocked96-s1,train,matmul,matmul-blocked96,0.1,3,197283,49475,0
matmul_train,global,ref+idle+refaults,matmul-blocked96-s1,train,matmul,matmul-blocked96,0.1,3,197283,49475,0
matmul_train,global,ref+idle+rdist,matmul-blocked96-s1,train,matmul,matmul-blocked96,0.1,3,197283,49475,0
matmul_train,global,ref+age+dirty,matmul-blocked96-s1,train,matmul,matmul-blocked96,0.1,3,197283,49475,0
matmul_train,global,ref+age+refaults,matmul-blocked96-s1,train,matmul,matmul-blocked96,0.1,3,197283,49475,0
matmul_train,global,ref+age+rdist,matmul-blocked96-s1,train,matmul,matmul-blocked96,0.1,3,197283,49475,0
matmul_train,global,ref+dirty+refaults,matmul-blocked96-s1,train,matmul,matmul-blocked96,0.1,3,197283,49475,0
matmul_train,global,ref+dirty+rdist,matmul-blocked96-s1,train,matmul,matmul-blocked96,0.1,3,197283,49475,0
matmul_train,global,ref+refaults+rdist,matmul-blocked96-s1,train,matmul,matmul-blocked96,0.1,3,197283,49475,0
matmul_train,global,aging+sfreq+idle,matmul-blocked96-s1,train,matmul,matmul-blocked96,0.1,3,197283,49475,0
matmul_train,global,aging+sfreq+age,matmul-blocked96-s1,train,matmul,matmul-blocked96,0.1,3,197283,49475,0
matmul_train,global,aging+sfreq+dirty,matmul-blocked96-s1,train,matmul,matmul-blocked96,0.1,3,197283,49475,0
matmul_train,global,aging+sfreq+refaults,matmul-blocked96-s1,train,matmul,matmul-blocked96,0.1,3,197283,49475,0
matmul_train,global,aging+sfreq+rdist,matmul-blocked96-s1,train,matmul,matmul-blocked96,0.1,3,197283,49475,0
matmul_train,global,aging+idle+age,matmul-blocked96-s1,train,matmul,matmul-blocked96,0.1,3,197283,49475,0
matmul_train,global,aging+idle+dirty,matmul-blocked96-s1,train,matmul,matmul-blocked96,0.1,3,197283,49475,0
matmul_train,global,aging+idle+refaults,matmul-blocked96-s1,train,matmul,matmul-blocked96,0.1,3,197283,49475,0
matmul_train,global,aging+idle+rdist,matmul-blocked96-s1,train,matmul,matmul-blocked96,0.1,3,197283,49475,0
matmul_train,global,aging+age+dirty,matmul-blocked96-s1,train,matmul,matmul-blocked96,0.1,3,197283,49475,0
matmul_train,global,aging+age+refaults,matmul-blocked96-s1,train,matmul,matmul-blocked96,0.1,3,197283,49475,0
matmul_train,global,aging+age+rdist,matmul-blocked96-s1,train,matmul,matmul-blocked96,0.1,3,197283,49475,0
matmul_train,global,aging+dirty+refaults,matmul-blocked96-s1,train,matmul,matmul-blocked96,0.1,3,197283,49475,0
matmul_train,global,aging+dirty+rdist,matmul-blocked96-s1,train,matmul,matmul-blocked96,0.1,3,197283,49475,0
matmul_train,global,aging+refaults+rdist,matmul-blocked96-s1,train,matmul,matmul-blocked96,0.1,3,197283,49475,0
matmul_train,global,sfreq+idle+age,matmul-blocked96-s1,train,matmul,matmul-blocked96,0.1,3,197283,49475,0
matmul_train,global,sfreq+idle+dirty,matmul-blocked96-s1,train,matmul,matmul-blocked96,0.1,3,197283,49475,0
matmul_train,global,sfreq+idle+refaults,matmul-blocked96-s1,train,matmul,matmul-blocked96,0.1,3,197283,49475,0
matmul_train,global,sfreq+idle+rdist,matmul-blocked96-s1,train,matmul,matmul-blocked96,0.1,3,197283,49475,0
matmul_train,global,sfreq+age+dirty,matmul-blocked96-s1,train,matmul,matmul-blocked96,0.1,3,197283,49475,0
matmul_train,global,sfreq+age+refaults,matmul-blocked96-s1,train,matmul,matmul-blocked96,0.1,3,197283,49475,0
matmul_train,global,sfreq+age+rdist,matmul-blocked96-s1,train,matmul,matmul-blocked96,0.1,3,197283,49475,0
matmul_train,global,sfreq+dirty+refaults,matmul-blocked96-s1,train,matmul,matmul-blocked96,0.1,3,197283,49475,0
matmul_train,global,sfreq+dirty+rdist,matmul-blocked96-s1,train,matmul,matmul-blocked96,0.1,3,197283,49475,0
matmul_train,global,sfreq+refaults+rdist,matmul-blocked96-s1,train,matmul,matmul-blocked96,0.1,3,197283,49475,0
matmul_train,global,idle+age+dirty,matmul-blocked96-s1,train,matmul,matmul-blocked96,0.1,3,197283,49475,0
matmul_train,global,idle+age+refaults,matmul-blocked96-s1,train,matmul,matmul-blocked96,0.1,3,197283,49475,0
matmul_train,global,idle+age+rdist,matmul-blocked96-s1,train,matmul,matmul-blocked96,0.1,3,197283,49475,0
matmul_train,global,idle+dirty+refaults,matmul-blocked96-s1,train,matmul,matmul-blocked96,0.1,3,197283,49475,0
matmul_train,global,idle+dirty+rdist,matmul-blocked96-s1,train,matmul,matmul-blocked96,0.1,3,197283,49475,0
matmul_train,global,idle+refaults+rdist,matmul-blocked96-s1,train,matmul,matmul-blocked96,0.1,3,197283,49475,0
matmul_train,global,age+dirty+refaults,matmul-blocked96-s1,train,matmul,matmul-blocked96,0.1,3,197283,49475,0
matmul_train,global,age+dirty+rdist,matmul-blocked96-s1,train,matmul,matmul-blocked96,0.1,3,197283,49475,0
matmul_train,global,age+refaults+rdist,matmul-blocked96-s1,train,matmul,matmul-blocked96,0.1,3,197283,49475,0
matmul_train,global,dirty+refaults+rdist,matmul-blocked96-s1,train,matmul,matmul-blocked96,0.1,3,197283,49475,0
matmul_train,global,ref+aging+sfreq+idle,matmul-blocked96-s1,train,matmul,matmul-blocked96,0.1,3,197283,49475,0
matmul_train,global,ref+aging+sfreq+age,matmul-blocked96-s1,train,matmul,matmul-blocked96,0.1,3,197283,49475,0
matmul_train,global,ref+aging+sfreq+dirty,matmul-blocked96-s1,train,matmul,matmul-blocked96,0.1,3,197283,49475,0
matmul_train,global,ref+aging+sfreq+refaults,matmul-blocked96-s1,train,matmul,matmul-blocked96,0.1,3,197283,49475,0
matmul_train,global,ref+aging+sfreq+rdist,matmul-blocked96-s1,train,matmul,matmul-blocked96,0.1,3,197283,49475,0
matmul_train,global,ref+aging+idle+age,matmul-blocked96-s1,train,matmul,matmul-blocked96,0.1,3,197283,49475,0
matmul_train,global,ref+aging+idle+dirty,matmul-blocked96-s1,train,matmul,matmul-blocked96,0.1,3,197283,49475,0
matmul_train,global,ref+aging+idle+refaults,matmul-blocked96-s1,train,matmul,matmul-blocked96,0.1,3,197283,49475,0
matmul_train,global,ref+aging+idle+rdist,matmul-blocked96-s1,train,matmul,matmul-blocked96,0.1,3,197283,49475,0
matmul_train,global,ref+aging+age+dirty,matmul-blocked96-s1,train,matmul,matmul-blocked96,0.1,3,197283,49475,0
matmul_train,global,ref+aging+age+refaults,matmul-blocked96-s1,train,matmul,matmul-blocked96,0.1,3,197283,49475,0
matmul_train,global,ref+aging+age+rdist,matmul-blocked96-s1,train,matmul,matmul-blocked96,0.1,3,197283,49475,0
matmul_train,global,ref+aging+dirty+refaults,matmul-blocked96-s1,train,matmul,matmul-blocked96,0.1,3,197283,49475,0
matmul_train,global,ref+aging+dirty+rdist,matmul-blocked96-s1,train,matmul,matmul-blocked96,0.1,3,197283,49475,0
matmul_train,global,ref+aging+refaults+rdist,matmul-blocked96-s1,train,matmul,matmul-blocked96,0.1,3,197283,49475,0
matmul_train,global,ref+sfreq+idle+age,matmul-blocked96-s1,train,matmul,matmul-blocked96,0.1,3,197283,49475,0
matmul_train,global,ref+sfreq+idle+dirty,matmul-blocked96-s1,train,matmul,matmul-blocked96,0.1,3,197283,49475,0
matmul_train,global,ref+sfreq+idle+refaults,matmul-blocked96-s1,train,matmul,matmul-blocked96,0.1,3,197283,49475,0
matmul_train,global,ref+sfreq+idle+rdist,matmul-blocked96-s1,train,matmul,matmul-blocked96,0.1,3,197283,49475,0
matmul_train,global,ref+sfreq+age+dirty,matmul-blocked96-s1,train,matmul,matmul-blocked96,0.1,3,197283,49475,0
matmul_train,global,ref+sfreq+age+refaults,matmul-blocked96-s1,train,matmul,matmul-blocked96,0.1,3,197283,49475,0
matmul_train,global,ref+sfreq+age+rdist,matmul-blocked96-s1,train,matmul,matmul-blocked96,0.1,3,197283,49475,0
matmul_train,global,ref+sfreq+dirty+refaults,matmul-blocked96-s1,train,matmul,matmul-blocked96,0.1,3,197283,49475,0
matmul_train,global,ref+sfreq+dirty+rdist,matmul-blocked96-s1,train,matmul,matmul-blocked96,0.1,3,197283,49475,0
matmul_train,global,ref+sfreq+refaults+rdist,matmul-blocked96-s1,train,matmul,matmul-blocked96,0.1,3,197283,49475,0
matmul_train,global,ref+idle+age+dirty,matmul-blocked96-s1,train,matmul,matmul-blocked96,0.1,3,197283,49475,0
matmul_train,global,ref+idle+age+refaults,matmul-blocked96-s1,train,matmul,matmul-blocked96,0.1,3,197283,49475,0
matmul_train,global,ref+idle+age+rdist,matmul-blocked96-s1,train,matmul,matmul-blocked96,0.1,3,197283,49475,0
matmul_train,global,ref+idle+dirty+refaults,matmul-blocked96-s1,train,matmul,matmul-blocked96,0.1,3,197283,49475,0
matmul_train,global,ref+idle+dirty+rdist,matmul-blocked96-s1,train,matmul,matmul-blocked96,0.1,3,197283,49475,0
matmul_train,global,ref+idle+refaults+rdist,matmul-blocked96-s1,train,matmul,matmul-blocked96,0.1,3,197283,49475,0
matmul_train,global,ref+age+dirty+refaults,matmul-blocked96-s1,train,matmul,matmul-blocked96,0.1,3,197283,49475,0
matmul_train,global,ref+age+dirty+rdist,matmul-blocked96-s1,train,matmul,matmul-blocked96,0.1,3,197283,49475,0
matmul_train,global,ref+age+refaults+rdist,matmul-blocked96-s1,train,matmul,matmul-blocked96,0.1,3,197283,49475,0
matmul_train,global,ref+dirty+refaults+rdist,matmul-blocked96-s1,train,matmul,matmul-blocked96,0.1,3,197283,49475,0
matmul_train,global,aging+sfreq+idle+age,matmul-blocked96-s1,train,matmul,matmul-blocked96,0.1,3,197283,49475,0
matmul_train,global,aging+sfreq+idle+dirty,matmul-blocked96-s1,train,matmul,matmul-blocked96,0.1,3,197283,49475,0
matmul_train,global,aging+sfreq+idle+refaults,matmul-blocked96-s1,train,matmul,matmul-blocked96,0.1,3,197283,49475,0
matmul_train,global,aging+sfreq+idle+rdist,matmul-blocked96-s1,train,matmul,matmul-blocked96,0.1,3,197283,49475,0
matmul_train,global,aging+sfreq+age+dirty,matmul-blocked96-s1,train,matmul,matmul-blocked96,0.1,3,197283,49475,0
matmul_train,global,aging+sfreq+age+refaults,matmul-blocked96-s1,train,matmul,matmul-blocked96,0.1,3,197283,49475,0
matmul_train,global,aging+sfreq+age+rdist,matmul-blocked96-s1,train,matmul,matmul-blocked96,0.1,3,197283,49475,0
matmul_train,global,aging+sfreq+dirty+refaults,matmul-blocked96-s1,train,matmul,matmul-blocked96,0.1,3,197283,49475,0
matmul_train,global,aging+sfreq+dirty+rdist,matmul-blocked96-s1,train,matmul,matmul-blocked96,0.1,3,197283,49475,0
matmul_train,global,aging+sfreq+refaults+rdist,matmul-blocked96-s1,train,matmul,matmul-blocked96,0.1,3,197283,49475,0
matmul_train,global,aging+idle+age+dirty,matmul-blocked96-s1,train,matmul,matmul-blocked96,0.1,3,197283,49475,0
matmul_train,global,aging+idle+age+refaults,matmul-blocked96-s1,train,matmul,matmul-blocked96,0.1,3,197283,49475,0
matmul_train,global,aging+idle+age+rdist,matmul-blocked96-s1,train,matmul,matmul-blocked96,0.1,3,197283,49475,0
matmul_train,global,aging+idle+dirty+refaults,matmul-blocked96-s1,train,matmul,matmul-blocked96,0.1,3,197283,49475,0
matmul_train,global,aging+idle+dirty+rdist,matmul-blocked96-s1,train,matmul,matmul-blocked96,0.1,3,197283,49475,0
matmul_train,global,aging+idle+refaults+rdist,matmul-blocked96-s1,train,matmul,matmul-blocked96,0.1,3,197283,49475,0
matmul_train,global,aging+age+dirty+refaults,matmul-blocked96-s1,train,matmul,matmul-blocked96,0.1,3,197283,49475,0
matmul_train,global,aging+age+dirty+rdist,matmul-blocked96-s1,train,matmul,matmul-blocked96,0.1,3,197283,49475,0
matmul_train,global,aging+age+refaults+rdist,matmul-blocked96-s1,train,matmul,matmul-blocked96,0.1,3,197283,49475,0
matmul_train,global,aging+dirty+refaults+rdist,matmul-blocked96-s1,train,matmul,matmul-blocked96,0.1,3,197283,49475,0
matmul_train,global,sfreq+idle+age+dirty,matmul-blocked96-s1,train,matmul,matmul-blocked96,0.1,3,197283,49475,0
matmul_train,global,sfreq+idle+age+refaults,matmul-blocked96-s1,train,matmul,matmul-blocked96,0.1,3,197283,49475,0
matmul_train,global,sfreq+idle+age+rdist,matmul-blocked96-s1,train,matmul,matmul-blocked96,0.1,3,197283,49475,0
matmul_train,global,sfreq+idle+dirty+refaults,matmul-blocked96-s1,train,matmul,matmul-blocked96,0.1,3,197283,49475,0
matmul_train,global,sfreq+idle+dirty+rdist,matmul-blocked96-s1,train,matmul,matmul-blocked96,0.1,3,197283,49475,0
matmul_train,global,sfreq+idle+refaults+rdist,matmul-blocked96-s1,train,matmul,matmul-blocked96,0.1,3,197283,49475,0
matmul_train,global,sfreq+age+dirty+refaults,matmul-blocked96-s1,train,matmul,matmul-blocked96,0.1,3,197283,49475,0
matmul_train,global,sfreq+age+dirty+rdist,matmul-blocked96-s1,train,matmul,matmul-blocked96,0.1,3,197283,49475,0
matmul_train,global,sfreq+age+refaults+rdist,matmul-blocked96-s1,train,matmul,matmul-blocked96,0.1,3,197283,49475,0
matmul_train,global,sfreq+dirty+refaults+rdist,matmul-blocked96-s1,train,matmul,matmul-blocked96,0.1,3,197283,49475,0
matmul_train,global,idle+age+dirty+refaults,matmul-blocked96-s1,train,matmul,matmul-blocked96,0.1,3,197283,49475,0
matmul_train,global,idle+age+dirty+rdist,matmul-blocked96-s1,train,matmul,matmul-blocked96,0.1,3,197283,49475,0
matmul_train,global,idle+age+refaults+rdist,matmul-blocked96-s1,train,matmul,matmul-blocked96,0.1,3,197283,49475,0
matmul_train,global,idle+dirty+refaults+rdist,matmul-blocked96-s1,train,matmul,matmul-blocked96,0.1,3,197283,49475,0
matmul_train,global,age+dirty+refaults+rdist,matmul-blocked96-s1,train,matmul,matmul-blocked96,0.1,3,197283,49475,0
matmul_train,global,ref+aging+sfreq+idle+age,matmul-blocked96-s1,train,matmul,matmul-blocked96,0.1,3,197283,49475,0
matmul_train,global,ref+aging+sfreq+idle+dirty,matmul-blocked96-s1,train,matmul,matmul-blocked96,0.1,3,197283,49475,0
matmul_train,global,ref+aging+sfreq+idle+refaults,matmul-blocked96-s1,train,matmul,matmul-blocked96,0.1,3,197283,49475,0
matmul_train,global,ref+aging+sfreq+idle+rdist,matmul-blocked96-s1,train,matmul,matmul-blocked96,0.1,3,197283,49475,0
matmul_train,global,ref+aging+sfreq+age+dirty,matmul-blocked96-s1,train,matmul,matmul-blocked96,0.1,3,197283,49475,0
matmul_train,global,ref+aging+sfreq+age+refaults,matmul-blocked96-s1,train,matmul,matmul-blocked96,0.1,3,197283,49475,0
matmul_train,global,ref+aging+sfreq+age+rdist,matmul-blocked96-s1,train,matmul,matmul-blocked96,0.1,3,197283,49475,0
matmul_train,global,ref+aging+sfreq+dirty+refaults,matmul-blocked96-s1,train,matmul,matmul-blocked96,0.1,3,197283,49475,0
matmul_train,global,ref+aging+sfreq+dirty+rdist,matmul-blocked96-s1,train,matmul,matmul-blocked96,0.1,3,197283,49475,0
matmul_train,global,ref+aging+sfreq+refaults+rdist,matmul-blocked96-s1,train,matmul,matmul-blocked96,0.1,3,197283,49475,0
matmul_train,global,ref+aging+idle+age+dirty,matmul-blocked96-s1,train,matmul,matmul-blocked96,0.1,3,197283,49475,0
matmul_train,global,ref+aging+idle+age+refaults,matmul-blocked96-s1,train,matmul,matmul-blocked96,0.1,3,197283,49475,0
matmul_train,global,ref+aging+idle+age+rdist,matmul-blocked96-s1,train,matmul,matmul-blocked96,0.1,3,197283,49475,0
matmul_train,global,ref+aging+idle+dirty+refaults,matmul-blocked96-s1,train,matmul,matmul-blocked96,0.1,3,197283,49475,0
matmul_train,global,ref+aging+idle+dirty+rdist,matmul-blocked96-s1,train,matmul,matmul-blocked96,0.1,3,197283,49475,0
matmul_train,global,ref+aging+idle+refaults+rdist,matmul-blocked96-s1,train,matmul,matmul-blocked96,0.1,3,197283,49475,0
matmul_train,global,ref+aging+age+dirty+refaults,matmul-blocked96-s1,train,matmul,matmul-blocked96,0.1,3,197283,49475,0
matmul_train,global,ref+aging+age+dirty+rdist,matmul-blocked96-s1,train,matmul,matmul-blocked96,0.1,3,197283,49475,0
matmul_train,global,ref+aging+age+refaults+rdist,matmul-blocked96-s1,train,matmul,matmul-blocked96,0.1,3,197283,49475,0
matmul_train,global,ref+aging+dirty+refaults+rdist,matmul-blocked96-s1,train,matmul,matmul-blocked96,0.1,3,197283,49475,0
matmul_train,global,ref+sfreq+idle+age+dirty,matmul-blocked96-s1,train,matmul,matmul-blocked96,0.1,3,197283,49475,0
matmul_train,global,ref+sfreq+idle+age+refaults,matmul-blocked96-s1,train,matmul,matmul-blocked96,0.1,3,197283,49475,0
matmul_train,global,ref+sfreq+idle+age+rdist,matmul-blocked96-s1,train,matmul,matmul-blocked96,0.1,3,197283,49475,0
matmul_train,global,ref+sfreq+idle+dirty+refaults,matmul-blocked96-s1,train,matmul,matmul-blocked96,0.1,3,197283,49475,0
matmul_train,global,ref+sfreq+idle+dirty+rdist,matmul-blocked96-s1,train,matmul,matmul-blocked96,0.1,3,197283,49475,0
matmul_train,global,ref+sfreq+idle+refaults+rdist,matmul-blocked96-s1,train,matmul,matmul-blocked96,0.1,3,197283,49475,0
matmul_train,global,ref+sfreq+age+dirty+refaults,matmul-blocked96-s1,train,matmul,matmul-blocked96,0.1,3,197283,49475,0
matmul_train,global,ref+sfreq+age+dirty+rdist,matmul-blocked96-s1,train,matmul,matmul-blocked96,0.1,3,197283,49475,0
matmul_train,global,ref+sfreq+age+refaults+rdist,matmul-blocked96-s1,train,matmul,matmul-blocked96,0.1,3,197283,49475,0
matmul_train,global,ref+sfreq+dirty+refaults+rdist,matmul-blocked96-s1,train,matmul,matmul-blocked96,0.1,3,197283,49475,0
matmul_train,global,ref+idle+age+dirty+refaults,matmul-blocked96-s1,train,matmul,matmul-blocked96,0.1,3,197283,49475,0
matmul_train,global,ref+idle+age+dirty+rdist,matmul-blocked96-s1,train,matmul,matmul-blocked96,0.1,3,197283,49475,0
matmul_train,global,ref+idle+age+refaults+rdist,matmul-blocked96-s1,train,matmul,matmul-blocked96,0.1,3,197283,49475,0
matmul_train,global,ref+idle+dirty+refaults+rdist,matmul-blocked96-s1,train,matmul,matmul-blocked96,0.1,3,197283,49475,0
matmul_train,global,ref+age+dirty+refaults+rdist,matmul-blocked96-s1,train,matmul,matmul-blocked96,0.1,3,197283,49475,0
matmul_train,global,aging+sfreq+idle+age+dirty,matmul-blocked96-s1,train,matmul,matmul-blocked96,0.1,3,197283,49475,0
matmul_train,global,aging+sfreq+idle+age+refaults,matmul-blocked96-s1,train,matmul,matmul-blocked96,0.1,3,197283,49475,0
matmul_train,global,aging+sfreq+idle+age+rdist,matmul-blocked96-s1,train,matmul,matmul-blocked96,0.1,3,197283,49475,0
matmul_train,global,aging+sfreq+idle+dirty+refaults,matmul-blocked96-s1,train,matmul,matmul-blocked96,0.1,3,197283,49475,0
matmul_train,global,aging+sfreq+idle+dirty+rdist,matmul-blocked96-s1,train,matmul,matmul-blocked96,0.1,3,197283,49475,0
matmul_train,global,aging+sfreq+idle+refaults+rdist,matmul-blocked96-s1,train,matmul,matmul-blocked96,0.1,3,197283,49475,0
matmul_train,global,aging+sfreq+age+dirty+refaults,matmul-blocked96-s1,train,matmul,matmul-blocked96,0.1,3,197283,49475,0
matmul_train,global,aging+sfreq+age+dirty+rdist,matmul-blocked96-s1,train,matmul,matmul-blocked96,0.1,3,197283,49475,0
matmul_train,global,aging+sfreq+age+refaults+rdist,matmul-blocked96-s1,train,matmul,matmul-blocked96,0.1,3,197283,49475,0
matmul_train,global,aging+sfreq+dirty+refaults+rdist,matmul-blocked96-s1,train,matmul,matmul-blocked96,0.1,3,197283,49475,0
matmul_train,global,aging+idle+age+dirty+refaults,matmul-blocked96-s1,train,matmul,matmul-blocked96,0.1,3,197283,49475,0
matmul_train,global,aging+idle+age+dirty+rdist,matmul-blocked96-s1,train,matmul,matmul-blocked96,0.1,3,197283,49475,0
matmul_train,global,aging+idle+age+refaults+rdist,matmul-blocked96-s1,train,matmul,matmul-blocked96,0.1,3,197283,49475,0
matmul_train,global,aging+idle+dirty+refaults+rdist,matmul-blocked96-s1,train,matmul,matmul-blocked96,0.1,3,197283,49475,0
matmul_train,global,aging+age+dirty+refaults+rdist,matmul-blocked96-s1,train,matmul,matmul-blocked96,0.1,3,197283,49475,0
matmul_train,global,sfreq+idle+age+dirty+refaults,matmul-blocked96-s1,train,matmul,matmul-blocked96,0.1,3,197283,49475,0
matmul_train,global,sfreq+idle+age+dirty+rdist,matmul-blocked96-s1,train,matmul,matmul-blocked96,0.1,3,197283,49475,0
matmul_train,global,sfreq+idle+age+refaults+rdist,matmul-blocked96-s1,train,matmul,matmul-blocked96,0.1,3,197283,49475,0
matmul_train,global,sfreq+idle+dirty+refaults+rdist,matmul-blocked96-s1,train,matmul,matmul-blocked96,0.1,3,197283,49475,0
matmul_train,global,sfreq+age+dirty+refaults+rdist,matmul-blocked96-s1,train,matmul,matmul-blocked96,0.1,3,197283,49475,0
matmul_train,global,idle+age+dirty+refaults+rdist,matmul-blocked96-s1,train,matmul,matmul-blocked96,0.1,3,197283,49475,0
matmul_train,global,ref+aging+sfreq+idle+age+dirty,matmul-blocked96-s1,train,matmul,matmul-blocked96,0.1,3,197283,49475,0
matmul_train,global,ref+aging+sfreq+idle+age+refaults,matmul-blocked96-s1,train,matmul,matmul-blocked96,0.1,3,197283,49475,0
matmul_train,global,ref+aging+sfreq+idle+age+rdist,matmul-blocked96-s1,train,matmul,matmul-blocked96,0.1,3,197283,49475,0
matmul_train,global,ref+aging+sfreq+idle+dirty+refaults,matmul-blocked96-s1,train,matmul,matmul-blocked96,0.1,3,197283,49475,0
matmul_train,global,ref+aging+sfreq+idle+dirty+rdist,matmul-blocked96-s1,train,matmul,matmul-blocked96,0.1,3,197283,49475,0
matmul_train,global,ref+aging+sfreq+idle+refaults+rdist,matmul-blocked96-s1,train,matmul,matmul-blocked96,0.1,3,197283,49475,0
matmul_train,global,ref+aging+sfreq+age+dirty+refaults,matmul-blocked96-s1,train,matmul,matmul-blocked96,0.1,3,197283,49475,0
matmul_train,global,ref+aging+sfreq+age+dirty+rdist,matmul-blocked96-s1,train,matmul,matmul-blocked96,0.1,3,197283,49475,0
matmul_train,global,ref+aging+sfreq+age+refaults+rdist,matmul-blocked96-s1,train,matmul,matmul-blocked96,0.1,3,197283,49475,0
matmul_train,global,ref+aging+sfreq+dirty+refaults+rdist,matmul-blocked96-s1,train,matmul,matmul-blocked96,0.1,3,197283,49475,0
matmul_train,global,ref+aging+idle+age+dirty+refaults,matmul-blocked96-s1,train,matmul,matmul-blocked96,0.1,3,197283,49475,0
matmul_train,global,ref+aging+idle+age+dirty+rdist,matmul-blocked96-s1,train,matmul,matmul-blocked96,0.1,3,197283,49475,0
matmul_train,global,ref+aging+idle+age+refaults+rdist,matmul-blocked96-s1,train,matmul,matmul-blocked96,0.1,3,197283,49475,0
matmul_train,global,ref+aging+idle+dirty+refaults+rdist,matmul-blocked96-s1,train,matmul,matmul-blocked96,0.1,3,197283,49475,0
matmul_train,global,ref+aging+age+dirty+refaults+rdist,matmul-blocked96-s1,train,matmul,matmul-blocked96,0.1,3,197283,49475,0
matmul_train,global,ref+sfreq+idle+age+dirty+refaults,matmul-blocked96-s1,train,matmul,matmul-blocked96,0.1,3,197283,49475,0
matmul_train,global,ref+sfreq+idle+age+dirty+rdist,matmul-blocked96-s1,train,matmul,matmul-blocked96,0.1,3,197283,49475,0
matmul_train,global,ref+sfreq+idle+age+refaults+rdist,matmul-blocked96-s1,train,matmul,matmul-blocked96,0.1,3,197283,49475,0
matmul_train,global,ref+sfreq+idle+dirty+refaults+rdist,matmul-blocked96-s1,train,matmul,matmul-blocked96,0.1,3,197283,49475,0
matmul_train,global,ref+sfreq+age+dirty+refaults+rdist,matmul-blocked96-s1,train,matmul,matmul-blocked96,0.1,3,197283,49475,0
matmul_train,global,ref+idle+age+dirty+refaults+rdist,matmul-blocked96-s1,train,matmul,matmul-blocked96,0.1,3,197283,49475,0
matmul_train,global,aging+sfreq+idle+age+dirty+refaults,matmul-blocked96-s1,train,matmul,matmul-blocked96,0.1,3,197283,49475,0
matmul_train,global,aging+sfreq+idle+age+dirty+rdist,matmul-blocked96-s1,train,matmul,matmul-blocked96,0.1,3,197283,49475,0
matmul_train,global,aging+sfreq+idle+age+refaults+rdist,matmul-blocked96-s1,train,matmul,matmul-blocked96,0.1,3,197283,49475,0
matmul_train,global,aging+sfreq+idle+dirty+refaults+rdist,matmul-blocked96-s1,train,matmul,matmul-blocked96,0.1,3,197283,49475,0
matmul_train,global,aging+sfreq+age+dirty+refaults+rdist,matmul-blocked96-s1,train,matmul,matmul-blocked96,0.1,3,197283,49475,0
matmul_train,global,aging+idle+age+dirty+refaults+rdist,matmul-blocked96-s1,train,matmul,matmul-blocked96,0.1,3,197283,49475,0
matmul_train,global,sfreq+idle+age+dirty+refaults+rdist,matmul-blocked96-s1,train,matmul,matmul-blocked96,0.1,3,197283,49475,0
matmul_train,global,ref+aging+sfreq+idle+age+dirty+refaults,matmul-blocked96-s1,train,matmul,matmul-blocked96,0.1,3,197283,49475,0
matmul_train,global,ref+aging+sfreq+idle+age+dirty+rdist,matmul-blocked96-s1,train,matmul,matmul-blocked96,0.1,3,197283,49475,0
matmul_train,global,ref+aging+sfreq+idle+age+refaults+rdist,matmul-blocked96-s1,train,matmul,matmul-blocked96,0.1,3,197283,49475,0
matmul_train,global,ref+aging+sfreq+idle+dirty+refaults+rdist,matmul-blocked96-s1,train,matmul,matmul-blocked96,0.1,3,197283,49475,0
matmul_train,global,ref+aging+sfreq+age+dirty+refaults+rdist,matmul-blocked96-s1,train,matmul,matmul-blocked96,0.1,3,197283,49475,0
matmul_train,global,ref+aging+idle+age+dirty+refaults+rdist,matmul-blocked96-s1,train,matmul,matmul-blocked96,0.1,3,197283,49475,0
matmul_train,global,ref+sfreq+idle+age+dirty+refaults+rdist,matmul-blocked96-s1,train,matmul,matmul-blocked96,0.1,3,197283,49475,0
matmul_train,global,aging+sfreq+idle+age+dirty+refaults+rdist,matmul-blocked96-s1,train,matmul,matmul-blocked96,0.1,3,197283,49475,0
matmul_train,global,ref+aging+sfreq+idle+age+dirty+refaults+rdist,matmul-blocked96-s1,train,matmul,matmul-blocked96,0.1,3,197283,49475,0
matmul_train,global,rec+ref+aging+sfreq+idle+age+dirty,matmul-blocked96-s1,train,matmul,matmul-blocked96,0.1,3,197283,49475,0
matmul_train,global,rec+ref+aging+sfreq+idle+age+dirty+refaults+rdist,matmul-blocked96-s1,train,matmul,matmul-blocked96,0.1,3,197283,49475,0
matmul_train,global,freq+ref+aging+sfreq+idle+age+dirty,matmul-blocked96-s1,train,matmul,matmul-blocked96,0.1,3,197283,49475,0
matmul_train,global,freq+ref+aging+sfreq+idle+age+dirty+refaults+rdist,matmul-blocked96-s1,train,matmul,matmul-blocked96,0.1,3,197283,49475,0
matmul_train,global,sd+ref+aging+sfreq+idle+age+dirty,matmul-blocked96-s1,train,matmul,matmul-blocked96,0.1,3,197283,49475,0
matmul_train,global,sd+ref+aging+sfreq+idle+age+dirty+refaults+rdist,matmul-blocked96-s1,train,matmul,matmul-blocked96,0.1,3,197283,49475,0
matmul_train,global,wr+ref+aging+sfreq+idle+age+dirty,matmul-blocked96-s1,train,matmul,matmul-blocked96,0.1,3,197283,49475,0
matmul_train,global,wr+ref+aging+sfreq+idle+age+dirty+refaults+rdist,matmul-blocked96-s1,train,matmul,matmul-blocked96,0.1,3,197283,49475,0
matmul_train,global,rec+freq+ref+aging+sfreq+idle+age+dirty,matmul-blocked96-s1,train,matmul,matmul-blocked96,0.1,3,197283,49475,0
matmul_train,global,rec+freq+ref+aging+sfreq+idle+age+dirty+refaults+rdist,matmul-blocked96-s1,train,matmul,matmul-blocked96,0.1,3,197283,49475,0
matmul_train,global,rec+sd+ref+aging+sfreq+idle+age+dirty,matmul-blocked96-s1,train,matmul,matmul-blocked96,0.1,3,197283,49475,0
matmul_train,global,rec+sd+ref+aging+sfreq+idle+age+dirty+refaults+rdist,matmul-blocked96-s1,train,matmul,matmul-blocked96,0.1,3,197283,49475,0
matmul_train,global,rec+wr+ref+aging+sfreq+idle+age+dirty,matmul-blocked96-s1,train,matmul,matmul-blocked96,0.1,3,197283,49475,0
matmul_train,global,rec+wr+ref+aging+sfreq+idle+age+dirty+refaults+rdist,matmul-blocked96-s1,train,matmul,matmul-blocked96,0.1,3,197283,49475,0
matmul_train,global,freq+sd+ref+aging+sfreq+idle+age+dirty,matmul-blocked96-s1,train,matmul,matmul-blocked96,0.1,3,197283,49475,0
matmul_train,global,freq+sd+ref+aging+sfreq+idle+age+dirty+refaults+rdist,matmul-blocked96-s1,train,matmul,matmul-blocked96,0.1,3,197283,49475,0
matmul_train,global,freq+wr+ref+aging+sfreq+idle+age+dirty,matmul-blocked96-s1,train,matmul,matmul-blocked96,0.1,3,197283,49475,0
matmul_train,global,freq+wr+ref+aging+sfreq+idle+age+dirty+refaults+rdist,matmul-blocked96-s1,train,matmul,matmul-blocked96,0.1,3,197283,49475,0
matmul_train,global,sd+wr+ref+aging+sfreq+idle+age+dirty,matmul-blocked96-s1,train,matmul,matmul-blocked96,0.1,3,197283,49475,0
matmul_train,global,sd+wr+ref+aging+sfreq+idle+age+dirty+refaults+rdist,matmul-blocked96-s1,train,matmul,matmul-blocked96,0.1,3,197283,49475,0
matmul_train,global,rec+freq+sd+ref+aging+sfreq+idle+age+dirty,matmul-blocked96-s1,train,matmul,matmul-blocked96,0.1,3,197283,49475,0
matmul_train,global,rec+freq+sd+ref+aging+sfreq+idle+age+dirty+refaults+rdist,matmul-blocked96-s1,train,matmul,matmul-blocked96,0.1,3,197283,49475,0
matmul_train,global,rec+freq+wr+ref+aging+sfreq+idle+age+dirty,matmul-blocked96-s1,train,matmul,matmul-blocked96,0.1,3,197283,49475,0
matmul_train,global,rec+freq+wr+ref+aging+sfreq+idle+age+dirty+refaults+rdist,matmul-blocked96-s1,train,matmul,matmul-blocked96,0.1,3,197283,49475,0
matmul_train,global,rec+sd+wr+ref+aging+sfreq+idle+age+dirty,matmul-blocked96-s1,train,matmul,matmul-blocked96,0.1,3,197283,49475,0
matmul_train,global,rec+sd+wr+ref+aging+sfreq+idle+age+dirty+refaults+rdist,matmul-blocked96-s1,train,matmul,matmul-blocked96,0.1,3,197283,49475,0
matmul_train,global,freq+sd+wr+ref+aging+sfreq+idle+age+dirty,matmul-blocked96-s1,train,matmul,matmul-blocked96,0.1,3,197283,49475,0
matmul_train,global,freq+sd+wr+ref+aging+sfreq+idle+age+dirty+refaults+rdist,matmul-blocked96-s1,train,matmul,matmul-blocked96,0.1,3,197283,49475,0
matmul_train,global,rec+freq+sd+wr+ref+aging+sfreq+idle+age+dirty,matmul-blocked96-s1,train,matmul,matmul-blocked96,0.1,3,197283,49475,0
matmul_train,global,rec+freq+sd+wr+ref+aging+sfreq+idle+age+dirty+refaults+rdist,matmul-blocked96-s1,train,matmul,matmul-blocked96,0.1,3,197283,49475,0
matmul_train,matmul,rec,matmul-blocked96-s1,train,matmul,matmul-blocked96,0.05,2,388806,110618,0
matmul_train,matmul,freq,matmul-blocked96-s1,train,matmul,matmul-blocked96,0.05,2,406124,110618,0
matmul_train,matmul,sd,matmul-blocked96-s1,train,matmul,matmul-blocked96,0.05,2,388806,110618,0
matmul_train,matmul,wr,matmul-blocked96-s1,train,matmul,matmul-blocked96,0.05,2,335523,110618,0
matmul_train,matmul,rec+freq,matmul-blocked96-s1,train,matmul,matmul-blocked96,0.05,2,386118,110618,0
matmul_train,matmul,rec+sd,matmul-blocked96-s1,train,matmul,matmul-blocked96,0.05,2,388806,110618,0
matmul_train,matmul,rec+wr,matmul-blocked96-s1,train,matmul,matmul-blocked96,0.05,2,334656,110618,0
matmul_train,matmul,freq+sd,matmul-blocked96-s1,train,matmul,matmul-blocked96,0.05,2,388902,110618,0
matmul_train,matmul,freq+wr,matmul-blocked96-s1,train,matmul,matmul-blocked96,0.05,2,390380,110618,0
matmul_train,matmul,sd+wr,matmul-blocked96-s1,train,matmul,matmul-blocked96,0.05,2,387153,110618,0
matmul_train,matmul,rec+freq+sd,matmul-blocked96-s1,train,matmul,matmul-blocked96,0.05,2,389120,110618,0
matmul_train,matmul,rec+freq+wr,matmul-blocked96-s1,train,matmul,matmul-blocked96,0.05,2,334656,110618,0
matmul_train,matmul,rec+sd+wr,matmul-blocked96-s1,train,matmul,matmul-blocked96,0.05,2,386103,110618,0
matmul_train,matmul,freq+sd+wr,matmul-blocked96-s1,train,matmul,matmul-blocked96,0.05,2,387276,110618,0
matmul_train,matmul,rec+freq+sd+wr,matmul-blocked96-s1,train,matmul,matmul-blocked96,0.05,2,386144,110618,0
matmul_train,matmul,ref,matmul-blocked96-s1,train,matmul,matmul-blocked96,0.05,2,416454,110618,0
matmul_train,matmul,aging,matmul-blocked96-s1,train,matmul,matmul-blocked96,0.05,2,416454,110618,0
matmul_train,matmul,sfreq,matmul-blocked96-s1,train,matmul,matmul-blocked96,0.05,2,388806,110618,0
matmul_train,matmul,idle,matmul-blocked96-s1,train,matmul,matmul-blocked96,0.05,2,416454,110618,0
matmul_train,matmul,age,matmul-blocked96-s1,train,matmul,matmul-blocked96,0.05,2,484719,110618,0
matmul_train,matmul,dirty,matmul-blocked96-s1,train,matmul,matmul-blocked96,0.05,2,335523,110618,0
matmul_train,matmul,refaults,matmul-blocked96-s1,train,matmul,matmul-blocked96,0.05,2,505574,110618,0
matmul_train,matmul,rdist,matmul-blocked96-s1,train,matmul,matmul-blocked96,0.05,2,390709,110618,0
matmul_train,matmul,ref+aging,matmul-blocked96-s1,train,matmul,matmul-blocked96,0.05,2,416454,110618,0
matmul_train,matmul,ref+sfreq,matmul-blocked96-s1,train,matmul,matmul-blocked96,0.05,2,388806,110618,0
matmul_train,matmul,ref+idle,matmul-blocked96-s1,train,matmul,matmul-blocked96,0.05,2,416454,110618,0
matmul_train,matmul,ref+age,matmul-blocked96-s1,train,matmul,matmul-blocked96,0.05,2,388806,110618,0
matmul_train,matmul,ref+dirty,matmul-blocked96-s1,train,matmul,matmul-blocked96,0.05,2,335523,110618,0
matmul_train,matmul,ref+refaults,matmul-blocked96-s1,train,matmul,matmul-blocked96,0.05,2,392388,110618,0
matmul_train,matmul,ref+rdist,matmul-blocked96-s1,train,matmul,matmul-blocked96,0.05,2,390825,110618,0
matmul_train,matmul,aging+sfreq,matmul-blocked96-s1,train,matmul,matmul-blocked96,0.05,2,388806,110618,0
matmul_train,matmul,aging+idle,matmul-blocked96-s1,train,matmul,matmul-blocked96,0.05,2,416454,110618,0
matmul_train,matmul,aging+age,matmul-blocked96-s1,train,matmul,matmul-blocked96,0.05,2,388806,110618,0
matmul_train,matmul,aging+dirty,matmul-blocked96-s1,train,matmul,matmul-blocked96,0.05,2,389862,110618,0
matmul_train,matmul,aging+refaults,matmul-blocked96-s1,train,matmul,matmul-blocked96,0.05,2,392388,110618,0
matmul_train,matmul,aging+rdist,matmul-blocked96-s1,train,matmul,matmul-blocked96,0.05,2,390825,110618,0
matmul_train,matmul,sfreq+idle,matmul-blocked96-s1,train,matmul,matmul-blocked96,0.05,2,388806,110618,0
matmul_train,matmul,sfreq+age,matmul-blocked96-s1,train,matmul,matmul-blocked96,0.05,2,388806,110618,0
matmul_train,matmul,sfreq+dirty,matmul-blocked96-s1,train,matmul,matmul-blocked96,0.05,2,374982,110618,0
matmul_train,matmul,sfreq+refaults,matmul-blocked96-s1,train,matmul,matmul-blocked96,0.05,2,401383,110618,0
matmul_train,matmul,sfreq+rdist,matmul-blocked96-s1,train,matmul,matmul-blocked96,0.05,2,390123,110618,0
matmul_train,matmul,idle+age,matmul-blocked96-s1,train,matmul,matmul-blocked96,0.05,2,388806,110618,0
matmul_train,matmul,idle+dirty,matmul-blocked96-s1,train,matmul,matmul-blocked96,0.05,2,389862,110618,0
matmul_train,matmul,idle+refaults,matmul-blocked96-s1,train,matmul,matmul-blocked96,0.05,2,392388,110618,0
matmul_train,matmul,idle+rdist,matmul-blocked96-s1,train,matmul,matmul-blocked96,0.05,2,390825,110618,0
matmul_train,matmul,age+dirty,matmul-blocked96-s1,train,matmul,matmul-blocked96,0.05,2,377577,110618,0
matmul_train,matmul,age+refaults,matmul-blocked96-s1,train,matmul,matmul-blocked96,0.05,2,472286,110618,0
matmul_train,matmul,age+rdist,matmul-blocked96-s1,train,matmul,matmul-blocked96,0.05,2,394599,110618,0
matmul_train,matmul,dirty+refaults,matmul-blocked96-s1,train,matmul,matmul-blocked96,0.05,2,357001,110618,0
matmul_train,matmul,dirty+rdist,matmul-blocked96-s1,train,matmul,matmul-blocked96,0.05,2,336615,110618,0
matmul_train,matmul,refaults+rdist,matmul-blocked96-s1,train,matmul,matmul-blocked96,0.05,2,419398,110618,0
matmul_train,matmul,ref+aging+sfreq,matmul-blocked96-s1,train,matmul,matmul-blocked96,0.05,2,388806,110618,0
matmul_train,matmul,ref+aging+idle,matmul-blocked96-s1,train,matmul,matmul-blocked96,0.05,2,416454,110618,0
matmul_train,matmul,ref+aging+age,matmul-blocked96-s1,train,matmul,matmul-blocked96,0.05,2,388806,110618,0
matmul_train,matmul,ref+aging+dirty,matmul-blocked96-s1,train,matmul,matmul-blocked96,0.05,2,335523,110618,0
matmul_train,matmul,ref+aging+refaults,matmul-blocked96-s1,train,matmul,matmul-blocked96,0.05,2,392400,110618,0
matmul_train,matmul,ref+aging+rdist,matmul-blocked96-s1,train,matmul,matmul-blocked96,0.05,2,390825,110618,0
matmul_train,matmul,ref+sfreq+idle,matmul-blocked96-s1,train,matmul,matmul-blocked96,0.05,2,388806,110618,0
matmul_train,matmul,ref+sfreq+age,matmul-blocked96-s1,train,matmul,matmul-blocked96,0.05,2,388806,110618,0
matmul_train,matmul,ref+sfreq+dirty,matmul-blocked96-s1,train,matmul,matmul-blocked96,0.05,2,374982,110618,0
matmul_train,matmul,ref+sfreq+refaults,matmul-blocked96-s1,train,matmul,matmul-blocked96,0.05,2,393650,110618,0
matmul_train,matmul,ref+sfreq+rdist,matmul-blocked96-s1,train,matmul,matmul-blocked96,0.05,2,390250,110618,0
matmul_train,matmul,ref+idle+age,matmul-blocked96-s1,train,matmul,matmul-blocked96,0.05,2,388806,110618,0
matmul_train,matmul,ref+idle+dirty,matmul-blocked96-s1,train,matmul,matmul-blocked96,0.05,2,335523,110618,0
matmul_train,matmul,ref+idle+refaults,matmul-blocked96-s1,train,matmul,matmul-blocked96,0.05,2,392388,110618,0
matmul_train,matmul,ref+idle+rdist,matmul-blocked96-s1,train,matmul,matmul-blocked96,0.05,2,390825,110618,0
matmul_train,matmul,ref+age+dirty,matmul-blocked96-s1,train,matmul,matmul-blocked96,0.05,2,374982,110618,0
matmul_train,matmul,ref+age+refaults,matmul-blocked96-s1,train,matmul,matmul-blocked96,0.05,2,392311,110618,0
matmul_train,matmul,ref+age+rdist,matmul-blocked96-s1,train,matmul,matmul-blocked96,0.05,2,390250,110618,0
matmul_train,matmul,ref+dirty+refaults,matmul-blocked96-s1,train,matmul,matmul-blocked96,0.05,2,355206,110618,0
matmul_train,matmul,ref+dirty+rdist,matmul-blocked96-s1,train,matmul,matmul-blocked96,0.05,2,336996,110618,0
matmul_train,matmul,ref+refaults+rdist,matmul-blocked96-s1,train,matmul,matmul-blocked96,0.05,2,378747,110618,0
matmul_train,matmul,aging+sfreq+idle,matmul-blocked96-s1,train,matmul,matmul-blocked96,0.05,2,388806,110618,0
matmul_train,matmul,aging+sfreq+age,matmul-blocked96-s1,train,matmul,matmul-blocked96,0.05,2,388806,110618,0
matmul_train,matmul,aging+sfreq+dirty,matmul-blocked96-s1,train,matmul,matmul-blocked96,0.05,2,388806,110618,0
matmul_train,matmul,aging+sfreq+refaults,matmul-blocked96-s1,train,matmul,matmul-blocked96,0.05,2,393761,110618,0
matmul_train,matmul,aging+sfreq+rdist,matmul-blocked96-s1,train,matmul,matmul-blocked96,0.05,2,390250,110618,0
matmul_train,matmul,aging+idle+age,matmul-blocked96-s1,train,matmul,matmul-blocked96,0.05,2,388806,110618,0
matmul_train,matmul,aging+idle+dirty,matmul-blocked96-s1,train,matmul,matmul-blocked96,0.05,2,335523,110618,0
matmul_train,matmul,aging+idle+refaults,matmul-blocked96-s1,train,matmul,matmul-blocked96,0.05,2,392388,110618,0
matmul_train,matmul,aging+idle+rdist,matmul-blocked96-s1,train,matmul,matmul-blocked96,0.05,2,390825,110618,0
matmul_train,matmul,aging+age+dirty,matmul-blocked96-s1,train,matmul,matmul-blocked96,0.05,2,388806,110618,0
matmul_train,matmul,aging+age+refaults,matmul-blocked96-s1,train,matmul,matmul-blocked96,0.05,2,392384,110618,0
matmul_train,matmul,aging+age+rdist,matmul-blocked96-s1,train,matmul,matmul-blocked96,0.05,2,390250,110618,0
matmul_train,matmul,aging+dirty+refaults,matmul-blocked96-s1,train,matmul,matmul-blocked96,0.05,2,368552,110618,0
matmul_train,matmul,aging+dirty+rdist,matmul-blocked96-s1,train,matmul,matmul-blocked96,0.05,2,336996,110618,0
matmul_train,matmul,aging+refaults+rdist,matmul-blocked96-s1,train,matmul,matmul-blocked96,0.05,2,378747,110618,0
matmul_train,matmul,sfreq+idle+age,matmul-blocked96-s1,train,matmul,matmul-blocked96,0.05,2,388806,110618,0
matmul_train,matmul,sfreq+idle+dirty,matmul-blocked96-s1,train,matmul,matmul-blocked96,0.05,2,374982,110618,0
matmul_train,matmul,sfreq+idle+refaults,matmul-blocked96-s1,train,matmul,matmul-blocked96,0.05,2,393956,110618,0
matmul_train,matmul,sfreq+idle+rdist,matmul-blocked96-s1,train,matmul,matmul-blocked96,0.05,2,390250,110618,0
matmul_train,matmul,sfreq+age+dirty,matmul-blocked96-s1,train,matmul,matmul-blocked96,0.05,2,374982,110618,0
matmul_train,matmul,sfreq+age+refaults,matmul-blocked96-s1,train,matmul,matmul-blocked96,0.05,2,399249,110618,0
matmul_train,matmul,sfreq+age+rdist,matmul-blocked96-s1,train,matmul,matmul-blocked96,0.05,2,390243,110618,0
matmul_train,matmul,sfreq+dirty+refaults,matmul-blocked96-s1,train,matmul,matmul-blocked96,0.05,2,378170,110618,0
matmul_train,matmul,sfreq+dirty+rdist,matmul-blocked96-s1,train,matmul,matmul-blocked96,0.05,2,369120,110618,0
matmul_train,matmul,sfreq+refaults+rdist,matmul-blocked96-s1,train,matmul,matmul-blocked96,0.05,2,398642,110618,0
matmul_train,matmul,idle+age+dirty,matmul-blocked96-s1,train,matmul,matmul-blocked96,0.05,2,374982,110618,0
matmul_train,matmul,idle+age+refaults,matmul-blocked96-s1,train,matmul,matmul-blocked96,0.05,2,392359,110618,0
matmul_train,matmul,idle+age+rdist,matmul-blocked96-s1,train,matmul,matmul-blocked96,0.05,2,390243,110618,0
matmul_train,matmul,idle+dirty+refaults,matmul-blocked96-s1,train,matmul,matmul-blocked96,0.05,2,359796,110618,0
matmul_train,matmul,idle+dirty+rdist,matmul-blocked96-s1,train,matmul,matmul-blocked96,0.05,2,336996,110618,0
matmul_train,matmul,idle+refaults+rdist,matmul-blocked96-s1,train,matmul,matmul-blocked96,0.05,2,378703,110618,0
matmul_train,matmul,age+dirty+refaults,matmul-blocked96-s1,train,matmul,matmul-blocked96,0.05,2,377748,110618,0
matmul_train,matmul,age+dirty+rdist,matmul-blocked96-s1,train,matmul,matmul-blocked96,0.05,2,372696,110618,0
matmul_train,matmul,age+refaults+rdist,matmul-blocked96-s1,train,matmul,matmul-blocked96,0.05,2,393604,110618,0
matmul_train,matmul,dirty+refaults+rdist,matmul-blocked96-s1,train,matmul,matmul-blocked96,0.05,2,337424,110618,0
matmul_train,matmul,ref+aging+sfreq+idle,matmul-blocked96-s1,train,matmul,matmul-blocked96,0.05,2,388806,110618,0
matmul_train,matmul,ref+aging+sfreq+age,matmul-blocked96-s1,train,matmul,matmul-blocked96,0.05,2,388806,110618,0
matmul_train,matmul,ref+aging+sfreq+dirty,matmul-blocked96-s1,train,matmul,matmul-blocked96,0.05,2,374982,110618,0
matmul_train,matmul,ref+aging+sfreq+refaults,matmul-blocked96-s1,train,matmul,matmul-blocked96,0.05,2,393034,110618,0
matmul_train,matmul,ref+aging+sfreq+rdist,matmul-blocked96-s1,train,matmul,matmul-blocked96,0.05,2,390243,110618,0
matmul_train,matmul,ref+aging+idle+age,matmul-blocked96-s1,train,matmul,matmul-blocked96,0.05,2,388806,110618,0
matmul_train,matmul,ref+aging+idle+dirty,matmul-blocked96-s1,train,matmul,matmul-blocked96,0.05,2,335523,110618,0
matmul_train,matmul,ref+aging+idle+refaults,matmul-blocked96-s1,train,matmul,matmul-blocked96,0.05,2,392424,110618,0
matmul_train,matmul,ref+aging+idle+rdist,matmul-blocked96-s1,train,matmul,matmul-blocked96,0.05,2,390825,110618,0
matmul_train,matmul,ref+aging+age+dirty,matmul-blocked96-s1,train,matmul,matmul-blocked96,0.05,2,374982,110618,0
matmul_train,matmul,ref+aging+age+refaults,matmul-blocked96-s1,train,matmul,matmul-blocked96,0.05,2,391917,110618,0
matmul_train,matmul,ref+aging+age+rdist,matmul-blocked96-s1,train,matmul,matmul-blocked96,0.05,2,390243,110618,0
matmul_train,matmul,ref+aging+dirty+refaults,matmul-blocked96-s1,train,matmul,matmul-blocked96,0.05,2,349178,110618,0
matmul_train,matmul,ref+aging+dirty+rdist,matmul-blocked96-s1,train,matmul,matmul-blocked96,0.05,2,336963,110618,0
matmul_train,matmul,ref+aging+refaults+rdist,matmul-blocked96-s1,train,matmul,matmul-blocked96,0.05,2,378670,110618,0
matmul_train,matmul,ref+sfreq+idle+age,matmul-blocked96-s1,train,matmul,matmul-blocked96,0.05,2,388806,110618,0
matmul_train,matmul,ref+sfreq+idle+dirty,matmul-blocked96-s1,train,matmul,matmul-blocked96,0.05,2,374982,110618,0
matmul_train,matmul,ref+sfreq+idle+refaults,matmul-blocked96-s1,train,matmul,matmul-blocked96,0.05,2,393617,110618,0
matmul_train,matmul,ref+sfreq+idle+rdist,matmul-blocked96-s1,train,matmul,matmul-blocked96,0.05,2,390243,110618,0
matmul_train,matmul,ref+sfreq+age+dirty,matmul-blocked96-s1,train,matmul,matmul-blocked96,0.05,2,374982,110618,0
matmul_train,matmul,ref+sfreq+age+refaults,matmul-blocked96-s1,train,matmul,matmul-blocked96,0.05,2,388897,110618,0
matmul_train,matmul,ref+sfreq+age+rdist,matmul-blocked96-s1,train,matmul,matmul-blocked96,0.05,2,390807,110618,0
matmul_train,matmul,ref+sfreq+dirty+refaults,matmul-blocked96-s1,train,matmul,matmul-blocked96,0.05,2,378873,110618,0
matmul_train,matmul,ref+sfreq+dirty+rdist,matmul-blocked96-s1,train,matmul,matmul-blocked96,0.05,2,376719,110618,0
matmul_train,matmul,ref+sfreq+refaults+rdist,matmul-blocked96-s1,train,matmul,matmul-blocked96,0.05,2,388354,110618,0
matmul_train,matmul,ref+idle+age+dirty,matmul-blocked96-s1,train,matmul,matmul-blocked96,0.05,2,374982,110618,0
matmul_train,matmul,ref+idle+age+refaults,matmul-blocked96-s1,train,matmul,matmul-blocked96,0.05,2,392105,110618,0
matmul_train,matmul,ref+idle+age+rdist,matmul-blocked96-s1,train,matmul,matmul-blocked96,0.05,2,390243,110618,0
matmul_train,matmul,ref+idle+dirty+refaults,matmul-blocked96-s1,train,matmul,matmul-blocked96,0.05,2,349110,110618,0
matmul_train,matmul,ref+idle+dirty+rdist,matmul-blocked96-s1,train,matmul,matmul-blocked96,0.05,2,336963,110618,0
matmul_train,matmul,ref+idle+refaults+rdist,matmul-blocked96-s1,train,matmul,matmul-blocked96,0.05,2,378670,110618,0
matmul_train,matmul,ref+age+dirty+refaults,matmul-blocked96-s1,train,matmul,matmul-blocked96,0.05,2,381594,110618,0
matmul_train,matmul,ref+age+dirty+rdist,matmul-blocked96-s1,train,matmul,matmul-blocked96,0.05,2,376719,110618,0
matmul_train,matmul,ref+age+refaults+rdist,matmul-blocked96-s1,train,matmul,matmul-blocked96,0.05,2,389470,110618,0
matmul_train,matmul,ref+dirty+refaults+rdist,matmul-blocked96-s1,train,matmul,matmul-blocked96,0.05,2,337632,110618,0
matmul_train,matmul,aging+sfreq+idle+age,matmul-blocked96-s1,train,matmul,matmul-blocked96,0.05,2,388806,110618,0
matmul_train,matmul,aging+sfreq+idle+dirty,matmul-blocked96-s1,train,matmul,matmul-blocked96,0.05,2,374982,110618,0
matmul_train,matmul,aging+sfreq+idle+refaults,matmul-blocked96-s1,train,matmul,matmul-blocked96,0.05,2,393789,110618,0
matmul_train,matmul,aging+sfreq+idle+rdist,matmul-blocked96-s1,train,matmul,matmul-blocked96,0.05,2,390250,110618,0
matmul_train,matmul,aging+sfreq+age+dirty,matmul-blocked96-s1,train,matmul,matmul-blocked96,0.05,2,388806,110618,0
matmul_train,matmul,aging+sfreq+age+refaults,matmul-blocked96-s1,train,matmul,matmul-blocked96,0.05,2,388744,110618,0
matmul_train,matmul,aging+sfreq+age+rdist,matmul-blocked96-s1,train,matmul,matmul-blocked96,0.05,2,390807,110618,0
matmul_train,matmul,aging+sfreq+dirty+refaults,matmul-blocked96-s1,train,matmul,matmul-blocked96,0.05,2,386257,110618,0
matmul_train,matmul,aging+sfreq+dirty+rdist,matmul-blocked96-s1,train,matmul,matmul-blocked96,0.05,2,377796,110618,0
matmul_train,matmul,aging+sfreq+refaults+rdist,matmul-blocked96-s1,train,matmul,matmul-blocked96,0.05,2,388365,110618,0
matmul_train,matmul,aging+idle+age+dirty,matmul-blocked96-s1,train,matmul,matmul-blocked96,0.05,2,374982,110618,0
matmul_train,matmul,aging+idle+age+refaults,matmul-blocked96-s1,train,matmul,matmul-blocked96,0.05,2,392381,110618,0
matmul_train,matmul,aging+idle+age+rdist,matmul-blocked96-s1,train,matmul,matmul-blocked96,0.05,2,390250,110618,0
matmul_train,matmul,aging+idle+dirty+refaults,matmul-blocked96-s1,train,matmul,matmul-blocked96,0.05,2,359306,110618,0
matmul_train,matmul,aging+idle+dirty+rdist,matmul-blocked96-s1,train,matmul,matmul-blocked96,0.05,2,336996,110618,0
matmul_train,matmul,aging+idle+refaults+rdist,matmul-blocked96-s1,train,matmul,matmul-blocked96,0.05,2,378747,110618,0
matmul_train,matmul,aging+age+dirty+refaults,matmul-blocked96-s1,train,matmul,matmul-blocked96,0.05,2,386670,110618,0
matmul_train,matmul,aging+age+dirty+rdist,matmul-blocked96-s1,train,matmul,matmul-blocked96,0.05,2,377796,110618,0
matmul_train,matmul,aging+age+refaults+rdist,matmul-blocked96-s1,train,matmul,matmul-blocked96,0.05,2,389330,110618,0
matmul_train,matmul,aging+dirty+refaults+rdist,matmul-blocked96-s1,train,matmul,matmul-blocked96,0.05,2,337655,110618,0
matmul_train,matmul,sfreq+idle+age+dirty,matmul-blocked96-s1,train,matmul,matmul-blocked96,0.05,2,374982,110618,0
matmul_train,matmul,sfreq+idle+age+refaults,matmul-blocked96-s1,train,matmul,matmul-blocked96,0.05,2,389003,110618,0
matmul_train,matmul,sfreq+idle+age+rdist,matmul-blocked96-s1,train,matmul,matmul-blocked96,0.05,2,390807,110618,0
matmul_train,matmul,sfreq+idle+dirty+refaults,matmul-blocked96-s1,train,matmul,matmul-blocked96,0.05,2,383575,110618,0
matmul_train,matmul,sfreq+idle+dirty+rdist,matmul-blocked96-s1,train,matmul,matmul-blocked96,0.05,2,377796,110618,0
matmul_train,matmul,sfreq+idle+refaults+rdist,matmul-blocked96-s1,train,matmul,matmul-blocked96,0.05,2,388338,110618,0
matmul_train,matmul,sfreq+age+dirty+refaults,matmul-blocked96-s1,train,matmul,matmul-blocked96,0.05,2,371499,110618,0
matmul_train,matmul,sfreq+age+dirty+rdist,matmul-blocked96-s1,train,matmul,matmul-blocked96,0.05,2,372297,110618,0
matmul_train,matmul,sfreq+age+refaults+rdist,matmul-blocked96-s1,train,matmul,matmul-blocked96,0.05,2,383736,110618,0
matmul_train,matmul,sfreq+dirty+refaults+rdist,matmul-blocked96-s1,train,matmul,matmul-blocked96,0.05,2,368652,110618,0
matmul_train,matmul,idle+age+dirty+refaults,matmul-blocked96-s1,train,matmul,matmul-blocked96,0.05,2,383967,110618,0
matmul_train,matmul,idle+age+dirty+rdist,matmul-blocked96-s1,train,matmul,matmul-blocked96,0.05,2,376719,110618,0
matmul_train,matmul,idle+age+refaults+rdist,matmul-blocked96-s1,train,matmul,matmul-blocked96,0.05,2,389111,110618,0
matmul_train,matmul,idle+dirty+refaults+rdist,matmul-blocked96-s1,train,matmul,matmul-blocked96,0.05,2,337630,110618,0
matmul_train,matmul,age+dirty+refaults+rdist,matmul-blocked96-s1,train,matmul,matmul-blocked96,0.05,2,372212,110618,0
matmul_train,matmul,ref+aging+sfreq+idle+age,matmul-blocked96-s1,train,matmul,matmul-blocked96,0.05,2,388806,110618,0
matmul_train,matmul,ref+aging+sfreq+idle+dirty,matmul-blocked96-s1,train,matmul,matmul-blocked96,0.05,2,374982,110618,0
matmul_train,matmul,ref+aging+sfreq+idle+refaults,matmul-blocked96-s1,train,matmul,matmul-blocked96,0.05,2,392540,110618,0
matmul_train,matmul,ref+aging+sfreq+idle+rdist,matmul-blocked96-s1,train,matmul,matmul-blocked96,0.05,2,390243,110618,0
matmul_train,matmul,ref+aging+sfreq+age+dirty,matmul-blocked96-s1,train,matmul,matmul-blocked96,0.05,2,377577,110618,0
matmul_train,matmul,ref+aging+sfreq+age+refaults,matmul-blocked96-s1,train,matmul,matmul-blocked96,0.05,2,392895,110618,0
matmul_train,matmul,ref+aging+sfreq+age+rdist,matmul-blocked96-s1,train,matmul,matmul-blocked96,0.05,2,390807,110618,0
matmul_train,matmul,ref+aging+sfreq+dirty+refaults,matmul-blocked96-s1,train,matmul,matmul-blocked96,0.05,2,373747,110618,0
matmul_train,matmul,ref+aging+sfreq+dirty+rdist,matmul-blocked96-s1,train,matmul,matmul-blocked96,0.05,2,372999,110618,0
matmul_train,matmul,ref+aging+sfreq+refaults+rdist,matmul-blocked96-s1,train,matmul,matmul-blocked96,0.05,2,388293,110618,0
matmul_train,matmul,ref+aging+idle+age+dirty,matmul-blocked96-s1,train,matmul,matmul-blocked96,0.05,2,374982,110618,0
matmul_train,matmul,ref+aging+idle+age+refaults,matmul-blocked96-s1,train,matmul,matmul-blocked96,0.05,2,391607,110618,0
matmul_train,matmul,ref+aging+idle+age+rdist,matmul-blocked96-s1,train,matmul,matmul-blocked96,0.05,2,390243,110618,0
matmul_train,matmul,ref+aging+idle+dirty+refaults,matmul-blocked96-s1,train,matmul,matmul-blocked96,0.05,2,349266,110618,0
matmul_train,matmul,ref+aging+idle+dirty+rdist,matmul-blocked96-s1,train,matmul,matmul-blocked96,0.05,2,336963,110618,0
matmul_train,matmul,ref+aging+idle+refaults+rdist,matmul-blocked96-s1,train,matmul,matmul-blocked96,0.05,2,378670,110618,0
matmul_train,matmul,ref+aging+age+dirty+refaults,matmul-blocked96-s1,train,matmul,matmul-blocked96,0.05,2,375516,110618,0
matmul_train,matmul,ref+aging+age+dirty+rdist,matmul-blocked96-s1,train,matmul,matmul-blocked96,0.05,2,372999,110618,0
matmul_train,matmul,ref+aging+age+refaults+rdist,matmul-blocked96-s1,train,matmul,matmul-blocked96,0.05,2,389425,110618,0
matmul_train,matmul,ref+aging+dirty+refaults+rdist,matmul-blocked96-s1,train,matmul,matmul-blocked96,0.05,2,337463,110618,0
matmul_train,matmul,ref+sfreq+idle+age+dirty,matmul-blocked96-s1,train,matmul,matmul-blocked96,0.05,2,374982,110618,0
matmul_train,matmul,ref+sfreq+idle+age+refaults,matmul-blocked96-s1,train,matmul,matmul-blocked96,0.05,2,393435,110618,0
matmul_train,matmul,ref+sfreq+idle+age+rdist,matmul-blocked96-s1,train,matmul,matmul-blocked96,0.05,2,390807,110618,0
matmul_train,matmul,ref+sfreq+idle+dirty+refaults,matmul-blocked96-s1,train,matmul,matmul-blocked96,0.05,2,373604,110618,0
matmul_train,matmul,ref+sfreq+idle+dirty+rdist,matmul-blocked96-s1,train,matmul,matmul-blocked96,0.05,2,372999,110618,0
matmul_train,matmul,ref+sfreq+idle+refaults+rdist,matmul-blocked96-s1,train,matmul,matmul-blocked96,0.05,2,388218,110618,0
matmul_train,matmul,ref+sfreq+age+dirty+refaults,matmul-blocked96-s1,train,matmul,matmul-blocked96,0.05,2,385800,110618,0
matmul_train,matmul,ref+sfreq+age+dirty+rdist,matmul-blocked96-s1,train,matmul,matmul-blocked96,0.05,2,367605,110618,0
matmul_train,matmul,ref+sfreq+age+refaults+rdist,matmul-blocked96-s1,train,matmul,matmul-blocked96,0.05,2,390414,110618,0
matmul_train,matmul,ref+sfreq+dirty+refaults+rdist,matmul-blocked96-s1,train,matmul,matmul-blocked96,0.05,2,367339,110618,0
matmul_train,matmul,ref+idle+age+dirty+refaults,matmul-blocked96-s1,train,matmul,matmul-blocked96,0.05,2,375503,110618,0
matmul_train,matmul,ref+idle+age+dirty+rdist,matmul-blocked96-s1,train,matmul,matmul-blocked96,0.05,2,372999,110618,0
matmul_train,matmul,ref+idle+age+refaults+rdist,matmul-blocked96-s1,train,matmul,matmul-blocked96,0.05,2,388943,110618,0
matmul_train,matmul,ref+idle+dirty+refaults+rdist,matmul-blocked96-s1,train,matmul,matmul-blocked96,0.05,2,337429,110618,0
matmul_train,matmul,ref+age+dirty+refaults+rdist,matmul-blocked96-s1,train,matmul,matmul-blocked96,0.05,2,371806,110618,0
matmul_train,matmul,aging+sfreq+idle+age+dirty,matmul-blocked96-s1,train,matmul,matmul-blocked96,0.05,2,374982,110618,0
matmul_train,matmul,aging+sfreq+idle+age+refaults,matmul-blocked96-s1,train,matmul,matmul-blocked96,0.05,2,388767,110618,0
matmul_train,matmul,aging+sfreq+idle+age+rdist,matmul-blocked96-s1,train,matmul,matmul-blocked96,0.05,2,390807,110618,0
matmul_train,matmul,aging+sfreq+idle+dirty+refaults,matmul-blocked96-s1,train,matmul,matmul-blocked96,0.05,2,381625,110618,0
matmul_train,matmul,aging+sfreq+idle+dirty+rdist,matmul-blocked96-s1,train,matmul,matmul-blocked96,0.05,2,376719,110618,0
matmul_train,matmul,aging+sfreq+idle+refaults+rdist,matmul-blocked96-s1,train,matmul,matmul-blocked96,0.05,2,388357,110618,0
matmul_train,matmul,aging+sfreq+age+dirty+refaults,matmul-blocked96-s1,train,matmul,matmul-blocked96,0.05,2,385963,110618,0
matmul_train,matmul,aging+sfreq+age+dirty+rdist,matmul-blocked96-s1,train,matmul,matmul-blocked96,0.05,2,367605,110618,0
matmul_train,matmul,aging+sfreq+age+refaults+rdist,matmul-blocked96-s1,train,matmul,matmul-blocked96,0.05,2,389822,110618,0
matmul_train,matmul,aging+sfreq+dirty+refaults+rdist,matmul-blocked96-s1,train,matmul,matmul-blocked96,0.05,2,367646,110618,0
matmul_train,matmul,aging+idle+age+dirty+refaults,matmul-blocked96-s1,train,matmul,matmul-blocked96,0.05,2,383094,110618,0
matmul_train,matmul,aging+idle+age+dirty+rdist,matmul-blocked96-s1,train,matmul,matmul-blocked96,0.05,2,376719,110618,0
matmul_train,matmul,aging+idle+age+refaults+rdist,matmul-blocked96-s1,train,matmul,matmul-blocked96,0.05,2,389241,110618,0
matmul_train,matmul,aging+idle+dirty+refaults+rdist,matmul-blocked96-s1,train,matmul,matmul-blocked96,0.05,2,337609,110618,0
matmul_train,matmul,aging+age+dirty+refaults+rdist,matmul-blocked96-s1,train,matmul,matmul-blocked96,0.05,2,371145,110618,0
matmul_train,matmul,sfreq+idle+age+dirty+refaults,matmul-blocked96-s1,train,matmul,matmul-blocked96,0.05,2,379392,110618,0
matmul_train,matmul,sfreq+idle+age+dirty+rdist,matmul-blocked96-s1,train,matmul,matmul-blocked96,0.05,2,367605,110618,0
matmul_train,matmul,sfreq+idle+age+refaults+rdist,matmul-blocked96-s1,train,matmul,matmul-blocked96,0.05,2,389461,110618,0
matmul_train,matmul,sfreq+idle+dirty+refaults+rdist,matmul-blocked96-s1,train,matmul,matmul-blocked96,0.05,2,367226,110618,0
matmul_train,matmul,sfreq+age+dirty+refaults+rdist,matmul-blocked96-s1,train,matmul,matmul-blocked96,0.05,2,363220,110618,0
matmul_train,matmul,idle+age+dirty+refaults+rdist,matmul-blocked96-s1,train,matmul,matmul-blocked96,0.05,2,370206,110618,0
matmul_train,matmul,ref+aging+sfreq+idle+age+dirty,matmul-blocked96-s1,train,matmul,matmul-blocked96,0.05,2,374982,110618,0
matmul_train,matmul,ref+aging+sfreq+idle+age+refaults,matmul-blocked96-s1,train,matmul,matmul-blocked96,0.05,2,393093,110618,0
matmul_train,matmul,ref+aging+sfreq+idle+age+rdist,matmul-blocked96-s1,train,matmul,matmul-blocked96,0.05,2,390807,110618,0
matmul_train,matmul,ref+aging+sfreq+idle+dirty+refaults,matmul-blocked96-s1,train,matmul,matmul-blocked96,0.05,2,373877,110618,0
matmul_train,matmul,ref+aging+sfreq+idle+dirty+rdist,matmul-blocked96-s1,train,matmul,matmul-blocked96,0.05,2,372999,110618,0
matmul_train,matmul,ref+aging+sfreq+idle+refaults+rdist,matmul-blocked96-s1,train,matmul,matmul-blocked96,0.05,2,388386,110618,0
matmul_train,matmul,ref+aging+sfreq+age+dirty+refaults,matmul-blocked96-s1,train,matmul,matmul-blocked96,0.05,2,374949,110618,0
matmul_train,matmul,ref+aging+sfreq+age+dirty+rdist,matmul-blocked96-s1,train,matmul,matmul-blocked96,0.05,2,367152,110618,0
matmul_train,matmul,ref+aging+sfreq+age+refaults+rdist,matmul-blocked96-s1,train,matmul,matmul-blocked96,0.05,2,390086,110618,0
matmul_train,matmul,ref+aging+sfreq+dirty+refaults+rdist,matmul-blocked96-s1,train,matmul,matmul-blocked96,0.05,2,368454,110618,0
matmul_train,matmul,ref+aging+idle+age+dirty+refaults,matmul-blocked96-s1,train,matmul,matmul-blocked96,0.05,2,375662,110618,0
matmul_train,matmul,ref+aging+idle+age+dirty+rdist,matmul-blocked96-s1,train,matmul,matmul-blocked96,0.05,2,372999,110618,0
matmul_train,matmul,ref+aging+idle+age+refaults+rdist,matmul-blocked96-s1,train,matmul,matmul-blocked96,0.05,2,389656,110618,0
matmul_train,matmul,ref+aging+idle+dirty+refaults+rdist,matmul-blocked96-s1,train,matmul,matmul-blocked96,0.05,2,337457,110618,0
matmul_train,matmul,ref+aging+age+dirty+refaults+rdist,matmul-blocked96-s1,train,matmul,matmul-blocked96,0.05,2,372270,110618,0
matmul_train,matmul,ref+sfreq+idle+age+dirty+refaults,matmul-blocked96-s1,train,matmul,matmul-blocked96,0.05,2,374805,110618,0
matmul_train,matmul,ref+sfreq+idle+age+dirty+rdist,matmul-blocked96-s1,train,matmul,matmul-blocked96,0.05,2,365496,110618,0
matmul_train,matmul,ref+sfreq+idle+age+refaults+rdist,matmul-blocked96-s1,train,matmul,matmul-blocked96,0.05,2,390558,110618,0
matmul_train,matmul,ref+sfreq+idle+dirty+refaults+rdist,matmul-blocked96-s1,train,matmul,matmul-blocked96,0.05,2,366629,110618,0
matmul_train,matmul,ref+sfreq+age+dirty+refaults+rdist,matmul-blocked96-s1,train,matmul,matmul-blocked96,0.05,2,368862,110618,0
matmul_train,matmul,ref+idle+age+dirty+refaults+rdist,matmul-blocked96-s1,train,matmul,matmul-blocked96,0.05,2,370538,110618,0
matmul_train,matmul,aging+sfreq+idle+age+dirty+refaults,matmul-blocked96-s1,train,matmul,matmul-blocked96,0.05,2,382669,110618,0
matmul_train,matmul,aging+sfreq+idle+age+dirty+rdist,matmul-blocked96-s1,train,matmul,matmul-blocked96,0.05,2,367605,110618,0
matmul_train,matmul,aging+sfreq+idle+age+refaults+rdist,matmul-blocked96-s1,train,matmul,matmul-blocked96,0.05,2,389548,110618,0
matmul_train,matmul,aging+sfreq+idle+dirty+refaults+rdist,matmul-blocked96-s1,train,matmul,matmul-blocked96,0.05,2,366326,110618,0
matmul_train,matmul,aging+sfreq+age+dirty+refaults+rdist,matmul-blocked96-s1,train,matmul,matmul-blocked96,0.05,2,369440,110618,0
matmul_train,matmul,aging+idle+age+dirty+refaults+rdist,matmul-blocked96-s1,train,matmul,matmul-blocked96,0.05,2,369661,110618,0
matmul_train,matmul,sfreq+idle+age+dirty+refaults+rdist,matmul-blocked96-s1,train,matmul,matmul-blocked96,0.05,2,365768,110618,0
matmul_train,matmul,ref+aging+sfreq+idle+age+dirty+refaults,matmul-blocked96-s1,train,matmul,matmul-blocked96,0.05,2,375004,110618,0
matmul_train,matmul,ref+aging+sfreq+idle+age+dirty+rdist,matmul-blocked96-s1,train,matmul,matmul-blocked96,0.05,2,367152,110618,0
matmul_train,matmul,ref+aging+sfreq+idle+age+refaults+rdist,matmul-blocked96-s1,train,matmul,matmul-blocked96,0.05,2,390052,110618,0
matmul_train,matmul,ref+aging+sfreq+idle+dirty+refaults+rdist,matmul-blocked96-s1,train,matmul,matmul-blocked96,0.05,2,367419,110618,0
matmul_train,matmul,ref+aging+sfreq+age+dirty+refaults+rdist,matmul-blocked96-s1,train,matmul,matmul-blocked96,0.05,2,366312,110618,0
matmul_train,matmul,ref+aging+idle+age+dirty+refaults+rdist,matmul-blocked96-s1,train,matmul,matmul-blocked96,0.05,2,371820,110618,0
matmul_train,matmul,ref+sfreq+idle+age+dirty+refaults+rdist,matmul-blocked96-s1,train,matmul,matmul-blocked96,0.05,2,365587,110618,0
matmul_train,matmul,aging+sfreq+idle+age+dirty+refaults+rdist,matmul-blocked96-s1,train,matmul,matmul-blocked96,0.05,2,366278,110618,0
matmul_train,matmul,ref+aging+sfreq+idle+age+dirty+refaults+rdist,matmul-blocked96-s1,train,matmul,matmul-blocked96,0.05,2,366568,110618,0
matmul_train,matmul,rec+ref+aging+sfreq+idle+age+dirty,matmul-blocked96-s1,train,matmul,matmul-blocked96,0.05,2,377577,110618,0
matmul_train,matmul,rec+ref+aging+sfreq+idle+age+dirty+refaults+rdist,matmul-blocked96-s1,train,matmul,matmul-blocked96,0.05,2,368432,110618,0
matmul_train,matmul,freq+ref+aging+sfreq+idle+age+dirty,matmul-blocked96-s1,train,matmul,matmul-blocked96,0.05,2,375416,110618,0
matmul_train,matmul,freq+ref+aging+sfreq+idle+age+dirty+refaults+rdist,matmul-blocked96-s1,train,matmul,matmul-blocked96,0.05,2,367080,110618,0
matmul_train,matmul,sd+ref+aging+sfreq+idle+age+dirty,matmul-blocked96-s1,train,matmul,matmul-blocked96,0.05,2,334560,110618,0
matmul_train,matmul,sd+ref+aging+sfreq+idle+age+dirty+refaults+rdist,matmul-blocked96-s1,train,matmul,matmul-blocked96,0.05,2,342648,110618,0
matmul_train,matmul,wr+ref+aging+sfreq+idle+age+dirty,matmul-blocked96-s1,train,matmul,matmul-blocked96,0.05,2,496599,110618,0
matmul_train,matmul,wr+ref+aging+sfreq+idle+age+dirty+refaults+rdist,matmul-blocked96-s1,train,matmul,matmul-blocked96,0.05,2,363796,110618,0
matmul_train,matmul,rec+freq+ref+aging+sfreq+idle+age+dirty,matmul-blocked96-s1,train,matmul,matmul-blocked96,0.05,2,379255,110618,0
matmul_train,matmul,rec+freq+ref+aging+sfreq+idle+age+dirty+refaults+rdist,matmul-blocked96-s1,train,matmul,matmul-blocked96,0.05,2,368462,110618,0
matmul_train,matmul,rec+sd+ref+aging+sfreq+idle+age+dirty,matmul-blocked96-s1,train,matmul,matmul-blocked96,0.05,2,336957,110618,0
matmul_train,matmul,rec+sd+ref+aging+sfreq+idle+age+dirty+refaults+rdist,matmul-blocked96-s1,train,matmul,matmul-blocked96,0.05,2,346813,110618,0
matmul_train,matmul,rec+wr+ref+aging+sfreq+idle+age+dirty,matmul-blocked96-s1,train,matmul,matmul-blocked96,0.05,2,483675,110618,0
matmul_train,matmul,rec+wr+ref+aging+sfreq+idle+age+dirty+refaults+rdist,matmul-blocked96-s1,train,matmul,matmul-blocked96,0.05,2,363271,110618,0
matmul_train,matmul,freq+sd+ref+aging+sfreq+idle+age+dirty,matmul-blocked96-s1,train,matmul,matmul-blocked96,0.05,2,334740,110618,0
matmul_train,matmul,freq+sd+ref+aging+sfreq+idle+age+dirty+refaults+rdist,matmul-blocked96-s1,train,matmul,matmul-blocked96,0.05,2,342302,110618,0
matmul_train,matmul,freq+wr+ref+aging+sfreq+idle+age+dirty,matmul-blocked96-s1,train,matmul,matmul-blocked96,0.05,2,501359,110618,0
matmul_train,matmul,freq+wr+ref+aging+sfreq+idle+age+dirty+refaults+rdist,matmul-blocked96-s1,train,matmul,matmul-blocked96,0.05,2,363988,110618,0
matmul_train,matmul,sd+wr+ref+aging+sfreq+idle+age+dirty,matmul-blocked96-s1,train,matmul,matmul-blocked96,0.05,2,358908,110618,0
matmul_train,matmul,sd+wr+ref+aging+sfreq+idle+age+dirty+refaults+rdist,matmul-blocked96-s1,train,matmul,matmul-blocked96,0.05,2,341367,110618,0
matmul_train,matmul,rec+freq+sd+ref+aging+sfreq+idle+age+dirty,matmul-blocked96-s1,train,matmul,matmul-blocked96,0.05,2,335288,110618,0
matmul_train,matmul,rec+freq+sd+ref+aging+sfreq+idle+age+dirty+refaults+rdist,matmul-blocked96-s1,train,matmul,matmul-blocked96,0.05,2,346810,110618,0
matmul_train,matmul,rec+freq+wr+ref+aging+sfreq+idle+age+dirty,matmul-blocked96-s1,train,matmul,matmul-blocked96,0.05,2,483589,110618,0
matmul_train,matmul,rec+freq+wr+ref+aging+sfreq+idle+age+dirty+refaults+rdist,matmul-blocked96-s1,train,matmul,matmul-blocked96,0.05,2,362802,110618,0
matmul_train,matmul,rec+sd+wr+ref+aging+sfreq+idle+age+dirty,matmul-blocked96-s1,train,matmul,matmul-blocked96,0.05,2,334560,110618,0
matmul_train,matmul,rec+sd+wr+ref+aging+sfreq+idle+age+dirty+refaults+rdist,matmul-blocked96-s1,train,matmul,matmul-blocked96,0.05,2,342129,110618,0
matmul_train,matmul,freq+sd+wr+ref+aging+sfreq+idle+age+dirty,matmul-blocked96-s1,train,matmul,matmul-blocked96,0.05,2,358342,110618,0
matmul_train,matmul,freq+sd+wr+ref+aging+sfreq+idle+age+dirty+refaults+rdist,matmul-blocked96-s1,train,matmul,matmul-blocked96,0.05,2,337429,110618,0
matmul_train,matmul,rec+freq+sd+wr+ref+aging+sfreq+idle+age+dirty,matmul-blocked96-s1,train,matmul,matmul-blocked96,0.05,2,334560,110618,0
matmul_train,matmul,rec+freq+sd+wr+ref+aging+sfreq+idle+age+dirty+refaults+rdist,matmul-blocked96-s1,train,matmul,matmul-blocked96,0.05,2,337399,110618,0
matmul_train,global,rec,matmul-blocked96-s1,train,matmul,matmul-blocked96,0.05,2,388806,110618,0
matmul_train,global,freq,matmul-blocked96-s1,train,matmul,matmul-blocked96,0.05,2,406124,110618,0
matmul_train,global,sd,matmul-blocked96-s1,train,matmul,matmul-blocked96,0.05,2,388806,110618,0
matmul_train,global,wr,matmul-blocked96-s1,train,matmul,matmul-blocked96,0.05,2,335523,110618,0
matmul_train,global,rec+freq,matmul-blocked96-s1,train,matmul,matmul-blocked96,0.05,2,387336,110618,0
matmul_train,global,rec+sd,matmul-blocked96-s1,train,matmul,matmul-blocked96,0.05,2,388806,110618,0
matmul_train,global,rec+wr,matmul-blocked96-s1,train,matmul,matmul-blocked96,0.05,2,388806,110618,0
matmul_train,global,freq+sd,matmul-blocked96-s1,train,matmul,matmul-blocked96,0.05,2,379382,110618,0
matmul_train,global,freq+wr,matmul-blocked96-s1,train,matmul,matmul-blocked96,0.05,2,403729,110618,0
matmul_train,global,sd+wr,matmul-blocked96-s1,train,matmul,matmul-blocked96,0.05,2,388806,110618,0
matmul_train,global,rec+freq+sd,matmul-blocked96-s1,train,matmul,matmul-blocked96,0.05,2,384047,110618,0
matmul_train,global,rec+freq+wr,matmul-blocked96-s1,train,matmul,matmul-blocked96,0.05,2,389531,110618,0
matmul_train,global,rec+sd+wr,matmul-blocked96-s1,train,matmul,matmul-blocked96,0.05,2,388806,110618,0
matmul_train,global,freq+sd+wr,matmul-blocked96-s1,train,matmul,matmul-blocked96,0.05,2,378286,110618,0
matmul_train,global,rec+freq+sd+wr,matmul-blocked96-s1,train,matmul,matmul-blocked96,0.05,2,383480,110618,0
matmul_train,global,ref,matmul-blocked96-s1,train,matmul,matmul-blocked96,0.05,2,416454,110618,0
matmul_train,global,aging,matmul-blocked96-s1,train,matmul,matmul-blocked96,0.05,2,416454,110618,0
matmul_train,global,sfreq,matmul-blocked96-s1,train,matmul,matmul-blocked96,0.05,2,388806,110618,0
matmul_train,global,idle,matmul-blocked96-s1,train,matmul,matmul-blocked96,0.05,2,416454,110618,0
matmul_train,global,age,matmul-blocked96-s1,train,matmul,matmul-blocked96,0.05,2,416454,110618,0
matmul_train,global,dirty,matmul-blocked96-s1,train,matmul,matmul-blocked96,0.05,2,335523,110618,0
matmul_train,global,refaults,matmul-blocked96-s1,train,matmul,matmul-blocked96,0.05,2,413454,110618,0
matmul_train,global,rdist,matmul-blocked96-s1,train,matmul,matmul-blocked96,0.05,2,390709,110618,0
matmul_train,global,ref+aging,matmul-blocked96-s1,train,matmul,matmul-blocked96,0.05,2,416454,110618,0
matmul_train,global,ref+sfreq,matmul-blocked96-s1,train,matmul,matmul-blocked96,0.05,2,388806,110618,0
matmul_train,global,ref+idle,matmul-blocked96-s1,train,matmul,matmul-blocked96,0.05,2,416454,110618,0
matmul_train,global,ref+age,matmul-blocked96-s1,train,matmul,matmul-blocked96,0.05,2,416454,110618,0
matmul_train,global,ref+dirty,matmul-blocked96-s1,train,matmul,matmul-blocked96,0.05,2,389862,110618,0
matmul_train,global,ref+refaults,matmul-blocked96-s1,train,matmul,matmul-blocked96,0.05,2,410536,110618,0
matmul_train,global,ref+rdist,matmul-blocked96-s1,train,matmul,matmul-blocked96,0.05,2,390687,110618,0
matmul_train,global,aging+sfreq,matmul-blocked96-s1,train,matmul,matmul-blocked96,0.05,2,388806,110618,0
matmul_train,global,aging+idle,matmul-blocked96-s1,train,matmul,matmul-blocked96,0.05,2,416454,110618,0
matmul_train,global,aging+age,matmul-blocked96-s1,train,matmul,matmul-blocked96,0.05,2,388806,110618,0
matmul_train,global,aging+dirty,matmul-blocked96-s1,train,matmul,matmul-blocked96,0.05,2,416454,110618,0
matmul_train,global,aging+refaults,matmul-blocked96-s1,train,matmul,matmul-blocked96,0.05,2,410337,110618,0
matmul_train,global,aging+rdist,matmul-blocked96-s1,train,matmul,matmul-blocked96,0.05,2,390735,110618,0
matmul_train,global,sfreq+idle,matmul-blocked96-s1,train,matmul,matmul-blocked96,0.05,2,388806,110618,0
matmul_train,global,sfreq+age,matmul-blocked96-s1,train,matmul,matmul-blocked96,0.05,2,416454,110618,0
matmul_train,global,sfreq+dirty,matmul-blocked96-s1,train,matmul,matmul-blocked96,0.05,2,374982,110618,0
matmul_train,global,sfreq+refaults,matmul-blocked96-s1,train,matmul,matmul-blocked96,0.05,2,411135,110618,0
matmul_train,global,sfreq+rdist,matmul-blocked96-s1,train,matmul,matmul-blocked96,0.05,2,390123,110618,0
matmul_train,global,idle+age,matmul-blocked96-s1,train,matmul,matmul-blocked96,0.05,2,388806,110618,0
matmul_train,global,idle+dirty,matmul-blocked96-s1,train,matmul,matmul-blocked96,0.05,2,389862,110618,0
matmul_train,global,idle+refaults,matmul-blocked96-s1,train,matmul,matmul-blocked96,0.05,2,408285,110618,0
matmul_train,global,idle+rdist,matmul-blocked96-s1,train,matmul,matmul-blocked96,0.05,2,390825,110618,0
matmul_train,global,age+dirty,matmul-blocked96-s1,train,matmul,matmul-blocked96,0.05,2,335523,110618,0
matmul_train,global,age+refaults,matmul-blocked96-s1,train,matmul,matmul-blocked96,0.05,2,441104,110618,0
matmul_train,global,age+rdist,matmul-blocked96-s1,train,matmul,matmul-blocked96,0.05,2,390709,110618,0
matmul_train,global,dirty+refaults,matmul-blocked96-s1,train,matmul,matmul-blocked96,0.05,2,478557,110618,0
matmul_train,global,dirty+rdist,matmul-blocked96-s1,train,matmul,matmul-blocked96,0.05,2,336615,110618,0
matmul_train,global,refaults+rdist,matmul-blocked96-s1,train,matmul,matmul-blocked96,0.05,2,388699,110618,0
matmul_train,global,ref+aging+sfreq,matmul-blocked96-s1,train,matmul,matmul-blocked96,0.05,2,388806,110618,0
matmul_train,global,ref+aging+idle,matmul-blocked96-s1,train,matmul,matmul-blocked96,0.05,2,416454,110618,0
matmul_train,global,ref+aging+age,matmul-blocked96-s1,train,matmul,matmul-blocked96,0.05,2,388806,110618,0
matmul_train,global,ref+aging+dirty,matmul-blocked96-s1,train,matmul,matmul-blocked96,0.05,2,416454,110618,0
matmul_train,global,ref+aging+refaults,matmul-blocked96-s1,train,matmul,matmul-blocked96,0.05,2,409999,110618,0
matmul_train,global,ref+aging+rdist,matmul-blocked96-s1,train,matmul,matmul-blocked96,0.05,2,390831,110618,0
matmul_train,global,ref+sfreq+idle,matmul-blocked96-s1,train,matmul,matmul-blocked96,0.05,2,388806,110618,0
matmul_train,global,ref+sfreq+age,matmul-blocked96-s1,train,matmul,matmul-blocked96,0.05,2,416454,110618,0
matmul_train,global,ref+sfreq+dirty,matmul-blocked96-s1,train,matmul,matmul-blocked96,0.05,2,388806,110618,0
matmul_train,global,ref+sfreq+refaults,matmul-blocked96-s1,train,matmul,matmul-blocked96,0.05,2,400421,110618,0
matmul_train,global,ref+sfreq+rdist,matmul-blocked96-s1,train,matmul,matmul-blocked96,0.05,2,390158,110618,0
matmul_train,global,ref+idle+age,matmul-blocked96-s1,train,matmul,matmul-blocked96,0.05,2,388806,110618,0
matmul_train,global,ref+idle+dirty,matmul-blocked96-s1,train,matmul,matmul-blocked96,0.05,2,389862,110618,0
matmul_train,global,ref+idle+refaults,matmul-blocked96-s1,train,matmul,matmul-blocked96,0.05,2,410059,110618,0
matmul_train,global,ref+idle+rdist,matmul-blocked96-s1,train,matmul,matmul-blocked96,0.05,2,390735,110618,0
matmul_train,global,ref+age+dirty,matmul-blocked96-s1,train,matmul,matmul-blocked96,0.05,2,389862,110618,0
matmul_train,global,ref+age+refaults,matmul-blocked96-s1,train,matmul,matmul-blocked96,0.05,2,401752,110618,0
matmul_train,global,ref+age+rdist,matmul-blocked96-s1,train,matmul,matmul-blocked96,0.05,2,390687,110618,0
matmul_train,global,ref+dirty+refaults,matmul-blocked96-s1,train,matmul,matmul-blocked96,0.05,2,416313,110618,0
matmul_train,global,ref+dirty+rdist,matmul-blocked96-s1,train,matmul,matmul-blocked96,0.05,2,390525,110618,0
matmul_train,global,ref+refaults+rdist,matmul-blocked96-s1,train,matmul,matmul-blocked96,0.05,2,401529,110618,0
matmul_train,global,aging+sfreq+idle,matmul-blocked96-s1,train,matmul,matmul-blocked96,0.05,2,388806,110618,0
matmul_train,global,aging+sfreq+age,matmul-blocked96-s1,train,matmul,matmul-blocked96,0.05,2,388806,110618,0
matmul_train,global,aging+sfreq+dirty,matmul-blocked96-s1,train,matmul,matmul-blocked96,0.05,2,388806,110618,0
matmul_train,global,aging+sfreq+refaults,matmul-blocked96-s1,train,matmul,matmul-blocked96,0.05,2,398712,110618,0
matmul_train,global,aging+sfreq+rdist,matmul-blocked96-s1,train,matmul,matmul-blocked96,0.05,2,390182,110618,0
matmul_train,global,aging+idle+age,matmul-blocked96-s1,train,matmul,matmul-blocked96,0.05,2,388806,110618,0
matmul_train,global,aging+idle+dirty,matmul-blocked96-s1,train,matmul,matmul-blocked96,0.05,2,389862,110618,0
matmul_train,global,aging+idle+refaults,matmul-blocked96-s1,train,matmul,matmul-blocked96,0.05,2,409952,110618,0
matmul_train,global,aging+idle+rdist,matmul-blocked96-s1,train,matmul,matmul-blocked96,0.05,2,390735,110618,0
matmul_train,global,aging+age+dirty,matmul-blocked96-s1,train,matmul,matmul-blocked96,0.05,2,388806,110618,0
matmul_train,global,aging+age+refaults,matmul-blocked96-s1,train,matmul,matmul-blocked96,0.05,2,398326,110618,0
matmul_train,global,aging+age+rdist,matmul-blocked96-s1,train,matmul,matmul-blocked96,0.05,2,390182,110618,0
matmul_train,global,aging+dirty+refaults,matmul-blocked96-s1,train,matmul,matmul-blocked96,0.05,2,416414,110618,0
matmul_train,global,aging+dirty+rdist,matmul-blocked96-s1,train,matmul,matmul-blocked96,0.05,2,390525,110618,0
matmul_train,global,aging+refaults+rdist,matmul-blocked96-s1,train,matmul,matmul-blocked96,0.05,2,400705,110618,0
matmul_train,global,sfreq+idle+age,matmul-blocked96-s1,train,matmul,matmul-blocked96,0.05,2,388806,110618,0
matmul_train,global,sfreq+idle+dirty,matmul-blocked96-s1,train,matmul,matmul-blocked96,0.05,2,388806,110618,0
matmul_train,global,sfreq+idle+refaults,matmul-blocked96-s1,train,matmul,matmul-blocked96,0.05,2,397542,110618,0
matmul_train,global,sfreq+idle+rdist,matmul-blocked96-s1,train,matmul,matmul-blocked96,0.05,2,390250,110618,0
matmul_train,global,sfreq+age+dirty,matmul-blocked96-s1,train,matmul,matmul-blocked96,0.05,2,389862,110618,0
matmul_train,global,sfreq+age+refaults,matmul-blocked96-s1,train,matmul,matmul-blocked96,0.05,2,398678,110618,0
matmul_train,global,sfreq+age+rdist,matmul-blocked96-s1,train,matmul,matmul-blocked96,0.05,2,390825,110618,0
matmul_train,global,sfreq+dirty+refaults,matmul-blocked96-s1,train,matmul,matmul-blocked96,0.05,2,404950,110618,0
matmul_train,global,sfreq+dirty+rdist,matmul-blocked96-s1,train,matmul,matmul-blocked96,0.05,2,369120,110618,0
matmul_train,global,sfreq+refaults+rdist,matmul-blocked96-s1,train,matmul,matmul-blocked96,0.05,2,391277,110618,0
matmul_train,global,idle+age+dirty,matmul-blocked96-s1,train,matmul,matmul-blocked96,0.05,2,388806,110618,0
matmul_train,global,idle+age+refaults,matmul-blocked96-s1,train,matmul,matmul-blocked96,0.05,2,397192,110618,0
matmul_train,global,idle+age+rdist,matmul-blocked96-s1,train,matmul,matmul-blocked96,0.05,2,390250,110618,0
matmul_train,global,idle+dirty+refaults,matmul-blocked96-s1,train,matmul,matmul-blocked96,0.05,2,421916,110618,0
matmul_train,global,idle+dirty+rdist,matmul-blocked96-s1,train,matmul,matmul-blocked96,0.05,2,336996,110618,0
matmul_train,global,idle+refaults+rdist,matmul-blocked96-s1,train,matmul,matmul-blocked96,0.05,2,395645,110618,0
matmul_train,global,age+dirty+refaults,matmul-blocked96-s1,train,matmul,matmul-blocked96,0.05,2,446743,110618,0
matmul_train,global,age+dirty+rdist,matmul-blocked96-s1,train,matmul,matmul-blocked96,0.05,2,336666,110618,0
matmul_train,global,age+refaults+rdist,matmul-blocked96-s1,train,matmul,matmul-blocked96,0.05,2,406535,110618,0
matmul_train,global,dirty+refaults+rdist,matmul-blocked96-s1,train,matmul,matmul-blocked96,0.05,2,374486,110618,0
matmul_train,global,ref+aging+sfreq+idle,matmul-blocked96-s1,train,matmul,matmul-blocked96,0.05,2,388806,110618,0
matmul_train,global,ref+aging+sfreq+age,matmul-blocked96-s1,train,matmul,matmul-blocked96,0.05,2,388806,110618,0
matmul_train,global,ref+aging+sfreq+dirty,matmul-blocked96-s1,train,matmul,matmul-blocked96,0.05,2,388806,110618,0
matmul_train,global,ref+aging+sfreq+refaults,matmul-blocked96-s1,train,matmul,matmul-blocked96,0.05,2,401788,110618,0
matmul_train,global,ref+aging+sfreq+rdist,matmul-blocked96-s1,train,matmul,matmul-blocked96,0.05,2,390254,110618,0
matmul_train,global,ref+aging+idle+age,matmul-blocked96-s1,train,matmul,matmul-blocked96,0.05,2,388806,110618,0
matmul_train,global,ref+aging+idle+dirty,matmul-blocked96-s1,train,matmul,matmul-blocked96,0.05,2,416454,110618,0
matmul_train,global,ref+aging+idle+refaults,matmul-blocked96-s1,train,matmul,matmul-blocked96,0.05,2,409796,110618,0
matmul_train,global,ref+aging+idle+rdist,matmul-blocked96-s1,train,matmul,matmul-blocked96,0.05,2,390831,110618,0
matmul_train,global,ref+aging+age+dirty,matmul-blocked96-s1,train,matmul,matmul-blocked96,0.05,2,388806,110618,0
matmul_train,global,ref+aging+age+refaults,matmul-blocked96-s1,train,matmul,matmul-blocked96,0.05,2,398839,110618,0
matmul_train,global,ref+aging+age+rdist,matmul-blocked96-s1,train,matmul,matmul-blocked96,0.05,2,390854,110618,0
matmul_train,global,ref+aging+dirty+refaults,matmul-blocked96-s1,train,matmul,matmul-blocked96,0.05,2,416500,110618,0
matmul_train,global,ref+aging+dirty+rdist,matmul-blocked96-s1,train,matmul,matmul-blocked96,0.05,2,390525,110618,0
matmul_train,global,ref+aging+refaults+rdist,matmul-blocked96-s1,train,matmul,matmul-blocked96,0.05,2,400801,110618,0
matmul_train,global,ref+sfreq+idle+age,matmul-blocked96-s1,train,matmul,matmul-blocked96,0.05,2,388806,110618,0
matmul_train,global,ref+sfreq+idle+dirty,matmul-blocked96-s1,train,matmul,matmul-blocked96,0.05,2,388806,110618,0
matmul_train,global,ref+sfreq+idle+refaults,matmul-blocked96-s1,train,matmul,matmul-blocked96,0.05,2,399087,110618,0
matmul_train,global,ref+sfreq+idle+rdist,matmul-blocked96-s1,train,matmul,matmul-blocked96,0.05,2,390182,110618,0
matmul_train,global,ref+sfreq+age+dirty,matmul-blocked96-s1,train,matmul,matmul-blocked96,0.05,2,389862,110618,0
matmul_train,global,ref+sfreq+age+refaults,matmul-blocked96-s1,train,matmul,matmul-blocked96,0.05,2,400665,110618,0
matmul_train,global,ref+sfreq+age+rdist,matmul-blocked96-s1,train,matmul,matmul-blocked96,0.05,2,390735,110618,0
matmul_train,global,ref+sfreq+dirty+refaults,matmul-blocked96-s1,train,matmul,matmul-blocked96,0.05,2,399754,110618,0
matmul_train,global,ref+sfreq+dirty+rdist,matmul-blocked96-s1,train,matmul,matmul-blocked96,0.05,2,390110,110618,0
matmul_train,global,ref+sfreq+refaults+rdist,matmul-blocked96-s1,train,matmul,matmul-blocked96,0.05,2,397662,110618,0
matmul_train,global,ref+idle+age+dirty,matmul-blocked96-s1,train,matmul,matmul-blocked96,0.05,2,388806,110618,0
matmul_train,global,ref+idle+age+refaults,matmul-blocked96-s1,train,matmul,matmul-blocked96,0.05,2,396976,110618,0
matmul_train,global,ref+idle+age+rdist,matmul-blocked96-s1,train,matmul,matmul-blocked96,0.05,2,390182,110618,0
matmul_train,global,ref+idle+dirty+refaults,matmul-blocked96-s1,train,matmul,matmul-blocked96,0.05,2,416287,110618,0
matmul_train,global,ref+idle+dirty+rdist,matmul-blocked96-s1,train,matmul,matmul-blocked96,0.05,2,390525,110618,0
matmul_train,global,ref+idle+refaults+rdist,matmul-blocked96-s1,train,matmul,matmul-blocked96,0.05,2,401680,110618,0
matmul_train,global,ref+age+dirty+refaults,matmul-blocked96-s1,train,matmul,matmul-blocked96,0.05,2,402139,110618,0
matmul_train,global,ref+age+dirty+rdist,matmul-blocked96-s1,train,matmul,matmul-blocked96,0.05,2,390525,110618,0
matmul_train,global,ref+age+refaults+rdist,matmul-blocked96-s1,train,matmul,matmul-blocked96,0.05,2,397237,110618,0
matmul_train,global,ref+dirty+refaults+rdist,matmul-blocked96-s1,train,matmul,matmul-blocked96,0.05,2,399377,110618,0
matmul_train,global,aging+sfreq+idle+age,matmul-blocked96-s1,train,matmul,matmul-blocked96,0.05,2,388806,110618,0
matmul_train,global,aging+sfreq+idle+dirty,matmul-blocked96-s1,train,matmul,matmul-blocked96,0.05,2,388806,110618,0
matmul_train,global,aging+sfreq+idle+refaults,matmul-blocked96-s1,train,matmul,matmul-blocked96,0.05,2,398636,110618,0
matmul_train,global,aging+sfreq+idle+rdist,matmul-blocked96-s1,train,matmul,matmul-blocked96,0.05,2,390182,110618,0
matmul_train,global,aging+sfreq+age+dirty,matmul-blocked96-s1,train,matmul,matmul-blocked96,0.05,2,388806,110618,0
matmul_train,global,aging+sfreq+age+refaults,matmul-blocked96-s1,train,matmul,matmul-blocked96,0.05,2,398363,110618,0
matmul_train,global,aging+sfreq+age+rdist,matmul-blocked96-s1,train,matmul,matmul-blocked96,0.05,2,390158,110618,0
matmul_train,global,aging+sfreq+dirty+refaults,matmul-blocked96-s1,train,matmul,matmul-blocked96,0.05,2,397959,110618,0
matmul_train,global,aging+sfreq+dirty+rdist,matmul-blocked96-s1,train,matmul,matmul-blocked96,0.05,2,390110,110618,0
matmul_train,global,aging+sfreq+refaults+rdist,matmul-blocked96-s1,train,matmul,matmul-blocked96,0.05,2,396144,110618,0
matmul_train,global,aging+idle+age+dirty,matmul-blocked96-s1,train,matmul,matmul-blocked96,0.05,2,388806,110618,0
matmul_train,global,aging+idle+age+refaults,matmul-blocked96-s1,train,matmul,matmul-blocked96,0.05,2,396697,110618,0
matmul_train,global,aging+idle+age+rdist,matmul-blocked96-s1,train,matmul,matmul-blocked96,0.05,2,390182,110618,0
matmul_train,global,aging+idle+dirty+refaults,matmul-blocked96-s1,train,matmul,matmul-blocked96,0.05,2,416437,110618,0
matmul_train,global,aging+idle+dirty+rdist,matmul-blocked96-s1,train,matmul,matmul-blocked96,0.05,2,390525,110618,0
matmul_train,global,aging+idle+refaults+rdist,matmul-blocked96-s1,train,matmul,matmul-blocked96,0.05,2,400677,110618,0
matmul_train,global,aging+age+dirty+refaults,matmul-blocked96-s1,train,matmul,matmul-blocked96,0.05,2,398370,110618,0
matmul_train,global,aging+age+dirty+rdist,matmul-blocked96-s1,train,matmul,matmul-blocked96,0.05,2,390110,110618,0
matmul_train,global,aging+age+refaults+rdist,matmul-blocked96-s1,train,matmul,matmul-blocked96,0.05,2,395560,110618,0
matmul_train,global,aging+dirty+refaults+rdist,matmul-blocked96-s1,train,matmul,matmul-blocked96,0.05,2,401379,110618,0
matmul_train,global,sfreq+idle+age+dirty,matmul-blocked96-s1,train,matmul,matmul-blocked96,0.05,2,388806,110618,0
matmul_train,global,sfreq+idle+age+refaults,matmul-blocked96-s1,train,matmul,matmul-blocked96,0.05,2,397438,110618,0
matmul_train,global,sfreq+idle+age+rdist,matmul-blocked96-s1,train,matmul,matmul-blocked96,0.05,2,390250,110618,0
matmul_train,global,sfreq+idle+dirty+refaults,matmul-blocked96-s1,train,matmul,matmul-blocked96,0.05,2,391666,110618,0
matmul_train,global,sfreq+idle+dirty+rdist,matmul-blocked96-s1,train,matmul,matmul-blocked96,0.05,2,374076,110618,0
matmul_train,global,sfreq+idle+refaults+rdist,matmul-blocked96-s1,train,matmul,matmul-blocked96,0.05,2,391679,110618,0
matmul_train,global,sfreq+age+dirty+refaults,matmul-blocked96-s1,train,matmul,matmul-blocked96,0.05,2,393603,110618,0
matmul_train,global,sfreq+age+dirty+rdist,matmul-blocked96-s1,train,matmul,matmul-blocked96,0.05,2,336714,110618,0
matmul_train,global,sfreq+age+refaults+rdist,matmul-blocked96-s1,train,matmul,matmul-blocked96,0.05,2,391492,110618,0
matmul_train,global,sfreq+dirty+refaults+rdist,matmul-blocked96-s1,train,matmul,matmul-blocked96,0.05,2,380014,110618,0
matmul_train,global,idle+age+dirty+refaults,matmul-blocked96-s1,train,matmul,matmul-blocked96,0.05,2,391056,110618,0
matmul_train,global,idle+age+dirty+rdist,matmul-blocked96-s1,train,matmul,matmul-blocked96,0.05,2,374076,110618,0
matmul_train,global,idle+age+refaults+rdist,matmul-blocked96-s1,train,matmul,matmul-blocked96,0.05,2,391408,110618,0
matmul_train,global,idle+dirty+refaults+rdist,matmul-blocked96-s1,train,matmul,matmul-blocked96,0.05,2,385577,110618,0
matmul_train,global,age+dirty+refaults+rdist,matmul-blocked96-s1,train,matmul,matmul-blocked96,0.05,2,378214,110618,0
matmul_train,global,ref+aging+sfreq+idle+age,matmul-blocked96-s1,train,matmul,matmul-blocked96,0.05,2,388806,110618,0
matmul_train,global,ref+aging+sfreq+idle+dirty,matmul-blocked96-s1,train,matmul,matmul-blocked96,0.05,2,388806,110618,0
matmul_train,global,ref+aging+sfreq+idle+refaults,matmul-blocked96-s1,train,matmul,matmul-blocked96,0.05,2,401743,110618,0
matmul_train,global,ref+aging+sfreq+idle+rdist,matmul-blocked96-s1,train,matmul,matmul-blocked96,0.05,2,390254,110618,0
matmul_train,global,ref+aging+sfreq+age+dirty,matmul-blocked96-s1,train,matmul,matmul-blocked96,0.05,2,388806,110618,0
matmul_train,global,ref+aging+sfreq+age+refaults,matmul-blocked96-s1,train,matmul,matmul-blocked96,0.05,2,399761,110618,0
matmul_train,global,ref+aging+sfreq+age+rdist,matmul-blocked96-s1,train,matmul,matmul-blocked96,0.05,2,390854,110618,0
matmul_train,global,ref+aging+sfreq+dirty+refaults,matmul-blocked96-s1,train,matmul,matmul-blocked96,0.05,2,397193,110618,0
matmul_train,global,ref+aging+sfreq+dirty+rdist,matmul-blocked96-s1,train,matmul,matmul-blocked96,0.05,2,390226,110618,0
matmul_train,global,ref+aging+sfreq+refaults+rdist,matmul-blocked96-s1,train,matmul,matmul-blocked96,0.05,2,398086,110618,0
matmul_train,global,ref+aging+idle+age+dirty,matmul-blocked96-s1,train,matmul,matmul-blocked96,0.05,2,388806,110618,0
matmul_train,global,ref+aging+idle+age+refaults,matmul-blocked96-s1,train,matmul,matmul-blocked96,0.05,2,395997,110618,0
matmul_train,global,ref+aging+idle+age+rdist,matmul-blocked96-s1,train,matmul,matmul-blocked96,0.05,2,390854,110618,0
matmul_train,global,ref+aging+idle+dirty+refaults,matmul-blocked96-s1,train,matmul,matmul-blocked96,0.05,2,416461,110618,0
matmul_train,global,ref+aging+idle+dirty+rdist,matmul-blocked96-s1,train,matmul,matmul-blocked96,0.05,2,390525,110618,0
matmul_train,global,ref+aging+idle+refaults+rdist,matmul-blocked96-s1,train,matmul,matmul-blocked96,0.05,2,400761,110618,0
matmul_train,global,ref+aging+age+dirty+refaults,matmul-blocked96-s1,train,matmul,matmul-blocked96,0.05,2,397454,110618,0
matmul_train,global,ref+aging+age+dirty+rdist,matmul-blocked96-s1,train,matmul,matmul-blocked96,0.05,2,390807,110618,0
matmul_train,global,ref+aging+age+refaults+rdist,matmul-blocked96-s1,train,matmul,matmul-blocked96,0.05,2,397071,110618,0
matmul_train,global,ref+aging+dirty+refaults+rdist,matmul-blocked96-s1,train,matmul,matmul-blocked96,0.05,2,401413,110618,0
matmul_train,global,ref+sfreq+idle+age+dirty,matmul-blocked96-s1,train,matmul,matmul-blocked96,0.05,2,388806,110618,0
matmul_train,global,ref+sfreq+idle+age+refaults,matmul-blocked96-s1,train,matmul,matmul-blocked96,0.05,2,398341,110618,0
matmul_train,global,ref+sfreq+idle+age+rdist,matmul-blocked96-s1,train,matmul,matmul-blocked96,0.05,2,390182,110618,0
matmul_train,global,ref+sfreq+idle+dirty+refaults,matmul-blocked96-s1,train,matmul,matmul-blocked96,0.05,2,397628,110618,0
matmul_train,global,ref+sfreq+idle+dirty+rdist,matmul-blocked96-s1,train,matmul,matmul-blocked96,0.05,2,390110,110618,0
matmul_train,global,ref+sfreq+idle+refaults+rdist,matmul-blocked96-s1,train,matmul,matmul-blocked96,0.05,2,397373,110618,0
matmul_train,global,ref+sfreq+age+dirty+refaults,matmul-blocked96-s1,train,matmul,matmul-blocked96,0.05,2,399815,110618,0
matmul_train,global,ref+sfreq+age+dirty+rdist,matmul-blocked96-s1,train,matmul,matmul-blocked96,0.05,2,390525,110618,0
matmul_train,global,ref+sfreq+age+refaults+rdist,matmul-blocked96-s1,train,matmul,matmul-blocked96,0.05,2,397651,110618,0
matmul_train,global,ref+sfreq+dirty+refaults+rdist,matmul-blocked96-s1,train,matmul,matmul-blocked96,0.05,2,395508,110618,0
matmul_train,global,ref+idle+age+dirty+refaults,matmul-blocked96-s1,train,matmul,matmul-blocked96,0.05,2,395224,110618,0
matmul_train,global,ref+idle+age+dirty+rdist,matmul-blocked96-s1,train,matmul,matmul-blocked96,0.05,2,390110,110618,0
matmul_train,global,ref+idle+age+refaults+rdist,matmul-blocked96-s1,train,matmul,matmul-blocked96,0.05,2,395656,110618,0
matmul_train,global,ref+idle+dirty+refaults+rdist,matmul-blocked96-s1,train,matmul,matmul-blocked96,0.05,2,399034,110618,0
matmul_train,global,ref+age+dirty+refaults+rdist,matmul-blocked96-s1,train,matmul,matmul-blocked96,0.05,2,396344,110618,0
matmul_train,global,aging+sfreq+idle+age+dirty,matmul-blocked96-s1,train,matmul,matmul-blocked96,0.05,2,388806,110618,0
matmul_train,global,aging+sfreq+idle+age+refaults,matmul-blocked96-s1,train,matmul,matmul-blocked96,0.05,2,397093,110618,0
matmul_train,global,aging+sfreq+idle+age+rdist,matmul-blocked96-s1,train,matmul,matmul-blocked96,0.05,2,390662,110618,0
matmul_train,global,aging+sfreq+idle+dirty+refaults,matmul-blocked96-s1,train,matmul,matmul-blocked96,0.05,2,397883,110618,0
matmul_train,global,aging+sfreq+idle+dirty+rdist,matmul-blocked96-s1,train,matmul,matmul-blocked96,0.05,2,390110,110618,0
matmul_train,global,aging+sfreq+idle+refaults+rdist,matmul-blocked96-s1,train,matmul,matmul-blocked96,0.05,2,396594,110618,0
matmul_train,global,aging+sfreq+age+dirty+refaults,matmul-blocked96-s1,train,matmul,matmul-blocked96,0.05,2,397786,110618,0
matmul_train,global,aging+sfreq+age+dirty+rdist,matmul-blocked96-s1,train,matmul,matmul-blocked96,0.05,2,390110,110618,0
matmul_train,global,aging+sfreq+age+refaults+rdist,matmul-blocked96-s1,train,matmul,matmul-blocked96,0.05,2,395594,110618,0
matmul_train,global,aging+sfreq+dirty+refaults+rdist,matmul-blocked96-s1,train,matmul,matmul-blocked96,0.05,2,392774,110618,0
matmul_train,global,aging+idle+age+dirty+refaults,matmul-blocked96-s1,train,matmul,matmul-blocked96,0.05,2,395816,110618,0
matmul_train,global,aging+idle+age+dirty+rdist,matmul-blocked96-s1,train,matmul,matmul-blocked96,0.05,2,390110,110618,0
matmul_train,global,aging+idle+age+refaults+rdist,matmul-blocked96-s1,train,matmul,matmul-blocked96,0.05,2,394897,110618,0
matmul_train,global,aging+idle+dirty+refaults+rdist,matmul-blocked96-s1,train,matmul,matmul-blocked96,0.05,2,401466,110618,0
matmul_train,global,aging+age+dirty+refaults+rdist,matmul-blocked96-s1,train,matmul,matmul-blocked96,0.05,2,393996,110618,0
matmul_train,global,sfreq+idle+age+dirty+refaults,matmul-blocked96-s1,train,matmul,matmul-blocked96,0.05,2,391197,110618,0
matmul_train,global,sfreq+idle+age+dirty+rdist,matmul-blocked96-s1,train,matmul,matmul-blocked96,0.05,2,374076,110618,0
matmul_train,global,sfreq+idle+age+refaults+rdist,matmul-blocked96-s1,train,matmul,matmul-blocked96,0.05,2,391887,110618,0
matmul_train,global,sfreq+idle+dirty+refaults+rdist,matmul-blocked96-s1,train,matmul,matmul-blocked96,0.05,2,379724,110618,0
matmul_train,global,sfreq+age+dirty+refaults+rdist,matmul-blocked96-s1,train,matmul,matmul-blocked96,0.05,2,378586,110618,0
matmul_train,global,idle+age+dirty+refaults+rdist,matmul-blocked96-s1,train,matmul,matmul-blocked96,0.05,2,377780,110618,0
matmul_train,global,ref+aging+sfreq+idle+age+dirty,matmul-blocked96-s1,train,matmul,matmul-blocked96,0.05,2,388806,110618,0
matmul_train,global,ref+aging+sfreq+idle+age+refaults,matmul-blocked96-s1,train,matmul,matmul-blocked96,0.05,2,395953,110618,0
matmul_train,global,ref+aging+sfreq+idle+age+rdist,matmul-blocked96-s1,train,matmul,matmul-blocked96,0.05,2,390854,110618,0
matmul_train,global,ref+aging+sfreq+idle+dirty+refaults,matmul-blocked96-s1,train,matmul,matmul-blocked96,0.05,2,397331,110618,0
matmul_train,global,ref+aging+sfreq+idle+dirty+rdist,matmul-blocked96-s1,train,matmul,matmul-blocked96,0.05,2,390250,110618,0
matmul_train,global,ref+aging+sfreq+idle+refaults+rdist,matmul-blocked96-s1,train,matmul,matmul-blocked96,0.05,2,396831,110618,0
matmul_train,global,ref+aging+sfreq+age+dirty+refaults,matmul-blocked96-s1,train,matmul,matmul-blocked96,0.05,2,396191,110618,0
matmul_train,global,ref+aging+sfreq+age+dirty+rdist,matmul-blocked96-s1,train,matmul,matmul-blocked96,0.05,2,390807,110618,0
matmul_train,global,ref+aging+sfreq+age+refaults+rdist,matmul-blocked96-s1,train,matmul,matmul-blocked96,0.05,2,397097,110618,0
matmul_train,global,ref+aging+sfreq+dirty+refaults+rdist,matmul-blocked96-s1,train,matmul,matmul-blocked96,0.05,2,389144,110618,0
matmul_train,global,ref+aging+idle+age+dirty+refaults,matmul-blocked96-s1,train,matmul,matmul-blocked96,0.05,2,394177,110618,0
matmul_train,global,ref+aging+idle+age+dirty+rdist,matmul-blocked96-s1,train,matmul,matmul-blocked96,0.05,2,390807,110618,0
matmul_train,global,ref+aging+idle+age+refaults+rdist,matmul-blocked96-s1,train,matmul,matmul-blocked96,0.05,2,397008,110618,0
matmul_train,global,ref+aging+idle+dirty+refaults+rdist,matmul-blocked96-s1,train,matmul,matmul-blocked96,0.05,2,401486,110618,0
matmul_train,global,ref+aging+age+dirty+refaults+rdist,matmul-blocked96-s1,train,matmul,matmul-blocked96,0.05,2,383840,110618,0
matmul_train,global,ref+sfreq+idle+age+dirty+refaults,matmul-blocked96-s1,train,matmul,matmul-blocked96,0.05,2,396500,110618,0
matmul_train,global,ref+sfreq+idle+age+dirty+rdist,matmul-blocked96-s1,train,matmul,matmul-blocked96,0.05,2,390110,110618,0
matmul_train,global,ref+sfreq+idle+age+refaults+rdist,matmul-blocked96-s1,train,matmul,matmul-blocked96,0.05,2,396172,110618,0
matmul_train,global,ref+sfreq+idle+dirty+refaults+rdist,matmul-blocked96-s1,train,matmul,matmul-blocked96,0.05,2,394655,110618,0
matmul_train,global,ref+sfreq+age+dirty+refaults+rdist,matmul-blocked96-s1,train,matmul,matmul-blocked96,0.05,2,395513,110618,0
matmul_train,global,ref+idle+age+dirty+refaults+rdist,matmul-blocked96-s1,train,matmul,matmul-blocked96,0.05,2,392327,110618,0
matmul_train,global,aging+sfreq+idle+age+dirty+refaults,matmul-blocked96-s1,train,matmul,matmul-blocked96,0.05,2,396041,110618,0
matmul_train,global,aging+sfreq+idle+age+dirty+rdist,matmul-blocked96-s1,train,matmul,matmul-blocked96,0.05,2,390470,110618,0
matmul_train,global,aging+sfreq+idle+age+refaults+rdist,matmul-blocked96-s1,train,matmul,matmul-blocked96,0.05,2,394840,110618,0
matmul_train,global,aging+sfreq+idle+dirty+refaults+rdist,matmul-blocked96-s1,train,matmul,matmul-blocked96,0.05,2,393987,110618,0
matmul_train,global,aging+sfreq+age+dirty+refaults+rdist,matmul-blocked96-s1,train,matmul,matmul-blocked96,0.05,2,393450,110618,0
matmul_train,global,aging+idle+age+dirty+refaults+rdist,matmul-blocked96-s1,train,matmul,matmul-blocked96,0.05,2,392373,110618,0
matmul_train,global,sfreq+idle+age+dirty+refaults+rdist,matmul-blocked96-s1,train,matmul,matmul-blocked96,0.05,2,378467,110618,0
matmul_train,global,ref+aging+sfreq+idle+age+dirty+refaults,matmul-blocked96-s1,train,matmul,matmul-blocked96,0.05,2,394215,110618,0
matmul_train,global,ref+aging+sfreq+idle+age+dirty+rdist,matmul-blocked96-s1,train,matmul,matmul-blocked96,0.05,2,366453,110618,0
matmul_train,global,ref+aging+sfreq+idle+age+refaults+rdist,matmul-blocked96-s1,train,matmul,matmul-blocked96,0.05,2,395477,110618,0
matmul_train,global,ref+aging+sfreq+idle+dirty+refaults+rdist,matmul-blocked96-s1,train,matmul,matmul-blocked96,0.05,2,390088,110618,0
matmul_train,global,ref+aging+sfreq+age+dirty+refaults+rdist,matmul-blocked96-s1,train,matmul,matmul-blocked96,0.05,2,383696,110618,0
matmul_train,global,ref+aging+idle+age+dirty+refaults+rdist,matmul-blocked96-s1,train,matmul,matmul-blocked96,0.05,2,382875,110618,0
matmul_train,global,ref+sfreq+idle+age+dirty+refaults+rdist,matmul-blocked96-s1,train,matmul,matmul-blocked96,0.05,2,392891,110618,0
matmul_train,global,aging+sfreq+idle+age+dirty+refaults+rdist,matmul-blocked96-s1,train,matmul,matmul-blocked96,0.05,2,392358,110618,0
matmul_train,global,ref+aging+sfreq+idle+age+dirty+refaults+rdist,matmul-blocked96-s1,train,matmul,matmul-blocked96,0.05,2,382979,110618,0
matmul_train,global,rec+ref+aging+sfreq+idle+age+dirty,matmul-blocked96-s1,train,matmul,matmul-blocked96,0.05,2,362912,110618,0
matmul_train,global,rec+ref+aging+sfreq+idle+age+dirty+refaults+rdist,matmul-blocked96-s1,train,matmul,matmul-blocked96,0.05,2,359948,110618,0
matmul_train,global,freq+ref+aging+sfreq+idle+age+dirty,matmul-blocked96-s1,train,matmul,matmul-blocked96,0.05,2,377164,110618,0
matmul_train,global,freq+ref+aging+sfreq+idle+age+dirty+refaults+rdist,matmul-blocked96-s1,train,matmul,matmul-blocked96,0.05,2,391436,110618,0
matmul_train,global,sd+ref+aging+sfreq+idle+age+dirty,matmul-blocked96-s1,train,matmul,matmul-blocked96,0.05,2,388806,110618,0
matmul_train,global,sd+ref+aging+sfreq+idle+age+dirty+refaults+rdist,matmul-blocked96-s1,train,matmul,matmul-blocked96,0.05,2,374956,110618,0
matmul_train,global,wr+ref+aging+sfreq+idle+age+dirty,matmul-blocked96-s1,train,matmul,matmul-blocked96,0.05,2,388806,110618,0
matmul_train,global,wr+ref+aging+sfreq+idle+age+dirty+refaults+rdist,matmul-blocked96-s1,train,matmul,matmul-blocked96,0.05,2,382331,110618,0
matmul_train,global,rec+freq+ref+aging+sfreq+idle+age+dirty,matmul-blocked96-s1,train,matmul,matmul-blocked96,0.05,2,404119,110618,0
matmul_train,global,rec+freq+ref+aging+sfreq+idle+age+dirty+refaults+rdist,matmul-blocked96-s1,train,matmul,matmul-blocked96,0.05,2,356691,110618,0
matmul_train,global,rec+sd+ref+aging+sfreq+idle+age+dirty,matmul-blocked96-s1,train,matmul,matmul-blocked96,0.05,2,367904,110618,0
matmul_train,global,rec+sd+ref+aging+sfreq+idle+age+dirty+refaults+rdist,matmul-blocked96-s1,train,matmul,matmul-blocked96,0.05,2,359364,110618,0
matmul_train,global,rec+wr+ref+aging+sfreq+idle+age+dirty,matmul-blocked96-s1,train,matmul,matmul-blocked96,0.05,2,362912,110618,0
matmul_train,global,rec+wr+ref+aging+sfreq+idle+age+dirty+refaults+rdist,matmul-blocked96-s1,train,matmul,matmul-blocked96,0.05,2,359808,110618,0
matmul_train,global,freq+sd+ref+aging+sfreq+idle+age+dirty,matmul-blocked96-s1,train,matmul,matmul-blocked96,0.05,2,350464,110618,0
matmul_train,global,freq+sd+ref+aging+sfreq+idle+age+dirty+refaults+rdist,matmul-blocked96-s1,train,matmul,matmul-blocked96,0.05,2,387814,110618,0
matmul_train,global,freq+wr+ref+aging+sfreq+idle+age+dirty,matmul-blocked96-s1,train,matmul,matmul-blocked96,0.05,2,377164,110618,0
matmul_train,global,freq+wr+ref+aging+sfreq+idle+age+dirty+refaults+rdist,matmul-blocked96-s1,train,matmul,matmul-blocked96,0.05,2,390795,110618,0
matmul_train,global,sd+wr+ref+aging+sfreq+idle+age+dirty,matmul-blocked96-s1,train,matmul,matmul-blocked96,0.05,2,388806,110618,0
matmul_train,global,sd+wr+ref+aging+sfreq+idle+age+dirty+refaults+rdist,matmul-blocked96-s1,train,matmul,matmul-blocked96,0.05,2,375284,110618,0
matmul_train,global,rec+freq+sd+ref+aging+sfreq+idle+age+dirty,matmul-blocked96-s1,train,matmul,matmul-blocked96,0.05,2,396603,110618,0
matmul_train,global,rec+freq+sd+ref+aging+sfreq+idle+age+dirty+refaults+rdist,matmul-blocked96-s1,train,matmul,matmul-blocked96,0.05,2,356760,110618,0
matmul_train,global,rec+freq+wr+ref+aging+sfreq+idle+age+dirty,matmul-blocked96-s1,train,matmul,matmul-blocked96,0.05,2,406242,110618,0
matmul_train,global,rec+freq+wr+ref+aging+sfreq+idle+age+dirty+refaults+rdist,matmul-blocked96-s1,train,matmul,matmul-blocked96,0.05,2,356754,110618,0
matmul_train,global,rec+sd+wr+ref+aging+sfreq+idle+age+dirty,matmul-blocked96-s1,train,matmul,matmul-blocked96,0.05,2,367748,110618,0
matmul_train,global,rec+sd+wr+ref+aging+sfreq+idle+age+dirty+refaults+rdist,matmul-blocked96-s1,train,matmul,matmul-blocked96,0.05,2,359608,110618,0
matmul_train,global,freq+sd+wr+ref+aging+sfreq+idle+age+dirty,matmul-blocked96-s1,train,matmul,matmul-blocked96,0.05,2,353617,110618,0
matmul_train,global,freq+sd+wr+ref+aging+sfreq+idle+age+dirty+refaults+rdist,matmul-blocked96-s1,train,matmul,matmul-blocked96,0.05,2,387536,110618,0
matmul_train,global,rec+freq+sd+wr+ref+aging+sfreq+idle+age+dirty,matmul-blocked96-s1,train,matmul,matmul-blocked96,0.05,2,400820,110618,0
matmul_train,global,rec+freq+sd+wr+ref+aging+sfreq+idle+age+dirty+refaults+rdist,matmul-blocked96-s1,train,matmul,matmul-blocked96,0.05,2,357011,110618,0
matmul_train,matmul,rec,matmul-naive96-s1,train,matmul,matmul-naive96,0.05,2,129599,9233,0
matmul_train,matmul,freq,matmul-naive96-s1,train,matmul,matmul-naive96,0.05,2,177966,9233,0
matmul_train,matmul,sd,matmul-naive96-s1,train,matmul,matmul-naive96,0.05,2,129599,9233,0
matmul_train,matmul,wr,matmul-naive96-s1,train,matmul,matmul-naive96,0.05,2,138813,9233,0
matmul_train,matmul,rec+freq,matmul-naive96-s1,train,matmul,matmul-naive96,0.05,2,134296,9233,0
matmul_train,matmul,rec+sd,matmul-naive96-s1,train,matmul,matmul-naive96,0.05,2,129599,9233,0
matmul_train,matmul,rec+wr,matmul-naive96-s1,train,matmul,matmul-naive96,0.05,2,129599,9233,0
matmul_train,matmul,freq+sd,matmul-naive96-s1,train,matmul,matmul-naive96,0.05,2,129722,9233,0
matmul_train,matmul,freq+wr,matmul-naive96-s1,train,matmul,matmul-naive96,0.05,2,177980,9233,0
matmul_train,matmul,sd+wr,matmul-naive96-s1,train,matmul,matmul-naive96,0.05,2,129599,9233,0
matmul_train,matmul,rec+freq+sd,matmul-naive96-s1,train,matmul,matmul-naive96,0.05,2,129840,9233,0
matmul_train,matmul,rec+freq+wr,matmul-naive96-s1,train,matmul,matmul-naive96,0.05,2,129603,9233,0
matmul_train,matmul,rec+sd+wr,matmul-naive96-s1,train,matmul,matmul-naive96,0.05,2,129599,9233,0
matmul_train,matmul,freq+sd+wr,matmul-naive96-s1,train,matmul,matmul-naive96,0.05,2,129599,9233,0
matmul_train,matmul,rec+freq+sd+wr,matmul-naive96-s1,train,matmul,matmul-naive96,0.05,2,129599,9233,0
matmul_train,matmul,ref,matmul-naive96-s1,train,matmul,matmul-naive96,0.05,2,138816,9233,0
matmul_train,matmul,aging,matmul-naive96-s1,train,matmul,matmul-naive96,0.05,2,138816,9233,0
matmul_train,matmul,sfreq,matmul-naive96-s1,train,matmul,matmul-naive96,0.05,2,165313,9233,0
matmul_train,matmul,idle,matmul-naive96-s1,train,matmul,matmul-naive96,0.05,2,138816,9233,0
matmul_train,matmul,age,matmul-naive96-s1,train,matmul,matmul-naive96,0.05,2,183742,9233,0
matmul_train,matmul,dirty,matmul-naive96-s1,train,matmul,matmul-naive96,0.05,2,138813,9233,0
matmul_train,matmul,refaults,matmul-naive96-s1,train,matmul,matmul-naive96,0.05,2,148492,9233,0
matmul_train,matmul,rdist,matmul-naive96-s1,train,matmul,matmul-naive96,0.05,2,123876,9233,0
matmul_train,matmul,ref+aging,matmul-naive96-s1,train,matmul,matmul-naive96,0.05,2,138816,9233,0
matmul_train,matmul,ref+sfreq,matmul-naive96-s1,train,matmul,matmul-naive96,0.05,2,165313,9233,0
matmul_train,matmul,ref+idle,matmul-naive96-s1,train,matmul,matmul-naive96,0.05,2,138816,9233,0
matmul_train,matmul,ref+age,matmul-naive96-s1,train,matmul,matmul-naive96,0.05,2,165313,9233,0
matmul_train,matmul,ref+dirty,matmul-naive96-s1,train,matmul,matmul-naive96,0.05,2,138813,9233,0
matmul_train,matmul,ref+refaults,matmul-naive96-s1,train,matmul,matmul-naive96,0.05,2,135586,9233,0
matmul_train,matmul,ref+rdist,matmul-naive96-s1,train,matmul,matmul-naive96,0.05,2,123876,9233,0
matmul_train,matmul,aging+sfreq,matmul-naive96-s1,train,matmul,matmul-naive96,0.05,2,165313,9233,0
matmul_train,matmul,aging+idle,matmul-naive96-s1,train,matmul,matmul-naive96,0.05,2,138816,9233,0
matmul_train,matmul,aging+age,matmul-naive96-s1,train,matmul,matmul-naive96,0.05,2,165313,9233,0
matmul_train,matmul,aging+dirty,matmul-naive96-s1,train,matmul,matmul-naive96,0.05,2,138813,9233,0
matmul_train,matmul,aging+refaults,matmul-naive96-s1,train,matmul,matmul-naive96,0.05,2,135586,9233,0
matmul_train,matmul,aging+rdist,matmul-naive96-s1,train,matmul,matmul-naive96,0.05,2,123876,9233,0
matmul_train,matmul,sfreq+idle,matmul-naive96-s1,train,matmul,matmul-naive96,0.05,2,165313,9233,0
matmul_train,matmul,sfreq+age,matmul-naive96-s1,train,matmul,matmul-naive96,0.05,2,165313,9233,0
matmul_train,matmul,sfreq+dirty,matmul-naive96-s1,train,matmul,matmul-naive96,0.05,2,165313,9233,0
matmul_train,matmul,sfreq+refaults,matmul-naive96-s1,train,matmul,matmul-naive96,0.05,2,164155,9233,0
matmul_train,matmul,sfreq+rdist,matmul-naive96-s1,train,matmul,matmul-naive96,0.05,2,123848,9233,0
matmul_train,matmul,idle+age,matmul-naive96-s1,train,matmul,matmul-naive96,0.05,2,165313,9233,0
matmul_train,matmul,idle+dirty,matmul-naive96-s1,train,matmul,matmul-naive96,0.05,2,138813,9233,0
matmul_train,matmul,idle+refaults,matmul-naive96-s1,train,matmul,matmul-naive96,0.05,2,135586,9233,0
matmul_train,matmul,idle+rdist,matmul-naive96-s1,train,matmul,matmul-naive96,0.05,2,123876,9233,0
matmul_train,matmul,age+dirty,matmul-naive96-s1,train,matmul,matmul-naive96,0.05,2,174816,9233,0
matmul_train,matmul,age+refaults,matmul-naive96-s1,train,matmul,matmul-naive96,0.05,2,184251,9233,0
matmul_train,matmul,age+rdist,matmul-naive96-s1,train,matmul,matmul-naive96,0.05,2,183167,9233,0
matmul_train,matmul,dirty+refaults,matmul-naive96-s1,train,matmul,matmul-naive96,0.05,2,134011,9233,0
matmul_train,matmul,dirty+rdist,matmul-naive96-s1,train,matmul,matmul-naive96,0.05,2,123876,9233,0
matmul_train,matmul,refaults+rdist,matmul-naive96-s1,train,matmul,matmul-naive96,0.05,2,130964,9233,0
matmul_train,matmul,ref+aging+sfreq,matmul-naive96-s1,train,matmul,matmul-naive96,0.05,2,165313,9233,0
matmul_train,matmul,ref+aging+idle,matmul-naive96-s1,train,matmul,matmul-naive96,0.05,2,138816,9233,0
matmul_train,matmul,ref+aging+age,matmul-naive96-s1,train,matmul,matmul-naive96,0.05,2,165313,9233,0
matmul_train,matmul,ref+aging+dirty,matmul-naive96-s1,train,matmul,matmul-naive96,0.05,2,138813,9233,0
matmul_train,matmul,ref+aging+refaults,matmul-naive96-s1,train,matmul,matmul-naive96,0.05,2,135595,9233,0
matmul_train,matmul,ref+aging+rdist,matmul-naive96-s1,train,matmul,matmul-naive96,0.05,2,123876,9233,0
matmul_train,matmul,ref+sfreq+idle,matmul-naive96-s1,train,matmul,matmul-naive96,0.05,2,165313,9233,0
matmul_train,matmul,ref+sfreq+age,matmul-naive96-s1,train,matmul,matmul-naive96,0.05,2,165313,9233,0
matmul_train,matmul,ref+sfreq+dirty,matmul-naive96-s1,train,matmul,matmul-naive96,0.05,2,165313,9233,0
matmul_train,matmul,ref+sfreq+refaults,matmul-naive96-s1,train,matmul,matmul-naive96,0.05,2,161982,9233,0
matmul_train,matmul,ref+sfreq+rdist,matmul-naive96-s1,train,matmul,matmul-naive96,0.05,2,123848,9233,0
matmul_train,matmul,ref+idle+age,matmul-naive96-s1,train,matmul,matmul-naive96,0.05,2,165313,9233,0
matmul_train,matmul,ref+idle+dirty,matmul-naive96-s1,train,matmul,matmul-naive96,0.05,2,138813,9233,0
matmul_train,matmul,ref+idle+refaults,matmul-naive96-s1,train,matmul,matmul-naive96,0.05,2,135587,9233,0
matmul_train,matmul,ref+idle+rdist,matmul-naive96-s1,train,matmul,matmul-naive96,0.05,2,123876,9233,0
matmul_train,matmul,ref+age+dirty,matmul-naive96-s1,train,matmul,matmul-naive96,0.05,2,165313,9233,0
matmul_train,matmul,ref+age+refaults,matmul-naive96-s1,train,matmul,matmul-naive96,0.05,2,164661,9233,0
matmul_train,matmul,ref+age+rdist,matmul-naive96-s1,train,matmul,matmul-naive96,0.05,2,123848,9233,0
matmul_train,matmul,ref+dirty+refaults,matmul-naive96-s1,train,matmul,matmul-naive96,0.05,2,134011,9233,0
matmul_train,matmul,ref+dirty+rdist,matmul-naive96-s1,train,matmul,matmul-naive96,0.05,2,123875,9233,0
matmul_train,matmul,ref+refaults+rdist,matmul-naive96-s1,train,matmul,matmul-naive96,0.05,2,123848,9233,0
matmul_train,matmul,aging+sfreq+idle,matmul-naive96-s1,train,matmul,matmul-naive96,0.05,2,165313,9233,0
matmul_train,matmul,aging+sfreq+age,matmul-naive96-s1,train,matmul,matmul-naive96,0.05,2,165313,9233,0
matmul_train,matmul,aging+sfreq+dirty,matmul-naive96-s1,train,matmul,matmul-naive96,0.05,2,165313,9233,0
matmul_train,matmul,aging+sfreq+refaults,matmul-naive96-s1,train,matmul,matmul-naive96,0.05,2,161743,9233,0
matmul_train,matmul,aging+sfreq+rdist,matmul-naive96-s1,train,matmul,matmul-naive96,0.05,2,123848,9233,0
matmul_train,matmul,aging+idle+age,matmul-naive96-s1,train,matmul,matmul-naive96,0.05,2,165313,9233,0
matmul_train,matmul,aging+idle+dirty,matmul-naive96-s1,train,matmul,matmul-naive96,0.05,2,138813,9233,0
matmul_train,matmul,aging+idle+refaults,matmul-naive96-s1,train,matmul,matmul-naive96,0.05,2,135586,9233,0
matmul_train,matmul,aging+idle+rdist,matmul-naive96-s1,train,matmul,matmul-naive96,0.05,2,123876,9233,0
matmul_train,matmul,aging+age+dirty,matmul-naive96-s1,train,matmul,matmul-naive96,0.05,2,165313,9233,0
matmul_train,matmul,aging+age+refaults,matmul-naive96-s1,train,matmul,matmul-naive96,0.05,2,164308,9233,0
matmul_train,matmul,aging+age+rdist,matmul-naive96-s1,train,matmul,matmul-naive96,0.05,2,123848,9233,0
matmul_train,matmul,aging+dirty+refaults,matmul-naive96-s1,train,matmul,matmul-naive96,0.05,2,134011,9233,0
matmul_train,matmul,aging+dirty+rdist,matmul-naive96-s1,train,matmul,matmul-naive96,0.05,2,123875,9233,0
matmul_train,matmul,aging+refaults+rdist,matmul-naive96-s1,train,matmul,matmul-naive96,0.05,2,123848,9233,0
matmul_train,matmul,sfreq+idle+age,matmul-naive96-s1,train,matmul,matmul-naive96,0.05,2,165313,9233,0
matmul_train,matmul,sfreq+idle+dirty,matmul-naive96-s1,train,matmul,matmul-naive96,0.05,2,165313,9233,0
matmul_train,matmul,sfreq+idle+refaults,matmul-naive96-s1,train,matmul,matmul-naive96,0.05,2,161447,9233,0
matmul_train,matmul,sfreq+idle+rdist,matmul-naive96-s1,train,matmul,matmul-naive96,0.05,2,123848,9233,0
matmul_train,matmul,sfreq+age+dirty,matmul-naive96-s1,train,matmul,matmul-naive96,0.05,2,165313,9233,0
matmul_train,matmul,sfreq+age+refaults,matmul-naive96-s1,train,matmul,matmul-naive96,0.05,2,156926,9233,0
matmul_train,matmul,sfreq+age+rdist,matmul-naive96-s1,train,matmul,matmul-naive96,0.05,2,123848,9233,0
matmul_train,matmul,sfreq+dirty+refaults,matmul-naive96-s1,train,matmul,matmul-naive96,0.05,2,166031,9233,0
matmul_train,matmul,sfreq+dirty+rdist,matmul-naive96-s1,train,matmul,matmul-naive96,0.05,2,123848,9233,0
matmul_train,matmul,sfreq+refaults+rdist,matmul-naive96-s1,train,matmul,matmul-naive96,0.05,2,123876,9233,0
matmul_train,matmul,idle+age+dirty,matmul-naive96-s1,train,matmul,matmul-naive96,0.05,2,165313,9233,0
matmul_train,matmul,idle+age+refaults,matmul-naive96-s1,train,matmul,matmul-naive96,0.05,2,164111,9233,0
matmul_train,matmul,idle+age+rdist,matmul-naive96-s1,train,matmul,matmul-naive96,0.05,2,123848,9233,0
matmul_train,matmul,idle+dirty+refaults,matmul-naive96-s1,train,matmul,matmul-naive96,0.05,2,134011,9233,0
matmul_train,matmul,idle+dirty+rdist,matmul-naive96-s1,train,matmul,matmul-naive96,0.05,2,123875,9233,0
matmul_train,matmul,idle+refaults+rdist,matmul-naive96-s1,train,matmul,matmul-naive96,0.05,2,123848,9233,0
matmul_train,matmul,age+dirty+refaults,matmul-naive96-s1,train,matmul,matmul-naive96,0.05,2,175128,9233,0
matmul_train,matmul,age+dirty+rdist,matmul-naive96-s1,train,matmul,matmul-naive96,0.05,2,152432,9233,0
matmul_train,matmul,age+refaults+rdist,matmul-naive96-s1,train,matmul,matmul-naive96,0.05,2,172025,9233,0
matmul_train,matmul,dirty+refaults+rdist,matmul-naive96-s1,train,matmul,matmul-naive96,0.05,2,123848,9233,0
matmul_train,matmul,ref+aging+sfreq+idle,matmul-naive96-s1,train,matmul,matmul-naive96,0.05,2,165313,9233,0
matmul_train,matmul,ref+aging+sfreq+age,matmul-naive96-s1,train,matmul,matmul-naive96,0.05,2,165313,9233,0
matmul_train,matmul,ref+aging+sfreq+dirty,matmul-naive96-s1,train,matmul,matmul-naive96,0.05,2,165313,9233,0
matmul_train,matmul,ref+aging+sfreq+refaults,matmul-naive96-s1,train,matmul,matmul-naive96,0.05,2,162768,9233,0
matmul_train,matmul,ref+aging+sfreq+rdist,matmul-naive96-s1,train,matmul,matmul-naive96,0.05,2,123848,9233,0
matmul_train,matmul,ref+aging+idle+age,matmul-naive96-s1,train,matmul,matmul-naive96,0.05,2,165313,9233,0
matmul_train,matmul,ref+aging+idle+dirty,matmul-naive96-s1,train,matmul,matmul-naive96,0.05,2,138813,9233,0
matmul_train,matmul,ref+aging+idle+refaults,matmul-naive96-s1,train,matmul,matmul-naive96,0.05,2,135600,9233,0
matmul_train,matmul,ref+aging+idle+rdist,matmul-naive96-s1,train,matmul,matmul-naive96,0.05,2,123876,9233,0
matmul_train,matmul,ref+aging+age+dirty,matmul-naive96-s1,train,matmul,matmul-naive96,0.05,2,165313,9233,0
matmul_train,matmul,ref+aging+age+refaults,matmul-naive96-s1,train,matmul,matmul-naive96,0.05,2,164985,9233,0
matmul_train,matmul,ref+aging+age+rdist,matmul-naive96-s1,train,matmul,matmul-naive96,0.05,2,123848,9233,0
matmul_train,matmul,ref+aging+dirty+refaults,matmul-naive96-s1,train,matmul,matmul-naive96,0.05,2,134011,9233,0
matmul_train,matmul,ref+aging+dirty+rdist,matmul-naive96-s1,train,matmul,matmul-naive96,0.05,2,123875,9233,0
matmul_train,matmul,ref+aging+refaults+rdist,matmul-naive96-s1,train,matmul,matmul-naive96,0.05,2,123848,9233,0
matmul_train,matmul,ref+sfreq+idle+age,matmul-naive96-s1,train,matmul,matmul-naive96,0.05,2,165313,9233,0
matmul_train,matmul,ref+sfreq+idle+dirty,matmul-naive96-s1,train,matmul,matmul-naive96,0.05,2,165313,9233,0
matmul_train,matmul,ref+sfreq+idle+refaults,matmul-naive96-s1,train,matmul,matmul-naive96,0.05,2,161767,9233,0
matmul_train,matmul,ref+sfreq+idle+rdist,matmul-naive96-s1,train,matmul,matmul-naive96,0.05,2,123848,9233,0
matmul_train,matmul,ref+sfreq+age+dirty,matmul-naive96-s1,train,matmul,matmul-naive96,0.05,2,165313,9233,0
matmul_train,matmul,ref+sfreq+age+refaults,matmul-naive96-s1,train,matmul,matmul-naive96,0.05,2,165424,9233,0
matmul_train,matmul,ref+sfreq+age+rdist,matmul-naive96-s1,train,matmul,matmul-naive96,0.05,2,123848,9233,0
matmul_train,matmul,ref+sfreq+dirty+refaults,matmul-naive96-s1,train,matmul,matmul-naive96,0.05,2,163175,9233,0
matmul_train,matmul,ref+sfreq+dirty+rdist,matmul-naive96-s1,train,matmul,matmul-naive96,0.05,2,123848,9233,0
matmul_train,matmul,ref+sfreq+refaults+rdist,matmul-naive96-s1,train,matmul,matmul-naive96,0.05,2,123876,9233,0
matmul_train,matmul,ref+idle+age+dirty,matmul-naive96-s1,train,matmul,matmul-naive96,0.05,2,165313,9233,0
matmul_train,matmul,ref+idle+age+refaults,matmul-naive96-s1,train,matmul,matmul-naive96,0.05,2,164284,9233,0
matmul_train,matmul,ref+idle+age+rdist,matmul-naive96-s1,train,matmul,matmul-naive96,0.05,2,123848,9233,0
matmul_train,matmul,ref+idle+dirty+refaults,matmul-naive96-s1,train,matmul,matmul-naive96,0.05,2,134011,9233,0
matmul_train,matmul,ref+idle+dirty+rdist,matmul-naive96-s1,train,matmul,matmul-naive96,0.05,2,123875,9233,0
matmul_train,matmul,ref+idle+refaults+rdist,matmul-naive96-s1,train,matmul,matmul-naive96,0.05,2,123848,9233,0
matmul_train,matmul,ref+age+dirty+refaults,matmul-naive96-s1,train,matmul,matmul-naive96,0.05,2,166060,9233,0
matmul_train,matmul,ref+age+dirty+rdist,matmul-naive96-s1,train,matmul,matmul-naive96,0.05,2,123848,9233,0
matmul_train,matmul,ref+age+refaults+rdist,matmul-naive96-s1,train,matmul,matmul-naive96,0.05,2,123876,9233,0
matmul_train,matmul,ref+dirty+refaults+rdist,matmul-naive96-s1,train,matmul,matmul-naive96,0.05,2,123848,9233,0
matmul_train,matmul,aging+sfreq+idle+age,matmul-naive96-s1,train,matmul,matmul-naive96,0.05,2,165313,9233,0
matmul_train,matmul,aging+sfreq+idle+dirty,matmul-naive96-s1,train,matmul,matmul-naive96,0.05,2,165313,9233,0
matmul_train,matmul,aging+sfreq+idle+refaults,matmul-naive96-s1,train,matmul,matmul-naive96,0.05,2,161710,9233,0
matmul_train,matmul,aging+sfreq+idle+rdist,matmul-naive96-s1,train,matmul,matmul-naive96,0.05,2,123848,9233,0
matmul_train,matmul,aging+sfreq+age+dirty,matmul-naive96-s1,train,matmul,matmul-naive96,0.05,2,165313,9233,0
matmul_train,matmul,aging+sfreq+age+refaults,matmul-naive96-s1,train,matmul,matmul-naive96,0.05,2,165333,9233,0
matmul_train,matmul,aging+sfreq+age+rdist,matmul-naive96-s1,train,matmul,matmul-naive96,0.05,2,123848,9233,0
matmul_train,matmul,aging+sfreq+dirty+refaults,matmul-naive96-s1,train,matmul,matmul-naive96,0.05,2,162973,9233,0
matmul_train,matmul,aging+sfreq+dirty+rdist,matmul-naive96-s1,train,matmul,matmul-naive96,0.05,2,123847,9233,0
matmul_train,matmul,aging+sfreq+refaults+rdist,matmul-naive96-s1,train,matmul,matmul-naive96,0.05,2,123876,9233,0
matmul_train,matmul,aging+idle+age+dirty,matmul-naive96-s1,train,matmul,matmul-naive96,0.05,2,165313,9233,0
matmul_train,matmul,aging+idle+age+refaults,matmul-naive96-s1,train,matmul,matmul-naive96,0.05,2,164255,9233,0
matmul_train,matmul,aging+idle+age+rdist,matmul-naive96-s1,train,matmul,matmul-naive96,0.05,2,123848,9233,0
matmul_train,matmul,aging+idle+dirty+refaults,matmul-naive96-s1,train,matmul,matmul-naive96,0.05,2,134011,9233,0
matmul_train,matmul,aging+idle+dirty+rdist,matmul-naive96-s1,train,matmul,matmul-naive96,0.05,2,123875,9233,0
matmul_train,matmul,aging+idle+refaults+rdist,matmul-naive96-s1,train,matmul,matmul-naive96,0.05,2,123848,9233,0
matmul_train,matmul,aging+age+dirty+refaults,matmul-naive96-s1,train,matmul,matmul-naive96,0.05,2,165306,9233,0
matmul_train,matmul,aging+age+dirty+rdist,matmul-naive96-s1,train,matmul,matmul-naive96,0.05,2,123847,9233,0
matmul_train,matmul,aging+age+refaults+rdist,matmul-naive96-s1,train,matmul,matmul-naive96,0.05,2,123876,9233,0
matmul_train,matmul,aging+dirty+refaults+rdist,matmul-naive96-s1,train,matmul,matmul-naive96,0.05,2,123847,9233,0
matmul_train,matmul,sfreq+idle+age+dirty,matmul-naive96-s1,train,matmul,matmul-naive96,0.05,2,165313,9233,0
matmul_train,matmul,sfreq+idle+age+refaults,matmul-naive96-s1,train,matmul,matmul-naive96,0.05,2,165338,9233,0
matmul_train,matmul,sfreq+idle+age+rdist,matmul-naive96-s1,train,matmul,matmul-naive96,0.05,2,123848,9233,0
matmul_train,matmul,sfreq+idle+dirty+refaults,matmul-naive96-s1,train,matmul,matmul-naive96,0.05,2,162838,9233,0
matmul_train,matmul,sfreq+idle+dirty+rdist,matmul-naive96-s1,train,matmul,matmul-naive96,0.05,2,123847,9233,0
matmul_train,matmul,sfreq+idle+refaults+rdist,matmul-naive96-s1,train,matmul,matmul-naive96,0.05,2,123876,9233,0
matmul_train,matmul,sfreq+age+dirty+refaults,matmul-naive96-s1,train,matmul,matmul-naive96,0.05,2,159266,9233,0
matmul_train,matmul,sfreq+age+dirty+rdist,matmul-naive96-s1,train,matmul,matmul-naive96,0.05,2,123848,9233,0
matmul_train,matmul,sfreq+age+refaults+rdist,matmul-naive96-s1,train,matmul,matmul-naive96,0.05,2,123876,9233,0
matmul_train,matmul,sfreq+dirty+refaults+rdist,matmul-naive96-s1,train,matmul,matmul-naive96,0.05,2,123876,9233,0
matmul_train,matmul,idle+age+dirty+refaults,matmul-naive96-s1,train,matmul,matmul-naive96,0.05,2,164999,9233,0
matmul_train,matmul,idle+age+dirty+rdist,matmul-naive96-s1,train,matmul,matmul-naive96,0.05,2,123847,9233,0
matmul_train,matmul,idle+age+refaults+rdist,matmul-naive96-s1,train,matmul,matmul-naive96,0.05,2,123876,9233,0
matmul_train,matmul,idle+dirty+refaults+rdist,matmul-naive96-s1,train,matmul,matmul-naive96,0.05,2,123847,9233,0
matmul_train,matmul,age+dirty+refaults+rdist,matmul-naive96-s1,train,matmul,matmul-naive96,0.05,2,161701,9233,0
matmul_train,matmul,ref+aging+sfreq+idle+age,matmul-naive96-s1,train,matmul,matmul-naive96,0.05,2,165313,9233,0
matmul_train,matmul,ref+aging+sfreq+idle+dirty,matmul-naive96-s1,train,matmul,matmul-naive96,0.05,2,165313,9233,0
matmul_train,matmul,ref+aging+sfreq+idle+refaults,matmul-naive96-s1,train,matmul,matmul-naive96,0.05,2,163184,9233,0
matmul_train,matmul,ref+aging+sfreq+idle+rdist,matmul-naive96-s1,train,matmul,matmul-naive96,0.05,2,123848,9233,0
matmul_train,matmul,ref+aging+sfreq+age+dirty,matmul-naive96-s1,train,matmul,matmul-naive96,0.05,2,174816,9233,0
matmul_train,matmul,ref+aging+sfreq+age+refaults,matmul-naive96-s1,train,matmul,matmul-naive96,0.05,2,165323,9233,0
matmul_train,matmul,ref+aging+sfreq+age+rdist,matmul-naive96-s1,train,matmul,matmul-naive96,0.05,2,123848,9233,0
matmul_train,matmul,ref+aging+sfreq+dirty+refaults,matmul-naive96-s1,train,matmul,matmul-naive96,0.05,2,164018,9233,0
matmul_train,matmul,ref+aging+sfreq+dirty+rdist,matmul-naive96-s1,train,matmul,matmul-naive96,0.05,2,123848,9233,0
matmul_train,matmul,ref+aging+sfreq+refaults+rdist,matmul-naive96-s1,train,matmul,matmul-naive96,0.05,2,123876,9233,0
matmul_train,matmul,ref+aging+idle+age+dirty,matmul-naive96-s1,train,matmul,matmul-naive96,0.05,2,165313,9233,0
matmul_train,matmul,ref+aging+idle+age+refaults,matmul-naive96-s1,train,matmul,matmul-naive96,0.05,2,165713,9233,0
matmul_train,matmul,ref+aging+idle+age+rdist,matmul-naive96-s1,train,matmul,matmul-naive96,0.05,2,123848,9233,0
matmul_train,matmul,ref+aging+idle+dirty+refaults,matmul-naive96-s1,train,matmul,matmul-naive96,0.05,2,134011,9233,0
matmul_train,matmul,ref+aging+idle+dirty+rdist,matmul-naive96-s1,train,matmul,matmul-naive96,0.05,2,123875,9233,0
matmul_train,matmul,ref+aging+idle+refaults+rdist,matmul-naive96-s1,train,matmul,matmul-naive96,0.05,2,123848,9233,0
matmul_train,matmul,ref+aging+age+dirty+refaults,matmul-naive96-s1,train,matmul,matmul-naive96,0.05,2,166002,9233,0
matmul_train,matmul,ref+aging+age+dirty+rdist,matmul-naive96-s1,train,matmul,matmul-naive96,0.05,2,123848,9233,0
matmul_train,matmul,ref+aging+age+refaults+rdist,matmul-naive96-s1,train,matmul,matmul-naive96,0.05,2,123876,9233,0
matmul_train,matmul,ref+aging+dirty+refaults+rdist,matmul-naive96-s1,train,matmul,matmul-naive96,0.05,2,123848,9233,0
matmul_train,matmul,ref+sfreq+idle+age+dirty,matmul-naive96-s1,train,matmul,matmul-naive96,0.05,2,165313,9233,0
matmul_train,matmul,ref+sfreq+idle+age+refaults,matmul-naive96-s1,train,matmul,matmul-naive96,0.05,2,165335,9233,0
matmul_train,matmul,ref+sfreq+idle+age+rdist,matmul-naive96-s1,train,matmul,matmul-naive96,0.05,2,123848,9233,0
matmul_train,matmul,ref+sfreq+idle+dirty+refaults,matmul-naive96-s1,train,matmul,matmul-naive96,0.05,2,163180,9233,0
matmul_train,matmul,ref+sfreq+idle+dirty+rdist,matmul-naive96-s1,train,matmul,matmul-naive96,0.05,2,123848,9233,0
matmul_train,matmul,ref+sfreq+idle+refaults+rdist,matmul-naive96-s1,train,matmul,matmul-naive96,0.05,2,123876,9233,0
matmul_train,matmul,ref+sfreq+age+dirty+refaults,matmul-naive96-s1,train,matmul,matmul-naive96,0.05,2,165401,9233,0
matmul_train,matmul,ref+sfreq+age+dirty+rdist,matmul-naive96-s1,train,matmul,matmul-naive96,0.05,2,123848,9233,0
matmul_train,matmul,ref+sfreq+age+refaults+rdist,matmul-naive96-s1,train,matmul,matmul-naive96,0.05,2,123862,9233,0
matmul_train,matmul,ref+sfreq+dirty+refaults+rdist,matmul-naive96-s1,train,matmul,matmul-naive96,0.05,2,123875,9233,0
matmul_train,matmul,ref+idle+age+dirty+refaults,matmul-naive96-s1,train,matmul,matmul-naive96,0.05,2,165583,9233,0
matmul_train,matmul,ref+idle+age+dirty+rdist,matmul-naive96-s1,train,matmul,matmul-naive96,0.05,2,123848,9233,0
matmul_train,matmul,ref+idle+age+refaults+rdist,matmul-naive96-s1,train,matmul,matmul-naive96,0.05,2,123876,9233,0
matmul_train,matmul,ref+idle+dirty+refaults+rdist,matmul-naive96-s1,train,matmul,matmul-naive96,0.05,2,123848,9233,0
matmul_train,matmul,ref+age+dirty+refaults+rdist,matmul-naive96-s1,train,matmul,matmul-naive96,0.05,2,123875,9233,0
matmul_train,matmul,aging+sfreq+idle+age+dirty,matmul-naive96-s1,train,matmul,matmul-naive96,0.05,2,165313,9233,0
matmul_train,matmul,aging+sfreq+idle+age+refaults,matmul-naive96-s1,train,matmul,matmul-naive96,0.05,2,165333,9233,0
matmul_train,matmul,aging+sfreq+idle+age+rdist,matmul-naive96-s1,train,matmul,matmul-naive96,0.05,2,123848,9233,0
matmul_train,matmul,aging+sfreq+idle+dirty+refaults,matmul-naive96-s1,train,matmul,matmul-naive96,0.05,2,162793,9233,0
matmul_train,matmul,aging+sfreq+idle+dirty+rdist,matmul-naive96-s1,train,matmul,matmul-naive96,0.05,2,123847,9233,0
matmul_train,matmul,aging+sfreq+idle+refaults+rdist,matmul-naive96-s1,train,matmul,matmul-naive96,0.05,2,123876,9233,0
matmul_train,matmul,aging+sfreq+age+dirty+refaults,matmul-naive96-s1,train,matmul,matmul-naive96,0.05,2,165329,9233,0
matmul_train,matmul,aging+sfreq+age+dirty+rdist,matmul-naive96-s1,train,matmul,matmul-naive96,0.05,2,123846,9233,0
matmul_train,matmul,aging+sfreq+age+refaults+rdist,matmul-naive96-s1,train,matmul,matmul-naive96,0.05,2,124271,9233,0
matmul_train,matmul,aging+sfreq+dirty+refaults+rdist,matmul-naive96-s1,train,matmul,matmul-naive96,0.05,2,123875,9233,0
matmul_train,matmul,aging+idle+age+dirty+refaults,matmul-naive96-s1,train,matmul,matmul-naive96,0.05,2,164946,9233,0
matmul_train,matmul,aging+idle+age+dirty+rdist,matmul-naive96-s1,train,matmul,matmul-naive96,0.05,2,123848,9233,0
matmul_train,matmul,aging+idle+age+refaults+rdist,matmul-naive96-s1,train,matmul,matmul-naive96,0.05,2,123876,9233,0
matmul_train,matmul,aging+idle+dirty+refaults+rdist,matmul-naive96-s1,train,matmul,matmul-naive96,0.05,2,123847,9233,0
matmul_train,matmul,aging+age+dirty+refaults+rdist,matmul-naive96-s1,train,matmul,matmul-naive96,0.05,2,123875,9233,0
matmul_train,matmul,sfreq+idle+age+dirty+refaults,matmul-naive96-s1,train,matmul,matmul-naive96,0.05,2,165333,9233,0
matmul_train,matmul,sfreq+idle+age+dirty+rdist,matmul-naive96-s1,train,matmul,matmul-naive96,0.05,2,123846,9233,0
matmul_train,matmul,sfreq+idle+age+refaults+rdist,matmul-naive96-s1,train,matmul,matmul-naive96,0.05,2,124355,9233,0
matmul_train,matmul,sfreq+idle+dirty+refaults+rdist,matmul-naive96-s1,train,matmul,matmul-naive96,0.05,2,123875,9233,0
matmul_train,matmul,sfreq+age+dirty+refaults+rdist,matmul-naive96-s1,train,matmul,matmul-naive96,0.05,2,123876,9233,0
matmul_train,matmul,idle+age+dirty+refaults+rdist,matmul-naive96-s1,train,matmul,matmul-naive96,0.05,2,123875,9233,0
matmul_train,matmul,ref+aging+sfreq+idle+age+dirty,matmul-naive96-s1,train,matmul,matmul-naive96,0.05,2,165313,9233,0
matmul_train,matmul,ref+aging+sfreq+idle+age+refaults,matmul-naive96-s1,train,matmul,matmul-naive96,0.05,2,165323,9233,0
matmul_train,matmul,ref+aging+sfreq+idle+age+rdist,matmul-naive96-s1,train,matmul,matmul-naive96,0.05,2,123848,9233,0
matmul_train,matmul,ref+aging+sfreq+idle+dirty+refaults,matmul-naive96-s1,train,matmul,matmul-naive96,0.05,2,164485,9233,0
matmul_train,matmul,ref+aging+sfreq+idle+dirty+rdist,matmul-naive96-s1,train,matmul,matmul-naive96,0.05,2,123848,9233,0
matmul_train,matmul,ref+aging+sfreq+idle+refaults+rdist,matmul-naive96-s1,train,matmul,matmul-naive96,0.05,2,123876,9233,0
matmul_train,matmul,ref+aging+sfreq+age+dirty+refaults,matmul-naive96-s1,train,matmul,matmul-naive96,0.05,2,165322,9233,0
matmul_train,matmul,ref+aging+sfreq+age+dirty+rdist,matmul-naive96-s1,train,matmul,matmul-naive96,0.05,2,152392,9233,0
matmul_train,matmul,ref+aging+sfreq+age+refaults+rdist,matmul-naive96-s1,train,matmul,matmul-naive96,0.05,2,125311,9233,0
matmul_train,matmul,ref+aging+sfreq+dirty+refaults+rdist,matmul-naive96-s1,train,matmul,matmul-naive96,0.05,2,123875,9233,0
matmul_train,matmul,ref+aging+idle+age+dirty+refaults,matmul-naive96-s1,train,matmul,matmul-naive96,0.05,2,165959,9233,0
matmul_train,matmul,ref+aging+idle+age+dirty+rdist,matmul-naive96-s1,train,matmul,matmul-naive96,0.05,2,123848,9233,0
matmul_train,matmul,ref+aging+idle+age+refaults+rdist,matmul-naive96-s1,train,matmul,matmul-naive96,0.05,2,123876,9233,0
matmul_train,matmul,ref+aging+idle+dirty+refaults+rdist,matmul-naive96-s1,train,matmul,matmul-naive96,0.05,2,123848,9233,0
matmul_train,matmul,ref+aging+age+dirty+refaults+rdist,matmul-naive96-s1,train,matmul,matmul-naive96,0.05,2,123875,9233,0
matmul_train,matmul,ref+sfreq+idle+age+dirty+refaults,matmul-naive96-s1,train,matmul,matmul-naive96,0.05,2,165330,9233,0
matmul_train,matmul,ref+sfreq+idle+age+dirty+rdist,matmul-naive96-s1,train,matmul,matmul-naive96,0.05,2,123846,9233,0
matmul_train,matmul,ref+sfreq+idle+age+refaults+rdist,matmul-naive96-s1,train,matmul,matmul-naive96,0.05,2,124560,9233,0
matmul_train,matmul,ref+sfreq+idle+dirty+refaults+rdist,matmul-naive96-s1,train,matmul,matmul-naive96,0.05,2,123875,9233,0
matmul_train,matmul,ref+sfreq+age+dirty+refaults+rdist,matmul-naive96-s1,train,matmul,matmul-naive96,0.05,2,123845,9233,0
matmul_train,matmul,ref+idle+age+dirty+refaults+rdist,matmul-naive96-s1,train,matmul,matmul-naive96,0.05,2,123875,9233,0
matmul_train,matmul,aging+sfreq+idle+age+dirty+refaults,matmul-naive96-s1,train,matmul,matmul-naive96,0.05,2,165331,9233,0
matmul_train,matmul,aging+sfreq+idle+age+dirty+rdist,matmul-naive96-s1,train,matmul,matmul-naive96,0.05,2,123846,9233,0
matmul_train,matmul,aging+sfreq+idle+age+refaults+rdist,matmul-naive96-s1,train,matmul,matmul-naive96,0.05,2,124369,9233,0
matmul_train,matmul,aging+sfreq+idle+dirty+refaults+rdist,matmul-naive96-s1,train,matmul,matmul-naive96,0.05,2,123875,9233,0
matmul_train,matmul,aging+sfreq+age+dirty+refaults+rdist,matmul-naive96-s1,train,matmul,matmul-naive96,0.05,2,123908,9233,0
matmul_train,matmul,aging+idle+age+dirty+refaults+rdist,matmul-naive96-s1,train,matmul,matmul-naive96,0.05,2,123875,9233,0
matmul_train,matmul,sfreq+idle+age+dirty+refaults+rdist,matmul-naive96-s1,train,matmul,matmul-naive96,0.05,2,123927,9233,0
matmul_train,matmul,ref+aging+sfreq+idle+age+dirty+refaults,matmul-naive96-s1,train,matmul,matmul-naive96,0.05,2,165321,9233,0
matmul_train,matmul,ref+aging+sfreq+idle+age+dirty+rdist,matmul-naive96-s1,train,matmul,matmul-naive96,0.05,2,152392,9233,0
matmul_train,matmul,ref+aging+sfreq+idle+age+refaults+rdist,matmul-naive96-s1,train,matmul,matmul-naive96,0.05,2,125274,9233,0
matmul_train,matmul,ref+aging+sfreq+idle+dirty+refaults+rdist,matmul-naive96-s1,train,matmul,matmul-naive96,0.05,2,123875,9233,0
matmul_train,matmul,ref+aging+sfreq+age+dirty+refaults+rdist,matmul-naive96-s1,train,matmul,matmul-naive96,0.05,2,124076,9233,0
matmul_train,matmul,ref+aging+idle+age+dirty+refaults+rdist,matmul-naive96-s1,train,matmul,matmul-naive96,0.05,2,123875,9233,0
matmul_train,matmul,ref+sfreq+idle+age+dirty+refaults+rdist,matmul-naive96-s1,train,matmul,matmul-naive96,0.05,2,123960,9233,0
matmul_train,matmul,aging+sfreq+idle+age+dirty+refaults+rdist,matmul-naive96-s1,train,matmul,matmul-naive96,0.05,2,123932,9233,0
matmul_train,matmul,ref+aging+sfreq+idle+age+dirty+refaults+rdist,matmul-naive96-s1,train,matmul,matmul-naive96,0.05,2,124080,9233,0
matmul_train,matmul,rec+ref+aging+sfreq+idle+age+dirty,matmul-naive96-s1,train,matmul,matmul-naive96,0.05,2,174814,9233,0
matmul_train,matmul,rec+ref+aging+sfreq+idle+age+dirty+refaults+rdist,matmul-naive96-s1,train,matmul,matmul-naive96,0.05,2,165616,9233,0
matmul_train,matmul,freq+ref+aging+sfreq+idle+age+dirty,matmul-naive96-s1,train,matmul,matmul-naive96,0.05,2,165317,9233,0
matmul_train,matmul,freq+ref+aging+sfreq+idle+age+dirty+refaults+rdist,matmul-naive96-s1,train,matmul,matmul-naive96,0.05,2,123920,9233,0
matmul_train,matmul,sd+ref+aging+sfreq+idle+age+dirty,matmul-naive96-s1,train,matmul,matmul-naive96,0.05,2,129599,9233,0
matmul_train,matmul,sd+ref+aging+sfreq+idle+age+dirty+refaults+rdist,matmul-naive96-s1,train,matmul,matmul-naive96,0.05,2,129603,9233,0
matmul_train,matmul,wr+ref+aging+sfreq+idle+age+dirty,matmul-naive96-s1,train,matmul,matmul-naive96,0.05,2,165313,9233,0
matmul_train,matmul,wr+ref+aging+sfreq+idle+age+dirty+refaults+rdist,matmul-naive96-s1,train,matmul,matmul-naive96,0.05,2,123954,9233,0
matmul_train,matmul,rec+freq+ref+aging+sfreq+idle+age+dirty,matmul-naive96-s1,train,matmul,matmul-naive96,0.05,2,174816,9233,0
matmul_train,matmul,rec+freq+ref+aging+sfreq+idle+age+dirty+refaults+rdist,matmul-naive96-s1,train,matmul,matmul-naive96,0.05,2,163557,9233,0
matmul_train,matmul,rec+sd+ref+aging+sfreq+idle+age+dirty,matmul-naive96-s1,train,matmul,matmul-naive96,0.05,2,129599,9233,0
matmul_train,matmul,rec+sd+ref+aging+sfreq+idle+age+dirty+refaults+rdist,matmul-naive96-s1,train,matmul,matmul-naive96,0.05,2,129603,9233,0
matmul_train,matmul,rec+wr+ref+aging+sfreq+idle+age+dirty,matmul-naive96-s1,train,matmul,matmul-naive96,0.05,2,174814,9233,0
matmul_train,matmul,rec+wr+ref+aging+sfreq+idle+age+dirty+refaults+rdist,matmul-naive96-s1,train,matmul,matmul-naive96,0.05,2,165611,9233,0
matmul_train,matmul,freq+sd+ref+aging+sfreq+idle+age+dirty,matmul-naive96-s1,train,matmul,matmul-naive96,0.05,2,129953,9233,0
matmul_train,matmul,freq+sd+ref+aging+sfreq+idle+age+dirty+refaults+rdist,matmul-naive96-s1,train,matmul,matmul-naive96,0.05,2,129603,9233,0
matmul_train,matmul,freq+wr+ref+aging+sfreq+idle+age+dirty,matmul-naive96-s1,train,matmul,matmul-naive96,0.05,2,165313,9233,0
matmul_train,matmul,freq+wr+ref+aging+sfreq+idle+age+dirty+refaults+rdist,matmul-naive96-s1,train,matmul,matmul-naive96,0.05,2,123845,9233,0
matmul_train,matmul,sd+wr+ref+aging+sfreq+idle+age+dirty,matmul-naive96-s1,train,matmul,matmul-naive96,0.05,2,129599,9233,0
matmul_train,matmul,sd+wr+ref+aging+sfreq+idle+age+dirty+refaults+rdist,matmul-naive96-s1,train,matmul,matmul-naive96,0.05,2,129603,9233,0
matmul_train,matmul,rec+freq+sd+ref+aging+sfreq+idle+age+dirty,matmul-naive96-s1,train,matmul,matmul-naive96,0.05,2,130795,9233,0
matmul_train,matmul,rec+freq+sd+ref+aging+sfreq+idle+age+dirty+refaults+rdist,matmul-naive96-s1,train,matmul,matmul-naive96,0.05,2,129603,9233,0
matmul_train,matmul,rec+freq+wr+ref+aging+sfreq+idle+age+dirty,matmul-naive96-s1,train,matmul,matmul-naive96,0.05,2,174814,9233,0
matmul_train,matmul,rec+freq+wr+ref+aging+sfreq+idle+age+dirty+refaults+rdist,matmul-naive96-s1,train,matmul,matmul-naive96,0.05,2,163325,9233,0
matmul_train,matmul,rec+sd+wr+ref+aging+sfreq+idle+age+dirty,matmul-naive96-s1,train,matmul,matmul-naive96,0.05,2,129599,9233,0
matmul_train,matmul,rec+sd+wr+ref+aging+sfreq+idle+age+dirty+refaults+rdist,matmul-naive96-s1,train,matmul,matmul-naive96,0.05,2,129603,9233,0
matmul_train,matmul,freq+sd+wr+ref+aging+sfreq+idle+age+dirty,matmul-naive96-s1,train,matmul,matmul-naive96,0.05,2,129599,9233,0
matmul_train,matmul,freq+sd+wr+ref+aging+sfreq+idle+age+dirty+refaults+rdist,matmul-naive96-s1,train,matmul,matmul-naive96,0.05,2,129603,9233,0
matmul_train,matmul,rec+freq+sd+wr+ref+aging+sfreq+idle+age+dirty,matmul-naive96-s1,train,matmul,matmul-naive96,0.05,2,129599,9233,0
matmul_train,matmul,rec+freq+sd+wr+ref+aging+sfreq+idle+age+dirty+refaults+rdist,matmul-naive96-s1,train,matmul,matmul-naive96,0.05,2,129603,9233,0
matmul_train,global,rec,matmul-naive96-s1,train,matmul,matmul-naive96,0.05,2,129599,9233,0
matmul_train,global,freq,matmul-naive96-s1,train,matmul,matmul-naive96,0.05,2,177966,9233,0
matmul_train,global,sd,matmul-naive96-s1,train,matmul,matmul-naive96,0.05,2,129599,9233,0
matmul_train,global,wr,matmul-naive96-s1,train,matmul,matmul-naive96,0.05,2,138813,9233,0
matmul_train,global,rec+freq,matmul-naive96-s1,train,matmul,matmul-naive96,0.05,2,133849,9233,0
matmul_train,global,rec+sd,matmul-naive96-s1,train,matmul,matmul-naive96,0.05,2,129599,9233,0
matmul_train,global,rec+wr,matmul-naive96-s1,train,matmul,matmul-naive96,0.05,2,129599,9233,0
matmul_train,global,freq+sd,matmul-naive96-s1,train,matmul,matmul-naive96,0.05,2,131574,9233,0
matmul_train,global,freq+wr,matmul-naive96-s1,train,matmul,matmul-naive96,0.05,2,177966,9233,0
matmul_train,global,sd+wr,matmul-naive96-s1,train,matmul,matmul-naive96,0.05,2,129599,9233,0
matmul_train,global,rec+freq+sd,matmul-naive96-s1,train,matmul,matmul-naive96,0.05,2,149505,9233,0
matmul_train,global,rec+freq+wr,matmul-naive96-s1,train,matmul,matmul-naive96,0.05,2,133873,9233,0
matmul_train,global,rec+sd+wr,matmul-naive96-s1,train,matmul,matmul-naive96,0.05,2,129599,9233,0
matmul_train,global,freq+sd+wr,matmul-naive96-s1,train,matmul,matmul-naive96,0.05,2,131575,9233,0
matmul_train,global,rec+freq+sd+wr,matmul-naive96-s1,train,matmul,matmul-naive96,0.05,2,149529,9233,0
matmul_train,global,ref,matmul-naive96-s1,train,matmul,matmul-naive96,0.05,2,138816,9233,0
matmul_train,global,aging,matmul-naive96-s1,train,matmul,matmul-naive96,0.05,2,138816,9233,0
matmul_train,global,sfreq,matmul-naive96-s1,train,matmul,matmul-naive96,0.05,2,165313,9233,0
matmul_train,global,idle,matmul-naive96-s1,train,matmul,matmul-naive96,0.05,2,138816,9233,0
matmul_train,global,age,matmul-naive96-s1,train,matmul,matmul-naive96,0.05,2,138816,9233,0
matmul_train,global,dirty,matmul-naive96-s1,train,matmul,matmul-naive96,0.05,2,138813,9233,0
matmul_train,global,refaults,matmul-naive96-s1,train,matmul,matmul-naive96,0.05,2,149637,9233,0
matmul_train,global,rdist,matmul-naive96-s1,train,matmul,matmul-naive96,0.05,2,123876,9233,0
matmul_train,global,ref+aging,matmul-naive96-s1,train,matmul,matmul-naive96,0.05,2,138816,9233,0
matmul_train,global,ref+sfreq,matmul-naive96-s1,train,matmul,matmul-naive96,0.05,2,165313,9233,0
matmul_train,global,ref+idle,matmul-naive96-s1,train,matmul,matmul-naive96,0.05,2,138816,9233,0
matmul_train,global,ref+age,matmul-naive96-s1,train,matmul,matmul-naive96,0.05,2,138816,9233,0
matmul_train,global,ref+dirty,matmul-naive96-s1,train,matmul,matmul-naive96,0.05,2,138813,9233,0
matmul_train,global,ref+refaults,matmul-naive96-s1,train,matmul,matmul-naive96,0.05,2,149484,9233,0
matmul_train,global,ref+rdist,matmul-naive96-s1,train,matmul,matmul-naive96,0.05,2,123842,9233,0
matmul_train,global,aging+sfreq,matmul-naive96-s1,train,matmul,matmul-naive96,0.05,2,165313,9233,0
matmul_train,global,aging+idle,matmul-naive96-s1,train,matmul,matmul-naive96,0.05,2,138816,9233,0
matmul_train,global,aging+age,matmul-naive96-s1,train,matmul,matmul-naive96,0.05,2,165313,9233,0
matmul_train,global,aging+dirty,matmul-naive96-s1,train,matmul,matmul-naive96,0.05,2,138816,9233,0
matmul_train,global,aging+refaults,matmul-naive96-s1,train,matmul,matmul-naive96,0.05,2,149503,9233,0
matmul_train,global,aging+rdist,matmul-naive96-s1,train,matmul,matmul-naive96,0.05,2,123842,9233,0
matmul_train,global,sfreq+idle,matmul-naive96-s1,train,matmul,matmul-naive96,0.05,2,165313,9233,0
matmul_train,global,sfreq+age,matmul-naive96-s1,train,matmul,matmul-naive96,0.05,2,138816,9233,0
matmul_train,global,sfreq+dirty,matmul-naive96-s1,train,matmul,matmul-naive96,0.05,2,165313,9233,0
matmul_train,global,sfreq+refaults,matmul-naive96-s1,train,matmul,matmul-naive96,0.05,2,155534,9233,0
matmul_train,global,sfreq+rdist,matmul-naive96-s1,train,matmul,matmul-naive96,0.05,2,123848,9233,0
matmul_train,global,idle+age,matmul-naive96-s1,train,matmul,matmul-naive96,0.05,2,165313,9233,0
matmul_train,global,idle+dirty,matmul-naive96-s1,train,matmul,matmul-naive96,0.05,2,138813,9233,0
matmul_train,global,idle+refaults,matmul-naive96-s1,train,matmul,matmul-naive96,0.05,2,149637,9233,0
matmul_train,global,idle+rdist,matmul-naive96-s1,train,matmul,matmul-naive96,0.05,2,123876,9233,0
matmul_train,global,age+dirty,matmul-naive96-s1,train,matmul,matmul-naive96,0.05,2,138813,9233,0
matmul_train,global,age+refaults,matmul-naive96-s1,train,matmul,matmul-naive96,0.05,2,201592,9233,0
matmul_train,global,age+rdist,matmul-naive96-s1,train,matmul,matmul-naive96,0.05,2,123876,9233,0
matmul_train,global,dirty+refaults,matmul-naive96-s1,train,matmul,matmul-naive96,0.05,2,155131,9233,0
matmul_train,global,dirty+rdist,matmul-naive96-s1,train,matmul,matmul-naive96,0.05,2,123876,9233,0
matmul_train,global,refaults+rdist,matmul-naive96-s1,train,matmul,matmul-naive96,0.05,2,126929,9233,0
matmul_train,global,ref+aging+sfreq,matmul-naive96-s1,train,matmul,matmul-naive96,0.05,2,165313,9233,0
matmul_train,global,ref+aging+idle,matmul-naive96-s1,train,matmul,matmul-naive96,0.05,2,138816,9233,0
matmul_train,global,ref+aging+age,matmul-naive96-s1,train,matmul,matmul-naive96,0.05,2,165313,9233,0
matmul_train,global,ref+aging+dirty,matmul-naive96-s1,train,matmul,matmul-naive96,0.05,2,138816,9233,0
matmul_train,global,ref+aging+refaults,matmul-naive96-s1,train,matmul,matmul-naive96,0.05,2,149527,9233,0
matmul_train,global,ref+aging+rdist,matmul-naive96-s1,train,matmul,matmul-naive96,0.05,2,123846,9233,0
matmul_train,global,ref+sfreq+idle,matmul-naive96-s1,train,matmul,matmul-naive96,0.05,2,165313,9233,0
matmul_train,global,ref+sfreq+age,matmul-naive96-s1,train,matmul,matmul-naive96,0.05,2,138816,9233,0
matmul_train,global,ref+sfreq+dirty,matmul-naive96-s1,train,matmul,matmul-naive96,0.05,2,165313,9233,0
matmul_train,global,ref+sfreq+refaults,matmul-naive96-s1,train,matmul,matmul-naive96,0.05,2,155383,9233,0
matmul_train,global,ref+sfreq+rdist,matmul-naive96-s1,train,matmul,matmul-naive96,0.05,2,123842,9233,0
matmul_train,global,ref+idle+age,matmul-naive96-s1,train,matmul,matmul-naive96,0.05,2,165313,9233,0
matmul_train,global,ref+idle+dirty,matmul-naive96-s1,train,matmul,matmul-naive96,0.05,2,138813,9233,0
matmul_train,global,ref+idle+refaults,matmul-naive96-s1,train,matmul,matmul-naive96,0.05,2,149520,9233,0
matmul_train,global,ref+idle+rdist,matmul-naive96-s1,train,matmul,matmul-naive96,0.05,2,123842,9233,0
matmul_train,global,ref+age+dirty,matmul-naive96-s1,train,matmul,matmul-naive96,0.05,2,138813,9233,0
matmul_train,global,ref+age+refaults,matmul-naive96-s1,train,matmul,matmul-naive96,0.05,2,155222,9233,0
matmul_train,global,ref+age+rdist,matmul-naive96-s1,train,matmul,matmul-naive96,0.05,2,123842,9233,0
matmul_train,global,ref+dirty+refaults,matmul-naive96-s1,train,matmul,matmul-naive96,0.05,2,149486,9233,0
matmul_train,global,ref+dirty+rdist,matmul-naive96-s1,train,matmul,matmul-naive96,0.05,2,123842,9233,0
matmul_train,global,ref+refaults+rdist,matmul-naive96-s1,train,matmul,matmul-naive96,0.05,2,127362,9233,0
matmul_train,global,aging+sfreq+idle,matmul-naive96-s1,train,matmul,matmul-naive96,0.05,2,165313,9233,0
matmul_train,global,aging+sfreq+age,matmul-naive96-s1,train,matmul,matmul-naive96,0.05,2,165313,9233,0
matmul_train,global,aging+sfreq+dirty,matmul-naive96-s1,train,matmul,matmul-naive96,0.05,2,165313,9233,0
matmul_train,global,aging+sfreq+refaults,matmul-naive96-s1,train,matmul,matmul-naive96,0.05,2,155805,9233,0
matmul_train,global,aging+sfreq+rdist,matmul-naive96-s1,train,matmul,matmul-naive96,0.05,2,123842,9233,0
matmul_train,global,aging+idle+age,matmul-naive96-s1,train,matmul,matmul-naive96,0.05,2,165313,9233,0
matmul_train,global,aging+idle+dirty,matmul-naive96-s1,train,matmul,matmul-naive96,0.05,2,138813,9233,0
matmul_train,global,aging+idle+refaults,matmul-naive96-s1,train,matmul,matmul-naive96,0.05,2,149533,9233,0
matmul_train,global,aging+idle+rdist,matmul-naive96-s1,train,matmul,matmul-naive96,0.05,2,123842,9233,0
matmul_train,global,aging+age+dirty,matmul-naive96-s1,train,matmul,matmul-naive96,0.05,2,165313,9233,0
matmul_train,global,aging+age+refaults,matmul-naive96-s1,train,matmul,matmul-naive96,0.05,2,157226,9233,0
matmul_train,global,aging+age+rdist,matmul-naive96-s1,train,matmul,matmul-naive96,0.05,2,123842,9233,0
matmul_train,global,aging+dirty+refaults,matmul-naive96-s1,train,matmul,matmul-naive96,0.05,2,149508,9233,0
matmul_train,global,aging+dirty+rdist,matmul-naive96-s1,train,matmul,matmul-naive96,0.05,2,123842,9233,0
matmul_train,global,aging+refaults+rdist,matmul-naive96-s1,train,matmul,matmul-naive96,0.05,2,127158,9233,0
matmul_train,global,sfreq+idle+age,matmul-naive96-s1,train,matmul,matmul-naive96,0.05,2,165313,9233,0
matmul_train,global,sfreq+idle+dirty,matmul-naive96-s1,train,matmul,matmul-naive96,0.05,2,165313,9233,0
matmul_train,global,sfreq+idle+refaults,matmul-naive96-s1,train,matmul,matmul-naive96,0.05,2,155477,9233,0
matmul_train,global,sfreq+idle+rdist,matmul-naive96-s1,train,matmul,matmul-naive96,0.05,2,123848,9233,0
matmul_train,global,sfreq+age+dirty,matmul-naive96-s1,train,matmul,matmul-naive96,0.05,2,138813,9233,0
matmul_train,global,sfreq+age+refaults,matmul-naive96-s1,train,matmul,matmul-naive96,0.05,2,153711,9233,0
matmul_train,global,sfreq+age+rdist,matmul-naive96-s1,train,matmul,matmul-naive96,0.05,2,123876,9233,0
matmul_train,global,sfreq+dirty+refaults,matmul-naive96-s1,train,matmul,matmul-naive96,0.05,2,155649,9233,0
matmul_train,global,sfreq+dirty+rdist,matmul-naive96-s1,train,matmul,matmul-naive96,0.05,2,123845,9233,0
matmul_train,global,sfreq+refaults+rdist,matmul-naive96-s1,train,matmul,matmul-naive96,0.05,2,137063,9233,0
matmul_train,global,idle+age+dirty,matmul-naive96-s1,train,matmul,matmul-naive96,0.05,2,165313,9233,0
matmul_train,global,idle+age+refaults,matmul-naive96-s1,train,matmul,matmul-naive96,0.05,2,156971,9233,0
matmul_train,global,idle+age+rdist,matmul-naive96-s1,train,matmul,matmul-naive96,0.05,2,123848,9233,0
matmul_train,global,idle+dirty+refaults,matmul-naive96-s1,train,matmul,matmul-naive96,0.05,2,149637,9233,0
matmul_train,global,idle+dirty+rdist,matmul-naive96-s1,train,matmul,matmul-naive96,0.05,2,123845,9233,0
matmul_train,global,idle+refaults+rdist,matmul-naive96-s1,train,matmul,matmul-naive96,0.05,2,128011,9233,0
matmul_train,global,age+dirty+refaults,matmul-naive96-s1,train,matmul,matmul-naive96,0.05,2,202328,9233,0
matmul_train,global,age+dirty+rdist,matmul-naive96-s1,train,matmul,matmul-naive96,0.05,2,123876,9233,0
matmul_train,global,age+refaults+rdist,matmul-naive96-s1,train,matmul,matmul-naive96,0.05,2,178335,9233,0
matmul_train,global,dirty+refaults+rdist,matmul-naive96-s1,train,matmul,matmul-naive96,0.05,2,126742,9233,0
matmul_train,global,ref+aging+sfreq+idle,matmul-naive96-s1,train,matmul,matmul-naive96,0.05,2,165313,9233,0
matmul_train,global,ref+aging+sfreq+age,matmul-naive96-s1,train,matmul,matmul-naive96,0.05,2,165313,9233,0
matmul_train,global,ref+aging+sfreq+dirty,matmul-naive96-s1,train,matmul,matmul-naive96,0.05,2,165313,9233,0
matmul_train,global,ref+aging+sfreq+refaults,matmul-naive96-s1,train,matmul,matmul-naive96,0.05,2,156033,9233,0
matmul_train,global,ref+aging+sfreq+rdist,matmul-naive96-s1,train,matmul,matmul-naive96,0.05,2,123844,9233,0
matmul_train,global,ref+aging+idle+age,matmul-naive96-s1,train,matmul,matmul-naive96,0.05,2,165313,9233,0
matmul_train,global,ref+aging+idle+dirty,matmul-naive96-s1,train,matmul,matmul-naive96,0.05,2,138816,9233,0
matmul_train,global,ref+aging+idle+refaults,matmul-naive96-s1,train,matmul,matmul-naive96,0.05,2,149548,9233,0
matmul_train,global,ref+aging+idle+rdist,matmul-naive96-s1,train,matmul,matmul-naive96,0.05,2,123846,9233,0
matmul_train,global,ref+aging+age+dirty,matmul-naive96-s1,train,matmul,matmul-naive96,0.05,2,165313,9233,0
matmul_train,global,ref+aging+age+refaults,matmul-naive96-s1,train,matmul,matmul-naive96,0.05,2,158169,9233,0
matmul_train,global,ref+aging+age+rdist,matmul-naive96-s1,train,matmul,matmul-naive96,0.05,2,123844,9233,0
matmul_train,global,ref+aging+dirty+refaults,matmul-naive96-s1,train,matmul,matmul-naive96,0.05,2,149530,9233,0
matmul_train,global,ref+aging+dirty+rdist,matmul-naive96-s1,train,matmul,matmul-naive96,0.05,2,123842,9233,0
matmul_train,global,ref+aging+refaults+rdist,matmul-naive96-s1,train,matmul,matmul-naive96,0.05,2,127188,9233,0
matmul_train,global,ref+sfreq+idle+age,matmul-naive96-s1,train,matmul,matmul-naive96,0.05,2,165313,9233,0
matmul_train,global,ref+sfreq+idle+dirty,matmul-naive96-s1,train,matmul,matmul-naive96,0.05,2,165313,9233,0
matmul_train,global,ref+sfreq+idle+refaults,matmul-naive96-s1,train,matmul,matmul-naive96,0.05,2,155412,9233,0
matmul_train,global,ref+sfreq+idle+rdist,matmul-naive96-s1,train,matmul,matmul-naive96,0.05,2,123842,9233,0
matmul_train,global,ref+sfreq+age+dirty,matmul-naive96-s1,train,matmul,matmul-naive96,0.05,2,138813,9233,0
matmul_train,global,ref+sfreq+age+refaults,matmul-naive96-s1,train,matmul,matmul-naive96,0.05,2,154601,9233,0
matmul_train,global,ref+sfreq+age+rdist,matmul-naive96-s1,train,matmul,matmul-naive96,0.05,2,123842,9233,0
matmul_train,global,ref+sfreq+dirty+refaults,matmul-naive96-s1,train,matmul,matmul-naive96,0.05,2,155440,9233,0
matmul_train,global,ref+sfreq+dirty+rdist,matmul-naive96-s1,train,matmul,matmul-naive96,0.05,2,123842,9233,0
matmul_train,global,ref+sfreq+refaults+rdist,matmul-naive96-s1,train,matmul,matmul-naive96,0.05,2,137751,9233,0
matmul_train,global,ref+idle+age+dirty,matmul-naive96-s1,train,matmul,matmul-naive96,0.05,2,165313,9233,0
matmul_train,global,ref+idle+age+refaults,matmul-naive96-s1,train,matmul,matmul-naive96,0.05,2,156905,9233,0
matmul_train,global,ref+idle+age+rdist,matmul-naive96-s1,train,matmul,matmul-naive96,0.05,2,123842,9233,0
matmul_train,global,ref+idle+dirty+refaults,matmul-naive96-s1,train,matmul,matmul-naive96,0.05,2,149520,9233,0
matmul_train,global,ref+idle+dirty+rdist,matmul-naive96-s1,train,matmul,matmul-naive96,0.05,2,123842,9233,0
matmul_train,global,ref+idle+refaults+rdist,matmul-naive96-s1,train,matmul,matmul-naive96,0.05,2,127729,9233,0
matmul_train,global,ref+age+dirty+refaults,matmul-naive96-s1,train,matmul,matmul-naive96,0.05,2,155167,9233,0
matmul_train,global,ref+age+dirty+rdist,matmul-naive96-s1,train,matmul,matmul-naive96,0.05,2,123842,9233,0
matmul_train,global,ref+age+refaults+rdist,matmul-naive96-s1,train,matmul,matmul-naive96,0.05,2,133772,9233,0
matmul_train,global,ref+dirty+refaults+rdist,matmul-naive96-s1,train,matmul,matmul-naive96,0.05,2,127322,9233,0
matmul_train,global,aging+sfreq+idle+age,matmul-naive96-s1,train,matmul,matmul-naive96,0.05,2,165313,9233,0
matmul_train,global,aging+sfreq+idle+dirty,matmul-naive96-s1,train,matmul,matmul-naive96,0.05,2,165313,9233,0
matmul_train,global,aging+sfreq+idle+refaults,matmul-naive96-s1,train,matmul,matmul-naive96,0.05,2,155799,9233,0
matmul_train,global,aging+sfreq+idle+rdist,matmul-naive96-s1,train,matmul,matmul-naive96,0.05,2,123842,9233,0
matmul_train,global,aging+sfreq+age+dirty,matmul-naive96-s1,train,matmul,matmul-naive96,0.05,2,165313,9233,0
matmul_train,global,aging+sfreq+age+refaults,matmul-naive96-s1,train,matmul,matmul-naive96,0.05,2,156541,9233,0
matmul_train,global,aging+sfreq+age+rdist,matmul-naive96-s1,train,matmul,matmul-naive96,0.05,2,123842,9233,0
matmul_train,global,aging+sfreq+dirty+refaults,matmul-naive96-s1,train,matmul,matmul-naive96,0.05,2,155858,9233,0
matmul_train,global,aging+sfreq+dirty+rdist,matmul-naive96-s1,train,matmul,matmul-naive96,0.05,2,123842,9233,0
matmul_train,global,aging+sfreq+refaults+rdist,matmul-naive96-s1,train,matmul,matmul-naive96,0.05,2,139534,9233,0
matmul_train,global,aging+idle+age+dirty,matmul-naive96-s1,train,matmul,matmul-naive96,0.05,2,165313,9233,0
matmul_train,global,aging+idle+age+refaults,matmul-naive96-s1,train,matmul,matmul-naive96,0.05,2,157480,9233,0
matmul_train,global,aging+idle+age+rdist,matmul-naive96-s1,train,matmul,matmul-naive96,0.05,2,123842,9233,0
matmul_train,global,aging+idle+dirty+refaults,matmul-naive96-s1,train,matmul,matmul-naive96,0.05,2,149535,9233,0
matmul_train,global,aging+idle+dirty+rdist,matmul-naive96-s1,train,matmul,matmul-naive96,0.05,2,123842,9233,0
matmul_train,global,aging+idle+refaults+rdist,matmul-naive96-s1,train,matmul,matmul-naive96,0.05,2,127099,9233,0
matmul_train,global,aging+age+dirty+refaults,matmul-naive96-s1,train,matmul,matmul-naive96,0.05,2,157214,9233,0
matmul_train,global,aging+age+dirty+rdist,matmul-naive96-s1,train,matmul,matmul-naive96,0.05,2,123842,9233,0
matmul_train,global,aging+age+refaults+rdist,matmul-naive96-s1,train,matmul,matmul-naive96,0.05,2,139219,9233,0
matmul_train,global,aging+dirty+refaults+rdist,matmul-naive96-s1,train,matmul,matmul-naive96,0.05,2,127169,9233,0
matmul_train,global,sfreq+idle+age+dirty,matmul-naive96-s1,train,matmul,matmul-naive96,0.05,2,165313,9233,0
matmul_train,global,sfreq+idle+age+refaults,matmul-naive96-s1,train,matmul,matmul-naive96,0.05,2,156167,9233,0
matmul_train,global,sfreq+idle+age+rdist,matmul-naive96-s1,train,matmul,matmul-naive96,0.05,2,123848,9233,0
matmul_train,global,sfreq+idle+dirty+refaults,matmul-naive96-s1,train,matmul,matmul-naive96,0.05,2,155590,9233,0
matmul_train,global,sfreq+idle+dirty+rdist,matmul-naive96-s1,train,matmul,matmul-naive96,0.05,2,123845,9233,0
matmul_train,global,sfreq+idle+refaults+rdist,matmul-naive96-s1,train,matmul,matmul-naive96,0.05,2,139506,9233,0
matmul_train,global,sfreq+age+dirty+refaults,matmul-naive96-s1,train,matmul,matmul-naive96,0.05,2,153853,9233,0
matmul_train,global,sfreq+age+dirty+rdist,matmul-naive96-s1,train,matmul,matmul-naive96,0.05,2,123845,9233,0
matmul_train,global,sfreq+age+refaults+rdist,matmul-naive96-s1,train,matmul,matmul-naive96,0.05,2,137378,9233,0
matmul_train,global,sfreq+dirty+refaults+rdist,matmul-naive96-s1,train,matmul,matmul-naive96,0.05,2,136694,9233,0
matmul_train,global,idle+age+dirty+refaults,matmul-naive96-s1,train,matmul,matmul-naive96,0.05,2,157099,9233,0
matmul_train,global,idle+age+dirty+rdist,matmul-naive96-s1,train,matmul,matmul-naive96,0.05,2,123845,9233,0
matmul_train,global,idle+age+refaults+rdist,matmul-naive96-s1,train,matmul,matmul-naive96,0.05,2,141143,9233,0
matmul_train,global,idle+dirty+refaults+rdist,matmul-naive96-s1,train,matmul,matmul-naive96,0.05,2,127803,9233,0
matmul_train,global,age+dirty+refaults+rdist,matmul-naive96-s1,train,matmul,matmul-naive96,0.05,2,178394,9233,0
matmul_train,global,ref+aging+sfreq+idle+age,matmul-naive96-s1,train,matmul,matmul-naive96,0.05,2,165313,9233,0
matmul_train,global,ref+aging+sfreq+idle+dirty,matmul-naive96-s1,train,matmul,matmul-naive96,0.05,2,165313,9233,0
matmul_train,global,ref+aging+sfreq+idle+refaults,matmul-naive96-s1,train,matmul,matmul-naive96,0.05,2,156069,9233,0
matmul_train,global,ref+aging+sfreq+idle+rdist,matmul-naive96-s1,train,matmul,matmul-naive96,0.05,2,123844,9233,0
matmul_train,global,ref+aging+sfreq+age+dirty,matmul-naive96-s1,train,matmul,matmul-naive96,0.05,2,165313,9233,0
matmul_train,global,ref+aging+sfreq+age+refaults,matmul-naive96-s1,train,matmul,matmul-naive96,0.05,2,157321,9233,0
matmul_train,global,ref+aging+sfreq+age+rdist,matmul-naive96-s1,train,matmul,matmul-naive96,0.05,2,123844,9233,0
matmul_train,global,ref+aging+sfreq+dirty+refaults,matmul-naive96-s1,train,matmul,matmul-naive96,0.05,2,156100,9233,0
matmul_train,global,ref+aging+sfreq+dirty+rdist,matmul-naive96-s1,train,matmul,matmul-naive96,0.05,2,123842,9233,0
matmul_train,global,ref+aging+sfreq+refaults+rdist,matmul-naive96-s1,train,matmul,matmul-naive96,0.05,2,139934,9233,0
matmul_train,global,ref+aging+idle+age+dirty,matmul-naive96-s1,train,matmul,matmul-naive96,0.05,2,165313,9233,0
matmul_train,global,ref+aging+idle+age+refaults,matmul-naive96-s1,train,matmul,matmul-naive96,0.05,2,158198,9233,0
matmul_train,global,ref+aging+idle+age+rdist,matmul-naive96-s1,train,matmul,matmul-naive96,0.05,2,123844,9233,0
matmul_train,global,ref+aging+idle+dirty+refaults,matmul-naive96-s1,train,matmul,matmul-naive96,0.05,2,149548,9233,0
matmul_train,global,ref+aging+idle+dirty+rdist,matmul-naive96-s1,train,matmul,matmul-naive96,0.05,2,123842,9233,0
matmul_train,global,ref+aging+idle+refaults+rdist,matmul-naive96-s1,train,matmul,matmul-naive96,0.05,2,127118,9233,0
matmul_train,global,ref+aging+age+dirty+refaults,matmul-naive96-s1,train,matmul,matmul-naive96,0.05,2,158193,9233,0
matmul_train,global,ref+aging+age+dirty+rdist,matmul-naive96-s1,train,matmul,matmul-naive96,0.05,2,123842,9233,0
matmul_train,global,ref+aging+age+refaults+rdist,matmul-naive96-s1,train,matmul,matmul-naive96,0.05,2,141782,9233,0
matmul_train,global,ref+aging+dirty+refaults+rdist,matmul-naive96-s1,train,matmul,matmul-naive96,0.05,2,127202,9233,0
matmul_train,global,ref+sfreq+idle+age+dirty,matmul-naive96-s1,train,matmul,matmul-naive96,0.05,2,165313,9233,0
matmul_train,global,ref+sfreq+idle+age+refaults,matmul-naive96-s1,train,matmul,matmul-naive96,0.05,2,156032,9233,0
matmul_train,global,ref+sfreq+idle+age+rdist,matmul-naive96-s1,train,matmul,matmul-naive96,0.05,2,123842,9233,0
matmul_train,global,ref+sfreq+idle+dirty+refaults,matmul-naive96-s1,train,matmul,matmul-naive96,0.05,2,155487,9233,0
matmul_train,global,ref+sfreq+idle+dirty+rdist,matmul-naive96-s1,train,matmul,matmul-naive96,0.05,2,123842,9233,0
matmul_train,global,ref+sfreq+idle+refaults+rdist,matmul-naive96-s1,train,matmul,matmul-naive96,0.05,2,138487,9233,0
matmul_train,global,ref+sfreq+age+dirty+refaults,matmul-naive96-s1,train,matmul,matmul-naive96,0.05,2,154686,9233,0
matmul_train,global,ref+sfreq+age+dirty+rdist,matmul-naive96-s1,train,matmul,matmul-naive96,0.05,2,123842,9233,0
matmul_train,global,ref+sfreq+age+refaults+rdist,matmul-naive96-s1,train,matmul,matmul-naive96,0.05,2,137759,9233,0
matmul_train,global,ref+sfreq+dirty+refaults+rdist,matmul-naive96-s1,train,matmul,matmul-naive96,0.05,2,137522,9233,0
matmul_train,global,ref+idle+age+dirty+refaults,matmul-naive96-s1,train,matmul,matmul-naive96,0.05,2,156987,9233,0
matmul_train,global,ref+idle+age+dirty+rdist,matmul-naive96-s1,train,matmul,matmul-naive96,0.05,2,123842,9233,0
matmul_train,global,ref+idle+age+refaults+rdist,matmul-naive96-s1,train,matmul,matmul-naive96,0.05,2,139932,9233,0
matmul_train,global,ref+idle+dirty+refaults+rdist,matmul-naive96-s1,train,matmul,matmul-naive96,0.05,2,127702,9233,0
matmul_train,global,ref+age+dirty+refaults+rdist,matmul-naive96-s1,train,matmul,matmul-naive96,0.05,2,133514,9233,0
matmul_train,global,aging+sfreq+idle+age+dirty,matmul-naive96-s1,train,matmul,matmul-naive96,0.05,2,165313,9233,0
matmul_train,global,aging+sfreq+idle+age+refaults,matmul-naive96-s1,train,matmul,matmul-naive96,0.05,2,157105,9233,0
matmul_train,global,aging+sfreq+idle+age+rdist,matmul-naive96-s1,train,matmul,matmul-naive96,0.05,2,123842,9233,0
matmul_train,global,aging+sfreq+idle+dirty+refaults,matmul-naive96-s1,train,matmul,matmul-naive96,0.05,2,155850,9233,0
matmul_train,global,aging+sfreq+idle+dirty+rdist,matmul-naive96-s1,train,matmul,matmul-naive96,0.05,2,123842,9233,0
matmul_train,global,aging+sfreq+idle+refaults+rdist,matmul-naive96-s1,train,matmul,matmul-naive96,0.05,2,138924,9233,0
matmul_train,global,aging+sfreq+age+dirty+refaults,matmul-naive96-s1,train,matmul,matmul-naive96,0.05,2,156587,9233,0
matmul_train,global,aging+sfreq+age+dirty+rdist,matmul-naive96-s1,train,matmul,matmul-naive96,0.05,2,123842,9233,0
matmul_train,global,aging+sfreq+age+refaults+rdist,matmul-naive96-s1,train,matmul,matmul-naive96,0.05,2,140151,9233,0
matmul_train,global,aging+sfreq+dirty+refaults+rdist,matmul-naive96-s1,train,matmul,matmul-naive96,0.05,2,139206,9233,0
matmul_train,global,aging+idle+age+dirty+refaults,matmul-naive96-s1,train,matmul,matmul-naive96,0.05,2,157544,9233,0
matmul_train,global,aging+idle+age+dirty+rdist,matmul-naive96-s1,train,matmul,matmul-naive96,0.05,2,123842,9233,0
matmul_train,global,aging+idle+age+refaults+rdist,matmul-naive96-s1,train,matmul,matmul-naive96,0.05,2,141550,9233,0
matmul_train,global,aging+idle+dirty+refaults+rdist,matmul-naive96-s1,train,matmul,matmul-naive96,0.05,2,127108,9233,0
matmul_train,global,aging+age+dirty+refaults+rdist,matmul-naive96-s1,train,matmul,matmul-naive96,0.05,2,138942,9233,0
matmul_train,global,sfreq+idle+age+dirty+refaults,matmul-naive96-s1,train,matmul,matmul-naive96,0.05,2,156357,9233,0
matmul_train,global,sfreq+idle+age+dirty+rdist,matmul-naive96-s1,train,matmul,matmul-naive96,0.05,2,123845,9233,0
matmul_train,global,sfreq+idle+age+refaults+rdist,matmul-naive96-s1,train,matmul,matmul-naive96,0.05,2,140943,9233,0
matmul_train,global,sfreq+idle+dirty+refaults+rdist,matmul-naive96-s1,train,matmul,matmul-naive96,0.05,2,139064,9233,0
matmul_train,global,sfreq+age+dirty+refaults+rdist,matmul-naive96-s1,train,matmul,matmul-naive96,0.05,2,137016,9233,0
matmul_train,global,idle+age+dirty+refaults+rdist,matmul-naive96-s1,train,matmul,matmul-naive96,0.05,2,140765,9233,0
matmul_train,global,ref+aging+sfreq+idle+age+dirty,matmul-naive96-s1,train,matmul,matmul-naive96,0.05,2,165313,9233,0
matmul_train,global,ref+aging+sfreq+idle+age+refaults,matmul-naive96-s1,train,matmul,matmul-naive96,0.05,2,158250,9233,0
matmul_train,global,ref+aging+sfreq+idle+age+rdist,matmul-naive96-s1,train,matmul,matmul-naive96,0.05,2,123847,9233,0
matmul_train,global,ref+aging+sfreq+idle+dirty+refaults,matmul-naive96-s1,train,matmul,matmul-naive96,0.05,2,156128,9233,0
matmul_train,global,ref+aging+sfreq+idle+dirty+rdist,matmul-naive96-s1,train,matmul,matmul-naive96,0.05,2,123842,9233,0
matmul_train,global,ref+aging+sfreq+idle+refaults+rdist,matmul-naive96-s1,train,matmul,matmul-naive96,0.05,2,139319,9233,0
matmul_train,global,ref+aging+sfreq+age+dirty+refaults,matmul-naive96-s1,train,matmul,matmul-naive96,0.05,2,157361,9233,0
matmul_train,global,ref+aging+sfreq+age+dirty+rdist,matmul-naive96-s1,train,matmul,matmul-naive96,0.05,2,123842,9233,0
matmul_train,global,ref+aging+sfreq+age+refaults+rdist,matmul-naive96-s1,train,matmul,matmul-naive96,0.05,2,141966,9233,0
matmul_train,global,ref+aging+sfreq+dirty+refaults+rdist,matmul-naive96-s1,train,matmul,matmul-naive96,0.05,2,139599,9233,0
matmul_train,global,ref+aging+idle+age+dirty+refaults,matmul-naive96-s1,train,matmul,matmul-naive96,0.05,2,158273,9233,0
matmul_train,global,ref+aging+idle+age+dirty+rdist,matmul-naive96-s1,train,matmul,matmul-naive96,0.05,2,123842,9233,0
matmul_train,global,ref+aging+idle+age+refaults+rdist,matmul-naive96-s1,train,matmul,matmul-naive96,0.05,2,143615,9233,0
matmul_train,global,ref+aging+idle+dirty+refaults+rdist,matmul-naive96-s1,train,matmul,matmul-naive96,0.05,2,127131,9233,0
matmul_train,global,ref+aging+age+dirty+refaults+rdist,matmul-naive96-s1,train,matmul,matmul-naive96,0.05,2,141385,9233,0
matmul_train,global,ref+sfreq+idle+age+dirty+refaults,matmul-naive96-s1,train,matmul,matmul-naive96,0.05,2,156163,9233,0
matmul_train,global,ref+sfreq+idle+age+dirty+rdist,matmul-naive96-s1,train,matmul,matmul-naive96,0.05,2,123842,9233,0
matmul_train,global,ref+sfreq+idle+age+refaults+rdist,matmul-naive96-s1,train,matmul,matmul-naive96,0.05,2,139775,9233,0
matmul_train,global,ref+sfreq+idle+dirty+refaults+rdist,matmul-naive96-s1,train,matmul,matmul-naive96,0.05,2,138189,9233,0
matmul_train,global,ref+sfreq+age+dirty+refaults+rdist,matmul-naive96-s1,train,matmul,matmul-naive96,0.05,2,137526,9233,0
matmul_train,global,ref+idle+age+dirty+refaults+rdist,matmul-naive96-s1,train,matmul,matmul-naive96,0.05,2,139698,9233,0
matmul_train,global,aging+sfreq+idle+age+dirty+refaults,matmul-naive96-s1,train,matmul,matmul-naive96,0.05,2,157159,9233,0
matmul_train,global,aging+sfreq+idle+age+dirty+rdist,matmul-naive96-s1,train,matmul,matmul-naive96,0.05,2,123842,9233,0
matmul_train,global,aging+sfreq+idle+age+refaults+rdist,matmul-naive96-s1,train,matmul,matmul-naive96,0.05,2,141573,9233,0
matmul_train,global,aging+sfreq+idle+dirty+refaults+rdist,matmul-naive96-s1,train,matmul,matmul-naive96,0.05,2,138644,9233,0
matmul_train,global,aging+sfreq+age+dirty+refaults+rdist,matmul-naive96-s1,train,matmul,matmul-naive96,0.05,2,139900,9233,0
matmul_train,global,aging+idle+age+dirty+refaults+rdist,matmul-naive96-s1,train,matmul,matmul-naive96,0.05,2,141350,9233,0
matmul_train,global,sfreq+idle+age+dirty+refaults+rdist,matmul-naive96-s1,train,matmul,matmul-naive96,0.05,2,140580,9233,0
matmul_train,global,ref+aging+sfreq+idle+age+dirty+refaults,matmul-naive96-s1,train,matmul,matmul-naive96,0.05,2,158322,9233,0
matmul_train,global,ref+aging+sfreq+idle+age+dirty+rdist,matmul-naive96-s1,train,matmul,matmul-naive96,0.05,2,123845,9233,0
matmul_train,global,ref+aging+sfreq+idle+age+refaults+rdist,matmul-naive96-s1,train,matmul,matmul-naive96,0.05,2,144186,9233,0
matmul_train,global,ref+aging+sfreq+idle+dirty+refaults+rdist,matmul-naive96-s1,train,matmul,matmul-naive96,0.05,2,139031,9233,0
matmul_train,global,ref+aging+sfreq+age+dirty+refaults+rdist,matmul-naive96-s1,train,matmul,matmul-naive96,0.05,2,141607,9233,0
matmul_train,global,ref+aging+idle+age+dirty+refaults+rdist,matmul-naive96-s1,train,matmul,matmul-naive96,0.05,2,143343,9233,0
matmul_train,global,ref+sfreq+idle+age+dirty+refaults+rdist,matmul-naive96-s1,train,matmul,matmul-naive96,0.05,2,139534,9233,0
matmul_train,global,aging+sfreq+idle+age+dirty+refaults+rdist,matmul-naive96-s1,train,matmul,matmul-naive96,0.05,2,141374,9233,0
matmul_train,global,ref+aging+sfreq+idle+age+dirty+refaults+rdist,matmul-naive96-s1,train,matmul,matmul-naive96,0.05,2,143905,9233,0
matmul_train,global,rec+ref+aging+sfreq+idle+age+dirty,matmul-naive96-s1,train,matmul,matmul-naive96,0.05,2,174526,9233,0
matmul_train,global,rec+ref+aging+sfreq+idle+age+dirty+refaults+rdist,matmul-naive96-s1,train,matmul,matmul-naive96,0.05,2,130065,9233,0
matmul_train,global,freq+ref+aging+sfreq+idle+age+dirty,matmul-naive96-s1,train,matmul,matmul-naive96,0.05,2,161886,9233,0
matmul_train,global,freq+ref+aging+sfreq+idle+age+dirty+refaults+rdist,matmul-naive96-s1,train,matmul,matmul-naive96,0.05,2,142980,9233,0
matmul_train,global,sd+ref+aging+sfreq+idle+age+dirty,matmul-naive96-s1,train,matmul,matmul-naive96,0.05,2,129599,9233,0
matmul_train,global,sd+ref+aging+sfreq+idle+age+dirty+refaults+rdist,matmul-naive96-s1,train,matmul,matmul-naive96,0.05,2,135231,9233,0
matmul_train,global,wr+ref+aging+sfreq+idle+age+dirty,matmul-naive96-s1,train,matmul,matmul-naive96,0.05,2,165313,9233,0
matmul_train,global,wr+ref+aging+sfreq+idle+age+dirty+refaults+rdist,matmul-naive96-s1,train,matmul,matmul-naive96,0.05,2,143990,9233,0
matmul_train,global,rec+freq+ref+aging+sfreq+idle+age+dirty,matmul-naive96-s1,train,matmul,matmul-naive96,0.05,2,180028,9233,0
matmul_train,global,rec+freq+ref+aging+sfreq+idle+age+dirty+refaults+rdist,matmul-naive96-s1,train,matmul,matmul-naive96,0.05,2,130032,9233,0
matmul_train,global,rec+sd+ref+aging+sfreq+idle+age+dirty,matmul-naive96-s1,train,matmul,matmul-naive96,0.05,2,129599,9233,0
matmul_train,global,rec+sd+ref+aging+sfreq+idle+age+dirty+refaults+rdist,matmul-naive96-s1,train,matmul,matmul-naive96,0.05,2,130016,9233,0
matmul_train,global,rec+wr+ref+aging+sfreq+idle+age+dirty,matmul-naive96-s1,train,matmul,matmul-naive96,0.05,2,174526,9233,0
matmul_train,global,rec+wr+ref+aging+sfreq+idle+age+dirty+refaults+rdist,matmul-naive96-s1,train,matmul,matmul-naive96,0.05,2,130068,9233,0
matmul_train,global,freq+sd+ref+aging+sfreq+idle+age+dirty,matmul-naive96-s1,train,matmul,matmul-naive96,0.05,2,133744,9233,0
matmul_train,global,freq+sd+ref+aging+sfreq+idle+age+dirty+refaults+rdist,matmul-naive96-s1,train,matmul,matmul-naive96,0.05,2,132648,9233,0
matmul_train,global,freq+wr+ref+aging+sfreq+idle+age+dirty,matmul-naive96-s1,train,matmul,matmul-naive96,0.05,2,161886,9233,0
matmul_train,global,freq+wr+ref+aging+sfreq+idle+age+dirty+refaults+rdist,matmul-naive96-s1,train,matmul,matmul-naive96,0.05,2,143211,9233,0
matmul_train,global,sd+wr+ref+aging+sfreq+idle+age+dirty,matmul-naive96-s1,train,matmul,matmul-naive96,0.05,2,129599,9233,0
matmul_train,global,sd+wr+ref+aging+sfreq+idle+age+dirty+refaults+rdist,matmul-naive96-s1,train,matmul,matmul-naive96,0.05,2,135162,9233,0
matmul_train,global,rec+freq+sd+ref+aging+sfreq+idle+age+dirty,matmul-naive96-s1,train,matmul,matmul-naive96,0.05,2,178872,9233,0
matmul_train,global,rec+freq+sd+ref+aging+sfreq+idle+age+dirty+refaults+rdist,matmul-naive96-s1,train,matmul,matmul-naive96,0.05,2,130002,9233,0
matmul_train,global,rec+freq+wr+ref+aging+sfreq+idle+age+dirty,matmul-naive96-s1,train,matmul,matmul-naive96,0.05,2,180020,9233,0
matmul_train,global,rec+freq+wr+ref+aging+sfreq+idle+age+dirty+refaults+rdist,matmul-naive96-s1,train,matmul,matmul-naive96,0.05,2,130018,9233,0
matmul_train,global,rec+sd+wr+ref+aging+sfreq+idle+age+dirty,matmul-naive96-s1,train,matmul,matmul-naive96,0.05,2,129599,9233,0
matmul_train,global,rec+sd+wr+ref+aging+sfreq+idle+age+dirty+refaults+rdist,matmul-naive96-s1,train,matmul,matmul-naive96,0.05,2,130013,9233,0
matmul_train,global,freq+sd+wr+ref+aging+sfreq+idle+age+dirty,matmul-naive96-s1,train,matmul,matmul-naive96,0.05,2,133556,9233,0
matmul_train,global,freq+sd+wr+ref+aging+sfreq+idle+age+dirty+refaults+rdist,matmul-naive96-s1,train,matmul,matmul-naive96,0.05,2,132722,9233,0
matmul_train,global,rec+freq+sd+wr+ref+aging+sfreq+idle+age+dirty,matmul-naive96-s1,train,matmul,matmul-naive96,0.05,2,178791,9233,0
matmul_train,global,rec+freq+sd+wr+ref+aging+sfreq+idle+age+dirty+refaults+rdist,matmul-naive96-s1,train,matmul,matmul-naive96,0.05,2,129990,9233,0
matmul_train,matmul,rec,matmul-naive96-s1,train,matmul,matmul-naive96,0.1,3,123836,9233,0
matmul_train,matmul,freq,matmul-naive96-s1,train,matmul,matmul-naive96,0.1,3,123836,9233,0
matmul_train,matmul,sd,matmul-naive96-s1,train,matmul,matmul-naive96,0.1,3,123836,9233,0
matmul_train,matmul,wr,matmul-naive96-s1,train,matmul,matmul-naive96,0.1,3,123837,9233,0
matmul_train,matmul,rec+freq,matmul-naive96-s1,train,matmul,matmul-naive96,0.1,3,123836,9233,0
matmul_train,matmul,rec+sd,matmul-naive96-s1,train,matmul,matmul-naive96,0.1,3,123836,9233,0
matmul_train,matmul,rec+wr,matmul-naive96-s1,train,matmul,matmul-naive96,0.1,3,123836,9233,0
matmul_train,matmul,freq+sd,matmul-naive96-s1,train,matmul,matmul-naive96,0.1,3,123836,9233,0
matmul_train,matmul,freq+wr,matmul-naive96-s1,train,matmul,matmul-naive96,0.1,3,123836,9233,0
matmul_train,matmul,sd+wr,matmul-naive96-s1,train,matmul,matmul-naive96,0.1,3,123836,9233,0
matmul_train,matmul,rec+freq+sd,matmul-naive96-s1,train,matmul,matmul-naive96,0.1,3,123836,9233,0
matmul_train,matmul,rec+freq+wr,matmul-naive96-s1,train,matmul,matmul-naive96,0.1,3,123836,9233,0
matmul_train,matmul,rec+sd+wr,matmul-naive96-s1,train,matmul,matmul-naive96,0.1,3,123836,9233,0
matmul_train,matmul,freq+sd+wr,matmul-naive96-s1,train,matmul,matmul-naive96,0.1,3,123836,9233,0
matmul_train,matmul,rec+freq+sd+wr,matmul-naive96-s1,train,matmul,matmul-naive96,0.1,3,123836,9233,0
matmul_train,matmul,ref,matmul-naive96-s1,train,matmul,matmul-naive96,0.1,3,123837,9233,0
matmul_train,matmul,aging,matmul-naive96-s1,train,matmul,matmul-naive96,0.1,3,123837,9233,0
matmul_train,matmul,sfreq,matmul-naive96-s1,train,matmul,matmul-naive96,0.1,3,123837,9233,0
matmul_train,matmul,idle,matmul-naive96-s1,train,matmul,matmul-naive96,0.1,3,123837,9233,0
matmul_train,matmul,age,matmul-naive96-s1,train,matmul,matmul-naive96,0.1,3,123838,9233,0
matmul_train,matmul,dirty,matmul-naive96-s1,train,matmul,matmul-naive96,0.1,3,123837,9233,0
matmul_train,matmul,refaults,matmul-naive96-s1,train,matmul,matmul-naive96,0.1,3,123837,9233,0
matmul_train,matmul,rdist,matmul-naive96-s1,train,matmul,matmul-naive96,0.1,3,123837,9233,0
matmul_train,matmul,ref+aging,matmul-naive96-s1,train,matmul,matmul-naive96,0.1,3,123837,9233,0
matmul_train,matmul,ref+sfreq,matmul-naive96-s1,train,matmul,matmul-naive96,0.1,3,123837,9233,0
matmul_train,matmul,ref+idle,matmul-naive96-s1,train,matmul,matmul-naive96,0.1,3,123837,9233,0
matmul_train,matmul,ref+age,matmul-naive96-s1,train,matmul,matmul-naive96,0.1,3,123837,9233,0
matmul_train,matmul,ref+dirty,matmul-naive96-s1,train,matmul,matmul-naive96,0.1,3,123837,9233,0
matmul_train,matmul,ref+refaults,matmul-naive96-s1,train,matmul,matmul-naive96,0.1,3,123837,9233,0
matmul_train,matmul,ref+rdist,matmul-naive96-s1,train,matmul,matmul-naive96,0.1,3,123837,9233,0
matmul_train,matmul,aging+sfreq,matmul-naive96-s1,train,matmul,matmul-naive96,0.1,3,123837,9233,0
matmul_train,matmul,aging+idle,matmul-naive96-s1,train,matmul,matmul-naive96,0.1,3,123837,9233,0
matmul_train,matmul,aging+age,matmul-naive96-s1,train,matmul,matmul-naive96,0.1,3,123837,9233,0
matmul_train,matmul,aging+dirty,matmul-naive96-s1,train,matmul,matmul-naive96,0.1,3,123837,9233,0
matmul_train,matmul,aging+refaults,matmul-naive96-s1,train,matmul,matmul-naive96,0.1,3,123837,9233,0
matmul_train,matmul,aging+rdist,matmul-naive96-s1,train,matmul,matmul-naive96,0.1,3,123837,9233,0
matmul_train,matmul,sfreq+idle,matmul-naive96-s1,train,matmul,matmul-naive96,0.1,3,123837,9233,0
matmul_train,matmul,sfreq+age,matmul-naive96-s1,train,matmul,matmul-naive96,0.1,3,123837,9233,0
matmul_train,matmul,sfreq+dirty,matmul-naive96-s1,train,matmul,matmul-naive96,0.1,3,123837,9233,0
matmul_train,matmul,sfreq+refaults,matmul-naive96-s1,train,matmul,matmul-naive96,0.1,3,123837,9233,0
matmul_train,matmul,sfreq+rdist,matmul-naive96-s1,train,matmul,matmul-naive96,0.1,3,123837,9233,0
matmul_train,matmul,idle+age,matmul-naive96-s1,train,matmul,matmul-naive96,0.1,3,123837,9233,0
matmul_train,matmul,idle+dirty,matmul-naive96-s1,train,matmul,matmul-naive96,0.1,3,123837,9233,0
matmul_train,matmul,idle+refaults,matmul-naive96-s1,train,matmul,matmul-naive96,0.1,3,123837,9233,0
matmul_train,matmul,idle+rdist,matmul-naive96-s1,train,matmul,matmul-naive96,0.1,3,123837,9233,0
matmul_train,matmul,age+dirty,matmul-naive96-s1,train,matmul,matmul-naive96,0.1,3,123838,9233,0
matmul_train,matmul,age+refaults,matmul-naive96-s1,train,matmul,matmul-naive96,0.1,3,123838,9233,0
matmul_train,matmul,age+rdist,matmul-naive96-s1,train,matmul,matmul-naive96,0.1,3,123838,9233,0
matmul_train,matmul,dirty+refaults,matmul-naive96-s1,train,matmul,matmul-naive96,0.1,3,123837,9233,0
matmul_train,matmul,dirty+rdist,matmul-naive96-s1,train,matmul,matmul-naive96,0.1,3,123837,9233,0
matmul_train,matmul,refaults+rdist,matmul-naive96-s1,train,matmul,matmul-naive96,0.1,3,123837,9233,0
matmul_train,matmul,ref+aging+sfreq,matmul-naive96-s1,train,matmul,matmul-naive96,0.1,3,123837,9233,0
matmul_train,matmul,ref+aging+idle,matmul-naive96-s1,train,matmul,matmul-naive96,0.1,3,123837,9233,0
matmul_train,matmul,ref+aging+age,matmul-naive96-s1,train,matmul,matmul-naive96,0.1,3,123837,9233,0
matmul_train,matmul,ref+aging+dirty,matmul-naive96-s1,train,matmul,matmul-naive96,0.1,3,123837,9233,0
matmul_train,matmul,ref+aging+refaults,matmul-naive96-s1,train,matmul,matmul-naive96,0.1,3,123837,9233,0
matmul_train,matmul,ref+aging+rdist,matmul-naive96-s1,train,matmul,matmul-naive96,0.1,3,123837,9233,0
matmul_train,matmul,ref+sfreq+idle,matmul-naive96-s1,train,matmul,matmul-naive96,0.1,3,123837,9233,0
matmul_train,matmul,ref+sfreq+age,matmul-naive96-s1,train,matmul,matmul-naive96,0.1,3,123837,9233,0
matmul_train,matmul,ref+sfreq+dirty,matmul-naive96-s1,train,matmul,matmul-naive96,0.1,3,123837,9233,0
matmul_train,matmul,ref+sfreq+refaults,matmul-naive96-s1,train,matmul,matmul-naive96,0.1,3,123837,9233,0
matmul_train,matmul,ref+sfreq+rdist,matmul-naive96-s1,train,matmul,matmul-naive96,0.1,3,123837,9233,0
matmul_train,matmul,ref+idle+age,matmul-naive96-s1,train,matmul,matmul-naive96,0.1,3,123837,9233,0
matmul_train,matmul,ref+idle+dirty,matmul-naive96-s1,train,matmul,matmul-naive96,0.1,3,123837,9233,0
matmul_train,matmul,ref+idle+refaults,matmul-naive96-s1,train,matmul,matmul-naive96,0.1,3,123837,9233,0
matmul_train,matmul,ref+idle+rdist,matmul-naive96-s1,train,matmul,matmul-naive96,0.1,3,123837,9233,0
matmul_train,matmul,ref+age+dirty,matmul-naive96-s1,train,matmul,matmul-naive96,0.1,3,123837,9233,0
matmul_train,matmul,ref+age+refaults,matmul-naive96-s1,train,matmul,matmul-naive96,0.1,3,123837,9233,0
matmul_train,matmul,ref+age+rdist,matmul-naive96-s1,train,matmul,matmul-naive96,0.1,3,123837,9233,0
matmul_train,matmul,ref+dirty+refaults,matmul-naive96-s1,train,matmul,matmul-naive96,0.1,3,123837,9233,0
matmul_train,matmul,ref+dirty+rdist,matmul-naive96-s1,train,matmul,matmul-naive96,0.1,3,123837,9233,0
matmul_train,matmul,ref+refaults+rdist,matmul-naive96-s1,train,matmul,matmul-naive96,0.1,3,123837,9233,0
matmul_train,matmul,aging+sfreq+idle,matmul-naive96-s1,train,matmul,matmul-naive96,0.1,3,123837,9233,0
matmul_train,matmul,aging+sfreq+age,matmul-naive96-s1,train,matmul,matmul-naive96,0.1,3,123837,9233,0
matmul_train,matmul,aging+sfreq+dirty,matmul-naive96-s1,train,matmul,matmul-naive96,0.1,3,123837,9233,0
matmul_train,matmul,aging+sfreq+refaults,matmul-naive96-s1,train,matmul,matmul-naive96,0.1,3,123837,9233,0
matmul_train,matmul,aging+sfreq+rdist,matmul-naive96-s1,train,matmul,matmul-naive96,0.1,3,123837,9233,0
matmul_train,matmul,aging+idle+age,matmul-naive96-s1,train,matmul,matmul-naive96,0.1,3,123837,9233,0
matmul_train,matmul,aging+idle+dirty,matmul-naive96-s1,train,matmul,matmul-naive96,0.1,3,123837,9233,0
matmul_train,matmul,aging+idle+refaults,matmul-naive96-s1,train,matmul,matmul-naive96,0.1,3,123837,9233,0
matmul_train,matmul,aging+idle+rdist,matmul-naive96-s1,train,matmul,matmul-naive96,0.1,3,123837,9233,0
matmul_train,matmul,aging+age+dirty,matmul-naive96-s1,train,matmul,matmul-naive96,0.1,3,123837,9233,0
matmul_train,matmul,aging+age+refaults,matmul-naive96-s1,train,matmul,matmul-naive96,0.1,3,123837,9233,0
matmul_train,matmul,aging+age+rdist,matmul-naive96-s1,train,matmul,matmul-naive96,0.1,3,123837,9233,0
matmul_train,matmul,aging+dirty+refaults,matmul-naive96-s1,train,matmul,matmul-naive96,0.1,3,123837,9233,0
matmul_train,matmul,aging+dirty+rdist,matmul-naive96-s1,train,matmul,matmul-naive96,0.1,3,123837,9233,0
matmul_train,matmul,aging+refaults+rdist,matmul-naive96-s1,train,matmul,matmul-naive96,0.1,3,123837,9233,0
matmul_train,matmul,sfreq+idle+age,matmul-naive96-s1,train,matmul,matmul-naive96,0.1,3,123837,9233,0
matmul_train,matmul,sfreq+idle+dirty,matmul-naive96-s1,train,matmul,matmul-naive96,0.1,3,123837,9233,0
matmul_train,matmul,sfreq+idle+refaults,matmul-naive96-s1,train,matmul,matmul-naive96,0.1,3,123837,9233,0
matmul_train,matmul,sfreq+idle+rdist,matmul-naive96-s1,train,matmul,matmul-naive96,0.1,3,123837,9233,0
matmul_train,matmul,sfreq+age+dirty,matmul-naive96-s1,train,matmul,matmul-naive96,0.1,3,123837,9233,0
matmul_train,matmul,sfreq+age+refaults,matmul-naive96-s1,train,matmul,matmul-naive96,0.1,3,123837,9233,0
matmul_train,matmul,sfreq+age+rdist,matmul-naive96-s1,train,matmul,matmul-naive96,0.1,3,123837,9233,0
matmul_train,matmul,sfreq+dirty+refaults,matmul-naive96-s1,train,matmul,matmul-naive96,0.1,3,123837,9233,0
matmul_train,matmul,sfreq+dirty+rdist,matmul-naive96-s1,train,matmul,matmul-naive96,0.1,3,123837,9233,0
matmul_train,matmul,sfreq+refaults+rdist,matmul-naive96-s1,train,matmul,matmul-naive96,0.1,3,123837,9233,0
matmul_train,matmul,idle+age+dirty,matmul-naive96-s1,train,matmul,matmul-naive96,0.1,3,123837,9233,0
matmul_train,matmul,idle+age+refaults,matmul-naive96-s1,train,matmul,matmul-naive96,0.1,3,123837,9233,0
matmul_train,matmul,idle+age+rdist,matmul-naive96-s1,train,matmul,matmul-naive96,0.1,3,123837,9233,0
matmul_train,matmul,idle+dirty+refaults,matmul-naive96-s1,train,matmul,matmul-naive96,0.1,3,123837,9233,0
matmul_train,matmul,idle+dirty+rdist,matmul-naive96-s1,train,matmul,matmul-naive96,0.1,3,123837,9233,0
matmul_train,matmul,idle+refaults+rdist,matmul-naive96-s1,train,matmul,matmul-naive96,0.1,3,123837,9233,0
matmul_train,matmul,age+dirty+refaults,matmul-naive96-s1,train,matmul,matmul-naive96,0.1,3,123838,9233,0
matmul_train,matmul,age+dirty+rdist,matmul-naive96-s1,train,matmul,matmul-naive96,0.1,3,123838,9233,0
matmul_train,matmul,age+refaults+rdist,matmul-naive96-s1,train,matmul,matmul-naive96,0.1,3,123838,9233,0
matmul_train,matmul,dirty+refaults+rdist,matmul-naive96-s1,train,matmul,matmul-naive96,0.1,3,123837,9233,0
matmul_train,matmul,ref+aging+sfreq+idle,matmul-naive96-s1,train,matmul,matmul-naive96,0.1,3,123837,9233,0
matmul_train,matmul,ref+aging+sfreq+age,matmul-naive96-s1,train,matmul,matmul-naive96,0.1,3,123837,9233,0
matmul_train,matmul,ref+aging+sfreq+dirty,matmul-naive96-s1,train,matmul,matmul-naive96,0.1,3,123837,9233,0
matmul_train,matmul,ref+aging+sfreq+refaults,matmul-naive96-s1,train,matmul,matmul-naive96,0.1,3,123837,9233,0
matmul_train,matmul,ref+aging+sfreq+rdist,matmul-naive96-s1,train,matmul,matmul-naive96,0.1,3,123837,9233,0
matmul_train,matmul,ref+aging+idle+age,matmul-naive96-s1,train,matmul,matmul-naive96,0.1,3,123837,9233,0
matmul_train,matmul,ref+aging+idle+dirty,matmul-naive96-s1,train,matmul,matmul-naive96,0.1,3,123837,9233,0
matmul_train,matmul,ref+aging+idle+refaults,matmul-naive96-s1,train,matmul,matmul-naive96,0.1,3,123837,9233,0
matmul_train,matmul,ref+aging+idle+rdist,matmul-naive96-s1,train,matmul,matmul-naive96,0.1,3,123837,9233,0
matmul_train,matmul,ref+aging+age+dirty,matmul-naive96-s1,train,matmul,matmul-naive96,0.1,3,123837,9233,0
matmul_train,matmul,ref+aging+age+refaults,matmul-naive96-s1,train,matmul,matmul-naive96,0.1,3,123837,9233,0
matmul_train,matmul,ref+aging+age+rdist,matmul-naive96-s1,train,matmul,matmul-naive96,0.1,3,123837,9233,0
matmul_train,matmul,ref+aging+dirty+refaults,matmul-naive96-s1,train,matmul,matmul-naive96,0.1,3,123837,9233,0
matmul_train,matmul,ref+aging+dirty+rdist,matmul-naive96-s1,train,matmul,matmul-naive96,0.1,3,123837,9233,0
matmul_train,matmul,ref+aging+refaults+rdist,matmul-naive96-s1,train,matmul,matmul-naive96,0.1,3,123837,9233,0
matmul_train,matmul,ref+sfreq+idle+age,matmul-naive96-s1,train,matmul,matmul-naive96,0.1,3,123837,9233,0
matmul_train,matmul,ref+sfreq+idle+dirty,matmul-naive96-s1,train,matmul,matmul-naive96,0.1,3,123837,9233,0
matmul_train,matmul,ref+sfreq+idle+refaults,matmul-naive96-s1,train,matmul,matmul-naive96,0.1,3,123837,9233,0
matmul_train,matmul,ref+sfreq+idle+rdist,matmul-naive96-s1,train,matmul,matmul-naive96,0.1,3,123837,9233,0
matmul_train,matmul,ref+sfreq+age+dirty,matmul-naive96-s1,train,matmul,matmul-naive96,0.1,3,123837,9233,0
matmul_train,matmul,ref+sfreq+age+refaults,matmul-naive96-s1,train,matmul,matmul-naive96,0.1,3,123837,9233,0
matmul_train,matmul,ref+sfreq+age+rdist,matmul-naive96-s1,train,matmul,matmul-naive96,0.1,3,123837,9233,0
matmul_train,matmul,ref+sfreq+dirty+refaults,matmul-naive96-s1,train,matmul,matmul-naive96,0.1,3,123837,9233,0
matmul_train,matmul,ref+sfreq+dirty+rdist,matmul-naive96-s1,train,matmul,matmul-naive96,0.1,3,123837,9233,0
matmul_train,matmul,ref+sfreq+refaults+rdist,matmul-naive96-s1,train,matmul,matmul-naive96,0.1,3,123837,9233,0
matmul_train,matmul,ref+idle+age+dirty,matmul-naive96-s1,train,matmul,matmul-naive96,0.1,3,123837,9233,0
matmul_train,matmul,ref+idle+age+refaults,matmul-naive96-s1,train,matmul,matmul-naive96,0.1,3,123837,9233,0
matmul_train,matmul,ref+idle+age+rdist,matmul-naive96-s1,train,matmul,matmul-naive96,0.1,3,123837,9233,0
matmul_train,matmul,ref+idle+dirty+refaults,matmul-naive96-s1,train,matmul,matmul-naive96,0.1,3,123837,9233,0
matmul_train,matmul,ref+idle+dirty+rdist,matmul-naive96-s1,train,matmul,matmul-naive96,0.1,3,123837,9233,0
matmul_train,matmul,ref+idle+refaults+rdist,matmul-naive96-s1,train,matmul,matmul-naive96,0.1,3,123837,9233,0
matmul_train,matmul,ref+age+dirty+refaults,matmul-naive96-s1,train,matmul,matmul-naive96,0.1,3,123837,9233,0
matmul_train,matmul,ref+age+dirty+rdist,matmul-naive96-s1,train,matmul,matmul-naive96,0.1,3,123837,9233,0
matmul_train,matmul,ref+age+refaults+rdist,matmul-naive96-s1,train,matmul,matmul-naive96,0.1,3,123837,9233,0
matmul_train,matmul,ref+dirty+refaults+rdist,matmul-naive96-s1,train,matmul,matmul-naive96,0.1,3,123837,9233,0
matmul_train,matmul,aging+sfreq+idle+age,matmul-naive96-s1,train,matmul,matmul-naive96,0.1,3,123837,9233,0
matmul_train,matmul,aging+sfreq+idle+dirty,matmul-naive96-s1,train,matmul,matmul-naive96,0.1,3,123837,9233,0
matmul_train,matmul,aging+sfreq+idle+refaults,matmul-naive96-s1,train,matmul,matmul-naive96,0.1,3,123837,9233,0
matmul_train,matmul,aging+sfreq+idle+rdist,matmul-naive96-s1,train,matmul,matmul-naive96,0.1,3,123837,9233,0
matmul_train,matmul,aging+sfreq+age+dirty,matmul-naive96-s1,train,matmul,matmul-naive96,0.1,3,123837,9233,0
matmul_train,matmul,aging+sfreq+age+refaults,matmul-naive96-s1,train,matmul,matmul-naive96,0.1,3,123837,9233,0
matmul_train,matmul,aging+sfreq+age+rdist,matmul-naive96-s1,train,matmul,matmul-naive96,0.1,3,123837,9233,0
matmul_train,matmul,aging+sfreq+dirty+refaults,matmul-naive96-s1,train,matmul,matmul-naive96,0.1,3,123837,9233,0
matmul_train,matmul,aging+sfreq+dirty+rdist,matmul-naive96-s1,train,matmul,matmul-naive96,0.1,3,123837,9233,0
matmul_train,matmul,aging+sfreq+refaults+rdist,matmul-naive96-s1,train,matmul,matmul-naive96,0.1,3,123837,9233,0
matmul_train,matmul,aging+idle+age+dirty,matmul-naive96-s1,train,matmul,matmul-naive96,0.1,3,123837,9233,0
matmul_train,matmul,aging+idle+age+refaults,matmul-naive96-s1,train,matmul,matmul-naive96,0.1,3,123837,9233,0
matmul_train,matmul,aging+idle+age+rdist,matmul-naive96-s1,train,matmul,matmul-naive96,0.1,3,123837,9233,0
matmul_train,matmul,aging+idle+dirty+refaults,matmul-naive96-s1,train,matmul,matmul-naive96,0.1,3,123837,9233,0
matmul_train,matmul,aging+idle+dirty+rdist,matmul-naive96-s1,train,matmul,matmul-naive96,0.1,3,123837,9233,0
matmul_train,matmul,aging+idle+refaults+rdist,matmul-naive96-s1,train,matmul,matmul-naive96,0.1,3,123837,9233,0
matmul_train,matmul,aging+age+dirty+refaults,matmul-naive96-s1,train,matmul,matmul-naive96,0.1,3,123837,9233,0
matmul_train,matmul,aging+age+dirty+rdist,matmul-naive96-s1,train,matmul,matmul-naive96,0.1,3,123837,9233,0
matmul_train,matmul,aging+age+refaults+rdist,matmul-naive96-s1,train,matmul,matmul-naive96,0.1,3,123837,9233,0
matmul_train,matmul,aging+dirty+refaults+rdist,matmul-naive96-s1,train,matmul,matmul-naive96,0.1,3,123837,9233,0
matmul_train,matmul,sfreq+idle+age+dirty,matmul-naive96-s1,train,matmul,matmul-naive96,0.1,3,123837,9233,0
matmul_train,matmul,sfreq+idle+age+refaults,matmul-naive96-s1,train,matmul,matmul-naive96,0.1,3,123837,9233,0
matmul_train,matmul,sfreq+idle+age+rdist,matmul-naive96-s1,train,matmul,matmul-naive96,0.1,3,123837,9233,0
matmul_train,matmul,sfreq+idle+dirty+refaults,matmul-naive96-s1,train,matmul,matmul-naive96,0.1,3,123837,9233,0
matmul_train,matmul,sfreq+idle+dirty+rdist,matmul-naive96-s1,train,matmul,matmul-naive96,0.1,3,123837,9233,0
matmul_train,matmul,sfreq+idle+refaults+rdist,matmul-naive96-s1,train,matmul,matmul-naive96,0.1,3,123837,9233,0
matmul_train,matmul,sfreq+age+dirty+refaults,matmul-naive96-s1,train,matmul,matmul-naive96,0.1,3,123837,9233,0
matmul_train,matmul,sfreq+age+dirty+rdist,matmul-naive96-s1,train,matmul,matmul-naive96,0.1,3,123837,9233,0
matmul_train,matmul,sfreq+age+refaults+rdist,matmul-naive96-s1,train,matmul,matmul-naive96,0.1,3,123837,9233,0
matmul_train,matmul,sfreq+dirty+refaults+rdist,matmul-naive96-s1,train,matmul,matmul-naive96,0.1,3,123837,9233,0
matmul_train,matmul,idle+age+dirty+refaults,matmul-naive96-s1,train,matmul,matmul-naive96,0.1,3,123837,9233,0
matmul_train,matmul,idle+age+dirty+rdist,matmul-naive96-s1,train,matmul,matmul-naive96,0.1,3,123837,9233,0
matmul_train,matmul,idle+age+refaults+rdist,matmul-naive96-s1,train,matmul,matmul-naive96,0.1,3,123837,9233,0
matmul_train,matmul,idle+dirty+refaults+rdist,matmul-naive96-s1,train,matmul,matmul-naive96,0.1,3,123837,9233,0
matmul_train,matmul,age+dirty+refaults+rdist,matmul-naive96-s1,train,matmul,matmul-naive96,0.1,3,123838,9233,0
matmul_train,matmul,ref+aging+sfreq+idle+age,matmul-naive96-s1,train,matmul,matmul-naive96,0.1,3,123837,9233,0
matmul_train,matmul,ref+aging+sfreq+idle+dirty,matmul-naive96-s1,train,matmul,matmul-naive96,0.1,3,123837,9233,0
matmul_train,matmul,ref+aging+sfreq+idle+refaults,matmul-naive96-s1,train,matmul,matmul-naive96,0.1,3,123837,9233,0
matmul_train,matmul,ref+aging+sfreq+idle+rdist,matmul-naive96-s1,train,matmul,matmul-naive96,0.1,3,123837,9233,0
matmul_train,matmul,ref+aging+sfreq+age+dirty,matmul-naive96-s1,train,matmul,matmul-naive96,0.1,3,123838,9233,0
matmul_train,matmul,ref+aging+sfreq+age+refaults,matmul-naive96-s1,train,matmul,matmul-naive96,0.1,3,123837,9233,0
matmul_train,matmul,ref+aging+sfreq+age+rdist,matmul-naive96-s1,train,matmul,matmul-naive96,0.1,3,123837,9233,0
matmul_train,matmul,ref+aging+sfreq+dirty+refaults,matmul-naive96-s1,train,matmul,matmul-naive96,0.1,3,123837,9233,0
matmul_train,matmul,ref+aging+sfreq+dirty+rdist,matmul-naive96-s1,train,matmul,matmul-naive96,0.1,3,123837,9233,0
matmul_train,matmul,ref+aging+sfreq+refaults+rdist,matmul-naive96-s1,train,matmul,matmul-naive96,0.1,3,123837,9233,0
matmul_train,matmul,ref+aging+idle+age+dirty,matmul-naive96-s1,train,matmul,matmul-naive96,0.1,3,123837,9233,0
matmul_train,matmul,ref+aging+idle+age+refaults,matmul-naive96-s1,train,matmul,matmul-naive96,0.1,3,123837,9233,0
matmul_train,matmul,ref+aging+idle+age+rdist,matmul-naive96-s1,train,matmul,matmul-naive96,0.1,3,123837,9233,0
matmul_train,matmul,ref+aging+idle+dirty+refaults,matmul-naive96-s1,train,matmul,matmul-naive96,0.1,3,123837,9233,0
matmul_train,matmul,ref+aging+idle+dirty+rdist,matmul-naive96-s1,train,matmul,matmul-naive96,0.1,3,123837,9233,0
matmul_train,matmul,ref+aging+idle+refaults+rdist,matmul-naive96-s1,train,matmul,matmul-naive96,0.1,3,123837,9233,0
matmul_train,matmul,ref+aging+age+dirty+refaults,matmul-naive96-s1,train,matmul,matmul-naive96,0.1,3,123837,9233,0
matmul_train,matmul,ref+aging+age+dirty+rdist,matmul-naive96-s1,train,matmul,matmul-naive96,0.1,3,123837,9233,0
matmul_train,matmul,ref+aging+age+refaults+rdist,matmul-naive96-s1,train,matmul,matmul-naive96,0.1,3,123837,9233,0
matmul_train,matmul,ref+aging+dirty+refaults+rdist,matmul-naive96-s1,train,matmul,matmul-naive96,0.1,3,123837,9233,0
matmul_train,matmul,ref+sfreq+idle+age+dirty,matmul-naive96-s1,train,matmul,matmul-naive96,0.1,3,123837,9233,0
matmul_train,matmul,ref+sfreq+idle+age+refaults,matmul-naive96-s1,train,matmul,matmul-naive96,0.1,3,123837,9233,0
matmul_train,matmul,ref+sfreq+idle+age+rdist,matmul-naive96-s1,train,matmul,matmul-naive96,0.1,3,123837,9233,0
matmul_train,matmul,ref+sfreq+idle+dirty+refaults,matmul-naive96-s1,train,matmul,matmul-naive96,0.1,3,123837,9233,0
matmul_train,matmul,ref+sfreq+idle+dirty+rdist,matmul-naive96-s1,train,matmul,matmul-naive96,0.1,3,123837,9233,0
matmul_train,matmul,ref+sfreq+idle+refaults+rdist,matmul-naive96-s1,train,matmul,matmul-naive96,0.1,3,123837,9233,0
matmul_train,matmul,ref+sfreq+age+dirty+refaults,matmul-naive96-s1,train,matmul,matmul-naive96,0.1,3,123837,9233,0
matmul_train,matmul,ref+sfreq+age+dirty+rdist,matmul-naive96-s1,train,matmul,matmul-naive96,0.1,3,123837,9233,0
matmul_train,matmul,ref+sfreq+age+refaults+rdist,matmul-naive96-s1,train,matmul,matmul-naive96,0.1,3,123837,9233,0
matmul_train,matmul,ref+sfreq+dirty+refaults+rdist,matmul-naive96-s1,train,matmul,matmul-naive96,0.1,3,123837,9233,0
matmul_train,matmul,ref+idle+age+dirty+refaults,matmul-naive96-s1,train,matmul,matmul-naive96,0.1,3,123837,9233,0
matmul_train,matmul,ref+idle+age+dirty+rdist,matmul-naive96-s1,train,matmul,matmul-naive96,0.1,3,123837,9233,0
matmul_train,matmul,ref+idle+age+refaults+rdist,matmul-naive96-s1,train,matmul,matmul-naive96,0.1,3,123837,9233,0
matmul_train,matmul,ref+idle+dirty+refaults+rdist,matmul-naive96-s1,train,matmul,matmul-naive96,0.1,3,123837,9233,0
matmul_train,matmul,ref+age+dirty+refaults+rdist,matmul-naive96-s1,train,matmul,matmul-naive96,0.1,3,123837,9233,0
matmul_train,matmul,aging+sfreq+idle+age+dirty,matmul-naive96-s1,train,matmul,matmul-naive96,0.1,3,123837,9233,0
matmul_train,matmul,aging+sfreq+idle+age+refaults,matmul-naive96-s1,train,matmul,matmul-naive96,0.1,3,123837,9233,0
matmul_train,matmul,aging+sfreq+idle+age+rdist,matmul-naive96-s1,train,matmul,matmul-naive96,0.1,3,123837,9233,0
matmul_train,matmul,aging+sfreq+idle+dirty+refaults,matmul-naive96-s1,train,matmul,matmul-naive96,0.1,3,123837,9233,0
matmul_train,matmul,aging+sfreq+idle+dirty+rdist,matmul-naive96-s1,train,matmul,matmul-naive96,0.1,3,123837,9233,0
matmul_train,matmul,aging+sfreq+idle+refaults+rdist,matmul-naive96-s1,train,matmul,matmul-naive96,0.1,3,123837,9233,0
matmul_train,matmul,aging+sfreq+age+dirty+refaults,matmul-naive96-s1,train,matmul,matmul-naive96,0.1,3,123837,9233,0
matmul_train,matmul,aging+sfreq+age+dirty+rdist,matmul-naive96-s1,train,matmul,matmul-naive96,0.1,3,123837,9233,0
matmul_train,matmul,aging+sfreq+age+refaults+rdist,matmul-naive96-s1,train,matmul,matmul-naive96,0.1,3,123837,9233,0
matmul_train,matmul,aging+sfreq+dirty+refaults+rdist,matmul-naive96-s1,train,matmul,matmul-naive96,0.1,3,123837,9233,0
matmul_train,matmul,aging+idle+age+dirty+refaults,matmul-naive96-s1,train,matmul,matmul-naive96,0.1,3,123837,9233,0
matmul_train,matmul,aging+idle+age+dirty+rdist,matmul-naive96-s1,train,matmul,matmul-naive96,0.1,3,123837,9233,0
matmul_train,matmul,aging+idle+age+refaults+rdist,matmul-naive96-s1,train,matmul,matmul-naive96,0.1,3,123837,9233,0
matmul_train,matmul,aging+idle+dirty+refaults+rdist,matmul-naive96-s1,train,matmul,matmul-naive96,0.1,3,123837,9233,0
matmul_train,matmul,aging+age+dirty+refaults+rdist,matmul-naive96-s1,train,matmul,matmul-naive96,0.1,3,123837,9233,0
matmul_train,matmul,sfreq+idle+age+dirty+refaults,matmul-naive96-s1,train,matmul,matmul-naive96,0.1,3,123837,9233,0
matmul_train,matmul,sfreq+idle+age+dirty+rdist,matmul-naive96-s1,train,matmul,matmul-naive96,0.1,3,123837,9233,0
matmul_train,matmul,sfreq+idle+age+refaults+rdist,matmul-naive96-s1,train,matmul,matmul-naive96,0.1,3,123837,9233,0
matmul_train,matmul,sfreq+idle+dirty+refaults+rdist,matmul-naive96-s1,train,matmul,matmul-naive96,0.1,3,123837,9233,0
matmul_train,matmul,sfreq+age+dirty+refaults+rdist,matmul-naive96-s1,train,matmul,matmul-naive96,0.1,3,123837,9233,0
matmul_train,matmul,idle+age+dirty+refaults+rdist,matmul-naive96-s1,train,matmul,matmul-naive96,0.1,3,123837,9233,0
matmul_train,matmul,ref+aging+sfreq+idle+age+dirty,matmul-naive96-s1,train,matmul,matmul-naive96,0.1,3,123837,9233,0
matmul_train,matmul,ref+aging+sfreq+idle+age+refaults,matmul-naive96-s1,train,matmul,matmul-naive96,0.1,3,123837,9233,0
matmul_train,matmul,ref+aging+sfreq+idle+age+rdist,matmul-naive96-s1,train,matmul,matmul-naive96,0.1,3,123837,9233,0
matmul_train,matmul,ref+aging+sfreq+idle+dirty+refaults,matmul-naive96-s1,train,matmul,matmul-naive96,0.1,3,123837,9233,0
matmul_train,matmul,ref+aging+sfreq+idle+dirty+rdist,matmul-naive96-s1,train,matmul,matmul-naive96,0.1,3,123837,9233,0
matmul_train,matmul,ref+aging+sfreq+idle+refaults+rdist,matmul-naive96-s1,train,matmul,matmul-naive96,0.1,3,123837,9233,0
matmul_train,matmul,ref+aging+sfreq+age+dirty+refaults,matmul-naive96-s1,train,matmul,matmul-naive96,0.1,3,123837,9233,0
matmul_train,matmul,ref+aging+sfreq+age+dirty+rdist,matmul-naive96-s1,train,matmul,matmul-naive96,0.1,3,123838,9233,0
matmul_train,matmul,ref+aging+sfreq+age+refaults+rdist,matmul-naive96-s1,train,matmul,matmul-naive96,0.1,3,123837,9233,0
matmul_train,matmul,ref+aging+sfreq+dirty+refaults+rdist,matmul-naive96-s1,train,matmul,matmul-naive96,0.1,3,123837,9233,0
matmul_train,matmul,ref+aging+idle+age+dirty+refaults,matmul-naive96-s1,train,matmul,matmul-naive96,0.1,3,123837,9233,0
matmul_train,matmul,ref+aging+idle+age+dirty+rdist,matmul-naive96-s1,train,matmul,matmul-naive96,0.1,3,123837,9233,0
matmul_train,matmul,ref+aging+idle+age+refaults+rdist,matmul-naive96-s1,train,matmul,matmul-naive96,0.1,3,123837,9233,0
matmul_train,matmul,ref+aging+idle+dirty+refaults+rdist,matmul-naive96-s1,train,matmul,matmul-naive96,0.1,3,123837,9233,0
matmul_train,matmul,ref+aging+age+dirty+refaults+rdist,matmul-naive96-s1,train,matmul,matmul-naive96,0.1,3,123837,9233,0
matmul_train,matmul,ref+sfreq+idle+age+dirty+refaults,matmul-naive96-s1,train,matmul,matmul-naive96,0.1,3,123837,9233,0
matmul_train,matmul,ref+sfreq+idle+age+dirty+rdist,matmul-naive96-s1,train,matmul,matmul-naive96,0.1,3,123837,9233,0
matmul_train,matmul,ref+sfreq+idle+age+refaults+rdist,matmul-naive96-s1,train,matmul,matmul-naive96,0.1,3,123837,9233,0
matmul_train,matmul,ref+sfreq+idle+dirty+refaults+rdist,matmul-naive96-s1,train,matmul,matmul-naive96,0.1,3,123837,9233,0
matmul_train,matmul,ref+sfreq+age+dirty+refaults+rdist,matmul-naive96-s1,train,matmul,matmul-naive96,0.1,3,123837,9233,0
matmul_train,matmul,ref+idle+age+dirty+refaults+rdist,matmul-naive96-s1,train,matmul,matmul-naive96,0.1,3,123837,9233,0
matmul_train,matmul,aging+sfreq+idle+age+dirty+refaults,matmul-naive96-s1,train,matmul,matmul-naive96,0.1,3,123837,9233,0
matmul_train,matmul,aging+sfreq+idle+age+dirty+rdist,matmul-naive96-s1,train,matmul,matmul-naive96,0.1,3,123837,9233,0
matmul_train,matmul,aging+sfreq+idle+age+refaults+rdist,matmul-naive96-s1,train,matmul,matmul-naive96,0.1,3,123837,9233,0
matmul_train,matmul,aging+sfreq+idle+dirty+refaults+rdist,matmul-naive96-s1,train,matmul,matmul-naive96,0.1,3,123837,9233,0
matmul_train,matmul,aging+sfreq+age+dirty+refaults+rdist,matmul-naive96-s1,train,matmul,matmul-naive96,0.1,3,123837,9233,0
matmul_train,matmul,aging+idle+age+dirty+refaults+rdist,matmul-naive96-s1,train,matmul,matmul-naive96,0.1,3,123837,9233,0
matmul_train,matmul,sfreq+idle+age+dirty+refaults+rdist,matmul-naive96-s1,train,matmul,matmul-naive96,0.1,3,123837,9233,0
matmul_train,matmul,ref+aging+sfreq+idle+age+dirty+refaults,matmul-naive96-s1,train,matmul,matmul-naive96,0.1,3,123837,9233,0
matmul_train,matmul,ref+aging+sfreq+idle+age+dirty+rdist,matmul-naive96-s1,train,matmul,matmul-naive96,0.1,3,123838,9233,0
matmul_train,matmul,ref+aging+sfreq+idle+age+refaults+rdist,matmul-naive96-s1,train,matmul,matmul-naive96,0.1,3,123837,9233,0
matmul_train,matmul,ref+aging+sfreq+idle+dirty+refaults+rdist,matmul-naive96-s1,train,matmul,matmul-naive96,0.1,3,123837,9233,0
matmul_train,matmul,ref+aging+sfreq+age+dirty+refaults+rdist,matmul-naive96-s1,train,matmul,matmul-naive96,0.1,3,123837,9233,0
matmul_train,matmul,ref+aging+idle+age+dirty+refaults+rdist,matmul-naive96-s1,train,matmul,matmul-naive96,0.1,3,123837,9233,0
matmul_train,matmul,ref+sfreq+idle+age+dirty+refaults+rdist,matmul-naive96-s1,train,matmul,matmul-naive96,0.1,3,123837,9233,0
matmul_train,matmul,aging+sfreq+idle+age+dirty+refaults+rdist,matmul-naive96-s1,train,matmul,matmul-naive96,0.1,3,123837,9233,0
matmul_train,matmul,ref+aging+sfreq+idle+age+dirty+refaults+rdist,matmul-naive96-s1,train,matmul,matmul-naive96,0.1,3,123837,9233,0
matmul_train,matmul,rec+ref+aging+sfreq+idle+age+dirty,matmul-naive96-s1,train,matmul,matmul-naive96,0.1,3,123836,9233,0
matmul_train,matmul,rec+ref+aging+sfreq+idle+age+dirty+refaults+rdist,matmul-naive96-s1,train,matmul,matmul-naive96,0.1,3,123836,9233,0
matmul_train,matmul,freq+ref+aging+sfreq+idle+age+dirty,matmul-naive96-s1,train,matmul,matmul-naive96,0.1,3,123836,9233,0
matmul_train,matmul,freq+ref+aging+sfreq+idle+age+dirty+refaults+rdist,matmul-naive96-s1,train,matmul,matmul-naive96,0.1,3,123837,9233,0
matmul_train,matmul,sd+ref+aging+sfreq+idle+age+dirty,matmul-naive96-s1,train,matmul,matmul-naive96,0.1,3,123836,9233,0
matmul_train,matmul,sd+ref+aging+sfreq+idle+age+dirty+refaults+rdist,matmul-naive96-s1,train,matmul,matmul-naive96,0.1,3,123836,9233,0
matmul_train,matmul,wr+ref+aging+sfreq+idle+age+dirty,matmul-naive96-s1,train,matmul,matmul-naive96,0.1,3,123837,9233,0
matmul_train,matmul,wr+ref+aging+sfreq+idle+age+dirty+refaults+rdist,matmul-naive96-s1,train,matmul,matmul-naive96,0.1,3,123837,9233,0
matmul_train,matmul,rec+freq+ref+aging+sfreq+idle+age+dirty,matmul-naive96-s1,train,matmul,matmul-naive96,0.1,3,123836,9233,0
matmul_train,matmul,rec+freq+ref+aging+sfreq+idle+age+dirty+refaults+rdist,matmul-naive96-s1,train,matmul,matmul-naive96,0.1,3,123836,9233,0
matmul_train,matmul,rec+sd+ref+aging+sfreq+idle+age+dirty,matmul-naive96-s1,train,matmul,matmul-naive96,0.1,3,123836,9233,0
matmul_train,matmul,rec+sd+ref+aging+sfreq+idle+age+dirty+refaults+rdist,matmul-naive96-s1,train,matmul,matmul-naive96,0.1,3,123836,9233,0
matmul_train,matmul,rec+wr+ref+aging+sfreq+idle+age+dirty,matmul-naive96-s1,train,matmul,matmul-naive96,0.1,3,123836,9233,0
matmul_train,matmul,rec+wr+ref+aging+sfreq+idle+age+dirty+refaults+rdist,matmul-naive96-s1,train,matmul,matmul-naive96,0.1,3,123836,9233,0
matmul_train,matmul,freq+sd+ref+aging+sfreq+idle+age+dirty,matmul-naive96-s1,train,matmul,matmul-naive96,0.1,3,123836,9233,0
matmul_train,matmul,freq+sd+ref+aging+sfreq+idle+age+dirty+refaults+rdist,matmul-naive96-s1,train,matmul,matmul-naive96,0.1,3,123836,9233,0
matmul_train,matmul,freq+wr+ref+aging+sfreq+idle+age+dirty,matmul-naive96-s1,train,matmul,matmul-naive96,0.1,3,123837,9233,0
matmul_train,matmul,freq+wr+ref+aging+sfreq+idle+age+dirty+refaults+rdist,matmul-naive96-s1,train,matmul,matmul-naive96,0.1,3,123837,9233,0
matmul_train,matmul,sd+wr+ref+aging+sfreq+idle+age+dirty,matmul-naive96-s1,train,matmul,matmul-naive96,0.1,3,123836,9233,0
matmul_train,matmul,sd+wr+ref+aging+sfreq+idle+age+dirty+refaults+rdist,matmul-naive96-s1,train,matmul,matmul-naive96,0.1,3,123836,9233,0
matmul_train,matmul,rec+freq+sd+ref+aging+sfreq+idle+age+dirty,matmul-naive96-s1,train,matmul,matmul-naive96,0.1,3,123836,9233,0
matmul_train,matmul,rec+freq+sd+ref+aging+sfreq+idle+age+dirty+refaults+rdist,matmul-naive96-s1,train,matmul,matmul-naive96,0.1,3,123836,9233,0
matmul_train,matmul,rec+freq+wr+ref+aging+sfreq+idle+age+dirty,matmul-naive96-s1,train,matmul,matmul-naive96,0.1,3,123836,9233,0
matmul_train,matmul,rec+freq+wr+ref+aging+sfreq+idle+age+dirty+refaults+rdist,matmul-naive96-s1,train,matmul,matmul-naive96,0.1,3,123836,9233,0
matmul_train,matmul,rec+sd+wr+ref+aging+sfreq+idle+age+dirty,matmul-naive96-s1,train,matmul,matmul-naive96,0.1,3,123836,9233,0
matmul_train,matmul,rec+sd+wr+ref+aging+sfreq+idle+age+dirty+refaults+rdist,matmul-naive96-s1,train,matmul,matmul-naive96,0.1,3,123836,9233,0
matmul_train,matmul,freq+sd+wr+ref+aging+sfreq+idle+age+dirty,matmul-naive96-s1,train,matmul,matmul-naive96,0.1,3,123836,9233,0
matmul_train,matmul,freq+sd+wr+ref+aging+sfreq+idle+age+dirty+refaults+rdist,matmul-naive96-s1,train,matmul,matmul-naive96,0.1,3,123836,9233,0
matmul_train,matmul,rec+freq+sd+wr+ref+aging+sfreq+idle+age+dirty,matmul-naive96-s1,train,matmul,matmul-naive96,0.1,3,123836,9233,0
matmul_train,matmul,rec+freq+sd+wr+ref+aging+sfreq+idle+age+dirty+refaults+rdist,matmul-naive96-s1,train,matmul,matmul-naive96,0.1,3,123836,9233,0
matmul_train,global,rec,matmul-naive96-s1,train,matmul,matmul-naive96,0.1,3,123836,9233,0
matmul_train,global,freq,matmul-naive96-s1,train,matmul,matmul-naive96,0.1,3,123836,9233,0
matmul_train,global,sd,matmul-naive96-s1,train,matmul,matmul-naive96,0.1,3,123836,9233,0
matmul_train,global,wr,matmul-naive96-s1,train,matmul,matmul-naive96,0.1,3,123837,9233,0
matmul_train,global,rec+freq,matmul-naive96-s1,train,matmul,matmul-naive96,0.1,3,123836,9233,0
matmul_train,global,rec+sd,matmul-naive96-s1,train,matmul,matmul-naive96,0.1,3,123836,9233,0
matmul_train,global,rec+wr,matmul-naive96-s1,train,matmul,matmul-naive96,0.1,3,123836,9233,0
matmul_train,global,freq+sd,matmul-naive96-s1,train,matmul,matmul-naive96,0.1,3,123836,9233,0
matmul_train,global,freq+wr,matmul-naive96-s1,train,matmul,matmul-naive96,0.1,3,123836,9233,0
matmul_train,global,sd+wr,matmul-naive96-s1,train,matmul,matmul-naive96,0.1,3,123836,9233,0
matmul_train,global,rec+freq+sd,matmul-naive96-s1,train,matmul,matmul-naive96,0.1,3,123836,9233,0
matmul_train,global,rec+freq+wr,matmul-naive96-s1,train,matmul,matmul-naive96,0.1,3,123836,9233,0
matmul_train,global,rec+sd+wr,matmul-naive96-s1,train,matmul,matmul-naive96,0.1,3,123836,9233,0
matmul_train,global,freq+sd+wr,matmul-naive96-s1,train,matmul,matmul-naive96,0.1,3,123836,9233,0
matmul_train,global,rec+freq+sd+wr,matmul-naive96-s1,train,matmul,matmul-naive96,0.1,3,123836,9233,0
matmul_train,global,ref,matmul-naive96-s1,train,matmul,matmul-naive96,0.1,3,123837,9233,0
matmul_train,global,aging,matmul-naive96-s1,train,matmul,matmul-naive96,0.1,3,123837,9233,0
matmul_train,global,sfreq,matmul-naive96-s1,train,matmul,matmul-naive96,0.1,3,123837,9233,0
matmul_train,global,idle,matmul-naive96-s1,train,matmul,matmul-naive96,0.1,3,123837,9233,0
matmul_train,global,age,matmul-naive96-s1,train,matmul,matmul-naive96,0.1,3,123837,9233,0
matmul_train,global,dirty,matmul-naive96-s1,train,matmul,matmul-naive96,0.1,3,123837,9233,0
matmul_train,global,refaults,matmul-naive96-s1,train,matmul,matmul-naive96,0.1,3,123837,9233,0
matmul_train,global,rdist,matmul-naive96-s1,train,matmul,matmul-naive96,0.1,3,123837,9233,0
matmul_train,global,ref+aging,matmul-naive96-s1,train,matmul,matmul-naive96,0.1,3,123837,9233,0
matmul_train,global,ref+sfreq,matmul-naive96-s1,train,matmul,matmul-naive96,0.1,3,123837,9233,0
matmul_train,global,ref+idle,matmul-naive96-s1,train,matmul,matmul-naive96,0.1,3,123837,9233,0
matmul_train,global,ref+age,matmul-naive96-s1,train,matmul,matmul-naive96,0.1,3,123837,9233,0
matmul_train,global,ref+dirty,matmul-naive96-s1,train,matmul,matmul-naive96,0.1,3,123837,9233,0
matmul_train,global,ref+refaults,matmul-naive96-s1,train,matmul,matmul-naive96,0.1,3,123837,9233,0
matmul_train,global,ref+rdist,matmul-naive96-s1,train,matmul,matmul-naive96,0.1,3,123837,9233,0
matmul_train,global,aging+sfreq,matmul-naive96-s1,train,matmul,matmul-naive96,0.1,3,123837,9233,0
matmul_train,global,aging+idle,matmul-naive96-s1,train,matmul,matmul-naive96,0.1,3,123837,9233,0
matmul_train,global,aging+age,matmul-naive96-s1,train,matmul,matmul-naive96,0.1,3,123837,9233,0
matmul_train,global,aging+dirty,matmul-naive96-s1,train,matmul,matmul-naive96,0.1,3,123837,9233,0
matmul_train,global,aging+refaults,matmul-naive96-s1,train,matmul,matmul-naive96,0.1,3,123837,9233,0
matmul_train,global,aging+rdist,matmul-naive96-s1,train,matmul,matmul-naive96,0.1,3,123837,9233,0
matmul_train,global,sfreq+idle,matmul-naive96-s1,train,matmul,matmul-naive96,0.1,3,123837,9233,0
matmul_train,global,sfreq+age,matmul-naive96-s1,train,matmul,matmul-naive96,0.1,3,123837,9233,0
matmul_train,global,sfreq+dirty,matmul-naive96-s1,train,matmul,matmul-naive96,0.1,3,123837,9233,0
matmul_train,global,sfreq+refaults,matmul-naive96-s1,train,matmul,matmul-naive96,0.1,3,123837,9233,0
matmul_train,global,sfreq+rdist,matmul-naive96-s1,train,matmul,matmul-naive96,0.1,3,123837,9233,0
matmul_train,global,idle+age,matmul-naive96-s1,train,matmul,matmul-naive96,0.1,3,123837,9233,0
matmul_train,global,idle+dirty,matmul-naive96-s1,train,matmul,matmul-naive96,0.1,3,123837,9233,0
matmul_train,global,idle+refaults,matmul-naive96-s1,train,matmul,matmul-naive96,0.1,3,123837,9233,0
matmul_train,global,idle+rdist,matmul-naive96-s1,train,matmul,matmul-naive96,0.1,3,123837,9233,0
matmul_train,global,age+dirty,matmul-naive96-s1,train,matmul,matmul-naive96,0.1,3,123837,9233,0
matmul_train,global,age+refaults,matmul-naive96-s1,train,matmul,matmul-naive96,0.1,3,123838,9233,0
matmul_train,global,age+rdist,matmul-naive96-s1,train,matmul,matmul-naive96,0.1,3,123837,9233,0
matmul_train,global,dirty+refaults,matmul-naive96-s1,train,matmul,matmul-naive96,0.1,3,123837,9233,0
matmul_train,global,dirty+rdist,matmul-naive96-s1,train,matmul,matmul-naive96,0.1,3,123837,9233,0
matmul_train,global,refaults+rdist,matmul-naive96-s1,train,matmul,matmul-naive96,0.1,3,123837,9233,0
matmul_train,global,ref+aging+sfreq,matmul-naive96-s1,train,matmul,matmul-naive96,0.1,3,123837,9233,0
matmul_train,global,ref+aging+idle,matmul-naive96-s1,train,matmul,matmul-naive96,0.1,3,123837,9233,0
matmul_train,global,ref+aging+age,matmul-naive96-s1,train,matmul,matmul-naive96,0.1,3,123837,9233,0
matmul_train,global,ref+aging+dirty,matmul-naive96-s1,train,matmul,matmul-naive96,0.1,3,123837,9233,0
matmul_train,global,ref+aging+refaults,matmul-naive96-s1,train,matmul,matmul-naive96,0.1,3,123837,9233,0
matmul_train,global,ref+aging+rdist,matmul-naive96-s1,train,matmul,matmul-naive96,0.1,3,123837,9233,0
matmul_train,global,ref+sfreq+idle,matmul-naive96-s1,train,matmul,matmul-naive96,0.1,3,123837,9233,0
matmul_train,global,ref+sfreq+age,matmul-naive96-s1,train,matmul,matmul-naive96,0.1,3,123837,9233,0
matmul_train,global,ref+sfreq+dirty,matmul-naive96-s1,train,matmul,matmul-naive96,0.1,3,123837,9233,0
matmul_train,global,ref+sfreq+refaults,matmul-naive96-s1,train,matmul,matmul-naive96,0.1,3,123837,9233,0
matmul_train,global,ref+sfreq+rdist,matmul-naive96-s1,train,matmul,matmul-naive96,0.1,3,123837,9233,0
matmul_train,global,ref+idle+age,matmul-naive96-s1,train,matmul,matmul-naive96,0.1,3,123837,9233,0
matmul_train,global,ref+idle+dirty,matmul-naive96-s1,train,matmul,matmul-naive96,0.1,3,123837,9233,0
matmul_train,global,ref+idle+refaults,matmul-naive96-s1,train,matmul,matmul-naive96,0.1,3,123837,9233,0
matmul_train,global,ref+idle+rdist,matmul-naive96-s1,train,matmul,matmul-naive96,0.1,3,123837,9233,0
matmul_train,global,ref+age+dirty,matmul-naive96-s1,train,matmul,matmul-naive96,0.1,3,123837,9233,0
matmul_train,global,ref+age+refaults,matmul-naive96-s1,train,matmul,matmul-naive96,0.1,3,123837,9233,0
matmul_train,global,ref+age+rdist,matmul-naive96-s1,train,matmul,matmul-naive96,0.1,3,123837,9233,0
matmul_train,global,ref+dirty+refaults,matmul-naive96-s1,train,matmul,matmul-naive96,0.1,3,123837,9233,0
matmul_train,global,ref+dirty+rdist,matmul-naive96-s1,train,matmul,matmul-naive96,0.1,3,123837,9233,0
matmul_train,global,ref+refaults+rdist,matmul-naive96-s1,train,matmul,matmul-naive96,0.1,3,123837,9233,0
matmul_train,global,aging+sfreq+idle,matmul-naive96-s1,train,matmul,matmul-naive96,0.1,3,123837,9233,0
matmul_train,global,aging+sfreq+age,matmul-naive96-s1,train,matmul,matmul-naive96,0.1,3,123837,9233,0
matmul_train,global,aging+sfreq+dirty,matmul-naive96-s1,train,matmul,matmul-naive96,0.1,3,123837,9233,0
matmul_train,global,aging+sfreq+refaults,matmul-naive96-s1,train,matmul,matmul-naive96,0.1,3,123837,9233,0
matmul_train,global,aging+sfreq+rdist,matmul-naive96-s1,train,matmul,matmul-naive96,0.1,3,123837,9233,0
matmul_train,global,aging+idle+age,matmul-naive96-s1,train,matmul,matmul-naive96,0.1,3,123837,9233,0
matmul_train,global,aging+idle+dirty,matmul-naive96-s1,train,matmul,matmul-naive96,0.1,3,123837,9233,0
matmul_train,global,aging+idle+refaults,matmul-naive96-s1,train,matmul,matmul-naive96,0.1,3,123837,9233,0
matmul_train,global,aging+idle+rdist,matmul-naive96-s1,train,matmul,matmul-naive96,0.1,3,123837,9233,0
matmul_train,global,aging+age+dirty,matmul-naive96-s1,train,matmul,matmul-naive96,0.1,3,123837,9233,0
matmul_train,global,aging+age+refaults,matmul-naive96-s1,train,matmul,matmul-naive96,0.1,3,123837,9233,0
matmul_train,global,aging+age+rdist,matmul-naive96-s1,train,matmul,matmul-naive96,0.1,3,123837,9233,0
matmul_train,global,aging+dirty+refaults,matmul-naive96-s1,train,matmul,matmul-naive96,0.1,3,123837,9233,0
matmul_train,global,aging+dirty+rdist,matmul-naive96-s1,train,matmul,matmul-naive96,0.1,3,123837,9233,0
matmul_train,global,aging+refaults+rdist,matmul-naive96-s1,train,matmul,matmul-naive96,0.1,3,123837,9233,0
matmul_train,global,sfreq+idle+age,matmul-naive96-s1,train,matmul,matmul-naive96,0.1,3,123837,9233,0
matmul_train,global,sfreq+idle+dirty,matmul-naive96-s1,train,matmul,matmul-naive96,0.1,3,123837,9233,0
matmul_train,global,sfreq+idle+refaults,matmul-naive96-s1,train,matmul,matmul-naive96,0.1,3,123837,9233,0
matmul_train,global,sfreq+idle+rdist,matmul-naive96-s1,train,matmul,matmul-naive96,0.1,3,123837,9233,0
matmul_train,global,sfreq+age+dirty,matmul-naive96-s1,train,matmul,matmul-naive96,0.1,3,123837,9233,0
matmul_train,global,sfreq+age+refaults,matmul-naive96-s1,train,matmul,matmul-naive96,0.1,3,123837,9233,0
matmul_train,global,sfreq+age+rdist,matmul-naive96-s1,train,matmul,matmul-naive96,0.1,3,123837,9233,0
matmul_train,global,sfreq+dirty+refaults,matmul-naive96-s1,train,matmul,matmul-naive96,0.1,3,123837,9233,0
matmul_train,global,sfreq+dirty+rdist,matmul-naive96-s1,train,matmul,matmul-naive96,0.1,3,123837,9233,0
matmul_train,global,sfreq+refaults+rdist,matmul-naive96-s1,train,matmul,matmul-naive96,0.1,3,123837,9233,0
matmul_train,global,idle+age+dirty,matmul-naive96-s1,train,matmul,matmul-naive96,0.1,3,123837,9233,0
matmul_train,global,idle+age+refaults,matmul-naive96-s1,train,matmul,matmul-naive96,0.1,3,123837,9233,0
matmul_train,global,idle+age+rdist,matmul-naive96-s1,train,matmul,matmul-naive96,0.1,3,123837,9233,0
matmul_train,global,idle+dirty+refaults,matmul-naive96-s1,train,matmul,matmul-naive96,0.1,3,123837,9233,0
matmul_train,global,idle+dirty+rdist,matmul-naive96-s1,train,matmul,matmul-naive96,0.1,3,123837,9233,0
matmul_train,global,idle+refaults+rdist,matmul-naive96-s1,train,matmul,matmul-naive96,0.1,3,123837,9233,0
matmul_train,global,age+dirty+refaults,matmul-naive96-s1,train,matmul,matmul-naive96,0.1,3,123838,9233,0
matmul_train,global,age+dirty+rdist,matmul-naive96-s1,train,matmul,matmul-naive96,0.1,3,123837,9233,0
matmul_train,global,age+refaults+rdist,matmul-naive96-s1,train,matmul,matmul-naive96,0.1,3,123838,9233,0
matmul_train,global,dirty+refaults+rdist,matmul-naive96-s1,train,matmul,matmul-naive96,0.1,3,123837,9233,0
matmul_train,global,ref+aging+sfreq+idle,matmul-naive96-s1,train,matmul,matmul-naive96,0.1,3,123837,9233,0
matmul_train,global,ref+aging+sfreq+age,matmul-naive96-s1,train,matmul,matmul-naive96,0.1,3,123837,9233,0
matmul_train,global,ref+aging+sfreq+dirty,matmul-naive96-s1,train,matmul,matmul-naive96,0.1,3,123837,9233,0
matmul_train,global,ref+aging+sfreq+refaults,matmul-naive96-s1,train,matmul,matmul-naive96,0.1,3,123837,9233,0
matmul_train,global,ref+aging+sfreq+rdist,matmul-naive96-s1,train,matmul,matmul-naive96,0.1,3,123837,9233,0
matmul_train,global,ref+aging+idle+age,matmul-naive96-s1,train,matmul,matmul-naive96,0.1,3,123837,9233,0
matmul_train,global,ref+aging+idle+dirty,matmul-naive96-s1,train,matmul,matmul-naive96,0.1,3,123837,9233,0
matmul_train,global,ref+aging+idle+refaults,matmul-naive96-s1,train,matmul,matmul-naive96,0.1,3,123837,9233,0
matmul_train,global,ref+aging+idle+rdist,matmul-naive96-s1,train,matmul,matmul-naive96,0.1,3,123837,9233,0
matmul_train,global,ref+aging+age+dirty,matmul-naive96-s1,train,matmul,matmul-naive96,0.1,3,123837,9233,0
matmul_train,global,ref+aging+age+refaults,matmul-naive96-s1,train,matmul,matmul-naive96,0.1,3,123837,9233,0
matmul_train,global,ref+aging+age+rdist,matmul-naive96-s1,train,matmul,matmul-naive96,0.1,3,123837,9233,0
matmul_train,global,ref+aging+dirty+refaults,matmul-naive96-s1,train,matmul,matmul-naive96,0.1,3,123837,9233,0
matmul_train,global,ref+aging+dirty+rdist,matmul-naive96-s1,train,matmul,matmul-naive96,0.1,3,123837,9233,0
matmul_train,global,ref+aging+refaults+rdist,matmul-naive96-s1,train,matmul,matmul-naive96,0.1,3,123837,9233,0
matmul_train,global,ref+sfreq+idle+age,matmul-naive96-s1,train,matmul,matmul-naive96,0.1,3,123837,9233,0
matmul_train,global,ref+sfreq+idle+dirty,matmul-naive96-s1,train,matmul,matmul-naive96,0.1,3,123837,9233,0
matmul_train,global,ref+sfreq+idle+refaults,matmul-naive96-s1,train,matmul,matmul-naive96,0.1,3,123837,9233,0
matmul_train,global,ref+sfreq+idle+rdist,matmul-naive96-s1,train,matmul,matmul-naive96,0.1,3,123837,9233,0
matmul_train,global,ref+sfreq+age+dirty,matmul-naive96-s1,train,matmul,matmul-naive96,0.1,3,123837,9233,0
matmul_train,global,ref+sfreq+age+refaults,matmul-naive96-s1,train,matmul,matmul-naive96,0.1,3,123837,9233,0
matmul_train,global,ref+sfreq+age+rdist,matmul-naive96-s1,train,matmul,matmul-naive96,0.1,3,123837,9233,0
matmul_train,global,ref+sfreq+dirty+refaults,matmul-naive96-s1,train,matmul,matmul-naive96,0.1,3,123837,9233,0
matmul_train,global,ref+sfreq+dirty+rdist,matmul-naive96-s1,train,matmul,matmul-naive96,0.1,3,123837,9233,0
matmul_train,global,ref+sfreq+refaults+rdist,matmul-naive96-s1,train,matmul,matmul-naive96,0.1,3,123837,9233,0
matmul_train,global,ref+idle+age+dirty,matmul-naive96-s1,train,matmul,matmul-naive96,0.1,3,123837,9233,0
matmul_train,global,ref+idle+age+refaults,matmul-naive96-s1,train,matmul,matmul-naive96,0.1,3,123837,9233,0
matmul_train,global,ref+idle+age+rdist,matmul-naive96-s1,train,matmul,matmul-naive96,0.1,3,123837,9233,0
matmul_train,global,ref+idle+dirty+refaults,matmul-naive96-s1,train,matmul,matmul-naive96,0.1,3,123837,9233,0
matmul_train,global,ref+idle+dirty+rdist,matmul-naive96-s1,train,matmul,matmul-naive96,0.1,3,123837,9233,0
matmul_train,global,ref+idle+refaults+rdist,matmul-naive96-s1,train,matmul,matmul-naive96,0.1,3,123837,9233,0
matmul_train,global,ref+age+dirty+refaults,matmul-naive96-s1,train,matmul,matmul-naive96,0.1,3,123837,9233,0
matmul_train,global,ref+age+dirty+rdist,matmul-naive96-s1,train,matmul,matmul-naive96,0.1,3,123837,9233,0
matmul_train,global,ref+age+refaults+rdist,matmul-naive96-s1,train,matmul,matmul-naive96,0.1,3,123837,9233,0
matmul_train,global,ref+dirty+refaults+rdist,matmul-naive96-s1,train,matmul,matmul-naive96,0.1,3,123837,9233,0
matmul_train,global,aging+sfreq+idle+age,matmul-naive96-s1,train,matmul,matmul-naive96,0.1,3,123837,9233,0
matmul_train,global,aging+sfreq+idle+dirty,matmul-naive96-s1,train,matmul,matmul-naive96,0.1,3,123837,9233,0
matmul_train,global,aging+sfreq+idle+refaults,matmul-naive96-s1,train,matmul,matmul-naive96,0.1,3,123837,9233,0
matmul_train,global,aging+sfreq+idle+rdist,matmul-naive96-s1,train,matmul,matmul-naive96,0.1,3,123837,9233,0
matmul_train,global,aging+sfreq+age+dirty,matmul-naive96-s1,train,matmul,matmul-naive96,0.1,3,123837,9233,0
matmul_train,global,aging+sfreq+age+refaults,matmul-naive96-s1,train,matmul,matmul-naive96,0.1,3,123837,9233,0
matmul_train,global,aging+sfreq+age+rdist,matmul-naive96-s1,train,matmul,matmul-naive96,0.1,3,123837,9233,0
matmul_train,global,aging+sfreq+dirty+refaults,matmul-naive96-s1,train,matmul,matmul-naive96,0.1,3,123837,9233,0
matmul_train,global,aging+sfreq+dirty+rdist,matmul-naive96-s1,train,matmul,matmul-naive96,0.1,3,123837,9233,0
matmul_train,global,aging+sfreq+refaults+rdist,matmul-naive96-s1,train,matmul,matmul-naive96,0.1,3,123837,9233,0
matmul_train,global,aging+idle+age+dirty,matmul-naive96-s1,train,matmul,matmul-naive96,0.1,3,123837,9233,0
matmul_train,global,aging+idle+age+refaults,matmul-naive96-s1,train,matmul,matmul-naive96,0.1,3,123837,9233,0
matmul_train,global,aging+idle+age+rdist,matmul-naive96-s1,train,matmul,matmul-naive96,0.1,3,123837,9233,0
matmul_train,global,aging+idle+dirty+refaults,matmul-naive96-s1,train,matmul,matmul-naive96,0.1,3,123837,9233,0
matmul_train,global,aging+idle+dirty+rdist,matmul-naive96-s1,train,matmul,matmul-naive96,0.1,3,123837,9233,0
matmul_train,global,aging+idle+refaults+rdist,matmul-naive96-s1,train,matmul,matmul-naive96,0.1,3,123837,9233,0
matmul_train,global,aging+age+dirty+refaults,matmul-naive96-s1,train,matmul,matmul-naive96,0.1,3,123837,9233,0
matmul_train,global,aging+age+dirty+rdist,matmul-naive96-s1,train,matmul,matmul-naive96,0.1,3,123837,9233,0
matmul_train,global,aging+age+refaults+rdist,matmul-naive96-s1,train,matmul,matmul-naive96,0.1,3,123837,9233,0
matmul_train,global,aging+dirty+refaults+rdist,matmul-naive96-s1,train,matmul,matmul-naive96,0.1,3,123837,9233,0
matmul_train,global,sfreq+idle+age+dirty,matmul-naive96-s1,train,matmul,matmul-naive96,0.1,3,123837,9233,0
matmul_train,global,sfreq+idle+age+refaults,matmul-naive96-s1,train,matmul,matmul-naive96,0.1,3,123837,9233,0
matmul_train,global,sfreq+idle+age+rdist,matmul-naive96-s1,train,matmul,matmul-naive96,0.1,3,123837,9233,0
matmul_train,global,sfreq+idle+dirty+refaults,matmul-naive96-s1,train,matmul,matmul-naive96,0.1,3,123837,9233,0
matmul_train,global,sfreq+idle+dirty+rdist,matmul-naive96-s1,train,matmul,matmul-naive96,0.1,3,123837,9233,0
matmul_train,global,sfreq+idle+refaults+rdist,matmul-naive96-s1,train,matmul,matmul-naive96,0.1,3,123837,9233,0
matmul_train,global,sfreq+age+dirty+refaults,matmul-naive96-s1,train,matmul,matmul-naive96,0.1,3,123837,9233,0
matmul_train,global,sfreq+age+dirty+rdist,matmul-naive96-s1,train,matmul,matmul-naive96,0.1,3,123837,9233,0
matmul_train,global,sfreq+age+refaults+rdist,matmul-naive96-s1,train,matmul,matmul-naive96,0.1,3,123837,9233,0
matmul_train,global,sfreq+dirty+refaults+rdist,matmul-naive96-s1,train,matmul,matmul-naive96,0.1,3,123837,9233,0
matmul_train,global,idle+age+dirty+refaults,matmul-naive96-s1,train,matmul,matmul-naive96,0.1,3,123837,9233,0
matmul_train,global,idle+age+dirty+rdist,matmul-naive96-s1,train,matmul,matmul-naive96,0.1,3,123837,9233,0
matmul_train,global,idle+age+refaults+rdist,matmul-naive96-s1,train,matmul,matmul-naive96,0.1,3,123837,9233,0
matmul_train,global,idle+dirty+refaults+rdist,matmul-naive96-s1,train,matmul,matmul-naive96,0.1,3,123837,9233,0
matmul_train,global,age+dirty+refaults+rdist,matmul-naive96-s1,train,matmul,matmul-naive96,0.1,3,123838,9233,0
matmul_train,global,ref+aging+sfreq+idle+age,matmul-naive96-s1,train,matmul,matmul-naive96,0.1,3,123837,9233,0
matmul_train,global,ref+aging+sfreq+idle+dirty,matmul-naive96-s1,train,matmul,matmul-naive96,0.1,3,123837,9233,0
matmul_train,global,ref+aging+sfreq+idle+refaults,matmul-naive96-s1,train,matmul,matmul-naive96,0.1,3,123837,9233,0
matmul_train,global,ref+aging+sfreq+idle+rdist,matmul-naive96-s1,train,matmul,matmul-naive96,0.1,3,123837,9233,0
matmul_train,global,ref+aging+sfreq+age+dirty,matmul-naive96-s1,train,matmul,matmul-naive96,0.1,3,123837,9233,0
matmul_train,global,ref+aging+sfreq+age+refaults,matmul-naive96-s1,train,matmul,matmul-naive96,0.1,3,123837,9233,0
matmul_train,global,ref+aging+sfreq+age+rdist,matmul-naive96-s1,train,matmul,matmul-naive96,0.1,3,123837,9233,0
matmul_train,global,ref+aging+sfreq+dirty+refaults,matmul-naive96-s1,train,matmul,matmul-naive96,0.1,3,123837,9233,0
matmul_train,global,ref+aging+sfreq+dirty+rdist,matmul-naive96-s1,train,matmul,matmul-naive96,0.1,3,123837,9233,0
matmul_train,global,ref+aging+sfreq+refaults+rdist,matmul-naive96-s1,train,matmul,matmul-naive96,0.1,3,123837,9233,0
matmul_train,global,ref+aging+idle+age+dirty,matmul-naive96-s1,train,matmul,matmul-naive96,0.1,3,123837,9233,0
matmul_train,global,ref+aging+idle+age+refaults,matmul-naive96-s1,train,matmul,matmul-naive96,0.1,3,123837,9233,0
matmul_train,global,ref+aging+idle+age+rdist,matmul-naive96-s1,train,matmul,matmul-naive96,0.1,3,123837,9233,0
matmul_train,global,ref+aging+idle+dirty+refaults,matmul-naive96-s1,train,matmul,matmul-naive96,0.1,3,123837,9233,0
matmul_train,global,ref+aging+idle+dirty+rdist,matmul-naive96-s1,train,matmul,matmul-naive96,0.1,3,123837,9233,0
matmul_train,global,ref+aging+idle+refaults+rdist,matmul-naive96-s1,train,matmul,matmul-naive96,0.1,3,123837,9233,0
matmul_train,global,ref+aging+age+dirty+refaults,matmul-naive96-s1,train,matmul,matmul-naive96,0.1,3,123837,9233,0
matmul_train,global,ref+aging+age+dirty+rdist,matmul-naive96-s1,train,matmul,matmul-naive96,0.1,3,123837,9233,0
matmul_train,global,ref+aging+age+refaults+rdist,matmul-naive96-s1,train,matmul,matmul-naive96,0.1,3,123837,9233,0
matmul_train,global,ref+aging+dirty+refaults+rdist,matmul-naive96-s1,train,matmul,matmul-naive96,0.1,3,123837,9233,0
matmul_train,global,ref+sfreq+idle+age+dirty,matmul-naive96-s1,train,matmul,matmul-naive96,0.1,3,123837,9233,0
matmul_train,global,ref+sfreq+idle+age+refaults,matmul-naive96-s1,train,matmul,matmul-naive96,0.1,3,123837,9233,0
matmul_train,global,ref+sfreq+idle+age+rdist,matmul-naive96-s1,train,matmul,matmul-naive96,0.1,3,123837,9233,0
matmul_train,global,ref+sfreq+idle+dirty+refaults,matmul-naive96-s1,train,matmul,matmul-naive96,0.1,3,123837,9233,0
matmul_train,global,ref+sfreq+idle+dirty+rdist,matmul-naive96-s1,train,matmul,matmul-naive96,0.1,3,123837,9233,0
matmul_train,global,ref+sfreq+idle+refaults+rdist,matmul-naive96-s1,train,matmul,matmul-naive96,0.1,3,123837,9233,0
matmul_train,global,ref+sfreq+age+dirty+refaults,matmul-naive96-s1,train,matmul,matmul-naive96,0.1,3,123837,9233,0
matmul_train,global,ref+sfreq+age+dirty+rdist,matmul-naive96-s1,train,matmul,matmul-naive96,0.1,3,123837,9233,0
matmul_train,global,ref+sfreq+age+refaults+rdist,matmul-naive96-s1,train,matmul,matmul-naive96,0.1,3,123837,9233,0
matmul_train,global,ref+sfreq+dirty+refaults+rdist,matmul-naive96-s1,train,matmul,matmul-naive96,0.1,3,123837,9233,0
matmul_train,global,ref+idle+age+dirty+refaults,matmul-naive96-s1,train,matmul,matmul-naive96,0.1,3,123837,9233,0
matmul_train,global,ref+idle+age+dirty+rdist,matmul-naive96-s1,train,matmul,matmul-naive96,0.1,3,123837,9233,0
matmul_train,global,ref+idle+age+refaults+rdist,matmul-naive96-s1,train,matmul,matmul-naive96,0.1,3,123837,9233,0
matmul_train,global,ref+idle+dirty+refaults+rdist,matmul-naive96-s1,train,matmul,matmul-naive96,0.1,3,123837,9233,0
matmul_train,global,ref+age+dirty+refaults+rdist,matmul-naive96-s1,train,matmul,matmul-naive96,0.1,3,123837,9233,0
matmul_train,global,aging+sfreq+idle+age+dirty,matmul-naive96-s1,train,matmul,matmul-naive96,0.1,3,123837,9233,0
matmul_train,global,aging+sfreq+idle+age+refaults,matmul-naive96-s1,train,matmul,matmul-naive96,0.1,3,123837,9233,0
matmul_train,global,aging+sfreq+idle+age+rdist,matmul-naive96-s1,train,matmul,matmul-naive96,0.1,3,123837,9233,0
matmul_train,global,aging+sfreq+idle+dirty+refaults,matmul-naive96-s1,train,matmul,matmul-naive96,0.1,3,123837,9233,0
matmul_train,global,aging+sfreq+idle+dirty+rdist,matmul-naive96-s1,train,matmul,matmul-naive96,0.1,3,123837,9233,0
matmul_train,global,aging+sfreq+idle+refaults+rdist,matmul-naive96-s1,train,matmul,matmul-naive96,0.1,3,123837,9233,0
matmul_train,global,aging+sfreq+age+dirty+refaults,matmul-naive96-s1,train,matmul,matmul-naive96,0.1,3,123837,9233,0
matmul_train,global,aging+sfreq+age+dirty+rdist,matmul-naive96-s1,train,matmul,matmul-naive96,0.1,3,123837,9233,0
matmul_train,global,aging+sfreq+age+refaults+rdist,matmul-naive96-s1,train,matmul,matmul-naive96,0.1,3,123837,9233,0
matmul_train,global,aging+sfreq+dirty+refaults+rdist,matmul-naive96-s1,train,matmul,matmul-naive96,0.1,3,123837,9233,0
matmul_train,global,aging+idle+age+dirty+refaults,matmul-naive96-s1,train,matmul,matmul-naive96,0.1,3,123837,9233,0
matmul_train,global,aging+idle+age+dirty+rdist,matmul-naive96-s1,train,matmul,matmul-naive96,0.1,3,123837,9233,0
matmul_train,global,aging+idle+age+refaults+rdist,matmul-naive96-s1,train,matmul,matmul-naive96,0.1,3,123837,9233,0
matmul_train,global,aging+idle+dirty+refaults+rdist,matmul-naive96-s1,train,matmul,matmul-naive96,0.1,3,123837,9233,0
matmul_train,global,aging+age+dirty+refaults+rdist,matmul-naive96-s1,train,matmul,matmul-naive96,0.1,3,123837,9233,0
matmul_train,global,sfreq+idle+age+dirty+refaults,matmul-naive96-s1,train,matmul,matmul-naive96,0.1,3,123837,9233,0
matmul_train,global,sfreq+idle+age+dirty+rdist,matmul-naive96-s1,train,matmul,matmul-naive96,0.1,3,123837,9233,0
matmul_train,global,sfreq+idle+age+refaults+rdist,matmul-naive96-s1,train,matmul,matmul-naive96,0.1,3,123837,9233,0
matmul_train,global,sfreq+idle+dirty+refaults+rdist,matmul-naive96-s1,train,matmul,matmul-naive96,0.1,3,123837,9233,0
matmul_train,global,sfreq+age+dirty+refaults+rdist,matmul-naive96-s1,train,matmul,matmul-naive96,0.1,3,123837,9233,0
matmul_train,global,idle+age+dirty+refaults+rdist,matmul-naive96-s1,train,matmul,matmul-naive96,0.1,3,123837,9233,0
matmul_train,global,ref+aging+sfreq+idle+age+dirty,matmul-naive96-s1,train,matmul,matmul-naive96,0.1,3,123837,9233,0
matmul_train,global,ref+aging+sfreq+idle+age+refaults,matmul-naive96-s1,train,matmul,matmul-naive96,0.1,3,123837,9233,0
matmul_train,global,ref+aging+sfreq+idle+age+rdist,matmul-naive96-s1,train,matmul,matmul-naive96,0.1,3,123837,9233,0
matmul_train,global,ref+aging+sfreq+idle+dirty+refaults,matmul-naive96-s1,train,matmul,matmul-naive96,0.1,3,123837,9233,0
matmul_train,global,ref+aging+sfreq+idle+dirty+rdist,matmul-naive96-s1,train,matmul,matmul-naive96,0.1,3,123837,9233,0
matmul_train,global,ref+aging+sfreq+idle+refaults+rdist,matmul-naive96-s1,train,matmul,matmul-naive96,0.1,3,123837,9233,0
matmul_train,global,ref+aging+sfreq+age+dirty+refaults,matmul-naive96-s1,train,matmul,matmul-naive96,0.1,3,123837,9233,0
matmul_train,global,ref+aging+sfreq+age+dirty+rdist,matmul-naive96-s1,train,matmul,matmul-naive96,0.1,3,123837,9233,0
matmul_train,global,ref+aging+sfreq+age+refaults+rdist,matmul-naive96-s1,train,matmul,matmul-naive96,0.1,3,123837,9233,0
matmul_train,global,ref+aging+sfreq+dirty+refaults+rdist,matmul-naive96-s1,train,matmul,matmul-naive96,0.1,3,123837,9233,0
matmul_train,global,ref+aging+idle+age+dirty+refaults,matmul-naive96-s1,train,matmul,matmul-naive96,0.1,3,123837,9233,0
matmul_train,global,ref+aging+idle+age+dirty+rdist,matmul-naive96-s1,train,matmul,matmul-naive96,0.1,3,123837,9233,0
matmul_train,global,ref+aging+idle+age+refaults+rdist,matmul-naive96-s1,train,matmul,matmul-naive96,0.1,3,123837,9233,0
matmul_train,global,ref+aging+idle+dirty+refaults+rdist,matmul-naive96-s1,train,matmul,matmul-naive96,0.1,3,123837,9233,0
matmul_train,global,ref+aging+age+dirty+refaults+rdist,matmul-naive96-s1,train,matmul,matmul-naive96,0.1,3,123837,9233,0
matmul_train,global,ref+sfreq+idle+age+dirty+refaults,matmul-naive96-s1,train,matmul,matmul-naive96,0.1,3,123837,9233,0
matmul_train,global,ref+sfreq+idle+age+dirty+rdist,matmul-naive96-s1,train,matmul,matmul-naive96,0.1,3,123837,9233,0
matmul_train,global,ref+sfreq+idle+age+refaults+rdist,matmul-naive96-s1,train,matmul,matmul-naive96,0.1,3,123837,9233,0
matmul_train,global,ref+sfreq+idle+dirty+refaults+rdist,matmul-naive96-s1,train,matmul,matmul-naive96,0.1,3,123837,9233,0
matmul_train,global,ref+sfreq+age+dirty+refaults+rdist,matmul-naive96-s1,train,matmul,matmul-naive96,0.1,3,123837,9233,0
matmul_train,global,ref+idle+age+dirty+refaults+rdist,matmul-naive96-s1,train,matmul,matmul-naive96,0.1,3,123837,9233,0
matmul_train,global,aging+sfreq+idle+age+dirty+refaults,matmul-naive96-s1,train,matmul,matmul-naive96,0.1,3,123837,9233,0
matmul_train,global,aging+sfreq+idle+age+dirty+rdist,matmul-naive96-s1,train,matmul,matmul-naive96,0.1,3,123837,9233,0
matmul_train,global,aging+sfreq+idle+age+refaults+rdist,matmul-naive96-s1,train,matmul,matmul-naive96,0.1,3,123837,9233,0
matmul_train,global,aging+sfreq+idle+dirty+refaults+rdist,matmul-naive96-s1,train,matmul,matmul-naive96,0.1,3,123837,9233,0
matmul_train,global,aging+sfreq+age+dirty+refaults+rdist,matmul-naive96-s1,train,matmul,matmul-naive96,0.1,3,123837,9233,0
matmul_train,global,aging+idle+age+dirty+refaults+rdist,matmul-naive96-s1,train,matmul,matmul-naive96,0.1,3,123837,9233,0
matmul_train,global,sfreq+idle+age+dirty+refaults+rdist,matmul-naive96-s1,train,matmul,matmul-naive96,0.1,3,123837,9233,0
matmul_train,global,ref+aging+sfreq+idle+age+dirty+refaults,matmul-naive96-s1,train,matmul,matmul-naive96,0.1,3,123837,9233,0
matmul_train,global,ref+aging+sfreq+idle+age+dirty+rdist,matmul-naive96-s1,train,matmul,matmul-naive96,0.1,3,123837,9233,0
matmul_train,global,ref+aging+sfreq+idle+age+refaults+rdist,matmul-naive96-s1,train,matmul,matmul-naive96,0.1,3,123837,9233,0
matmul_train,global,ref+aging+sfreq+idle+dirty+refaults+rdist,matmul-naive96-s1,train,matmul,matmul-naive96,0.1,3,123837,9233,0
matmul_train,global,ref+aging+sfreq+age+dirty+refaults+rdist,matmul-naive96-s1,train,matmul,matmul-naive96,0.1,3,123837,9233,0
matmul_train,global,ref+aging+idle+age+dirty+refaults+rdist,matmul-naive96-s1,train,matmul,matmul-naive96,0.1,3,123837,9233,0
matmul_train,global,ref+sfreq+idle+age+dirty+refaults+rdist,matmul-naive96-s1,train,matmul,matmul-naive96,0.1,3,123837,9233,0
matmul_train,global,aging+sfreq+idle+age+dirty+refaults+rdist,matmul-naive96-s1,train,matmul,matmul-naive96,0.1,3,123837,9233,0
matmul_train,global,ref+aging+sfreq+idle+age+dirty+refaults+rdist,matmul-naive96-s1,train,matmul,matmul-naive96,0.1,3,123837,9233,0
matmul_train,global,rec+ref+aging+sfreq+idle+age+dirty,matmul-naive96-s1,train,matmul,matmul-naive96,0.1,3,123836,9233,0
matmul_train,global,rec+ref+aging+sfreq+idle+age+dirty+refaults+rdist,matmul-naive96-s1,train,matmul,matmul-naive96,0.1,3,123836,9233,0
matmul_train,global,freq+ref+aging+sfreq+idle+age+dirty,matmul-naive96-s1,train,matmul,matmul-naive96,0.1,3,123836,9233,0
matmul_train,global,freq+ref+aging+sfreq+idle+age+dirty+refaults+rdist,matmul-naive96-s1,train,matmul,matmul-naive96,0.1,3,123837,9233,0
matmul_train,global,sd+ref+aging+sfreq+idle+age+dirty,matmul-naive96-s1,train,matmul,matmul-naive96,0.1,3,123836,9233,0
matmul_train,global,sd+ref+aging+sfreq+idle+age+dirty+refaults+rdist,matmul-naive96-s1,train,matmul,matmul-naive96,0.1,3,123836,9233,0
matmul_train,global,wr+ref+aging+sfreq+idle+age+dirty,matmul-naive96-s1,train,matmul,matmul-naive96,0.1,3,123837,9233,0
matmul_train,global,wr+ref+aging+sfreq+idle+age+dirty+refaults+rdist,matmul-naive96-s1,train,matmul,matmul-naive96,0.1,3,123837,9233,0
matmul_train,global,rec+freq+ref+aging+sfreq+idle+age+dirty,matmul-naive96-s1,train,matmul,matmul-naive96,0.1,3,123836,9233,0
matmul_train,global,rec+freq+ref+aging+sfreq+idle+age+dirty+refaults+rdist,matmul-naive96-s1,train,matmul,matmul-naive96,0.1,3,123836,9233,0
matmul_train,global,rec+sd+ref+aging+sfreq+idle+age+dirty,matmul-naive96-s1,train,matmul,matmul-naive96,0.1,3,123836,9233,0
matmul_train,global,rec+sd+ref+aging+sfreq+idle+age+dirty+refaults+rdist,matmul-naive96-s1,train,matmul,matmul-naive96,0.1,3,123836,9233,0
matmul_train,global,rec+wr+ref+aging+sfreq+idle+age+dirty,matmul-naive96-s1,train,matmul,matmul-naive96,0.1,3,123836,9233,0
matmul_train,global,rec+wr+ref+aging+sfreq+idle+age+dirty+refaults+rdist,matmul-naive96-s1,train,matmul,matmul-naive96,0.1,3,123836,9233,0
matmul_train,global,freq+sd+ref+aging+sfreq+idle+age+dirty,matmul-naive96-s1,train,matmul,matmul-naive96,0.1,3,123836,9233,0
matmul_train,global,freq+sd+ref+aging+sfreq+idle+age+dirty+refaults+rdist,matmul-naive96-s1,train,matmul,matmul-naive96,0.1,3,123836,9233,0
matmul_train,global,freq+wr+ref+aging+sfreq+idle+age+dirty,matmul-naive96-s1,train,matmul,matmul-naive96,0.1,3,123836,9233,0
matmul_train,global,freq+wr+ref+aging+sfreq+idle+age+dirty+refaults+rdist,matmul-naive96-s1,train,matmul,matmul-naive96,0.1,3,123837,9233,0
matmul_train,global,sd+wr+ref+aging+sfreq+idle+age+dirty,matmul-naive96-s1,train,matmul,matmul-naive96,0.1,3,123836,9233,0
matmul_train,global,sd+wr+ref+aging+sfreq+idle+age+dirty+refaults+rdist,matmul-naive96-s1,train,matmul,matmul-naive96,0.1,3,123836,9233,0
matmul_train,global,rec+freq+sd+ref+aging+sfreq+idle+age+dirty,matmul-naive96-s1,train,matmul,matmul-naive96,0.1,3,123836,9233,0
matmul_train,global,rec+freq+sd+ref+aging+sfreq+idle+age+dirty+refaults+rdist,matmul-naive96-s1,train,matmul,matmul-naive96,0.1,3,123836,9233,0
matmul_train,global,rec+freq+wr+ref+aging+sfreq+idle+age+dirty,matmul-naive96-s1,train,matmul,matmul-naive96,0.1,3,123836,9233,0
matmul_train,global,rec+freq+wr+ref+aging+sfreq+idle+age+dirty+refaults+rdist,matmul-naive96-s1,train,matmul,matmul-naive96,0.1,3,123836,9233,0
matmul_train,global,rec+sd+wr+ref+aging+sfreq+idle+age+dirty,matmul-naive96-s1,train,matmul,matmul-naive96,0.1,3,123836,9233,0
matmul_train,global,rec+sd+wr+ref+aging+sfreq+idle+age+dirty+refaults+rdist,matmul-naive96-s1,train,matmul,matmul-naive96,0.1,3,123836,9233,0
matmul_train,global,freq+sd+wr+ref+aging+sfreq+idle+age+dirty,matmul-naive96-s1,train,matmul,matmul-naive96,0.1,3,123836,9233,0
matmul_train,global,freq+sd+wr+ref+aging+sfreq+idle+age+dirty+refaults+rdist,matmul-naive96-s1,train,matmul,matmul-naive96,0.1,3,123836,9233,0
matmul_train,global,rec+freq+sd+wr+ref+aging+sfreq+idle+age+dirty,matmul-naive96-s1,train,matmul,matmul-naive96,0.1,3,123836,9233,0
matmul_train,global,rec+freq+sd+wr+ref+aging+sfreq+idle+age+dirty+refaults+rdist,matmul-naive96-s1,train,matmul,matmul-naive96,0.1,3,123836,9233,0
matmul_train,matmul,rec,matmul-naive96-s1,train,matmul,matmul-naive96,0.2,5,93309,9233,0
matmul_train,matmul,freq,matmul-naive96-s1,train,matmul,matmul-naive96,0.2,5,117279,9233,0
matmul_train,matmul,sd,matmul-naive96-s1,train,matmul,matmul-naive96,0.2,5,93309,9233,0
matmul_train,matmul,wr,matmul-naive96-s1,train,matmul,matmul-naive96,0.2,5,111165,9233,0
matmul_train,matmul,rec+freq,matmul-naive96-s1,train,matmul,matmul-naive96,0.2,5,93214,9233,0
matmul_train,matmul,rec+sd,matmul-naive96-s1,train,matmul,matmul-naive96,0.2,5,93309,9233,0
matmul_train,matmul,rec+wr,matmul-naive96-s1,train,matmul,matmul-naive96,0.2,5,93309,9233,0
matmul_train,matmul,freq+sd,matmul-naive96-s1,train,matmul,matmul-naive96,0.2,5,93309,9233,0
matmul_train,matmul,freq+wr,matmul-naive96-s1,train,matmul,matmul-naive96,0.2,5,117279,9233,0
matmul_train,matmul,sd+wr,matmul-naive96-s1,train,matmul,matmul-naive96,0.2,5,93309,9233,0
matmul_train,matmul,rec+freq+sd,matmul-naive96-s1,train,matmul,matmul-naive96,0.2,5,93309,9233,0
matmul_train,matmul,rec+freq+wr,matmul-naive96-s1,train,matmul,matmul-naive96,0.2,5,93309,9233,0
matmul_train,matmul,rec+sd+wr,matmul-naive96-s1,train,matmul,matmul-naive96,0.2,5,93309,9233,0
matmul_train,matmul,freq+sd+wr,matmul-naive96-s1,train,matmul,matmul-naive96,0.2,5,93309,9233,0
matmul_train,matmul,rec+freq+sd+wr,matmul-naive96-s1,train,matmul,matmul-naive96,0.2,5,93309,9233,0
matmul_train,matmul,ref,matmul-naive96-s1,train,matmul,matmul-naive96,0.2,5,93310,9233,0
matmul_train,matmul,aging,matmul-naive96-s1,train,matmul,matmul-naive96,0.2,5,93310,9233,0
matmul_train,matmul,sfreq,matmul-naive96-s1,train,matmul,matmul-naive96,0.2,5,108096,9232,0
matmul_train,matmul,idle,matmul-naive96-s1,train,matmul,matmul-naive96,0.2,5,93310,9233,0
matmul_train,matmul,age,matmul-naive96-s1,train,matmul,matmul-naive96,0.2,5,98787,9231,0
matmul_train,matmul,dirty,matmul-naive96-s1,train,matmul,matmul-naive96,0.2,5,111165,9233,0
matmul_train,matmul,refaults,matmul-naive96-s1,train,matmul,matmul-naive96,0.2,5,85989,25,0
matmul_train,matmul,rdist,matmul-naive96-s1,train,matmul,matmul-naive96,0.2,5,85989,25,0
matmul_train,matmul,ref+aging,matmul-naive96-s1,train,matmul,matmul-naive96,0.2,5,93310,9233,0
matmul_train,matmul,ref+sfreq,matmul-naive96-s1,train,matmul,matmul-naive96,0.2,5,108096,9232,0
matmul_train,matmul,ref+idle,matmul-naive96-s1,train,matmul,matmul-naive96,0.2,5,93310,9233,0
matmul_train,matmul,ref+age,matmul-naive96-s1,train,matmul,matmul-naive96,0.2,5,108096,9232,0
matmul_train,matmul,ref+dirty,matmul-naive96-s1,train,matmul,matmul-naive96,0.2,5,93310,9233,0
matmul_train,matmul,ref+refaults,matmul-naive96-s1,train,matmul,matmul-naive96,0.2,5,83809,308,0
matmul_train,matmul,ref+rdist,matmul-naive96-s1,train,matmul,matmul-naive96,0.2,5,85989,25,0
matmul_train,matmul,aging+sfreq,matmul-naive96-s1,train,matmul,matmul-naive96,0.2,5,116864,9233,0
matmul_train,matmul,aging+idle,matmul-naive96-s1,train,matmul,matmul-naive96,0.2,5,93310,9233,0
matmul_train,matmul,aging+age,matmul-naive96-s1,train,matmul,matmul-naive96,0.2,5,116864,9233,0
matmul_train,matmul,aging+dirty,matmul-naive96-s1,train,matmul,matmul-naive96,0.2,5,93310,9233,0
matmul_train,matmul,aging+refaults,matmul-naive96-s1,train,matmul,matmul-naive96,0.2,5,90903,7293,0
matmul_train,matmul,aging+rdist,matmul-naive96-s1,train,matmul,matmul-naive96,0.2,5,83911,216,0
matmul_train,matmul,sfreq+idle,matmul-naive96-s1,train,matmul,matmul-naive96,0.2,5,92455,9232,0
matmul_train,matmul,sfreq+age,matmul-naive96-s1,train,matmul,matmul-naive96,0.2,5,116769,9232,0
matmul_train,matmul,sfreq+dirty,matmul-naive96-s1,train,matmul,matmul-naive96,0.2,5,108096,9232,0
matmul_train,matmul,sfreq+refaults,matmul-naive96-s1,train,matmul,matmul-naive96,0.2,5,108096,9232,0
matmul_train,matmul,sfreq+rdist,matmul-naive96-s1,train,matmul,matmul-naive96,0.2,5,98786,9231,0
matmul_train,matmul,idle+age,matmul-naive96-s1,train,matmul,matmul-naive96,0.2,5,92740,9233,0
matmul_train,matmul,idle+dirty,matmul-naive96-s1,train,matmul,matmul-naive96,0.2,5,93310,9233,0
matmul_train,matmul,idle+refaults,matmul-naive96-s1,train,matmul,matmul-naive96,0.2,5,93119,9233,0
matmul_train,matmul,idle+rdist,matmul-naive96-s1,train,matmul,matmul-naive96,0.2,5,85770,2262,0
matmul_train,matmul,age+dirty,matmul-naive96-s1,train,matmul,matmul-naive96,0.2,5,98787,9231,0
matmul_train,matmul,age+refaults,matmul-naive96-s1,train,matmul,matmul-naive96,0.2,5,98787,9231,0
matmul_train,matmul,age+rdist,matmul-naive96-s1,train,matmul,matmul-naive96,0.2,5,98787,9231,0
matmul_train,matmul,dirty+refaults,matmul-naive96-s1,train,matmul,matmul-naive96,0.2,5,92041,9231,0
matmul_train,matmul,dirty+rdist,matmul-naive96-s1,train,matmul,matmul-naive96,0.2,5,92041,9231,0
matmul_train,matmul,refaults+rdist,matmul-naive96-s1,train,matmul,matmul-naive96,0.2,5,85989,25,0
matmul_train,matmul,ref+aging+sfreq,matmul-naive96-s1,train,matmul,matmul-naive96,0.2,5,92740,9233,0
matmul_train,matmul,ref+aging+idle,matmul-naive96-s1,train,matmul,matmul-naive96,0.2,5,93310,9233,0
matmul_train,matmul,ref+aging+age,matmul-naive96-s1,train,matmul,matmul-naive96,0.2,5,92740,9233,0
matmul_train,matmul,ref+aging+dirty,matmul-naive96-s1,train,matmul,matmul-naive96,0.2,5,93310,9233,0
matmul_train,matmul,ref+aging+refaults,matmul-naive96-s1,train,matmul,matmul-naive96,0.2,5,93214,9233,0
matmul_train,matmul,ref+aging+rdist,matmul-naive96-s1,train,matmul,matmul-naive96,0.2,5,83910,216,0
matmul_train,matmul,ref+sfreq+idle,matmul-naive96-s1,train,matmul,matmul-naive96,0.2,5,93025,9233,0
matmul_train,matmul,ref+sfreq+age,matmul-naive96-s1,train,matmul,matmul-naive96,0.2,5,98786,9231,0
matmul_train,matmul,ref+sfreq+dirty,matmul-naive96-s1,train,matmul,matmul-naive96,0.2,5,108096,9232,0
matmul_train,matmul,ref+sfreq+refaults,matmul-naive96-s1,train,matmul,matmul-naive96,0.2,5,108096,9232,0
matmul_train,matmul,ref+sfreq+rdist,matmul-naive96-s1,train,matmul,matmul-naive96,0.2,5,98786,9231,0
matmul_train,matmul,ref+idle+age,matmul-naive96-s1,train,matmul,matmul-naive96,0.2,5,93025,9233,0
matmul_train,matmul,ref+idle+dirty,matmul-naive96-s1,train,matmul,matmul-naive96,0.2,5,93310,9233,0
matmul_train,matmul,ref+idle+refaults,matmul-naive96-s1,train,matmul,matmul-naive96,0.2,5,93310,9233,0
matmul_train,matmul,ref+idle+rdist,matmul-naive96-s1,train,matmul,matmul-naive96,0.2,5,86791,3287,0
matmul_train,matmul,ref+age+dirty,matmul-naive96-s1,train,matmul,matmul-naive96,0.2,5,108096,9232,0
matmul_train,matmul,ref+age+refaults,matmul-naive96-s1,train,matmul,matmul-naive96,0.2,5,108096,9232,0
matmul_train,matmul,ref+age+rdist,matmul-naive96-s1,train,matmul,matmul-naive96,0.2,5,98786,9231,0
matmul_train,matmul,ref+dirty+refaults,matmul-naive96-s1,train,matmul,matmul-naive96,0.2,5,91211,9231,0
matmul_train,matmul,ref+dirty+rdist,matmul-naive96-s1,train,matmul,matmul-naive96,0.2,5,92041,9231,0
matmul_train,matmul,ref+refaults+rdist,matmul-naive96-s1,train,matmul,matmul-naive96,0.2,5,85989,25,0
matmul_train,matmul,aging+sfreq+idle,matmul-naive96-s1,train,matmul,matmul-naive96,0.2,5,116769,9232,0
matmul_train,matmul,aging+sfreq+age,matmul-naive96-s1,train,matmul,matmul-naive96,0.2,5,84095,9232,0
matmul_train,matmul,aging+sfreq+dirty,matmul-naive96-s1,train,matmul,matmul-naive96,0.2,5,116864,9233,0
matmul_train,matmul,aging+sfreq+refaults,matmul-naive96-s1,train,matmul,matmul-naive96,0.2,5,116864,9233,0
matmul_train,matmul,aging+sfreq+rdist,matmul-naive96-s1,train,matmul,matmul-naive96,0.2,5,105123,9231,0
matmul_train,matmul,aging+idle+age,matmul-naive96-s1,train,matmul,matmul-naive96,0.2,5,116864,9233,0
matmul_train,matmul,aging+idle+dirty,matmul-naive96-s1,train,matmul,matmul-naive96,0.2,5,93310,9233,0
matmul_train,matmul,aging+idle+refaults,matmul-naive96-s1,train,matmul,matmul-naive96,0.2,5,90001,6272,0
matmul_train,matmul,aging+idle+rdist,matmul-naive96-s1,train,matmul,matmul-naive96,0.2,5,83911,216,0
matmul_train,matmul,aging+age+dirty,matmul-naive96-s1,train,matmul,matmul-naive96,0.2,5,116864,9233,0
matmul_train,matmul,aging+age+refaults,matmul-naive96-s1,train,matmul,matmul-naive96,0.2,5,116864,9233,0
matmul_train,matmul,aging+age+rdist,matmul-naive96-s1,train,matmul,matmul-naive96,0.2,5,116031,8208,0
matmul_train,matmul,aging+dirty+refaults,matmul-naive96-s1,train,matmul,matmul-naive96,0.2,5,92170,9231,0
matmul_train,matmul,aging+dirty+rdist,matmul-naive96-s1,train,matmul,matmul-naive96,0.2,5,92041,9231,0
matmul_train,matmul,aging+refaults+rdist,matmul-naive96-s1,train,matmul,matmul-naive96,0.2,5,89676,216,0
matmul_train,matmul,sfreq+idle+age,matmul-naive96-s1,train,matmul,matmul-naive96,0.2,5,93310,9233,0
matmul_train,matmul,sfreq+idle+dirty,matmul-naive96-s1,train,matmul,matmul-naive96,0.2,5,92455,9232,0
matmul_train,matmul,sfreq+idle+refaults,matmul-naive96-s1,train,matmul,matmul-naive96,0.2,5,92652,9233,0
matmul_train,matmul,sfreq+idle+rdist,matmul-naive96-s1,train,matmul,matmul-naive96,0.2,5,91211,8273,0
matmul_train,matmul,sfreq+age+dirty,matmul-naive96-s1,train,matmul,matmul-naive96,0.2,5,116769,9232,0
matmul_train,matmul,sfreq+age+refaults,matmul-naive96-s1,train,matmul,matmul-naive96,0.2,5,116822,9233,0
matmul_train,matmul,sfreq+age+rdist,matmul-naive96-s1,train,matmul,matmul-naive96,0.2,5,109826,8208,0
matmul_train,matmul,sfreq+dirty+refaults,matmul-naive96-s1,train,matmul,matmul-naive96,0.2,5,108096,9232,0
matmul_train,matmul,sfreq+dirty+rdist,matmul-naive96-s1,train,matmul,matmul-naive96,0.2,5,98786,9231,0
matmul_train,matmul,sfreq+refaults+rdist,matmul-naive96-s1,train,matmul,matmul-naive96,0.2,5,98786,9231,0
matmul_train,matmul,idle+age+dirty,matmul-naive96-s1,train,matmul,matmul-naive96,0.2,5,92455,9232,0
matmul_train,matmul,idle+age+refaults,matmul-naive96-s1,train,matmul,matmul-naive96,0.2,5,92740,9233,0
matmul_train,matmul,idle+age+rdist,matmul-naive96-s1,train,matmul,matmul-naive96,0.2,5,91290,8209,0
matmul_train,matmul,idle+dirty+refaults,matmul-naive96-s1,train,matmul,matmul-naive96,0.2,5,92835,9232,0
matmul_train,matmul,idle+dirty+rdist,matmul-naive96-s1,train,matmul,matmul-naive96,0.2,5,89294,7314,0
matmul_train,matmul,idle+refaults+rdist,matmul-naive96-s1,train,matmul,matmul-naive96,0.2,5,85766,2262,0
matmul_train,matmul,age+dirty+refaults,matmul-naive96-s1,train,matmul,matmul-naive96,0.2,5,98787,9231,0
matmul_train,matmul,age+dirty+rdist,matmul-naive96-s1,train,matmul,matmul-naive96,0.2,5,98787,9231,0
matmul_train,matmul,age+refaults+rdist,matmul-naive96-s1,train,matmul,matmul-naive96,0.2,5,98787,9231,0
matmul_train,matmul,dirty+refaults+rdist,matmul-naive96-s1,train,matmul,matmul-naive96,0.2,5,92041,9231,0
matmul_train,matmul,ref+aging+sfreq+idle,matmul-naive96-s1,train,matmul,matmul-naive96,0.2,5,93310,9233,0
matmul_train,matmul,ref+aging+sfreq+age,matmul-naive96-s1,train,matmul,matmul-naive96,0.2,5,84095,9232,0
matmul_train,matmul,ref+aging+sfreq+dirty,matmul-naive96-s1,train,matmul,matmul-naive96,0.2,5,92740,9233,0
matmul_train,matmul,ref+aging+sfreq+refaults,matmul-naive96-s1,train,matmul,matmul-naive96,0.2,5,92740,9233,0
matmul_train,matmul,ref+aging+sfreq+rdist,matmul-naive96-s1,train,matmul,matmul-naive96,0.2,5,91527,8208,0
matmul_train,matmul,ref+aging+idle+age,matmul-naive96-s1,train,matmul,matmul-naive96,0.2,5,93310,9233,0
matmul_train,matmul,ref+aging+idle+dirty,matmul-naive96-s1,train,matmul,matmul-naive96,0.2,5,93310,9233,0
matmul_train,matmul,ref+aging+idle+refaults,matmul-naive96-s1,train,matmul,matmul-naive96,0.2,5,93237,9160,0
matmul_train,matmul,ref+aging+idle+rdist,matmul-naive96-s1,train,matmul,matmul-naive96,0.2,5,92540,8084,0
matmul_train,matmul,ref+aging+age+dirty,matmul-naive96-s1,train,matmul,matmul-naive96,0.2,5,92740,9233,0
matmul_train,matmul,ref+aging+age+refaults,matmul-naive96-s1,train,matmul,matmul-naive96,0.2,5,93123,9233,0
matmul_train,matmul,ref+aging+age+rdist,matmul-naive96-s1,train,matmul,matmul-naive96,0.2,5,91527,8208,0
matmul_train,matmul,ref+aging+dirty+refaults,matmul-naive96-s1,train,matmul,matmul-naive96,0.2,5,93025,9232,0
matmul_train,matmul,ref+aging+dirty+rdist,matmul-naive96-s1,train,matmul,matmul-naive96,0.2,5,91211,9231,0
matmul_train,matmul,ref+aging+refaults+rdist,matmul-naive96-s1,train,matmul,matmul-naive96,0.2,5,83910,216,0
matmul_train,matmul,ref+sfreq+idle+age,matmul-naive96-s1,train,matmul,matmul-naive96,0.2,5,93310,9233,0
matmul_train,matmul,ref+sfreq+idle+dirty,matmul-naive96-s1,train,matmul,matmul-naive96,0.2,5,92740,9232,0
matmul_train,matmul,ref+sfreq+idle+refaults,matmul-naive96-s1,train,matmul,matmul-naive96,0.2,5,92962,9233,0
matmul_train,matmul,ref+sfreq+idle+rdist,matmul-naive96-s1,train,matmul,matmul-naive96,0.2,5,89293,6355,0
matmul_train,matmul,ref+sfreq+age+dirty,matmul-naive96-s1,train,matmul,matmul-naive96,0.2,5,98786,9231,0
matmul_train,matmul,ref+sfreq+age+refaults,matmul-naive96-s1,train,matmul,matmul-naive96,0.2,5,98786,9231,0
matmul_train,matmul,ref+sfreq+age+rdist,matmul-naive96-s1,train,matmul,matmul-naive96,0.2,5,98786,9231,0
matmul_train,matmul,ref+sfreq+dirty+refaults,matmul-naive96-s1,train,matmul,matmul-naive96,0.2,5,108096,9232,0
matmul_train,matmul,ref+sfreq+dirty+rdist,matmul-naive96-s1,train,matmul,matmul-naive96,0.2,5,98786,9231,0
matmul_train,matmul,ref+sfreq+refaults+rdist,matmul-naive96-s1,train,matmul,matmul-naive96,0.2,5,98786,9231,0
matmul_train,matmul,ref+idle+age+dirty,matmul-naive96-s1,train,matmul,matmul-naive96,0.2,5,92740,9232,0
matmul_train,matmul,ref+idle+age+refaults,matmul-naive96-s1,train,matmul,matmul-naive96,0.2,5,93025,9233,0
matmul_train,matmul,ref+idle+age+rdist,matmul-naive96-s1,train,matmul,matmul-naive96,0.2,5,89293,6355,0
matmul_train,matmul,ref+idle+dirty+refaults,matmul-naive96-s1,train,matmul,matmul-naive96,0.2,5,93025,9232,0
matmul_train,matmul,ref+idle+dirty+rdist,matmul-naive96-s1,train,matmul,matmul-naive96,0.2,5,91211,9232,0
matmul_train,matmul,ref+idle+refaults+rdist,matmul-naive96-s1,train,matmul,matmul-naive96,0.2,5,86698,3284,0
matmul_train,matmul,ref+age+dirty+refaults,matmul-naive96-s1,train,matmul,matmul-naive96,0.2,5,108096,9232,0
matmul_train,matmul,ref+age+dirty+rdist,matmul-naive96-s1,train,matmul,matmul-naive96,0.2,5,98786,9231,0
matmul_train,matmul,ref+age+refaults+rdist,matmul-naive96-s1,train,matmul,matmul-naive96,0.2,5,98786,9231,0
matmul_train,matmul,ref+dirty+refaults+rdist,matmul-naive96-s1,train,matmul,matmul-naive96,0.2,5,92041,9231,0
matmul_train,matmul,aging+sfreq+idle+age,matmul-naive96-s1,train,matmul,matmul-naive96,0.2,5,84095,9232,0
matmul_train,matmul,aging+sfreq+idle+dirty,matmul-naive96-s1,train,matmul,matmul-naive96,0.2,5,92455,9232,0
matmul_train,matmul,aging+sfreq+idle+refaults,matmul-naive96-s1,train,matmul,matmul-naive96,0.2,5,92808,9233,0
matmul_train,matmul,aging+sfreq+idle+rdist,matmul-naive96-s1,train,matmul,matmul-naive96,0.2,5,109823,8208,0
matmul_train,matmul,aging+sfreq+age+dirty,matmul-naive96-s1,train,matmul,matmul-naive96,0.2,5,84095,9232,0
matmul_train,matmul,aging+sfreq+age+refaults,matmul-naive96-s1,train,matmul,matmul-naive96,0.2,5,97186,9232,0
matmul_train,matmul,aging+sfreq+age+rdist,matmul-naive96-s1,train,matmul,matmul-naive96,0.2,5,98786,9231,0
matmul_train,matmul,aging+sfreq+dirty+refaults,matmul-naive96-s1,train,matmul,matmul-naive96,0.2,5,116864,9233,0
matmul_train,matmul,aging+sfreq+dirty+rdist,matmul-naive96-s1,train,matmul,matmul-naive96,0.2,5,99071,9231,0
matmul_train,matmul,aging+sfreq+refaults+rdist,matmul-naive96-s1,train,matmul,matmul-naive96,0.2,5,112640,8208,0
matmul_train,matmul,aging+idle+age+dirty,matmul-naive96-s1,train,matmul,matmul-naive96,0.2,5,92455,9232,0
matmul_train,matmul,aging+idle+age+refaults,matmul-naive96-s1,train,matmul,matmul-naive96,0.2,5,92740,9233,0
matmul_train,matmul,aging+idle+age+rdist,matmul-naive96-s1,train,matmul,matmul-naive96,0.2,5,109823,8208,0
matmul_train,matmul,aging+idle+dirty+refaults,matmul-naive96-s1,train,matmul,matmul-naive96,0.2,5,92835,9232,0
matmul_train,matmul,aging+idle+dirty+rdist,matmul-naive96-s1,train,matmul,matmul-naive96,0.2,5,90439,9232,0
matmul_train,matmul,aging+idle+refaults+rdist,matmul-naive96-s1,train,matmul,matmul-naive96,0.2,5,106167,2167,0
matmul_train,matmul,aging+age+dirty+refaults,matmul-naive96-s1,train,matmul,matmul-naive96,0.2,5,116864,9233,0
matmul_train,matmul,aging+age+dirty+rdist,matmul-naive96-s1,train,matmul,matmul-naive96,0.2,5,99071,9231,0
matmul_train,matmul,aging+age+refaults+rdist,matmul-naive96-s1,train,matmul,matmul-naive96,0.2,5,112639,8208,0
matmul_train,matmul,aging+dirty+refaults+rdist,matmul-naive96-s1,train,matmul,matmul-naive96,0.2,5,92041,9231,0
matmul_train,matmul,sfreq+idle+age+dirty,matmul-naive96-s1,train,matmul,matmul-naive96,0.2,5,93310,9233,0
matmul_train,matmul,sfreq+idle+age+refaults,matmul-naive96-s1,train,matmul,matmul-naive96,0.2,5,93310,9233,0
matmul_train,matmul,sfreq+idle+age+rdist,matmul-naive96-s1,train,matmul,matmul-naive96,0.2,5,84103,26,0
matmul_train,matmul,sfreq+idle+dirty+refaults,matmul-naive96-s1,train,matmul,matmul-naive96,0.2,5,92571,9233,0
matmul_train,matmul,sfreq+idle+dirty+rdist,matmul-naive96-s1,train,matmul,matmul-naive96,0.2,5,83856,9231,0
matmul_train,matmul,sfreq+idle+refaults+rdist,matmul-naive96-s1,train,matmul,matmul-naive96,0.2,5,91211,8273,0
matmul_train,matmul,sfreq+age+dirty+refaults,matmul-naive96-s1,train,matmul,matmul-naive96,0.2,5,116791,9233,0
matmul_train,matmul,sfreq+age+dirty+rdist,matmul-naive96-s1,train,matmul,matmul-naive96,0.2,5,98786,9231,0
matmul_train,matmul,sfreq+age+refaults+rdist,matmul-naive96-s1,train,matmul,matmul-naive96,0.2,5,109826,8208,0
matmul_train,matmul,sfreq+dirty+refaults+rdist,matmul-naive96-s1,train,matmul,matmul-naive96,0.2,5,98786,9231,0
matmul_train,matmul,idle+age+dirty+refaults,matmul-naive96-s1,train,matmul,matmul-naive96,0.2,5,92740,9233,0
matmul_train,matmul,idle+age+dirty+rdist,matmul-naive96-s1,train,matmul,matmul-naive96,0.2,5,84027,9231,0
matmul_train,matmul,idle+age+refaults+rdist,matmul-naive96-s1,train,matmul,matmul-naive96,0.2,5,91286,8209,0
matmul_train,matmul,idle+dirty+refaults+rdist,matmul-naive96-s1,train,matmul,matmul-naive96,0.2,5,89296,7314,0
matmul_train,matmul,age+dirty+refaults+rdist,matmul-naive96-s1,train,matmul,matmul-naive96,0.2,5,98787,9231,0
matmul_train,matmul,ref+aging+sfreq+idle+age,matmul-naive96-s1,train,matmul,matmul-naive96,0.2,5,84095,9232,0
matmul_train,matmul,ref+aging+sfreq+idle+dirty,matmul-naive96-s1,train,matmul,matmul-naive96,0.2,5,93310,9233,0
matmul_train,matmul,ref+aging+sfreq+idle+refaults,matmul-naive96-s1,train,matmul,matmul-naive96,0.2,5,103489,9233,0
matmul_train,matmul,ref+aging+sfreq+idle+rdist,matmul-naive96-s1,train,matmul,matmul-naive96,0.2,5,112639,8208,0
matmul_train,matmul,ref+aging+sfreq+age+dirty,matmul-naive96-s1,train,matmul,matmul-naive96,0.2,5,84096,9232,0
matmul_train,matmul,ref+aging+sfreq+age+refaults,matmul-naive96-s1,train,matmul,matmul-naive96,0.2,5,84095,9232,0
matmul_train,matmul,ref+aging+sfreq+age+rdist,matmul-naive96-s1,train,matmul,matmul-naive96,0.2,5,84095,9232,0
matmul_train,matmul,ref+aging+sfreq+dirty+refaults,matmul-naive96-s1,train,matmul,matmul-naive96,0.2,5,92740,9233,0
matmul_train,matmul,ref+aging+sfreq+dirty+rdist,matmul-naive96-s1,train,matmul,matmul-naive96,0.2,5,89479,9231,0
matmul_train,matmul,ref+aging+sfreq+refaults+rdist,matmul-naive96-s1,train,matmul,matmul-naive96,0.2,5,109152,8208,0
matmul_train,matmul,ref+aging+idle+age+dirty,matmul-naive96-s1,train,matmul,matmul-naive96,0.2,5,93310,9233,0
matmul_train,matmul,ref+aging+idle+age+refaults,matmul-naive96-s1,train,matmul,matmul-naive96,0.2,5,103482,9233,0
matmul_train,matmul,ref+aging+idle+age+rdist,matmul-naive96-s1,train,matmul,matmul-naive96,0.2,5,112639,8208,0
matmul_train,matmul,ref+aging+idle+dirty+refaults,matmul-naive96-s1,train,matmul,matmul-naive96,0.2,5,93310,9233,0
matmul_train,matmul,ref+aging+idle+dirty+rdist,matmul-naive96-s1,train,matmul,matmul-naive96,0.2,5,91209,9230,0
matmul_train,matmul,ref+aging+idle+refaults+rdist,matmul-naive96-s1,train,matmul,matmul-naive96,0.2,5,92793,8021,0
matmul_train,matmul,ref+aging+age+dirty+refaults,matmul-naive96-s1,train,matmul,matmul-naive96,0.2,5,92740,9233,0
matmul_train,matmul,ref+aging+age+dirty+rdist,matmul-naive96-s1,train,matmul,matmul-naive96,0.2,5,84095,9231,0
matmul_train,matmul,ref+aging+age+refaults+rdist,matmul-naive96-s1,train,matmul,matmul-naive96,0.2,5,109152,8208,0
matmul_train,matmul,ref+aging+dirty+refaults+rdist,matmul-naive96-s1,train,matmul,matmul-naive96,0.2,5,91211,9231,0
matmul_train,matmul,ref+sfreq+idle+age+dirty,matmul-naive96-s1,train,matmul,matmul-naive96,0.2,5,93310,9233,0
matmul_train,matmul,ref+sfreq+idle+age+refaults,matmul-naive96-s1,train,matmul,matmul-naive96,0.2,5,93310,9233,0
matmul_train,matmul,ref+sfreq+idle+age+rdist,matmul-naive96-s1,train,matmul,matmul-naive96,0.2,5,84103,26,0
matmul_train,matmul,ref+sfreq+idle+dirty+refaults,matmul-naive96-s1,train,matmul,matmul-naive96,0.2,5,92824,9233,0
matmul_train,matmul,ref+sfreq+idle+dirty+rdist,matmul-naive96-s1,train,matmul,matmul-naive96,0.2,5,89479,9232,0
matmul_train,matmul,ref+sfreq+idle+refaults+rdist,matmul-naive96-s1,train,matmul,matmul-naive96,0.2,5,91211,8273,0
matmul_train,matmul,ref+sfreq+age+dirty+refaults,matmul-naive96-s1,train,matmul,matmul-naive96,0.2,5,98786,9231,0
matmul_train,matmul,ref+sfreq+age+dirty+rdist,matmul-naive96-s1,train,matmul,matmul-naive96,0.2,5,98786,9231,0
matmul_train,matmul,ref+sfreq+age+refaults+rdist,matmul-naive96-s1,train,matmul,matmul-naive96,0.2,5,98786,9231,0
matmul_train,matmul,ref+sfreq+dirty+refaults+rdist,matmul-naive96-s1,train,matmul,matmul-naive96,0.2,5,98786,9231,0
matmul_train,matmul,ref+idle+age+dirty+refaults,matmul-naive96-s1,train,matmul,matmul-naive96,0.2,5,93215,9233,0
matmul_train,matmul,ref+idle+age+dirty+rdist,matmul-naive96-s1,train,matmul,matmul-naive96,0.2,5,84095,9231,0
matmul_train,matmul,ref+idle+age+refaults+rdist,matmul-naive96-s1,train,matmul,matmul-naive96,0.2,5,91211,8273,0
matmul_train,matmul,ref+idle+dirty+refaults+rdist,matmul-naive96-s1,train,matmul,matmul-naive96,0.2,5,91209,9230,0
matmul_train,matmul,ref+age+dirty+refaults+rdist,matmul-naive96-s1,train,matmul,matmul-naive96,0.2,5,98786,9231,0
matmul_train,matmul,aging+sfreq+idle+age+dirty,matmul-naive96-s1,train,matmul,matmul-naive96,0.2,5,84095,9232,0
matmul_train,matmul,aging+sfreq+idle+age+refaults,matmul-naive96-s1,train,matmul,matmul-naive96,0.2,5,88992,9232,0
matmul_train,matmul,aging+sfreq+idle+age+rdist,matmul-naive96-s1,train,matmul,matmul-naive96,0.2,5,98786,9231,0
matmul_train,matmul,aging+sfreq+idle+dirty+refaults,matmul-naive96-s1,train,matmul,matmul-naive96,0.2,5,92577,9233,0
matmul_train,matmul,aging+sfreq+idle+dirty+rdist,matmul-naive96-s1,train,matmul,matmul-naive96,0.2,5,84015,9231,0
matmul_train,matmul,aging+sfreq+idle+refaults+rdist,matmul-naive96-s1,train,matmul,matmul-naive96,0.2,5,91338,8208,0
matmul_train,matmul,aging+sfreq+age+dirty+refaults,matmul-naive96-s1,train,matmul,matmul-naive96,0.2,5,97186,9232,0
matmul_train,matmul,aging+sfreq+age+dirty+rdist,matmul-naive96-s1,train,matmul,matmul-naive96,0.2,5,98786,9231,0
matmul_train,matmul,aging+sfreq+age+refaults+rdist,matmul-naive96-s1,train,matmul,matmul-naive96,0.2,5,97186,9232,0
matmul_train,matmul,aging+sfreq+dirty+refaults+rdist,matmul-naive96-s1,train,matmul,matmul-naive96,0.2,5,99071,9231,0
matmul_train,matmul,aging+idle+age+dirty+refaults,matmul-naive96-s1,train,matmul,matmul-naive96,0.2,5,92740,9233,0
matmul_train,matmul,aging+idle+age+dirty+rdist,matmul-naive96-s1,train,matmul,matmul-naive96,0.2,5,84100,9231,0
matmul_train,matmul,aging+idle+age+refaults+rdist,matmul-naive96-s1,train,matmul,matmul-naive96,0.2,5,91337,8208,0
matmul_train,matmul,aging+idle+dirty+refaults+rdist,matmul-naive96-s1,train,matmul,matmul-naive96,0.2,5,84096,9231,0
matmul_train,matmul,aging+age+dirty+refaults+rdist,matmul-naive96-s1,train,matmul,matmul-naive96,0.2,5,99071,9231,0
matmul_train,matmul,sfreq+idle+age+dirty+refaults,matmul-naive96-s1,train,matmul,matmul-naive96,0.2,5,93310,9233,0
matmul_train,matmul,sfreq+idle+age+dirty+rdist,matmul-naive96-s1,train,matmul,matmul-naive96,0.2,5,84095,9232,0
matmul_train,matmul,sfreq+idle+age+refaults+rdist,matmul-naive96-s1,train,matmul,matmul-naive96,0.2,5,86149,2072,0
matmul_train,matmul,sfreq+idle+dirty+refaults+rdist,matmul-naive96-s1,train,matmul,matmul-naive96,0.2,5,83853,9231,0
matmul_train,matmul,sfreq+age+dirty+refaults+rdist,matmul-naive96-s1,train,matmul,matmul-naive96,0.2,5,98786,9231,0
matmul_train,matmul,idle+age+dirty+refaults+rdist,matmul-naive96-s1,train,matmul,matmul-naive96,0.2,5,83959,9231,0
matmul_train,matmul,ref+aging+sfreq+idle+age+dirty,matmul-naive96-s1,train,matmul,matmul-naive96,0.2,5,84095,9232,0
matmul_train,matmul,ref+aging+sfreq+idle+age+refaults,matmul-naive96-s1,train,matmul,matmul-naive96,0.2,5,84095,9232,0
matmul_train,matmul,ref+aging+sfreq+idle+age+rdist,matmul-naive96-s1,train,matmul,matmul-naive96,0.2,5,84095,9232,0
matmul_train,matmul,ref+aging+sfreq+idle+dirty+refaults,matmul-naive96-s1,train,matmul,matmul-naive96,0.2,5,113569,9233,0
matmul_train,matmul,ref+aging+sfreq+idle+dirty+rdist,matmul-naive96-s1,train,matmul,matmul-naive96,0.2,5,89479,9231,0
matmul_train,matmul,ref+aging+sfreq+idle+refaults+rdist,matmul-naive96-s1,train,matmul,matmul-naive96,0.2,5,112639,8208,0
matmul_train,matmul,ref+aging+sfreq+age+dirty+refaults,matmul-naive96-s1,train,matmul,matmul-naive96,0.2,5,84095,9232,0
matmul_train,matmul,ref+aging+sfreq+age+dirty+rdist,matmul-naive96-s1,train,matmul,matmul-naive96,0.2,5,84096,9232,0
matmul_train,matmul,ref+aging+sfreq+age+refaults+rdist,matmul-naive96-s1,train,matmul,matmul-naive96,0.2,5,84095,9232,0
matmul_train,matmul,ref+aging+sfreq+dirty+refaults+rdist,matmul-naive96-s1,train,matmul,matmul-naive96,0.2,5,103522,9231,0
matmul_train,matmul,ref+aging+idle+age+dirty+refaults,matmul-naive96-s1,train,matmul,matmul-naive96,0.2,5,93218,9233,0
matmul_train,matmul,ref+aging+idle+age+dirty+rdist,matmul-naive96-s1,train,matmul,matmul-naive96,0.2,5,84095,9231,0
matmul_train,matmul,ref+aging+idle+age+refaults+rdist,matmul-naive96-s1,train,matmul,matmul-naive96,0.2,5,112639,8208,0
matmul_train,matmul,ref+aging+idle+dirty+refaults+rdist,matmul-naive96-s1,train,matmul,matmul-naive96,0.2,5,89293,7313,0
matmul_train,matmul,ref+aging+age+dirty+refaults+rdist,matmul-naive96-s1,train,matmul,matmul-naive96,0.2,5,89669,9232,0
matmul_train,matmul,ref+sfreq+idle+age+dirty+refaults,matmul-naive96-s1,train,matmul,matmul-naive96,0.2,5,93310,9233,0
matmul_train,matmul,ref+sfreq+idle+age+dirty+rdist,matmul-naive96-s1,train,matmul,matmul-naive96,0.2,5,84095,9232,0
matmul_train,matmul,ref+sfreq+idle+age+refaults+rdist,matmul-naive96-s1,train,matmul,matmul-naive96,0.2,5,92287,8210,0
matmul_train,matmul,ref+sfreq+idle+dirty+refaults+rdist,matmul-naive96-s1,train,matmul,matmul-naive96,0.2,5,87559,9232,0
matmul_train,matmul,ref+sfreq+age+dirty+refaults+rdist,matmul-naive96-s1,train,matmul,matmul-naive96,0.2,5,98786,9231,0
matmul_train,matmul,ref+idle+age+dirty+refaults+rdist,matmul-naive96-s1,train,matmul,matmul-naive96,0.2,5,87559,9232,0
matmul_train,matmul,aging+sfreq+idle+age+dirty+refaults,matmul-naive96-s1,train,matmul,matmul-naive96,0.2,5,84095,9232,0
matmul_train,matmul,aging+sfreq+idle+age+dirty+rdist,matmul-naive96-s1,train,matmul,matmul-naive96,0.2,5,89094,6163,0
matmul_train,matmul,aging+sfreq+idle+age+refaults+rdist,matmul-naive96-s1,train,matmul,matmul-naive96,0.2,5,84095,9232,0
matmul_train,matmul,aging+sfreq+idle+dirty+refaults+rdist,matmul-naive96-s1,train,matmul,matmul-naive96,0.2,5,90316,9232,0
matmul_train,matmul,aging+sfreq+age+dirty+refaults+rdist,matmul-naive96-s1,train,matmul,matmul-naive96,0.2,5,98786,9231,0
matmul_train,matmul,aging+idle+age+dirty+refaults+rdist,matmul-naive96-s1,train,matmul,matmul-naive96,0.2,5,83915,9231,0
matmul_train,matmul,sfreq+idle+age+dirty+refaults+rdist,matmul-naive96-s1,train,matmul,matmul-naive96,0.2,5,84095,9232,0
matmul_train,matmul,ref+aging+sfreq+idle+age+dirty+refaults,matmul-naive96-s1,train,matmul,matmul-naive96,0.2,5,84095,9232,0
matmul_train,matmul,ref+aging+sfreq+idle+age+dirty+rdist,matmul-naive96-s1,train,matmul,matmul-naive96,0.2,5,84096,9232,0
matmul_train,matmul,ref+aging+sfreq+idle+age+refaults+rdist,matmul-naive96-s1,train,matmul,matmul-naive96,0.2,5,84095,9232,0
matmul_train,matmul,ref+aging+sfreq+idle+dirty+refaults+rdist,matmul-naive96-s1,train,matmul,matmul-naive96,0.2,5,89479,9232,0
matmul_train,matmul,ref+aging+sfreq+age+dirty+refaults+rdist,matmul-naive96-s1,train,matmul,matmul-naive96,0.2,5,84095,9232,0
matmul_train,matmul,ref+aging+idle+age+dirty+refaults+rdist,matmul-naive96-s1,train,matmul,matmul-naive96,0.2,5,83911,9232,0
matmul_train,matmul,ref+sfreq+idle+age+dirty+refaults+rdist,matmul-naive96-s1,train,matmul,matmul-naive96,0.2,5,84095,9232,0
matmul_train,matmul,aging+sfreq+idle+age+dirty+refaults+rdist,matmul-naive96-s1,train,matmul,matmul-naive96,0.2,5,84095,9232,0
matmul_train,matmul,ref+aging+sfreq+idle+age+dirty+refaults+rdist,matmul-naive96-s1,train,matmul,matmul-naive96,0.2,5,84095,9232,0
matmul_train,matmul,rec+ref+aging+sfreq+idle+age+dirty,matmul-naive96-s1,train,matmul,matmul-naive96,0.2,5,84094,9232,0
matmul_train,matmul,rec+ref+aging+sfreq+idle+age+dirty+refaults+rdist,matmul-naive96-s1,train,matmul,matmul-naive96,0.2,5,84094,9232,0
matmul_train,matmul,freq+ref+aging+sfreq+idle+age+dirty,matmul-naive96-s1,train,matmul,matmul-naive96,0.2,5,84094,9232,0
matmul_train,matmul,freq+ref+aging+sfreq+idle+age+dirty+refaults+rdist,matmul-naive96-s1,train,matmul,matmul-naive96,0.2,5,83999,9232,0
matmul_train,matmul,sd+ref+aging+sfreq+idle+age+dirty,matmul-naive96-s1,train,matmul,matmul-naive96,0.2,5,84094,9232,0
matmul_train,matmul,sd+ref+aging+sfreq+idle+age+dirty+refaults+rdist,matmul-naive96-s1,train,matmul,matmul-naive96,0.2,5,84094,9232,0
matmul_train,matmul,wr+ref+aging+sfreq+idle+age+dirty,matmul-naive96-s1,train,matmul,matmul-naive96,0.2,5,84095,9232,0
matmul_train,matmul,wr+ref+aging+sfreq+idle+age+dirty+refaults+rdist,matmul-naive96-s1,train,matmul,matmul-naive96,0.2,5,84095,9232,0
matmul_train,matmul,rec+freq+ref+aging+sfreq+idle+age+dirty,matmul-naive96-s1,train,matmul,matmul-naive96,0.2,5,84094,9232,0
matmul_train,matmul,rec+freq+ref+aging+sfreq+idle+age+dirty+refaults+rdist,matmul-naive96-s1,train,matmul,matmul-naive96,0.2,5,84094,9232,0
matmul_train,matmul,rec+sd+ref+aging+sfreq+idle+age+dirty,matmul-naive96-s1,train,matmul,matmul-naive96,0.2,5,84094,9232,0
matmul_train,matmul,rec+sd+ref+aging+sfreq+idle+age+dirty+refaults+rdist,matmul-naive96-s1,train,matmul,matmul-naive96,0.2,5,84094,9232,0
matmul_train,matmul,rec+wr+ref+aging+sfreq+idle+age+dirty,matmul-naive96-s1,train,matmul,matmul-naive96,0.2,5,84094,9232,0
matmul_train,matmul,rec+wr+ref+aging+sfreq+idle+age+dirty+refaults+rdist,matmul-naive96-s1,train,matmul,matmul-naive96,0.2,5,84094,9232,0
matmul_train,matmul,freq+sd+ref+aging+sfreq+idle+age+dirty,matmul-naive96-s1,train,matmul,matmul-naive96,0.2,5,84094,9232,0
matmul_train,matmul,freq+sd+ref+aging+sfreq+idle+age+dirty+refaults+rdist,matmul-naive96-s1,train,matmul,matmul-naive96,0.2,5,84094,9232,0
matmul_train,matmul,freq+wr+ref+aging+sfreq+idle+age+dirty,matmul-naive96-s1,train,matmul,matmul-naive96,0.2,5,84095,9232,0
matmul_train,matmul,freq+wr+ref+aging+sfreq+idle+age+dirty+refaults+rdist,matmul-naive96-s1,train,matmul,matmul-naive96,0.2,5,83999,9232,0
matmul_train,matmul,sd+wr+ref+aging+sfreq+idle+age+dirty,matmul-naive96-s1,train,matmul,matmul-naive96,0.2,5,84094,9232,0
matmul_train,matmul,sd+wr+ref+aging+sfreq+idle+age+dirty+refaults+rdist,matmul-naive96-s1,train,matmul,matmul-naive96,0.2,5,84094,9232,0
matmul_train,matmul,rec+freq+sd+ref+aging+sfreq+idle+age+dirty,matmul-naive96-s1,train,matmul,matmul-naive96,0.2,5,84094,9232,0
matmul_train,matmul,rec+freq+sd+ref+aging+sfreq+idle+age+dirty+refaults+rdist,matmul-naive96-s1,train,matmul,matmul-naive96,0.2,5,84094,9232,0
matmul_train,matmul,rec+freq+wr+ref+aging+sfreq+idle+age+dirty,matmul-naive96-s1,train,matmul,matmul-naive96,0.2,5,84094,9232,0
matmul_train,matmul,rec+freq+wr+ref+aging+sfreq+idle+age+dirty+refaults+rdist,matmul-naive96-s1,train,matmul,matmul-naive96,0.2,5,84094,9232,0
matmul_train,matmul,rec+sd+wr+ref+aging+sfreq+idle+age+dirty,matmul-naive96-s1,train,matmul,matmul-naive96,0.2,5,84094,9232,0
matmul_train,matmul,rec+sd+wr+ref+aging+sfreq+idle+age+dirty+refaults+rdist,matmul-naive96-s1,train,matmul,matmul-naive96,0.2,5,84094,9232,0
matmul_train,matmul,freq+sd+wr+ref+aging+sfreq+idle+age+dirty,matmul-naive96-s1,train,matmul,matmul-naive96,0.2,5,84094,9232,0
matmul_train,matmul,freq+sd+wr+ref+aging+sfreq+idle+age+dirty+refaults+rdist,matmul-naive96-s1,train,matmul,matmul-naive96,0.2,5,84094,9232,0
matmul_train,matmul,rec+freq+sd+wr+ref+aging+sfreq+idle+age+dirty,matmul-naive96-s1,train,matmul,matmul-naive96,0.2,5,84094,9232,0
matmul_train,matmul,rec+freq+sd+wr+ref+aging+sfreq+idle+age+dirty+refaults+rdist,matmul-naive96-s1,train,matmul,matmul-naive96,0.2,5,84094,9232,0
matmul_train,global,rec,matmul-naive96-s1,train,matmul,matmul-naive96,0.2,5,93309,9233,0
matmul_train,global,freq,matmul-naive96-s1,train,matmul,matmul-naive96,0.2,5,117279,9233,0
matmul_train,global,sd,matmul-naive96-s1,train,matmul,matmul-naive96,0.2,5,93309,9233,0
matmul_train,global,wr,matmul-naive96-s1,train,matmul,matmul-naive96,0.2,5,111165,9233,0
matmul_train,global,rec+freq,matmul-naive96-s1,train,matmul,matmul-naive96,0.2,5,93214,9233,0
matmul_train,global,rec+sd,matmul-naive96-s1,train,matmul,matmul-naive96,0.2,5,93024,9232,0
matmul_train,global,rec+wr,matmul-naive96-s1,train,matmul,matmul-naive96,0.2,5,93309,9233,0
matmul_train,global,freq+sd,matmul-naive96-s1,train,matmul,matmul-naive96,0.2,5,93386,9233,0
matmul_train,global,freq+wr,matmul-naive96-s1,train,matmul,matmul-naive96,0.2,5,117279,9233,0
matmul_train,global,sd+wr,matmul-naive96-s1,train,matmul,matmul-naive96,0.2,5,93309,9233,0
matmul_train,global,rec+freq+sd,matmul-naive96-s1,train,matmul,matmul-naive96,0.2,5,93132,9233,0
matmul_train,global,rec+freq+wr,matmul-naive96-s1,train,matmul,matmul-naive96,0.2,5,93214,9233,0
matmul_train,global,rec+sd+wr,matmul-naive96-s1,train,matmul,matmul-naive96,0.2,5,93024,9232,0
matmul_train,global,freq+sd+wr,matmul-naive96-s1,train,matmul,matmul-naive96,0.2,5,93386,9233,0
matmul_train,global,rec+freq+sd+wr,matmul-naive96-s1,train,matmul,matmul-naive96,0.2,5,93132,9233,0
matmul_train,global,ref,matmul-naive96-s1,train,matmul,matmul-naive96,0.2,5,93310,9233,0
matmul_train,global,aging,matmul-naive96-s1,train,matmul,matmul-naive96,0.2,5,93310,9233,0
matmul_train,global,sfreq,matmul-naive96-s1,train,matmul,matmul-naive96,0.2,5,108096,9232,0
matmul_train,global,idle,matmul-naive96-s1,train,matmul,matmul-naive96,0.2,5,93310,9233,0
matmul_train,global,age,matmul-naive96-s1,train,matmul,matmul-naive96,0.2,5,111168,9233,0
matmul_train,global,dirty,matmul-naive96-s1,train,matmul,matmul-naive96,0.2,5,111165,9233,0
matmul_train,global,refaults,matmul-naive96-s1,train,matmul,matmul-naive96,0.2,5,119520,9233,0
matmul_train,global,rdist,matmul-naive96-s1,train,matmul,matmul-naive96,0.2,5,85989,25,0
matmul_train,global,ref+aging,matmul-naive96-s1,train,matmul,matmul-naive96,0.2,5,93310,9233,0
matmul_train,global,ref+sfreq,matmul-naive96-s1,train,matmul,matmul-naive96,0.2,5,91970,9232,0
matmul_train,global,ref+idle,matmul-naive96-s1,train,matmul,matmul-naive96,0.2,5,93310,9233,0
matmul_train,global,ref+age,matmul-naive96-s1,train,matmul,matmul-naive96,0.2,5,93310,9233,0
matmul_train,global,ref+dirty,matmul-naive96-s1,train,matmul,matmul-naive96,0.2,5,93310,9233,0
matmul_train,global,ref+refaults,matmul-naive96-s1,train,matmul,matmul-naive96,0.2,5,93511,9233,0
matmul_train,global,ref+rdist,matmul-naive96-s1,train,matmul,matmul-naive96,0.2,5,83809,308,0
matmul_train,global,aging+sfreq,matmul-naive96-s1,train,matmul,matmul-naive96,0.2,5,92740,9233,0
matmul_train,global,aging+idle,matmul-naive96-s1,train,matmul,matmul-naive96,0.2,5,93310,9233,0
matmul_train,global,aging+age,matmul-naive96-s1,train,matmul,matmul-naive96,0.2,5,92740,9233,0
matmul_train,global,aging+dirty,matmul-naive96-s1,train,matmul,matmul-naive96,0.2,5,93310,9233,0
matmul_train,global,aging+refaults,matmul-naive96-s1,train,matmul,matmul-naive96,0.2,5,93328,9233,0
matmul_train,global,aging+rdist,matmul-naive96-s1,train,matmul,matmul-naive96,0.2,5,85829,2294,0
matmul_train,global,sfreq+idle,matmul-naive96-s1,train,matmul,matmul-naive96,0.2,5,92740,9233,0
matmul_train,global,sfreq+age,matmul-naive96-s1,train,matmul,matmul-naive96,0.2,5,116769,9232,0
matmul_train,global,sfreq+dirty,matmul-naive96-s1,train,matmul,matmul-naive96,0.2,5,108096,9232,0
matmul_train,global,sfreq+refaults,matmul-naive96-s1,train,matmul,matmul-naive96,0.2,5,108964,9233,0
matmul_train,global,sfreq+rdist,matmul-naive96-s1,train,matmul,matmul-naive96,0.2,5,98786,9231,0
matmul_train,global,idle+age,matmul-naive96-s1,train,matmul,matmul-naive96,0.2,5,92740,9233,0
matmul_train,global,idle+dirty,matmul-naive96-s1,train,matmul,matmul-naive96,0.2,5,93310,9233,0
matmul_train,global,idle+refaults,matmul-naive96-s1,train,matmul,matmul-naive96,0.2,5,97531,9233,0
matmul_train,global,idle+rdist,matmul-naive96-s1,train,matmul,matmul-naive96,0.2,5,86791,3287,0
matmul_train,global,age+dirty,matmul-naive96-s1,train,matmul,matmul-naive96,0.2,5,111165,9233,0
matmul_train,global,age+refaults,matmul-naive96-s1,train,matmul,matmul-naive96,0.2,5,107094,9233,0
matmul_train,global,age+rdist,matmul-naive96-s1,train,matmul,matmul-naive96,0.2,5,84116,307,0
matmul_train,global,dirty+refaults,matmul-naive96-s1,train,matmul,matmul-naive96,0.2,5,119151,8864,0
matmul_train,global,dirty+rdist,matmul-naive96-s1,train,matmul,matmul-naive96,0.2,5,92041,9231,0
matmul_train,global,refaults+rdist,matmul-naive96-s1,train,matmul,matmul-naive96,0.2,5,95282,9222,0
matmul_train,global,ref+aging+sfreq,matmul-naive96-s1,train,matmul,matmul-naive96,0.2,5,92740,9233,0
matmul_train,global,ref+aging+idle,matmul-naive96-s1,train,matmul,matmul-naive96,0.2,5,93310,9233,0
matmul_train,global,ref+aging+age,matmul-naive96-s1,train,matmul,matmul-naive96,0.2,5,92740,9233,0
matmul_train,global,ref+aging+dirty,matmul-naive96-s1,train,matmul,matmul-naive96,0.2,5,93310,9233,0
matmul_train,global,ref+aging+refaults,matmul-naive96-s1,train,matmul,matmul-naive96,0.2,5,93324,9233,0
matmul_train,global,ref+aging+rdist,matmul-naive96-s1,train,matmul,matmul-naive96,0.2,5,92841,9233,0
matmul_train,global,ref+sfreq+idle,matmul-naive96-s1,train,matmul,matmul-naive96,0.2,5,92455,9232,0
matmul_train,global,ref+sfreq+age,matmul-naive96-s1,train,matmul,matmul-naive96,0.2,5,92170,9231,0
matmul_train,global,ref+sfreq+dirty,matmul-naive96-s1,train,matmul,matmul-naive96,0.2,5,91970,9232,0
matmul_train,global,ref+sfreq+refaults,matmul-naive96-s1,train,matmul,matmul-naive96,0.2,5,106007,9233,0
matmul_train,global,ref+sfreq+rdist,matmul-naive96-s1,train,matmul,matmul-naive96,0.2,5,88898,9232,0
matmul_train,global,ref+idle+age,matmul-naive96-s1,train,matmul,matmul-naive96,0.2,5,92740,9233,0
matmul_train,global,ref+idle+dirty,matmul-naive96-s1,train,matmul,matmul-naive96,0.2,5,93310,9233,0
matmul_train,global,ref+idle+refaults,matmul-naive96-s1,train,matmul,matmul-naive96,0.2,5,93621,9233,0
matmul_train,global,ref+idle+rdist,matmul-naive96-s1,train,matmul,matmul-naive96,0.2,5,85734,2294,0
matmul_train,global,ref+age+dirty,matmul-naive96-s1,train,matmul,matmul-naive96,0.2,5,93310,9233,0
matmul_train,global,ref+age+refaults,matmul-naive96-s1,train,matmul,matmul-naive96,0.2,5,84631,9233,0
matmul_train,global,ref+age+rdist,matmul-naive96-s1,train,matmul,matmul-naive96,0.2,5,83812,308,0
matmul_train,global,ref+dirty+refaults,matmul-naive96-s1,train,matmul,matmul-naive96,0.2,5,92943,8648,0
matmul_train,global,ref+dirty+rdist,matmul-naive96-s1,train,matmul,matmul-naive96,0.2,5,91211,9231,0
matmul_train,global,ref+refaults+rdist,matmul-naive96-s1,train,matmul,matmul-naive96,0.2,5,84677,9224,0
matmul_train,global,aging+sfreq+idle,matmul-naive96-s1,train,matmul,matmul-naive96,0.2,5,92740,9233,0
matmul_train,global,aging+sfreq+age,matmul-naive96-s1,train,matmul,matmul-naive96,0.2,5,92740,9233,0
matmul_train,global,aging+sfreq+dirty,matmul-naive96-s1,train,matmul,matmul-naive96,0.2,5,92455,9232,0
matmul_train,global,aging+sfreq+refaults,matmul-naive96-s1,train,matmul,matmul-naive96,0.2,5,113503,9233,0
matmul_train,global,aging+sfreq+rdist,matmul-naive96-s1,train,matmul,matmul-naive96,0.2,5,91211,8272,0
matmul_train,global,aging+idle+age,matmul-naive96-s1,train,matmul,matmul-naive96,0.2,5,92740,9233,0
matmul_train,global,aging+idle+dirty,matmul-naive96-s1,train,matmul,matmul-naive96,0.2,5,93310,9233,0
matmul_train,global,aging+idle+refaults,matmul-naive96-s1,train,matmul,matmul-naive96,0.2,5,93361,9233,0
matmul_train,global,aging+idle+rdist,matmul-naive96-s1,train,matmul,matmul-naive96,0.2,5,85893,2294,0
matmul_train,global,aging+age+dirty,matmul-naive96-s1,train,matmul,matmul-naive96,0.2,5,92740,9233,0
matmul_train,global,aging+age+refaults,matmul-naive96-s1,train,matmul,matmul-naive96,0.2,5,93314,9233,0
matmul_train,global,aging+age+rdist,matmul-naive96-s1,train,matmul,matmul-naive96,0.2,5,91527,8208,0
matmul_train,global,aging+dirty+refaults,matmul-naive96-s1,train,matmul,matmul-naive96,0.2,5,93331,9233,0
matmul_train,global,aging+dirty+rdist,matmul-naive96-s1,train,matmul,matmul-naive96,0.2,5,92549,9232,0
matmul_train,global,aging+refaults+rdist,matmul-naive96-s1,train,matmul,matmul-naive96,0.2,5,93344,9232,0
matmul_train,global,sfreq+idle+age,matmul-naive96-s1,train,matmul,matmul-naive96,0.2,5,92740,9233,0
matmul_train,global,sfreq+idle+dirty,matmul-naive96-s1,train,matmul,matmul-naive96,0.2,5,92455,9232,0
matmul_train,global,sfreq+idle+refaults,matmul-naive96-s1,train,matmul,matmul-naive96,0.2,5,99472,9233,0
matmul_train,global,sfreq+idle+rdist,matmul-naive96-s1,train,matmul,matmul-naive96,0.2,5,89293,6355,0
matmul_train,global,sfreq+age+dirty,matmul-naive96-s1,train,matmul,matmul-naive96,0.2,5,116769,9232,0
matmul_train,global,sfreq+age+refaults,matmul-naive96-s1,train,matmul,matmul-naive96,0.2,5,116520,9233,0
matmul_train,global,sfreq+age+rdist,matmul-naive96-s1,train,matmul,matmul-naive96,0.2,5,108753,9232,0
matmul_train,global,sfreq+dirty+refaults,matmul-naive96-s1,train,matmul,matmul-naive96,0.2,5,108964,9233,0
matmul_train,global,sfreq+dirty+rdist,matmul-naive96-s1,train,matmul,matmul-naive96,0.2,5,98786,9231,0
matmul_train,global,sfreq+refaults+rdist,matmul-naive96-s1,train,matmul,matmul-naive96,0.2,5,106235,9233,0
matmul_train,global,idle+age+dirty,matmul-naive96-s1,train,matmul,matmul-naive96,0.2,5,92455,9232,0
matmul_train,global,idle+age+refaults,matmul-naive96-s1,train,matmul,matmul-naive96,0.2,5,97673,9233,0
matmul_train,global,idle+age+rdist,matmul-naive96-s1,train,matmul,matmul-naive96,0.2,5,89293,6355,0
matmul_train,global,idle+dirty+refaults,matmul-naive96-s1,train,matmul,matmul-naive96,0.2,5,97792,9233,0
matmul_train,global,idle+dirty+rdist,matmul-naive96-s1,train,matmul,matmul-naive96,0.2,5,91211,9232,0
matmul_train,global,idle+refaults+rdist,matmul-naive96-s1,train,matmul,matmul-naive96,0.2,5,96760,9232,0
matmul_train,global,age+dirty+refaults,matmul-naive96-s1,train,matmul,matmul-naive96,0.2,5,117539,8942,0
matmul_train,global,age+dirty+rdist,matmul-naive96-s1,train,matmul,matmul-naive96,0.2,5,91034,7308,0
matmul_train,global,age+refaults+rdist,matmul-naive96-s1,train,matmul,matmul-naive96,0.2,5,116566,9233,0
matmul_train,global,dirty+refaults+rdist,matmul-naive96-s1,train,matmul,matmul-naive96,0.2,5,95656,9233,0
matmul_train,global,ref+aging+sfreq+idle,matmul-naive96-s1,train,matmul,matmul-naive96,0.2,5,92740,9233,0
matmul_train,global,ref+aging+sfreq+age,matmul-naive96-s1,train,matmul,matmul-naive96,0.2,5,92740,9233,0
matmul_train,global,ref+aging+sfreq+dirty,matmul-naive96-s1,train,matmul,matmul-naive96,0.2,5,92740,9233,0
matmul_train,global,ref+aging+sfreq+refaults,matmul-naive96-s1,train,matmul,matmul-naive96,0.2,5,113507,9233,0
matmul_train,global,ref+aging+sfreq+rdist,matmul-naive96-s1,train,matmul,matmul-naive96,0.2,5,92835,9232,0
matmul_train,global,ref+aging+idle+age,matmul-naive96-s1,train,matmul,matmul-naive96,0.2,5,92740,9233,0
matmul_train,global,ref+aging+idle+dirty,matmul-naive96-s1,train,matmul,matmul-naive96,0.2,5,93310,9233,0
matmul_train,global,ref+aging+idle+refaults,matmul-naive96-s1,train,matmul,matmul-naive96,0.2,5,93355,9233,0
matmul_train,global,ref+aging+idle+rdist,matmul-naive96-s1,train,matmul,matmul-naive96,0.2,5,92841,9233,0
matmul_train,global,ref+aging+age+dirty,matmul-naive96-s1,train,matmul,matmul-naive96,0.2,5,92740,9233,0
matmul_train,global,ref+aging+age+refaults,matmul-naive96-s1,train,matmul,matmul-naive96,0.2,5,93343,9233,0
matmul_train,global,ref+aging+age+rdist,matmul-naive96-s1,train,matmul,matmul-naive96,0.2,5,92835,9232,0
matmul_train,global,ref+aging+dirty+refaults,matmul-naive96-s1,train,matmul,matmul-naive96,0.2,5,93330,9233,0
matmul_train,global,ref+aging+dirty+rdist,matmul-naive96-s1,train,matmul,matmul-naive96,0.2,5,92612,9232,0
matmul_train,global,ref+aging+refaults+rdist,matmul-naive96-s1,train,matmul,matmul-naive96,0.2,5,93346,9232,0
matmul_train,global,ref+sfreq+idle+age,matmul-naive96-s1,train,matmul,matmul-naive96,0.2,5,92455,9232,0
matmul_train,global,ref+sfreq+idle+dirty,matmul-naive96-s1,train,matmul,matmul-naive96,0.2,5,92455,9232,0
matmul_train,global,ref+sfreq+idle+refaults,matmul-naive96-s1,train,matmul,matmul-naive96,0.2,5,101793,9233,0
matmul_train,global,ref+sfreq+idle+rdist,matmul-naive96-s1,train,matmul,matmul-naive96,0.2,5,87563,4245,0
matmul_train,global,ref+sfreq+age+dirty,matmul-naive96-s1,train,matmul,matmul-naive96,0.2,5,92170,9231,0
matmul_train,global,ref+sfreq+age+refaults,matmul-naive96-s1,train,matmul,matmul-naive96,0.2,5,106202,9233,0
matmul_train,global,ref+sfreq+age+rdist,matmul-naive96-s1,train,matmul,matmul-naive96,0.2,5,91211,8272,0
matmul_train,global,ref+sfreq+dirty+refaults,matmul-naive96-s1,train,matmul,matmul-naive96,0.2,5,106034,9233,0
matmul_train,global,ref+sfreq+dirty+rdist,matmul-naive96-s1,train,matmul,matmul-naive96,0.2,5,88898,9232,0
matmul_train,global,ref+sfreq+refaults+rdist,matmul-naive96-s1,train,matmul,matmul-naive96,0.2,5,111604,9233,0
matmul_train,global,ref+idle+age+dirty,matmul-naive96-s1,train,matmul,matmul-naive96,0.2,5,92455,9232,0
matmul_train,global,ref+idle+age+refaults,matmul-naive96-s1,train,matmul,matmul-naive96,0.2,5,94064,9233,0
matmul_train,global,ref+idle+age+rdist,matmul-naive96-s1,train,matmul,matmul-naive96,0.2,5,87563,4245,0
matmul_train,global,ref+idle+dirty+refaults,matmul-naive96-s1,train,matmul,matmul-naive96,0.2,5,93643,9233,0
matmul_train,global,ref+idle+dirty+rdist,matmul-naive96-s1,train,matmul,matmul-naive96,0.2,5,89293,7314,0
matmul_train,global,ref+idle+refaults+rdist,matmul-naive96-s1,train,matmul,matmul-naive96,0.2,5,86353,9228,0
matmul_train,global,ref+age+dirty+refaults,matmul-naive96-s1,train,matmul,matmul-naive96,0.2,5,84456,8282,0
matmul_train,global,ref+age+dirty+rdist,matmul-naive96-s1,train,matmul,matmul-naive96,0.2,5,91211,9231,0
matmul_train,global,ref+age+refaults+rdist,matmul-naive96-s1,train,matmul,matmul-naive96,0.2,5,89188,9233,0
matmul_train,global,ref+dirty+refaults+rdist,matmul-naive96-s1,train,matmul,matmul-naive96,0.2,5,84672,9233,0
matmul_train,global,aging+sfreq+idle+age,matmul-naive96-s1,train,matmul,matmul-naive96,0.2,5,92740,9233,0
matmul_train,global,aging+sfreq+idle+dirty,matmul-naive96-s1,train,matmul,matmul-naive96,0.2,5,92455,9232,0
matmul_train,global,aging+sfreq+idle+refaults,matmul-naive96-s1,train,matmul,matmul-naive96,0.2,5,113503,9233,0
matmul_train,global,aging+sfreq+idle+rdist,matmul-naive96-s1,train,matmul,matmul-naive96,0.2,5,91971,8273,0
matmul_train,global,aging+sfreq+age+dirty,matmul-naive96-s1,train,matmul,matmul-naive96,0.2,5,92455,9232,0
matmul_train,global,aging+sfreq+age+refaults,matmul-naive96-s1,train,matmul,matmul-naive96,0.2,5,111651,9233,0
matmul_train,global,aging+sfreq+age+rdist,matmul-naive96-s1,train,matmul,matmul-naive96,0.2,5,92287,8209,0
matmul_train,global,aging+sfreq+dirty+refaults,matmul-naive96-s1,train,matmul,matmul-naive96,0.2,5,113503,9233,0
matmul_train,global,aging+sfreq+dirty+rdist,matmul-naive96-s1,train,matmul,matmul-naive96,0.2,5,84095,9232,0
matmul_train,global,aging+sfreq+refaults+rdist,matmul-naive96-s1,train,matmul,matmul-naive96,0.2,5,111007,9233,0
matmul_train,global,aging+idle+age+dirty,matmul-naive96-s1,train,matmul,matmul-naive96,0.2,5,92740,9233,0
matmul_train,global,aging+idle+age+refaults,matmul-naive96-s1,train,matmul,matmul-naive96,0.2,5,93078,9233,0
matmul_train,global,aging+idle+age+rdist,matmul-naive96-s1,train,matmul,matmul-naive96,0.2,5,91527,8208,0
matmul_train,global,aging+idle+dirty+refaults,matmul-naive96-s1,train,matmul,matmul-naive96,0.2,5,93366,9233,0
matmul_train,global,aging+idle+dirty+rdist,matmul-naive96-s1,train,matmul,matmul-naive96,0.2,5,92739,9232,0
matmul_train,global,aging+idle+refaults+rdist,matmul-naive96-s1,train,matmul,matmul-naive96,0.2,5,93338,9232,0
matmul_train,global,aging+age+dirty+refaults,matmul-naive96-s1,train,matmul,matmul-naive96,0.2,5,93314,9233,0
matmul_train,global,aging+age+dirty+rdist,matmul-naive96-s1,train,matmul,matmul-naive96,0.2,5,84095,9232,0
matmul_train,global,aging+age+refaults+rdist,matmul-naive96-s1,train,matmul,matmul-naive96,0.2,5,93686,9233,0
matmul_train,global,aging+dirty+refaults+rdist,matmul-naive96-s1,train,matmul,matmul-naive96,0.2,5,93344,9232,0
matmul_train,global,sfreq+idle+age+dirty,matmul-naive96-s1,train,matmul,matmul-naive96,0.2,5,92455,9232,0
matmul_train,global,sfreq+idle+age+refaults,matmul-naive96-s1,train,matmul,matmul-naive96,0.2,5,98139,9233,0
matmul_train,global,sfreq+idle+age+rdist,matmul-naive96-s1,train,matmul,matmul-naive96,0.2,5,88526,5268,0
matmul_train,global,sfreq+idle+dirty+refaults,matmul-naive96-s1,train,matmul,matmul-naive96,0.2,5,99274,9233,0
matmul_train,global,sfreq+idle+dirty+rdist,matmul-naive96-s1,train,matmul,matmul-naive96,0.2,5,84095,9232,0
matmul_train,global,sfreq+idle+refaults+rdist,matmul-naive96-s1,train,matmul,matmul-naive96,0.2,5,98479,9233,0
matmul_train,global,sfreq+age+dirty+refaults,matmul-naive96-s1,train,matmul,matmul-naive96,0.2,5,116998,9233,0
matmul_train,global,sfreq+age+dirty+rdist,matmul-naive96-s1,train,matmul,matmul-naive96,0.2,5,112228,9231,0
matmul_train,global,sfreq+age+refaults+rdist,matmul-naive96-s1,train,matmul,matmul-naive96,0.2,5,107690,9233,0
matmul_train,global,sfreq+dirty+refaults+rdist,matmul-naive96-s1,train,matmul,matmul-naive96,0.2,5,106879,9233,0
matmul_train,global,idle+age+dirty+refaults,matmul-naive96-s1,train,matmul,matmul-naive96,0.2,5,97225,9233,0
matmul_train,global,idle+age+dirty+rdist,matmul-naive96-s1,train,matmul,matmul-naive96,0.2,5,84095,9232,0
matmul_train,global,idle+age+refaults+rdist,matmul-naive96-s1,train,matmul,matmul-naive96,0.2,5,96655,9233,0
matmul_train,global,idle+dirty+refaults+rdist,matmul-naive96-s1,train,matmul,matmul-naive96,0.2,5,96658,9233,0
matmul_train,global,age+dirty+refaults+rdist,matmul-naive96-s1,train,matmul,matmul-naive96,0.2,5,117867,9233,0
matmul_train,global,ref+aging+sfreq+idle+age,matmul-naive96-s1,train,matmul,matmul-naive96,0.2,5,93310,9233,0
matmul_train,global,ref+aging+sfreq+idle+dirty,matmul-naive96-s1,train,matmul,matmul-naive96,0.2,5,92740,9233,0
matmul_train,global,ref+aging+sfreq+idle+refaults,matmul-naive96-s1,train,matmul,matmul-naive96,0.2,5,113503,9233,0
matmul_train,global,ref+aging+sfreq+idle+rdist,matmul-naive96-s1,train,matmul,matmul-naive96,0.2,5,93215,9233,0
matmul_train,global,ref+aging+sfreq+age+dirty,matmul-naive96-s1,train,matmul,matmul-naive96,0.2,5,92740,9233,0
matmul_train,global,ref+aging+sfreq+age+refaults,matmul-naive96-s1,train,matmul,matmul-naive96,0.2,5,109870,9233,0
matmul_train,global,ref+aging+sfreq+age+rdist,matmul-naive96-s1,train,matmul,matmul-naive96,0.2,5,92930,9232,0
matmul_train,global,ref+aging+sfreq+dirty+refaults,matmul-naive96-s1,train,matmul,matmul-naive96,0.2,5,113507,9233,0
matmul_train,global,ref+aging+sfreq+dirty+rdist,matmul-naive96-s1,train,matmul,matmul-naive96,0.2,5,92265,9231,0
matmul_train,global,ref+aging+sfreq+refaults+rdist,matmul-naive96-s1,train,matmul,matmul-naive96,0.2,5,111531,9233,0
matmul_train,global,ref+aging+idle+age+dirty,matmul-naive96-s1,train,matmul,matmul-naive96,0.2,5,92740,9233,0
matmul_train,global,ref+aging+idle+age+refaults,matmul-naive96-s1,train,matmul,matmul-naive96,0.2,5,93080,9233,0
matmul_train,global,ref+aging+idle+age+rdist,matmul-naive96-s1,train,matmul,matmul-naive96,0.2,5,92835,9232,0
matmul_train,global,ref+aging+idle+dirty+refaults,matmul-naive96-s1,train,matmul,matmul-naive96,0.2,5,93361,9233,0
matmul_train,global,ref+aging+idle+dirty+rdist,matmul-naive96-s1,train,matmul,matmul-naive96,0.2,5,92518,9232,0
matmul_train,global,ref+aging+idle+refaults+rdist,matmul-naive96-s1,train,matmul,matmul-naive96,0.2,5,93341,9232,0
matmul_train,global,ref+aging+age+dirty+refaults,matmul-naive96-s1,train,matmul,matmul-naive96,0.2,5,93342,9233,0
matmul_train,global,ref+aging+age+dirty+rdist,matmul-naive96-s1,train,matmul,matmul-naive96,0.2,5,92835,9232,0
matmul_train,global,ref+aging+age+refaults+rdist,matmul-naive96-s1,train,matmul,matmul-naive96,0.2,5,93360,9233,0
matmul_train,global,ref+aging+dirty+refaults+rdist,matmul-naive96-s1,train,matmul,matmul-naive96,0.2,5,93346,9232,0
matmul_train,global,ref+sfreq+idle+age+dirty,matmul-naive96-s1,train,matmul,matmul-naive96,0.2,5,92455,9232,0
matmul_train,global,ref+sfreq+idle+age+refaults,matmul-naive96-s1,train,matmul,matmul-naive96,0.2,5,94318,9233,0
matmul_train,global,ref+sfreq+idle+age+rdist,matmul-naive96-s1,train,matmul,matmul-naive96,0.2,5,87565,4246,0
matmul_train,global,ref+sfreq+idle+dirty+refaults,matmul-naive96-s1,train,matmul,matmul-naive96,0.2,5,102850,9233,0
matmul_train,global,ref+sfreq+idle+dirty+rdist,matmul-naive96-s1,train,matmul,matmul-naive96,0.2,5,84095,9232,0
matmul_train,global,ref+sfreq+idle+refaults+rdist,matmul-naive96-s1,train,matmul,matmul-naive96,0.2,5,104213,9233,0
matmul_train,global,ref+sfreq+age+dirty+refaults,matmul-naive96-s1,train,matmul,matmul-naive96,0.2,5,106256,9233,0
matmul_train,global,ref+sfreq+age+dirty+rdist,matmul-naive96-s1,train,matmul,matmul-naive96,0.2,5,89479,9231,0
matmul_train,global,ref+sfreq+age+refaults+rdist,matmul-naive96-s1,train,matmul,matmul-naive96,0.2,5,111589,9233,0
matmul_train,global,ref+sfreq+dirty+refaults+rdist,matmul-naive96-s1,train,matmul,matmul-naive96,0.2,5,111903,9233,0
matmul_train,global,ref+idle+age+dirty+refaults,matmul-naive96-s1,train,matmul,matmul-naive96,0.2,5,94065,9233,0
matmul_train,global,ref+idle+age+dirty+rdist,matmul-naive96-s1,train,matmul,matmul-naive96,0.2,5,84095,9232,0
matmul_train,global,ref+idle+age+refaults+rdist,matmul-naive96-s1,train,matmul,matmul-naive96,0.2,5,94195,9212,0
matmul_train,global,ref+idle+dirty+refaults+rdist,matmul-naive96-s1,train,matmul,matmul-naive96,0.2,5,86275,9229,0
matmul_train,global,ref+age+dirty+refaults+rdist,matmul-naive96-s1,train,matmul,matmul-naive96,0.2,5,104504,9233,0
matmul_train,global,aging+sfreq+idle+age+dirty,matmul-naive96-s1,train,matmul,matmul-naive96,0.2,5,92740,9233,0
matmul_train,global,aging+sfreq+idle+age+refaults,matmul-naive96-s1,train,matmul,matmul-naive96,0.2,5,93063,9233,0
matmul_train,global,aging+sfreq+idle+age+rdist,matmul-naive96-s1,train,matmul,matmul-naive96,0.2,5,87076,3095,0
matmul_train,global,aging+sfreq+idle+dirty+refaults,matmul-naive96-s1,train,matmul,matmul-naive96,0.2,5,113503,9233,0
matmul_train,global,aging+sfreq+idle+dirty+rdist,matmul-naive96-s1,train,matmul,matmul-naive96,0.2,5,84095,9232,0
matmul_train,global,aging+sfreq+idle+refaults+rdist,matmul-naive96-s1,train,matmul,matmul-naive96,0.2,5,113714,9233,0
matmul_train,global,aging+sfreq+age+dirty+refaults,matmul-naive96-s1,train,matmul,matmul-naive96,0.2,5,112270,9233,0
matmul_train,global,aging+sfreq+age+dirty+rdist,matmul-naive96-s1,train,matmul,matmul-naive96,0.2,5,84095,9232,0
matmul_train,global,aging+sfreq+age+refaults+rdist,matmul-naive96-s1,train,matmul,matmul-naive96,0.2,5,106121,9233,0
matmul_train,global,aging+sfreq+dirty+refaults+rdist,matmul-naive96-s1,train,matmul,matmul-naive96,0.2,5,112538,9233,0
matmul_train,global,aging+idle+age+dirty+refaults,matmul-naive96-s1,train,matmul,matmul-naive96,0.2,5,93078,9233,0
matmul_train,global,aging+idle+age+dirty+rdist,matmul-naive96-s1,train,matmul,matmul-naive96,0.2,5,84095,9232,0
matmul_train,global,aging+idle+age+refaults+rdist,matmul-naive96-s1,train,matmul,matmul-naive96,0.2,5,93025,9233,0
matmul_train,global,aging+idle+dirty+refaults+rdist,matmul-naive96-s1,train,matmul,matmul-naive96,0.2,5,93338,9232,0
matmul_train,global,aging+age+dirty+refaults+rdist,matmul-naive96-s1,train,matmul,matmul-naive96,0.2,5,94174,9233,0
matmul_train,global,sfreq+idle+age+dirty+refaults,matmul-naive96-s1,train,matmul,matmul-naive96,0.2,5,97992,9233,0
matmul_train,global,sfreq+idle+age+dirty+rdist,matmul-naive96-s1,train,matmul,matmul-naive96,0.2,5,84095,9232,0
matmul_train,global,sfreq+idle+age+refaults+rdist,matmul-naive96-s1,train,matmul,matmul-naive96,0.2,5,96674,9233,0
matmul_train,global,sfreq+idle+dirty+refaults+rdist,matmul-naive96-s1,train,matmul,matmul-naive96,0.2,5,101669,9233,0
matmul_train,global,sfreq+age+dirty+refaults+rdist,matmul-naive96-s1,train,matmul,matmul-naive96,0.2,5,108320,9233,0
matmul_train,global,idle+age+dirty+refaults+rdist,matmul-naive96-s1,train,matmul,matmul-naive96,0.2,5,96396,9233,0
matmul_train,global,ref+aging+sfreq+idle+age+dirty,matmul-naive96-s1,train,matmul,matmul-naive96,0.2,5,93310,9233,0
matmul_train,global,ref+aging+sfreq+idle+age+refaults,matmul-naive96-s1,train,matmul,matmul-naive96,0.2,5,93064,9233,0
matmul_train,global,ref+aging+sfreq+idle+age+rdist,matmul-naive96-s1,train,matmul,matmul-naive96,0.2,5,93214,9233,0
matmul_train,global,ref+aging+sfreq+idle+dirty+refaults,matmul-naive96-s1,train,matmul,matmul-naive96,0.2,5,113504,9233,0
matmul_train,global,ref+aging+sfreq+idle+dirty+rdist,matmul-naive96-s1,train,matmul,matmul-naive96,0.2,5,93215,9233,0
matmul_train,global,ref+aging+sfreq+idle+refaults+rdist,matmul-naive96-s1,train,matmul,matmul-naive96,0.2,5,113997,9233,0
matmul_train,global,ref+aging+sfreq+age+dirty+refaults,matmul-naive96-s1,train,matmul,matmul-naive96,0.2,5,110372,9233,0
matmul_train,global,ref+aging+sfreq+age+dirty+rdist,matmul-naive96-s1,train,matmul,matmul-naive96,0.2,5,92930,9232,0
matmul_train,global,ref+aging+sfreq+age+refaults+rdist,matmul-naive96-s1,train,matmul,matmul-naive96,0.2,5,93260,9233,0
matmul_train,global,ref+aging+sfreq+dirty+refaults+rdist,matmul-naive96-s1,train,matmul,matmul-naive96,0.2,5,112846,9233,0
matmul_train,global,ref+aging+idle+age+dirty+refaults,matmul-naive96-s1,train,matmul,matmul-naive96,0.2,5,93082,9233,0
matmul_train,global,ref+aging+idle+age+dirty+rdist,matmul-naive96-s1,train,matmul,matmul-naive96,0.2,5,92835,9232,0
matmul_train,global,ref+aging+idle+age+refaults+rdist,matmul-naive96-s1,train,matmul,matmul-naive96,0.2,5,93022,9233,0
matmul_train,global,ref+aging+idle+dirty+refaults+rdist,matmul-naive96-s1,train,matmul,matmul-naive96,0.2,5,93341,9232,0
matmul_train,global,ref+aging+age+dirty+refaults+rdist,matmul-naive96-s1,train,matmul,matmul-naive96,0.2,5,93265,9233,0
matmul_train,global,ref+sfreq+idle+age+dirty+refaults,matmul-naive96-s1,train,matmul,matmul-naive96,0.2,5,94353,9233,0
matmul_train,global,ref+sfreq+idle+age+dirty+rdist,matmul-naive96-s1,train,matmul,matmul-naive96,0.2,5,84095,9232,0
matmul_train,global,ref+sfreq+idle+age+refaults+rdist,matmul-naive96-s1,train,matmul,matmul-naive96,0.2,5,86119,9233,0
matmul_train,global,ref+sfreq+idle+dirty+refaults+rdist,matmul-naive96-s1,train,matmul,matmul-naive96,0.2,5,104721,9233,0
matmul_train,global,ref+sfreq+age+dirty+refaults+rdist,matmul-naive96-s1,train,matmul,matmul-naive96,0.2,5,111872,9233,0
matmul_train,global,ref+idle+age+dirty+refaults+rdist,matmul-naive96-s1,train,matmul,matmul-naive96,0.2,5,89307,9233,0
matmul_train,global,aging+sfreq+idle+age+dirty+refaults,matmul-naive96-s1,train,matmul,matmul-naive96,0.2,5,93067,9233,0
matmul_train,global,aging+sfreq+idle+age+dirty+rdist,matmul-naive96-s1,train,matmul,matmul-naive96,0.2,5,84095,9232,0
matmul_train,global,aging+sfreq+idle+age+refaults+rdist,matmul-naive96-s1,train,matmul,matmul-naive96,0.2,5,93023,9233,0
matmul_train,global,aging+sfreq+idle+dirty+refaults+rdist,matmul-naive96-s1,train,matmul,matmul-naive96,0.2,5,113800,9233,0
matmul_train,global,aging+sfreq+age+dirty+refaults+rdist,matmul-naive96-s1,train,matmul,matmul-naive96,0.2,5,107446,9233,0
matmul_train,global,aging+idle+age+dirty+refaults+rdist,matmul-naive96-s1,train,matmul,matmul-naive96,0.2,5,92934,9233,0
matmul_train,global,sfreq+idle+age+dirty+refaults+rdist,matmul-naive96-s1,train,matmul,matmul-naive96,0.2,5,88561,9233,0
matmul_train,global,ref+aging+sfreq+idle+age+dirty+refaults,matmul-naive96-s1,train,matmul,matmul-naive96,0.2,5,93069,9233,0
matmul_train,global,ref+aging+sfreq+idle+age+dirty+rdist,matmul-naive96-s1,train,matmul,matmul-naive96,0.2,5,92835,9232,0
matmul_train,global,ref+aging+sfreq+idle+age+refaults+rdist,matmul-naive96-s1,train,matmul,matmul-naive96,0.2,5,93113,9233,0
matmul_train,global,ref+aging+sfreq+idle+dirty+refaults+rdist,matmul-naive96-s1,train,matmul,matmul-naive96,0.2,5,114173,9233,0
matmul_train,global,ref+aging+sfreq+age+dirty+refaults+rdist,matmul-naive96-s1,train,matmul,matmul-naive96,0.2,5,105585,9233,0
matmul_train,global,ref+aging+idle+age+dirty+refaults+rdist,matmul-naive96-s1,train,matmul,matmul-naive96,0.2,5,92937,9233,0
matmul_train,global,ref+sfreq+idle+age+dirty+refaults+rdist,matmul-naive96-s1,train,matmul,matmul-naive96,0.2,5,86347,9233,0
matmul_train,global,aging+sfreq+idle+age+dirty+refaults+rdist,matmul-naive96-s1,train,matmul,matmul-naive96,0.2,5,93020,9233,0
matmul_train,global,ref+aging+sfreq+idle+age+dirty+refaults+rdist,matmul-naive96-s1,train,matmul,matmul-naive96,0.2,5,93097,9233,0
matmul_train,global,rec+ref+aging+sfreq+idle+age+dirty,matmul-naive96-s1,train,matmul,matmul-naive96,0.2,5,92454,9232,0
matmul_train,global,rec+ref+aging+sfreq+idle+age+dirty+refaults+rdist,matmul-naive96-s1,train,matmul,matmul-naive96,0.2,5,92739,9233,0
matmul_train,global,freq+ref+aging+sfreq+idle+age+dirty,matmul-naive96-s1,train,matmul,matmul-naive96,0.2,5,93309,9233,0
matmul_train,global,freq+ref+aging+sfreq+idle+age+dirty+refaults+rdist,matmul-naive96-s1,train,matmul,matmul-naive96,0.2,5,93147,9171,0
matmul_train,global,sd+ref+aging+sfreq+idle+age+dirty,matmul-naive96-s1,train,matmul,matmul-naive96,0.2,5,92739,9233,0
matmul_train,global,sd+ref+aging+sfreq+idle+age+dirty+refaults+rdist,matmul-naive96-s1,train,matmul,matmul-naive96,0.2,5,113480,9233,0
matmul_train,global,wr+ref+aging+sfreq+idle+age+dirty,matmul-naive96-s1,train,matmul,matmul-naive96,0.2,5,93310,9233,0
matmul_train,global,wr+ref+aging+sfreq+idle+age+dirty+refaults+rdist,matmul-naive96-s1,train,matmul,matmul-naive96,0.2,5,93100,9233,0
matmul_train,global,rec+freq+ref+aging+sfreq+idle+age+dirty,matmul-naive96-s1,train,matmul,matmul-naive96,0.2,5,92762,9233,0
matmul_train,global,rec+freq+ref+aging+sfreq+idle+age+dirty+refaults+rdist,matmul-naive96-s1,train,matmul,matmul-naive96,0.2,5,92742,9233,0
matmul_train,global,rec+sd+ref+aging+sfreq+idle+age+dirty,matmul-naive96-s1,train,matmul,matmul-naive96,0.2,5,92454,9232,0
matmul_train,global,rec+sd+ref+aging+sfreq+idle+age+dirty+refaults+rdist,matmul-naive96-s1,train,matmul,matmul-naive96,0.2,5,92741,9233,0
matmul_train,global,rec+wr+ref+aging+sfreq+idle+age+dirty,matmul-naive96-s1,train,matmul,matmul-naive96,0.2,5,92454,9232,0
matmul_train,global,rec+wr+ref+aging+sfreq+idle+age+dirty+refaults+rdist,matmul-naive96-s1,train,matmul,matmul-naive96,0.2,5,92740,9233,0
matmul_train,global,freq+sd+ref+aging+sfreq+idle+age+dirty,matmul-naive96-s1,train,matmul,matmul-naive96,0.2,5,93024,9233,0
matmul_train,global,freq+sd+ref+aging+sfreq+idle+age+dirty+refaults+rdist,matmul-naive96-s1,train,matmul,matmul-naive96,0.2,5,115978,8209,0
matmul_train,global,freq+wr+ref+aging+sfreq+idle+age+dirty,matmul-naive96-s1,train,matmul,matmul-naive96,0.2,5,93309,9233,0
matmul_train,global,freq+wr+ref+aging+sfreq+idle+age+dirty+refaults+rdist,matmul-naive96-s1,train,matmul,matmul-naive96,0.2,5,93203,9233,0
matmul_train,global,sd+wr+ref+aging+sfreq+idle+age+dirty,matmul-naive96-s1,train,matmul,matmul-naive96,0.2,5,93119,9233,0
matmul_train,global,sd+wr+ref+aging+sfreq+idle+age+dirty+refaults+rdist,matmul-naive96-s1,train,matmul,matmul-naive96,0.2,5,113480,9233,0
matmul_train,global,rec+freq+sd+ref+aging+sfreq+idle+age+dirty,matmul-naive96-s1,train,matmul,matmul-naive96,0.2,5,92760,9233,0
matmul_train,global,rec+freq+sd+ref+aging+sfreq+idle+age+dirty+refaults+rdist,matmul-naive96-s1,train,matmul,matmul-naive96,0.2,5,92745,9233,0
matmul_train,global,rec+freq+wr+ref+aging+sfreq+idle+age+dirty,matmul-naive96-s1,train,matmul,matmul-naive96,0.2,5,92762,9233,0
matmul_train,global,rec+freq+wr+ref+aging+sfreq+idle+age+dirty+refaults+rdist,matmul-naive96-s1,train,matmul,matmul-naive96,0.2,5,92742,9233,0
matmul_train,global,rec+sd+wr+ref+aging+sfreq+idle+age+dirty,matmul-naive96-s1,train,matmul,matmul-naive96,0.2,5,92454,9232,0
matmul_train,global,rec+sd+wr+ref+aging+sfreq+idle+age+dirty+refaults+rdist,matmul-naive96-s1,train,matmul,matmul-naive96,0.2,5,92741,9233,0
matmul_train,global,freq+sd+wr+ref+aging+sfreq+idle+age+dirty,matmul-naive96-s1,train,matmul,matmul-naive96,0.2,5,93214,9232,0
matmul_train,global,freq+sd+wr+ref+aging+sfreq+idle+age+dirty+refaults+rdist,matmul-naive96-s1,train,matmul,matmul-naive96,0.2,5,113471,9233,0
matmul_train,global,rec+freq+sd+wr+ref+aging+sfreq+idle+age+dirty,matmul-naive96-s1,train,matmul,matmul-naive96,0.2,5,92760,9233,0
matmul_train,global,rec+freq+sd+wr+ref+aging+sfreq+idle+age+dirty+refaults+rdist,matmul-naive96-s1,train,matmul,matmul-naive96,0.2,5,92745,9233,0
