scope,features,n_features,tiers,stem,split,workload,variant,fraction,frames,faults,writebacks,aborted
graph,rec,1,F,graph-pr2000x2-s2,val,graph,graph-pr2000x2,0.1,167,52580,50915,0
graph,freq,1,F,graph-pr2000x2-s2,val,graph,graph-pr2000x2,0.1,167,161347,4188,1
graph,sd,1,F,graph-pr2000x2-s2,val,graph,graph-pr2000x2,0.1,167,52580,50915,0
graph,wr,1,F,graph-pr2000x2-s2,val,graph,graph-pr2000x2,0.1,167,161347,7506,1
graph,rec+freq,2,F,graph-pr2000x2-s2,val,graph,graph-pr2000x2,0.1,167,45634,41710,0
graph,rec+sd,2,F,graph-pr2000x2-s2,val,graph,graph-pr2000x2,0.1,167,52575,50911,0
graph,rec+wr,2,F,graph-pr2000x2-s2,val,graph,graph-pr2000x2,0.1,167,42893,41227,0
graph,freq+sd,2,F,graph-pr2000x2-s2,val,graph,graph-pr2000x2,0.1,167,161347,151170,1
graph,freq+wr,2,F,graph-pr2000x2-s2,val,graph,graph-pr2000x2,0.1,167,161347,4186,1
graph,sd+wr,2,F,graph-pr2000x2-s2,val,graph,graph-pr2000x2,0.1,167,161347,143620,1
graph,rec+freq+sd,3,F,graph-pr2000x2-s2,val,graph,graph-pr2000x2,0.1,167,65698,41894,0
graph,rec+freq+wr,3,F,graph-pr2000x2-s2,val,graph,graph-pr2000x2,0.1,167,52608,39685,0
graph,rec+sd+wr,3,F,graph-pr2000x2-s2,val,graph,graph-pr2000x2,0.1,167,68842,40286,0
graph,freq+sd+wr,3,F,graph-pr2000x2-s2,val,graph,graph-pr2000x2,0.1,167,161347,10955,1
graph,rec+freq+sd+wr,4,F,graph-pr2000x2-s2,val,graph,graph-pr2000x2,0.1,167,161347,10171,1
graph,ref,1,K,graph-pr2000x2-s2,val,graph,graph-pr2000x2,0.1,167,100775,98777,0
graph,aging,1,K,graph-pr2000x2-s2,val,graph,graph-pr2000x2,0.1,167,90488,88826,0
graph,sfreq,1,K,graph-pr2000x2-s2,val,graph,graph-pr2000x2,0.1,167,161347,15911,1
graph,idle,1,K,graph-pr2000x2-s2,val,graph,graph-pr2000x2,0.1,167,52568,50903,0
graph,age,1,K,graph-pr2000x2-s2,val,graph,graph-pr2000x2,0.1,167,161347,4186,1
graph,dirty,1,K,graph-pr2000x2-s2,val,graph,graph-pr2000x2,0.1,167,161347,7506,1
graph,refaults,1,K+,graph-pr2000x2-s2,val,graph,graph-pr2000x2,0.1,167,161347,63728,1
graph,rdist,1,K+,graph-pr2000x2-s2,val,graph,graph-pr2000x2,0.1,167,161347,161179,1
graph,ref+aging,2,K,graph-pr2000x2-s2,val,graph,graph-pr2000x2,0.1,167,90488,88826,0
graph,ref+sfreq,2,K,graph-pr2000x2-s2,val,graph,graph-pr2000x2,0.1,167,161347,60046,1
graph,ref+idle,2,K,graph-pr2000x2-s2,val,graph,graph-pr2000x2,0.1,167,52573,50905,0
graph,ref+age,2,K,graph-pr2000x2-s2,val,graph,graph-pr2000x2,0.1,167,161347,156935,1
graph,ref+dirty,2,K,graph-pr2000x2-s2,val,graph,graph-pr2000x2,0.1,167,161347,7506,1
graph,ref+refaults,2,K+K+,graph-pr2000x2-s2,val,graph,graph-pr2000x2,0.1,167,69422,65269,0
graph,ref+rdist,2,K+K+,graph-pr2000x2-s2,val,graph,graph-pr2000x2,0.1,167,161347,161179,1
graph,aging+sfreq,2,K,graph-pr2000x2-s2,val,graph,graph-pr2000x2,0.1,167,161347,131288,1
graph,aging+idle,2,K,graph-pr2000x2-s2,val,graph,graph-pr2000x2,0.1,167,54461,50376,0
graph,aging+age,2,K,graph-pr2000x2-s2,val,graph,graph-pr2000x2,0.1,167,161347,158999,1
graph,aging+dirty,2,K,graph-pr2000x2-s2,val,graph,graph-pr2000x2,0.1,167,161347,7540,1
graph,aging+refaults,2,K+K+,graph-pr2000x2-s2,val,graph,graph-pr2000x2,0.1,167,68506,66597,0
graph,aging+rdist,2,K+K+,graph-pr2000x2-s2,val,graph,graph-pr2000x2,0.1,167,161347,161179,1
graph,sfreq+idle,2,K,graph-pr2000x2-s2,val,graph,graph-pr2000x2,0.1,167,49992,48328,0
graph,sfreq+age,2,K,graph-pr2000x2-s2,val,graph,graph-pr2000x2,0.1,167,161347,161087,1
graph,sfreq+dirty,2,K,graph-pr2000x2-s2,val,graph,graph-pr2000x2,0.1,167,161347,7498,1
graph,sfreq+refaults,2,K+K+,graph-pr2000x2-s2,val,graph,graph-pr2000x2,0.1,167,161347,77932,1
graph,sfreq+rdist,2,K+K+,graph-pr2000x2-s2,val,graph,graph-pr2000x2,0.1,167,161347,14344,1
graph,idle+age,2,K,graph-pr2000x2-s2,val,graph,graph-pr2000x2,0.1,167,47007,45342,0
graph,idle+dirty,2,K,graph-pr2000x2-s2,val,graph,graph-pr2000x2,0.1,167,98541,38505,0
graph,idle+refaults,2,K+K+,graph-pr2000x2-s2,val,graph,graph-pr2000x2,0.1,167,45339,43372,0
graph,idle+rdist,2,K+K+,graph-pr2000x2-s2,val,graph,graph-pr2000x2,0.1,167,58300,55138,0
graph,age+dirty,2,K,graph-pr2000x2-s2,val,graph,graph-pr2000x2,0.1,167,161347,4186,1
graph,age+refaults,2,K+K+,graph-pr2000x2-s2,val,graph,graph-pr2000x2,0.1,167,161347,4186,1
graph,age+rdist,2,K+K+,graph-pr2000x2-s2,val,graph,graph-pr2000x2,0.1,167,161347,161179,1
graph,dirty+refaults,2,K+K+,graph-pr2000x2-s2,val,graph,graph-pr2000x2,0.1,167,161347,7567,1
graph,dirty+rdist,2,K+K+,graph-pr2000x2-s2,val,graph,graph-pr2000x2,0.1,167,161347,5455,1
graph,refaults+rdist,2,K+,graph-pr2000x2-s2,val,graph,graph-pr2000x2,0.1,167,161347,69988,1
graph,ref+aging+sfreq,3,K,graph-pr2000x2-s2,val,graph,graph-pr2000x2,0.1,167,161347,139843,1
graph,ref+aging+idle,3,K,graph-pr2000x2-s2,val,graph,graph-pr2000x2,0.1,167,55851,50266,0
graph,ref+aging+age,3,K,graph-pr2000x2-s2,val,graph,graph-pr2000x2,0.1,167,161347,159001,1
graph,ref+aging+dirty,3,K,graph-pr2000x2-s2,val,graph,graph-pr2000x2,0.1,167,161347,7540,1
graph,ref+aging+refaults,3,K+K+,graph-pr2000x2-s2,val,graph,graph-pr2000x2,0.1,167,69119,67337,0
graph,ref+aging+rdist,3,K+K+,graph-pr2000x2-s2,val,graph,graph-pr2000x2,0.1,167,161347,161179,1
graph,ref+sfreq+idle,3,K,graph-pr2000x2-s2,val,graph,graph-pr2000x2,0.1,167,50453,48515,0
graph,ref+sfreq+age,3,K,graph-pr2000x2-s2,val,graph,graph-pr2000x2,0.1,167,161347,161123,1
graph,ref+sfreq+dirty,3,K,graph-pr2000x2-s2,val,graph,graph-pr2000x2,0.1,167,161347,7467,1
graph,ref+sfreq+refaults,3,K+K+,graph-pr2000x2-s2,val,graph,graph-pr2000x2,0.1,167,161347,88831,1
graph,ref+sfreq+rdist,3,K+K+,graph-pr2000x2-s2,val,graph,graph-pr2000x2,0.1,167,161347,155899,1
graph,ref+idle+age,3,K,graph-pr2000x2-s2,val,graph,graph-pr2000x2,0.1,167,49041,45854,0
graph,ref+idle+dirty,3,K,graph-pr2000x2-s2,val,graph,graph-pr2000x2,0.1,167,161347,29548,1
graph,ref+idle+refaults,3,K+K+,graph-pr2000x2-s2,val,graph,graph-pr2000x2,0.1,167,46555,43758,0
graph,ref+idle+rdist,3,K+K+,graph-pr2000x2-s2,val,graph,graph-pr2000x2,0.1,167,57378,54214,0
graph,ref+age+dirty,3,K,graph-pr2000x2-s2,val,graph,graph-pr2000x2,0.1,167,161347,4883,1
graph,ref+age+refaults,3,K+K+,graph-pr2000x2-s2,val,graph,graph-pr2000x2,0.1,167,161347,72529,1
graph,ref+age+rdist,3,K+K+,graph-pr2000x2-s2,val,graph,graph-pr2000x2,0.1,167,161347,161179,1
graph,ref+dirty+refaults,3,K+K+,graph-pr2000x2-s2,val,graph,graph-pr2000x2,0.1,167,161347,17546,1
graph,ref+dirty+rdist,3,K+K+,graph-pr2000x2-s2,val,graph,graph-pr2000x2,0.1,167,161347,5983,1
graph,ref+refaults+rdist,3,K+K+,graph-pr2000x2-s2,val,graph,graph-pr2000x2,0.1,167,81231,75878,0
graph,aging+sfreq+idle,3,K,graph-pr2000x2-s2,val,graph,graph-pr2000x2,0.1,167,59156,47560,0
graph,aging+sfreq+age,3,K,graph-pr2000x2-s2,val,graph,graph-pr2000x2,0.1,167,161347,161076,1
graph,aging+sfreq+dirty,3,K,graph-pr2000x2-s2,val,graph,graph-pr2000x2,0.1,167,161347,5622,1
graph,aging+sfreq+refaults,3,K+K+,graph-pr2000x2-s2,val,graph,graph-pr2000x2,0.1,167,161347,104357,1
graph,aging+sfreq+rdist,3,K+K+,graph-pr2000x2-s2,val,graph,graph-pr2000x2,0.1,167,161347,160731,1
graph,aging+idle+age,3,K,graph-pr2000x2-s2,val,graph,graph-pr2000x2,0.1,167,62234,44245,0
graph,aging+idle+dirty,3,K,graph-pr2000x2-s2,val,graph,graph-pr2000x2,0.1,167,161347,21962,1
graph,aging+idle+refaults,3,K+K+,graph-pr2000x2-s2,val,graph,graph-pr2000x2,0.1,167,49410,43986,0
graph,aging+idle+rdist,3,K+K+,graph-pr2000x2-s2,val,graph,graph-pr2000x2,0.1,167,56455,53283,0
graph,aging+age+dirty,3,K,graph-pr2000x2-s2,val,graph,graph-pr2000x2,0.1,167,161347,5494,1
graph,aging+age+refaults,3,K+K+,graph-pr2000x2-s2,val,graph,graph-pr2000x2,0.1,167,161347,107717,1
graph,aging+age+rdist,3,K+K+,graph-pr2000x2-s2,val,graph,graph-pr2000x2,0.1,167,161347,161179,1
graph,aging+dirty+refaults,3,K+K+,graph-pr2000x2-s2,val,graph,graph-pr2000x2,0.1,167,161347,33023,1
graph,aging+dirty+rdist,3,K+K+,graph-pr2000x2-s2,val,graph,graph-pr2000x2,0.1,167,161347,8455,1
graph,aging+refaults+rdist,3,K+K+,graph-pr2000x2-s2,val,graph,graph-pr2000x2,0.1,167,80146,76534,0
graph,sfreq+idle+age,3,K,graph-pr2000x2-s2,val,graph,graph-pr2000x2,0.1,167,45899,44234,0
graph,sfreq+idle+dirty,3,K,graph-pr2000x2-s2,val,graph,graph-pr2000x2,0.1,167,94832,38531,0
graph,sfreq+idle+refaults,3,K+K+,graph-pr2000x2-s2,val,graph,graph-pr2000x2,0.1,167,161347,82941,1
graph,sfreq+idle+rdist,3,K+K+,graph-pr2000x2-s2,val,graph,graph-pr2000x2,0.1,167,59018,55856,0
graph,sfreq+age+dirty,3,K,graph-pr2000x2-s2,val,graph,graph-pr2000x2,0.1,167,161347,5409,1
graph,sfreq+age+refaults,3,K+K+,graph-pr2000x2-s2,val,graph,graph-pr2000x2,0.1,167,161347,80604,1
graph,sfreq+age+rdist,3,K+K+,graph-pr2000x2-s2,val,graph,graph-pr2000x2,0.1,167,161347,161179,1
graph,sfreq+dirty+refaults,3,K+K+,graph-pr2000x2-s2,val,graph,graph-pr2000x2,0.1,167,161347,29866,1
graph,sfreq+dirty+rdist,3,K+K+,graph-pr2000x2-s2,val,graph,graph-pr2000x2,0.1,167,161347,5455,1
graph,sfreq+refaults+rdist,3,K+K+,graph-pr2000x2-s2,val,graph,graph-pr2000x2,0.1,167,161347,80441,1
graph,idle+age+dirty,3,K,graph-pr2000x2-s2,val,graph,graph-pr2000x2,0.1,167,119185,37258,0
graph,idle+age+refaults,3,K+K+,graph-pr2000x2-s2,val,graph,graph-pr2000x2,0.1,167,161347,42700,1
graph,idle+age+rdist,3,K+K+,graph-pr2000x2-s2,val,graph,graph-pr2000x2,0.1,167,56986,53824,0
graph,idle+dirty+refaults,3,K+K+,graph-pr2000x2-s2,val,graph,graph-pr2000x2,0.1,167,121585,39957,0
graph,idle+dirty+rdist,3,K+K+,graph-pr2000x2-s2,val,graph,graph-pr2000x2,0.1,167,57621,38578,0
graph,idle+refaults+rdist,3,K+K+,graph-pr2000x2-s2,val,graph,graph-pr2000x2,0.1,167,47503,43308,0
graph,age+dirty+refaults,3,K+K+,graph-pr2000x2-s2,val,graph,graph-pr2000x2,0.1,167,161347,4186,1
graph,age+dirty+rdist,3,K+K+,graph-pr2000x2-s2,val,graph,graph-pr2000x2,0.1,167,161347,5605,1
graph,age+refaults+rdist,3,K+K+,graph-pr2000x2-s2,val,graph,graph-pr2000x2,0.1,167,161347,21016,1
graph,dirty+refaults+rdist,3,K+K+,graph-pr2000x2-s2,val,graph,graph-pr2000x2,0.1,167,161347,9281,1
graph,ref+aging+sfreq+idle,4,K,graph-pr2000x2-s2,val,graph,graph-pr2000x2,0.1,167,60487,47429,0
graph,ref+aging+sfreq+age,4,K,graph-pr2000x2-s2,val,graph,graph-pr2000x2,0.1,167,161347,161123,1
graph,ref+aging+sfreq+dirty,4,K,graph-pr2000x2-s2,val,graph,graph-pr2000x2,0.1,167,161347,5462,1
graph,ref+aging+sfreq+refaults,4,K+K+,graph-pr2000x2-s2,val,graph,graph-pr2000x2,0.1,167,161347,102117,1
graph,ref+aging+sfreq+rdist,4,K+K+,graph-pr2000x2-s2,val,graph,graph-pr2000x2,0.1,167,161347,160893,1
graph,ref+aging+idle+age,4,K,graph-pr2000x2-s2,val,graph,graph-pr2000x2,0.1,167,62629,44048,0
graph,ref+aging+idle+dirty,4,K,graph-pr2000x2-s2,val,graph,graph-pr2000x2,0.1,167,161347,20915,1
graph,ref+aging+idle+refaults,4,K+K+,graph-pr2000x2-s2,val,graph,graph-pr2000x2,0.1,167,49919,43637,0
graph,ref+aging+idle+rdist,4,K+K+,graph-pr2000x2-s2,val,graph,graph-pr2000x2,0.1,167,56311,53141,0
graph,ref+aging+age+dirty,4,K,graph-pr2000x2-s2,val,graph,graph-pr2000x2,0.1,167,161347,5145,1
graph,ref+aging+age+refaults,4,K+K+,graph-pr2000x2-s2,val,graph,graph-pr2000x2,0.1,167,161347,102709,1
graph,ref+aging+age+rdist,4,K+K+,graph-pr2000x2-s2,val,graph,graph-pr2000x2,0.1,167,161347,161179,1
graph,ref+aging+dirty+refaults,4,K+K+,graph-pr2000x2-s2,val,graph,graph-pr2000x2,0.1,167,161347,33816,1
graph,ref+aging+dirty+rdist,4,K+K+,graph-pr2000x2-s2,val,graph,graph-pr2000x2,0.1,167,161347,8574,1
graph,ref+aging+refaults+rdist,4,K+K+,graph-pr2000x2-s2,val,graph,graph-pr2000x2,0.1,167,79610,76303,0
graph,ref+sfreq+idle+age,4,K,graph-pr2000x2-s2,val,graph,graph-pr2000x2,0.1,167,47437,44580,0
graph,ref+sfreq+idle+dirty,4,K,graph-pr2000x2-s2,val,graph,graph-pr2000x2,0.1,167,161347,29741,1
graph,ref+sfreq+idle+refaults,4,K+K+,graph-pr2000x2-s2,val,graph,graph-pr2000x2,0.1,167,161347,82851,1
graph,ref+sfreq+idle+rdist,4,K+K+,graph-pr2000x2-s2,val,graph,graph-pr2000x2,0.1,167,57591,54427,0
graph,ref+sfreq+age+dirty,4,K,graph-pr2000x2-s2,val,graph,graph-pr2000x2,0.1,167,161347,5445,1
graph,ref+sfreq+age+refaults,4,K+K+,graph-pr2000x2-s2,val,graph,graph-pr2000x2,0.1,167,161347,100351,1
graph,ref+sfreq+age+rdist,4,K+K+,graph-pr2000x2-s2,val,graph,graph-pr2000x2,0.1,167,161347,161179,1
graph,ref+sfreq+dirty+refaults,4,K+K+,graph-pr2000x2-s2,val,graph,graph-pr2000x2,0.1,167,161347,55887,1
graph,ref+sfreq+dirty+rdist,4,K+K+,graph-pr2000x2-s2,val,graph,graph-pr2000x2,0.1,167,161347,7387,1
graph,ref+sfreq+refaults+rdist,4,K+K+,graph-pr2000x2-s2,val,graph,graph-pr2000x2,0.1,167,161347,106278,1
graph,ref+idle+age+dirty,4,K,graph-pr2000x2-s2,val,graph,graph-pr2000x2,0.1,167,161347,24137,1
graph,ref+idle+age+refaults,4,K+K+,graph-pr2000x2-s2,val,graph,graph-pr2000x2,0.1,167,161347,41892,1
graph,ref+idle+age+rdist,4,K+K+,graph-pr2000x2-s2,val,graph,graph-pr2000x2,0.1,167,55634,52469,0
graph,ref+idle+dirty+refaults,4,K+K+,graph-pr2000x2-s2,val,graph,graph-pr2000x2,0.1,167,121787,39765,0
graph,ref+idle+dirty+rdist,4,K+K+,graph-pr2000x2-s2,val,graph,graph-pr2000x2,0.1,167,118242,37678,0
graph,ref+idle+refaults+rdist,4,K+K+,graph-pr2000x2-s2,val,graph,graph-pr2000x2,0.1,167,47390,43426,0
graph,ref+age+dirty+refaults,4,K+K+,graph-pr2000x2-s2,val,graph,graph-pr2000x2,0.1,167,161347,36397,1
graph,ref+age+dirty+rdist,4,K+K+,graph-pr2000x2-s2,val,graph,graph-pr2000x2,0.1,167,161347,9132,1
graph,ref+age+refaults+rdist,4,K+K+,graph-pr2000x2-s2,val,graph,graph-pr2000x2,0.1,167,161347,71392,1
graph,ref+dirty+refaults+rdist,4,K+K+,graph-pr2000x2-s2,val,graph,graph-pr2000x2,0.1,167,150225,53152,0
graph,aging+sfreq+idle+age,4,K,graph-pr2000x2-s2,val,graph,graph-pr2000x2,0.1,167,54561,44407,0
graph,aging+sfreq+idle+dirty,4,K,graph-pr2000x2-s2,val,graph,graph-pr2000x2,0.1,167,161347,22046,1
graph,aging+sfreq+idle+refaults,4,K+K+,graph-pr2000x2-s2,val,graph,graph-pr2000x2,0.1,167,161347,84554,1
graph,aging+sfreq+idle+rdist,4,K+K+,graph-pr2000x2-s2,val,graph,graph-pr2000x2,0.1,167,56778,53608,0
graph,aging+sfreq+age+dirty,4,K,graph-pr2000x2-s2,val,graph,graph-pr2000x2,0.1,167,161347,5354,1
graph,aging+sfreq+age+refaults,4,K+K+,graph-pr2000x2-s2,val,graph,graph-pr2000x2,0.1,167,161347,108116,1
graph,aging+sfreq+age+rdist,4,K+K+,graph-pr2000x2-s2,val,graph,graph-pr2000x2,0.1,167,161347,161179,1
graph,aging+sfreq+dirty+refaults,4,K+K+,graph-pr2000x2-s2,val,graph,graph-pr2000x2,0.1,167,161347,40435,1
graph,aging+sfreq+dirty+rdist,4,K+K+,graph-pr2000x2-s2,val,graph,graph-pr2000x2,0.1,167,161347,11798,1
graph,aging+sfreq+refaults+rdist,4,K+K+,graph-pr2000x2-s2,val,graph,graph-pr2000x2,0.1,167,161347,106766,1
graph,aging+idle+age+dirty,4,K,graph-pr2000x2-s2,val,graph,graph-pr2000x2,0.1,167,161347,17590,1
graph,aging+idle+age+refaults,4,K+K+,graph-pr2000x2-s2,val,graph,graph-pr2000x2,0.1,167,161347,40160,1
graph,aging+idle+age+rdist,4,K+K+,graph-pr2000x2-s2,val,graph,graph-pr2000x2,0.1,167,55437,52241,0
graph,aging+idle+dirty+refaults,4,K+K+,graph-pr2000x2-s2,val,graph,graph-pr2000x2,0.1,167,137260,39435,0
graph,aging+idle+dirty+rdist,4,K+K+,graph-pr2000x2-s2,val,graph,graph-pr2000x2,0.1,167,161347,34450,1
graph,aging+idle+refaults+rdist,4,K+K+,graph-pr2000x2-s2,val,graph,graph-pr2000x2,0.1,167,47405,43655,0
graph,aging+age+dirty+refaults,4,K+K+,graph-pr2000x2-s2,val,graph,graph-pr2000x2,0.1,167,161347,22081,1
graph,aging+age+dirty+rdist,4,K+K+,graph-pr2000x2-s2,val,graph,graph-pr2000x2,0.1,167,161347,27771,1
graph,aging+age+refaults+rdist,4,K+K+,graph-pr2000x2-s2,val,graph,graph-pr2000x2,0.1,167,161347,137895,1
graph,aging+dirty+refaults+rdist,4,K+K+,graph-pr2000x2-s2,val,graph,graph-pr2000x2,0.1,167,114936,66545,0
graph,sfreq+idle+age+dirty,4,K,graph-pr2000x2-s2,val,graph,graph-pr2000x2,0.1,167,161347,36929,1
graph,sfreq+idle+age+refaults,4,K+K+,graph-pr2000x2-s2,val,graph,graph-pr2000x2,0.1,167,161347,50830,1
graph,sfreq+idle+age+rdist,4,K+K+,graph-pr2000x2-s2,val,graph,graph-pr2000x2,0.1,167,51437,48273,0
graph,sfreq+idle+dirty+refaults,4,K+K+,graph-pr2000x2-s2,val,graph,graph-pr2000x2,0.1,167,161347,36665,1
graph,sfreq+idle+dirty+rdist,4,K+K+,graph-pr2000x2-s2,val,graph,graph-pr2000x2,0.1,167,49871,39767,0
graph,sfreq+idle+refaults+rdist,4,K+K+,graph-pr2000x2-s2,val,graph,graph-pr2000x2,0.1,167,161347,78480,1
graph,sfreq+age+dirty+refaults,4,K+K+,graph-pr2000x2-s2,val,graph,graph-pr2000x2,0.1,167,161347,38671,1
graph,sfreq+age+dirty+rdist,4,K+K+,graph-pr2000x2-s2,val,graph,graph-pr2000x2,0.1,167,161347,6275,1
graph,sfreq+age+refaults+rdist,4,K+K+,graph-pr2000x2-s2,val,graph,graph-pr2000x2,0.1,167,161347,102124,1
graph,sfreq+dirty+refaults+rdist,4,K+K+,graph-pr2000x2-s2,val,graph,graph-pr2000x2,0.1,167,161347,39802,1
graph,idle+age+dirty+refaults,4,K+K+,graph-pr2000x2-s2,val,graph,graph-pr2000x2,0.1,167,161347,25252,1
graph,idle+age+dirty+rdist,4,K+K+,graph-pr2000x2-s2,val,graph,graph-pr2000x2,0.1,167,54205,39265,0
graph,idle+age+refaults+rdist,4,K+K+,graph-pr2000x2-s2,val,graph,graph-pr2000x2,0.1,167,133527,42587,0
graph,idle+dirty+refaults+rdist,4,K+K+,graph-pr2000x2-s2,val,graph,graph-pr2000x2,0.1,167,81646,40573,0
graph,age+dirty+refaults+rdist,4,K+K+,graph-pr2000x2-s2,val,graph,graph-pr2000x2,0.1,167,161347,4186,1
graph,ref+aging+sfreq+idle+age,5,K,graph-pr2000x2-s2,val,graph,graph-pr2000x2,0.1,167,54301,44398,0
graph,ref+aging+sfreq+idle+dirty,5,K,graph-pr2000x2-s2,val,graph,graph-pr2000x2,0.1,167,161347,20991,1
graph,ref+aging+sfreq+idle+refaults,5,K+K+,graph-pr2000x2-s2,val,graph,graph-pr2000x2,0.1,167,161347,88866,1
graph,ref+aging+sfreq+idle+rdist,5,K+K+,graph-pr2000x2-s2,val,graph,graph-pr2000x2,0.1,167,56477,53307,0
graph,ref+aging+sfreq+age+dirty,5,K,graph-pr2000x2-s2,val,graph,graph-pr2000x2,0.1,167,161347,5357,1
graph,ref+aging+sfreq+age+refaults,5,K+K+,graph-pr2000x2-s2,val,graph,graph-pr2000x2,0.1,167,161347,108213,1
graph,ref+aging+sfreq+age+rdist,5,K+K+,graph-pr2000x2-s2,val,graph,graph-pr2000x2,0.1,167,161347,161179,1
graph,ref+aging+sfreq+dirty+refaults,5,K+K+,graph-pr2000x2-s2,val,graph,graph-pr2000x2,0.1,167,161347,37221,1
graph,ref+aging+sfreq+dirty+rdist,5,K+K+,graph-pr2000x2-s2,val,graph,graph-pr2000x2,0.1,167,161347,12865,1
graph,ref+aging+sfreq+refaults+rdist,5,K+K+,graph-pr2000x2-s2,val,graph,graph-pr2000x2,0.1,167,161347,107236,1
graph,ref+aging+idle+age+dirty,5,K,graph-pr2000x2-s2,val,graph,graph-pr2000x2,0.1,167,161347,16701,1
graph,ref+aging+idle+age+refaults,5,K+K+,graph-pr2000x2-s2,val,graph,graph-pr2000x2,0.1,167,161347,45595,1
graph,ref+aging+idle+age+rdist,5,K+K+,graph-pr2000x2-s2,val,graph,graph-pr2000x2,0.1,167,55198,52003,0
graph,ref+aging+idle+dirty+refaults,5,K+K+,graph-pr2000x2-s2,val,graph,graph-pr2000x2,0.1,167,146087,39308,0
graph,ref+aging+idle+dirty+rdist,5,K+K+,graph-pr2000x2-s2,val,graph,graph-pr2000x2,0.1,167,161347,33291,1
graph,ref+aging+idle+refaults+rdist,5,K+K+,graph-pr2000x2-s2,val,graph,graph-pr2000x2,0.1,167,47404,43545,0
graph,ref+aging+age+dirty+refaults,5,K+K+,graph-pr2000x2-s2,val,graph,graph-pr2000x2,0.1,167,161347,33923,1
graph,ref+aging+age+dirty+rdist,5,K+K+,graph-pr2000x2-s2,val,graph,graph-pr2000x2,0.1,167,161347,30005,1
graph,ref+aging+age+refaults+rdist,5,K+K+,graph-pr2000x2-s2,val,graph,graph-pr2000x2,0.1,167,161347,143155,1
graph,ref+aging+dirty+refaults+rdist,5,K+K+,graph-pr2000x2-s2,val,graph,graph-pr2000x2,0.1,167,111269,66408,0
graph,ref+sfreq+idle+age+dirty,5,K,graph-pr2000x2-s2,val,graph,graph-pr2000x2,0.1,167,161347,20098,1
graph,ref+sfreq+idle+age+refaults,5,K+K+,graph-pr2000x2-s2,val,graph,graph-pr2000x2,0.1,167,161347,50944,1
graph,ref+sfreq+idle+age+rdist,5,K+K+,graph-pr2000x2-s2,val,graph,graph-pr2000x2,0.1,167,51235,48068,0
graph,ref+sfreq+idle+dirty+refaults,5,K+K+,graph-pr2000x2-s2,val,graph,graph-pr2000x2,0.1,167,161347,38336,1
graph,ref+sfreq+idle+dirty+rdist,5,K+K+,graph-pr2000x2-s2,val,graph,graph-pr2000x2,0.1,167,83104,39353,0
graph,ref+sfreq+idle+refaults+rdist,5,K+K+,graph-pr2000x2-s2,val,graph,graph-pr2000x2,0.1,167,161347,87355,1
graph,ref+sfreq+age+dirty+refaults,5,K+K+,graph-pr2000x2-s2,val,graph,graph-pr2000x2,0.1,167,161347,48917,1
graph,ref+sfreq+age+dirty+rdist,5,K+K+,graph-pr2000x2-s2,val,graph,graph-pr2000x2,0.1,167,161347,10589,1
graph,ref+sfreq+age+refaults+rdist,5,K+K+,graph-pr2000x2-s2,val,graph,graph-pr2000x2,0.1,167,161347,117081,1
graph,ref+sfreq+dirty+refaults+rdist,5,K+K+,graph-pr2000x2-s2,val,graph,graph-pr2000x2,0.1,167,161347,68920,1
graph,ref+idle+age+dirty+refaults,5,K+K+,graph-pr2000x2-s2,val,graph,graph-pr2000x2,0.1,167,161347,25351,1
graph,ref+idle+age+dirty+rdist,5,K+K+,graph-pr2000x2-s2,val,graph,graph-pr2000x2,0.1,167,109645,38105,0
graph,ref+idle+age+refaults+rdist,5,K+K+,graph-pr2000x2-s2,val,graph,graph-pr2000x2,0.1,167,150820,42578,0
graph,ref+idle+dirty+refaults+rdist,5,K+K+,graph-pr2000x2-s2,val,graph,graph-pr2000x2,0.1,167,78999,40344,0
graph,ref+age+dirty+refaults+rdist,5,K+K+,graph-pr2000x2-s2,val,graph,graph-pr2000x2,0.1,167,161347,53437,1
graph,aging+sfreq+idle+age+dirty,5,K,graph-pr2000x2-s2,val,graph,graph-pr2000x2,0.1,167,161347,16313,1
graph,aging+sfreq+idle+age+refaults,5,K+K+,graph-pr2000x2-s2,val,graph,graph-pr2000x2,0.1,167,161347,62003,1
graph,aging+sfreq+idle+age+rdist,5,K+K+,graph-pr2000x2-s2,val,graph,graph-pr2000x2,0.1,167,51737,48560,0
graph,aging+sfreq+idle+dirty+refaults,5,K+K+,graph-pr2000x2-s2,val,graph,graph-pr2000x2,0.1,167,161347,39422,1
graph,aging+sfreq+idle+dirty+rdist,5,K+K+,graph-pr2000x2-s2,val,graph,graph-pr2000x2,0.1,167,125328,38575,0
graph,aging+sfreq+idle+refaults+rdist,5,K+K+,graph-pr2000x2-s2,val,graph,graph-pr2000x2,0.1,167,161347,105317,1
graph,aging+sfreq+age+dirty+refaults,5,K+K+,graph-pr2000x2-s2,val,graph,graph-pr2000x2,0.1,167,161347,44814,1
graph,aging+sfreq+age+dirty+rdist,5,K+K+,graph-pr2000x2-s2,val,graph,graph-pr2000x2,0.1,167,161347,32641,1
graph,aging+sfreq+age+refaults+rdist,5,K+K+,graph-pr2000x2-s2,val,graph,graph-pr2000x2,0.1,167,161347,106350,1
graph,aging+sfreq+dirty+refaults+rdist,5,K+K+,graph-pr2000x2-s2,val,graph,graph-pr2000x2,0.1,167,161347,51178,1
graph,aging+idle+age+dirty+refaults,5,K+K+,graph-pr2000x2-s2,val,graph,graph-pr2000x2,0.1,167,161347,30161,1
graph,aging+idle+age+dirty+rdist,5,K+K+,graph-pr2000x2-s2,val,graph,graph-pr2000x2,0.1,167,161042,36988,0
graph,aging+idle+age+refaults+rdist,5,K+K+,graph-pr2000x2-s2,val,graph,graph-pr2000x2,0.1,167,153171,51323,0
graph,aging+idle+dirty+refaults+rdist,5,K+K+,graph-pr2000x2-s2,val,graph,graph-pr2000x2,0.1,167,75434,40532,0
graph,aging+age+dirty+refaults+rdist,5,K+K+,graph-pr2000x2-s2,val,graph,graph-pr2000x2,0.1,167,161347,86827,1
graph,sfreq+idle+age+dirty+refaults,5,K+K+,graph-pr2000x2-s2,val,graph,graph-pr2000x2,0.1,167,161347,33526,1
graph,sfreq+idle+age+dirty+rdist,5,K+K+,graph-pr2000x2-s2,val,graph,graph-pr2000x2,0.1,167,61162,40720,0
graph,sfreq+idle+age+refaults+rdist,5,K+K+,graph-pr2000x2-s2,val,graph,graph-pr2000x2,0.1,167,161347,49035,1
graph,sfreq+idle+dirty+refaults+rdist,5,K+K+,graph-pr2000x2-s2,val,graph,graph-pr2000x2,0.1,167,161347,57895,1
graph,sfreq+age+dirty+refaults+rdist,5,K+K+,graph-pr2000x2-s2,val,graph,graph-pr2000x2,0.1,167,161347,62100,1
graph,idle+age+dirty+refaults+rdist,5,K+K+,graph-pr2000x2-s2,val,graph,graph-pr2000x2,0.1,167,161347,29631,1
graph,ref+aging+sfreq+idle+age+dirty,6,K,graph-pr2000x2-s2,val,graph,graph-pr2000x2,0.1,167,161347,16838,1
graph,ref+aging+sfreq+idle+age+refaults,6,K+K+,graph-pr2000x2-s2,val,graph,graph-pr2000x2,0.1,167,161347,63225,1
graph,ref+aging+sfreq+idle+age+rdist,6,K+K+,graph-pr2000x2-s2,val,graph,graph-pr2000x2,0.1,167,51479,48299,0
graph,ref+aging+sfreq+idle+dirty+refaults,6,K+K+,graph-pr2000x2-s2,val,graph,graph-pr2000x2,0.1,167,161347,24508,1
graph,ref+aging+sfreq+idle+dirty+rdist,6,K+K+,graph-pr2000x2-s2,val,graph,graph-pr2000x2,0.1,167,131418,38426,0
graph,ref+aging+sfreq+idle+refaults+rdist,6,K+K+,graph-pr2000x2-s2,val,graph,graph-pr2000x2,0.1,167,161347,107074,1
graph,ref+aging+sfreq+age+dirty+refaults,6,K+K+,graph-pr2000x2-s2,val,graph,graph-pr2000x2,0.1,167,161347,38351,1
graph,ref+aging+sfreq+age+dirty+rdist,6,K+K+,graph-pr2000x2-s2,val,graph,graph-pr2000x2,0.1,167,161347,36284,1
graph,ref+aging+sfreq+age+refaults+rdist,6,K+K+,graph-pr2000x2-s2,val,graph,graph-pr2000x2,0.1,167,161347,104140,1
graph,ref+aging+sfreq+dirty+refaults+rdist,6,K+K+,graph-pr2000x2-s2,val,graph,graph-pr2000x2,0.1,167,161347,42773,1
graph,ref+aging+idle+age+dirty+refaults,6,K+K+,graph-pr2000x2-s2,val,graph,graph-pr2000x2,0.1,167,161347,30259,1
graph,ref+aging+idle+age+dirty+rdist,6,K+K+,graph-pr2000x2-s2,val,graph,graph-pr2000x2,0.1,167,161347,35344,1
graph,ref+aging+idle+age+refaults+rdist,6,K+K+,graph-pr2000x2-s2,val,graph,graph-pr2000x2,0.1,167,139019,51816,0
graph,ref+aging+idle+dirty+refaults+rdist,6,K+K+,graph-pr2000x2-s2,val,graph,graph-pr2000x2,0.1,167,76588,40566,0
graph,ref+aging+age+dirty+refaults+rdist,6,K+K+,graph-pr2000x2-s2,val,graph,graph-pr2000x2,0.1,167,161347,94611,1
graph,ref+sfreq+idle+age+dirty+refaults,6,K+K+,graph-pr2000x2-s2,val,graph,graph-pr2000x2,0.1,167,161347,19609,1
graph,ref+sfreq+idle+age+dirty+rdist,6,K+K+,graph-pr2000x2-s2,val,graph,graph-pr2000x2,0.1,167,122581,39141,0
graph,ref+sfreq+idle+age+refaults+rdist,6,K+K+,graph-pr2000x2-s2,val,graph,graph-pr2000x2,0.1,167,161347,52824,1
graph,ref+sfreq+idle+dirty+refaults+rdist,6,K+K+,graph-pr2000x2-s2,val,graph,graph-pr2000x2,0.1,167,161347,66105,1
graph,ref+sfreq+age+dirty+refaults+rdist,6,K+K+,graph-pr2000x2-s2,val,graph,graph-pr2000x2,0.1,167,161347,68551,1
graph,ref+idle+age+dirty+refaults+rdist,6,K+K+,graph-pr2000x2-s2,val,graph,graph-pr2000x2,0.1,167,161347,31659,1
graph,aging+sfreq+idle+age+dirty+refaults,6,K+K+,graph-pr2000x2-s2,val,graph,graph-pr2000x2,0.1,167,161347,30757,1
graph,aging+sfreq+idle+age+dirty+rdist,6,K+K+,graph-pr2000x2-s2,val,graph,graph-pr2000x2,0.1,167,156645,38466,0
graph,aging+sfreq+idle+age+refaults+rdist,6,K+K+,graph-pr2000x2-s2,val,graph,graph-pr2000x2,0.1,167,161347,61735,1
graph,aging+sfreq+idle+dirty+refaults+rdist,6,K+K+,graph-pr2000x2-s2,val,graph,graph-pr2000x2,0.1,167,161347,77283,1
graph,aging+sfreq+age+dirty+refaults+rdist,6,K+K+,graph-pr2000x2-s2,val,graph,graph-pr2000x2,0.1,167,161347,62142,1
graph,aging+idle+age+dirty+refaults+rdist,6,K+K+,graph-pr2000x2-s2,val,graph,graph-pr2000x2,0.1,167,161347,39527,1
graph,sfreq+idle+age+dirty+refaults+rdist,6,K+K+,graph-pr2000x2-s2,val,graph,graph-pr2000x2,0.1,167,161347,37636,1
graph,ref+aging+sfreq+idle+age+dirty+refaults,7,K+K+,graph-pr2000x2-s2,val,graph,graph-pr2000x2,0.1,167,161347,41005,1
graph,ref+aging+sfreq+idle+age+dirty+rdist,7,K+K+,graph-pr2000x2-s2,val,graph,graph-pr2000x2,0.1,167,150676,38472,0
graph,ref+aging+sfreq+idle+age+refaults+rdist,7,K+K+,graph-pr2000x2-s2,val,graph,graph-pr2000x2,0.1,167,161347,63153,1
graph,ref+aging+sfreq+idle+dirty+refaults+rdist,7,K+K+,graph-pr2000x2-s2,val,graph,graph-pr2000x2,0.1,167,161347,79096,1
graph,ref+aging+sfreq+age+dirty+refaults+rdist,7,K+K+,graph-pr2000x2-s2,val,graph,graph-pr2000x2,0.1,167,161347,39949,1
graph,ref+aging+idle+age+dirty+refaults+rdist,7,K+K+,graph-pr2000x2-s2,val,graph,graph-pr2000x2,0.1,167,161347,36402,1
graph,ref+sfreq+idle+age+dirty+refaults+rdist,7,K+K+,graph-pr2000x2-s2,val,graph,graph-pr2000x2,0.1,167,161347,44517,1
graph,aging+sfreq+idle+age+dirty+refaults+rdist,7,K+K+,graph-pr2000x2-s2,val,graph,graph-pr2000x2,0.1,167,161347,48536,1
graph,ref+aging+sfreq+idle+age+dirty+refaults+rdist,8,K+K+,graph-pr2000x2-s2,val,graph,graph-pr2000x2,0.1,167,161347,50386,1
graph,rec+ref+aging+sfreq+idle+age+dirty,7,F+K,graph-pr2000x2-s2,val,graph,graph-pr2000x2,0.1,167,41342,39677,0
graph,rec+ref+aging+sfreq+idle+age+dirty+refaults+rdist,9,F+K+K+,graph-pr2000x2-s2,val,graph,graph-pr2000x2,0.1,167,50082,46735,0
graph,freq+ref+aging+sfreq+idle+age+dirty,7,F+K,graph-pr2000x2-s2,val,graph,graph-pr2000x2,0.1,167,161347,6909,1
graph,freq+ref+aging+sfreq+idle+age+dirty+refaults+rdist,9,F+K+K+,graph-pr2000x2-s2,val,graph,graph-pr2000x2,0.1,167,161347,73363,1
graph,sd+ref+aging+sfreq+idle+age+dirty,7,F+K,graph-pr2000x2-s2,val,graph,graph-pr2000x2,0.1,167,40445,38739,0
graph,sd+ref+aging+sfreq+idle+age+dirty+refaults+rdist,9,F+K+K+,graph-pr2000x2-s2,val,graph,graph-pr2000x2,0.1,167,161347,114147,1
graph,wr+ref+aging+sfreq+idle+age+dirty,7,F+K,graph-pr2000x2-s2,val,graph,graph-pr2000x2,0.1,167,161347,6157,1
graph,wr+ref+aging+sfreq+idle+age+dirty+refaults+rdist,9,F+K+K+,graph-pr2000x2-s2,val,graph,graph-pr2000x2,0.1,167,161347,14145,1
graph,rec+freq+ref+aging+sfreq+idle+age+dirty,8,F+K,graph-pr2000x2-s2,val,graph,graph-pr2000x2,0.1,167,42398,37859,0
graph,rec+freq+ref+aging+sfreq+idle+age+dirty+refaults+rdist,10,F+K+K+,graph-pr2000x2-s2,val,graph,graph-pr2000x2,0.1,167,41980,39700,0
graph,rec+sd+ref+aging+sfreq+idle+age+dirty,8,F+K,graph-pr2000x2-s2,val,graph,graph-pr2000x2,0.1,167,42597,40931,0
graph,rec+sd+ref+aging+sfreq+idle+age+dirty+refaults+rdist,10,F+K+K+,graph-pr2000x2-s2,val,graph,graph-pr2000x2,0.1,167,44104,39675,0
graph,rec+wr+ref+aging+sfreq+idle+age+dirty,8,F+K,graph-pr2000x2-s2,val,graph,graph-pr2000x2,0.1,167,161347,13585,1
graph,rec+wr+ref+aging+sfreq+idle+age+dirty+refaults+rdist,10,F+K+K+,graph-pr2000x2-s2,val,graph,graph-pr2000x2,0.1,167,99941,87446,0
graph,freq+sd+ref+aging+sfreq+idle+age+dirty,8,F+K,graph-pr2000x2-s2,val,graph,graph-pr2000x2,0.1,167,161347,58112,1
graph,freq+sd+ref+aging+sfreq+idle+age+dirty+refaults+rdist,10,F+K+K+,graph-pr2000x2-s2,val,graph,graph-pr2000x2,0.1,167,161347,118185,1
graph,freq+wr+ref+aging+sfreq+idle+age+dirty,8,F+K,graph-pr2000x2-s2,val,graph,graph-pr2000x2,0.1,167,161347,5240,1
graph,freq+wr+ref+aging+sfreq+idle+age+dirty+refaults+rdist,10,F+K+K+,graph-pr2000x2-s2,val,graph,graph-pr2000x2,0.1,167,161347,21141,1
graph,sd+wr+ref+aging+sfreq+idle+age+dirty,8,F+K,graph-pr2000x2-s2,val,graph,graph-pr2000x2,0.1,167,161347,7776,1
graph,sd+wr+ref+aging+sfreq+idle+age+dirty+refaults+rdist,10,F+K+K+,graph-pr2000x2-s2,val,graph,graph-pr2000x2,0.1,167,161347,37652,1
graph,rec+freq+sd+ref+aging+sfreq+idle+age+dirty,9,F+K,graph-pr2000x2-s2,val,graph,graph-pr2000x2,0.1,167,126661,36484,0
graph,rec+freq+sd+ref+aging+sfreq+idle+age+dirty+refaults+rdist,11,F+K+K+,graph-pr2000x2-s2,val,graph,graph-pr2000x2,0.1,167,42613,38721,0
graph,rec+freq+wr+ref+aging+sfreq+idle+age+dirty,9,F+K,graph-pr2000x2-s2,val,graph,graph-pr2000x2,0.1,167,161347,8061,1
graph,rec+freq+wr+ref+aging+sfreq+idle+age+dirty+refaults+rdist,11,F+K+K+,graph-pr2000x2-s2,val,graph,graph-pr2000x2,0.1,167,54000,46842,0
graph,rec+sd+wr+ref+aging+sfreq+idle+age+dirty,9,F+K,graph-pr2000x2-s2,val,graph,graph-pr2000x2,0.1,167,161347,6068,1
graph,rec+sd+wr+ref+aging+sfreq+idle+age+dirty+refaults+rdist,11,F+K+K+,graph-pr2000x2-s2,val,graph,graph-pr2000x2,0.1,167,132066,36235,0
graph,freq+sd+wr+ref+aging+sfreq+idle+age+dirty,9,F+K,graph-pr2000x2-s2,val,graph,graph-pr2000x2,0.1,167,161347,5131,1
graph,freq+sd+wr+ref+aging+sfreq+idle+age+dirty+refaults+rdist,11,F+K+K+,graph-pr2000x2-s2,val,graph,graph-pr2000x2,0.1,167,161347,84163,1
graph,rec+freq+sd+wr+ref+aging+sfreq+idle+age+dirty,10,F+K,graph-pr2000x2-s2,val,graph,graph-pr2000x2,0.1,167,161347,5464,1
graph,rec+freq+sd+wr+ref+aging+sfreq+idle+age+dirty+refaults+rdist,12,F+K+K+,graph-pr2000x2-s2,val,graph,graph-pr2000x2,0.1,167,161347,11741,1
global,rec,1,F,graph-pr2000x2-s2,val,graph,graph-pr2000x2,0.1,167,52580,50915,0
global,freq,1,F,graph-pr2000x2-s2,val,graph,graph-pr2000x2,0.1,167,161347,4188,1
global,sd,1,F,graph-pr2000x2-s2,val,graph,graph-pr2000x2,0.1,167,52580,50915,0
global,wr,1,F,graph-pr2000x2-s2,val,graph,graph-pr2000x2,0.1,167,161347,161179,1
global,rec+freq,2,F,graph-pr2000x2-s2,val,graph,graph-pr2000x2,0.1,167,49370,47705,0
global,rec+sd,2,F,graph-pr2000x2-s2,val,graph,graph-pr2000x2,0.1,167,52585,50921,0
global,rec+wr,2,F,graph-pr2000x2-s2,val,graph,graph-pr2000x2,0.1,167,52687,51022,0
global,freq+sd,2,F,graph-pr2000x2-s2,val,graph,graph-pr2000x2,0.1,167,72592,70927,0
global,freq+wr,2,F,graph-pr2000x2-s2,val,graph,graph-pr2000x2,0.1,167,161347,62273,1
global,sd+wr,2,F,graph-pr2000x2-s2,val,graph,graph-pr2000x2,0.1,167,72231,70568,0
global,rec+freq+sd,3,F,graph-pr2000x2-s2,val,graph,graph-pr2000x2,0.1,167,48163,46499,0
global,rec+freq+wr,3,F,graph-pr2000x2-s2,val,graph,graph-pr2000x2,0.1,167,48347,46682,0
global,rec+sd+wr,3,F,graph-pr2000x2-s2,val,graph,graph-pr2000x2,0.1,167,53356,51691,0
global,freq+sd+wr,3,F,graph-pr2000x2-s2,val,graph,graph-pr2000x2,0.1,167,72930,71265,0
global,rec+freq+sd+wr,4,F,graph-pr2000x2-s2,val,graph,graph-pr2000x2,0.1,167,48182,46518,0
global,ref,1,K,graph-pr2000x2-s2,val,graph,graph-pr2000x2,0.1,167,100775,98777,0
global,aging,1,K,graph-pr2000x2-s2,val,graph,graph-pr2000x2,0.1,167,90488,88826,0
global,sfreq,1,K,graph-pr2000x2-s2,val,graph,graph-pr2000x2,0.1,167,161347,15911,1
global,idle,1,K,graph-pr2000x2-s2,val,graph,graph-pr2000x2,0.1,167,52568,50903,0
global,age,1,K,graph-pr2000x2-s2,val,graph,graph-pr2000x2,0.1,167,100534,98536,0
global,dirty,1,K,graph-pr2000x2-s2,val,graph,graph-pr2000x2,0.1,167,161347,161179,1
global,refaults,1,K+,graph-pr2000x2-s2,val,graph,graph-pr2000x2,0.1,167,161347,63728,1
global,rdist,1,K+,graph-pr2000x2-s2,val,graph,graph-pr2000x2,0.1,167,161347,161179,1
global,ref+aging,2,K,graph-pr2000x2-s2,val,graph,graph-pr2000x2,0.1,167,90488,88826,0
global,ref+sfreq,2,K,graph-pr2000x2-s2,val,graph,graph-pr2000x2,0.1,167,161347,161047,1
global,ref+idle,2,K,graph-pr2000x2-s2,val,graph,graph-pr2000x2,0.1,167,52568,50903,0
global,ref+age,2,K,graph-pr2000x2-s2,val,graph,graph-pr2000x2,0.1,167,100775,98777,0
global,ref+dirty,2,K,graph-pr2000x2-s2,val,graph,graph-pr2000x2,0.1,167,161347,161179,1
global,ref+refaults,2,K+K+,graph-pr2000x2-s2,val,graph,graph-pr2000x2,0.1,167,70355,64597,0
global,ref+rdist,2,K+K+,graph-pr2000x2-s2,val,graph,graph-pr2000x2,0.1,167,161347,161179,1
global,aging+sfreq,2,K,graph-pr2000x2-s2,val,graph,graph-pr2000x2,0.1,167,161347,160102,1
global,aging+idle,2,K,graph-pr2000x2-s2,val,graph,graph-pr2000x2,0.1,167,52592,50927,0
global,aging+age,2,K,graph-pr2000x2-s2,val,graph,graph-pr2000x2,0.1,167,161347,160019,1
global,aging+dirty,2,K,graph-pr2000x2-s2,val,graph,graph-pr2000x2,0.1,167,161347,161179,1
global,aging+refaults,2,K+K+,graph-pr2000x2-s2,val,graph,graph-pr2000x2,0.1,167,68232,66051,0
global,aging+rdist,2,K+K+,graph-pr2000x2-s2,val,graph,graph-pr2000x2,0.1,167,161347,161179,1
global,sfreq+idle,2,K,graph-pr2000x2-s2,val,graph,graph-pr2000x2,0.1,167,50136,48472,0
global,sfreq+age,2,K,graph-pr2000x2-s2,val,graph,graph-pr2000x2,0.1,167,161347,161179,1
global,sfreq+dirty,2,K,graph-pr2000x2-s2,val,graph,graph-pr2000x2,0.1,167,161347,29694,1
global,sfreq+refaults,2,K+K+,graph-pr2000x2-s2,val,graph,graph-pr2000x2,0.1,167,161347,71765,1
global,sfreq+rdist,2,K+K+,graph-pr2000x2-s2,val,graph,graph-pr2000x2,0.1,167,161347,153930,1
global,idle+age,2,K,graph-pr2000x2-s2,val,graph,graph-pr2000x2,0.1,167,48471,46806,0
global,idle+dirty,2,K,graph-pr2000x2-s2,val,graph,graph-pr2000x2,0.1,167,56207,54542,0
global,idle+refaults,2,K+K+,graph-pr2000x2-s2,val,graph,graph-pr2000x2,0.1,167,49884,43234,0
global,idle+rdist,2,K+K+,graph-pr2000x2-s2,val,graph,graph-pr2000x2,0.1,167,62512,59348,0
global,age+dirty,2,K,graph-pr2000x2-s2,val,graph,graph-pr2000x2,0.1,167,132605,130613,0
global,age+refaults,2,K+K+,graph-pr2000x2-s2,val,graph,graph-pr2000x2,0.1,167,161347,81915,1
global,age+rdist,2,K+K+,graph-pr2000x2-s2,val,graph,graph-pr2000x2,0.1,167,161347,161179,1
global,dirty+refaults,2,K+K+,graph-pr2000x2-s2,val,graph,graph-pr2000x2,0.1,167,161347,53968,1
global,dirty+rdist,2,K+K+,graph-pr2000x2-s2,val,graph,graph-pr2000x2,0.1,167,161347,161179,1
global,refaults+rdist,2,K+,graph-pr2000x2-s2,val,graph,graph-pr2000x2,0.1,167,161347,69327,1
global,ref+aging+sfreq,3,K,graph-pr2000x2-s2,val,graph,graph-pr2000x2,0.1,167,161347,160116,1
global,ref+aging+idle,3,K,graph-pr2000x2-s2,val,graph,graph-pr2000x2,0.1,167,52592,50927,0
global,ref+aging+age,3,K,graph-pr2000x2-s2,val,graph,graph-pr2000x2,0.1,167,161347,160018,1
global,ref+aging+dirty,3,K,graph-pr2000x2-s2,val,graph,graph-pr2000x2,0.1,167,161347,161179,1
global,ref+aging+refaults,3,K+K+,graph-pr2000x2-s2,val,graph,graph-pr2000x2,0.1,167,68722,66850,0
global,ref+aging+rdist,3,K+K+,graph-pr2000x2-s2,val,graph,graph-pr2000x2,0.1,167,161347,161179,1
global,ref+sfreq+idle,3,K,graph-pr2000x2-s2,val,graph,graph-pr2000x2,0.1,167,48512,46848,0
global,ref+sfreq+age,3,K,graph-pr2000x2-s2,val,graph,graph-pr2000x2,0.1,167,161347,161179,1
global,ref+sfreq+dirty,3,K,graph-pr2000x2-s2,val,graph,graph-pr2000x2,0.1,167,161347,159926,1
global,ref+sfreq+refaults,3,K+K+,graph-pr2000x2-s2,val,graph,graph-pr2000x2,0.1,167,161347,89724,1
global,ref+sfreq+rdist,3,K+K+,graph-pr2000x2-s2,val,graph,graph-pr2000x2,0.1,167,161347,156970,1
global,ref+idle+age,3,K,graph-pr2000x2-s2,val,graph,graph-pr2000x2,0.1,167,47819,46155,0
global,ref+idle+dirty,3,K,graph-pr2000x2-s2,val,graph,graph-pr2000x2,0.1,167,55743,54078,0
global,ref+idle+refaults,3,K+K+,graph-pr2000x2-s2,val,graph,graph-pr2000x2,0.1,167,47678,44444,0
global,ref+idle+rdist,3,K+K+,graph-pr2000x2-s2,val,graph,graph-pr2000x2,0.1,167,71282,68116,0
global,ref+age+dirty,3,K,graph-pr2000x2-s2,val,graph,graph-pr2000x2,0.1,167,161347,160021,1
global,ref+age+refaults,3,K+K+,graph-pr2000x2-s2,val,graph,graph-pr2000x2,0.1,167,161347,128287,1
global,ref+age+rdist,3,K+K+,graph-pr2000x2-s2,val,graph,graph-pr2000x2,0.1,167,161347,161179,1
global,ref+dirty+refaults,3,K+K+,graph-pr2000x2-s2,val,graph,graph-pr2000x2,0.1,167,72584,63052,0
global,ref+dirty+rdist,3,K+K+,graph-pr2000x2-s2,val,graph,graph-pr2000x2,0.1,167,161347,161179,1
global,ref+refaults+rdist,3,K+K+,graph-pr2000x2-s2,val,graph,graph-pr2000x2,0.1,167,87967,75834,0
global,aging+sfreq+idle,3,K,graph-pr2000x2-s2,val,graph,graph-pr2000x2,0.1,167,141446,139792,0
global,aging+sfreq+age,3,K,graph-pr2000x2-s2,val,graph,graph-pr2000x2,0.1,167,161347,160102,1
global,aging+sfreq+dirty,3,K,graph-pr2000x2-s2,val,graph,graph-pr2000x2,0.1,167,161347,160812,1
global,aging+sfreq+refaults,3,K+K+,graph-pr2000x2-s2,val,graph,graph-pr2000x2,0.1,167,161347,94669,1
global,aging+sfreq+rdist,3,K+K+,graph-pr2000x2-s2,val,graph,graph-pr2000x2,0.1,167,161347,160389,1
global,aging+idle+age,3,K,graph-pr2000x2-s2,val,graph,graph-pr2000x2,0.1,167,46440,44775,0
global,aging+idle+dirty,3,K,graph-pr2000x2-s2,val,graph,graph-pr2000x2,0.1,167,54564,52899,0
global,aging+idle+refaults,3,K+K+,graph-pr2000x2-s2,val,graph,graph-pr2000x2,0.1,167,50696,48605,0
global,aging+idle+rdist,3,K+K+,graph-pr2000x2-s2,val,graph,graph-pr2000x2,0.1,167,161347,155311,1
global,aging+age+dirty,3,K,graph-pr2000x2-s2,val,graph,graph-pr2000x2,0.1,167,161347,158159,1
global,aging+age+refaults,3,K+K+,graph-pr2000x2-s2,val,graph,graph-pr2000x2,0.1,167,161347,156100,1
global,aging+age+rdist,3,K+K+,graph-pr2000x2-s2,val,graph,graph-pr2000x2,0.1,167,161347,159965,1
global,aging+dirty+refaults,3,K+K+,graph-pr2000x2-s2,val,graph,graph-pr2000x2,0.1,167,68492,65727,0
global,aging+dirty+rdist,3,K+K+,graph-pr2000x2-s2,val,graph,graph-pr2000x2,0.1,167,161347,161179,1
global,aging+refaults+rdist,3,K+K+,graph-pr2000x2-s2,val,graph,graph-pr2000x2,0.1,167,79980,75983,0
global,sfreq+idle+age,3,K,graph-pr2000x2-s2,val,graph,graph-pr2000x2,0.1,167,48432,46767,0
global,sfreq+idle+dirty,3,K,graph-pr2000x2-s2,val,graph,graph-pr2000x2,0.1,167,56303,54639,0
global,sfreq+idle+refaults,3,K+K+,graph-pr2000x2-s2,val,graph,graph-pr2000x2,0.1,167,161347,65202,1
global,sfreq+idle+rdist,3,K+K+,graph-pr2000x2-s2,val,graph,graph-pr2000x2,0.1,167,61493,58329,0
global,sfreq+age+dirty,3,K,graph-pr2000x2-s2,val,graph,graph-pr2000x2,0.1,167,161347,161179,1
global,sfreq+age+refaults,3,K+K+,graph-pr2000x2-s2,val,graph,graph-pr2000x2,0.1,167,161347,108882,1
global,sfreq+age+rdist,3,K+K+,graph-pr2000x2-s2,val,graph,graph-pr2000x2,0.1,167,161347,161179,1
global,sfreq+dirty+refaults,3,K+K+,graph-pr2000x2-s2,val,graph,graph-pr2000x2,0.1,167,161347,75523,1
global,sfreq+dirty+rdist,3,K+K+,graph-pr2000x2-s2,val,graph,graph-pr2000x2,0.1,167,161347,114610,1
global,sfreq+refaults+rdist,3,K+K+,graph-pr2000x2-s2,val,graph,graph-pr2000x2,0.1,167,161347,74643,1
global,idle+age+dirty,3,K,graph-pr2000x2-s2,val,graph,graph-pr2000x2,0.1,167,54347,52682,0
global,idle+age+refaults,3,K+K+,graph-pr2000x2-s2,val,graph,graph-pr2000x2,0.1,167,97982,40582,0
global,idle+age+rdist,3,K+K+,graph-pr2000x2-s2,val,graph,graph-pr2000x2,0.1,167,57913,54749,0
global,idle+dirty+refaults,3,K+K+,graph-pr2000x2-s2,val,graph,graph-pr2000x2,0.1,167,51175,42971,0
global,idle+dirty+rdist,3,K+K+,graph-pr2000x2-s2,val,graph,graph-pr2000x2,0.1,167,98431,95269,0
global,idle+refaults+rdist,3,K+K+,graph-pr2000x2-s2,val,graph,graph-pr2000x2,0.1,167,63198,45265,0
global,age+dirty+refaults,3,K+K+,graph-pr2000x2-s2,val,graph,graph-pr2000x2,0.1,167,161347,79972,1
global,age+dirty+rdist,3,K+K+,graph-pr2000x2-s2,val,graph,graph-pr2000x2,0.1,167,161347,161179,1
global,age+refaults+rdist,3,K+K+,graph-pr2000x2-s2,val,graph,graph-pr2000x2,0.1,167,161347,73765,1
global,dirty+refaults+rdist,3,K+K+,graph-pr2000x2-s2,val,graph,graph-pr2000x2,0.1,167,161347,86547,1
global,ref+aging+sfreq+idle,4,K,graph-pr2000x2-s2,val,graph,graph-pr2000x2,0.1,167,161347,159185,1
global,ref+aging+sfreq+age,4,K,graph-pr2000x2-s2,val,graph,graph-pr2000x2,0.1,167,161347,160023,1
global,ref+aging+sfreq+dirty,4,K,graph-pr2000x2-s2,val,graph,graph-pr2000x2,0.1,167,161347,159640,1
global,ref+aging+sfreq+refaults,4,K+K+,graph-pr2000x2-s2,val,graph,graph-pr2000x2,0.1,167,161347,97789,1
global,ref+aging+sfreq+rdist,4,K+K+,graph-pr2000x2-s2,val,graph,graph-pr2000x2,0.1,167,161347,159953,1
global,ref+aging+idle+age,4,K,graph-pr2000x2-s2,val,graph,graph-pr2000x2,0.1,167,161347,160941,1
global,ref+aging+idle+dirty,4,K,graph-pr2000x2-s2,val,graph,graph-pr2000x2,0.1,167,54596,52931,0
global,ref+aging+idle+refaults,4,K+K+,graph-pr2000x2-s2,val,graph,graph-pr2000x2,0.1,167,51631,49707,0
global,ref+aging+idle+rdist,4,K+K+,graph-pr2000x2-s2,val,graph,graph-pr2000x2,0.1,167,161347,152892,1
global,ref+aging+age+dirty,4,K,graph-pr2000x2-s2,val,graph,graph-pr2000x2,0.1,167,161347,159994,1
global,ref+aging+age+refaults,4,K+K+,graph-pr2000x2-s2,val,graph,graph-pr2000x2,0.1,167,161347,156269,1
global,ref+aging+age+rdist,4,K+K+,graph-pr2000x2-s2,val,graph,graph-pr2000x2,0.1,167,161347,154628,1
global,ref+aging+dirty+refaults,4,K+K+,graph-pr2000x2-s2,val,graph,graph-pr2000x2,0.1,167,68023,65906,0
global,ref+aging+dirty+rdist,4,K+K+,graph-pr2000x2-s2,val,graph,graph-pr2000x2,0.1,167,161347,161179,1
global,ref+aging+refaults+rdist,4,K+K+,graph-pr2000x2-s2,val,graph,graph-pr2000x2,0.1,167,80044,75883,0
global,ref+sfreq+idle+age,4,K,graph-pr2000x2-s2,val,graph,graph-pr2000x2,0.1,167,47453,45788,0
global,ref+sfreq+idle+dirty,4,K,graph-pr2000x2-s2,val,graph,graph-pr2000x2,0.1,167,54672,53008,0
global,ref+sfreq+idle+refaults,4,K+K+,graph-pr2000x2-s2,val,graph,graph-pr2000x2,0.1,167,161347,118675,1
global,ref+sfreq+idle+rdist,4,K+K+,graph-pr2000x2-s2,val,graph,graph-pr2000x2,0.1,167,70143,66977,0
global,ref+sfreq+age+dirty,4,K,graph-pr2000x2-s2,val,graph,graph-pr2000x2,0.1,167,161347,161179,1
global,ref+sfreq+age+refaults,4,K+K+,graph-pr2000x2-s2,val,graph,graph-pr2000x2,0.1,167,161347,97090,1
global,ref+sfreq+age+rdist,4,K+K+,graph-pr2000x2-s2,val,graph,graph-pr2000x2,0.1,167,161347,161179,1
global,ref+sfreq+dirty+refaults,4,K+K+,graph-pr2000x2-s2,val,graph,graph-pr2000x2,0.1,167,161347,93557,1
global,ref+sfreq+dirty+rdist,4,K+K+,graph-pr2000x2-s2,val,graph,graph-pr2000x2,0.1,167,161347,152057,1
global,ref+sfreq+refaults+rdist,4,K+K+,graph-pr2000x2-s2,val,graph,graph-pr2000x2,0.1,167,161347,87266,1
global,ref+idle+age+dirty,4,K,graph-pr2000x2-s2,val,graph,graph-pr2000x2,0.1,167,52986,51321,0
global,ref+idle+age+refaults,4,K+K+,graph-pr2000x2-s2,val,graph,graph-pr2000x2,0.1,167,100005,43285,0
global,ref+idle+age+rdist,4,K+K+,graph-pr2000x2-s2,val,graph,graph-pr2000x2,0.1,167,63578,60412,0
global,ref+idle+dirty+refaults,4,K+K+,graph-pr2000x2-s2,val,graph,graph-pr2000x2,0.1,167,47742,43530,0
global,ref+idle+dirty+rdist,4,K+K+,graph-pr2000x2-s2,val,graph,graph-pr2000x2,0.1,167,153438,150274,0
global,ref+idle+refaults+rdist,4,K+K+,graph-pr2000x2-s2,val,graph,graph-pr2000x2,0.1,167,63624,57809,0
global,ref+age+dirty+refaults,4,K+K+,graph-pr2000x2-s2,val,graph,graph-pr2000x2,0.1,167,161347,127674,1
global,ref+age+dirty+rdist,4,K+K+,graph-pr2000x2-s2,val,graph,graph-pr2000x2,0.1,167,161347,161179,1
global,ref+age+refaults+rdist,4,K+K+,graph-pr2000x2-s2,val,graph,graph-pr2000x2,0.1,167,161347,130230,1
global,ref+dirty+refaults+rdist,4,K+K+,graph-pr2000x2-s2,val,graph,graph-pr2000x2,0.1,167,87432,76674,0
global,aging+sfreq+idle+age,4,K,graph-pr2000x2-s2,val,graph,graph-pr2000x2,0.1,167,44064,42398,0
global,aging+sfreq+idle+dirty,4,K,graph-pr2000x2-s2,val,graph,graph-pr2000x2,0.1,167,161347,161028,1
global,aging+sfreq+idle+refaults,4,K+K+,graph-pr2000x2-s2,val,graph,graph-pr2000x2,0.1,167,161347,126682,1
global,aging+sfreq+idle+rdist,4,K+K+,graph-pr2000x2-s2,val,graph,graph-pr2000x2,0.1,167,161347,148835,1
global,aging+sfreq+age+dirty,4,K,graph-pr2000x2-s2,val,graph,graph-pr2000x2,0.1,167,161347,160867,1
global,aging+sfreq+age+refaults,4,K+K+,graph-pr2000x2-s2,val,graph,graph-pr2000x2,0.1,167,161347,135008,1
global,aging+sfreq+age+rdist,4,K+K+,graph-pr2000x2-s2,val,graph,graph-pr2000x2,0.1,167,161347,160969,1
global,aging+sfreq+dirty+refaults,4,K+K+,graph-pr2000x2-s2,val,graph,graph-pr2000x2,0.1,167,161347,96864,1
global,aging+sfreq+dirty+rdist,4,K+K+,graph-pr2000x2-s2,val,graph,graph-pr2000x2,0.1,167,161347,155158,1
global,aging+sfreq+refaults+rdist,4,K+K+,graph-pr2000x2-s2,val,graph,graph-pr2000x2,0.1,167,161347,118569,1
global,aging+idle+age+dirty,4,K,graph-pr2000x2-s2,val,graph,graph-pr2000x2,0.1,167,50570,48906,0
global,aging+idle+age+refaults,4,K+K+,graph-pr2000x2-s2,val,graph,graph-pr2000x2,0.1,167,119717,73143,0
global,aging+idle+age+rdist,4,K+K+,graph-pr2000x2-s2,val,graph,graph-pr2000x2,0.1,167,161347,160463,1
global,aging+idle+dirty+refaults,4,K+K+,graph-pr2000x2-s2,val,graph,graph-pr2000x2,0.1,167,49364,46934,0
global,aging+idle+dirty+rdist,4,K+K+,graph-pr2000x2-s2,val,graph,graph-pr2000x2,0.1,167,161347,157076,1
global,aging+idle+refaults+rdist,4,K+K+,graph-pr2000x2-s2,val,graph,graph-pr2000x2,0.1,167,161347,154481,1
global,aging+age+dirty+refaults,4,K+K+,graph-pr2000x2-s2,val,graph,graph-pr2000x2,0.1,167,161347,155140,1
global,aging+age+dirty+rdist,4,K+K+,graph-pr2000x2-s2,val,graph,graph-pr2000x2,0.1,167,161347,158923,1
global,aging+age+refaults+rdist,4,K+K+,graph-pr2000x2-s2,val,graph,graph-pr2000x2,0.1,167,161347,146196,1
global,aging+dirty+refaults+rdist,4,K+K+,graph-pr2000x2-s2,val,graph,graph-pr2000x2,0.1,167,80817,76827,0
global,sfreq+idle+age+dirty,4,K,graph-pr2000x2-s2,val,graph,graph-pr2000x2,0.1,167,53640,51975,0
global,sfreq+idle+age+refaults,4,K+K+,graph-pr2000x2-s2,val,graph,graph-pr2000x2,0.1,167,122211,41231,0
global,sfreq+idle+age+rdist,4,K+K+,graph-pr2000x2-s2,val,graph,graph-pr2000x2,0.1,167,53638,50474,0
global,sfreq+idle+dirty+refaults,4,K+K+,graph-pr2000x2-s2,val,graph,graph-pr2000x2,0.1,167,161347,65281,1
global,sfreq+idle+dirty+rdist,4,K+K+,graph-pr2000x2-s2,val,graph,graph-pr2000x2,0.1,167,95451,92288,0
global,sfreq+idle+refaults+rdist,4,K+K+,graph-pr2000x2-s2,val,graph,graph-pr2000x2,0.1,167,161347,85722,1
global,sfreq+age+dirty+refaults,4,K+K+,graph-pr2000x2-s2,val,graph,graph-pr2000x2,0.1,167,161347,118268,1
global,sfreq+age+dirty+rdist,4,K+K+,graph-pr2000x2-s2,val,graph,graph-pr2000x2,0.1,167,161347,161179,1
global,sfreq+age+refaults+rdist,4,K+K+,graph-pr2000x2-s2,val,graph,graph-pr2000x2,0.1,167,161347,107432,1
global,sfreq+dirty+refaults+rdist,4,K+K+,graph-pr2000x2-s2,val,graph,graph-pr2000x2,0.1,167,161347,80666,1
global,idle+age+dirty+refaults,4,K+K+,graph-pr2000x2-s2,val,graph,graph-pr2000x2,0.1,167,88771,40681,0
global,idle+age+dirty+rdist,4,K+K+,graph-pr2000x2-s2,val,graph,graph-pr2000x2,0.1,167,84053,80889,0
global,idle+age+refaults+rdist,4,K+K+,graph-pr2000x2-s2,val,graph,graph-pr2000x2,0.1,167,118427,46274,0
global,idle+dirty+refaults+rdist,4,K+K+,graph-pr2000x2-s2,val,graph,graph-pr2000x2,0.1,167,60666,46854,0
global,age+dirty+refaults+rdist,4,K+K+,graph-pr2000x2-s2,val,graph,graph-pr2000x2,0.1,167,161347,77282,1
global,ref+aging+sfreq+idle+age,5,K,graph-pr2000x2-s2,val,graph,graph-pr2000x2,0.1,167,44110,42445,0
global,ref+aging+sfreq+idle+dirty,5,K,graph-pr2000x2-s2,val,graph,graph-pr2000x2,0.1,167,161347,161177,1
global,ref+aging+sfreq+idle+refaults,5,K+K+,graph-pr2000x2-s2,val,graph,graph-pr2000x2,0.1,167,161347,85013,1
global,ref+aging+sfreq+idle+rdist,5,K+K+,graph-pr2000x2-s2,val,graph,graph-pr2000x2,0.1,167,161347,145449,1
global,ref+aging+sfreq+age+dirty,5,K,graph-pr2000x2-s2,val,graph,graph-pr2000x2,0.1,167,161347,158893,1
global,ref+aging+sfreq+age+refaults,5,K+K+,graph-pr2000x2-s2,val,graph,graph-pr2000x2,0.1,167,161347,145469,1
global,ref+aging+sfreq+age+rdist,5,K+K+,graph-pr2000x2-s2,val,graph,graph-pr2000x2,0.1,167,161347,157461,1
global,ref+aging+sfreq+dirty+refaults,5,K+K+,graph-pr2000x2-s2,val,graph,graph-pr2000x2,0.1,167,161347,95761,1
global,ref+aging+sfreq+dirty+rdist,5,K+K+,graph-pr2000x2-s2,val,graph,graph-pr2000x2,0.1,167,161347,151940,1
global,ref+aging+sfreq+refaults+rdist,5,K+K+,graph-pr2000x2-s2,val,graph,graph-pr2000x2,0.1,167,161347,127974,1
global,ref+aging+idle+age+dirty,5,K,graph-pr2000x2-s2,val,graph,graph-pr2000x2,0.1,167,161347,161123,1
global,ref+aging+idle+age+refaults,5,K+K+,graph-pr2000x2-s2,val,graph,graph-pr2000x2,0.1,167,161347,142855,1
global,ref+aging+idle+age+rdist,5,K+K+,graph-pr2000x2-s2,val,graph,graph-pr2000x2,0.1,167,161347,156733,1
global,ref+aging+idle+dirty+refaults,5,K+K+,graph-pr2000x2-s2,val,graph,graph-pr2000x2,0.1,167,49972,47807,0
global,ref+aging+idle+dirty+rdist,5,K+K+,graph-pr2000x2-s2,val,graph,graph-pr2000x2,0.1,167,161347,151410,1
global,ref+aging+idle+refaults+rdist,5,K+K+,graph-pr2000x2-s2,val,graph,graph-pr2000x2,0.1,167,161347,154559,1
global,ref+aging+age+dirty+refaults,5,K+K+,graph-pr2000x2-s2,val,graph,graph-pr2000x2,0.1,167,161347,156652,1
global,ref+aging+age+dirty+rdist,5,K+K+,graph-pr2000x2-s2,val,graph,graph-pr2000x2,0.1,167,161347,161149,1
global,ref+aging+age+refaults+rdist,5,K+K+,graph-pr2000x2-s2,val,graph,graph-pr2000x2,0.1,167,161347,148013,1
global,ref+aging+dirty+refaults+rdist,5,K+K+,graph-pr2000x2-s2,val,graph,graph-pr2000x2,0.1,167,78425,74299,0
global,ref+sfreq+idle+age+dirty,5,K,graph-pr2000x2-s2,val,graph,graph-pr2000x2,0.1,167,51773,50108,0
global,ref+sfreq+idle+age+refaults,5,K+K+,graph-pr2000x2-s2,val,graph,graph-pr2000x2,0.1,167,115003,47404,0
global,ref+sfreq+idle+age+rdist,5,K+K+,graph-pr2000x2-s2,val,graph,graph-pr2000x2,0.1,167,54007,50842,0
global,ref+sfreq+idle+dirty+refaults,5,K+K+,graph-pr2000x2-s2,val,graph,graph-pr2000x2,0.1,167,161347,119553,1
global,ref+sfreq+idle+dirty+rdist,5,K+K+,graph-pr2000x2-s2,val,graph,graph-pr2000x2,0.1,167,151366,148203,0
global,ref+sfreq+idle+refaults+rdist,5,K+K+,graph-pr2000x2-s2,val,graph,graph-pr2000x2,0.1,167,161347,112261,1
global,ref+sfreq+age+dirty+refaults,5,K+K+,graph-pr2000x2-s2,val,graph,graph-pr2000x2,0.1,167,161347,104170,1
global,ref+sfreq+age+dirty+rdist,5,K+K+,graph-pr2000x2-s2,val,graph,graph-pr2000x2,0.1,167,161347,161179,1
global,ref+sfreq+age+refaults+rdist,5,K+K+,graph-pr2000x2-s2,val,graph,graph-pr2000x2,0.1,167,161347,86543,1
global,ref+sfreq+dirty+refaults+rdist,5,K+K+,graph-pr2000x2-s2,val,graph,graph-pr2000x2,0.1,167,161347,104184,1
global,ref+idle+age+dirty+refaults,5,K+K+,graph-pr2000x2-s2,val,graph,graph-pr2000x2,0.1,167,91689,43813,0
global,ref+idle+age+dirty+rdist,5,K+K+,graph-pr2000x2-s2,val,graph,graph-pr2000x2,0.1,167,117687,114522,0
global,ref+idle+age+refaults+rdist,5,K+K+,graph-pr2000x2-s2,val,graph,graph-pr2000x2,0.1,167,136585,61559,0
global,ref+idle+dirty+refaults+rdist,5,K+K+,graph-pr2000x2-s2,val,graph,graph-pr2000x2,0.1,167,63454,58090,0
global,ref+age+dirty+refaults+rdist,5,K+K+,graph-pr2000x2-s2,val,graph,graph-pr2000x2,0.1,167,161347,128432,1
global,aging+sfreq+idle+age+dirty,5,K,graph-pr2000x2-s2,val,graph,graph-pr2000x2,0.1,167,45855,44190,0
global,aging+sfreq+idle+age+refaults,5,K+K+,graph-pr2000x2-s2,val,graph,graph-pr2000x2,0.1,167,113671,70602,0
global,aging+sfreq+idle+age+rdist,5,K+K+,graph-pr2000x2-s2,val,graph,graph-pr2000x2,0.1,167,128763,125617,0
global,aging+sfreq+idle+dirty+refaults,5,K+K+,graph-pr2000x2-s2,val,graph,graph-pr2000x2,0.1,167,161347,99712,1
global,aging+sfreq+idle+dirty+rdist,5,K+K+,graph-pr2000x2-s2,val,graph,graph-pr2000x2,0.1,167,161347,151020,1
global,aging+sfreq+idle+refaults+rdist,5,K+K+,graph-pr2000x2-s2,val,graph,graph-pr2000x2,0.1,167,161347,135198,1
global,aging+sfreq+age+dirty+refaults,5,K+K+,graph-pr2000x2-s2,val,graph,graph-pr2000x2,0.1,167,161347,133667,1
global,aging+sfreq+age+dirty+rdist,5,K+K+,graph-pr2000x2-s2,val,graph,graph-pr2000x2,0.1,167,161347,161179,1
global,aging+sfreq+age+refaults+rdist,5,K+K+,graph-pr2000x2-s2,val,graph,graph-pr2000x2,0.1,167,161347,138047,1
global,aging+sfreq+dirty+refaults+rdist,5,K+K+,graph-pr2000x2-s2,val,graph,graph-pr2000x2,0.1,167,161347,95690,1
global,aging+idle+age+dirty+refaults,5,K+K+,graph-pr2000x2-s2,val,graph,graph-pr2000x2,0.1,167,127851,82877,0
global,aging+idle+age+dirty+rdist,5,K+K+,graph-pr2000x2-s2,val,graph,graph-pr2000x2,0.1,167,161347,159826,1
global,aging+idle+age+refaults+rdist,5,K+K+,graph-pr2000x2-s2,val,graph,graph-pr2000x2,0.1,167,161347,142863,1
global,aging+idle+dirty+refaults+rdist,5,K+K+,graph-pr2000x2-s2,val,graph,graph-pr2000x2,0.1,167,161347,154851,1
global,aging+age+dirty+refaults+rdist,5,K+K+,graph-pr2000x2-s2,val,graph,graph-pr2000x2,0.1,167,161347,144320,1
global,sfreq+idle+age+dirty+refaults,5,K+K+,graph-pr2000x2-s2,val,graph,graph-pr2000x2,0.1,167,107707,42470,0
global,sfreq+idle+age+dirty+rdist,5,K+K+,graph-pr2000x2-s2,val,graph,graph-pr2000x2,0.1,167,66065,62901,0
global,sfreq+idle+age+refaults+rdist,5,K+K+,graph-pr2000x2-s2,val,graph,graph-pr2000x2,0.1,167,105879,45209,0
global,sfreq+idle+dirty+refaults+rdist,5,K+K+,graph-pr2000x2-s2,val,graph,graph-pr2000x2,0.1,167,161347,100024,1
global,sfreq+age+dirty+refaults+rdist,5,K+K+,graph-pr2000x2-s2,val,graph,graph-pr2000x2,0.1,167,161347,95189,1
global,idle+age+dirty+refaults+rdist,5,K+K+,graph-pr2000x2-s2,val,graph,graph-pr2000x2,0.1,167,105378,50420,0
global,ref+aging+sfreq+idle+age+dirty,6,K,graph-pr2000x2-s2,val,graph,graph-pr2000x2,0.1,167,44705,43040,0
global,ref+aging+sfreq+idle+age+refaults,6,K+K+,graph-pr2000x2-s2,val,graph,graph-pr2000x2,0.1,167,93411,67609,0
global,ref+aging+sfreq+idle+age+rdist,6,K+K+,graph-pr2000x2-s2,val,graph,graph-pr2000x2,0.1,167,161347,158450,1
global,ref+aging+sfreq+idle+dirty+refaults,6,K+K+,graph-pr2000x2-s2,val,graph,graph-pr2000x2,0.1,167,161347,85034,1
global,ref+aging+sfreq+idle+dirty+rdist,6,K+K+,graph-pr2000x2-s2,val,graph,graph-pr2000x2,0.1,167,161347,149301,1
global,ref+aging+sfreq+idle+refaults+rdist,6,K+K+,graph-pr2000x2-s2,val,graph,graph-pr2000x2,0.1,167,161347,138796,1
global,ref+aging+sfreq+age+dirty+refaults,6,K+K+,graph-pr2000x2-s2,val,graph,graph-pr2000x2,0.1,167,161347,145476,1
global,ref+aging+sfreq+age+dirty+rdist,6,K+K+,graph-pr2000x2-s2,val,graph,graph-pr2000x2,0.1,167,161347,158779,1
global,ref+aging+sfreq+age+refaults+rdist,6,K+K+,graph-pr2000x2-s2,val,graph,graph-pr2000x2,0.1,167,161347,147655,1
global,ref+aging+sfreq+dirty+refaults+rdist,6,K+K+,graph-pr2000x2-s2,val,graph,graph-pr2000x2,0.1,167,161347,95904,1
global,ref+aging+idle+age+dirty+refaults,6,K+K+,graph-pr2000x2-s2,val,graph,graph-pr2000x2,0.1,167,161347,136984,1
global,ref+aging+idle+age+dirty+rdist,6,K+K+,graph-pr2000x2-s2,val,graph,graph-pr2000x2,0.1,167,161347,160241,1
global,ref+aging+idle+age+refaults+rdist,6,K+K+,graph-pr2000x2-s2,val,graph,graph-pr2000x2,0.1,167,161347,145226,1
global,ref+aging+idle+dirty+refaults+rdist,6,K+K+,graph-pr2000x2-s2,val,graph,graph-pr2000x2,0.1,167,161347,154810,1
global,ref+aging+age+dirty+refaults+rdist,6,K+K+,graph-pr2000x2-s2,val,graph,graph-pr2000x2,0.1,167,161347,147567,1
global,ref+sfreq+idle+age+dirty+refaults,6,K+K+,graph-pr2000x2-s2,val,graph,graph-pr2000x2,0.1,167,110384,48180,0
global,ref+sfreq+idle+age+dirty+rdist,6,K+K+,graph-pr2000x2-s2,val,graph,graph-pr2000x2,0.1,167,68810,65646,0
global,ref+sfreq+idle+age+refaults+rdist,6,K+K+,graph-pr2000x2-s2,val,graph,graph-pr2000x2,0.1,167,106792,52740,0
global,ref+sfreq+idle+dirty+refaults+rdist,6,K+K+,graph-pr2000x2-s2,val,graph,graph-pr2000x2,0.1,167,161347,88016,1
global,ref+sfreq+age+dirty+refaults+rdist,6,K+K+,graph-pr2000x2-s2,val,graph,graph-pr2000x2,0.1,167,161347,95368,1
global,ref+idle+age+dirty+refaults+rdist,6,K+K+,graph-pr2000x2-s2,val,graph,graph-pr2000x2,0.1,167,121452,64117,0
global,aging+sfreq+idle+age+dirty+refaults,6,K+K+,graph-pr2000x2-s2,val,graph,graph-pr2000x2,0.1,167,105889,65901,0
global,aging+sfreq+idle+age+dirty+rdist,6,K+K+,graph-pr2000x2-s2,val,graph,graph-pr2000x2,0.1,167,156061,152933,0
global,aging+sfreq+idle+age+refaults+rdist,6,K+K+,graph-pr2000x2-s2,val,graph,graph-pr2000x2,0.1,167,94016,63569,0
global,aging+sfreq+idle+dirty+refaults+rdist,6,K+K+,graph-pr2000x2-s2,val,graph,graph-pr2000x2,0.1,167,161347,142424,1
global,aging+sfreq+age+dirty+refaults+rdist,6,K+K+,graph-pr2000x2-s2,val,graph,graph-pr2000x2,0.1,167,161347,143024,1
global,aging+idle+age+dirty+refaults+rdist,6,K+K+,graph-pr2000x2-s2,val,graph,graph-pr2000x2,0.1,167,161347,144955,1
global,sfreq+idle+age+dirty+refaults+rdist,6,K+K+,graph-pr2000x2-s2,val,graph,graph-pr2000x2,0.1,167,95097,45506,0
global,ref+aging+sfreq+idle+age+dirty+refaults,7,K+K+,graph-pr2000x2-s2,val,graph,graph-pr2000x2,0.1,167,85458,64736,0
global,ref+aging+sfreq+idle+age+dirty+rdist,7,K+K+,graph-pr2000x2-s2,val,graph,graph-pr2000x2,0.1,167,137987,134881,0
global,ref+aging+sfreq+idle+age+refaults+rdist,7,K+K+,graph-pr2000x2-s2,val,graph,graph-pr2000x2,0.1,167,115986,92364,0
global,ref+aging+sfreq+idle+dirty+refaults+rdist,7,K+K+,graph-pr2000x2-s2,val,graph,graph-pr2000x2,0.1,167,161347,139236,1
global,ref+aging+sfreq+age+dirty+refaults+rdist,7,K+K+,graph-pr2000x2-s2,val,graph,graph-pr2000x2,0.1,167,161347,150170,1
global,ref+aging+idle+age+dirty+refaults+rdist,7,K+K+,graph-pr2000x2-s2,val,graph,graph-pr2000x2,0.1,167,161347,148943,1
global,ref+sfreq+idle+age+dirty+refaults+rdist,7,K+K+,graph-pr2000x2-s2,val,graph,graph-pr2000x2,0.1,167,91770,53149,0
global,aging+sfreq+idle+age+dirty+refaults+rdist,7,K+K+,graph-pr2000x2-s2,val,graph,graph-pr2000x2,0.1,167,91110,66298,0
global,ref+aging+sfreq+idle+age+dirty+refaults+rdist,8,K+K+,graph-pr2000x2-s2,val,graph,graph-pr2000x2,0.1,167,96235,85580,0
global,rec+ref+aging+sfreq+idle+age+dirty,7,F+K,graph-pr2000x2-s2,val,graph,graph-pr2000x2,0.1,167,48523,46859,0
global,rec+ref+aging+sfreq+idle+age+dirty+refaults+rdist,9,F+K+K+,graph-pr2000x2-s2,val,graph,graph-pr2000x2,0.1,167,46248,43305,0
global,freq+ref+aging+sfreq+idle+age+dirty,7,F+K,graph-pr2000x2-s2,val,graph,graph-pr2000x2,0.1,167,67277,65621,0
global,freq+ref+aging+sfreq+idle+age+dirty+refaults+rdist,9,F+K+K+,graph-pr2000x2-s2,val,graph,graph-pr2000x2,0.1,167,133615,95955,0
global,sd+ref+aging+sfreq+idle+age+dirty,7,F+K,graph-pr2000x2-s2,val,graph,graph-pr2000x2,0.1,167,48384,46719,0
global,sd+ref+aging+sfreq+idle+age+dirty+refaults+rdist,9,F+K+K+,graph-pr2000x2-s2,val,graph,graph-pr2000x2,0.1,167,161347,160467,1
global,wr+ref+aging+sfreq+idle+age+dirty,7,F+K,graph-pr2000x2-s2,val,graph,graph-pr2000x2,0.1,167,44582,42917,0
global,wr+ref+aging+sfreq+idle+age+dirty+refaults+rdist,9,F+K+K+,graph-pr2000x2-s2,val,graph,graph-pr2000x2,0.1,167,104527,96233,0
global,rec+freq+ref+aging+sfreq+idle+age+dirty,8,F+K,graph-pr2000x2-s2,val,graph,graph-pr2000x2,0.1,167,42530,40826,0
global,rec+freq+ref+aging+sfreq+idle+age+dirty+refaults+rdist,10,F+K+K+,graph-pr2000x2-s2,val,graph,graph-pr2000x2,0.1,167,43801,41547,0
global,rec+sd+ref+aging+sfreq+idle+age+dirty,8,F+K,graph-pr2000x2-s2,val,graph,graph-pr2000x2,0.1,167,48784,47120,0
global,rec+sd+ref+aging+sfreq+idle+age+dirty+refaults+rdist,10,F+K+K+,graph-pr2000x2-s2,val,graph,graph-pr2000x2,0.1,167,62430,59554,0
global,rec+wr+ref+aging+sfreq+idle+age+dirty,8,F+K,graph-pr2000x2-s2,val,graph,graph-pr2000x2,0.1,167,48838,47174,0
global,rec+wr+ref+aging+sfreq+idle+age+dirty+refaults+rdist,10,F+K+K+,graph-pr2000x2-s2,val,graph,graph-pr2000x2,0.1,167,46668,43738,0
global,freq+sd+ref+aging+sfreq+idle+age+dirty,8,F+K,graph-pr2000x2-s2,val,graph,graph-pr2000x2,0.1,167,50818,49153,0
global,freq+sd+ref+aging+sfreq+idle+age+dirty+refaults+rdist,10,F+K+K+,graph-pr2000x2-s2,val,graph,graph-pr2000x2,0.1,167,161347,159390,1
global,freq+wr+ref+aging+sfreq+idle+age+dirty,8,F+K,graph-pr2000x2-s2,val,graph,graph-pr2000x2,0.1,167,87467,85813,0
global,freq+wr+ref+aging+sfreq+idle+age+dirty+refaults+rdist,10,F+K+K+,graph-pr2000x2-s2,val,graph,graph-pr2000x2,0.1,167,126142,88567,0
global,sd+wr+ref+aging+sfreq+idle+age+dirty,8,F+K,graph-pr2000x2-s2,val,graph,graph-pr2000x2,0.1,167,48710,47045,0
global,sd+wr+ref+aging+sfreq+idle+age+dirty+refaults+rdist,10,F+K+K+,graph-pr2000x2-s2,val,graph,graph-pr2000x2,0.1,167,161347,160106,1
global,rec+freq+sd+ref+aging+sfreq+idle+age+dirty,9,F+K,graph-pr2000x2-s2,val,graph,graph-pr2000x2,0.1,167,42759,41076,0
global,rec+freq+sd+ref+aging+sfreq+idle+age+dirty+refaults+rdist,11,F+K+K+,graph-pr2000x2-s2,val,graph,graph-pr2000x2,0.1,167,45455,43483,0
global,rec+freq+wr+ref+aging+sfreq+idle+age+dirty,9,F+K,graph-pr2000x2-s2,val,graph,graph-pr2000x2,0.1,167,42927,41227,0
global,rec+freq+wr+ref+aging+sfreq+idle+age+dirty+refaults+rdist,11,F+K+K+,graph-pr2000x2-s2,val,graph,graph-pr2000x2,0.1,167,44113,41913,0
global,rec+sd+wr+ref+aging+sfreq+idle+age+dirty,9,F+K,graph-pr2000x2-s2,val,graph,graph-pr2000x2,0.1,167,47594,45930,0
global,rec+sd+wr+ref+aging+sfreq+idle+age+dirty+refaults+rdist,11,F+K+K+,graph-pr2000x2-s2,val,graph,graph-pr2000x2,0.1,167,61076,58196,0
global,freq+sd+wr+ref+aging+sfreq+idle+age+dirty,9,F+K,graph-pr2000x2-s2,val,graph,graph-pr2000x2,0.1,167,58736,57072,0
global,freq+sd+wr+ref+aging+sfreq+idle+age+dirty+refaults+rdist,11,F+K+K+,graph-pr2000x2-s2,val,graph,graph-pr2000x2,0.1,167,161347,160573,1
global,rec+freq+sd+wr+ref+aging+sfreq+idle+age+dirty,10,F+K,graph-pr2000x2-s2,val,graph,graph-pr2000x2,0.1,167,42587,40893,0
global,rec+freq+sd+wr+ref+aging+sfreq+idle+age+dirty+refaults+rdist,12,F+K+K+,graph-pr2000x2-s2,val,graph,graph-pr2000x2,0.1,167,47222,45233,0
graph,rec,1,F,graph-pr2000x2-s3,test,graph,graph-pr2000x2,0.1,167,53936,52271,0
graph,freq,1,F,graph-pr2000x2-s3,test,graph,graph-pr2000x2,0.1,167,164845,5069,1
graph,sd,1,F,graph-pr2000x2-s3,test,graph,graph-pr2000x2,0.1,167,53936,52271,0
graph,wr,1,F,graph-pr2000x2-s3,test,graph,graph-pr2000x2,0.1,167,164845,7636,1
graph,rec+freq,2,F,graph-pr2000x2-s3,test,graph,graph-pr2000x2,0.1,167,47665,43606,0
graph,rec+sd,2,F,graph-pr2000x2-s3,test,graph,graph-pr2000x2,0.1,167,53964,52299,0
graph,rec+wr,2,F,graph-pr2000x2-s3,test,graph,graph-pr2000x2,0.1,167,44371,42706,0
graph,freq+sd,2,F,graph-pr2000x2-s3,test,graph,graph-pr2000x2,0.1,167,164845,154308,1
graph,freq+wr,2,F,graph-pr2000x2-s3,test,graph,graph-pr2000x2,0.1,167,164845,5067,1
graph,sd+wr,2,F,graph-pr2000x2-s3,test,graph,graph-pr2000x2,0.1,167,164845,146033,1
graph,rec+freq+sd,3,F,graph-pr2000x2-s3,test,graph,graph-pr2000x2,0.1,167,69538,43986,0
graph,rec+freq+wr,3,F,graph-pr2000x2-s3,test,graph,graph-pr2000x2,0.1,167,55567,41635,0
graph,rec+sd+wr,3,F,graph-pr2000x2-s3,test,graph,graph-pr2000x2,0.1,167,73733,41639,0
graph,freq+sd+wr,3,F,graph-pr2000x2-s3,test,graph,graph-pr2000x2,0.1,167,164845,12256,1
graph,rec+freq+sd+wr,4,F,graph-pr2000x2-s3,test,graph,graph-pr2000x2,0.1,167,164845,11097,1
graph,ref,1,K,graph-pr2000x2-s3,test,graph,graph-pr2000x2,0.1,167,100824,98830,0
graph,aging,1,K,graph-pr2000x2-s3,test,graph,graph-pr2000x2,0.1,167,91873,90211,0
graph,sfreq,1,K,graph-pr2000x2-s3,test,graph,graph-pr2000x2,0.1,167,164845,16286,1
graph,idle,1,K,graph-pr2000x2-s3,test,graph,graph-pr2000x2,0.1,167,54003,52338,0
graph,age,1,K,graph-pr2000x2-s3,test,graph,graph-pr2000x2,0.1,167,164845,5067,1
graph,dirty,1,K,graph-pr2000x2-s3,test,graph,graph-pr2000x2,0.1,167,164845,7636,1
graph,refaults,1,K+,graph-pr2000x2-s3,test,graph,graph-pr2000x2,0.1,167,164845,64675,1
graph,rdist,1,K+,graph-pr2000x2-s3,test,graph,graph-pr2000x2,0.1,167,164845,164677,1
graph,ref+aging,2,K,graph-pr2000x2-s3,test,graph,graph-pr2000x2,0.1,167,91873,90211,0
graph,ref+sfreq,2,K,graph-pr2000x2-s3,test,graph,graph-pr2000x2,0.1,167,164845,39698,1
graph,ref+idle,2,K,graph-pr2000x2-s3,test,graph,graph-pr2000x2,0.1,167,53999,52332,0
graph,ref+age,2,K,graph-pr2000x2-s3,test,graph,graph-pr2000x2,0.1,167,164845,159409,1
graph,ref+dirty,2,K,graph-pr2000x2-s3,test,graph,graph-pr2000x2,0.1,167,164845,7636,1
graph,ref+refaults,2,K+K+,graph-pr2000x2-s3,test,graph,graph-pr2000x2,0.1,167,70152,65830,0
graph,ref+rdist,2,K+K+,graph-pr2000x2-s3,test,graph,graph-pr2000x2,0.1,167,164845,164677,1
graph,aging+sfreq,2,K,graph-pr2000x2-s3,test,graph,graph-pr2000x2,0.1,167,164845,131720,1
graph,aging+idle,2,K,graph-pr2000x2-s3,test,graph,graph-pr2000x2,0.1,167,55845,51864,0
graph,aging+age,2,K,graph-pr2000x2-s3,test,graph,graph-pr2000x2,0.1,167,164845,161489,1
graph,aging+dirty,2,K,graph-pr2000x2-s3,test,graph,graph-pr2000x2,0.1,167,164845,7754,1
graph,aging+refaults,2,K+K+,graph-pr2000x2-s3,test,graph,graph-pr2000x2,0.1,167,69114,67168,0
graph,aging+rdist,2,K+K+,graph-pr2000x2-s3,test,graph,graph-pr2000x2,0.1,167,164845,164677,1
graph,sfreq+idle,2,K,graph-pr2000x2-s3,test,graph,graph-pr2000x2,0.1,167,51095,49431,0
graph,sfreq+age,2,K,graph-pr2000x2-s3,test,graph,graph-pr2000x2,0.1,167,164845,164426,1
graph,sfreq+dirty,2,K,graph-pr2000x2-s3,test,graph,graph-pr2000x2,0.1,167,164845,7286,1
graph,sfreq+refaults,2,K+K+,graph-pr2000x2-s3,test,graph,graph-pr2000x2,0.1,167,164845,79883,1
graph,sfreq+rdist,2,K+K+,graph-pr2000x2-s3,test,graph,graph-pr2000x2,0.1,167,164845,16170,1
graph,idle+age,2,K,graph-pr2000x2-s3,test,graph,graph-pr2000x2,0.1,167,47995,46331,0
graph,idle+dirty,2,K,graph-pr2000x2-s3,test,graph,graph-pr2000x2,0.1,167,99689,39865,0
graph,idle+refaults,2,K+K+,graph-pr2000x2-s3,test,graph,graph-pr2000x2,0.1,167,46546,44579,0
graph,idle+rdist,2,K+K+,graph-pr2000x2-s3,test,graph,graph-pr2000x2,0.1,167,59853,56692,0
graph,age+dirty,2,K,graph-pr2000x2-s3,test,graph,graph-pr2000x2,0.1,167,164845,5067,1
graph,age+refaults,2,K+K+,graph-pr2000x2-s3,test,graph,graph-pr2000x2,0.1,167,164845,5067,1
graph,age+rdist,2,K+K+,graph-pr2000x2-s3,test,graph,graph-pr2000x2,0.1,167,164845,164677,1
graph,dirty+refaults,2,K+K+,graph-pr2000x2-s3,test,graph,graph-pr2000x2,0.1,167,164845,7832,1
graph,dirty+rdist,2,K+K+,graph-pr2000x2-s3,test,graph,graph-pr2000x2,0.1,167,164845,7678,1
graph,refaults+rdist,2,K+,graph-pr2000x2-s3,test,graph,graph-pr2000x2,0.1,167,164845,70055,1
graph,ref+aging+sfreq,3,K,graph-pr2000x2-s3,test,graph,graph-pr2000x2,0.1,167,164845,139476,1
graph,ref+aging+idle,3,K,graph-pr2000x2-s3,test,graph,graph-pr2000x2,0.1,167,56982,51572,0
graph,ref+aging+age,3,K,graph-pr2000x2-s3,test,graph,graph-pr2000x2,0.1,167,164845,162494,1
graph,ref+aging+dirty,3,K,graph-pr2000x2-s3,test,graph,graph-pr2000x2,0.1,167,164845,7754,1
graph,ref+aging+refaults,3,K+K+,graph-pr2000x2-s3,test,graph,graph-pr2000x2,0.1,167,69929,68129,0
graph,ref+aging+rdist,3,K+K+,graph-pr2000x2-s3,test,graph,graph-pr2000x2,0.1,167,164845,164677,1
graph,ref+sfreq+idle,3,K,graph-pr2000x2-s3,test,graph,graph-pr2000x2,0.1,167,51841,49931,0
graph,ref+sfreq+age,3,K,graph-pr2000x2-s3,test,graph,graph-pr2000x2,0.1,167,164845,164599,1
graph,ref+sfreq+dirty,3,K,graph-pr2000x2-s3,test,graph,graph-pr2000x2,0.1,167,164845,7605,1
graph,ref+sfreq+refaults,3,K+K+,graph-pr2000x2-s3,test,graph,graph-pr2000x2,0.1,167,164845,89651,1
graph,ref+sfreq+rdist,3,K+K+,graph-pr2000x2-s3,test,graph,graph-pr2000x2,0.1,167,164845,160783,1
graph,ref+idle+age,3,K,graph-pr2000x2-s3,test,graph,graph-pr2000x2,0.1,167,50236,47219,0
graph,ref+idle+dirty,3,K,graph-pr2000x2-s3,test,graph,graph-pr2000x2,0.1,167,164845,31139,1
graph,ref+idle+refaults,3,K+K+,graph-pr2000x2-s3,test,graph,graph-pr2000x2,0.1,167,47726,44990,0
graph,ref+idle+rdist,3,K+K+,graph-pr2000x2-s3,test,graph,graph-pr2000x2,0.1,167,58795,55631,0
graph,ref+age+dirty,3,K,graph-pr2000x2-s3,test,graph,graph-pr2000x2,0.1,167,164845,6202,1
graph,ref+age+refaults,3,K+K+,graph-pr2000x2-s3,test,graph,graph-pr2000x2,0.1,167,164845,71450,1
graph,ref+age+rdist,3,K+K+,graph-pr2000x2-s3,test,graph,graph-pr2000x2,0.1,167,164845,164677,1
graph,ref+dirty+refaults,3,K+K+,graph-pr2000x2-s3,test,graph,graph-pr2000x2,0.1,167,164845,17864,1
graph,ref+dirty+rdist,3,K+K+,graph-pr2000x2-s3,test,graph,graph-pr2000x2,0.1,167,164845,7365,1
graph,ref+refaults+rdist,3,K+K+,graph-pr2000x2-s3,test,graph,graph-pr2000x2,0.1,167,82550,77150,0
graph,aging+sfreq+idle,3,K,graph-pr2000x2-s3,test,graph,graph-pr2000x2,0.1,167,60130,49018,0
graph,aging+sfreq+age,3,K,graph-pr2000x2-s3,test,graph,graph-pr2000x2,0.1,167,164845,164533,1
graph,aging+sfreq+dirty,3,K,graph-pr2000x2-s3,test,graph,graph-pr2000x2,0.1,167,164845,7122,1
graph,aging+sfreq+refaults,3,K+K+,graph-pr2000x2-s3,test,graph,graph-pr2000x2,0.1,167,164845,107830,1
graph,aging+sfreq+rdist,3,K+K+,graph-pr2000x2-s3,test,graph,graph-pr2000x2,0.1,167,164845,164459,1
graph,aging+idle+age,3,K,graph-pr2000x2-s3,test,graph,graph-pr2000x2,0.1,167,63024,45746,0
graph,aging+idle+dirty,3,K,graph-pr2000x2-s3,test,graph,graph-pr2000x2,0.1,167,164845,23415,1
graph,aging+idle+refaults,3,K+K+,graph-pr2000x2-s3,test,graph,graph-pr2000x2,0.1,167,50503,45161,0
graph,aging+idle+rdist,3,K+K+,graph-pr2000x2-s3,test,graph,graph-pr2000x2,0.1,167,58372,55197,0
graph,aging+age+dirty,3,K,graph-pr2000x2-s3,test,graph,graph-pr2000x2,0.1,167,164845,6886,1
graph,aging+age+refaults,3,K+K+,graph-pr2000x2-s3,test,graph,graph-pr2000x2,0.1,167,164845,107213,1
graph,aging+age+rdist,3,K+K+,graph-pr2000x2-s3,test,graph,graph-pr2000x2,0.1,167,164845,164677,1
graph,aging+dirty+refaults,3,K+K+,graph-pr2000x2-s3,test,graph,graph-pr2000x2,0.1,167,164845,33898,1
graph,aging+dirty+rdist,3,K+K+,graph-pr2000x2-s3,test,graph,graph-pr2000x2,0.1,167,164845,9836,1
graph,aging+refaults+rdist,3,K+K+,graph-pr2000x2-s3,test,graph,graph-pr2000x2,0.1,167,81564,77957,0
graph,sfreq+idle+age,3,K,graph-pr2000x2-s3,test,graph,graph-pr2000x2,0.1,167,47307,45642,0
graph,sfreq+idle+dirty,3,K,graph-pr2000x2-s3,test,graph,graph-pr2000x2,0.1,167,96115,40015,0
graph,sfreq+idle+refaults,3,K+K+,graph-pr2000x2-s3,test,graph,graph-pr2000x2,0.1,167,164845,78939,1
graph,sfreq+idle+rdist,3,K+K+,graph-pr2000x2-s3,test,graph,graph-pr2000x2,0.1,167,60300,57138,0
graph,sfreq+age+dirty,3,K,graph-pr2000x2-s3,test,graph,graph-pr2000x2,0.1,167,164845,6462,1
graph,sfreq+age+refaults,3,K+K+,graph-pr2000x2-s3,test,graph,graph-pr2000x2,0.1,167,164845,83743,1
graph,sfreq+age+rdist,3,K+K+,graph-pr2000x2-s3,test,graph,graph-pr2000x2,0.1,167,164845,164677,1
graph,sfreq+dirty+refaults,3,K+K+,graph-pr2000x2-s3,test,graph,graph-pr2000x2,0.1,167,164845,30996,1
graph,sfreq+dirty+rdist,3,K+K+,graph-pr2000x2-s3,test,graph,graph-pr2000x2,0.1,167,164845,7678,1
graph,sfreq+refaults+rdist,3,K+K+,graph-pr2000x2-s3,test,graph,graph-pr2000x2,0.1,167,164845,82210,1
graph,idle+age+dirty,3,K,graph-pr2000x2-s3,test,graph,graph-pr2000x2,0.1,167,120143,38528,0
graph,idle+age+refaults,3,K+K+,graph-pr2000x2-s3,test,graph,graph-pr2000x2,0.1,167,164845,41334,1
graph,idle+age+rdist,3,K+K+,graph-pr2000x2-s3,test,graph,graph-pr2000x2,0.1,167,58430,55268,0
graph,idle+dirty+refaults,3,K+K+,graph-pr2000x2-s3,test,graph,graph-pr2000x2,0.1,167,123300,40916,0
graph,idle+dirty+rdist,3,K+K+,graph-pr2000x2-s3,test,graph,graph-pr2000x2,0.1,167,58508,40375,0
graph,idle+refaults+rdist,3,K+K+,graph-pr2000x2-s3,test,graph,graph-pr2000x2,0.1,167,49033,44849,0
graph,age+dirty+refaults,3,K+K+,graph-pr2000x2-s3,test,graph,graph-pr2000x2,0.1,167,164845,7891,1
graph,age+dirty+rdist,3,K+K+,graph-pr2000x2-s3,test,graph,graph-pr2000x2,0.1,167,164845,7004,1
graph,age+refaults+rdist,3,K+K+,graph-pr2000x2-s3,test,graph,graph-pr2000x2,0.1,167,164845,22889,1
graph,dirty+refaults+rdist,3,K+K+,graph-pr2000x2-s3,test,graph,graph-pr2000x2,0.1,167,164845,9653,1
graph,ref+aging+sfreq+idle,4,K,graph-pr2000x2-s3,test,graph,graph-pr2000x2,0.1,167,61343,48937,0
graph,ref+aging+sfreq+age,4,K,graph-pr2000x2-s3,test,graph,graph-pr2000x2,0.1,167,164845,164594,1
graph,ref+aging+sfreq+dirty,4,K,graph-pr2000x2-s3,test,graph,graph-pr2000x2,0.1,167,164845,7141,1
graph,ref+aging+sfreq+refaults,4,K+K+,graph-pr2000x2-s3,test,graph,graph-pr2000x2,0.1,167,164845,104422,1
graph,ref+aging+sfreq+rdist,4,K+K+,graph-pr2000x2-s3,test,graph,graph-pr2000x2,0.1,167,164845,164489,1
graph,ref+aging+idle+age,4,K,graph-pr2000x2-s3,test,graph,graph-pr2000x2,0.1,167,63407,45933,0
graph,ref+aging+idle+dirty,4,K,graph-pr2000x2-s3,test,graph,graph-pr2000x2,0.1,167,164845,22542,1
graph,ref+aging+idle+refaults,4,K+K+,graph-pr2000x2-s3,test,graph,graph-pr2000x2,0.1,167,50828,44620,0
graph,ref+aging+idle+rdist,4,K+K+,graph-pr2000x2-s3,test,graph,graph-pr2000x2,0.1,167,58382,55209,0
graph,ref+aging+age+dirty,4,K,graph-pr2000x2-s3,test,graph,graph-pr2000x2,0.1,167,164845,7102,1
graph,ref+aging+age+refaults,4,K+K+,graph-pr2000x2-s3,test,graph,graph-pr2000x2,0.1,167,164845,75856,1
graph,ref+aging+age+rdist,4,K+K+,graph-pr2000x2-s3,test,graph,graph-pr2000x2,0.1,167,164845,164677,1
graph,ref+aging+dirty+refaults,4,K+K+,graph-pr2000x2-s3,test,graph,graph-pr2000x2,0.1,167,164845,34745,1
graph,ref+aging+dirty+rdist,4,K+K+,graph-pr2000x2-s3,test,graph,graph-pr2000x2,0.1,167,164845,9939,1
graph,ref+aging+refaults+rdist,4,K+K+,graph-pr2000x2-s3,test,graph,graph-pr2000x2,0.1,167,80747,77435,0
graph,ref+sfreq+idle+age,4,K,graph-pr2000x2-s3,test,graph,graph-pr2000x2,0.1,167,48697,45905,0
graph,ref+sfreq+idle+dirty,4,K,graph-pr2000x2-s3,test,graph,graph-pr2000x2,0.1,167,164845,31257,1
graph,ref+sfreq+idle+refaults,4,K+K+,graph-pr2000x2-s3,test,graph,graph-pr2000x2,0.1,167,164845,79962,1
graph,ref+sfreq+idle+rdist,4,K+K+,graph-pr2000x2-s3,test,graph,graph-pr2000x2,0.1,167,59044,55880,0
graph,ref+sfreq+age+dirty,4,K,graph-pr2000x2-s3,test,graph,graph-pr2000x2,0.1,167,164845,6685,1
graph,ref+sfreq+age+refaults,4,K+K+,graph-pr2000x2-s3,test,graph,graph-pr2000x2,0.1,167,164845,100142,1
graph,ref+sfreq+age+rdist,4,K+K+,graph-pr2000x2-s3,test,graph,graph-pr2000x2,0.1,167,164845,164677,1
graph,ref+sfreq+dirty+refaults,4,K+K+,graph-pr2000x2-s3,test,graph,graph-pr2000x2,0.1,167,164845,55933,1
graph,ref+sfreq+dirty+rdist,4,K+K+,graph-pr2000x2-s3,test,graph,graph-pr2000x2,0.1,167,164845,8700,1
graph,ref+sfreq+refaults+rdist,4,K+K+,graph-pr2000x2-s3,test,graph,graph-pr2000x2,0.1,167,164845,112088,1
graph,ref+idle+age+dirty,4,K,graph-pr2000x2-s3,test,graph,graph-pr2000x2,0.1,167,164845,25865,1
graph,ref+idle+age+refaults,4,K+K+,graph-pr2000x2-s3,test,graph,graph-pr2000x2,0.1,167,164845,40173,1
graph,ref+idle+age+rdist,4,K+K+,graph-pr2000x2-s3,test,graph,graph-pr2000x2,0.1,167,57576,54411,0
graph,ref+idle+dirty+refaults,4,K+K+,graph-pr2000x2-s3,test,graph,graph-pr2000x2,0.1,167,123403,40876,0
graph,ref+idle+dirty+rdist,4,K+K+,graph-pr2000x2-s3,test,graph,graph-pr2000x2,0.1,167,119321,39482,0
graph,ref+idle+refaults+rdist,4,K+K+,graph-pr2000x2-s3,test,graph,graph-pr2000x2,0.1,167,49009,45081,0
graph,ref+age+dirty+refaults,4,K+K+,graph-pr2000x2-s3,test,graph,graph-pr2000x2,0.1,167,164845,36246,1
graph,ref+age+dirty+rdist,4,K+K+,graph-pr2000x2-s3,test,graph,graph-pr2000x2,0.1,167,164845,9984,1
graph,ref+age+refaults+rdist,4,K+K+,graph-pr2000x2-s3,test,graph,graph-pr2000x2,0.1,167,164845,77950,1
graph,ref+dirty+refaults+rdist,4,K+K+,graph-pr2000x2-s3,test,graph,graph-pr2000x2,0.1,167,150105,52801,0
graph,aging+sfreq+idle+age,4,K,graph-pr2000x2-s3,test,graph,graph-pr2000x2,0.1,167,55842,46300,0
graph,aging+sfreq+idle+dirty,4,K,graph-pr2000x2-s3,test,graph,graph-pr2000x2,0.1,167,164845,23441,1
graph,aging+sfreq+idle+refaults,4,K+K+,graph-pr2000x2-s3,test,graph,graph-pr2000x2,0.1,167,164845,86758,1
graph,aging+sfreq+idle+rdist,4,K+K+,graph-pr2000x2-s3,test,graph,graph-pr2000x2,0.1,167,58425,55254,0
graph,aging+sfreq+age+dirty,4,K,graph-pr2000x2-s3,test,graph,graph-pr2000x2,0.1,167,164845,6945,1
graph,aging+sfreq+age+refaults,4,K+K+,graph-pr2000x2-s3,test,graph,graph-pr2000x2,0.1,167,164845,108018,1
graph,aging+sfreq+age+rdist,4,K+K+,graph-pr2000x2-s3,test,graph,graph-pr2000x2,0.1,167,164845,164677,1
graph,aging+sfreq+dirty+refaults,4,K+K+,graph-pr2000x2-s3,test,graph,graph-pr2000x2,0.1,167,164845,44919,1
graph,aging+sfreq+dirty+rdist,4,K+K+,graph-pr2000x2-s3,test,graph,graph-pr2000x2,0.1,167,164845,13301,1
graph,aging+sfreq+refaults+rdist,4,K+K+,graph-pr2000x2-s3,test,graph,graph-pr2000x2,0.1,167,164845,111688,1
graph,aging+idle+age+dirty,4,K,graph-pr2000x2-s3,test,graph,graph-pr2000x2,0.1,167,164845,18946,1
graph,aging+idle+age+refaults,4,K+K+,graph-pr2000x2-s3,test,graph,graph-pr2000x2,0.1,167,164845,45624,1
graph,aging+idle+age+rdist,4,K+K+,graph-pr2000x2-s3,test,graph,graph-pr2000x2,0.1,167,57137,53937,0
graph,aging+idle+dirty+refaults,4,K+K+,graph-pr2000x2-s3,test,graph,graph-pr2000x2,0.1,167,138800,40459,0
graph,aging+idle+dirty+rdist,4,K+K+,graph-pr2000x2-s3,test,graph,graph-pr2000x2,0.1,167,164845,36582,1
graph,aging+idle+refaults+rdist,4,K+K+,graph-pr2000x2-s3,test,graph,graph-pr2000x2,0.1,167,48716,44992,0
graph,aging+age+dirty+refaults,4,K+K+,graph-pr2000x2-s3,test,graph,graph-pr2000x2,0.1,167,164845,24463,1
graph,aging+age+dirty+rdist,4,K+K+,graph-pr2000x2-s3,test,graph,graph-pr2000x2,0.1,167,164845,29531,1
graph,aging+age+refaults+rdist,4,K+K+,graph-pr2000x2-s3,test,graph,graph-pr2000x2,0.1,167,164845,138230,1
graph,aging+dirty+refaults+rdist,4,K+K+,graph-pr2000x2-s3,test,graph,graph-pr2000x2,0.1,167,115348,66769,0
graph,sfreq+idle+age+dirty,4,K,graph-pr2000x2-s3,test,graph,graph-pr2000x2,0.1,167,164845,37772,1
graph,sfreq+idle+age+refaults,4,K+K+,graph-pr2000x2-s3,test,graph,graph-pr2000x2,0.1,167,164845,57960,1
graph,sfreq+idle+age+rdist,4,K+K+,graph-pr2000x2-s3,test,graph,graph-pr2000x2,0.1,167,52647,49484,0
graph,sfreq+idle+dirty+refaults,4,K+K+,graph-pr2000x2-s3,test,graph,graph-pr2000x2,0.1,167,164845,23082,1
graph,sfreq+idle+dirty+rdist,4,K+K+,graph-pr2000x2-s3,test,graph,graph-pr2000x2,0.1,167,51362,41399,0
graph,sfreq+idle+refaults+rdist,4,K+K+,graph-pr2000x2-s3,test,graph,graph-pr2000x2,0.1,167,164845,82120,1
graph,sfreq+age+dirty+refaults,4,K+K+,graph-pr2000x2-s3,test,graph,graph-pr2000x2,0.1,167,164845,39521,1
graph,sfreq+age+dirty+rdist,4,K+K+,graph-pr2000x2-s3,test,graph,graph-pr2000x2,0.1,167,164845,7317,1
graph,sfreq+age+refaults+rdist,4,K+K+,graph-pr2000x2-s3,test,graph,graph-pr2000x2,0.1,167,164845,103885,1
graph,sfreq+dirty+refaults+rdist,4,K+K+,graph-pr2000x2-s3,test,graph,graph-pr2000x2,0.1,167,164845,41096,1
graph,idle+age+dirty+refaults,4,K+K+,graph-pr2000x2-s3,test,graph,graph-pr2000x2,0.1,167,164845,22487,1
graph,idle+age+dirty+rdist,4,K+K+,graph-pr2000x2-s3,test,graph,graph-pr2000x2,0.1,167,55256,40767,0
graph,idle+age+refaults+rdist,4,K+K+,graph-pr2000x2-s3,test,graph,graph-pr2000x2,0.1,167,143674,48136,0
graph,idle+dirty+refaults+rdist,4,K+K+,graph-pr2000x2-s3,test,graph,graph-pr2000x2,0.1,167,83026,41629,0
graph,age+dirty+refaults+rdist,4,K+K+,graph-pr2000x2-s3,test,graph,graph-pr2000x2,0.1,167,164845,6579,1
graph,ref+aging+sfreq+idle+age,5,K,graph-pr2000x2-s3,test,graph,graph-pr2000x2,0.1,167,55168,45620,0
graph,ref+aging+sfreq+idle+dirty,5,K,graph-pr2000x2-s3,test,graph,graph-pr2000x2,0.1,167,164845,22531,1
graph,ref+aging+sfreq+idle+refaults,5,K+K+,graph-pr2000x2-s3,test,graph,graph-pr2000x2,0.1,167,164845,82886,1
graph,ref+aging+sfreq+idle+rdist,5,K+K+,graph-pr2000x2-s3,test,graph,graph-pr2000x2,0.1,167,58489,55318,0
graph,ref+aging+sfreq+age+dirty,5,K,graph-pr2000x2-s3,test,graph,graph-pr2000x2,0.1,167,164845,6959,1
graph,ref+aging+sfreq+age+refaults,5,K+K+,graph-pr2000x2-s3,test,graph,graph-pr2000x2,0.1,167,164845,106514,1
graph,ref+aging+sfreq+age+rdist,5,K+K+,graph-pr2000x2-s3,test,graph,graph-pr2000x2,0.1,167,164845,164677,1
graph,ref+aging+sfreq+dirty+refaults,5,K+K+,graph-pr2000x2-s3,test,graph,graph-pr2000x2,0.1,167,164845,40788,1
graph,ref+aging+sfreq+dirty+rdist,5,K+K+,graph-pr2000x2-s3,test,graph,graph-pr2000x2,0.1,167,164845,14073,1
graph,ref+aging+sfreq+refaults+rdist,5,K+K+,graph-pr2000x2-s3,test,graph,graph-pr2000x2,0.1,167,164845,108561,1
graph,ref+aging+idle+age+dirty,5,K,graph-pr2000x2-s3,test,graph,graph-pr2000x2,0.1,167,164845,18310,1
graph,ref+aging+idle+age+refaults,5,K+K+,graph-pr2000x2-s3,test,graph,graph-pr2000x2,0.1,167,164845,44950,1
graph,ref+aging+idle+age+rdist,5,K+K+,graph-pr2000x2-s3,test,graph,graph-pr2000x2,0.1,167,57341,54141,0
graph,ref+aging+idle+dirty+refaults,5,K+K+,graph-pr2000x2-s3,test,graph,graph-pr2000x2,0.1,167,147774,40280,0
graph,ref+aging+idle+dirty+rdist,5,K+K+,graph-pr2000x2-s3,test,graph,graph-pr2000x2,0.1,167,164845,34894,1
graph,ref+aging+idle+refaults+rdist,5,K+K+,graph-pr2000x2-s3,test,graph,graph-pr2000x2,0.1,167,48948,45123,0
graph,ref+aging+age+dirty+refaults,5,K+K+,graph-pr2000x2-s3,test,graph,graph-pr2000x2,0.1,167,164845,22913,1
graph,ref+aging+age+dirty+rdist,5,K+K+,graph-pr2000x2-s3,test,graph,graph-pr2000x2,0.1,167,164845,31041,1
graph,ref+aging+age+refaults+rdist,5,K+K+,graph-pr2000x2-s3,test,graph,graph-pr2000x2,0.1,167,164845,145588,1
graph,ref+aging+dirty+refaults+rdist,5,K+K+,graph-pr2000x2-s3,test,graph,graph-pr2000x2,0.1,167,115485,68774,0
graph,ref+sfreq+idle+age+dirty,5,K,graph-pr2000x2-s3,test,graph,graph-pr2000x2,0.1,167,164845,21106,1
graph,ref+sfreq+idle+age+refaults,5,K+K+,graph-pr2000x2-s3,test,graph,graph-pr2000x2,0.1,167,164845,57063,1
graph,ref+sfreq+idle+age+rdist,5,K+K+,graph-pr2000x2-s3,test,graph,graph-pr2000x2,0.1,167,52529,49362,0
graph,ref+sfreq+idle+dirty+refaults,5,K+K+,graph-pr2000x2-s3,test,graph,graph-pr2000x2,0.1,167,164845,22542,1
graph,ref+sfreq+idle+dirty+rdist,5,K+K+,graph-pr2000x2-s3,test,graph,graph-pr2000x2,0.1,167,84309,41013,0
graph,ref+sfreq+idle+refaults+rdist,5,K+K+,graph-pr2000x2-s3,test,graph,graph-pr2000x2,0.1,167,164845,98029,1
graph,ref+sfreq+age+dirty+refaults,5,K+K+,graph-pr2000x2-s3,test,graph,graph-pr2000x2,0.1,167,164845,52951,1
graph,ref+sfreq+age+dirty+rdist,5,K+K+,graph-pr2000x2-s3,test,graph,graph-pr2000x2,0.1,167,164845,11901,1
graph,ref+sfreq+age+refaults+rdist,5,K+K+,graph-pr2000x2-s3,test,graph,graph-pr2000x2,0.1,167,164845,119183,1
graph,ref+sfreq+dirty+refaults+rdist,5,K+K+,graph-pr2000x2-s3,test,graph,graph-pr2000x2,0.1,167,164845,73969,1
graph,ref+idle+age+dirty+refaults,5,K+K+,graph-pr2000x2-s3,test,graph,graph-pr2000x2,0.1,167,164845,28084,1
graph,ref+idle+age+dirty+rdist,5,K+K+,graph-pr2000x2-s3,test,graph,graph-pr2000x2,0.1,167,110711,39910,0
graph,ref+idle+age+refaults+rdist,5,K+K+,graph-pr2000x2-s3,test,graph,graph-pr2000x2,0.1,167,152794,48507,0
graph,ref+idle+dirty+refaults+rdist,5,K+K+,graph-pr2000x2-s3,test,graph,graph-pr2000x2,0.1,167,80636,41843,0
graph,ref+age+dirty+refaults+rdist,5,K+K+,graph-pr2000x2-s3,test,graph,graph-pr2000x2,0.1,167,164845,56568,1
graph,aging+sfreq+idle+age+dirty,5,K,graph-pr2000x2-s3,test,graph,graph-pr2000x2,0.1,167,164845,17071,1
graph,aging+sfreq+idle+age+refaults,5,K+K+,graph-pr2000x2-s3,test,graph,graph-pr2000x2,0.1,167,164845,64461,1
graph,aging+sfreq+idle+age+rdist,5,K+K+,graph-pr2000x2-s3,test,graph,graph-pr2000x2,0.1,167,53145,49968,0
graph,aging+sfreq+idle+dirty+refaults,5,K+K+,graph-pr2000x2-s3,test,graph,graph-pr2000x2,0.1,167,164845,29901,1
graph,aging+sfreq+idle+dirty+rdist,5,K+K+,graph-pr2000x2-s3,test,graph,graph-pr2000x2,0.1,167,127198,40385,0
graph,aging+sfreq+idle+refaults+rdist,5,K+K+,graph-pr2000x2-s3,test,graph,graph-pr2000x2,0.1,167,164845,106832,1
graph,aging+sfreq+age+dirty+refaults,5,K+K+,graph-pr2000x2-s3,test,graph,graph-pr2000x2,0.1,167,164845,40538,1
graph,aging+sfreq+age+dirty+rdist,5,K+K+,graph-pr2000x2-s3,test,graph,graph-pr2000x2,0.1,167,164845,26858,1
graph,aging+sfreq+age+refaults+rdist,5,K+K+,graph-pr2000x2-s3,test,graph,graph-pr2000x2,0.1,167,164845,107910,1
graph,aging+sfreq+dirty+refaults+rdist,5,K+K+,graph-pr2000x2-s3,test,graph,graph-pr2000x2,0.1,167,164845,51062,1
graph,aging+idle+age+dirty+refaults,5,K+K+,graph-pr2000x2-s3,test,graph,graph-pr2000x2,0.1,167,164845,32165,1
graph,aging+idle+age+dirty+rdist,5,K+K+,graph-pr2000x2-s3,test,graph,graph-pr2000x2,0.1,167,162535,38555,0
graph,aging+idle+age+refaults+rdist,5,K+K+,graph-pr2000x2-s3,test,graph,graph-pr2000x2,0.1,167,153956,49709,0
graph,aging+idle+dirty+refaults+rdist,5,K+K+,graph-pr2000x2-s3,test,graph,graph-pr2000x2,0.1,167,76949,41728,0
graph,aging+age+dirty+refaults+rdist,5,K+K+,graph-pr2000x2-s3,test,graph,graph-pr2000x2,0.1,167,164845,87846,1
graph,sfreq+idle+age+dirty+refaults,5,K+K+,graph-pr2000x2-s3,test,graph,graph-pr2000x2,0.1,167,164845,21186,1
graph,sfreq+idle+age+dirty+rdist,5,K+K+,graph-pr2000x2-s3,test,graph,graph-pr2000x2,0.1,167,62084,41899,0
graph,sfreq+idle+age+refaults+rdist,5,K+K+,graph-pr2000x2-s3,test,graph,graph-pr2000x2,0.1,167,164845,57540,1
graph,sfreq+idle+dirty+refaults+rdist,5,K+K+,graph-pr2000x2-s3,test,graph,graph-pr2000x2,0.1,167,164845,59788,1
graph,sfreq+age+dirty+refaults+rdist,5,K+K+,graph-pr2000x2-s3,test,graph,graph-pr2000x2,0.1,167,164845,60541,1
graph,idle+age+dirty+refaults+rdist,5,K+K+,graph-pr2000x2-s3,test,graph,graph-pr2000x2,0.1,167,164845,32008,1
graph,ref+aging+sfreq+idle+age+dirty,6,K,graph-pr2000x2-s3,test,graph,graph-pr2000x2,0.1,167,164845,17491,1
graph,ref+aging+sfreq+idle+age+refaults,6,K+K+,graph-pr2000x2-s3,test,graph,graph-pr2000x2,0.1,167,164845,64621,1
graph,ref+aging+sfreq+idle+age+rdist,6,K+K+,graph-pr2000x2-s3,test,graph,graph-pr2000x2,0.1,167,52947,49769,0
graph,ref+aging+sfreq+idle+dirty+refaults,6,K+K+,graph-pr2000x2-s3,test,graph,graph-pr2000x2,0.1,167,164845,36484,1
graph,ref+aging+sfreq+idle+dirty+rdist,6,K+K+,graph-pr2000x2-s3,test,graph,graph-pr2000x2,0.1,167,133647,40311,0
graph,ref+aging+sfreq+idle+refaults+rdist,6,K+K+,graph-pr2000x2-s3,test,graph,graph-pr2000x2,0.1,167,164845,109893,1
graph,ref+aging+sfreq+age+dirty+refaults,6,K+K+,graph-pr2000x2-s3,test,graph,graph-pr2000x2,0.1,167,164845,39858,1
graph,ref+aging+sfreq+age+dirty+rdist,6,K+K+,graph-pr2000x2-s3,test,graph,graph-pr2000x2,0.1,167,164845,35670,1
graph,ref+aging+sfreq+age+refaults+rdist,6,K+K+,graph-pr2000x2-s3,test,graph,graph-pr2000x2,0.1,167,164845,109156,1
graph,ref+aging+sfreq+dirty+refaults+rdist,6,K+K+,graph-pr2000x2-s3,test,graph,graph-pr2000x2,0.1,167,164845,47697,1
graph,ref+aging+idle+age+dirty+refaults,6,K+K+,graph-pr2000x2-s3,test,graph,graph-pr2000x2,0.1,167,164845,35290,1
graph,ref+aging+idle+age+dirty+rdist,6,K+K+,graph-pr2000x2-s3,test,graph,graph-pr2000x2,0.1,167,164845,37719,1
graph,ref+aging+idle+age+refaults+rdist,6,K+K+,graph-pr2000x2-s3,test,graph,graph-pr2000x2,0.1,167,147967,54224,0
graph,ref+aging+idle+dirty+refaults+rdist,6,K+K+,graph-pr2000x2-s3,test,graph,graph-pr2000x2,0.1,167,78159,41953,0
graph,ref+aging+age+dirty+refaults+rdist,6,K+K+,graph-pr2000x2-s3,test,graph,graph-pr2000x2,0.1,167,164845,97712,1
graph,ref+sfreq+idle+age+dirty+refaults,6,K+K+,graph-pr2000x2-s3,test,graph,graph-pr2000x2,0.1,167,164845,20764,1
graph,ref+sfreq+idle+age+dirty+rdist,6,K+K+,graph-pr2000x2-s3,test,graph,graph-pr2000x2,0.1,167,124548,40838,0
graph,ref+sfreq+idle+age+refaults+rdist,6,K+K+,graph-pr2000x2-s3,test,graph,graph-pr2000x2,0.1,167,164845,57986,1
graph,ref+sfreq+idle+dirty+refaults+rdist,6,K+K+,graph-pr2000x2-s3,test,graph,graph-pr2000x2,0.1,167,164845,71633,1
graph,ref+sfreq+age+dirty+refaults+rdist,6,K+K+,graph-pr2000x2-s3,test,graph,graph-pr2000x2,0.1,167,164845,69363,1
graph,ref+idle+age+dirty+refaults+rdist,6,K+K+,graph-pr2000x2-s3,test,graph,graph-pr2000x2,0.1,167,164845,31655,1
graph,aging+sfreq+idle+age+dirty+refaults,6,K+K+,graph-pr2000x2-s3,test,graph,graph-pr2000x2,0.1,167,164845,34252,1
graph,aging+sfreq+idle+age+dirty+rdist,6,K+K+,graph-pr2000x2-s3,test,graph,graph-pr2000x2,0.1,167,158179,39622,0
graph,aging+sfreq+idle+age+refaults+rdist,6,K+K+,graph-pr2000x2-s3,test,graph,graph-pr2000x2,0.1,167,164845,70132,1
graph,aging+sfreq+idle+dirty+refaults+rdist,6,K+K+,graph-pr2000x2-s3,test,graph,graph-pr2000x2,0.1,167,164845,76810,1
graph,aging+sfreq+age+dirty+refaults+rdist,6,K+K+,graph-pr2000x2-s3,test,graph,graph-pr2000x2,0.1,167,164845,54910,1
graph,aging+idle+age+dirty+refaults+rdist,6,K+K+,graph-pr2000x2-s3,test,graph,graph-pr2000x2,0.1,167,164845,41371,1
graph,sfreq+idle+age+dirty+refaults+rdist,6,K+K+,graph-pr2000x2-s3,test,graph,graph-pr2000x2,0.1,167,164845,41238,1
graph,ref+aging+sfreq+idle+age+dirty+refaults,7,K+K+,graph-pr2000x2-s3,test,graph,graph-pr2000x2,0.1,167,164845,37267,1
graph,ref+aging+sfreq+idle+age+dirty+rdist,7,K+K+,graph-pr2000x2-s3,test,graph,graph-pr2000x2,0.1,167,152967,40011,0
graph,ref+aging+sfreq+idle+age+refaults+rdist,7,K+K+,graph-pr2000x2-s3,test,graph,graph-pr2000x2,0.1,167,164845,68137,1
graph,ref+aging+sfreq+idle+dirty+refaults+rdist,7,K+K+,graph-pr2000x2-s3,test,graph,graph-pr2000x2,0.1,167,164845,79852,1
graph,ref+aging+sfreq+age+dirty+refaults+rdist,7,K+K+,graph-pr2000x2-s3,test,graph,graph-pr2000x2,0.1,167,164845,48554,1
graph,ref+aging+idle+age+dirty+refaults+rdist,7,K+K+,graph-pr2000x2-s3,test,graph,graph-pr2000x2,0.1,167,164845,40971,1
graph,ref+sfreq+idle+age+dirty+refaults+rdist,7,K+K+,graph-pr2000x2-s3,test,graph,graph-pr2000x2,0.1,167,164845,48107,1
graph,aging+sfreq+idle+age+dirty+refaults+rdist,7,K+K+,graph-pr2000x2-s3,test,graph,graph-pr2000x2,0.1,167,164845,56874,1
graph,ref+aging+sfreq+idle+age+dirty+refaults+rdist,8,K+K+,graph-pr2000x2-s3,test,graph,graph-pr2000x2,0.1,167,164845,55337,1
graph,rec+ref+aging+sfreq+idle+age+dirty,7,F+K,graph-pr2000x2-s3,test,graph,graph-pr2000x2,0.1,167,42712,41046,0
graph,rec+ref+aging+sfreq+idle+age+dirty+refaults+rdist,9,F+K+K+,graph-pr2000x2-s3,test,graph,graph-pr2000x2,0.1,167,56808,53347,0
graph,freq+ref+aging+sfreq+idle+age+dirty,7,F+K,graph-pr2000x2-s3,test,graph,graph-pr2000x2,0.1,167,164845,8439,1
graph,freq+ref+aging+sfreq+idle+age+dirty+refaults+rdist,9,F+K+K+,graph-pr2000x2-s3,test,graph,graph-pr2000x2,0.1,167,164845,76307,1
graph,sd+ref+aging+sfreq+idle+age+dirty,7,F+K,graph-pr2000x2-s3,test,graph,graph-pr2000x2,0.1,167,44666,42967,0
graph,sd+ref+aging+sfreq+idle+age+dirty+refaults+rdist,9,F+K+K+,graph-pr2000x2-s3,test,graph,graph-pr2000x2,0.1,167,164845,119474,1
graph,wr+ref+aging+sfreq+idle+age+dirty,7,F+K,graph-pr2000x2-s3,test,graph,graph-pr2000x2,0.1,167,164845,6903,1
graph,wr+ref+aging+sfreq+idle+age+dirty+refaults+rdist,9,F+K+K+,graph-pr2000x2-s3,test,graph,graph-pr2000x2,0.1,167,164845,14428,1
graph,rec+freq+ref+aging+sfreq+idle+age+dirty,8,F+K,graph-pr2000x2-s3,test,graph,graph-pr2000x2,0.1,167,43900,39175,0
graph,rec+freq+ref+aging+sfreq+idle+age+dirty+refaults+rdist,10,F+K+K+,graph-pr2000x2-s3,test,graph,graph-pr2000x2,0.1,167,43222,40943,0
graph,rec+sd+ref+aging+sfreq+idle+age+dirty,8,F+K,graph-pr2000x2-s3,test,graph,graph-pr2000x2,0.1,167,44092,42426,0
graph,rec+sd+ref+aging+sfreq+idle+age+dirty+refaults+rdist,10,F+K+K+,graph-pr2000x2-s3,test,graph,graph-pr2000x2,0.1,167,45574,41091,0
graph,rec+wr+ref+aging+sfreq+idle+age+dirty,8,F+K,graph-pr2000x2-s3,test,graph,graph-pr2000x2,0.1,167,164845,8000,1
graph,rec+wr+ref+aging+sfreq+idle+age+dirty+refaults+rdist,10,F+K+K+,graph-pr2000x2-s3,test,graph,graph-pr2000x2,0.1,167,112817,96195,0
graph,freq+sd+ref+aging+sfreq+idle+age+dirty,8,F+K,graph-pr2000x2-s3,test,graph,graph-pr2000x2,0.1,167,164845,60255,1
graph,freq+sd+ref+aging+sfreq+idle+age+dirty+refaults+rdist,10,F+K+K+,graph-pr2000x2-s3,test,graph,graph-pr2000x2,0.1,167,164845,120284,1
graph,freq+wr+ref+aging+sfreq+idle+age+dirty,8,F+K,graph-pr2000x2-s3,test,graph,graph-pr2000x2,0.1,167,164845,6450,1
graph,freq+wr+ref+aging+sfreq+idle+age+dirty+refaults+rdist,10,F+K+K+,graph-pr2000x2-s3,test,graph,graph-pr2000x2,0.1,167,164845,22873,1
graph,sd+wr+ref+aging+sfreq+idle+age+dirty,8,F+K,graph-pr2000x2-s3,test,graph,graph-pr2000x2,0.1,167,164845,7969,1
graph,sd+wr+ref+aging+sfreq+idle+age+dirty+refaults+rdist,10,F+K+K+,graph-pr2000x2-s3,test,graph,graph-pr2000x2,0.1,167,164845,33855,1
graph,rec+freq+sd+ref+aging+sfreq+idle+age+dirty,9,F+K,graph-pr2000x2-s3,test,graph,graph-pr2000x2,0.1,167,146343,38050,0
graph,rec+freq+sd+ref+aging+sfreq+idle+age+dirty+refaults+rdist,11,F+K+K+,graph-pr2000x2-s3,test,graph,graph-pr2000x2,0.1,167,45072,40884,0
graph,rec+freq+wr+ref+aging+sfreq+idle+age+dirty,9,F+K,graph-pr2000x2-s3,test,graph,graph-pr2000x2,0.1,167,164845,8355,1
graph,rec+freq+wr+ref+aging+sfreq+idle+age+dirty+refaults+rdist,11,F+K+K+,graph-pr2000x2-s3,test,graph,graph-pr2000x2,0.1,167,56326,49188,0
graph,rec+sd+wr+ref+aging+sfreq+idle+age+dirty,9,F+K,graph-pr2000x2-s3,test,graph,graph-pr2000x2,0.1,167,164845,6862,1
graph,rec+sd+wr+ref+aging+sfreq+idle+age+dirty+refaults+rdist,11,F+K+K+,graph-pr2000x2-s3,test,graph,graph-pr2000x2,0.1,167,131500,38442,0
graph,freq+sd+wr+ref+aging+sfreq+idle+age+dirty,9,F+K,graph-pr2000x2-s3,test,graph,graph-pr2000x2,0.1,167,164845,5879,1
graph,freq+sd+wr+ref+aging+sfreq+idle+age+dirty+refaults+rdist,11,F+K+K+,graph-pr2000x2-s3,test,graph,graph-pr2000x2,0.1,167,164845,72062,1
graph,rec+freq+sd+wr+ref+aging+sfreq+idle+age+dirty,10,F+K,graph-pr2000x2-s3,test,graph,graph-pr2000x2,0.1,167,164845,6437,1
graph,rec+freq+sd+wr+ref+aging+sfreq+idle+age+dirty+refaults+rdist,12,F+K+K+,graph-pr2000x2-s3,test,graph,graph-pr2000x2,0.1,167,164845,12291,1
global,rec,1,F,graph-pr2000x2-s3,test,graph,graph-pr2000x2,0.1,167,53936,52271,0
global,freq,1,F,graph-pr2000x2-s3,test,graph,graph-pr2000x2,0.1,167,164845,5069,1
global,sd,1,F,graph-pr2000x2-s3,test,graph,graph-pr2000x2,0.1,167,53936,52271,0
global,wr,1,F,graph-pr2000x2-s3,test,graph,graph-pr2000x2,0.1,167,164845,164677,1
global,rec+freq,2,F,graph-pr2000x2-s3,test,graph,graph-pr2000x2,0.1,167,50972,49308,0
global,rec+sd,2,F,graph-pr2000x2-s3,test,graph,graph-pr2000x2,0.1,167,53941,52276,0
global,rec+wr,2,F,graph-pr2000x2-s3,test,graph,graph-pr2000x2,0.1,167,54033,52368,0
global,freq+sd,2,F,graph-pr2000x2-s3,test,graph,graph-pr2000x2,0.1,167,73951,72288,0
global,freq+wr,2,F,graph-pr2000x2-s3,test,graph,graph-pr2000x2,0.1,167,164845,63473,1
global,sd+wr,2,F,graph-pr2000x2-s3,test,graph,graph-pr2000x2,0.1,167,73328,71665,0
global,rec+freq+sd,3,F,graph-pr2000x2-s3,test,graph,graph-pr2000x2,0.1,167,49879,48214,0
global,rec+freq+wr,3,F,graph-pr2000x2-s3,test,graph,graph-pr2000x2,0.1,167,49949,48285,0
global,rec+sd+wr,3,F,graph-pr2000x2-s3,test,graph,graph-pr2000x2,0.1,167,54707,53042,0
global,freq+sd+wr,3,F,graph-pr2000x2-s3,test,graph,graph-pr2000x2,0.1,167,74225,72562,0
global,rec+freq+sd+wr,4,F,graph-pr2000x2-s3,test,graph,graph-pr2000x2,0.1,167,49888,48223,0
global,ref,1,K,graph-pr2000x2-s3,test,graph,graph-pr2000x2,0.1,167,100824,98830,0
global,aging,1,K,graph-pr2000x2-s3,test,graph,graph-pr2000x2,0.1,167,91873,90211,0
global,sfreq,1,K,graph-pr2000x2-s3,test,graph,graph-pr2000x2,0.1,167,164845,16286,1
global,idle,1,K,graph-pr2000x2-s3,test,graph,graph-pr2000x2,0.1,167,54003,52338,0
global,age,1,K,graph-pr2000x2-s3,test,graph,graph-pr2000x2,0.1,167,100806,98809,0
global,dirty,1,K,graph-pr2000x2-s3,test,graph,graph-pr2000x2,0.1,167,164845,164677,1
global,refaults,1,K+,graph-pr2000x2-s3,test,graph,graph-pr2000x2,0.1,167,164845,64675,1
global,rdist,1,K+,graph-pr2000x2-s3,test,graph,graph-pr2000x2,0.1,167,164845,164677,1
global,ref+aging,2,K,graph-pr2000x2-s3,test,graph,graph-pr2000x2,0.1,167,91873,90211,0
global,ref+sfreq,2,K,graph-pr2000x2-s3,test,graph,graph-pr2000x2,0.1,167,164845,163533,1
global,ref+idle,2,K,graph-pr2000x2-s3,test,graph,graph-pr2000x2,0.1,167,54003,52338,0
global,ref+age,2,K,graph-pr2000x2-s3,test,graph,graph-pr2000x2,0.1,167,100824,98830,0
global,ref+dirty,2,K,graph-pr2000x2-s3,test,graph,graph-pr2000x2,0.1,167,164845,164677,1
global,ref+refaults,2,K+K+,graph-pr2000x2-s3,test,graph,graph-pr2000x2,0.1,167,70698,64923,0
global,ref+rdist,2,K+K+,graph-pr2000x2-s3,test,graph,graph-pr2000x2,0.1,167,164845,164677,1
global,aging+sfreq,2,K,graph-pr2000x2-s3,test,graph,graph-pr2000x2,0.1,167,164845,162588,1
global,aging+idle,2,K,graph-pr2000x2-s3,test,graph,graph-pr2000x2,0.1,167,54008,52343,0
global,aging+age,2,K,graph-pr2000x2-s3,test,graph,graph-pr2000x2,0.1,167,164845,163513,1
global,aging+dirty,2,K,graph-pr2000x2-s3,test,graph,graph-pr2000x2,0.1,167,164845,164677,1
global,aging+refaults,2,K+K+,graph-pr2000x2-s3,test,graph,graph-pr2000x2,0.1,167,68682,66468,0
global,aging+rdist,2,K+K+,graph-pr2000x2-s3,test,graph,graph-pr2000x2,0.1,167,164845,164677,1
global,sfreq+idle,2,K,graph-pr2000x2-s3,test,graph,graph-pr2000x2,0.1,167,51199,49535,0
global,sfreq+age,2,K,graph-pr2000x2-s3,test,graph,graph-pr2000x2,0.1,167,164845,164677,1
global,sfreq+dirty,2,K,graph-pr2000x2-s3,test,graph,graph-pr2000x2,0.1,167,164845,30786,1
global,sfreq+refaults,2,K+K+,graph-pr2000x2-s3,test,graph,graph-pr2000x2,0.1,167,164845,74530,1
global,sfreq+rdist,2,K+K+,graph-pr2000x2-s3,test,graph,graph-pr2000x2,0.1,167,164845,157427,1
global,idle+age,2,K,graph-pr2000x2-s3,test,graph,graph-pr2000x2,0.1,167,50193,48528,0
global,idle+dirty,2,K,graph-pr2000x2-s3,test,graph,graph-pr2000x2,0.1,167,57622,55957,0
global,idle+refaults,2,K+K+,graph-pr2000x2-s3,test,graph,graph-pr2000x2,0.1,167,50953,44256,0
global,idle+rdist,2,K+K+,graph-pr2000x2-s3,test,graph,graph-pr2000x2,0.1,167,63858,60694,0
global,age+dirty,2,K,graph-pr2000x2-s3,test,graph,graph-pr2000x2,0.1,167,133126,131135,0
global,age+refaults,2,K+K+,graph-pr2000x2-s3,test,graph,graph-pr2000x2,0.1,167,164845,83542,1
global,age+rdist,2,K+K+,graph-pr2000x2-s3,test,graph,graph-pr2000x2,0.1,167,164845,164677,1
global,dirty+refaults,2,K+K+,graph-pr2000x2-s3,test,graph,graph-pr2000x2,0.1,167,164845,54715,1
global,dirty+rdist,2,K+K+,graph-pr2000x2-s3,test,graph,graph-pr2000x2,0.1,167,164845,164677,1
global,refaults+rdist,2,K+,graph-pr2000x2-s3,test,graph,graph-pr2000x2,0.1,167,164845,69880,1
global,ref+aging+sfreq,3,K,graph-pr2000x2-s3,test,graph,graph-pr2000x2,0.1,167,164845,161561,1
global,ref+aging+idle,3,K,graph-pr2000x2-s3,test,graph,graph-pr2000x2,0.1,167,54008,52343,0
global,ref+aging+age,3,K,graph-pr2000x2-s3,test,graph,graph-pr2000x2,0.1,167,164845,163513,1
global,ref+aging+dirty,3,K,graph-pr2000x2-s3,test,graph,graph-pr2000x2,0.1,167,164845,164677,1
global,ref+aging+refaults,3,K+K+,graph-pr2000x2-s3,test,graph,graph-pr2000x2,0.1,167,69668,67763,0
global,ref+aging+rdist,3,K+K+,graph-pr2000x2-s3,test,graph,graph-pr2000x2,0.1,167,164845,164677,1
global,ref+sfreq+idle,3,K,graph-pr2000x2-s3,test,graph,graph-pr2000x2,0.1,167,49995,48331,0
global,ref+sfreq+age,3,K,graph-pr2000x2-s3,test,graph,graph-pr2000x2,0.1,167,164845,164676,1
global,ref+sfreq+dirty,3,K,graph-pr2000x2-s3,test,graph,graph-pr2000x2,0.1,167,164845,163267,1
global,ref+sfreq+refaults,3,K+K+,graph-pr2000x2-s3,test,graph,graph-pr2000x2,0.1,167,164845,90705,1
global,ref+sfreq+rdist,3,K+K+,graph-pr2000x2-s3,test,graph,graph-pr2000x2,0.1,167,164845,161504,1
global,ref+idle+age,3,K,graph-pr2000x2-s3,test,graph,graph-pr2000x2,0.1,167,48896,47232,0
global,ref+idle+dirty,3,K,graph-pr2000x2-s3,test,graph,graph-pr2000x2,0.1,167,57117,55452,0
global,ref+idle+refaults,3,K+K+,graph-pr2000x2-s3,test,graph,graph-pr2000x2,0.1,167,48603,45238,0
global,ref+idle+rdist,3,K+K+,graph-pr2000x2-s3,test,graph,graph-pr2000x2,0.1,167,73101,69936,0
global,ref+age+dirty,3,K,graph-pr2000x2-s3,test,graph,graph-pr2000x2,0.1,167,164845,163458,1
global,ref+age+refaults,3,K+K+,graph-pr2000x2-s3,test,graph,graph-pr2000x2,0.1,167,164845,131136,1
global,ref+age+rdist,3,K+K+,graph-pr2000x2-s3,test,graph,graph-pr2000x2,0.1,167,164845,164677,1
global,ref+dirty+refaults,3,K+K+,graph-pr2000x2-s3,test,graph,graph-pr2000x2,0.1,167,74285,64719,0
global,ref+dirty+rdist,3,K+K+,graph-pr2000x2-s3,test,graph,graph-pr2000x2,0.1,167,164845,164677,1
global,ref+refaults+rdist,3,K+K+,graph-pr2000x2-s3,test,graph,graph-pr2000x2,0.1,167,87925,75811,0
global,aging+sfreq+idle,3,K,graph-pr2000x2-s3,test,graph,graph-pr2000x2,0.1,167,140028,138375,0
global,aging+sfreq+age,3,K,graph-pr2000x2-s3,test,graph,graph-pr2000x2,0.1,167,164845,162587,1
global,aging+sfreq+dirty,3,K,graph-pr2000x2-s3,test,graph,graph-pr2000x2,0.1,167,164845,163889,1
global,aging+sfreq+refaults,3,K+K+,graph-pr2000x2-s3,test,graph,graph-pr2000x2,0.1,167,164845,125848,1
global,aging+sfreq+rdist,3,K+K+,graph-pr2000x2-s3,test,graph,graph-pr2000x2,0.1,167,164845,164057,1
global,aging+idle+age,3,K,graph-pr2000x2-s3,test,graph,graph-pr2000x2,0.1,167,47720,46056,0
global,aging+idle+dirty,3,K,graph-pr2000x2-s3,test,graph,graph-pr2000x2,0.1,167,56031,54366,0
global,aging+idle+refaults,3,K+K+,graph-pr2000x2-s3,test,graph,graph-pr2000x2,0.1,167,51180,49068,0
global,aging+idle+rdist,3,K+K+,graph-pr2000x2-s3,test,graph,graph-pr2000x2,0.1,167,164845,157685,1
global,aging+age+dirty,3,K,graph-pr2000x2-s3,test,graph,graph-pr2000x2,0.1,167,164845,164228,1
global,aging+age+refaults,3,K+K+,graph-pr2000x2-s3,test,graph,graph-pr2000x2,0.1,167,164845,159421,1
global,aging+age+rdist,3,K+K+,graph-pr2000x2-s3,test,graph,graph-pr2000x2,0.1,167,164845,163686,1
global,aging+dirty+refaults,3,K+K+,graph-pr2000x2-s3,test,graph,graph-pr2000x2,0.1,167,68891,66167,0
global,aging+dirty+rdist,3,K+K+,graph-pr2000x2-s3,test,graph,graph-pr2000x2,0.1,167,164845,164677,1
global,aging+refaults+rdist,3,K+K+,graph-pr2000x2-s3,test,graph,graph-pr2000x2,0.1,167,80971,76950,0
global,sfreq+idle+age,3,K,graph-pr2000x2-s3,test,graph,graph-pr2000x2,0.1,167,49674,48009,0
global,sfreq+idle+dirty,3,K,graph-pr2000x2-s3,test,graph,graph-pr2000x2,0.1,167,58085,56421,0
global,sfreq+idle+refaults,3,K+K+,graph-pr2000x2-s3,test,graph,graph-pr2000x2,0.1,167,164845,69488,1
global,sfreq+idle+rdist,3,K+K+,graph-pr2000x2-s3,test,graph,graph-pr2000x2,0.1,167,62978,59814,0
global,sfreq+age+dirty,3,K,graph-pr2000x2-s3,test,graph,graph-pr2000x2,0.1,167,164845,164677,1
global,sfreq+age+refaults,3,K+K+,graph-pr2000x2-s3,test,graph,graph-pr2000x2,0.1,167,164845,109576,1
global,sfreq+age+rdist,3,K+K+,graph-pr2000x2-s3,test,graph,graph-pr2000x2,0.1,167,164845,164677,1
global,sfreq+dirty+refaults,3,K+K+,graph-pr2000x2-s3,test,graph,graph-pr2000x2,0.1,167,164845,77714,1
global,sfreq+dirty+rdist,3,K+K+,graph-pr2000x2-s3,test,graph,graph-pr2000x2,0.1,167,164845,116867,1
global,sfreq+refaults+rdist,3,K+K+,graph-pr2000x2-s3,test,graph,graph-pr2000x2,0.1,167,164845,76157,1
global,idle+age+dirty,3,K,graph-pr2000x2-s3,test,graph,graph-pr2000x2,0.1,167,55673,54009,0
global,idle+age+refaults,3,K+K+,graph-pr2000x2-s3,test,graph,graph-pr2000x2,0.1,167,101823,42646,0
global,idle+age+rdist,3,K+K+,graph-pr2000x2-s3,test,graph,graph-pr2000x2,0.1,167,59921,56756,0
global,idle+dirty+refaults,3,K+K+,graph-pr2000x2-s3,test,graph,graph-pr2000x2,0.1,167,52070,43794,0
global,idle+dirty+rdist,3,K+K+,graph-pr2000x2-s3,test,graph,graph-pr2000x2,0.1,167,99707,96544,0
global,idle+refaults+rdist,3,K+K+,graph-pr2000x2-s3,test,graph,graph-pr2000x2,0.1,167,65462,47193,0
global,age+dirty+refaults,3,K+K+,graph-pr2000x2-s3,test,graph,graph-pr2000x2,0.1,167,164845,81549,1
global,age+dirty+rdist,3,K+K+,graph-pr2000x2-s3,test,graph,graph-pr2000x2,0.1,167,164845,164677,1
global,age+refaults+rdist,3,K+K+,graph-pr2000x2-s3,test,graph,graph-pr2000x2,0.1,167,164845,74977,1
global,dirty+refaults+rdist,3,K+K+,graph-pr2000x2-s3,test,graph,graph-pr2000x2,0.1,167,164845,88001,1
global,ref+aging+sfreq+idle,4,K,graph-pr2000x2-s3,test,graph,graph-pr2000x2,0.1,167,164845,161537,1
global,ref+aging+sfreq+age,4,K,graph-pr2000x2-s3,test,graph,graph-pr2000x2,0.1,167,164845,163514,1
global,ref+aging+sfreq+dirty,4,K,graph-pr2000x2-s3,test,graph,graph-pr2000x2,0.1,167,164845,162079,1
global,ref+aging+sfreq+refaults,4,K+K+,graph-pr2000x2-s3,test,graph,graph-pr2000x2,0.1,167,164845,119486,1
global,ref+aging+sfreq+rdist,4,K+K+,graph-pr2000x2-s3,test,graph,graph-pr2000x2,0.1,167,164845,163549,1
global,ref+aging+idle+age,4,K,graph-pr2000x2-s3,test,graph,graph-pr2000x2,0.1,167,164845,164463,1
global,ref+aging+idle+dirty,4,K,graph-pr2000x2-s3,test,graph,graph-pr2000x2,0.1,167,56050,54385,0
global,ref+aging+idle+refaults,4,K+K+,graph-pr2000x2-s3,test,graph,graph-pr2000x2,0.1,167,52073,50142,0
global,ref+aging+idle+rdist,4,K+K+,graph-pr2000x2-s3,test,graph,graph-pr2000x2,0.1,167,164845,156167,1
global,ref+aging+age+dirty,4,K,graph-pr2000x2-s3,test,graph,graph-pr2000x2,0.1,167,164845,163560,1
global,ref+aging+age+refaults,4,K+K+,graph-pr2000x2-s3,test,graph,graph-pr2000x2,0.1,167,164845,159062,1
global,ref+aging+age+rdist,4,K+K+,graph-pr2000x2-s3,test,graph,graph-pr2000x2,0.1,167,164845,159436,1
global,ref+aging+dirty+refaults,4,K+K+,graph-pr2000x2-s3,test,graph,graph-pr2000x2,0.1,167,68502,66333,0
global,ref+aging+dirty+rdist,4,K+K+,graph-pr2000x2-s3,test,graph,graph-pr2000x2,0.1,167,164845,164677,1
global,ref+aging+refaults+rdist,4,K+K+,graph-pr2000x2-s3,test,graph,graph-pr2000x2,0.1,167,80331,76128,0
global,ref+sfreq+idle+age,4,K,graph-pr2000x2-s3,test,graph,graph-pr2000x2,0.1,167,48763,47098,0
global,ref+sfreq+idle+dirty,4,K,graph-pr2000x2-s3,test,graph,graph-pr2000x2,0.1,167,56459,54795,0
global,ref+sfreq+idle+refaults,4,K+K+,graph-pr2000x2-s3,test,graph,graph-pr2000x2,0.1,167,164845,116805,1
global,ref+sfreq+idle+rdist,4,K+K+,graph-pr2000x2-s3,test,graph,graph-pr2000x2,0.1,167,72753,69588,0
global,ref+sfreq+age+dirty,4,K,graph-pr2000x2-s3,test,graph,graph-pr2000x2,0.1,167,164845,164677,1
global,ref+sfreq+age+refaults,4,K+K+,graph-pr2000x2-s3,test,graph,graph-pr2000x2,0.1,167,164845,104177,1
global,ref+sfreq+age+rdist,4,K+K+,graph-pr2000x2-s3,test,graph,graph-pr2000x2,0.1,167,164845,164677,1
global,ref+sfreq+dirty+refaults,4,K+K+,graph-pr2000x2-s3,test,graph,graph-pr2000x2,0.1,167,164845,95353,1
global,ref+sfreq+dirty+rdist,4,K+K+,graph-pr2000x2-s3,test,graph,graph-pr2000x2,0.1,167,164845,156033,1
global,ref+sfreq+refaults+rdist,4,K+K+,graph-pr2000x2-s3,test,graph,graph-pr2000x2,0.1,167,164845,89676,1
global,ref+idle+age+dirty,4,K,graph-pr2000x2-s3,test,graph,graph-pr2000x2,0.1,167,54033,52369,0
global,ref+idle+age+refaults,4,K+K+,graph-pr2000x2-s3,test,graph,graph-pr2000x2,0.1,167,105126,46158,0
global,ref+idle+age+rdist,4,K+K+,graph-pr2000x2-s3,test,graph,graph-pr2000x2,0.1,167,66012,62847,0
global,ref+idle+dirty+refaults,4,K+K+,graph-pr2000x2-s3,test,graph,graph-pr2000x2,0.1,167,48817,44484,0
global,ref+idle+dirty+rdist,4,K+K+,graph-pr2000x2-s3,test,graph,graph-pr2000x2,0.1,167,159655,156492,0
global,ref+idle+refaults+rdist,4,K+K+,graph-pr2000x2-s3,test,graph,graph-pr2000x2,0.1,167,64966,58991,0
global,ref+age+dirty+refaults,4,K+K+,graph-pr2000x2-s3,test,graph,graph-pr2000x2,0.1,167,164845,132743,1
global,ref+age+dirty+rdist,4,K+K+,graph-pr2000x2-s3,test,graph,graph-pr2000x2,0.1,167,164845,164677,1
global,ref+age+refaults+rdist,4,K+K+,graph-pr2000x2-s3,test,graph,graph-pr2000x2,0.1,167,164845,128861,1
global,ref+dirty+refaults+rdist,4,K+K+,graph-pr2000x2-s3,test,graph,graph-pr2000x2,0.1,167,86631,76085,0
global,aging+sfreq+idle+age,4,K,graph-pr2000x2-s3,test,graph,graph-pr2000x2,0.1,167,45504,43838,0
global,aging+sfreq+idle+dirty,4,K,graph-pr2000x2-s3,test,graph,graph-pr2000x2,0.1,167,164845,164533,1
global,aging+sfreq+idle+refaults,4,K+K+,graph-pr2000x2-s3,test,graph,graph-pr2000x2,0.1,167,164845,121964,1
global,aging+sfreq+idle+rdist,4,K+K+,graph-pr2000x2-s3,test,graph,graph-pr2000x2,0.1,167,164845,152053,1
global,aging+sfreq+age+dirty,4,K,graph-pr2000x2-s3,test,graph,graph-pr2000x2,0.1,167,164845,163904,1
global,aging+sfreq+age+refaults,4,K+K+,graph-pr2000x2-s3,test,graph,graph-pr2000x2,0.1,167,164845,135981,1
global,aging+sfreq+age+rdist,4,K+K+,graph-pr2000x2-s3,test,graph,graph-pr2000x2,0.1,167,164845,162546,1
global,aging+sfreq+dirty+refaults,4,K+K+,graph-pr2000x2-s3,test,graph,graph-pr2000x2,0.1,167,164845,115302,1
global,aging+sfreq+dirty+rdist,4,K+K+,graph-pr2000x2-s3,test,graph,graph-pr2000x2,0.1,167,164845,158709,1
global,aging+sfreq+refaults+rdist,4,K+K+,graph-pr2000x2-s3,test,graph,graph-pr2000x2,0.1,167,164845,122621,1
global,aging+idle+age+dirty,4,K,graph-pr2000x2-s3,test,graph,graph-pr2000x2,0.1,167,51716,50052,0
global,aging+idle+age+refaults,4,K+K+,graph-pr2000x2-s3,test,graph,graph-pr2000x2,0.1,167,132478,81380,0
global,aging+idle+age+rdist,4,K+K+,graph-pr2000x2-s3,test,graph,graph-pr2000x2,0.1,167,164845,164044,1
global,aging+idle+dirty+refaults,4,K+K+,graph-pr2000x2-s3,test,graph,graph-pr2000x2,0.1,167,49692,47246,0
global,aging+idle+dirty+rdist,4,K+K+,graph-pr2000x2-s3,test,graph,graph-pr2000x2,0.1,167,164845,159215,1
global,aging+idle+refaults+rdist,4,K+K+,graph-pr2000x2-s3,test,graph,graph-pr2000x2,0.1,167,164845,157753,1
global,aging+age+dirty+refaults,4,K+K+,graph-pr2000x2-s3,test,graph,graph-pr2000x2,0.1,167,164845,159071,1
global,aging+age+dirty+rdist,4,K+K+,graph-pr2000x2-s3,test,graph,graph-pr2000x2,0.1,167,164845,161824,1
global,aging+age+refaults+rdist,4,K+K+,graph-pr2000x2-s3,test,graph,graph-pr2000x2,0.1,167,164845,147413,1
global,aging+dirty+refaults+rdist,4,K+K+,graph-pr2000x2-s3,test,graph,graph-pr2000x2,0.1,167,80754,76796,0
global,sfreq+idle+age+dirty,4,K,graph-pr2000x2-s3,test,graph,graph-pr2000x2,0.1,167,54698,53034,0
global,sfreq+idle+age+refaults,4,K+K+,graph-pr2000x2-s3,test,graph,graph-pr2000x2,0.1,167,128286,44324,0
global,sfreq+idle+age+rdist,4,K+K+,graph-pr2000x2-s3,test,graph,graph-pr2000x2,0.1,167,55618,52454,0
global,sfreq+idle+dirty+refaults,4,K+K+,graph-pr2000x2-s3,test,graph,graph-pr2000x2,0.1,167,164845,75361,1
global,sfreq+idle+dirty+rdist,4,K+K+,graph-pr2000x2-s3,test,graph,graph-pr2000x2,0.1,167,97065,93902,0
global,sfreq+idle+refaults+rdist,4,K+K+,graph-pr2000x2-s3,test,graph,graph-pr2000x2,0.1,167,164845,92925,1
global,sfreq+age+dirty+refaults,4,K+K+,graph-pr2000x2-s3,test,graph,graph-pr2000x2,0.1,167,164845,117755,1
global,sfreq+age+dirty+rdist,4,K+K+,graph-pr2000x2-s3,test,graph,graph-pr2000x2,0.1,167,164845,164677,1
global,sfreq+age+refaults+rdist,4,K+K+,graph-pr2000x2-s3,test,graph,graph-pr2000x2,0.1,167,164845,112175,1
global,sfreq+dirty+refaults+rdist,4,K+K+,graph-pr2000x2-s3,test,graph,graph-pr2000x2,0.1,167,164845,82038,1
global,idle+age+dirty+refaults,4,K+K+,graph-pr2000x2-s3,test,graph,graph-pr2000x2,0.1,167,93405,42687,0
global,idle+age+dirty+rdist,4,K+K+,graph-pr2000x2-s3,test,graph,graph-pr2000x2,0.1,167,86732,83569,0
global,idle+age+refaults+rdist,4,K+K+,graph-pr2000x2-s3,test,graph,graph-pr2000x2,0.1,167,120941,46714,0
global,idle+dirty+refaults+rdist,4,K+K+,graph-pr2000x2-s3,test,graph,graph-pr2000x2,0.1,167,62440,48585,0
global,age+dirty+refaults+rdist,4,K+K+,graph-pr2000x2-s3,test,graph,graph-pr2000x2,0.1,167,164845,78479,1
global,ref+aging+sfreq+idle+age,5,K,graph-pr2000x2-s3,test,graph,graph-pr2000x2,0.1,167,45191,43526,0
global,ref+aging+sfreq+idle+dirty,5,K,graph-pr2000x2-s3,test,graph,graph-pr2000x2,0.1,167,164845,164676,1
global,ref+aging+sfreq+idle+refaults,5,K+K+,graph-pr2000x2-s3,test,graph,graph-pr2000x2,0.1,167,164845,87067,1
global,ref+aging+sfreq+idle+rdist,5,K+K+,graph-pr2000x2-s3,test,graph,graph-pr2000x2,0.1,167,164845,148439,1
global,ref+aging+sfreq+age+dirty,5,K,graph-pr2000x2-s3,test,graph,graph-pr2000x2,0.1,167,164845,163512,1
global,ref+aging+sfreq+age+refaults,5,K+K+,graph-pr2000x2-s3,test,graph,graph-pr2000x2,0.1,167,164845,143018,1
global,ref+aging+sfreq+age+rdist,5,K+K+,graph-pr2000x2-s3,test,graph,graph-pr2000x2,0.1,167,164845,162199,1
global,ref+aging+sfreq+dirty+refaults,5,K+K+,graph-pr2000x2-s3,test,graph,graph-pr2000x2,0.1,167,164845,115170,1
global,ref+aging+sfreq+dirty+rdist,5,K+K+,graph-pr2000x2-s3,test,graph,graph-pr2000x2,0.1,167,164845,154994,1
global,ref+aging+sfreq+refaults+rdist,5,K+K+,graph-pr2000x2-s3,test,graph,graph-pr2000x2,0.1,167,164845,127600,1
global,ref+aging+idle+age+dirty,5,K,graph-pr2000x2-s3,test,graph,graph-pr2000x2,0.1,167,164845,164611,1
global,ref+aging+idle+age+refaults,5,K+K+,graph-pr2000x2-s3,test,graph,graph-pr2000x2,0.1,167,164845,141742,1
global,ref+aging+idle+age+rdist,5,K+K+,graph-pr2000x2-s3,test,graph,graph-pr2000x2,0.1,167,164845,161846,1
global,ref+aging+idle+dirty+refaults,5,K+K+,graph-pr2000x2-s3,test,graph,graph-pr2000x2,0.1,167,50326,48157,0
global,ref+aging+idle+dirty+rdist,5,K+K+,graph-pr2000x2-s3,test,graph,graph-pr2000x2,0.1,167,164845,154545,1
global,ref+aging+idle+refaults+rdist,5,K+K+,graph-pr2000x2-s3,test,graph,graph-pr2000x2,0.1,167,164845,157508,1
global,ref+aging+age+dirty+refaults,5,K+K+,graph-pr2000x2-s3,test,graph,graph-pr2000x2,0.1,167,164845,159872,1
global,ref+aging+age+dirty+rdist,5,K+K+,graph-pr2000x2-s3,test,graph,graph-pr2000x2,0.1,167,164845,164638,1
global,ref+aging+age+refaults+rdist,5,K+K+,graph-pr2000x2-s3,test,graph,graph-pr2000x2,0.1,167,164845,152712,1
global,ref+aging+dirty+refaults+rdist,5,K+K+,graph-pr2000x2-s3,test,graph,graph-pr2000x2,0.1,167,80235,76070,0
global,ref+sfreq+idle+age+dirty,5,K,graph-pr2000x2-s3,test,graph,graph-pr2000x2,0.1,167,52914,51249,0
global,ref+sfreq+idle+age+refaults,5,K+K+,graph-pr2000x2-s3,test,graph,graph-pr2000x2,0.1,167,122593,51569,0
global,ref+sfreq+idle+age+rdist,5,K+K+,graph-pr2000x2-s3,test,graph,graph-pr2000x2,0.1,167,55558,52392,0
global,ref+sfreq+idle+dirty+refaults,5,K+K+,graph-pr2000x2-s3,test,graph,graph-pr2000x2,0.1,167,164845,121290,1
global,ref+sfreq+idle+dirty+rdist,5,K+K+,graph-pr2000x2-s3,test,graph,graph-pr2000x2,0.1,167,164845,161706,1
global,ref+sfreq+idle+refaults+rdist,5,K+K+,graph-pr2000x2-s3,test,graph,graph-pr2000x2,0.1,167,164845,105179,1
global,ref+sfreq+age+dirty+refaults,5,K+K+,graph-pr2000x2-s3,test,graph,graph-pr2000x2,0.1,167,164845,106953,1
global,ref+sfreq+age+dirty+rdist,5,K+K+,graph-pr2000x2-s3,test,graph,graph-pr2000x2,0.1,167,164845,164677,1
global,ref+sfreq+age+refaults+rdist,5,K+K+,graph-pr2000x2-s3,test,graph,graph-pr2000x2,0.1,167,164845,89426,1
global,ref+sfreq+dirty+refaults+rdist,5,K+K+,graph-pr2000x2-s3,test,graph,graph-pr2000x2,0.1,167,164845,105055,1
global,ref+idle+age+dirty+refaults,5,K+K+,graph-pr2000x2-s3,test,graph,graph-pr2000x2,0.1,167,97768,46168,0
global,ref+idle+age+dirty+rdist,5,K+K+,graph-pr2000x2-s3,test,graph,graph-pr2000x2,0.1,167,129295,126132,0
global,ref+idle+age+refaults+rdist,5,K+K+,graph-pr2000x2-s3,test,graph,graph-pr2000x2,0.1,167,133241,62517,0
global,ref+idle+dirty+refaults+rdist,5,K+K+,graph-pr2000x2-s3,test,graph,graph-pr2000x2,0.1,167,64923,59371,0
global,ref+age+dirty+refaults+rdist,5,K+K+,graph-pr2000x2-s3,test,graph,graph-pr2000x2,0.1,167,164845,132103,1
global,aging+sfreq+idle+age+dirty,5,K,graph-pr2000x2-s3,test,graph,graph-pr2000x2,0.1,167,47117,45452,0
global,aging+sfreq+idle+age+refaults,5,K+K+,graph-pr2000x2-s3,test,graph,graph-pr2000x2,0.1,167,111579,68590,0
global,aging+sfreq+idle+age+rdist,5,K+K+,graph-pr2000x2-s3,test,graph,graph-pr2000x2,0.1,167,155293,152141,0
global,aging+sfreq+idle+dirty+refaults,5,K+K+,graph-pr2000x2-s3,test,graph,graph-pr2000x2,0.1,167,164845,124232,1
global,aging+sfreq+idle+dirty+rdist,5,K+K+,graph-pr2000x2-s3,test,graph,graph-pr2000x2,0.1,167,164845,154456,1
global,aging+sfreq+idle+refaults+rdist,5,K+K+,graph-pr2000x2-s3,test,graph,graph-pr2000x2,0.1,167,164845,138075,1
global,aging+sfreq+age+dirty+refaults,5,K+K+,graph-pr2000x2-s3,test,graph,graph-pr2000x2,0.1,167,164845,133230,1
global,aging+sfreq+age+dirty+rdist,5,K+K+,graph-pr2000x2-s3,test,graph,graph-pr2000x2,0.1,167,164845,164677,1
global,aging+sfreq+age+refaults+rdist,5,K+K+,graph-pr2000x2-s3,test,graph,graph-pr2000x2,0.1,167,164845,143898,1
global,aging+sfreq+dirty+refaults+rdist,5,K+K+,graph-pr2000x2-s3,test,graph,graph-pr2000x2,0.1,167,164845,99008,1
global,aging+idle+age+dirty+refaults,5,K+K+,graph-pr2000x2-s3,test,graph,graph-pr2000x2,0.1,167,128729,84544,0
global,aging+idle+age+dirty+rdist,5,K+K+,graph-pr2000x2-s3,test,graph,graph-pr2000x2,0.1,167,164845,163106,1
global,aging+idle+age+refaults+rdist,5,K+K+,graph-pr2000x2-s3,test,graph,graph-pr2000x2,0.1,167,164845,142883,1
global,aging+idle+dirty+refaults+rdist,5,K+K+,graph-pr2000x2-s3,test,graph,graph-pr2000x2,0.1,167,164845,158103,1
global,aging+age+dirty+refaults+rdist,5,K+K+,graph-pr2000x2-s3,test,graph,graph-pr2000x2,0.1,167,164845,146686,1
global,sfreq+idle+age+dirty+refaults,5,K+K+,graph-pr2000x2-s3,test,graph,graph-pr2000x2,0.1,167,112659,45086,0
global,sfreq+idle+age+dirty+rdist,5,K+K+,graph-pr2000x2-s3,test,graph,graph-pr2000x2,0.1,167,67406,64241,0
global,sfreq+idle+age+refaults+rdist,5,K+K+,graph-pr2000x2-s3,test,graph,graph-pr2000x2,0.1,167,107852,45242,0
global,sfreq+idle+dirty+refaults+rdist,5,K+K+,graph-pr2000x2-s3,test,graph,graph-pr2000x2,0.1,167,164845,101990,1
global,sfreq+age+dirty+refaults+rdist,5,K+K+,graph-pr2000x2-s3,test,graph,graph-pr2000x2,0.1,167,164845,96112,1
global,idle+age+dirty+refaults+rdist,5,K+K+,graph-pr2000x2-s3,test,graph,graph-pr2000x2,0.1,167,106051,50220,0
global,ref+aging+sfreq+idle+age+dirty,6,K,graph-pr2000x2-s3,test,graph,graph-pr2000x2,0.1,167,45908,44243,0
global,ref+aging+sfreq+idle+age+refaults,6,K+K+,graph-pr2000x2-s3,test,graph,graph-pr2000x2,0.1,167,98266,71330,0
global,ref+aging+sfreq+idle+age+rdist,6,K+K+,graph-pr2000x2-s3,test,graph,graph-pr2000x2,0.1,167,148931,145805,0
global,ref+aging+sfreq+idle+dirty+refaults,6,K+K+,graph-pr2000x2-s3,test,graph,graph-pr2000x2,0.1,167,164845,128097,1
global,ref+aging+sfreq+idle+dirty+rdist,6,K+K+,graph-pr2000x2-s3,test,graph,graph-pr2000x2,0.1,167,164845,152039,1
global,ref+aging+sfreq+idle+refaults+rdist,6,K+K+,graph-pr2000x2-s3,test,graph,graph-pr2000x2,0.1,167,164845,142150,1
global,ref+aging+sfreq+age+dirty+refaults,6,K+K+,graph-pr2000x2-s3,test,graph,graph-pr2000x2,0.1,167,164845,149558,1
global,ref+aging+sfreq+age+dirty+rdist,6,K+K+,graph-pr2000x2-s3,test,graph,graph-pr2000x2,0.1,167,164845,164585,1
global,ref+aging+sfreq+age+refaults+rdist,6,K+K+,graph-pr2000x2-s3,test,graph,graph-pr2000x2,0.1,167,164845,152651,1
global,ref+aging+sfreq+dirty+refaults+rdist,6,K+K+,graph-pr2000x2-s3,test,graph,graph-pr2000x2,0.1,167,164845,95406,1
global,ref+aging+idle+age+dirty+refaults,6,K+K+,graph-pr2000x2-s3,test,graph,graph-pr2000x2,0.1,167,164845,141710,1
global,ref+aging+idle+age+dirty+rdist,6,K+K+,graph-pr2000x2-s3,test,graph,graph-pr2000x2,0.1,167,164845,164321,1
global,ref+aging+idle+age+refaults+rdist,6,K+K+,graph-pr2000x2-s3,test,graph,graph-pr2000x2,0.1,167,164845,147803,1
global,ref+aging+idle+dirty+refaults+rdist,6,K+K+,graph-pr2000x2-s3,test,graph,graph-pr2000x2,0.1,167,164845,157718,1
global,ref+aging+age+dirty+refaults+rdist,6,K+K+,graph-pr2000x2-s3,test,graph,graph-pr2000x2,0.1,167,164845,150262,1
global,ref+sfreq+idle+age+dirty+refaults,6,K+K+,graph-pr2000x2-s3,test,graph,graph-pr2000x2,0.1,167,114003,51287,0
global,ref+sfreq+idle+age+dirty+rdist,6,K+K+,graph-pr2000x2-s3,test,graph,graph-pr2000x2,0.1,167,69964,66800,0
global,ref+sfreq+idle+age+refaults+rdist,6,K+K+,graph-pr2000x2-s3,test,graph,graph-pr2000x2,0.1,167,106059,53103,0
global,ref+sfreq+idle+dirty+refaults+rdist,6,K+K+,graph-pr2000x2-s3,test,graph,graph-pr2000x2,0.1,167,164845,82967,1
global,ref+sfreq+age+dirty+refaults+rdist,6,K+K+,graph-pr2000x2-s3,test,graph,graph-pr2000x2,0.1,167,164845,97668,1
global,ref+idle+age+dirty+refaults+rdist,6,K+K+,graph-pr2000x2-s3,test,graph,graph-pr2000x2,0.1,167,122595,63945,0
global,aging+sfreq+idle+age+dirty+refaults,6,K+K+,graph-pr2000x2-s3,test,graph,graph-pr2000x2,0.1,167,111294,70755,0
global,aging+sfreq+idle+age+dirty+rdist,6,K+K+,graph-pr2000x2-s3,test,graph,graph-pr2000x2,0.1,167,150042,146908,0
global,aging+sfreq+idle+age+refaults+rdist,6,K+K+,graph-pr2000x2-s3,test,graph,graph-pr2000x2,0.1,167,105850,72143,0
global,aging+sfreq+idle+dirty+refaults+rdist,6,K+K+,graph-pr2000x2-s3,test,graph,graph-pr2000x2,0.1,167,164845,143945,1
global,aging+sfreq+age+dirty+refaults+rdist,6,K+K+,graph-pr2000x2-s3,test,graph,graph-pr2000x2,0.1,167,164845,146629,1
global,aging+idle+age+dirty+refaults+rdist,6,K+K+,graph-pr2000x2-s3,test,graph,graph-pr2000x2,0.1,167,164845,149435,1
global,sfreq+idle+age+dirty+refaults+rdist,6,K+K+,graph-pr2000x2-s3,test,graph,graph-pr2000x2,0.1,167,96012,46275,0
global,ref+aging+sfreq+idle+age+dirty+refaults,7,K+K+,graph-pr2000x2-s3,test,graph,graph-pr2000x2,0.1,167,92822,70395,0
global,ref+aging+sfreq+idle+age+dirty+rdist,7,K+K+,graph-pr2000x2-s3,test,graph,graph-pr2000x2,0.1,167,151961,148857,0
global,ref+aging+sfreq+idle+age+refaults+rdist,7,K+K+,graph-pr2000x2-s3,test,graph,graph-pr2000x2,0.1,167,109293,87572,0
global,ref+aging+sfreq+idle+dirty+refaults+rdist,7,K+K+,graph-pr2000x2-s3,test,graph,graph-pr2000x2,0.1,167,164845,141605,1
global,ref+aging+sfreq+age+dirty+refaults+rdist,7,K+K+,graph-pr2000x2-s3,test,graph,graph-pr2000x2,0.1,167,164845,151139,1
global,ref+aging+idle+age+dirty+refaults+rdist,7,K+K+,graph-pr2000x2-s3,test,graph,graph-pr2000x2,0.1,167,164845,151731,1
global,ref+sfreq+idle+age+dirty+refaults+rdist,7,K+K+,graph-pr2000x2-s3,test,graph,graph-pr2000x2,0.1,167,91274,53316,0
global,aging+sfreq+idle+age+dirty+refaults+rdist,7,K+K+,graph-pr2000x2-s3,test,graph,graph-pr2000x2,0.1,167,96159,70622,0
global,ref+aging+sfreq+idle+age+dirty+refaults+rdist,8,K+K+,graph-pr2000x2-s3,test,graph,graph-pr2000x2,0.1,167,103028,90018,0
global,rec+ref+aging+sfreq+idle+age+dirty,7,F+K,graph-pr2000x2-s3,test,graph,graph-pr2000x2,0.1,167,49836,48172,0
global,rec+ref+aging+sfreq+idle+age+dirty+refaults+rdist,9,F+K+K+,graph-pr2000x2-s3,test,graph,graph-pr2000x2,0.1,167,51933,48878,0
global,freq+ref+aging+sfreq+idle+age+dirty,7,F+K,graph-pr2000x2-s3,test,graph,graph-pr2000x2,0.1,167,86546,84892,0
global,freq+ref+aging+sfreq+idle+age+dirty+refaults+rdist,9,F+K+K+,graph-pr2000x2-s3,test,graph,graph-pr2000x2,0.1,167,129712,91393,0
global,sd+ref+aging+sfreq+idle+age+dirty,7,F+K,graph-pr2000x2-s3,test,graph,graph-pr2000x2,0.1,167,56317,54653,0
global,sd+ref+aging+sfreq+idle+age+dirty+refaults+rdist,9,F+K+K+,graph-pr2000x2-s3,test,graph,graph-pr2000x2,0.1,167,164845,163198,1
global,wr+ref+aging+sfreq+idle+age+dirty,7,F+K,graph-pr2000x2-s3,test,graph,graph-pr2000x2,0.1,167,45989,44324,0
global,wr+ref+aging+sfreq+idle+age+dirty+refaults+rdist,9,F+K+K+,graph-pr2000x2-s3,test,graph,graph-pr2000x2,0.1,167,96516,86714,0
global,rec+freq+ref+aging+sfreq+idle+age+dirty,8,F+K,graph-pr2000x2-s3,test,graph,graph-pr2000x2,0.1,167,44503,42789,0
global,rec+freq+ref+aging+sfreq+idle+age+dirty+refaults+rdist,10,F+K+K+,graph-pr2000x2-s3,test,graph,graph-pr2000x2,0.1,167,45497,43241,0
global,rec+sd+ref+aging+sfreq+idle+age+dirty,8,F+K,graph-pr2000x2-s3,test,graph,graph-pr2000x2,0.1,167,49099,47435,0
global,rec+sd+ref+aging+sfreq+idle+age+dirty+refaults+rdist,10,F+K+K+,graph-pr2000x2-s3,test,graph,graph-pr2000x2,0.1,167,76772,73736,0
global,rec+wr+ref+aging+sfreq+idle+age+dirty,8,F+K,graph-pr2000x2-s3,test,graph,graph-pr2000x2,0.1,167,49837,48173,0
global,rec+wr+ref+aging+sfreq+idle+age+dirty+refaults+rdist,10,F+K+K+,graph-pr2000x2-s3,test,graph,graph-pr2000x2,0.1,167,48138,45235,0
global,freq+sd+ref+aging+sfreq+idle+age+dirty,8,F+K,graph-pr2000x2-s3,test,graph,graph-pr2000x2,0.1,167,60845,59181,0
global,freq+sd+ref+aging+sfreq+idle+age+dirty+refaults+rdist,10,F+K+K+,graph-pr2000x2-s3,test,graph,graph-pr2000x2,0.1,167,164845,164132,1
global,freq+wr+ref+aging+sfreq+idle+age+dirty,8,F+K,graph-pr2000x2-s3,test,graph,graph-pr2000x2,0.1,167,63749,62088,0
global,freq+wr+ref+aging+sfreq+idle+age+dirty+refaults+rdist,10,F+K+K+,graph-pr2000x2-s3,test,graph,graph-pr2000x2,0.1,167,125322,87635,0
global,sd+wr+ref+aging+sfreq+idle+age+dirty,8,F+K,graph-pr2000x2-s3,test,graph,graph-pr2000x2,0.1,167,50409,48743,0
global,sd+wr+ref+aging+sfreq+idle+age+dirty+refaults+rdist,10,F+K+K+,graph-pr2000x2-s3,test,graph,graph-pr2000x2,0.1,167,164845,164156,1
global,rec+freq+sd+ref+aging+sfreq+idle+age+dirty,9,F+K,graph-pr2000x2-s3,test,graph,graph-pr2000x2,0.1,167,44325,42635,0
global,rec+freq+sd+ref+aging+sfreq+idle+age+dirty+refaults+rdist,11,F+K+K+,graph-pr2000x2-s3,test,graph,graph-pr2000x2,0.1,167,51954,49910,0
global,rec+freq+wr+ref+aging+sfreq+idle+age+dirty,9,F+K,graph-pr2000x2-s3,test,graph,graph-pr2000x2,0.1,167,44527,42812,0
global,rec+freq+wr+ref+aging+sfreq+idle+age+dirty+refaults+rdist,11,F+K+K+,graph-pr2000x2-s3,test,graph,graph-pr2000x2,0.1,167,45529,43291,0
global,rec+sd+wr+ref+aging+sfreq+idle+age+dirty,9,F+K,graph-pr2000x2-s3,test,graph,graph-pr2000x2,0.1,167,49570,47906,0
global,rec+sd+wr+ref+aging+sfreq+idle+age+dirty+refaults+rdist,11,F+K+K+,graph-pr2000x2-s3,test,graph,graph-pr2000x2,0.1,167,73324,70323,0
global,freq+sd+wr+ref+aging+sfreq+idle+age+dirty,9,F+K,graph-pr2000x2-s3,test,graph,graph-pr2000x2,0.1,167,76854,75192,0
global,freq+sd+wr+ref+aging+sfreq+idle+age+dirty+refaults+rdist,11,F+K+K+,graph-pr2000x2-s3,test,graph,graph-pr2000x2,0.1,167,164845,164104,1
global,rec+freq+sd+wr+ref+aging+sfreq+idle+age+dirty,10,F+K,graph-pr2000x2-s3,test,graph,graph-pr2000x2,0.1,167,44050,42354,0
global,rec+freq+sd+wr+ref+aging+sfreq+idle+age+dirty+refaults+rdist,12,F+K+K+,graph-pr2000x2-s3,test,graph,graph-pr2000x2,0.1,167,49350,47354,0
matmul,rec,1,F,matmul-blocked128-s1,heldout,matmul,matmul-blocked128,0.1,5,4144,62,0
matmul,freq,1,F,matmul-blocked128-s1,heldout,matmul,matmul-blocked128,0.1,5,12457,742,1
matmul,sd,1,F,matmul-blocked128-s1,heldout,matmul,matmul-blocked128,0.1,5,4144,62,0
matmul,wr,1,F,matmul-blocked128-s1,heldout,matmul,matmul-blocked128,0.1,5,10285,5165,0
matmul,rec+freq,2,F,matmul-blocked128-s1,heldout,matmul,matmul-blocked128,0.1,5,4189,63,0
matmul,rec+sd,2,F,matmul-blocked128-s1,heldout,matmul,matmul-blocked128,0.1,5,4144,62,0
matmul,rec+wr,2,F,matmul-blocked128-s1,heldout,matmul,matmul-blocked128,0.1,5,4159,62,0
matmul,freq+sd,2,F,matmul-blocked128-s1,heldout,matmul,matmul-blocked128,0.1,5,4144,62,0
matmul,freq+wr,2,F,matmul-blocked128-s1,heldout,matmul,matmul-blocked128,0.1,5,12457,6250,1
matmul,sd+wr,2,F,matmul-blocked128-s1,heldout,matmul,matmul-blocked128,0.1,5,4144,62,0
matmul,rec+freq+sd,3,F,matmul-blocked128-s1,heldout,matmul,matmul-blocked128,0.1,5,4182,63,0
matmul,rec+freq+wr,3,F,matmul-blocked128-s1,heldout,matmul,matmul-blocked128,0.1,5,4159,62,0
matmul,rec+sd+wr,3,F,matmul-blocked128-s1,heldout,matmul,matmul-blocked128,0.1,5,4159,62,0
matmul,freq+sd+wr,3,F,matmul-blocked128-s1,heldout,matmul,matmul-blocked128,0.1,5,4144,62,0
matmul,rec+freq+sd+wr,4,F,matmul-blocked128-s1,heldout,matmul,matmul-blocked128,0.1,5,4159,62,0
matmul,ref,1,K,matmul-blocked128-s1,heldout,matmul,matmul-blocked128,0.1,5,4144,62,0
matmul,aging,1,K,matmul-blocked128-s1,heldout,matmul,matmul-blocked128,0.1,5,4144,62,0
matmul,sfreq,1,K,matmul-blocked128-s1,heldout,matmul,matmul-blocked128,0.1,5,12457,734,1
matmul,idle,1,K,matmul-blocked128-s1,heldout,matmul,matmul-blocked128,0.1,5,4144,62,0
matmul,age,1,K,matmul-blocked128-s1,heldout,matmul,matmul-blocked128,0.1,5,12457,756,1
matmul,dirty,1,K,matmul-blocked128-s1,heldout,matmul,matmul-blocked128,0.1,5,10270,5165,0
matmul,refaults,1,K+,matmul-blocked128-s1,heldout,matmul,matmul-blocked128,0.1,5,12457,1495,1
matmul,rdist,1,K+,matmul-blocked128-s1,heldout,matmul,matmul-blocked128,0.1,5,12457,1495,1
matmul,ref+aging,2,K,matmul-blocked128-s1,heldout,matmul,matmul-blocked128,0.1,5,4144,62,0
matmul,ref+sfreq,2,K,matmul-blocked128-s1,heldout,matmul,matmul-blocked128,0.1,5,12457,734,1
matmul,ref+idle,2,K,matmul-blocked128-s1,heldout,matmul,matmul-blocked128,0.1,5,4144,62,0
matmul,ref+age,2,K,matmul-blocked128-s1,heldout,matmul,matmul-blocked128,0.1,5,12457,6120,1
matmul,ref+dirty,2,K,matmul-blocked128-s1,heldout,matmul,matmul-blocked128,0.1,5,8222,4140,0
matmul,ref+refaults,2,K+K+,matmul-blocked128-s1,heldout,matmul,matmul-blocked128,0.1,5,4114,61,0
matmul,ref+rdist,2,K+K+,matmul-blocked128-s1,heldout,matmul,matmul-blocked128,0.1,5,12457,6247,1
matmul,aging+sfreq,2,K,matmul-blocked128-s1,heldout,matmul,matmul-blocked128,0.1,5,4159,62,0
matmul,aging+idle,2,K,matmul-blocked128-s1,heldout,matmul,matmul-blocked128,0.1,5,4144,62,0
matmul,aging+age,2,K,matmul-blocked128-s1,heldout,matmul,matmul-blocked128,0.1,5,4158,61,0
matmul,aging+dirty,2,K,matmul-blocked128-s1,heldout,matmul,matmul-blocked128,0.1,5,4144,62,0
matmul,aging+refaults,2,K+K+,matmul-blocked128-s1,heldout,matmul,matmul-blocked128,0.1,5,4144,62,0
matmul,aging+rdist,2,K+K+,matmul-blocked128-s1,heldout,matmul,matmul-blocked128,0.1,5,4023,73,0
matmul,sfreq+idle,2,K,matmul-blocked128-s1,heldout,matmul,matmul-blocked128,0.1,5,4144,62,0
matmul,sfreq+age,2,K,matmul-blocked128-s1,heldout,matmul,matmul-blocked128,0.1,5,12457,6017,1
matmul,sfreq+dirty,2,K,matmul-blocked128-s1,heldout,matmul,matmul-blocked128,0.1,5,12457,6247,1
matmul,sfreq+refaults,2,K+K+,matmul-blocked128-s1,heldout,matmul,matmul-blocked128,0.1,5,12457,46,1
matmul,sfreq+rdist,2,K+K+,matmul-blocked128-s1,heldout,matmul,matmul-blocked128,0.1,5,12457,6247,1
matmul,idle+age,2,K,matmul-blocked128-s1,heldout,matmul,matmul-blocked128,0.1,5,4144,62,0
matmul,idle+dirty,2,K,matmul-blocked128-s1,heldout,matmul,matmul-blocked128,0.1,5,4144,62,0
matmul,idle+refaults,2,K+K+,matmul-blocked128-s1,heldout,matmul,matmul-blocked128,0.1,5,4144,62,0
matmul,idle+rdist,2,K+K+,matmul-blocked128-s1,heldout,matmul,matmul-blocked128,0.1,5,4121,67,0
matmul,age+dirty,2,K,matmul-blocked128-s1,heldout,matmul,matmul-blocked128,0.1,5,12457,6248,1
matmul,age+refaults,2,K+K+,matmul-blocked128-s1,heldout,matmul,matmul-blocked128,0.1,5,12457,756,1
matmul,age+rdist,2,K+K+,matmul-blocked128-s1,heldout,matmul,matmul-blocked128,0.1,5,12457,756,1
matmul,dirty+refaults,2,K+K+,matmul-blocked128-s1,heldout,matmul,matmul-blocked128,0.1,5,12457,1496,1
matmul,dirty+rdist,2,K+K+,matmul-blocked128-s1,heldout,matmul,matmul-blocked128,0.1,5,12457,1495,1
matmul,refaults+rdist,2,K+,matmul-blocked128-s1,heldout,matmul,matmul-blocked128,0.1,5,12457,1495,1
matmul,ref+aging+sfreq,3,K,matmul-blocked128-s1,heldout,matmul,matmul-blocked128,0.1,5,4144,62,0
matmul,ref+aging+idle,3,K,matmul-blocked128-s1,heldout,matmul,matmul-blocked128,0.1,5,4144,62,0
matmul,ref+aging+age,3,K,matmul-blocked128-s1,heldout,matmul,matmul-blocked128,0.1,5,4144,62,0
matmul,ref+aging+dirty,3,K,matmul-blocked128-s1,heldout,matmul,matmul-blocked128,0.1,5,4144,62,0
matmul,ref+aging+refaults,3,K+K+,matmul-blocked128-s1,heldout,matmul,matmul-blocked128,0.1,5,4144,62,0
matmul,ref+aging+rdist,3,K+K+,matmul-blocked128-s1,heldout,matmul,matmul-blocked128,0.1,5,4132,62,0
matmul,ref+sfreq+idle,3,K,matmul-blocked128-s1,heldout,matmul,matmul-blocked128,0.1,5,4144,62,0
matmul,ref+sfreq+age,3,K,matmul-blocked128-s1,heldout,matmul,matmul-blocked128,0.1,5,12457,6247,1
matmul,ref+sfreq+dirty,3,K,matmul-blocked128-s1,heldout,matmul,matmul-blocked128,0.1,5,12457,6121,1
matmul,ref+sfreq+refaults,3,K+K+,matmul-blocked128-s1,heldout,matmul,matmul-blocked128,0.1,5,12457,3494,1
matmul,ref+sfreq+rdist,3,K+K+,matmul-blocked128-s1,heldout,matmul,matmul-blocked128,0.1,5,12457,6247,1
matmul,ref+idle+age,3,K,matmul-blocked128-s1,heldout,matmul,matmul-blocked128,0.1,5,4144,62,0
matmul,ref+idle+dirty,3,K,matmul-blocked128-s1,heldout,matmul,matmul-blocked128,0.1,5,4144,62,0
matmul,ref+idle+refaults,3,K+K+,matmul-blocked128-s1,heldout,matmul,matmul-blocked128,0.1,5,4144,62,0
matmul,ref+idle+rdist,3,K+K+,matmul-blocked128-s1,heldout,matmul,matmul-blocked128,0.1,5,4131,63,0
matmul,ref+age+dirty,3,K,matmul-blocked128-s1,heldout,matmul,matmul-blocked128,0.1,5,12457,6130,1
matmul,ref+age+refaults,3,K+K+,matmul-blocked128-s1,heldout,matmul,matmul-blocked128,0.1,5,12457,6119,1
matmul,ref+age+rdist,3,K+K+,matmul-blocked128-s1,heldout,matmul,matmul-blocked128,0.1,5,12457,6247,1
matmul,ref+dirty+refaults,3,K+K+,matmul-blocked128-s1,heldout,matmul,matmul-blocked128,0.1,5,8081,4060,0
matmul,ref+dirty+rdist,3,K+K+,matmul-blocked128-s1,heldout,matmul,matmul-blocked128,0.1,5,12457,6247,1
matmul,ref+refaults+rdist,3,K+K+,matmul-blocked128-s1,heldout,matmul,matmul-blocked128,0.1,5,12457,6247,1
matmul,aging+sfreq+idle,3,K,matmul-blocked128-s1,heldout,matmul,matmul-blocked128,0.1,5,4159,62,0
matmul,aging+sfreq+age,3,K,matmul-blocked128-s1,heldout,matmul,matmul-blocked128,0.1,5,4142,58,0
matmul,aging+sfreq+dirty,3,K,matmul-blocked128-s1,heldout,matmul,matmul-blocked128,0.1,5,7729,3631,0
matmul,aging+sfreq+refaults,3,K+K+,matmul-blocked128-s1,heldout,matmul,matmul-blocked128,0.1,5,4159,62,0
matmul,aging+sfreq+rdist,3,K+K+,matmul-blocked128-s1,heldout,matmul,matmul-blocked128,0.1,5,12457,6247,1
matmul,aging+idle+age,3,K,matmul-blocked128-s1,heldout,matmul,matmul-blocked128,0.1,5,4159,62,0
matmul,aging+idle+dirty,3,K,matmul-blocked128-s1,heldout,matmul,matmul-blocked128,0.1,5,4144,62,0
matmul,aging+idle+refaults,3,K+K+,matmul-blocked128-s1,heldout,matmul,matmul-blocked128,0.1,5,4144,62,0
matmul,aging+idle+rdist,3,K+K+,matmul-blocked128-s1,heldout,matmul,matmul-blocked128,0.1,5,4023,73,0
matmul,aging+age+dirty,3,K,matmul-blocked128-s1,heldout,matmul,matmul-blocked128,0.1,5,7729,3631,0
matmul,aging+age+refaults,3,K+K+,matmul-blocked128-s1,heldout,matmul,matmul-blocked128,0.1,5,4159,62,0
matmul,aging+age+rdist,3,K+K+,matmul-blocked128-s1,heldout,matmul,matmul-blocked128,0.1,5,12457,6247,1
matmul,aging+dirty+refaults,3,K+K+,matmul-blocked128-s1,heldout,matmul,matmul-blocked128,0.1,5,4144,62,0
matmul,aging+dirty+rdist,3,K+K+,matmul-blocked128-s1,heldout,matmul,matmul-blocked128,0.1,5,12457,6247,1
matmul,aging+refaults+rdist,3,K+K+,matmul-blocked128-s1,heldout,matmul,matmul-blocked128,0.1,5,4370,300,0
matmul,sfreq+idle+age,3,K,matmul-blocked128-s1,heldout,matmul,matmul-blocked128,0.1,5,4144,62,0
matmul,sfreq+idle+dirty,3,K,matmul-blocked128-s1,heldout,matmul,matmul-blocked128,0.1,5,4144,62,0
matmul,sfreq+idle+refaults,3,K+K+,matmul-blocked128-s1,heldout,matmul,matmul-blocked128,0.1,5,4149,62,0
matmul,sfreq+idle+rdist,3,K+K+,matmul-blocked128-s1,heldout,matmul,matmul-blocked128,0.1,5,4161,74,0
matmul,sfreq+age+dirty,3,K,matmul-blocked128-s1,heldout,matmul,matmul-blocked128,0.1,5,12457,6247,1
matmul,sfreq+age+refaults,3,K+K+,matmul-blocked128-s1,heldout,matmul,matmul-blocked128,0.1,5,12457,1673,1
matmul,sfreq+age+rdist,3,K+K+,matmul-blocked128-s1,heldout,matmul,matmul-blocked128,0.1,5,12457,6147,1
matmul,sfreq+dirty+refaults,3,K+K+,matmul-blocked128-s1,heldout,matmul,matmul-blocked128,0.1,5,12457,6250,1
matmul,sfreq+dirty+rdist,3,K+K+,matmul-blocked128-s1,heldout,matmul,matmul-blocked128,0.1,5,12457,6247,1
matmul,sfreq+refaults+rdist,3,K+K+,matmul-blocked128-s1,heldout,matmul,matmul-blocked128,0.1,5,12457,6247,1
matmul,idle+age+dirty,3,K,matmul-blocked128-s1,heldout,matmul,matmul-blocked128,0.1,5,4144,62,0
matmul,idle+age+refaults,3,K+K+,matmul-blocked128-s1,heldout,matmul,matmul-blocked128,0.1,5,4156,62,0
matmul,idle+age+rdist,3,K+K+,matmul-blocked128-s1,heldout,matmul,matmul-blocked128,0.1,5,3962,87,0
matmul,idle+dirty+refaults,3,K+K+,matmul-blocked128-s1,heldout,matmul,matmul-blocked128,0.1,5,4144,62,0
matmul,idle+dirty+rdist,3,K+K+,matmul-blocked128-s1,heldout,matmul,matmul-blocked128,0.1,5,3928,81,0
matmul,idle+refaults+rdist,3,K+K+,matmul-blocked128-s1,heldout,matmul,matmul-blocked128,0.1,5,4138,68,0
matmul,age+dirty+refaults,3,K+K+,matmul-blocked128-s1,heldout,matmul,matmul-blocked128,0.1,5,12457,6248,1
matmul,age+dirty+rdist,3,K+K+,matmul-blocked128-s1,heldout,matmul,matmul-blocked128,0.1,5,12457,6247,1
matmul,age+refaults+rdist,3,K+K+,matmul-blocked128-s1,heldout,matmul,matmul-blocked128,0.1,5,12457,756,1
matmul,dirty+refaults+rdist,3,K+K+,matmul-blocked128-s1,heldout,matmul,matmul-blocked128,0.1,5,12457,1495,1
matmul,ref+aging+sfreq+idle,4,K,matmul-blocked128-s1,heldout,matmul,matmul-blocked128,0.1,5,4159,63,0
matmul,ref+aging+sfreq+age,4,K,matmul-blocked128-s1,heldout,matmul,matmul-blocked128,0.1,5,4143,61,0
matmul,ref+aging+sfreq+dirty,4,K,matmul-blocked128-s1,heldout,matmul,matmul-blocked128,0.1,5,4159,77,0
matmul,ref+aging+sfreq+refaults,4,K+K+,matmul-blocked128-s1,heldout,matmul,matmul-blocked128,0.1,5,4159,77,0
matmul,ref+aging+sfreq+rdist,4,K+K+,matmul-blocked128-s1,heldout,matmul,matmul-blocked128,0.1,5,12457,5888,1
matmul,ref+aging+idle+age,4,K,matmul-blocked128-s1,heldout,matmul,matmul-blocked128,0.1,5,4159,77,0
matmul,ref+aging+idle+dirty,4,K,matmul-blocked128-s1,heldout,matmul,matmul-blocked128,0.1,5,4144,62,0
matmul,ref+aging+idle+refaults,4,K+K+,matmul-blocked128-s1,heldout,matmul,matmul-blocked128,0.1,5,4159,77,0
matmul,ref+aging+idle+rdist,4,K+K+,matmul-blocked128-s1,heldout,matmul,matmul-blocked128,0.1,5,4152,68,0
matmul,ref+aging+age+dirty,4,K,matmul-blocked128-s1,heldout,matmul,matmul-blocked128,0.1,5,4144,62,0
matmul,ref+aging+age+refaults,4,K+K+,matmul-blocked128-s1,heldout,matmul,matmul-blocked128,0.1,5,4144,62,0
matmul,ref+aging+age+rdist,4,K+K+,matmul-blocked128-s1,heldout,matmul,matmul-blocked128,0.1,5,12457,6135,1
matmul,ref+aging+dirty+refaults,4,K+K+,matmul-blocked128-s1,heldout,matmul,matmul-blocked128,0.1,5,4144,62,0
matmul,ref+aging+dirty+rdist,4,K+K+,matmul-blocked128-s1,heldout,matmul,matmul-blocked128,0.1,5,11524,3884,0
matmul,ref+aging+refaults+rdist,4,K+K+,matmul-blocked128-s1,heldout,matmul,matmul-blocked128,0.1,5,4136,66,0
matmul,ref+sfreq+idle+age,4,K,matmul-blocked128-s1,heldout,matmul,matmul-blocked128,0.1,5,4144,62,0
matmul,ref+sfreq+idle+dirty,4,K,matmul-blocked128-s1,heldout,matmul,matmul-blocked128,0.1,5,4144,62,0
matmul,ref+sfreq+idle+refaults,4,K+K+,matmul-blocked128-s1,heldout,matmul,matmul-blocked128,0.1,5,4144,62,0
matmul,ref+sfreq+idle+rdist,4,K+K+,matmul-blocked128-s1,heldout,matmul,matmul-blocked128,0.1,5,4151,67,0
matmul,ref+sfreq+age+dirty,4,K,matmul-blocked128-s1,heldout,matmul,matmul-blocked128,0.1,5,12457,6247,1
matmul,ref+sfreq+age+refaults,4,K+K+,matmul-blocked128-s1,heldout,matmul,matmul-blocked128,0.1,5,12457,6247,1
matmul,ref+sfreq+age+rdist,4,K+K+,matmul-blocked128-s1,heldout,matmul,matmul-blocked128,0.1,5,12457,756,1
matmul,ref+sfreq+dirty+refaults,4,K+K+,matmul-blocked128-s1,heldout,matmul,matmul-blocked128,0.1,5,12457,1269,1
matmul,ref+sfreq+dirty+rdist,4,K+K+,matmul-blocked128-s1,heldout,matmul,matmul-blocked128,0.1,5,12457,6247,1
matmul,ref+sfreq+refaults+rdist,4,K+K+,matmul-blocked128-s1,heldout,matmul,matmul-blocked128,0.1,5,12457,6247,1
matmul,ref+idle+age+dirty,4,K,matmul-blocked128-s1,heldout,matmul,matmul-blocked128,0.1,5,4144,62,0
matmul,ref+idle+age+refaults,4,K+K+,matmul-blocked128-s1,heldout,matmul,matmul-blocked128,0.1,5,4144,62,0
matmul,ref+idle+age+rdist,4,K+K+,matmul-blocked128-s1,heldout,matmul,matmul-blocked128,0.1,5,4149,64,0
matmul,ref+idle+dirty+refaults,4,K+K+,matmul-blocked128-s1,heldout,matmul,matmul-blocked128,0.1,5,4144,62,0
matmul,ref+idle+dirty+rdist,4,K+K+,matmul-blocked128-s1,heldout,matmul,matmul-blocked128,0.1,5,4175,76,0
matmul,ref+idle+refaults+rdist,4,K+K+,matmul-blocked128-s1,heldout,matmul,matmul-blocked128,0.1,5,4136,67,0
matmul,ref+age+dirty+refaults,4,K+K+,matmul-blocked128-s1,heldout,matmul,matmul-blocked128,0.1,5,12457,6131,1
matmul,ref+age+dirty+rdist,4,K+K+,matmul-blocked128-s1,heldout,matmul,matmul-blocked128,0.1,5,12457,6247,1
matmul,ref+age+refaults+rdist,4,K+K+,matmul-blocked128-s1,heldout,matmul,matmul-blocked128,0.1,5,12457,6247,1
matmul,ref+dirty+refaults+rdist,4,K+K+,matmul-blocked128-s1,heldout,matmul,matmul-blocked128,0.1,5,12457,6247,1
matmul,aging+sfreq+idle+age,4,K,matmul-blocked128-s1,heldout,matmul,matmul-blocked128,0.1,5,4142,59,0
matmul,aging+sfreq+idle+dirty,4,K,matmul-blocked128-s1,heldout,matmul,matmul-blocked128,0.1,5,4144,62,0
matmul,aging+sfreq+idle+refaults,4,K+K+,matmul-blocked128-s1,heldout,matmul,matmul-blocked128,0.1,5,4159,63,0
matmul,aging+sfreq+idle+rdist,4,K+K+,matmul-blocked128-s1,heldout,matmul,matmul-blocked128,0.1,5,12457,6247,1
matmul,aging+sfreq+age+dirty,4,K,matmul-blocked128-s1,heldout,matmul,matmul-blocked128,0.1,5,4142,58,0
matmul,aging+sfreq+age+refaults,4,K+K+,matmul-blocked128-s1,heldout,matmul,matmul-blocked128,0.1,5,6958,2863,0
matmul,aging+sfreq+age+rdist,4,K+K+,matmul-blocked128-s1,heldout,matmul,matmul-blocked128,0.1,5,12457,6247,1
matmul,aging+sfreq+dirty+refaults,4,K+K+,matmul-blocked128-s1,heldout,matmul,matmul-blocked128,0.1,5,12457,5998,1
matmul,aging+sfreq+dirty+rdist,4,K+K+,matmul-blocked128-s1,heldout,matmul,matmul-blocked128,0.1,5,12457,6247,1
matmul,aging+sfreq+refaults+rdist,4,K+K+,matmul-blocked128-s1,heldout,matmul,matmul-blocked128,0.1,5,12457,5903,1
matmul,aging+idle+age+dirty,4,K,matmul-blocked128-s1,heldout,matmul,matmul-blocked128,0.1,5,4144,62,0
matmul,aging+idle+age+refaults,4,K+K+,matmul-blocked128-s1,heldout,matmul,matmul-blocked128,0.1,5,4157,62,0
matmul,aging+idle+age+rdist,4,K+K+,matmul-blocked128-s1,heldout,matmul,matmul-blocked128,0.1,5,12457,6247,1
matmul,aging+idle+dirty+refaults,4,K+K+,matmul-blocked128-s1,heldout,matmul,matmul-blocked128,0.1,5,4144,62,0
matmul,aging+idle+dirty+rdist,4,K+K+,matmul-blocked128-s1,heldout,matmul,matmul-blocked128,0.1,5,4178,78,0
matmul,aging+idle+refaults+rdist,4,K+K+,matmul-blocked128-s1,heldout,matmul,matmul-blocked128,0.1,5,12457,6247,1
matmul,aging+age+dirty+refaults,4,K+K+,matmul-blocked128-s1,heldout,matmul,matmul-blocked128,0.1,5,12457,5995,1
matmul,aging+age+dirty+rdist,4,K+K+,matmul-blocked128-s1,heldout,matmul,matmul-blocked128,0.1,5,12457,6247,1
matmul,aging+age+refaults+rdist,4,K+K+,matmul-blocked128-s1,heldout,matmul,matmul-blocked128,0.1,5,12457,6135,1
matmul,aging+dirty+refaults+rdist,4,K+K+,matmul-blocked128-s1,heldout,matmul,matmul-blocked128,0.1,5,12457,6247,1
matmul,sfreq+idle+age+dirty,4,K,matmul-blocked128-s1,heldout,matmul,matmul-blocked128,0.1,5,4144,62,0
matmul,sfreq+idle+age+refaults,4,K+K+,matmul-blocked128-s1,heldout,matmul,matmul-blocked128,0.1,5,4144,62,0
matmul,sfreq+idle+age+rdist,4,K+K+,matmul-blocked128-s1,heldout,matmul,matmul-blocked128,0.1,5,3655,65,0
matmul,sfreq+idle+dirty+refaults,4,K+K+,matmul-blocked128-s1,heldout,matmul,matmul-blocked128,0.1,5,4157,75,0
matmul,sfreq+idle+dirty+rdist,4,K+K+,matmul-blocked128-s1,heldout,matmul,matmul-blocked128,0.1,5,4007,110,0
matmul,sfreq+idle+refaults+rdist,4,K+K+,matmul-blocked128-s1,heldout,matmul,matmul-blocked128,0.1,5,4138,68,0
matmul,sfreq+age+dirty+refaults,4,K+K+,matmul-blocked128-s1,heldout,matmul,matmul-blocked128,0.1,5,12457,5827,1
matmul,sfreq+age+dirty+rdist,4,K+K+,matmul-blocked128-s1,heldout,matmul,matmul-blocked128,0.1,5,12457,6247,1
matmul,sfreq+age+refaults+rdist,4,K+K+,matmul-blocked128-s1,heldout,matmul,matmul-blocked128,0.1,5,12457,6143,1
matmul,sfreq+dirty+refaults+rdist,4,K+K+,matmul-blocked128-s1,heldout,matmul,matmul-blocked128,0.1,5,12457,6247,1
matmul,idle+age+dirty+refaults,4,K+K+,matmul-blocked128-s1,heldout,matmul,matmul-blocked128,0.1,5,4155,62,0
matmul,idle+age+dirty+rdist,4,K+K+,matmul-blocked128-s1,heldout,matmul,matmul-blocked128,0.1,5,3996,114,0
matmul,idle+age+refaults+rdist,4,K+K+,matmul-blocked128-s1,heldout,matmul,matmul-blocked128,0.1,5,4137,66,0
matmul,idle+dirty+refaults+rdist,4,K+K+,matmul-blocked128-s1,heldout,matmul,matmul-blocked128,0.1,5,3937,87,0
matmul,age+dirty+refaults+rdist,4,K+K+,matmul-blocked128-s1,heldout,matmul,matmul-blocked128,0.1,5,12457,6247,1
matmul,ref+aging+sfreq+idle+age,5,K,matmul-blocked128-s1,heldout,matmul,matmul-blocked128,0.1,5,4158,75,0
matmul,ref+aging+sfreq+idle+dirty,5,K,matmul-blocked128-s1,heldout,matmul,matmul-blocked128,0.1,5,4159,77,0
matmul,ref+aging+sfreq+idle+refaults,5,K+K+,matmul-blocked128-s1,heldout,matmul,matmul-blocked128,0.1,5,4159,77,0
matmul,ref+aging+sfreq+idle+rdist,5,K+K+,matmul-blocked128-s1,heldout,matmul,matmul-blocked128,0.1,5,12457,6000,1
matmul,ref+aging+sfreq+age+dirty,5,K,matmul-blocked128-s1,heldout,matmul,matmul-blocked128,0.1,5,4143,61,0
matmul,ref+aging+sfreq+age+refaults,5,K+K+,matmul-blocked128-s1,heldout,matmul,matmul-blocked128,0.1,5,4143,61,0
matmul,ref+aging+sfreq+age+rdist,5,K+K+,matmul-blocked128-s1,heldout,matmul,matmul-blocked128,0.1,5,4173,74,0
matmul,ref+aging+sfreq+dirty+refaults,5,K+K+,matmul-blocked128-s1,heldout,matmul,matmul-blocked128,0.1,5,4159,77,0
matmul,ref+aging+sfreq+dirty+rdist,5,K+K+,matmul-blocked128-s1,heldout,matmul,matmul-blocked128,0.1,5,12457,5895,1
matmul,ref+aging+sfreq+refaults+rdist,5,K+K+,matmul-blocked128-s1,heldout,matmul,matmul-blocked128,0.1,5,12457,5405,1
matmul,ref+aging+idle+age+dirty,5,K,matmul-blocked128-s1,heldout,matmul,matmul-blocked128,0.1,5,4159,77,0
matmul,ref+aging+idle+age+refaults,5,K+K+,matmul-blocked128-s1,heldout,matmul,matmul-blocked128,0.1,5,4159,74,0
matmul,ref+aging+idle+age+rdist,5,K+K+,matmul-blocked128-s1,heldout,matmul,matmul-blocked128,0.1,5,12457,6000,1
matmul,ref+aging+idle+dirty+refaults,5,K+K+,matmul-blocked128-s1,heldout,matmul,matmul-blocked128,0.1,5,4159,77,0
matmul,ref+aging+idle+dirty+rdist,5,K+K+,matmul-blocked128-s1,heldout,matmul,matmul-blocked128,0.1,5,3922,76,0
matmul,ref+aging+idle+refaults+rdist,5,K+K+,matmul-blocked128-s1,heldout,matmul,matmul-blocked128,0.1,5,12457,5999,1
matmul,ref+aging+age+dirty+refaults,5,K+K+,matmul-blocked128-s1,heldout,matmul,matmul-blocked128,0.1,5,4159,77,0
matmul,ref+aging+age+dirty+rdist,5,K+K+,matmul-blocked128-s1,heldout,matmul,matmul-blocked128,0.1,5,12457,6142,1
matmul,ref+aging+age+refaults+rdist,5,K+K+,matmul-blocked128-s1,heldout,matmul,matmul-blocked128,0.1,5,12457,6135,1
matmul,ref+aging+dirty+refaults+rdist,5,K+K+,matmul-blocked128-s1,heldout,matmul,matmul-blocked128,0.1,5,11524,3884,0
matmul,ref+sfreq+idle+age+dirty,5,K,matmul-blocked128-s1,heldout,matmul,matmul-blocked128,0.1,5,4144,62,0
matmul,ref+sfreq+idle+age+refaults,5,K+K+,matmul-blocked128-s1,heldout,matmul,matmul-blocked128,0.1,5,4144,62,0
matmul,ref+sfreq+idle+age+rdist,5,K+K+,matmul-blocked128-s1,heldout,matmul,matmul-blocked128,0.1,5,4160,62,0
matmul,ref+sfreq+idle+dirty+refaults,5,K+K+,matmul-blocked128-s1,heldout,matmul,matmul-blocked128,0.1,5,4144,62,0
matmul,ref+sfreq+idle+dirty+rdist,5,K+K+,matmul-blocked128-s1,heldout,matmul,matmul-blocked128,0.1,5,4175,76,0
matmul,ref+sfreq+idle+refaults+rdist,5,K+K+,matmul-blocked128-s1,heldout,matmul,matmul-blocked128,0.1,5,4147,63,0
matmul,ref+sfreq+age+dirty+refaults,5,K+K+,matmul-blocked128-s1,heldout,matmul,matmul-blocked128,0.1,5,12457,6247,1
matmul,ref+sfreq+age+dirty+rdist,5,K+K+,matmul-blocked128-s1,heldout,matmul,matmul-blocked128,0.1,5,12457,6247,1
matmul,ref+sfreq+age+refaults+rdist,5,K+K+,matmul-blocked128-s1,heldout,matmul,matmul-blocked128,0.1,5,12457,756,1
matmul,ref+sfreq+dirty+refaults+rdist,5,K+K+,matmul-blocked128-s1,heldout,matmul,matmul-blocked128,0.1,5,12457,6247,1
matmul,ref+idle+age+dirty+refaults,5,K+K+,matmul-blocked128-s1,heldout,matmul,matmul-blocked128,0.1,5,4144,62,0
matmul,ref+idle+age+dirty+rdist,5,K+K+,matmul-blocked128-s1,heldout,matmul,matmul-blocked128,0.1,5,4175,76,0
matmul,ref+idle+age+refaults+rdist,5,K+K+,matmul-blocked128-s1,heldout,matmul,matmul-blocked128,0.1,5,4161,63,0
matmul,ref+idle+dirty+refaults+rdist,5,K+K+,matmul-blocked128-s1,heldout,matmul,matmul-blocked128,0.1,5,4177,77,0
matmul,ref+age+dirty+refaults+rdist,5,K+K+,matmul-blocked128-s1,heldout,matmul,matmul-blocked128,0.1,5,12457,6247,1
matmul,aging+sfreq+idle+age+dirty,5,K,matmul-blocked128-s1,heldout,matmul,matmul-blocked128,0.1,5,3982,60,0
matmul,aging+sfreq+idle+age+refaults,5,K+K+,matmul-blocked128-s1,heldout,matmul,matmul-blocked128,0.1,5,3973,66,0
matmul,aging+sfreq+idle+age+rdist,5,K+K+,matmul-blocked128-s1,heldout,matmul,matmul-blocked128,0.1,5,12457,6247,1
matmul,aging+sfreq+idle+dirty+refaults,5,K+K+,matmul-blocked128-s1,heldout,matmul,matmul-blocked128,0.1,5,4155,73,0
matmul,aging+sfreq+idle+dirty+rdist,5,K+K+,matmul-blocked128-s1,heldout,matmul,matmul-blocked128,0.1,5,4172,84,0
matmul,aging+sfreq+idle+refaults+rdist,5,K+K+,matmul-blocked128-s1,heldout,matmul,matmul-blocked128,0.1,5,5281,646,0
matmul,aging+sfreq+age+dirty+refaults,5,K+K+,matmul-blocked128-s1,heldout,matmul,matmul-blocked128,0.1,5,6958,2863,0
matmul,aging+sfreq+age+dirty+rdist,5,K+K+,matmul-blocked128-s1,heldout,matmul,matmul-blocked128,0.1,5,12457,6247,1
matmul,aging+sfreq+age+refaults+rdist,5,K+K+,matmul-blocked128-s1,heldout,matmul,matmul-blocked128,0.1,5,12457,6247,1
matmul,aging+sfreq+dirty+refaults+rdist,5,K+K+,matmul-blocked128-s1,heldout,matmul,matmul-blocked128,0.1,5,12457,6247,1
matmul,aging+idle+age+dirty+refaults,5,K+K+,matmul-blocked128-s1,heldout,matmul,matmul-blocked128,0.1,5,4155,62,0
matmul,aging+idle+age+dirty+rdist,5,K+K+,matmul-blocked128-s1,heldout,matmul,matmul-blocked128,0.1,5,4182,81,0
matmul,aging+idle+age+refaults+rdist,5,K+K+,matmul-blocked128-s1,heldout,matmul,matmul-blocked128,0.1,5,4102,250,0
matmul,aging+idle+dirty+refaults+rdist,5,K+K+,matmul-blocked128-s1,heldout,matmul,matmul-blocked128,0.1,5,3925,79,0
matmul,aging+age+dirty+refaults+rdist,5,K+K+,matmul-blocked128-s1,heldout,matmul,matmul-blocked128,0.1,5,12457,6247,1
matmul,sfreq+idle+age+dirty+refaults,5,K+K+,matmul-blocked128-s1,heldout,matmul,matmul-blocked128,0.1,5,4144,62,0
matmul,sfreq+idle+age+dirty+rdist,5,K+K+,matmul-blocked128-s1,heldout,matmul,matmul-blocked128,0.1,5,3761,124,0
matmul,sfreq+idle+age+refaults+rdist,5,K+K+,matmul-blocked128-s1,heldout,matmul,matmul-blocked128,0.1,5,3664,74,0
matmul,sfreq+idle+dirty+refaults+rdist,5,K+K+,matmul-blocked128-s1,heldout,matmul,matmul-blocked128,0.1,5,4073,130,0
matmul,sfreq+age+dirty+refaults+rdist,5,K+K+,matmul-blocked128-s1,heldout,matmul,matmul-blocked128,0.1,5,12457,6247,1
matmul,idle+age+dirty+refaults+rdist,5,K+K+,matmul-blocked128-s1,heldout,matmul,matmul-blocked128,0.1,5,4162,96,0
matmul,ref+aging+sfreq+idle+age+dirty,6,K,matmul-blocked128-s1,heldout,matmul,matmul-blocked128,0.1,5,4157,74,0
matmul,ref+aging+sfreq+idle+age+refaults,6,K+K+,matmul-blocked128-s1,heldout,matmul,matmul-blocked128,0.1,5,4153,70,0
matmul,ref+aging+sfreq+idle+age+rdist,6,K+K+,matmul-blocked128-s1,heldout,matmul,matmul-blocked128,0.1,5,4173,74,0
matmul,ref+aging+sfreq+idle+dirty+refaults,6,K+K+,matmul-blocked128-s1,heldout,matmul,matmul-blocked128,0.1,5,4159,77,0
matmul,ref+aging+sfreq+idle+dirty+rdist,6,K+K+,matmul-blocked128-s1,heldout,matmul,matmul-blocked128,0.1,5,12457,5895,1
matmul,ref+aging+sfreq+idle+refaults+rdist,6,K+K+,matmul-blocked128-s1,heldout,matmul,matmul-blocked128,0.1,5,12457,5996,1
matmul,ref+aging+sfreq+age+dirty+refaults,6,K+K+,matmul-blocked128-s1,heldout,matmul,matmul-blocked128,0.1,5,4143,61,0
matmul,ref+aging+sfreq+age+dirty+rdist,6,K+K+,matmul-blocked128-s1,heldout,matmul,matmul-blocked128,0.1,5,3950,91,0
matmul,ref+aging+sfreq+age+refaults+rdist,6,K+K+,matmul-blocked128-s1,heldout,matmul,matmul-blocked128,0.1,5,4184,85,0
matmul,ref+aging+sfreq+dirty+refaults+rdist,6,K+K+,matmul-blocked128-s1,heldout,matmul,matmul-blocked128,0.1,5,12457,5887,1
matmul,ref+aging+idle+age+dirty+refaults,6,K+K+,matmul-blocked128-s1,heldout,matmul,matmul-blocked128,0.1,5,4159,77,0
matmul,ref+aging+idle+age+dirty+rdist,6,K+K+,matmul-blocked128-s1,heldout,matmul,matmul-blocked128,0.1,5,12457,6142,1
matmul,ref+aging+idle+age+refaults+rdist,6,K+K+,matmul-blocked128-s1,heldout,matmul,matmul-blocked128,0.1,5,12457,6003,1
matmul,ref+aging+idle+dirty+refaults+rdist,6,K+K+,matmul-blocked128-s1,heldout,matmul,matmul-blocked128,0.1,5,4585,308,0
matmul,ref+aging+age+dirty+refaults+rdist,6,K+K+,matmul-blocked128-s1,heldout,matmul,matmul-blocked128,0.1,5,12457,6021,1
matmul,ref+sfreq+idle+age+dirty+refaults,6,K+K+,matmul-blocked128-s1,heldout,matmul,matmul-blocked128,0.1,5,4144,62,0
matmul,ref+sfreq+idle+age+dirty+rdist,6,K+K+,matmul-blocked128-s1,heldout,matmul,matmul-blocked128,0.1,5,4163,65,0
matmul,ref+sfreq+idle+age+refaults+rdist,6,K+K+,matmul-blocked128-s1,heldout,matmul,matmul-blocked128,0.1,5,4160,62,0
matmul,ref+sfreq+idle+dirty+refaults+rdist,6,K+K+,matmul-blocked128-s1,heldout,matmul,matmul-blocked128,0.1,5,4175,76,0
matmul,ref+sfreq+age+dirty+refaults+rdist,6,K+K+,matmul-blocked128-s1,heldout,matmul,matmul-blocked128,0.1,5,12457,6247,1
matmul,ref+idle+age+dirty+refaults+rdist,6,K+K+,matmul-blocked128-s1,heldout,matmul,matmul-blocked128,0.1,5,4171,72,0
matmul,aging+sfreq+idle+age+dirty+refaults,6,K+K+,matmul-blocked128-s1,heldout,matmul,matmul-blocked128,0.1,5,3970,63,0
matmul,aging+sfreq+idle+age+dirty+rdist,6,K+K+,matmul-blocked128-s1,heldout,matmul,matmul-blocked128,0.1,5,12457,6247,1
matmul,aging+sfreq+idle+age+refaults+rdist,6,K+K+,matmul-blocked128-s1,heldout,matmul,matmul-blocked128,0.1,5,4013,76,0
matmul,aging+sfreq+idle+dirty+refaults+rdist,6,K+K+,matmul-blocked128-s1,heldout,matmul,matmul-blocked128,0.1,5,4168,81,0
matmul,aging+sfreq+age+dirty+refaults+rdist,6,K+K+,matmul-blocked128-s1,heldout,matmul,matmul-blocked128,0.1,5,12457,6247,1
matmul,aging+idle+age+dirty+refaults+rdist,6,K+K+,matmul-blocked128-s1,heldout,matmul,matmul-blocked128,0.1,5,4170,82,0
matmul,sfreq+idle+age+dirty+refaults+rdist,6,K+K+,matmul-blocked128-s1,heldout,matmul,matmul-blocked128,0.1,5,3668,77,0
matmul,ref+aging+sfreq+idle+age+dirty+refaults,7,K+K+,matmul-blocked128-s1,heldout,matmul,matmul-blocked128,0.1,5,4155,72,0
matmul,ref+aging+sfreq+idle+age+dirty+rdist,7,K+K+,matmul-blocked128-s1,heldout,matmul,matmul-blocked128,0.1,5,4176,76,0
matmul,ref+aging+sfreq+idle+age+refaults+rdist,7,K+K+,matmul-blocked128-s1,heldout,matmul,matmul-blocked128,0.1,5,4184,85,0
matmul,ref+aging+sfreq+idle+dirty+refaults+rdist,7,K+K+,matmul-blocked128-s1,heldout,matmul,matmul-blocked128,0.1,5,4183,79,0
matmul,ref+aging+sfreq+age+dirty+refaults+rdist,7,K+K+,matmul-blocked128-s1,heldout,matmul,matmul-blocked128,0.1,5,4065,159,0
matmul,ref+aging+idle+age+dirty+refaults+rdist,7,K+K+,matmul-blocked128-s1,heldout,matmul,matmul-blocked128,0.1,5,4177,83,0
matmul,ref+sfreq+idle+age+dirty+refaults+rdist,7,K+K+,matmul-blocked128-s1,heldout,matmul,matmul-blocked128,0.1,5,4160,62,0
matmul,aging+sfreq+idle+age+dirty+refaults+rdist,7,K+K+,matmul-blocked128-s1,heldout,matmul,matmul-blocked128,0.1,5,4045,95,0
matmul,ref+aging+sfreq+idle+age+dirty+refaults+rdist,8,K+K+,matmul-blocked128-s1,heldout,matmul,matmul-blocked128,0.1,5,4065,159,0
matmul,rec+ref+aging+sfreq+idle+age+dirty,7,F+K,matmul-blocked128-s1,heldout,matmul,matmul-blocked128,0.1,5,12457,804,1
matmul,rec+ref+aging+sfreq+idle+age+dirty+refaults+rdist,9,F+K+K+,matmul-blocked128-s1,heldout,matmul,matmul-blocked128,0.1,5,4229,129,0
matmul,freq+ref+aging+sfreq+idle+age+dirty,7,F+K,matmul-blocked128-s1,heldout,matmul,matmul-blocked128,0.1,5,4158,74,0
matmul,freq+ref+aging+sfreq+idle+age+dirty+refaults+rdist,9,F+K+K+,matmul-blocked128-s1,heldout,matmul,matmul-blocked128,0.1,5,3921,77,0
matmul,sd+ref+aging+sfreq+idle+age+dirty,7,F+K,matmul-blocked128-s1,heldout,matmul,matmul-blocked128,0.1,5,4171,88,0
matmul,sd+ref+aging+sfreq+idle+age+dirty+refaults+rdist,9,F+K+K+,matmul-blocked128-s1,heldout,matmul,matmul-blocked128,0.1,5,3989,144,0
matmul,wr+ref+aging+sfreq+idle+age+dirty,7,F+K,matmul-blocked128-s1,heldout,matmul,matmul-blocked128,0.1,5,6615,2693,0
matmul,wr+ref+aging+sfreq+idle+age+dirty+refaults+rdist,9,F+K+K+,matmul-blocked128-s1,heldout,matmul,matmul-blocked128,0.1,5,4107,184,0
matmul,rec+freq+ref+aging+sfreq+idle+age+dirty,8,F+K,matmul-blocked128-s1,heldout,matmul,matmul-blocked128,0.1,5,12457,27,1
matmul,rec+freq+ref+aging+sfreq+idle+age+dirty+refaults+rdist,10,F+K+K+,matmul-blocked128-s1,heldout,matmul,matmul-blocked128,0.1,5,4228,128,0
matmul,rec+sd+ref+aging+sfreq+idle+age+dirty,8,F+K,matmul-blocked128-s1,heldout,matmul,matmul-blocked128,0.1,5,4143,60,0
matmul,rec+sd+ref+aging+sfreq+idle+age+dirty+refaults+rdist,10,F+K+K+,matmul-blocked128-s1,heldout,matmul,matmul-blocked128,0.1,5,3973,130,0
matmul,rec+wr+ref+aging+sfreq+idle+age+dirty,8,F+K,matmul-blocked128-s1,heldout,matmul,matmul-blocked128,0.1,5,7726,3628,0
matmul,rec+wr+ref+aging+sfreq+idle+age+dirty+refaults+rdist,10,F+K+K+,matmul-blocked128-s1,heldout,matmul,matmul-blocked128,0.1,5,4249,149,0
matmul,freq+sd+ref+aging+sfreq+idle+age+dirty,8,F+K,matmul-blocked128-s1,heldout,matmul,matmul-blocked128,0.1,5,7457,3374,0
matmul,freq+sd+ref+aging+sfreq+idle+age+dirty+refaults+rdist,10,F+K+K+,matmul-blocked128-s1,heldout,matmul,matmul-blocked128,0.1,5,3838,154,0
matmul,freq+wr+ref+aging+sfreq+idle+age+dirty,8,F+K,matmul-blocked128-s1,heldout,matmul,matmul-blocked128,0.1,5,6617,2695,0
matmul,freq+wr+ref+aging+sfreq+idle+age+dirty+refaults+rdist,10,F+K+K+,matmul-blocked128-s1,heldout,matmul,matmul-blocked128,0.1,5,3912,164,0
matmul,sd+wr+ref+aging+sfreq+idle+age+dirty,8,F+K,matmul-blocked128-s1,heldout,matmul,matmul-blocked128,0.1,5,4330,472,0
matmul,sd+wr+ref+aging+sfreq+idle+age+dirty+refaults+rdist,10,F+K+K+,matmul-blocked128-s1,heldout,matmul,matmul-blocked128,0.1,5,4252,152,0
matmul,rec+freq+sd+ref+aging+sfreq+idle+age+dirty,9,F+K,matmul-blocked128-s1,heldout,matmul,matmul-blocked128,0.1,5,12457,5706,1
matmul,rec+freq+sd+ref+aging+sfreq+idle+age+dirty+refaults+rdist,11,F+K+K+,matmul-blocked128-s1,heldout,matmul,matmul-blocked128,0.1,5,3974,131,0
matmul,rec+freq+wr+ref+aging+sfreq+idle+age+dirty,9,F+K,matmul-blocked128-s1,heldout,matmul,matmul-blocked128,0.1,5,7726,3628,0
matmul,rec+freq+wr+ref+aging+sfreq+idle+age+dirty+refaults+rdist,11,F+K+K+,matmul-blocked128-s1,heldout,matmul,matmul-blocked128,0.1,5,4255,155,0
matmul,rec+sd+wr+ref+aging+sfreq+idle+age+dirty,9,F+K,matmul-blocked128-s1,heldout,matmul,matmul-blocked128,0.1,5,7726,3628,0
matmul,rec+sd+wr+ref+aging+sfreq+idle+age+dirty+refaults+rdist,11,F+K+K+,matmul-blocked128-s1,heldout,matmul,matmul-blocked128,0.1,5,3994,151,0
matmul,freq+sd+wr+ref+aging+sfreq+idle+age+dirty,9,F+K,matmul-blocked128-s1,heldout,matmul,matmul-blocked128,0.1,5,4347,489,0
matmul,freq+sd+wr+ref+aging+sfreq+idle+age+dirty+refaults+rdist,11,F+K+K+,matmul-blocked128-s1,heldout,matmul,matmul-blocked128,0.1,5,4017,173,0
matmul,rec+freq+sd+wr+ref+aging+sfreq+idle+age+dirty,10,F+K,matmul-blocked128-s1,heldout,matmul,matmul-blocked128,0.1,5,7726,3628,0
matmul,rec+freq+sd+wr+ref+aging+sfreq+idle+age+dirty+refaults+rdist,12,F+K+K+,matmul-blocked128-s1,heldout,matmul,matmul-blocked128,0.1,5,4002,158,0
global,rec,1,F,matmul-blocked128-s1,heldout,matmul,matmul-blocked128,0.1,5,4144,62,0
global,freq,1,F,matmul-blocked128-s1,heldout,matmul,matmul-blocked128,0.1,5,12457,742,1
global,sd,1,F,matmul-blocked128-s1,heldout,matmul,matmul-blocked128,0.1,5,4144,62,0
global,wr,1,F,matmul-blocked128-s1,heldout,matmul,matmul-blocked128,0.1,5,10285,5165,0
global,rec+freq,2,F,matmul-blocked128-s1,heldout,matmul,matmul-blocked128,0.1,5,4187,63,0
global,rec+sd,2,F,matmul-blocked128-s1,heldout,matmul,matmul-blocked128,0.1,5,4144,62,0
global,rec+wr,2,F,matmul-blocked128-s1,heldout,matmul,matmul-blocked128,0.1,5,4144,62,0
global,freq+sd,2,F,matmul-blocked128-s1,heldout,matmul,matmul-blocked128,0.1,5,4574,386,0
global,freq+wr,2,F,matmul-blocked128-s1,heldout,matmul,matmul-blocked128,0.1,5,12457,796,1
global,sd+wr,2,F,matmul-blocked128-s1,heldout,matmul,matmul-blocked128,0.1,5,4144,62,0
global,rec+freq+sd,3,F,matmul-blocked128-s1,heldout,matmul,matmul-blocked128,0.1,5,4189,63,0
global,rec+freq+wr,3,F,matmul-blocked128-s1,heldout,matmul,matmul-blocked128,0.1,5,4186,63,0
global,rec+sd+wr,3,F,matmul-blocked128-s1,heldout,matmul,matmul-blocked128,0.1,5,4144,62,0
global,freq+sd+wr,3,F,matmul-blocked128-s1,heldout,matmul,matmul-blocked128,0.1,5,4566,377,0
global,rec+freq+sd+wr,4,F,matmul-blocked128-s1,heldout,matmul,matmul-blocked128,0.1,5,4189,63,0
global,ref,1,K,matmul-blocked128-s1,heldout,matmul,matmul-blocked128,0.1,5,4144,62,0
global,aging,1,K,matmul-blocked128-s1,heldout,matmul,matmul-blocked128,0.1,5,4144,62,0
global,sfreq,1,K,matmul-blocked128-s1,heldout,matmul,matmul-blocked128,0.1,5,12457,734,1
global,idle,1,K,matmul-blocked128-s1,heldout,matmul,matmul-blocked128,0.1,5,4144,62,0
global,age,1,K,matmul-blocked128-s1,heldout,matmul,matmul-blocked128,0.1,5,6192,1087,0
global,dirty,1,K,matmul-blocked128-s1,heldout,matmul,matmul-blocked128,0.1,5,10270,5165,0
global,refaults,1,K+,matmul-blocked128-s1,heldout,matmul,matmul-blocked128,0.1,5,8480,2208,0
global,rdist,1,K+,matmul-blocked128-s1,heldout,matmul,matmul-blocked128,0.1,5,12457,1495,1
global,ref+aging,2,K,matmul-blocked128-s1,heldout,matmul,matmul-blocked128,0.1,5,4144,62,0
global,ref+sfreq,2,K,matmul-blocked128-s1,heldout,matmul,matmul-blocked128,0.1,5,4158,61,0
global,ref+idle,2,K,matmul-blocked128-s1,heldout,matmul,matmul-blocked128,0.1,5,4144,62,0
global,ref+age,2,K,matmul-blocked128-s1,heldout,matmul,matmul-blocked128,0.1,5,4144,62,0
global,ref+dirty,2,K,matmul-blocked128-s1,heldout,matmul,matmul-blocked128,0.1,5,4144,62,0
global,ref+refaults,2,K+K+,matmul-blocked128-s1,heldout,matmul,matmul-blocked128,0.1,5,4183,75,0
global,ref+rdist,2,K+K+,matmul-blocked128-s1,heldout,matmul,matmul-blocked128,0.1,5,4129,61,0
global,aging+sfreq,2,K,matmul-blocked128-s1,heldout,matmul,matmul-blocked128,0.1,5,4144,62,0
global,aging+idle,2,K,matmul-blocked128-s1,heldout,matmul,matmul-blocked128,0.1,5,4144,62,0
global,aging+age,2,K,matmul-blocked128-s1,heldout,matmul,matmul-blocked128,0.1,5,4144,62,0
global,aging+dirty,2,K,matmul-blocked128-s1,heldout,matmul,matmul-blocked128,0.1,5,4144,62,0
global,aging+refaults,2,K+K+,matmul-blocked128-s1,heldout,matmul,matmul-blocked128,0.1,5,4150,66,0
global,aging+rdist,2,K+K+,matmul-blocked128-s1,heldout,matmul,matmul-blocked128,0.1,5,4159,62,0
global,sfreq+idle,2,K,matmul-blocked128-s1,heldout,matmul,matmul-blocked128,0.1,5,4144,62,0
global,sfreq+age,2,K,matmul-blocked128-s1,heldout,matmul,matmul-blocked128,0.1,5,6198,1085,0
global,sfreq+dirty,2,K,matmul-blocked128-s1,heldout,matmul,matmul-blocked128,0.1,5,12457,6247,1
global,sfreq+refaults,2,K+K+,matmul-blocked128-s1,heldout,matmul,matmul-blocked128,0.1,5,12457,2965,1
global,sfreq+rdist,2,K+K+,matmul-blocked128-s1,heldout,matmul,matmul-blocked128,0.1,5,12457,1662,1
global,idle+age,2,K,matmul-blocked128-s1,heldout,matmul,matmul-blocked128,0.1,5,4144,62,0
global,idle+dirty,2,K,matmul-blocked128-s1,heldout,matmul,matmul-blocked128,0.1,5,4144,62,0
global,idle+refaults,2,K+K+,matmul-blocked128-s1,heldout,matmul,matmul-blocked128,0.1,5,5104,528,0
global,idle+rdist,2,K+K+,matmul-blocked128-s1,heldout,matmul,matmul-blocked128,0.1,5,4131,63,0
global,age+dirty,2,K,matmul-blocked128-s1,heldout,matmul,matmul-blocked128,0.1,5,6871,1766,0
global,age+refaults,2,K+K+,matmul-blocked128-s1,heldout,matmul,matmul-blocked128,0.1,5,12457,2927,1
global,age+rdist,2,K+K+,matmul-blocked128-s1,heldout,matmul,matmul-blocked128,0.1,5,4867,451,0
global,dirty+refaults,2,K+K+,matmul-blocked128-s1,heldout,matmul,matmul-blocked128,0.1,5,7966,1694,0
global,dirty+rdist,2,K+K+,matmul-blocked128-s1,heldout,matmul,matmul-blocked128,0.1,5,12457,1495,1
global,refaults+rdist,2,K+,matmul-blocked128-s1,heldout,matmul,matmul-blocked128,0.1,5,6486,1412,0
global,ref+aging+sfreq,3,K,matmul-blocked128-s1,heldout,matmul,matmul-blocked128,0.1,5,4144,62,0
global,ref+aging+idle,3,K,matmul-blocked128-s1,heldout,matmul,matmul-blocked128,0.1,5,4144,62,0
global,ref+aging+age,3,K,matmul-blocked128-s1,heldout,matmul,matmul-blocked128,0.1,5,4144,62,0
global,ref+aging+dirty,3,K,matmul-blocked128-s1,heldout,matmul,matmul-blocked128,0.1,5,4144,62,0
global,ref+aging+refaults,3,K+K+,matmul-blocked128-s1,heldout,matmul,matmul-blocked128,0.1,5,4159,72,0
global,ref+aging+rdist,3,K+K+,matmul-blocked128-s1,heldout,matmul,matmul-blocked128,0.1,5,4159,62,0
global,ref+sfreq+idle,3,K,matmul-blocked128-s1,heldout,matmul,matmul-blocked128,0.1,5,4144,62,0
global,ref+sfreq+age,3,K,matmul-blocked128-s1,heldout,matmul,matmul-blocked128,0.1,5,4158,61,0
global,ref+sfreq+dirty,3,K,matmul-blocked128-s1,heldout,matmul,matmul-blocked128,0.1,5,4158,61,0
global,ref+sfreq+refaults,3,K+K+,matmul-blocked128-s1,heldout,matmul,matmul-blocked128,0.1,5,12457,2532,1
global,ref+sfreq+rdist,3,K+K+,matmul-blocked128-s1,heldout,matmul,matmul-blocked128,0.1,5,4144,62,0
global,ref+idle+age,3,K,matmul-blocked128-s1,heldout,matmul,matmul-blocked128,0.1,5,4144,62,0
global,ref+idle+dirty,3,K,matmul-blocked128-s1,heldout,matmul,matmul-blocked128,0.1,5,4144,62,0
global,ref+idle+refaults,3,K+K+,matmul-blocked128-s1,heldout,matmul,matmul-blocked128,0.1,5,4236,102,0
global,ref+idle+rdist,3,K+K+,matmul-blocked128-s1,heldout,matmul,matmul-blocked128,0.1,5,4129,62,0
global,ref+age+dirty,3,K,matmul-blocked128-s1,heldout,matmul,matmul-blocked128,0.1,5,4144,62,0
global,ref+age+refaults,3,K+K+,matmul-blocked128-s1,heldout,matmul,matmul-blocked128,0.1,5,4116,186,0
global,ref+age+rdist,3,K+K+,matmul-blocked128-s1,heldout,matmul,matmul-blocked128,0.1,5,4129,61,0
global,ref+dirty+refaults,3,K+K+,matmul-blocked128-s1,heldout,matmul,matmul-blocked128,0.1,5,4188,75,0
global,ref+dirty+rdist,3,K+K+,matmul-blocked128-s1,heldout,matmul,matmul-blocked128,0.1,5,4129,61,0
global,ref+refaults+rdist,3,K+K+,matmul-blocked128-s1,heldout,matmul,matmul-blocked128,0.1,5,3975,62,0
global,aging+sfreq+idle,3,K,matmul-blocked128-s1,heldout,matmul,matmul-blocked128,0.1,5,4144,62,0
global,aging+sfreq+age,3,K,matmul-blocked128-s1,heldout,matmul,matmul-blocked128,0.1,5,4144,62,0
global,aging+sfreq+dirty,3,K,matmul-blocked128-s1,heldout,matmul,matmul-blocked128,0.1,5,4144,62,0
global,aging+sfreq+refaults,3,K+K+,matmul-blocked128-s1,heldout,matmul,matmul-blocked128,0.1,5,4400,184,0
global,aging+sfreq+rdist,3,K+K+,matmul-blocked128-s1,heldout,matmul,matmul-blocked128,0.1,5,4159,61,0
global,aging+idle+age,3,K,matmul-blocked128-s1,heldout,matmul,matmul-blocked128,0.1,5,4144,62,0
global,aging+idle+dirty,3,K,matmul-blocked128-s1,heldout,matmul,matmul-blocked128,0.1,5,4144,62,0
global,aging+idle+refaults,3,K+K+,matmul-blocked128-s1,heldout,matmul,matmul-blocked128,0.1,5,4169,77,0
global,aging+idle+rdist,3,K+K+,matmul-blocked128-s1,heldout,matmul,matmul-blocked128,0.1,5,4159,62,0
global,aging+age+dirty,3,K,matmul-blocked128-s1,heldout,matmul,matmul-blocked128,0.1,5,4144,62,0
global,aging+age+refaults,3,K+K+,matmul-blocked128-s1,heldout,matmul,matmul-blocked128,0.1,5,4161,64,0
global,aging+age+rdist,3,K+K+,matmul-blocked128-s1,heldout,matmul,matmul-blocked128,0.1,5,4159,61,0
global,aging+dirty+refaults,3,K+K+,matmul-blocked128-s1,heldout,matmul,matmul-blocked128,0.1,5,4152,67,0
global,aging+dirty+rdist,3,K+K+,matmul-blocked128-s1,heldout,matmul,matmul-blocked128,0.1,5,4159,62,0
global,aging+refaults+rdist,3,K+K+,matmul-blocked128-s1,heldout,matmul,matmul-blocked128,0.1,5,4159,62,0
global,sfreq+idle+age,3,K,matmul-blocked128-s1,heldout,matmul,matmul-blocked128,0.1,5,4144,62,0
global,sfreq+idle+dirty,3,K,matmul-blocked128-s1,heldout,matmul,matmul-blocked128,0.1,5,4144,62,0
global,sfreq+idle+refaults,3,K+K+,matmul-blocked128-s1,heldout,matmul,matmul-blocked128,0.1,5,6741,1450,0
global,sfreq+idle+rdist,3,K+K+,matmul-blocked128-s1,heldout,matmul,matmul-blocked128,0.1,5,4147,63,0
global,sfreq+age+dirty,3,K,matmul-blocked128-s1,heldout,matmul,matmul-blocked128,0.1,5,11089,4918,0
global,sfreq+age+refaults,3,K+K+,matmul-blocked128-s1,heldout,matmul,matmul-blocked128,0.1,5,12457,2926,1
global,sfreq+age+rdist,3,K+K+,matmul-blocked128-s1,heldout,matmul,matmul-blocked128,0.1,5,12457,4689,1
global,sfreq+dirty+refaults,3,K+K+,matmul-blocked128-s1,heldout,matmul,matmul-blocked128,0.1,5,12457,3632,1
global,sfreq+dirty+rdist,3,K+K+,matmul-blocked128-s1,heldout,matmul,matmul-blocked128,0.1,5,12457,6247,1
global,sfreq+refaults+rdist,3,K+K+,matmul-blocked128-s1,heldout,matmul,matmul-blocked128,0.1,5,12457,3078,1
global,idle+age+dirty,3,K,matmul-blocked128-s1,heldout,matmul,matmul-blocked128,0.1,5,4144,62,0
global,idle+age+refaults,3,K+K+,matmul-blocked128-s1,heldout,matmul,matmul-blocked128,0.1,5,5186,754,0
global,idle+age+rdist,3,K+K+,matmul-blocked128-s1,heldout,matmul,matmul-blocked128,0.1,5,4147,63,0
global,idle+dirty+refaults,3,K+K+,matmul-blocked128-s1,heldout,matmul,matmul-blocked128,0.1,5,5083,499,0
global,idle+dirty+rdist,3,K+K+,matmul-blocked128-s1,heldout,matmul,matmul-blocked128,0.1,5,4147,78,0
global,idle+refaults+rdist,3,K+K+,matmul-blocked128-s1,heldout,matmul,matmul-blocked128,0.1,5,4493,224,0
global,age+dirty+refaults,3,K+K+,matmul-blocked128-s1,heldout,matmul,matmul-blocked128,0.1,5,12457,2761,1
global,age+dirty+rdist,3,K+K+,matmul-blocked128-s1,heldout,matmul,matmul-blocked128,0.1,5,12457,6240,1
global,age+refaults+rdist,3,K+K+,matmul-blocked128-s1,heldout,matmul,matmul-blocked128,0.1,5,12457,4213,1
global,dirty+refaults+rdist,3,K+K+,matmul-blocked128-s1,heldout,matmul,matmul-blocked128,0.1,5,9895,3249,0
global,ref+aging+sfreq+idle,4,K,matmul-blocked128-s1,heldout,matmul,matmul-blocked128,0.1,5,4144,62,0
global,ref+aging+sfreq+age,4,K,matmul-blocked128-s1,heldout,matmul,matmul-blocked128,0.1,5,4144,62,0
global,ref+aging+sfreq+dirty,4,K,matmul-blocked128-s1,heldout,matmul,matmul-blocked128,0.1,5,4144,62,0
global,ref+aging+sfreq+refaults,4,K+K+,matmul-blocked128-s1,heldout,matmul,matmul-blocked128,0.1,5,4445,201,0
global,ref+aging+sfreq+rdist,4,K+K+,matmul-blocked128-s1,heldout,matmul,matmul-blocked128,0.1,5,4159,62,0
global,ref+aging+idle+age,4,K,matmul-blocked128-s1,heldout,matmul,matmul-blocked128,0.1,5,4144,62,0
global,ref+aging+idle+dirty,4,K,matmul-blocked128-s1,heldout,matmul,matmul-blocked128,0.1,5,4144,62,0
global,ref+aging+idle+refaults,4,K+K+,matmul-blocked128-s1,heldout,matmul,matmul-blocked128,0.1,5,4175,81,0
global,ref+aging+idle+rdist,4,K+K+,matmul-blocked128-s1,heldout,matmul,matmul-blocked128,0.1,5,4159,62,0
global,ref+aging+age+dirty,4,K,matmul-blocked128-s1,heldout,matmul,matmul-blocked128,0.1,5,4144,62,0
global,ref+aging+age+refaults,4,K+K+,matmul-blocked128-s1,heldout,matmul,matmul-blocked128,0.1,5,4171,67,0
global,ref+aging+age+rdist,4,K+K+,matmul-blocked128-s1,heldout,matmul,matmul-blocked128,0.1,5,4159,63,0
global,ref+aging+dirty+refaults,4,K+K+,matmul-blocked128-s1,heldout,matmul,matmul-blocked128,0.1,5,4156,69,0
global,ref+aging+dirty+rdist,4,K+K+,matmul-blocked128-s1,heldout,matmul,matmul-blocked128,0.1,5,4159,62,0
global,ref+aging+refaults+rdist,4,K+K+,matmul-blocked128-s1,heldout,matmul,matmul-blocked128,0.1,5,4159,62,0
global,ref+sfreq+idle+age,4,K,matmul-blocked128-s1,heldout,matmul,matmul-blocked128,0.1,5,4144,62,0
global,ref+sfreq+idle+dirty,4,K,matmul-blocked128-s1,heldout,matmul,matmul-blocked128,0.1,5,4144,62,0
global,ref+sfreq+idle+refaults,4,K+K+,matmul-blocked128-s1,heldout,matmul,matmul-blocked128,0.1,5,5411,786,0
global,ref+sfreq+idle+rdist,4,K+K+,matmul-blocked128-s1,heldout,matmul,matmul-blocked128,0.1,5,4145,61,0
global,ref+sfreq+age+dirty,4,K,matmul-blocked128-s1,heldout,matmul,matmul-blocked128,0.1,5,4158,61,0
global,ref+sfreq+age+refaults,4,K+K+,matmul-blocked128-s1,heldout,matmul,matmul-blocked128,0.1,5,12457,2769,1
global,ref+sfreq+age+rdist,4,K+K+,matmul-blocked128-s1,heldout,matmul,matmul-blocked128,0.1,5,4145,61,0
global,ref+sfreq+dirty+refaults,4,K+K+,matmul-blocked128-s1,heldout,matmul,matmul-blocked128,0.1,5,12457,2627,1
global,ref+sfreq+dirty+rdist,4,K+K+,matmul-blocked128-s1,heldout,matmul,matmul-blocked128,0.1,5,4144,62,0
global,ref+sfreq+refaults+rdist,4,K+K+,matmul-blocked128-s1,heldout,matmul,matmul-blocked128,0.1,5,12457,2579,1
global,ref+idle+age+dirty,4,K,matmul-blocked128-s1,heldout,matmul,matmul-blocked128,0.1,5,4144,62,0
global,ref+idle+age+refaults,4,K+K+,matmul-blocked128-s1,heldout,matmul,matmul-blocked128,0.1,5,4340,157,0
global,ref+idle+age+rdist,4,K+K+,matmul-blocked128-s1,heldout,matmul,matmul-blocked128,0.1,5,4145,62,0
global,ref+idle+dirty+refaults,4,K+K+,matmul-blocked128-s1,heldout,matmul,matmul-blocked128,0.1,5,4237,101,0
global,ref+idle+dirty+rdist,4,K+K+,matmul-blocked128-s1,heldout,matmul,matmul-blocked128,0.1,5,4129,61,0
global,ref+idle+refaults+rdist,4,K+K+,matmul-blocked128-s1,heldout,matmul,matmul-blocked128,0.1,5,4151,62,0
global,ref+age+dirty+refaults,4,K+K+,matmul-blocked128-s1,heldout,matmul,matmul-blocked128,0.1,5,4083,148,0
global,ref+age+dirty+rdist,4,K+K+,matmul-blocked128-s1,heldout,matmul,matmul-blocked128,0.1,5,4129,61,0
global,ref+age+refaults+rdist,4,K+K+,matmul-blocked128-s1,heldout,matmul,matmul-blocked128,0.1,5,4137,71,0
global,ref+dirty+refaults+rdist,4,K+K+,matmul-blocked128-s1,heldout,matmul,matmul-blocked128,0.1,5,3973,62,0
global,aging+sfreq+idle+age,4,K,matmul-blocked128-s1,heldout,matmul,matmul-blocked128,0.1,5,4144,62,0
global,aging+sfreq+idle+dirty,4,K,matmul-blocked128-s1,heldout,matmul,matmul-blocked128,0.1,5,4144,62,0
global,aging+sfreq+idle+refaults,4,K+K+,matmul-blocked128-s1,heldout,matmul,matmul-blocked128,0.1,5,4401,186,0
global,aging+sfreq+idle+rdist,4,K+K+,matmul-blocked128-s1,heldout,matmul,matmul-blocked128,0.1,5,4159,61,0
global,aging+sfreq+age+dirty,4,K,matmul-blocked128-s1,heldout,matmul,matmul-blocked128,0.1,5,4144,62,0
global,aging+sfreq+age+refaults,4,K+K+,matmul-blocked128-s1,heldout,matmul,matmul-blocked128,0.1,5,4201,79,0
global,aging+sfreq+age+rdist,4,K+K+,matmul-blocked128-s1,heldout,matmul,matmul-blocked128,0.1,5,4159,62,0
global,aging+sfreq+dirty+refaults,4,K+K+,matmul-blocked128-s1,heldout,matmul,matmul-blocked128,0.1,5,5459,970,0
global,aging+sfreq+dirty+rdist,4,K+K+,matmul-blocked128-s1,heldout,matmul,matmul-blocked128,0.1,5,4159,61,0
global,aging+sfreq+refaults+rdist,4,K+K+,matmul-blocked128-s1,heldout,matmul,matmul-blocked128,0.1,5,4806,383,0
global,aging+idle+age+dirty,4,K,matmul-blocked128-s1,heldout,matmul,matmul-blocked128,0.1,5,4144,62,0
global,aging+idle+age+refaults,4,K+K+,matmul-blocked128-s1,heldout,matmul,matmul-blocked128,0.1,5,4199,74,0
global,aging+idle+age+rdist,4,K+K+,matmul-blocked128-s1,heldout,matmul,matmul-blocked128,0.1,5,4159,61,0
global,aging+idle+dirty+refaults,4,K+K+,matmul-blocked128-s1,heldout,matmul,matmul-blocked128,0.1,5,4166,74,0
global,aging+idle+dirty+rdist,4,K+K+,matmul-blocked128-s1,heldout,matmul,matmul-blocked128,0.1,5,4159,62,0
global,aging+idle+refaults+rdist,4,K+K+,matmul-blocked128-s1,heldout,matmul,matmul-blocked128,0.1,5,4159,62,0
global,aging+age+dirty+refaults,4,K+K+,matmul-blocked128-s1,heldout,matmul,matmul-blocked128,0.1,5,4161,64,0
global,aging+age+dirty+rdist,4,K+K+,matmul-blocked128-s1,heldout,matmul,matmul-blocked128,0.1,5,4159,61,0
global,aging+age+refaults+rdist,4,K+K+,matmul-blocked128-s1,heldout,matmul,matmul-blocked128,0.1,5,4159,62,0
global,aging+dirty+refaults+rdist,4,K+K+,matmul-blocked128-s1,heldout,matmul,matmul-blocked128,0.1,5,4159,62,0
global,sfreq+idle+age+dirty,4,K,matmul-blocked128-s1,heldout,matmul,matmul-blocked128,0.1,5,4144,62,0
global,sfreq+idle+age+refaults,4,K+K+,matmul-blocked128-s1,heldout,matmul,matmul-blocked128,0.1,5,5254,793,0
global,sfreq+idle+age+rdist,4,K+K+,matmul-blocked128-s1,heldout,matmul,matmul-blocked128,0.1,5,3905,61,0
global,sfreq+idle+dirty+refaults,4,K+K+,matmul-blocked128-s1,heldout,matmul,matmul-blocked128,0.1,5,7185,1908,0
global,sfreq+idle+dirty+rdist,4,K+K+,matmul-blocked128-s1,heldout,matmul,matmul-blocked128,0.1,5,3923,77,0
global,sfreq+idle+refaults+rdist,4,K+K+,matmul-blocked128-s1,heldout,matmul,matmul-blocked128,0.1,5,11877,3036,0
global,sfreq+age+dirty+refaults,4,K+K+,matmul-blocked128-s1,heldout,matmul,matmul-blocked128,0.1,5,12457,3191,1
global,sfreq+age+dirty+rdist,4,K+K+,matmul-blocked128-s1,heldout,matmul,matmul-blocked128,0.1,5,12457,6018,1
global,sfreq+age+refaults+rdist,4,K+K+,matmul-blocked128-s1,heldout,matmul,matmul-blocked128,0.1,5,12457,3152,1
global,sfreq+dirty+refaults+rdist,4,K+K+,matmul-blocked128-s1,heldout,matmul,matmul-blocked128,0.1,5,12457,3808,1
global,idle+age+dirty+refaults,4,K+K+,matmul-blocked128-s1,heldout,matmul,matmul-blocked128,0.1,5,5441,1114,0
global,idle+age+dirty+rdist,4,K+K+,matmul-blocked128-s1,heldout,matmul,matmul-blocked128,0.1,5,3924,78,0
global,idle+age+refaults+rdist,4,K+K+,matmul-blocked128-s1,heldout,matmul,matmul-blocked128,0.1,5,4667,441,0
global,idle+dirty+refaults+rdist,4,K+K+,matmul-blocked128-s1,heldout,matmul,matmul-blocked128,0.1,5,4538,278,0
global,age+dirty+refaults+rdist,4,K+K+,matmul-blocked128-s1,heldout,matmul,matmul-blocked128,0.1,5,12457,2377,1
global,ref+aging+sfreq+idle+age,5,K,matmul-blocked128-s1,heldout,matmul,matmul-blocked128,0.1,5,4144,62,0
global,ref+aging+sfreq+idle+dirty,5,K,matmul-blocked128-s1,heldout,matmul,matmul-blocked128,0.1,5,4144,62,0
global,ref+aging+sfreq+idle+refaults,5,K+K+,matmul-blocked128-s1,heldout,matmul,matmul-blocked128,0.1,5,4501,275,0
global,ref+aging+sfreq+idle+rdist,5,K+K+,matmul-blocked128-s1,heldout,matmul,matmul-blocked128,0.1,5,4159,63,0
global,ref+aging+sfreq+age+dirty,5,K,matmul-blocked128-s1,heldout,matmul,matmul-blocked128,0.1,5,4144,62,0
global,ref+aging+sfreq+age+refaults,5,K+K+,matmul-blocked128-s1,heldout,matmul,matmul-blocked128,0.1,5,4206,83,0
global,ref+aging+sfreq+age+rdist,5,K+K+,matmul-blocked128-s1,heldout,matmul,matmul-blocked128,0.1,5,4157,63,0
global,ref+aging+sfreq+dirty+refaults,5,K+K+,matmul-blocked128-s1,heldout,matmul,matmul-blocked128,0.1,5,4530,287,0
global,ref+aging+sfreq+dirty+rdist,5,K+K+,matmul-blocked128-s1,heldout,matmul,matmul-blocked128,0.1,5,4159,62,0
global,ref+aging+sfreq+refaults+rdist,5,K+K+,matmul-blocked128-s1,heldout,matmul,matmul-blocked128,0.1,5,5039,495,0
global,ref+aging+idle+age+dirty,5,K,matmul-blocked128-s1,heldout,matmul,matmul-blocked128,0.1,5,4144,62,0
global,ref+aging+idle+age+refaults,5,K+K+,matmul-blocked128-s1,heldout,matmul,matmul-blocked128,0.1,5,4209,82,0
global,ref+aging+idle+age+rdist,5,K+K+,matmul-blocked128-s1,heldout,matmul,matmul-blocked128,0.1,5,4159,63,0
global,ref+aging+idle+dirty+refaults,5,K+K+,matmul-blocked128-s1,heldout,matmul,matmul-blocked128,0.1,5,4170,76,0
global,ref+aging+idle+dirty+rdist,5,K+K+,matmul-blocked128-s1,heldout,matmul,matmul-blocked128,0.1,5,4159,63,0
global,ref+aging+idle+refaults+rdist,5,K+K+,matmul-blocked128-s1,heldout,matmul,matmul-blocked128,0.1,5,4159,62,0
global,ref+aging+age+dirty+refaults,5,K+K+,matmul-blocked128-s1,heldout,matmul,matmul-blocked128,0.1,5,4171,67,0
global,ref+aging+age+dirty+rdist,5,K+K+,matmul-blocked128-s1,heldout,matmul,matmul-blocked128,0.1,5,4159,63,0
global,ref+aging+age+refaults+rdist,5,K+K+,matmul-blocked128-s1,heldout,matmul,matmul-blocked128,0.1,5,4159,62,0
global,ref+aging+dirty+refaults+rdist,5,K+K+,matmul-blocked128-s1,heldout,matmul,matmul-blocked128,0.1,5,4159,62,0
global,ref+sfreq+idle+age+dirty,5,K,matmul-blocked128-s1,heldout,matmul,matmul-blocked128,0.1,5,4144,62,0
global,ref+sfreq+idle+age+refaults,5,K+K+,matmul-blocked128-s1,heldout,matmul,matmul-blocked128,0.1,5,4366,190,0
global,ref+sfreq+idle+age+rdist,5,K+K+,matmul-blocked128-s1,heldout,matmul,matmul-blocked128,0.1,5,3905,61,0
global,ref+sfreq+idle+dirty+refaults,5,K+K+,matmul-blocked128-s1,heldout,matmul,matmul-blocked128,0.1,5,5755,1056,0
global,ref+sfreq+idle+dirty+rdist,5,K+K+,matmul-blocked128-s1,heldout,matmul,matmul-blocked128,0.1,5,4145,61,0
global,ref+sfreq+idle+refaults+rdist,5,K+K+,matmul-blocked128-s1,heldout,matmul,matmul-blocked128,0.1,5,7128,1259,0
global,ref+sfreq+age+dirty+refaults,5,K+K+,matmul-blocked128-s1,heldout,matmul,matmul-blocked128,0.1,5,12457,3395,1
global,ref+sfreq+age+dirty+rdist,5,K+K+,matmul-blocked128-s1,heldout,matmul,matmul-blocked128,0.1,5,4145,61,0
global,ref+sfreq+age+refaults+rdist,5,K+K+,matmul-blocked128-s1,heldout,matmul,matmul-blocked128,0.1,5,12457,3370,1
global,ref+sfreq+dirty+refaults+rdist,5,K+K+,matmul-blocked128-s1,heldout,matmul,matmul-blocked128,0.1,5,12457,2708,1
global,ref+idle+age+dirty+refaults,5,K+K+,matmul-blocked128-s1,heldout,matmul,matmul-blocked128,0.1,5,4389,231,0
global,ref+idle+age+dirty+rdist,5,K+K+,matmul-blocked128-s1,heldout,matmul,matmul-blocked128,0.1,5,4145,61,0
global,ref+idle+age+refaults+rdist,5,K+K+,matmul-blocked128-s1,heldout,matmul,matmul-blocked128,0.1,5,4020,91,0
global,ref+idle+dirty+refaults+rdist,5,K+K+,matmul-blocked128-s1,heldout,matmul,matmul-blocked128,0.1,5,4151,62,0
global,ref+age+dirty+refaults+rdist,5,K+K+,matmul-blocked128-s1,heldout,matmul,matmul-blocked128,0.1,5,4111,107,0
global,aging+sfreq+idle+age+dirty,5,K,matmul-blocked128-s1,heldout,matmul,matmul-blocked128,0.1,5,4144,62,0
global,aging+sfreq+idle+age+refaults,5,K+K+,matmul-blocked128-s1,heldout,matmul,matmul-blocked128,0.1,5,4198,75,0
global,aging+sfreq+idle+age+rdist,5,K+K+,matmul-blocked128-s1,heldout,matmul,matmul-blocked128,0.1,5,4159,62,0
global,aging+sfreq+idle+dirty+refaults,5,K+K+,matmul-blocked128-s1,heldout,matmul,matmul-blocked128,0.1,5,4467,248,0
global,aging+sfreq+idle+dirty+rdist,5,K+K+,matmul-blocked128-s1,heldout,matmul,matmul-blocked128,0.1,5,4159,61,0
global,aging+sfreq+idle+refaults+rdist,5,K+K+,matmul-blocked128-s1,heldout,matmul,matmul-blocked128,0.1,5,12457,2775,1
global,aging+sfreq+age+dirty+refaults,5,K+K+,matmul-blocked128-s1,heldout,matmul,matmul-blocked128,0.1,5,4203,83,0
global,aging+sfreq+age+dirty+rdist,5,K+K+,matmul-blocked128-s1,heldout,matmul,matmul-blocked128,0.1,5,4159,62,0
global,aging+sfreq+age+refaults+rdist,5,K+K+,matmul-blocked128-s1,heldout,matmul,matmul-blocked128,0.1,5,4159,62,0
global,aging+sfreq+dirty+refaults+rdist,5,K+K+,matmul-blocked128-s1,heldout,matmul,matmul-blocked128,0.1,5,5321,669,0
global,aging+idle+age+dirty+refaults,5,K+K+,matmul-blocked128-s1,heldout,matmul,matmul-blocked128,0.1,5,4203,81,0
global,aging+idle+age+dirty+rdist,5,K+K+,matmul-blocked128-s1,heldout,matmul,matmul-blocked128,0.1,5,4159,61,0
global,aging+idle+age+refaults+rdist,5,K+K+,matmul-blocked128-s1,heldout,matmul,matmul-blocked128,0.1,5,4164,64,0
global,aging+idle+dirty+refaults+rdist,5,K+K+,matmul-blocked128-s1,heldout,matmul,matmul-blocked128,0.1,5,4159,62,0
global,aging+age+dirty+refaults+rdist,5,K+K+,matmul-blocked128-s1,heldout,matmul,matmul-blocked128,0.1,5,4159,62,0
global,sfreq+idle+age+dirty+refaults,5,K+K+,matmul-blocked128-s1,heldout,matmul,matmul-blocked128,0.1,5,5546,1178,0
global,sfreq+idle+age+dirty+rdist,5,K+K+,matmul-blocked128-s1,heldout,matmul,matmul-blocked128,0.1,5,3938,92,0
global,sfreq+idle+age+refaults+rdist,5,K+K+,matmul-blocked128-s1,heldout,matmul,matmul-blocked128,0.1,5,4480,304,0
global,sfreq+idle+dirty+refaults+rdist,5,K+K+,matmul-blocked128-s1,heldout,matmul,matmul-blocked128,0.1,5,12457,3233,1
global,sfreq+age+dirty+refaults+rdist,5,K+K+,matmul-blocked128-s1,heldout,matmul,matmul-blocked128,0.1,5,12457,2306,1
global,idle+age+dirty+refaults+rdist,5,K+K+,matmul-blocked128-s1,heldout,matmul,matmul-blocked128,0.1,5,6899,1928,0
global,ref+aging+sfreq+idle+age+dirty,6,K,matmul-blocked128-s1,heldout,matmul,matmul-blocked128,0.1,5,4144,62,0
global,ref+aging+sfreq+idle+age+refaults,6,K+K+,matmul-blocked128-s1,heldout,matmul,matmul-blocked128,0.1,5,4194,74,0
global,ref+aging+sfreq+idle+age+rdist,6,K+K+,matmul-blocked128-s1,heldout,matmul,matmul-blocked128,0.1,5,4156,63,0
global,ref+aging+sfreq+idle+dirty+refaults,6,K+K+,matmul-blocked128-s1,heldout,matmul,matmul-blocked128,0.1,5,4635,402,0
global,ref+aging+sfreq+idle+dirty+rdist,6,K+K+,matmul-blocked128-s1,heldout,matmul,matmul-blocked128,0.1,5,4159,63,0
global,ref+aging+sfreq+idle+refaults+rdist,6,K+K+,matmul-blocked128-s1,heldout,matmul,matmul-blocked128,0.1,5,12457,1833,1
global,ref+aging+sfreq+age+dirty+refaults,6,K+K+,matmul-blocked128-s1,heldout,matmul,matmul-blocked128,0.1,5,4188,82,0
global,ref+aging+sfreq+age+dirty+rdist,6,K+K+,matmul-blocked128-s1,heldout,matmul,matmul-blocked128,0.1,5,4159,63,0
global,ref+aging+sfreq+age+refaults+rdist,6,K+K+,matmul-blocked128-s1,heldout,matmul,matmul-blocked128,0.1,5,4159,62,0
global,ref+aging+sfreq+dirty+refaults+rdist,6,K+K+,matmul-blocked128-s1,heldout,matmul,matmul-blocked128,0.1,5,5381,719,0
global,ref+aging+idle+age+dirty+refaults,6,K+K+,matmul-blocked128-s1,heldout,matmul,matmul-blocked128,0.1,5,4202,87,0
global,ref+aging+idle+age+dirty+rdist,6,K+K+,matmul-blocked128-s1,heldout,matmul,matmul-blocked128,0.1,5,4159,63,0
global,ref+aging+idle+age+refaults+rdist,6,K+K+,matmul-blocked128-s1,heldout,matmul,matmul-blocked128,0.1,5,4165,66,0
global,ref+aging+idle+dirty+refaults+rdist,6,K+K+,matmul-blocked128-s1,heldout,matmul,matmul-blocked128,0.1,5,4159,62,0
global,ref+aging+age+dirty+refaults+rdist,6,K+K+,matmul-blocked128-s1,heldout,matmul,matmul-blocked128,0.1,5,4159,62,0
global,ref+sfreq+idle+age+dirty+refaults,6,K+K+,matmul-blocked128-s1,heldout,matmul,matmul-blocked128,0.1,5,4411,245,0
global,ref+sfreq+idle+age+dirty+rdist,6,K+K+,matmul-blocked128-s1,heldout,matmul,matmul-blocked128,0.1,5,3905,61,0
global,ref+sfreq+idle+age+refaults+rdist,6,K+K+,matmul-blocked128-s1,heldout,matmul,matmul-blocked128,0.1,5,3965,92,0
global,ref+sfreq+idle+dirty+refaults+rdist,6,K+K+,matmul-blocked128-s1,heldout,matmul,matmul-blocked128,0.1,5,7916,1624,0
global,ref+sfreq+age+dirty+refaults+rdist,6,K+K+,matmul-blocked128-s1,heldout,matmul,matmul-blocked128,0.1,5,12457,3536,1
global,ref+idle+age+dirty+refaults+rdist,6,K+K+,matmul-blocked128-s1,heldout,matmul,matmul-blocked128,0.1,5,4090,162,0
global,aging+sfreq+idle+age+dirty+refaults,6,K+K+,matmul-blocked128-s1,heldout,matmul,matmul-blocked128,0.1,5,4191,79,0
global,aging+sfreq+idle+age+dirty+rdist,6,K+K+,matmul-blocked128-s1,heldout,matmul,matmul-blocked128,0.1,5,4159,62,0
global,aging+sfreq+idle+age+refaults+rdist,6,K+K+,matmul-blocked128-s1,heldout,matmul,matmul-blocked128,0.1,5,4159,62,0
global,aging+sfreq+idle+dirty+refaults+rdist,6,K+K+,matmul-blocked128-s1,heldout,matmul,matmul-blocked128,0.1,5,12457,2332,1
global,aging+sfreq+age+dirty+refaults+rdist,6,K+K+,matmul-blocked128-s1,heldout,matmul,matmul-blocked128,0.1,5,4159,62,0
global,aging+idle+age+dirty+refaults+rdist,6,K+K+,matmul-blocked128-s1,heldout,matmul,matmul-blocked128,0.1,5,4167,67,0
global,sfreq+idle+age+dirty+refaults+rdist,6,K+K+,matmul-blocked128-s1,heldout,matmul,matmul-blocked128,0.1,5,4794,566,0
global,ref+aging+sfreq+idle+age+dirty+refaults,7,K+K+,matmul-blocked128-s1,heldout,matmul,matmul-blocked128,0.1,5,4187,79,0
global,ref+aging+sfreq+idle+age+dirty+rdist,7,K+K+,matmul-blocked128-s1,heldout,matmul,matmul-blocked128,0.1,5,4158,63,0
global,ref+aging+sfreq+idle+age+refaults+rdist,7,K+K+,matmul-blocked128-s1,heldout,matmul,matmul-blocked128,0.1,5,4159,62,0
global,ref+aging+sfreq+idle+dirty+refaults+rdist,7,K+K+,matmul-blocked128-s1,heldout,matmul,matmul-blocked128,0.1,5,12457,3358,1
global,ref+aging+sfreq+age+dirty+refaults+rdist,7,K+K+,matmul-blocked128-s1,heldout,matmul,matmul-blocked128,0.1,5,4159,62,0
global,ref+aging+idle+age+dirty+refaults+rdist,7,K+K+,matmul-blocked128-s1,heldout,matmul,matmul-blocked128,0.1,5,4167,68,0
global,ref+sfreq+idle+age+dirty+refaults+rdist,7,K+K+,matmul-blocked128-s1,heldout,matmul,matmul-blocked128,0.1,5,3970,110,0
global,aging+sfreq+idle+age+dirty+refaults+rdist,7,K+K+,matmul-blocked128-s1,heldout,matmul,matmul-blocked128,0.1,5,4159,62,0
global,ref+aging+sfreq+idle+age+dirty+refaults+rdist,8,K+K+,matmul-blocked128-s1,heldout,matmul,matmul-blocked128,0.1,5,4159,62,0
global,rec+ref+aging+sfreq+idle+age+dirty,7,F+K,matmul-blocked128-s1,heldout,matmul,matmul-blocked128,0.1,5,4144,62,0
global,rec+ref+aging+sfreq+idle+age+dirty+refaults+rdist,9,F+K+K+,matmul-blocked128-s1,heldout,matmul,matmul-blocked128,0.1,5,4159,62,0
global,freq+ref+aging+sfreq+idle+age+dirty,7,F+K,matmul-blocked128-s1,heldout,matmul,matmul-blocked128,0.1,5,4144,62,0
global,freq+ref+aging+sfreq+idle+age+dirty+refaults+rdist,9,F+K+K+,matmul-blocked128-s1,heldout,matmul,matmul-blocked128,0.1,5,4159,62,0
global,sd+ref+aging+sfreq+idle+age+dirty,7,F+K,matmul-blocked128-s1,heldout,matmul,matmul-blocked128,0.1,5,4144,62,0
global,sd+ref+aging+sfreq+idle+age+dirty+refaults+rdist,9,F+K+K+,matmul-blocked128-s1,heldout,matmul,matmul-blocked128,0.1,5,4199,102,0
global,wr+ref+aging+sfreq+idle+age+dirty,7,F+K,matmul-blocked128-s1,heldout,matmul,matmul-blocked128,0.1,5,4144,62,0
global,wr+ref+aging+sfreq+idle+age+dirty+refaults+rdist,9,F+K+K+,matmul-blocked128-s1,heldout,matmul,matmul-blocked128,0.1,5,4161,64,0
global,rec+freq+ref+aging+sfreq+idle+age+dirty,8,F+K,matmul-blocked128-s1,heldout,matmul,matmul-blocked128,0.1,5,4209,73,0
global,rec+freq+ref+aging+sfreq+idle+age+dirty+refaults+rdist,10,F+K+K+,matmul-blocked128-s1,heldout,matmul,matmul-blocked128,0.1,5,4162,63,0
global,rec+sd+ref+aging+sfreq+idle+age+dirty,8,F+K,matmul-blocked128-s1,heldout,matmul,matmul-blocked128,0.1,5,4144,62,0
global,rec+sd+ref+aging+sfreq+idle+age+dirty+refaults+rdist,10,F+K+K+,matmul-blocked128-s1,heldout,matmul,matmul-blocked128,0.1,5,4159,62,0
global,rec+wr+ref+aging+sfreq+idle+age+dirty,8,F+K,matmul-blocked128-s1,heldout,matmul,matmul-blocked128,0.1,5,4144,62,0
global,rec+wr+ref+aging+sfreq+idle+age+dirty+refaults+rdist,10,F+K+K+,matmul-blocked128-s1,heldout,matmul,matmul-blocked128,0.1,5,4159,62,0
global,freq+sd+ref+aging+sfreq+idle+age+dirty,8,F+K,matmul-blocked128-s1,heldout,matmul,matmul-blocked128,0.1,5,4144,62,0
global,freq+sd+ref+aging+sfreq+idle+age+dirty+refaults+rdist,10,F+K+K+,matmul-blocked128-s1,heldout,matmul,matmul-blocked128,0.1,5,4159,62,0
global,freq+wr+ref+aging+sfreq+idle+age+dirty,8,F+K,matmul-blocked128-s1,heldout,matmul,matmul-blocked128,0.1,5,4144,62,0
global,freq+wr+ref+aging+sfreq+idle+age+dirty+refaults+rdist,10,F+K+K+,matmul-blocked128-s1,heldout,matmul,matmul-blocked128,0.1,5,4159,62,0
global,sd+wr+ref+aging+sfreq+idle+age+dirty,8,F+K,matmul-blocked128-s1,heldout,matmul,matmul-blocked128,0.1,5,4144,62,0
global,sd+wr+ref+aging+sfreq+idle+age+dirty+refaults+rdist,10,F+K+K+,matmul-blocked128-s1,heldout,matmul,matmul-blocked128,0.1,5,4194,97,0
global,rec+freq+sd+ref+aging+sfreq+idle+age+dirty,9,F+K,matmul-blocked128-s1,heldout,matmul,matmul-blocked128,0.1,5,4209,73,0
global,rec+freq+sd+ref+aging+sfreq+idle+age+dirty+refaults+rdist,11,F+K+K+,matmul-blocked128-s1,heldout,matmul,matmul-blocked128,0.1,5,4162,63,0
global,rec+freq+wr+ref+aging+sfreq+idle+age+dirty,9,F+K,matmul-blocked128-s1,heldout,matmul,matmul-blocked128,0.1,5,4207,72,0
global,rec+freq+wr+ref+aging+sfreq+idle+age+dirty+refaults+rdist,11,F+K+K+,matmul-blocked128-s1,heldout,matmul,matmul-blocked128,0.1,5,4162,63,0
global,rec+sd+wr+ref+aging+sfreq+idle+age+dirty,9,F+K,matmul-blocked128-s1,heldout,matmul,matmul-blocked128,0.1,5,4144,62,0
global,rec+sd+wr+ref+aging+sfreq+idle+age+dirty+refaults+rdist,11,F+K+K+,matmul-blocked128-s1,heldout,matmul,matmul-blocked128,0.1,5,4159,62,0
global,freq+sd+wr+ref+aging+sfreq+idle+age+dirty,9,F+K,matmul-blocked128-s1,heldout,matmul,matmul-blocked128,0.1,5,4144,62,0
global,freq+sd+wr+ref+aging+sfreq+idle+age+dirty+refaults+rdist,11,F+K+K+,matmul-blocked128-s1,heldout,matmul,matmul-blocked128,0.1,5,4159,62,0
global,rec+freq+sd+wr+ref+aging+sfreq+idle+age+dirty,10,F+K,matmul-blocked128-s1,heldout,matmul,matmul-blocked128,0.1,5,4207,72,0
global,rec+freq+sd+wr+ref+aging+sfreq+idle+age+dirty+refaults+rdist,12,F+K+K+,matmul-blocked128-s1,heldout,matmul,matmul-blocked128,0.1,5,4162,63,0
matmul,rec,1,F,matmul-naive128-s1,heldout,matmul,matmul-naive128,0.1,5,278544,16414,0
matmul,freq,1,F,matmul-naive128-s1,heldout,matmul,matmul-naive128,0.1,5,835636,6754,1
matmul,sd,1,F,matmul-naive128-s1,heldout,matmul,matmul-naive128,0.1,5,278544,16414,0
matmul,wr,1,F,matmul-naive128-s1,heldout,matmul,matmul-naive128,0.1,5,331776,16415,0
matmul,rec+freq,2,F,matmul-naive128-s1,heldout,matmul,matmul-naive128,0.1,5,278559,16415,0
matmul,rec+sd,2,F,matmul-naive128-s1,heldout,matmul,matmul-naive128,0.1,5,278544,16414,0
matmul,rec+wr,2,F,matmul-naive128-s1,heldout,matmul,matmul-naive128,0.1,5,278544,16414,0
matmul,freq+sd,2,F,matmul-naive128-s1,heldout,matmul,matmul-naive128,0.1,5,278549,16415,0
matmul,freq+wr,2,F,matmul-naive128-s1,heldout,matmul,matmul-naive128,0.1,5,835636,6754,1
matmul,sd+wr,2,F,matmul-naive128-s1,heldout,matmul,matmul-naive128,0.1,5,278544,16414,0
matmul,rec+freq+sd,3,F,matmul-naive128-s1,heldout,matmul,matmul-naive128,0.1,5,278544,16414,0
matmul,rec+freq+wr,3,F,matmul-naive128-s1,heldout,matmul,matmul-naive128,0.1,5,278544,16414,0
matmul,rec+sd+wr,3,F,matmul-naive128-s1,heldout,matmul,matmul-naive128,0.1,5,278544,16414,0
matmul,freq+sd+wr,3,F,matmul-naive128-s1,heldout,matmul,matmul-naive128,0.1,5,278544,16414,0
matmul,rec+freq+sd+wr,4,F,matmul-naive128-s1,heldout,matmul,matmul-naive128,0.1,5,278544,16414,0
matmul,ref,1,K,matmul-naive128-s1,heldout,matmul,matmul-naive128,0.1,5,278545,16414,0
matmul,aging,1,K,matmul-naive128-s1,heldout,matmul,matmul-naive128,0.1,5,278545,16414,0
matmul,sfreq,1,K,matmul-naive128-s1,heldout,matmul,matmul-naive128,0.1,5,835636,6355,1
matmul,idle,1,K,matmul-naive128-s1,heldout,matmul,matmul-naive128,0.1,5,278545,16414,0
matmul,age,1,K,matmul-naive128-s1,heldout,matmul,matmul-naive128,0.1,5,835636,4346,1
matmul,dirty,1,K,matmul-naive128-s1,heldout,matmul,matmul-naive128,0.1,5,331776,16415,0
matmul,refaults,1,K+,matmul-naive128-s1,heldout,matmul,matmul-naive128,0.1,5,457580,44,0
matmul,rdist,1,K+,matmul-naive128-s1,heldout,matmul,matmul-naive128,0.1,5,457580,44,0
matmul,ref+aging,2,K,matmul-naive128-s1,heldout,matmul,matmul-naive128,0.1,5,278545,16414,0
matmul,ref+sfreq,2,K,matmul-naive128-s1,heldout,matmul,matmul-naive128,0.1,5,835636,6355,1
matmul,ref+idle,2,K,matmul-naive128-s1,heldout,matmul,matmul-naive128,0.1,5,278545,16414,0
matmul,ref+age,2,K,matmul-naive128-s1,heldout,matmul,matmul-naive128,0.1,5,835636,5644,1
matmul,ref+dirty,2,K,matmul-naive128-s1,heldout,matmul,matmul-naive128,0.1,5,278545,16414,0
matmul,ref+refaults,2,K+K+,matmul-naive128-s1,heldout,matmul,matmul-naive128,0.1,5,261153,45,0
matmul,ref+rdist,2,K+K+,matmul-naive128-s1,heldout,matmul,matmul-naive128,0.1,5,457580,44,0
matmul,aging+sfreq,2,K,matmul-naive128-s1,heldout,matmul,matmul-naive128,0.1,5,835636,7096,1
matmul,aging+idle,2,K,matmul-naive128-s1,heldout,matmul,matmul-naive128,0.1,5,278545,16414,0
matmul,aging+age,2,K,matmul-naive128-s1,heldout,matmul,matmul-naive128,0.1,5,835636,7096,1
matmul,aging+dirty,2,K,matmul-naive128-s1,heldout,matmul,matmul-naive128,0.1,5,278545,16414,0
matmul,aging+refaults,2,K+K+,matmul-naive128-s1,heldout,matmul,matmul-naive128,0.1,5,263200,1069,0
matmul,aging+rdist,2,K+K+,matmul-naive128-s1,heldout,matmul,matmul-naive128,0.1,5,243748,44,0
matmul,sfreq+idle,2,K,matmul-naive128-s1,heldout,matmul,matmul-naive128,0.1,5,278545,16414,0
matmul,sfreq+age,2,K,matmul-naive128-s1,heldout,matmul,matmul-naive128,0.1,5,835636,7096,1
matmul,sfreq+dirty,2,K,matmul-naive128-s1,heldout,matmul,matmul-naive128,0.1,5,835636,6355,1
matmul,sfreq+refaults,2,K+K+,matmul-naive128-s1,heldout,matmul,matmul-naive128,0.1,5,835636,4963,1
matmul,sfreq+rdist,2,K+K+,matmul-naive128-s1,heldout,matmul,matmul-naive128,0.1,5,835636,4346,1
matmul,idle+age,2,K,matmul-naive128-s1,heldout,matmul,matmul-naive128,0.1,5,278545,16414,0
matmul,idle+dirty,2,K,matmul-naive128-s1,heldout,matmul,matmul-naive128,0.1,5,278545,16414,0
matmul,idle+refaults,2,K+K+,matmul-naive128-s1,heldout,matmul,matmul-naive128,0.1,5,278545,16414,0
matmul,idle+rdist,2,K+K+,matmul-naive128-s1,heldout,matmul,matmul-naive128,0.1,5,243748,45,0
matmul,age+dirty,2,K,matmul-naive128-s1,heldout,matmul,matmul-naive128,0.1,5,835636,4346,1
matmul,age+refaults,2,K+K+,matmul-naive128-s1,heldout,matmul,matmul-naive128,0.1,5,835636,4346,1
matmul,age+rdist,2,K+K+,matmul-naive128-s1,heldout,matmul,matmul-naive128,0.1,5,835636,4346,1
matmul,dirty+refaults,2,K+K+,matmul-naive128-s1,heldout,matmul,matmul-naive128,0.1,5,453483,16411,0
matmul,dirty+rdist,2,K+K+,matmul-naive128-s1,heldout,matmul,matmul-naive128,0.1,5,453483,16411,0
matmul,refaults+rdist,2,K+,matmul-naive128-s1,heldout,matmul,matmul-naive128,0.1,5,457580,44,0
matmul,ref+aging+sfreq,3,K,matmul-naive128-s1,heldout,matmul,matmul-naive128,0.1,5,278545,16413,0
matmul,ref+aging+idle,3,K,matmul-naive128-s1,heldout,matmul,matmul-naive128,0.1,5,278545,16414,0
matmul,ref+aging+age,3,K,matmul-naive128-s1,heldout,matmul,matmul-naive128,0.1,5,278545,16413,0
matmul,ref+aging+dirty,3,K,matmul-naive128-s1,heldout,matmul,matmul-naive128,0.1,5,278545,16414,0
matmul,ref+aging+refaults,3,K+K+,matmul-naive128-s1,heldout,matmul,matmul-naive128,0.1,5,278545,16414,0
matmul,ref+aging+rdist,3,K+K+,matmul-naive128-s1,heldout,matmul,matmul-naive128,0.1,5,243747,44,0
matmul,ref+sfreq+idle,3,K,matmul-naive128-s1,heldout,matmul,matmul-naive128,0.1,5,278545,16414,0
matmul,ref+sfreq+age,3,K,matmul-naive128-s1,heldout,matmul,matmul-naive128,0.1,5,835636,5644,1
matmul,ref+sfreq+dirty,3,K,matmul-naive128-s1,heldout,matmul,matmul-naive128,0.1,5,835636,6355,1
matmul,ref+sfreq+refaults,3,K+K+,matmul-naive128-s1,heldout,matmul,matmul-naive128,0.1,5,835636,6354,1
matmul,ref+sfreq+rdist,3,K+K+,matmul-naive128-s1,heldout,matmul,matmul-naive128,0.1,5,835636,2982,1
matmul,ref+idle+age,3,K,matmul-naive128-s1,heldout,matmul,matmul-naive128,0.1,5,278545,16414,0
matmul,ref+idle+dirty,3,K,matmul-naive128-s1,heldout,matmul,matmul-naive128,0.1,5,278545,16414,0
matmul,ref+idle+refaults,3,K+K+,matmul-naive128-s1,heldout,matmul,matmul-naive128,0.1,5,278545,16414,0
matmul,ref+idle+rdist,3,K+K+,matmul-naive128-s1,heldout,matmul,matmul-naive128,0.1,5,260130,46,0
matmul,ref+age+dirty,3,K,matmul-naive128-s1,heldout,matmul,matmul-naive128,0.1,5,835636,5644,1
matmul,ref+age+refaults,3,K+K+,matmul-naive128-s1,heldout,matmul,matmul-naive128,0.1,5,835636,5644,1
matmul,ref+age+rdist,3,K+K+,matmul-naive128-s1,heldout,matmul,matmul-naive128,0.1,5,835636,2997,1
matmul,ref+dirty+refaults,3,K+K+,matmul-naive128-s1,heldout,matmul,matmul-naive128,0.1,5,273427,16411,0
matmul,ref+dirty+rdist,3,K+K+,matmul-naive128-s1,heldout,matmul,matmul-naive128,0.1,5,453483,16411,0
matmul,ref+refaults+rdist,3,K+K+,matmul-naive128-s1,heldout,matmul,matmul-naive128,0.1,5,457580,44,0
matmul,aging+sfreq+idle,3,K,matmul-naive128-s1,heldout,matmul,matmul-naive128,0.1,5,835636,7096,1
matmul,aging+sfreq+age,3,K,matmul-naive128-s1,heldout,matmul,matmul-naive128,0.1,5,245779,16412,0
matmul,aging+sfreq+dirty,3,K,matmul-naive128-s1,heldout,matmul,matmul-naive128,0.1,5,835636,7096,1
matmul,aging+sfreq+refaults,3,K+K+,matmul-naive128-s1,heldout,matmul,matmul-naive128,0.1,5,835636,7094,1
matmul,aging+sfreq+rdist,3,K+K+,matmul-naive128-s1,heldout,matmul,matmul-naive128,0.1,5,835636,2982,1
matmul,aging+idle+age,3,K,matmul-naive128-s1,heldout,matmul,matmul-naive128,0.1,5,835636,7096,1
matmul,aging+idle+dirty,3,K,matmul-naive128-s1,heldout,matmul,matmul-naive128,0.1,5,278545,16414,0
matmul,aging+idle+refaults,3,K+K+,matmul-naive128-s1,heldout,matmul,matmul-naive128,0.1,5,278545,16413,0
matmul,aging+idle+rdist,3,K+K+,matmul-naive128-s1,heldout,matmul,matmul-naive128,0.1,5,243748,44,0
matmul,aging+age+dirty,3,K,matmul-naive128-s1,heldout,matmul,matmul-naive128,0.1,5,835636,7096,1
matmul,aging+age+refaults,3,K+K+,matmul-naive128-s1,heldout,matmul,matmul-naive128,0.1,5,835636,7095,1
matmul,aging+age+rdist,3,K+K+,matmul-naive128-s1,heldout,matmul,matmul-naive128,0.1,5,835636,2982,1
matmul,aging+dirty+refaults,3,K+K+,matmul-naive128-s1,heldout,matmul,matmul-naive128,0.1,5,278545,16412,0
matmul,aging+dirty+rdist,3,K+K+,matmul-naive128-s1,heldout,matmul,matmul-naive128,0.1,5,229422,2090,0
matmul,aging+refaults+rdist,3,K+K+,matmul-naive128-s1,heldout,matmul,matmul-naive128,0.1,5,244776,44,0
matmul,sfreq+idle+age,3,K,matmul-naive128-s1,heldout,matmul,matmul-naive128,0.1,5,278545,16414,0
matmul,sfreq+idle+dirty,3,K,matmul-naive128-s1,heldout,matmul,matmul-naive128,0.1,5,278545,16414,0
matmul,sfreq+idle+refaults,3,K+K+,matmul-naive128-s1,heldout,matmul,matmul-naive128,0.1,5,278545,16414,0
matmul,sfreq+idle+rdist,3,K+K+,matmul-naive128-s1,heldout,matmul,matmul-naive128,0.1,5,229577,45,0
matmul,sfreq+age+dirty,3,K,matmul-naive128-s1,heldout,matmul,matmul-naive128,0.1,5,835636,7096,1
matmul,sfreq+age+refaults,3,K+K+,matmul-naive128-s1,heldout,matmul,matmul-naive128,0.1,5,835636,7092,1
matmul,sfreq+age+rdist,3,K+K+,matmul-naive128-s1,heldout,matmul,matmul-naive128,0.1,5,835636,2982,1
matmul,sfreq+dirty+refaults,3,K+K+,matmul-naive128-s1,heldout,matmul,matmul-naive128,0.1,5,835636,4963,1
matmul,sfreq+dirty+rdist,3,K+K+,matmul-naive128-s1,heldout,matmul,matmul-naive128,0.1,5,835636,4346,1
matmul,sfreq+refaults+rdist,3,K+K+,matmul-naive128-s1,heldout,matmul,matmul-naive128,0.1,5,835636,4346,1
matmul,idle+age+dirty,3,K,matmul-naive128-s1,heldout,matmul,matmul-naive128,0.1,5,278545,16414,0
matmul,idle+age+refaults,3,K+K+,matmul-naive128-s1,heldout,matmul,matmul-naive128,0.1,5,278545,16414,0
matmul,idle+age+rdist,3,K+K+,matmul-naive128-s1,heldout,matmul,matmul-naive128,0.1,5,229502,45,0
matmul,idle+dirty+refaults,3,K+K+,matmul-naive128-s1,heldout,matmul,matmul-naive128,0.1,5,278545,16414,0
matmul,idle+dirty+rdist,3,K+K+,matmul-naive128-s1,heldout,matmul,matmul-naive128,0.1,5,230439,1067,0
matmul,idle+refaults+rdist,3,K+K+,matmul-naive128-s1,heldout,matmul,matmul-naive128,0.1,5,243748,45,0
matmul,age+dirty+refaults,3,K+K+,matmul-naive128-s1,heldout,matmul,matmul-naive128,0.1,5,835636,4346,1
matmul,age+dirty+rdist,3,K+K+,matmul-naive128-s1,heldout,matmul,matmul-naive128,0.1,5,835636,4346,1
matmul,age+refaults+rdist,3,K+K+,matmul-naive128-s1,heldout,matmul,matmul-naive128,0.1,5,835636,4346,1
matmul,dirty+refaults+rdist,3,K+K+,matmul-naive128-s1,heldout,matmul,matmul-naive128,0.1,5,453483,16411,0
matmul,ref+aging+sfreq+idle,4,K,matmul-naive128-s1,heldout,matmul,matmul-naive128,0.1,5,835636,7096,1
matmul,ref+aging+sfreq+age,4,K,matmul-naive128-s1,heldout,matmul,matmul-naive128,0.1,5,262162,16413,0
matmul,ref+aging+sfreq+dirty,4,K,matmul-naive128-s1,heldout,matmul,matmul-naive128,0.1,5,278545,16413,0
matmul,ref+aging+sfreq+refaults,4,K+K+,matmul-naive128-s1,heldout,matmul,matmul-naive128,0.1,5,278545,16413,0
matmul,ref+aging+sfreq+rdist,4,K+K+,matmul-naive128-s1,heldout,matmul,matmul-naive128,0.1,5,835636,6459,1
matmul,ref+aging+idle+age,4,K,matmul-naive128-s1,heldout,matmul,matmul-naive128,0.1,5,835636,7096,1
matmul,ref+aging+idle+dirty,4,K,matmul-naive128-s1,heldout,matmul,matmul-naive128,0.1,5,278545,16414,0
matmul,ref+aging+idle+refaults,4,K+K+,matmul-naive128-s1,heldout,matmul,matmul-naive128,0.1,5,278545,16414,0
matmul,ref+aging+idle+rdist,4,K+K+,matmul-naive128-s1,heldout,matmul,matmul-naive128,0.1,5,259106,44,0
matmul,ref+aging+age+dirty,4,K,matmul-naive128-s1,heldout,matmul,matmul-naive128,0.1,5,278545,16413,0
matmul,ref+aging+age+refaults,4,K+K+,matmul-naive128-s1,heldout,matmul,matmul-naive128,0.1,5,278545,16413,0
matmul,ref+aging+age+rdist,4,K+K+,matmul-naive128-s1,heldout,matmul,matmul-naive128,0.1,5,246257,15389,0
matmul,ref+aging+dirty+refaults,4,K+K+,matmul-naive128-s1,heldout,matmul,matmul-naive128,0.1,5,278545,16414,0
matmul,ref+aging+dirty+rdist,4,K+K+,matmul-naive128-s1,heldout,matmul,matmul-naive128,0.1,5,229412,44,0
matmul,ref+aging+refaults+rdist,4,K+K+,matmul-naive128-s1,heldout,matmul,matmul-naive128,0.1,5,243747,44,0
matmul,ref+sfreq+idle+age,4,K,matmul-naive128-s1,heldout,matmul,matmul-naive128,0.1,5,278545,16414,0
matmul,ref+sfreq+idle+dirty,4,K,matmul-naive128-s1,heldout,matmul,matmul-naive128,0.1,5,278545,16414,0
matmul,ref+sfreq+idle+refaults,4,K+K+,matmul-naive128-s1,heldout,matmul,matmul-naive128,0.1,5,278545,16414,0
matmul,ref+sfreq+idle+rdist,4,K+K+,matmul-naive128-s1,heldout,matmul,matmul-naive128,0.1,5,261140,15390,0
matmul,ref+sfreq+age+dirty,4,K,matmul-naive128-s1,heldout,matmul,matmul-naive128,0.1,5,835636,5644,1
matmul,ref+sfreq+age+refaults,4,K+K+,matmul-naive128-s1,heldout,matmul,matmul-naive128,0.1,5,835636,4948,1
matmul,ref+sfreq+age+rdist,4,K+K+,matmul-naive128-s1,heldout,matmul,matmul-naive128,0.1,5,835636,2997,1
matmul,ref+sfreq+dirty+refaults,4,K+K+,matmul-naive128-s1,heldout,matmul,matmul-naive128,0.1,5,835636,6354,1
matmul,ref+sfreq+dirty+rdist,4,K+K+,matmul-naive128-s1,heldout,matmul,matmul-naive128,0.1,5,835636,4325,1
matmul,ref+sfreq+refaults+rdist,4,K+K+,matmul-naive128-s1,heldout,matmul,matmul-naive128,0.1,5,835636,2982,1
matmul,ref+idle+age+dirty,4,K,matmul-naive128-s1,heldout,matmul,matmul-naive128,0.1,5,278545,16414,0
matmul,ref+idle+age+refaults,4,K+K+,matmul-naive128-s1,heldout,matmul,matmul-naive128,0.1,5,278545,16414,0
matmul,ref+idle+age+rdist,4,K+K+,matmul-naive128-s1,heldout,matmul,matmul-naive128,0.1,5,269339,7207,0
matmul,ref+idle+dirty+refaults,4,K+K+,matmul-naive128-s1,heldout,matmul,matmul-naive128,0.1,5,278545,16414,0
matmul,ref+idle+dirty+rdist,4,K+K+,matmul-naive128-s1,heldout,matmul,matmul-naive128,0.1,5,276499,16414,0
matmul,ref+idle+refaults+rdist,4,K+K+,matmul-naive128-s1,heldout,matmul,matmul-naive128,0.1,5,245795,45,0
matmul,ref+age+dirty+refaults,4,K+K+,matmul-naive128-s1,heldout,matmul,matmul-naive128,0.1,5,835636,5644,1
matmul,ref+age+dirty+rdist,4,K+K+,matmul-naive128-s1,heldout,matmul,matmul-naive128,0.1,5,835636,4325,1
matmul,ref+age+refaults+rdist,4,K+K+,matmul-naive128-s1,heldout,matmul,matmul-naive128,0.1,5,835636,2997,1
matmul,ref+dirty+refaults+rdist,4,K+K+,matmul-naive128-s1,heldout,matmul,matmul-naive128,0.1,5,453483,16411,0
matmul,aging+sfreq+idle+age,4,K,matmul-naive128-s1,heldout,matmul,matmul-naive128,0.1,5,245779,16412,0
matmul,aging+sfreq+idle+dirty,4,K,matmul-naive128-s1,heldout,matmul,matmul-naive128,0.1,5,278545,16414,0
matmul,aging+sfreq+idle+refaults,4,K+K+,matmul-naive128-s1,heldout,matmul,matmul-naive128,0.1,5,835636,12665,1
matmul,aging+sfreq+idle+rdist,4,K+K+,matmul-naive128-s1,heldout,matmul,matmul-naive128,0.1,5,835636,2982,1
matmul,aging+sfreq+age+dirty,4,K,matmul-naive128-s1,heldout,matmul,matmul-naive128,0.1,5,245779,16412,0
matmul,aging+sfreq+age+refaults,4,K+K+,matmul-naive128-s1,heldout,matmul,matmul-naive128,0.1,5,230867,16413,0
matmul,aging+sfreq+age+rdist,4,K+K+,matmul-naive128-s1,heldout,matmul,matmul-naive128,0.1,5,835636,2997,1
matmul,aging+sfreq+dirty+refaults,4,K+K+,matmul-naive128-s1,heldout,matmul,matmul-naive128,0.1,5,835636,7094,1
matmul,aging+sfreq+dirty+rdist,4,K+K+,matmul-naive128-s1,heldout,matmul,matmul-naive128,0.1,5,835636,4325,1
matmul,aging+sfreq+refaults+rdist,4,K+K+,matmul-naive128-s1,heldout,matmul,matmul-naive128,0.1,5,835636,3653,1
matmul,aging+idle+age+dirty,4,K,matmul-naive128-s1,heldout,matmul,matmul-naive128,0.1,5,278545,16414,0
matmul,aging+idle+age+refaults,4,K+K+,matmul-naive128-s1,heldout,matmul,matmul-naive128,0.1,5,278545,16414,0
matmul,aging+idle+age+rdist,4,K+K+,matmul-naive128-s1,heldout,matmul,matmul-naive128,0.1,5,835636,2982,1
matmul,aging+idle+dirty+refaults,4,K+K+,matmul-naive128-s1,heldout,matmul,matmul-naive128,0.1,5,278545,16414,0
matmul,aging+idle+dirty+rdist,4,K+K+,matmul-naive128-s1,heldout,matmul,matmul-naive128,0.1,5,276499,16414,0
matmul,aging+idle+refaults+rdist,4,K+K+,matmul-naive128-s1,heldout,matmul,matmul-naive128,0.1,5,457579,44,0
matmul,aging+age+dirty+refaults,4,K+K+,matmul-naive128-s1,heldout,matmul,matmul-naive128,0.1,5,835636,7095,1
matmul,aging+age+dirty+rdist,4,K+K+,matmul-naive128-s1,heldout,matmul,matmul-naive128,0.1,5,835636,4325,1
matmul,aging+age+refaults+rdist,4,K+K+,matmul-naive128-s1,heldout,matmul,matmul-naive128,0.1,5,835636,3653,1
matmul,aging+dirty+refaults+rdist,4,K+K+,matmul-naive128-s1,heldout,matmul,matmul-naive128,0.1,5,229422,2090,0
matmul,sfreq+idle+age+dirty,4,K,matmul-naive128-s1,heldout,matmul,matmul-naive128,0.1,5,278545,16414,0
matmul,sfreq+idle+age+refaults,4,K+K+,matmul-naive128-s1,heldout,matmul,matmul-naive128,0.1,5,278594,16415,0
matmul,sfreq+idle+age+rdist,4,K+K+,matmul-naive128-s1,heldout,matmul,matmul-naive128,0.1,5,229417,44,0
matmul,sfreq+idle+dirty+refaults,4,K+K+,matmul-naive128-s1,heldout,matmul,matmul-naive128,0.1,5,278545,16414,0
matmul,sfreq+idle+dirty+rdist,4,K+K+,matmul-naive128-s1,heldout,matmul,matmul-naive128,0.1,5,244828,3114,0
matmul,sfreq+idle+refaults+rdist,4,K+K+,matmul-naive128-s1,heldout,matmul,matmul-naive128,0.1,5,260134,15390,0
matmul,sfreq+age+dirty+refaults,4,K+K+,matmul-naive128-s1,heldout,matmul,matmul-naive128,0.1,5,835636,7093,1
matmul,sfreq+age+dirty+rdist,4,K+K+,matmul-naive128-s1,heldout,matmul,matmul-naive128,0.1,5,835636,4325,1
matmul,sfreq+age+refaults+rdist,4,K+K+,matmul-naive128-s1,heldout,matmul,matmul-naive128,0.1,5,835636,4952,1
matmul,sfreq+dirty+refaults+rdist,4,K+K+,matmul-naive128-s1,heldout,matmul,matmul-naive128,0.1,5,835636,4346,1
matmul,idle+age+dirty+refaults,4,K+K+,matmul-naive128-s1,heldout,matmul,matmul-naive128,0.1,5,278545,16414,0
matmul,idle+age+dirty+rdist,4,K+K+,matmul-naive128-s1,heldout,matmul,matmul-naive128,0.1,5,229702,16411,0
matmul,idle+age+refaults+rdist,4,K+K+,matmul-naive128-s1,heldout,matmul,matmul-naive128,0.1,5,244774,15389,0
matmul,idle+dirty+refaults+rdist,4,K+K+,matmul-naive128-s1,heldout,matmul,matmul-naive128,0.1,5,229419,2090,0
matmul,age+dirty+refaults+rdist,4,K+K+,matmul-naive128-s1,heldout,matmul,matmul-naive128,0.1,5,835636,4346,1
matmul,ref+aging+sfreq+idle+age,5,K,matmul-naive128-s1,heldout,matmul,matmul-naive128,0.1,5,262162,16413,0
matmul,ref+aging+sfreq+idle+dirty,5,K,matmul-naive128-s1,heldout,matmul,matmul-naive128,0.1,5,278545,16413,0
matmul,ref+aging+sfreq+idle+refaults,5,K+K+,matmul-naive128-s1,heldout,matmul,matmul-naive128,0.1,5,835636,7094,1
matmul,ref+aging+sfreq+idle+rdist,5,K+K+,matmul-naive128-s1,heldout,matmul,matmul-naive128,0.1,5,835636,4109,1
matmul,ref+aging+sfreq+age+dirty,5,K,matmul-naive128-s1,heldout,matmul,matmul-naive128,0.1,5,262163,16413,0
matmul,ref+aging+sfreq+age+refaults,5,K+K+,matmul-naive128-s1,heldout,matmul,matmul-naive128,0.1,5,262162,16413,0
matmul,ref+aging+sfreq+age+rdist,5,K+K+,matmul-naive128-s1,heldout,matmul,matmul-naive128,0.1,5,244757,15388,0
matmul,ref+aging+sfreq+dirty+refaults,5,K+K+,matmul-naive128-s1,heldout,matmul,matmul-naive128,0.1,5,278545,16413,0
matmul,ref+aging+sfreq+dirty+rdist,5,K+K+,matmul-naive128-s1,heldout,matmul,matmul-naive128,0.1,5,243734,14365,0
matmul,ref+aging+sfreq+refaults+rdist,5,K+K+,matmul-naive128-s1,heldout,matmul,matmul-naive128,0.1,5,247093,14366,0
matmul,ref+aging+idle+age+dirty,5,K,matmul-naive128-s1,heldout,matmul,matmul-naive128,0.1,5,278545,16413,0
matmul,ref+aging+idle+age+refaults,5,K+K+,matmul-naive128-s1,heldout,matmul,matmul-naive128,0.1,5,835636,7095,1
matmul,ref+aging+idle+age+rdist,5,K+K+,matmul-naive128-s1,heldout,matmul,matmul-naive128,0.1,5,835636,3653,1
matmul,ref+aging+idle+dirty+refaults,5,K+K+,matmul-naive128-s1,heldout,matmul,matmul-naive128,0.1,5,278545,16413,0
matmul,ref+aging+idle+dirty+rdist,5,K+K+,matmul-naive128-s1,heldout,matmul,matmul-naive128,0.1,5,245780,16412,0
matmul,ref+aging+idle+refaults+rdist,5,K+K+,matmul-naive128-s1,heldout,matmul,matmul-naive128,0.1,5,274480,14367,0
matmul,ref+aging+age+dirty+refaults,5,K+K+,matmul-naive128-s1,heldout,matmul,matmul-naive128,0.1,5,278545,16413,0
matmul,ref+aging+age+dirty+rdist,5,K+K+,matmul-naive128-s1,heldout,matmul,matmul-naive128,0.1,5,243734,14365,0
matmul,ref+aging+age+refaults+rdist,5,K+K+,matmul-naive128-s1,heldout,matmul,matmul-naive128,0.1,5,247274,15389,0
matmul,ref+aging+dirty+refaults+rdist,5,K+K+,matmul-naive128-s1,heldout,matmul,matmul-naive128,0.1,5,229412,44,0
matmul,ref+sfreq+idle+age+dirty,5,K,matmul-naive128-s1,heldout,matmul,matmul-naive128,0.1,5,278545,16414,0
matmul,ref+sfreq+idle+age+refaults,5,K+K+,matmul-naive128-s1,heldout,matmul,matmul-naive128,0.1,5,278545,16414,0
matmul,ref+sfreq+idle+age+rdist,5,K+K+,matmul-naive128-s1,heldout,matmul,matmul-naive128,0.1,5,262178,46,0
matmul,ref+sfreq+idle+dirty+refaults,5,K+K+,matmul-naive128-s1,heldout,matmul,matmul-naive128,0.1,5,278545,16414,0
matmul,ref+sfreq+idle+dirty+rdist,5,K+K+,matmul-naive128-s1,heldout,matmul,matmul-naive128,0.1,5,262163,16413,0
matmul,ref+sfreq+idle+refaults+rdist,5,K+K+,matmul-naive128-s1,heldout,matmul,matmul-naive128,0.1,5,277523,15391,0
matmul,ref+sfreq+age+dirty+refaults,5,K+K+,matmul-naive128-s1,heldout,matmul,matmul-naive128,0.1,5,835636,4949,1
matmul,ref+sfreq+age+dirty+rdist,5,K+K+,matmul-naive128-s1,heldout,matmul,matmul-naive128,0.1,5,835636,4325,1
matmul,ref+sfreq+age+refaults+rdist,5,K+K+,matmul-naive128-s1,heldout,matmul,matmul-naive128,0.1,5,835636,2997,1
matmul,ref+sfreq+dirty+refaults+rdist,5,K+K+,matmul-naive128-s1,heldout,matmul,matmul-naive128,0.1,5,835636,4325,1
matmul,ref+idle+age+dirty+refaults,5,K+K+,matmul-naive128-s1,heldout,matmul,matmul-naive128,0.1,5,278545,16414,0
matmul,ref+idle+age+dirty+rdist,5,K+K+,matmul-naive128-s1,heldout,matmul,matmul-naive128,0.1,5,262163,16413,0
matmul,ref+idle+age+refaults+rdist,5,K+K+,matmul-naive128-s1,heldout,matmul,matmul-naive128,0.1,5,277523,15391,0
matmul,ref+idle+dirty+refaults+rdist,5,K+K+,matmul-naive128-s1,heldout,matmul,matmul-naive128,0.1,5,276499,16414,0
matmul,ref+age+dirty+refaults+rdist,5,K+K+,matmul-naive128-s1,heldout,matmul,matmul-naive128,0.1,5,835636,4325,1
matmul,aging+sfreq+idle+age+dirty,5,K,matmul-naive128-s1,heldout,matmul,matmul-naive128,0.1,5,245779,16412,0
matmul,aging+sfreq+idle+age+refaults,5,K+K+,matmul-naive128-s1,heldout,matmul,matmul-naive128,0.1,5,230839,16413,0
matmul,aging+sfreq+idle+age+rdist,5,K+K+,matmul-naive128-s1,heldout,matmul,matmul-naive128,0.1,5,835636,2997,1
matmul,aging+sfreq+idle+dirty+refaults,5,K+K+,matmul-naive128-s1,heldout,matmul,matmul-naive128,0.1,5,278545,16414,0
matmul,aging+sfreq+idle+dirty+rdist,5,K+K+,matmul-naive128-s1,heldout,matmul,matmul-naive128,0.1,5,245784,16412,0
matmul,aging+sfreq+idle+refaults+rdist,5,K+K+,matmul-naive128-s1,heldout,matmul,matmul-naive128,0.1,5,540841,15388,0
matmul,aging+sfreq+age+dirty+refaults,5,K+K+,matmul-naive128-s1,heldout,matmul,matmul-naive128,0.1,5,230839,16413,0
matmul,aging+sfreq+age+dirty+rdist,5,K+K+,matmul-naive128-s1,heldout,matmul,matmul-naive128,0.1,5,835636,4325,1
matmul,aging+sfreq+age+refaults+rdist,5,K+K+,matmul-naive128-s1,heldout,matmul,matmul-naive128,0.1,5,835636,2997,1
matmul,aging+sfreq+dirty+refaults+rdist,5,K+K+,matmul-naive128-s1,heldout,matmul,matmul-naive128,0.1,5,835636,4952,1
matmul,aging+idle+age+dirty+refaults,5,K+K+,matmul-naive128-s1,heldout,matmul,matmul-naive128,0.1,5,278545,16414,0
matmul,aging+idle+age+dirty+rdist,5,K+K+,matmul-naive128-s1,heldout,matmul,matmul-naive128,0.1,5,245785,16412,0
matmul,aging+idle+age+refaults+rdist,5,K+K+,matmul-naive128-s1,heldout,matmul,matmul-naive128,0.1,5,244046,14365,0
matmul,aging+idle+dirty+refaults+rdist,5,K+K+,matmul-naive128-s1,heldout,matmul,matmul-naive128,0.1,5,245784,16412,0
matmul,aging+age+dirty+refaults+rdist,5,K+K+,matmul-naive128-s1,heldout,matmul,matmul-naive128,0.1,5,835636,4325,1
matmul,sfreq+idle+age+dirty+refaults,5,K+K+,matmul-naive128-s1,heldout,matmul,matmul-naive128,0.1,5,278594,16415,0
matmul,sfreq+idle+age+dirty+rdist,5,K+K+,matmul-naive128-s1,heldout,matmul,matmul-naive128,0.1,5,237610,8229,0
matmul,sfreq+idle+age+refaults+rdist,5,K+K+,matmul-naive128-s1,heldout,matmul,matmul-naive128,0.1,5,238621,9251,0
matmul,sfreq+idle+dirty+refaults+rdist,5,K+K+,matmul-naive128-s1,heldout,matmul,matmul-naive128,0.1,5,243800,15389,0
matmul,sfreq+age+dirty+refaults+rdist,5,K+K+,matmul-naive128-s1,heldout,matmul,matmul-naive128,0.1,5,835636,4325,1
matmul,idle+age+dirty+refaults+rdist,5,K+K+,matmul-naive128-s1,heldout,matmul,matmul-naive128,0.1,5,244771,15389,0
matmul,ref+aging+sfreq+idle+age+dirty,6,K,matmul-naive128-s1,heldout,matmul,matmul-naive128,0.1,5,262162,16413,0
matmul,ref+aging+sfreq+idle+age+refaults,6,K+K+,matmul-naive128-s1,heldout,matmul,matmul-naive128,0.1,5,258080,16414,0
matmul,ref+aging+sfreq+idle+age+rdist,6,K+K+,matmul-naive128-s1,heldout,matmul,matmul-naive128,0.1,5,244757,15388,0
matmul,ref+aging+sfreq+idle+dirty+refaults,6,K+K+,matmul-naive128-s1,heldout,matmul,matmul-naive128,0.1,5,297959,16414,0
matmul,ref+aging+sfreq+idle+dirty+rdist,6,K+K+,matmul-naive128-s1,heldout,matmul,matmul-naive128,0.1,5,243734,14365,0
matmul,ref+aging+sfreq+idle+refaults+rdist,6,K+K+,matmul-naive128-s1,heldout,matmul,matmul-naive128,0.1,5,835636,4313,1
matmul,ref+aging+sfreq+age+dirty+refaults,6,K+K+,matmul-naive128-s1,heldout,matmul,matmul-naive128,0.1,5,262162,16413,0
matmul,ref+aging+sfreq+age+dirty+rdist,6,K+K+,matmul-naive128-s1,heldout,matmul,matmul-naive128,0.1,5,835636,4346,1
matmul,ref+aging+sfreq+age+refaults+rdist,6,K+K+,matmul-naive128-s1,heldout,matmul,matmul-naive128,0.1,5,244757,15388,0
matmul,ref+aging+sfreq+dirty+refaults+rdist,6,K+K+,matmul-naive128-s1,heldout,matmul,matmul-naive128,0.1,5,835636,5566,1
matmul,ref+aging+idle+age+dirty+refaults,6,K+K+,matmul-naive128-s1,heldout,matmul,matmul-naive128,0.1,5,278545,16414,0
matmul,ref+aging+idle+age+dirty+rdist,6,K+K+,matmul-naive128-s1,heldout,matmul,matmul-naive128,0.1,5,835636,4547,1
matmul,ref+aging+idle+age+refaults+rdist,6,K+K+,matmul-naive128-s1,heldout,matmul,matmul-naive128,0.1,5,835636,3653,1
matmul,ref+aging+idle+dirty+refaults+rdist,6,K+K+,matmul-naive128-s1,heldout,matmul,matmul-naive128,0.1,5,230435,1067,0
matmul,ref+aging+age+dirty+refaults+rdist,6,K+K+,matmul-naive128-s1,heldout,matmul,matmul-naive128,0.1,5,835636,6522,1
matmul,ref+sfreq+idle+age+dirty+refaults,6,K+K+,matmul-naive128-s1,heldout,matmul,matmul-naive128,0.1,5,278545,16414,0
matmul,ref+sfreq+idle+age+dirty+rdist,6,K+K+,matmul-naive128-s1,heldout,matmul,matmul-naive128,0.1,5,278546,16414,0
matmul,ref+sfreq+idle+age+refaults+rdist,6,K+K+,matmul-naive128-s1,heldout,matmul,matmul-naive128,0.1,5,277523,15391,0
matmul,ref+sfreq+idle+dirty+refaults+rdist,6,K+K+,matmul-naive128-s1,heldout,matmul,matmul-naive128,0.1,5,278546,16414,0
matmul,ref+sfreq+age+dirty+refaults+rdist,6,K+K+,matmul-naive128-s1,heldout,matmul,matmul-naive128,0.1,5,835636,4325,1
matmul,ref+idle+age+dirty+refaults+rdist,6,K+K+,matmul-naive128-s1,heldout,matmul,matmul-naive128,0.1,5,278546,16414,0
matmul,aging+sfreq+idle+age+dirty+refaults,6,K+K+,matmul-naive128-s1,heldout,matmul,matmul-naive128,0.1,5,231820,16414,0
matmul,aging+sfreq+idle+age+dirty+rdist,6,K+K+,matmul-naive128-s1,heldout,matmul,matmul-naive128,0.1,5,835636,4325,1
matmul,aging+sfreq+idle+age+refaults+rdist,6,K+K+,matmul-naive128-s1,heldout,matmul,matmul-naive128,0.1,5,835636,2997,1
matmul,aging+sfreq+idle+dirty+refaults+rdist,6,K+K+,matmul-naive128-s1,heldout,matmul,matmul-naive128,0.1,5,245780,16412,0
matmul,aging+sfreq+age+dirty+refaults+rdist,6,K+K+,matmul-naive128-s1,heldout,matmul,matmul-naive128,0.1,5,835636,4325,1
matmul,aging+idle+age+dirty+refaults+rdist,6,K+K+,matmul-naive128-s1,heldout,matmul,matmul-naive128,0.1,5,245780,16412,0
matmul,sfreq+idle+age+dirty+refaults+rdist,6,K+K+,matmul-naive128-s1,heldout,matmul,matmul-naive128,0.1,5,229402,16411,0
matmul,ref+aging+sfreq+idle+age+dirty+refaults,7,K+K+,matmul-naive128-s1,heldout,matmul,matmul-naive128,0.1,5,262162,16413,0
matmul,ref+aging+sfreq+idle+age+dirty+rdist,7,K+K+,matmul-naive128-s1,heldout,matmul,matmul-naive128,0.1,5,835636,4346,1
matmul,ref+aging+sfreq+idle+age+refaults+rdist,7,K+K+,matmul-naive128-s1,heldout,matmul,matmul-naive128,0.1,5,244757,15388,0
matmul,ref+aging+sfreq+idle+dirty+refaults+rdist,7,K+K+,matmul-naive128-s1,heldout,matmul,matmul-naive128,0.1,5,245780,16412,0
matmul,ref+aging+sfreq+age+dirty+refaults+rdist,7,K+K+,matmul-naive128-s1,heldout,matmul,matmul-naive128,0.1,5,244757,15388,0
matmul,ref+aging+idle+age+dirty+refaults+rdist,7,K+K+,matmul-naive128-s1,heldout,matmul,matmul-naive128,0.1,5,244762,15389,0
matmul,ref+sfreq+idle+age+dirty+refaults+rdist,7,K+K+,matmul-naive128-s1,heldout,matmul,matmul-naive128,0.1,5,278546,16414,0
matmul,aging+sfreq+idle+age+dirty+refaults+rdist,7,K+K+,matmul-naive128-s1,heldout,matmul,matmul-naive128,0.1,5,229408,16411,0
matmul,ref+aging+sfreq+idle+age+dirty+refaults+rdist,8,K+K+,matmul-naive128-s1,heldout,matmul,matmul-naive128,0.1,5,244757,15388,0
matmul,rec+ref+aging+sfreq+idle+age+dirty,7,F+K,matmul-naive128-s1,heldout,matmul,matmul-naive128,0.1,5,245778,16412,0
matmul,rec+ref+aging+sfreq+idle+age+dirty+refaults+rdist,9,F+K+K+,matmul-naive128-s1,heldout,matmul,matmul-naive128,0.1,5,229395,16411,0
matmul,freq+ref+aging+sfreq+idle+age+dirty,7,F+K,matmul-naive128-s1,heldout,matmul,matmul-naive128,0.1,5,262161,16413,0
matmul,freq+ref+aging+sfreq+idle+age+dirty+refaults+rdist,9,F+K+K+,matmul-naive128-s1,heldout,matmul,matmul-naive128,0.1,5,244757,15388,0
matmul,sd+ref+aging+sfreq+idle+age+dirty,7,F+K,matmul-naive128-s1,heldout,matmul,matmul-naive128,0.1,5,262161,16413,0
matmul,sd+ref+aging+sfreq+idle+age+dirty+refaults+rdist,9,F+K+K+,matmul-naive128-s1,heldout,matmul,matmul-naive128,0.1,5,229395,16411,0
matmul,wr+ref+aging+sfreq+idle+age+dirty,7,F+K,matmul-naive128-s1,heldout,matmul,matmul-naive128,0.1,5,262162,16413,0
matmul,wr+ref+aging+sfreq+idle+age+dirty+refaults+rdist,9,F+K+K+,matmul-naive128-s1,heldout,matmul,matmul-naive128,0.1,5,244757,15388,0
matmul,rec+freq+ref+aging+sfreq+idle+age+dirty,8,F+K,matmul-naive128-s1,heldout,matmul,matmul-naive128,0.1,5,245778,16412,0
matmul,rec+freq+ref+aging+sfreq+idle+age+dirty+refaults+rdist,10,F+K+K+,matmul-naive128-s1,heldout,matmul,matmul-naive128,0.1,5,229395,16411,0
matmul,rec+sd+ref+aging+sfreq+idle+age+dirty,8,F+K,matmul-naive128-s1,heldout,matmul,matmul-naive128,0.1,5,230418,16412,0
matmul,rec+sd+ref+aging+sfreq+idle+age+dirty+refaults+rdist,10,F+K+K+,matmul-naive128-s1,heldout,matmul,matmul-naive128,0.1,5,229395,16411,0
matmul,rec+wr+ref+aging+sfreq+idle+age+dirty,8,F+K,matmul-naive128-s1,heldout,matmul,matmul-naive128,0.1,5,230418,16412,0
matmul,rec+wr+ref+aging+sfreq+idle+age+dirty+refaults+rdist,10,F+K+K+,matmul-naive128-s1,heldout,matmul,matmul-naive128,0.1,5,229395,16411,0
matmul,freq+sd+ref+aging+sfreq+idle+age+dirty,8,F+K,matmul-naive128-s1,heldout,matmul,matmul-naive128,0.1,5,262161,16413,0
matmul,freq+sd+ref+aging+sfreq+idle+age+dirty+refaults+rdist,10,F+K+K+,matmul-naive128-s1,heldout,matmul,matmul-naive128,0.1,5,229395,16411,0
matmul,freq+wr+ref+aging+sfreq+idle+age+dirty,8,F+K,matmul-naive128-s1,heldout,matmul,matmul-naive128,0.1,5,262162,16413,0
matmul,freq+wr+ref+aging+sfreq+idle+age+dirty+refaults+rdist,10,F+K+K+,matmul-naive128-s1,heldout,matmul,matmul-naive128,0.1,5,229397,16411,0
matmul,sd+wr+ref+aging+sfreq+idle+age+dirty,8,F+K,matmul-naive128-s1,heldout,matmul,matmul-naive128,0.1,5,246801,16413,0
matmul,sd+wr+ref+aging+sfreq+idle+age+dirty+refaults+rdist,10,F+K+K+,matmul-naive128-s1,heldout,matmul,matmul-naive128,0.1,5,229395,16411,0
matmul,rec+freq+sd+ref+aging+sfreq+idle+age+dirty,9,F+K,matmul-naive128-s1,heldout,matmul,matmul-naive128,0.1,5,230463,16413,0
matmul,rec+freq+sd+ref+aging+sfreq+idle+age+dirty+refaults+rdist,11,F+K+K+,matmul-naive128-s1,heldout,matmul,matmul-naive128,0.1,5,229395,16411,0
matmul,rec+freq+wr+ref+aging+sfreq+idle+age+dirty,9,F+K,matmul-naive128-s1,heldout,matmul,matmul-naive128,0.1,5,230418,16412,0
matmul,rec+freq+wr+ref+aging+sfreq+idle+age+dirty+refaults+rdist,11,F+K+K+,matmul-naive128-s1,heldout,matmul,matmul-naive128,0.1,5,229395,16411,0
matmul,rec+sd+wr+ref+aging+sfreq+idle+age+dirty,9,F+K,matmul-naive128-s1,heldout,matmul,matmul-naive128,0.1,5,230418,16412,0
matmul,rec+sd+wr+ref+aging+sfreq+idle+age+dirty+refaults+rdist,11,F+K+K+,matmul-naive128-s1,heldout,matmul,matmul-naive128,0.1,5,229395,16411,0
matmul,freq+sd+wr+ref+aging+sfreq+idle+age+dirty,9,F+K,matmul-naive128-s1,heldout,matmul,matmul-naive128,0.1,5,246801,16413,0
matmul,freq+sd+wr+ref+aging+sfreq+idle+age+dirty+refaults+rdist,11,F+K+K+,matmul-naive128-s1,heldout,matmul,matmul-naive128,0.1,5,229395,16411,0
matmul,rec+freq+sd+wr+ref+aging+sfreq+idle+age+dirty,10,F+K,matmul-naive128-s1,heldout,matmul,matmul-naive128,0.1,5,230418,16412,0
matmul,rec+freq+sd+wr+ref+aging+sfreq+idle+age+dirty+refaults+rdist,12,F+K+K+,matmul-naive128-s1,heldout,matmul,matmul-naive128,0.1,5,229395,16411,0
global,rec,1,F,matmul-naive128-s1,heldout,matmul,matmul-naive128,0.1,5,278544,16414,0
global,freq,1,F,matmul-naive128-s1,heldout,matmul,matmul-naive128,0.1,5,835636,6754,1
global,sd,1,F,matmul-naive128-s1,heldout,matmul,matmul-naive128,0.1,5,278544,16414,0
global,wr,1,F,matmul-naive128-s1,heldout,matmul,matmul-naive128,0.1,5,331776,16415,0
global,rec+freq,2,F,matmul-naive128-s1,heldout,matmul,matmul-naive128,0.1,5,278556,16415,0
global,rec+sd,2,F,matmul-naive128-s1,heldout,matmul,matmul-naive128,0.1,5,278544,16414,0
global,rec+wr,2,F,matmul-naive128-s1,heldout,matmul,matmul-naive128,0.1,5,278544,16414,0
global,freq+sd,2,F,matmul-naive128-s1,heldout,matmul,matmul-naive128,0.1,5,279684,16415,0
global,freq+wr,2,F,matmul-naive128-s1,heldout,matmul,matmul-naive128,0.1,5,835636,6754,1
global,sd+wr,2,F,matmul-naive128-s1,heldout,matmul,matmul-naive128,0.1,5,278544,16414,0
global,rec+freq+sd,3,F,matmul-naive128-s1,heldout,matmul,matmul-naive128,0.1,5,278654,16415,0
global,rec+freq+wr,3,F,matmul-naive128-s1,heldout,matmul,matmul-naive128,0.1,5,278556,16415,0
global,rec+sd+wr,3,F,matmul-naive128-s1,heldout,matmul,matmul-naive128,0.1,5,278544,16414,0
global,freq+sd+wr,3,F,matmul-naive128-s1,heldout,matmul,matmul-naive128,0.1,5,279683,16415,0
global,rec+freq+sd+wr,4,F,matmul-naive128-s1,heldout,matmul,matmul-naive128,0.1,5,278654,16415,0
global,ref,1,K,matmul-naive128-s1,heldout,matmul,matmul-naive128,0.1,5,278545,16414,0
global,aging,1,K,matmul-naive128-s1,heldout,matmul,matmul-naive128,0.1,5,278545,16414,0
global,sfreq,1,K,matmul-naive128-s1,heldout,matmul,matmul-naive128,0.1,5,835636,6355,1
global,idle,1,K,matmul-naive128-s1,heldout,matmul,matmul-naive128,0.1,5,278545,16414,0
global,age,1,K,matmul-naive128-s1,heldout,matmul,matmul-naive128,0.1,5,334240,16415,0
global,dirty,1,K,matmul-naive128-s1,heldout,matmul,matmul-naive128,0.1,5,331776,16415,0
global,refaults,1,K+,matmul-naive128-s1,heldout,matmul,matmul-naive128,0.1,5,417808,16415,0
global,rdist,1,K+,matmul-naive128-s1,heldout,matmul,matmul-naive128,0.1,5,457580,44,0
global,ref+aging,2,K,matmul-naive128-s1,heldout,matmul,matmul-naive128,0.1,5,278545,16414,0
global,ref+sfreq,2,K,matmul-naive128-s1,heldout,matmul,matmul-naive128,0.1,5,276498,16412,0
global,ref+idle,2,K,matmul-naive128-s1,heldout,matmul,matmul-naive128,0.1,5,278545,16414,0
global,ref+age,2,K,matmul-naive128-s1,heldout,matmul,matmul-naive128,0.1,5,278545,16414,0
global,ref+dirty,2,K,matmul-naive128-s1,heldout,matmul,matmul-naive128,0.1,5,278545,16414,0
global,ref+refaults,2,K+K+,matmul-naive128-s1,heldout,matmul,matmul-naive128,0.1,5,280120,16415,0
global,ref+rdist,2,K+K+,matmul-naive128-s1,heldout,matmul,matmul-naive128,0.1,5,261153,45,0
global,aging+sfreq,2,K,matmul-naive128-s1,heldout,matmul,matmul-naive128,0.1,5,278545,16413,0
global,aging+idle,2,K,matmul-naive128-s1,heldout,matmul,matmul-naive128,0.1,5,278545,16414,0
global,aging+age,2,K,matmul-naive128-s1,heldout,matmul,matmul-naive128,0.1,5,278545,16413,0
global,aging+dirty,2,K,matmul-naive128-s1,heldout,matmul,matmul-naive128,0.1,5,278545,16414,0
global,aging+refaults,2,K+K+,matmul-naive128-s1,heldout,matmul,matmul-naive128,0.1,5,278800,16415,0
global,aging+rdist,2,K+K+,matmul-naive128-s1,heldout,matmul,matmul-naive128,0.1,5,262177,46,0
global,sfreq+idle,2,K,matmul-naive128-s1,heldout,matmul,matmul-naive128,0.1,5,278545,16414,0
global,sfreq+age,2,K,matmul-naive128-s1,heldout,matmul,matmul-naive128,0.1,5,365838,16415,0
global,sfreq+dirty,2,K,matmul-naive128-s1,heldout,matmul,matmul-naive128,0.1,5,835636,6355,1
global,sfreq+refaults,2,K+K+,matmul-naive128-s1,heldout,matmul,matmul-naive128,0.1,5,835636,5866,1
global,sfreq+rdist,2,K+K+,matmul-naive128-s1,heldout,matmul,matmul-naive128,0.1,5,457578,44,0
global,idle+age,2,K,matmul-naive128-s1,heldout,matmul,matmul-naive128,0.1,5,278545,16414,0
global,idle+dirty,2,K,matmul-naive128-s1,heldout,matmul,matmul-naive128,0.1,5,278545,16414,0
global,idle+refaults,2,K+K+,matmul-naive128-s1,heldout,matmul,matmul-naive128,0.1,5,299737,16415,0
global,idle+rdist,2,K+K+,matmul-naive128-s1,heldout,matmul,matmul-naive128,0.1,5,260130,46,0
global,age+dirty,2,K,matmul-naive128-s1,heldout,matmul,matmul-naive128,0.1,5,333152,16415,0
global,age+refaults,2,K+K+,matmul-naive128-s1,heldout,matmul,matmul-naive128,0.1,5,835636,8649,1
global,age+rdist,2,K+K+,matmul-naive128-s1,heldout,matmul,matmul-naive128,0.1,5,259247,44,0
global,dirty+refaults,2,K+K+,matmul-naive128-s1,heldout,matmul,matmul-naive128,0.1,5,417571,16178,0
global,dirty+rdist,2,K+K+,matmul-naive128-s1,heldout,matmul,matmul-naive128,0.1,5,453483,16411,0
global,refaults+rdist,2,K+,matmul-naive128-s1,heldout,matmul,matmul-naive128,0.1,5,463069,16395,0
global,ref+aging+sfreq,3,K,matmul-naive128-s1,heldout,matmul,matmul-naive128,0.1,5,278545,16413,0
global,ref+aging+idle,3,K,matmul-naive128-s1,heldout,matmul,matmul-naive128,0.1,5,278545,16414,0
global,ref+aging+age,3,K,matmul-naive128-s1,heldout,matmul,matmul-naive128,0.1,5,278545,16413,0
global,ref+aging+dirty,3,K,matmul-naive128-s1,heldout,matmul,matmul-naive128,0.1,5,278545,16414,0
global,ref+aging+refaults,3,K+K+,matmul-naive128-s1,heldout,matmul,matmul-naive128,0.1,5,278787,16415,0
global,ref+aging+rdist,3,K+K+,matmul-naive128-s1,heldout,matmul,matmul-naive128,0.1,5,262177,46,0
global,ref+sfreq+idle,3,K,matmul-naive128-s1,heldout,matmul,matmul-naive128,0.1,5,278545,16414,0
global,ref+sfreq+age,3,K,matmul-naive128-s1,heldout,matmul,matmul-naive128,0.1,5,278545,16412,0
global,ref+sfreq+dirty,3,K,matmul-naive128-s1,heldout,matmul,matmul-naive128,0.1,5,276498,16412,0
global,ref+sfreq+refaults,3,K+K+,matmul-naive128-s1,heldout,matmul,matmul-naive128,0.1,5,835636,8972,1
global,ref+sfreq+rdist,3,K+K+,matmul-naive128-s1,heldout,matmul,matmul-naive128,0.1,5,274451,15389,0
global,ref+idle+age,3,K,matmul-naive128-s1,heldout,matmul,matmul-naive128,0.1,5,278545,16414,0
global,ref+idle+dirty,3,K,matmul-naive128-s1,heldout,matmul,matmul-naive128,0.1,5,278545,16414,0
global,ref+idle+refaults,3,K+K+,matmul-naive128-s1,heldout,matmul,matmul-naive128,0.1,5,280824,16415,0
global,ref+idle+rdist,3,K+K+,matmul-naive128-s1,heldout,matmul,matmul-naive128,0.1,5,260130,46,0
global,ref+age+dirty,3,K,matmul-naive128-s1,heldout,matmul,matmul-naive128,0.1,5,278545,16414,0
global,ref+age+refaults,3,K+K+,matmul-naive128-s1,heldout,matmul,matmul-naive128,0.1,5,264836,16415,0
global,ref+age+rdist,3,K+K+,matmul-naive128-s1,heldout,matmul,matmul-naive128,0.1,5,261153,45,0
global,ref+dirty+refaults,3,K+K+,matmul-naive128-s1,heldout,matmul,matmul-naive128,0.1,5,279710,15965,0
global,ref+dirty+rdist,3,K+K+,matmul-naive128-s1,heldout,matmul,matmul-naive128,0.1,5,273427,16412,0
global,ref+refaults+rdist,3,K+K+,matmul-naive128-s1,heldout,matmul,matmul-naive128,0.1,5,247870,16399,0
global,aging+sfreq+idle,3,K,matmul-naive128-s1,heldout,matmul,matmul-naive128,0.1,5,278545,16414,0
global,aging+sfreq+age,3,K,matmul-naive128-s1,heldout,matmul,matmul-naive128,0.1,5,278545,16413,0
global,aging+sfreq+dirty,3,K,matmul-naive128-s1,heldout,matmul,matmul-naive128,0.1,5,278545,16412,0
global,aging+sfreq+refaults,3,K+K+,matmul-naive128-s1,heldout,matmul,matmul-naive128,0.1,5,835636,10701,1
global,aging+sfreq+rdist,3,K+K+,matmul-naive128-s1,heldout,matmul,matmul-naive128,0.1,5,277522,15390,0
global,aging+idle+age,3,K,matmul-naive128-s1,heldout,matmul,matmul-naive128,0.1,5,278545,16414,0
global,aging+idle+dirty,3,K,matmul-naive128-s1,heldout,matmul,matmul-naive128,0.1,5,278545,16414,0
global,aging+idle+refaults,3,K+K+,matmul-naive128-s1,heldout,matmul,matmul-naive128,0.1,5,279065,16415,0
global,aging+idle+rdist,3,K+K+,matmul-naive128-s1,heldout,matmul,matmul-naive128,0.1,5,262177,46,0
global,aging+age+dirty,3,K,matmul-naive128-s1,heldout,matmul,matmul-naive128,0.1,5,278545,16413,0
global,aging+age+refaults,3,K+K+,matmul-naive128-s1,heldout,matmul,matmul-naive128,0.1,5,279228,16415,0
global,aging+age+rdist,3,K+K+,matmul-naive128-s1,heldout,matmul,matmul-naive128,0.1,5,277522,15390,0
global,aging+dirty+refaults,3,K+K+,matmul-naive128-s1,heldout,matmul,matmul-naive128,0.1,5,278828,16415,0
global,aging+dirty+rdist,3,K+K+,matmul-naive128-s1,heldout,matmul,matmul-naive128,0.1,5,262176,2092,0
global,aging+refaults+rdist,3,K+K+,matmul-naive128-s1,heldout,matmul,matmul-naive128,0.1,5,278763,16412,0
global,sfreq+idle+age,3,K,matmul-naive128-s1,heldout,matmul,matmul-naive128,0.1,5,278545,16414,0
global,sfreq+idle+dirty,3,K,matmul-naive128-s1,heldout,matmul,matmul-naive128,0.1,5,278545,16414,0
global,sfreq+idle+refaults,3,K+K+,matmul-naive128-s1,heldout,matmul,matmul-naive128,0.1,5,321231,16415,0
global,sfreq+idle+rdist,3,K+K+,matmul-naive128-s1,heldout,matmul,matmul-naive128,0.1,5,245794,45,0
global,sfreq+age+dirty,3,K,matmul-naive128-s1,heldout,matmul,matmul-naive128,0.1,5,366005,16415,0
global,sfreq+age+refaults,3,K+K+,matmul-naive128-s1,heldout,matmul,matmul-naive128,0.1,5,835636,8024,1
global,sfreq+age+rdist,3,K+K+,matmul-naive128-s1,heldout,matmul,matmul-naive128,0.1,5,262190,3113,0
global,sfreq+dirty+refaults,3,K+K+,matmul-naive128-s1,heldout,matmul,matmul-naive128,0.1,5,835636,5854,1
global,sfreq+dirty+rdist,3,K+K+,matmul-naive128-s1,heldout,matmul,matmul-naive128,0.1,5,835636,4346,1
global,sfreq+refaults+rdist,3,K+K+,matmul-naive128-s1,heldout,matmul,matmul-naive128,0.1,5,835636,7529,1
global,idle+age+dirty,3,K,matmul-naive128-s1,heldout,matmul,matmul-naive128,0.1,5,278545,16414,0
global,idle+age+refaults,3,K+K+,matmul-naive128-s1,heldout,matmul,matmul-naive128,0.1,5,307808,16415,0
global,idle+age+rdist,3,K+K+,matmul-naive128-s1,heldout,matmul,matmul-naive128,0.1,5,245794,45,0
global,idle+dirty+refaults,3,K+K+,matmul-naive128-s1,heldout,matmul,matmul-naive128,0.1,5,300200,16415,0
global,idle+dirty+rdist,3,K+K+,matmul-naive128-s1,heldout,matmul,matmul-naive128,0.1,5,260115,16413,0
global,idle+refaults+rdist,3,K+K+,matmul-naive128-s1,heldout,matmul,matmul-naive128,0.1,5,288060,16412,0
global,age+dirty+refaults,3,K+K+,matmul-naive128-s1,heldout,matmul,matmul-naive128,0.1,5,835636,8889,1
global,age+dirty+rdist,3,K+K+,matmul-naive128-s1,heldout,matmul,matmul-naive128,0.1,5,257520,1067,0
global,age+refaults+rdist,3,K+K+,matmul-naive128-s1,heldout,matmul,matmul-naive128,0.1,5,835636,6906,1
global,dirty+refaults+rdist,3,K+K+,matmul-naive128-s1,heldout,matmul,matmul-naive128,0.1,5,463751,16415,0
global,ref+aging+sfreq+idle,4,K,matmul-naive128-s1,heldout,matmul,matmul-naive128,0.1,5,278545,16413,0
global,ref+aging+sfreq+age,4,K,matmul-naive128-s1,heldout,matmul,matmul-naive128,0.1,5,278545,16413,0
global,ref+aging+sfreq+dirty,4,K,matmul-naive128-s1,heldout,matmul,matmul-naive128,0.1,5,278545,16413,0
global,ref+aging+sfreq+refaults,4,K+K+,matmul-naive128-s1,heldout,matmul,matmul-naive128,0.1,5,835636,10478,1
global,ref+aging+sfreq+rdist,4,K+K+,matmul-naive128-s1,heldout,matmul,matmul-naive128,0.1,5,278545,16414,0
global,ref+aging+idle+age,4,K,matmul-naive128-s1,heldout,matmul,matmul-naive128,0.1,5,278545,16414,0
global,ref+aging+idle+dirty,4,K,matmul-naive128-s1,heldout,matmul,matmul-naive128,0.1,5,278545,16414,0
global,ref+aging+idle+refaults,4,K+K+,matmul-naive128-s1,heldout,matmul,matmul-naive128,0.1,5,279008,16415,0
global,ref+aging+idle+rdist,4,K+K+,matmul-naive128-s1,heldout,matmul,matmul-naive128,0.1,5,262177,46,0
global,ref+aging+age+dirty,4,K,matmul-naive128-s1,heldout,matmul,matmul-naive128,0.1,5,278545,16413,0
global,ref+aging+age+refaults,4,K+K+,matmul-naive128-s1,heldout,matmul,matmul-naive128,0.1,5,279067,16415,0
global,ref+aging+age+rdist,4,K+K+,matmul-naive128-s1,heldout,matmul,matmul-naive128,0.1,5,278545,16413,0
global,ref+aging+dirty+refaults,4,K+K+,matmul-naive128-s1,heldout,matmul,matmul-naive128,0.1,5,278817,16415,0
global,ref+aging+dirty+rdist,4,K+K+,matmul-naive128-s1,heldout,matmul,matmul-naive128,0.1,5,278545,16414,0
global,ref+aging+refaults+rdist,4,K+K+,matmul-naive128-s1,heldout,matmul,matmul-naive128,0.1,5,273760,16411,0
global,ref+sfreq+idle+age,4,K,matmul-naive128-s1,heldout,matmul,matmul-naive128,0.1,5,278545,16414,0
global,ref+sfreq+idle+dirty,4,K,matmul-naive128-s1,heldout,matmul,matmul-naive128,0.1,5,278545,16414,0
global,ref+sfreq+idle+refaults,4,K+K+,matmul-naive128-s1,heldout,matmul,matmul-naive128,0.1,5,333355,16415,0
global,ref+sfreq+idle+rdist,4,K+K+,matmul-naive128-s1,heldout,matmul,matmul-naive128,0.1,5,245794,45,0
global,ref+sfreq+age+dirty,4,K,matmul-naive128-s1,heldout,matmul,matmul-naive128,0.1,5,278545,16412,0
global,ref+sfreq+age+refaults,4,K+K+,matmul-naive128-s1,heldout,matmul,matmul-naive128,0.1,5,835636,10016,1
global,ref+sfreq+age+rdist,4,K+K+,matmul-naive128-s1,heldout,matmul,matmul-naive128,0.1,5,273428,13343,0
global,ref+sfreq+dirty+refaults,4,K+K+,matmul-naive128-s1,heldout,matmul,matmul-naive128,0.1,5,835636,8819,1
global,ref+sfreq+dirty+rdist,4,K+K+,matmul-naive128-s1,heldout,matmul,matmul-naive128,0.1,5,273427,16412,0
global,ref+sfreq+refaults+rdist,4,K+K+,matmul-naive128-s1,heldout,matmul,matmul-naive128,0.1,5,835636,11121,1
global,ref+idle+age+dirty,4,K,matmul-naive128-s1,heldout,matmul,matmul-naive128,0.1,5,278545,16414,0
global,ref+idle+age+refaults,4,K+K+,matmul-naive128-s1,heldout,matmul,matmul-naive128,0.1,5,286705,16415,0
global,ref+idle+age+rdist,4,K+K+,matmul-naive128-s1,heldout,matmul,matmul-naive128,0.1,5,245794,45,0
global,ref+idle+dirty+refaults,4,K+K+,matmul-naive128-s1,heldout,matmul,matmul-naive128,0.1,5,280845,16415,0
global,ref+idle+dirty+rdist,4,K+K+,matmul-naive128-s1,heldout,matmul,matmul-naive128,0.1,5,245793,2091,0
global,ref+idle+refaults+rdist,4,K+K+,matmul-naive128-s1,heldout,matmul,matmul-naive128,0.1,5,256120,16405,0
global,ref+age+dirty+refaults,4,K+K+,matmul-naive128-s1,heldout,matmul,matmul-naive128,0.1,5,251132,16243,0
global,ref+age+dirty+rdist,4,K+K+,matmul-naive128-s1,heldout,matmul,matmul-naive128,0.1,5,273427,16412,0
global,ref+age+refaults+rdist,4,K+K+,matmul-naive128-s1,heldout,matmul,matmul-naive128,0.1,5,282782,16415,0
global,ref+dirty+refaults+rdist,4,K+K+,matmul-naive128-s1,heldout,matmul,matmul-naive128,0.1,5,247745,16415,0
global,aging+sfreq+idle+age,4,K,matmul-naive128-s1,heldout,matmul,matmul-naive128,0.1,5,278545,16414,0
global,aging+sfreq+idle+dirty,4,K,matmul-naive128-s1,heldout,matmul,matmul-naive128,0.1,5,278545,16414,0
global,aging+sfreq+idle+refaults,4,K+K+,matmul-naive128-s1,heldout,matmul,matmul-naive128,0.1,5,835636,10857,1
global,aging+sfreq+idle+rdist,4,K+K+,matmul-naive128-s1,heldout,matmul,matmul-naive128,0.1,5,277522,15390,0
global,aging+sfreq+age+dirty,4,K,matmul-naive128-s1,heldout,matmul,matmul-naive128,0.1,5,278545,16412,0
global,aging+sfreq+age+refaults,4,K+K+,matmul-naive128-s1,heldout,matmul,matmul-naive128,0.1,5,835636,11434,1
global,aging+sfreq+age+rdist,4,K+K+,matmul-naive128-s1,heldout,matmul,matmul-naive128,0.1,5,277522,15390,0
global,aging+sfreq+dirty+refaults,4,K+K+,matmul-naive128-s1,heldout,matmul,matmul-naive128,0.1,5,835636,10666,1
global,aging+sfreq+dirty+rdist,4,K+K+,matmul-naive128-s1,heldout,matmul,matmul-naive128,0.1,5,262162,16413,0
global,aging+sfreq+refaults+rdist,4,K+K+,matmul-naive128-s1,heldout,matmul,matmul-naive128,0.1,5,835636,13275,1
global,aging+idle+age+dirty,4,K,matmul-naive128-s1,heldout,matmul,matmul-naive128,0.1,5,278545,16414,0
global,aging+idle+age+refaults,4,K+K+,matmul-naive128-s1,heldout,matmul,matmul-naive128,0.1,5,280416,16415,0
global,aging+idle+age+rdist,4,K+K+,matmul-naive128-s1,heldout,matmul,matmul-naive128,0.1,5,277522,15390,0
global,aging+idle+dirty+refaults,4,K+K+,matmul-naive128-s1,heldout,matmul,matmul-naive128,0.1,5,279070,16415,0
global,aging+idle+dirty+rdist,4,K+K+,matmul-naive128-s1,heldout,matmul,matmul-naive128,0.1,5,262176,2092,0
global,aging+idle+refaults+rdist,4,K+K+,matmul-naive128-s1,heldout,matmul,matmul-naive128,0.1,5,276640,16411,0
global,aging+age+dirty+refaults,4,K+K+,matmul-naive128-s1,heldout,matmul,matmul-naive128,0.1,5,279228,16415,0
global,aging+age+dirty+rdist,4,K+K+,matmul-naive128-s1,heldout,matmul,matmul-naive128,0.1,5,262162,16413,0
global,aging+age+refaults+rdist,4,K+K+,matmul-naive128-s1,heldout,matmul,matmul-naive128,0.1,5,281557,16092,0
global,aging+dirty+refaults+rdist,4,K+K+,matmul-naive128-s1,heldout,matmul,matmul-naive128,0.1,5,278763,16412,0
global,sfreq+idle+age+dirty,4,K,matmul-naive128-s1,heldout,matmul,matmul-naive128,0.1,5,278545,16414,0
global,sfreq+idle+age+refaults,4,K+K+,matmul-naive128-s1,heldout,matmul,matmul-naive128,0.1,5,310050,16415,0
global,sfreq+idle+age+rdist,4,K+K+,matmul-naive128-s1,heldout,matmul,matmul-naive128,0.1,5,245794,45,0
global,sfreq+idle+dirty+refaults,4,K+K+,matmul-naive128-s1,heldout,matmul,matmul-naive128,0.1,5,321589,16415,0
global,sfreq+idle+dirty+rdist,4,K+K+,matmul-naive128-s1,heldout,matmul,matmul-naive128,0.1,5,245779,16412,0
global,sfreq+idle+refaults+rdist,4,K+K+,matmul-naive128-s1,heldout,matmul,matmul-naive128,0.1,5,335754,16415,0
global,sfreq+age+dirty+refaults,4,K+K+,matmul-naive128-s1,heldout,matmul,matmul-naive128,0.1,5,835636,8019,1
global,sfreq+age+dirty+rdist,4,K+K+,matmul-naive128-s1,heldout,matmul,matmul-naive128,0.1,5,835636,15726,1
global,sfreq+age+refaults+rdist,4,K+K+,matmul-naive128-s1,heldout,matmul,matmul-naive128,0.1,5,835636,6860,1
global,sfreq+dirty+refaults+rdist,4,K+K+,matmul-naive128-s1,heldout,matmul,matmul-naive128,0.1,5,835636,6333,1
global,idle+age+dirty+refaults,4,K+K+,matmul-naive128-s1,heldout,matmul,matmul-naive128,0.1,5,307910,16415,0
global,idle+age+dirty+rdist,4,K+K+,matmul-naive128-s1,heldout,matmul,matmul-naive128,0.1,5,245779,16412,0
global,idle+age+refaults+rdist,4,K+K+,matmul-naive128-s1,heldout,matmul,matmul-naive128,0.1,5,293911,16410,0
global,idle+dirty+refaults+rdist,4,K+K+,matmul-naive128-s1,heldout,matmul,matmul-naive128,0.1,5,287629,16415,0
global,age+dirty+refaults+rdist,4,K+K+,matmul-naive128-s1,heldout,matmul,matmul-naive128,0.1,5,835636,6415,1
global,ref+aging+sfreq+idle+age,5,K,matmul-naive128-s1,heldout,matmul,matmul-naive128,0.1,5,278545,16414,0
global,ref+aging+sfreq+idle+dirty,5,K,matmul-naive128-s1,heldout,matmul,matmul-naive128,0.1,5,278545,16413,0
global,ref+aging+sfreq+idle+refaults,5,K+K+,matmul-naive128-s1,heldout,matmul,matmul-naive128,0.1,5,835636,9419,1
global,ref+aging+sfreq+idle+rdist,5,K+K+,matmul-naive128-s1,heldout,matmul,matmul-naive128,0.1,5,277522,15390,0
global,ref+aging+sfreq+age+dirty,5,K,matmul-naive128-s1,heldout,matmul,matmul-naive128,0.1,5,278545,16413,0
global,ref+aging+sfreq+age+refaults,5,K+K+,matmul-naive128-s1,heldout,matmul,matmul-naive128,0.1,5,835636,11828,1
global,ref+aging+sfreq+age+rdist,5,K+K+,matmul-naive128-s1,heldout,matmul,matmul-naive128,0.1,5,278545,16414,0
global,ref+aging+sfreq+dirty+refaults,5,K+K+,matmul-naive128-s1,heldout,matmul,matmul-naive128,0.1,5,835636,10397,1
global,ref+aging+sfreq+dirty+rdist,5,K+K+,matmul-naive128-s1,heldout,matmul,matmul-naive128,0.1,5,278545,16413,0
global,ref+aging+sfreq+refaults+rdist,5,K+K+,matmul-naive128-s1,heldout,matmul,matmul-naive128,0.1,5,835636,13135,1
global,ref+aging+idle+age+dirty,5,K,matmul-naive128-s1,heldout,matmul,matmul-naive128,0.1,5,278545,16414,0
global,ref+aging+idle+age+refaults,5,K+K+,matmul-naive128-s1,heldout,matmul,matmul-naive128,0.1,5,279871,16415,0
global,ref+aging+idle+age+rdist,5,K+K+,matmul-naive128-s1,heldout,matmul,matmul-naive128,0.1,5,278545,16413,0
global,ref+aging+idle+dirty+refaults,5,K+K+,matmul-naive128-s1,heldout,matmul,matmul-naive128,0.1,5,279019,16415,0
global,ref+aging+idle+dirty+rdist,5,K+K+,matmul-naive128-s1,heldout,matmul,matmul-naive128,0.1,5,278545,16414,0
global,ref+aging+idle+refaults+rdist,5,K+K+,matmul-naive128-s1,heldout,matmul,matmul-naive128,0.1,5,276441,16411,0
global,ref+aging+age+dirty+refaults,5,K+K+,matmul-naive128-s1,heldout,matmul,matmul-naive128,0.1,5,279143,16415,0
global,ref+aging+age+dirty+rdist,5,K+K+,matmul-naive128-s1,heldout,matmul,matmul-naive128,0.1,5,278545,16413,0
global,ref+aging+age+refaults+rdist,5,K+K+,matmul-naive128-s1,heldout,matmul,matmul-naive128,0.1,5,290055,16415,0
global,ref+aging+dirty+refaults+rdist,5,K+K+,matmul-naive128-s1,heldout,matmul,matmul-naive128,0.1,5,273757,16411,0
global,ref+sfreq+idle+age+dirty,5,K,matmul-naive128-s1,heldout,matmul,matmul-naive128,0.1,5,278545,16414,0
global,ref+sfreq+idle+age+refaults,5,K+K+,matmul-naive128-s1,heldout,matmul,matmul-naive128,0.1,5,287312,16415,0
global,ref+sfreq+idle+age+rdist,5,K+K+,matmul-naive128-s1,heldout,matmul,matmul-naive128,0.1,5,245794,45,0
global,ref+sfreq+idle+dirty+refaults,5,K+K+,matmul-naive128-s1,heldout,matmul,matmul-naive128,0.1,5,342739,16415,0
global,ref+sfreq+idle+dirty+rdist,5,K+K+,matmul-naive128-s1,heldout,matmul,matmul-naive128,0.1,5,260115,16413,0
global,ref+sfreq+idle+refaults+rdist,5,K+K+,matmul-naive128-s1,heldout,matmul,matmul-naive128,0.1,5,835636,13777,1
global,ref+sfreq+age+dirty+refaults,5,K+K+,matmul-naive128-s1,heldout,matmul,matmul-naive128,0.1,5,835636,9866,1
global,ref+sfreq+age+dirty+rdist,5,K+K+,matmul-naive128-s1,heldout,matmul,matmul-naive128,0.1,5,273427,16412,0
global,ref+sfreq+age+refaults+rdist,5,K+K+,matmul-naive128-s1,heldout,matmul,matmul-naive128,0.1,5,835636,11778,1
global,ref+sfreq+dirty+refaults+rdist,5,K+K+,matmul-naive128-s1,heldout,matmul,matmul-naive128,0.1,5,835636,10920,1
global,ref+idle+age+dirty+refaults,5,K+K+,matmul-naive128-s1,heldout,matmul,matmul-naive128,0.1,5,286898,16415,0
global,ref+idle+age+dirty+rdist,5,K+K+,matmul-naive128-s1,heldout,matmul,matmul-naive128,0.1,5,245779,16412,0
global,ref+idle+age+refaults+rdist,5,K+K+,matmul-naive128-s1,heldout,matmul,matmul-naive128,0.1,5,249386,16335,0
global,ref+idle+dirty+refaults+rdist,5,K+K+,matmul-naive128-s1,heldout,matmul,matmul-naive128,0.1,5,256020,16407,0
global,ref+age+dirty+refaults+rdist,5,K+K+,matmul-naive128-s1,heldout,matmul,matmul-naive128,0.1,5,279977,16415,0
global,aging+sfreq+idle+age+dirty,5,K,matmul-naive128-s1,heldout,matmul,matmul-naive128,0.1,5,278545,16414,0
global,aging+sfreq+idle+age+refaults,5,K+K+,matmul-naive128-s1,heldout,matmul,matmul-naive128,0.1,5,280305,16415,0
global,aging+sfreq+idle+age+rdist,5,K+K+,matmul-naive128-s1,heldout,matmul,matmul-naive128,0.1,5,270361,8230,0
global,aging+sfreq+idle+dirty+refaults,5,K+K+,matmul-naive128-s1,heldout,matmul,matmul-naive128,0.1,5,835636,10742,1
global,aging+sfreq+idle+dirty+rdist,5,K+K+,matmul-naive128-s1,heldout,matmul,matmul-naive128,0.1,5,262162,16413,0
global,aging+sfreq+idle+refaults+rdist,5,K+K+,matmul-naive128-s1,heldout,matmul,matmul-naive128,0.1,5,835636,9660,1
global,aging+sfreq+age+dirty+refaults,5,K+K+,matmul-naive128-s1,heldout,matmul,matmul-naive128,0.1,5,835636,11356,1
global,aging+sfreq+age+dirty+rdist,5,K+K+,matmul-naive128-s1,heldout,matmul,matmul-naive128,0.1,5,262162,16413,0
global,aging+sfreq+age+refaults+rdist,5,K+K+,matmul-naive128-s1,heldout,matmul,matmul-naive128,0.1,5,291695,16150,0
global,aging+sfreq+dirty+refaults+rdist,5,K+K+,matmul-naive128-s1,heldout,matmul,matmul-naive128,0.1,5,835636,12795,1
global,aging+idle+age+dirty+refaults,5,K+K+,matmul-naive128-s1,heldout,matmul,matmul-naive128,0.1,5,280448,16415,0
global,aging+idle+age+dirty+rdist,5,K+K+,matmul-naive128-s1,heldout,matmul,matmul-naive128,0.1,5,262162,16413,0
global,aging+idle+age+refaults+rdist,5,K+K+,matmul-naive128-s1,heldout,matmul,matmul-naive128,0.1,5,279199,16302,0
global,aging+idle+dirty+refaults+rdist,5,K+K+,matmul-naive128-s1,heldout,matmul,matmul-naive128,0.1,5,276610,16411,0
global,aging+age+dirty+refaults+rdist,5,K+K+,matmul-naive128-s1,heldout,matmul,matmul-naive128,0.1,5,288586,16415,0
global,sfreq+idle+age+dirty+refaults,5,K+K+,matmul-naive128-s1,heldout,matmul,matmul-naive128,0.1,5,310171,16415,0
global,sfreq+idle+age+dirty+rdist,5,K+K+,matmul-naive128-s1,heldout,matmul,matmul-naive128,0.1,5,245780,16412,0
global,sfreq+idle+age+refaults+rdist,5,K+K+,matmul-naive128-s1,heldout,matmul,matmul-naive128,0.1,5,293283,16408,0
global,sfreq+idle+dirty+refaults+rdist,5,K+K+,matmul-naive128-s1,heldout,matmul,matmul-naive128,0.1,5,564980,16415,0
global,sfreq+age+dirty+refaults+rdist,5,K+K+,matmul-naive128-s1,heldout,matmul,matmul-naive128,0.1,5,835636,6513,1
global,idle+age+dirty+refaults+rdist,5,K+K+,matmul-naive128-s1,heldout,matmul,matmul-naive128,0.1,5,293507,16415,0
global,ref+aging+sfreq+idle+age+dirty,6,K,matmul-naive128-s1,heldout,matmul,matmul-naive128,0.1,5,278545,16414,0
global,ref+aging+sfreq+idle+age+refaults,6,K+K+,matmul-naive128-s1,heldout,matmul,matmul-naive128,0.1,5,279517,16415,0
global,ref+aging+sfreq+idle+age+rdist,6,K+K+,matmul-naive128-s1,heldout,matmul,matmul-naive128,0.1,5,278545,16414,0
global,ref+aging+sfreq+idle+dirty+refaults,6,K+K+,matmul-naive128-s1,heldout,matmul,matmul-naive128,0.1,5,835636,9300,1
global,ref+aging+sfreq+idle+dirty+rdist,6,K+K+,matmul-naive128-s1,heldout,matmul,matmul-naive128,0.1,5,278545,16414,0
global,ref+aging+sfreq+idle+refaults+rdist,6,K+K+,matmul-naive128-s1,heldout,matmul,matmul-naive128,0.1,5,835636,8885,1
global,ref+aging+sfreq+age+dirty+refaults,6,K+K+,matmul-naive128-s1,heldout,matmul,matmul-naive128,0.1,5,835636,11601,1
global,ref+aging+sfreq+age+dirty+rdist,6,K+K+,matmul-naive128-s1,heldout,matmul,matmul-naive128,0.1,5,278545,16414,0
global,ref+aging+sfreq+age+refaults+rdist,6,K+K+,matmul-naive128-s1,heldout,matmul,matmul-naive128,0.1,5,289319,16415,0
global,ref+aging+sfreq+dirty+refaults+rdist,6,K+K+,matmul-naive128-s1,heldout,matmul,matmul-naive128,0.1,5,835636,12236,1
global,ref+aging+idle+age+dirty+refaults,6,K+K+,matmul-naive128-s1,heldout,matmul,matmul-naive128,0.1,5,279913,16415,0
global,ref+aging+idle+age+dirty+rdist,6,K+K+,matmul-naive128-s1,heldout,matmul,matmul-naive128,0.1,5,278545,16413,0
global,ref+aging+idle+age+refaults+rdist,6,K+K+,matmul-naive128-s1,heldout,matmul,matmul-naive128,0.1,5,279175,16415,0
global,ref+aging+idle+dirty+refaults+rdist,6,K+K+,matmul-naive128-s1,heldout,matmul,matmul-naive128,0.1,5,276408,16411,0
global,ref+aging+age+dirty+refaults+rdist,6,K+K+,matmul-naive128-s1,heldout,matmul,matmul-naive128,0.1,5,290680,16415,0
global,ref+sfreq+idle+age+dirty+refaults,6,K+K+,matmul-naive128-s1,heldout,matmul,matmul-naive128,0.1,5,287508,16415,0
global,ref+sfreq+idle+age+dirty+rdist,6,K+K+,matmul-naive128-s1,heldout,matmul,matmul-naive128,0.1,5,245779,16412,0
global,ref+sfreq+idle+age+refaults+rdist,6,K+K+,matmul-naive128-s1,heldout,matmul,matmul-naive128,0.1,5,249083,16328,0
global,ref+sfreq+idle+dirty+refaults+rdist,6,K+K+,matmul-naive128-s1,heldout,matmul,matmul-naive128,0.1,5,835636,12317,1
global,ref+sfreq+age+dirty+refaults+rdist,6,K+K+,matmul-naive128-s1,heldout,matmul,matmul-naive128,0.1,5,835636,9681,1
global,ref+idle+age+dirty+refaults+rdist,6,K+K+,matmul-naive128-s1,heldout,matmul,matmul-naive128,0.1,5,249385,16415,0
global,aging+sfreq+idle+age+dirty+refaults,6,K+K+,matmul-naive128-s1,heldout,matmul,matmul-naive128,0.1,5,280337,16415,0
global,aging+sfreq+idle+age+dirty+rdist,6,K+K+,matmul-naive128-s1,heldout,matmul,matmul-naive128,0.1,5,262162,16413,0
global,aging+sfreq+idle+age+refaults+rdist,6,K+K+,matmul-naive128-s1,heldout,matmul,matmul-naive128,0.1,5,264624,16279,0
global,aging+sfreq+idle+dirty+refaults+rdist,6,K+K+,matmul-naive128-s1,heldout,matmul,matmul-naive128,0.1,5,835636,9577,1
global,aging+sfreq+age+dirty+refaults+rdist,6,K+K+,matmul-naive128-s1,heldout,matmul,matmul-naive128,0.1,5,292252,16415,0
global,aging+idle+age+dirty+refaults+rdist,6,K+K+,matmul-naive128-s1,heldout,matmul,matmul-naive128,0.1,5,279329,16415,0
global,sfreq+idle+age+dirty+refaults+rdist,6,K+K+,matmul-naive128-s1,heldout,matmul,matmul-naive128,0.1,5,292808,16415,0
global,ref+aging+sfreq+idle+age+dirty+refaults,7,K+K+,matmul-naive128-s1,heldout,matmul,matmul-naive128,0.1,5,279547,16415,0
global,ref+aging+sfreq+idle+age+dirty+rdist,7,K+K+,matmul-naive128-s1,heldout,matmul,matmul-naive128,0.1,5,278545,16414,0
global,ref+aging+sfreq+idle+age+refaults+rdist,7,K+K+,matmul-naive128-s1,heldout,matmul,matmul-naive128,0.1,5,266679,16415,0
global,ref+aging+sfreq+idle+dirty+refaults+rdist,7,K+K+,matmul-naive128-s1,heldout,matmul,matmul-naive128,0.1,5,835636,8847,1
global,ref+aging+sfreq+age+dirty+refaults+rdist,7,K+K+,matmul-naive128-s1,heldout,matmul,matmul-naive128,0.1,5,290623,16415,0
global,ref+aging+idle+age+dirty+refaults+rdist,7,K+K+,matmul-naive128-s1,heldout,matmul,matmul-naive128,0.1,5,279188,16415,0
global,ref+sfreq+idle+age+dirty+refaults+rdist,7,K+K+,matmul-naive128-s1,heldout,matmul,matmul-naive128,0.1,5,249125,16415,0
global,aging+sfreq+idle+age+dirty+refaults+rdist,7,K+K+,matmul-naive128-s1,heldout,matmul,matmul-naive128,0.1,5,264780,16415,0
global,ref+aging+sfreq+idle+age+dirty+refaults+rdist,8,K+K+,matmul-naive128-s1,heldout,matmul,matmul-naive128,0.1,5,266672,16415,0
global,rec+ref+aging+sfreq+idle+age+dirty,7,F+K,matmul-naive128-s1,heldout,matmul,matmul-naive128,0.1,5,278544,16414,0
global,rec+ref+aging+sfreq+idle+age+dirty+refaults+rdist,9,F+K+K+,matmul-naive128-s1,heldout,matmul,matmul-naive128,0.1,5,278562,16415,0
global,freq+ref+aging+sfreq+idle+age+dirty,7,F+K,matmul-naive128-s1,heldout,matmul,matmul-naive128,0.1,5,278544,16414,0
global,freq+ref+aging+sfreq+idle+age+dirty+refaults+rdist,9,F+K+K+,matmul-naive128-s1,heldout,matmul,matmul-naive128,0.1,5,278503,16372,0
global,sd+ref+aging+sfreq+idle+age+dirty,7,F+K,matmul-naive128-s1,heldout,matmul,matmul-naive128,0.1,5,278544,16414,0
global,sd+ref+aging+sfreq+idle+age+dirty+refaults+rdist,9,F+K+K+,matmul-naive128-s1,heldout,matmul,matmul-naive128,0.1,5,264873,16415,0
global,wr+ref+aging+sfreq+idle+age+dirty,7,F+K,matmul-naive128-s1,heldout,matmul,matmul-naive128,0.1,5,278545,16414,0
global,wr+ref+aging+sfreq+idle+age+dirty+refaults+rdist,9,F+K+K+,matmul-naive128-s1,heldout,matmul,matmul-naive128,0.1,5,266690,16415,0
global,rec+freq+ref+aging+sfreq+idle+age+dirty,8,F+K,matmul-naive128-s1,heldout,matmul,matmul-naive128,0.1,5,279175,16415,0
global,rec+freq+ref+aging+sfreq+idle+age+dirty+refaults+rdist,10,F+K+K+,matmul-naive128-s1,heldout,matmul,matmul-naive128,0.1,5,278620,16415,0
global,rec+sd+ref+aging+sfreq+idle+age+dirty,8,F+K,matmul-naive128-s1,heldout,matmul,matmul-naive128,0.1,5,278544,16414,0
global,rec+sd+ref+aging+sfreq+idle+age+dirty+refaults+rdist,10,F+K+K+,matmul-naive128-s1,heldout,matmul,matmul-naive128,0.1,5,262259,16414,0
global,rec+wr+ref+aging+sfreq+idle+age+dirty,8,F+K,matmul-naive128-s1,heldout,matmul,matmul-naive128,0.1,5,278544,16414,0
global,rec+wr+ref+aging+sfreq+idle+age+dirty+refaults+rdist,10,F+K+K+,matmul-naive128-s1,heldout,matmul,matmul-naive128,0.1,5,278564,16415,0
global,freq+sd+ref+aging+sfreq+idle+age+dirty,8,F+K,matmul-naive128-s1,heldout,matmul,matmul-naive128,0.1,5,278544,16414,0
global,freq+sd+ref+aging+sfreq+idle+age+dirty+refaults+rdist,10,F+K+K+,matmul-naive128-s1,heldout,matmul,matmul-naive128,0.1,5,277521,15390,0
global,freq+wr+ref+aging+sfreq+idle+age+dirty,8,F+K,matmul-naive128-s1,heldout,matmul,matmul-naive128,0.1,5,278544,16414,0
global,freq+wr+ref+aging+sfreq+idle+age+dirty+refaults+rdist,10,F+K+K+,matmul-naive128-s1,heldout,matmul,matmul-naive128,0.1,5,278545,16414,0
global,sd+wr+ref+aging+sfreq+idle+age+dirty,8,F+K,matmul-naive128-s1,heldout,matmul,matmul-naive128,0.1,5,278544,16414,0
global,sd+wr+ref+aging+sfreq+idle+age+dirty+refaults+rdist,10,F+K+K+,matmul-naive128-s1,heldout,matmul,matmul-naive128,0.1,5,264873,16415,0
global,rec+freq+sd+ref+aging+sfreq+idle+age+dirty,9,F+K,matmul-naive128-s1,heldout,matmul,matmul-naive128,0.1,5,279284,16415,0
global,rec+freq+sd+ref+aging+sfreq+idle+age+dirty+refaults+rdist,11,F+K+K+,matmul-naive128-s1,heldout,matmul,matmul-naive128,0.1,5,262315,16414,0
global,rec+freq+wr+ref+aging+sfreq+idle+age+dirty,9,F+K,matmul-naive128-s1,heldout,matmul,matmul-naive128,0.1,5,279190,16415,0
global,rec+freq+wr+ref+aging+sfreq+idle+age+dirty+refaults+rdist,11,F+K+K+,matmul-naive128-s1,heldout,matmul,matmul-naive128,0.1,5,278620,16415,0
global,rec+sd+wr+ref+aging+sfreq+idle+age+dirty,9,F+K,matmul-naive128-s1,heldout,matmul,matmul-naive128,0.1,5,278544,16414,0
global,rec+sd+wr+ref+aging+sfreq+idle+age+dirty+refaults+rdist,11,F+K+K+,matmul-naive128-s1,heldout,matmul,matmul-naive128,0.1,5,262260,16414,0
global,freq+sd+wr+ref+aging+sfreq+idle+age+dirty,9,F+K,matmul-naive128-s1,heldout,matmul,matmul-naive128,0.1,5,278544,16414,0
global,freq+sd+wr+ref+aging+sfreq+idle+age+dirty+refaults+rdist,11,F+K+K+,matmul-naive128-s1,heldout,matmul,matmul-naive128,0.1,5,277521,15390,0
global,rec+freq+sd+wr+ref+aging+sfreq+idle+age+dirty,10,F+K,matmul-naive128-s1,heldout,matmul,matmul-naive128,0.1,5,279292,16415,0
global,rec+freq+sd+wr+ref+aging+sfreq+idle+age+dirty+refaults+rdist,12,F+K+K+,matmul-naive128-s1,heldout,matmul,matmul-naive128,0.1,5,262315,16414,0
graph,rec,1,F,graph-both1000x3-s3,test,graph,graph-both1000x3,0.1,100,158777,29483,0
graph,freq,1,F,graph-both1000x3-s3,test,graph,graph-both1000x3,0.1,100,488221,167860,1
graph,sd,1,F,graph-both1000x3-s3,test,graph,graph-both1000x3,0.1,100,158777,29483,0
graph,wr,1,F,graph-both1000x3-s3,test,graph,graph-both1000x3,0.1,100,488221,16541,1
graph,rec+freq,2,F,graph-both1000x3-s3,test,graph,graph-both1000x3,0.1,100,87658,3941,0
graph,rec+sd,2,F,graph-both1000x3-s3,test,graph,graph-both1000x3,0.1,100,158785,29597,0
graph,rec+wr,2,F,graph-both1000x3-s3,test,graph,graph-both1000x3,0.1,100,90622,3517,0
graph,freq+sd,2,F,graph-both1000x3-s3,test,graph,graph-both1000x3,0.1,100,248936,153768,0
graph,freq+wr,2,F,graph-both1000x3-s3,test,graph,graph-both1000x3,0.1,100,488221,70006,1
graph,sd+wr,2,F,graph-both1000x3-s3,test,graph,graph-both1000x3,0.1,100,182643,68629,0
graph,rec+freq+sd,3,F,graph-both1000x3-s3,test,graph,graph-both1000x3,0.1,100,88901,5172,0
graph,rec+freq+wr,3,F,graph-both1000x3-s3,test,graph,graph-both1000x3,0.1,100,85210,1403,0
graph,rec+sd+wr,3,F,graph-both1000x3-s3,test,graph,graph-both1000x3,0.1,100,91910,4054,0
graph,freq+sd+wr,3,F,graph-both1000x3-s3,test,graph,graph-both1000x3,0.1,100,209359,124524,0
graph,rec+freq+sd+wr,4,F,graph-both1000x3-s3,test,graph,graph-both1000x3,0.1,100,85449,1619,0
graph,ref,1,K,graph-both1000x3-s3,test,graph,graph-both1000x3,0.1,100,250116,58319,0
graph,aging,1,K,graph-both1000x3-s3,test,graph,graph-both1000x3,0.1,100,236574,48154,0
graph,sfreq,1,K,graph-both1000x3-s3,test,graph,graph-both1000x3,0.1,100,488221,98867,1
graph,idle,1,K,graph-both1000x3-s3,test,graph,graph-both1000x3,0.1,100,158947,29630,0
graph,age,1,K,graph-both1000x3-s3,test,graph,graph-both1000x3,0.1,100,488221,158325,1
graph,dirty,1,K,graph-both1000x3-s3,test,graph,graph-both1000x3,0.1,100,488221,1429,1
graph,refaults,1,K+,graph-both1000x3-s3,test,graph,graph-both1000x3,0.1,100,144596,33419,0
graph,rdist,1,K+,graph-both1000x3-s3,test,graph,graph-both1000x3,0.1,100,488221,73422,1
graph,ref+aging,2,K,graph-both1000x3-s3,test,graph,graph-both1000x3,0.1,100,236574,48154,0
graph,ref+sfreq,2,K,graph-both1000x3-s3,test,graph,graph-both1000x3,0.1,100,488221,258618,1
graph,ref+idle,2,K,graph-both1000x3-s3,test,graph,graph-both1000x3,0.1,100,158948,29631,0
graph,ref+age,2,K,graph-both1000x3-s3,test,graph,graph-both1000x3,0.1,100,488221,328590,1
graph,ref+dirty,2,K,graph-both1000x3-s3,test,graph,graph-both1000x3,0.1,100,488221,1429,1
graph,ref+refaults,2,K+K+,graph-both1000x3-s3,test,graph,graph-both1000x3,0.1,100,122528,33178,0
graph,ref+rdist,2,K+K+,graph-both1000x3-s3,test,graph,graph-both1000x3,0.1,100,488221,79404,1
graph,aging+sfreq,2,K,graph-both1000x3-s3,test,graph,graph-both1000x3,0.1,100,488221,311946,1
graph,aging+idle,2,K,graph-both1000x3-s3,test,graph,graph-both1000x3,0.1,100,158953,29633,0
graph,aging+age,2,K,graph-both1000x3-s3,test,graph,graph-both1000x3,0.1,100,488221,323855,1
graph,aging+dirty,2,K,graph-both1000x3-s3,test,graph,graph-both1000x3,0.1,100,488221,1426,1
graph,aging+refaults,2,K+K+,graph-both1000x3-s3,test,graph,graph-both1000x3,0.1,100,118081,32047,0
graph,aging+rdist,2,K+K+,graph-both1000x3-s3,test,graph,graph-both1000x3,0.1,100,488221,79324,1
graph,sfreq+idle,2,K,graph-both1000x3-s3,test,graph,graph-both1000x3,0.1,100,138493,22369,0
graph,sfreq+age,2,K,graph-both1000x3-s3,test,graph,graph-both1000x3,0.1,100,488221,308969,1
graph,sfreq+dirty,2,K,graph-both1000x3-s3,test,graph,graph-both1000x3,0.1,100,488221,168524,1
graph,sfreq+refaults,2,K+K+,graph-both1000x3-s3,test,graph,graph-both1000x3,0.1,100,488221,69443,1
graph,sfreq+rdist,2,K+K+,graph-both1000x3-s3,test,graph,graph-both1000x3,0.1,100,488221,103759,1
graph,idle+age,2,K,graph-both1000x3-s3,test,graph,graph-both1000x3,0.1,100,130369,19228,0
graph,idle+dirty,2,K,graph-both1000x3-s3,test,graph,graph-both1000x3,0.1,100,84822,1083,0
graph,idle+refaults,2,K+K+,graph-both1000x3-s3,test,graph,graph-both1000x3,0.1,100,122280,20354,0
graph,idle+rdist,2,K+K+,graph-both1000x3-s3,test,graph,graph-both1000x3,0.1,100,87229,3321,0
graph,age+dirty,2,K,graph-both1000x3-s3,test,graph,graph-both1000x3,0.1,100,488221,168528,1
graph,age+refaults,2,K+K+,graph-both1000x3-s3,test,graph,graph-both1000x3,0.1,100,488221,158325,1
graph,age+rdist,2,K+K+,graph-both1000x3-s3,test,graph,graph-both1000x3,0.1,100,488221,73422,1
graph,dirty+refaults,2,K+K+,graph-both1000x3-s3,test,graph,graph-both1000x3,0.1,100,488221,3497,1
graph,dirty+rdist,2,K+K+,graph-both1000x3-s3,test,graph,graph-both1000x3,0.1,100,488221,25519,1
graph,refaults+rdist,2,K+,graph-both1000x3-s3,test,graph,graph-both1000x3,0.1,100,185489,33814,0
graph,ref+aging+sfreq,3,K,graph-both1000x3-s3,test,graph,graph-both1000x3,0.1,100,488221,190059,1
graph,ref+aging+idle,3,K,graph-both1000x3-s3,test,graph,graph-both1000x3,0.1,100,158954,29634,0
graph,ref+aging+age,3,K,graph-both1000x3-s3,test,graph,graph-both1000x3,0.1,100,488221,321408,1
graph,ref+aging+dirty,3,K,graph-both1000x3-s3,test,graph,graph-both1000x3,0.1,100,488221,1426,1
graph,ref+aging+refaults,3,K+K+,graph-both1000x3-s3,test,graph,graph-both1000x3,0.1,100,117988,32027,0
graph,ref+aging+rdist,3,K+K+,graph-both1000x3-s3,test,graph,graph-both1000x3,0.1,100,488221,79283,1
graph,ref+sfreq+idle,3,K,graph-both1000x3-s3,test,graph,graph-both1000x3,0.1,100,142903,24053,0
graph,ref+sfreq+age,3,K,graph-both1000x3-s3,test,graph,graph-both1000x3,0.1,100,488221,337123,1
graph,ref+sfreq+dirty,3,K,graph-both1000x3-s3,test,graph,graph-both1000x3,0.1,100,488221,158473,1
graph,ref+sfreq+refaults,3,K+K+,graph-both1000x3-s3,test,graph,graph-both1000x3,0.1,100,488221,40329,1
graph,ref+sfreq+rdist,3,K+K+,graph-both1000x3-s3,test,graph,graph-both1000x3,0.1,100,488221,128201,1
graph,ref+idle+age,3,K,graph-both1000x3-s3,test,graph,graph-both1000x3,0.1,100,138191,22312,0
graph,ref+idle+dirty,3,K,graph-both1000x3-s3,test,graph,graph-both1000x3,0.1,100,84799,1083,0
graph,ref+idle+refaults,3,K+K+,graph-both1000x3-s3,test,graph,graph-both1000x3,0.1,100,124280,20947,0
graph,ref+idle+rdist,3,K+K+,graph-both1000x3-s3,test,graph,graph-both1000x3,0.1,100,89876,5174,0
graph,ref+age+dirty,3,K,graph-both1000x3-s3,test,graph,graph-both1000x3,0.1,100,488221,158476,1
graph,ref+age+refaults,3,K+K+,graph-both1000x3-s3,test,graph,graph-both1000x3,0.1,100,488221,61217,1
graph,ref+age+rdist,3,K+K+,graph-both1000x3-s3,test,graph,graph-both1000x3,0.1,100,488221,79383,1
graph,ref+dirty+refaults,3,K+K+,graph-both1000x3-s3,test,graph,graph-both1000x3,0.1,100,88165,1322,0
graph,ref+dirty+rdist,3,K+K+,graph-both1000x3-s3,test,graph,graph-both1000x3,0.1,100,488221,26022,1
graph,ref+refaults+rdist,3,K+K+,graph-both1000x3-s3,test,graph,graph-both1000x3,0.1,100,140682,42700,0
graph,aging+sfreq+idle,3,K,graph-both1000x3-s3,test,graph,graph-both1000x3,0.1,100,145313,24957,0
graph,aging+sfreq+age,3,K,graph-both1000x3-s3,test,graph,graph-both1000x3,0.1,100,488221,332708,1
graph,aging+sfreq+dirty,3,K,graph-both1000x3-s3,test,graph,graph-both1000x3,0.1,100,488221,158009,1
graph,aging+sfreq+refaults,3,K+K+,graph-both1000x3-s3,test,graph,graph-both1000x3,0.1,100,488221,36792,1
graph,aging+sfreq+rdist,3,K+K+,graph-both1000x3-s3,test,graph,graph-both1000x3,0.1,100,488221,132710,1
graph,aging+idle+age,3,K,graph-both1000x3-s3,test,graph,graph-both1000x3,0.1,100,142443,23914,0
graph,aging+idle+dirty,3,K,graph-both1000x3-s3,test,graph,graph-both1000x3,0.1,100,85092,1094,0
graph,aging+idle+refaults,3,K+K+,graph-both1000x3-s3,test,graph,graph-both1000x3,0.1,100,126056,21448,0
graph,aging+idle+rdist,3,K+K+,graph-both1000x3-s3,test,graph,graph-both1000x3,0.1,100,93738,7548,0
graph,aging+age+dirty,3,K,graph-both1000x3-s3,test,graph,graph-both1000x3,0.1,100,488221,157716,1
graph,aging+age+refaults,3,K+K+,graph-both1000x3-s3,test,graph,graph-both1000x3,0.1,100,488221,138610,1
graph,aging+age+rdist,3,K+K+,graph-both1000x3-s3,test,graph,graph-both1000x3,0.1,100,488221,79310,1
graph,aging+dirty+refaults,3,K+K+,graph-both1000x3-s3,test,graph,graph-both1000x3,0.1,100,86416,1324,0
graph,aging+dirty+rdist,3,K+K+,graph-both1000x3-s3,test,graph,graph-both1000x3,0.1,100,488221,27147,1
graph,aging+refaults+rdist,3,K+K+,graph-both1000x3-s3,test,graph,graph-both1000x3,0.1,100,126498,35532,0
graph,sfreq+idle+age,3,K,graph-both1000x3-s3,test,graph,graph-both1000x3,0.1,100,145030,25460,0
graph,sfreq+idle+dirty,3,K,graph-both1000x3-s3,test,graph,graph-both1000x3,0.1,100,84818,1083,0
graph,sfreq+idle+refaults,3,K+K+,graph-both1000x3-s3,test,graph,graph-both1000x3,0.1,100,142905,57043,0
graph,sfreq+idle+rdist,3,K+K+,graph-both1000x3-s3,test,graph,graph-both1000x3,0.1,100,88755,4568,0
graph,sfreq+age+dirty,3,K,graph-both1000x3-s3,test,graph,graph-both1000x3,0.1,100,488221,155296,1
graph,sfreq+age+refaults,3,K+K+,graph-both1000x3-s3,test,graph,graph-both1000x3,0.1,100,488221,43789,1
graph,sfreq+age+rdist,3,K+K+,graph-both1000x3-s3,test,graph,graph-both1000x3,0.1,100,488221,224881,1
graph,sfreq+dirty+refaults,3,K+K+,graph-both1000x3-s3,test,graph,graph-both1000x3,0.1,100,488221,52714,1
graph,sfreq+dirty+rdist,3,K+K+,graph-both1000x3-s3,test,graph,graph-both1000x3,0.1,100,488221,19263,1
graph,sfreq+refaults+rdist,3,K+K+,graph-both1000x3-s3,test,graph,graph-both1000x3,0.1,100,488221,62475,1
graph,idle+age+dirty,3,K,graph-both1000x3-s3,test,graph,graph-both1000x3,0.1,100,84902,1157,0
graph,idle+age+refaults,3,K+K+,graph-both1000x3-s3,test,graph,graph-both1000x3,0.1,100,90385,3944,0
graph,idle+age+rdist,3,K+K+,graph-both1000x3-s3,test,graph,graph-both1000x3,0.1,100,86800,2978,0
graph,idle+dirty+refaults,3,K+K+,graph-both1000x3-s3,test,graph,graph-both1000x3,0.1,100,87803,1475,0
graph,idle+dirty+rdist,3,K+K+,graph-both1000x3-s3,test,graph,graph-both1000x3,0.1,100,84998,1206,0
graph,idle+refaults+rdist,3,K+K+,graph-both1000x3-s3,test,graph,graph-both1000x3,0.1,100,88864,4108,0
graph,age+dirty+refaults,3,K+K+,graph-both1000x3-s3,test,graph,graph-both1000x3,0.1,100,488221,157323,1
graph,age+dirty+rdist,3,K+K+,graph-both1000x3-s3,test,graph,graph-both1000x3,0.1,100,488221,25472,1
graph,age+refaults+rdist,3,K+K+,graph-both1000x3-s3,test,graph,graph-both1000x3,0.1,100,488221,121393,1
graph,dirty+refaults+rdist,3,K+K+,graph-both1000x3-s3,test,graph,graph-both1000x3,0.1,100,488221,4715,1
graph,ref+aging+sfreq+idle,4,K,graph-both1000x3-s3,test,graph,graph-both1000x3,0.1,100,145558,25035,0
graph,ref+aging+sfreq+age,4,K,graph-both1000x3-s3,test,graph,graph-both1000x3,0.1,100,488221,332518,1
graph,ref+aging+sfreq+dirty,4,K,graph-both1000x3-s3,test,graph,graph-both1000x3,0.1,100,488221,157747,1
graph,ref+aging+sfreq+refaults,4,K+K+,graph-both1000x3-s3,test,graph,graph-both1000x3,0.1,100,488221,35407,1
graph,ref+aging+sfreq+rdist,4,K+K+,graph-both1000x3-s3,test,graph,graph-both1000x3,0.1,100,488221,147329,1
graph,ref+aging+idle+age,4,K,graph-both1000x3-s3,test,graph,graph-both1000x3,0.1,100,142705,23986,0
graph,ref+aging+idle+dirty,4,K,graph-both1000x3-s3,test,graph,graph-both1000x3,0.1,100,85123,1095,0
graph,ref+aging+idle+refaults,4,K+K+,graph-both1000x3-s3,test,graph,graph-both1000x3,0.1,100,126351,21614,0
graph,ref+aging+idle+rdist,4,K+K+,graph-both1000x3-s3,test,graph,graph-both1000x3,0.1,100,94131,7710,0
graph,ref+aging+age+dirty,4,K,graph-both1000x3-s3,test,graph,graph-both1000x3,0.1,100,488221,157508,1
graph,ref+aging+age+refaults,4,K+K+,graph-both1000x3-s3,test,graph,graph-both1000x3,0.1,100,488221,133643,1
graph,ref+aging+age+rdist,4,K+K+,graph-both1000x3-s3,test,graph,graph-both1000x3,0.1,100,488221,79268,1
graph,ref+aging+dirty+refaults,4,K+K+,graph-both1000x3-s3,test,graph,graph-both1000x3,0.1,100,86363,1322,0
graph,ref+aging+dirty+rdist,4,K+K+,graph-both1000x3-s3,test,graph,graph-both1000x3,0.1,100,488221,27224,1
graph,ref+aging+refaults+rdist,4,K+K+,graph-both1000x3-s3,test,graph,graph-both1000x3,0.1,100,130278,38561,0
graph,ref+sfreq+idle+age,4,K,graph-both1000x3-s3,test,graph,graph-both1000x3,0.1,100,146648,25974,0
graph,ref+sfreq+idle+dirty,4,K,graph-both1000x3-s3,test,graph,graph-both1000x3,0.1,100,84799,1083,0
graph,ref+sfreq+idle+refaults,4,K+K+,graph-both1000x3-s3,test,graph,graph-both1000x3,0.1,100,145913,59955,0
graph,ref+sfreq+idle+rdist,4,K+K+,graph-both1000x3-s3,test,graph,graph-both1000x3,0.1,100,91252,6189,0
graph,ref+sfreq+age+dirty,4,K,graph-both1000x3-s3,test,graph,graph-both1000x3,0.1,100,488221,155409,1
graph,ref+sfreq+age+refaults,4,K+K+,graph-both1000x3-s3,test,graph,graph-both1000x3,0.1,100,488221,35979,1
graph,ref+sfreq+age+rdist,4,K+K+,graph-both1000x3-s3,test,graph,graph-both1000x3,0.1,100,488221,216533,1
graph,ref+sfreq+dirty+refaults,4,K+K+,graph-both1000x3-s3,test,graph,graph-both1000x3,0.1,100,488221,82139,1
graph,ref+sfreq+dirty+rdist,4,K+K+,graph-both1000x3-s3,test,graph,graph-both1000x3,0.1,100,488221,19815,1
graph,ref+sfreq+refaults+rdist,4,K+K+,graph-both1000x3-s3,test,graph,graph-both1000x3,0.1,100,488221,38077,1
graph,ref+idle+age+dirty,4,K,graph-both1000x3-s3,test,graph,graph-both1000x3,0.1,100,84889,1155,0
graph,ref+idle+age+refaults,4,K+K+,graph-both1000x3-s3,test,graph,graph-both1000x3,0.1,100,90348,3905,0
graph,ref+idle+age+rdist,4,K+K+,graph-both1000x3-s3,test,graph,graph-both1000x3,0.1,100,88159,3909,0
graph,ref+idle+dirty+refaults,4,K+K+,graph-both1000x3-s3,test,graph,graph-both1000x3,0.1,100,88365,1508,0
graph,ref+idle+dirty+rdist,4,K+K+,graph-both1000x3-s3,test,graph,graph-both1000x3,0.1,100,85046,1205,0
graph,ref+idle+refaults+rdist,4,K+K+,graph-both1000x3-s3,test,graph,graph-both1000x3,0.1,100,88628,3964,0
graph,ref+age+dirty+refaults,4,K+K+,graph-both1000x3-s3,test,graph,graph-both1000x3,0.1,100,488221,44217,1
graph,ref+age+dirty+rdist,4,K+K+,graph-both1000x3-s3,test,graph,graph-both1000x3,0.1,100,488221,26823,1
graph,ref+age+refaults+rdist,4,K+K+,graph-both1000x3-s3,test,graph,graph-both1000x3,0.1,100,488221,110583,1
graph,ref+dirty+refaults+rdist,4,K+K+,graph-both1000x3-s3,test,graph,graph-both1000x3,0.1,100,97203,9133,0
graph,aging+sfreq+idle+age,4,K,graph-both1000x3-s3,test,graph,graph-both1000x3,0.1,100,147414,26071,0
graph,aging+sfreq+idle+dirty,4,K,graph-both1000x3-s3,test,graph,graph-both1000x3,0.1,100,85092,1094,0
graph,aging+sfreq+idle+refaults,4,K+K+,graph-both1000x3-s3,test,graph,graph-both1000x3,0.1,100,151659,65827,0
graph,aging+sfreq+idle+rdist,4,K+K+,graph-both1000x3-s3,test,graph,graph-both1000x3,0.1,100,94494,8061,0
graph,aging+sfreq+age+dirty,4,K,graph-both1000x3-s3,test,graph,graph-both1000x3,0.1,100,488221,155671,1
graph,aging+sfreq+age+refaults,4,K+K+,graph-both1000x3-s3,test,graph,graph-both1000x3,0.1,100,488221,41922,1
graph,aging+sfreq+age+rdist,4,K+K+,graph-both1000x3-s3,test,graph,graph-both1000x3,0.1,100,488221,201266,1
graph,aging+sfreq+dirty+refaults,4,K+K+,graph-both1000x3-s3,test,graph,graph-both1000x3,0.1,100,488221,113958,1
graph,aging+sfreq+dirty+rdist,4,K+K+,graph-both1000x3-s3,test,graph,graph-both1000x3,0.1,100,488221,20932,1
graph,aging+sfreq+refaults+rdist,4,K+K+,graph-both1000x3-s3,test,graph,graph-both1000x3,0.1,100,488221,103910,1
graph,aging+idle+age+dirty,4,K,graph-both1000x3-s3,test,graph,graph-both1000x3,0.1,100,84983,1154,0
graph,aging+idle+age+refaults,4,K+K+,graph-both1000x3-s3,test,graph,graph-both1000x3,0.1,100,89843,4294,0
graph,aging+idle+age+rdist,4,K+K+,graph-both1000x3-s3,test,graph,graph-both1000x3,0.1,100,91751,6144,0
graph,aging+idle+dirty+refaults,4,K+K+,graph-both1000x3-s3,test,graph,graph-both1000x3,0.1,100,88680,1567,0
graph,aging+idle+dirty+rdist,4,K+K+,graph-both1000x3-s3,test,graph,graph-both1000x3,0.1,100,85036,1200,0
graph,aging+idle+refaults+rdist,4,K+K+,graph-both1000x3-s3,test,graph,graph-both1000x3,0.1,100,88612,3999,0
graph,aging+age+dirty+refaults,4,K+K+,graph-both1000x3-s3,test,graph,graph-both1000x3,0.1,100,488221,109608,1
graph,aging+age+dirty+rdist,4,K+K+,graph-both1000x3-s3,test,graph,graph-both1000x3,0.1,100,488221,27804,1
graph,aging+age+refaults+rdist,4,K+K+,graph-both1000x3-s3,test,graph,graph-both1000x3,0.1,100,488221,345623,1
graph,aging+dirty+refaults+rdist,4,K+K+,graph-both1000x3-s3,test,graph,graph-both1000x3,0.1,100,95957,9064,0
graph,sfreq+idle+age+dirty,4,K,graph-both1000x3-s3,test,graph,graph-both1000x3,0.1,100,85090,1100,0
graph,sfreq+idle+age+refaults,4,K+K+,graph-both1000x3-s3,test,graph,graph-both1000x3,0.1,100,98856,13567,0
graph,sfreq+idle+age+rdist,4,K+K+,graph-both1000x3-s3,test,graph,graph-both1000x3,0.1,100,94296,8539,0
graph,sfreq+idle+dirty+refaults,4,K+K+,graph-both1000x3-s3,test,graph,graph-both1000x3,0.1,100,124703,37513,0
graph,sfreq+idle+dirty+rdist,4,K+K+,graph-both1000x3-s3,test,graph,graph-both1000x3,0.1,100,84967,1152,0
graph,sfreq+idle+refaults+rdist,4,K+K+,graph-both1000x3-s3,test,graph,graph-both1000x3,0.1,100,117077,31874,0
graph,sfreq+age+dirty+refaults,4,K+K+,graph-both1000x3-s3,test,graph,graph-both1000x3,0.1,100,488221,125114,1
graph,sfreq+age+dirty+rdist,4,K+K+,graph-both1000x3-s3,test,graph,graph-both1000x3,0.1,100,488221,110485,1
graph,sfreq+age+refaults+rdist,4,K+K+,graph-both1000x3-s3,test,graph,graph-both1000x3,0.1,100,488221,95127,1
graph,sfreq+dirty+refaults+rdist,4,K+K+,graph-both1000x3-s3,test,graph,graph-both1000x3,0.1,100,488221,49713,1
graph,idle+age+dirty+refaults,4,K+K+,graph-both1000x3-s3,test,graph,graph-both1000x3,0.1,100,89672,2715,0
graph,idle+age+dirty+rdist,4,K+K+,graph-both1000x3-s3,test,graph,graph-both1000x3,0.1,100,84995,1207,0
graph,idle+age+refaults+rdist,4,K+K+,graph-both1000x3-s3,test,graph,graph-both1000x3,0.1,100,87580,3118,0
graph,idle+dirty+refaults+rdist,4,K+K+,graph-both1000x3-s3,test,graph,graph-both1000x3,0.1,100,86245,1468,0
graph,age+dirty+refaults+rdist,4,K+K+,graph-both1000x3-s3,test,graph,graph-both1000x3,0.1,100,488221,72345,1
graph,ref+aging+sfreq+idle+age,5,K,graph-both1000x3-s3,test,graph,graph-both1000x3,0.1,100,147386,26082,0
graph,ref+aging+sfreq+idle+dirty,5,K,graph-both1000x3-s3,test,graph,graph-both1000x3,0.1,100,85153,1096,0
graph,ref+aging+sfreq+idle+refaults,5,K+K+,graph-both1000x3-s3,test,graph,graph-both1000x3,0.1,100,151576,65777,0
graph,ref+aging+sfreq+idle+rdist,5,K+K+,graph-both1000x3-s3,test,graph,graph-both1000x3,0.1,100,94880,8275,0
graph,ref+aging+sfreq+age+dirty,5,K,graph-both1000x3-s3,test,graph,graph-both1000x3,0.1,100,488221,155671,1
graph,ref+aging+sfreq+age+refaults,5,K+K+,graph-both1000x3-s3,test,graph,graph-both1000x3,0.1,100,488221,45031,1
graph,ref+aging+sfreq+age+rdist,5,K+K+,graph-both1000x3-s3,test,graph,graph-both1000x3,0.1,100,488221,204139,1
graph,ref+aging+sfreq+dirty+refaults,5,K+K+,graph-both1000x3-s3,test,graph,graph-both1000x3,0.1,100,488221,109437,1
graph,ref+aging+sfreq+dirty+rdist,5,K+K+,graph-both1000x3-s3,test,graph,graph-both1000x3,0.1,100,488221,20956,1
graph,ref+aging+sfreq+refaults+rdist,5,K+K+,graph-both1000x3-s3,test,graph,graph-both1000x3,0.1,100,488221,99707,1
graph,ref+aging+idle+age+dirty,5,K,graph-both1000x3-s3,test,graph,graph-both1000x3,0.1,100,84985,1151,0
graph,ref+aging+idle+age+refaults,5,K+K+,graph-both1000x3-s3,test,graph,graph-both1000x3,0.1,100,89696,4446,0
graph,ref+aging+idle+age+rdist,5,K+K+,graph-both1000x3-s3,test,graph,graph-both1000x3,0.1,100,92049,6321,0
graph,ref+aging+idle+dirty+refaults,5,K+K+,graph-both1000x3-s3,test,graph,graph-both1000x3,0.1,100,88816,1585,0
graph,ref+aging+idle+dirty+rdist,5,K+K+,graph-both1000x3-s3,test,graph,graph-both1000x3,0.1,100,85024,1199,0
graph,ref+aging+idle+refaults+rdist,5,K+K+,graph-both1000x3-s3,test,graph,graph-both1000x3,0.1,100,88624,3982,0
graph,ref+aging+age+dirty+refaults,5,K+K+,graph-both1000x3-s3,test,graph,graph-both1000x3,0.1,100,488221,90544,1
graph,ref+aging+age+dirty+rdist,5,K+K+,graph-both1000x3-s3,test,graph,graph-both1000x3,0.1,100,488221,27884,1
graph,ref+aging+age+refaults+rdist,5,K+K+,graph-both1000x3-s3,test,graph,graph-both1000x3,0.1,100,488221,346019,1
graph,ref+aging+dirty+refaults+rdist,5,K+K+,graph-both1000x3-s3,test,graph,graph-both1000x3,0.1,100,98322,11253,0
graph,ref+sfreq+idle+age+dirty,5,K,graph-both1000x3-s3,test,graph,graph-both1000x3,0.1,100,86758,1238,0
graph,ref+sfreq+idle+age+refaults,5,K+K+,graph-both1000x3-s3,test,graph,graph-both1000x3,0.1,100,99266,14021,0
graph,ref+sfreq+idle+age+rdist,5,K+K+,graph-both1000x3-s3,test,graph,graph-both1000x3,0.1,100,97387,10147,0
graph,ref+sfreq+idle+dirty+refaults,5,K+K+,graph-both1000x3-s3,test,graph,graph-both1000x3,0.1,100,129769,42243,0
graph,ref+sfreq+idle+dirty+rdist,5,K+K+,graph-both1000x3-s3,test,graph,graph-both1000x3,0.1,100,84975,1150,0
graph,ref+sfreq+idle+refaults+rdist,5,K+K+,graph-both1000x3-s3,test,graph,graph-both1000x3,0.1,100,131142,45806,0
graph,ref+sfreq+age+dirty+refaults,5,K+K+,graph-both1000x3-s3,test,graph,graph-both1000x3,0.1,100,488221,117451,1
graph,ref+sfreq+age+dirty+rdist,5,K+K+,graph-both1000x3-s3,test,graph,graph-both1000x3,0.1,100,265893,64199,0
graph,ref+sfreq+age+refaults+rdist,5,K+K+,graph-both1000x3-s3,test,graph,graph-both1000x3,0.1,100,488221,93658,1
graph,ref+sfreq+dirty+refaults+rdist,5,K+K+,graph-both1000x3-s3,test,graph,graph-both1000x3,0.1,100,488221,51156,1
graph,ref+idle+age+dirty+refaults,5,K+K+,graph-both1000x3-s3,test,graph,graph-both1000x3,0.1,100,89638,2784,0
graph,ref+idle+age+dirty+rdist,5,K+K+,graph-both1000x3-s3,test,graph,graph-both1000x3,0.1,100,85042,1204,0
graph,ref+idle+age+refaults+rdist,5,K+K+,graph-both1000x3-s3,test,graph,graph-both1000x3,0.1,100,87692,3400,0
graph,ref+idle+dirty+refaults+rdist,5,K+K+,graph-both1000x3-s3,test,graph,graph-both1000x3,0.1,100,86254,1459,0
graph,ref+age+dirty+refaults+rdist,5,K+K+,graph-both1000x3-s3,test,graph,graph-both1000x3,0.1,100,488221,112253,1
graph,aging+sfreq+idle+age+dirty,5,K,graph-both1000x3-s3,test,graph,graph-both1000x3,0.1,100,87266,1288,0
graph,aging+sfreq+idle+age+refaults,5,K+K+,graph-both1000x3-s3,test,graph,graph-both1000x3,0.1,100,102378,17361,0
graph,aging+sfreq+idle+age+rdist,5,K+K+,graph-both1000x3-s3,test,graph,graph-both1000x3,0.1,100,99737,11052,0
graph,aging+sfreq+idle+dirty+refaults,5,K+K+,graph-both1000x3-s3,test,graph,graph-both1000x3,0.1,100,135764,48196,0
graph,aging+sfreq+idle+dirty+rdist,5,K+K+,graph-both1000x3-s3,test,graph,graph-both1000x3,0.1,100,84971,1153,0
graph,aging+sfreq+idle+refaults+rdist,5,K+K+,graph-both1000x3-s3,test,graph,graph-both1000x3,0.1,100,151273,66098,0
graph,aging+sfreq+age+dirty+refaults,5,K+K+,graph-both1000x3-s3,test,graph,graph-both1000x3,0.1,100,488221,103156,1
graph,aging+sfreq+age+dirty+rdist,5,K+K+,graph-both1000x3-s3,test,graph,graph-both1000x3,0.1,100,202998,56720,0
graph,aging+sfreq+age+refaults+rdist,5,K+K+,graph-both1000x3-s3,test,graph,graph-both1000x3,0.1,100,488221,109595,1
graph,aging+sfreq+dirty+refaults+rdist,5,K+K+,graph-both1000x3-s3,test,graph,graph-both1000x3,0.1,100,488221,131817,1
graph,aging+idle+age+dirty+refaults,5,K+K+,graph-both1000x3-s3,test,graph,graph-both1000x3,0.1,100,89340,3249,0
graph,aging+idle+age+dirty+rdist,5,K+K+,graph-both1000x3-s3,test,graph,graph-both1000x3,0.1,100,85034,1199,0
graph,aging+idle+age+refaults+rdist,5,K+K+,graph-both1000x3-s3,test,graph,graph-both1000x3,0.1,100,88498,4425,0
graph,aging+idle+dirty+refaults+rdist,5,K+K+,graph-both1000x3-s3,test,graph,graph-both1000x3,0.1,100,86297,1474,0
graph,aging+age+dirty+refaults+rdist,5,K+K+,graph-both1000x3-s3,test,graph,graph-both1000x3,0.1,100,488221,225358,1
graph,sfreq+idle+age+dirty+refaults,5,K+K+,graph-both1000x3-s3,test,graph,graph-both1000x3,0.1,100,93902,7216,0
graph,sfreq+idle+age+dirty+rdist,5,K+K+,graph-both1000x3-s3,test,graph,graph-both1000x3,0.1,100,84862,1086,0
graph,sfreq+idle+age+refaults+rdist,5,K+K+,graph-both1000x3-s3,test,graph,graph-both1000x3,0.1,100,94969,10379,0
graph,sfreq+idle+dirty+refaults+rdist,5,K+K+,graph-both1000x3-s3,test,graph,graph-both1000x3,0.1,100,111873,26449,0
graph,sfreq+age+dirty+refaults+rdist,5,K+K+,graph-both1000x3-s3,test,graph,graph-both1000x3,0.1,100,488221,122740,1
graph,idle+age+dirty+refaults+rdist,5,K+K+,graph-both1000x3-s3,test,graph,graph-both1000x3,0.1,100,87731,2721,0
graph,ref+aging+sfreq+idle+age+dirty,6,K,graph-both1000x3-s3,test,graph,graph-both1000x3,0.1,100,87249,1288,0
graph,ref+aging+sfreq+idle+age+refaults,6,K+K+,graph-both1000x3-s3,test,graph,graph-both1000x3,0.1,100,102185,17204,0
graph,ref+aging+sfreq+idle+age+rdist,6,K+K+,graph-both1000x3-s3,test,graph,graph-both1000x3,0.1,100,99555,11060,0
graph,ref+aging+sfreq+idle+dirty+refaults,6,K+K+,graph-both1000x3-s3,test,graph,graph-both1000x3,0.1,100,136435,49051,0
graph,ref+aging+sfreq+idle+dirty+rdist,6,K+K+,graph-both1000x3-s3,test,graph,graph-both1000x3,0.1,100,84963,1151,0
graph,ref+aging+sfreq+idle+refaults+rdist,6,K+K+,graph-both1000x3-s3,test,graph,graph-both1000x3,0.1,100,155420,70327,0
graph,ref+aging+sfreq+age+dirty+refaults,6,K+K+,graph-both1000x3-s3,test,graph,graph-both1000x3,0.1,100,488221,96080,1
graph,ref+aging+sfreq+age+dirty+rdist,6,K+K+,graph-both1000x3-s3,test,graph,graph-both1000x3,0.1,100,214263,62417,0
graph,ref+aging+sfreq+age+refaults+rdist,6,K+K+,graph-both1000x3-s3,test,graph,graph-both1000x3,0.1,100,488221,96478,1
graph,ref+aging+sfreq+dirty+refaults+rdist,6,K+K+,graph-both1000x3-s3,test,graph,graph-both1000x3,0.1,100,488221,152312,1
graph,ref+aging+idle+age+dirty+refaults,6,K+K+,graph-both1000x3-s3,test,graph,graph-both1000x3,0.1,100,89160,3514,0
graph,ref+aging+idle+age+dirty+rdist,6,K+K+,graph-both1000x3-s3,test,graph,graph-both1000x3,0.1,100,85026,1200,0
graph,ref+aging+idle+age+refaults+rdist,6,K+K+,graph-both1000x3-s3,test,graph,graph-both1000x3,0.1,100,88764,4753,0
graph,ref+aging+idle+dirty+refaults+rdist,6,K+K+,graph-both1000x3-s3,test,graph,graph-both1000x3,0.1,100,86264,1452,0
graph,ref+aging+age+dirty+refaults+rdist,6,K+K+,graph-both1000x3-s3,test,graph,graph-both1000x3,0.1,100,488221,218217,1
graph,ref+sfreq+idle+age+dirty+refaults,6,K+K+,graph-both1000x3-s3,test,graph,graph-both1000x3,0.1,100,94374,8068,0
graph,ref+sfreq+idle+age+dirty+rdist,6,K+K+,graph-both1000x3-s3,test,graph,graph-both1000x3,0.1,100,85046,1115,0
graph,ref+sfreq+idle+age+refaults+rdist,6,K+K+,graph-both1000x3-s3,test,graph,graph-both1000x3,0.1,100,97413,13034,0
graph,ref+sfreq+idle+dirty+refaults+rdist,6,K+K+,graph-both1000x3-s3,test,graph,graph-both1000x3,0.1,100,123967,38366,0
graph,ref+sfreq+age+dirty+refaults+rdist,6,K+K+,graph-both1000x3-s3,test,graph,graph-both1000x3,0.1,100,488221,136734,1
graph,ref+idle+age+dirty+refaults+rdist,6,K+K+,graph-both1000x3-s3,test,graph,graph-both1000x3,0.1,100,87668,2962,0
graph,aging+sfreq+idle+age+dirty+refaults,6,K+K+,graph-both1000x3-s3,test,graph,graph-both1000x3,0.1,100,95604,10148,0
graph,aging+sfreq+idle+age+dirty+rdist,6,K+K+,graph-both1000x3-s3,test,graph,graph-both1000x3,0.1,100,85145,1126,0
graph,aging+sfreq+idle+age+refaults+rdist,6,K+K+,graph-both1000x3-s3,test,graph,graph-both1000x3,0.1,100,102207,17849,0
graph,aging+sfreq+idle+dirty+refaults+rdist,6,K+K+,graph-both1000x3-s3,test,graph,graph-both1000x3,0.1,100,140529,54915,0
graph,aging+sfreq+age+dirty+refaults+rdist,6,K+K+,graph-both1000x3-s3,test,graph,graph-both1000x3,0.1,100,488221,128330,1
graph,aging+idle+age+dirty+refaults+rdist,6,K+K+,graph-both1000x3-s3,test,graph,graph-both1000x3,0.1,100,88196,3871,0
graph,sfreq+idle+age+dirty+refaults+rdist,6,K+K+,graph-both1000x3-s3,test,graph,graph-both1000x3,0.1,100,91921,6923,0
graph,ref+aging+sfreq+idle+age+dirty+refaults,7,K+K+,graph-both1000x3-s3,test,graph,graph-both1000x3,0.1,100,95312,10000,0
graph,ref+aging+sfreq+idle+age+dirty+rdist,7,K+K+,graph-both1000x3-s3,test,graph,graph-both1000x3,0.1,100,85128,1125,0
graph,ref+aging+sfreq+idle+age+refaults+rdist,7,K+K+,graph-both1000x3-s3,test,graph,graph-both1000x3,0.1,100,101584,17343,0
graph,ref+aging+sfreq+idle+dirty+refaults+rdist,7,K+K+,graph-both1000x3-s3,test,graph,graph-both1000x3,0.1,100,142321,56869,0
graph,ref+aging+sfreq+age+dirty+refaults+rdist,7,K+K+,graph-both1000x3-s3,test,graph,graph-both1000x3,0.1,100,488221,133536,1
graph,ref+aging+idle+age+dirty+refaults+rdist,7,K+K+,graph-both1000x3-s3,test,graph,graph-both1000x3,0.1,100,88542,4253,0
graph,ref+sfreq+idle+age+dirty+refaults+rdist,7,K+K+,graph-both1000x3-s3,test,graph,graph-both1000x3,0.1,100,93636,8821,0
graph,aging+sfreq+idle+age+dirty+refaults+rdist,7,K+K+,graph-both1000x3-s3,test,graph,graph-both1000x3,0.1,100,96259,11753,0
graph,ref+aging+sfreq+idle+age+dirty+refaults+rdist,8,K+K+,graph-both1000x3-s3,test,graph,graph-both1000x3,0.1,100,95897,11442,0
graph,rec+ref+aging+sfreq+idle+age+dirty,7,F+K,graph-both1000x3-s3,test,graph,graph-both1000x3,0.1,100,84882,1164,0
graph,rec+ref+aging+sfreq+idle+age+dirty+refaults+rdist,9,F+K+K+,graph-both1000x3-s3,test,graph,graph-both1000x3,0.1,100,85653,1709,0
graph,freq+ref+aging+sfreq+idle+age+dirty,7,F+K,graph-both1000x3-s3,test,graph,graph-both1000x3,0.1,100,88094,3320,0
graph,freq+ref+aging+sfreq+idle+age+dirty+refaults+rdist,9,F+K+K+,graph-both1000x3-s3,test,graph,graph-both1000x3,0.1,100,122145,37033,0
graph,sd+ref+aging+sfreq+idle+age+dirty,7,F+K,graph-both1000x3-s3,test,graph,graph-both1000x3,0.1,100,84972,1214,0
graph,sd+ref+aging+sfreq+idle+age+dirty+refaults+rdist,9,F+K+K+,graph-both1000x3-s3,test,graph,graph-both1000x3,0.1,100,185165,100092,0
graph,wr+ref+aging+sfreq+idle+age+dirty,7,F+K,graph-both1000x3-s3,test,graph,graph-both1000x3,0.1,100,91871,3691,0
graph,wr+ref+aging+sfreq+idle+age+dirty+refaults+rdist,9,F+K+K+,graph-both1000x3-s3,test,graph,graph-both1000x3,0.1,100,101403,16174,0
graph,rec+freq+ref+aging+sfreq+idle+age+dirty,8,F+K,graph-both1000x3-s3,test,graph,graph-both1000x3,0.1,100,85983,2081,0
graph,rec+freq+ref+aging+sfreq+idle+age+dirty+refaults+rdist,10,F+K+K+,graph-both1000x3-s3,test,graph,graph-both1000x3,0.1,100,85600,1583,0
graph,rec+sd+ref+aging+sfreq+idle+age+dirty,8,F+K,graph-both1000x3-s3,test,graph,graph-both1000x3,0.1,100,84869,1163,0
graph,rec+sd+ref+aging+sfreq+idle+age+dirty+refaults+rdist,10,F+K+K+,graph-both1000x3-s3,test,graph,graph-both1000x3,0.1,100,85157,1348,0
graph,rec+wr+ref+aging+sfreq+idle+age+dirty,8,F+K,graph-both1000x3-s3,test,graph,graph-both1000x3,0.1,100,85841,1193,0
graph,rec+wr+ref+aging+sfreq+idle+age+dirty+refaults+rdist,10,F+K+K+,graph-both1000x3-s3,test,graph,graph-both1000x3,0.1,100,86133,1332,0
graph,freq+sd+ref+aging+sfreq+idle+age+dirty,8,F+K,graph-both1000x3-s3,test,graph,graph-both1000x3,0.1,100,102060,13768,0
graph,freq+sd+ref+aging+sfreq+idle+age+dirty+refaults+rdist,10,F+K+K+,graph-both1000x3-s3,test,graph,graph-both1000x3,0.1,100,241638,152066,0
graph,freq+wr+ref+aging+sfreq+idle+age+dirty,8,F+K,graph-both1000x3-s3,test,graph,graph-both1000x3,0.1,100,96857,2602,0
graph,freq+wr+ref+aging+sfreq+idle+age+dirty+refaults+rdist,10,F+K+K+,graph-both1000x3-s3,test,graph,graph-both1000x3,0.1,100,136000,49056,0
graph,sd+wr+ref+aging+sfreq+idle+age+dirty,8,F+K,graph-both1000x3-s3,test,graph,graph-both1000x3,0.1,100,112777,26128,0
graph,sd+wr+ref+aging+sfreq+idle+age+dirty+refaults+rdist,10,F+K+K+,graph-both1000x3-s3,test,graph,graph-both1000x3,0.1,100,405069,203611,0
graph,rec+freq+sd+ref+aging+sfreq+idle+age+dirty,9,F+K,graph-both1000x3-s3,test,graph,graph-both1000x3,0.1,100,86045,2231,0
graph,rec+freq+sd+ref+aging+sfreq+idle+age+dirty+refaults+rdist,11,F+K+K+,graph-both1000x3-s3,test,graph,graph-both1000x3,0.1,100,85290,1496,0
graph,rec+freq+wr+ref+aging+sfreq+idle+age+dirty,9,F+K,graph-both1000x3-s3,test,graph,graph-both1000x3,0.1,100,85906,1315,0
graph,rec+freq+wr+ref+aging+sfreq+idle+age+dirty+refaults+rdist,11,F+K+K+,graph-both1000x3-s3,test,graph,graph-both1000x3,0.1,100,86100,1320,0
graph,rec+sd+wr+ref+aging+sfreq+idle+age+dirty,9,F+K,graph-both1000x3-s3,test,graph,graph-both1000x3,0.1,100,85086,1204,0
graph,rec+sd+wr+ref+aging+sfreq+idle+age+dirty+refaults+rdist,11,F+K+K+,graph-both1000x3-s3,test,graph,graph-both1000x3,0.1,100,85336,1324,0
graph,freq+sd+wr+ref+aging+sfreq+idle+age+dirty,9,F+K,graph-both1000x3-s3,test,graph,graph-both1000x3,0.1,100,267218,109077,0
graph,freq+sd+wr+ref+aging+sfreq+idle+age+dirty+refaults+rdist,11,F+K+K+,graph-both1000x3-s3,test,graph,graph-both1000x3,0.1,100,424294,225378,0
graph,rec+freq+sd+wr+ref+aging+sfreq+idle+age+dirty,10,F+K,graph-both1000x3-s3,test,graph,graph-both1000x3,0.1,100,85353,1385,0
graph,rec+freq+sd+wr+ref+aging+sfreq+idle+age+dirty+refaults+rdist,12,F+K+K+,graph-both1000x3-s3,test,graph,graph-both1000x3,0.1,100,85304,1326,0
global,rec,1,F,graph-both1000x3-s3,test,graph,graph-both1000x3,0.1,100,158777,29483,0
global,freq,1,F,graph-both1000x3-s3,test,graph,graph-both1000x3,0.1,100,488221,167860,1
global,sd,1,F,graph-both1000x3-s3,test,graph,graph-both1000x3,0.1,100,158777,29483,0
global,wr,1,F,graph-both1000x3-s3,test,graph,graph-both1000x3,0.1,100,488221,155057,1
global,rec+freq,2,F,graph-both1000x3-s3,test,graph,graph-both1000x3,0.1,100,118220,17462,0
global,rec+sd,2,F,graph-both1000x3-s3,test,graph,graph-both1000x3,0.1,100,158810,29513,0
global,rec+wr,2,F,graph-both1000x3-s3,test,graph,graph-both1000x3,0.1,100,159260,29640,0
global,freq+sd,2,F,graph-both1000x3-s3,test,graph,graph-both1000x3,0.1,100,94813,10990,0
global,freq+wr,2,F,graph-both1000x3-s3,test,graph,graph-both1000x3,0.1,100,488221,172238,1
global,sd+wr,2,F,graph-both1000x3-s3,test,graph,graph-both1000x3,0.1,100,162660,30930,0
global,rec+freq+sd,3,F,graph-both1000x3-s3,test,graph,graph-both1000x3,0.1,100,98416,9947,0
global,rec+freq+wr,3,F,graph-both1000x3-s3,test,graph,graph-both1000x3,0.1,100,114075,15465,0
global,rec+sd+wr,3,F,graph-both1000x3-s3,test,graph,graph-both1000x3,0.1,100,162204,30768,0
global,freq+sd+wr,3,F,graph-both1000x3-s3,test,graph,graph-both1000x3,0.1,100,94568,10752,0
global,rec+freq+sd+wr,4,F,graph-both1000x3-s3,test,graph,graph-both1000x3,0.1,100,98460,9977,0
global,ref,1,K,graph-both1000x3-s3,test,graph,graph-both1000x3,0.1,100,250116,58319,0
global,aging,1,K,graph-both1000x3-s3,test,graph,graph-both1000x3,0.1,100,236574,48154,0
global,sfreq,1,K,graph-both1000x3-s3,test,graph,graph-both1000x3,0.1,100,488221,98867,1
global,idle,1,K,graph-both1000x3-s3,test,graph,graph-both1000x3,0.1,100,158947,29630,0
global,age,1,K,graph-both1000x3-s3,test,graph,graph-both1000x3,0.1,100,252079,60225,0
global,dirty,1,K,graph-both1000x3-s3,test,graph,graph-both1000x3,0.1,100,488221,295962,1
global,refaults,1,K+,graph-both1000x3-s3,test,graph,graph-both1000x3,0.1,100,144596,33419,0
global,rdist,1,K+,graph-both1000x3-s3,test,graph,graph-both1000x3,0.1,100,488221,73422,1
global,ref+aging,2,K,graph-both1000x3-s3,test,graph,graph-both1000x3,0.1,100,236574,48154,0
global,ref+sfreq,2,K,graph-both1000x3-s3,test,graph,graph-both1000x3,0.1,100,488221,315377,1
global,ref+idle,2,K,graph-both1000x3-s3,test,graph,graph-both1000x3,0.1,100,158947,29630,0
global,ref+age,2,K,graph-both1000x3-s3,test,graph,graph-both1000x3,0.1,100,250116,58319,0
global,ref+dirty,2,K,graph-both1000x3-s3,test,graph,graph-both1000x3,0.1,100,488221,295769,1
global,ref+refaults,2,K+K+,graph-both1000x3-s3,test,graph,graph-both1000x3,0.1,100,122531,33101,0
global,ref+rdist,2,K+K+,graph-both1000x3-s3,test,graph,graph-both1000x3,0.1,100,488221,79379,1
global,aging+sfreq,2,K,graph-both1000x3-s3,test,graph,graph-both1000x3,0.1,100,488221,354239,1
global,aging+idle,2,K,graph-both1000x3-s3,test,graph,graph-both1000x3,0.1,100,158947,29630,0
global,aging+age,2,K,graph-both1000x3-s3,test,graph,graph-both1000x3,0.1,100,488221,319513,1
global,aging+dirty,2,K,graph-both1000x3-s3,test,graph,graph-both1000x3,0.1,100,488221,298621,1
global,aging+refaults,2,K+K+,graph-both1000x3-s3,test,graph,graph-both1000x3,0.1,100,118312,32093,0
global,aging+rdist,2,K+K+,graph-both1000x3-s3,test,graph,graph-both1000x3,0.1,100,488221,79534,1
global,sfreq+idle,2,K,graph-both1000x3-s3,test,graph,graph-both1000x3,0.1,100,139247,22674,0
global,sfreq+age,2,K,graph-both1000x3-s3,test,graph,graph-both1000x3,0.1,100,488221,330079,1
global,sfreq+dirty,2,K,graph-both1000x3-s3,test,graph,graph-both1000x3,0.1,100,488221,138767,1
global,sfreq+refaults,2,K+K+,graph-both1000x3-s3,test,graph,graph-both1000x3,0.1,100,488221,56875,1
global,sfreq+rdist,2,K+K+,graph-both1000x3-s3,test,graph,graph-both1000x3,0.1,100,488221,91174,1
global,idle+age,2,K,graph-both1000x3-s3,test,graph,graph-both1000x3,0.1,100,142931,24066,0
global,idle+dirty,2,K,graph-both1000x3-s3,test,graph,graph-both1000x3,0.1,100,167822,37107,0
global,idle+refaults,2,K+K+,graph-both1000x3-s3,test,graph,graph-both1000x3,0.1,100,112970,17644,0
global,idle+rdist,2,K+K+,graph-both1000x3-s3,test,graph,graph-both1000x3,0.1,100,89877,4932,0
global,age+dirty,2,K,graph-both1000x3-s3,test,graph,graph-both1000x3,0.1,100,274839,80483,0
global,age+refaults,2,K+K+,graph-both1000x3-s3,test,graph,graph-both1000x3,0.1,100,488221,73677,1
global,age+rdist,2,K+K+,graph-both1000x3-s3,test,graph,graph-both1000x3,0.1,100,488221,78176,1
global,dirty+refaults,2,K+K+,graph-both1000x3-s3,test,graph,graph-both1000x3,0.1,100,166532,16217,0
global,dirty+rdist,2,K+K+,graph-both1000x3-s3,test,graph,graph-both1000x3,0.1,100,488221,139239,1
global,refaults+rdist,2,K+,graph-both1000x3-s3,test,graph,graph-both1000x3,0.1,100,184165,33283,0
global,ref+aging+sfreq,3,K,graph-both1000x3-s3,test,graph,graph-both1000x3,0.1,100,488221,347706,1
global,ref+aging+idle,3,K,graph-both1000x3-s3,test,graph,graph-both1000x3,0.1,100,158947,29630,0
global,ref+aging+age,3,K,graph-both1000x3-s3,test,graph,graph-both1000x3,0.1,100,488221,315411,1
global,ref+aging+dirty,3,K,graph-both1000x3-s3,test,graph,graph-both1000x3,0.1,100,488221,298621,1
global,ref+aging+refaults,3,K+K+,graph-both1000x3-s3,test,graph,graph-both1000x3,0.1,100,118083,32015,0
global,ref+aging+rdist,3,K+K+,graph-both1000x3-s3,test,graph,graph-both1000x3,0.1,100,488221,79596,1
global,ref+sfreq+idle,3,K,graph-both1000x3-s3,test,graph,graph-both1000x3,0.1,100,125743,17280,0
global,ref+sfreq+age,3,K,graph-both1000x3-s3,test,graph,graph-both1000x3,0.1,100,488221,314935,1
global,ref+sfreq+dirty,3,K,graph-both1000x3-s3,test,graph,graph-both1000x3,0.1,100,488221,114638,1
global,ref+sfreq+refaults,3,K+K+,graph-both1000x3-s3,test,graph,graph-both1000x3,0.1,100,488221,151737,1
global,ref+sfreq+rdist,3,K+K+,graph-both1000x3-s3,test,graph,graph-both1000x3,0.1,100,488221,141474,1
global,ref+idle+age,3,K,graph-both1000x3-s3,test,graph,graph-both1000x3,0.1,100,135689,21341,0
global,ref+idle+dirty,3,K,graph-both1000x3-s3,test,graph,graph-both1000x3,0.1,100,166765,36158,0
global,ref+idle+refaults,3,K+K+,graph-both1000x3-s3,test,graph,graph-both1000x3,0.1,100,109832,17503,0
global,ref+idle+rdist,3,K+K+,graph-both1000x3-s3,test,graph,graph-both1000x3,0.1,100,92852,7358,0
global,ref+age+dirty,3,K,graph-both1000x3-s3,test,graph,graph-both1000x3,0.1,100,299416,104238,0
global,ref+age+refaults,3,K+K+,graph-both1000x3-s3,test,graph,graph-both1000x3,0.1,100,488221,289784,1
global,ref+age+rdist,3,K+K+,graph-both1000x3-s3,test,graph,graph-both1000x3,0.1,100,488221,79365,1
global,ref+dirty+refaults,3,K+K+,graph-both1000x3-s3,test,graph,graph-both1000x3,0.1,100,115984,20974,0
global,ref+dirty+rdist,3,K+K+,graph-both1000x3-s3,test,graph,graph-both1000x3,0.1,100,488221,82496,1
global,ref+refaults+rdist,3,K+K+,graph-both1000x3-s3,test,graph,graph-both1000x3,0.1,100,146937,45878,0
global,aging+sfreq+idle,3,K,graph-both1000x3-s3,test,graph,graph-both1000x3,0.1,100,143321,59082,0
global,aging+sfreq+age,3,K,graph-both1000x3-s3,test,graph,graph-both1000x3,0.1,100,488221,354239,1
global,aging+sfreq+dirty,3,K,graph-both1000x3-s3,test,graph,graph-both1000x3,0.1,100,488221,73405,1
global,aging+sfreq+refaults,3,K+K+,graph-both1000x3-s3,test,graph,graph-both1000x3,0.1,100,488221,191621,1
global,aging+sfreq+rdist,3,K+K+,graph-both1000x3-s3,test,graph,graph-both1000x3,0.1,100,488221,208653,1
global,aging+idle+age,3,K,graph-both1000x3-s3,test,graph,graph-both1000x3,0.1,100,87341,3618,0
global,aging+idle+dirty,3,K,graph-both1000x3-s3,test,graph,graph-both1000x3,0.1,100,164649,34321,0
global,aging+idle+refaults,3,K+K+,graph-both1000x3-s3,test,graph,graph-both1000x3,0.1,100,104677,15289,0
global,aging+idle+rdist,3,K+K+,graph-both1000x3-s3,test,graph,graph-both1000x3,0.1,100,488221,85048,1
global,aging+age+dirty,3,K,graph-both1000x3-s3,test,graph,graph-both1000x3,0.1,100,488221,250893,1
global,aging+age+refaults,3,K+K+,graph-both1000x3-s3,test,graph,graph-both1000x3,0.1,100,488221,347149,1
global,aging+age+rdist,3,K+K+,graph-both1000x3-s3,test,graph,graph-both1000x3,0.1,100,488221,353536,1
global,aging+dirty+refaults,3,K+K+,graph-both1000x3-s3,test,graph,graph-both1000x3,0.1,100,110200,19837,0
global,aging+dirty+rdist,3,K+K+,graph-both1000x3-s3,test,graph,graph-both1000x3,0.1,100,488221,80909,1
global,aging+refaults+rdist,3,K+K+,graph-both1000x3-s3,test,graph,graph-both1000x3,0.1,100,137219,40208,0
global,sfreq+idle+age,3,K,graph-both1000x3-s3,test,graph,graph-both1000x3,0.1,100,145774,25270,0
global,sfreq+idle+dirty,3,K,graph-both1000x3-s3,test,graph,graph-both1000x3,0.1,100,154707,37013,0
global,sfreq+idle+refaults,3,K+K+,graph-both1000x3-s3,test,graph,graph-both1000x3,0.1,100,104899,20034,0
global,sfreq+idle+rdist,3,K+K+,graph-both1000x3-s3,test,graph,graph-both1000x3,0.1,100,89351,4591,0
global,sfreq+age+dirty,3,K,graph-both1000x3-s3,test,graph,graph-both1000x3,0.1,100,488221,256497,1
global,sfreq+age+refaults,3,K+K+,graph-both1000x3-s3,test,graph,graph-both1000x3,0.1,100,488221,125547,1
global,sfreq+age+rdist,3,K+K+,graph-both1000x3-s3,test,graph,graph-both1000x3,0.1,100,488221,128201,1
global,sfreq+dirty+refaults,3,K+K+,graph-both1000x3-s3,test,graph,graph-both1000x3,0.1,100,488221,62315,1
global,sfreq+dirty+rdist,3,K+K+,graph-both1000x3-s3,test,graph,graph-both1000x3,0.1,100,488221,139097,1
global,sfreq+refaults+rdist,3,K+K+,graph-both1000x3-s3,test,graph,graph-both1000x3,0.1,100,488221,55182,1
global,idle+age+dirty,3,K,graph-both1000x3-s3,test,graph,graph-both1000x3,0.1,100,157018,37496,0
global,idle+age+refaults,3,K+K+,graph-both1000x3-s3,test,graph,graph-both1000x3,0.1,100,90551,3886,0
global,idle+age+rdist,3,K+K+,graph-both1000x3-s3,test,graph,graph-both1000x3,0.1,100,88643,4123,0
global,idle+dirty+refaults,3,K+K+,graph-both1000x3-s3,test,graph,graph-both1000x3,0.1,100,110999,14886,0
global,idle+dirty+rdist,3,K+K+,graph-both1000x3-s3,test,graph,graph-both1000x3,0.1,100,266918,59268,0
global,idle+refaults+rdist,3,K+K+,graph-both1000x3-s3,test,graph,graph-both1000x3,0.1,100,105544,6031,0
global,age+dirty+refaults,3,K+K+,graph-both1000x3-s3,test,graph,graph-both1000x3,0.1,100,488221,53014,1
global,age+dirty+rdist,3,K+K+,graph-both1000x3-s3,test,graph,graph-both1000x3,0.1,100,488221,124234,1
global,age+refaults+rdist,3,K+K+,graph-both1000x3-s3,test,graph,graph-both1000x3,0.1,100,488221,67994,1
global,dirty+refaults+rdist,3,K+K+,graph-both1000x3-s3,test,graph,graph-both1000x3,0.1,100,319652,115064,0
global,ref+aging+sfreq+idle,4,K,graph-both1000x3-s3,test,graph,graph-both1000x3,0.1,100,488221,358124,1
global,ref+aging+sfreq+age,4,K,graph-both1000x3-s3,test,graph,graph-both1000x3,0.1,100,488221,315298,1
global,ref+aging+sfreq+dirty,4,K,graph-both1000x3-s3,test,graph,graph-both1000x3,0.1,100,488221,69864,1
global,ref+aging+sfreq+refaults,4,K+K+,graph-both1000x3-s3,test,graph,graph-both1000x3,0.1,100,488221,188573,1
global,ref+aging+sfreq+rdist,4,K+K+,graph-both1000x3-s3,test,graph,graph-both1000x3,0.1,100,488221,197796,1
global,ref+aging+idle+age,4,K,graph-both1000x3-s3,test,graph,graph-both1000x3,0.1,100,375037,290835,0
global,ref+aging+idle+dirty,4,K,graph-both1000x3-s3,test,graph,graph-both1000x3,0.1,100,164759,34410,0
global,ref+aging+idle+refaults,4,K+K+,graph-both1000x3-s3,test,graph,graph-both1000x3,0.1,100,104375,15354,0
global,ref+aging+idle+rdist,4,K+K+,graph-both1000x3-s3,test,graph,graph-both1000x3,0.1,100,488221,86375,1
global,ref+aging+age+dirty,4,K,graph-both1000x3-s3,test,graph,graph-both1000x3,0.1,100,488221,256791,1
global,ref+aging+age+refaults,4,K+K+,graph-both1000x3-s3,test,graph,graph-both1000x3,0.1,100,488221,352814,1
global,ref+aging+age+rdist,4,K+K+,graph-both1000x3-s3,test,graph,graph-both1000x3,0.1,100,488221,320882,1
global,ref+aging+dirty+refaults,4,K+K+,graph-both1000x3-s3,test,graph,graph-both1000x3,0.1,100,110712,20158,0
global,ref+aging+dirty+rdist,4,K+K+,graph-both1000x3-s3,test,graph,graph-both1000x3,0.1,100,488221,91418,1
global,ref+aging+refaults+rdist,4,K+K+,graph-both1000x3-s3,test,graph,graph-both1000x3,0.1,100,139622,42065,0
global,ref+sfreq+idle+age,4,K,graph-both1000x3-s3,test,graph,graph-both1000x3,0.1,100,142674,24192,0
global,ref+sfreq+idle+dirty,4,K,graph-both1000x3-s3,test,graph,graph-both1000x3,0.1,100,148116,35056,0
global,ref+sfreq+idle+refaults,4,K+K+,graph-both1000x3-s3,test,graph,graph-both1000x3,0.1,100,279883,190454,0
global,ref+sfreq+idle+rdist,4,K+K+,graph-both1000x3-s3,test,graph,graph-both1000x3,0.1,100,92953,7455,0
global,ref+sfreq+age+dirty,4,K,graph-both1000x3-s3,test,graph,graph-both1000x3,0.1,100,488221,277563,1
global,ref+sfreq+age+refaults,4,K+K+,graph-both1000x3-s3,test,graph,graph-both1000x3,0.1,100,488221,186329,1
global,ref+sfreq+age+rdist,4,K+K+,graph-both1000x3-s3,test,graph,graph-both1000x3,0.1,100,488221,94285,1
global,ref+sfreq+dirty+refaults,4,K+K+,graph-both1000x3-s3,test,graph,graph-both1000x3,0.1,100,488221,153971,1
global,ref+sfreq+dirty+rdist,4,K+K+,graph-both1000x3-s3,test,graph,graph-both1000x3,0.1,100,488221,103730,1
global,ref+sfreq+refaults+rdist,4,K+K+,graph-both1000x3-s3,test,graph,graph-both1000x3,0.1,100,488221,137276,1
global,ref+idle+age+dirty,4,K,graph-both1000x3-s3,test,graph,graph-both1000x3,0.1,100,152256,36242,0
global,ref+idle+age+refaults,4,K+K+,graph-both1000x3-s3,test,graph,graph-both1000x3,0.1,100,91017,5229,0
global,ref+idle+age+rdist,4,K+K+,graph-both1000x3-s3,test,graph,graph-both1000x3,0.1,100,92464,7250,0
global,ref+idle+dirty+refaults,4,K+K+,graph-both1000x3-s3,test,graph,graph-both1000x3,0.1,100,105582,11277,0
global,ref+idle+dirty+rdist,4,K+K+,graph-both1000x3-s3,test,graph,graph-both1000x3,0.1,100,329445,73383,0
global,ref+idle+refaults+rdist,4,K+K+,graph-both1000x3-s3,test,graph,graph-both1000x3,0.1,100,106769,15727,0
global,ref+age+dirty+refaults,4,K+K+,graph-both1000x3-s3,test,graph,graph-both1000x3,0.1,100,488221,345080,1
global,ref+age+dirty+rdist,4,K+K+,graph-both1000x3-s3,test,graph,graph-both1000x3,0.1,100,488221,81996,1
global,ref+age+refaults+rdist,4,K+K+,graph-both1000x3-s3,test,graph,graph-both1000x3,0.1,100,488221,267255,1
global,ref+dirty+refaults+rdist,4,K+K+,graph-both1000x3-s3,test,graph,graph-both1000x3,0.1,100,149327,47583,0
global,aging+sfreq+idle+age,4,K,graph-both1000x3-s3,test,graph,graph-both1000x3,0.1,100,102854,8730,0
global,aging+sfreq+idle+dirty,4,K,graph-both1000x3-s3,test,graph,graph-both1000x3,0.1,100,168253,83618,0
global,aging+sfreq+idle+refaults,4,K+K+,graph-both1000x3-s3,test,graph,graph-both1000x3,0.1,100,488221,223385,1
global,aging+sfreq+idle+rdist,4,K+K+,graph-both1000x3-s3,test,graph,graph-both1000x3,0.1,100,488221,49930,1
global,aging+sfreq+age+dirty,4,K,graph-both1000x3-s3,test,graph,graph-both1000x3,0.1,100,488221,70528,1
global,aging+sfreq+age+refaults,4,K+K+,graph-both1000x3-s3,test,graph,graph-both1000x3,0.1,100,488221,221846,1
global,aging+sfreq+age+rdist,4,K+K+,graph-both1000x3-s3,test,graph,graph-both1000x3,0.1,100,488221,217523,1
global,aging+sfreq+dirty+refaults,4,K+K+,graph-both1000x3-s3,test,graph,graph-both1000x3,0.1,100,488221,188283,1
global,aging+sfreq+dirty+rdist,4,K+K+,graph-both1000x3-s3,test,graph,graph-both1000x3,0.1,100,488221,100447,1
global,aging+sfreq+refaults+rdist,4,K+K+,graph-both1000x3-s3,test,graph,graph-both1000x3,0.1,100,488221,174595,1
global,aging+idle+age+dirty,4,K,graph-both1000x3-s3,test,graph,graph-both1000x3,0.1,100,92663,8700,0
global,aging+idle+age+refaults,4,K+K+,graph-both1000x3-s3,test,graph,graph-both1000x3,0.1,100,103874,20023,0
global,aging+idle+age+rdist,4,K+K+,graph-both1000x3-s3,test,graph,graph-both1000x3,0.1,100,488221,354328,1
global,aging+idle+dirty+refaults,4,K+K+,graph-both1000x3-s3,test,graph,graph-both1000x3,0.1,100,99617,7386,0
global,aging+idle+dirty+rdist,4,K+K+,graph-both1000x3-s3,test,graph,graph-both1000x3,0.1,100,488221,98052,1
global,aging+idle+refaults+rdist,4,K+K+,graph-both1000x3-s3,test,graph,graph-both1000x3,0.1,100,488221,363513,1
global,aging+age+dirty+refaults,4,K+K+,graph-both1000x3-s3,test,graph,graph-both1000x3,0.1,100,488221,321265,1
global,aging+age+dirty+rdist,4,K+K+,graph-both1000x3-s3,test,graph,graph-both1000x3,0.1,100,488221,100778,1
global,aging+age+refaults+rdist,4,K+K+,graph-both1000x3-s3,test,graph,graph-both1000x3,0.1,100,488221,345765,1
global,aging+dirty+refaults+rdist,4,K+K+,graph-both1000x3-s3,test,graph,graph-both1000x3,0.1,100,139785,42069,0
global,sfreq+idle+age+dirty,4,K,graph-both1000x3-s3,test,graph,graph-both1000x3,0.1,100,158495,37642,0
global,sfreq+idle+age+refaults,4,K+K+,graph-both1000x3-s3,test,graph,graph-both1000x3,0.1,100,90481,4735,0
global,sfreq+idle+age+rdist,4,K+K+,graph-both1000x3-s3,test,graph,graph-both1000x3,0.1,100,92496,6881,0
global,sfreq+idle+dirty+refaults,4,K+K+,graph-both1000x3-s3,test,graph,graph-both1000x3,0.1,100,108339,23459,0
global,sfreq+idle+dirty+rdist,4,K+K+,graph-both1000x3-s3,test,graph,graph-both1000x3,0.1,100,222836,55156,0
global,sfreq+idle+refaults+rdist,4,K+K+,graph-both1000x3-s3,test,graph,graph-both1000x3,0.1,100,142934,55459,0
global,sfreq+age+dirty+refaults,4,K+K+,graph-both1000x3-s3,test,graph,graph-both1000x3,0.1,100,488221,117482,1
global,sfreq+age+dirty+rdist,4,K+K+,graph-both1000x3-s3,test,graph,graph-both1000x3,0.1,100,488221,79271,1
global,sfreq+age+refaults+rdist,4,K+K+,graph-both1000x3-s3,test,graph,graph-both1000x3,0.1,100,488221,109501,1
global,sfreq+dirty+refaults+rdist,4,K+K+,graph-both1000x3-s3,test,graph,graph-both1000x3,0.1,100,488221,76789,1
global,idle+age+dirty+refaults,4,K+K+,graph-both1000x3-s3,test,graph,graph-both1000x3,0.1,100,90795,4509,0
global,idle+age+dirty+rdist,4,K+K+,graph-both1000x3-s3,test,graph,graph-both1000x3,0.1,100,186659,48425,0
global,idle+age+refaults+rdist,4,K+K+,graph-both1000x3-s3,test,graph,graph-both1000x3,0.1,100,87373,3326,0
global,idle+dirty+refaults+rdist,4,K+K+,graph-both1000x3-s3,test,graph,graph-both1000x3,0.1,100,106809,7413,0
global,age+dirty+refaults+rdist,4,K+K+,graph-both1000x3-s3,test,graph,graph-both1000x3,0.1,100,488221,92305,1
global,ref+aging+sfreq+idle+age,5,K,graph-both1000x3-s3,test,graph,graph-both1000x3,0.1,100,103702,9748,0
global,ref+aging+sfreq+idle+dirty,5,K,graph-both1000x3-s3,test,graph,graph-both1000x3,0.1,100,488221,67659,1
global,ref+aging+sfreq+idle+refaults,5,K+K+,graph-both1000x3-s3,test,graph,graph-both1000x3,0.1,100,488221,144634,1
global,ref+aging+sfreq+idle+rdist,5,K+K+,graph-both1000x3-s3,test,graph,graph-both1000x3,0.1,100,488221,71768,1
global,ref+aging+sfreq+age+dirty,5,K,graph-both1000x3-s3,test,graph,graph-both1000x3,0.1,100,488221,227634,1
global,ref+aging+sfreq+age+refaults,5,K+K+,graph-both1000x3-s3,test,graph,graph-both1000x3,0.1,100,488221,260175,1
global,ref+aging+sfreq+age+rdist,5,K+K+,graph-both1000x3-s3,test,graph,graph-both1000x3,0.1,100,488221,281799,1
global,ref+aging+sfreq+dirty+refaults,5,K+K+,graph-both1000x3-s3,test,graph,graph-both1000x3,0.1,100,488221,176177,1
global,ref+aging+sfreq+dirty+rdist,5,K+K+,graph-both1000x3-s3,test,graph,graph-both1000x3,0.1,100,488221,98898,1
global,ref+aging+sfreq+refaults+rdist,5,K+K+,graph-both1000x3-s3,test,graph,graph-both1000x3,0.1,100,488221,161087,1
global,ref+aging+idle+age+dirty,5,K,graph-both1000x3-s3,test,graph,graph-both1000x3,0.1,100,488221,82477,1
global,ref+aging+idle+age+refaults,5,K+K+,graph-both1000x3-s3,test,graph,graph-both1000x3,0.1,100,229291,144356,0
global,ref+aging+idle+age+rdist,5,K+K+,graph-both1000x3-s3,test,graph,graph-both1000x3,0.1,100,488221,296676,1
global,ref+aging+idle+dirty+refaults,5,K+K+,graph-both1000x3-s3,test,graph,graph-both1000x3,0.1,100,99228,7270,0
global,ref+aging+idle+dirty+rdist,5,K+K+,graph-both1000x3-s3,test,graph,graph-both1000x3,0.1,100,488221,100070,1
global,ref+aging+idle+refaults+rdist,5,K+K+,graph-both1000x3-s3,test,graph,graph-both1000x3,0.1,100,488221,361010,1
global,ref+aging+age+dirty+refaults,5,K+K+,graph-both1000x3-s3,test,graph,graph-both1000x3,0.1,100,488221,351841,1
global,ref+aging+age+dirty+rdist,5,K+K+,graph-both1000x3-s3,test,graph,graph-both1000x3,0.1,100,488221,73271,1
global,ref+aging+age+refaults+rdist,5,K+K+,graph-both1000x3-s3,test,graph,graph-both1000x3,0.1,100,488221,219862,1
global,ref+aging+dirty+refaults+rdist,5,K+K+,graph-both1000x3-s3,test,graph,graph-both1000x3,0.1,100,142073,44076,0
global,ref+sfreq+idle+age+dirty,5,K,graph-both1000x3-s3,test,graph,graph-both1000x3,0.1,100,155777,36825,0
global,ref+sfreq+idle+age+refaults,5,K+K+,graph-both1000x3-s3,test,graph,graph-both1000x3,0.1,100,89393,5088,0
global,ref+sfreq+idle+age+rdist,5,K+K+,graph-both1000x3-s3,test,graph,graph-both1000x3,0.1,100,96922,10510,0
global,ref+sfreq+idle+dirty+refaults,5,K+K+,graph-both1000x3-s3,test,graph,graph-both1000x3,0.1,100,318964,229067,0
global,ref+sfreq+idle+dirty+rdist,5,K+K+,graph-both1000x3-s3,test,graph,graph-both1000x3,0.1,100,281588,71372,0
global,ref+sfreq+idle+refaults+rdist,5,K+K+,graph-both1000x3-s3,test,graph,graph-both1000x3,0.1,100,488221,256631,1
global,ref+sfreq+age+dirty+refaults,5,K+K+,graph-both1000x3-s3,test,graph,graph-both1000x3,0.1,100,488221,182255,1
global,ref+sfreq+age+dirty+rdist,5,K+K+,graph-both1000x3-s3,test,graph,graph-both1000x3,0.1,100,488221,82204,1
global,ref+sfreq+age+refaults+rdist,5,K+K+,graph-both1000x3-s3,test,graph,graph-both1000x3,0.1,100,488221,120331,1
global,ref+sfreq+dirty+refaults+rdist,5,K+K+,graph-both1000x3-s3,test,graph,graph-both1000x3,0.1,100,488221,96466,1
global,ref+idle+age+dirty+refaults,5,K+K+,graph-both1000x3-s3,test,graph,graph-both1000x3,0.1,100,90241,5241,0
global,ref+idle+age+dirty+rdist,5,K+K+,graph-both1000x3-s3,test,graph,graph-both1000x3,0.1,100,216758,59379,0
global,ref+idle+age+refaults+rdist,5,K+K+,graph-both1000x3-s3,test,graph,graph-both1000x3,0.1,100,94171,8734,0
global,ref+idle+dirty+refaults+rdist,5,K+K+,graph-both1000x3-s3,test,graph,graph-both1000x3,0.1,100,108438,16907,0
global,ref+age+dirty+refaults+rdist,5,K+K+,graph-both1000x3-s3,test,graph,graph-both1000x3,0.1,100,488221,321992,1
global,aging+sfreq+idle+age+dirty,5,K,graph-both1000x3-s3,test,graph,graph-both1000x3,0.1,100,140294,35379,0
global,aging+sfreq+idle+age+refaults,5,K+K+,graph-both1000x3-s3,test,graph,graph-both1000x3,0.1,100,93679,9789,0
global,aging+sfreq+idle+age+rdist,5,K+K+,graph-both1000x3-s3,test,graph,graph-both1000x3,0.1,100,456987,75148,0
global,aging+sfreq+idle+dirty+refaults,5,K+K+,graph-both1000x3-s3,test,graph,graph-both1000x3,0.1,100,488221,215220,1
global,aging+sfreq+idle+dirty+rdist,5,K+K+,graph-both1000x3-s3,test,graph,graph-both1000x3,0.1,100,488221,100331,1
global,aging+sfreq+idle+refaults+rdist,5,K+K+,graph-both1000x3-s3,test,graph,graph-both1000x3,0.1,100,488221,99306,1
global,aging+sfreq+age+dirty+refaults,5,K+K+,graph-both1000x3-s3,test,graph,graph-both1000x3,0.1,100,488221,205074,1
global,aging+sfreq+age+dirty+rdist,5,K+K+,graph-both1000x3-s3,test,graph,graph-both1000x3,0.1,100,488221,71056,1
global,aging+sfreq+age+refaults+rdist,5,K+K+,graph-both1000x3-s3,test,graph,graph-both1000x3,0.1,100,488221,353885,1
global,aging+sfreq+dirty+refaults+rdist,5,K+K+,graph-both1000x3-s3,test,graph,graph-both1000x3,0.1,100,488221,110809,1
global,aging+idle+age+dirty+refaults,5,K+K+,graph-both1000x3-s3,test,graph,graph-both1000x3,0.1,100,105321,21416,0
global,aging+idle+age+dirty+rdist,5,K+K+,graph-both1000x3-s3,test,graph,graph-both1000x3,0.1,100,488221,97416,1
global,aging+idle+age+refaults+rdist,5,K+K+,graph-both1000x3-s3,test,graph,graph-both1000x3,0.1,100,488221,399042,1
global,aging+idle+dirty+refaults+rdist,5,K+K+,graph-both1000x3-s3,test,graph,graph-both1000x3,0.1,100,488221,364607,1
global,aging+age+dirty+refaults+rdist,5,K+K+,graph-both1000x3-s3,test,graph,graph-both1000x3,0.1,100,488221,351787,1
global,sfreq+idle+age+dirty+refaults,5,K+K+,graph-both1000x3-s3,test,graph,graph-both1000x3,0.1,100,89850,4572,0
global,sfreq+idle+age+dirty+rdist,5,K+K+,graph-both1000x3-s3,test,graph,graph-both1000x3,0.1,100,301909,58563,0
global,sfreq+idle+age+refaults+rdist,5,K+K+,graph-both1000x3-s3,test,graph,graph-both1000x3,0.1,100,86975,2881,0
global,sfreq+idle+dirty+refaults+rdist,5,K+K+,graph-both1000x3-s3,test,graph,graph-both1000x3,0.1,100,208903,120410,0
global,sfreq+age+dirty+refaults+rdist,5,K+K+,graph-both1000x3-s3,test,graph,graph-both1000x3,0.1,100,488221,76269,1
global,idle+age+dirty+refaults+rdist,5,K+K+,graph-both1000x3-s3,test,graph,graph-both1000x3,0.1,100,91147,4904,0
global,ref+aging+sfreq+idle+age+dirty,6,K,graph-both1000x3-s3,test,graph,graph-both1000x3,0.1,100,170338,31911,0
global,ref+aging+sfreq+idle+age+refaults,6,K+K+,graph-both1000x3-s3,test,graph,graph-both1000x3,0.1,100,93657,9734,0
global,ref+aging+sfreq+idle+age+rdist,6,K+K+,graph-both1000x3-s3,test,graph,graph-both1000x3,0.1,100,488221,170824,1
global,ref+aging+sfreq+idle+dirty+refaults,6,K+K+,graph-both1000x3-s3,test,graph,graph-both1000x3,0.1,100,488221,128069,1
global,ref+aging+sfreq+idle+dirty+rdist,6,K+K+,graph-both1000x3-s3,test,graph,graph-both1000x3,0.1,100,488221,102297,1
global,ref+aging+sfreq+idle+refaults+rdist,6,K+K+,graph-both1000x3-s3,test,graph,graph-both1000x3,0.1,100,488221,79269,1
global,ref+aging+sfreq+age+dirty+refaults,6,K+K+,graph-both1000x3-s3,test,graph,graph-both1000x3,0.1,100,488221,263816,1
global,ref+aging+sfreq+age+dirty+rdist,6,K+K+,graph-both1000x3-s3,test,graph,graph-both1000x3,0.1,100,488221,144333,1
global,ref+aging+sfreq+age+refaults+rdist,6,K+K+,graph-both1000x3-s3,test,graph,graph-both1000x3,0.1,100,488221,196155,1
global,ref+aging+sfreq+dirty+refaults+rdist,6,K+K+,graph-both1000x3-s3,test,graph,graph-both1000x3,0.1,100,488221,110538,1
global,ref+aging+idle+age+dirty+refaults,6,K+K+,graph-both1000x3-s3,test,graph,graph-both1000x3,0.1,100,285177,199205,0
global,ref+aging+idle+age+dirty+rdist,6,K+K+,graph-both1000x3-s3,test,graph,graph-both1000x3,0.1,100,488221,72067,1
global,ref+aging+idle+age+refaults+rdist,6,K+K+,graph-both1000x3-s3,test,graph,graph-both1000x3,0.1,100,488221,401034,1
global,ref+aging+idle+dirty+refaults+rdist,6,K+K+,graph-both1000x3-s3,test,graph,graph-both1000x3,0.1,100,488221,370583,1
global,ref+aging+age+dirty+refaults+rdist,6,K+K+,graph-both1000x3-s3,test,graph,graph-both1000x3,0.1,100,488221,214355,1
global,ref+sfreq+idle+age+dirty+refaults,6,K+K+,graph-both1000x3-s3,test,graph,graph-both1000x3,0.1,100,90570,5660,0
global,ref+sfreq+idle+age+dirty+rdist,6,K+K+,graph-both1000x3-s3,test,graph,graph-both1000x3,0.1,100,362777,67599,0
global,ref+sfreq+idle+age+refaults+rdist,6,K+K+,graph-both1000x3-s3,test,graph,graph-both1000x3,0.1,100,90412,4948,0
global,ref+sfreq+idle+dirty+refaults+rdist,6,K+K+,graph-both1000x3-s3,test,graph,graph-both1000x3,0.1,100,488221,198344,1
global,ref+sfreq+age+dirty+refaults+rdist,6,K+K+,graph-both1000x3-s3,test,graph,graph-both1000x3,0.1,100,488221,97599,1
global,ref+idle+age+dirty+refaults+rdist,6,K+K+,graph-both1000x3-s3,test,graph,graph-both1000x3,0.1,100,96717,11184,0
global,aging+sfreq+idle+age+dirty+refaults,6,K+K+,graph-both1000x3-s3,test,graph,graph-both1000x3,0.1,100,94380,10551,0
global,aging+sfreq+idle+age+dirty+rdist,6,K+K+,graph-both1000x3-s3,test,graph,graph-both1000x3,0.1,100,488221,96664,1
global,aging+sfreq+idle+age+refaults+rdist,6,K+K+,graph-both1000x3-s3,test,graph,graph-both1000x3,0.1,100,96062,11617,0
global,aging+sfreq+idle+dirty+refaults+rdist,6,K+K+,graph-both1000x3-s3,test,graph,graph-both1000x3,0.1,100,488221,81690,1
global,aging+sfreq+age+dirty+refaults+rdist,6,K+K+,graph-both1000x3-s3,test,graph,graph-both1000x3,0.1,100,488221,346822,1
global,aging+idle+age+dirty+refaults+rdist,6,K+K+,graph-both1000x3-s3,test,graph,graph-both1000x3,0.1,100,488221,397062,1
global,sfreq+idle+age+dirty+refaults+rdist,6,K+K+,graph-both1000x3-s3,test,graph,graph-both1000x3,0.1,100,96205,5545,0
global,ref+aging+sfreq+idle+age+dirty+refaults,7,K+K+,graph-both1000x3-s3,test,graph,graph-both1000x3,0.1,100,95354,11540,0
global,ref+aging+sfreq+idle+age+dirty+rdist,7,K+K+,graph-both1000x3-s3,test,graph,graph-both1000x3,0.1,100,488221,73031,1
global,ref+aging+sfreq+idle+age+refaults+rdist,7,K+K+,graph-both1000x3-s3,test,graph,graph-both1000x3,0.1,100,100638,16625,0
global,ref+aging+sfreq+idle+dirty+refaults+rdist,7,K+K+,graph-both1000x3-s3,test,graph,graph-both1000x3,0.1,100,488221,100055,1
global,ref+aging+sfreq+age+dirty+refaults+rdist,7,K+K+,graph-both1000x3-s3,test,graph,graph-both1000x3,0.1,100,488221,194199,1
global,ref+aging+idle+age+dirty+refaults+rdist,7,K+K+,graph-both1000x3-s3,test,graph,graph-both1000x3,0.1,100,488221,398370,1
global,ref+sfreq+idle+age+dirty+refaults+rdist,7,K+K+,graph-both1000x3-s3,test,graph,graph-both1000x3,0.1,100,92587,6603,0
global,aging+sfreq+idle+age+dirty+refaults+rdist,7,K+K+,graph-both1000x3-s3,test,graph,graph-both1000x3,0.1,100,112471,25134,0
global,ref+aging+sfreq+idle+age+dirty+refaults+rdist,8,K+K+,graph-both1000x3-s3,test,graph,graph-both1000x3,0.1,100,118672,33481,0
global,rec+ref+aging+sfreq+idle+age+dirty,7,F+K,graph-both1000x3-s3,test,graph,graph-both1000x3,0.1,100,85497,1730,0
global,rec+ref+aging+sfreq+idle+age+dirty+refaults+rdist,9,F+K+K+,graph-both1000x3-s3,test,graph,graph-both1000x3,0.1,100,86094,2034,0
global,freq+ref+aging+sfreq+idle+age+dirty,7,F+K,graph-both1000x3-s3,test,graph,graph-both1000x3,0.1,100,89564,5904,0
global,freq+ref+aging+sfreq+idle+age+dirty+refaults+rdist,9,F+K+K+,graph-both1000x3-s3,test,graph,graph-both1000x3,0.1,100,326600,241570,0
global,sd+ref+aging+sfreq+idle+age+dirty,7,F+K,graph-both1000x3-s3,test,graph,graph-both1000x3,0.1,100,488221,221239,1
global,sd+ref+aging+sfreq+idle+age+dirty+refaults+rdist,9,F+K+K+,graph-both1000x3-s3,test,graph,graph-both1000x3,0.1,100,488221,275131,1
global,wr+ref+aging+sfreq+idle+age+dirty,7,F+K,graph-both1000x3-s3,test,graph,graph-both1000x3,0.1,100,169164,29079,0
global,wr+ref+aging+sfreq+idle+age+dirty+refaults+rdist,9,F+K+K+,graph-both1000x3-s3,test,graph,graph-both1000x3,0.1,100,121443,35917,0
global,rec+freq+ref+aging+sfreq+idle+age+dirty,8,F+K,graph-both1000x3-s3,test,graph,graph-both1000x3,0.1,100,86480,2714,0
global,rec+freq+ref+aging+sfreq+idle+age+dirty+refaults+rdist,10,F+K+K+,graph-both1000x3-s3,test,graph,graph-both1000x3,0.1,100,85551,1521,0
global,rec+sd+ref+aging+sfreq+idle+age+dirty,8,F+K,graph-both1000x3-s3,test,graph,graph-both1000x3,0.1,100,85319,1534,0
global,rec+sd+ref+aging+sfreq+idle+age+dirty+refaults+rdist,10,F+K+K+,graph-both1000x3-s3,test,graph,graph-both1000x3,0.1,100,87950,3869,0
global,rec+wr+ref+aging+sfreq+idle+age+dirty,8,F+K,graph-both1000x3-s3,test,graph,graph-both1000x3,0.1,100,85500,1732,0
global,rec+wr+ref+aging+sfreq+idle+age+dirty+refaults+rdist,10,F+K+K+,graph-both1000x3-s3,test,graph,graph-both1000x3,0.1,100,86421,2372,0
global,freq+sd+ref+aging+sfreq+idle+age+dirty,8,F+K,graph-both1000x3-s3,test,graph,graph-both1000x3,0.1,100,488221,358208,1
global,freq+sd+ref+aging+sfreq+idle+age+dirty+refaults+rdist,10,F+K+K+,graph-both1000x3-s3,test,graph,graph-both1000x3,0.1,100,488221,335885,1
global,freq+wr+ref+aging+sfreq+idle+age+dirty,8,F+K,graph-both1000x3-s3,test,graph,graph-both1000x3,0.1,100,89311,5667,0
global,freq+wr+ref+aging+sfreq+idle+age+dirty+refaults+rdist,10,F+K+K+,graph-both1000x3-s3,test,graph,graph-both1000x3,0.1,100,397233,310792,0
global,sd+wr+ref+aging+sfreq+idle+age+dirty,8,F+K,graph-both1000x3-s3,test,graph,graph-both1000x3,0.1,100,488221,302516,1
global,sd+wr+ref+aging+sfreq+idle+age+dirty+refaults+rdist,10,F+K+K+,graph-both1000x3-s3,test,graph,graph-both1000x3,0.1,100,488221,269362,1
global,rec+freq+sd+ref+aging+sfreq+idle+age+dirty,9,F+K,graph-both1000x3-s3,test,graph,graph-both1000x3,0.1,100,86564,2764,0
global,rec+freq+sd+ref+aging+sfreq+idle+age+dirty+refaults+rdist,11,F+K+K+,graph-both1000x3-s3,test,graph,graph-both1000x3,0.1,100,86322,2243,0
global,rec+freq+wr+ref+aging+sfreq+idle+age+dirty,9,F+K,graph-both1000x3-s3,test,graph,graph-both1000x3,0.1,100,86381,2614,0
global,rec+freq+wr+ref+aging+sfreq+idle+age+dirty+refaults+rdist,11,F+K+K+,graph-both1000x3-s3,test,graph,graph-both1000x3,0.1,100,85525,1528,0
global,rec+sd+wr+ref+aging+sfreq+idle+age+dirty,9,F+K,graph-both1000x3-s3,test,graph,graph-both1000x3,0.1,100,85275,1479,0
global,rec+sd+wr+ref+aging+sfreq+idle+age+dirty+refaults+rdist,11,F+K+K+,graph-both1000x3-s3,test,graph,graph-both1000x3,0.1,100,88557,4513,0
global,freq+sd+wr+ref+aging+sfreq+idle+age+dirty,9,F+K,graph-both1000x3-s3,test,graph,graph-both1000x3,0.1,100,488221,353805,1
global,freq+sd+wr+ref+aging+sfreq+idle+age+dirty+refaults+rdist,11,F+K+K+,graph-both1000x3-s3,test,graph,graph-both1000x3,0.1,100,488221,315087,1
global,rec+freq+sd+wr+ref+aging+sfreq+idle+age+dirty,10,F+K,graph-both1000x3-s3,test,graph,graph-both1000x3,0.1,100,86427,2612,0
global,rec+freq+sd+wr+ref+aging+sfreq+idle+age+dirty+refaults+rdist,12,F+K+K+,graph-both1000x3-s3,test,graph,graph-both1000x3,0.1,100,86507,2443,0
graph,rec,1,F,graph-both1000x3-s2,val,graph,graph-both1000x3,0.1,100,158455,29184,0
graph,freq,1,F,graph-both1000x3-s2,val,graph,graph-both1000x3,0.1,100,486379,166921,1
graph,sd,1,F,graph-both1000x3-s2,val,graph,graph-both1000x3,0.1,100,158455,29184,0
graph,wr,1,F,graph-both1000x3-s2,val,graph,graph-both1000x3,0.1,100,486379,16341,1
graph,rec+freq,2,F,graph-both1000x3-s2,val,graph,graph-both1000x3,0.1,100,87600,3892,0
graph,rec+sd,2,F,graph-both1000x3-s2,val,graph,graph-both1000x3,0.1,100,158507,29320,0
graph,rec+wr,2,F,graph-both1000x3-s2,val,graph,graph-both1000x3,0.1,100,90609,3516,0
graph,freq+sd,2,F,graph-both1000x3-s2,val,graph,graph-both1000x3,0.1,100,247978,152929,0
graph,freq+wr,2,F,graph-both1000x3-s2,val,graph,graph-both1000x3,0.1,100,486379,70140,1
graph,sd+wr,2,F,graph-both1000x3-s2,val,graph,graph-both1000x3,0.1,100,179703,67871,0
graph,rec+freq+sd,3,F,graph-both1000x3-s2,val,graph,graph-both1000x3,0.1,100,88918,5203,0
graph,rec+freq+wr,3,F,graph-both1000x3-s2,val,graph,graph-both1000x3,0.1,100,85266,1436,0
graph,rec+sd+wr,3,F,graph-both1000x3-s2,val,graph,graph-both1000x3,0.1,100,91928,4012,0
graph,freq+sd+wr,3,F,graph-both1000x3-s2,val,graph,graph-both1000x3,0.1,100,208145,123309,0
graph,rec+freq+sd+wr,4,F,graph-both1000x3-s2,val,graph,graph-both1000x3,0.1,100,85488,1653,0
graph,ref,1,K,graph-both1000x3-s2,val,graph,graph-both1000x3,0.1,100,249937,57928,0
graph,aging,1,K,graph-both1000x3-s2,val,graph,graph-both1000x3,0.1,100,236855,48052,0
graph,sfreq,1,K,graph-both1000x3-s2,val,graph,graph-both1000x3,0.1,100,486379,121515,1
graph,idle,1,K,graph-both1000x3-s2,val,graph,graph-both1000x3,0.1,100,158612,29338,0
graph,age,1,K,graph-both1000x3-s2,val,graph,graph-both1000x3,0.1,100,486379,160085,1
graph,dirty,1,K,graph-both1000x3-s2,val,graph,graph-both1000x3,0.1,100,486379,1429,1
graph,refaults,1,K+,graph-both1000x3-s2,val,graph,graph-both1000x3,0.1,100,144587,33271,0
graph,rdist,1,K+,graph-both1000x3-s2,val,graph,graph-both1000x3,0.1,100,486379,73515,1
graph,ref+aging,2,K,graph-both1000x3-s2,val,graph,graph-both1000x3,0.1,100,236855,48052,0
graph,ref+sfreq,2,K,graph-both1000x3-s2,val,graph,graph-both1000x3,0.1,100,486379,167669,1
graph,ref+idle,2,K,graph-both1000x3-s2,val,graph,graph-both1000x3,0.1,100,158610,29336,0
graph,ref+age,2,K,graph-both1000x3-s2,val,graph,graph-both1000x3,0.1,100,486379,328931,1
graph,ref+dirty,2,K,graph-both1000x3-s2,val,graph,graph-both1000x3,0.1,100,486379,1429,1
graph,ref+refaults,2,K+K+,graph-both1000x3-s2,val,graph,graph-both1000x3,0.1,100,122479,33102,0
graph,ref+rdist,2,K+K+,graph-both1000x3-s2,val,graph,graph-both1000x3,0.1,100,486379,79447,1
graph,aging+sfreq,2,K,graph-both1000x3-s2,val,graph,graph-both1000x3,0.1,100,486379,310527,1
graph,aging+idle,2,K,graph-both1000x3-s2,val,graph,graph-both1000x3,0.1,100,158615,29339,0
graph,aging+age,2,K,graph-both1000x3-s2,val,graph,graph-both1000x3,0.1,100,486379,319584,1
graph,aging+dirty,2,K,graph-both1000x3-s2,val,graph,graph-both1000x3,0.1,100,486379,1432,1
graph,aging+refaults,2,K+K+,graph-both1000x3-s2,val,graph,graph-both1000x3,0.1,100,118114,32041,0
graph,aging+rdist,2,K+K+,graph-both1000x3-s2,val,graph,graph-both1000x3,0.1,100,486379,79391,1
graph,sfreq+idle,2,K,graph-both1000x3-s2,val,graph,graph-both1000x3,0.1,100,137737,21960,0
graph,sfreq+age,2,K,graph-both1000x3-s2,val,graph,graph-both1000x3,0.1,100,486379,308070,1
graph,sfreq+dirty,2,K,graph-both1000x3-s2,val,graph,graph-both1000x3,0.1,100,486379,167613,1
graph,sfreq+refaults,2,K+K+,graph-both1000x3-s2,val,graph,graph-both1000x3,0.1,100,486379,69151,1
graph,sfreq+rdist,2,K+K+,graph-both1000x3-s2,val,graph,graph-both1000x3,0.1,100,486379,100394,1
graph,idle+age,2,K,graph-both1000x3-s2,val,graph,graph-both1000x3,0.1,100,130151,18908,0
graph,idle+dirty,2,K,graph-both1000x3-s2,val,graph,graph-both1000x3,0.1,100,84837,1083,0
graph,idle+refaults,2,K+K+,graph-both1000x3-s2,val,graph,graph-both1000x3,0.1,100,122170,20219,0
graph,idle+rdist,2,K+K+,graph-both1000x3-s2,val,graph,graph-both1000x3,0.1,100,87461,3479,0
graph,age+dirty,2,K,graph-both1000x3-s2,val,graph,graph-both1000x3,0.1,100,486379,167605,1
graph,age+refaults,2,K+K+,graph-both1000x3-s2,val,graph,graph-both1000x3,0.1,100,486379,160085,1
graph,age+rdist,2,K+K+,graph-both1000x3-s2,val,graph,graph-both1000x3,0.1,100,486379,73515,1
graph,dirty+refaults,2,K+K+,graph-both1000x3-s2,val,graph,graph-both1000x3,0.1,100,486379,3851,1
graph,dirty+rdist,2,K+K+,graph-both1000x3-s2,val,graph,graph-both1000x3,0.1,100,486379,25491,1
graph,refaults+rdist,2,K+,graph-both1000x3-s2,val,graph,graph-both1000x3,0.1,100,186721,34135,0
graph,ref+aging+sfreq,3,K,graph-both1000x3-s2,val,graph,graph-both1000x3,0.1,100,486379,192183,1
graph,ref+aging+idle,3,K,graph-both1000x3-s2,val,graph,graph-both1000x3,0.1,100,158616,29340,0
graph,ref+aging+age,3,K,graph-both1000x3-s2,val,graph,graph-both1000x3,0.1,100,486379,316882,1
graph,ref+aging+dirty,3,K,graph-both1000x3-s2,val,graph,graph-both1000x3,0.1,100,486379,1432,1
graph,ref+aging+refaults,3,K+K+,graph-both1000x3-s2,val,graph,graph-both1000x3,0.1,100,118057,32018,0
graph,ref+aging+rdist,3,K+K+,graph-both1000x3-s2,val,graph,graph-both1000x3,0.1,100,486379,79347,1
graph,ref+sfreq+idle,3,K,graph-both1000x3-s2,val,graph,graph-both1000x3,0.1,100,141963,23590,0
graph,ref+sfreq+age,3,K,graph-both1000x3-s2,val,graph,graph-both1000x3,0.1,100,486379,334208,1
graph,ref+sfreq+dirty,3,K,graph-both1000x3-s2,val,graph,graph-both1000x3,0.1,100,486379,157589,1
graph,ref+sfreq+refaults,3,K+K+,graph-both1000x3-s2,val,graph,graph-both1000x3,0.1,100,486379,42186,1
graph,ref+sfreq+rdist,3,K+K+,graph-both1000x3-s2,val,graph,graph-both1000x3,0.1,100,486379,182976,1
graph,ref+idle+age,3,K,graph-both1000x3-s2,val,graph,graph-both1000x3,0.1,100,137416,21955,0
graph,ref+idle+dirty,3,K,graph-both1000x3-s2,val,graph,graph-both1000x3,0.1,100,84819,1083,0
graph,ref+idle+refaults,3,K+K+,graph-both1000x3-s2,val,graph,graph-both1000x3,0.1,100,124113,20787,0
graph,ref+idle+rdist,3,K+K+,graph-both1000x3-s2,val,graph,graph-both1000x3,0.1,100,90123,5331,0
graph,ref+age+dirty,3,K,graph-both1000x3-s2,val,graph,graph-both1000x3,0.1,100,486379,157586,1
graph,ref+age+refaults,3,K+K+,graph-both1000x3-s2,val,graph,graph-both1000x3,0.1,100,486379,60545,1
graph,ref+age+rdist,3,K+K+,graph-both1000x3-s2,val,graph,graph-both1000x3,0.1,100,486379,79444,1
graph,ref+dirty+refaults,3,K+K+,graph-both1000x3-s2,val,graph,graph-both1000x3,0.1,100,88164,1322,0
graph,ref+dirty+rdist,3,K+K+,graph-both1000x3-s2,val,graph,graph-both1000x3,0.1,100,486379,25943,1
graph,ref+refaults+rdist,3,K+K+,graph-both1000x3-s2,val,graph,graph-both1000x3,0.1,100,140370,42788,0
graph,aging+sfreq+idle,3,K,graph-both1000x3-s2,val,graph,graph-both1000x3,0.1,100,144395,24472,0
graph,aging+sfreq+age,3,K,graph-both1000x3-s2,val,graph,graph-both1000x3,0.1,100,486379,329284,1
graph,aging+sfreq+dirty,3,K,graph-both1000x3-s2,val,graph,graph-both1000x3,0.1,100,486379,157139,1
graph,aging+sfreq+refaults,3,K+K+,graph-both1000x3-s2,val,graph,graph-both1000x3,0.1,100,486379,35839,1
graph,aging+sfreq+rdist,3,K+K+,graph-both1000x3-s2,val,graph,graph-both1000x3,0.1,100,486379,200955,1
graph,aging+idle+age,3,K,graph-both1000x3-s2,val,graph,graph-both1000x3,0.1,100,141564,23469,0
graph,aging+idle+dirty,3,K,graph-both1000x3-s2,val,graph,graph-both1000x3,0.1,100,84975,1101,0
graph,aging+idle+refaults,3,K+K+,graph-both1000x3-s2,val,graph,graph-both1000x3,0.1,100,125816,21252,0
graph,aging+idle+rdist,3,K+K+,graph-both1000x3-s2,val,graph,graph-both1000x3,0.1,100,93981,7538,0
graph,aging+age+dirty,3,K,graph-both1000x3-s2,val,graph,graph-both1000x3,0.1,100,486379,156782,1
graph,aging+age+refaults,3,K+K+,graph-both1000x3-s2,val,graph,graph-both1000x3,0.1,100,486379,145879,1
graph,aging+age+rdist,3,K+K+,graph-both1000x3-s2,val,graph,graph-both1000x3,0.1,100,486379,79375,1
graph,aging+dirty+refaults,3,K+K+,graph-both1000x3-s2,val,graph,graph-both1000x3,0.1,100,86428,1323,0
graph,aging+dirty+rdist,3,K+K+,graph-both1000x3-s2,val,graph,graph-both1000x3,0.1,100,486379,27077,1
graph,aging+refaults+rdist,3,K+K+,graph-both1000x3-s2,val,graph,graph-both1000x3,0.1,100,127788,35925,0
graph,sfreq+idle+age,3,K,graph-both1000x3-s2,val,graph,graph-both1000x3,0.1,100,144579,24998,0
graph,sfreq+idle+dirty,3,K,graph-both1000x3-s2,val,graph,graph-both1000x3,0.1,100,84832,1083,0
graph,sfreq+idle+refaults,3,K+K+,graph-both1000x3-s2,val,graph,graph-both1000x3,0.1,100,144026,58003,0
graph,sfreq+idle+rdist,3,K+K+,graph-both1000x3-s2,val,graph,graph-both1000x3,0.1,100,88918,4701,0
graph,sfreq+age+dirty,3,K,graph-both1000x3-s2,val,graph,graph-both1000x3,0.1,100,486379,154527,1
graph,sfreq+age+refaults,3,K+K+,graph-both1000x3-s2,val,graph,graph-both1000x3,0.1,100,486379,43598,1
graph,sfreq+age+rdist,3,K+K+,graph-both1000x3-s2,val,graph,graph-both1000x3,0.1,100,486379,226376,1
graph,sfreq+dirty+refaults,3,K+K+,graph-both1000x3-s2,val,graph,graph-both1000x3,0.1,100,486379,52535,1
graph,sfreq+dirty+rdist,3,K+K+,graph-both1000x3-s2,val,graph,graph-both1000x3,0.1,100,486379,19469,1
graph,sfreq+refaults+rdist,3,K+K+,graph-both1000x3-s2,val,graph,graph-both1000x3,0.1,100,486379,61715,1
graph,idle+age+dirty,3,K,graph-both1000x3-s2,val,graph,graph-both1000x3,0.1,100,84919,1160,0
graph,idle+age+refaults,3,K+K+,graph-both1000x3-s2,val,graph,graph-both1000x3,0.1,100,90414,3903,0
graph,idle+age+rdist,3,K+K+,graph-both1000x3-s2,val,graph,graph-both1000x3,0.1,100,86796,2944,0
graph,idle+dirty+refaults,3,K+K+,graph-both1000x3-s2,val,graph,graph-both1000x3,0.1,100,88187,1506,0
graph,idle+dirty+rdist,3,K+K+,graph-both1000x3-s2,val,graph,graph-both1000x3,0.1,100,84992,1200,0
graph,idle+refaults+rdist,3,K+K+,graph-both1000x3-s2,val,graph,graph-both1000x3,0.1,100,88924,4080,0
graph,age+dirty+refaults,3,K+K+,graph-both1000x3-s2,val,graph,graph-both1000x3,0.1,100,486379,158466,1
graph,age+dirty+rdist,3,K+K+,graph-both1000x3-s2,val,graph,graph-both1000x3,0.1,100,486379,25590,1
graph,age+refaults+rdist,3,K+K+,graph-both1000x3-s2,val,graph,graph-both1000x3,0.1,100,486379,122721,1
graph,dirty+refaults+rdist,3,K+K+,graph-both1000x3-s2,val,graph,graph-both1000x3,0.1,100,486379,4542,1
graph,ref+aging+sfreq+idle,4,K,graph-both1000x3-s2,val,graph,graph-both1000x3,0.1,100,144611,24549,0
graph,ref+aging+sfreq+age,4,K,graph-both1000x3-s2,val,graph,graph-both1000x3,0.1,100,486379,329343,1
graph,ref+aging+sfreq+dirty,4,K,graph-both1000x3-s2,val,graph,graph-both1000x3,0.1,100,486379,156879,1
graph,ref+aging+sfreq+refaults,4,K+K+,graph-both1000x3-s2,val,graph,graph-both1000x3,0.1,100,486379,51080,1
graph,ref+aging+sfreq+rdist,4,K+K+,graph-both1000x3-s2,val,graph,graph-both1000x3,0.1,100,486379,201768,1
graph,ref+aging+idle+age,4,K,graph-both1000x3-s2,val,graph,graph-both1000x3,0.1,100,141925,23568,0
graph,ref+aging+idle+dirty,4,K,graph-both1000x3-s2,val,graph,graph-both1000x3,0.1,100,85063,1105,0
graph,ref+aging+idle+refaults,4,K+K+,graph-both1000x3-s2,val,graph,graph-both1000x3,0.1,100,126110,21405,0
graph,ref+aging+idle+rdist,4,K+K+,graph-both1000x3-s2,val,graph,graph-both1000x3,0.1,100,94309,7732,0
graph,ref+aging+age+dirty,4,K,graph-both1000x3-s2,val,graph,graph-both1000x3,0.1,100,486379,156752,1
graph,ref+aging+age+refaults,4,K+K+,graph-both1000x3-s2,val,graph,graph-both1000x3,0.1,100,486379,175091,1
graph,ref+aging+age+rdist,4,K+K+,graph-both1000x3-s2,val,graph,graph-both1000x3,0.1,100,486379,79333,1
graph,ref+aging+dirty+refaults,4,K+K+,graph-both1000x3-s2,val,graph,graph-both1000x3,0.1,100,86363,1320,0
graph,ref+aging+dirty+rdist,4,K+K+,graph-both1000x3-s2,val,graph,graph-both1000x3,0.1,100,486379,27171,1
graph,ref+aging+refaults+rdist,4,K+K+,graph-both1000x3-s2,val,graph,graph-both1000x3,0.1,100,125198,34366,0
graph,ref+sfreq+idle+age,4,K,graph-both1000x3-s2,val,graph,graph-both1000x3,0.1,100,146214,25533,0
graph,ref+sfreq+idle+dirty,4,K,graph-both1000x3-s2,val,graph,graph-both1000x3,0.1,100,84817,1083,0
graph,ref+sfreq+idle+refaults,4,K+K+,graph-both1000x3-s2,val,graph,graph-both1000x3,0.1,100,145973,59976,0
graph,ref+sfreq+idle+rdist,4,K+K+,graph-both1000x3-s2,val,graph,graph-both1000x3,0.1,100,91219,6071,0
graph,ref+sfreq+age+dirty,4,K,graph-both1000x3-s2,val,graph,graph-both1000x3,0.1,100,486379,154640,1
graph,ref+sfreq+age+refaults,4,K+K+,graph-both1000x3-s2,val,graph,graph-both1000x3,0.1,100,486379,36012,1
graph,ref+sfreq+age+rdist,4,K+K+,graph-both1000x3-s2,val,graph,graph-both1000x3,0.1,100,486379,246393,1
graph,ref+sfreq+dirty+refaults,4,K+K+,graph-both1000x3-s2,val,graph,graph-both1000x3,0.1,100,486379,83084,1
graph,ref+sfreq+dirty+rdist,4,K+K+,graph-both1000x3-s2,val,graph,graph-both1000x3,0.1,100,486379,19876,1
graph,ref+sfreq+refaults+rdist,4,K+K+,graph-both1000x3-s2,val,graph,graph-both1000x3,0.1,100,486379,43657,1
graph,ref+idle+age+dirty,4,K,graph-both1000x3-s2,val,graph,graph-both1000x3,0.1,100,84909,1158,0
graph,ref+idle+age+refaults,4,K+K+,graph-both1000x3-s2,val,graph,graph-both1000x3,0.1,100,90408,3897,0
graph,ref+idle+age+rdist,4,K+K+,graph-both1000x3-s2,val,graph,graph-both1000x3,0.1,100,88279,3937,0
graph,ref+idle+dirty+refaults,4,K+K+,graph-both1000x3-s2,val,graph,graph-both1000x3,0.1,100,88306,1540,0
graph,ref+idle+dirty+rdist,4,K+K+,graph-both1000x3-s2,val,graph,graph-both1000x3,0.1,100,85038,1201,0
graph,ref+idle+refaults+rdist,4,K+K+,graph-both1000x3-s2,val,graph,graph-both1000x3,0.1,100,88817,4074,0
graph,ref+age+dirty+refaults,4,K+K+,graph-both1000x3-s2,val,graph,graph-both1000x3,0.1,100,486379,43789,1
graph,ref+age+dirty+rdist,4,K+K+,graph-both1000x3-s2,val,graph,graph-both1000x3,0.1,100,486379,26862,1
graph,ref+age+refaults+rdist,4,K+K+,graph-both1000x3-s2,val,graph,graph-both1000x3,0.1,100,486379,110604,1
graph,ref+dirty+refaults+rdist,4,K+K+,graph-both1000x3-s2,val,graph,graph-both1000x3,0.1,100,97369,9337,0
graph,aging+sfreq+idle+age,4,K,graph-both1000x3-s2,val,graph,graph-both1000x3,0.1,100,146829,25684,0
graph,aging+sfreq+idle+dirty,4,K,graph-both1000x3-s2,val,graph,graph-both1000x3,0.1,100,84972,1101,0
graph,aging+sfreq+idle+refaults,4,K+K+,graph-both1000x3-s2,val,graph,graph-both1000x3,0.1,100,152899,66833,0
graph,aging+sfreq+idle+rdist,4,K+K+,graph-both1000x3-s2,val,graph,graph-both1000x3,0.1,100,94666,8035,0
graph,aging+sfreq+age+dirty,4,K,graph-both1000x3-s2,val,graph,graph-both1000x3,0.1,100,486379,154867,1
graph,aging+sfreq+age+refaults,4,K+K+,graph-both1000x3-s2,val,graph,graph-both1000x3,0.1,100,486379,54499,1
graph,aging+sfreq+age+rdist,4,K+K+,graph-both1000x3-s2,val,graph,graph-both1000x3,0.1,100,486379,229081,1
graph,aging+sfreq+dirty+refaults,4,K+K+,graph-both1000x3-s2,val,graph,graph-both1000x3,0.1,100,486379,102086,1
graph,aging+sfreq+dirty+rdist,4,K+K+,graph-both1000x3-s2,val,graph,graph-both1000x3,0.1,100,486379,21385,1
graph,aging+sfreq+refaults+rdist,4,K+K+,graph-both1000x3-s2,val,graph,graph-both1000x3,0.1,100,486379,106765,1
graph,aging+idle+age+dirty,4,K,graph-both1000x3-s2,val,graph,graph-both1000x3,0.1,100,84990,1154,0
graph,aging+idle+age+refaults,4,K+K+,graph-both1000x3-s2,val,graph,graph-both1000x3,0.1,100,89926,4270,0
graph,aging+idle+age+rdist,4,K+K+,graph-both1000x3-s2,val,graph,graph-both1000x3,0.1,100,91924,6097,0
graph,aging+idle+dirty+refaults,4,K+K+,graph-both1000x3-s2,val,graph,graph-both1000x3,0.1,100,88745,1596,0
graph,aging+idle+dirty+rdist,4,K+K+,graph-both1000x3-s2,val,graph,graph-both1000x3,0.1,100,85063,1196,0
graph,aging+idle+refaults+rdist,4,K+K+,graph-both1000x3-s2,val,graph,graph-both1000x3,0.1,100,88792,4013,0
graph,aging+age+dirty+refaults,4,K+K+,graph-both1000x3-s2,val,graph,graph-both1000x3,0.1,100,486379,95907,1
graph,aging+age+dirty+rdist,4,K+K+,graph-both1000x3-s2,val,graph,graph-both1000x3,0.1,100,486379,27931,1
graph,aging+age+refaults+rdist,4,K+K+,graph-both1000x3-s2,val,graph,graph-both1000x3,0.1,100,486379,312454,1
graph,aging+dirty+refaults+rdist,4,K+K+,graph-both1000x3-s2,val,graph,graph-both1000x3,0.1,100,96575,9424,0
graph,sfreq+idle+age+dirty,4,K,graph-both1000x3-s2,val,graph,graph-both1000x3,0.1,100,85076,1108,0
graph,sfreq+idle+age+refaults,4,K+K+,graph-both1000x3-s2,val,graph,graph-both1000x3,0.1,100,98631,13162,0
graph,sfreq+idle+age+rdist,4,K+K+,graph-both1000x3-s2,val,graph,graph-both1000x3,0.1,100,94601,8684,0
graph,sfreq+idle+dirty+refaults,4,K+K+,graph-both1000x3-s2,val,graph,graph-both1000x3,0.1,100,122694,35393,0
graph,sfreq+idle+dirty+rdist,4,K+K+,graph-both1000x3-s2,val,graph,graph-both1000x3,0.1,100,84985,1156,0
graph,sfreq+idle+refaults+rdist,4,K+K+,graph-both1000x3-s2,val,graph,graph-both1000x3,0.1,100,116683,31489,0
graph,sfreq+age+dirty+refaults,4,K+K+,graph-both1000x3-s2,val,graph,graph-both1000x3,0.1,100,486379,109999,1
graph,sfreq+age+dirty+rdist,4,K+K+,graph-both1000x3-s2,val,graph,graph-both1000x3,0.1,100,486379,126161,1
graph,sfreq+age+refaults+rdist,4,K+K+,graph-both1000x3-s2,val,graph,graph-both1000x3,0.1,100,486379,90203,1
graph,sfreq+dirty+refaults+rdist,4,K+K+,graph-both1000x3-s2,val,graph,graph-both1000x3,0.1,100,486379,49496,1
graph,idle+age+dirty+refaults,4,K+K+,graph-both1000x3-s2,val,graph,graph-both1000x3,0.1,100,89704,2736,0
graph,idle+age+dirty+rdist,4,K+K+,graph-both1000x3-s2,val,graph,graph-both1000x3,0.1,100,84983,1196,0
graph,idle+age+refaults+rdist,4,K+K+,graph-both1000x3-s2,val,graph,graph-both1000x3,0.1,100,87686,3168,0
graph,idle+dirty+refaults+rdist,4,K+K+,graph-both1000x3-s2,val,graph,graph-both1000x3,0.1,100,86330,1483,0
graph,age+dirty+refaults+rdist,4,K+K+,graph-both1000x3-s2,val,graph,graph-both1000x3,0.1,100,486379,72195,1
graph,ref+aging+sfreq+idle+age,5,K,graph-both1000x3-s2,val,graph,graph-both1000x3,0.1,100,146837,25692,0
graph,ref+aging+sfreq+idle+dirty,5,K,graph-both1000x3-s2,val,graph,graph-both1000x3,0.1,100,85059,1106,0
graph,ref+aging+sfreq+idle+refaults,5,K+K+,graph-both1000x3-s2,val,graph,graph-both1000x3,0.1,100,153858,67825,0
graph,ref+aging+sfreq+idle+rdist,5,K+K+,graph-both1000x3-s2,val,graph,graph-both1000x3,0.1,100,95193,8321,0
graph,ref+aging+sfreq+age+dirty,5,K,graph-both1000x3-s2,val,graph,graph-both1000x3,0.1,100,486379,154862,1
graph,ref+aging+sfreq+age+refaults,5,K+K+,graph-both1000x3-s2,val,graph,graph-both1000x3,0.1,100,486379,64266,1
graph,ref+aging+sfreq+age+rdist,5,K+K+,graph-both1000x3-s2,val,graph,graph-both1000x3,0.1,100,486379,234129,1
graph,ref+aging+sfreq+dirty+refaults,5,K+K+,graph-both1000x3-s2,val,graph,graph-both1000x3,0.1,100,486379,108819,1
graph,ref+aging+sfreq+dirty+rdist,5,K+K+,graph-both1000x3-s2,val,graph,graph-both1000x3,0.1,100,486379,21519,1
graph,ref+aging+sfreq+refaults+rdist,5,K+K+,graph-both1000x3-s2,val,graph,graph-both1000x3,0.1,100,486379,108817,1
graph,ref+aging+idle+age+dirty,5,K,graph-both1000x3-s2,val,graph,graph-both1000x3,0.1,100,84988,1149,0
graph,ref+aging+idle+age+refaults,5,K+K+,graph-both1000x3-s2,val,graph,graph-both1000x3,0.1,100,89734,4412,0
graph,ref+aging+idle+age+rdist,5,K+K+,graph-both1000x3-s2,val,graph,graph-both1000x3,0.1,100,92364,6300,0
graph,ref+aging+idle+dirty+refaults,5,K+K+,graph-both1000x3-s2,val,graph,graph-both1000x3,0.1,100,88971,1605,0
graph,ref+aging+idle+dirty+rdist,5,K+K+,graph-both1000x3-s2,val,graph,graph-both1000x3,0.1,100,85077,1195,0
graph,ref+aging+idle+refaults+rdist,5,K+K+,graph-both1000x3-s2,val,graph,graph-both1000x3,0.1,100,88757,3998,0
graph,ref+aging+age+dirty+refaults,5,K+K+,graph-both1000x3-s2,val,graph,graph-both1000x3,0.1,100,486379,96432,1
graph,ref+aging+age+dirty+rdist,5,K+K+,graph-both1000x3-s2,val,graph,graph-both1000x3,0.1,100,486379,27909,1
graph,ref+aging+age+refaults+rdist,5,K+K+,graph-both1000x3-s2,val,graph,graph-both1000x3,0.1,100,486379,341339,1
graph,ref+aging+dirty+refaults+rdist,5,K+K+,graph-both1000x3-s2,val,graph,graph-both1000x3,0.1,100,97184,10063,0
graph,ref+sfreq+idle+age+dirty,5,K,graph-both1000x3-s2,val,graph,graph-both1000x3,0.1,100,87007,1267,0
graph,ref+sfreq+idle+age+refaults,5,K+K+,graph-both1000x3-s2,val,graph,graph-both1000x3,0.1,100,99044,13622,0
graph,ref+sfreq+idle+age+rdist,5,K+K+,graph-both1000x3-s2,val,graph,graph-both1000x3,0.1,100,97627,10192,0
graph,ref+sfreq+idle+dirty+refaults,5,K+K+,graph-both1000x3-s2,val,graph,graph-both1000x3,0.1,100,127908,40589,0
graph,ref+sfreq+idle+dirty+rdist,5,K+K+,graph-both1000x3-s2,val,graph,graph-both1000x3,0.1,100,84979,1158,0
graph,ref+sfreq+idle+refaults+rdist,5,K+K+,graph-both1000x3-s2,val,graph,graph-both1000x3,0.1,100,131000,45443,0
graph,ref+sfreq+age+dirty+refaults,5,K+K+,graph-both1000x3-s2,val,graph,graph-both1000x3,0.1,100,486379,114731,1
graph,ref+sfreq+age+dirty+rdist,5,K+K+,graph-both1000x3-s2,val,graph,graph-both1000x3,0.1,100,264659,64525,0
graph,ref+sfreq+age+refaults+rdist,5,K+K+,graph-both1000x3-s2,val,graph,graph-both1000x3,0.1,100,486379,92001,1
graph,ref+sfreq+dirty+refaults+rdist,5,K+K+,graph-both1000x3-s2,val,graph,graph-both1000x3,0.1,100,486379,60454,1
graph,ref+idle+age+dirty+refaults,5,K+K+,graph-both1000x3-s2,val,graph,graph-both1000x3,0.1,100,89629,2791,0
graph,ref+idle+age+dirty+rdist,5,K+K+,graph-both1000x3-s2,val,graph,graph-both1000x3,0.1,100,85040,1200,0
graph,ref+idle+age+refaults+rdist,5,K+K+,graph-both1000x3-s2,val,graph,graph-both1000x3,0.1,100,87780,3426,0
graph,ref+idle+dirty+refaults+rdist,5,K+K+,graph-both1000x3-s2,val,graph,graph-both1000x3,0.1,100,86233,1488,0
graph,ref+age+dirty+refaults+rdist,5,K+K+,graph-both1000x3-s2,val,graph,graph-both1000x3,0.1,100,486379,92868,1
graph,aging+sfreq+idle+age+dirty,5,K,graph-both1000x3-s2,val,graph,graph-both1000x3,0.1,100,87614,1321,0
graph,aging+sfreq+idle+age+refaults,5,K+K+,graph-both1000x3-s2,val,graph,graph-both1000x3,0.1,100,101932,16823,0
graph,aging+sfreq+idle+age+rdist,5,K+K+,graph-both1000x3-s2,val,graph,graph-both1000x3,0.1,100,99790,10990,0
graph,aging+sfreq+idle+dirty+refaults,5,K+K+,graph-both1000x3-s2,val,graph,graph-both1000x3,0.1,100,136179,48443,0
graph,aging+sfreq+idle+dirty+rdist,5,K+K+,graph-both1000x3-s2,val,graph,graph-both1000x3,0.1,100,84980,1155,0
graph,aging+sfreq+idle+refaults+rdist,5,K+K+,graph-both1000x3-s2,val,graph,graph-both1000x3,0.1,100,151212,65938,0
graph,aging+sfreq+age+dirty+refaults,5,K+K+,graph-both1000x3-s2,val,graph,graph-both1000x3,0.1,100,486379,103120,1
graph,aging+sfreq+age+dirty+rdist,5,K+K+,graph-both1000x3-s2,val,graph,graph-both1000x3,0.1,100,210848,61541,0
graph,aging+sfreq+age+refaults+rdist,5,K+K+,graph-both1000x3-s2,val,graph,graph-both1000x3,0.1,100,486379,116795,1
graph,aging+sfreq+dirty+refaults+rdist,5,K+K+,graph-both1000x3-s2,val,graph,graph-both1000x3,0.1,100,486379,120361,1
graph,aging+idle+age+dirty+refaults,5,K+K+,graph-both1000x3-s2,val,graph,graph-both1000x3,0.1,100,89409,3332,0
graph,aging+idle+age+dirty+rdist,5,K+K+,graph-both1000x3-s2,val,graph,graph-both1000x3,0.1,100,85060,1192,0
graph,aging+idle+age+refaults+rdist,5,K+K+,graph-both1000x3-s2,val,graph,graph-both1000x3,0.1,100,88333,4254,0
graph,aging+idle+dirty+refaults+rdist,5,K+K+,graph-both1000x3-s2,val,graph,graph-both1000x3,0.1,100,86333,1507,0
graph,aging+age+dirty+refaults+rdist,5,K+K+,graph-both1000x3-s2,val,graph,graph-both1000x3,0.1,100,486379,194359,1
graph,sfreq+idle+age+dirty+refaults,5,K+K+,graph-both1000x3-s2,val,graph,graph-both1000x3,0.1,100,93898,7265,0
graph,sfreq+idle+age+dirty+rdist,5,K+K+,graph-both1000x3-s2,val,graph,graph-both1000x3,0.1,100,84878,1089,0
graph,sfreq+idle+age+refaults+rdist,5,K+K+,graph-both1000x3-s2,val,graph,graph-both1000x3,0.1,100,94589,9987,0
graph,sfreq+idle+dirty+refaults+rdist,5,K+K+,graph-both1000x3-s2,val,graph,graph-both1000x3,0.1,100,111454,25889,0
graph,sfreq+age+dirty+refaults+rdist,5,K+K+,graph-both1000x3-s2,val,graph,graph-both1000x3,0.1,100,486379,121935,1
graph,idle+age+dirty+refaults+rdist,5,K+K+,graph-both1000x3-s2,val,graph,graph-both1000x3,0.1,100,87727,2713,0
graph,ref+aging+sfreq+idle+age+dirty,6,K,graph-both1000x3-s2,val,graph,graph-both1000x3,0.1,100,87626,1324,0
graph,ref+aging+sfreq+idle+age+refaults,6,K+K+,graph-both1000x3-s2,val,graph,graph-both1000x3,0.1,100,101580,16512,0
graph,ref+aging+sfreq+idle+age+rdist,6,K+K+,graph-both1000x3-s2,val,graph,graph-both1000x3,0.1,100,99770,10983,0
graph,ref+aging+sfreq+idle+dirty+refaults,6,K+K+,graph-both1000x3-s2,val,graph,graph-both1000x3,0.1,100,137611,49540,0
graph,ref+aging+sfreq+idle+dirty+rdist,6,K+K+,graph-both1000x3-s2,val,graph,graph-both1000x3,0.1,100,84982,1153,0
graph,ref+aging+sfreq+idle+refaults+rdist,6,K+K+,graph-both1000x3-s2,val,graph,graph-both1000x3,0.1,100,152500,67292,0
graph,ref+aging+sfreq+age+dirty+refaults,6,K+K+,graph-both1000x3-s2,val,graph,graph-both1000x3,0.1,100,486379,106123,1
graph,ref+aging+sfreq+age+dirty+rdist,6,K+K+,graph-both1000x3-s2,val,graph,graph-both1000x3,0.1,100,238620,74001,0
graph,ref+aging+sfreq+age+refaults+rdist,6,K+K+,graph-both1000x3-s2,val,graph,graph-both1000x3,0.1,100,486379,115748,1
graph,ref+aging+sfreq+dirty+refaults+rdist,6,K+K+,graph-both1000x3-s2,val,graph,graph-both1000x3,0.1,100,486379,144128,1
graph,ref+aging+idle+age+dirty+refaults,6,K+K+,graph-both1000x3-s2,val,graph,graph-both1000x3,0.1,100,89149,3548,0
graph,ref+aging+idle+age+dirty+rdist,6,K+K+,graph-both1000x3-s2,val,graph,graph-both1000x3,0.1,100,85059,1192,0
graph,ref+aging+idle+age+refaults+rdist,6,K+K+,graph-both1000x3-s2,val,graph,graph-both1000x3,0.1,100,88776,4710,0
graph,ref+aging+idle+dirty+refaults+rdist,6,K+K+,graph-both1000x3-s2,val,graph,graph-both1000x3,0.1,100,86308,1494,0
graph,ref+aging+age+dirty+refaults+rdist,6,K+K+,graph-both1000x3-s2,val,graph,graph-both1000x3,0.1,100,486379,187302,1
graph,ref+sfreq+idle+age+dirty+refaults,6,K+K+,graph-both1000x3-s2,val,graph,graph-both1000x3,0.1,100,94164,7791,0
graph,ref+sfreq+idle+age+dirty+rdist,6,K+K+,graph-both1000x3-s2,val,graph,graph-both1000x3,0.1,100,85026,1120,0
graph,ref+sfreq+idle+age+refaults+rdist,6,K+K+,graph-both1000x3-s2,val,graph,graph-both1000x3,0.1,100,96929,12508,0
graph,ref+sfreq+idle+dirty+refaults+rdist,6,K+K+,graph-both1000x3-s2,val,graph,graph-both1000x3,0.1,100,122482,36809,0
graph,ref+sfreq+age+dirty+refaults+rdist,6,K+K+,graph-both1000x3-s2,val,graph,graph-both1000x3,0.1,100,486379,122996,1
graph,ref+idle+age+dirty+refaults+rdist,6,K+K+,graph-both1000x3-s2,val,graph,graph-both1000x3,0.1,100,87699,2958,0
graph,aging+sfreq+idle+age+dirty+refaults,6,K+K+,graph-both1000x3-s2,val,graph,graph-both1000x3,0.1,100,95465,9992,0
graph,aging+sfreq+idle+age+dirty+rdist,6,K+K+,graph-both1000x3-s2,val,graph,graph-both1000x3,0.1,100,85155,1137,0
graph,aging+sfreq+idle+age+refaults+rdist,6,K+K+,graph-both1000x3-s2,val,graph,graph-both1000x3,0.1,100,102345,17947,0
graph,aging+sfreq+idle+dirty+refaults+rdist,6,K+K+,graph-both1000x3-s2,val,graph,graph-both1000x3,0.1,100,140895,55420,0
graph,aging+sfreq+age+dirty+refaults+rdist,6,K+K+,graph-both1000x3-s2,val,graph,graph-both1000x3,0.1,100,486379,123987,1
graph,aging+idle+age+dirty+refaults+rdist,6,K+K+,graph-both1000x3-s2,val,graph,graph-both1000x3,0.1,100,88244,3929,0
graph,sfreq+idle+age+dirty+refaults+rdist,6,K+K+,graph-both1000x3-s2,val,graph,graph-both1000x3,0.1,100,92046,7038,0
graph,ref+aging+sfreq+idle+age+dirty+refaults,7,K+K+,graph-both1000x3-s2,val,graph,graph-both1000x3,0.1,100,94817,9502,0
graph,ref+aging+sfreq+idle+age+dirty+rdist,7,K+K+,graph-both1000x3-s2,val,graph,graph-both1000x3,0.1,100,85165,1136,0
graph,ref+aging+sfreq+idle+age+refaults+rdist,7,K+K+,graph-both1000x3-s2,val,graph,graph-both1000x3,0.1,100,102062,17760,0
graph,ref+aging+sfreq+idle+dirty+refaults+rdist,7,K+K+,graph-both1000x3-s2,val,graph,graph-both1000x3,0.1,100,141892,56226,0
graph,ref+aging+sfreq+age+dirty+refaults+rdist,7,K+K+,graph-both1000x3-s2,val,graph,graph-both1000x3,0.1,100,486379,138521,1
graph,ref+aging+idle+age+dirty+refaults+rdist,7,K+K+,graph-both1000x3-s2,val,graph,graph-both1000x3,0.1,100,88466,4215,0
graph,ref+sfreq+idle+age+dirty+refaults+rdist,7,K+K+,graph-both1000x3-s2,val,graph,graph-both1000x3,0.1,100,93399,8604,0
graph,aging+sfreq+idle+age+dirty+refaults+rdist,7,K+K+,graph-both1000x3-s2,val,graph,graph-both1000x3,0.1,100,96233,11664,0
graph,ref+aging+sfreq+idle+age+dirty+refaults+rdist,8,K+K+,graph-both1000x3-s2,val,graph,graph-both1000x3,0.1,100,96163,11693,0
graph,rec+ref+aging+sfreq+idle+age+dirty,7,F+K,graph-both1000x3-s2,val,graph,graph-both1000x3,0.1,100,84891,1167,0
graph,rec+ref+aging+sfreq+idle+age+dirty+refaults+rdist,9,F+K+K+,graph-both1000x3-s2,val,graph,graph-both1000x3,0.1,100,85573,1617,0
graph,freq+ref+aging+sfreq+idle+age+dirty,7,F+K,graph-both1000x3-s2,val,graph,graph-both1000x3,0.1,100,88111,3339,0
graph,freq+ref+aging+sfreq+idle+age+dirty+refaults+rdist,9,F+K+K+,graph-both1000x3-s2,val,graph,graph-both1000x3,0.1,100,121255,36224,0
graph,sd+ref+aging+sfreq+idle+age+dirty,7,F+K,graph-both1000x3-s2,val,graph,graph-both1000x3,0.1,100,84992,1243,0
graph,sd+ref+aging+sfreq+idle+age+dirty+refaults+rdist,9,F+K+K+,graph-both1000x3-s2,val,graph,graph-both1000x3,0.1,100,186869,100446,0
graph,wr+ref+aging+sfreq+idle+age+dirty,7,F+K,graph-both1000x3-s2,val,graph,graph-both1000x3,0.1,100,90489,3268,0
graph,wr+ref+aging+sfreq+idle+age+dirty+refaults+rdist,9,F+K+K+,graph-both1000x3-s2,val,graph,graph-both1000x3,0.1,100,101252,16117,0
graph,rec+freq+ref+aging+sfreq+idle+age+dirty,8,F+K,graph-both1000x3-s2,val,graph,graph-both1000x3,0.1,100,85976,2075,0
graph,rec+freq+ref+aging+sfreq+idle+age+dirty+refaults+rdist,10,F+K+K+,graph-both1000x3-s2,val,graph,graph-both1000x3,0.1,100,85577,1591,0
graph,rec+sd+ref+aging+sfreq+idle+age+dirty,8,F+K,graph-both1000x3-s2,val,graph,graph-both1000x3,0.1,100,84887,1165,0
graph,rec+sd+ref+aging+sfreq+idle+age+dirty+refaults+rdist,10,F+K+K+,graph-both1000x3-s2,val,graph,graph-both1000x3,0.1,100,85205,1365,0
graph,rec+wr+ref+aging+sfreq+idle+age+dirty,8,F+K,graph-both1000x3-s2,val,graph,graph-both1000x3,0.1,100,85902,1200,0
graph,rec+wr+ref+aging+sfreq+idle+age+dirty+refaults+rdist,10,F+K+K+,graph-both1000x3-s2,val,graph,graph-both1000x3,0.1,100,86186,1359,0
graph,freq+sd+ref+aging+sfreq+idle+age+dirty,8,F+K,graph-both1000x3-s2,val,graph,graph-both1000x3,0.1,100,101904,13602,0
graph,freq+sd+ref+aging+sfreq+idle+age+dirty+refaults+rdist,10,F+K+K+,graph-both1000x3-s2,val,graph,graph-both1000x3,0.1,100,241866,150127,0
graph,freq+wr+ref+aging+sfreq+idle+age+dirty,8,F+K,graph-both1000x3-s2,val,graph,graph-both1000x3,0.1,100,99386,3921,0
graph,freq+wr+ref+aging+sfreq+idle+age+dirty+refaults+rdist,10,F+K+K+,graph-both1000x3-s2,val,graph,graph-both1000x3,0.1,100,136782,49907,0
graph,sd+wr+ref+aging+sfreq+idle+age+dirty,8,F+K,graph-both1000x3-s2,val,graph,graph-both1000x3,0.1,100,116665,29443,0
graph,sd+wr+ref+aging+sfreq+idle+age+dirty+refaults+rdist,10,F+K+K+,graph-both1000x3-s2,val,graph,graph-both1000x3,0.1,100,421253,213248,0
graph,rec+freq+sd+ref+aging+sfreq+idle+age+dirty,9,F+K,graph-both1000x3-s2,val,graph,graph-both1000x3,0.1,100,86125,2350,0
graph,rec+freq+sd+ref+aging+sfreq+idle+age+dirty+refaults+rdist,11,F+K+K+,graph-both1000x3-s2,val,graph,graph-both1000x3,0.1,100,85362,1548,0
graph,rec+freq+wr+ref+aging+sfreq+idle+age+dirty,9,F+K,graph-both1000x3-s2,val,graph,graph-both1000x3,0.1,100,85949,1369,0
graph,rec+freq+wr+ref+aging+sfreq+idle+age+dirty+refaults+rdist,11,F+K+K+,graph-both1000x3-s2,val,graph,graph-both1000x3,0.1,100,86119,1334,0
graph,rec+sd+wr+ref+aging+sfreq+idle+age+dirty,9,F+K,graph-both1000x3-s2,val,graph,graph-both1000x3,0.1,100,85082,1209,0
graph,rec+sd+wr+ref+aging+sfreq+idle+age+dirty+refaults+rdist,11,F+K+K+,graph-both1000x3-s2,val,graph,graph-both1000x3,0.1,100,85369,1330,0
graph,freq+sd+wr+ref+aging+sfreq+idle+age+dirty,9,F+K,graph-both1000x3-s2,val,graph,graph-both1000x3,0.1,100,375897,158539,0
graph,freq+sd+wr+ref+aging+sfreq+idle+age+dirty+refaults+rdist,11,F+K+K+,graph-both1000x3-s2,val,graph,graph-both1000x3,0.1,100,410198,222843,0
graph,rec+freq+sd+wr+ref+aging+sfreq+idle+age+dirty,10,F+K,graph-both1000x3-s2,val,graph,graph-both1000x3,0.1,100,85369,1397,0
graph,rec+freq+sd+wr+ref+aging+sfreq+idle+age+dirty+refaults+rdist,12,F+K+K+,graph-both1000x3-s2,val,graph,graph-both1000x3,0.1,100,85337,1344,0
global,rec,1,F,graph-both1000x3-s2,val,graph,graph-both1000x3,0.1,100,158455,29184,0
global,freq,1,F,graph-both1000x3-s2,val,graph,graph-both1000x3,0.1,100,486379,166921,1
global,sd,1,F,graph-both1000x3-s2,val,graph,graph-both1000x3,0.1,100,158455,29184,0
global,wr,1,F,graph-both1000x3-s2,val,graph,graph-both1000x3,0.1,100,486379,155127,1
global,rec+freq,2,F,graph-both1000x3-s2,val,graph,graph-both1000x3,0.1,100,118043,17430,0
global,rec+sd,2,F,graph-both1000x3-s2,val,graph,graph-both1000x3,0.1,100,158485,29213,0
global,rec+wr,2,F,graph-both1000x3-s2,val,graph,graph-both1000x3,0.1,100,158962,29342,0
global,freq+sd,2,F,graph-both1000x3-s2,val,graph,graph-both1000x3,0.1,100,94422,10589,0
global,freq+wr,2,F,graph-both1000x3-s2,val,graph,graph-both1000x3,0.1,100,486379,171281,1
global,sd+wr,2,F,graph-both1000x3-s2,val,graph,graph-both1000x3,0.1,100,162522,30705,0
global,rec+freq+sd,3,F,graph-both1000x3-s2,val,graph,graph-both1000x3,0.1,100,98554,9966,0
global,rec+freq+wr,3,F,graph-both1000x3-s2,val,graph,graph-both1000x3,0.1,100,114056,15465,0
global,rec+sd+wr,3,F,graph-both1000x3-s2,val,graph,graph-both1000x3,0.1,100,161926,30513,0
global,freq+sd+wr,3,F,graph-both1000x3-s2,val,graph,graph-both1000x3,0.1,100,94132,10308,0
global,rec+freq+sd+wr,4,F,graph-both1000x3-s2,val,graph,graph-both1000x3,0.1,100,98591,9983,0
global,ref,1,K,graph-both1000x3-s2,val,graph,graph-both1000x3,0.1,100,249937,57928,0
global,aging,1,K,graph-both1000x3-s2,val,graph,graph-both1000x3,0.1,100,236855,48052,0
global,sfreq,1,K,graph-both1000x3-s2,val,graph,graph-both1000x3,0.1,100,486379,121515,1
global,idle,1,K,graph-both1000x3-s2,val,graph,graph-both1000x3,0.1,100,158612,29338,0
global,age,1,K,graph-both1000x3-s2,val,graph,graph-both1000x3,0.1,100,252180,60013,0
global,dirty,1,K,graph-both1000x3-s2,val,graph,graph-both1000x3,0.1,100,486379,293889,1
global,refaults,1,K+,graph-both1000x3-s2,val,graph,graph-both1000x3,0.1,100,144587,33271,0
global,rdist,1,K+,graph-both1000x3-s2,val,graph,graph-both1000x3,0.1,100,486379,73515,1
global,ref+aging,2,K,graph-both1000x3-s2,val,graph,graph-both1000x3,0.1,100,236855,48052,0
global,ref+sfreq,2,K,graph-both1000x3-s2,val,graph,graph-both1000x3,0.1,100,486379,348520,1
global,ref+idle,2,K,graph-both1000x3-s2,val,graph,graph-both1000x3,0.1,100,158612,29338,0
global,ref+age,2,K,graph-both1000x3-s2,val,graph,graph-both1000x3,0.1,100,249937,57928,0
global,ref+dirty,2,K,graph-both1000x3-s2,val,graph,graph-both1000x3,0.1,100,486379,293617,1
global,ref+refaults,2,K+K+,graph-both1000x3-s2,val,graph,graph-both1000x3,0.1,100,122479,33027,0
global,ref+rdist,2,K+K+,graph-both1000x3-s2,val,graph,graph-both1000x3,0.1,100,486379,79436,1
global,aging+sfreq,2,K,graph-both1000x3-s2,val,graph,graph-both1000x3,0.1,100,486379,344902,1
global,aging+idle,2,K,graph-both1000x3-s2,val,graph,graph-both1000x3,0.1,100,158612,29338,0
global,aging+age,2,K,graph-both1000x3-s2,val,graph,graph-both1000x3,0.1,100,486379,315408,1
global,aging+dirty,2,K,graph-both1000x3-s2,val,graph,graph-both1000x3,0.1,100,486379,296283,1
global,aging+refaults,2,K+K+,graph-both1000x3-s2,val,graph,graph-both1000x3,0.1,100,118270,32042,0
global,aging+rdist,2,K+K+,graph-both1000x3-s2,val,graph,graph-both1000x3,0.1,100,486379,79622,1
global,sfreq+idle,2,K,graph-both1000x3-s2,val,graph,graph-both1000x3,0.1,100,138477,22261,0
global,sfreq+age,2,K,graph-both1000x3-s2,val,graph,graph-both1000x3,0.1,100,486379,327778,1
global,sfreq+dirty,2,K,graph-both1000x3-s2,val,graph,graph-both1000x3,0.1,100,486379,139001,1
global,sfreq+refaults,2,K+K+,graph-both1000x3-s2,val,graph,graph-both1000x3,0.1,100,486379,57483,1
global,sfreq+rdist,2,K+K+,graph-both1000x3-s2,val,graph,graph-both1000x3,0.1,100,486379,92325,1
global,idle+age,2,K,graph-both1000x3-s2,val,graph,graph-both1000x3,0.1,100,142204,23688,0
global,idle+dirty,2,K,graph-both1000x3-s2,val,graph,graph-both1000x3,0.1,100,167591,36794,0
global,idle+refaults,2,K+K+,graph-both1000x3-s2,val,graph,graph-both1000x3,0.1,100,112894,17617,0
global,idle+rdist,2,K+K+,graph-both1000x3-s2,val,graph,graph-both1000x3,0.1,100,89577,4700,0
global,age+dirty,2,K,graph-both1000x3-s2,val,graph,graph-both1000x3,0.1,100,274621,80039,0
global,age+refaults,2,K+K+,graph-both1000x3-s2,val,graph,graph-both1000x3,0.1,100,486379,68438,1
global,age+rdist,2,K+K+,graph-both1000x3-s2,val,graph,graph-both1000x3,0.1,100,486379,78185,1
global,dirty+refaults,2,K+K+,graph-both1000x3-s2,val,graph,graph-both1000x3,0.1,100,167947,16399,0
global,dirty+rdist,2,K+K+,graph-both1000x3-s2,val,graph,graph-both1000x3,0.1,100,486379,139484,1
global,refaults+rdist,2,K+,graph-both1000x3-s2,val,graph,graph-both1000x3,0.1,100,177883,31055,0
global,ref+aging+sfreq,3,K,graph-both1000x3-s2,val,graph,graph-both1000x3,0.1,100,486379,341696,1
global,ref+aging+idle,3,K,graph-both1000x3-s2,val,graph,graph-both1000x3,0.1,100,158612,29338,0
global,ref+aging+age,3,K,graph-both1000x3-s2,val,graph,graph-both1000x3,0.1,100,486379,315927,1
global,ref+aging+dirty,3,K,graph-both1000x3-s2,val,graph,graph-both1000x3,0.1,100,486379,296283,1
global,ref+aging+refaults,3,K+K+,graph-both1000x3-s2,val,graph,graph-both1000x3,0.1,100,118075,32000,0
global,ref+aging+rdist,3,K+K+,graph-both1000x3-s2,val,graph,graph-both1000x3,0.1,100,486379,79655,1
global,ref+sfreq+idle,3,K,graph-both1000x3-s2,val,graph,graph-both1000x3,0.1,100,125266,16817,0
global,ref+sfreq+age,3,K,graph-both1000x3-s2,val,graph,graph-both1000x3,0.1,100,486379,312994,1
global,ref+sfreq+dirty,3,K,graph-both1000x3-s2,val,graph,graph-both1000x3,0.1,100,486379,115497,1
global,ref+sfreq+refaults,3,K+K+,graph-both1000x3-s2,val,graph,graph-both1000x3,0.1,100,486379,135079,1
global,ref+sfreq+rdist,3,K+K+,graph-both1000x3-s2,val,graph,graph-both1000x3,0.1,100,486379,191758,1
global,ref+idle+age,3,K,graph-both1000x3-s2,val,graph,graph-both1000x3,0.1,100,135081,21010,0
global,ref+idle+dirty,3,K,graph-both1000x3-s2,val,graph,graph-both1000x3,0.1,100,166540,35904,0
global,ref+idle+refaults,3,K+K+,graph-both1000x3-s2,val,graph,graph-both1000x3,0.1,100,109912,17478,0
global,ref+idle+rdist,3,K+K+,graph-both1000x3-s2,val,graph,graph-both1000x3,0.1,100,93190,7562,0
global,ref+age+dirty,3,K,graph-both1000x3-s2,val,graph,graph-both1000x3,0.1,100,299509,103998,0
global,ref+age+refaults,3,K+K+,graph-both1000x3-s2,val,graph,graph-both1000x3,0.1,100,486379,296023,1
global,ref+age+rdist,3,K+K+,graph-both1000x3-s2,val,graph,graph-both1000x3,0.1,100,486379,79433,1
global,ref+dirty+refaults,3,K+K+,graph-both1000x3-s2,val,graph,graph-both1000x3,0.1,100,116196,21206,0
global,ref+dirty+rdist,3,K+K+,graph-both1000x3-s2,val,graph,graph-both1000x3,0.1,100,486379,82151,1
global,ref+refaults+rdist,3,K+K+,graph-both1000x3-s2,val,graph,graph-both1000x3,0.1,100,144859,43811,0
global,aging+sfreq+idle,3,K,graph-both1000x3-s2,val,graph,graph-both1000x3,0.1,100,148264,63992,0
global,aging+sfreq+age,3,K,graph-both1000x3-s2,val,graph,graph-both1000x3,0.1,100,486379,344903,1
global,aging+sfreq+dirty,3,K,graph-both1000x3-s2,val,graph,graph-both1000x3,0.1,100,486379,73055,1
global,aging+sfreq+refaults,3,K+K+,graph-both1000x3-s2,val,graph,graph-both1000x3,0.1,100,486379,199032,1
global,aging+sfreq+rdist,3,K+K+,graph-both1000x3-s2,val,graph,graph-both1000x3,0.1,100,486379,260885,1
global,aging+idle+age,3,K,graph-both1000x3-s2,val,graph,graph-both1000x3,0.1,100,87306,3570,0
global,aging+idle+dirty,3,K,graph-both1000x3-s2,val,graph,graph-both1000x3,0.1,100,164461,34083,0
global,aging+idle+refaults,3,K+K+,graph-both1000x3-s2,val,graph,graph-both1000x3,0.1,100,104646,15219,0
global,aging+idle+rdist,3,K+K+,graph-both1000x3-s2,val,graph,graph-both1000x3,0.1,100,486379,81723,1
global,aging+age+dirty,3,K,graph-both1000x3-s2,val,graph,graph-both1000x3,0.1,100,486379,250412,1
global,aging+age+refaults,3,K+K+,graph-both1000x3-s2,val,graph,graph-both1000x3,0.1,100,486379,345341,1
global,aging+age+rdist,3,K+K+,graph-both1000x3-s2,val,graph,graph-both1000x3,0.1,100,486379,348635,1
global,aging+dirty+refaults,3,K+K+,graph-both1000x3-s2,val,graph,graph-both1000x3,0.1,100,111518,20604,0
global,aging+dirty+rdist,3,K+K+,graph-both1000x3-s2,val,graph,graph-both1000x3,0.1,100,486379,83827,1
global,aging+refaults+rdist,3,K+K+,graph-both1000x3-s2,val,graph,graph-both1000x3,0.1,100,142387,44046,0
global,sfreq+idle+age,3,K,graph-both1000x3-s2,val,graph,graph-both1000x3,0.1,100,145083,24890,0
global,sfreq+idle+dirty,3,K,graph-both1000x3-s2,val,graph,graph-both1000x3,0.1,100,154366,36643,0
global,sfreq+idle+refaults,3,K+K+,graph-both1000x3-s2,val,graph,graph-both1000x3,0.1,100,105089,20109,0
global,sfreq+idle+rdist,3,K+K+,graph-both1000x3-s2,val,graph,graph-both1000x3,0.1,100,89453,4628,0
global,sfreq+age+dirty,3,K,graph-both1000x3-s2,val,graph,graph-both1000x3,0.1,100,486379,251559,1
global,sfreq+age+refaults,3,K+K+,graph-both1000x3-s2,val,graph,graph-both1000x3,0.1,100,486379,130034,1
global,sfreq+age+rdist,3,K+K+,graph-both1000x3-s2,val,graph,graph-both1000x3,0.1,100,486379,187752,1
global,sfreq+dirty+refaults,3,K+K+,graph-both1000x3-s2,val,graph,graph-both1000x3,0.1,100,486379,62344,1
global,sfreq+dirty+rdist,3,K+K+,graph-both1000x3-s2,val,graph,graph-both1000x3,0.1,100,486379,139375,1
global,sfreq+refaults+rdist,3,K+K+,graph-both1000x3-s2,val,graph,graph-both1000x3,0.1,100,486379,54805,1
global,idle+age+dirty,3,K,graph-both1000x3-s2,val,graph,graph-both1000x3,0.1,100,156529,37099,0
global,idle+age+refaults,3,K+K+,graph-both1000x3-s2,val,graph,graph-both1000x3,0.1,100,90724,3905,0
global,idle+age+rdist,3,K+K+,graph-both1000x3-s2,val,graph,graph-both1000x3,0.1,100,89010,4333,0
global,idle+dirty+refaults,3,K+K+,graph-both1000x3-s2,val,graph,graph-both1000x3,0.1,100,110864,14790,0
global,idle+dirty+rdist,3,K+K+,graph-both1000x3-s2,val,graph,graph-both1000x3,0.1,100,266461,59558,0
global,idle+refaults+rdist,3,K+K+,graph-both1000x3-s2,val,graph,graph-both1000x3,0.1,100,92656,5114,0
global,age+dirty+refaults,3,K+K+,graph-both1000x3-s2,val,graph,graph-both1000x3,0.1,100,486379,54825,1
global,age+dirty+rdist,3,K+K+,graph-both1000x3-s2,val,graph,graph-both1000x3,0.1,100,486379,124800,1
global,age+refaults+rdist,3,K+K+,graph-both1000x3-s2,val,graph,graph-both1000x3,0.1,100,486379,68187,1
global,dirty+refaults+rdist,3,K+K+,graph-both1000x3-s2,val,graph,graph-both1000x3,0.1,100,299474,105433,0
global,ref+aging+sfreq+idle,4,K,graph-both1000x3-s2,val,graph,graph-both1000x3,0.1,100,486379,356511,1
global,ref+aging+sfreq+age,4,K,graph-both1000x3-s2,val,graph,graph-both1000x3,0.1,100,486379,317168,1
global,ref+aging+sfreq+dirty,4,K,graph-both1000x3-s2,val,graph,graph-both1000x3,0.1,100,486379,69990,1
global,ref+aging+sfreq+refaults,4,K+K+,graph-both1000x3-s2,val,graph,graph-both1000x3,0.1,100,486379,201280,1
global,ref+aging+sfreq+rdist,4,K+K+,graph-both1000x3-s2,val,graph,graph-both1000x3,0.1,100,486379,250616,1
global,ref+aging+idle+age,4,K,graph-both1000x3-s2,val,graph,graph-both1000x3,0.1,100,350454,266102,0
global,ref+aging+idle+dirty,4,K,graph-both1000x3-s2,val,graph,graph-both1000x3,0.1,100,164614,34205,0
global,ref+aging+idle+refaults,4,K+K+,graph-both1000x3-s2,val,graph,graph-both1000x3,0.1,100,104376,15303,0
global,ref+aging+idle+rdist,4,K+K+,graph-both1000x3-s2,val,graph,graph-both1000x3,0.1,100,486379,85412,1
global,ref+aging+age+dirty,4,K,graph-both1000x3-s2,val,graph,graph-both1000x3,0.1,100,486379,252958,1
global,ref+aging+age+refaults,4,K+K+,graph-both1000x3-s2,val,graph,graph-both1000x3,0.1,100,486379,350234,1
global,ref+aging+age+rdist,4,K+K+,graph-both1000x3-s2,val,graph,graph-both1000x3,0.1,100,486379,326991,1
global,ref+aging+dirty+refaults,4,K+K+,graph-both1000x3-s2,val,graph,graph-both1000x3,0.1,100,110179,19798,0
global,ref+aging+dirty+rdist,4,K+K+,graph-both1000x3-s2,val,graph,graph-both1000x3,0.1,100,486379,82822,1
global,ref+aging+refaults+rdist,4,K+K+,graph-both1000x3-s2,val,graph,graph-both1000x3,0.1,100,138359,40641,0
global,ref+sfreq+idle+age,4,K,graph-both1000x3-s2,val,graph,graph-both1000x3,0.1,100,141886,23749,0
global,ref+sfreq+idle+dirty,4,K,graph-both1000x3-s2,val,graph,graph-both1000x3,0.1,100,147828,34572,0
global,ref+sfreq+idle+refaults,4,K+K+,graph-both1000x3-s2,val,graph,graph-both1000x3,0.1,100,286613,198629,0
global,ref+sfreq+idle+rdist,4,K+K+,graph-both1000x3-s2,val,graph,graph-both1000x3,0.1,100,92651,7153,0
global,ref+sfreq+age+dirty,4,K,graph-both1000x3-s2,val,graph,graph-both1000x3,0.1,100,486379,280281,1
global,ref+sfreq+age+refaults,4,K+K+,graph-both1000x3-s2,val,graph,graph-both1000x3,0.1,100,486379,171725,1
global,ref+sfreq+age+rdist,4,K+K+,graph-both1000x3-s2,val,graph,graph-both1000x3,0.1,100,486379,107838,1
global,ref+sfreq+dirty+refaults,4,K+K+,graph-both1000x3-s2,val,graph,graph-both1000x3,0.1,100,486379,150615,1
global,ref+sfreq+dirty+rdist,4,K+K+,graph-both1000x3-s2,val,graph,graph-both1000x3,0.1,100,486379,109032,1
global,ref+sfreq+refaults+rdist,4,K+K+,graph-both1000x3-s2,val,graph,graph-both1000x3,0.1,100,486379,137404,1
global,ref+idle+age+dirty,4,K,graph-both1000x3-s2,val,graph,graph-both1000x3,0.1,100,151892,35797,0
global,ref+idle+age+refaults,4,K+K+,graph-both1000x3-s2,val,graph,graph-both1000x3,0.1,100,91345,5585,0
global,ref+idle+age+rdist,4,K+K+,graph-both1000x3-s2,val,graph,graph-both1000x3,0.1,100,91591,6495,0
global,ref+idle+dirty+refaults,4,K+K+,graph-both1000x3-s2,val,graph,graph-both1000x3,0.1,100,105667,11327,0
global,ref+idle+dirty+rdist,4,K+K+,graph-both1000x3-s2,val,graph,graph-both1000x3,0.1,100,321356,73119,0
global,ref+idle+refaults+rdist,4,K+K+,graph-both1000x3-s2,val,graph,graph-both1000x3,0.1,100,111822,16270,0
global,ref+age+dirty+refaults,4,K+K+,graph-both1000x3-s2,val,graph,graph-both1000x3,0.1,100,486379,359319,1
global,ref+age+dirty+rdist,4,K+K+,graph-both1000x3-s2,val,graph,graph-both1000x3,0.1,100,486379,82558,1
global,ref+age+refaults+rdist,4,K+K+,graph-both1000x3-s2,val,graph,graph-both1000x3,0.1,100,486379,280869,1
global,ref+dirty+refaults+rdist,4,K+K+,graph-both1000x3-s2,val,graph,graph-both1000x3,0.1,100,150736,47929,0
global,aging+sfreq+idle+age,4,K,graph-both1000x3-s2,val,graph,graph-both1000x3,0.1,100,104396,9137,0
global,aging+sfreq+idle+dirty,4,K,graph-both1000x3-s2,val,graph,graph-both1000x3,0.1,100,171048,86411,0
global,aging+sfreq+idle+refaults,4,K+K+,graph-both1000x3-s2,val,graph,graph-both1000x3,0.1,100,486379,212209,1
global,aging+sfreq+idle+rdist,4,K+K+,graph-both1000x3-s2,val,graph,graph-both1000x3,0.1,100,486379,91587,1
global,aging+sfreq+age+dirty,4,K,graph-both1000x3-s2,val,graph,graph-both1000x3,0.1,100,486379,70725,1
global,aging+sfreq+age+refaults,4,K+K+,graph-both1000x3-s2,val,graph,graph-both1000x3,0.1,100,486379,229099,1
global,aging+sfreq+age+rdist,4,K+K+,graph-both1000x3-s2,val,graph,graph-both1000x3,0.1,100,486379,191813,1
global,aging+sfreq+dirty+refaults,4,K+K+,graph-both1000x3-s2,val,graph,graph-both1000x3,0.1,100,486379,190328,1
global,aging+sfreq+dirty+rdist,4,K+K+,graph-both1000x3-s2,val,graph,graph-both1000x3,0.1,100,486379,98351,1
global,aging+sfreq+refaults+rdist,4,K+K+,graph-both1000x3-s2,val,graph,graph-both1000x3,0.1,100,486379,131818,1
global,aging+idle+age+dirty,4,K,graph-both1000x3-s2,val,graph,graph-both1000x3,0.1,100,92505,8578,0
global,aging+idle+age+refaults,4,K+K+,graph-both1000x3-s2,val,graph,graph-both1000x3,0.1,100,102119,18245,0
global,aging+idle+age+rdist,4,K+K+,graph-both1000x3-s2,val,graph,graph-both1000x3,0.1,100,486379,358887,1
global,aging+idle+dirty+refaults,4,K+K+,graph-both1000x3-s2,val,graph,graph-both1000x3,0.1,100,99522,7395,0
global,aging+idle+dirty+rdist,4,K+K+,graph-both1000x3-s2,val,graph,graph-both1000x3,0.1,100,486379,97383,1
global,aging+idle+refaults+rdist,4,K+K+,graph-both1000x3-s2,val,graph,graph-both1000x3,0.1,100,486379,367989,1
global,aging+age+dirty+refaults,4,K+K+,graph-both1000x3-s2,val,graph,graph-both1000x3,0.1,100,486379,324830,1
global,aging+age+dirty+rdist,4,K+K+,graph-both1000x3-s2,val,graph,graph-both1000x3,0.1,100,486379,100417,1
global,aging+age+refaults+rdist,4,K+K+,graph-both1000x3-s2,val,graph,graph-both1000x3,0.1,100,486379,335697,1
global,aging+dirty+refaults+rdist,4,K+K+,graph-both1000x3-s2,val,graph,graph-both1000x3,0.1,100,140304,42576,0
global,sfreq+idle+age+dirty,4,K,graph-both1000x3-s2,val,graph,graph-both1000x3,0.1,100,158298,37368,0
global,sfreq+idle+age+refaults,4,K+K+,graph-both1000x3-s2,val,graph,graph-both1000x3,0.1,100,90433,4631,0
global,sfreq+idle+age+rdist,4,K+K+,graph-both1000x3-s2,val,graph,graph-both1000x3,0.1,100,94675,8343,0
global,sfreq+idle+dirty+refaults,4,K+K+,graph-both1000x3-s2,val,graph,graph-both1000x3,0.1,100,108604,23613,0
global,sfreq+idle+dirty+rdist,4,K+K+,graph-both1000x3-s2,val,graph,graph-both1000x3,0.1,100,205381,52416,0
global,sfreq+idle+refaults+rdist,4,K+K+,graph-both1000x3-s2,val,graph,graph-both1000x3,0.1,100,146489,58794,0
global,sfreq+age+dirty+refaults,4,K+K+,graph-both1000x3-s2,val,graph,graph-both1000x3,0.1,100,486379,121306,1
global,sfreq+age+dirty+rdist,4,K+K+,graph-both1000x3-s2,val,graph,graph-both1000x3,0.1,100,486379,80280,1
global,sfreq+age+refaults+rdist,4,K+K+,graph-both1000x3-s2,val,graph,graph-both1000x3,0.1,100,486379,115247,1
global,sfreq+dirty+refaults+rdist,4,K+K+,graph-both1000x3-s2,val,graph,graph-both1000x3,0.1,100,486379,73511,1
global,idle+age+dirty+refaults,4,K+K+,graph-both1000x3-s2,val,graph,graph-both1000x3,0.1,100,91147,4484,0
global,idle+age+dirty+rdist,4,K+K+,graph-both1000x3-s2,val,graph,graph-both1000x3,0.1,100,200175,50991,0
global,idle+age+refaults+rdist,4,K+K+,graph-both1000x3-s2,val,graph,graph-both1000x3,0.1,100,87410,3335,0
global,idle+dirty+refaults+rdist,4,K+K+,graph-both1000x3-s2,val,graph,graph-both1000x3,0.1,100,108002,7270,0
global,age+dirty+refaults+rdist,4,K+K+,graph-both1000x3-s2,val,graph,graph-both1000x3,0.1,100,486379,97939,1
global,ref+aging+sfreq+idle+age,5,K,graph-both1000x3-s2,val,graph,graph-both1000x3,0.1,100,109358,11964,0
global,ref+aging+sfreq+idle+dirty,5,K,graph-both1000x3-s2,val,graph,graph-both1000x3,0.1,100,486379,66346,1
global,ref+aging+sfreq+idle+refaults,5,K+K+,graph-both1000x3-s2,val,graph,graph-both1000x3,0.1,100,486379,179803,1
global,ref+aging+sfreq+idle+rdist,5,K+K+,graph-both1000x3-s2,val,graph,graph-both1000x3,0.1,100,486379,78993,1
global,ref+aging+sfreq+age+dirty,5,K,graph-both1000x3-s2,val,graph,graph-both1000x3,0.1,100,486379,252594,1
global,ref+aging+sfreq+age+refaults,5,K+K+,graph-both1000x3-s2,val,graph,graph-both1000x3,0.1,100,486379,287130,1
global,ref+aging+sfreq+age+rdist,5,K+K+,graph-both1000x3-s2,val,graph,graph-both1000x3,0.1,100,486379,269981,1
global,ref+aging+sfreq+dirty+refaults,5,K+K+,graph-both1000x3-s2,val,graph,graph-both1000x3,0.1,100,486379,196088,1
global,ref+aging+sfreq+dirty+rdist,5,K+K+,graph-both1000x3-s2,val,graph,graph-both1000x3,0.1,100,486379,99140,1
global,ref+aging+sfreq+refaults+rdist,5,K+K+,graph-both1000x3-s2,val,graph,graph-both1000x3,0.1,100,486379,142195,1
global,ref+aging+idle+age+dirty,5,K,graph-both1000x3-s2,val,graph,graph-both1000x3,0.1,100,486379,83576,1
global,ref+aging+idle+age+refaults,5,K+K+,graph-both1000x3-s2,val,graph,graph-both1000x3,0.1,100,229550,143873,0
global,ref+aging+idle+age+rdist,5,K+K+,graph-both1000x3-s2,val,graph,graph-both1000x3,0.1,100,486379,281782,1
global,ref+aging+idle+dirty+refaults,5,K+K+,graph-both1000x3-s2,val,graph,graph-both1000x3,0.1,100,99144,7272,0
global,ref+aging+idle+dirty+rdist,5,K+K+,graph-both1000x3-s2,val,graph,graph-both1000x3,0.1,100,486379,100415,1
global,ref+aging+idle+refaults+rdist,5,K+K+,graph-both1000x3-s2,val,graph,graph-both1000x3,0.1,100,486379,370370,1
global,ref+aging+age+dirty+refaults,5,K+K+,graph-both1000x3-s2,val,graph,graph-both1000x3,0.1,100,486379,352769,1
global,ref+aging+age+dirty+rdist,5,K+K+,graph-both1000x3-s2,val,graph,graph-both1000x3,0.1,100,486379,72774,1
global,ref+aging+age+refaults+rdist,5,K+K+,graph-both1000x3-s2,val,graph,graph-both1000x3,0.1,100,486379,185622,1
global,ref+aging+dirty+refaults+rdist,5,K+K+,graph-both1000x3-s2,val,graph,graph-both1000x3,0.1,100,141569,43666,0
global,ref+sfreq+idle+age+dirty,5,K,graph-both1000x3-s2,val,graph,graph-both1000x3,0.1,100,155474,36535,0
global,ref+sfreq+idle+age+refaults,5,K+K+,graph-both1000x3-s2,val,graph,graph-both1000x3,0.1,100,89769,5135,0
global,ref+sfreq+idle+age+rdist,5,K+K+,graph-both1000x3-s2,val,graph,graph-both1000x3,0.1,100,95842,9795,0
global,ref+sfreq+idle+dirty+refaults,5,K+K+,graph-both1000x3-s2,val,graph,graph-both1000x3,0.1,100,314045,224473,0
global,ref+sfreq+idle+dirty+rdist,5,K+K+,graph-both1000x3-s2,val,graph,graph-both1000x3,0.1,100,273377,70870,0
global,ref+sfreq+idle+refaults+rdist,5,K+K+,graph-both1000x3-s2,val,graph,graph-both1000x3,0.1,100,486379,247327,1
global,ref+sfreq+age+dirty+refaults,5,K+K+,graph-both1000x3-s2,val,graph,graph-both1000x3,0.1,100,486379,197896,1
global,ref+sfreq+age+dirty+rdist,5,K+K+,graph-both1000x3-s2,val,graph,graph-both1000x3,0.1,100,486379,80854,1
global,ref+sfreq+age+refaults+rdist,5,K+K+,graph-both1000x3-s2,val,graph,graph-both1000x3,0.1,100,486379,120976,1
global,ref+sfreq+dirty+refaults+rdist,5,K+K+,graph-both1000x3-s2,val,graph,graph-both1000x3,0.1,100,486379,98570,1
global,ref+idle+age+dirty+refaults,5,K+K+,graph-both1000x3-s2,val,graph,graph-both1000x3,0.1,100,89797,4887,0
global,ref+idle+age+dirty+rdist,5,K+K+,graph-both1000x3-s2,val,graph,graph-both1000x3,0.1,100,220625,60012,0
global,ref+idle+age+refaults+rdist,5,K+K+,graph-both1000x3-s2,val,graph,graph-both1000x3,0.1,100,94170,8774,0
global,ref+idle+dirty+refaults+rdist,5,K+K+,graph-both1000x3-s2,val,graph,graph-both1000x3,0.1,100,115392,17679,0
global,ref+age+dirty+refaults+rdist,5,K+K+,graph-both1000x3-s2,val,graph,graph-both1000x3,0.1,100,486379,294327,1
global,aging+sfreq+idle+age+dirty,5,K,graph-both1000x3-s2,val,graph,graph-both1000x3,0.1,100,140899,35670,0
global,aging+sfreq+idle+age+refaults,5,K+K+,graph-both1000x3-s2,val,graph,graph-both1000x3,0.1,100,93241,9340,0
global,aging+sfreq+idle+age+rdist,5,K+K+,graph-both1000x3-s2,val,graph,graph-both1000x3,0.1,100,483042,79086,0
global,aging+sfreq+idle+dirty+refaults,5,K+K+,graph-both1000x3-s2,val,graph,graph-both1000x3,0.1,100,486379,216984,1
global,aging+sfreq+idle+dirty+rdist,5,K+K+,graph-both1000x3-s2,val,graph,graph-both1000x3,0.1,100,486379,100256,1
global,aging+sfreq+idle+refaults+rdist,5,K+K+,graph-both1000x3-s2,val,graph,graph-both1000x3,0.1,100,486379,88915,1
global,aging+sfreq+age+dirty+refaults,5,K+K+,graph-both1000x3-s2,val,graph,graph-both1000x3,0.1,100,486379,221131,1
global,aging+sfreq+age+dirty+rdist,5,K+K+,graph-both1000x3-s2,val,graph,graph-both1000x3,0.1,100,486379,71869,1
global,aging+sfreq+age+refaults+rdist,5,K+K+,graph-both1000x3-s2,val,graph,graph-both1000x3,0.1,100,486379,354531,1
global,aging+sfreq+dirty+refaults+rdist,5,K+K+,graph-both1000x3-s2,val,graph,graph-both1000x3,0.1,100,486379,111859,1
global,aging+idle+age+dirty+refaults,5,K+K+,graph-both1000x3-s2,val,graph,graph-both1000x3,0.1,100,105489,21609,0
global,aging+idle+age+dirty+rdist,5,K+K+,graph-both1000x3-s2,val,graph,graph-both1000x3,0.1,100,486379,98599,1
global,aging+idle+age+refaults+rdist,5,K+K+,graph-both1000x3-s2,val,graph,graph-both1000x3,0.1,100,486379,398762,1
global,aging+idle+dirty+refaults+rdist,5,K+K+,graph-both1000x3-s2,val,graph,graph-both1000x3,0.1,100,486379,369583,1
global,aging+age+dirty+refaults+rdist,5,K+K+,graph-both1000x3-s2,val,graph,graph-both1000x3,0.1,100,486379,345037,1
global,sfreq+idle+age+dirty+refaults,5,K+K+,graph-both1000x3-s2,val,graph,graph-both1000x3,0.1,100,90041,4549,0
global,sfreq+idle+age+dirty+rdist,5,K+K+,graph-both1000x3-s2,val,graph,graph-both1000x3,0.1,100,300283,58651,0
global,sfreq+idle+age+refaults+rdist,5,K+K+,graph-both1000x3-s2,val,graph,graph-both1000x3,0.1,100,86941,2857,0
global,sfreq+idle+dirty+refaults+rdist,5,K+K+,graph-both1000x3-s2,val,graph,graph-both1000x3,0.1,100,202957,114319,0
global,sfreq+age+dirty+refaults+rdist,5,K+K+,graph-both1000x3-s2,val,graph,graph-both1000x3,0.1,100,486379,70961,1
global,idle+age+dirty+refaults+rdist,5,K+K+,graph-both1000x3-s2,val,graph,graph-both1000x3,0.1,100,89233,4526,0
global,ref+aging+sfreq+idle+age+dirty,6,K,graph-both1000x3-s2,val,graph,graph-both1000x3,0.1,100,180421,33376,0
global,ref+aging+sfreq+idle+age+refaults,6,K+K+,graph-both1000x3-s2,val,graph,graph-both1000x3,0.1,100,93109,9297,0
global,ref+aging+sfreq+idle+age+rdist,6,K+K+,graph-both1000x3-s2,val,graph,graph-both1000x3,0.1,100,486379,141977,1
global,ref+aging+sfreq+idle+dirty+refaults,6,K+K+,graph-both1000x3-s2,val,graph,graph-both1000x3,0.1,100,486379,162138,1
global,ref+aging+sfreq+idle+dirty+rdist,6,K+K+,graph-both1000x3-s2,val,graph,graph-both1000x3,0.1,100,486379,102946,1
global,ref+aging+sfreq+idle+refaults+rdist,6,K+K+,graph-both1000x3-s2,val,graph,graph-both1000x3,0.1,100,486379,89431,1
global,ref+aging+sfreq+age+dirty+refaults,6,K+K+,graph-both1000x3-s2,val,graph,graph-both1000x3,0.1,100,486379,265281,1
global,ref+aging+sfreq+age+dirty+rdist,6,K+K+,graph-both1000x3-s2,val,graph,graph-both1000x3,0.1,100,486379,154847,1
global,ref+aging+sfreq+age+refaults+rdist,6,K+K+,graph-both1000x3-s2,val,graph,graph-both1000x3,0.1,100,486379,226969,1
global,ref+aging+sfreq+dirty+refaults+rdist,6,K+K+,graph-both1000x3-s2,val,graph,graph-both1000x3,0.1,100,486379,112072,1
global,ref+aging+idle+age+dirty+refaults,6,K+K+,graph-both1000x3-s2,val,graph,graph-both1000x3,0.1,100,263806,178773,0
global,ref+aging+idle+age+dirty+rdist,6,K+K+,graph-both1000x3-s2,val,graph,graph-both1000x3,0.1,100,486379,75565,1
global,ref+aging+idle+age+refaults+rdist,6,K+K+,graph-both1000x3-s2,val,graph,graph-both1000x3,0.1,100,486379,399673,1
global,ref+aging+idle+dirty+refaults+rdist,6,K+K+,graph-both1000x3-s2,val,graph,graph-both1000x3,0.1,100,486379,362804,1
global,ref+aging+age+dirty+refaults+rdist,6,K+K+,graph-both1000x3-s2,val,graph,graph-both1000x3,0.1,100,486379,178431,1
global,ref+sfreq+idle+age+dirty+refaults,6,K+K+,graph-both1000x3-s2,val,graph,graph-both1000x3,0.1,100,90356,5569,0
global,ref+sfreq+idle+age+dirty+rdist,6,K+K+,graph-both1000x3-s2,val,graph,graph-both1000x3,0.1,100,363263,67453,0
global,ref+sfreq+idle+age+refaults+rdist,6,K+K+,graph-both1000x3-s2,val,graph,graph-both1000x3,0.1,100,90173,4828,0
global,ref+sfreq+idle+dirty+refaults+rdist,6,K+K+,graph-both1000x3-s2,val,graph,graph-both1000x3,0.1,100,486379,204437,1
global,ref+sfreq+age+dirty+refaults+rdist,6,K+K+,graph-both1000x3-s2,val,graph,graph-both1000x3,0.1,100,486379,96366,1
global,ref+idle+age+dirty+refaults+rdist,6,K+K+,graph-both1000x3-s2,val,graph,graph-both1000x3,0.1,100,97009,11546,0
global,aging+sfreq+idle+age+dirty+refaults,6,K+K+,graph-both1000x3-s2,val,graph,graph-both1000x3,0.1,100,94996,11133,0
global,aging+sfreq+idle+age+dirty+rdist,6,K+K+,graph-both1000x3-s2,val,graph,graph-both1000x3,0.1,100,486379,97573,1
global,aging+sfreq+idle+age+refaults+rdist,6,K+K+,graph-both1000x3-s2,val,graph,graph-both1000x3,0.1,100,98116,13157,0
global,aging+sfreq+idle+dirty+refaults+rdist,6,K+K+,graph-both1000x3-s2,val,graph,graph-both1000x3,0.1,100,486379,74960,1
global,aging+sfreq+age+dirty+refaults+rdist,6,K+K+,graph-both1000x3-s2,val,graph,graph-both1000x3,0.1,100,486379,355992,1
global,aging+idle+age+dirty+refaults+rdist,6,K+K+,graph-both1000x3-s2,val,graph,graph-both1000x3,0.1,100,486379,394335,1
global,sfreq+idle+age+dirty+refaults+rdist,6,K+K+,graph-both1000x3-s2,val,graph,graph-both1000x3,0.1,100,97173,5587,0
global,ref+aging+sfreq+idle+age+dirty+refaults,7,K+K+,graph-both1000x3-s2,val,graph,graph-both1000x3,0.1,100,95691,11836,0
global,ref+aging+sfreq+idle+age+dirty+rdist,7,K+K+,graph-both1000x3-s2,val,graph,graph-both1000x3,0.1,100,486379,75189,1
global,ref+aging+sfreq+idle+age+refaults+rdist,7,K+K+,graph-both1000x3-s2,val,graph,graph-both1000x3,0.1,100,102600,18363,0
global,ref+aging+sfreq+idle+dirty+refaults+rdist,7,K+K+,graph-both1000x3-s2,val,graph,graph-both1000x3,0.1,100,486379,106416,1
global,ref+aging+sfreq+age+dirty+refaults+rdist,7,K+K+,graph-both1000x3-s2,val,graph,graph-both1000x3,0.1,100,486379,189186,1
global,ref+aging+idle+age+dirty+refaults+rdist,7,K+K+,graph-both1000x3-s2,val,graph,graph-both1000x3,0.1,100,486379,397179,1
global,ref+sfreq+idle+age+dirty+refaults+rdist,7,K+K+,graph-both1000x3-s2,val,graph,graph-both1000x3,0.1,100,92430,6664,0
global,aging+sfreq+idle+age+dirty+refaults+rdist,7,K+K+,graph-both1000x3-s2,val,graph,graph-both1000x3,0.1,100,109834,23869,0
global,ref+aging+sfreq+idle+age+dirty+refaults+rdist,8,K+K+,graph-both1000x3-s2,val,graph,graph-both1000x3,0.1,100,116271,30931,0
global,rec+ref+aging+sfreq+idle+age+dirty,7,F+K,graph-both1000x3-s2,val,graph,graph-both1000x3,0.1,100,85735,1962,0
global,rec+ref+aging+sfreq+idle+age+dirty+refaults+rdist,9,F+K+K+,graph-both1000x3-s2,val,graph,graph-both1000x3,0.1,100,85983,1969,0
global,freq+ref+aging+sfreq+idle+age+dirty,7,F+K,graph-both1000x3-s2,val,graph,graph-both1000x3,0.1,100,89037,5410,0
global,freq+ref+aging+sfreq+idle+age+dirty+refaults+rdist,9,F+K+K+,graph-both1000x3-s2,val,graph,graph-both1000x3,0.1,100,321625,236337,0
global,sd+ref+aging+sfreq+idle+age+dirty,7,F+K,graph-both1000x3-s2,val,graph,graph-both1000x3,0.1,100,486379,249458,1
global,sd+ref+aging+sfreq+idle+age+dirty+refaults+rdist,9,F+K+K+,graph-both1000x3-s2,val,graph,graph-both1000x3,0.1,100,486379,250012,1
global,wr+ref+aging+sfreq+idle+age+dirty,7,F+K,graph-both1000x3-s2,val,graph,graph-both1000x3,0.1,100,175037,31041,0
global,wr+ref+aging+sfreq+idle+age+dirty+refaults+rdist,9,F+K+K+,graph-both1000x3-s2,val,graph,graph-both1000x3,0.1,100,121652,36025,0
global,rec+freq+ref+aging+sfreq+idle+age+dirty,8,F+K,graph-both1000x3-s2,val,graph,graph-both1000x3,0.1,100,86346,2577,0
global,rec+freq+ref+aging+sfreq+idle+age+dirty+refaults+rdist,10,F+K+K+,graph-both1000x3-s2,val,graph,graph-both1000x3,0.1,100,85599,1584,0
global,rec+sd+ref+aging+sfreq+idle+age+dirty,8,F+K,graph-both1000x3-s2,val,graph,graph-both1000x3,0.1,100,85375,1589,0
global,rec+sd+ref+aging+sfreq+idle+age+dirty+refaults+rdist,10,F+K+K+,graph-both1000x3-s2,val,graph,graph-both1000x3,0.1,100,88878,4767,0
global,rec+wr+ref+aging+sfreq+idle+age+dirty,8,F+K,graph-both1000x3-s2,val,graph,graph-both1000x3,0.1,100,85739,1965,0
global,rec+wr+ref+aging+sfreq+idle+age+dirty+refaults+rdist,10,F+K+K+,graph-both1000x3-s2,val,graph,graph-both1000x3,0.1,100,86413,2412,0
global,freq+sd+ref+aging+sfreq+idle+age+dirty,8,F+K,graph-both1000x3-s2,val,graph,graph-both1000x3,0.1,100,486379,355729,1
global,freq+sd+ref+aging+sfreq+idle+age+dirty+refaults+rdist,10,F+K+K+,graph-both1000x3-s2,val,graph,graph-both1000x3,0.1,100,486379,333069,1
global,freq+wr+ref+aging+sfreq+idle+age+dirty,8,F+K,graph-both1000x3-s2,val,graph,graph-both1000x3,0.1,100,88862,5241,0
global,freq+wr+ref+aging+sfreq+idle+age+dirty+refaults+rdist,10,F+K+K+,graph-both1000x3-s2,val,graph,graph-both1000x3,0.1,100,382809,296391,0
global,sd+wr+ref+aging+sfreq+idle+age+dirty,8,F+K,graph-both1000x3-s2,val,graph,graph-both1000x3,0.1,100,486379,301827,1
global,sd+wr+ref+aging+sfreq+idle+age+dirty+refaults+rdist,10,F+K+K+,graph-both1000x3-s2,val,graph,graph-both1000x3,0.1,100,486379,255169,1
global,rec+freq+sd+ref+aging+sfreq+idle+age+dirty,9,F+K,graph-both1000x3-s2,val,graph,graph-both1000x3,0.1,100,86411,2629,0
global,rec+freq+sd+ref+aging+sfreq+idle+age+dirty+refaults+rdist,11,F+K+K+,graph-both1000x3-s2,val,graph,graph-both1000x3,0.1,100,86429,2359,0
global,rec+freq+wr+ref+aging+sfreq+idle+age+dirty,9,F+K,graph-both1000x3-s2,val,graph,graph-both1000x3,0.1,100,86289,2517,0
global,rec+freq+wr+ref+aging+sfreq+idle+age+dirty+refaults+rdist,11,F+K+K+,graph-both1000x3-s2,val,graph,graph-both1000x3,0.1,100,85591,1589,0
global,rec+sd+wr+ref+aging+sfreq+idle+age+dirty,9,F+K,graph-both1000x3-s2,val,graph,graph-both1000x3,0.1,100,85321,1524,0
global,rec+sd+wr+ref+aging+sfreq+idle+age+dirty+refaults+rdist,11,F+K+K+,graph-both1000x3-s2,val,graph,graph-both1000x3,0.1,100,87803,3730,0
global,freq+sd+wr+ref+aging+sfreq+idle+age+dirty,9,F+K,graph-both1000x3-s2,val,graph,graph-both1000x3,0.1,100,486379,352438,1
global,freq+sd+wr+ref+aging+sfreq+idle+age+dirty+refaults+rdist,11,F+K+K+,graph-both1000x3-s2,val,graph,graph-both1000x3,0.1,100,486379,293993,1
global,rec+freq+sd+wr+ref+aging+sfreq+idle+age+dirty,10,F+K,graph-both1000x3-s2,val,graph,graph-both1000x3,0.1,100,86243,2442,0
global,rec+freq+sd+wr+ref+aging+sfreq+idle+age+dirty+refaults+rdist,12,F+K+K+,graph-both1000x3-s2,val,graph,graph-both1000x3,0.1,100,86330,2269,0
sort,rec,1,F,sort-n60000-s3,heldout,sort,sort-n60000,0.1,12,1894,997,0
sort,freq,1,F,sort-n60000-s3,heldout,sort,sort-n60000,0.1,12,5683,2845,1
sort,sd,1,F,sort-n60000-s3,heldout,sort,sort-n60000,0.1,12,1894,997,0
sort,wr,1,F,sort-n60000-s3,heldout,sort,sort-n60000,0.1,12,5683,2911,1
sort,rec+freq,2,F,sort-n60000-s3,heldout,sort,sort-n60000,0.1,12,1894,997,0
sort,rec+sd,2,F,sort-n60000-s3,heldout,sort,sort-n60000,0.1,12,1894,997,0
sort,rec+wr,2,F,sort-n60000-s3,heldout,sort,sort-n60000,0.1,12,1894,997,0
sort,freq+sd,2,F,sort-n60000-s3,heldout,sort,sort-n60000,0.1,12,1894,997,0
sort,freq+wr,2,F,sort-n60000-s3,heldout,sort,sort-n60000,0.1,12,5683,2840,1
sort,sd+wr,2,F,sort-n60000-s3,heldout,sort,sort-n60000,0.1,12,1894,997,0
sort,rec+freq+sd,3,F,sort-n60000-s3,heldout,sort,sort-n60000,0.1,12,1894,997,0
sort,rec+freq+wr,3,F,sort-n60000-s3,heldout,sort,sort-n60000,0.1,12,1894,997,0
sort,rec+sd+wr,3,F,sort-n60000-s3,heldout,sort,sort-n60000,0.1,12,1894,997,0
sort,freq+sd+wr,3,F,sort-n60000-s3,heldout,sort,sort-n60000,0.1,12,1894,997,0
sort,rec+freq+sd+wr,4,F,sort-n60000-s3,heldout,sort,sort-n60000,0.1,12,1894,997,0
sort,ref,1,K,sort-n60000-s3,heldout,sort,sort-n60000,0.1,12,1894,997,0
sort,aging,1,K,sort-n60000-s3,heldout,sort,sort-n60000,0.1,12,1894,997,0
sort,sfreq,1,K,sort-n60000-s3,heldout,sort,sort-n60000,0.1,12,5683,2140,1
sort,idle,1,K,sort-n60000-s3,heldout,sort,sort-n60000,0.1,12,1894,997,0
sort,age,1,K,sort-n60000-s3,heldout,sort,sort-n60000,0.1,12,1894,997,0
sort,dirty,1,K,sort-n60000-s3,heldout,sort,sort-n60000,0.1,12,2713,1822,0
sort,refaults,1,K+,sort-n60000-s3,heldout,sort,sort-n60000,0.1,12,1894,999,0
sort,rdist,1,K+,sort-n60000-s3,heldout,sort,sort-n60000,0.1,12,5683,2888,1
sort,ref+aging,2,K,sort-n60000-s3,heldout,sort,sort-n60000,0.1,12,1894,997,0
sort,ref+sfreq,2,K,sort-n60000-s3,heldout,sort,sort-n60000,0.1,12,5683,2142,1
sort,ref+idle,2,K,sort-n60000-s3,heldout,sort,sort-n60000,0.1,12,1894,997,0
sort,ref+age,2,K,sort-n60000-s3,heldout,sort,sort-n60000,0.1,12,1894,997,0
sort,ref+dirty,2,K,sort-n60000-s3,heldout,sort,sort-n60000,0.1,12,1931,1040,0
sort,ref+refaults,2,K+K+,sort-n60000-s3,heldout,sort,sort-n60000,0.1,12,1894,999,0
sort,ref+rdist,2,K+K+,sort-n60000-s3,heldout,sort,sort-n60000,0.1,12,3481,1717,0
sort,aging+sfreq,2,K,sort-n60000-s3,heldout,sort,sort-n60000,0.1,12,2581,1151,0
sort,aging+idle,2,K,sort-n60000-s3,heldout,sort,sort-n60000,0.1,12,1894,997,0
sort,aging+age,2,K,sort-n60000-s3,heldout,sort,sort-n60000,0.1,12,1900,997,0
sort,aging+dirty,2,K,sort-n60000-s3,heldout,sort,sort-n60000,0.1,12,1894,1001,0
sort,aging+refaults,2,K+K+,sort-n60000-s3,heldout,sort,sort-n60000,0.1,12,1894,999,0
sort,aging+rdist,2,K+K+,sort-n60000-s3,heldout,sort,sort-n60000,0.1,12,3343,1675,0
sort,sfreq+idle,2,K,sort-n60000-s3,heldout,sort,sort-n60000,0.1,12,1960,1000,0
sort,sfreq+age,2,K,sort-n60000-s3,heldout,sort,sort-n60000,0.1,12,1946,995,0
sort,sfreq+dirty,2,K,sort-n60000-s3,heldout,sort,sort-n60000,0.1,12,5683,2113,1
sort,sfreq+refaults,2,K+K+,sort-n60000-s3,heldout,sort,sort-n60000,0.1,12,5683,2185,1
sort,sfreq+rdist,2,K+K+,sort-n60000-s3,heldout,sort,sort-n60000,0.1,12,5683,2142,1
sort,idle+age,2,K,sort-n60000-s3,heldout,sort,sort-n60000,0.1,12,1943,996,0
sort,idle+dirty,2,K,sort-n60000-s3,heldout,sort,sort-n60000,0.1,12,1894,998,0
sort,idle+refaults,2,K+K+,sort-n60000-s3,heldout,sort,sort-n60000,0.1,12,1894,997,0
sort,idle+rdist,2,K+K+,sort-n60000-s3,heldout,sort,sort-n60000,0.1,12,1860,978,0
sort,age+dirty,2,K,sort-n60000-s3,heldout,sort,sort-n60000,0.1,12,1894,998,0
sort,age+refaults,2,K+K+,sort-n60000-s3,heldout,sort,sort-n60000,0.1,12,1894,997,0
sort,age+rdist,2,K+K+,sort-n60000-s3,heldout,sort,sort-n60000,0.1,12,1896,998,0
sort,dirty+refaults,2,K+K+,sort-n60000-s3,heldout,sort,sort-n60000,0.1,12,4507,2707,0
sort,dirty+rdist,2,K+K+,sort-n60000-s3,heldout,sort,sort-n60000,0.1,12,5683,2911,1
sort,refaults+rdist,2,K+,sort-n60000-s3,heldout,sort,sort-n60000,0.1,12,5429,2417,0
sort,ref+aging+sfreq,3,K,sort-n60000-s3,heldout,sort,sort-n60000,0.1,12,2221,1056,0
sort,ref+aging+idle,3,K,sort-n60000-s3,heldout,sort,sort-n60000,0.1,12,1871,1008,0
sort,ref+aging+age,3,K,sort-n60000-s3,heldout,sort,sort-n60000,0.1,12,1894,997,0
sort,ref+aging+dirty,3,K,sort-n60000-s3,heldout,sort,sort-n60000,0.1,12,1894,1000,0
sort,ref+aging+refaults,3,K+K+,sort-n60000-s3,heldout,sort,sort-n60000,0.1,12,1894,999,0
sort,ref+aging+rdist,3,K+K+,sort-n60000-s3,heldout,sort,sort-n60000,0.1,12,3345,1675,0
sort,ref+sfreq+idle,3,K,sort-n60000-s3,heldout,sort,sort-n60000,0.1,12,1906,996,0
sort,ref+sfreq+age,3,K,sort-n60000-s3,heldout,sort,sort-n60000,0.1,12,1915,997,0
sort,ref+sfreq+dirty,3,K,sort-n60000-s3,heldout,sort,sort-n60000,0.1,12,5683,2105,1
sort,ref+sfreq+refaults,3,K+K+,sort-n60000-s3,heldout,sort,sort-n60000,0.1,12,5485,2144,0
sort,ref+sfreq+rdist,3,K+K+,sort-n60000-s3,heldout,sort,sort-n60000,0.1,12,5683,2141,1
sort,ref+idle+age,3,K,sort-n60000-s3,heldout,sort,sort-n60000,0.1,12,1931,997,0
sort,ref+idle+dirty,3,K,sort-n60000-s3,heldout,sort,sort-n60000,0.1,12,1894,998,0
sort,ref+idle+refaults,3,K+K+,sort-n60000-s3,heldout,sort,sort-n60000,0.1,12,1894,997,0
sort,ref+idle+rdist,3,K+K+,sort-n60000-s3,heldout,sort,sort-n60000,0.1,12,1859,978,0
sort,ref+age+dirty,3,K,sort-n60000-s3,heldout,sort,sort-n60000,0.1,12,1894,998,0
sort,ref+age+refaults,3,K+K+,sort-n60000-s3,heldout,sort,sort-n60000,0.1,12,1894,997,0
sort,ref+age+rdist,3,K+K+,sort-n60000-s3,heldout,sort,sort-n60000,0.1,12,1894,997,0
sort,ref+dirty+refaults,3,K+K+,sort-n60000-s3,heldout,sort,sort-n60000,0.1,12,1919,1038,0
sort,ref+dirty+rdist,3,K+K+,sort-n60000-s3,heldout,sort,sort-n60000,0.1,12,3427,1701,0
sort,ref+refaults+rdist,3,K+K+,sort-n60000-s3,heldout,sort,sort-n60000,0.1,12,3778,1861,0
sort,aging+sfreq+idle,3,K,sort-n60000-s3,heldout,sort,sort-n60000,0.1,12,1980,1002,0
sort,aging+sfreq+age,3,K,sort-n60000-s3,heldout,sort,sort-n60000,0.1,12,1946,995,0
sort,aging+sfreq+dirty,3,K,sort-n60000-s3,heldout,sort,sort-n60000,0.1,12,2546,1183,0
sort,aging+sfreq+refaults,3,K+K+,sort-n60000-s3,heldout,sort,sort-n60000,0.1,12,2078,1019,0
sort,aging+sfreq+rdist,3,K+K+,sort-n60000-s3,heldout,sort,sort-n60000,0.1,12,2531,1178,0
sort,aging+idle+age,3,K,sort-n60000-s3,heldout,sort,sort-n60000,0.1,12,1942,996,0
sort,aging+idle+dirty,3,K,sort-n60000-s3,heldout,sort,sort-n60000,0.1,12,1894,998,0
sort,aging+idle+refaults,3,K+K+,sort-n60000-s3,heldout,sort,sort-n60000,0.1,12,1894,997,0
sort,aging+idle+rdist,3,K+K+,sort-n60000-s3,heldout,sort,sort-n60000,0.1,12,3591,1806,0
sort,aging+age+dirty,3,K,sort-n60000-s3,heldout,sort,sort-n60000,0.1,12,1896,998,0
sort,aging+age+refaults,3,K+K+,sort-n60000-s3,heldout,sort,sort-n60000,0.1,12,1894,997,0
sort,aging+age+rdist,3,K+K+,sort-n60000-s3,heldout,sort,sort-n60000,0.1,12,1895,997,0
sort,aging+dirty+refaults,3,K+K+,sort-n60000-s3,heldout,sort,sort-n60000,0.1,12,1894,1000,0
sort,aging+dirty+rdist,3,K+K+,sort-n60000-s3,heldout,sort,sort-n60000,0.1,12,3310,1647,0
sort,aging+refaults+rdist,3,K+K+,sort-n60000-s3,heldout,sort,sort-n60000,0.1,12,1804,949,0
sort,sfreq+idle+age,3,K,sort-n60000-s3,heldout,sort,sort-n60000,0.1,12,1956,996,0
sort,sfreq+idle+dirty,3,K,sort-n60000-s3,heldout,sort,sort-n60000,0.1,12,1989,1010,0
sort,sfreq+idle+refaults,3,K+K+,sort-n60000-s3,heldout,sort,sort-n60000,0.1,12,1899,995,0
sort,sfreq+idle+rdist,3,K+K+,sort-n60000-s3,heldout,sort,sort-n60000,0.1,12,1897,994,0
sort,sfreq+age+dirty,3,K,sort-n60000-s3,heldout,sort,sort-n60000,0.1,12,1906,997,0
sort,sfreq+age+refaults,3,K+K+,sort-n60000-s3,heldout,sort,sort-n60000,0.1,12,1904,996,0
sort,sfreq+age+rdist,3,K+K+,sort-n60000-s3,heldout,sort,sort-n60000,0.1,12,1925,998,0
sort,sfreq+dirty+refaults,3,K+K+,sort-n60000-s3,heldout,sort,sort-n60000,0.1,12,5683,2189,1
sort,sfreq+dirty+rdist,3,K+K+,sort-n60000-s3,heldout,sort,sort-n60000,0.1,12,5683,2156,1
sort,sfreq+refaults+rdist,3,K+K+,sort-n60000-s3,heldout,sort,sort-n60000,0.1,12,5683,2186,1
sort,idle+age+dirty,3,K,sort-n60000-s3,heldout,sort,sort-n60000,0.1,12,1934,997,0
sort,idle+age+refaults,3,K+K+,sort-n60000-s3,heldout,sort,sort-n60000,0.1,12,1913,997,0
sort,idle+age+rdist,3,K+K+,sort-n60000-s3,heldout,sort,sort-n60000,0.1,12,1930,999,0
sort,idle+dirty+refaults,3,K+K+,sort-n60000-s3,heldout,sort,sort-n60000,0.1,12,1894,998,0
sort,idle+dirty+rdist,3,K+K+,sort-n60000-s3,heldout,sort,sort-n60000,0.1,12,1861,981,0
sort,idle+refaults+rdist,3,K+K+,sort-n60000-s3,heldout,sort,sort-n60000,0.1,12,1894,997,0
sort,age+dirty+refaults,3,K+K+,sort-n60000-s3,heldout,sort,sort-n60000,0.1,12,1894,998,0
sort,age+dirty+rdist,3,K+K+,sort-n60000-s3,heldout,sort,sort-n60000,0.1,12,1894,998,0
sort,age+refaults+rdist,3,K+K+,sort-n60000-s3,heldout,sort,sort-n60000,0.1,12,1894,997,0
sort,dirty+refaults+rdist,3,K+K+,sort-n60000-s3,heldout,sort,sort-n60000,0.1,12,5683,3125,1
sort,ref+aging+sfreq+idle,4,K,sort-n60000-s3,heldout,sort,sort-n60000,0.1,12,1962,1023,0
sort,ref+aging+sfreq+age,4,K,sort-n60000-s3,heldout,sort,sort-n60000,0.1,12,1914,997,0
sort,ref+aging+sfreq+dirty,4,K,sort-n60000-s3,heldout,sort,sort-n60000,0.1,12,2054,1059,0
sort,ref+aging+sfreq+refaults,4,K+K+,sort-n60000-s3,heldout,sort,sort-n60000,0.1,12,1975,1005,0
sort,ref+aging+sfreq+rdist,4,K+K+,sort-n60000-s3,heldout,sort,sort-n60000,0.1,12,2189,1082,0
sort,ref+aging+idle+age,4,K,sort-n60000-s3,heldout,sort,sort-n60000,0.1,12,2025,1026,0
sort,ref+aging+idle+dirty,4,K,sort-n60000-s3,heldout,sort,sort-n60000,0.1,12,1883,1055,0
sort,ref+aging+idle+refaults,4,K+K+,sort-n60000-s3,heldout,sort,sort-n60000,0.1,12,1879,1009,0
sort,ref+aging+idle+rdist,4,K+K+,sort-n60000-s3,heldout,sort,sort-n60000,0.1,12,2219,1127,0
sort,ref+aging+age+dirty,4,K,sort-n60000-s3,heldout,sort,sort-n60000,0.1,12,1894,998,0
sort,ref+aging+age+refaults,4,K+K+,sort-n60000-s3,heldout,sort,sort-n60000,0.1,12,1894,997,0
sort,ref+aging+age+rdist,4,K+K+,sort-n60000-s3,heldout,sort,sort-n60000,0.1,12,1894,997,0
sort,ref+aging+dirty+refaults,4,K+K+,sort-n60000-s3,heldout,sort,sort-n60000,0.1,12,1894,1000,0
sort,ref+aging+dirty+rdist,4,K+K+,sort-n60000-s3,heldout,sort,sort-n60000,0.1,12,2368,1184,0
sort,ref+aging+refaults+rdist,4,K+K+,sort-n60000-s3,heldout,sort,sort-n60000,0.1,12,1813,956,0
sort,ref+sfreq+idle+age,4,K,sort-n60000-s3,heldout,sort,sort-n60000,0.1,12,1920,996,0
sort,ref+sfreq+idle+dirty,4,K,sort-n60000-s3,heldout,sort,sort-n60000,0.1,12,1923,998,0
sort,ref+sfreq+idle+refaults,4,K+K+,sort-n60000-s3,heldout,sort,sort-n60000,0.1,12,1903,994,0
sort,ref+sfreq+idle+rdist,4,K+K+,sort-n60000-s3,heldout,sort,sort-n60000,0.1,12,1899,996,0
sort,ref+sfreq+age+dirty,4,K,sort-n60000-s3,heldout,sort,sort-n60000,0.1,12,1913,998,0
sort,ref+sfreq+age+refaults,4,K+K+,sort-n60000-s3,heldout,sort,sort-n60000,0.1,12,1904,996,0
sort,ref+sfreq+age+rdist,4,K+K+,sort-n60000-s3,heldout,sort,sort-n60000,0.1,12,1933,999,0
sort,ref+sfreq+dirty+refaults,4,K+K+,sort-n60000-s3,heldout,sort,sort-n60000,0.1,12,3558,1556,0
sort,ref+sfreq+dirty+rdist,4,K+K+,sort-n60000-s3,heldout,sort,sort-n60000,0.1,12,2979,1413,0
sort,ref+sfreq+refaults+rdist,4,K+K+,sort-n60000-s3,heldout,sort,sort-n60000,0.1,12,2875,1286,0
sort,ref+idle+age+dirty,4,K,sort-n60000-s3,heldout,sort,sort-n60000,0.1,12,1926,997,0
sort,ref+idle+age+refaults,4,K+K+,sort-n60000-s3,heldout,sort,sort-n60000,0.1,12,1911,997,0
sort,ref+idle+age+rdist,4,K+K+,sort-n60000-s3,heldout,sort,sort-n60000,0.1,12,1924,997,0
sort,ref+idle+dirty+refaults,4,K+K+,sort-n60000-s3,heldout,sort,sort-n60000,0.1,12,1894,998,0
sort,ref+idle+dirty+rdist,4,K+K+,sort-n60000-s3,heldout,sort,sort-n60000,0.1,12,1868,985,0
sort,ref+idle+refaults+rdist,4,K+K+,sort-n60000-s3,heldout,sort,sort-n60000,0.1,12,1894,997,0
sort,ref+age+dirty+refaults,4,K+K+,sort-n60000-s3,heldout,sort,sort-n60000,0.1,12,1894,998,0
sort,ref+age+dirty+rdist,4,K+K+,sort-n60000-s3,heldout,sort,sort-n60000,0.1,12,1894,998,0
sort,ref+age+refaults+rdist,4,K+K+,sort-n60000-s3,heldout,sort,sort-n60000,0.1,12,1894,997,0
sort,ref+dirty+refaults+rdist,4,K+K+,sort-n60000-s3,heldout,sort,sort-n60000,0.1,12,3760,1890,0
sort,aging+sfreq+idle+age,4,K,sort-n60000-s3,heldout,sort,sort-n60000,0.1,12,1977,996,0
sort,aging+sfreq+idle+dirty,4,K,sort-n60000-s3,heldout,sort,sort-n60000,0.1,12,2006,1029,0
sort,aging+sfreq+idle+refaults,4,K+K+,sort-n60000-s3,heldout,sort,sort-n60000,0.1,12,1955,997,0
sort,aging+sfreq+idle+rdist,4,K+K+,sort-n60000-s3,heldout,sort,sort-n60000,0.1,12,2236,1103,0
sort,aging+sfreq+age+dirty,4,K,sort-n60000-s3,heldout,sort,sort-n60000,0.1,12,1928,1001,0
sort,aging+sfreq+age+refaults,4,K+K+,sort-n60000-s3,heldout,sort,sort-n60000,0.1,12,1906,994,0
sort,aging+sfreq+age+rdist,4,K+K+,sort-n60000-s3,heldout,sort,sort-n60000,0.1,12,1902,996,0
sort,aging+sfreq+dirty+refaults,4,K+K+,sort-n60000-s3,heldout,sort,sort-n60000,0.1,12,2055,1052,0
sort,aging+sfreq+dirty+rdist,4,K+K+,sort-n60000-s3,heldout,sort,sort-n60000,0.1,12,2359,1190,0
sort,aging+sfreq+refaults+rdist,4,K+K+,sort-n60000-s3,heldout,sort,sort-n60000,0.1,12,2149,1047,0
sort,aging+idle+age+dirty,4,K,sort-n60000-s3,heldout,sort,sort-n60000,0.1,12,1934,997,0
sort,aging+idle+age+refaults,4,K+K+,sort-n60000-s3,heldout,sort,sort-n60000,0.1,12,1917,996,0
sort,aging+idle+age+rdist,4,K+K+,sort-n60000-s3,heldout,sort,sort-n60000,0.1,12,2182,1059,0
sort,aging+idle+dirty+refaults,4,K+K+,sort-n60000-s3,heldout,sort,sort-n60000,0.1,12,1894,999,0
sort,aging+idle+dirty+rdist,4,K+K+,sort-n60000-s3,heldout,sort,sort-n60000,0.1,12,3589,1807,0
sort,aging+idle+refaults+rdist,4,K+K+,sort-n60000-s3,heldout,sort,sort-n60000,0.1,12,1856,978,0
sort,aging+age+dirty+refaults,4,K+K+,sort-n60000-s3,heldout,sort,sort-n60000,0.1,12,1894,998,0
sort,aging+age+dirty+rdist,4,K+K+,sort-n60000-s3,heldout,sort,sort-n60000,0.1,12,1894,998,0
sort,aging+age+refaults+rdist,4,K+K+,sort-n60000-s3,heldout,sort,sort-n60000,0.1,12,1894,997,0
sort,aging+dirty+refaults+rdist,4,K+K+,sort-n60000-s3,heldout,sort,sort-n60000,0.1,12,1802,949,0
sort,sfreq+idle+age+dirty,4,K,sort-n60000-s3,heldout,sort,sort-n60000,0.1,12,1932,1001,0
sort,sfreq+idle+age+refaults,4,K+K+,sort-n60000-s3,heldout,sort,sort-n60000,0.1,12,1904,996,0
sort,sfreq+idle+age+rdist,4,K+K+,sort-n60000-s3,heldout,sort,sort-n60000,0.1,12,2009,1022,0
sort,sfreq+idle+dirty+refaults,4,K+K+,sort-n60000-s3,heldout,sort,sort-n60000,0.1,12,1896,996,0
sort,sfreq+idle+dirty+rdist,4,K+K+,sort-n60000-s3,heldout,sort,sort-n60000,0.1,12,1894,994,0
sort,sfreq+idle+refaults+rdist,4,K+K+,sort-n60000-s3,heldout,sort,sort-n60000,0.1,12,1899,995,0
sort,sfreq+age+dirty+refaults,4,K+K+,sort-n60000-s3,heldout,sort,sort-n60000,0.1,12,1904,997,0
sort,sfreq+age+dirty+rdist,4,K+K+,sort-n60000-s3,heldout,sort,sort-n60000,0.1,12,1907,1000,0
sort,sfreq+age+refaults+rdist,4,K+K+,sort-n60000-s3,heldout,sort,sort-n60000,0.1,12,1904,996,0
sort,sfreq+dirty+refaults+rdist,4,K+K+,sort-n60000-s3,heldout,sort,sort-n60000,0.1,12,5683,2158,1
sort,idle+age+dirty+refaults,4,K+K+,sort-n60000-s3,heldout,sort,sort-n60000,0.1,12,1911,998,0
sort,idle+age+dirty+rdist,4,K+K+,sort-n60000-s3,heldout,sort,sort-n60000,0.1,12,1928,999,0
sort,idle+age+refaults+rdist,4,K+K+,sort-n60000-s3,heldout,sort,sort-n60000,0.1,12,1910,996,0
sort,idle+dirty+refaults+rdist,4,K+K+,sort-n60000-s3,heldout,sort,sort-n60000,0.1,12,1894,998,0
sort,age+dirty+refaults+rdist,4,K+K+,sort-n60000-s3,heldout,sort,sort-n60000,0.1,12,1894,998,0
sort,ref+aging+sfreq+idle+age,5,K,sort-n60000-s3,heldout,sort,sort-n60000,0.1,12,1995,1023,0
sort,ref+aging+sfreq+idle+dirty,5,K,sort-n60000-s3,heldout,sort,sort-n60000,0.1,12,2047,1071,0
sort,ref+aging+sfreq+idle+refaults,5,K+K+,sort-n60000-s3,heldout,sort,sort-n60000,0.1,12,1950,1015,0
sort,ref+aging+sfreq+idle+rdist,5,K+K+,sort-n60000-s3,heldout,sort,sort-n60000,0.1,12,1981,1032,0
sort,ref+aging+sfreq+age+dirty,5,K,sort-n60000-s3,heldout,sort,sort-n60000,0.1,12,1956,1008,0
sort,ref+aging+sfreq+age+refaults,5,K+K+,sort-n60000-s3,heldout,sort,sort-n60000,0.1,12,1899,993,0
sort,ref+aging+sfreq+age+rdist,5,K+K+,sort-n60000-s3,heldout,sort,sort-n60000,0.1,12,2134,1067,0
sort,ref+aging+sfreq+dirty+refaults,5,K+K+,sort-n60000-s3,heldout,sort,sort-n60000,0.1,12,1889,1003,0
sort,ref+aging+sfreq+dirty+rdist,5,K+K+,sort-n60000-s3,heldout,sort,sort-n60000,0.1,12,2165,1115,0
sort,ref+aging+sfreq+refaults+rdist,5,K+K+,sort-n60000-s3,heldout,sort,sort-n60000,0.1,12,1896,992,0
sort,ref+aging+idle+age+dirty,5,K,sort-n60000-s3,heldout,sort,sort-n60000,0.1,12,2005,1074,0
sort,ref+aging+idle+age+refaults,5,K+K+,sort-n60000-s3,heldout,sort,sort-n60000,0.1,12,1910,1006,0
sort,ref+aging+idle+age+rdist,5,K+K+,sort-n60000-s3,heldout,sort,sort-n60000,0.1,12,2170,1090,0
sort,ref+aging+idle+dirty+refaults,5,K+K+,sort-n60000-s3,heldout,sort,sort-n60000,0.1,12,1879,1056,0
sort,ref+aging+idle+dirty+rdist,5,K+K+,sort-n60000-s3,heldout,sort,sort-n60000,0.1,12,2100,1084,0
sort,ref+aging+idle+refaults+rdist,5,K+K+,sort-n60000-s3,heldout,sort,sort-n60000,0.1,12,1819,957,0
sort,ref+aging+age+dirty+refaults,5,K+K+,sort-n60000-s3,heldout,sort,sort-n60000,0.1,12,1894,998,0
sort,ref+aging+age+dirty+rdist,5,K+K+,sort-n60000-s3,heldout,sort,sort-n60000,0.1,12,1894,998,0
sort,ref+aging+age+refaults+rdist,5,K+K+,sort-n60000-s3,heldout,sort,sort-n60000,0.1,12,1894,997,0
sort,ref+aging+dirty+refaults+rdist,5,K+K+,sort-n60000-s3,heldout,sort,sort-n60000,0.1,12,1812,959,0
sort,ref+sfreq+idle+age+dirty,5,K,sort-n60000-s3,heldout,sort,sort-n60000,0.1,12,1915,998,0
sort,ref+sfreq+idle+age+refaults,5,K+K+,sort-n60000-s3,heldout,sort,sort-n60000,0.1,12,1904,996,0
sort,ref+sfreq+idle+age+rdist,5,K+K+,sort-n60000-s3,heldout,sort,sort-n60000,0.1,12,1933,998,0
sort,ref+sfreq+idle+dirty+refaults,5,K+K+,sort-n60000-s3,heldout,sort,sort-n60000,0.1,12,1896,996,0
sort,ref+sfreq+idle+dirty+rdist,5,K+K+,sort-n60000-s3,heldout,sort,sort-n60000,0.1,12,1895,995,0
sort,ref+sfreq+idle+refaults+rdist,5,K+K+,sort-n60000-s3,heldout,sort,sort-n60000,0.1,12,1899,995,0
sort,ref+sfreq+age+dirty+refaults,5,K+K+,sort-n60000-s3,heldout,sort,sort-n60000,0.1,12,1904,997,0
sort,ref+sfreq+age+dirty+rdist,5,K+K+,sort-n60000-s3,heldout,sort,sort-n60000,0.1,12,1924,1001,0
sort,ref+sfreq+age+refaults+rdist,5,K+K+,sort-n60000-s3,heldout,sort,sort-n60000,0.1,12,1905,996,0
sort,ref+sfreq+dirty+refaults+rdist,5,K+K+,sort-n60000-s3,heldout,sort,sort-n60000,0.1,12,2884,1353,0
sort,ref+idle+age+dirty+refaults,5,K+K+,sort-n60000-s3,heldout,sort,sort-n60000,0.1,12,1911,998,0
sort,ref+idle+age+dirty+rdist,5,K+K+,sort-n60000-s3,heldout,sort,sort-n60000,0.1,12,1923,998,0
sort,ref+idle+age+refaults+rdist,5,K+K+,sort-n60000-s3,heldout,sort,sort-n60000,0.1,12,1910,997,0
sort,ref+idle+dirty+refaults+rdist,5,K+K+,sort-n60000-s3,heldout,sort,sort-n60000,0.1,12,1894,998,0
sort,ref+age+dirty+refaults+rdist,5,K+K+,sort-n60000-s3,heldout,sort,sort-n60000,0.1,12,1894,998,0
sort,aging+sfreq+idle+age+dirty,5,K,sort-n60000-s3,heldout,sort,sort-n60000,0.1,12,1945,1004,0
sort,aging+sfreq+idle+age+refaults,5,K+K+,sort-n60000-s3,heldout,sort,sort-n60000,0.1,12,1913,994,0
sort,aging+sfreq+idle+age+rdist,5,K+K+,sort-n60000-s3,heldout,sort,sort-n60000,0.1,12,2238,1083,0
sort,aging+sfreq+idle+dirty+refaults,5,K+K+,sort-n60000-s3,heldout,sort,sort-n60000,0.1,12,1962,1004,0
sort,aging+sfreq+idle+dirty+rdist,5,K+K+,sort-n60000-s3,heldout,sort,sort-n60000,0.1,12,2239,1111,0
sort,aging+sfreq+idle+refaults+rdist,5,K+K+,sort-n60000-s3,heldout,sort,sort-n60000,0.1,12,1974,1014,0
sort,aging+sfreq+age+dirty+refaults,5,K+K+,sort-n60000-s3,heldout,sort,sort-n60000,0.1,12,1910,994,0
sort,aging+sfreq+age+dirty+rdist,5,K+K+,sort-n60000-s3,heldout,sort,sort-n60000,0.1,12,2242,1116,0
sort,aging+sfreq+age+refaults+rdist,5,K+K+,sort-n60000-s3,heldout,sort,sort-n60000,0.1,12,1902,995,0
sort,aging+sfreq+dirty+refaults+rdist,5,K+K+,sort-n60000-s3,heldout,sort,sort-n60000,0.1,12,2120,1078,0
sort,aging+idle+age+dirty+refaults,5,K+K+,sort-n60000-s3,heldout,sort,sort-n60000,0.1,12,1917,998,0
sort,aging+idle+age+dirty+rdist,5,K+K+,sort-n60000-s3,heldout,sort,sort-n60000,0.1,12,1999,1023,0
sort,aging+idle+age+refaults+rdist,5,K+K+,sort-n60000-s3,heldout,sort,sort-n60000,0.1,12,1918,996,0
sort,aging+idle+dirty+refaults+rdist,5,K+K+,sort-n60000-s3,heldout,sort,sort-n60000,0.1,12,1864,983,0
sort,aging+age+dirty+refaults+rdist,5,K+K+,sort-n60000-s3,heldout,sort,sort-n60000,0.1,12,1894,998,0
sort,sfreq+idle+age+dirty+refaults,5,K+K+,sort-n60000-s3,heldout,sort,sort-n60000,0.1,12,1900,996,0
sort,sfreq+idle+age+dirty+rdist,5,K+K+,sort-n60000-s3,heldout,sort,sort-n60000,0.1,12,2000,1025,0
sort,sfreq+idle+age+refaults+rdist,5,K+K+,sort-n60000-s3,heldout,sort,sort-n60000,0.1,12,1901,996,0
sort,sfreq+idle+dirty+refaults+rdist,5,K+K+,sort-n60000-s3,heldout,sort,sort-n60000,0.1,12,1896,996,0
sort,sfreq+age+dirty+refaults+rdist,5,K+K+,sort-n60000-s3,heldout,sort,sort-n60000,0.1,12,1902,997,0
sort,idle+age+dirty+refaults+rdist,5,K+K+,sort-n60000-s3,heldout,sort,sort-n60000,0.1,12,1911,998,0
sort,ref+aging+sfreq+idle+age+dirty,6,K,sort-n60000-s3,heldout,sort,sort-n60000,0.1,12,1992,1050,0
sort,ref+aging+sfreq+idle+age+refaults,6,K+K+,sort-n60000-s3,heldout,sort,sort-n60000,0.1,12,1913,1006,0
sort,ref+aging+sfreq+idle+age+rdist,6,K+K+,sort-n60000-s3,heldout,sort,sort-n60000,0.1,12,2223,1103,0
sort,ref+aging+sfreq+idle+dirty+refaults,6,K+K+,sort-n60000-s3,heldout,sort,sort-n60000,0.1,12,1900,1027,0
sort,ref+aging+sfreq+idle+dirty+rdist,6,K+K+,sort-n60000-s3,heldout,sort,sort-n60000,0.1,12,2071,1090,0
sort,ref+aging+sfreq+idle+refaults+rdist,6,K+K+,sort-n60000-s3,heldout,sort,sort-n60000,0.1,12,1884,1004,0
sort,ref+aging+sfreq+age+dirty+refaults,6,K+K+,sort-n60000-s3,heldout,sort,sort-n60000,0.1,12,1897,1007,0
sort,ref+aging+sfreq+age+dirty+rdist,6,K+K+,sort-n60000-s3,heldout,sort,sort-n60000,0.1,12,2118,1088,0
sort,ref+aging+sfreq+age+refaults+rdist,6,K+K+,sort-n60000-s3,heldout,sort,sort-n60000,0.1,12,1921,996,0
sort,ref+aging+sfreq+dirty+refaults+rdist,6,K+K+,sort-n60000-s3,heldout,sort,sort-n60000,0.1,12,1867,996,0
sort,ref+aging+idle+age+dirty+refaults,6,K+K+,sort-n60000-s3,heldout,sort,sort-n60000,0.1,12,1915,1049,0
sort,ref+aging+idle+age+dirty+rdist,6,K+K+,sort-n60000-s3,heldout,sort,sort-n60000,0.1,12,2126,1106,0
sort,ref+aging+idle+age+refaults+rdist,6,K+K+,sort-n60000-s3,heldout,sort,sort-n60000,0.1,12,1926,1030,0
sort,ref+aging+idle+dirty+refaults+rdist,6,K+K+,sort-n60000-s3,heldout,sort,sort-n60000,0.1,12,1826,963,0
sort,ref+aging+age+dirty+refaults+rdist,6,K+K+,sort-n60000-s3,heldout,sort,sort-n60000,0.1,12,1894,998,0
sort,ref+sfreq+idle+age+dirty+refaults,6,K+K+,sort-n60000-s3,heldout,sort,sort-n60000,0.1,12,1900,996,0
sort,ref+sfreq+idle+age+dirty+rdist,6,K+K+,sort-n60000-s3,heldout,sort,sort-n60000,0.1,12,1956,1011,0
sort,ref+sfreq+idle+age+refaults+rdist,6,K+K+,sort-n60000-s3,heldout,sort,sort-n60000,0.1,12,1901,996,0
sort,ref+sfreq+idle+dirty+refaults+rdist,6,K+K+,sort-n60000-s3,heldout,sort,sort-n60000,0.1,12,1896,996,0
sort,ref+sfreq+age+dirty+refaults+rdist,6,K+K+,sort-n60000-s3,heldout,sort,sort-n60000,0.1,12,1901,997,0
sort,ref+idle+age+dirty+refaults+rdist,6,K+K+,sort-n60000-s3,heldout,sort,sort-n60000,0.1,12,1911,998,0
sort,aging+sfreq+idle+age+dirty+refaults,6,K+K+,sort-n60000-s3,heldout,sort,sort-n60000,0.1,12,1910,994,0
sort,aging+sfreq+idle+age+dirty+rdist,6,K+K+,sort-n60000-s3,heldout,sort,sort-n60000,0.1,12,2256,1120,0
sort,aging+sfreq+idle+age+refaults+rdist,6,K+K+,sort-n60000-s3,heldout,sort,sort-n60000,0.1,12,1916,995,0
sort,aging+sfreq+idle+dirty+refaults+rdist,6,K+K+,sort-n60000-s3,heldout,sort,sort-n60000,0.1,12,1951,1007,0
sort,aging+sfreq+age+dirty+refaults+rdist,6,K+K+,sort-n60000-s3,heldout,sort,sort-n60000,0.1,12,1902,1002,0
sort,aging+idle+age+dirty+refaults+rdist,6,K+K+,sort-n60000-s3,heldout,sort,sort-n60000,0.1,12,1918,998,0
sort,sfreq+idle+age+dirty+refaults+rdist,6,K+K+,sort-n60000-s3,heldout,sort,sort-n60000,0.1,12,1901,996,0
sort,ref+aging+sfreq+idle+age+dirty+refaults,7,K+K+,sort-n60000-s3,heldout,sort,sort-n60000,0.1,12,1894,1018,0
sort,ref+aging+sfreq+idle+age+dirty+rdist,7,K+K+,sort-n60000-s3,heldout,sort,sort-n60000,0.1,12,2206,1135,0
sort,ref+aging+sfreq+idle+age+refaults+rdist,7,K+K+,sort-n60000-s3,heldout,sort,sort-n60000,0.1,12,1898,1020,0
sort,ref+aging+sfreq+idle+dirty+refaults+rdist,7,K+K+,sort-n60000-s3,heldout,sort,sort-n60000,0.1,12,1898,1021,0
sort,ref+aging+sfreq+age+dirty+refaults+rdist,7,K+K+,sort-n60000-s3,heldout,sort,sort-n60000,0.1,12,1889,1008,0
sort,ref+aging+idle+age+dirty+refaults+rdist,7,K+K+,sort-n60000-s3,heldout,sort,sort-n60000,0.1,12,1925,1039,0
sort,ref+sfreq+idle+age+dirty+refaults+rdist,7,K+K+,sort-n60000-s3,heldout,sort,sort-n60000,0.1,12,1901,996,0
sort,aging+sfreq+idle+age+dirty+refaults+rdist,7,K+K+,sort-n60000-s3,heldout,sort,sort-n60000,0.1,12,1939,1004,0
sort,ref+aging+sfreq+idle+age+dirty+refaults+rdist,8,K+K+,sort-n60000-s3,heldout,sort,sort-n60000,0.1,12,1942,1038,0
sort,rec+ref+aging+sfreq+idle+age+dirty,7,F+K,sort-n60000-s3,heldout,sort,sort-n60000,0.1,12,1899,999,0
sort,rec+ref+aging+sfreq+idle+age+dirty+refaults+rdist,9,F+K+K+,sort-n60000-s3,heldout,sort,sort-n60000,0.1,12,1895,999,0
sort,freq+ref+aging+sfreq+idle+age+dirty,7,F+K,sort-n60000-s3,heldout,sort,sort-n60000,0.1,12,2111,1084,0
sort,freq+ref+aging+sfreq+idle+age+dirty+refaults+rdist,9,F+K+K+,sort-n60000-s3,heldout,sort,sort-n60000,0.1,12,2034,1077,0
sort,sd+ref+aging+sfreq+idle+age+dirty,7,F+K,sort-n60000-s3,heldout,sort,sort-n60000,0.1,12,1837,985,0
sort,sd+ref+aging+sfreq+idle+age+dirty+refaults+rdist,9,F+K+K+,sort-n60000-s3,heldout,sort,sort-n60000,0.1,12,1831,972,0
sort,wr+ref+aging+sfreq+idle+age+dirty,7,F+K,sort-n60000-s3,heldout,sort,sort-n60000,0.1,12,1990,1050,0
sort,wr+ref+aging+sfreq+idle+age+dirty+refaults+rdist,9,F+K+K+,sort-n60000-s3,heldout,sort,sort-n60000,0.1,12,1942,1038,0
sort,rec+freq+ref+aging+sfreq+idle+age+dirty,8,F+K,sort-n60000-s3,heldout,sort,sort-n60000,0.1,12,1899,998,0
sort,rec+freq+ref+aging+sfreq+idle+age+dirty+refaults+rdist,10,F+K+K+,sort-n60000-s3,heldout,sort,sort-n60000,0.1,12,1895,998,0
sort,rec+sd+ref+aging+sfreq+idle+age+dirty,8,F+K,sort-n60000-s3,heldout,sort,sort-n60000,0.1,12,1894,998,0
sort,rec+sd+ref+aging+sfreq+idle+age+dirty+refaults+rdist,10,F+K+K+,sort-n60000-s3,heldout,sort,sort-n60000,0.1,12,1894,998,0
sort,rec+wr+ref+aging+sfreq+idle+age+dirty,8,F+K,sort-n60000-s3,heldout,sort,sort-n60000,0.1,12,1899,998,0
sort,rec+wr+ref+aging+sfreq+idle+age+dirty+refaults+rdist,10,F+K+K+,sort-n60000-s3,heldout,sort,sort-n60000,0.1,12,1895,999,0
sort,freq+sd+ref+aging+sfreq+idle+age+dirty,8,F+K,sort-n60000-s3,heldout,sort,sort-n60000,0.1,12,1841,983,0
sort,freq+sd+ref+aging+sfreq+idle+age+dirty+refaults+rdist,10,F+K+K+,sort-n60000-s3,heldout,sort,sort-n60000,0.1,12,1821,964,0
sort,freq+wr+ref+aging+sfreq+idle+age+dirty,8,F+K,sort-n60000-s3,heldout,sort,sort-n60000,0.1,12,2086,1080,0
sort,freq+wr+ref+aging+sfreq+idle+age+dirty+refaults+rdist,10,F+K+K+,sort-n60000-s3,heldout,sort,sort-n60000,0.1,12,1930,1039,0
sort,sd+wr+ref+aging+sfreq+idle+age+dirty,8,F+K,sort-n60000-s3,heldout,sort,sort-n60000,0.1,12,1837,985,0
sort,sd+wr+ref+aging+sfreq+idle+age+dirty+refaults+rdist,10,F+K+K+,sort-n60000-s3,heldout,sort,sort-n60000,0.1,12,1831,972,0
sort,rec+freq+sd+ref+aging+sfreq+idle+age+dirty,9,F+K,sort-n60000-s3,heldout,sort,sort-n60000,0.1,12,1895,997,0
sort,rec+freq+sd+ref+aging+sfreq+idle+age+dirty+refaults+rdist,11,F+K+K+,sort-n60000-s3,heldout,sort,sort-n60000,0.1,12,1898,996,0
sort,rec+freq+wr+ref+aging+sfreq+idle+age+dirty,9,F+K,sort-n60000-s3,heldout,sort,sort-n60000,0.1,12,1899,998,0
sort,rec+freq+wr+ref+aging+sfreq+idle+age+dirty+refaults+rdist,11,F+K+K+,sort-n60000-s3,heldout,sort,sort-n60000,0.1,12,1895,998,0
sort,rec+sd+wr+ref+aging+sfreq+idle+age+dirty,9,F+K,sort-n60000-s3,heldout,sort,sort-n60000,0.1,12,1894,998,0
sort,rec+sd+wr+ref+aging+sfreq+idle+age+dirty+refaults+rdist,11,F+K+K+,sort-n60000-s3,heldout,sort,sort-n60000,0.1,12,1894,998,0
sort,freq+sd+wr+ref+aging+sfreq+idle+age+dirty,9,F+K,sort-n60000-s3,heldout,sort,sort-n60000,0.1,12,1841,989,0
sort,freq+sd+wr+ref+aging+sfreq+idle+age+dirty+refaults+rdist,11,F+K+K+,sort-n60000-s3,heldout,sort,sort-n60000,0.1,12,1826,971,0
sort,rec+freq+sd+wr+ref+aging+sfreq+idle+age+dirty,10,F+K,sort-n60000-s3,heldout,sort,sort-n60000,0.1,12,1895,997,0
sort,rec+freq+sd+wr+ref+aging+sfreq+idle+age+dirty+refaults+rdist,12,F+K+K+,sort-n60000-s3,heldout,sort,sort-n60000,0.1,12,1898,996,0
global,rec,1,F,sort-n60000-s3,heldout,sort,sort-n60000,0.1,12,1894,997,0
global,freq,1,F,sort-n60000-s3,heldout,sort,sort-n60000,0.1,12,5683,2845,1
global,sd,1,F,sort-n60000-s3,heldout,sort,sort-n60000,0.1,12,1894,997,0
global,wr,1,F,sort-n60000-s3,heldout,sort,sort-n60000,0.1,12,5683,2911,1
global,rec+freq,2,F,sort-n60000-s3,heldout,sort,sort-n60000,0.1,12,1894,997,0
global,rec+sd,2,F,sort-n60000-s3,heldout,sort,sort-n60000,0.1,12,1894,997,0
global,rec+wr,2,F,sort-n60000-s3,heldout,sort,sort-n60000,0.1,12,1894,997,0
global,freq+sd,2,F,sort-n60000-s3,heldout,sort,sort-n60000,0.1,12,1894,997,0
global,freq+wr,2,F,sort-n60000-s3,heldout,sort,sort-n60000,0.1,12,5683,2849,1
global,sd+wr,2,F,sort-n60000-s3,heldout,sort,sort-n60000,0.1,12,1894,997,0
global,rec+freq+sd,3,F,sort-n60000-s3,heldout,sort,sort-n60000,0.1,12,1894,998,0
global,rec+freq+wr,3,F,sort-n60000-s3,heldout,sort,sort-n60000,0.1,12,1894,997,0
global,rec+sd+wr,3,F,sort-n60000-s3,heldout,sort,sort-n60000,0.1,12,1894,997,0
global,freq+sd+wr,3,F,sort-n60000-s3,heldout,sort,sort-n60000,0.1,12,1894,997,0
global,rec+freq+sd+wr,4,F,sort-n60000-s3,heldout,sort,sort-n60000,0.1,12,1894,998,0
global,ref,1,K,sort-n60000-s3,heldout,sort,sort-n60000,0.1,12,1894,997,0
global,aging,1,K,sort-n60000-s3,heldout,sort,sort-n60000,0.1,12,1894,997,0
global,sfreq,1,K,sort-n60000-s3,heldout,sort,sort-n60000,0.1,12,5683,2844,1
global,idle,1,K,sort-n60000-s3,heldout,sort,sort-n60000,0.1,12,1894,997,0
global,age,1,K,sort-n60000-s3,heldout,sort,sort-n60000,0.1,12,1894,997,0
global,dirty,1,K,sort-n60000-s3,heldout,sort,sort-n60000,0.1,12,2713,1822,0
global,refaults,1,K+,sort-n60000-s3,heldout,sort,sort-n60000,0.1,12,1894,999,0
global,rdist,1,K+,sort-n60000-s3,heldout,sort,sort-n60000,0.1,12,5683,2888,1
global,ref+aging,2,K,sort-n60000-s3,heldout,sort,sort-n60000,0.1,12,1894,997,0
global,ref+sfreq,2,K,sort-n60000-s3,heldout,sort,sort-n60000,0.1,12,5683,2143,1
global,ref+idle,2,K,sort-n60000-s3,heldout,sort,sort-n60000,0.1,12,1894,997,0
global,ref+age,2,K,sort-n60000-s3,heldout,sort,sort-n60000,0.1,12,1894,997,0
global,ref+dirty,2,K,sort-n60000-s3,heldout,sort,sort-n60000,0.1,12,1931,1040,0
global,ref+refaults,2,K+K+,sort-n60000-s3,heldout,sort,sort-n60000,0.1,12,1894,999,0
global,ref+rdist,2,K+K+,sort-n60000-s3,heldout,sort,sort-n60000,0.1,12,3468,1715,0
global,aging+sfreq,2,K,sort-n60000-s3,heldout,sort,sort-n60000,0.1,12,1853,980,0
global,aging+idle,2,K,sort-n60000-s3,heldout,sort,sort-n60000,0.1,12,1894,997,0
global,aging+age,2,K,sort-n60000-s3,heldout,sort,sort-n60000,0.1,12,1845,972,0
global,aging+dirty,2,K,sort-n60000-s3,heldout,sort,sort-n60000,0.1,12,1894,998,0
global,aging+refaults,2,K+K+,sort-n60000-s3,heldout,sort,sort-n60000,0.1,12,1894,999,0
global,aging+rdist,2,K+K+,sort-n60000-s3,heldout,sort,sort-n60000,0.1,12,1787,935,0
global,sfreq+idle,2,K,sort-n60000-s3,heldout,sort,sort-n60000,0.1,12,1894,997,0
global,sfreq+age,2,K,sort-n60000-s3,heldout,sort,sort-n60000,0.1,12,1894,998,0
global,sfreq+dirty,2,K,sort-n60000-s3,heldout,sort,sort-n60000,0.1,12,5683,2852,1
global,sfreq+refaults,2,K+K+,sort-n60000-s3,heldout,sort,sort-n60000,0.1,12,5683,2894,1
global,sfreq+rdist,2,K+K+,sort-n60000-s3,heldout,sort,sort-n60000,0.1,12,5683,2889,1
global,idle+age,2,K,sort-n60000-s3,heldout,sort,sort-n60000,0.1,12,1894,997,0
global,idle+dirty,2,K,sort-n60000-s3,heldout,sort,sort-n60000,0.1,12,1894,998,0
global,idle+refaults,2,K+K+,sort-n60000-s3,heldout,sort,sort-n60000,0.1,12,1894,997,0
global,idle+rdist,2,K+K+,sort-n60000-s3,heldout,sort,sort-n60000,0.1,12,3591,1807,0
global,age+dirty,2,K,sort-n60000-s3,heldout,sort,sort-n60000,0.1,12,1894,999,0
global,age+refaults,2,K+K+,sort-n60000-s3,heldout,sort,sort-n60000,0.1,12,5683,2869,1
global,age+rdist,2,K+K+,sort-n60000-s3,heldout,sort,sort-n60000,0.1,12,3591,1807,0
global,dirty+refaults,2,K+K+,sort-n60000-s3,heldout,sort,sort-n60000,0.1,12,5683,1505,1
global,dirty+rdist,2,K+K+,sort-n60000-s3,heldout,sort,sort-n60000,0.1,12,5683,2911,1
global,refaults+rdist,2,K+,sort-n60000-s3,heldout,sort,sort-n60000,0.1,12,5683,2485,1
global,ref+aging+sfreq,3,K,sort-n60000-s3,heldout,sort,sort-n60000,0.1,12,1858,982,0
global,ref+aging+idle,3,K,sort-n60000-s3,heldout,sort,sort-n60000,0.1,12,1894,997,0
global,ref+aging+age,3,K,sort-n60000-s3,heldout,sort,sort-n60000,0.1,12,1839,970,0
global,ref+aging+dirty,3,K,sort-n60000-s3,heldout,sort,sort-n60000,0.1,12,1894,998,0
global,ref+aging+refaults,3,K+K+,sort-n60000-s3,heldout,sort,sort-n60000,0.1,12,1894,999,0
global,ref+aging+rdist,3,K+K+,sort-n60000-s3,heldout,sort,sort-n60000,0.1,12,1799,942,0
global,ref+sfreq+idle,3,K,sort-n60000-s3,heldout,sort,sort-n60000,0.1,12,1894,997,0
global,ref+sfreq+age,3,K,sort-n60000-s3,heldout,sort,sort-n60000,0.1,12,1893,998,0
global,ref+sfreq+dirty,3,K,sort-n60000-s3,heldout,sort,sort-n60000,0.1,12,5683,2155,1
global,ref+sfreq+refaults,3,K+K+,sort-n60000-s3,heldout,sort,sort-n60000,0.1,12,5683,2160,1
global,ref+sfreq+rdist,3,K+K+,sort-n60000-s3,heldout,sort,sort-n60000,0.1,12,5683,2290,1
global,ref+idle+age,3,K,sort-n60000-s3,heldout,sort,sort-n60000,0.1,12,1894,997,0
global,ref+idle+dirty,3,K,sort-n60000-s3,heldout,sort,sort-n60000,0.1,12,1894,998,0
global,ref+idle+refaults,3,K+K+,sort-n60000-s3,heldout,sort,sort-n60000,0.1,12,1894,997,0
global,ref+idle+rdist,3,K+K+,sort-n60000-s3,heldout,sort,sort-n60000,0.1,12,1788,935,0
global,ref+age+dirty,3,K,sort-n60000-s3,heldout,sort,sort-n60000,0.1,12,1894,1001,0
global,ref+age+refaults,3,K+K+,sort-n60000-s3,heldout,sort,sort-n60000,0.1,12,5683,2139,1
global,ref+age+rdist,3,K+K+,sort-n60000-s3,heldout,sort,sort-n60000,0.1,12,2643,1276,0
global,ref+dirty+refaults,3,K+K+,sort-n60000-s3,heldout,sort,sort-n60000,0.1,12,1989,993,0
global,ref+dirty+rdist,3,K+K+,sort-n60000-s3,heldout,sort,sort-n60000,0.1,12,3313,1667,0
global,ref+refaults+rdist,3,K+K+,sort-n60000-s3,heldout,sort,sort-n60000,0.1,12,3767,1853,0
global,aging+sfreq+idle,3,K,sort-n60000-s3,heldout,sort,sort-n60000,0.1,12,1894,998,0
global,aging+sfreq+age,3,K,sort-n60000-s3,heldout,sort,sort-n60000,0.1,12,1853,980,0
global,aging+sfreq+dirty,3,K,sort-n60000-s3,heldout,sort,sort-n60000,0.1,12,1875,1000,0
global,aging+sfreq+refaults,3,K+K+,sort-n60000-s3,heldout,sort,sort-n60000,0.1,12,1851,978,0
global,aging+sfreq+rdist,3,K+K+,sort-n60000-s3,heldout,sort,sort-n60000,0.1,12,1802,950,0
global,aging+idle+age,3,K,sort-n60000-s3,heldout,sort,sort-n60000,0.1,12,1894,997,0
global,aging+idle+dirty,3,K,sort-n60000-s3,heldout,sort,sort-n60000,0.1,12,1894,998,0
global,aging+idle+refaults,3,K+K+,sort-n60000-s3,heldout,sort,sort-n60000,0.1,12,1894,997,0
global,aging+idle+rdist,3,K+K+,sort-n60000-s3,heldout,sort,sort-n60000,0.1,12,1788,934,0
global,aging+age+dirty,3,K,sort-n60000-s3,heldout,sort,sort-n60000,0.1,12,1827,957,0
global,aging+age+refaults,3,K+K+,sort-n60000-s3,heldout,sort,sort-n60000,0.1,12,1825,959,0
global,aging+age+rdist,3,K+K+,sort-n60000-s3,heldout,sort,sort-n60000,0.1,12,1813,959,0
global,aging+dirty+refaults,3,K+K+,sort-n60000-s3,heldout,sort,sort-n60000,0.1,12,1901,995,0
global,aging+dirty+rdist,3,K+K+,sort-n60000-s3,heldout,sort,sort-n60000,0.1,12,1816,960,0
global,aging+refaults+rdist,3,K+K+,sort-n60000-s3,heldout,sort,sort-n60000,0.1,12,1797,946,0
global,sfreq+idle+age,3,K,sort-n60000-s3,heldout,sort,sort-n60000,0.1,12,1894,997,0
global,sfreq+idle+dirty,3,K,sort-n60000-s3,heldout,sort,sort-n60000,0.1,12,1894,999,0
global,sfreq+idle+refaults,3,K+K+,sort-n60000-s3,heldout,sort,sort-n60000,0.1,12,1894,998,0
global,sfreq+idle+rdist,3,K+K+,sort-n60000-s3,heldout,sort,sort-n60000,0.1,12,3591,1807,0
global,sfreq+age+dirty,3,K,sort-n60000-s3,heldout,sort,sort-n60000,0.1,12,1893,1000,0
global,sfreq+age+refaults,3,K+K+,sort-n60000-s3,heldout,sort,sort-n60000,0.1,12,1917,1008,0
global,sfreq+age+rdist,3,K+K+,sort-n60000-s3,heldout,sort,sort-n60000,0.1,12,3595,1810,0
global,sfreq+dirty+refaults,3,K+K+,sort-n60000-s3,heldout,sort,sort-n60000,0.1,12,5683,2936,1
global,sfreq+dirty+rdist,3,K+K+,sort-n60000-s3,heldout,sort,sort-n60000,0.1,12,5683,2852,1
global,sfreq+refaults+rdist,3,K+K+,sort-n60000-s3,heldout,sort,sort-n60000,0.1,12,5683,2893,1
global,idle+age+dirty,3,K,sort-n60000-s3,heldout,sort,sort-n60000,0.1,12,1894,999,0
global,idle+age+refaults,3,K+K+,sort-n60000-s3,heldout,sort,sort-n60000,0.1,12,1894,998,0
global,idle+age+rdist,3,K+K+,sort-n60000-s3,heldout,sort,sort-n60000,0.1,12,3592,1808,0
global,idle+dirty+refaults,3,K+K+,sort-n60000-s3,heldout,sort,sort-n60000,0.1,12,1894,997,0
global,idle+dirty+rdist,3,K+K+,sort-n60000-s3,heldout,sort,sort-n60000,0.1,12,3591,1810,0
global,idle+refaults+rdist,3,K+K+,sort-n60000-s3,heldout,sort,sort-n60000,0.1,12,3595,1808,0
global,age+dirty+refaults,3,K+K+,sort-n60000-s3,heldout,sort,sort-n60000,0.1,12,5683,2868,1
global,age+dirty+rdist,3,K+K+,sort-n60000-s3,heldout,sort,sort-n60000,0.1,12,4843,2849,0
global,age+refaults+rdist,3,K+K+,sort-n60000-s3,heldout,sort,sort-n60000,0.1,12,5683,2858,1
global,dirty+refaults+rdist,3,K+K+,sort-n60000-s3,heldout,sort,sort-n60000,0.1,12,5683,3017,1
global,ref+aging+sfreq+idle,4,K,sort-n60000-s3,heldout,sort,sort-n60000,0.1,12,1869,987,0
global,ref+aging+sfreq+age,4,K,sort-n60000-s3,heldout,sort,sort-n60000,0.1,12,1839,970,0
global,ref+aging+sfreq+dirty,4,K,sort-n60000-s3,heldout,sort,sort-n60000,0.1,12,1869,992,0
global,ref+aging+sfreq+refaults,4,K+K+,sort-n60000-s3,heldout,sort,sort-n60000,0.1,12,1853,978,0
global,ref+aging+sfreq+rdist,4,K+K+,sort-n60000-s3,heldout,sort,sort-n60000,0.1,12,1798,940,0
global,ref+aging+idle+age,4,K,sort-n60000-s3,heldout,sort,sort-n60000,0.1,12,1849,975,0
global,ref+aging+idle+dirty,4,K,sort-n60000-s3,heldout,sort,sort-n60000,0.1,12,1894,998,0
global,ref+aging+idle+refaults,4,K+K+,sort-n60000-s3,heldout,sort,sort-n60000,0.1,12,1894,997,0
global,ref+aging+idle+rdist,4,K+K+,sort-n60000-s3,heldout,sort,sort-n60000,0.1,12,1799,940,0
global,ref+aging+age+dirty,4,K,sort-n60000-s3,heldout,sort,sort-n60000,0.1,12,1834,964,0
global,ref+aging+age+refaults,4,K+K+,sort-n60000-s3,heldout,sort,sort-n60000,0.1,12,1825,959,0
global,ref+aging+age+rdist,4,K+K+,sort-n60000-s3,heldout,sort,sort-n60000,0.1,12,1798,940,0
global,ref+aging+dirty+refaults,4,K+K+,sort-n60000-s3,heldout,sort,sort-n60000,0.1,12,1901,995,0
global,ref+aging+dirty+rdist,4,K+K+,sort-n60000-s3,heldout,sort,sort-n60000,0.1,12,1823,964,0
global,ref+aging+refaults+rdist,4,K+K+,sort-n60000-s3,heldout,sort,sort-n60000,0.1,12,1796,945,0
global,ref+sfreq+idle+age,4,K,sort-n60000-s3,heldout,sort,sort-n60000,0.1,12,1894,997,0
global,ref+sfreq+idle+dirty,4,K,sort-n60000-s3,heldout,sort,sort-n60000,0.1,12,1894,999,0
global,ref+sfreq+idle+refaults,4,K+K+,sort-n60000-s3,heldout,sort,sort-n60000,0.1,12,1898,1000,0
global,ref+sfreq+idle+rdist,4,K+K+,sort-n60000-s3,heldout,sort,sort-n60000,0.1,12,1835,975,0
global,ref+sfreq+age+dirty,4,K,sort-n60000-s3,heldout,sort,sort-n60000,0.1,12,1893,1001,0
global,ref+sfreq+age+refaults,4,K+K+,sort-n60000-s3,heldout,sort,sort-n60000,0.1,12,2307,1140,0
global,ref+sfreq+age+rdist,4,K+K+,sort-n60000-s3,heldout,sort,sort-n60000,0.1,12,1830,969,0
global,ref+sfreq+dirty+refaults,4,K+K+,sort-n60000-s3,heldout,sort,sort-n60000,0.1,12,5683,2178,1
global,ref+sfreq+dirty+rdist,4,K+K+,sort-n60000-s3,heldout,sort,sort-n60000,0.1,12,5683,2267,1
global,ref+sfreq+refaults+rdist,4,K+K+,sort-n60000-s3,heldout,sort,sort-n60000,0.1,12,5683,2151,1
global,ref+idle+age+dirty,4,K,sort-n60000-s3,heldout,sort,sort-n60000,0.1,12,1894,999,0
global,ref+idle+age+refaults,4,K+K+,sort-n60000-s3,heldout,sort,sort-n60000,0.1,12,1894,998,0
global,ref+idle+age+rdist,4,K+K+,sort-n60000-s3,heldout,sort,sort-n60000,0.1,12,1826,972,0
global,ref+idle+dirty+refaults,4,K+K+,sort-n60000-s3,heldout,sort,sort-n60000,0.1,12,1894,996,0
global,ref+idle+dirty+rdist,4,K+K+,sort-n60000-s3,heldout,sort,sort-n60000,0.1,12,1842,982,0
global,ref+idle+refaults+rdist,4,K+K+,sort-n60000-s3,heldout,sort,sort-n60000,0.1,12,3591,1806,0
global,ref+age+dirty+refaults,4,K+K+,sort-n60000-s3,heldout,sort,sort-n60000,0.1,12,5683,2143,1
global,ref+age+dirty+rdist,4,K+K+,sort-n60000-s3,heldout,sort,sort-n60000,0.1,12,3300,1654,0
global,ref+age+refaults+rdist,4,K+K+,sort-n60000-s3,heldout,sort,sort-n60000,0.1,12,5683,2124,1
global,ref+dirty+refaults+rdist,4,K+K+,sort-n60000-s3,heldout,sort,sort-n60000,0.1,12,3752,1872,0
global,aging+sfreq+idle+age,4,K,sort-n60000-s3,heldout,sort,sort-n60000,0.1,12,1894,997,0
global,aging+sfreq+idle+dirty,4,K,sort-n60000-s3,heldout,sort,sort-n60000,0.1,12,1894,1000,0
global,aging+sfreq+idle+refaults,4,K+K+,sort-n60000-s3,heldout,sort,sort-n60000,0.1,12,1860,982,0
global,aging+sfreq+idle+rdist,4,K+K+,sort-n60000-s3,heldout,sort,sort-n60000,0.1,12,1808,956,0
global,aging+sfreq+age+dirty,4,K,sort-n60000-s3,heldout,sort,sort-n60000,0.1,12,1875,1000,0
global,aging+sfreq+age+refaults,4,K+K+,sort-n60000-s3,heldout,sort,sort-n60000,0.1,12,1829,964,0
global,aging+sfreq+age+rdist,4,K+K+,sort-n60000-s3,heldout,sort,sort-n60000,0.1,12,1815,948,0
global,aging+sfreq+dirty+refaults,4,K+K+,sort-n60000-s3,heldout,sort,sort-n60000,0.1,12,1859,986,0
global,aging+sfreq+dirty+rdist,4,K+K+,sort-n60000-s3,heldout,sort,sort-n60000,0.1,12,1814,958,0
global,aging+sfreq+refaults+rdist,4,K+K+,sort-n60000-s3,heldout,sort,sort-n60000,0.1,12,1805,949,0
global,aging+idle+age+dirty,4,K,sort-n60000-s3,heldout,sort,sort-n60000,0.1,12,1894,1000,0
global,aging+idle+age+refaults,4,K+K+,sort-n60000-s3,heldout,sort,sort-n60000,0.1,12,1854,978,0
global,aging+idle+age+rdist,4,K+K+,sort-n60000-s3,heldout,sort,sort-n60000,0.1,12,1815,961,0
global,aging+idle+dirty+refaults,4,K+K+,sort-n60000-s3,heldout,sort,sort-n60000,0.1,12,1894,996,0
global,aging+idle+dirty+rdist,4,K+K+,sort-n60000-s3,heldout,sort,sort-n60000,0.1,12,1815,959,0
global,aging+idle+refaults+rdist,4,K+K+,sort-n60000-s3,heldout,sort,sort-n60000,0.1,12,1795,945,0
global,aging+age+dirty+refaults,4,K+K+,sort-n60000-s3,heldout,sort,sort-n60000,0.1,12,1813,952,0
global,aging+age+dirty+rdist,4,K+K+,sort-n60000-s3,heldout,sort,sort-n60000,0.1,12,1814,958,0
global,aging+age+refaults+rdist,4,K+K+,sort-n60000-s3,heldout,sort,sort-n60000,0.1,12,1817,964,0
global,aging+dirty+refaults+rdist,4,K+K+,sort-n60000-s3,heldout,sort,sort-n60000,0.1,12,1808,958,0
global,sfreq+idle+age+dirty,4,K,sort-n60000-s3,heldout,sort,sort-n60000,0.1,12,1894,999,0
global,sfreq+idle+age+refaults,4,K+K+,sort-n60000-s3,heldout,sort,sort-n60000,0.1,12,1894,998,0
global,sfreq+idle+age+rdist,4,K+K+,sort-n60000-s3,heldout,sort,sort-n60000,0.1,12,3590,1806,0
global,sfreq+idle+dirty+refaults,4,K+K+,sort-n60000-s3,heldout,sort,sort-n60000,0.1,12,1893,1000,0
global,sfreq+idle+dirty+rdist,4,K+K+,sort-n60000-s3,heldout,sort,sort-n60000,0.1,12,3592,1811,0
global,sfreq+idle+refaults+rdist,4,K+K+,sort-n60000-s3,heldout,sort,sort-n60000,0.1,12,3598,1811,0
global,sfreq+age+dirty+refaults,4,K+K+,sort-n60000-s3,heldout,sort,sort-n60000,0.1,12,2063,1148,0
global,sfreq+age+dirty+rdist,4,K+K+,sort-n60000-s3,heldout,sort,sort-n60000,0.1,12,3599,1818,0
global,sfreq+age+refaults+rdist,4,K+K+,sort-n60000-s3,heldout,sort,sort-n60000,0.1,12,5683,2495,1
global,sfreq+dirty+refaults+rdist,4,K+K+,sort-n60000-s3,heldout,sort,sort-n60000,0.1,12,5683,2942,1
global,idle+age+dirty+refaults,4,K+K+,sort-n60000-s3,heldout,sort,sort-n60000,0.1,12,1894,999,0
global,idle+age+dirty+rdist,4,K+K+,sort-n60000-s3,heldout,sort,sort-n60000,0.1,12,3592,1811,0
global,idle+age+refaults+rdist,4,K+K+,sort-n60000-s3,heldout,sort,sort-n60000,0.1,12,3595,1809,0
global,idle+dirty+refaults+rdist,4,K+K+,sort-n60000-s3,heldout,sort,sort-n60000,0.1,12,3595,1810,0
global,age+dirty+refaults+rdist,4,K+K+,sort-n60000-s3,heldout,sort,sort-n60000,0.1,12,5683,2886,1
global,ref+aging+sfreq+idle+age,5,K,sort-n60000-s3,heldout,sort,sort-n60000,0.1,12,1834,966,0
global,ref+aging+sfreq+idle+dirty,5,K,sort-n60000-s3,heldout,sort,sort-n60000,0.1,12,1883,1000,0
global,ref+aging+sfreq+idle+refaults,5,K+K+,sort-n60000-s3,heldout,sort,sort-n60000,0.1,12,1839,970,0
global,ref+aging+sfreq+idle+rdist,5,K+K+,sort-n60000-s3,heldout,sort,sort-n60000,0.1,12,1798,940,0
global,ref+aging+sfreq+age+dirty,5,K,sort-n60000-s3,heldout,sort,sort-n60000,0.1,12,1834,964,0
global,ref+aging+sfreq+age+refaults,5,K+K+,sort-n60000-s3,heldout,sort,sort-n60000,0.1,12,1835,967,0
global,ref+aging+sfreq+age+rdist,5,K+K+,sort-n60000-s3,heldout,sort,sort-n60000,0.1,12,1818,949,0
global,ref+aging+sfreq+dirty+refaults,5,K+K+,sort-n60000-s3,heldout,sort,sort-n60000,0.1,12,1863,985,0
global,ref+aging+sfreq+dirty+rdist,5,K+K+,sort-n60000-s3,heldout,sort,sort-n60000,0.1,12,1803,942,0
global,ref+aging+sfreq+refaults+rdist,5,K+K+,sort-n60000-s3,heldout,sort,sort-n60000,0.1,12,1806,951,0
global,ref+aging+idle+age+dirty,5,K,sort-n60000-s3,heldout,sort,sort-n60000,0.1,12,1848,974,0
global,ref+aging+idle+age+refaults,5,K+K+,sort-n60000-s3,heldout,sort,sort-n60000,0.1,12,1851,975,0
global,ref+aging+idle+age+rdist,5,K+K+,sort-n60000-s3,heldout,sort,sort-n60000,0.1,12,1799,939,0
global,ref+aging+idle+dirty+refaults,5,K+K+,sort-n60000-s3,heldout,sort,sort-n60000,0.1,12,1894,996,0
global,ref+aging+idle+dirty+rdist,5,K+K+,sort-n60000-s3,heldout,sort,sort-n60000,0.1,12,1794,938,0
global,ref+aging+idle+refaults+rdist,5,K+K+,sort-n60000-s3,heldout,sort,sort-n60000,0.1,12,1795,945,0
global,ref+aging+age+dirty+refaults,5,K+K+,sort-n60000-s3,heldout,sort,sort-n60000,0.1,12,1825,957,0
global,ref+aging+age+dirty+rdist,5,K+K+,sort-n60000-s3,heldout,sort,sort-n60000,0.1,12,1795,937,0
global,ref+aging+age+refaults+rdist,5,K+K+,sort-n60000-s3,heldout,sort,sort-n60000,0.1,12,1794,939,0
global,ref+aging+dirty+refaults+rdist,5,K+K+,sort-n60000-s3,heldout,sort,sort-n60000,0.1,12,1803,955,0
global,ref+sfreq+idle+age+dirty,5,K,sort-n60000-s3,heldout,sort,sort-n60000,0.1,12,1894,999,0
global,ref+sfreq+idle+age+refaults,5,K+K+,sort-n60000-s3,heldout,sort,sort-n60000,0.1,12,1894,998,0
global,ref+sfreq+idle+age+rdist,5,K+K+,sort-n60000-s3,heldout,sort,sort-n60000,0.1,12,1839,942,0
global,ref+sfreq+idle+dirty+refaults,5,K+K+,sort-n60000-s3,heldout,sort,sort-n60000,0.1,12,1903,1009,0
global,ref+sfreq+idle+dirty+rdist,5,K+K+,sort-n60000-s3,heldout,sort,sort-n60000,0.1,12,1845,984,0
global,ref+sfreq+idle+refaults+rdist,5,K+K+,sort-n60000-s3,heldout,sort,sort-n60000,0.1,12,3816,1670,0
global,ref+sfreq+age+dirty+refaults,5,K+K+,sort-n60000-s3,heldout,sort,sort-n60000,0.1,12,2553,1242,0
global,ref+sfreq+age+dirty+rdist,5,K+K+,sort-n60000-s3,heldout,sort,sort-n60000,0.1,12,3591,1819,0
global,ref+sfreq+age+refaults+rdist,5,K+K+,sort-n60000-s3,heldout,sort,sort-n60000,0.1,12,5683,2145,1
global,ref+sfreq+dirty+refaults+rdist,5,K+K+,sort-n60000-s3,heldout,sort,sort-n60000,0.1,12,5683,2163,1
global,ref+idle+age+dirty+refaults,5,K+K+,sort-n60000-s3,heldout,sort,sort-n60000,0.1,12,1894,999,0
global,ref+idle+age+dirty+rdist,5,K+K+,sort-n60000-s3,heldout,sort,sort-n60000,0.1,12,1838,980,0
global,ref+idle+age+refaults+rdist,5,K+K+,sort-n60000-s3,heldout,sort,sort-n60000,0.1,12,1939,989,0
global,ref+idle+dirty+refaults+rdist,5,K+K+,sort-n60000-s3,heldout,sort,sort-n60000,0.1,12,3592,1808,0
global,ref+age+dirty+refaults+rdist,5,K+K+,sort-n60000-s3,heldout,sort,sort-n60000,0.1,12,5683,2219,1
global,aging+sfreq+idle+age+dirty,5,K,sort-n60000-s3,heldout,sort,sort-n60000,0.1,12,1894,998,0
global,aging+sfreq+idle+age+refaults,5,K+K+,sort-n60000-s3,heldout,sort,sort-n60000,0.1,12,1857,980,0
global,aging+sfreq+idle+age+rdist,5,K+K+,sort-n60000-s3,heldout,sort,sort-n60000,0.1,12,1783,931,0
global,aging+sfreq+idle+dirty+refaults,5,K+K+,sort-n60000-s3,heldout,sort,sort-n60000,0.1,12,1872,991,0
global,aging+sfreq+idle+dirty+rdist,5,K+K+,sort-n60000-s3,heldout,sort,sort-n60000,0.1,12,1813,956,0
global,aging+sfreq+idle+refaults+rdist,5,K+K+,sort-n60000-s3,heldout,sort,sort-n60000,0.1,12,1800,946,0
global,aging+sfreq+age+dirty+refaults,5,K+K+,sort-n60000-s3,heldout,sort,sort-n60000,0.1,12,1823,961,0
global,aging+sfreq+age+dirty+rdist,5,K+K+,sort-n60000-s3,heldout,sort,sort-n60000,0.1,12,1812,956,0
global,aging+sfreq+age+refaults+rdist,5,K+K+,sort-n60000-s3,heldout,sort,sort-n60000,0.1,12,1818,963,0
global,aging+sfreq+dirty+refaults+rdist,5,K+K+,sort-n60000-s3,heldout,sort,sort-n60000,0.1,12,1811,955,0
global,aging+idle+age+dirty+refaults,5,K+K+,sort-n60000-s3,heldout,sort,sort-n60000,0.1,12,1856,981,0
global,aging+idle+age+dirty+rdist,5,K+K+,sort-n60000-s3,heldout,sort,sort-n60000,0.1,12,1813,956,0
global,aging+idle+age+refaults+rdist,5,K+K+,sort-n60000-s3,heldout,sort,sort-n60000,0.1,12,1794,938,0
global,aging+idle+dirty+refaults+rdist,5,K+K+,sort-n60000-s3,heldout,sort,sort-n60000,0.1,12,1807,955,0
global,aging+age+dirty+refaults+rdist,5,K+K+,sort-n60000-s3,heldout,sort,sort-n60000,0.1,12,1813,958,0
global,sfreq+idle+age+dirty+refaults,5,K+K+,sort-n60000-s3,heldout,sort,sort-n60000,0.1,12,1894,999,0
global,sfreq+idle+age+dirty+rdist,5,K+K+,sort-n60000-s3,heldout,sort,sort-n60000,0.1,12,3584,1805,0
global,sfreq+idle+age+refaults+rdist,5,K+K+,sort-n60000-s3,heldout,sort,sort-n60000,0.1,12,3593,1809,0
global,sfreq+idle+dirty+refaults+rdist,5,K+K+,sort-n60000-s3,heldout,sort,sort-n60000,0.1,12,3598,1815,0
global,sfreq+age+dirty+refaults+rdist,5,K+K+,sort-n60000-s3,heldout,sort,sort-n60000,0.1,12,5683,3031,1
global,idle+age+dirty+refaults+rdist,5,K+K+,sort-n60000-s3,heldout,sort,sort-n60000,0.1,12,3590,1811,0
global,ref+aging+sfreq+idle+age+dirty,6,K,sort-n60000-s3,heldout,sort,sort-n60000,0.1,12,1830,960,0
global,ref+aging+sfreq+idle+age+refaults,6,K+K+,sort-n60000-s3,heldout,sort,sort-n60000,0.1,12,1849,974,0
global,ref+aging+sfreq+idle+age+rdist,6,K+K+,sort-n60000-s3,heldout,sort,sort-n60000,0.1,12,1807,946,0
global,ref+aging+sfreq+idle+dirty+refaults,6,K+K+,sort-n60000-s3,heldout,sort,sort-n60000,0.1,12,1835,973,0
global,ref+aging+sfreq+idle+dirty+rdist,6,K+K+,sort-n60000-s3,heldout,sort,sort-n60000,0.1,12,1802,940,0
global,ref+aging+sfreq+idle+refaults+rdist,6,K+K+,sort-n60000-s3,heldout,sort,sort-n60000,0.1,12,1800,946,0
global,ref+aging+sfreq+age+dirty+refaults,6,K+K+,sort-n60000-s3,heldout,sort,sort-n60000,0.1,12,1827,963,0
global,ref+aging+sfreq+age+dirty+rdist,6,K+K+,sort-n60000-s3,heldout,sort,sort-n60000,0.1,12,1816,946,0
global,ref+aging+sfreq+age+refaults+rdist,6,K+K+,sort-n60000-s3,heldout,sort,sort-n60000,0.1,12,1795,939,0
global,ref+aging+sfreq+dirty+refaults+rdist,6,K+K+,sort-n60000-s3,heldout,sort,sort-n60000,0.1,12,1818,958,0
global,ref+aging+idle+age+dirty+refaults,6,K+K+,sort-n60000-s3,heldout,sort,sort-n60000,0.1,12,1839,972,0
global,ref+aging+idle+age+dirty+rdist,6,K+K+,sort-n60000-s3,heldout,sort,sort-n60000,0.1,12,1794,937,0
global,ref+aging+idle+age+refaults+rdist,6,K+K+,sort-n60000-s3,heldout,sort,sort-n60000,0.1,12,1794,938,0
global,ref+aging+idle+dirty+refaults+rdist,6,K+K+,sort-n60000-s3,heldout,sort,sort-n60000,0.1,12,1807,955,0
global,ref+aging+age+dirty+refaults+rdist,6,K+K+,sort-n60000-s3,heldout,sort,sort-n60000,0.1,12,1794,937,0
global,ref+sfreq+idle+age+dirty+refaults,6,K+K+,sort-n60000-s3,heldout,sort,sort-n60000,0.1,12,1894,1000,0
global,ref+sfreq+idle+age+dirty+rdist,6,K+K+,sort-n60000-s3,heldout,sort,sort-n60000,0.1,12,1847,987,0
global,ref+sfreq+idle+age+refaults+rdist,6,K+K+,sort-n60000-s3,heldout,sort,sort-n60000,0.1,12,1946,991,0
global,ref+sfreq+idle+dirty+refaults+rdist,6,K+K+,sort-n60000-s3,heldout,sort,sort-n60000,0.1,12,4194,1830,0
global,ref+sfreq+age+dirty+refaults+rdist,6,K+K+,sort-n60000-s3,heldout,sort,sort-n60000,0.1,12,5683,2152,1
global,ref+idle+age+dirty+refaults+rdist,6,K+K+,sort-n60000-s3,heldout,sort,sort-n60000,0.1,12,2161,1117,0
global,aging+sfreq+idle+age+dirty+refaults,6,K+K+,sort-n60000-s3,heldout,sort,sort-n60000,0.1,12,1856,981,0
global,aging+sfreq+idle+age+dirty+rdist,6,K+K+,sort-n60000-s3,heldout,sort,sort-n60000,0.1,12,1813,956,0
global,aging+sfreq+idle+age+refaults+rdist,6,K+K+,sort-n60000-s3,heldout,sort,sort-n60000,0.1,12,1817,962,0
global,aging+sfreq+idle+dirty+refaults+rdist,6,K+K+,sort-n60000-s3,heldout,sort,sort-n60000,0.1,12,1801,946,0
global,aging+sfreq+age+dirty+refaults+rdist,6,K+K+,sort-n60000-s3,heldout,sort,sort-n60000,0.1,12,1816,959,0
global,aging+idle+age+dirty+refaults+rdist,6,K+K+,sort-n60000-s3,heldout,sort,sort-n60000,0.1,12,1817,959,0
global,sfreq+idle+age+dirty+refaults+rdist,6,K+K+,sort-n60000-s3,heldout,sort,sort-n60000,0.1,12,3590,1810,0
global,ref+aging+sfreq+idle+age+dirty+refaults,7,K+K+,sort-n60000-s3,heldout,sort,sort-n60000,0.1,12,1841,967,0
global,ref+aging+sfreq+idle+age+dirty+rdist,7,K+K+,sort-n60000-s3,heldout,sort,sort-n60000,0.1,12,1807,948,0
global,ref+aging+sfreq+idle+age+refaults+rdist,7,K+K+,sort-n60000-s3,heldout,sort,sort-n60000,0.1,12,1793,938,0
global,ref+aging+sfreq+idle+dirty+refaults+rdist,7,K+K+,sort-n60000-s3,heldout,sort,sort-n60000,0.1,12,1801,946,0
global,ref+aging+sfreq+age+dirty+refaults+rdist,7,K+K+,sort-n60000-s3,heldout,sort,sort-n60000,0.1,12,1794,936,0
global,ref+aging+idle+age+dirty+refaults+rdist,7,K+K+,sort-n60000-s3,heldout,sort,sort-n60000,0.1,12,1803,940,0
global,ref+sfreq+idle+age+dirty+refaults+rdist,7,K+K+,sort-n60000-s3,heldout,sort,sort-n60000,0.1,12,2442,1256,0
global,aging+sfreq+idle+age+dirty+refaults+rdist,7,K+K+,sort-n60000-s3,heldout,sort,sort-n60000,0.1,12,1817,958,0
global,ref+aging+sfreq+idle+age+dirty+refaults+rdist,8,K+K+,sort-n60000-s3,heldout,sort,sort-n60000,0.1,12,1802,943,0
global,rec+ref+aging+sfreq+idle+age+dirty,7,F+K,sort-n60000-s3,heldout,sort,sort-n60000,0.1,12,1894,999,0
global,rec+ref+aging+sfreq+idle+age+dirty+refaults+rdist,9,F+K+K+,sort-n60000-s3,heldout,sort,sort-n60000,0.1,12,1804,949,0
global,freq+ref+aging+sfreq+idle+age+dirty,7,F+K,sort-n60000-s3,heldout,sort,sort-n60000,0.1,12,1825,955,0
global,freq+ref+aging+sfreq+idle+age+dirty+refaults+rdist,9,F+K+K+,sort-n60000-s3,heldout,sort,sort-n60000,0.1,12,1809,953,0
global,sd+ref+aging+sfreq+idle+age+dirty,7,F+K,sort-n60000-s3,heldout,sort,sort-n60000,0.1,12,1835,966,0
global,sd+ref+aging+sfreq+idle+age+dirty+refaults+rdist,9,F+K+K+,sort-n60000-s3,heldout,sort,sort-n60000,0.1,12,1821,963,0
global,wr+ref+aging+sfreq+idle+age+dirty,7,F+K,sort-n60000-s3,heldout,sort,sort-n60000,0.1,12,1830,960,0
global,wr+ref+aging+sfreq+idle+age+dirty+refaults+rdist,9,F+K+K+,sort-n60000-s3,heldout,sort,sort-n60000,0.1,12,1802,943,0
global,rec+freq+ref+aging+sfreq+idle+age+dirty,8,F+K,sort-n60000-s3,heldout,sort,sort-n60000,0.1,12,1894,998,0
global,rec+freq+ref+aging+sfreq+idle+age+dirty+refaults+rdist,10,F+K+K+,sort-n60000-s3,heldout,sort,sort-n60000,0.1,12,1816,954,0
global,rec+sd+ref+aging+sfreq+idle+age+dirty,8,F+K,sort-n60000-s3,heldout,sort,sort-n60000,0.1,12,1894,999,0
global,rec+sd+ref+aging+sfreq+idle+age+dirty+refaults+rdist,10,F+K+K+,sort-n60000-s3,heldout,sort,sort-n60000,0.1,12,1812,953,0
global,rec+wr+ref+aging+sfreq+idle+age+dirty,8,F+K,sort-n60000-s3,heldout,sort,sort-n60000,0.1,12,1894,999,0
global,rec+wr+ref+aging+sfreq+idle+age+dirty+refaults+rdist,10,F+K+K+,sort-n60000-s3,heldout,sort,sort-n60000,0.1,12,1830,961,0
global,freq+sd+ref+aging+sfreq+idle+age+dirty,8,F+K,sort-n60000-s3,heldout,sort,sort-n60000,0.1,12,1832,963,0
global,freq+sd+ref+aging+sfreq+idle+age+dirty+refaults+rdist,10,F+K+K+,sort-n60000-s3,heldout,sort,sort-n60000,0.1,12,1804,944,0
global,freq+wr+ref+aging+sfreq+idle+age+dirty,8,F+K,sort-n60000-s3,heldout,sort,sort-n60000,0.1,12,1825,955,0
global,freq+wr+ref+aging+sfreq+idle+age+dirty+refaults+rdist,10,F+K+K+,sort-n60000-s3,heldout,sort,sort-n60000,0.1,12,1813,953,0
global,sd+wr+ref+aging+sfreq+idle+age+dirty,8,F+K,sort-n60000-s3,heldout,sort,sort-n60000,0.1,12,1835,968,0
global,sd+wr+ref+aging+sfreq+idle+age+dirty+refaults+rdist,10,F+K+K+,sort-n60000-s3,heldout,sort,sort-n60000,0.1,12,1821,963,0
global,rec+freq+sd+ref+aging+sfreq+idle+age+dirty,9,F+K,sort-n60000-s3,heldout,sort,sort-n60000,0.1,12,1894,998,0
global,rec+freq+sd+ref+aging+sfreq+idle+age+dirty+refaults+rdist,11,F+K+K+,sort-n60000-s3,heldout,sort,sort-n60000,0.1,12,1811,952,0
global,rec+freq+wr+ref+aging+sfreq+idle+age+dirty,9,F+K,sort-n60000-s3,heldout,sort,sort-n60000,0.1,12,1894,998,0
global,rec+freq+wr+ref+aging+sfreq+idle+age+dirty+refaults+rdist,11,F+K+K+,sort-n60000-s3,heldout,sort,sort-n60000,0.1,12,1818,956,0
global,rec+sd+wr+ref+aging+sfreq+idle+age+dirty,9,F+K,sort-n60000-s3,heldout,sort,sort-n60000,0.1,12,1894,999,0
global,rec+sd+wr+ref+aging+sfreq+idle+age+dirty+refaults+rdist,11,F+K+K+,sort-n60000-s3,heldout,sort,sort-n60000,0.1,12,1816,954,0
global,freq+sd+wr+ref+aging+sfreq+idle+age+dirty,9,F+K,sort-n60000-s3,heldout,sort,sort-n60000,0.1,12,1828,961,0
global,freq+sd+wr+ref+aging+sfreq+idle+age+dirty+refaults+rdist,11,F+K+K+,sort-n60000-s3,heldout,sort,sort-n60000,0.1,12,1804,944,0
global,rec+freq+sd+wr+ref+aging+sfreq+idle+age+dirty,10,F+K,sort-n60000-s3,heldout,sort,sort-n60000,0.1,12,1894,998,0
global,rec+freq+sd+wr+ref+aging+sfreq+idle+age+dirty+refaults+rdist,12,F+K+K+,sort-n60000-s3,heldout,sort,sort-n60000,0.1,12,1811,952,0
sort,rec,1,F,sort-n60000-s1,heldout,sort,sort-n60000,0.1,12,1894,997,0
sort,freq,1,F,sort-n60000-s1,heldout,sort,sort-n60000,0.1,12,5683,2845,1
sort,sd,1,F,sort-n60000-s1,heldout,sort,sort-n60000,0.1,12,1894,997,0
sort,wr,1,F,sort-n60000-s1,heldout,sort,sort-n60000,0.1,12,5683,2911,1
sort,rec+freq,2,F,sort-n60000-s1,heldout,sort,sort-n60000,0.1,12,1894,997,0
sort,rec+sd,2,F,sort-n60000-s1,heldout,sort,sort-n60000,0.1,12,1894,997,0
sort,rec+wr,2,F,sort-n60000-s1,heldout,sort,sort-n60000,0.1,12,1894,997,0
sort,freq+sd,2,F,sort-n60000-s1,heldout,sort,sort-n60000,0.1,12,1894,997,0
sort,freq+wr,2,F,sort-n60000-s1,heldout,sort,sort-n60000,0.1,12,5683,2840,1
sort,sd+wr,2,F,sort-n60000-s1,heldout,sort,sort-n60000,0.1,12,1894,997,0
sort,rec+freq+sd,3,F,sort-n60000-s1,heldout,sort,sort-n60000,0.1,12,1894,997,0
sort,rec+freq+wr,3,F,sort-n60000-s1,heldout,sort,sort-n60000,0.1,12,1894,997,0
sort,rec+sd+wr,3,F,sort-n60000-s1,heldout,sort,sort-n60000,0.1,12,1894,997,0
sort,freq+sd+wr,3,F,sort-n60000-s1,heldout,sort,sort-n60000,0.1,12,1894,997,0
sort,rec+freq+sd+wr,4,F,sort-n60000-s1,heldout,sort,sort-n60000,0.1,12,1894,997,0
sort,ref,1,K,sort-n60000-s1,heldout,sort,sort-n60000,0.1,12,1894,997,0
sort,aging,1,K,sort-n60000-s1,heldout,sort,sort-n60000,0.1,12,1894,997,0
sort,sfreq,1,K,sort-n60000-s1,heldout,sort,sort-n60000,0.1,12,5683,2140,1
sort,idle,1,K,sort-n60000-s1,heldout,sort,sort-n60000,0.1,12,1894,997,0
sort,age,1,K,sort-n60000-s1,heldout,sort,sort-n60000,0.1,12,1894,997,0
sort,dirty,1,K,sort-n60000-s1,heldout,sort,sort-n60000,0.1,12,2713,1822,0
sort,refaults,1,K+,sort-n60000-s1,heldout,sort,sort-n60000,0.1,12,1894,999,0
sort,rdist,1,K+,sort-n60000-s1,heldout,sort,sort-n60000,0.1,12,5683,2888,1
sort,ref+aging,2,K,sort-n60000-s1,heldout,sort,sort-n60000,0.1,12,1894,997,0
sort,ref+sfreq,2,K,sort-n60000-s1,heldout,sort,sort-n60000,0.1,12,5683,2142,1
sort,ref+idle,2,K,sort-n60000-s1,heldout,sort,sort-n60000,0.1,12,1894,997,0
sort,ref+age,2,K,sort-n60000-s1,heldout,sort,sort-n60000,0.1,12,1895,997,0
sort,ref+dirty,2,K,sort-n60000-s1,heldout,sort,sort-n60000,0.1,12,1931,1040,0
sort,ref+refaults,2,K+K+,sort-n60000-s1,heldout,sort,sort-n60000,0.1,12,1894,999,0
sort,ref+rdist,2,K+K+,sort-n60000-s1,heldout,sort,sort-n60000,0.1,12,3493,1719,0
sort,aging+sfreq,2,K,sort-n60000-s1,heldout,sort,sort-n60000,0.1,12,2586,1154,0
sort,aging+idle,2,K,sort-n60000-s1,heldout,sort,sort-n60000,0.1,12,1894,997,0
sort,aging+age,2,K,sort-n60000-s1,heldout,sort,sort-n60000,0.1,12,1903,997,0
sort,aging+dirty,2,K,sort-n60000-s1,heldout,sort,sort-n60000,0.1,12,1894,1001,0
sort,aging+refaults,2,K+K+,sort-n60000-s1,heldout,sort,sort-n60000,0.1,12,1894,999,0
sort,aging+rdist,2,K+K+,sort-n60000-s1,heldout,sort,sort-n60000,0.1,12,3348,1679,0
sort,sfreq+idle,2,K,sort-n60000-s1,heldout,sort,sort-n60000,0.1,12,1971,1001,0
sort,sfreq+age,2,K,sort-n60000-s1,heldout,sort,sort-n60000,0.1,12,1948,995,0
sort,sfreq+dirty,2,K,sort-n60000-s1,heldout,sort,sort-n60000,0.1,12,5683,2123,1
sort,sfreq+refaults,2,K+K+,sort-n60000-s1,heldout,sort,sort-n60000,0.1,12,5683,2198,1
sort,sfreq+rdist,2,K+K+,sort-n60000-s1,heldout,sort,sort-n60000,0.1,12,5683,2141,1
sort,idle+age,2,K,sort-n60000-s1,heldout,sort,sort-n60000,0.1,12,1949,996,0
sort,idle+dirty,2,K,sort-n60000-s1,heldout,sort,sort-n60000,0.1,12,1894,998,0
sort,idle+refaults,2,K+K+,sort-n60000-s1,heldout,sort,sort-n60000,0.1,12,1894,997,0
sort,idle+rdist,2,K+K+,sort-n60000-s1,heldout,sort,sort-n60000,0.1,12,1860,978,0
sort,age+dirty,2,K,sort-n60000-s1,heldout,sort,sort-n60000,0.1,12,1894,998,0
sort,age+refaults,2,K+K+,sort-n60000-s1,heldout,sort,sort-n60000,0.1,12,1894,997,0
sort,age+rdist,2,K+K+,sort-n60000-s1,heldout,sort,sort-n60000,0.1,12,1896,998,0
sort,dirty+refaults,2,K+K+,sort-n60000-s1,heldout,sort,sort-n60000,0.1,12,4488,2695,0
sort,dirty+rdist,2,K+K+,sort-n60000-s1,heldout,sort,sort-n60000,0.1,12,5683,2911,1
sort,refaults+rdist,2,K+,sort-n60000-s1,heldout,sort,sort-n60000,0.1,12,5683,2514,1
sort,ref+aging+sfreq,3,K,sort-n60000-s1,heldout,sort,sort-n60000,0.1,12,2228,1057,0
sort,ref+aging+idle,3,K,sort-n60000-s1,heldout,sort,sort-n60000,0.1,12,1864,1008,0
sort,ref+aging+age,3,K,sort-n60000-s1,heldout,sort,sort-n60000,0.1,12,1895,997,0
sort,ref+aging+dirty,3,K,sort-n60000-s1,heldout,sort,sort-n60000,0.1,12,1894,1000,0
sort,ref+aging+refaults,3,K+K+,sort-n60000-s1,heldout,sort,sort-n60000,0.1,12,1894,999,0
sort,ref+aging+rdist,3,K+K+,sort-n60000-s1,heldout,sort,sort-n60000,0.1,12,3348,1677,0
sort,ref+sfreq+idle,3,K,sort-n60000-s1,heldout,sort,sort-n60000,0.1,12,1906,995,0
sort,ref+sfreq+age,3,K,sort-n60000-s1,heldout,sort,sort-n60000,0.1,12,1913,996,0
sort,ref+sfreq+dirty,3,K,sort-n60000-s1,heldout,sort,sort-n60000,0.1,12,5683,2116,1
sort,ref+sfreq+refaults,3,K+K+,sort-n60000-s1,heldout,sort,sort-n60000,0.1,12,5683,2213,1
sort,ref+sfreq+rdist,3,K+K+,sort-n60000-s1,heldout,sort,sort-n60000,0.1,12,5683,2168,1
sort,ref+idle+age,3,K,sort-n60000-s1,heldout,sort,sort-n60000,0.1,12,1934,997,0
sort,ref+idle+dirty,3,K,sort-n60000-s1,heldout,sort,sort-n60000,0.1,12,1894,998,0
sort,ref+idle+refaults,3,K+K+,sort-n60000-s1,heldout,sort,sort-n60000,0.1,12,1894,997,0
sort,ref+idle+rdist,3,K+K+,sort-n60000-s1,heldout,sort,sort-n60000,0.1,12,1859,978,0
sort,ref+age+dirty,3,K,sort-n60000-s1,heldout,sort,sort-n60000,0.1,12,1894,998,0
sort,ref+age+refaults,3,K+K+,sort-n60000-s1,heldout,sort,sort-n60000,0.1,12,1894,997,0
sort,ref+age+rdist,3,K+K+,sort-n60000-s1,heldout,sort,sort-n60000,0.1,12,1894,997,0
sort,ref+dirty+refaults,3,K+K+,sort-n60000-s1,heldout,sort,sort-n60000,0.1,12,1919,1038,0
sort,ref+dirty+rdist,3,K+K+,sort-n60000-s1,heldout,sort,sort-n60000,0.1,12,3435,1707,0
sort,ref+refaults+rdist,3,K+K+,sort-n60000-s1,heldout,sort,sort-n60000,0.1,12,3780,1860,0
sort,aging+sfreq+idle,3,K,sort-n60000-s1,heldout,sort,sort-n60000,0.1,12,2009,1003,0
sort,aging+sfreq+age,3,K,sort-n60000-s1,heldout,sort,sort-n60000,0.1,12,1948,995,0
sort,aging+sfreq+dirty,3,K,sort-n60000-s1,heldout,sort,sort-n60000,0.1,12,2542,1183,0
sort,aging+sfreq+refaults,3,K+K+,sort-n60000-s1,heldout,sort,sort-n60000,0.1,12,2121,1029,0
sort,aging+sfreq+rdist,3,K+K+,sort-n60000-s1,heldout,sort,sort-n60000,0.1,12,2530,1182,0
sort,aging+idle+age,3,K,sort-n60000-s1,heldout,sort,sort-n60000,0.1,12,1947,996,0
sort,aging+idle+dirty,3,K,sort-n60000-s1,heldout,sort,sort-n60000,0.1,12,1894,998,0
sort,aging+idle+refaults,3,K+K+,sort-n60000-s1,heldout,sort,sort-n60000,0.1,12,1894,997,0
sort,aging+idle+rdist,3,K+K+,sort-n60000-s1,heldout,sort,sort-n60000,0.1,12,3590,1806,0
sort,aging+age+dirty,3,K,sort-n60000-s1,heldout,sort,sort-n60000,0.1,12,1896,998,0
sort,aging+age+refaults,3,K+K+,sort-n60000-s1,heldout,sort,sort-n60000,0.1,12,1894,997,0
sort,aging+age+rdist,3,K+K+,sort-n60000-s1,heldout,sort,sort-n60000,0.1,12,1895,997,0
sort,aging+dirty+refaults,3,K+K+,sort-n60000-s1,heldout,sort,sort-n60000,0.1,12,1894,1000,0
sort,aging+dirty+rdist,3,K+K+,sort-n60000-s1,heldout,sort,sort-n60000,0.1,12,3311,1649,0
sort,aging+refaults+rdist,3,K+K+,sort-n60000-s1,heldout,sort,sort-n60000,0.1,12,1804,949,0
sort,sfreq+idle+age,3,K,sort-n60000-s1,heldout,sort,sort-n60000,0.1,12,1959,996,0
sort,sfreq+idle+dirty,3,K,sort-n60000-s1,heldout,sort,sort-n60000,0.1,12,2010,1017,0
sort,sfreq+idle+refaults,3,K+K+,sort-n60000-s1,heldout,sort,sort-n60000,0.1,12,1899,994,0
sort,sfreq+idle+rdist,3,K+K+,sort-n60000-s1,heldout,sort,sort-n60000,0.1,12,1899,994,0
sort,sfreq+age+dirty,3,K,sort-n60000-s1,heldout,sort,sort-n60000,0.1,12,1906,996,0
sort,sfreq+age+refaults,3,K+K+,sort-n60000-s1,heldout,sort,sort-n60000,0.1,12,1907,996,0
sort,sfreq+age+rdist,3,K+K+,sort-n60000-s1,heldout,sort,sort-n60000,0.1,12,1922,997,0
sort,sfreq+dirty+refaults,3,K+K+,sort-n60000-s1,heldout,sort,sort-n60000,0.1,12,5683,2202,1
sort,sfreq+dirty+rdist,3,K+K+,sort-n60000-s1,heldout,sort,sort-n60000,0.1,12,5683,2157,1
sort,sfreq+refaults+rdist,3,K+K+,sort-n60000-s1,heldout,sort,sort-n60000,0.1,12,5683,2131,1
sort,idle+age+dirty,3,K,sort-n60000-s1,heldout,sort,sort-n60000,0.1,12,1936,997,0
sort,idle+age+refaults,3,K+K+,sort-n60000-s1,heldout,sort,sort-n60000,0.1,12,1914,997,0
sort,idle+age+rdist,3,K+K+,sort-n60000-s1,heldout,sort,sort-n60000,0.1,12,1921,998,0
sort,idle+dirty+refaults,3,K+K+,sort-n60000-s1,heldout,sort,sort-n60000,0.1,12,1894,998,0
sort,idle+dirty+rdist,3,K+K+,sort-n60000-s1,heldout,sort,sort-n60000,0.1,12,1861,981,0
sort,idle+refaults+rdist,3,K+K+,sort-n60000-s1,heldout,sort,sort-n60000,0.1,12,1894,997,0
sort,age+dirty+refaults,3,K+K+,sort-n60000-s1,heldout,sort,sort-n60000,0.1,12,1894,998,0
sort,age+dirty+rdist,3,K+K+,sort-n60000-s1,heldout,sort,sort-n60000,0.1,12,1894,998,0
sort,age+refaults+rdist,3,K+K+,sort-n60000-s1,heldout,sort,sort-n60000,0.1,12,1894,997,0
sort,dirty+refaults+rdist,3,K+K+,sort-n60000-s1,heldout,sort,sort-n60000,0.1,12,5683,3100,1
sort,ref+aging+sfreq+idle,4,K,sort-n60000-s1,heldout,sort,sort-n60000,0.1,12,1998,1032,0
sort,ref+aging+sfreq+age,4,K,sort-n60000-s1,heldout,sort,sort-n60000,0.1,12,1917,997,0
sort,ref+aging+sfreq+dirty,4,K,sort-n60000-s1,heldout,sort,sort-n60000,0.1,12,2092,1071,0
sort,ref+aging+sfreq+refaults,4,K+K+,sort-n60000-s1,heldout,sort,sort-n60000,0.1,12,1978,1001,0
sort,ref+aging+sfreq+rdist,4,K+K+,sort-n60000-s1,heldout,sort,sort-n60000,0.1,12,2214,1092,0
sort,ref+aging+idle+age,4,K,sort-n60000-s1,heldout,sort,sort-n60000,0.1,12,2033,1031,0
sort,ref+aging+idle+dirty,4,K,sort-n60000-s1,heldout,sort,sort-n60000,0.1,12,1883,1054,0
sort,ref+aging+idle+refaults,4,K+K+,sort-n60000-s1,heldout,sort,sort-n60000,0.1,12,1878,1009,0
sort,ref+aging+idle+rdist,4,K+K+,sort-n60000-s1,heldout,sort,sort-n60000,0.1,12,2266,1153,0
sort,ref+aging+age+dirty,4,K,sort-n60000-s1,heldout,sort,sort-n60000,0.1,12,1894,998,0
sort,ref+aging+age+refaults,4,K+K+,sort-n60000-s1,heldout,sort,sort-n60000,0.1,12,1894,997,0
sort,ref+aging+age+rdist,4,K+K+,sort-n60000-s1,heldout,sort,sort-n60000,0.1,12,1894,997,0
sort,ref+aging+dirty+refaults,4,K+K+,sort-n60000-s1,heldout,sort,sort-n60000,0.1,12,1894,1000,0
sort,ref+aging+dirty+rdist,4,K+K+,sort-n60000-s1,heldout,sort,sort-n60000,0.1,12,2358,1180,0
sort,ref+aging+refaults+rdist,4,K+K+,sort-n60000-s1,heldout,sort,sort-n60000,0.1,12,1812,958,0
sort,ref+sfreq+idle+age,4,K,sort-n60000-s1,heldout,sort,sort-n60000,0.1,12,1917,996,0
sort,ref+sfreq+idle+dirty,4,K,sort-n60000-s1,heldout,sort,sort-n60000,0.1,12,1902,995,0
sort,ref+sfreq+idle+refaults,4,K+K+,sort-n60000-s1,heldout,sort,sort-n60000,0.1,12,1903,994,0
sort,ref+sfreq+idle+rdist,4,K+K+,sort-n60000-s1,heldout,sort,sort-n60000,0.1,12,1898,995,0
sort,ref+sfreq+age+dirty,4,K,sort-n60000-s1,heldout,sort,sort-n60000,0.1,12,1910,997,0
sort,ref+sfreq+age+refaults,4,K+K+,sort-n60000-s1,heldout,sort,sort-n60000,0.1,12,1907,996,0
sort,ref+sfreq+age+rdist,4,K+K+,sort-n60000-s1,heldout,sort,sort-n60000,0.1,12,1932,1000,0
sort,ref+sfreq+dirty+refaults,4,K+K+,sort-n60000-s1,heldout,sort,sort-n60000,0.1,12,3643,1584,0
sort,ref+sfreq+dirty+rdist,4,K+K+,sort-n60000-s1,heldout,sort,sort-n60000,0.1,12,5683,2221,1
sort,ref+sfreq+refaults+rdist,4,K+K+,sort-n60000-s1,heldout,sort,sort-n60000,0.1,12,2843,1272,0
sort,ref+idle+age+dirty,4,K,sort-n60000-s1,heldout,sort,sort-n60000,0.1,12,1922,998,0
sort,ref+idle+age+refaults,4,K+K+,sort-n60000-s1,heldout,sort,sort-n60000,0.1,12,1910,997,0
sort,ref+idle+age+rdist,4,K+K+,sort-n60000-s1,heldout,sort,sort-n60000,0.1,12,1919,997,0
sort,ref+idle+dirty+refaults,4,K+K+,sort-n60000-s1,heldout,sort,sort-n60000,0.1,12,1894,998,0
sort,ref+idle+dirty+rdist,4,K+K+,sort-n60000-s1,heldout,sort,sort-n60000,0.1,12,1868,985,0
sort,ref+idle+refaults+rdist,4,K+K+,sort-n60000-s1,heldout,sort,sort-n60000,0.1,12,1894,997,0
sort,ref+age+dirty+refaults,4,K+K+,sort-n60000-s1,heldout,sort,sort-n60000,0.1,12,1894,998,0
sort,ref+age+dirty+rdist,4,K+K+,sort-n60000-s1,heldout,sort,sort-n60000,0.1,12,1894,998,0
sort,ref+age+refaults+rdist,4,K+K+,sort-n60000-s1,heldout,sort,sort-n60000,0.1,12,1894,997,0
sort,ref+dirty+refaults+rdist,4,K+K+,sort-n60000-s1,heldout,sort,sort-n60000,0.1,12,3774,1893,0
sort,aging+sfreq+idle+age,4,K,sort-n60000-s1,heldout,sort,sort-n60000,0.1,12,1988,999,0
sort,aging+sfreq+idle+dirty,4,K,sort-n60000-s1,heldout,sort,sort-n60000,0.1,12,2018,1031,0
sort,aging+sfreq+idle+refaults,4,K+K+,sort-n60000-s1,heldout,sort,sort-n60000,0.1,12,1951,995,0
sort,aging+sfreq+idle+rdist,4,K+K+,sort-n60000-s1,heldout,sort,sort-n60000,0.1,12,2228,1102,0
sort,aging+sfreq+age+dirty,4,K,sort-n60000-s1,heldout,sort,sort-n60000,0.1,12,1906,996,0
sort,aging+sfreq+age+refaults,4,K+K+,sort-n60000-s1,heldout,sort,sort-n60000,0.1,12,1909,994,0
sort,aging+sfreq+age+rdist,4,K+K+,sort-n60000-s1,heldout,sort,sort-n60000,0.1,12,2154,1056,0
sort,aging+sfreq+dirty+refaults,4,K+K+,sort-n60000-s1,heldout,sort,sort-n60000,0.1,12,2069,1061,0
sort,aging+sfreq+dirty+rdist,4,K+K+,sort-n60000-s1,heldout,sort,sort-n60000,0.1,12,2351,1183,0
sort,aging+sfreq+refaults+rdist,4,K+K+,sort-n60000-s1,heldout,sort,sort-n60000,0.1,12,2130,1038,0
sort,aging+idle+age+dirty,4,K,sort-n60000-s1,heldout,sort,sort-n60000,0.1,12,1936,997,0
sort,aging+idle+age+refaults,4,K+K+,sort-n60000-s1,heldout,sort,sort-n60000,0.1,12,1916,996,0
sort,aging+idle+age+rdist,4,K+K+,sort-n60000-s1,heldout,sort,sort-n60000,0.1,12,2197,1065,0
sort,aging+idle+dirty+refaults,4,K+K+,sort-n60000-s1,heldout,sort,sort-n60000,0.1,12,1894,999,0
sort,aging+idle+dirty+rdist,4,K+K+,sort-n60000-s1,heldout,sort,sort-n60000,0.1,12,3588,1806,0
sort,aging+idle+refaults+rdist,4,K+K+,sort-n60000-s1,heldout,sort,sort-n60000,0.1,12,1856,978,0
sort,aging+age+dirty+refaults,4,K+K+,sort-n60000-s1,heldout,sort,sort-n60000,0.1,12,1894,998,0
sort,aging+age+dirty+rdist,4,K+K+,sort-n60000-s1,heldout,sort,sort-n60000,0.1,12,1894,998,0
sort,aging+age+refaults+rdist,4,K+K+,sort-n60000-s1,heldout,sort,sort-n60000,0.1,12,1894,997,0
sort,aging+dirty+refaults+rdist,4,K+K+,sort-n60000-s1,heldout,sort,sort-n60000,0.1,12,1803,953,0
sort,sfreq+idle+age+dirty,4,K,sort-n60000-s1,heldout,sort,sort-n60000,0.1,12,1916,996,0
sort,sfreq+idle+age+refaults,4,K+K+,sort-n60000-s1,heldout,sort,sort-n60000,0.1,12,1907,996,0
sort,sfreq+idle+age+rdist,4,K+K+,sort-n60000-s1,heldout,sort,sort-n60000,0.1,12,2025,1025,0
sort,sfreq+idle+dirty+refaults,4,K+K+,sort-n60000-s1,heldout,sort,sort-n60000,0.1,12,1896,995,0
sort,sfreq+idle+dirty+rdist,4,K+K+,sort-n60000-s1,heldout,sort,sort-n60000,0.1,12,1894,994,0
sort,sfreq+idle+refaults+rdist,4,K+K+,sort-n60000-s1,heldout,sort,sort-n60000,0.1,12,1899,994,0
sort,sfreq+age+dirty+refaults,4,K+K+,sort-n60000-s1,heldout,sort,sort-n60000,0.1,12,1907,997,0
sort,sfreq+age+dirty+rdist,4,K+K+,sort-n60000-s1,heldout,sort,sort-n60000,0.1,12,1933,1005,0
sort,sfreq+age+refaults+rdist,4,K+K+,sort-n60000-s1,heldout,sort,sort-n60000,0.1,12,1907,996,0
sort,sfreq+dirty+refaults+rdist,4,K+K+,sort-n60000-s1,heldout,sort,sort-n60000,0.1,12,5683,2158,1
sort,idle+age+dirty+refaults,4,K+K+,sort-n60000-s1,heldout,sort,sort-n60000,0.1,12,1911,998,0
sort,idle+age+dirty+rdist,4,K+K+,sort-n60000-s1,heldout,sort,sort-n60000,0.1,12,1924,999,0
sort,idle+age+refaults+rdist,4,K+K+,sort-n60000-s1,heldout,sort,sort-n60000,0.1,12,1910,996,0
sort,idle+dirty+refaults+rdist,4,K+K+,sort-n60000-s1,heldout,sort,sort-n60000,0.1,12,1894,998,0
sort,age+dirty+refaults+rdist,4,K+K+,sort-n60000-s1,heldout,sort,sort-n60000,0.1,12,1894,998,0
sort,ref+aging+sfreq+idle+age,5,K,sort-n60000-s1,heldout,sort,sort-n60000,0.1,12,1987,1018,0
sort,ref+aging+sfreq+idle+dirty,5,K,sort-n60000-s1,heldout,sort,sort-n60000,0.1,12,2076,1084,0
sort,ref+aging+sfreq+idle+refaults,5,K+K+,sort-n60000-s1,heldout,sort,sort-n60000,0.1,12,1955,1014,0
sort,ref+aging+sfreq+idle+rdist,5,K+K+,sort-n60000-s1,heldout,sort,sort-n60000,0.1,12,1967,1028,0
sort,ref+aging+sfreq+age+dirty,5,K,sort-n60000-s1,heldout,sort,sort-n60000,0.1,12,2018,1021,0
sort,ref+aging+sfreq+age+refaults,5,K+K+,sort-n60000-s1,heldout,sort,sort-n60000,0.1,12,1897,992,0
sort,ref+aging+sfreq+age+rdist,5,K+K+,sort-n60000-s1,heldout,sort,sort-n60000,0.1,12,2116,1064,0
sort,ref+aging+sfreq+dirty+refaults,5,K+K+,sort-n60000-s1,heldout,sort,sort-n60000,0.1,12,1886,1000,0
sort,ref+aging+sfreq+dirty+rdist,5,K+K+,sort-n60000-s1,heldout,sort,sort-n60000,0.1,12,2260,1153,0
sort,ref+aging+sfreq+refaults+rdist,5,K+K+,sort-n60000-s1,heldout,sort,sort-n60000,0.1,12,1946,1002,0
sort,ref+aging+idle+age+dirty,5,K,sort-n60000-s1,heldout,sort,sort-n60000,0.1,12,2012,1079,0
sort,ref+aging+idle+age+refaults,5,K+K+,sort-n60000-s1,heldout,sort,sort-n60000,0.1,12,1904,1006,0
sort,ref+aging+idle+age+rdist,5,K+K+,sort-n60000-s1,heldout,sort,sort-n60000,0.1,12,2164,1088,0
sort,ref+aging+idle+dirty+refaults,5,K+K+,sort-n60000-s1,heldout,sort,sort-n60000,0.1,12,1879,1055,0
sort,ref+aging+idle+dirty+rdist,5,K+K+,sort-n60000-s1,heldout,sort,sort-n60000,0.1,12,2111,1090,0
sort,ref+aging+idle+refaults+rdist,5,K+K+,sort-n60000-s1,heldout,sort,sort-n60000,0.1,12,1819,957,0
sort,ref+aging+age+dirty+refaults,5,K+K+,sort-n60000-s1,heldout,sort,sort-n60000,0.1,12,1894,998,0
sort,ref+aging+age+dirty+rdist,5,K+K+,sort-n60000-s1,heldout,sort,sort-n60000,0.1,12,1894,998,0
sort,ref+aging+age+refaults+rdist,5,K+K+,sort-n60000-s1,heldout,sort,sort-n60000,0.1,12,1894,997,0
sort,ref+aging+dirty+refaults+rdist,5,K+K+,sort-n60000-s1,heldout,sort,sort-n60000,0.1,12,1811,958,0
sort,ref+sfreq+idle+age+dirty,5,K,sort-n60000-s1,heldout,sort,sort-n60000,0.1,12,1914,997,0
sort,ref+sfreq+idle+age+refaults,5,K+K+,sort-n60000-s1,heldout,sort,sort-n60000,0.1,12,1907,996,0
sort,ref+sfreq+idle+age+rdist,5,K+K+,sort-n60000-s1,heldout,sort,sort-n60000,0.1,12,1929,999,0
sort,ref+sfreq+idle+dirty+refaults,5,K+K+,sort-n60000-s1,heldout,sort,sort-n60000,0.1,12,1896,995,0
sort,ref+sfreq+idle+dirty+rdist,5,K+K+,sort-n60000-s1,heldout,sort,sort-n60000,0.1,12,1895,995,0
sort,ref+sfreq+idle+refaults+rdist,5,K+K+,sort-n60000-s1,heldout,sort,sort-n60000,0.1,12,1899,994,0
sort,ref+sfreq+age+dirty+refaults,5,K+K+,sort-n60000-s1,heldout,sort,sort-n60000,0.1,12,1907,997,0
sort,ref+sfreq+age+dirty+rdist,5,K+K+,sort-n60000-s1,heldout,sort,sort-n60000,0.1,12,1924,1000,0
sort,ref+sfreq+age+refaults+rdist,5,K+K+,sort-n60000-s1,heldout,sort,sort-n60000,0.1,12,1907,996,0
sort,ref+sfreq+dirty+refaults+rdist,5,K+K+,sort-n60000-s1,heldout,sort,sort-n60000,0.1,12,3252,1473,0
sort,ref+idle+age+dirty+refaults,5,K+K+,sort-n60000-s1,heldout,sort,sort-n60000,0.1,12,1911,998,0
sort,ref+idle+age+dirty+rdist,5,K+K+,sort-n60000-s1,heldout,sort,sort-n60000,0.1,12,1918,998,0
sort,ref+idle+age+refaults+rdist,5,K+K+,sort-n60000-s1,heldout,sort,sort-n60000,0.1,12,1910,997,0
sort,ref+idle+dirty+refaults+rdist,5,K+K+,sort-n60000-s1,heldout,sort,sort-n60000,0.1,12,1894,998,0
sort,ref+age+dirty+refaults+rdist,5,K+K+,sort-n60000-s1,heldout,sort,sort-n60000,0.1,12,1894,998,0
sort,aging+sfreq+idle+age+dirty,5,K,sort-n60000-s1,heldout,sort,sort-n60000,0.1,12,1944,1002,0
sort,aging+sfreq+idle+age+refaults,5,K+K+,sort-n60000-s1,heldout,sort,sort-n60000,0.1,12,1916,994,0
sort,aging+sfreq+idle+age+rdist,5,K+K+,sort-n60000-s1,heldout,sort,sort-n60000,0.1,12,2181,1059,0
sort,aging+sfreq+idle+dirty+refaults,5,K+K+,sort-n60000-s1,heldout,sort,sort-n60000,0.1,12,1887,991,0
sort,aging+sfreq+idle+dirty+rdist,5,K+K+,sort-n60000-s1,heldout,sort,sort-n60000,0.1,12,2245,1121,0
sort,aging+sfreq+idle+refaults+rdist,5,K+K+,sort-n60000-s1,heldout,sort,sort-n60000,0.1,12,1894,992,0
sort,aging+sfreq+age+dirty+refaults,5,K+K+,sort-n60000-s1,heldout,sort,sort-n60000,0.1,12,1907,994,0
sort,aging+sfreq+age+dirty+rdist,5,K+K+,sort-n60000-s1,heldout,sort,sort-n60000,0.1,12,2238,1111,0
sort,aging+sfreq+age+refaults+rdist,5,K+K+,sort-n60000-s1,heldout,sort,sort-n60000,0.1,12,1904,995,0
sort,aging+sfreq+dirty+refaults+rdist,5,K+K+,sort-n60000-s1,heldout,sort,sort-n60000,0.1,12,2187,1107,0
sort,aging+idle+age+dirty+refaults,5,K+K+,sort-n60000-s1,heldout,sort,sort-n60000,0.1,12,1916,998,0
sort,aging+idle+age+dirty+rdist,5,K+K+,sort-n60000-s1,heldout,sort,sort-n60000,0.1,12,2206,1076,0
sort,aging+idle+age+refaults+rdist,5,K+K+,sort-n60000-s1,heldout,sort,sort-n60000,0.1,12,1917,996,0
sort,aging+idle+dirty+refaults+rdist,5,K+K+,sort-n60000-s1,heldout,sort,sort-n60000,0.1,12,1864,983,0
sort,aging+age+dirty+refaults+rdist,5,K+K+,sort-n60000-s1,heldout,sort,sort-n60000,0.1,12,1894,998,0
sort,sfreq+idle+age+dirty+refaults,5,K+K+,sort-n60000-s1,heldout,sort,sort-n60000,0.1,12,1902,996,0
sort,sfreq+idle+age+dirty+rdist,5,K+K+,sort-n60000-s1,heldout,sort,sort-n60000,0.1,12,2186,1077,0
sort,sfreq+idle+age+refaults+rdist,5,K+K+,sort-n60000-s1,heldout,sort,sort-n60000,0.1,12,1904,996,0
sort,sfreq+idle+dirty+refaults+rdist,5,K+K+,sort-n60000-s1,heldout,sort,sort-n60000,0.1,12,1896,995,0
sort,sfreq+age+dirty+refaults+rdist,5,K+K+,sort-n60000-s1,heldout,sort,sort-n60000,0.1,12,1906,997,0
sort,idle+age+dirty+refaults+rdist,5,K+K+,sort-n60000-s1,heldout,sort,sort-n60000,0.1,12,1910,998,0
sort,ref+aging+sfreq+idle+age+dirty,6,K,sort-n60000-s1,heldout,sort,sort-n60000,0.1,12,2017,1062,0
sort,ref+aging+sfreq+idle+age+refaults,6,K+K+,sort-n60000-s1,heldout,sort,sort-n60000,0.1,12,1922,1009,0
sort,ref+aging+sfreq+idle+age+rdist,6,K+K+,sort-n60000-s1,heldout,sort,sort-n60000,0.1,12,2227,1101,0
sort,ref+aging+sfreq+idle+dirty+refaults,6,K+K+,sort-n60000-s1,heldout,sort,sort-n60000,0.1,12,1929,1035,0
sort,ref+aging+sfreq+idle+dirty+rdist,6,K+K+,sort-n60000-s1,heldout,sort,sort-n60000,0.1,12,2081,1096,0
sort,ref+aging+sfreq+idle+refaults+rdist,6,K+K+,sort-n60000-s1,heldout,sort,sort-n60000,0.1,12,1920,1014,0
sort,ref+aging+sfreq+age+dirty+refaults,6,K+K+,sort-n60000-s1,heldout,sort,sort-n60000,0.1,12,1914,1007,0
sort,ref+aging+sfreq+age+dirty+rdist,6,K+K+,sort-n60000-s1,heldout,sort,sort-n60000,0.1,12,2111,1082,0
sort,ref+aging+sfreq+age+refaults+rdist,6,K+K+,sort-n60000-s1,heldout,sort,sort-n60000,0.1,12,1894,990,0
sort,ref+aging+sfreq+dirty+refaults+rdist,6,K+K+,sort-n60000-s1,heldout,sort,sort-n60000,0.1,12,1868,997,0
sort,ref+aging+idle+age+dirty+refaults,6,K+K+,sort-n60000-s1,heldout,sort,sort-n60000,0.1,12,1916,1049,0
sort,ref+aging+idle+age+dirty+rdist,6,K+K+,sort-n60000-s1,heldout,sort,sort-n60000,0.1,12,2126,1109,0
sort,ref+aging+idle+age+refaults+rdist,6,K+K+,sort-n60000-s1,heldout,sort,sort-n60000,0.1,12,1901,1026,0
sort,ref+aging+idle+dirty+refaults+rdist,6,K+K+,sort-n60000-s1,heldout,sort,sort-n60000,0.1,12,1826,966,0
sort,ref+aging+age+dirty+refaults+rdist,6,K+K+,sort-n60000-s1,heldout,sort,sort-n60000,0.1,12,1894,998,0
sort,ref+sfreq+idle+age+dirty+refaults,6,K+K+,sort-n60000-s1,heldout,sort,sort-n60000,0.1,12,1902,996,0
sort,ref+sfreq+idle+age+dirty+rdist,6,K+K+,sort-n60000-s1,heldout,sort,sort-n60000,0.1,12,1924,1000,0
sort,ref+sfreq+idle+age+refaults+rdist,6,K+K+,sort-n60000-s1,heldout,sort,sort-n60000,0.1,12,1904,996,0
sort,ref+sfreq+idle+dirty+refaults+rdist,6,K+K+,sort-n60000-s1,heldout,sort,sort-n60000,0.1,12,1896,995,0
sort,ref+sfreq+age+dirty+refaults+rdist,6,K+K+,sort-n60000-s1,heldout,sort,sort-n60000,0.1,12,1906,997,0
sort,ref+idle+age+dirty+refaults+rdist,6,K+K+,sort-n60000-s1,heldout,sort,sort-n60000,0.1,12,1911,998,0
sort,aging+sfreq+idle+age+dirty+refaults,6,K+K+,sort-n60000-s1,heldout,sort,sort-n60000,0.1,12,1912,994,0
sort,aging+sfreq+idle+age+dirty+rdist,6,K+K+,sort-n60000-s1,heldout,sort,sort-n60000,0.1,12,2232,1112,0
sort,aging+sfreq+idle+age+refaults+rdist,6,K+K+,sort-n60000-s1,heldout,sort,sort-n60000,0.1,12,1919,995,0
sort,aging+sfreq+idle+dirty+refaults+rdist,6,K+K+,sort-n60000-s1,heldout,sort,sort-n60000,0.1,12,1893,990,0
sort,aging+sfreq+age+dirty+refaults+rdist,6,K+K+,sort-n60000-s1,heldout,sort,sort-n60000,0.1,12,1906,1003,0
sort,aging+idle+age+dirty+refaults+rdist,6,K+K+,sort-n60000-s1,heldout,sort,sort-n60000,0.1,12,1917,998,0
sort,sfreq+idle+age+dirty+refaults+rdist,6,K+K+,sort-n60000-s1,heldout,sort,sort-n60000,0.1,12,1902,996,0
sort,ref+aging+sfreq+idle+age+dirty+refaults,7,K+K+,sort-n60000-s1,heldout,sort,sort-n60000,0.1,12,1885,1014,0
sort,ref+aging+sfreq+idle+age+dirty+rdist,7,K+K+,sort-n60000-s1,heldout,sort,sort-n60000,0.1,12,2195,1136,0
sort,ref+aging+sfreq+idle+age+refaults+rdist,7,K+K+,sort-n60000-s1,heldout,sort,sort-n60000,0.1,12,1917,1027,0
sort,ref+aging+sfreq+idle+dirty+refaults+rdist,7,K+K+,sort-n60000-s1,heldout,sort,sort-n60000,0.1,12,1891,1021,0
sort,ref+aging+sfreq+age+dirty+refaults+rdist,7,K+K+,sort-n60000-s1,heldout,sort,sort-n60000,0.1,12,1880,999,0
sort,ref+aging+idle+age+dirty+refaults+rdist,7,K+K+,sort-n60000-s1,heldout,sort,sort-n60000,0.1,12,1923,1034,0
sort,ref+sfreq+idle+age+dirty+refaults+rdist,7,K+K+,sort-n60000-s1,heldout,sort,sort-n60000,0.1,12,1902,996,0
sort,aging+sfreq+idle+age+dirty+refaults+rdist,7,K+K+,sort-n60000-s1,heldout,sort,sort-n60000,0.1,12,2053,1037,0
sort,ref+aging+sfreq+idle+age+dirty+refaults+rdist,8,K+K+,sort-n60000-s1,heldout,sort,sort-n60000,0.1,12,1928,1033,0
sort,rec+ref+aging+sfreq+idle+age+dirty,7,F+K,sort-n60000-s1,heldout,sort,sort-n60000,0.1,12,1903,999,0
sort,rec+ref+aging+sfreq+idle+age+dirty+refaults+rdist,9,F+K+K+,sort-n60000-s1,heldout,sort,sort-n60000,0.1,12,1895,999,0
sort,freq+ref+aging+sfreq+idle+age+dirty,7,F+K,sort-n60000-s1,heldout,sort,sort-n60000,0.1,12,2019,1049,0
sort,freq+ref+aging+sfreq+idle+age+dirty+refaults+rdist,9,F+K+K+,sort-n60000-s1,heldout,sort,sort-n60000,0.1,12,1942,1042,0
sort,sd+ref+aging+sfreq+idle+age+dirty,7,F+K,sort-n60000-s1,heldout,sort,sort-n60000,0.1,12,1835,982,0
sort,sd+ref+aging+sfreq+idle+age+dirty+refaults+rdist,9,F+K+K+,sort-n60000-s1,heldout,sort,sort-n60000,0.1,12,1830,973,0
sort,wr+ref+aging+sfreq+idle+age+dirty,7,F+K,sort-n60000-s1,heldout,sort,sort-n60000,0.1,12,2030,1065,0
sort,wr+ref+aging+sfreq+idle+age+dirty+refaults+rdist,9,F+K+K+,sort-n60000-s1,heldout,sort,sort-n60000,0.1,12,1928,1033,0
sort,rec+freq+ref+aging+sfreq+idle+age+dirty,8,F+K,sort-n60000-s1,heldout,sort,sort-n60000,0.1,12,1905,998,0
sort,rec+freq+ref+aging+sfreq+idle+age+dirty+refaults+rdist,10,F+K+K+,sort-n60000-s1,heldout,sort,sort-n60000,0.1,12,1895,999,0
sort,rec+sd+ref+aging+sfreq+idle+age+dirty,8,F+K,sort-n60000-s1,heldout,sort,sort-n60000,0.1,12,1901,998,0
sort,rec+sd+ref+aging+sfreq+idle+age+dirty+refaults+rdist,10,F+K+K+,sort-n60000-s1,heldout,sort,sort-n60000,0.1,12,1901,998,0
sort,rec+wr+ref+aging+sfreq+idle+age+dirty,8,F+K,sort-n60000-s1,heldout,sort,sort-n60000,0.1,12,1903,999,0
sort,rec+wr+ref+aging+sfreq+idle+age+dirty+refaults+rdist,10,F+K+K+,sort-n60000-s1,heldout,sort,sort-n60000,0.1,12,1896,999,0
sort,freq+sd+ref+aging+sfreq+idle+age+dirty,8,F+K,sort-n60000-s1,heldout,sort,sort-n60000,0.1,12,1838,983,0
sort,freq+sd+ref+aging+sfreq+idle+age+dirty+refaults+rdist,10,F+K+K+,sort-n60000-s1,heldout,sort,sort-n60000,0.1,12,1821,966,0
sort,freq+wr+ref+aging+sfreq+idle+age+dirty,8,F+K,sort-n60000-s1,heldout,sort,sort-n60000,0.1,12,2046,1075,0
sort,freq+wr+ref+aging+sfreq+idle+age+dirty+refaults+rdist,10,F+K+K+,sort-n60000-s1,heldout,sort,sort-n60000,0.1,12,1976,1058,0
sort,sd+wr+ref+aging+sfreq+idle+age+dirty,8,F+K,sort-n60000-s1,heldout,sort,sort-n60000,0.1,12,1836,983,0
sort,sd+wr+ref+aging+sfreq+idle+age+dirty+refaults+rdist,10,F+K+K+,sort-n60000-s1,heldout,sort,sort-n60000,0.1,12,1830,973,0
sort,rec+freq+sd+ref+aging+sfreq+idle+age+dirty,9,F+K,sort-n60000-s1,heldout,sort,sort-n60000,0.1,12,1901,996,0
sort,rec+freq+sd+ref+aging+sfreq+idle+age+dirty+refaults+rdist,11,F+K+K+,sort-n60000-s1,heldout,sort,sort-n60000,0.1,12,1907,996,0
sort,rec+freq+wr+ref+aging+sfreq+idle+age+dirty,9,F+K,sort-n60000-s1,heldout,sort,sort-n60000,0.1,12,1905,998,0
sort,rec+freq+wr+ref+aging+sfreq+idle+age+dirty+refaults+rdist,11,F+K+K+,sort-n60000-s1,heldout,sort,sort-n60000,0.1,12,1895,999,0
sort,rec+sd+wr+ref+aging+sfreq+idle+age+dirty,9,F+K,sort-n60000-s1,heldout,sort,sort-n60000,0.1,12,1900,998,0
sort,rec+sd+wr+ref+aging+sfreq+idle+age+dirty+refaults+rdist,11,F+K+K+,sort-n60000-s1,heldout,sort,sort-n60000,0.1,12,1901,998,0
sort,freq+sd+wr+ref+aging+sfreq+idle+age+dirty,9,F+K,sort-n60000-s1,heldout,sort,sort-n60000,0.1,12,1840,989,0
sort,freq+sd+wr+ref+aging+sfreq+idle+age+dirty+refaults+rdist,11,F+K+K+,sort-n60000-s1,heldout,sort,sort-n60000,0.1,12,1824,967,0
sort,rec+freq+sd+wr+ref+aging+sfreq+idle+age+dirty,10,F+K,sort-n60000-s1,heldout,sort,sort-n60000,0.1,12,1900,996,0
sort,rec+freq+sd+wr+ref+aging+sfreq+idle+age+dirty+refaults+rdist,12,F+K+K+,sort-n60000-s1,heldout,sort,sort-n60000,0.1,12,1906,996,0
global,rec,1,F,sort-n60000-s1,heldout,sort,sort-n60000,0.1,12,1894,997,0
global,freq,1,F,sort-n60000-s1,heldout,sort,sort-n60000,0.1,12,5683,2845,1
global,sd,1,F,sort-n60000-s1,heldout,sort,sort-n60000,0.1,12,1894,997,0
global,wr,1,F,sort-n60000-s1,heldout,sort,sort-n60000,0.1,12,5683,2911,1
global,rec+freq,2,F,sort-n60000-s1,heldout,sort,sort-n60000,0.1,12,1894,997,0
global,rec+sd,2,F,sort-n60000-s1,heldout,sort,sort-n60000,0.1,12,1894,997,0
global,rec+wr,2,F,sort-n60000-s1,heldout,sort,sort-n60000,0.1,12,1894,997,0
global,freq+sd,2,F,sort-n60000-s1,heldout,sort,sort-n60000,0.1,12,1894,997,0
global,freq+wr,2,F,sort-n60000-s1,heldout,sort,sort-n60000,0.1,12,5683,2849,1
global,sd+wr,2,F,sort-n60000-s1,heldout,sort,sort-n60000,0.1,12,1894,997,0
global,rec+freq+sd,3,F,sort-n60000-s1,heldout,sort,sort-n60000,0.1,12,1894,998,0
global,rec+freq+wr,3,F,sort-n60000-s1,heldout,sort,sort-n60000,0.1,12,1894,997,0
global,rec+sd+wr,3,F,sort-n60000-s1,heldout,sort,sort-n60000,0.1,12,1894,997,0
global,freq+sd+wr,3,F,sort-n60000-s1,heldout,sort,sort-n60000,0.1,12,1894,997,0
global,rec+freq+sd+wr,4,F,sort-n60000-s1,heldout,sort,sort-n60000,0.1,12,1894,998,0
global,ref,1,K,sort-n60000-s1,heldout,sort,sort-n60000,0.1,12,1894,997,0
global,aging,1,K,sort-n60000-s1,heldout,sort,sort-n60000,0.1,12,1894,997,0
global,sfreq,1,K,sort-n60000-s1,heldout,sort,sort-n60000,0.1,12,5683,2844,1
global,idle,1,K,sort-n60000-s1,heldout,sort,sort-n60000,0.1,12,1894,997,0
global,age,1,K,sort-n60000-s1,heldout,sort,sort-n60000,0.1,12,1894,997,0
global,dirty,1,K,sort-n60000-s1,heldout,sort,sort-n60000,0.1,12,2713,1822,0
global,refaults,1,K+,sort-n60000-s1,heldout,sort,sort-n60000,0.1,12,1894,999,0
global,rdist,1,K+,sort-n60000-s1,heldout,sort,sort-n60000,0.1,12,5683,2888,1
global,ref+aging,2,K,sort-n60000-s1,heldout,sort,sort-n60000,0.1,12,1894,997,0
global,ref+sfreq,2,K,sort-n60000-s1,heldout,sort,sort-n60000,0.1,12,5683,2143,1
global,ref+idle,2,K,sort-n60000-s1,heldout,sort,sort-n60000,0.1,12,1894,997,0
global,ref+age,2,K,sort-n60000-s1,heldout,sort,sort-n60000,0.1,12,1894,997,0
global,ref+dirty,2,K,sort-n60000-s1,heldout,sort,sort-n60000,0.1,12,1931,1040,0
global,ref+refaults,2,K+K+,sort-n60000-s1,heldout,sort,sort-n60000,0.1,12,1894,999,0
global,ref+rdist,2,K+K+,sort-n60000-s1,heldout,sort,sort-n60000,0.1,12,3481,1719,0
global,aging+sfreq,2,K,sort-n60000-s1,heldout,sort,sort-n60000,0.1,12,1853,980,0
global,aging+idle,2,K,sort-n60000-s1,heldout,sort,sort-n60000,0.1,12,1894,997,0
global,aging+age,2,K,sort-n60000-s1,heldout,sort,sort-n60000,0.1,12,1845,972,0
global,aging+dirty,2,K,sort-n60000-s1,heldout,sort,sort-n60000,0.1,12,1894,998,0
global,aging+refaults,2,K+K+,sort-n60000-s1,heldout,sort,sort-n60000,0.1,12,1894,999,0
global,aging+rdist,2,K+K+,sort-n60000-s1,heldout,sort,sort-n60000,0.1,12,1788,935,0
global,sfreq+idle,2,K,sort-n60000-s1,heldout,sort,sort-n60000,0.1,12,1894,997,0
global,sfreq+age,2,K,sort-n60000-s1,heldout,sort,sort-n60000,0.1,12,1894,998,0
global,sfreq+dirty,2,K,sort-n60000-s1,heldout,sort,sort-n60000,0.1,12,5683,2852,1
global,sfreq+refaults,2,K+K+,sort-n60000-s1,heldout,sort,sort-n60000,0.1,12,5683,2894,1
global,sfreq+rdist,2,K+K+,sort-n60000-s1,heldout,sort,sort-n60000,0.1,12,5683,2889,1
global,idle+age,2,K,sort-n60000-s1,heldout,sort,sort-n60000,0.1,12,1894,997,0
global,idle+dirty,2,K,sort-n60000-s1,heldout,sort,sort-n60000,0.1,12,1894,998,0
global,idle+refaults,2,K+K+,sort-n60000-s1,heldout,sort,sort-n60000,0.1,12,1894,997,0
global,idle+rdist,2,K+K+,sort-n60000-s1,heldout,sort,sort-n60000,0.1,12,3590,1806,0
global,age+dirty,2,K,sort-n60000-s1,heldout,sort,sort-n60000,0.1,12,1894,999,0
global,age+refaults,2,K+K+,sort-n60000-s1,heldout,sort,sort-n60000,0.1,12,5683,2869,1
global,age+rdist,2,K+K+,sort-n60000-s1,heldout,sort,sort-n60000,0.1,12,3591,1807,0
global,dirty+refaults,2,K+K+,sort-n60000-s1,heldout,sort,sort-n60000,0.1,12,5683,1503,1
global,dirty+rdist,2,K+K+,sort-n60000-s1,heldout,sort,sort-n60000,0.1,12,5683,2911,1
global,refaults+rdist,2,K+,sort-n60000-s1,heldout,sort,sort-n60000,0.1,12,5683,2474,1
global,ref+aging+sfreq,3,K,sort-n60000-s1,heldout,sort,sort-n60000,0.1,12,1858,982,0
global,ref+aging+idle,3,K,sort-n60000-s1,heldout,sort,sort-n60000,0.1,12,1894,997,0
global,ref+aging+age,3,K,sort-n60000-s1,heldout,sort,sort-n60000,0.1,12,1839,970,0
global,ref+aging+dirty,3,K,sort-n60000-s1,heldout,sort,sort-n60000,0.1,12,1894,998,0
global,ref+aging+refaults,3,K+K+,sort-n60000-s1,heldout,sort,sort-n60000,0.1,12,1894,999,0
global,ref+aging+rdist,3,K+K+,sort-n60000-s1,heldout,sort,sort-n60000,0.1,12,1799,942,0
global,ref+sfreq+idle,3,K,sort-n60000-s1,heldout,sort,sort-n60000,0.1,12,1894,997,0
global,ref+sfreq+age,3,K,sort-n60000-s1,heldout,sort,sort-n60000,0.1,12,1893,998,0
global,ref+sfreq+dirty,3,K,sort-n60000-s1,heldout,sort,sort-n60000,0.1,12,5683,2155,1
global,ref+sfreq+refaults,3,K+K+,sort-n60000-s1,heldout,sort,sort-n60000,0.1,12,5683,2160,1
global,ref+sfreq+rdist,3,K+K+,sort-n60000-s1,heldout,sort,sort-n60000,0.1,12,5683,2290,1
global,ref+idle+age,3,K,sort-n60000-s1,heldout,sort,sort-n60000,0.1,12,1894,997,0
global,ref+idle+dirty,3,K,sort-n60000-s1,heldout,sort,sort-n60000,0.1,12,1894,998,0
global,ref+idle+refaults,3,K+K+,sort-n60000-s1,heldout,sort,sort-n60000,0.1,12,1894,997,0
global,ref+idle+rdist,3,K+K+,sort-n60000-s1,heldout,sort,sort-n60000,0.1,12,1789,935,0
global,ref+age+dirty,3,K,sort-n60000-s1,heldout,sort,sort-n60000,0.1,12,1894,1001,0
global,ref+age+refaults,3,K+K+,sort-n60000-s1,heldout,sort,sort-n60000,0.1,12,5683,2139,1
global,ref+age+rdist,3,K+K+,sort-n60000-s1,heldout,sort,sort-n60000,0.1,12,2657,1280,0
global,ref+dirty+refaults,3,K+K+,sort-n60000-s1,heldout,sort,sort-n60000,0.1,12,1989,993,0
global,ref+dirty+rdist,3,K+K+,sort-n60000-s1,heldout,sort,sort-n60000,0.1,12,3312,1663,0
global,ref+refaults+rdist,3,K+K+,sort-n60000-s1,heldout,sort,sort-n60000,0.1,12,3773,1853,0
global,aging+sfreq+idle,3,K,sort-n60000-s1,heldout,sort,sort-n60000,0.1,12,1894,998,0
global,aging+sfreq+age,3,K,sort-n60000-s1,heldout,sort,sort-n60000,0.1,12,1853,980,0
global,aging+sfreq+dirty,3,K,sort-n60000-s1,heldout,sort,sort-n60000,0.1,12,1877,1000,0
global,aging+sfreq+refaults,3,K+K+,sort-n60000-s1,heldout,sort,sort-n60000,0.1,12,1851,978,0
global,aging+sfreq+rdist,3,K+K+,sort-n60000-s1,heldout,sort,sort-n60000,0.1,12,1809,956,0
global,aging+idle+age,3,K,sort-n60000-s1,heldout,sort,sort-n60000,0.1,12,1894,997,0
global,aging+idle+dirty,3,K,sort-n60000-s1,heldout,sort,sort-n60000,0.1,12,1894,998,0
global,aging+idle+refaults,3,K+K+,sort-n60000-s1,heldout,sort,sort-n60000,0.1,12,1894,997,0
global,aging+idle+rdist,3,K+K+,sort-n60000-s1,heldout,sort,sort-n60000,0.1,12,1788,934,0
global,aging+age+dirty,3,K,sort-n60000-s1,heldout,sort,sort-n60000,0.1,12,1825,957,0
global,aging+age+refaults,3,K+K+,sort-n60000-s1,heldout,sort,sort-n60000,0.1,12,1824,959,0
global,aging+age+rdist,3,K+K+,sort-n60000-s1,heldout,sort,sort-n60000,0.1,12,1813,959,0
global,aging+dirty+refaults,3,K+K+,sort-n60000-s1,heldout,sort,sort-n60000,0.1,12,1898,995,0
global,aging+dirty+rdist,3,K+K+,sort-n60000-s1,heldout,sort,sort-n60000,0.1,12,1816,960,0
global,aging+refaults+rdist,3,K+K+,sort-n60000-s1,heldout,sort,sort-n60000,0.1,12,1797,946,0
global,sfreq+idle+age,3,K,sort-n60000-s1,heldout,sort,sort-n60000,0.1,12,1894,997,0
global,sfreq+idle+dirty,3,K,sort-n60000-s1,heldout,sort,sort-n60000,0.1,12,1894,999,0
global,sfreq+idle+refaults,3,K+K+,sort-n60000-s1,heldout,sort,sort-n60000,0.1,12,1894,998,0
global,sfreq+idle+rdist,3,K+K+,sort-n60000-s1,heldout,sort,sort-n60000,0.1,12,3590,1806,0
global,sfreq+age+dirty,3,K,sort-n60000-s1,heldout,sort,sort-n60000,0.1,12,1893,1000,0
global,sfreq+age+refaults,3,K+K+,sort-n60000-s1,heldout,sort,sort-n60000,0.1,12,1918,1010,0
global,sfreq+age+rdist,3,K+K+,sort-n60000-s1,heldout,sort,sort-n60000,0.1,12,3594,1810,0
global,sfreq+dirty+refaults,3,K+K+,sort-n60000-s1,heldout,sort,sort-n60000,0.1,12,5683,2936,1
global,sfreq+dirty+rdist,3,K+K+,sort-n60000-s1,heldout,sort,sort-n60000,0.1,12,5683,2852,1
global,sfreq+refaults+rdist,3,K+K+,sort-n60000-s1,heldout,sort,sort-n60000,0.1,12,5683,2893,1
global,idle+age+dirty,3,K,sort-n60000-s1,heldout,sort,sort-n60000,0.1,12,1894,999,0
global,idle+age+refaults,3,K+K+,sort-n60000-s1,heldout,sort,sort-n60000,0.1,12,1894,998,0
global,idle+age+rdist,3,K+K+,sort-n60000-s1,heldout,sort,sort-n60000,0.1,12,3591,1807,0
global,idle+dirty+refaults,3,K+K+,sort-n60000-s1,heldout,sort,sort-n60000,0.1,12,1894,997,0
global,idle+dirty+rdist,3,K+K+,sort-n60000-s1,heldout,sort,sort-n60000,0.1,12,3590,1809,0
global,idle+refaults+rdist,3,K+K+,sort-n60000-s1,heldout,sort,sort-n60000,0.1,12,3595,1808,0
global,age+dirty+refaults,3,K+K+,sort-n60000-s1,heldout,sort,sort-n60000,0.1,12,5683,2868,1
global,age+dirty+rdist,3,K+K+,sort-n60000-s1,heldout,sort,sort-n60000,0.1,12,4842,2848,0
global,age+refaults+rdist,3,K+K+,sort-n60000-s1,heldout,sort,sort-n60000,0.1,12,5683,2858,1
global,dirty+refaults+rdist,3,K+K+,sort-n60000-s1,heldout,sort,sort-n60000,0.1,12,5683,2981,1
global,ref+aging+sfreq+idle,4,K,sort-n60000-s1,heldout,sort,sort-n60000,0.1,12,1869,987,0
global,ref+aging+sfreq+age,4,K,sort-n60000-s1,heldout,sort,sort-n60000,0.1,12,1839,970,0
global,ref+aging+sfreq+dirty,4,K,sort-n60000-s1,heldout,sort,sort-n60000,0.1,12,1869,992,0
global,ref+aging+sfreq+refaults,4,K+K+,sort-n60000-s1,heldout,sort,sort-n60000,0.1,12,1850,978,0
global,ref+aging+sfreq+rdist,4,K+K+,sort-n60000-s1,heldout,sort,sort-n60000,0.1,12,1798,940,0
global,ref+aging+idle+age,4,K,sort-n60000-s1,heldout,sort,sort-n60000,0.1,12,1849,975,0
global,ref+aging+idle+dirty,4,K,sort-n60000-s1,heldout,sort,sort-n60000,0.1,12,1894,998,0
global,ref+aging+idle+refaults,4,K+K+,sort-n60000-s1,heldout,sort,sort-n60000,0.1,12,1894,997,0
global,ref+aging+idle+rdist,4,K+K+,sort-n60000-s1,heldout,sort,sort-n60000,0.1,12,1799,940,0
global,ref+aging+age+dirty,4,K,sort-n60000-s1,heldout,sort,sort-n60000,0.1,12,1834,964,0
global,ref+aging+age+refaults,4,K+K+,sort-n60000-s1,heldout,sort,sort-n60000,0.1,12,1823,959,0
global,ref+aging+age+rdist,4,K+K+,sort-n60000-s1,heldout,sort,sort-n60000,0.1,12,1798,940,0
global,ref+aging+dirty+refaults,4,K+K+,sort-n60000-s1,heldout,sort,sort-n60000,0.1,12,1898,995,0
global,ref+aging+dirty+rdist,4,K+K+,sort-n60000-s1,heldout,sort,sort-n60000,0.1,12,1823,964,0
global,ref+aging+refaults+rdist,4,K+K+,sort-n60000-s1,heldout,sort,sort-n60000,0.1,12,1796,945,0
global,ref+sfreq+idle+age,4,K,sort-n60000-s1,heldout,sort,sort-n60000,0.1,12,1894,997,0
global,ref+sfreq+idle+dirty,4,K,sort-n60000-s1,heldout,sort,sort-n60000,0.1,12,1894,999,0
global,ref+sfreq+idle+refaults,4,K+K+,sort-n60000-s1,heldout,sort,sort-n60000,0.1,12,1896,1000,0
global,ref+sfreq+idle+rdist,4,K+K+,sort-n60000-s1,heldout,sort,sort-n60000,0.1,12,1836,975,0
global,ref+sfreq+age+dirty,4,K,sort-n60000-s1,heldout,sort,sort-n60000,0.1,12,1893,1001,0
global,ref+sfreq+age+refaults,4,K+K+,sort-n60000-s1,heldout,sort,sort-n60000,0.1,12,2302,1139,0
global,ref+sfreq+age+rdist,4,K+K+,sort-n60000-s1,heldout,sort,sort-n60000,0.1,12,1830,969,0
global,ref+sfreq+dirty+refaults,4,K+K+,sort-n60000-s1,heldout,sort,sort-n60000,0.1,12,5683,2178,1
global,ref+sfreq+dirty+rdist,4,K+K+,sort-n60000-s1,heldout,sort,sort-n60000,0.1,12,5683,2267,1
global,ref+sfreq+refaults+rdist,4,K+K+,sort-n60000-s1,heldout,sort,sort-n60000,0.1,12,5683,2151,1
global,ref+idle+age+dirty,4,K,sort-n60000-s1,heldout,sort,sort-n60000,0.1,12,1894,999,0
global,ref+idle+age+refaults,4,K+K+,sort-n60000-s1,heldout,sort,sort-n60000,0.1,12,1894,998,0
global,ref+idle+age+rdist,4,K+K+,sort-n60000-s1,heldout,sort,sort-n60000,0.1,12,1827,972,0
global,ref+idle+dirty+refaults,4,K+K+,sort-n60000-s1,heldout,sort,sort-n60000,0.1,12,1894,996,0
global,ref+idle+dirty+rdist,4,K+K+,sort-n60000-s1,heldout,sort,sort-n60000,0.1,12,1845,986,0
global,ref+idle+refaults+rdist,4,K+K+,sort-n60000-s1,heldout,sort,sort-n60000,0.1,12,3591,1806,0
global,ref+age+dirty+refaults,4,K+K+,sort-n60000-s1,heldout,sort,sort-n60000,0.1,12,5683,2143,1
global,ref+age+dirty+rdist,4,K+K+,sort-n60000-s1,heldout,sort,sort-n60000,0.1,12,3309,1657,0
global,ref+age+refaults+rdist,4,K+K+,sort-n60000-s1,heldout,sort,sort-n60000,0.1,12,5683,2124,1
global,ref+dirty+refaults+rdist,4,K+K+,sort-n60000-s1,heldout,sort,sort-n60000,0.1,12,3759,1871,0
global,aging+sfreq+idle+age,4,K,sort-n60000-s1,heldout,sort,sort-n60000,0.1,12,1894,997,0
global,aging+sfreq+idle+dirty,4,K,sort-n60000-s1,heldout,sort,sort-n60000,0.1,12,1894,1000,0
global,aging+sfreq+idle+refaults,4,K+K+,sort-n60000-s1,heldout,sort,sort-n60000,0.1,12,1856,981,0
global,aging+sfreq+idle+rdist,4,K+K+,sort-n60000-s1,heldout,sort,sort-n60000,0.1,12,1801,949,0
global,aging+sfreq+age+dirty,4,K,sort-n60000-s1,heldout,sort,sort-n60000,0.1,12,1877,1000,0
global,aging+sfreq+age+refaults,4,K+K+,sort-n60000-s1,heldout,sort,sort-n60000,0.1,12,1829,962,0
global,aging+sfreq+age+rdist,4,K+K+,sort-n60000-s1,heldout,sort,sort-n60000,0.1,12,1813,949,0
global,aging+sfreq+dirty+refaults,4,K+K+,sort-n60000-s1,heldout,sort,sort-n60000,0.1,12,1856,985,0
global,aging+sfreq+dirty+rdist,4,K+K+,sort-n60000-s1,heldout,sort,sort-n60000,0.1,12,1816,959,0
global,aging+sfreq+refaults+rdist,4,K+K+,sort-n60000-s1,heldout,sort,sort-n60000,0.1,12,1806,951,0
global,aging+idle+age+dirty,4,K,sort-n60000-s1,heldout,sort,sort-n60000,0.1,12,1894,1000,0
global,aging+idle+age+refaults,4,K+K+,sort-n60000-s1,heldout,sort,sort-n60000,0.1,12,1854,978,0
global,aging+idle+age+rdist,4,K+K+,sort-n60000-s1,heldout,sort,sort-n60000,0.1,12,1815,961,0
global,aging+idle+dirty+refaults,4,K+K+,sort-n60000-s1,heldout,sort,sort-n60000,0.1,12,1894,996,0
global,aging+idle+dirty+rdist,4,K+K+,sort-n60000-s1,heldout,sort,sort-n60000,0.1,12,1813,958,0
global,aging+idle+refaults+rdist,4,K+K+,sort-n60000-s1,heldout,sort,sort-n60000,0.1,12,1795,945,0
global,aging+age+dirty+refaults,4,K+K+,sort-n60000-s1,heldout,sort,sort-n60000,0.1,12,1813,952,0
global,aging+age+dirty+rdist,4,K+K+,sort-n60000-s1,heldout,sort,sort-n60000,0.1,12,1812,958,0
global,aging+age+refaults+rdist,4,K+K+,sort-n60000-s1,heldout,sort,sort-n60000,0.1,12,1817,964,0
global,aging+dirty+refaults+rdist,4,K+K+,sort-n60000-s1,heldout,sort,sort-n60000,0.1,12,1802,955,0
global,sfreq+idle+age+dirty,4,K,sort-n60000-s1,heldout,sort,sort-n60000,0.1,12,1894,999,0
global,sfreq+idle+age+refaults,4,K+K+,sort-n60000-s1,heldout,sort,sort-n60000,0.1,12,1894,998,0
global,sfreq+idle+age+rdist,4,K+K+,sort-n60000-s1,heldout,sort,sort-n60000,0.1,12,3589,1805,0
global,sfreq+idle+dirty+refaults,4,K+K+,sort-n60000-s1,heldout,sort,sort-n60000,0.1,12,1893,1000,0
global,sfreq+idle+dirty+rdist,4,K+K+,sort-n60000-s1,heldout,sort,sort-n60000,0.1,12,3590,1810,0
global,sfreq+idle+refaults+rdist,4,K+K+,sort-n60000-s1,heldout,sort,sort-n60000,0.1,12,3594,1811,0
global,sfreq+age+dirty+refaults,4,K+K+,sort-n60000-s1,heldout,sort,sort-n60000,0.1,12,2050,1141,0
global,sfreq+age+dirty+rdist,4,K+K+,sort-n60000-s1,heldout,sort,sort-n60000,0.1,12,3600,1819,0
global,sfreq+age+refaults+rdist,4,K+K+,sort-n60000-s1,heldout,sort,sort-n60000,0.1,12,5683,2534,1
global,sfreq+dirty+refaults+rdist,4,K+K+,sort-n60000-s1,heldout,sort,sort-n60000,0.1,12,5683,2942,1
global,idle+age+dirty+refaults,4,K+K+,sort-n60000-s1,heldout,sort,sort-n60000,0.1,12,1894,999,0
global,idle+age+dirty+rdist,4,K+K+,sort-n60000-s1,heldout,sort,sort-n60000,0.1,12,3591,1810,0
global,idle+age+refaults+rdist,4,K+K+,sort-n60000-s1,heldout,sort,sort-n60000,0.1,12,3595,1809,0
global,idle+dirty+refaults+rdist,4,K+K+,sort-n60000-s1,heldout,sort,sort-n60000,0.1,12,3595,1810,0
global,age+dirty+refaults+rdist,4,K+K+,sort-n60000-s1,heldout,sort,sort-n60000,0.1,12,5683,2886,1
global,ref+aging+sfreq+idle+age,5,K,sort-n60000-s1,heldout,sort,sort-n60000,0.1,12,1834,966,0
global,ref+aging+sfreq+idle+dirty,5,K,sort-n60000-s1,heldout,sort,sort-n60000,0.1,12,1884,1000,0
global,ref+aging+sfreq+idle+refaults,5,K+K+,sort-n60000-s1,heldout,sort,sort-n60000,0.1,12,1836,970,0
global,ref+aging+sfreq+idle+rdist,5,K+K+,sort-n60000-s1,heldout,sort,sort-n60000,0.1,12,1798,940,0
global,ref+aging+sfreq+age+dirty,5,K,sort-n60000-s1,heldout,sort,sort-n60000,0.1,12,1834,964,0
global,ref+aging+sfreq+age+refaults,5,K+K+,sort-n60000-s1,heldout,sort,sort-n60000,0.1,12,1832,965,0
global,ref+aging+sfreq+age+rdist,5,K+K+,sort-n60000-s1,heldout,sort,sort-n60000,0.1,12,1818,949,0
global,ref+aging+sfreq+dirty+refaults,5,K+K+,sort-n60000-s1,heldout,sort,sort-n60000,0.1,12,1861,985,0
global,ref+aging+sfreq+dirty+rdist,5,K+K+,sort-n60000-s1,heldout,sort,sort-n60000,0.1,12,1803,942,0
global,ref+aging+sfreq+refaults+rdist,5,K+K+,sort-n60000-s1,heldout,sort,sort-n60000,0.1,12,1802,951,0
global,ref+aging+idle+age+dirty,5,K,sort-n60000-s1,heldout,sort,sort-n60000,0.1,12,1848,974,0
global,ref+aging+idle+age+refaults,5,K+K+,sort-n60000-s1,heldout,sort,sort-n60000,0.1,12,1851,975,0
global,ref+aging+idle+age+rdist,5,K+K+,sort-n60000-s1,heldout,sort,sort-n60000,0.1,12,1799,939,0
global,ref+aging+idle+dirty+refaults,5,K+K+,sort-n60000-s1,heldout,sort,sort-n60000,0.1,12,1894,996,0
global,ref+aging+idle+dirty+rdist,5,K+K+,sort-n60000-s1,heldout,sort,sort-n60000,0.1,12,1794,938,0
global,ref+aging+idle+refaults+rdist,5,K+K+,sort-n60000-s1,heldout,sort,sort-n60000,0.1,12,1795,945,0
global,ref+aging+age+dirty+refaults,5,K+K+,sort-n60000-s1,heldout,sort,sort-n60000,0.1,12,1823,957,0
global,ref+aging+age+dirty+rdist,5,K+K+,sort-n60000-s1,heldout,sort,sort-n60000,0.1,12,1795,937,0
global,ref+aging+age+refaults+rdist,5,K+K+,sort-n60000-s1,heldout,sort,sort-n60000,0.1,12,1794,939,0
global,ref+aging+dirty+refaults+rdist,5,K+K+,sort-n60000-s1,heldout,sort,sort-n60000,0.1,12,1803,955,0
global,ref+sfreq+idle+age+dirty,5,K,sort-n60000-s1,heldout,sort,sort-n60000,0.1,12,1894,999,0
global,ref+sfreq+idle+age+refaults,5,K+K+,sort-n60000-s1,heldout,sort,sort-n60000,0.1,12,1894,998,0
global,ref+sfreq+idle+age+rdist,5,K+K+,sort-n60000-s1,heldout,sort,sort-n60000,0.1,12,1840,942,0
global,ref+sfreq+idle+dirty+refaults,5,K+K+,sort-n60000-s1,heldout,sort,sort-n60000,0.1,12,1903,1009,0
global,ref+sfreq+idle+dirty+rdist,5,K+K+,sort-n60000-s1,heldout,sort,sort-n60000,0.1,12,1841,984,0
global,ref+sfreq+idle+refaults+rdist,5,K+K+,sort-n60000-s1,heldout,sort,sort-n60000,0.1,12,3833,1676,0
global,ref+sfreq+age+dirty+refaults,5,K+K+,sort-n60000-s1,heldout,sort,sort-n60000,0.1,12,2562,1246,0
global,ref+sfreq+age+dirty+rdist,5,K+K+,sort-n60000-s1,heldout,sort,sort-n60000,0.1,12,3592,1820,0
global,ref+sfreq+age+refaults+rdist,5,K+K+,sort-n60000-s1,heldout,sort,sort-n60000,0.1,12,5683,2145,1
global,ref+sfreq+dirty+refaults+rdist,5,K+K+,sort-n60000-s1,heldout,sort,sort-n60000,0.1,12,5683,2163,1
global,ref+idle+age+dirty+refaults,5,K+K+,sort-n60000-s1,heldout,sort,sort-n60000,0.1,12,1894,999,0
global,ref+idle+age+dirty+rdist,5,K+K+,sort-n60000-s1,heldout,sort,sort-n60000,0.1,12,1838,980,0
global,ref+idle+age+refaults+rdist,5,K+K+,sort-n60000-s1,heldout,sort,sort-n60000,0.1,12,1938,989,0
global,ref+idle+dirty+refaults+rdist,5,K+K+,sort-n60000-s1,heldout,sort,sort-n60000,0.1,12,3593,1809,0
global,ref+age+dirty+refaults+rdist,5,K+K+,sort-n60000-s1,heldout,sort,sort-n60000,0.1,12,5683,2219,1
global,aging+sfreq+idle+age+dirty,5,K,sort-n60000-s1,heldout,sort,sort-n60000,0.1,12,1894,998,0
global,aging+sfreq+idle+age+refaults,5,K+K+,sort-n60000-s1,heldout,sort,sort-n60000,0.1,12,1857,980,0
global,aging+sfreq+idle+age+rdist,5,K+K+,sort-n60000-s1,heldout,sort,sort-n60000,0.1,12,1783,931,0
global,aging+sfreq+idle+dirty+refaults,5,K+K+,sort-n60000-s1,heldout,sort,sort-n60000,0.1,12,1870,991,0
global,aging+sfreq+idle+dirty+rdist,5,K+K+,sort-n60000-s1,heldout,sort,sort-n60000,0.1,12,1813,956,0
global,aging+sfreq+idle+refaults+rdist,5,K+K+,sort-n60000-s1,heldout,sort,sort-n60000,0.1,12,1800,947,0
global,aging+sfreq+age+dirty+refaults,5,K+K+,sort-n60000-s1,heldout,sort,sort-n60000,0.1,12,1824,961,0
global,aging+sfreq+age+dirty+rdist,5,K+K+,sort-n60000-s1,heldout,sort,sort-n60000,0.1,12,1812,956,0
global,aging+sfreq+age+refaults+rdist,5,K+K+,sort-n60000-s1,heldout,sort,sort-n60000,0.1,12,1819,964,0
global,aging+sfreq+dirty+refaults+rdist,5,K+K+,sort-n60000-s1,heldout,sort,sort-n60000,0.1,12,1811,956,0
global,aging+idle+age+dirty+refaults,5,K+K+,sort-n60000-s1,heldout,sort,sort-n60000,0.1,12,1856,981,0
global,aging+idle+age+dirty+rdist,5,K+K+,sort-n60000-s1,heldout,sort,sort-n60000,0.1,12,1812,956,0
global,aging+idle+age+refaults+rdist,5,K+K+,sort-n60000-s1,heldout,sort,sort-n60000,0.1,12,1794,938,0
global,aging+idle+dirty+refaults+rdist,5,K+K+,sort-n60000-s1,heldout,sort,sort-n60000,0.1,12,1804,954,0
global,aging+age+dirty+refaults+rdist,5,K+K+,sort-n60000-s1,heldout,sort,sort-n60000,0.1,12,1813,958,0
global,sfreq+idle+age+dirty+refaults,5,K+K+,sort-n60000-s1,heldout,sort,sort-n60000,0.1,12,1894,999,0
global,sfreq+idle+age+dirty+rdist,5,K+K+,sort-n60000-s1,heldout,sort,sort-n60000,0.1,12,3585,1806,0
global,sfreq+idle+age+refaults+rdist,5,K+K+,sort-n60000-s1,heldout,sort,sort-n60000,0.1,12,3595,1809,0
global,sfreq+idle+dirty+refaults+rdist,5,K+K+,sort-n60000-s1,heldout,sort,sort-n60000,0.1,12,3596,1815,0
global,sfreq+age+dirty+refaults+rdist,5,K+K+,sort-n60000-s1,heldout,sort,sort-n60000,0.1,12,5683,3031,1
global,idle+age+dirty+refaults+rdist,5,K+K+,sort-n60000-s1,heldout,sort,sort-n60000,0.1,12,3589,1810,0
global,ref+aging+sfreq+idle+age+dirty,6,K,sort-n60000-s1,heldout,sort,sort-n60000,0.1,12,1828,960,0
global,ref+aging+sfreq+idle+age+refaults,6,K+K+,sort-n60000-s1,heldout,sort,sort-n60000,0.1,12,1849,974,0
global,ref+aging+sfreq+idle+age+rdist,6,K+K+,sort-n60000-s1,heldout,sort,sort-n60000,0.1,12,1807,946,0
global,ref+aging+sfreq+idle+dirty+refaults,6,K+K+,sort-n60000-s1,heldout,sort,sort-n60000,0.1,12,1835,974,0
global,ref+aging+sfreq+idle+dirty+rdist,6,K+K+,sort-n60000-s1,heldout,sort,sort-n60000,0.1,12,1798,938,0
global,ref+aging+sfreq+idle+refaults+rdist,6,K+K+,sort-n60000-s1,heldout,sort,sort-n60000,0.1,12,1800,946,0
global,ref+aging+sfreq+age+dirty+refaults,6,K+K+,sort-n60000-s1,heldout,sort,sort-n60000,0.1,12,1824,962,0
global,ref+aging+sfreq+age+dirty+rdist,6,K+K+,sort-n60000-s1,heldout,sort,sort-n60000,0.1,12,1816,946,0
global,ref+aging+sfreq+age+refaults+rdist,6,K+K+,sort-n60000-s1,heldout,sort,sort-n60000,0.1,12,1795,939,0
global,ref+aging+sfreq+dirty+refaults+rdist,6,K+K+,sort-n60000-s1,heldout,sort,sort-n60000,0.1,12,1816,958,0
global,ref+aging+idle+age+dirty+refaults,6,K+K+,sort-n60000-s1,heldout,sort,sort-n60000,0.1,12,1839,972,0
global,ref+aging+idle+age+dirty+rdist,6,K+K+,sort-n60000-s1,heldout,sort,sort-n60000,0.1,12,1794,937,0
global,ref+aging+idle+age+refaults+rdist,6,K+K+,sort-n60000-s1,heldout,sort,sort-n60000,0.1,12,1794,938,0
global,ref+aging+idle+dirty+refaults+rdist,6,K+K+,sort-n60000-s1,heldout,sort,sort-n60000,0.1,12,1804,954,0
global,ref+aging+age+dirty+refaults+rdist,6,K+K+,sort-n60000-s1,heldout,sort,sort-n60000,0.1,12,1794,937,0
global,ref+sfreq+idle+age+dirty+refaults,6,K+K+,sort-n60000-s1,heldout,sort,sort-n60000,0.1,12,1894,1000,0
global,ref+sfreq+idle+age+dirty+rdist,6,K+K+,sort-n60000-s1,heldout,sort,sort-n60000,0.1,12,1848,988,0
global,ref+sfreq+idle+age+refaults+rdist,6,K+K+,sort-n60000-s1,heldout,sort,sort-n60000,0.1,12,1946,992,0
global,ref+sfreq+idle+dirty+refaults+rdist,6,K+K+,sort-n60000-s1,heldout,sort,sort-n60000,0.1,12,4369,1893,0
global,ref+sfreq+age+dirty+refaults+rdist,6,K+K+,sort-n60000-s1,heldout,sort,sort-n60000,0.1,12,5683,2152,1
global,ref+idle+age+dirty+refaults+rdist,6,K+K+,sort-n60000-s1,heldout,sort,sort-n60000,0.1,12,2176,1128,0
global,aging+sfreq+idle+age+dirty+refaults,6,K+K+,sort-n60000-s1,heldout,sort,sort-n60000,0.1,12,1856,981,0
global,aging+sfreq+idle+age+dirty+rdist,6,K+K+,sort-n60000-s1,heldout,sort,sort-n60000,0.1,12,1813,956,0
global,aging+sfreq+idle+age+refaults+rdist,6,K+K+,sort-n60000-s1,heldout,sort,sort-n60000,0.1,12,1817,962,0
global,aging+sfreq+idle+dirty+refaults+rdist,6,K+K+,sort-n60000-s1,heldout,sort,sort-n60000,0.1,12,1802,948,0
global,aging+sfreq+age+dirty+refaults+rdist,6,K+K+,sort-n60000-s1,heldout,sort,sort-n60000,0.1,12,1816,959,0
global,aging+idle+age+dirty+refaults+rdist,6,K+K+,sort-n60000-s1,heldout,sort,sort-n60000,0.1,12,1816,959,0
global,sfreq+idle+age+dirty+refaults+rdist,6,K+K+,sort-n60000-s1,heldout,sort,sort-n60000,0.1,12,3589,1809,0
global,ref+aging+sfreq+idle+age+dirty+refaults,7,K+K+,sort-n60000-s1,heldout,sort,sort-n60000,0.1,12,1840,967,0
global,ref+aging+sfreq+idle+age+dirty+rdist,7,K+K+,sort-n60000-s1,heldout,sort,sort-n60000,0.1,12,1807,948,0
global,ref+aging+sfreq+idle+age+refaults+rdist,7,K+K+,sort-n60000-s1,heldout,sort,sort-n60000,0.1,12,1793,938,0
global,ref+aging+sfreq+idle+dirty+refaults+rdist,7,K+K+,sort-n60000-s1,heldout,sort,sort-n60000,0.1,12,1799,945,0
global,ref+aging+sfreq+age+dirty+refaults+rdist,7,K+K+,sort-n60000-s1,heldout,sort,sort-n60000,0.1,12,1794,936,0
global,ref+aging+idle+age+dirty+refaults+rdist,7,K+K+,sort-n60000-s1,heldout,sort,sort-n60000,0.1,12,1801,940,0
global,ref+sfreq+idle+age+dirty+refaults+rdist,7,K+K+,sort-n60000-s1,heldout,sort,sort-n60000,0.1,12,2391,1230,0
global,aging+sfreq+idle+age+dirty+refaults+rdist,7,K+K+,sort-n60000-s1,heldout,sort,sort-n60000,0.1,12,1817,958,0
global,ref+aging+sfreq+idle+age+dirty+refaults+rdist,8,K+K+,sort-n60000-s1,heldout,sort,sort-n60000,0.1,12,1802,943,0
global,rec+ref+aging+sfreq+idle+age+dirty,7,F+K,sort-n60000-s1,heldout,sort,sort-n60000,0.1,12,1894,999,0
global,rec+ref+aging+sfreq+idle+age+dirty+refaults+rdist,9,F+K+K+,sort-n60000-s1,heldout,sort,sort-n60000,0.1,12,1808,952,0
global,freq+ref+aging+sfreq+idle+age+dirty,7,F+K,sort-n60000-s1,heldout,sort,sort-n60000,0.1,12,1823,955,0
global,freq+ref+aging+sfreq+idle+age+dirty+refaults+rdist,9,F+K+K+,sort-n60000-s1,heldout,sort,sort-n60000,0.1,12,1807,953,0
global,sd+ref+aging+sfreq+idle+age+dirty,7,F+K,sort-n60000-s1,heldout,sort,sort-n60000,0.1,12,1835,966,0
global,sd+ref+aging+sfreq+idle+age+dirty+refaults+rdist,9,F+K+K+,sort-n60000-s1,heldout,sort,sort-n60000,0.1,12,1822,963,0
global,wr+ref+aging+sfreq+idle+age+dirty,7,F+K,sort-n60000-s1,heldout,sort,sort-n60000,0.1,12,1828,960,0
global,wr+ref+aging+sfreq+idle+age+dirty+refaults+rdist,9,F+K+K+,sort-n60000-s1,heldout,sort,sort-n60000,0.1,12,1802,943,0
global,rec+freq+ref+aging+sfreq+idle+age+dirty,8,F+K,sort-n60000-s1,heldout,sort,sort-n60000,0.1,12,1894,998,0
global,rec+freq+ref+aging+sfreq+idle+age+dirty+refaults+rdist,10,F+K+K+,sort-n60000-s1,heldout,sort,sort-n60000,0.1,12,1813,954,0
global,rec+sd+ref+aging+sfreq+idle+age+dirty,8,F+K,sort-n60000-s1,heldout,sort,sort-n60000,0.1,12,1894,999,0
global,rec+sd+ref+aging+sfreq+idle+age+dirty+refaults+rdist,10,F+K+K+,sort-n60000-s1,heldout,sort,sort-n60000,0.1,12,1811,954,0
global,rec+wr+ref+aging+sfreq+idle+age+dirty,8,F+K,sort-n60000-s1,heldout,sort,sort-n60000,0.1,12,1894,999,0
global,rec+wr+ref+aging+sfreq+idle+age+dirty+refaults+rdist,10,F+K+K+,sort-n60000-s1,heldout,sort,sort-n60000,0.1,12,1812,953,0
global,freq+sd+ref+aging+sfreq+idle+age+dirty,8,F+K,sort-n60000-s1,heldout,sort,sort-n60000,0.1,12,1832,963,0
global,freq+sd+ref+aging+sfreq+idle+age+dirty+refaults+rdist,10,F+K+K+,sort-n60000-s1,heldout,sort,sort-n60000,0.1,12,1803,946,0
global,freq+wr+ref+aging+sfreq+idle+age+dirty,8,F+K,sort-n60000-s1,heldout,sort,sort-n60000,0.1,12,1823,955,0
global,freq+wr+ref+aging+sfreq+idle+age+dirty+refaults+rdist,10,F+K+K+,sort-n60000-s1,heldout,sort,sort-n60000,0.1,12,1811,951,0
global,sd+wr+ref+aging+sfreq+idle+age+dirty,8,F+K,sort-n60000-s1,heldout,sort,sort-n60000,0.1,12,1835,968,0
global,sd+wr+ref+aging+sfreq+idle+age+dirty+refaults+rdist,10,F+K+K+,sort-n60000-s1,heldout,sort,sort-n60000,0.1,12,1817,961,0
global,rec+freq+sd+ref+aging+sfreq+idle+age+dirty,9,F+K,sort-n60000-s1,heldout,sort,sort-n60000,0.1,12,1894,998,0
global,rec+freq+sd+ref+aging+sfreq+idle+age+dirty+refaults+rdist,11,F+K+K+,sort-n60000-s1,heldout,sort,sort-n60000,0.1,12,1811,953,0
global,rec+freq+wr+ref+aging+sfreq+idle+age+dirty,9,F+K,sort-n60000-s1,heldout,sort,sort-n60000,0.1,12,1894,998,0
global,rec+freq+wr+ref+aging+sfreq+idle+age+dirty+refaults+rdist,11,F+K+K+,sort-n60000-s1,heldout,sort,sort-n60000,0.1,12,1813,954,0
global,rec+sd+wr+ref+aging+sfreq+idle+age+dirty,9,F+K,sort-n60000-s1,heldout,sort,sort-n60000,0.1,12,1894,999,0
global,rec+sd+wr+ref+aging+sfreq+idle+age+dirty+refaults+rdist,11,F+K+K+,sort-n60000-s1,heldout,sort,sort-n60000,0.1,12,1815,954,0
global,freq+sd+wr+ref+aging+sfreq+idle+age+dirty,9,F+K,sort-n60000-s1,heldout,sort,sort-n60000,0.1,12,1826,961,0
global,freq+sd+wr+ref+aging+sfreq+idle+age+dirty+refaults+rdist,11,F+K+K+,sort-n60000-s1,heldout,sort,sort-n60000,0.1,12,1805,944,0
global,rec+freq+sd+wr+ref+aging+sfreq+idle+age+dirty,10,F+K,sort-n60000-s1,heldout,sort,sort-n60000,0.1,12,1894,998,0
global,rec+freq+sd+wr+ref+aging+sfreq+idle+age+dirty+refaults+rdist,12,F+K+K+,sort-n60000-s1,heldout,sort,sort-n60000,0.1,12,1811,953,0
sort,rec,1,F,sort-n60000-s2,heldout,sort,sort-n60000,0.1,12,1894,997,0
sort,freq,1,F,sort-n60000-s2,heldout,sort,sort-n60000,0.1,12,5683,2845,1
sort,sd,1,F,sort-n60000-s2,heldout,sort,sort-n60000,0.1,12,1894,997,0
sort,wr,1,F,sort-n60000-s2,heldout,sort,sort-n60000,0.1,12,5683,2911,1
sort,rec+freq,2,F,sort-n60000-s2,heldout,sort,sort-n60000,0.1,12,1894,997,0
sort,rec+sd,2,F,sort-n60000-s2,heldout,sort,sort-n60000,0.1,12,1894,997,0
sort,rec+wr,2,F,sort-n60000-s2,heldout,sort,sort-n60000,0.1,12,1894,997,0
sort,freq+sd,2,F,sort-n60000-s2,heldout,sort,sort-n60000,0.1,12,1894,997,0
sort,freq+wr,2,F,sort-n60000-s2,heldout,sort,sort-n60000,0.1,12,5683,2840,1
sort,sd+wr,2,F,sort-n60000-s2,heldout,sort,sort-n60000,0.1,12,1894,997,0
sort,rec+freq+sd,3,F,sort-n60000-s2,heldout,sort,sort-n60000,0.1,12,1894,997,0
sort,rec+freq+wr,3,F,sort-n60000-s2,heldout,sort,sort-n60000,0.1,12,1894,997,0
sort,rec+sd+wr,3,F,sort-n60000-s2,heldout,sort,sort-n60000,0.1,12,1894,997,0
sort,freq+sd+wr,3,F,sort-n60000-s2,heldout,sort,sort-n60000,0.1,12,1894,997,0
sort,rec+freq+sd+wr,4,F,sort-n60000-s2,heldout,sort,sort-n60000,0.1,12,1894,997,0
sort,ref,1,K,sort-n60000-s2,heldout,sort,sort-n60000,0.1,12,1894,997,0
sort,aging,1,K,sort-n60000-s2,heldout,sort,sort-n60000,0.1,12,1894,997,0
sort,sfreq,1,K,sort-n60000-s2,heldout,sort,sort-n60000,0.1,12,5683,2140,1
sort,idle,1,K,sort-n60000-s2,heldout,sort,sort-n60000,0.1,12,1894,997,0
sort,age,1,K,sort-n60000-s2,heldout,sort,sort-n60000,0.1,12,1894,997,0
sort,dirty,1,K,sort-n60000-s2,heldout,sort,sort-n60000,0.1,12,2713,1822,0
sort,refaults,1,K+,sort-n60000-s2,heldout,sort,sort-n60000,0.1,12,1894,999,0
sort,rdist,1,K+,sort-n60000-s2,heldout,sort,sort-n60000,0.1,12,5683,2888,1
sort,ref+aging,2,K,sort-n60000-s2,heldout,sort,sort-n60000,0.1,12,1894,997,0
sort,ref+sfreq,2,K,sort-n60000-s2,heldout,sort,sort-n60000,0.1,12,5683,2142,1
sort,ref+idle,2,K,sort-n60000-s2,heldout,sort,sort-n60000,0.1,12,1894,997,0
sort,ref+age,2,K,sort-n60000-s2,heldout,sort,sort-n60000,0.1,12,1895,997,0
sort,ref+dirty,2,K,sort-n60000-s2,heldout,sort,sort-n60000,0.1,12,1931,1040,0
sort,ref+refaults,2,K+K+,sort-n60000-s2,heldout,sort,sort-n60000,0.1,12,1894,999,0
sort,ref+rdist,2,K+K+,sort-n60000-s2,heldout,sort,sort-n60000,0.1,12,3498,1721,0
sort,aging+sfreq,2,K,sort-n60000-s2,heldout,sort,sort-n60000,0.1,12,2568,1145,0
sort,aging+idle,2,K,sort-n60000-s2,heldout,sort,sort-n60000,0.1,12,1894,997,0
sort,aging+age,2,K,sort-n60000-s2,heldout,sort,sort-n60000,0.1,12,1906,997,0
sort,aging+dirty,2,K,sort-n60000-s2,heldout,sort,sort-n60000,0.1,12,1894,1001,0
sort,aging+refaults,2,K+K+,sort-n60000-s2,heldout,sort,sort-n60000,0.1,12,1894,999,0
sort,aging+rdist,2,K+K+,sort-n60000-s2,heldout,sort,sort-n60000,0.1,12,3347,1679,0
sort,sfreq+idle,2,K,sort-n60000-s2,heldout,sort,sort-n60000,0.1,12,1926,994,0
sort,sfreq+age,2,K,sort-n60000-s2,heldout,sort,sort-n60000,0.1,12,1927,995,0
sort,sfreq+dirty,2,K,sort-n60000-s2,heldout,sort,sort-n60000,0.1,12,5683,2125,1
sort,sfreq+refaults,2,K+K+,sort-n60000-s2,heldout,sort,sort-n60000,0.1,12,5683,2158,1
sort,sfreq+rdist,2,K+K+,sort-n60000-s2,heldout,sort,sort-n60000,0.1,12,5683,2231,1
sort,idle+age,2,K,sort-n60000-s2,heldout,sort,sort-n60000,0.1,12,1937,997,0
sort,idle+dirty,2,K,sort-n60000-s2,heldout,sort,sort-n60000,0.1,12,1894,998,0
sort,idle+refaults,2,K+K+,sort-n60000-s2,heldout,sort,sort-n60000,0.1,12,1894,997,0
sort,idle+rdist,2,K+K+,sort-n60000-s2,heldout,sort,sort-n60000,0.1,12,1860,978,0
sort,age+dirty,2,K,sort-n60000-s2,heldout,sort,sort-n60000,0.1,12,1894,998,0
sort,age+refaults,2,K+K+,sort-n60000-s2,heldout,sort,sort-n60000,0.1,12,1894,997,0
sort,age+rdist,2,K+K+,sort-n60000-s2,heldout,sort,sort-n60000,0.1,12,1896,998,0
sort,dirty+refaults,2,K+K+,sort-n60000-s2,heldout,sort,sort-n60000,0.1,12,4478,2688,0
sort,dirty+rdist,2,K+K+,sort-n60000-s2,heldout,sort,sort-n60000,0.1,12,5683,2911,1
sort,refaults+rdist,2,K+,sort-n60000-s2,heldout,sort,sort-n60000,0.1,12,5284,2362,0
sort,ref+aging+sfreq,3,K,sort-n60000-s2,heldout,sort,sort-n60000,0.1,12,2236,1057,0
sort,ref+aging+idle,3,K,sort-n60000-s2,heldout,sort,sort-n60000,0.1,12,1869,1005,0
sort,ref+aging+age,3,K,sort-n60000-s2,heldout,sort,sort-n60000,0.1,12,1895,997,0
sort,ref+aging+dirty,3,K,sort-n60000-s2,heldout,sort,sort-n60000,0.1,12,1894,1000,0
sort,ref+aging+refaults,3,K+K+,sort-n60000-s2,heldout,sort,sort-n60000,0.1,12,1894,999,0
sort,ref+aging+rdist,3,K+K+,sort-n60000-s2,heldout,sort,sort-n60000,0.1,12,3352,1683,0
sort,ref+sfreq+idle,3,K,sort-n60000-s2,heldout,sort,sort-n60000,0.1,12,1906,994,0
sort,ref+sfreq+age,3,K,sort-n60000-s2,heldout,sort,sort-n60000,0.1,12,1918,995,0
sort,ref+sfreq+dirty,3,K,sort-n60000-s2,heldout,sort,sort-n60000,0.1,12,5683,2118,1
sort,ref+sfreq+refaults,3,K+K+,sort-n60000-s2,heldout,sort,sort-n60000,0.1,12,5102,2014,0
sort,ref+sfreq+rdist,3,K+K+,sort-n60000-s2,heldout,sort,sort-n60000,0.1,12,5683,2167,1
sort,ref+idle+age,3,K,sort-n60000-s2,heldout,sort,sort-n60000,0.1,12,1937,996,0
sort,ref+idle+dirty,3,K,sort-n60000-s2,heldout,sort,sort-n60000,0.1,12,1894,998,0
sort,ref+idle+refaults,3,K+K+,sort-n60000-s2,heldout,sort,sort-n60000,0.1,12,1894,997,0
sort,ref+idle+rdist,3,K+K+,sort-n60000-s2,heldout,sort,sort-n60000,0.1,12,1859,978,0
sort,ref+age+dirty,3,K,sort-n60000-s2,heldout,sort,sort-n60000,0.1,12,1894,998,0
sort,ref+age+refaults,3,K+K+,sort-n60000-s2,heldout,sort,sort-n60000,0.1,12,1894,997,0
sort,ref+age+rdist,3,K+K+,sort-n60000-s2,heldout,sort,sort-n60000,0.1,12,1894,997,0
sort,ref+dirty+refaults,3,K+K+,sort-n60000-s2,heldout,sort,sort-n60000,0.1,12,1919,1038,0
sort,ref+dirty+rdist,3,K+K+,sort-n60000-s2,heldout,sort,sort-n60000,0.1,12,3430,1705,0
sort,ref+refaults+rdist,3,K+K+,sort-n60000-s2,heldout,sort,sort-n60000,0.1,12,3769,1855,0
sort,aging+sfreq+idle,3,K,sort-n60000-s2,heldout,sort,sort-n60000,0.1,12,1964,1001,0
sort,aging+sfreq+age,3,K,sort-n60000-s2,heldout,sort,sort-n60000,0.1,12,1927,995,0
sort,aging+sfreq+dirty,3,K,sort-n60000-s2,heldout,sort,sort-n60000,0.1,12,2568,1196,0
sort,aging+sfreq+refaults,3,K+K+,sort-n60000-s2,heldout,sort,sort-n60000,0.1,12,2039,1009,0
sort,aging+sfreq+rdist,3,K+K+,sort-n60000-s2,heldout,sort,sort-n60000,0.1,12,2504,1171,0
sort,aging+idle+age,3,K,sort-n60000-s2,heldout,sort,sort-n60000,0.1,12,1936,997,0
sort,aging+idle+dirty,3,K,sort-n60000-s2,heldout,sort,sort-n60000,0.1,12,1894,998,0
sort,aging+idle+refaults,3,K+K+,sort-n60000-s2,heldout,sort,sort-n60000,0.1,12,1894,997,0
sort,aging+idle+rdist,3,K+K+,sort-n60000-s2,heldout,sort,sort-n60000,0.1,12,3590,1805,0
sort,aging+age+dirty,3,K,sort-n60000-s2,heldout,sort,sort-n60000,0.1,12,1896,998,0
sort,aging+age+refaults,3,K+K+,sort-n60000-s2,heldout,sort,sort-n60000,0.1,12,1894,997,0
sort,aging+age+rdist,3,K+K+,sort-n60000-s2,heldout,sort,sort-n60000,0.1,12,1895,997,0
sort,aging+dirty+refaults,3,K+K+,sort-n60000-s2,heldout,sort,sort-n60000,0.1,12,1894,1000,0
sort,aging+dirty+rdist,3,K+K+,sort-n60000-s2,heldout,sort,sort-n60000,0.1,12,3316,1651,0
sort,aging+refaults+rdist,3,K+K+,sort-n60000-s2,heldout,sort,sort-n60000,0.1,12,1804,949,0
sort,sfreq+idle+age,3,K,sort-n60000-s2,heldout,sort,sort-n60000,0.1,12,1935,996,0
sort,sfreq+idle+dirty,3,K,sort-n60000-s2,heldout,sort,sort-n60000,0.1,12,1951,1001,0
sort,sfreq+idle+refaults,3,K+K+,sort-n60000-s2,heldout,sort,sort-n60000,0.1,12,1896,994,0
sort,sfreq+idle+rdist,3,K+K+,sort-n60000-s2,heldout,sort,sort-n60000,0.1,12,1894,994,0
sort,sfreq+age+dirty,3,K,sort-n60000-s2,heldout,sort,sort-n60000,0.1,12,1927,995,0
sort,sfreq+age+refaults,3,K+K+,sort-n60000-s2,heldout,sort,sort-n60000,0.1,12,1907,995,0
sort,sfreq+age+rdist,3,K+K+,sort-n60000-s2,heldout,sort,sort-n60000,0.1,12,1930,997,0
sort,sfreq+dirty+refaults,3,K+K+,sort-n60000-s2,heldout,sort,sort-n60000,0.1,12,5683,2188,1
sort,sfreq+dirty+rdist,3,K+K+,sort-n60000-s2,heldout,sort,sort-n60000,0.1,12,5683,2140,1
sort,sfreq+refaults+rdist,3,K+K+,sort-n60000-s2,heldout,sort,sort-n60000,0.1,12,5683,2208,1
sort,idle+age+dirty,3,K,sort-n60000-s2,heldout,sort,sort-n60000,0.1,12,1933,997,0
sort,idle+age+refaults,3,K+K+,sort-n60000-s2,heldout,sort,sort-n60000,0.1,12,1918,996,0
sort,idle+age+rdist,3,K+K+,sort-n60000-s2,heldout,sort,sort-n60000,0.1,12,1927,998,0
sort,idle+dirty+refaults,3,K+K+,sort-n60000-s2,heldout,sort,sort-n60000,0.1,12,1894,998,0
sort,idle+dirty+rdist,3,K+K+,sort-n60000-s2,heldout,sort,sort-n60000,0.1,12,1861,981,0
sort,idle+refaults+rdist,3,K+K+,sort-n60000-s2,heldout,sort,sort-n60000,0.1,12,1894,997,0
sort,age+dirty+refaults,3,K+K+,sort-n60000-s2,heldout,sort,sort-n60000,0.1,12,1894,998,0
sort,age+dirty+rdist,3,K+K+,sort-n60000-s2,heldout,sort,sort-n60000,0.1,12,1894,998,0
sort,age+refaults+rdist,3,K+K+,sort-n60000-s2,heldout,sort,sort-n60000,0.1,12,1894,997,0
sort,dirty+refaults+rdist,3,K+K+,sort-n60000-s2,heldout,sort,sort-n60000,0.1,12,5683,3090,1
sort,ref+aging+sfreq+idle,4,K,sort-n60000-s2,heldout,sort,sort-n60000,0.1,12,1963,1020,0
sort,ref+aging+sfreq+age,4,K,sort-n60000-s2,heldout,sort,sort-n60000,0.1,12,1922,996,0
sort,ref+aging+sfreq+dirty,4,K,sort-n60000-s2,heldout,sort,sort-n60000,0.1,12,2021,1054,0
sort,ref+aging+sfreq+refaults,4,K+K+,sort-n60000-s2,heldout,sort,sort-n60000,0.1,12,1969,1003,0
sort,ref+aging+sfreq+rdist,4,K+K+,sort-n60000-s2,heldout,sort,sort-n60000,0.1,12,2198,1082,0
sort,ref+aging+idle+age,4,K,sort-n60000-s2,heldout,sort,sort-n60000,0.1,12,1987,1017,0
sort,ref+aging+idle+dirty,4,K,sort-n60000-s2,heldout,sort,sort-n60000,0.1,12,1881,1054,0
sort,ref+aging+idle+refaults,4,K+K+,sort-n60000-s2,heldout,sort,sort-n60000,0.1,12,1879,1010,0
sort,ref+aging+idle+rdist,4,K+K+,sort-n60000-s2,heldout,sort,sort-n60000,0.1,12,2043,1042,0
sort,ref+aging+age+dirty,4,K,sort-n60000-s2,heldout,sort,sort-n60000,0.1,12,1894,998,0
sort,ref+aging+age+refaults,4,K+K+,sort-n60000-s2,heldout,sort,sort-n60000,0.1,12,1894,997,0
sort,ref+aging+age+rdist,4,K+K+,sort-n60000-s2,heldout,sort,sort-n60000,0.1,12,1894,997,0
sort,ref+aging+dirty+refaults,4,K+K+,sort-n60000-s2,heldout,sort,sort-n60000,0.1,12,1894,1000,0
sort,ref+aging+dirty+rdist,4,K+K+,sort-n60000-s2,heldout,sort,sort-n60000,0.1,12,2361,1184,0
sort,ref+aging+refaults+rdist,4,K+K+,sort-n60000-s2,heldout,sort,sort-n60000,0.1,12,1810,956,0
sort,ref+sfreq+idle+age,4,K,sort-n60000-s2,heldout,sort,sort-n60000,0.1,12,1921,995,0
sort,ref+sfreq+idle+dirty,4,K,sort-n60000-s2,heldout,sort,sort-n60000,0.1,12,1906,994,0
sort,ref+sfreq+idle+refaults,4,K+K+,sort-n60000-s2,heldout,sort,sort-n60000,0.1,12,1901,994,0
sort,ref+sfreq+idle+rdist,4,K+K+,sort-n60000-s2,heldout,sort,sort-n60000,0.1,12,1894,995,0
sort,ref+sfreq+age+dirty,4,K,sort-n60000-s2,heldout,sort,sort-n60000,0.1,12,1917,996,0
sort,ref+sfreq+age+refaults,4,K+K+,sort-n60000-s2,heldout,sort,sort-n60000,0.1,12,1907,995,0
sort,ref+sfreq+age+rdist,4,K+K+,sort-n60000-s2,heldout,sort,sort-n60000,0.1,12,1920,995,0
sort,ref+sfreq+dirty+refaults,4,K+K+,sort-n60000-s2,heldout,sort,sort-n60000,0.1,12,3349,1489,0
sort,ref+sfreq+dirty+rdist,4,K+K+,sort-n60000-s2,heldout,sort,sort-n60000,0.1,12,5034,2090,0
sort,ref+sfreq+refaults+rdist,4,K+K+,sort-n60000-s2,heldout,sort,sort-n60000,0.1,12,2874,1279,0
sort,ref+idle+age+dirty,4,K,sort-n60000-s2,heldout,sort,sort-n60000,0.1,12,1928,997,0
sort,ref+idle+age+refaults,4,K+K+,sort-n60000-s2,heldout,sort,sort-n60000,0.1,12,1912,997,0
sort,ref+idle+age+rdist,4,K+K+,sort-n60000-s2,heldout,sort,sort-n60000,0.1,12,1925,997,0
sort,ref+idle+dirty+refaults,4,K+K+,sort-n60000-s2,heldout,sort,sort-n60000,0.1,12,1894,998,0
sort,ref+idle+dirty+rdist,4,K+K+,sort-n60000-s2,heldout,sort,sort-n60000,0.1,12,1868,985,0
sort,ref+idle+refaults+rdist,4,K+K+,sort-n60000-s2,heldout,sort,sort-n60000,0.1,12,1894,997,0
sort,ref+age+dirty+refaults,4,K+K+,sort-n60000-s2,heldout,sort,sort-n60000,0.1,12,1894,998,0
sort,ref+age+dirty+rdist,4,K+K+,sort-n60000-s2,heldout,sort,sort-n60000,0.1,12,1894,998,0
sort,ref+age+refaults+rdist,4,K+K+,sort-n60000-s2,heldout,sort,sort-n60000,0.1,12,1894,997,0
sort,ref+dirty+refaults+rdist,4,K+K+,sort-n60000-s2,heldout,sort,sort-n60000,0.1,12,3762,1891,0
sort,aging+sfreq+idle+age,4,K,sort-n60000-s2,heldout,sort,sort-n60000,0.1,12,1970,998,0
sort,aging+sfreq+idle+dirty,4,K,sort-n60000-s2,heldout,sort,sort-n60000,0.1,12,1971,1014,0
sort,aging+sfreq+idle+refaults,4,K+K+,sort-n60000-s2,heldout,sort,sort-n60000,0.1,12,1917,992,0
sort,aging+sfreq+idle+rdist,4,K+K+,sort-n60000-s2,heldout,sort,sort-n60000,0.1,12,2199,1083,0
sort,aging+sfreq+age+dirty,4,K,sort-n60000-s2,heldout,sort,sort-n60000,0.1,12,1929,996,0
sort,aging+sfreq+age+refaults,4,K+K+,sort-n60000-s2,heldout,sort,sort-n60000,0.1,12,1906,994,0
sort,aging+sfreq+age+rdist,4,K+K+,sort-n60000-s2,heldout,sort,sort-n60000,0.1,12,1910,1002,0
sort,aging+sfreq+dirty+refaults,4,K+K+,sort-n60000-s2,heldout,sort,sort-n60000,0.1,12,2053,1053,0
sort,aging+sfreq+dirty+rdist,4,K+K+,sort-n60000-s2,heldout,sort,sort-n60000,0.1,12,2364,1191,0
sort,aging+sfreq+refaults+rdist,4,K+K+,sort-n60000-s2,heldout,sort,sort-n60000,0.1,12,2135,1044,0
sort,aging+idle+age+dirty,4,K,sort-n60000-s2,heldout,sort,sort-n60000,0.1,12,1933,997,0
sort,aging+idle+age+refaults,4,K+K+,sort-n60000-s2,heldout,sort,sort-n60000,0.1,12,1919,996,0
sort,aging+idle+age+rdist,4,K+K+,sort-n60000-s2,heldout,sort,sort-n60000,0.1,12,1961,1005,0
sort,aging+idle+dirty+refaults,4,K+K+,sort-n60000-s2,heldout,sort,sort-n60000,0.1,12,1894,999,0
sort,aging+idle+dirty+rdist,4,K+K+,sort-n60000-s2,heldout,sort,sort-n60000,0.1,12,3589,1807,0
sort,aging+idle+refaults+rdist,4,K+K+,sort-n60000-s2,heldout,sort,sort-n60000,0.1,12,1856,978,0
sort,aging+age+dirty+refaults,4,K+K+,sort-n60000-s2,heldout,sort,sort-n60000,0.1,12,1894,998,0
sort,aging+age+dirty+rdist,4,K+K+,sort-n60000-s2,heldout,sort,sort-n60000,0.1,12,1894,998,0
sort,aging+age+refaults+rdist,4,K+K+,sort-n60000-s2,heldout,sort,sort-n60000,0.1,12,1894,997,0
sort,aging+dirty+refaults+rdist,4,K+K+,sort-n60000-s2,heldout,sort,sort-n60000,0.1,12,1801,951,0
sort,sfreq+idle+age+dirty,4,K,sort-n60000-s2,heldout,sort,sort-n60000,0.1,12,1931,995,0
sort,sfreq+idle+age+refaults,4,K+K+,sort-n60000-s2,heldout,sort,sort-n60000,0.1,12,1908,995,0
sort,sfreq+idle+age+rdist,4,K+K+,sort-n60000-s2,heldout,sort,sort-n60000,0.1,12,1929,997,0
sort,sfreq+idle+dirty+refaults,4,K+K+,sort-n60000-s2,heldout,sort,sort-n60000,0.1,12,1896,994,0
sort,sfreq+idle+dirty+rdist,4,K+K+,sort-n60000-s2,heldout,sort,sort-n60000,0.1,12,1894,993,0
sort,sfreq+idle+refaults+rdist,4,K+K+,sort-n60000-s2,heldout,sort,sort-n60000,0.1,12,1896,994,0
sort,sfreq+age+dirty+refaults,4,K+K+,sort-n60000-s2,heldout,sort,sort-n60000,0.1,12,1907,996,0
sort,sfreq+age+dirty+rdist,4,K+K+,sort-n60000-s2,heldout,sort,sort-n60000,0.1,12,2064,1046,0
sort,sfreq+age+refaults+rdist,4,K+K+,sort-n60000-s2,heldout,sort,sort-n60000,0.1,12,1907,995,0
sort,sfreq+dirty+refaults+rdist,4,K+K+,sort-n60000-s2,heldout,sort,sort-n60000,0.1,12,5683,2158,1
sort,idle+age+dirty+refaults,4,K+K+,sort-n60000-s2,heldout,sort,sort-n60000,0.1,12,1911,998,0
sort,idle+age+dirty+rdist,4,K+K+,sort-n60000-s2,heldout,sort,sort-n60000,0.1,12,1944,1006,0
sort,idle+age+refaults+rdist,4,K+K+,sort-n60000-s2,heldout,sort,sort-n60000,0.1,12,1910,996,0
sort,idle+dirty+refaults+rdist,4,K+K+,sort-n60000-s2,heldout,sort,sort-n60000,0.1,12,1894,998,0
sort,age+dirty+refaults+rdist,4,K+K+,sort-n60000-s2,heldout,sort,sort-n60000,0.1,12,1894,998,0
sort,ref+aging+sfreq+idle+age,5,K,sort-n60000-s2,heldout,sort,sort-n60000,0.1,12,1959,1010,0
sort,ref+aging+sfreq+idle+dirty,5,K,sort-n60000-s2,heldout,sort,sort-n60000,0.1,12,2005,1060,0
sort,ref+aging+sfreq+idle+refaults,5,K+K+,sort-n60000-s2,heldout,sort,sort-n60000,0.1,12,1934,1011,0
sort,ref+aging+sfreq+idle+rdist,5,K+K+,sort-n60000-s2,heldout,sort,sort-n60000,0.1,12,2057,1056,0
sort,ref+aging+sfreq+age+dirty,5,K,sort-n60000-s2,heldout,sort,sort-n60000,0.1,12,1937,1002,0
sort,ref+aging+sfreq+age+refaults,5,K+K+,sort-n60000-s2,heldout,sort,sort-n60000,0.1,12,1897,991,0
sort,ref+aging+sfreq+age+rdist,5,K+K+,sort-n60000-s2,heldout,sort,sort-n60000,0.1,12,2084,1040,0
sort,ref+aging+sfreq+dirty+refaults,5,K+K+,sort-n60000-s2,heldout,sort,sort-n60000,0.1,12,1886,1000,0
sort,ref+aging+sfreq+dirty+rdist,5,K+K+,sort-n60000-s2,heldout,sort,sort-n60000,0.1,12,1965,1034,0
sort,ref+aging+sfreq+refaults+rdist,5,K+K+,sort-n60000-s2,heldout,sort,sort-n60000,0.1,12,1923,995,0
sort,ref+aging+idle+age+dirty,5,K,sort-n60000-s2,heldout,sort,sort-n60000,0.1,12,1995,1074,0
sort,ref+aging+idle+age+refaults,5,K+K+,sort-n60000-s2,heldout,sort,sort-n60000,0.1,12,1905,1005,0
sort,ref+aging+idle+age+rdist,5,K+K+,sort-n60000-s2,heldout,sort,sort-n60000,0.1,12,2149,1090,0
sort,ref+aging+idle+dirty+refaults,5,K+K+,sort-n60000-s2,heldout,sort,sort-n60000,0.1,12,1877,1056,0
sort,ref+aging+idle+dirty+rdist,5,K+K+,sort-n60000-s2,heldout,sort,sort-n60000,0.1,12,1943,1000,0
sort,ref+aging+idle+refaults+rdist,5,K+K+,sort-n60000-s2,heldout,sort,sort-n60000,0.1,12,1818,958,0
sort,ref+aging+age+dirty+refaults,5,K+K+,sort-n60000-s2,heldout,sort,sort-n60000,0.1,12,1894,998,0
sort,ref+aging+age+dirty+rdist,5,K+K+,sort-n60000-s2,heldout,sort,sort-n60000,0.1,12,1894,998,0
sort,ref+aging+age+refaults+rdist,5,K+K+,sort-n60000-s2,heldout,sort,sort-n60000,0.1,12,1894,997,0
sort,ref+aging+dirty+refaults+rdist,5,K+K+,sort-n60000-s2,heldout,sort,sort-n60000,0.1,12,1812,959,0
sort,ref+sfreq+idle+age+dirty,5,K,sort-n60000-s2,heldout,sort,sort-n60000,0.1,12,1918,997,0
sort,ref+sfreq+idle+age+refaults,5,K+K+,sort-n60000-s2,heldout,sort,sort-n60000,0.1,12,1908,995,0
sort,ref+sfreq+idle+age+rdist,5,K+K+,sort-n60000-s2,heldout,sort,sort-n60000,0.1,12,1921,995,0
sort,ref+sfreq+idle+dirty+refaults,5,K+K+,sort-n60000-s2,heldout,sort,sort-n60000,0.1,12,1896,994,0
sort,ref+sfreq+idle+dirty+rdist,5,K+K+,sort-n60000-s2,heldout,sort,sort-n60000,0.1,12,1895,994,0
sort,ref+sfreq+idle+refaults+rdist,5,K+K+,sort-n60000-s2,heldout,sort,sort-n60000,0.1,12,1896,994,0
sort,ref+sfreq+age+dirty+refaults,5,K+K+,sort-n60000-s2,heldout,sort,sort-n60000,0.1,12,1907,996,0
sort,ref+sfreq+age+dirty+rdist,5,K+K+,sort-n60000-s2,heldout,sort,sort-n60000,0.1,12,1943,1006,0
sort,ref+sfreq+age+refaults+rdist,5,K+K+,sort-n60000-s2,heldout,sort,sort-n60000,0.1,12,1907,995,0
sort,ref+sfreq+dirty+refaults+rdist,5,K+K+,sort-n60000-s2,heldout,sort,sort-n60000,0.1,12,3054,1404,0
sort,ref+idle+age+dirty+refaults,5,K+K+,sort-n60000-s2,heldout,sort,sort-n60000,0.1,12,1911,998,0
sort,ref+idle+age+dirty+rdist,5,K+K+,sort-n60000-s2,heldout,sort,sort-n60000,0.1,12,1922,998,0
sort,ref+idle+age+refaults+rdist,5,K+K+,sort-n60000-s2,heldout,sort,sort-n60000,0.1,12,1910,996,0
sort,ref+idle+dirty+refaults+rdist,5,K+K+,sort-n60000-s2,heldout,sort,sort-n60000,0.1,12,1894,998,0
sort,ref+age+dirty+refaults+rdist,5,K+K+,sort-n60000-s2,heldout,sort,sort-n60000,0.1,12,1894,997,0
sort,aging+sfreq+idle+age+dirty,5,K,sort-n60000-s2,heldout,sort,sort-n60000,0.1,12,1949,998,0
sort,aging+sfreq+idle+age+refaults,5,K+K+,sort-n60000-s2,heldout,sort,sort-n60000,0.1,12,1917,994,0
sort,aging+sfreq+idle+age+rdist,5,K+K+,sort-n60000-s2,heldout,sort,sort-n60000,0.1,12,2241,1085,0
sort,aging+sfreq+idle+dirty+refaults,5,K+K+,sort-n60000-s2,heldout,sort,sort-n60000,0.1,12,1890,989,0
sort,aging+sfreq+idle+dirty+rdist,5,K+K+,sort-n60000-s2,heldout,sort,sort-n60000,0.1,12,2205,1100,0
sort,aging+sfreq+idle+refaults+rdist,5,K+K+,sort-n60000-s2,heldout,sort,sort-n60000,0.1,12,1888,991,0
sort,aging+sfreq+age+dirty+refaults,5,K+K+,sort-n60000-s2,heldout,sort,sort-n60000,0.1,12,1911,994,0
sort,aging+sfreq+age+dirty+rdist,5,K+K+,sort-n60000-s2,heldout,sort,sort-n60000,0.1,12,2233,1110,0
sort,aging+sfreq+age+refaults+rdist,5,K+K+,sort-n60000-s2,heldout,sort,sort-n60000,0.1,12,1902,996,0
sort,aging+sfreq+dirty+refaults+rdist,5,K+K+,sort-n60000-s2,heldout,sort,sort-n60000,0.1,12,2109,1077,0
sort,aging+idle+age+dirty+refaults,5,K+K+,sort-n60000-s2,heldout,sort,sort-n60000,0.1,12,1918,997,0
sort,aging+idle+age+dirty+rdist,5,K+K+,sort-n60000-s2,heldout,sort,sort-n60000,0.1,12,2028,1033,0
sort,aging+idle+age+refaults+rdist,5,K+K+,sort-n60000-s2,heldout,sort,sort-n60000,0.1,12,1918,996,0
sort,aging+idle+dirty+refaults+rdist,5,K+K+,sort-n60000-s2,heldout,sort,sort-n60000,0.1,12,1864,983,0
sort,aging+age+dirty+refaults+rdist,5,K+K+,sort-n60000-s2,heldout,sort,sort-n60000,0.1,12,1894,998,0
sort,sfreq+idle+age+dirty+refaults,5,K+K+,sort-n60000-s2,heldout,sort,sort-n60000,0.1,12,1903,995,0
sort,sfreq+idle+age+dirty+rdist,5,K+K+,sort-n60000-s2,heldout,sort,sort-n60000,0.1,12,1947,1007,0
sort,sfreq+idle+age+refaults+rdist,5,K+K+,sort-n60000-s2,heldout,sort,sort-n60000,0.1,12,1906,995,0
sort,sfreq+idle+dirty+refaults+rdist,5,K+K+,sort-n60000-s2,heldout,sort,sort-n60000,0.1,12,1896,994,0
sort,sfreq+age+dirty+refaults+rdist,5,K+K+,sort-n60000-s2,heldout,sort,sort-n60000,0.1,12,1906,996,0
sort,idle+age+dirty+refaults+rdist,5,K+K+,sort-n60000-s2,heldout,sort,sort-n60000,0.1,12,1911,998,0
sort,ref+aging+sfreq+idle+age+dirty,6,K,sort-n60000-s2,heldout,sort,sort-n60000,0.1,12,2011,1063,0
sort,ref+aging+sfreq+idle+age+refaults,6,K+K+,sort-n60000-s2,heldout,sort,sort-n60000,0.1,12,1910,1003,0
sort,ref+aging+sfreq+idle+age+rdist,6,K+K+,sort-n60000-s2,heldout,sort,sort-n60000,0.1,12,2149,1076,0
sort,ref+aging+sfreq+idle+dirty+refaults,6,K+K+,sort-n60000-s2,heldout,sort,sort-n60000,0.1,12,1909,1025,0
sort,ref+aging+sfreq+idle+dirty+rdist,6,K+K+,sort-n60000-s2,heldout,sort,sort-n60000,0.1,12,2155,1120,0
sort,ref+aging+sfreq+idle+refaults+rdist,6,K+K+,sort-n60000-s2,heldout,sort,sort-n60000,0.1,12,1892,1004,0
sort,ref+aging+sfreq+age+dirty+refaults,6,K+K+,sort-n60000-s2,heldout,sort,sort-n60000,0.1,12,1894,1004,0
sort,ref+aging+sfreq+age+dirty+rdist,6,K+K+,sort-n60000-s2,heldout,sort,sort-n60000,0.1,12,2194,1111,0
sort,ref+aging+sfreq+age+refaults+rdist,6,K+K+,sort-n60000-s2,heldout,sort,sort-n60000,0.1,12,1904,991,0
sort,ref+aging+sfreq+dirty+refaults+rdist,6,K+K+,sort-n60000-s2,heldout,sort,sort-n60000,0.1,12,1918,1013,0
sort,ref+aging+idle+age+dirty+refaults,6,K+K+,sort-n60000-s2,heldout,sort,sort-n60000,0.1,12,1924,1052,0
sort,ref+aging+idle+age+dirty+rdist,6,K+K+,sort-n60000-s2,heldout,sort,sort-n60000,0.1,12,2241,1148,0
sort,ref+aging+idle+age+refaults+rdist,6,K+K+,sort-n60000-s2,heldout,sort,sort-n60000,0.1,12,1905,1021,0
sort,ref+aging+idle+dirty+refaults+rdist,6,K+K+,sort-n60000-s2,heldout,sort,sort-n60000,0.1,12,1826,965,0
sort,ref+aging+age+dirty+refaults+rdist,6,K+K+,sort-n60000-s2,heldout,sort,sort-n60000,0.1,12,1894,998,0
sort,ref+sfreq+idle+age+dirty+refaults,6,K+K+,sort-n60000-s2,heldout,sort,sort-n60000,0.1,12,1903,995,0
sort,ref+sfreq+idle+age+dirty+rdist,6,K+K+,sort-n60000-s2,heldout,sort,sort-n60000,0.1,12,1967,1013,0
sort,ref+sfreq+idle+age+refaults+rdist,6,K+K+,sort-n60000-s2,heldout,sort,sort-n60000,0.1,12,1906,995,0
sort,ref+sfreq+idle+dirty+refaults+rdist,6,K+K+,sort-n60000-s2,heldout,sort,sort-n60000,0.1,12,1896,994,0
sort,ref+sfreq+age+dirty+refaults+rdist,6,K+K+,sort-n60000-s2,heldout,sort,sort-n60000,0.1,12,1906,996,0
sort,ref+idle+age+dirty+refaults+rdist,6,K+K+,sort-n60000-s2,heldout,sort,sort-n60000,0.1,12,1911,998,0
sort,aging+sfreq+idle+age+dirty+refaults,6,K+K+,sort-n60000-s2,heldout,sort,sort-n60000,0.1,12,1919,994,0
sort,aging+sfreq+idle+age+dirty+rdist,6,K+K+,sort-n60000-s2,heldout,sort,sort-n60000,0.1,12,2241,1118,0
sort,aging+sfreq+idle+age+refaults+rdist,6,K+K+,sort-n60000-s2,heldout,sort,sort-n60000,0.1,12,1914,995,0
sort,aging+sfreq+idle+dirty+refaults+rdist,6,K+K+,sort-n60000-s2,heldout,sort,sort-n60000,0.1,12,1886,989,0
sort,aging+sfreq+age+dirty+refaults+rdist,6,K+K+,sort-n60000-s2,heldout,sort,sort-n60000,0.1,12,1910,999,0
sort,aging+idle+age+dirty+refaults+rdist,6,K+K+,sort-n60000-s2,heldout,sort,sort-n60000,0.1,12,1918,997,0
sort,sfreq+idle+age+dirty+refaults+rdist,6,K+K+,sort-n60000-s2,heldout,sort,sort-n60000,0.1,12,1903,995,0
sort,ref+aging+sfreq+idle+age+dirty+refaults,7,K+K+,sort-n60000-s2,heldout,sort,sort-n60000,0.1,12,1907,1021,0
sort,ref+aging+sfreq+idle+age+dirty+rdist,7,K+K+,sort-n60000-s2,heldout,sort,sort-n60000,0.1,12,2088,1097,0
sort,ref+aging+sfreq+idle+age+refaults+rdist,7,K+K+,sort-n60000-s2,heldout,sort,sort-n60000,0.1,12,1907,1021,0
sort,ref+aging+sfreq+idle+dirty+refaults+rdist,7,K+K+,sort-n60000-s2,heldout,sort,sort-n60000,0.1,12,1903,1017,0
sort,ref+aging+sfreq+age+dirty+refaults+rdist,7,K+K+,sort-n60000-s2,heldout,sort,sort-n60000,0.1,12,1879,999,0
sort,ref+aging+idle+age+dirty+refaults+rdist,7,K+K+,sort-n60000-s2,heldout,sort,sort-n60000,0.1,12,1924,1035,0
sort,ref+sfreq+idle+age+dirty+refaults+rdist,7,K+K+,sort-n60000-s2,heldout,sort,sort-n60000,0.1,12,1903,995,0
sort,aging+sfreq+idle+age+dirty+refaults+rdist,7,K+K+,sort-n60000-s2,heldout,sort,sort-n60000,0.1,12,1920,999,0
sort,ref+aging+sfreq+idle+age+dirty+refaults+rdist,8,K+K+,sort-n60000-s2,heldout,sort,sort-n60000,0.1,12,1935,1036,0
sort,rec+ref+aging+sfreq+idle+age+dirty,7,F+K,sort-n60000-s2,heldout,sort,sort-n60000,0.1,12,1905,999,0
sort,rec+ref+aging+sfreq+idle+age+dirty+refaults+rdist,9,F+K+K+,sort-n60000-s2,heldout,sort,sort-n60000,0.1,12,1894,998,0
sort,freq+ref+aging+sfreq+idle+age+dirty,7,F+K,sort-n60000-s2,heldout,sort,sort-n60000,0.1,12,2070,1066,0
sort,freq+ref+aging+sfreq+idle+age+dirty+refaults+rdist,9,F+K+K+,sort-n60000-s2,heldout,sort,sort-n60000,0.1,12,2027,1066,0
sort,sd+ref+aging+sfreq+idle+age+dirty,7,F+K,sort-n60000-s2,heldout,sort,sort-n60000,0.1,12,1836,982,0
sort,sd+ref+aging+sfreq+idle+age+dirty+refaults+rdist,9,F+K+K+,sort-n60000-s2,heldout,sort,sort-n60000,0.1,12,1829,974,0
sort,wr+ref+aging+sfreq+idle+age+dirty,7,F+K,sort-n60000-s2,heldout,sort,sort-n60000,0.1,12,2064,1078,0
sort,wr+ref+aging+sfreq+idle+age+dirty+refaults+rdist,9,F+K+K+,sort-n60000-s2,heldout,sort,sort-n60000,0.1,12,1970,1048,0
sort,rec+freq+ref+aging+sfreq+idle+age+dirty,8,F+K,sort-n60000-s2,heldout,sort,sort-n60000,0.1,12,1905,998,0
sort,rec+freq+ref+aging+sfreq+idle+age+dirty+refaults+rdist,10,F+K+K+,sort-n60000-s2,heldout,sort,sort-n60000,0.1,12,1895,998,0
sort,rec+sd+ref+aging+sfreq+idle+age+dirty,8,F+K,sort-n60000-s2,heldout,sort,sort-n60000,0.1,12,1893,999,0
sort,rec+sd+ref+aging+sfreq+idle+age+dirty+refaults+rdist,10,F+K+K+,sort-n60000-s2,heldout,sort,sort-n60000,0.1,12,1893,999,0
sort,rec+wr+ref+aging+sfreq+idle+age+dirty,8,F+K,sort-n60000-s2,heldout,sort,sort-n60000,0.1,12,1905,999,0
sort,rec+wr+ref+aging+sfreq+idle+age+dirty+refaults+rdist,10,F+K+K+,sort-n60000-s2,heldout,sort,sort-n60000,0.1,12,1894,998,0
sort,freq+sd+ref+aging+sfreq+idle+age+dirty,8,F+K,sort-n60000-s2,heldout,sort,sort-n60000,0.1,12,1838,984,0
sort,freq+sd+ref+aging+sfreq+idle+age+dirty+refaults+rdist,10,F+K+K+,sort-n60000-s2,heldout,sort,sort-n60000,0.1,12,1821,966,0
sort,freq+wr+ref+aging+sfreq+idle+age+dirty,8,F+K,sort-n60000-s2,heldout,sort,sort-n60000,0.1,12,2033,1071,0
sort,freq+wr+ref+aging+sfreq+idle+age+dirty+refaults+rdist,10,F+K+K+,sort-n60000-s2,heldout,sort,sort-n60000,0.1,12,2048,1077,0
sort,sd+wr+ref+aging+sfreq+idle+age+dirty,8,F+K,sort-n60000-s2,heldout,sort,sort-n60000,0.1,12,1836,982,0
sort,sd+wr+ref+aging+sfreq+idle+age+dirty+refaults+rdist,10,F+K+K+,sort-n60000-s2,heldout,sort,sort-n60000,0.1,12,1829,974,0
sort,rec+freq+sd+ref+aging+sfreq+idle+age+dirty,9,F+K,sort-n60000-s2,heldout,sort,sort-n60000,0.1,12,1898,996,0
sort,rec+freq+sd+ref+aging+sfreq+idle+age+dirty+refaults+rdist,11,F+K+K+,sort-n60000-s2,heldout,sort,sort-n60000,0.1,12,1906,996,0
sort,rec+freq+wr+ref+aging+sfreq+idle+age+dirty,9,F+K,sort-n60000-s2,heldout,sort,sort-n60000,0.1,12,1906,998,0
sort,rec+freq+wr+ref+aging+sfreq+idle+age+dirty+refaults+rdist,11,F+K+K+,sort-n60000-s2,heldout,sort,sort-n60000,0.1,12,1895,998,0
sort,rec+sd+wr+ref+aging+sfreq+idle+age+dirty,9,F+K,sort-n60000-s2,heldout,sort,sort-n60000,0.1,12,1893,999,0
sort,rec+sd+wr+ref+aging+sfreq+idle+age+dirty+refaults+rdist,11,F+K+K+,sort-n60000-s2,heldout,sort,sort-n60000,0.1,12,1893,999,0
sort,freq+sd+wr+ref+aging+sfreq+idle+age+dirty,9,F+K,sort-n60000-s2,heldout,sort,sort-n60000,0.1,12,1839,988,0
sort,freq+sd+wr+ref+aging+sfreq+idle+age+dirty+refaults+rdist,11,F+K+K+,sort-n60000-s2,heldout,sort,sort-n60000,0.1,12,1821,968,0
sort,rec+freq+sd+wr+ref+aging+sfreq+idle+age+dirty,10,F+K,sort-n60000-s2,heldout,sort,sort-n60000,0.1,12,1897,996,0
sort,rec+freq+sd+wr+ref+aging+sfreq+idle+age+dirty+refaults+rdist,12,F+K+K+,sort-n60000-s2,heldout,sort,sort-n60000,0.1,12,1906,996,0
global,rec,1,F,sort-n60000-s2,heldout,sort,sort-n60000,0.1,12,1894,997,0
global,freq,1,F,sort-n60000-s2,heldout,sort,sort-n60000,0.1,12,5683,2845,1
global,sd,1,F,sort-n60000-s2,heldout,sort,sort-n60000,0.1,12,1894,997,0
global,wr,1,F,sort-n60000-s2,heldout,sort,sort-n60000,0.1,12,5683,2911,1
global,rec+freq,2,F,sort-n60000-s2,heldout,sort,sort-n60000,0.1,12,1894,997,0
global,rec+sd,2,F,sort-n60000-s2,heldout,sort,sort-n60000,0.1,12,1894,997,0
global,rec+wr,2,F,sort-n60000-s2,heldout,sort,sort-n60000,0.1,12,1894,997,0
global,freq+sd,2,F,sort-n60000-s2,heldout,sort,sort-n60000,0.1,12,1894,997,0
global,freq+wr,2,F,sort-n60000-s2,heldout,sort,sort-n60000,0.1,12,5683,2849,1
global,sd+wr,2,F,sort-n60000-s2,heldout,sort,sort-n60000,0.1,12,1894,997,0
global,rec+freq+sd,3,F,sort-n60000-s2,heldout,sort,sort-n60000,0.1,12,1894,998,0
global,rec+freq+wr,3,F,sort-n60000-s2,heldout,sort,sort-n60000,0.1,12,1894,997,0
global,rec+sd+wr,3,F,sort-n60000-s2,heldout,sort,sort-n60000,0.1,12,1894,997,0
global,freq+sd+wr,3,F,sort-n60000-s2,heldout,sort,sort-n60000,0.1,12,1894,997,0
global,rec+freq+sd+wr,4,F,sort-n60000-s2,heldout,sort,sort-n60000,0.1,12,1894,998,0
global,ref,1,K,sort-n60000-s2,heldout,sort,sort-n60000,0.1,12,1894,997,0
global,aging,1,K,sort-n60000-s2,heldout,sort,sort-n60000,0.1,12,1894,997,0
global,sfreq,1,K,sort-n60000-s2,heldout,sort,sort-n60000,0.1,12,5683,2844,1
global,idle,1,K,sort-n60000-s2,heldout,sort,sort-n60000,0.1,12,1894,997,0
global,age,1,K,sort-n60000-s2,heldout,sort,sort-n60000,0.1,12,1894,997,0
global,dirty,1,K,sort-n60000-s2,heldout,sort,sort-n60000,0.1,12,2713,1822,0
global,refaults,1,K+,sort-n60000-s2,heldout,sort,sort-n60000,0.1,12,1894,999,0
global,rdist,1,K+,sort-n60000-s2,heldout,sort,sort-n60000,0.1,12,5683,2888,1
global,ref+aging,2,K,sort-n60000-s2,heldout,sort,sort-n60000,0.1,12,1894,997,0
global,ref+sfreq,2,K,sort-n60000-s2,heldout,sort,sort-n60000,0.1,12,5683,2143,1
global,ref+idle,2,K,sort-n60000-s2,heldout,sort,sort-n60000,0.1,12,1894,997,0
global,ref+age,2,K,sort-n60000-s2,heldout,sort,sort-n60000,0.1,12,1894,997,0
global,ref+dirty,2,K,sort-n60000-s2,heldout,sort,sort-n60000,0.1,12,1931,1040,0
global,ref+refaults,2,K+K+,sort-n60000-s2,heldout,sort,sort-n60000,0.1,12,1894,999,0
global,ref+rdist,2,K+K+,sort-n60000-s2,heldout,sort,sort-n60000,0.1,12,3491,1720,0
global,aging+sfreq,2,K,sort-n60000-s2,heldout,sort,sort-n60000,0.1,12,1853,980,0
global,aging+idle,2,K,sort-n60000-s2,heldout,sort,sort-n60000,0.1,12,1894,997,0
global,aging+age,2,K,sort-n60000-s2,heldout,sort,sort-n60000,0.1,12,1845,972,0
global,aging+dirty,2,K,sort-n60000-s2,heldout,sort,sort-n60000,0.1,12,1894,998,0
global,aging+refaults,2,K+K+,sort-n60000-s2,heldout,sort,sort-n60000,0.1,12,1894,999,0
global,aging+rdist,2,K+K+,sort-n60000-s2,heldout,sort,sort-n60000,0.1,12,1788,935,0
global,sfreq+idle,2,K,sort-n60000-s2,heldout,sort,sort-n60000,0.1,12,1894,997,0
global,sfreq+age,2,K,sort-n60000-s2,heldout,sort,sort-n60000,0.1,12,1894,998,0
global,sfreq+dirty,2,K,sort-n60000-s2,heldout,sort,sort-n60000,0.1,12,5683,2852,1
global,sfreq+refaults,2,K+K+,sort-n60000-s2,heldout,sort,sort-n60000,0.1,12,5683,2894,1
global,sfreq+rdist,2,K+K+,sort-n60000-s2,heldout,sort,sort-n60000,0.1,12,5683,2889,1
global,idle+age,2,K,sort-n60000-s2,heldout,sort,sort-n60000,0.1,12,1894,997,0
global,idle+dirty,2,K,sort-n60000-s2,heldout,sort,sort-n60000,0.1,12,1894,998,0
global,idle+refaults,2,K+K+,sort-n60000-s2,heldout,sort,sort-n60000,0.1,12,1894,997,0
global,idle+rdist,2,K+K+,sort-n60000-s2,heldout,sort,sort-n60000,0.1,12,3590,1806,0
global,age+dirty,2,K,sort-n60000-s2,heldout,sort,sort-n60000,0.1,12,1894,999,0
global,age+refaults,2,K+K+,sort-n60000-s2,heldout,sort,sort-n60000,0.1,12,5683,2869,1
global,age+rdist,2,K+K+,sort-n60000-s2,heldout,sort,sort-n60000,0.1,12,3589,1805,0
global,dirty+refaults,2,K+K+,sort-n60000-s2,heldout,sort,sort-n60000,0.1,12,5683,1505,1
global,dirty+rdist,2,K+K+,sort-n60000-s2,heldout,sort,sort-n60000,0.1,12,5683,2911,1
global,refaults+rdist,2,K+,sort-n60000-s2,heldout,sort,sort-n60000,0.1,12,5683,2491,1
global,ref+aging+sfreq,3,K,sort-n60000-s2,heldout,sort,sort-n60000,0.1,12,1858,982,0
global,ref+aging+idle,3,K,sort-n60000-s2,heldout,sort,sort-n60000,0.1,12,1894,997,0
global,ref+aging+age,3,K,sort-n60000-s2,heldout,sort,sort-n60000,0.1,12,1839,970,0
global,ref+aging+dirty,3,K,sort-n60000-s2,heldout,sort,sort-n60000,0.1,12,1894,998,0
global,ref+aging+refaults,3,K+K+,sort-n60000-s2,heldout,sort,sort-n60000,0.1,12,1894,999,0
global,ref+aging+rdist,3,K+K+,sort-n60000-s2,heldout,sort,sort-n60000,0.1,12,1799,942,0
global,ref+sfreq+idle,3,K,sort-n60000-s2,heldout,sort,sort-n60000,0.1,12,1894,998,0
global,ref+sfreq+age,3,K,sort-n60000-s2,heldout,sort,sort-n60000,0.1,12,1893,998,0
global,ref+sfreq+dirty,3,K,sort-n60000-s2,heldout,sort,sort-n60000,0.1,12,5683,2155,1
global,ref+sfreq+refaults,3,K+K+,sort-n60000-s2,heldout,sort,sort-n60000,0.1,12,5683,2160,1
global,ref+sfreq+rdist,3,K+K+,sort-n60000-s2,heldout,sort,sort-n60000,0.1,12,5683,2290,1
global,ref+idle+age,3,K,sort-n60000-s2,heldout,sort,sort-n60000,0.1,12,1894,997,0
global,ref+idle+dirty,3,K,sort-n60000-s2,heldout,sort,sort-n60000,0.1,12,1894,998,0
global,ref+idle+refaults,3,K+K+,sort-n60000-s2,heldout,sort,sort-n60000,0.1,12,1894,997,0
global,ref+idle+rdist,3,K+K+,sort-n60000-s2,heldout,sort,sort-n60000,0.1,12,1791,936,0
global,ref+age+dirty,3,K,sort-n60000-s2,heldout,sort,sort-n60000,0.1,12,1894,1001,0
global,ref+age+refaults,3,K+K+,sort-n60000-s2,heldout,sort,sort-n60000,0.1,12,5683,2139,1
global,ref+age+rdist,3,K+K+,sort-n60000-s2,heldout,sort,sort-n60000,0.1,12,2664,1280,0
global,ref+dirty+refaults,3,K+K+,sort-n60000-s2,heldout,sort,sort-n60000,0.1,12,1989,993,0
global,ref+dirty+rdist,3,K+K+,sort-n60000-s2,heldout,sort,sort-n60000,0.1,12,3318,1676,0
global,ref+refaults+rdist,3,K+K+,sort-n60000-s2,heldout,sort,sort-n60000,0.1,12,3756,1844,0
global,aging+sfreq+idle,3,K,sort-n60000-s2,heldout,sort,sort-n60000,0.1,12,1894,998,0
global,aging+sfreq+age,3,K,sort-n60000-s2,heldout,sort,sort-n60000,0.1,12,1853,980,0
global,aging+sfreq+dirty,3,K,sort-n60000-s2,heldout,sort,sort-n60000,0.1,12,1874,1000,0
global,aging+sfreq+refaults,3,K+K+,sort-n60000-s2,heldout,sort,sort-n60000,0.1,12,1848,978,0
global,aging+sfreq+rdist,3,K+K+,sort-n60000-s2,heldout,sort,sort-n60000,0.1,12,1809,956,0
global,aging+idle+age,3,K,sort-n60000-s2,heldout,sort,sort-n60000,0.1,12,1894,998,0
global,aging+idle+dirty,3,K,sort-n60000-s2,heldout,sort,sort-n60000,0.1,12,1894,998,0
global,aging+idle+refaults,3,K+K+,sort-n60000-s2,heldout,sort,sort-n60000,0.1,12,1894,998,0
global,aging+idle+rdist,3,K+K+,sort-n60000-s2,heldout,sort,sort-n60000,0.1,12,1787,934,0
global,aging+age+dirty,3,K,sort-n60000-s2,heldout,sort,sort-n60000,0.1,12,1825,957,0
global,aging+age+refaults,3,K+K+,sort-n60000-s2,heldout,sort,sort-n60000,0.1,12,1824,959,0
global,aging+age+rdist,3,K+K+,sort-n60000-s2,heldout,sort,sort-n60000,0.1,12,1813,959,0
global,aging+dirty+refaults,3,K+K+,sort-n60000-s2,heldout,sort,sort-n60000,0.1,12,1897,995,0
global,aging+dirty+rdist,3,K+K+,sort-n60000-s2,heldout,sort,sort-n60000,0.1,12,1816,960,0
global,aging+refaults+rdist,3,K+K+,sort-n60000-s2,heldout,sort,sort-n60000,0.1,12,1797,946,0
global,sfreq+idle+age,3,K,sort-n60000-s2,heldout,sort,sort-n60000,0.1,12,1894,997,0
global,sfreq+idle+dirty,3,K,sort-n60000-s2,heldout,sort,sort-n60000,0.1,12,1894,999,0
global,sfreq+idle+refaults,3,K+K+,sort-n60000-s2,heldout,sort,sort-n60000,0.1,12,1894,998,0
global,sfreq+idle+rdist,3,K+K+,sort-n60000-s2,heldout,sort,sort-n60000,0.1,12,3590,1806,0
global,sfreq+age+dirty,3,K,sort-n60000-s2,heldout,sort,sort-n60000,0.1,12,1893,1000,0
global,sfreq+age+refaults,3,K+K+,sort-n60000-s2,heldout,sort,sort-n60000,0.1,12,1918,1007,0
global,sfreq+age+rdist,3,K+K+,sort-n60000-s2,heldout,sort,sort-n60000,0.1,12,3592,1807,0
global,sfreq+dirty+refaults,3,K+K+,sort-n60000-s2,heldout,sort,sort-n60000,0.1,12,5683,2936,1
global,sfreq+dirty+rdist,3,K+K+,sort-n60000-s2,heldout,sort,sort-n60000,0.1,12,5683,2852,1
global,sfreq+refaults+rdist,3,K+K+,sort-n60000-s2,heldout,sort,sort-n60000,0.1,12,5683,2893,1
global,idle+age+dirty,3,K,sort-n60000-s2,heldout,sort,sort-n60000,0.1,12,1894,999,0
global,idle+age+refaults,3,K+K+,sort-n60000-s2,heldout,sort,sort-n60000,0.1,12,1894,998,0
global,idle+age+rdist,3,K+K+,sort-n60000-s2,heldout,sort,sort-n60000,0.1,12,3591,1807,0
global,idle+dirty+refaults,3,K+K+,sort-n60000-s2,heldout,sort,sort-n60000,0.1,12,1894,997,0
global,idle+dirty+rdist,3,K+K+,sort-n60000-s2,heldout,sort,sort-n60000,0.1,12,3590,1809,0
global,idle+refaults+rdist,3,K+K+,sort-n60000-s2,heldout,sort,sort-n60000,0.1,12,3593,1807,0
global,age+dirty+refaults,3,K+K+,sort-n60000-s2,heldout,sort,sort-n60000,0.1,12,5683,2868,1
global,age+dirty+rdist,3,K+K+,sort-n60000-s2,heldout,sort,sort-n60000,0.1,12,4839,2845,0
global,age+refaults+rdist,3,K+K+,sort-n60000-s2,heldout,sort,sort-n60000,0.1,12,5683,2858,1
global,dirty+refaults+rdist,3,K+K+,sort-n60000-s2,heldout,sort,sort-n60000,0.1,12,5683,2925,1
global,ref+aging+sfreq+idle,4,K,sort-n60000-s2,heldout,sort,sort-n60000,0.1,12,1869,987,0
global,ref+aging+sfreq+age,4,K,sort-n60000-s2,heldout,sort,sort-n60000,0.1,12,1839,970,0
global,ref+aging+sfreq+dirty,4,K,sort-n60000-s2,heldout,sort,sort-n60000,0.1,12,1868,992,0
global,ref+aging+sfreq+refaults,4,K+K+,sort-n60000-s2,heldout,sort,sort-n60000,0.1,12,1849,978,0
global,ref+aging+sfreq+rdist,4,K+K+,sort-n60000-s2,heldout,sort,sort-n60000,0.1,12,1798,940,0
global,ref+aging+idle+age,4,K,sort-n60000-s2,heldout,sort,sort-n60000,0.1,12,1849,975,0
global,ref+aging+idle+dirty,4,K,sort-n60000-s2,heldout,sort,sort-n60000,0.1,12,1894,998,0
global,ref+aging+idle+refaults,4,K+K+,sort-n60000-s2,heldout,sort,sort-n60000,0.1,12,1894,998,0
global,ref+aging+idle+rdist,4,K+K+,sort-n60000-s2,heldout,sort,sort-n60000,0.1,12,1799,940,0
global,ref+aging+age+dirty,4,K,sort-n60000-s2,heldout,sort,sort-n60000,0.1,12,1834,964,0
global,ref+aging+age+refaults,4,K+K+,sort-n60000-s2,heldout,sort,sort-n60000,0.1,12,1823,959,0
global,ref+aging+age+rdist,4,K+K+,sort-n60000-s2,heldout,sort,sort-n60000,0.1,12,1798,940,0
global,ref+aging+dirty+refaults,4,K+K+,sort-n60000-s2,heldout,sort,sort-n60000,0.1,12,1898,995,0
global,ref+aging+dirty+rdist,4,K+K+,sort-n60000-s2,heldout,sort,sort-n60000,0.1,12,1821,963,0
global,ref+aging+refaults+rdist,4,K+K+,sort-n60000-s2,heldout,sort,sort-n60000,0.1,12,1793,944,0
global,ref+sfreq+idle+age,4,K,sort-n60000-s2,heldout,sort,sort-n60000,0.1,12,1894,997,0
global,ref+sfreq+idle+dirty,4,K,sort-n60000-s2,heldout,sort,sort-n60000,0.1,12,1894,999,0
global,ref+sfreq+idle+refaults,4,K+K+,sort-n60000-s2,heldout,sort,sort-n60000,0.1,12,1895,999,0
global,ref+sfreq+idle+rdist,4,K+K+,sort-n60000-s2,heldout,sort,sort-n60000,0.1,12,1835,975,0
global,ref+sfreq+age+dirty,4,K,sort-n60000-s2,heldout,sort,sort-n60000,0.1,12,1893,1000,0
global,ref+sfreq+age+refaults,4,K+K+,sort-n60000-s2,heldout,sort,sort-n60000,0.1,12,2304,1139,0
global,ref+sfreq+age+rdist,4,K+K+,sort-n60000-s2,heldout,sort,sort-n60000,0.1,12,1830,969,0
global,ref+sfreq+dirty+refaults,4,K+K+,sort-n60000-s2,heldout,sort,sort-n60000,0.1,12,5683,2178,1
global,ref+sfreq+dirty+rdist,4,K+K+,sort-n60000-s2,heldout,sort,sort-n60000,0.1,12,5683,2267,1
global,ref+sfreq+refaults+rdist,4,K+K+,sort-n60000-s2,heldout,sort,sort-n60000,0.1,12,5683,2151,1
global,ref+idle+age+dirty,4,K,sort-n60000-s2,heldout,sort,sort-n60000,0.1,12,1894,999,0
global,ref+idle+age+refaults,4,K+K+,sort-n60000-s2,heldout,sort,sort-n60000,0.1,12,1894,998,0
global,ref+idle+age+rdist,4,K+K+,sort-n60000-s2,heldout,sort,sort-n60000,0.1,12,1827,972,0
global,ref+idle+dirty+refaults,4,K+K+,sort-n60000-s2,heldout,sort,sort-n60000,0.1,12,1894,996,0
global,ref+idle+dirty+rdist,4,K+K+,sort-n60000-s2,heldout,sort,sort-n60000,0.1,12,1844,986,0
global,ref+idle+refaults+rdist,4,K+K+,sort-n60000-s2,heldout,sort,sort-n60000,0.1,12,3591,1805,0
global,ref+age+dirty+refaults,4,K+K+,sort-n60000-s2,heldout,sort,sort-n60000,0.1,12,5683,2143,1
global,ref+age+dirty+rdist,4,K+K+,sort-n60000-s2,heldout,sort,sort-n60000,0.1,12,3307,1659,0
global,ref+age+refaults+rdist,4,K+K+,sort-n60000-s2,heldout,sort,sort-n60000,0.1,12,5683,2124,1
global,ref+dirty+refaults+rdist,4,K+K+,sort-n60000-s2,heldout,sort,sort-n60000,0.1,12,3752,1870,0
global,aging+sfreq+idle+age,4,K,sort-n60000-s2,heldout,sort,sort-n60000,0.1,12,1894,997,0
global,aging+sfreq+idle+dirty,4,K,sort-n60000-s2,heldout,sort,sort-n60000,0.1,12,1894,1000,0
global,aging+sfreq+idle+refaults,4,K+K+,sort-n60000-s2,heldout,sort,sort-n60000,0.1,12,1851,979,0
global,aging+sfreq+idle+rdist,4,K+K+,sort-n60000-s2,heldout,sort,sort-n60000,0.1,12,1808,956,0
global,aging+sfreq+age+dirty,4,K,sort-n60000-s2,heldout,sort,sort-n60000,0.1,12,1874,1000,0
global,aging+sfreq+age+refaults,4,K+K+,sort-n60000-s2,heldout,sort,sort-n60000,0.1,12,1827,965,0
global,aging+sfreq+age+rdist,4,K+K+,sort-n60000-s2,heldout,sort,sort-n60000,0.1,12,1813,949,0
global,aging+sfreq+dirty+refaults,4,K+K+,sort-n60000-s2,heldout,sort,sort-n60000,0.1,12,1858,985,0
global,aging+sfreq+dirty+rdist,4,K+K+,sort-n60000-s2,heldout,sort,sort-n60000,0.1,12,1815,958,0
global,aging+sfreq+refaults+rdist,4,K+K+,sort-n60000-s2,heldout,sort,sort-n60000,0.1,12,1812,954,0
global,aging+idle+age+dirty,4,K,sort-n60000-s2,heldout,sort,sort-n60000,0.1,12,1894,1000,0
global,aging+idle+age+refaults,4,K+K+,sort-n60000-s2,heldout,sort,sort-n60000,0.1,12,1854,979,0
global,aging+idle+age+rdist,4,K+K+,sort-n60000-s2,heldout,sort,sort-n60000,0.1,12,1815,961,0
global,aging+idle+dirty+refaults,4,K+K+,sort-n60000-s2,heldout,sort,sort-n60000,0.1,12,1894,996,0
global,aging+idle+dirty+rdist,4,K+K+,sort-n60000-s2,heldout,sort,sort-n60000,0.1,12,1814,959,0
global,aging+idle+refaults+rdist,4,K+K+,sort-n60000-s2,heldout,sort,sort-n60000,0.1,12,1795,945,0
global,aging+age+dirty+refaults,4,K+K+,sort-n60000-s2,heldout,sort,sort-n60000,0.1,12,1812,952,0
global,aging+age+dirty+rdist,4,K+K+,sort-n60000-s2,heldout,sort,sort-n60000,0.1,12,1812,958,0
global,aging+age+refaults+rdist,4,K+K+,sort-n60000-s2,heldout,sort,sort-n60000,0.1,12,1817,964,0
global,aging+dirty+refaults+rdist,4,K+K+,sort-n60000-s2,heldout,sort,sort-n60000,0.1,12,1804,956,0
global,sfreq+idle+age+dirty,4,K,sort-n60000-s2,heldout,sort,sort-n60000,0.1,12,1894,999,0
global,sfreq+idle+age+refaults,4,K+K+,sort-n60000-s2,heldout,sort,sort-n60000,0.1,12,1894,998,0
global,sfreq+idle+age+rdist,4,K+K+,sort-n60000-s2,heldout,sort,sort-n60000,0.1,12,3590,1806,0
global,sfreq+idle+dirty+refaults,4,K+K+,sort-n60000-s2,heldout,sort,sort-n60000,0.1,12,1893,1000,0
global,sfreq+idle+dirty+rdist,4,K+K+,sort-n60000-s2,heldout,sort,sort-n60000,0.1,12,3589,1809,0
global,sfreq+idle+refaults+rdist,4,K+K+,sort-n60000-s2,heldout,sort,sort-n60000,0.1,12,3592,1808,0
global,sfreq+age+dirty+refaults,4,K+K+,sort-n60000-s2,heldout,sort,sort-n60000,0.1,12,2042,1134,0
global,sfreq+age+dirty+rdist,4,K+K+,sort-n60000-s2,heldout,sort,sort-n60000,0.1,12,3597,1816,0
global,sfreq+age+refaults+rdist,4,K+K+,sort-n60000-s2,heldout,sort,sort-n60000,0.1,12,5683,2455,1
global,sfreq+dirty+refaults+rdist,4,K+K+,sort-n60000-s2,heldout,sort,sort-n60000,0.1,12,5683,2942,1
global,idle+age+dirty+refaults,4,K+K+,sort-n60000-s2,heldout,sort,sort-n60000,0.1,12,1894,999,0
global,idle+age+dirty+rdist,4,K+K+,sort-n60000-s2,heldout,sort,sort-n60000,0.1,12,3590,1809,0
global,idle+age+refaults+rdist,4,K+K+,sort-n60000-s2,heldout,sort,sort-n60000,0.1,12,3593,1807,0
global,idle+dirty+refaults+rdist,4,K+K+,sort-n60000-s2,heldout,sort,sort-n60000,0.1,12,3593,1808,0
global,age+dirty+refaults+rdist,4,K+K+,sort-n60000-s2,heldout,sort,sort-n60000,0.1,12,5683,2886,1
global,ref+aging+sfreq+idle+age,5,K,sort-n60000-s2,heldout,sort,sort-n60000,0.1,12,1834,966,0
global,ref+aging+sfreq+idle+dirty,5,K,sort-n60000-s2,heldout,sort,sort-n60000,0.1,12,1885,1000,0
global,ref+aging+sfreq+idle+refaults,5,K+K+,sort-n60000-s2,heldout,sort,sort-n60000,0.1,12,1835,970,0
global,ref+aging+sfreq+idle+rdist,5,K+K+,sort-n60000-s2,heldout,sort,sort-n60000,0.1,12,1798,940,0
global,ref+aging+sfreq+age+dirty,5,K,sort-n60000-s2,heldout,sort,sort-n60000,0.1,12,1834,964,0
global,ref+aging+sfreq+age+refaults,5,K+K+,sort-n60000-s2,heldout,sort,sort-n60000,0.1,12,1833,965,0
global,ref+aging+sfreq+age+rdist,5,K+K+,sort-n60000-s2,heldout,sort,sort-n60000,0.1,12,1821,950,0
global,ref+aging+sfreq+dirty+refaults,5,K+K+,sort-n60000-s2,heldout,sort,sort-n60000,0.1,12,1861,986,0
global,ref+aging+sfreq+dirty+rdist,5,K+K+,sort-n60000-s2,heldout,sort,sort-n60000,0.1,12,1803,942,0
global,ref+aging+sfreq+refaults+rdist,5,K+K+,sort-n60000-s2,heldout,sort,sort-n60000,0.1,12,1807,952,0
global,ref+aging+idle+age+dirty,5,K,sort-n60000-s2,heldout,sort,sort-n60000,0.1,12,1848,974,0
global,ref+aging+idle+age+refaults,5,K+K+,sort-n60000-s2,heldout,sort,sort-n60000,0.1,12,1850,974,0
global,ref+aging+idle+age+rdist,5,K+K+,sort-n60000-s2,heldout,sort,sort-n60000,0.1,12,1798,939,0
global,ref+aging+idle+dirty+refaults,5,K+K+,sort-n60000-s2,heldout,sort,sort-n60000,0.1,12,1894,996,0
global,ref+aging+idle+dirty+rdist,5,K+K+,sort-n60000-s2,heldout,sort,sort-n60000,0.1,12,1793,937,0
global,ref+aging+idle+refaults+rdist,5,K+K+,sort-n60000-s2,heldout,sort,sort-n60000,0.1,12,1795,945,0
global,ref+aging+age+dirty+refaults,5,K+K+,sort-n60000-s2,heldout,sort,sort-n60000,0.1,12,1823,957,0
global,ref+aging+age+dirty+rdist,5,K+K+,sort-n60000-s2,heldout,sort,sort-n60000,0.1,12,1795,937,0
global,ref+aging+age+refaults+rdist,5,K+K+,sort-n60000-s2,heldout,sort,sort-n60000,0.1,12,1794,939,0
global,ref+aging+dirty+refaults+rdist,5,K+K+,sort-n60000-s2,heldout,sort,sort-n60000,0.1,12,1803,955,0
global,ref+sfreq+idle+age+dirty,5,K,sort-n60000-s2,heldout,sort,sort-n60000,0.1,12,1894,999,0
global,ref+sfreq+idle+age+refaults,5,K+K+,sort-n60000-s2,heldout,sort,sort-n60000,0.1,12,1894,998,0
global,ref+sfreq+idle+age+rdist,5,K+K+,sort-n60000-s2,heldout,sort,sort-n60000,0.1,12,1840,942,0
global,ref+sfreq+idle+dirty+refaults,5,K+K+,sort-n60000-s2,heldout,sort,sort-n60000,0.1,12,1902,1009,0
global,ref+sfreq+idle+dirty+rdist,5,K+K+,sort-n60000-s2,heldout,sort,sort-n60000,0.1,12,1841,984,0
global,ref+sfreq+idle+refaults+rdist,5,K+K+,sort-n60000-s2,heldout,sort,sort-n60000,0.1,12,3802,1667,0
global,ref+sfreq+age+dirty+refaults,5,K+K+,sort-n60000-s2,heldout,sort,sort-n60000,0.1,12,2558,1244,0
global,ref+sfreq+age+dirty+rdist,5,K+K+,sort-n60000-s2,heldout,sort,sort-n60000,0.1,12,3589,1819,0
global,ref+sfreq+age+refaults+rdist,5,K+K+,sort-n60000-s2,heldout,sort,sort-n60000,0.1,12,5683,2145,1
global,ref+sfreq+dirty+refaults+rdist,5,K+K+,sort-n60000-s2,heldout,sort,sort-n60000,0.1,12,5683,2163,1
global,ref+idle+age+dirty+refaults,5,K+K+,sort-n60000-s2,heldout,sort,sort-n60000,0.1,12,1894,999,0
global,ref+idle+age+dirty+rdist,5,K+K+,sort-n60000-s2,heldout,sort,sort-n60000,0.1,12,1842,985,0
global,ref+idle+age+refaults+rdist,5,K+K+,sort-n60000-s2,heldout,sort,sort-n60000,0.1,12,1943,991,0
global,ref+idle+dirty+refaults+rdist,5,K+K+,sort-n60000-s2,heldout,sort,sort-n60000,0.1,12,3591,1806,0
global,ref+age+dirty+refaults+rdist,5,K+K+,sort-n60000-s2,heldout,sort,sort-n60000,0.1,12,5683,2219,1
global,aging+sfreq+idle+age+dirty,5,K,sort-n60000-s2,heldout,sort,sort-n60000,0.1,12,1894,998,0
global,aging+sfreq+idle+age+refaults,5,K+K+,sort-n60000-s2,heldout,sort,sort-n60000,0.1,12,1857,980,0
global,aging+sfreq+idle+age+rdist,5,K+K+,sort-n60000-s2,heldout,sort,sort-n60000,0.1,12,1783,931,0
global,aging+sfreq+idle+dirty+refaults,5,K+K+,sort-n60000-s2,heldout,sort,sort-n60000,0.1,12,1868,990,0
global,aging+sfreq+idle+dirty+rdist,5,K+K+,sort-n60000-s2,heldout,sort,sort-n60000,0.1,12,1813,957,0
global,aging+sfreq+idle+refaults+rdist,5,K+K+,sort-n60000-s2,heldout,sort,sort-n60000,0.1,12,1800,945,0
global,aging+sfreq+age+dirty+refaults,5,K+K+,sort-n60000-s2,heldout,sort,sort-n60000,0.1,12,1821,963,0
global,aging+sfreq+age+dirty+rdist,5,K+K+,sort-n60000-s2,heldout,sort,sort-n60000,0.1,12,1812,956,0
global,aging+sfreq+age+refaults+rdist,5,K+K+,sort-n60000-s2,heldout,sort,sort-n60000,0.1,12,1818,963,0
global,aging+sfreq+dirty+refaults+rdist,5,K+K+,sort-n60000-s2,heldout,sort,sort-n60000,0.1,12,1812,957,0
global,aging+idle+age+dirty+refaults,5,K+K+,sort-n60000-s2,heldout,sort,sort-n60000,0.1,12,1856,981,0
global,aging+idle+age+dirty+rdist,5,K+K+,sort-n60000-s2,heldout,sort,sort-n60000,0.1,12,1812,956,0
global,aging+idle+age+refaults+rdist,5,K+K+,sort-n60000-s2,heldout,sort,sort-n60000,0.1,12,1794,938,0
global,aging+idle+dirty+refaults+rdist,5,K+K+,sort-n60000-s2,heldout,sort,sort-n60000,0.1,12,1804,955,0
global,aging+age+dirty+refaults+rdist,5,K+K+,sort-n60000-s2,heldout,sort,sort-n60000,0.1,12,1813,958,0
global,sfreq+idle+age+dirty+refaults,5,K+K+,sort-n60000-s2,heldout,sort,sort-n60000,0.1,12,1894,999,0
global,sfreq+idle+age+dirty+rdist,5,K+K+,sort-n60000-s2,heldout,sort,sort-n60000,0.1,12,3584,1806,0
global,sfreq+idle+age+refaults+rdist,5,K+K+,sort-n60000-s2,heldout,sort,sort-n60000,0.1,12,3591,1807,0
global,sfreq+idle+dirty+refaults+rdist,5,K+K+,sort-n60000-s2,heldout,sort,sort-n60000,0.1,12,3593,1812,0
global,sfreq+age+dirty+refaults+rdist,5,K+K+,sort-n60000-s2,heldout,sort,sort-n60000,0.1,12,5683,3031,1
global,idle+age+dirty+refaults+rdist,5,K+K+,sort-n60000-s2,heldout,sort,sort-n60000,0.1,12,3589,1810,0
global,ref+aging+sfreq+idle+age+dirty,6,K,sort-n60000-s2,heldout,sort,sort-n60000,0.1,12,1827,960,0
global,ref+aging+sfreq+idle+age+refaults,6,K+K+,sort-n60000-s2,heldout,sort,sort-n60000,0.1,12,1849,974,0
global,ref+aging+sfreq+idle+age+rdist,6,K+K+,sort-n60000-s2,heldout,sort,sort-n60000,0.1,12,1807,946,0
global,ref+aging+sfreq+idle+dirty+refaults,6,K+K+,sort-n60000-s2,heldout,sort,sort-n60000,0.1,12,1832,974,0
global,ref+aging+sfreq+idle+dirty+rdist,6,K+K+,sort-n60000-s2,heldout,sort,sort-n60000,0.1,12,1798,938,0
global,ref+aging+sfreq+idle+refaults+rdist,6,K+K+,sort-n60000-s2,heldout,sort,sort-n60000,0.1,12,1800,945,0
global,ref+aging+sfreq+age+dirty+refaults,6,K+K+,sort-n60000-s2,heldout,sort,sort-n60000,0.1,12,1824,962,0
global,ref+aging+sfreq+age+dirty+rdist,6,K+K+,sort-n60000-s2,heldout,sort,sort-n60000,0.1,12,1816,946,0
global,ref+aging+sfreq+age+refaults+rdist,6,K+K+,sort-n60000-s2,heldout,sort,sort-n60000,0.1,12,1794,939,0
global,ref+aging+sfreq+dirty+refaults+rdist,6,K+K+,sort-n60000-s2,heldout,sort,sort-n60000,0.1,12,1813,957,0
global,ref+aging+idle+age+dirty+refaults,6,K+K+,sort-n60000-s2,heldout,sort,sort-n60000,0.1,12,1839,972,0
global,ref+aging+idle+age+dirty+rdist,6,K+K+,sort-n60000-s2,heldout,sort,sort-n60000,0.1,12,1794,937,0
global,ref+aging+idle+age+refaults+rdist,6,K+K+,sort-n60000-s2,heldout,sort,sort-n60000,0.1,12,1794,938,0
global,ref+aging+idle+dirty+refaults+rdist,6,K+K+,sort-n60000-s2,heldout,sort,sort-n60000,0.1,12,1802,954,0
global,ref+aging+age+dirty+refaults+rdist,6,K+K+,sort-n60000-s2,heldout,sort,sort-n60000,0.1,12,1793,937,0
global,ref+sfreq+idle+age+dirty+refaults,6,K+K+,sort-n60000-s2,heldout,sort,sort-n60000,0.1,12,1894,1000,0
global,ref+sfreq+idle+age+dirty+rdist,6,K+K+,sort-n60000-s2,heldout,sort,sort-n60000,0.1,12,1847,987,0
global,ref+sfreq+idle+age+refaults+rdist,6,K+K+,sort-n60000-s2,heldout,sort,sort-n60000,0.1,12,1946,991,0
global,ref+sfreq+idle+dirty+refaults+rdist,6,K+K+,sort-n60000-s2,heldout,sort,sort-n60000,0.1,12,4207,1834,0
global,ref+sfreq+age+dirty+refaults+rdist,6,K+K+,sort-n60000-s2,heldout,sort,sort-n60000,0.1,12,5683,2152,1
global,ref+idle+age+dirty+refaults+rdist,6,K+K+,sort-n60000-s2,heldout,sort,sort-n60000,0.1,12,2169,1122,0
global,aging+sfreq+idle+age+dirty+refaults,6,K+K+,sort-n60000-s2,heldout,sort,sort-n60000,0.1,12,1856,981,0
global,aging+sfreq+idle+age+dirty+rdist,6,K+K+,sort-n60000-s2,heldout,sort,sort-n60000,0.1,12,1812,956,0
global,aging+sfreq+idle+age+refaults+rdist,6,K+K+,sort-n60000-s2,heldout,sort,sort-n60000,0.1,12,1816,962,0
global,aging+sfreq+idle+dirty+refaults+rdist,6,K+K+,sort-n60000-s2,heldout,sort,sort-n60000,0.1,12,1804,950,0
global,aging+sfreq+age+dirty+refaults+rdist,6,K+K+,sort-n60000-s2,heldout,sort,sort-n60000,0.1,12,1816,959,0
global,aging+idle+age+dirty+refaults+rdist,6,K+K+,sort-n60000-s2,heldout,sort,sort-n60000,0.1,12,1817,959,0
global,sfreq+idle+age+dirty+refaults+rdist,6,K+K+,sort-n60000-s2,heldout,sort,sort-n60000,0.1,12,3589,1809,0
global,ref+aging+sfreq+idle+age+dirty+refaults,7,K+K+,sort-n60000-s2,heldout,sort,sort-n60000,0.1,12,1839,966,0
global,ref+aging+sfreq+idle+age+dirty+rdist,7,K+K+,sort-n60000-s2,heldout,sort,sort-n60000,0.1,12,1807,948,0
global,ref+aging+sfreq+idle+age+refaults+rdist,7,K+K+,sort-n60000-s2,heldout,sort,sort-n60000,0.1,12,1793,938,0
global,ref+aging+sfreq+idle+dirty+refaults+rdist,7,K+K+,sort-n60000-s2,heldout,sort,sort-n60000,0.1,12,1800,943,0
global,ref+aging+sfreq+age+dirty+refaults+rdist,7,K+K+,sort-n60000-s2,heldout,sort,sort-n60000,0.1,12,1793,936,0
global,ref+aging+idle+age+dirty+refaults+rdist,7,K+K+,sort-n60000-s2,heldout,sort,sort-n60000,0.1,12,1801,940,0
global,ref+sfreq+idle+age+dirty+refaults+rdist,7,K+K+,sort-n60000-s2,heldout,sort,sort-n60000,0.1,12,2422,1248,0
global,aging+sfreq+idle+age+dirty+refaults+rdist,7,K+K+,sort-n60000-s2,heldout,sort,sort-n60000,0.1,12,1817,958,0
global,ref+aging+sfreq+idle+age+dirty+refaults+rdist,8,K+K+,sort-n60000-s2,heldout,sort,sort-n60000,0.1,12,1802,943,0
global,rec+ref+aging+sfreq+idle+age+dirty,7,F+K,sort-n60000-s2,heldout,sort,sort-n60000,0.1,12,1894,999,0
global,rec+ref+aging+sfreq+idle+age+dirty+refaults+rdist,9,F+K+K+,sort-n60000-s2,heldout,sort,sort-n60000,0.1,12,1818,959,0
global,freq+ref+aging+sfreq+idle+age+dirty,7,F+K,sort-n60000-s2,heldout,sort,sort-n60000,0.1,12,1823,955,0
global,freq+ref+aging+sfreq+idle+age+dirty+refaults+rdist,9,F+K+K+,sort-n60000-s2,heldout,sort,sort-n60000,0.1,12,1810,953,0
global,sd+ref+aging+sfreq+idle+age+dirty,7,F+K,sort-n60000-s2,heldout,sort,sort-n60000,0.1,12,1835,966,0
global,sd+ref+aging+sfreq+idle+age+dirty+refaults+rdist,9,F+K+K+,sort-n60000-s2,heldout,sort,sort-n60000,0.1,12,1816,962,0
global,wr+ref+aging+sfreq+idle+age+dirty,7,F+K,sort-n60000-s2,heldout,sort,sort-n60000,0.1,12,1827,960,0
global,wr+ref+aging+sfreq+idle+age+dirty+refaults+rdist,9,F+K+K+,sort-n60000-s2,heldout,sort,sort-n60000,0.1,12,1802,943,0
global,rec+freq+ref+aging+sfreq+idle+age+dirty,8,F+K,sort-n60000-s2,heldout,sort,sort-n60000,0.1,12,1894,998,0
global,rec+freq+ref+aging+sfreq+idle+age+dirty+refaults+rdist,10,F+K+K+,sort-n60000-s2,heldout,sort,sort-n60000,0.1,12,1805,951,0
global,rec+sd+ref+aging+sfreq+idle+age+dirty,8,F+K,sort-n60000-s2,heldout,sort,sort-n60000,0.1,12,1894,999,0
global,rec+sd+ref+aging+sfreq+idle+age+dirty+refaults+rdist,10,F+K+K+,sort-n60000-s2,heldout,sort,sort-n60000,0.1,12,1804,949,0
global,rec+wr+ref+aging+sfreq+idle+age+dirty,8,F+K,sort-n60000-s2,heldout,sort,sort-n60000,0.1,12,1894,999,0
global,rec+wr+ref+aging+sfreq+idle+age+dirty+refaults+rdist,10,F+K+K+,sort-n60000-s2,heldout,sort,sort-n60000,0.1,12,1820,958,0
global,freq+sd+ref+aging+sfreq+idle+age+dirty,8,F+K,sort-n60000-s2,heldout,sort,sort-n60000,0.1,12,1832,963,0
global,freq+sd+ref+aging+sfreq+idle+age+dirty+refaults+rdist,10,F+K+K+,sort-n60000-s2,heldout,sort,sort-n60000,0.1,12,1804,948,0
global,freq+wr+ref+aging+sfreq+idle+age+dirty,8,F+K,sort-n60000-s2,heldout,sort,sort-n60000,0.1,12,1823,955,0
global,freq+wr+ref+aging+sfreq+idle+age+dirty+refaults+rdist,10,F+K+K+,sort-n60000-s2,heldout,sort,sort-n60000,0.1,12,1813,953,0
global,sd+wr+ref+aging+sfreq+idle+age+dirty,8,F+K,sort-n60000-s2,heldout,sort,sort-n60000,0.1,12,1835,968,0
global,sd+wr+ref+aging+sfreq+idle+age+dirty+refaults+rdist,10,F+K+K+,sort-n60000-s2,heldout,sort,sort-n60000,0.1,12,1816,962,0
global,rec+freq+sd+ref+aging+sfreq+idle+age+dirty,9,F+K,sort-n60000-s2,heldout,sort,sort-n60000,0.1,12,1894,998,0
global,rec+freq+sd+ref+aging+sfreq+idle+age+dirty+refaults+rdist,11,F+K+K+,sort-n60000-s2,heldout,sort,sort-n60000,0.1,12,1804,950,0
global,rec+freq+wr+ref+aging+sfreq+idle+age+dirty,9,F+K,sort-n60000-s2,heldout,sort,sort-n60000,0.1,12,1894,998,0
global,rec+freq+wr+ref+aging+sfreq+idle+age+dirty+refaults+rdist,11,F+K+K+,sort-n60000-s2,heldout,sort,sort-n60000,0.1,12,1806,952,0
global,rec+sd+wr+ref+aging+sfreq+idle+age+dirty,9,F+K,sort-n60000-s2,heldout,sort,sort-n60000,0.1,12,1894,999,0
global,rec+sd+wr+ref+aging+sfreq+idle+age+dirty+refaults+rdist,11,F+K+K+,sort-n60000-s2,heldout,sort,sort-n60000,0.1,12,1812,954,0
global,freq+sd+wr+ref+aging+sfreq+idle+age+dirty,9,F+K,sort-n60000-s2,heldout,sort,sort-n60000,0.1,12,1826,961,0
global,freq+sd+wr+ref+aging+sfreq+idle+age+dirty+refaults+rdist,11,F+K+K+,sort-n60000-s2,heldout,sort,sort-n60000,0.1,12,1802,944,0
global,rec+freq+sd+wr+ref+aging+sfreq+idle+age+dirty,10,F+K,sort-n60000-s2,heldout,sort,sort-n60000,0.1,12,1894,998,0
global,rec+freq+sd+wr+ref+aging+sfreq+idle+age+dirty+refaults+rdist,12,F+K+K+,sort-n60000-s2,heldout,sort,sort-n60000,0.1,12,1804,950,0
sort,rec,1,F,sort-n40000-s3,test,sort,sort-n40000,0.1,8,1268,669,0
sort,freq,1,F,sort-n40000-s3,test,sort,sort-n40000,0.1,8,3808,1906,1
sort,sd,1,F,sort-n40000-s3,test,sort,sort-n40000,0.1,8,1268,669,0
sort,wr,1,F,sort-n40000-s3,test,sort,sort-n40000,0.1,8,3808,1951,1
sort,rec+freq,2,F,sort-n40000-s3,test,sort,sort-n40000,0.1,8,1268,669,0
sort,rec+sd,2,F,sort-n40000-s3,test,sort,sort-n40000,0.1,8,1268,669,0
sort,rec+wr,2,F,sort-n40000-s3,test,sort,sort-n40000,0.1,8,1268,669,0
sort,freq+sd,2,F,sort-n40000-s3,test,sort,sort-n40000,0.1,8,1268,669,0
sort,freq+wr,2,F,sort-n40000-s3,test,sort,sort-n40000,0.1,8,3808,1904,1
sort,sd+wr,2,F,sort-n40000-s3,test,sort,sort-n40000,0.1,8,1268,669,0
sort,rec+freq+sd,3,F,sort-n40000-s3,test,sort,sort-n40000,0.1,8,1268,669,0
sort,rec+freq+wr,3,F,sort-n40000-s3,test,sort,sort-n40000,0.1,8,1268,669,0
sort,rec+sd+wr,3,F,sort-n40000-s3,test,sort,sort-n40000,0.1,8,1268,669,0
sort,freq+sd+wr,3,F,sort-n40000-s3,test,sort,sort-n40000,0.1,8,1268,669,0
sort,rec+freq+sd+wr,4,F,sort-n40000-s3,test,sort,sort-n40000,0.1,8,1268,669,0
sort,ref,1,K,sort-n40000-s3,test,sort,sort-n40000,0.1,8,1268,668,0
sort,aging,1,K,sort-n40000-s3,test,sort,sort-n40000,0.1,8,1268,669,0
sort,sfreq,1,K,sort-n40000-s3,test,sort,sort-n40000,0.1,8,3808,1450,1
sort,idle,1,K,sort-n40000-s3,test,sort,sort-n40000,0.1,8,1268,669,0
sort,age,1,K,sort-n40000-s3,test,sort,sort-n40000,0.1,8,1275,669,0
sort,dirty,1,K,sort-n40000-s3,test,sort,sort-n40000,0.1,8,1857,1260,0
sort,refaults,1,K+,sort-n40000-s3,test,sort,sort-n40000,0.1,8,1307,685,0
sort,rdist,1,K+,sort-n40000-s3,test,sort,sort-n40000,0.1,8,3808,1935,1
sort,ref+aging,2,K,sort-n40000-s3,test,sort,sort-n40000,0.1,8,1268,669,0
sort,ref+sfreq,2,K,sort-n40000-s3,test,sort,sort-n40000,0.1,8,3808,1450,1
sort,ref+idle,2,K,sort-n40000-s3,test,sort,sort-n40000,0.1,8,1268,669,0
sort,ref+age,2,K,sort-n40000-s3,test,sort,sort-n40000,0.1,8,1288,669,0
sort,ref+dirty,2,K,sort-n40000-s3,test,sort,sort-n40000,0.1,8,1294,696,0
sort,ref+refaults,2,K+K+,sort-n40000-s3,test,sort,sort-n40000,0.1,8,1268,669,0
sort,ref+rdist,2,K+K+,sort-n40000-s3,test,sort,sort-n40000,0.1,8,2404,1191,0
sort,aging+sfreq,2,K,sort-n40000-s3,test,sort,sort-n40000,0.1,8,1638,759,0
sort,aging+idle,2,K,sort-n40000-s3,test,sort,sort-n40000,0.1,8,1268,669,0
sort,aging+age,2,K,sort-n40000-s3,test,sort,sort-n40000,0.1,8,1304,668,0
sort,aging+dirty,2,K,sort-n40000-s3,test,sort,sort-n40000,0.1,8,1268,670,0
sort,aging+refaults,2,K+K+,sort-n40000-s3,test,sort,sort-n40000,0.1,8,1268,669,0
sort,aging+rdist,2,K+K+,sort-n40000-s3,test,sort,sort-n40000,0.1,8,2304,1167,0
sort,sfreq+idle,2,K,sort-n40000-s3,test,sort,sort-n40000,0.1,8,1369,680,0
sort,sfreq+age,2,K,sort-n40000-s3,test,sort,sort-n40000,0.1,8,1378,687,0
sort,sfreq+dirty,2,K,sort-n40000-s3,test,sort,sort-n40000,0.1,8,3808,1447,1
sort,sfreq+refaults,2,K+K+,sort-n40000-s3,test,sort,sort-n40000,0.1,8,3808,1423,1
sort,sfreq+rdist,2,K+K+,sort-n40000-s3,test,sort,sort-n40000,0.1,8,3808,1432,1
sort,idle+age,2,K,sort-n40000-s3,test,sort,sort-n40000,0.1,8,1353,677,0
sort,idle+dirty,2,K,sort-n40000-s3,test,sort,sort-n40000,0.1,8,1268,669,0
sort,idle+refaults,2,K+K+,sort-n40000-s3,test,sort,sort-n40000,0.1,8,1268,669,0
sort,idle+rdist,2,K+K+,sort-n40000-s3,test,sort,sort-n40000,0.1,8,1278,674,0
sort,age+dirty,2,K,sort-n40000-s3,test,sort,sort-n40000,0.1,8,1275,669,0
sort,age+refaults,2,K+K+,sort-n40000-s3,test,sort,sort-n40000,0.1,8,1275,669,0
sort,age+rdist,2,K+K+,sort-n40000-s3,test,sort,sort-n40000,0.1,8,1273,669,0
sort,dirty+refaults,2,K+K+,sort-n40000-s3,test,sort,sort-n40000,0.1,8,2920,1776,0
sort,dirty+rdist,2,K+K+,sort-n40000-s3,test,sort,sort-n40000,0.1,8,3808,1951,1
sort,refaults+rdist,2,K+,sort-n40000-s3,test,sort,sort-n40000,0.1,8,3439,1563,0
sort,ref+aging+sfreq,3,K,sort-n40000-s3,test,sort,sort-n40000,0.1,8,1455,703,0
sort,ref+aging+idle,3,K,sort-n40000-s3,test,sort,sort-n40000,0.1,8,1273,671,0
sort,ref+aging+age,3,K,sort-n40000-s3,test,sort,sort-n40000,0.1,8,1281,668,0
sort,ref+aging+dirty,3,K,sort-n40000-s3,test,sort,sort-n40000,0.1,8,1268,669,0
sort,ref+aging+refaults,3,K+K+,sort-n40000-s3,test,sort,sort-n40000,0.1,8,1268,669,0
sort,ref+aging+rdist,3,K+K+,sort-n40000-s3,test,sort,sort-n40000,0.1,8,2018,1018,0
sort,ref+sfreq+idle,3,K,sort-n40000-s3,test,sort,sort-n40000,0.1,8,1350,677,0
sort,ref+sfreq+age,3,K,sort-n40000-s3,test,sort,sort-n40000,0.1,8,1349,676,0
sort,ref+sfreq+dirty,3,K,sort-n40000-s3,test,sort,sort-n40000,0.1,8,3808,1452,1
sort,ref+sfreq+refaults,3,K+K+,sort-n40000-s3,test,sort,sort-n40000,0.1,8,3065,1241,0
sort,ref+sfreq+rdist,3,K+K+,sort-n40000-s3,test,sort,sort-n40000,0.1,8,3808,1458,1
sort,ref+idle+age,3,K,sort-n40000-s3,test,sort,sort-n40000,0.1,8,1353,676,0
sort,ref+idle+dirty,3,K,sort-n40000-s3,test,sort,sort-n40000,0.1,8,1268,669,0
sort,ref+idle+refaults,3,K+K+,sort-n40000-s3,test,sort,sort-n40000,0.1,8,1268,669,0
sort,ref+idle+rdist,3,K+K+,sort-n40000-s3,test,sort,sort-n40000,0.1,8,1277,673,0
sort,ref+age+dirty,3,K,sort-n40000-s3,test,sort,sort-n40000,0.1,8,1282,668,0
sort,ref+age+refaults,3,K+K+,sort-n40000-s3,test,sort,sort-n40000,0.1,8,1280,669,0
sort,ref+age+rdist,3,K+K+,sort-n40000-s3,test,sort,sort-n40000,0.1,8,1285,669,0
sort,ref+dirty+refaults,3,K+K+,sort-n40000-s3,test,sort,sort-n40000,0.1,8,1286,695,0
sort,ref+dirty+rdist,3,K+K+,sort-n40000-s3,test,sort,sort-n40000,0.1,8,2353,1182,0
sort,ref+refaults+rdist,3,K+K+,sort-n40000-s3,test,sort,sort-n40000,0.1,8,2526,1255,0
sort,aging+sfreq+idle,3,K,sort-n40000-s3,test,sort,sort-n40000,0.1,8,1440,697,0
sort,aging+sfreq+age,3,K,sort-n40000-s3,test,sort,sort-n40000,0.1,8,1378,687,0
sort,aging+sfreq+dirty,3,K,sort-n40000-s3,test,sort,sort-n40000,0.1,8,1645,789,0
sort,aging+sfreq+refaults,3,K+K+,sort-n40000-s3,test,sort,sort-n40000,0.1,8,1407,699,0
sort,aging+sfreq+rdist,3,K+K+,sort-n40000-s3,test,sort,sort-n40000,0.1,8,1539,752,0
sort,aging+idle+age,3,K,sort-n40000-s3,test,sort,sort-n40000,0.1,8,1353,677,0
sort,aging+idle+dirty,3,K,sort-n40000-s3,test,sort,sort-n40000,0.1,8,1268,669,0
sort,aging+idle+refaults,3,K+K+,sort-n40000-s3,test,sort,sort-n40000,0.1,8,1268,669,0
sort,aging+idle+rdist,3,K+K+,sort-n40000-s3,test,sort,sort-n40000,0.1,8,2422,1231,0
sort,aging+age+dirty,3,K,sort-n40000-s3,test,sort,sort-n40000,0.1,8,1297,669,0
sort,aging+age+refaults,3,K+K+,sort-n40000-s3,test,sort,sort-n40000,0.1,8,1275,669,0
sort,aging+age+rdist,3,K+K+,sort-n40000-s3,test,sort,sort-n40000,0.1,8,1286,669,0
sort,aging+dirty+refaults,3,K+K+,sort-n40000-s3,test,sort,sort-n40000,0.1,8,1268,669,0
sort,aging+dirty+rdist,3,K+K+,sort-n40000-s3,test,sort,sort-n40000,0.1,8,2274,1148,0
sort,aging+refaults+rdist,3,K+K+,sort-n40000-s3,test,sort,sort-n40000,0.1,8,1226,648,0
sort,sfreq+idle+age,3,K,sort-n40000-s3,test,sort,sort-n40000,0.1,8,1361,678,0
sort,sfreq+idle+dirty,3,K,sort-n40000-s3,test,sort,sort-n40000,0.1,8,1367,692,0
sort,sfreq+idle+refaults,3,K+K+,sort-n40000-s3,test,sort,sort-n40000,0.1,8,1299,668,0
sort,sfreq+idle+rdist,3,K+K+,sort-n40000-s3,test,sort,sort-n40000,0.1,8,1402,698,0
sort,sfreq+age+dirty,3,K,sort-n40000-s3,test,sort,sort-n40000,0.1,8,1363,689,0
sort,sfreq+age+refaults,3,K+K+,sort-n40000-s3,test,sort,sort-n40000,0.1,8,1316,668,0
sort,sfreq+age+rdist,3,K+K+,sort-n40000-s3,test,sort,sort-n40000,0.1,8,1440,705,0
sort,sfreq+dirty+refaults,3,K+K+,sort-n40000-s3,test,sort,sort-n40000,0.1,8,3808,1421,1
sort,sfreq+dirty+rdist,3,K+K+,sort-n40000-s3,test,sort,sort-n40000,0.1,8,3808,1472,1
sort,sfreq+refaults+rdist,3,K+K+,sort-n40000-s3,test,sort,sort-n40000,0.1,8,3808,1461,1
sort,idle+age+dirty,3,K,sort-n40000-s3,test,sort,sort-n40000,0.1,8,1421,704,0
sort,idle+age+refaults,3,K+K+,sort-n40000-s3,test,sort,sort-n40000,0.1,8,1301,669,0
sort,idle+age+rdist,3,K+K+,sort-n40000-s3,test,sort,sort-n40000,0.1,8,1455,710,0
sort,idle+dirty+refaults,3,K+K+,sort-n40000-s3,test,sort,sort-n40000,0.1,8,1268,669,0
sort,idle+dirty+rdist,3,K+K+,sort-n40000-s3,test,sort,sort-n40000,0.1,8,1271,670,0
sort,idle+refaults+rdist,3,K+K+,sort-n40000-s3,test,sort,sort-n40000,0.1,8,1268,669,0
sort,age+dirty+refaults,3,K+K+,sort-n40000-s3,test,sort,sort-n40000,0.1,8,1275,669,0
sort,age+dirty+rdist,3,K+K+,sort-n40000-s3,test,sort,sort-n40000,0.1,8,1272,669,0
sort,age+refaults+rdist,3,K+K+,sort-n40000-s3,test,sort,sort-n40000,0.1,8,1275,669,0
sort,dirty+refaults+rdist,3,K+K+,sort-n40000-s3,test,sort,sort-n40000,0.1,8,3808,2072,1
sort,ref+aging+sfreq+idle,4,K,sort-n40000-s3,test,sort,sort-n40000,0.1,8,1377,704,0
sort,ref+aging+sfreq+age,4,K,sort-n40000-s3,test,sort,sort-n40000,0.1,8,1321,677,0
sort,ref+aging+sfreq+dirty,4,K,sort-n40000-s3,test,sort,sort-n40000,0.1,8,1443,738,0
sort,ref+aging+sfreq+refaults,4,K+K+,sort-n40000-s3,test,sort,sort-n40000,0.1,8,1328,673,0
sort,ref+aging+sfreq+rdist,4,K+K+,sort-n40000-s3,test,sort,sort-n40000,0.1,8,1477,738,0
sort,ref+aging+idle+age,4,K,sort-n40000-s3,test,sort,sort-n40000,0.1,8,1365,688,0
sort,ref+aging+idle+dirty,4,K,sort-n40000-s3,test,sort,sort-n40000,0.1,8,1272,690,0
sort,ref+aging+idle+refaults,4,K+K+,sort-n40000-s3,test,sort,sort-n40000,0.1,8,1271,678,0
sort,ref+aging+idle+rdist,4,K+K+,sort-n40000-s3,test,sort,sort-n40000,0.1,8,1233,644,0
sort,ref+aging+age+dirty,4,K,sort-n40000-s3,test,sort,sort-n40000,0.1,8,1282,668,0
sort,ref+aging+age+refaults,4,K+K+,sort-n40000-s3,test,sort,sort-n40000,0.1,8,1280,669,0
sort,ref+aging+age+rdist,4,K+K+,sort-n40000-s3,test,sort,sort-n40000,0.1,8,1282,669,0
sort,ref+aging+dirty+refaults,4,K+K+,sort-n40000-s3,test,sort,sort-n40000,0.1,8,1268,669,0
sort,ref+aging+dirty+rdist,4,K+K+,sort-n40000-s3,test,sort,sort-n40000,0.1,8,1406,721,0
sort,ref+aging+refaults+rdist,4,K+K+,sort-n40000-s3,test,sort,sort-n40000,0.1,8,1241,654,0
sort,ref+sfreq+idle+age,4,K,sort-n40000-s3,test,sort,sort-n40000,0.1,8,1350,675,0
sort,ref+sfreq+idle+dirty,4,K,sort-n40000-s3,test,sort,sort-n40000,0.1,8,1366,689,0
sort,ref+sfreq+idle+refaults,4,K+K+,sort-n40000-s3,test,sort,sort-n40000,0.1,8,1300,669,0
sort,ref+sfreq+idle+rdist,4,K+K+,sort-n40000-s3,test,sort,sort-n40000,0.1,8,1445,711,0
sort,ref+sfreq+age+dirty,4,K,sort-n40000-s3,test,sort,sort-n40000,0.1,8,1362,690,0
sort,ref+sfreq+age+refaults,4,K+K+,sort-n40000-s3,test,sort,sort-n40000,0.1,8,1316,668,0
sort,ref+sfreq+age+rdist,4,K+K+,sort-n40000-s3,test,sort,sort-n40000,0.1,8,1449,710,0
sort,ref+sfreq+dirty+refaults,4,K+K+,sort-n40000-s3,test,sort,sort-n40000,0.1,8,2252,997,0
sort,ref+sfreq+dirty+rdist,4,K+K+,sort-n40000-s3,test,sort,sort-n40000,0.1,8,3808,1558,1
sort,ref+sfreq+refaults+rdist,4,K+K+,sort-n40000-s3,test,sort,sort-n40000,0.1,8,2054,916,0
sort,ref+idle+age+dirty,4,K,sort-n40000-s3,test,sort,sort-n40000,0.1,8,1397,696,0
sort,ref+idle+age+refaults,4,K+K+,sort-n40000-s3,test,sort,sort-n40000,0.1,8,1305,669,0
sort,ref+idle+age+rdist,4,K+K+,sort-n40000-s3,test,sort,sort-n40000,0.1,8,1442,706,0
sort,ref+idle+dirty+refaults,4,K+K+,sort-n40000-s3,test,sort,sort-n40000,0.1,8,1268,669,0
sort,ref+idle+dirty+rdist,4,K+K+,sort-n40000-s3,test,sort,sort-n40000,0.1,8,1270,671,0
sort,ref+idle+refaults+rdist,4,K+K+,sort-n40000-s3,test,sort,sort-n40000,0.1,8,1268,669,0
sort,ref+age+dirty+refaults,4,K+K+,sort-n40000-s3,test,sort,sort-n40000,0.1,8,1280,669,0
sort,ref+age+dirty+rdist,4,K+K+,sort-n40000-s3,test,sort,sort-n40000,0.1,8,1280,669,0
sort,ref+age+refaults+rdist,4,K+K+,sort-n40000-s3,test,sort,sort-n40000,0.1,8,1283,669,0
sort,ref+dirty+refaults+rdist,4,K+K+,sort-n40000-s3,test,sort,sort-n40000,0.1,8,2503,1269,0
sort,aging+sfreq+idle+age,4,K,sort-n40000-s3,test,sort,sort-n40000,0.1,8,1402,693,0
sort,aging+sfreq+idle+dirty,4,K,sort-n40000-s3,test,sort,sort-n40000,0.1,8,1371,695,0
sort,aging+sfreq+idle+refaults,4,K+K+,sort-n40000-s3,test,sort,sort-n40000,0.1,8,1308,669,0
sort,aging+sfreq+idle+rdist,4,K+K+,sort-n40000-s3,test,sort,sort-n40000,0.1,8,1434,714,0
sort,aging+sfreq+age+dirty,4,K,sort-n40000-s3,test,sort,sort-n40000,0.1,8,1363,689,0
sort,aging+sfreq+age+refaults,4,K+K+,sort-n40000-s3,test,sort,sort-n40000,0.1,8,1321,671,0
sort,aging+sfreq+age+rdist,4,K+K+,sort-n40000-s3,test,sort,sort-n40000,0.1,8,1448,712,0
sort,aging+sfreq+dirty+refaults,4,K+K+,sort-n40000-s3,test,sort,sort-n40000,0.1,8,1373,703,0
sort,aging+sfreq+dirty+rdist,4,K+K+,sort-n40000-s3,test,sort,sort-n40000,0.1,8,1475,753,0
sort,aging+sfreq+refaults+rdist,4,K+K+,sort-n40000-s3,test,sort,sort-n40000,0.1,8,1405,700,0
sort,aging+idle+age+dirty,4,K,sort-n40000-s3,test,sort,sort-n40000,0.1,8,1407,698,0
sort,aging+idle+age+refaults,4,K+K+,sort-n40000-s3,test,sort,sort-n40000,0.1,8,1298,668,0
sort,aging+idle+age+rdist,4,K+K+,sort-n40000-s3,test,sort,sort-n40000,0.1,8,1454,708,0
sort,aging+idle+dirty+refaults,4,K+K+,sort-n40000-s3,test,sort,sort-n40000,0.1,8,1268,669,0
sort,aging+idle+dirty+rdist,4,K+K+,sort-n40000-s3,test,sort,sort-n40000,0.1,8,2423,1232,0
sort,aging+idle+refaults+rdist,4,K+K+,sort-n40000-s3,test,sort,sort-n40000,0.1,8,1258,664,0
sort,aging+age+dirty+refaults,4,K+K+,sort-n40000-s3,test,sort,sort-n40000,0.1,8,1280,669,0
sort,aging+age+dirty+rdist,4,K+K+,sort-n40000-s3,test,sort,sort-n40000,0.1,8,1280,669,0
sort,aging+age+refaults+rdist,4,K+K+,sort-n40000-s3,test,sort,sort-n40000,0.1,8,1275,669,0
sort,aging+dirty+refaults+rdist,4,K+K+,sort-n40000-s3,test,sort,sort-n40000,0.1,8,1228,647,0
sort,sfreq+idle+age+dirty,4,K,sort-n40000-s3,test,sort,sort-n40000,0.1,8,1385,696,0
sort,sfreq+idle+age+refaults,4,K+K+,sort-n40000-s3,test,sort,sort-n40000,0.1,8,1314,668,0
sort,sfreq+idle+age+rdist,4,K+K+,sort-n40000-s3,test,sort,sort-n40000,0.1,8,1444,707,0
sort,sfreq+idle+dirty+refaults,4,K+K+,sort-n40000-s3,test,sort,sort-n40000,0.1,8,1293,669,0
sort,sfreq+idle+dirty+rdist,4,K+K+,sort-n40000-s3,test,sort,sort-n40000,0.1,8,1464,729,0
sort,sfreq+idle+refaults+rdist,4,K+K+,sort-n40000-s3,test,sort,sort-n40000,0.1,8,1291,668,0
sort,sfreq+age+dirty+refaults,4,K+K+,sort-n40000-s3,test,sort,sort-n40000,0.1,8,1300,670,0
sort,sfreq+age+dirty+rdist,4,K+K+,sort-n40000-s3,test,sort,sort-n40000,0.1,8,1457,723,0
sort,sfreq+age+refaults+rdist,4,K+K+,sort-n40000-s3,test,sort,sort-n40000,0.1,8,1306,669,0
sort,sfreq+dirty+refaults+rdist,4,K+K+,sort-n40000-s3,test,sort,sort-n40000,0.1,8,3808,1481,1
sort,idle+age+dirty+refaults,4,K+K+,sort-n40000-s3,test,sort,sort-n40000,0.1,8,1297,669,0
sort,idle+age+dirty+rdist,4,K+K+,sort-n40000-s3,test,sort,sort-n40000,0.1,8,1457,718,0
sort,idle+age+refaults+rdist,4,K+K+,sort-n40000-s3,test,sort,sort-n40000,0.1,8,1293,669,0
sort,idle+dirty+refaults+rdist,4,K+K+,sort-n40000-s3,test,sort,sort-n40000,0.1,8,1268,669,0
sort,age+dirty+refaults+rdist,4,K+K+,sort-n40000-s3,test,sort,sort-n40000,0.1,8,1274,669,0
sort,ref+aging+sfreq+idle+age,5,K,sort-n40000-s3,test,sort,sort-n40000,0.1,8,1378,689,0
sort,ref+aging+sfreq+idle+dirty,5,K,sort-n40000-s3,test,sort,sort-n40000,0.1,8,1408,724,0
sort,ref+aging+sfreq+idle+refaults,5,K+K+,sort-n40000-s3,test,sort,sort-n40000,0.1,8,1333,687,0
sort,ref+aging+sfreq+idle+rdist,5,K+K+,sort-n40000-s3,test,sort,sort-n40000,0.1,8,1388,720,0
sort,ref+aging+sfreq+age+dirty,5,K,sort-n40000-s3,test,sort,sort-n40000,0.1,8,1384,705,0
sort,ref+aging+sfreq+age+refaults,5,K+K+,sort-n40000-s3,test,sort,sort-n40000,0.1,8,1286,667,0
sort,ref+aging+sfreq+age+rdist,5,K+K+,sort-n40000-s3,test,sort,sort-n40000,0.1,8,1405,704,0
sort,ref+aging+sfreq+dirty+refaults,5,K+K+,sort-n40000-s3,test,sort,sort-n40000,0.1,8,1350,696,0
sort,ref+aging+sfreq+dirty+rdist,5,K+K+,sort-n40000-s3,test,sort,sort-n40000,0.1,8,1476,743,0
sort,ref+aging+sfreq+refaults+rdist,5,K+K+,sort-n40000-s3,test,sort,sort-n40000,0.1,8,1322,677,0
sort,ref+aging+idle+age+dirty,5,K,sort-n40000-s3,test,sort,sort-n40000,0.1,8,1369,711,0
sort,ref+aging+idle+age+refaults,5,K+K+,sort-n40000-s3,test,sort,sort-n40000,0.1,8,1313,679,0
sort,ref+aging+idle+age+rdist,5,K+K+,sort-n40000-s3,test,sort,sort-n40000,0.1,8,1429,715,0
sort,ref+aging+idle+dirty+refaults,5,K+K+,sort-n40000-s3,test,sort,sort-n40000,0.1,8,1271,690,0
sort,ref+aging+idle+dirty+rdist,5,K+K+,sort-n40000-s3,test,sort,sort-n40000,0.1,8,1230,644,0
sort,ref+aging+idle+refaults+rdist,5,K+K+,sort-n40000-s3,test,sort,sort-n40000,0.1,8,1245,659,0
sort,ref+aging+age+dirty+refaults,5,K+K+,sort-n40000-s3,test,sort,sort-n40000,0.1,8,1280,669,0
sort,ref+aging+age+dirty+rdist,5,K+K+,sort-n40000-s3,test,sort,sort-n40000,0.1,8,1282,669,0
sort,ref+aging+age+refaults+rdist,5,K+K+,sort-n40000-s3,test,sort,sort-n40000,0.1,8,1281,669,0
sort,ref+aging+dirty+refaults+rdist,5,K+K+,sort-n40000-s3,test,sort,sort-n40000,0.1,8,1242,656,0
sort,ref+sfreq+idle+age+dirty,5,K,sort-n40000-s3,test,sort,sort-n40000,0.1,8,1375,694,0
sort,ref+sfreq+idle+age+refaults,5,K+K+,sort-n40000-s3,test,sort,sort-n40000,0.1,8,1314,668,0
sort,ref+sfreq+idle+age+rdist,5,K+K+,sort-n40000-s3,test,sort,sort-n40000,0.1,8,1445,706,0
sort,ref+sfreq+idle+dirty+refaults,5,K+K+,sort-n40000-s3,test,sort,sort-n40000,0.1,8,1298,668,0
sort,ref+sfreq+idle+dirty+rdist,5,K+K+,sort-n40000-s3,test,sort,sort-n40000,0.1,8,1453,723,0
sort,ref+sfreq+idle+refaults+rdist,5,K+K+,sort-n40000-s3,test,sort,sort-n40000,0.1,8,1289,668,0
sort,ref+sfreq+age+dirty+refaults,5,K+K+,sort-n40000-s3,test,sort,sort-n40000,0.1,8,1300,670,0
sort,ref+sfreq+age+dirty+rdist,5,K+K+,sort-n40000-s3,test,sort,sort-n40000,0.1,8,1450,721,0
sort,ref+sfreq+age+refaults+rdist,5,K+K+,sort-n40000-s3,test,sort,sort-n40000,0.1,8,1294,668,0
sort,ref+sfreq+dirty+refaults+rdist,5,K+K+,sort-n40000-s3,test,sort,sort-n40000,0.1,8,1816,865,0
sort,ref+idle+age+dirty+refaults,5,K+K+,sort-n40000-s3,test,sort,sort-n40000,0.1,8,1301,669,0
sort,ref+idle+age+dirty+rdist,5,K+K+,sort-n40000-s3,test,sort,sort-n40000,0.1,8,1460,717,0
sort,ref+idle+age+refaults+rdist,5,K+K+,sort-n40000-s3,test,sort,sort-n40000,0.1,8,1303,670,0
sort,ref+idle+dirty+refaults+rdist,5,K+K+,sort-n40000-s3,test,sort,sort-n40000,0.1,8,1268,669,0
sort,ref+age+dirty+refaults+rdist,5,K+K+,sort-n40000-s3,test,sort,sort-n40000,0.1,8,1280,669,0
sort,aging+sfreq+idle+age+dirty,5,K,sort-n40000-s3,test,sort,sort-n40000,0.1,8,1366,689,0
sort,aging+sfreq+idle+age+refaults,5,K+K+,sort-n40000-s3,test,sort,sort-n40000,0.1,8,1324,672,0
sort,aging+sfreq+idle+age+rdist,5,K+K+,sort-n40000-s3,test,sort,sort-n40000,0.1,8,1466,717,0
sort,aging+sfreq+idle+dirty+refaults,5,K+K+,sort-n40000-s3,test,sort,sort-n40000,0.1,8,1327,685,0
sort,aging+sfreq+idle+dirty+rdist,5,K+K+,sort-n40000-s3,test,sort,sort-n40000,0.1,8,1475,736,0
sort,aging+sfreq+idle+refaults+rdist,5,K+K+,sort-n40000-s3,test,sort,sort-n40000,0.1,8,1351,686,0
sort,aging+sfreq+age+dirty+refaults,5,K+K+,sort-n40000-s3,test,sort,sort-n40000,0.1,8,1299,670,0
sort,aging+sfreq+age+dirty+rdist,5,K+K+,sort-n40000-s3,test,sort,sort-n40000,0.1,8,1464,736,0
sort,aging+sfreq+age+refaults+rdist,5,K+K+,sort-n40000-s3,test,sort,sort-n40000,0.1,8,1297,669,0
sort,aging+sfreq+dirty+refaults+rdist,5,K+K+,sort-n40000-s3,test,sort,sort-n40000,0.1,8,1424,727,0
sort,aging+idle+age+dirty+refaults,5,K+K+,sort-n40000-s3,test,sort,sort-n40000,0.1,8,1297,670,0
sort,aging+idle+age+dirty+rdist,5,K+K+,sort-n40000-s3,test,sort,sort-n40000,0.1,8,1474,725,0
sort,aging+idle+age+refaults+rdist,5,K+K+,sort-n40000-s3,test,sort,sort-n40000,0.1,8,1293,669,0
sort,aging+idle+dirty+refaults+rdist,5,K+K+,sort-n40000-s3,test,sort,sort-n40000,0.1,8,1262,666,0
sort,aging+age+dirty+refaults+rdist,5,K+K+,sort-n40000-s3,test,sort,sort-n40000,0.1,8,1275,669,0
sort,sfreq+idle+age+dirty+refaults,5,K+K+,sort-n40000-s3,test,sort,sort-n40000,0.1,8,1296,669,0
sort,sfreq+idle+age+dirty+rdist,5,K+K+,sort-n40000-s3,test,sort,sort-n40000,0.1,8,1470,732,0
sort,sfreq+idle+age+refaults+rdist,5,K+K+,sort-n40000-s3,test,sort,sort-n40000,0.1,8,1293,668,0
sort,sfreq+idle+dirty+refaults+rdist,5,K+K+,sort-n40000-s3,test,sort,sort-n40000,0.1,8,1288,668,0
sort,sfreq+age+dirty+refaults+rdist,5,K+K+,sort-n40000-s3,test,sort,sort-n40000,0.1,8,1304,670,0
sort,idle+age+dirty+refaults+rdist,5,K+K+,sort-n40000-s3,test,sort,sort-n40000,0.1,8,1293,670,0
sort,ref+aging+sfreq+idle+age+dirty,6,K,sort-n40000-s3,test,sort,sort-n40000,0.1,8,1420,729,0
sort,ref+aging+sfreq+idle+age+refaults,6,K+K+,sort-n40000-s3,test,sort,sort-n40000,0.1,8,1313,681,0
sort,ref+aging+sfreq+idle+age+rdist,6,K+K+,sort-n40000-s3,test,sort,sort-n40000,0.1,8,1445,726,0
sort,ref+aging+sfreq+idle+dirty+refaults,6,K+K+,sort-n40000-s3,test,sort,sort-n40000,0.1,8,1293,683,0
sort,ref+aging+sfreq+idle+dirty+rdist,6,K+K+,sort-n40000-s3,test,sort,sort-n40000,0.1,8,1465,758,0
sort,ref+aging+sfreq+idle+refaults+rdist,6,K+K+,sort-n40000-s3,test,sort,sort-n40000,0.1,8,1317,689,0
sort,ref+aging+sfreq+age+dirty+refaults,6,K+K+,sort-n40000-s3,test,sort,sort-n40000,0.1,8,1304,686,0
sort,ref+aging+sfreq+age+dirty+rdist,6,K+K+,sort-n40000-s3,test,sort,sort-n40000,0.1,8,1486,746,0
sort,ref+aging+sfreq+age+refaults+rdist,6,K+K+,sort-n40000-s3,test,sort,sort-n40000,0.1,8,1307,674,0
sort,ref+aging+sfreq+dirty+refaults+rdist,6,K+K+,sort-n40000-s3,test,sort,sort-n40000,0.1,8,1293,683,0
sort,ref+aging+idle+age+dirty+refaults,6,K+K+,sort-n40000-s3,test,sort,sort-n40000,0.1,8,1324,699,0
sort,ref+aging+idle+age+dirty+rdist,6,K+K+,sort-n40000-s3,test,sort,sort-n40000,0.1,8,1472,750,0
sort,ref+aging+idle+age+refaults+rdist,6,K+K+,sort-n40000-s3,test,sort,sort-n40000,0.1,8,1329,693,0
sort,ref+aging+idle+dirty+refaults+rdist,6,K+K+,sort-n40000-s3,test,sort,sort-n40000,0.1,8,1248,660,0
sort,ref+aging+age+dirty+refaults+rdist,6,K+K+,sort-n40000-s3,test,sort,sort-n40000,0.1,8,1277,669,0
sort,ref+sfreq+idle+age+dirty+refaults,6,K+K+,sort-n40000-s3,test,sort,sort-n40000,0.1,8,1296,669,0
sort,ref+sfreq+idle+age+dirty+rdist,6,K+K+,sort-n40000-s3,test,sort,sort-n40000,0.1,8,1455,722,0
sort,ref+sfreq+idle+age+refaults+rdist,6,K+K+,sort-n40000-s3,test,sort,sort-n40000,0.1,8,1295,668,0
sort,ref+sfreq+idle+dirty+refaults+rdist,6,K+K+,sort-n40000-s3,test,sort,sort-n40000,0.1,8,1289,668,0
sort,ref+sfreq+age+dirty+refaults+rdist,6,K+K+,sort-n40000-s3,test,sort,sort-n40000,0.1,8,1316,674,0
sort,ref+idle+age+dirty+refaults+rdist,6,K+K+,sort-n40000-s3,test,sort,sort-n40000,0.1,8,1294,670,0
sort,aging+sfreq+idle+age+dirty+refaults,6,K+K+,sort-n40000-s3,test,sort,sort-n40000,0.1,8,1316,674,0
sort,aging+sfreq+idle+age+dirty+rdist,6,K+K+,sort-n40000-s3,test,sort,sort-n40000,0.1,8,1481,743,0
sort,aging+sfreq+idle+age+refaults+rdist,6,K+K+,sort-n40000-s3,test,sort,sort-n40000,0.1,8,1318,673,0
sort,aging+sfreq+idle+dirty+refaults+rdist,6,K+K+,sort-n40000-s3,test,sort,sort-n40000,0.1,8,1342,687,0
sort,aging+sfreq+age+dirty+refaults+rdist,6,K+K+,sort-n40000-s3,test,sort,sort-n40000,0.1,8,1348,686,0
sort,aging+idle+age+dirty+refaults+rdist,6,K+K+,sort-n40000-s3,test,sort,sort-n40000,0.1,8,1310,674,0
sort,sfreq+idle+age+dirty+refaults+rdist,6,K+K+,sort-n40000-s3,test,sort,sort-n40000,0.1,8,1293,670,0
sort,ref+aging+sfreq+idle+age+dirty+refaults,7,K+K+,sort-n40000-s3,test,sort,sort-n40000,0.1,8,1314,694,0
sort,ref+aging+sfreq+idle+age+dirty+rdist,7,K+K+,sort-n40000-s3,test,sort,sort-n40000,0.1,8,1478,763,0
sort,ref+aging+sfreq+idle+age+refaults+rdist,7,K+K+,sort-n40000-s3,test,sort,sort-n40000,0.1,8,1298,682,0
sort,ref+aging+sfreq+idle+dirty+refaults+rdist,7,K+K+,sort-n40000-s3,test,sort,sort-n40000,0.1,8,1317,698,0
sort,ref+aging+sfreq+age+dirty+refaults+rdist,7,K+K+,sort-n40000-s3,test,sort,sort-n40000,0.1,8,1330,699,0
sort,ref+aging+idle+age+dirty+refaults+rdist,7,K+K+,sort-n40000-s3,test,sort,sort-n40000,0.1,8,1339,700,0
sort,ref+sfreq+idle+age+dirty+refaults+rdist,7,K+K+,sort-n40000-s3,test,sort,sort-n40000,0.1,8,1294,670,0
sort,aging+sfreq+idle+age+dirty+refaults+rdist,7,K+K+,sort-n40000-s3,test,sort,sort-n40000,0.1,8,1359,690,0
sort,ref+aging+sfreq+idle+age+dirty+refaults+rdist,8,K+K+,sort-n40000-s3,test,sort,sort-n40000,0.1,8,1370,709,0
sort,rec+ref+aging+sfreq+idle+age+dirty,7,F+K,sort-n40000-s3,test,sort,sort-n40000,0.1,8,1279,669,0
sort,rec+ref+aging+sfreq+idle+age+dirty+refaults+rdist,9,F+K+K+,sort-n40000-s3,test,sort,sort-n40000,0.1,8,1275,669,0
sort,freq+ref+aging+sfreq+idle+age+dirty,7,F+K,sort-n40000-s3,test,sort,sort-n40000,0.1,8,1386,714,0
sort,freq+ref+aging+sfreq+idle+age+dirty+refaults+rdist,9,F+K+K+,sort-n40000-s3,test,sort,sort-n40000,0.1,8,1389,725,0
sort,sd+ref+aging+sfreq+idle+age+dirty,7,F+K,sort-n40000-s3,test,sort,sort-n40000,0.1,8,1244,661,0
sort,sd+ref+aging+sfreq+idle+age+dirty+refaults+rdist,9,F+K+K+,sort-n40000-s3,test,sort,sort-n40000,0.1,8,1246,661,0
sort,wr+ref+aging+sfreq+idle+age+dirty,7,F+K,sort-n40000-s3,test,sort,sort-n40000,0.1,8,1420,729,0
sort,wr+ref+aging+sfreq+idle+age+dirty+refaults+rdist,9,F+K+K+,sort-n40000-s3,test,sort,sort-n40000,0.1,8,1376,713,0
sort,rec+freq+ref+aging+sfreq+idle+age+dirty,8,F+K,sort-n40000-s3,test,sort,sort-n40000,0.1,8,1279,669,0
sort,rec+freq+ref+aging+sfreq+idle+age+dirty+refaults+rdist,10,F+K+K+,sort-n40000-s3,test,sort,sort-n40000,0.1,8,1275,669,0
sort,rec+sd+ref+aging+sfreq+idle+age+dirty,8,F+K,sort-n40000-s3,test,sort,sort-n40000,0.1,8,1269,670,0
sort,rec+sd+ref+aging+sfreq+idle+age+dirty+refaults+rdist,10,F+K+K+,sort-n40000-s3,test,sort,sort-n40000,0.1,8,1269,669,0
sort,rec+wr+ref+aging+sfreq+idle+age+dirty,8,F+K,sort-n40000-s3,test,sort,sort-n40000,0.1,8,1279,669,0
sort,rec+wr+ref+aging+sfreq+idle+age+dirty+refaults+rdist,10,F+K+K+,sort-n40000-s3,test,sort,sort-n40000,0.1,8,1275,669,0
sort,freq+sd+ref+aging+sfreq+idle+age+dirty,8,F+K,sort-n40000-s3,test,sort,sort-n40000,0.1,8,1249,665,0
sort,freq+sd+ref+aging+sfreq+idle+age+dirty+refaults+rdist,10,F+K+K+,sort-n40000-s3,test,sort,sort-n40000,0.1,8,1236,654,0
sort,freq+wr+ref+aging+sfreq+idle+age+dirty,8,F+K,sort-n40000-s3,test,sort,sort-n40000,0.1,8,1408,719,0
sort,freq+wr+ref+aging+sfreq+idle+age+dirty+refaults+rdist,10,F+K+K+,sort-n40000-s3,test,sort,sort-n40000,0.1,8,1415,730,0
sort,sd+wr+ref+aging+sfreq+idle+age+dirty,8,F+K,sort-n40000-s3,test,sort,sort-n40000,0.1,8,1244,661,0
sort,sd+wr+ref+aging+sfreq+idle+age+dirty+refaults+rdist,10,F+K+K+,sort-n40000-s3,test,sort,sort-n40000,0.1,8,1246,661,0
sort,rec+freq+sd+ref+aging+sfreq+idle+age+dirty,9,F+K,sort-n40000-s3,test,sort,sort-n40000,0.1,8,1276,669,0
sort,rec+freq+sd+ref+aging+sfreq+idle+age+dirty+refaults+rdist,11,F+K+K+,sort-n40000-s3,test,sort,sort-n40000,0.1,8,1277,669,0
sort,rec+freq+wr+ref+aging+sfreq+idle+age+dirty,9,F+K,sort-n40000-s3,test,sort,sort-n40000,0.1,8,1279,669,0
sort,rec+freq+wr+ref+aging+sfreq+idle+age+dirty+refaults+rdist,11,F+K+K+,sort-n40000-s3,test,sort,sort-n40000,0.1,8,1275,669,0
sort,rec+sd+wr+ref+aging+sfreq+idle+age+dirty,9,F+K,sort-n40000-s3,test,sort,sort-n40000,0.1,8,1269,670,0
sort,rec+sd+wr+ref+aging+sfreq+idle+age+dirty+refaults+rdist,11,F+K+K+,sort-n40000-s3,test,sort,sort-n40000,0.1,8,1269,669,0
sort,freq+sd+wr+ref+aging+sfreq+idle+age+dirty,9,F+K,sort-n40000-s3,test,sort,sort-n40000,0.1,8,1252,667,0
sort,freq+sd+wr+ref+aging+sfreq+idle+age+dirty+refaults+rdist,11,F+K+K+,sort-n40000-s3,test,sort,sort-n40000,0.1,8,1238,658,0
sort,rec+freq+sd+wr+ref+aging+sfreq+idle+age+dirty,10,F+K,sort-n40000-s3,test,sort,sort-n40000,0.1,8,1277,669,0
sort,rec+freq+sd+wr+ref+aging+sfreq+idle+age+dirty+refaults+rdist,12,F+K+K+,sort-n40000-s3,test,sort,sort-n40000,0.1,8,1277,669,0
global,rec,1,F,sort-n40000-s3,test,sort,sort-n40000,0.1,8,1268,669,0
global,freq,1,F,sort-n40000-s3,test,sort,sort-n40000,0.1,8,3808,1906,1
global,sd,1,F,sort-n40000-s3,test,sort,sort-n40000,0.1,8,1268,669,0
global,wr,1,F,sort-n40000-s3,test,sort,sort-n40000,0.1,8,3808,1951,1
global,rec+freq,2,F,sort-n40000-s3,test,sort,sort-n40000,0.1,8,1268,669,0
global,rec+sd,2,F,sort-n40000-s3,test,sort,sort-n40000,0.1,8,1268,669,0
global,rec+wr,2,F,sort-n40000-s3,test,sort,sort-n40000,0.1,8,1268,669,0
global,freq+sd,2,F,sort-n40000-s3,test,sort,sort-n40000,0.1,8,1268,669,0
global,freq+wr,2,F,sort-n40000-s3,test,sort,sort-n40000,0.1,8,3808,1909,1
global,sd+wr,2,F,sort-n40000-s3,test,sort,sort-n40000,0.1,8,1268,669,0
global,rec+freq+sd,3,F,sort-n40000-s3,test,sort,sort-n40000,0.1,8,1268,669,0
global,rec+freq+wr,3,F,sort-n40000-s3,test,sort,sort-n40000,0.1,8,1268,669,0
global,rec+sd+wr,3,F,sort-n40000-s3,test,sort,sort-n40000,0.1,8,1268,669,0
global,freq+sd+wr,3,F,sort-n40000-s3,test,sort,sort-n40000,0.1,8,1268,669,0
global,rec+freq+sd+wr,4,F,sort-n40000-s3,test,sort,sort-n40000,0.1,8,1268,669,0
global,ref,1,K,sort-n40000-s3,test,sort,sort-n40000,0.1,8,1268,668,0
global,aging,1,K,sort-n40000-s3,test,sort,sort-n40000,0.1,8,1268,669,0
global,sfreq,1,K,sort-n40000-s3,test,sort,sort-n40000,0.1,8,3808,1905,1
global,idle,1,K,sort-n40000-s3,test,sort,sort-n40000,0.1,8,1268,669,0
global,age,1,K,sort-n40000-s3,test,sort,sort-n40000,0.1,8,1275,669,0
global,dirty,1,K,sort-n40000-s3,test,sort,sort-n40000,0.1,8,1857,1260,0
global,refaults,1,K+,sort-n40000-s3,test,sort,sort-n40000,0.1,8,1307,685,0
global,rdist,1,K+,sort-n40000-s3,test,sort,sort-n40000,0.1,8,3808,1935,1
global,ref+aging,2,K,sort-n40000-s3,test,sort,sort-n40000,0.1,8,1268,669,0
global,ref+sfreq,2,K,sort-n40000-s3,test,sort,sort-n40000,0.1,8,3808,1438,1
global,ref+idle,2,K,sort-n40000-s3,test,sort,sort-n40000,0.1,8,1268,669,0
global,ref+age,2,K,sort-n40000-s3,test,sort,sort-n40000,0.1,8,1268,668,0
global,ref+dirty,2,K,sort-n40000-s3,test,sort,sort-n40000,0.1,8,1294,696,0
global,ref+refaults,2,K+K+,sort-n40000-s3,test,sort,sort-n40000,0.1,8,1268,669,0
global,ref+rdist,2,K+K+,sort-n40000-s3,test,sort,sort-n40000,0.1,8,1271,652,0
global,aging+sfreq,2,K,sort-n40000-s3,test,sort,sort-n40000,0.1,8,1268,669,0
global,aging+idle,2,K,sort-n40000-s3,test,sort,sort-n40000,0.1,8,1268,669,0
global,aging+age,2,K,sort-n40000-s3,test,sort,sort-n40000,0.1,8,1268,669,0
global,aging+dirty,2,K,sort-n40000-s3,test,sort,sort-n40000,0.1,8,1268,669,0
global,aging+refaults,2,K+K+,sort-n40000-s3,test,sort,sort-n40000,0.1,8,1268,669,0
global,aging+rdist,2,K+K+,sort-n40000-s3,test,sort,sort-n40000,0.1,8,1221,637,0
global,sfreq+idle,2,K,sort-n40000-s3,test,sort,sort-n40000,0.1,8,1268,669,0
global,sfreq+age,2,K,sort-n40000-s3,test,sort,sort-n40000,0.1,8,1268,669,0
global,sfreq+dirty,2,K,sort-n40000-s3,test,sort,sort-n40000,0.1,8,3808,1910,1
global,sfreq+refaults,2,K+K+,sort-n40000-s3,test,sort,sort-n40000,0.1,8,3808,1941,1
global,sfreq+rdist,2,K+K+,sort-n40000-s3,test,sort,sort-n40000,0.1,8,3808,1936,1
global,idle+age,2,K,sort-n40000-s3,test,sort,sort-n40000,0.1,8,1268,669,0
global,idle+dirty,2,K,sort-n40000-s3,test,sort,sort-n40000,0.1,8,1268,669,0
global,idle+refaults,2,K+K+,sort-n40000-s3,test,sort,sort-n40000,0.1,8,1268,669,0
global,idle+rdist,2,K+K+,sort-n40000-s3,test,sort,sort-n40000,0.1,8,2425,1233,0
global,age+dirty,2,K,sort-n40000-s3,test,sort,sort-n40000,0.1,8,1271,670,0
global,age+refaults,2,K+K+,sort-n40000-s3,test,sort,sort-n40000,0.1,8,3808,1922,1
global,age+rdist,2,K+K+,sort-n40000-s3,test,sort,sort-n40000,0.1,8,2497,1265,0
global,dirty+refaults,2,K+K+,sort-n40000-s3,test,sort,sort-n40000,0.1,8,3808,879,1
global,dirty+rdist,2,K+K+,sort-n40000-s3,test,sort,sort-n40000,0.1,8,3808,1951,1
global,refaults+rdist,2,K+,sort-n40000-s3,test,sort,sort-n40000,0.1,8,3808,1686,1
global,ref+aging+sfreq,3,K,sort-n40000-s3,test,sort,sort-n40000,0.1,8,1268,669,0
global,ref+aging+idle,3,K,sort-n40000-s3,test,sort,sort-n40000,0.1,8,1268,669,0
global,ref+aging+age,3,K,sort-n40000-s3,test,sort,sort-n40000,0.1,8,1268,669,0
global,ref+aging+dirty,3,K,sort-n40000-s3,test,sort,sort-n40000,0.1,8,1268,669,0
global,ref+aging+refaults,3,K+K+,sort-n40000-s3,test,sort,sort-n40000,0.1,8,1268,669,0
global,ref+aging+rdist,3,K+K+,sort-n40000-s3,test,sort,sort-n40000,0.1,8,1229,645,0
global,ref+sfreq+idle,3,K,sort-n40000-s3,test,sort,sort-n40000,0.1,8,1268,669,0
global,ref+sfreq+age,3,K,sort-n40000-s3,test,sort,sort-n40000,0.1,8,1268,670,0
global,ref+sfreq+dirty,3,K,sort-n40000-s3,test,sort,sort-n40000,0.1,8,3808,1441,1
global,ref+sfreq+refaults,3,K+K+,sort-n40000-s3,test,sort,sort-n40000,0.1,8,3808,1449,1
global,ref+sfreq+rdist,3,K+K+,sort-n40000-s3,test,sort,sort-n40000,0.1,8,3808,1406,1
global,ref+idle+age,3,K,sort-n40000-s3,test,sort,sort-n40000,0.1,8,1268,669,0
global,ref+idle+dirty,3,K,sort-n40000-s3,test,sort,sort-n40000,0.1,8,1268,669,0
global,ref+idle+refaults,3,K+K+,sort-n40000-s3,test,sort,sort-n40000,0.1,8,1268,669,0
global,ref+idle+rdist,3,K+K+,sort-n40000-s3,test,sort,sort-n40000,0.1,8,1223,639,0
global,ref+age+dirty,3,K,sort-n40000-s3,test,sort,sort-n40000,0.1,8,1268,670,0
global,ref+age+refaults,3,K+K+,sort-n40000-s3,test,sort,sort-n40000,0.1,8,3808,1433,1
global,ref+age+rdist,3,K+K+,sort-n40000-s3,test,sort,sort-n40000,0.1,8,1526,758,0
global,ref+dirty+refaults,3,K+K+,sort-n40000-s3,test,sort,sort-n40000,0.1,8,1291,666,0
global,ref+dirty+rdist,3,K+K+,sort-n40000-s3,test,sort,sort-n40000,0.1,8,1653,854,0
global,ref+refaults+rdist,3,K+K+,sort-n40000-s3,test,sort,sort-n40000,0.1,8,1380,723,0
global,aging+sfreq+idle,3,K,sort-n40000-s3,test,sort,sort-n40000,0.1,8,1268,669,0
global,aging+sfreq+age,3,K,sort-n40000-s3,test,sort,sort-n40000,0.1,8,1268,669,0
global,aging+sfreq+dirty,3,K,sort-n40000-s3,test,sort,sort-n40000,0.1,8,1267,669,0
global,aging+sfreq+refaults,3,K+K+,sort-n40000-s3,test,sort,sort-n40000,0.1,8,1264,668,0
global,aging+sfreq+rdist,3,K+K+,sort-n40000-s3,test,sort,sort-n40000,0.1,8,1218,638,0
global,aging+idle+age,3,K,sort-n40000-s3,test,sort,sort-n40000,0.1,8,1268,669,0
global,aging+idle+dirty,3,K,sort-n40000-s3,test,sort,sort-n40000,0.1,8,1268,669,0
global,aging+idle+refaults,3,K+K+,sort-n40000-s3,test,sort,sort-n40000,0.1,8,1268,669,0
global,aging+idle+rdist,3,K+K+,sort-n40000-s3,test,sort,sort-n40000,0.1,8,1221,636,0
global,aging+age+dirty,3,K,sort-n40000-s3,test,sort,sort-n40000,0.1,8,1268,669,0
global,aging+age+refaults,3,K+K+,sort-n40000-s3,test,sort,sort-n40000,0.1,8,1263,666,0
global,aging+age+rdist,3,K+K+,sort-n40000-s3,test,sort,sort-n40000,0.1,8,1234,655,0
global,aging+dirty+refaults,3,K+K+,sort-n40000-s3,test,sort,sort-n40000,0.1,8,1270,668,0
global,aging+dirty+rdist,3,K+K+,sort-n40000-s3,test,sort,sort-n40000,0.1,8,1235,655,0
global,aging+refaults+rdist,3,K+K+,sort-n40000-s3,test,sort,sort-n40000,0.1,8,1224,643,0
global,sfreq+idle+age,3,K,sort-n40000-s3,test,sort,sort-n40000,0.1,8,1268,669,0
global,sfreq+idle+dirty,3,K,sort-n40000-s3,test,sort,sort-n40000,0.1,8,1268,669,0
global,sfreq+idle+refaults,3,K+K+,sort-n40000-s3,test,sort,sort-n40000,0.1,8,1269,669,0
global,sfreq+idle+rdist,3,K+K+,sort-n40000-s3,test,sort,sort-n40000,0.1,8,2425,1233,0
global,sfreq+age+dirty,3,K,sort-n40000-s3,test,sort,sort-n40000,0.1,8,1268,670,0
global,sfreq+age+refaults,3,K+K+,sort-n40000-s3,test,sort,sort-n40000,0.1,8,1464,742,0
global,sfreq+age+rdist,3,K+K+,sort-n40000-s3,test,sort,sort-n40000,0.1,8,2428,1235,0
global,sfreq+dirty+refaults,3,K+K+,sort-n40000-s3,test,sort,sort-n40000,0.1,8,3808,1960,1
global,sfreq+dirty+rdist,3,K+K+,sort-n40000-s3,test,sort,sort-n40000,0.1,8,3808,1910,1
global,sfreq+refaults+rdist,3,K+K+,sort-n40000-s3,test,sort,sort-n40000,0.1,8,3808,1939,1
global,idle+age+dirty,3,K,sort-n40000-s3,test,sort,sort-n40000,0.1,8,1268,669,0
global,idle+age+refaults,3,K+K+,sort-n40000-s3,test,sort,sort-n40000,0.1,8,1268,669,0
global,idle+age+rdist,3,K+K+,sort-n40000-s3,test,sort,sort-n40000,0.1,8,2425,1233,0
global,idle+dirty+refaults,3,K+K+,sort-n40000-s3,test,sort,sort-n40000,0.1,8,1270,669,0
global,idle+dirty+rdist,3,K+K+,sort-n40000-s3,test,sort,sort-n40000,0.1,8,2424,1233,0
global,idle+refaults+rdist,3,K+K+,sort-n40000-s3,test,sort,sort-n40000,0.1,8,2427,1233,0
global,age+dirty+refaults,3,K+K+,sort-n40000-s3,test,sort,sort-n40000,0.1,8,3808,1922,1
global,age+dirty+rdist,3,K+K+,sort-n40000-s3,test,sort,sort-n40000,0.1,8,3446,2029,0
global,age+refaults+rdist,3,K+K+,sort-n40000-s3,test,sort,sort-n40000,0.1,8,3808,1914,1
global,dirty+refaults+rdist,3,K+K+,sort-n40000-s3,test,sort,sort-n40000,0.1,8,3808,2011,1
global,ref+aging+sfreq+idle,4,K,sort-n40000-s3,test,sort,sort-n40000,0.1,8,1268,669,0
global,ref+aging+sfreq+age,4,K,sort-n40000-s3,test,sort,sort-n40000,0.1,8,1268,669,0
global,ref+aging+sfreq+dirty,4,K,sort-n40000-s3,test,sort,sort-n40000,0.1,8,1268,669,0
global,ref+aging+sfreq+refaults,4,K+K+,sort-n40000-s3,test,sort,sort-n40000,0.1,8,1266,669,0
global,ref+aging+sfreq+rdist,4,K+K+,sort-n40000-s3,test,sort,sort-n40000,0.1,8,1227,643,0
global,ref+aging+idle+age,4,K,sort-n40000-s3,test,sort,sort-n40000,0.1,8,1268,669,0
global,ref+aging+idle+dirty,4,K,sort-n40000-s3,test,sort,sort-n40000,0.1,8,1268,669,0
global,ref+aging+idle+refaults,4,K+K+,sort-n40000-s3,test,sort,sort-n40000,0.1,8,1268,669,0
global,ref+aging+idle+rdist,4,K+K+,sort-n40000-s3,test,sort,sort-n40000,0.1,8,1226,642,0
global,ref+aging+age+dirty,4,K,sort-n40000-s3,test,sort,sort-n40000,0.1,8,1268,669,0
global,ref+aging+age+refaults,4,K+K+,sort-n40000-s3,test,sort,sort-n40000,0.1,8,1267,668,0
global,ref+aging+age+rdist,4,K+K+,sort-n40000-s3,test,sort,sort-n40000,0.1,8,1226,641,0
global,ref+aging+dirty+refaults,4,K+K+,sort-n40000-s3,test,sort,sort-n40000,0.1,8,1270,668,0
global,ref+aging+dirty+rdist,4,K+K+,sort-n40000-s3,test,sort,sort-n40000,0.1,8,1230,645,0
global,ref+aging+refaults+rdist,4,K+K+,sort-n40000-s3,test,sort,sort-n40000,0.1,8,1222,642,0
global,ref+sfreq+idle+age,4,K,sort-n40000-s3,test,sort,sort-n40000,0.1,8,1268,669,0
global,ref+sfreq+idle+dirty,4,K,sort-n40000-s3,test,sort,sort-n40000,0.1,8,1268,669,0
global,ref+sfreq+idle+refaults,4,K+K+,sort-n40000-s3,test,sort,sort-n40000,0.1,8,1322,695,0
global,ref+sfreq+idle+rdist,4,K+K+,sort-n40000-s3,test,sort,sort-n40000,0.1,8,1245,661,0
global,ref+sfreq+age+dirty,4,K,sort-n40000-s3,test,sort,sort-n40000,0.1,8,1269,671,0
global,ref+sfreq+age+refaults,4,K+K+,sort-n40000-s3,test,sort,sort-n40000,0.1,8,1624,791,0
global,ref+sfreq+age+rdist,4,K+K+,sort-n40000-s3,test,sort,sort-n40000,0.1,8,1231,643,0
global,ref+sfreq+dirty+refaults,4,K+K+,sort-n40000-s3,test,sort,sort-n40000,0.1,8,3808,1457,1
global,ref+sfreq+dirty+rdist,4,K+K+,sort-n40000-s3,test,sort,sort-n40000,0.1,8,3808,1427,1
global,ref+sfreq+refaults+rdist,4,K+K+,sort-n40000-s3,test,sort,sort-n40000,0.1,8,3808,1441,1
global,ref+idle+age+dirty,4,K,sort-n40000-s3,test,sort,sort-n40000,0.1,8,1268,669,0
global,ref+idle+age+refaults,4,K+K+,sort-n40000-s3,test,sort,sort-n40000,0.1,8,1269,669,0
global,ref+idle+age+rdist,4,K+K+,sort-n40000-s3,test,sort,sort-n40000,0.1,8,1245,657,0
global,ref+idle+dirty+refaults,4,K+K+,sort-n40000-s3,test,sort,sort-n40000,0.1,8,1270,668,0
global,ref+idle+dirty+rdist,4,K+K+,sort-n40000-s3,test,sort,sort-n40000,0.1,8,1248,668,0
global,ref+idle+refaults+rdist,4,K+K+,sort-n40000-s3,test,sort,sort-n40000,0.1,8,1229,642,0
global,ref+age+dirty+refaults,4,K+K+,sort-n40000-s3,test,sort,sort-n40000,0.1,8,3808,1437,1
global,ref+age+dirty+rdist,4,K+K+,sort-n40000-s3,test,sort,sort-n40000,0.1,8,1554,813,0
global,ref+age+refaults+rdist,4,K+K+,sort-n40000-s3,test,sort,sort-n40000,0.1,8,3808,1409,1
global,ref+dirty+refaults+rdist,4,K+K+,sort-n40000-s3,test,sort,sort-n40000,0.1,8,2518,1266,0
global,aging+sfreq+idle+age,4,K,sort-n40000-s3,test,sort,sort-n40000,0.1,8,1268,669,0
global,aging+sfreq+idle+dirty,4,K,sort-n40000-s3,test,sort,sort-n40000,0.1,8,1268,669,0
global,aging+sfreq+idle+refaults,4,K+K+,sort-n40000-s3,test,sort,sort-n40000,0.1,8,1267,669,0
global,aging+sfreq+idle+rdist,4,K+K+,sort-n40000-s3,test,sort,sort-n40000,0.1,8,1218,638,0
global,aging+sfreq+age+dirty,4,K,sort-n40000-s3,test,sort,sort-n40000,0.1,8,1267,669,0
global,aging+sfreq+age+refaults,4,K+K+,sort-n40000-s3,test,sort,sort-n40000,0.1,8,1262,666,0
global,aging+sfreq+age+rdist,4,K+K+,sort-n40000-s3,test,sort,sort-n40000,0.1,8,1227,646,0
global,aging+sfreq+dirty+refaults,4,K+K+,sort-n40000-s3,test,sort,sort-n40000,0.1,8,1266,669,0
global,aging+sfreq+dirty+rdist,4,K+K+,sort-n40000-s3,test,sort,sort-n40000,0.1,8,1234,653,0
global,aging+sfreq+refaults+rdist,4,K+K+,sort-n40000-s3,test,sort,sort-n40000,0.1,8,1230,647,0
global,aging+idle+age+dirty,4,K,sort-n40000-s3,test,sort,sort-n40000,0.1,8,1268,669,0
global,aging+idle+age+refaults,4,K+K+,sort-n40000-s3,test,sort,sort-n40000,0.1,8,1269,669,0
global,aging+idle+age+rdist,4,K+K+,sort-n40000-s3,test,sort,sort-n40000,0.1,8,1235,655,0
global,aging+idle+dirty+refaults,4,K+K+,sort-n40000-s3,test,sort,sort-n40000,0.1,8,1270,668,0
global,aging+idle+dirty+rdist,4,K+K+,sort-n40000-s3,test,sort,sort-n40000,0.1,8,1234,654,0
global,aging+idle+refaults+rdist,4,K+K+,sort-n40000-s3,test,sort,sort-n40000,0.1,8,1223,642,0
global,aging+age+dirty+refaults,4,K+K+,sort-n40000-s3,test,sort,sort-n40000,0.1,8,1253,661,0
global,aging+age+dirty+rdist,4,K+K+,sort-n40000-s3,test,sort,sort-n40000,0.1,8,1235,655,0
global,aging+age+refaults+rdist,4,K+K+,sort-n40000-s3,test,sort,sort-n40000,0.1,8,1239,656,0
global,aging+dirty+refaults+rdist,4,K+K+,sort-n40000-s3,test,sort,sort-n40000,0.1,8,1224,644,0
global,sfreq+idle+age+dirty,4,K,sort-n40000-s3,test,sort,sort-n40000,0.1,8,1268,669,0
global,sfreq+idle+age+refaults,4,K+K+,sort-n40000-s3,test,sort,sort-n40000,0.1,8,1268,669,0
global,sfreq+idle+age+rdist,4,K+K+,sort-n40000-s3,test,sort,sort-n40000,0.1,8,2427,1233,0
global,sfreq+idle+dirty+refaults,4,K+K+,sort-n40000-s3,test,sort,sort-n40000,0.1,8,1271,673,0
global,sfreq+idle+dirty+rdist,4,K+K+,sort-n40000-s3,test,sort,sort-n40000,0.1,8,2423,1233,0
global,sfreq+idle+refaults+rdist,4,K+K+,sort-n40000-s3,test,sort,sort-n40000,0.1,8,2429,1235,0
global,sfreq+age+dirty+refaults,4,K+K+,sort-n40000-s3,test,sort,sort-n40000,0.1,8,1839,1007,0
global,sfreq+age+dirty+rdist,4,K+K+,sort-n40000-s3,test,sort,sort-n40000,0.1,8,2459,1267,0
global,sfreq+age+refaults+rdist,4,K+K+,sort-n40000-s3,test,sort,sort-n40000,0.1,8,3808,1646,1
global,sfreq+dirty+refaults+rdist,4,K+K+,sort-n40000-s3,test,sort,sort-n40000,0.1,8,3808,1965,1
global,idle+age+dirty+refaults,4,K+K+,sort-n40000-s3,test,sort,sort-n40000,0.1,8,1268,669,0
global,idle+age+dirty+rdist,4,K+K+,sort-n40000-s3,test,sort,sort-n40000,0.1,8,2422,1232,0
global,idle+age+refaults+rdist,4,K+K+,sort-n40000-s3,test,sort,sort-n40000,0.1,8,2427,1233,0
global,idle+dirty+refaults+rdist,4,K+K+,sort-n40000-s3,test,sort,sort-n40000,0.1,8,2427,1233,0
global,age+dirty+refaults+rdist,4,K+K+,sort-n40000-s3,test,sort,sort-n40000,0.1,8,3808,1935,1
global,ref+aging+sfreq+idle+age,5,K,sort-n40000-s3,test,sort,sort-n40000,0.1,8,1268,669,0
global,ref+aging+sfreq+idle+dirty,5,K,sort-n40000-s3,test,sort,sort-n40000,0.1,8,1268,669,0
global,ref+aging+sfreq+idle+refaults,5,K+K+,sort-n40000-s3,test,sort,sort-n40000,0.1,8,1265,668,0
global,ref+aging+sfreq+idle+rdist,5,K+K+,sort-n40000-s3,test,sort,sort-n40000,0.1,8,1227,643,0
global,ref+aging+sfreq+age+dirty,5,K,sort-n40000-s3,test,sort,sort-n40000,0.1,8,1268,669,0
global,ref+aging+sfreq+age+refaults,5,K+K+,sort-n40000-s3,test,sort,sort-n40000,0.1,8,1267,668,0
global,ref+aging+sfreq+age+rdist,5,K+K+,sort-n40000-s3,test,sort,sort-n40000,0.1,8,1239,649,0
global,ref+aging+sfreq+dirty+refaults,5,K+K+,sort-n40000-s3,test,sort,sort-n40000,0.1,8,1268,670,0
global,ref+aging+sfreq+dirty+rdist,5,K+K+,sort-n40000-s3,test,sort,sort-n40000,0.1,8,1231,644,0
global,ref+aging+sfreq+refaults+rdist,5,K+K+,sort-n40000-s3,test,sort,sort-n40000,0.1,8,1231,649,0
global,ref+aging+idle+age+dirty,5,K,sort-n40000-s3,test,sort,sort-n40000,0.1,8,1268,669,0
global,ref+aging+idle+age+refaults,5,K+K+,sort-n40000-s3,test,sort,sort-n40000,0.1,8,1268,669,0
global,ref+aging+idle+age+rdist,5,K+K+,sort-n40000-s3,test,sort,sort-n40000,0.1,8,1226,641,0
global,ref+aging+idle+dirty+refaults,5,K+K+,sort-n40000-s3,test,sort,sort-n40000,0.1,8,1270,668,0
global,ref+aging+idle+dirty+rdist,5,K+K+,sort-n40000-s3,test,sort,sort-n40000,0.1,8,1230,645,0
global,ref+aging+idle+refaults+rdist,5,K+K+,sort-n40000-s3,test,sort,sort-n40000,0.1,8,1223,642,0
global,ref+aging+age+dirty+refaults,5,K+K+,sort-n40000-s3,test,sort,sort-n40000,0.1,8,1267,668,0
global,ref+aging+age+dirty+rdist,5,K+K+,sort-n40000-s3,test,sort,sort-n40000,0.1,8,1226,642,0
global,ref+aging+age+refaults+rdist,5,K+K+,sort-n40000-s3,test,sort,sort-n40000,0.1,8,1224,641,0
global,ref+aging+dirty+refaults+rdist,5,K+K+,sort-n40000-s3,test,sort,sort-n40000,0.1,8,1221,642,0
global,ref+sfreq+idle+age+dirty,5,K,sort-n40000-s3,test,sort,sort-n40000,0.1,8,1268,669,0
global,ref+sfreq+idle+age+refaults,5,K+K+,sort-n40000-s3,test,sort,sort-n40000,0.1,8,1269,669,0
global,ref+sfreq+idle+age+rdist,5,K+K+,sort-n40000-s3,test,sort,sort-n40000,0.1,8,1221,634,0
global,ref+sfreq+idle+dirty+refaults,5,K+K+,sort-n40000-s3,test,sort,sort-n40000,0.1,8,1306,692,0
global,ref+sfreq+idle+dirty+rdist,5,K+K+,sort-n40000-s3,test,sort,sort-n40000,0.1,8,1249,668,0
global,ref+sfreq+idle+refaults+rdist,5,K+K+,sort-n40000-s3,test,sort,sort-n40000,0.1,8,2995,1270,0
global,ref+sfreq+age+dirty+refaults,5,K+K+,sort-n40000-s3,test,sort,sort-n40000,0.1,8,2023,935,0
global,ref+sfreq+age+dirty+rdist,5,K+K+,sort-n40000-s3,test,sort,sort-n40000,0.1,8,1697,884,0
global,ref+sfreq+age+refaults+rdist,5,K+K+,sort-n40000-s3,test,sort,sort-n40000,0.1,8,3808,1438,1
global,ref+sfreq+dirty+refaults+rdist,5,K+K+,sort-n40000-s3,test,sort,sort-n40000,0.1,8,3808,1450,1
global,ref+idle+age+dirty+refaults,5,K+K+,sort-n40000-s3,test,sort,sort-n40000,0.1,8,1269,670,0
global,ref+idle+age+dirty+rdist,5,K+K+,sort-n40000-s3,test,sort,sort-n40000,0.1,8,1246,664,0
global,ref+idle+age+refaults+rdist,5,K+K+,sort-n40000-s3,test,sort,sort-n40000,0.1,8,1421,708,0
global,ref+idle+dirty+refaults+rdist,5,K+K+,sort-n40000-s3,test,sort,sort-n40000,0.1,8,1241,660,0
global,ref+age+dirty+refaults+rdist,5,K+K+,sort-n40000-s3,test,sort,sort-n40000,0.1,8,3808,1452,1
global,aging+sfreq+idle+age+dirty,5,K,sort-n40000-s3,test,sort,sort-n40000,0.1,8,1268,669,0
global,aging+sfreq+idle+age+refaults,5,K+K+,sort-n40000-s3,test,sort,sort-n40000,0.1,8,1269,669,0
global,aging+sfreq+idle+age+rdist,5,K+K+,sort-n40000-s3,test,sort,sort-n40000,0.1,8,1218,636,0
global,aging+sfreq+idle+dirty+refaults,5,K+K+,sort-n40000-s3,test,sort,sort-n40000,0.1,8,1267,669,0
global,aging+sfreq+idle+dirty+rdist,5,K+K+,sort-n40000-s3,test,sort,sort-n40000,0.1,8,1231,651,0
global,aging+sfreq+idle+refaults+rdist,5,K+K+,sort-n40000-s3,test,sort,sort-n40000,0.1,8,1228,646,0
global,aging+sfreq+age+dirty+refaults,5,K+K+,sort-n40000-s3,test,sort,sort-n40000,0.1,8,1262,666,0
global,aging+sfreq+age+dirty+rdist,5,K+K+,sort-n40000-s3,test,sort,sort-n40000,0.1,8,1233,653,0
global,aging+sfreq+age+refaults+rdist,5,K+K+,sort-n40000-s3,test,sort,sort-n40000,0.1,8,1240,656,0
global,aging+sfreq+dirty+refaults+rdist,5,K+K+,sort-n40000-s3,test,sort,sort-n40000,0.1,8,1228,648,0
global,aging+idle+age+dirty+refaults,5,K+K+,sort-n40000-s3,test,sort,sort-n40000,0.1,8,1269,669,0
global,aging+idle+age+dirty+rdist,5,K+K+,sort-n40000-s3,test,sort,sort-n40000,0.1,8,1234,654,0
global,aging+idle+age+refaults+rdist,5,K+K+,sort-n40000-s3,test,sort,sort-n40000,0.1,8,1240,656,0
global,aging+idle+dirty+refaults+rdist,5,K+K+,sort-n40000-s3,test,sort,sort-n40000,0.1,8,1221,642,0
global,aging+age+dirty+refaults+rdist,5,K+K+,sort-n40000-s3,test,sort,sort-n40000,0.1,8,1237,653,0
global,sfreq+idle+age+dirty+refaults,5,K+K+,sort-n40000-s3,test,sort,sort-n40000,0.1,8,1268,669,0
global,sfreq+idle+age+dirty+rdist,5,K+K+,sort-n40000-s3,test,sort,sort-n40000,0.1,8,2417,1232,0
global,sfreq+idle+age+refaults+rdist,5,K+K+,sort-n40000-s3,test,sort,sort-n40000,0.1,8,2427,1233,0
global,sfreq+idle+dirty+refaults+rdist,5,K+K+,sort-n40000-s3,test,sort,sort-n40000,0.1,8,2454,1262,0
global,sfreq+age+dirty+refaults+rdist,5,K+K+,sort-n40000-s3,test,sort,sort-n40000,0.1,8,3808,1988,1
global,idle+age+dirty+refaults+rdist,5,K+K+,sort-n40000-s3,test,sort,sort-n40000,0.1,8,2426,1234,0
global,ref+aging+sfreq+idle+age+dirty,6,K,sort-n40000-s3,test,sort,sort-n40000,0.1,8,1268,669,0
global,ref+aging+sfreq+idle+age+refaults,6,K+K+,sort-n40000-s3,test,sort,sort-n40000,0.1,8,1268,669,0
global,ref+aging+sfreq+idle+age+rdist,6,K+K+,sort-n40000-s3,test,sort,sort-n40000,0.1,8,1226,642,0
global,ref+aging+sfreq+idle+dirty+refaults,6,K+K+,sort-n40000-s3,test,sort,sort-n40000,0.1,8,1265,669,0
global,ref+aging+sfreq+idle+dirty+rdist,6,K+K+,sort-n40000-s3,test,sort,sort-n40000,0.1,8,1227,642,0
global,ref+aging+sfreq+idle+refaults+rdist,6,K+K+,sort-n40000-s3,test,sort,sort-n40000,0.1,8,1232,648,0
global,ref+aging+sfreq+age+dirty+refaults,6,K+K+,sort-n40000-s3,test,sort,sort-n40000,0.1,8,1262,666,0
global,ref+aging+sfreq+age+dirty+rdist,6,K+K+,sort-n40000-s3,test,sort,sort-n40000,0.1,8,1223,639,0
global,ref+aging+sfreq+age+refaults+rdist,6,K+K+,sort-n40000-s3,test,sort,sort-n40000,0.1,8,1224,641,0
global,ref+aging+sfreq+dirty+refaults+rdist,6,K+K+,sort-n40000-s3,test,sort,sort-n40000,0.1,8,1235,652,0
global,ref+aging+idle+age+dirty+refaults,6,K+K+,sort-n40000-s3,test,sort,sort-n40000,0.1,8,1268,669,0
global,ref+aging+idle+age+dirty+rdist,6,K+K+,sort-n40000-s3,test,sort,sort-n40000,0.1,8,1226,642,0
global,ref+aging+idle+age+refaults+rdist,6,K+K+,sort-n40000-s3,test,sort,sort-n40000,0.1,8,1226,641,0
global,ref+aging+idle+dirty+refaults+rdist,6,K+K+,sort-n40000-s3,test,sort,sort-n40000,0.1,8,1221,642,0
global,ref+aging+age+dirty+refaults+rdist,6,K+K+,sort-n40000-s3,test,sort,sort-n40000,0.1,8,1223,639,0
global,ref+sfreq+idle+age+dirty+refaults,6,K+K+,sort-n40000-s3,test,sort,sort-n40000,0.1,8,1272,674,0
global,ref+sfreq+idle+age+dirty+rdist,6,K+K+,sort-n40000-s3,test,sort,sort-n40000,0.1,8,1251,669,0
global,ref+sfreq+idle+age+refaults+rdist,6,K+K+,sort-n40000-s3,test,sort,sort-n40000,0.1,8,1350,684,0
global,ref+sfreq+idle+dirty+refaults+rdist,6,K+K+,sort-n40000-s3,test,sort,sort-n40000,0.1,8,3006,1288,0
global,ref+sfreq+age+dirty+refaults+rdist,6,K+K+,sort-n40000-s3,test,sort,sort-n40000,0.1,8,3808,1446,1
global,ref+idle+age+dirty+refaults+rdist,6,K+K+,sort-n40000-s3,test,sort,sort-n40000,0.1,8,1416,739,0
global,aging+sfreq+idle+age+dirty+refaults,6,K+K+,sort-n40000-s3,test,sort,sort-n40000,0.1,8,1269,669,0
global,aging+sfreq+idle+age+dirty+rdist,6,K+K+,sort-n40000-s3,test,sort,sort-n40000,0.1,8,1238,655,0
global,aging+sfreq+idle+age+refaults+rdist,6,K+K+,sort-n40000-s3,test,sort,sort-n40000,0.1,8,1241,659,0
global,aging+sfreq+idle+dirty+refaults+rdist,6,K+K+,sort-n40000-s3,test,sort,sort-n40000,0.1,8,1225,643,0
global,aging+sfreq+age+dirty+refaults+rdist,6,K+K+,sort-n40000-s3,test,sort,sort-n40000,0.1,8,1241,655,0
global,aging+idle+age+dirty+refaults+rdist,6,K+K+,sort-n40000-s3,test,sort,sort-n40000,0.1,8,1238,654,0
global,sfreq+idle+age+dirty+refaults+rdist,6,K+K+,sort-n40000-s3,test,sort,sort-n40000,0.1,8,2426,1234,0
global,ref+aging+sfreq+idle+age+dirty+refaults,7,K+K+,sort-n40000-s3,test,sort,sort-n40000,0.1,8,1268,669,0
global,ref+aging+sfreq+idle+age+dirty+rdist,7,K+K+,sort-n40000-s3,test,sort,sort-n40000,0.1,8,1225,641,0
global,ref+aging+sfreq+idle+age+refaults+rdist,7,K+K+,sort-n40000-s3,test,sort,sort-n40000,0.1,8,1226,642,0
global,ref+aging+sfreq+idle+dirty+refaults+rdist,7,K+K+,sort-n40000-s3,test,sort,sort-n40000,0.1,8,1230,647,0
global,ref+aging+sfreq+age+dirty+refaults+rdist,7,K+K+,sort-n40000-s3,test,sort,sort-n40000,0.1,8,1223,639,0
global,ref+aging+idle+age+dirty+refaults+rdist,7,K+K+,sort-n40000-s3,test,sort,sort-n40000,0.1,8,1233,646,0
global,ref+sfreq+idle+age+dirty+refaults+rdist,7,K+K+,sort-n40000-s3,test,sort,sort-n40000,0.1,8,1417,737,0
global,aging+sfreq+idle+age+dirty+refaults+rdist,7,K+K+,sort-n40000-s3,test,sort,sort-n40000,0.1,8,1238,656,0
global,ref+aging+sfreq+idle+age+dirty+refaults+rdist,8,K+K+,sort-n40000-s3,test,sort,sort-n40000,0.1,8,1232,644,0
global,rec+ref+aging+sfreq+idle+age+dirty,7,F+K,sort-n40000-s3,test,sort,sort-n40000,0.1,8,1268,669,0
global,rec+ref+aging+sfreq+idle+age+dirty+refaults+rdist,9,F+K+K+,sort-n40000-s3,test,sort,sort-n40000,0.1,8,1247,659,0
global,freq+ref+aging+sfreq+idle+age+dirty,7,F+K,sort-n40000-s3,test,sort,sort-n40000,0.1,8,1256,661,0
global,freq+ref+aging+sfreq+idle+age+dirty+refaults+rdist,9,F+K+K+,sort-n40000-s3,test,sort,sort-n40000,0.1,8,1236,651,0
global,sd+ref+aging+sfreq+idle+age+dirty,7,F+K,sort-n40000-s3,test,sort,sort-n40000,0.1,8,1268,669,0
global,sd+ref+aging+sfreq+idle+age+dirty+refaults+rdist,9,F+K+K+,sort-n40000-s3,test,sort,sort-n40000,0.1,8,1240,658,0
global,wr+ref+aging+sfreq+idle+age+dirty,7,F+K,sort-n40000-s3,test,sort,sort-n40000,0.1,8,1268,669,0
global,wr+ref+aging+sfreq+idle+age+dirty+refaults+rdist,9,F+K+K+,sort-n40000-s3,test,sort,sort-n40000,0.1,8,1231,644,0
global,rec+freq+ref+aging+sfreq+idle+age+dirty,8,F+K,sort-n40000-s3,test,sort,sort-n40000,0.1,8,1268,669,0
global,rec+freq+ref+aging+sfreq+idle+age+dirty+refaults+rdist,10,F+K+K+,sort-n40000-s3,test,sort,sort-n40000,0.1,8,1247,658,0
global,rec+sd+ref+aging+sfreq+idle+age+dirty,8,F+K,sort-n40000-s3,test,sort,sort-n40000,0.1,8,1268,669,0
global,rec+sd+ref+aging+sfreq+idle+age+dirty+refaults+rdist,10,F+K+K+,sort-n40000-s3,test,sort,sort-n40000,0.1,8,1244,657,0
global,rec+wr+ref+aging+sfreq+idle+age+dirty,8,F+K,sort-n40000-s3,test,sort,sort-n40000,0.1,8,1268,669,0
global,rec+wr+ref+aging+sfreq+idle+age+dirty+refaults+rdist,10,F+K+K+,sort-n40000-s3,test,sort,sort-n40000,0.1,8,1247,658,0
global,freq+sd+ref+aging+sfreq+idle+age+dirty,8,F+K,sort-n40000-s3,test,sort,sort-n40000,0.1,8,1255,660,0
global,freq+sd+ref+aging+sfreq+idle+age+dirty+refaults+rdist,10,F+K+K+,sort-n40000-s3,test,sort,sort-n40000,0.1,8,1230,646,0
global,freq+wr+ref+aging+sfreq+idle+age+dirty,8,F+K,sort-n40000-s3,test,sort,sort-n40000,0.1,8,1256,661,0
global,freq+wr+ref+aging+sfreq+idle+age+dirty+refaults+rdist,10,F+K+K+,sort-n40000-s3,test,sort,sort-n40000,0.1,8,1233,648,0
global,sd+wr+ref+aging+sfreq+idle+age+dirty,8,F+K,sort-n40000-s3,test,sort,sort-n40000,0.1,8,1267,669,0
global,sd+wr+ref+aging+sfreq+idle+age+dirty+refaults+rdist,10,F+K+K+,sort-n40000-s3,test,sort,sort-n40000,0.1,8,1240,658,0
global,rec+freq+sd+ref+aging+sfreq+idle+age+dirty,9,F+K,sort-n40000-s3,test,sort,sort-n40000,0.1,8,1268,669,0
global,rec+freq+sd+ref+aging+sfreq+idle+age+dirty+refaults+rdist,11,F+K+K+,sort-n40000-s3,test,sort,sort-n40000,0.1,8,1235,651,0
global,rec+freq+wr+ref+aging+sfreq+idle+age+dirty,9,F+K,sort-n40000-s3,test,sort,sort-n40000,0.1,8,1268,669,0
global,rec+freq+wr+ref+aging+sfreq+idle+age+dirty+refaults+rdist,11,F+K+K+,sort-n40000-s3,test,sort,sort-n40000,0.1,8,1247,658,0
global,rec+sd+wr+ref+aging+sfreq+idle+age+dirty,9,F+K,sort-n40000-s3,test,sort,sort-n40000,0.1,8,1268,669,0
global,rec+sd+wr+ref+aging+sfreq+idle+age+dirty+refaults+rdist,11,F+K+K+,sort-n40000-s3,test,sort,sort-n40000,0.1,8,1244,657,0
global,freq+sd+wr+ref+aging+sfreq+idle+age+dirty,9,F+K,sort-n40000-s3,test,sort,sort-n40000,0.1,8,1255,661,0
global,freq+sd+wr+ref+aging+sfreq+idle+age+dirty+refaults+rdist,11,F+K+K+,sort-n40000-s3,test,sort,sort-n40000,0.1,8,1231,645,0
global,rec+freq+sd+wr+ref+aging+sfreq+idle+age+dirty,10,F+K,sort-n40000-s3,test,sort,sort-n40000,0.1,8,1268,669,0
global,rec+freq+sd+wr+ref+aging+sfreq+idle+age+dirty+refaults+rdist,12,F+K+K+,sort-n40000-s3,test,sort,sort-n40000,0.1,8,1244,657,0
sort,rec,1,F,sort-n40000-s2,val,sort,sort-n40000,0.1,8,1268,669,0
sort,freq,1,F,sort-n40000-s2,val,sort,sort-n40000,0.1,8,3814,1909,1
sort,sd,1,F,sort-n40000-s2,val,sort,sort-n40000,0.1,8,1268,669,0
sort,wr,1,F,sort-n40000-s2,val,sort,sort-n40000,0.1,8,3814,1954,1
sort,rec+freq,2,F,sort-n40000-s2,val,sort,sort-n40000,0.1,8,1268,669,0
sort,rec+sd,2,F,sort-n40000-s2,val,sort,sort-n40000,0.1,8,1268,669,0
sort,rec+wr,2,F,sort-n40000-s2,val,sort,sort-n40000,0.1,8,1268,669,0
sort,freq+sd,2,F,sort-n40000-s2,val,sort,sort-n40000,0.1,8,1268,669,0
sort,freq+wr,2,F,sort-n40000-s2,val,sort,sort-n40000,0.1,8,3814,1907,1
sort,sd+wr,2,F,sort-n40000-s2,val,sort,sort-n40000,0.1,8,1268,669,0
sort,rec+freq+sd,3,F,sort-n40000-s2,val,sort,sort-n40000,0.1,8,1268,669,0
sort,rec+freq+wr,3,F,sort-n40000-s2,val,sort,sort-n40000,0.1,8,1268,669,0
sort,rec+sd+wr,3,F,sort-n40000-s2,val,sort,sort-n40000,0.1,8,1268,669,0
sort,freq+sd+wr,3,F,sort-n40000-s2,val,sort,sort-n40000,0.1,8,1268,669,0
sort,rec+freq+sd+wr,4,F,sort-n40000-s2,val,sort,sort-n40000,0.1,8,1268,669,0
sort,ref,1,K,sort-n40000-s2,val,sort,sort-n40000,0.1,8,1268,668,0
sort,aging,1,K,sort-n40000-s2,val,sort,sort-n40000,0.1,8,1268,669,0
sort,sfreq,1,K,sort-n40000-s2,val,sort,sort-n40000,0.1,8,3814,1461,1
sort,idle,1,K,sort-n40000-s2,val,sort,sort-n40000,0.1,8,1268,669,0
sort,age,1,K,sort-n40000-s2,val,sort,sort-n40000,0.1,8,1275,669,0
sort,dirty,1,K,sort-n40000-s2,val,sort,sort-n40000,0.1,8,1857,1260,0
sort,refaults,1,K+,sort-n40000-s2,val,sort,sort-n40000,0.1,8,1307,685,0
sort,rdist,1,K+,sort-n40000-s2,val,sort,sort-n40000,0.1,8,3814,1938,1
sort,ref+aging,2,K,sort-n40000-s2,val,sort,sort-n40000,0.1,8,1268,669,0
sort,ref+sfreq,2,K,sort-n40000-s2,val,sort,sort-n40000,0.1,8,3814,1461,1
sort,ref+idle,2,K,sort-n40000-s2,val,sort,sort-n40000,0.1,8,1268,669,0
sort,ref+age,2,K,sort-n40000-s2,val,sort,sort-n40000,0.1,8,1290,668,0
sort,ref+dirty,2,K,sort-n40000-s2,val,sort,sort-n40000,0.1,8,1294,696,0
sort,ref+refaults,2,K+K+,sort-n40000-s2,val,sort,sort-n40000,0.1,8,1268,669,0
sort,ref+rdist,2,K+K+,sort-n40000-s2,val,sort,sort-n40000,0.1,8,2412,1195,0
sort,aging+sfreq,2,K,sort-n40000-s2,val,sort,sort-n40000,0.1,8,1625,758,0
sort,aging+idle,2,K,sort-n40000-s2,val,sort,sort-n40000,0.1,8,1268,669,0
sort,aging+age,2,K,sort-n40000-s2,val,sort,sort-n40000,0.1,8,1302,669,0
sort,aging+dirty,2,K,sort-n40000-s2,val,sort,sort-n40000,0.1,8,1268,670,0
sort,aging+refaults,2,K+K+,sort-n40000-s2,val,sort,sort-n40000,0.1,8,1268,669,0
sort,aging+rdist,2,K+K+,sort-n40000-s2,val,sort,sort-n40000,0.1,8,2309,1170,0
sort,sfreq+idle,2,K,sort-n40000-s2,val,sort,sort-n40000,0.1,8,1373,683,0
sort,sfreq+age,2,K,sort-n40000-s2,val,sort,sort-n40000,0.1,8,1380,687,0
sort,sfreq+dirty,2,K,sort-n40000-s2,val,sort,sort-n40000,0.1,8,3814,1450,1
sort,sfreq+refaults,2,K+K+,sort-n40000-s2,val,sort,sort-n40000,0.1,8,3814,1479,1
sort,sfreq+rdist,2,K+K+,sort-n40000-s2,val,sort,sort-n40000,0.1,8,3814,1430,1
sort,idle+age,2,K,sort-n40000-s2,val,sort,sort-n40000,0.1,8,1373,679,0
sort,idle+dirty,2,K,sort-n40000-s2,val,sort,sort-n40000,0.1,8,1268,669,0
sort,idle+refaults,2,K+K+,sort-n40000-s2,val,sort,sort-n40000,0.1,8,1268,669,0
sort,idle+rdist,2,K+K+,sort-n40000-s2,val,sort,sort-n40000,0.1,8,1278,674,0
sort,age+dirty,2,K,sort-n40000-s2,val,sort,sort-n40000,0.1,8,1275,669,0
sort,age+refaults,2,K+K+,sort-n40000-s2,val,sort,sort-n40000,0.1,8,1275,669,0
sort,age+rdist,2,K+K+,sort-n40000-s2,val,sort,sort-n40000,0.1,8,1272,669,0
sort,dirty+refaults,2,K+K+,sort-n40000-s2,val,sort,sort-n40000,0.1,8,2966,1799,0
sort,dirty+rdist,2,K+K+,sort-n40000-s2,val,sort,sort-n40000,0.1,8,3814,1954,1
sort,refaults+rdist,2,K+,sort-n40000-s2,val,sort,sort-n40000,0.1,8,3600,1635,0
sort,ref+aging+sfreq,3,K,sort-n40000-s2,val,sort,sort-n40000,0.1,8,1446,698,0
sort,ref+aging+idle,3,K,sort-n40000-s2,val,sort,sort-n40000,0.1,8,1275,671,0
sort,ref+aging+age,3,K,sort-n40000-s2,val,sort,sort-n40000,0.1,8,1283,669,0
sort,ref+aging+dirty,3,K,sort-n40000-s2,val,sort,sort-n40000,0.1,8,1268,669,0
sort,ref+aging+refaults,3,K+K+,sort-n40000-s2,val,sort,sort-n40000,0.1,8,1268,669,0
sort,ref+aging+rdist,3,K+K+,sort-n40000-s2,val,sort,sort-n40000,0.1,8,2011,1015,0
sort,ref+sfreq+idle,3,K,sort-n40000-s2,val,sort,sort-n40000,0.1,8,1319,670,0
sort,ref+sfreq+age,3,K,sort-n40000-s2,val,sort,sort-n40000,0.1,8,1356,680,0
sort,ref+sfreq+dirty,3,K,sort-n40000-s2,val,sort,sort-n40000,0.1,8,3814,1455,1
sort,ref+sfreq+refaults,3,K+K+,sort-n40000-s2,val,sort,sort-n40000,0.1,8,2994,1214,0
sort,ref+sfreq+rdist,3,K+K+,sort-n40000-s2,val,sort,sort-n40000,0.1,8,3814,1464,1
sort,ref+idle+age,3,K,sort-n40000-s2,val,sort,sort-n40000,0.1,8,1374,680,0
sort,ref+idle+dirty,3,K,sort-n40000-s2,val,sort,sort-n40000,0.1,8,1268,669,0
sort,ref+idle+refaults,3,K+K+,sort-n40000-s2,val,sort,sort-n40000,0.1,8,1268,669,0
sort,ref+idle+rdist,3,K+K+,sort-n40000-s2,val,sort,sort-n40000,0.1,8,1277,673,0
sort,ref+age+dirty,3,K,sort-n40000-s2,val,sort,sort-n40000,0.1,8,1283,669,0
sort,ref+age+refaults,3,K+K+,sort-n40000-s2,val,sort,sort-n40000,0.1,8,1282,669,0
sort,ref+age+rdist,3,K+K+,sort-n40000-s2,val,sort,sort-n40000,0.1,8,1285,669,0
sort,ref+dirty+refaults,3,K+K+,sort-n40000-s2,val,sort,sort-n40000,0.1,8,1286,695,0
sort,ref+dirty+rdist,3,K+K+,sort-n40000-s2,val,sort,sort-n40000,0.1,8,2362,1186,0
sort,ref+refaults+rdist,3,K+K+,sort-n40000-s2,val,sort,sort-n40000,0.1,8,2540,1258,0
sort,aging+sfreq+idle,3,K,sort-n40000-s2,val,sort,sort-n40000,0.1,8,1430,696,0
sort,aging+sfreq+age,3,K,sort-n40000-s2,val,sort,sort-n40000,0.1,8,1380,687,0
sort,aging+sfreq+dirty,3,K,sort-n40000-s2,val,sort,sort-n40000,0.1,8,1561,760,0
sort,aging+sfreq+refaults,3,K+K+,sort-n40000-s2,val,sort,sort-n40000,0.1,8,1371,686,0
sort,aging+sfreq+rdist,3,K+K+,sort-n40000-s2,val,sort,sort-n40000,0.1,8,1498,740,0
sort,aging+idle+age,3,K,sort-n40000-s2,val,sort,sort-n40000,0.1,8,1373,679,0
sort,aging+idle+dirty,3,K,sort-n40000-s2,val,sort,sort-n40000,0.1,8,1268,669,0
sort,aging+idle+refaults,3,K+K+,sort-n40000-s2,val,sort,sort-n40000,0.1,8,1268,669,0
sort,aging+idle+rdist,3,K+K+,sort-n40000-s2,val,sort,sort-n40000,0.1,8,2420,1229,0
sort,aging+age+dirty,3,K,sort-n40000-s2,val,sort,sort-n40000,0.1,8,1301,669,0
sort,aging+age+refaults,3,K+K+,sort-n40000-s2,val,sort,sort-n40000,0.1,8,1275,669,0
sort,aging+age+rdist,3,K+K+,sort-n40000-s2,val,sort,sort-n40000,0.1,8,1285,669,0
sort,aging+dirty+refaults,3,K+K+,sort-n40000-s2,val,sort,sort-n40000,0.1,8,1268,669,0
sort,aging+dirty+rdist,3,K+K+,sort-n40000-s2,val,sort,sort-n40000,0.1,8,2272,1149,0
sort,aging+refaults+rdist,3,K+K+,sort-n40000-s2,val,sort,sort-n40000,0.1,8,1228,650,0
sort,sfreq+idle+age,3,K,sort-n40000-s2,val,sort,sort-n40000,0.1,8,1385,685,0
sort,sfreq+idle+dirty,3,K,sort-n40000-s2,val,sort,sort-n40000,0.1,8,1339,684,0
sort,sfreq+idle+refaults,3,K+K+,sort-n40000-s2,val,sort,sort-n40000,0.1,8,1289,668,0
sort,sfreq+idle+rdist,3,K+K+,sort-n40000-s2,val,sort,sort-n40000,0.1,8,1424,706,0
sort,sfreq+age+dirty,3,K,sort-n40000-s2,val,sort,sort-n40000,0.1,8,1403,703,0
sort,sfreq+age+refaults,3,K+K+,sort-n40000-s2,val,sort,sort-n40000,0.1,8,1308,669,0
sort,sfreq+age+rdist,3,K+K+,sort-n40000-s2,val,sort,sort-n40000,0.1,8,1400,694,0
sort,sfreq+dirty+refaults,3,K+K+,sort-n40000-s2,val,sort,sort-n40000,0.1,8,3814,1443,1
sort,sfreq+dirty+rdist,3,K+K+,sort-n40000-s2,val,sort,sort-n40000,0.1,8,3814,1426,1
sort,sfreq+refaults+rdist,3,K+K+,sort-n40000-s2,val,sort,sort-n40000,0.1,8,3814,1461,1
sort,idle+age+dirty,3,K,sort-n40000-s2,val,sort,sort-n40000,0.1,8,1397,693,0
sort,idle+age+refaults,3,K+K+,sort-n40000-s2,val,sort,sort-n40000,0.1,8,1297,668,0
sort,idle+age+rdist,3,K+K+,sort-n40000-s2,val,sort,sort-n40000,0.1,8,1429,703,0
sort,idle+dirty+refaults,3,K+K+,sort-n40000-s2,val,sort,sort-n40000,0.1,8,1268,669,0
sort,idle+dirty+rdist,3,K+K+,sort-n40000-s2,val,sort,sort-n40000,0.1,8,1272,670,0
sort,idle+refaults+rdist,3,K+K+,sort-n40000-s2,val,sort,sort-n40000,0.1,8,1268,669,0
sort,age+dirty+refaults,3,K+K+,sort-n40000-s2,val,sort,sort-n40000,0.1,8,1275,669,0
sort,age+dirty+rdist,3,K+K+,sort-n40000-s2,val,sort,sort-n40000,0.1,8,1272,669,0
sort,age+refaults+rdist,3,K+K+,sort-n40000-s2,val,sort,sort-n40000,0.1,8,1275,669,0
sort,dirty+refaults+rdist,3,K+K+,sort-n40000-s2,val,sort,sort-n40000,0.1,8,3814,2065,1
sort,ref+aging+sfreq+idle,4,K,sort-n40000-s2,val,sort,sort-n40000,0.1,8,1362,696,0
sort,ref+aging+sfreq+age,4,K,sort-n40000-s2,val,sort,sort-n40000,0.1,8,1313,676,0
sort,ref+aging+sfreq+dirty,4,K,sort-n40000-s2,val,sort,sort-n40000,0.1,8,1396,722,0
sort,ref+aging+sfreq+refaults,4,K+K+,sort-n40000-s2,val,sort,sort-n40000,0.1,8,1329,673,0
sort,ref+aging+sfreq+rdist,4,K+K+,sort-n40000-s2,val,sort,sort-n40000,0.1,8,1421,713,0
sort,ref+aging+idle+age,4,K,sort-n40000-s2,val,sort,sort-n40000,0.1,8,1366,689,0
sort,ref+aging+idle+dirty,4,K,sort-n40000-s2,val,sort,sort-n40000,0.1,8,1273,689,0
sort,ref+aging+idle+refaults,4,K+K+,sort-n40000-s2,val,sort,sort-n40000,0.1,8,1270,678,0
sort,ref+aging+idle+rdist,4,K+K+,sort-n40000-s2,val,sort,sort-n40000,0.1,8,1233,644,0
sort,ref+aging+age+dirty,4,K,sort-n40000-s2,val,sort,sort-n40000,0.1,8,1283,669,0
sort,ref+aging+age+refaults,4,K+K+,sort-n40000-s2,val,sort,sort-n40000,0.1,8,1281,669,0
sort,ref+aging+age+rdist,4,K+K+,sort-n40000-s2,val,sort,sort-n40000,0.1,8,1284,669,0
sort,ref+aging+dirty+refaults,4,K+K+,sort-n40000-s2,val,sort,sort-n40000,0.1,8,1268,669,0
sort,ref+aging+dirty+rdist,4,K+K+,sort-n40000-s2,val,sort,sort-n40000,0.1,8,1409,722,0
sort,ref+aging+refaults+rdist,4,K+K+,sort-n40000-s2,val,sort,sort-n40000,0.1,8,1241,654,0
sort,ref+sfreq+idle+age,4,K,sort-n40000-s2,val,sort,sort-n40000,0.1,8,1374,683,0
sort,ref+sfreq+idle+dirty,4,K,sort-n40000-s2,val,sort,sort-n40000,0.1,8,1346,685,0
sort,ref+sfreq+idle+refaults,4,K+K+,sort-n40000-s2,val,sort,sort-n40000,0.1,8,1289,668,0
sort,ref+sfreq+idle+rdist,4,K+K+,sort-n40000-s2,val,sort,sort-n40000,0.1,8,1415,700,0
sort,ref+sfreq+age+dirty,4,K,sort-n40000-s2,val,sort,sort-n40000,0.1,8,1367,690,0
sort,ref+sfreq+age+refaults,4,K+K+,sort-n40000-s2,val,sort,sort-n40000,0.1,8,1308,669,0
sort,ref+sfreq+age+rdist,4,K+K+,sort-n40000-s2,val,sort,sort-n40000,0.1,8,1403,696,0
sort,ref+sfreq+dirty+refaults,4,K+K+,sort-n40000-s2,val,sort,sort-n40000,0.1,8,1996,908,0
sort,ref+sfreq+dirty+rdist,4,K+K+,sort-n40000-s2,val,sort,sort-n40000,0.1,8,3814,1499,1
sort,ref+sfreq+refaults+rdist,4,K+K+,sort-n40000-s2,val,sort,sort-n40000,0.1,8,1926,873,0
sort,ref+idle+age+dirty,4,K,sort-n40000-s2,val,sort,sort-n40000,0.1,8,1396,695,0
sort,ref+idle+age+refaults,4,K+K+,sort-n40000-s2,val,sort,sort-n40000,0.1,8,1300,669,0
sort,ref+idle+age+rdist,4,K+K+,sort-n40000-s2,val,sort,sort-n40000,0.1,8,1435,706,0
sort,ref+idle+dirty+refaults,4,K+K+,sort-n40000-s2,val,sort,sort-n40000,0.1,8,1268,669,0
sort,ref+idle+dirty+rdist,4,K+K+,sort-n40000-s2,val,sort,sort-n40000,0.1,8,1270,671,0
sort,ref+idle+refaults+rdist,4,K+K+,sort-n40000-s2,val,sort,sort-n40000,0.1,8,1268,669,0
sort,ref+age+dirty+refaults,4,K+K+,sort-n40000-s2,val,sort,sort-n40000,0.1,8,1281,669,0
sort,ref+age+dirty+rdist,4,K+K+,sort-n40000-s2,val,sort,sort-n40000,0.1,8,1283,669,0
sort,ref+age+refaults+rdist,4,K+K+,sort-n40000-s2,val,sort,sort-n40000,0.1,8,1283,669,0
sort,ref+dirty+refaults+rdist,4,K+K+,sort-n40000-s2,val,sort,sort-n40000,0.1,8,2514,1275,0
sort,aging+sfreq+idle+age,4,K,sort-n40000-s2,val,sort,sort-n40000,0.1,8,1386,688,0
sort,aging+sfreq+idle+dirty,4,K,sort-n40000-s2,val,sort,sort-n40000,0.1,8,1353,690,0
sort,aging+sfreq+idle+refaults,4,K+K+,sort-n40000-s2,val,sort,sort-n40000,0.1,8,1301,668,0
sort,aging+sfreq+idle+rdist,4,K+K+,sort-n40000-s2,val,sort,sort-n40000,0.1,8,1425,709,0
sort,aging+sfreq+age+dirty,4,K,sort-n40000-s2,val,sort,sort-n40000,0.1,8,1403,703,0
sort,aging+sfreq+age+refaults,4,K+K+,sort-n40000-s2,val,sort,sort-n40000,0.1,8,1307,669,0
sort,aging+sfreq+age+rdist,4,K+K+,sort-n40000-s2,val,sort,sort-n40000,0.1,8,1440,707,0
sort,aging+sfreq+dirty+refaults,4,K+K+,sort-n40000-s2,val,sort,sort-n40000,0.1,8,1360,705,0
sort,aging+sfreq+dirty+rdist,4,K+K+,sort-n40000-s2,val,sort,sort-n40000,0.1,8,1557,789,0
sort,aging+sfreq+refaults+rdist,4,K+K+,sort-n40000-s2,val,sort,sort-n40000,0.1,8,1377,696,0
sort,aging+idle+age+dirty,4,K,sort-n40000-s2,val,sort,sort-n40000,0.1,8,1396,692,0
sort,aging+idle+age+refaults,4,K+K+,sort-n40000-s2,val,sort,sort-n40000,0.1,8,1296,668,0
sort,aging+idle+age+rdist,4,K+K+,sort-n40000-s2,val,sort,sort-n40000,0.1,8,1451,707,0
sort,aging+idle+dirty+refaults,4,K+K+,sort-n40000-s2,val,sort,sort-n40000,0.1,8,1268,669,0
sort,aging+idle+dirty+rdist,4,K+K+,sort-n40000-s2,val,sort,sort-n40000,0.1,8,2420,1229,0
sort,aging+idle+refaults+rdist,4,K+K+,sort-n40000-s2,val,sort,sort-n40000,0.1,8,1258,664,0
sort,aging+age+dirty+refaults,4,K+K+,sort-n40000-s2,val,sort,sort-n40000,0.1,8,1281,669,0
sort,aging+age+dirty+rdist,4,K+K+,sort-n40000-s2,val,sort,sort-n40000,0.1,8,1283,669,0
sort,aging+age+refaults+rdist,4,K+K+,sort-n40000-s2,val,sort,sort-n40000,0.1,8,1275,669,0
sort,aging+dirty+refaults+rdist,4,K+K+,sort-n40000-s2,val,sort,sort-n40000,0.1,8,1230,649,0
sort,sfreq+idle+age+dirty,4,K,sort-n40000-s2,val,sort,sort-n40000,0.1,8,1410,707,0
sort,sfreq+idle+age+refaults,4,K+K+,sort-n40000-s2,val,sort,sort-n40000,0.1,8,1308,669,0
sort,sfreq+idle+age+rdist,4,K+K+,sort-n40000-s2,val,sort,sort-n40000,0.1,8,1432,703,0
sort,sfreq+idle+dirty+refaults,4,K+K+,sort-n40000-s2,val,sort,sort-n40000,0.1,8,1289,668,0
sort,sfreq+idle+dirty+rdist,4,K+K+,sort-n40000-s2,val,sort,sort-n40000,0.1,8,1423,714,0
sort,sfreq+idle+refaults+rdist,4,K+K+,sort-n40000-s2,val,sort,sort-n40000,0.1,8,1285,668,0
sort,sfreq+age+dirty+refaults,4,K+K+,sort-n40000-s2,val,sort,sort-n40000,0.1,8,1292,669,0
sort,sfreq+age+dirty+rdist,4,K+K+,sort-n40000-s2,val,sort,sort-n40000,0.1,8,1426,714,0
sort,sfreq+age+refaults+rdist,4,K+K+,sort-n40000-s2,val,sort,sort-n40000,0.1,8,1292,668,0
sort,sfreq+dirty+refaults+rdist,4,K+K+,sort-n40000-s2,val,sort,sort-n40000,0.1,8,3814,1466,1
sort,idle+age+dirty+refaults,4,K+K+,sort-n40000-s2,val,sort,sort-n40000,0.1,8,1298,669,0
sort,idle+age+dirty+rdist,4,K+K+,sort-n40000-s2,val,sort,sort-n40000,0.1,8,1448,715,0
sort,idle+age+refaults+rdist,4,K+K+,sort-n40000-s2,val,sort,sort-n40000,0.1,8,1291,668,0
sort,idle+dirty+refaults+rdist,4,K+K+,sort-n40000-s2,val,sort,sort-n40000,0.1,8,1268,669,0
sort,age+dirty+refaults+rdist,4,K+K+,sort-n40000-s2,val,sort,sort-n40000,0.1,8,1273,669,0
sort,ref+aging+sfreq+idle+age,5,K,sort-n40000-s2,val,sort,sort-n40000,0.1,8,1358,684,0
sort,ref+aging+sfreq+idle+dirty,5,K,sort-n40000-s2,val,sort,sort-n40000,0.1,8,1458,737,0
sort,ref+aging+sfreq+idle+refaults,5,K+K+,sort-n40000-s2,val,sort,sort-n40000,0.1,8,1319,678,0
sort,ref+aging+sfreq+idle+rdist,5,K+K+,sort-n40000-s2,val,sort,sort-n40000,0.1,8,1403,720,0
sort,ref+aging+sfreq+age+dirty,5,K,sort-n40000-s2,val,sort,sort-n40000,0.1,8,1372,701,0
sort,ref+aging+sfreq+age+refaults,5,K+K+,sort-n40000-s2,val,sort,sort-n40000,0.1,8,1279,667,0
sort,ref+aging+sfreq+age+rdist,5,K+K+,sort-n40000-s2,val,sort,sort-n40000,0.1,8,1369,694,0
sort,ref+aging+sfreq+dirty+refaults,5,K+K+,sort-n40000-s2,val,sort,sort-n40000,0.1,8,1349,697,0
sort,ref+aging+sfreq+dirty+rdist,5,K+K+,sort-n40000-s2,val,sort,sort-n40000,0.1,8,1439,732,0
sort,ref+aging+sfreq+refaults+rdist,5,K+K+,sort-n40000-s2,val,sort,sort-n40000,0.1,8,1352,683,0
sort,ref+aging+idle+age+dirty,5,K,sort-n40000-s2,val,sort,sort-n40000,0.1,8,1389,717,0
sort,ref+aging+idle+age+refaults,5,K+K+,sort-n40000-s2,val,sort,sort-n40000,0.1,8,1325,682,0
sort,ref+aging+idle+age+rdist,5,K+K+,sort-n40000-s2,val,sort,sort-n40000,0.1,8,1434,714,0
sort,ref+aging+idle+dirty+refaults,5,K+K+,sort-n40000-s2,val,sort,sort-n40000,0.1,8,1269,689,0
sort,ref+aging+idle+dirty+rdist,5,K+K+,sort-n40000-s2,val,sort,sort-n40000,0.1,8,1231,645,0
sort,ref+aging+idle+refaults+rdist,5,K+K+,sort-n40000-s2,val,sort,sort-n40000,0.1,8,1246,661,0
sort,ref+aging+age+dirty+refaults,5,K+K+,sort-n40000-s2,val,sort,sort-n40000,0.1,8,1281,669,0
sort,ref+aging+age+dirty+rdist,5,K+K+,sort-n40000-s2,val,sort,sort-n40000,0.1,8,1283,669,0
sort,ref+aging+age+refaults+rdist,5,K+K+,sort-n40000-s2,val,sort,sort-n40000,0.1,8,1276,669,0
sort,ref+aging+dirty+refaults+rdist,5,K+K+,sort-n40000-s2,val,sort,sort-n40000,0.1,8,1241,656,0
sort,ref+sfreq+idle+age+dirty,5,K,sort-n40000-s2,val,sort,sort-n40000,0.1,8,1397,699,0
sort,ref+sfreq+idle+age+refaults,5,K+K+,sort-n40000-s2,val,sort,sort-n40000,0.1,8,1308,669,0
sort,ref+sfreq+idle+age+rdist,5,K+K+,sort-n40000-s2,val,sort,sort-n40000,0.1,8,1417,698,0
sort,ref+sfreq+idle+dirty+refaults,5,K+K+,sort-n40000-s2,val,sort,sort-n40000,0.1,8,1289,668,0
sort,ref+sfreq+idle+dirty+rdist,5,K+K+,sort-n40000-s2,val,sort,sort-n40000,0.1,8,1387,703,0
sort,ref+sfreq+idle+refaults+rdist,5,K+K+,sort-n40000-s2,val,sort,sort-n40000,0.1,8,1285,668,0
sort,ref+sfreq+age+dirty+refaults,5,K+K+,sort-n40000-s2,val,sort,sort-n40000,0.1,8,1292,669,0
sort,ref+sfreq+age+dirty+rdist,5,K+K+,sort-n40000-s2,val,sort,sort-n40000,0.1,8,1414,709,0
sort,ref+sfreq+age+refaults+rdist,5,K+K+,sort-n40000-s2,val,sort,sort-n40000,0.1,8,1290,668,0
sort,ref+sfreq+dirty+refaults+rdist,5,K+K+,sort-n40000-s2,val,sort,sort-n40000,0.1,8,1914,894,0
sort,ref+idle+age+dirty+refaults,5,K+K+,sort-n40000-s2,val,sort,sort-n40000,0.1,8,1298,669,0
sort,ref+idle+age+dirty+rdist,5,K+K+,sort-n40000-s2,val,sort,sort-n40000,0.1,8,1428,707,0
sort,ref+idle+age+refaults+rdist,5,K+K+,sort-n40000-s2,val,sort,sort-n40000,0.1,8,1292,668,0
sort,ref+idle+dirty+refaults+rdist,5,K+K+,sort-n40000-s2,val,sort,sort-n40000,0.1,8,1268,669,0
sort,ref+age+dirty+refaults+rdist,5,K+K+,sort-n40000-s2,val,sort,sort-n40000,0.1,8,1281,669,0
sort,aging+sfreq+idle+age+dirty,5,K,sort-n40000-s2,val,sort,sort-n40000,0.1,8,1411,704,0
sort,aging+sfreq+idle+age+refaults,5,K+K+,sort-n40000-s2,val,sort,sort-n40000,0.1,8,1312,669,0
sort,aging+sfreq+idle+age+rdist,5,K+K+,sort-n40000-s2,val,sort,sort-n40000,0.1,8,1447,712,0
sort,aging+sfreq+idle+dirty+refaults,5,K+K+,sort-n40000-s2,val,sort,sort-n40000,0.1,8,1301,677,0
sort,aging+sfreq+idle+dirty+rdist,5,K+K+,sort-n40000-s2,val,sort,sort-n40000,0.1,8,1415,713,0
sort,aging+sfreq+idle+refaults+rdist,5,K+K+,sort-n40000-s2,val,sort,sort-n40000,0.1,8,1284,667,0
sort,aging+sfreq+age+dirty+refaults,5,K+K+,sort-n40000-s2,val,sort,sort-n40000,0.1,8,1288,669,0
sort,aging+sfreq+age+dirty+rdist,5,K+K+,sort-n40000-s2,val,sort,sort-n40000,0.1,8,1440,727,0
sort,aging+sfreq+age+refaults+rdist,5,K+K+,sort-n40000-s2,val,sort,sort-n40000,0.1,8,1339,678,0
sort,aging+sfreq+dirty+refaults+rdist,5,K+K+,sort-n40000-s2,val,sort,sort-n40000,0.1,8,1443,734,0
sort,aging+idle+age+dirty+refaults,5,K+K+,sort-n40000-s2,val,sort,sort-n40000,0.1,8,1298,671,0
sort,aging+idle+age+dirty+rdist,5,K+K+,sort-n40000-s2,val,sort,sort-n40000,0.1,8,1473,729,0
sort,aging+idle+age+refaults+rdist,5,K+K+,sort-n40000-s2,val,sort,sort-n40000,0.1,8,1308,671,0
sort,aging+idle+dirty+refaults+rdist,5,K+K+,sort-n40000-s2,val,sort,sort-n40000,0.1,8,1262,666,0
sort,aging+age+dirty+refaults+rdist,5,K+K+,sort-n40000-s2,val,sort,sort-n40000,0.1,8,1275,669,0
sort,sfreq+idle+age+dirty+refaults,5,K+K+,sort-n40000-s2,val,sort,sort-n40000,0.1,8,1292,669,0
sort,sfreq+idle+age+dirty+rdist,5,K+K+,sort-n40000-s2,val,sort,sort-n40000,0.1,8,1426,714,0
sort,sfreq+idle+age+refaults+rdist,5,K+K+,sort-n40000-s2,val,sort,sort-n40000,0.1,8,1285,668,0
sort,sfreq+idle+dirty+refaults+rdist,5,K+K+,sort-n40000-s2,val,sort,sort-n40000,0.1,8,1285,668,0
sort,sfreq+age+dirty+refaults+rdist,5,K+K+,sort-n40000-s2,val,sort,sort-n40000,0.1,8,1286,668,0
sort,idle+age+dirty+refaults+rdist,5,K+K+,sort-n40000-s2,val,sort,sort-n40000,0.1,8,1292,668,0
sort,ref+aging+sfreq+idle+age+dirty,6,K,sort-n40000-s2,val,sort,sort-n40000,0.1,8,1415,724,0
sort,ref+aging+sfreq+idle+age+refaults,6,K+K+,sort-n40000-s2,val,sort,sort-n40000,0.1,8,1328,684,0
sort,ref+aging+sfreq+idle+age+rdist,6,K+K+,sort-n40000-s2,val,sort,sort-n40000,0.1,8,1447,731,0
sort,ref+aging+sfreq+idle+dirty+refaults,6,K+K+,sort-n40000-s2,val,sort,sort-n40000,0.1,8,1304,685,0
sort,ref+aging+sfreq+idle+dirty+rdist,6,K+K+,sort-n40000-s2,val,sort,sort-n40000,0.1,8,1460,749,0
sort,ref+aging+sfreq+idle+refaults+rdist,6,K+K+,sort-n40000-s2,val,sort,sort-n40000,0.1,8,1285,680,0
sort,ref+aging+sfreq+age+dirty+refaults,6,K+K+,sort-n40000-s2,val,sort,sort-n40000,0.1,8,1319,692,0
sort,ref+aging+sfreq+age+dirty+rdist,6,K+K+,sort-n40000-s2,val,sort,sort-n40000,0.1,8,1440,739,0
sort,ref+aging+sfreq+age+refaults+rdist,6,K+K+,sort-n40000-s2,val,sort,sort-n40000,0.1,8,1271,669,0
sort,ref+aging+sfreq+dirty+refaults+rdist,6,K+K+,sort-n40000-s2,val,sort,sort-n40000,0.1,8,1290,680,0
sort,ref+aging+idle+age+dirty+refaults,6,K+K+,sort-n40000-s2,val,sort,sort-n40000,0.1,8,1345,705,0
sort,ref+aging+idle+age+dirty+rdist,6,K+K+,sort-n40000-s2,val,sort,sort-n40000,0.1,8,1460,746,0
sort,ref+aging+idle+age+refaults+rdist,6,K+K+,sort-n40000-s2,val,sort,sort-n40000,0.1,8,1342,694,0
sort,ref+aging+idle+dirty+refaults+rdist,6,K+K+,sort-n40000-s2,val,sort,sort-n40000,0.1,8,1246,660,0
sort,ref+aging+age+dirty+refaults+rdist,6,K+K+,sort-n40000-s2,val,sort,sort-n40000,0.1,8,1275,669,0
sort,ref+sfreq+idle+age+dirty+refaults,6,K+K+,sort-n40000-s2,val,sort,sort-n40000,0.1,8,1292,669,0
sort,ref+sfreq+idle+age+dirty+rdist,6,K+K+,sort-n40000-s2,val,sort,sort-n40000,0.1,8,1387,701,0
sort,ref+sfreq+idle+age+refaults+rdist,6,K+K+,sort-n40000-s2,val,sort,sort-n40000,0.1,8,1286,668,0
sort,ref+sfreq+idle+dirty+refaults+rdist,6,K+K+,sort-n40000-s2,val,sort,sort-n40000,0.1,8,1289,668,0
sort,ref+sfreq+age+dirty+refaults+rdist,6,K+K+,sort-n40000-s2,val,sort,sort-n40000,0.1,8,1287,668,0
sort,ref+idle+age+dirty+refaults+rdist,6,K+K+,sort-n40000-s2,val,sort,sort-n40000,0.1,8,1293,668,0
sort,aging+sfreq+idle+age+dirty+refaults,6,K+K+,sort-n40000-s2,val,sort,sort-n40000,0.1,8,1291,669,0
sort,aging+sfreq+idle+age+dirty+rdist,6,K+K+,sort-n40000-s2,val,sort,sort-n40000,0.1,8,1483,746,0
sort,aging+sfreq+idle+age+refaults+rdist,6,K+K+,sort-n40000-s2,val,sort,sort-n40000,0.1,8,1346,679,0
sort,aging+sfreq+idle+dirty+refaults+rdist,6,K+K+,sort-n40000-s2,val,sort,sort-n40000,0.1,8,1324,685,0
sort,aging+sfreq+age+dirty+refaults+rdist,6,K+K+,sort-n40000-s2,val,sort,sort-n40000,0.1,8,1355,689,0
sort,aging+idle+age+dirty+refaults+rdist,6,K+K+,sort-n40000-s2,val,sort,sort-n40000,0.1,8,1309,674,0
sort,sfreq+idle+age+dirty+refaults+rdist,6,K+K+,sort-n40000-s2,val,sort,sort-n40000,0.1,8,1285,668,0
sort,ref+aging+sfreq+idle+age+dirty+refaults,7,K+K+,sort-n40000-s2,val,sort,sort-n40000,0.1,8,1343,704,0
sort,ref+aging+sfreq+idle+age+dirty+rdist,7,K+K+,sort-n40000-s2,val,sort,sort-n40000,0.1,8,1436,741,0
sort,ref+aging+sfreq+idle+age+refaults+rdist,7,K+K+,sort-n40000-s2,val,sort,sort-n40000,0.1,8,1312,685,0
sort,ref+aging+sfreq+idle+dirty+refaults+rdist,7,K+K+,sort-n40000-s2,val,sort,sort-n40000,0.1,8,1344,706,0
sort,ref+aging+sfreq+age+dirty+refaults+rdist,7,K+K+,sort-n40000-s2,val,sort,sort-n40000,0.1,8,1383,709,0
sort,ref+aging+idle+age+dirty+refaults+rdist,7,K+K+,sort-n40000-s2,val,sort,sort-n40000,0.1,8,1343,700,0
sort,ref+sfreq+idle+age+dirty+refaults+rdist,7,K+K+,sort-n40000-s2,val,sort,sort-n40000,0.1,8,1285,668,0
sort,aging+sfreq+idle+age+dirty+refaults+rdist,7,K+K+,sort-n40000-s2,val,sort,sort-n40000,0.1,8,1366,695,0
sort,ref+aging+sfreq+idle+age+dirty+refaults+rdist,8,K+K+,sort-n40000-s2,val,sort,sort-n40000,0.1,8,1349,707,0
sort,rec+ref+aging+sfreq+idle+age+dirty,7,F+K,sort-n40000-s2,val,sort,sort-n40000,0.1,8,1279,670,0
sort,rec+ref+aging+sfreq+idle+age+dirty+refaults+rdist,9,F+K+K+,sort-n40000-s2,val,sort,sort-n40000,0.1,8,1275,669,0
sort,freq+ref+aging+sfreq+idle+age+dirty,7,F+K,sort-n40000-s2,val,sort,sort-n40000,0.1,8,1425,727,0
sort,freq+ref+aging+sfreq+idle+age+dirty+refaults+rdist,9,F+K+K+,sort-n40000-s2,val,sort,sort-n40000,0.1,8,1433,738,0
sort,sd+ref+aging+sfreq+idle+age+dirty,7,F+K,sort-n40000-s2,val,sort,sort-n40000,0.1,8,1246,663,0
sort,sd+ref+aging+sfreq+idle+age+dirty+refaults+rdist,9,F+K+K+,sort-n40000-s2,val,sort,sort-n40000,0.1,8,1243,661,0
sort,wr+ref+aging+sfreq+idle+age+dirty,7,F+K,sort-n40000-s2,val,sort,sort-n40000,0.1,8,1415,724,0
sort,wr+ref+aging+sfreq+idle+age+dirty+refaults+rdist,9,F+K+K+,sort-n40000-s2,val,sort,sort-n40000,0.1,8,1350,706,0
sort,rec+freq+ref+aging+sfreq+idle+age+dirty,8,F+K,sort-n40000-s2,val,sort,sort-n40000,0.1,8,1280,669,0
sort,rec+freq+ref+aging+sfreq+idle+age+dirty+refaults+rdist,10,F+K+K+,sort-n40000-s2,val,sort,sort-n40000,0.1,8,1276,669,0
sort,rec+sd+ref+aging+sfreq+idle+age+dirty,8,F+K,sort-n40000-s2,val,sort,sort-n40000,0.1,8,1274,669,0
sort,rec+sd+ref+aging+sfreq+idle+age+dirty+refaults+rdist,10,F+K+K+,sort-n40000-s2,val,sort,sort-n40000,0.1,8,1272,669,0
sort,rec+wr+ref+aging+sfreq+idle+age+dirty,8,F+K,sort-n40000-s2,val,sort,sort-n40000,0.1,8,1280,670,0
sort,rec+wr+ref+aging+sfreq+idle+age+dirty+refaults+rdist,10,F+K+K+,sort-n40000-s2,val,sort,sort-n40000,0.1,8,1275,669,0
sort,freq+sd+ref+aging+sfreq+idle+age+dirty,8,F+K,sort-n40000-s2,val,sort,sort-n40000,0.1,8,1249,666,0
sort,freq+sd+ref+aging+sfreq+idle+age+dirty+refaults+rdist,10,F+K+K+,sort-n40000-s2,val,sort,sort-n40000,0.1,8,1238,655,0
sort,freq+wr+ref+aging+sfreq+idle+age+dirty,8,F+K,sort-n40000-s2,val,sort,sort-n40000,0.1,8,1413,722,0
sort,freq+wr+ref+aging+sfreq+idle+age+dirty+refaults+rdist,10,F+K+K+,sort-n40000-s2,val,sort,sort-n40000,0.1,8,1395,721,0
sort,sd+wr+ref+aging+sfreq+idle+age+dirty,8,F+K,sort-n40000-s2,val,sort,sort-n40000,0.1,8,1246,662,0
sort,sd+wr+ref+aging+sfreq+idle+age+dirty+refaults+rdist,10,F+K+K+,sort-n40000-s2,val,sort,sort-n40000,0.1,8,1243,661,0
sort,rec+freq+sd+ref+aging+sfreq+idle+age+dirty,9,F+K,sort-n40000-s2,val,sort,sort-n40000,0.1,8,1275,669,0
sort,rec+freq+sd+ref+aging+sfreq+idle+age+dirty+refaults+rdist,11,F+K+K+,sort-n40000-s2,val,sort,sort-n40000,0.1,8,1277,669,0
sort,rec+freq+wr+ref+aging+sfreq+idle+age+dirty,9,F+K,sort-n40000-s2,val,sort,sort-n40000,0.1,8,1280,670,0
sort,rec+freq+wr+ref+aging+sfreq+idle+age+dirty+refaults+rdist,11,F+K+K+,sort-n40000-s2,val,sort,sort-n40000,0.1,8,1276,669,0
sort,rec+sd+wr+ref+aging+sfreq+idle+age+dirty,9,F+K,sort-n40000-s2,val,sort,sort-n40000,0.1,8,1274,669,0
sort,rec+sd+wr+ref+aging+sfreq+idle+age+dirty+refaults+rdist,11,F+K+K+,sort-n40000-s2,val,sort,sort-n40000,0.1,8,1272,669,0
sort,freq+sd+wr+ref+aging+sfreq+idle+age+dirty,9,F+K,sort-n40000-s2,val,sort,sort-n40000,0.1,8,1248,666,0
sort,freq+sd+wr+ref+aging+sfreq+idle+age+dirty+refaults+rdist,11,F+K+K+,sort-n40000-s2,val,sort,sort-n40000,0.1,8,1240,660,0
sort,rec+freq+sd+wr+ref+aging+sfreq+idle+age+dirty,10,F+K,sort-n40000-s2,val,sort,sort-n40000,0.1,8,1276,669,0
sort,rec+freq+sd+wr+ref+aging+sfreq+idle+age+dirty+refaults+rdist,12,F+K+K+,sort-n40000-s2,val,sort,sort-n40000,0.1,8,1277,669,0
global,rec,1,F,sort-n40000-s2,val,sort,sort-n40000,0.1,8,1268,669,0
global,freq,1,F,sort-n40000-s2,val,sort,sort-n40000,0.1,8,3814,1909,1
global,sd,1,F,sort-n40000-s2,val,sort,sort-n40000,0.1,8,1268,669,0
global,wr,1,F,sort-n40000-s2,val,sort,sort-n40000,0.1,8,3814,1954,1
global,rec+freq,2,F,sort-n40000-s2,val,sort,sort-n40000,0.1,8,1268,669,0
global,rec+sd,2,F,sort-n40000-s2,val,sort,sort-n40000,0.1,8,1268,669,0
global,rec+wr,2,F,sort-n40000-s2,val,sort,sort-n40000,0.1,8,1268,669,0
global,freq+sd,2,F,sort-n40000-s2,val,sort,sort-n40000,0.1,8,1268,669,0
global,freq+wr,2,F,sort-n40000-s2,val,sort,sort-n40000,0.1,8,3814,1912,1
global,sd+wr,2,F,sort-n40000-s2,val,sort,sort-n40000,0.1,8,1268,669,0
global,rec+freq+sd,3,F,sort-n40000-s2,val,sort,sort-n40000,0.1,8,1268,669,0
global,rec+freq+wr,3,F,sort-n40000-s2,val,sort,sort-n40000,0.1,8,1268,669,0
global,rec+sd+wr,3,F,sort-n40000-s2,val,sort,sort-n40000,0.1,8,1268,669,0
global,freq+sd+wr,3,F,sort-n40000-s2,val,sort,sort-n40000,0.1,8,1268,669,0
global,rec+freq+sd+wr,4,F,sort-n40000-s2,val,sort,sort-n40000,0.1,8,1268,669,0
global,ref,1,K,sort-n40000-s2,val,sort,sort-n40000,0.1,8,1268,668,0
global,aging,1,K,sort-n40000-s2,val,sort,sort-n40000,0.1,8,1268,669,0
global,sfreq,1,K,sort-n40000-s2,val,sort,sort-n40000,0.1,8,3814,1908,1
global,idle,1,K,sort-n40000-s2,val,sort,sort-n40000,0.1,8,1268,669,0
global,age,1,K,sort-n40000-s2,val,sort,sort-n40000,0.1,8,1275,669,0
global,dirty,1,K,sort-n40000-s2,val,sort,sort-n40000,0.1,8,1857,1260,0
global,refaults,1,K+,sort-n40000-s2,val,sort,sort-n40000,0.1,8,1307,685,0
global,rdist,1,K+,sort-n40000-s2,val,sort,sort-n40000,0.1,8,3814,1938,1
global,ref+aging,2,K,sort-n40000-s2,val,sort,sort-n40000,0.1,8,1268,669,0
global,ref+sfreq,2,K,sort-n40000-s2,val,sort,sort-n40000,0.1,8,3814,1440,1
global,ref+idle,2,K,sort-n40000-s2,val,sort,sort-n40000,0.1,8,1268,669,0
global,ref+age,2,K,sort-n40000-s2,val,sort,sort-n40000,0.1,8,1268,668,0
global,ref+dirty,2,K,sort-n40000-s2,val,sort,sort-n40000,0.1,8,1294,696,0
global,ref+refaults,2,K+K+,sort-n40000-s2,val,sort,sort-n40000,0.1,8,1268,669,0
global,ref+rdist,2,K+K+,sort-n40000-s2,val,sort,sort-n40000,0.1,8,1270,652,0
global,aging+sfreq,2,K,sort-n40000-s2,val,sort,sort-n40000,0.1,8,1268,669,0
global,aging+idle,2,K,sort-n40000-s2,val,sort,sort-n40000,0.1,8,1268,669,0
global,aging+age,2,K,sort-n40000-s2,val,sort,sort-n40000,0.1,8,1268,669,0
global,aging+dirty,2,K,sort-n40000-s2,val,sort,sort-n40000,0.1,8,1268,669,0
global,aging+refaults,2,K+K+,sort-n40000-s2,val,sort,sort-n40000,0.1,8,1268,669,0
global,aging+rdist,2,K+K+,sort-n40000-s2,val,sort,sort-n40000,0.1,8,1220,637,0
global,sfreq+idle,2,K,sort-n40000-s2,val,sort,sort-n40000,0.1,8,1268,669,0
global,sfreq+age,2,K,sort-n40000-s2,val,sort,sort-n40000,0.1,8,1268,669,0
global,sfreq+dirty,2,K,sort-n40000-s2,val,sort,sort-n40000,0.1,8,3814,1913,1
global,sfreq+refaults,2,K+K+,sort-n40000-s2,val,sort,sort-n40000,0.1,8,3814,1944,1
global,sfreq+rdist,2,K+K+,sort-n40000-s2,val,sort,sort-n40000,0.1,8,3814,1939,1
global,idle+age,2,K,sort-n40000-s2,val,sort,sort-n40000,0.1,8,1268,669,0
global,idle+dirty,2,K,sort-n40000-s2,val,sort,sort-n40000,0.1,8,1268,669,0
global,idle+refaults,2,K+K+,sort-n40000-s2,val,sort,sort-n40000,0.1,8,1268,669,0
global,idle+rdist,2,K+K+,sort-n40000-s2,val,sort,sort-n40000,0.1,8,2426,1234,0
global,age+dirty,2,K,sort-n40000-s2,val,sort,sort-n40000,0.1,8,1271,669,0
global,age+refaults,2,K+K+,sort-n40000-s2,val,sort,sort-n40000,0.1,8,3814,1924,1
global,age+rdist,2,K+K+,sort-n40000-s2,val,sort,sort-n40000,0.1,8,2492,1262,0
global,dirty+refaults,2,K+K+,sort-n40000-s2,val,sort,sort-n40000,0.1,8,3814,884,1
global,dirty+rdist,2,K+K+,sort-n40000-s2,val,sort,sort-n40000,0.1,8,3814,1954,1
global,refaults+rdist,2,K+,sort-n40000-s2,val,sort,sort-n40000,0.1,8,3814,1701,1
global,ref+aging+sfreq,3,K,sort-n40000-s2,val,sort,sort-n40000,0.1,8,1268,669,0
global,ref+aging+idle,3,K,sort-n40000-s2,val,sort,sort-n40000,0.1,8,1268,669,0
global,ref+aging+age,3,K,sort-n40000-s2,val,sort,sort-n40000,0.1,8,1268,669,0
global,ref+aging+dirty,3,K,sort-n40000-s2,val,sort,sort-n40000,0.1,8,1268,669,0
global,ref+aging+refaults,3,K+K+,sort-n40000-s2,val,sort,sort-n40000,0.1,8,1268,669,0
global,ref+aging+rdist,3,K+K+,sort-n40000-s2,val,sort,sort-n40000,0.1,8,1228,644,0
global,ref+sfreq+idle,3,K,sort-n40000-s2,val,sort,sort-n40000,0.1,8,1268,669,0
global,ref+sfreq+age,3,K,sort-n40000-s2,val,sort,sort-n40000,0.1,8,1269,669,0
global,ref+sfreq+dirty,3,K,sort-n40000-s2,val,sort,sort-n40000,0.1,8,3814,1443,1
global,ref+sfreq+refaults,3,K+K+,sort-n40000-s2,val,sort,sort-n40000,0.1,8,3814,1451,1
global,ref+sfreq+rdist,3,K+K+,sort-n40000-s2,val,sort,sort-n40000,0.1,8,3814,1408,1
global,ref+idle+age,3,K,sort-n40000-s2,val,sort,sort-n40000,0.1,8,1268,669,0
global,ref+idle+dirty,3,K,sort-n40000-s2,val,sort,sort-n40000,0.1,8,1268,669,0
global,ref+idle+refaults,3,K+K+,sort-n40000-s2,val,sort,sort-n40000,0.1,8,1268,669,0
global,ref+idle+rdist,3,K+K+,sort-n40000-s2,val,sort,sort-n40000,0.1,8,1220,636,0
global,ref+age+dirty,3,K,sort-n40000-s2,val,sort,sort-n40000,0.1,8,1268,670,0
global,ref+age+refaults,3,K+K+,sort-n40000-s2,val,sort,sort-n40000,0.1,8,3814,1435,1
global,ref+age+rdist,3,K+K+,sort-n40000-s2,val,sort,sort-n40000,0.1,8,1287,657,0
global,ref+dirty+refaults,3,K+K+,sort-n40000-s2,val,sort,sort-n40000,0.1,8,1291,666,0
global,ref+dirty+rdist,3,K+K+,sort-n40000-s2,val,sort,sort-n40000,0.1,8,1655,853,0
global,ref+refaults+rdist,3,K+K+,sort-n40000-s2,val,sort,sort-n40000,0.1,8,1384,725,0
global,aging+sfreq+idle,3,K,sort-n40000-s2,val,sort,sort-n40000,0.1,8,1268,669,0
global,aging+sfreq+age,3,K,sort-n40000-s2,val,sort,sort-n40000,0.1,8,1268,669,0
global,aging+sfreq+dirty,3,K,sort-n40000-s2,val,sort,sort-n40000,0.1,8,1267,669,0
global,aging+sfreq+refaults,3,K+K+,sort-n40000-s2,val,sort,sort-n40000,0.1,8,1264,667,0
global,aging+sfreq+rdist,3,K+K+,sort-n40000-s2,val,sort,sort-n40000,0.1,8,1218,638,0
global,aging+idle+age,3,K,sort-n40000-s2,val,sort,sort-n40000,0.1,8,1268,669,0
global,aging+idle+dirty,3,K,sort-n40000-s2,val,sort,sort-n40000,0.1,8,1268,669,0
global,aging+idle+refaults,3,K+K+,sort-n40000-s2,val,sort,sort-n40000,0.1,8,1268,669,0
global,aging+idle+rdist,3,K+K+,sort-n40000-s2,val,sort,sort-n40000,0.1,8,1220,636,0
global,aging+age+dirty,3,K,sort-n40000-s2,val,sort,sort-n40000,0.1,8,1268,669,0
global,aging+age+refaults,3,K+K+,sort-n40000-s2,val,sort,sort-n40000,0.1,8,1264,666,0
global,aging+age+rdist,3,K+K+,sort-n40000-s2,val,sort,sort-n40000,0.1,8,1234,655,0
global,aging+dirty+refaults,3,K+K+,sort-n40000-s2,val,sort,sort-n40000,0.1,8,1269,668,0
global,aging+dirty+rdist,3,K+K+,sort-n40000-s2,val,sort,sort-n40000,0.1,8,1235,655,0
global,aging+refaults+rdist,3,K+K+,sort-n40000-s2,val,sort,sort-n40000,0.1,8,1226,643,0
global,sfreq+idle+age,3,K,sort-n40000-s2,val,sort,sort-n40000,0.1,8,1268,669,0
global,sfreq+idle+dirty,3,K,sort-n40000-s2,val,sort,sort-n40000,0.1,8,1268,669,0
global,sfreq+idle+refaults,3,K+K+,sort-n40000-s2,val,sort,sort-n40000,0.1,8,1269,669,0
global,sfreq+idle+rdist,3,K+K+,sort-n40000-s2,val,sort,sort-n40000,0.1,8,2426,1234,0
global,sfreq+age+dirty,3,K,sort-n40000-s2,val,sort,sort-n40000,0.1,8,1268,670,0
global,sfreq+age+refaults,3,K+K+,sort-n40000-s2,val,sort,sort-n40000,0.1,8,1457,747,0
global,sfreq+age+rdist,3,K+K+,sort-n40000-s2,val,sort,sort-n40000,0.1,8,2430,1235,0
global,sfreq+dirty+refaults,3,K+K+,sort-n40000-s2,val,sort,sort-n40000,0.1,8,3814,1963,1
global,sfreq+dirty+rdist,3,K+K+,sort-n40000-s2,val,sort,sort-n40000,0.1,8,3814,1913,1
global,sfreq+refaults+rdist,3,K+K+,sort-n40000-s2,val,sort,sort-n40000,0.1,8,3814,1942,1
global,idle+age+dirty,3,K,sort-n40000-s2,val,sort,sort-n40000,0.1,8,1268,669,0
global,idle+age+refaults,3,K+K+,sort-n40000-s2,val,sort,sort-n40000,0.1,8,1268,669,0
global,idle+age+rdist,3,K+K+,sort-n40000-s2,val,sort,sort-n40000,0.1,8,2426,1234,0
global,idle+dirty+refaults,3,K+K+,sort-n40000-s2,val,sort,sort-n40000,0.1,8,1269,668,0
global,idle+dirty+rdist,3,K+K+,sort-n40000-s2,val,sort,sort-n40000,0.1,8,2425,1234,0
global,idle+refaults+rdist,3,K+K+,sort-n40000-s2,val,sort,sort-n40000,0.1,8,2428,1234,0
global,age+dirty+refaults,3,K+K+,sort-n40000-s2,val,sort,sort-n40000,0.1,8,3814,1925,1
global,age+dirty+rdist,3,K+K+,sort-n40000-s2,val,sort,sort-n40000,0.1,8,3446,2030,0
global,age+refaults+rdist,3,K+K+,sort-n40000-s2,val,sort,sort-n40000,0.1,8,3814,1917,1
global,dirty+refaults+rdist,3,K+K+,sort-n40000-s2,val,sort,sort-n40000,0.1,8,3814,2001,1
global,ref+aging+sfreq+idle,4,K,sort-n40000-s2,val,sort,sort-n40000,0.1,8,1268,669,0
global,ref+aging+sfreq+age,4,K,sort-n40000-s2,val,sort,sort-n40000,0.1,8,1268,669,0
global,ref+aging+sfreq+dirty,4,K,sort-n40000-s2,val,sort,sort-n40000,0.1,8,1268,669,0
global,ref+aging+sfreq+refaults,4,K+K+,sort-n40000-s2,val,sort,sort-n40000,0.1,8,1266,669,0
global,ref+aging+sfreq+rdist,4,K+K+,sort-n40000-s2,val,sort,sort-n40000,0.1,8,1227,643,0
global,ref+aging+idle+age,4,K,sort-n40000-s2,val,sort,sort-n40000,0.1,8,1268,669,0
global,ref+aging+idle+dirty,4,K,sort-n40000-s2,val,sort,sort-n40000,0.1,8,1268,669,0
global,ref+aging+idle+refaults,4,K+K+,sort-n40000-s2,val,sort,sort-n40000,0.1,8,1268,669,0
global,ref+aging+idle+rdist,4,K+K+,sort-n40000-s2,val,sort,sort-n40000,0.1,8,1226,642,0
global,ref+aging+age+dirty,4,K,sort-n40000-s2,val,sort,sort-n40000,0.1,8,1268,669,0
global,ref+aging+age+refaults,4,K+K+,sort-n40000-s2,val,sort,sort-n40000,0.1,8,1267,667,0
global,ref+aging+age+rdist,4,K+K+,sort-n40000-s2,val,sort,sort-n40000,0.1,8,1226,641,0
global,ref+aging+dirty+refaults,4,K+K+,sort-n40000-s2,val,sort,sort-n40000,0.1,8,1269,668,0
global,ref+aging+dirty+rdist,4,K+K+,sort-n40000-s2,val,sort,sort-n40000,0.1,8,1230,645,0
global,ref+aging+refaults+rdist,4,K+K+,sort-n40000-s2,val,sort,sort-n40000,0.1,8,1221,641,0
global,ref+sfreq+idle+age,4,K,sort-n40000-s2,val,sort,sort-n40000,0.1,8,1268,669,0
global,ref+sfreq+idle+dirty,4,K,sort-n40000-s2,val,sort,sort-n40000,0.1,8,1268,669,0
global,ref+sfreq+idle+refaults,4,K+K+,sort-n40000-s2,val,sort,sort-n40000,0.1,8,1325,697,0
global,ref+sfreq+idle+rdist,4,K+K+,sort-n40000-s2,val,sort,sort-n40000,0.1,8,1244,661,0
global,ref+sfreq+age+dirty,4,K,sort-n40000-s2,val,sort,sort-n40000,0.1,8,1268,670,0
global,ref+sfreq+age+refaults,4,K+K+,sort-n40000-s2,val,sort,sort-n40000,0.1,8,1645,799,0
global,ref+sfreq+age+rdist,4,K+K+,sort-n40000-s2,val,sort,sort-n40000,0.1,8,1231,643,0
global,ref+sfreq+dirty+refaults,4,K+K+,sort-n40000-s2,val,sort,sort-n40000,0.1,8,3814,1459,1
global,ref+sfreq+dirty+rdist,4,K+K+,sort-n40000-s2,val,sort,sort-n40000,0.1,8,3814,1429,1
global,ref+sfreq+refaults+rdist,4,K+K+,sort-n40000-s2,val,sort,sort-n40000,0.1,8,3814,1443,1
global,ref+idle+age+dirty,4,K,sort-n40000-s2,val,sort,sort-n40000,0.1,8,1268,669,0
global,ref+idle+age+refaults,4,K+K+,sort-n40000-s2,val,sort,sort-n40000,0.1,8,1269,669,0
global,ref+idle+age+rdist,4,K+K+,sort-n40000-s2,val,sort,sort-n40000,0.1,8,1244,657,0
global,ref+idle+dirty+refaults,4,K+K+,sort-n40000-s2,val,sort,sort-n40000,0.1,8,1269,668,0
global,ref+idle+dirty+rdist,4,K+K+,sort-n40000-s2,val,sort,sort-n40000,0.1,8,1245,665,0
global,ref+idle+refaults+rdist,4,K+K+,sort-n40000-s2,val,sort,sort-n40000,0.1,8,1230,642,0
global,ref+age+dirty+refaults,4,K+K+,sort-n40000-s2,val,sort,sort-n40000,0.1,8,3814,1439,1
global,ref+age+dirty+rdist,4,K+K+,sort-n40000-s2,val,sort,sort-n40000,0.1,8,1575,823,0
global,ref+age+refaults+rdist,4,K+K+,sort-n40000-s2,val,sort,sort-n40000,0.1,8,3814,1411,1
global,ref+dirty+refaults+rdist,4,K+K+,sort-n40000-s2,val,sort,sort-n40000,0.1,8,2506,1261,0
global,aging+sfreq+idle+age,4,K,sort-n40000-s2,val,sort,sort-n40000,0.1,8,1268,669,0
global,aging+sfreq+idle+dirty,4,K,sort-n40000-s2,val,sort,sort-n40000,0.1,8,1268,669,0
global,aging+sfreq+idle+refaults,4,K+K+,sort-n40000-s2,val,sort,sort-n40000,0.1,8,1267,669,0
global,aging+sfreq+idle+rdist,4,K+K+,sort-n40000-s2,val,sort,sort-n40000,0.1,8,1218,638,0
global,aging+sfreq+age+dirty,4,K,sort-n40000-s2,val,sort,sort-n40000,0.1,8,1267,669,0
global,aging+sfreq+age+refaults,4,K+K+,sort-n40000-s2,val,sort,sort-n40000,0.1,8,1263,666,0
global,aging+sfreq+age+rdist,4,K+K+,sort-n40000-s2,val,sort,sort-n40000,0.1,8,1227,646,0
global,aging+sfreq+dirty+refaults,4,K+K+,sort-n40000-s2,val,sort,sort-n40000,0.1,8,1269,670,0
global,aging+sfreq+dirty+rdist,4,K+K+,sort-n40000-s2,val,sort,sort-n40000,0.1,8,1234,653,0
global,aging+sfreq+refaults+rdist,4,K+K+,sort-n40000-s2,val,sort,sort-n40000,0.1,8,1228,647,0
global,aging+idle+age+dirty,4,K,sort-n40000-s2,val,sort,sort-n40000,0.1,8,1268,669,0
global,aging+idle+age+refaults,4,K+K+,sort-n40000-s2,val,sort,sort-n40000,0.1,8,1269,669,0
global,aging+idle+age+rdist,4,K+K+,sort-n40000-s2,val,sort,sort-n40000,0.1,8,1235,655,0
global,aging+idle+dirty+refaults,4,K+K+,sort-n40000-s2,val,sort,sort-n40000,0.1,8,1269,668,0
global,aging+idle+dirty+rdist,4,K+K+,sort-n40000-s2,val,sort,sort-n40000,0.1,8,1235,655,0
global,aging+idle+refaults+rdist,4,K+K+,sort-n40000-s2,val,sort,sort-n40000,0.1,8,1222,641,0
global,aging+age+dirty+refaults,4,K+K+,sort-n40000-s2,val,sort,sort-n40000,0.1,8,1253,661,0
global,aging+age+dirty+rdist,4,K+K+,sort-n40000-s2,val,sort,sort-n40000,0.1,8,1234,654,0
global,aging+age+refaults+rdist,4,K+K+,sort-n40000-s2,val,sort,sort-n40000,0.1,8,1238,656,0
global,aging+dirty+refaults+rdist,4,K+K+,sort-n40000-s2,val,sort,sort-n40000,0.1,8,1224,644,0
global,sfreq+idle+age+dirty,4,K,sort-n40000-s2,val,sort,sort-n40000,0.1,8,1268,669,0
global,sfreq+idle+age+refaults,4,K+K+,sort-n40000-s2,val,sort,sort-n40000,0.1,8,1268,669,0
global,sfreq+idle+age+rdist,4,K+K+,sort-n40000-s2,val,sort,sort-n40000,0.1,8,2426,1233,0
global,sfreq+idle+dirty+refaults,4,K+K+,sort-n40000-s2,val,sort,sort-n40000,0.1,8,1271,673,0
global,sfreq+idle+dirty+rdist,4,K+K+,sort-n40000-s2,val,sort,sort-n40000,0.1,8,2423,1234,0
global,sfreq+idle+refaults+rdist,4,K+K+,sort-n40000-s2,val,sort,sort-n40000,0.1,8,2429,1236,0
global,sfreq+age+dirty+refaults,4,K+K+,sort-n40000-s2,val,sort,sort-n40000,0.1,8,1991,1096,0
global,sfreq+age+dirty+rdist,4,K+K+,sort-n40000-s2,val,sort,sort-n40000,0.1,8,2458,1266,0
global,sfreq+age+refaults+rdist,4,K+K+,sort-n40000-s2,val,sort,sort-n40000,0.1,8,3814,1801,1
global,sfreq+dirty+refaults+rdist,4,K+K+,sort-n40000-s2,val,sort,sort-n40000,0.1,8,3814,1968,1
global,idle+age+dirty+refaults,4,K+K+,sort-n40000-s2,val,sort,sort-n40000,0.1,8,1268,669,0
global,idle+age+dirty+rdist,4,K+K+,sort-n40000-s2,val,sort,sort-n40000,0.1,8,2423,1234,0
global,idle+age+refaults+rdist,4,K+K+,sort-n40000-s2,val,sort,sort-n40000,0.1,8,2428,1234,0
global,idle+dirty+refaults+rdist,4,K+K+,sort-n40000-s2,val,sort,sort-n40000,0.1,8,2428,1234,0
global,age+dirty+refaults+rdist,4,K+K+,sort-n40000-s2,val,sort,sort-n40000,0.1,8,3814,1938,1
global,ref+aging+sfreq+idle+age,5,K,sort-n40000-s2,val,sort,sort-n40000,0.1,8,1268,669,0
global,ref+aging+sfreq+idle+dirty,5,K,sort-n40000-s2,val,sort,sort-n40000,0.1,8,1268,669,0
global,ref+aging+sfreq+idle+refaults,5,K+K+,sort-n40000-s2,val,sort,sort-n40000,0.1,8,1265,668,0
global,ref+aging+sfreq+idle+rdist,5,K+K+,sort-n40000-s2,val,sort,sort-n40000,0.1,8,1227,643,0
global,ref+aging+sfreq+age+dirty,5,K,sort-n40000-s2,val,sort,sort-n40000,0.1,8,1268,669,0
global,ref+aging+sfreq+age+refaults,5,K+K+,sort-n40000-s2,val,sort,sort-n40000,0.1,8,1267,668,0
global,ref+aging+sfreq+age+rdist,5,K+K+,sort-n40000-s2,val,sort,sort-n40000,0.1,8,1240,649,0
global,ref+aging+sfreq+dirty+refaults,5,K+K+,sort-n40000-s2,val,sort,sort-n40000,0.1,8,1268,670,0
global,ref+aging+sfreq+dirty+rdist,5,K+K+,sort-n40000-s2,val,sort,sort-n40000,0.1,8,1229,644,0
global,ref+aging+sfreq+refaults+rdist,5,K+K+,sort-n40000-s2,val,sort,sort-n40000,0.1,8,1228,649,0
global,ref+aging+idle+age+dirty,5,K,sort-n40000-s2,val,sort,sort-n40000,0.1,8,1268,669,0
global,ref+aging+idle+age+refaults,5,K+K+,sort-n40000-s2,val,sort,sort-n40000,0.1,8,1268,669,0
global,ref+aging+idle+age+rdist,5,K+K+,sort-n40000-s2,val,sort,sort-n40000,0.1,8,1226,641,0
global,ref+aging+idle+dirty+refaults,5,K+K+,sort-n40000-s2,val,sort,sort-n40000,0.1,8,1269,668,0
global,ref+aging+idle+dirty+rdist,5,K+K+,sort-n40000-s2,val,sort,sort-n40000,0.1,8,1228,644,0
global,ref+aging+idle+refaults+rdist,5,K+K+,sort-n40000-s2,val,sort,sort-n40000,0.1,8,1222,641,0
global,ref+aging+age+dirty+refaults,5,K+K+,sort-n40000-s2,val,sort,sort-n40000,0.1,8,1267,668,0
global,ref+aging+age+dirty+rdist,5,K+K+,sort-n40000-s2,val,sort,sort-n40000,0.1,8,1227,643,0
global,ref+aging+age+refaults+rdist,5,K+K+,sort-n40000-s2,val,sort,sort-n40000,0.1,8,1224,641,0
global,ref+aging+dirty+refaults+rdist,5,K+K+,sort-n40000-s2,val,sort,sort-n40000,0.1,8,1221,642,0
global,ref+sfreq+idle+age+dirty,5,K,sort-n40000-s2,val,sort,sort-n40000,0.1,8,1268,669,0
global,ref+sfreq+idle+age+refaults,5,K+K+,sort-n40000-s2,val,sort,sort-n40000,0.1,8,1269,669,0
global,ref+sfreq+idle+age+rdist,5,K+K+,sort-n40000-s2,val,sort,sort-n40000,0.1,8,1222,635,0
global,ref+sfreq+idle+dirty+refaults,5,K+K+,sort-n40000-s2,val,sort,sort-n40000,0.1,8,1309,693,0
global,ref+sfreq+idle+dirty+rdist,5,K+K+,sort-n40000-s2,val,sort,sort-n40000,0.1,8,1244,665,0
global,ref+sfreq+idle+refaults+rdist,5,K+K+,sort-n40000-s2,val,sort,sort-n40000,0.1,8,2632,1142,0
global,ref+sfreq+age+dirty+refaults,5,K+K+,sort-n40000-s2,val,sort,sort-n40000,0.1,8,2020,935,0
global,ref+sfreq+age+dirty+rdist,5,K+K+,sort-n40000-s2,val,sort,sort-n40000,0.1,8,1629,852,0
global,ref+sfreq+age+refaults+rdist,5,K+K+,sort-n40000-s2,val,sort,sort-n40000,0.1,8,3814,1440,1
global,ref+sfreq+dirty+refaults+rdist,5,K+K+,sort-n40000-s2,val,sort,sort-n40000,0.1,8,3814,1452,1
global,ref+idle+age+dirty+refaults,5,K+K+,sort-n40000-s2,val,sort,sort-n40000,0.1,8,1268,670,0
global,ref+idle+age+dirty+rdist,5,K+K+,sort-n40000-s2,val,sort,sort-n40000,0.1,8,1246,664,0
global,ref+idle+age+refaults+rdist,5,K+K+,sort-n40000-s2,val,sort,sort-n40000,0.1,8,1433,710,0
global,ref+idle+dirty+refaults+rdist,5,K+K+,sort-n40000-s2,val,sort,sort-n40000,0.1,8,1241,660,0
global,ref+age+dirty+refaults+rdist,5,K+K+,sort-n40000-s2,val,sort,sort-n40000,0.1,8,3814,1454,1
global,aging+sfreq+idle+age+dirty,5,K,sort-n40000-s2,val,sort,sort-n40000,0.1,8,1268,669,0
global,aging+sfreq+idle+age+refaults,5,K+K+,sort-n40000-s2,val,sort,sort-n40000,0.1,8,1269,669,0
global,aging+sfreq+idle+age+rdist,5,K+K+,sort-n40000-s2,val,sort,sort-n40000,0.1,8,1218,636,0
global,aging+sfreq+idle+dirty+refaults,5,K+K+,sort-n40000-s2,val,sort,sort-n40000,0.1,8,1267,669,0
global,aging+sfreq+idle+dirty+rdist,5,K+K+,sort-n40000-s2,val,sort,sort-n40000,0.1,8,1231,651,0
global,aging+sfreq+idle+refaults+rdist,5,K+K+,sort-n40000-s2,val,sort,sort-n40000,0.1,8,1226,646,0
global,aging+sfreq+age+dirty+refaults,5,K+K+,sort-n40000-s2,val,sort,sort-n40000,0.1,8,1263,666,0
global,aging+sfreq+age+dirty+rdist,5,K+K+,sort-n40000-s2,val,sort,sort-n40000,0.1,8,1233,653,0
global,aging+sfreq+age+refaults+rdist,5,K+K+,sort-n40000-s2,val,sort,sort-n40000,0.1,8,1240,656,0
global,aging+sfreq+dirty+refaults+rdist,5,K+K+,sort-n40000-s2,val,sort,sort-n40000,0.1,8,1227,648,0
global,aging+idle+age+dirty+refaults,5,K+K+,sort-n40000-s2,val,sort,sort-n40000,0.1,8,1269,669,0
global,aging+idle+age+dirty+rdist,5,K+K+,sort-n40000-s2,val,sort,sort-n40000,0.1,8,1234,654,0
global,aging+idle+age+refaults+rdist,5,K+K+,sort-n40000-s2,val,sort,sort-n40000,0.1,8,1240,656,0
global,aging+idle+dirty+refaults+rdist,5,K+K+,sort-n40000-s2,val,sort,sort-n40000,0.1,8,1221,642,0
global,aging+age+dirty+refaults+rdist,5,K+K+,sort-n40000-s2,val,sort,sort-n40000,0.1,8,1237,653,0
global,sfreq+idle+age+dirty+refaults,5,K+K+,sort-n40000-s2,val,sort,sort-n40000,0.1,8,1268,670,0
global,sfreq+idle+age+dirty+rdist,5,K+K+,sort-n40000-s2,val,sort,sort-n40000,0.1,8,2422,1233,0
global,sfreq+idle+age+refaults+rdist,5,K+K+,sort-n40000-s2,val,sort,sort-n40000,0.1,8,2428,1234,0
global,sfreq+idle+dirty+refaults+rdist,5,K+K+,sort-n40000-s2,val,sort,sort-n40000,0.1,8,2455,1262,0
global,sfreq+age+dirty+refaults+rdist,5,K+K+,sort-n40000-s2,val,sort,sort-n40000,0.1,8,3814,1991,1
global,idle+age+dirty+refaults+rdist,5,K+K+,sort-n40000-s2,val,sort,sort-n40000,0.1,8,2427,1235,0
global,ref+aging+sfreq+idle+age+dirty,6,K,sort-n40000-s2,val,sort,sort-n40000,0.1,8,1268,669,0
global,ref+aging+sfreq+idle+age+refaults,6,K+K+,sort-n40000-s2,val,sort,sort-n40000,0.1,8,1268,669,0
global,ref+aging+sfreq+idle+age+rdist,6,K+K+,sort-n40000-s2,val,sort,sort-n40000,0.1,8,1226,642,0
global,ref+aging+sfreq+idle+dirty+refaults,6,K+K+,sort-n40000-s2,val,sort,sort-n40000,0.1,8,1267,669,0
global,ref+aging+sfreq+idle+dirty+rdist,6,K+K+,sort-n40000-s2,val,sort,sort-n40000,0.1,8,1229,644,0
global,ref+aging+sfreq+idle+refaults+rdist,6,K+K+,sort-n40000-s2,val,sort,sort-n40000,0.1,8,1226,648,0
global,ref+aging+sfreq+age+dirty+refaults,6,K+K+,sort-n40000-s2,val,sort,sort-n40000,0.1,8,1261,665,0
global,ref+aging+sfreq+age+dirty+rdist,6,K+K+,sort-n40000-s2,val,sort,sort-n40000,0.1,8,1223,639,0
global,ref+aging+sfreq+age+refaults+rdist,6,K+K+,sort-n40000-s2,val,sort,sort-n40000,0.1,8,1224,641,0
global,ref+aging+sfreq+dirty+refaults+rdist,6,K+K+,sort-n40000-s2,val,sort,sort-n40000,0.1,8,1233,650,0
global,ref+aging+idle+age+dirty+refaults,6,K+K+,sort-n40000-s2,val,sort,sort-n40000,0.1,8,1268,669,0
global,ref+aging+idle+age+dirty+rdist,6,K+K+,sort-n40000-s2,val,sort,sort-n40000,0.1,8,1227,643,0
global,ref+aging+idle+age+refaults+rdist,6,K+K+,sort-n40000-s2,val,sort,sort-n40000,0.1,8,1227,644,0
global,ref+aging+idle+dirty+refaults+rdist,6,K+K+,sort-n40000-s2,val,sort,sort-n40000,0.1,8,1221,642,0
global,ref+aging+age+dirty+refaults+rdist,6,K+K+,sort-n40000-s2,val,sort,sort-n40000,0.1,8,1223,640,0
global,ref+sfreq+idle+age+dirty+refaults,6,K+K+,sort-n40000-s2,val,sort,sort-n40000,0.1,8,1272,674,0
global,ref+sfreq+idle+age+dirty+rdist,6,K+K+,sort-n40000-s2,val,sort,sort-n40000,0.1,8,1250,669,0
global,ref+sfreq+idle+age+refaults+rdist,6,K+K+,sort-n40000-s2,val,sort,sort-n40000,0.1,8,1343,681,0
global,ref+sfreq+idle+dirty+refaults+rdist,6,K+K+,sort-n40000-s2,val,sort,sort-n40000,0.1,8,3055,1304,0
global,ref+sfreq+age+dirty+refaults+rdist,6,K+K+,sort-n40000-s2,val,sort,sort-n40000,0.1,8,3814,1448,1
global,ref+idle+age+dirty+refaults+rdist,6,K+K+,sort-n40000-s2,val,sort,sort-n40000,0.1,8,1444,746,0
global,aging+sfreq+idle+age+dirty+refaults,6,K+K+,sort-n40000-s2,val,sort,sort-n40000,0.1,8,1269,669,0
global,aging+sfreq+idle+age+dirty+rdist,6,K+K+,sort-n40000-s2,val,sort,sort-n40000,0.1,8,1238,655,0
global,aging+sfreq+idle+age+refaults+rdist,6,K+K+,sort-n40000-s2,val,sort,sort-n40000,0.1,8,1240,659,0
global,aging+sfreq+idle+dirty+refaults+rdist,6,K+K+,sort-n40000-s2,val,sort,sort-n40000,0.1,8,1222,643,0
global,aging+sfreq+age+dirty+refaults+rdist,6,K+K+,sort-n40000-s2,val,sort,sort-n40000,0.1,8,1241,655,0
global,aging+idle+age+dirty+refaults+rdist,6,K+K+,sort-n40000-s2,val,sort,sort-n40000,0.1,8,1237,654,0
global,sfreq+idle+age+dirty+refaults+rdist,6,K+K+,sort-n40000-s2,val,sort,sort-n40000,0.1,8,2427,1235,0
global,ref+aging+sfreq+idle+age+dirty+refaults,7,K+K+,sort-n40000-s2,val,sort,sort-n40000,0.1,8,1268,669,0
global,ref+aging+sfreq+idle+age+dirty+rdist,7,K+K+,sort-n40000-s2,val,sort,sort-n40000,0.1,8,1225,641,0
global,ref+aging+sfreq+idle+age+refaults+rdist,7,K+K+,sort-n40000-s2,val,sort,sort-n40000,0.1,8,1226,642,0
global,ref+aging+sfreq+idle+dirty+refaults+rdist,7,K+K+,sort-n40000-s2,val,sort,sort-n40000,0.1,8,1229,647,0
global,ref+aging+sfreq+age+dirty+refaults+rdist,7,K+K+,sort-n40000-s2,val,sort,sort-n40000,0.1,8,1223,640,0
global,ref+aging+idle+age+dirty+refaults+rdist,7,K+K+,sort-n40000-s2,val,sort,sort-n40000,0.1,8,1232,646,0
global,ref+sfreq+idle+age+dirty+refaults+rdist,7,K+K+,sort-n40000-s2,val,sort,sort-n40000,0.1,8,1394,723,0
global,aging+sfreq+idle+age+dirty+refaults+rdist,7,K+K+,sort-n40000-s2,val,sort,sort-n40000,0.1,8,1238,656,0
global,ref+aging+sfreq+idle+age+dirty+refaults+rdist,8,K+K+,sort-n40000-s2,val,sort,sort-n40000,0.1,8,1231,644,0
global,rec+ref+aging+sfreq+idle+age+dirty,7,F+K,sort-n40000-s2,val,sort,sort-n40000,0.1,8,1268,669,0
global,rec+ref+aging+sfreq+idle+age+dirty+refaults+rdist,9,F+K+K+,sort-n40000-s2,val,sort,sort-n40000,0.1,8,1246,659,0
global,freq+ref+aging+sfreq+idle+age+dirty,7,F+K,sort-n40000-s2,val,sort,sort-n40000,0.1,8,1255,661,0
global,freq+ref+aging+sfreq+idle+age+dirty+refaults+rdist,9,F+K+K+,sort-n40000-s2,val,sort,sort-n40000,0.1,8,1235,653,0
global,sd+ref+aging+sfreq+idle+age+dirty,7,F+K,sort-n40000-s2,val,sort,sort-n40000,0.1,8,1268,669,0
global,sd+ref+aging+sfreq+idle+age+dirty+refaults+rdist,9,F+K+K+,sort-n40000-s2,val,sort,sort-n40000,0.1,8,1234,651,0
global,wr+ref+aging+sfreq+idle+age+dirty,7,F+K,sort-n40000-s2,val,sort,sort-n40000,0.1,8,1268,669,0
global,wr+ref+aging+sfreq+idle+age+dirty+refaults+rdist,9,F+K+K+,sort-n40000-s2,val,sort,sort-n40000,0.1,8,1231,644,0
global,rec+freq+ref+aging+sfreq+idle+age+dirty,8,F+K,sort-n40000-s2,val,sort,sort-n40000,0.1,8,1268,669,0
global,rec+freq+ref+aging+sfreq+idle+age+dirty+refaults+rdist,10,F+K+K+,sort-n40000-s2,val,sort,sort-n40000,0.1,8,1246,658,0
global,rec+sd+ref+aging+sfreq+idle+age+dirty,8,F+K,sort-n40000-s2,val,sort,sort-n40000,0.1,8,1268,669,0
global,rec+sd+ref+aging+sfreq+idle+age+dirty+refaults+rdist,10,F+K+K+,sort-n40000-s2,val,sort,sort-n40000,0.1,8,1243,657,0
global,rec+wr+ref+aging+sfreq+idle+age+dirty,8,F+K,sort-n40000-s2,val,sort,sort-n40000,0.1,8,1268,669,0
global,rec+wr+ref+aging+sfreq+idle+age+dirty+refaults+rdist,10,F+K+K+,sort-n40000-s2,val,sort,sort-n40000,0.1,8,1246,659,0
global,freq+sd+ref+aging+sfreq+idle+age+dirty,8,F+K,sort-n40000-s2,val,sort,sort-n40000,0.1,8,1254,660,0
global,freq+sd+ref+aging+sfreq+idle+age+dirty+refaults+rdist,10,F+K+K+,sort-n40000-s2,val,sort,sort-n40000,0.1,8,1229,648,0
global,freq+wr+ref+aging+sfreq+idle+age+dirty,8,F+K,sort-n40000-s2,val,sort,sort-n40000,0.1,8,1255,661,0
global,freq+wr+ref+aging+sfreq+idle+age+dirty+refaults+rdist,10,F+K+K+,sort-n40000-s2,val,sort,sort-n40000,0.1,8,1234,651,0
global,sd+wr+ref+aging+sfreq+idle+age+dirty,8,F+K,sort-n40000-s2,val,sort,sort-n40000,0.1,8,1268,669,0
global,sd+wr+ref+aging+sfreq+idle+age+dirty+refaults+rdist,10,F+K+K+,sort-n40000-s2,val,sort,sort-n40000,0.1,8,1234,651,0
global,rec+freq+sd+ref+aging+sfreq+idle+age+dirty,9,F+K,sort-n40000-s2,val,sort,sort-n40000,0.1,8,1268,669,0
global,rec+freq+sd+ref+aging+sfreq+idle+age+dirty+refaults+rdist,11,F+K+K+,sort-n40000-s2,val,sort,sort-n40000,0.1,8,1234,651,0
global,rec+freq+wr+ref+aging+sfreq+idle+age+dirty,9,F+K,sort-n40000-s2,val,sort,sort-n40000,0.1,8,1268,669,0
global,rec+freq+wr+ref+aging+sfreq+idle+age+dirty+refaults+rdist,11,F+K+K+,sort-n40000-s2,val,sort,sort-n40000,0.1,8,1246,658,0
global,rec+sd+wr+ref+aging+sfreq+idle+age+dirty,9,F+K,sort-n40000-s2,val,sort,sort-n40000,0.1,8,1268,669,0
global,rec+sd+wr+ref+aging+sfreq+idle+age+dirty+refaults+rdist,11,F+K+K+,sort-n40000-s2,val,sort,sort-n40000,0.1,8,1243,657,0
global,freq+sd+wr+ref+aging+sfreq+idle+age+dirty,9,F+K,sort-n40000-s2,val,sort,sort-n40000,0.1,8,1254,661,0
global,freq+sd+wr+ref+aging+sfreq+idle+age+dirty+refaults+rdist,11,F+K+K+,sort-n40000-s2,val,sort,sort-n40000,0.1,8,1231,645,0
global,rec+freq+sd+wr+ref+aging+sfreq+idle+age+dirty,10,F+K,sort-n40000-s2,val,sort,sort-n40000,0.1,8,1268,669,0
global,rec+freq+sd+wr+ref+aging+sfreq+idle+age+dirty+refaults+rdist,12,F+K+K+,sort-n40000-s2,val,sort,sort-n40000,0.1,8,1243,657,0
sort,rec,1,F,sort-n20000-s3,test,sort,sort-n20000,0.1,4,607,318,0
sort,freq,1,F,sort-n20000-s3,test,sort,sort-n20000,0.1,4,2002,1002,1
sort,sd,1,F,sort-n20000-s3,test,sort,sort-n20000,0.1,4,607,318,0
sort,wr,1,F,sort-n20000-s3,test,sort,sort-n20000,0.1,4,2002,1024,1
sort,rec+freq,2,F,sort-n20000-s3,test,sort,sort-n20000,0.1,4,607,318,0
sort,rec+sd,2,F,sort-n20000-s3,test,sort,sort-n20000,0.1,4,607,318,0
sort,rec+wr,2,F,sort-n20000-s3,test,sort,sort-n20000,0.1,4,607,318,0
sort,freq+sd,2,F,sort-n20000-s3,test,sort,sort-n20000,0.1,4,607,318,0
sort,freq+wr,2,F,sort-n20000-s3,test,sort,sort-n20000,0.1,4,2002,1001,1
sort,sd+wr,2,F,sort-n20000-s3,test,sort,sort-n20000,0.1,4,607,318,0
sort,rec+freq+sd,3,F,sort-n20000-s3,test,sort,sort-n20000,0.1,4,607,318,0
sort,rec+freq+wr,3,F,sort-n20000-s3,test,sort,sort-n20000,0.1,4,607,318,0
sort,rec+sd+wr,3,F,sort-n20000-s3,test,sort,sort-n20000,0.1,4,607,318,0
sort,freq+sd+wr,3,F,sort-n20000-s3,test,sort,sort-n20000,0.1,4,607,318,0
sort,rec+freq+sd+wr,4,F,sort-n20000-s3,test,sort,sort-n20000,0.1,4,607,318,0
sort,ref,1,K,sort-n20000-s3,test,sort,sort-n20000,0.1,4,610,318,0
sort,aging,1,K,sort-n20000-s3,test,sort,sort-n20000,0.1,4,610,318,0
sort,sfreq,1,K,sort-n20000-s3,test,sort,sort-n20000,0.1,4,2002,750,1
sort,idle,1,K,sort-n20000-s3,test,sort,sort-n20000,0.1,4,610,318,0
sort,age,1,K,sort-n20000-s3,test,sort,sort-n20000,0.1,4,632,318,0
sort,dirty,1,K,sort-n20000-s3,test,sort,sort-n20000,0.1,4,879,587,0
sort,refaults,1,K+,sort-n20000-s3,test,sort,sort-n20000,0.1,4,808,387,0
sort,rdist,1,K+,sort-n20000-s3,test,sort,sort-n20000,0.1,4,2002,1016,1
sort,ref+aging,2,K,sort-n20000-s3,test,sort,sort-n20000,0.1,4,610,318,0
sort,ref+sfreq,2,K,sort-n20000-s3,test,sort,sort-n20000,0.1,4,2002,748,1
sort,ref+idle,2,K,sort-n20000-s3,test,sort,sort-n20000,0.1,4,610,318,0
sort,ref+age,2,K,sort-n20000-s3,test,sort,sort-n20000,0.1,4,660,326,0
sort,ref+dirty,2,K,sort-n20000-s3,test,sort,sort-n20000,0.1,4,620,331,0
sort,ref+refaults,2,K+K+,sort-n20000-s3,test,sort,sort-n20000,0.1,4,611,318,0
sort,ref+rdist,2,K+K+,sort-n20000-s3,test,sort,sort-n20000,0.1,4,1173,580,0
sort,aging+sfreq,2,K,sort-n20000-s3,test,sort,sort-n20000,0.1,4,777,356,0
sort,aging+idle,2,K,sort-n20000-s3,test,sort,sort-n20000,0.1,4,610,318,0
sort,aging+age,2,K,sort-n20000-s3,test,sort,sort-n20000,0.1,4,748,338,0
sort,aging+dirty,2,K,sort-n20000-s3,test,sort,sort-n20000,0.1,4,618,329,0
sort,aging+refaults,2,K+K+,sort-n20000-s3,test,sort,sort-n20000,0.1,4,611,318,0
sort,aging+rdist,2,K+K+,sort-n20000-s3,test,sort,sort-n20000,0.1,4,1140,573,0
sort,sfreq+idle,2,K,sort-n20000-s3,test,sort,sort-n20000,0.1,4,786,347,0
sort,sfreq+age,2,K,sort-n20000-s3,test,sort,sort-n20000,0.1,4,803,353,0
sort,sfreq+dirty,2,K,sort-n20000-s3,test,sort,sort-n20000,0.1,4,2002,746,1
sort,sfreq+refaults,2,K+K+,sort-n20000-s3,test,sort,sort-n20000,0.1,4,2002,785,1
sort,sfreq+rdist,2,K+K+,sort-n20000-s3,test,sort,sort-n20000,0.1,4,2002,767,1
sort,idle+age,2,K,sort-n20000-s3,test,sort,sort-n20000,0.1,4,814,356,0
sort,idle+dirty,2,K,sort-n20000-s3,test,sort,sort-n20000,0.1,4,619,330,0
sort,idle+refaults,2,K+K+,sort-n20000-s3,test,sort,sort-n20000,0.1,4,611,318,0
sort,idle+rdist,2,K+K+,sort-n20000-s3,test,sort,sort-n20000,0.1,4,1146,575,0
sort,age+dirty,2,K,sort-n20000-s3,test,sort,sort-n20000,0.1,4,632,318,0
sort,age+refaults,2,K+K+,sort-n20000-s3,test,sort,sort-n20000,0.1,4,632,318,0
sort,age+rdist,2,K+K+,sort-n20000-s3,test,sort,sort-n20000,0.1,4,688,344,0
sort,dirty+refaults,2,K+K+,sort-n20000-s3,test,sort,sort-n20000,0.1,4,2002,1131,1
sort,dirty+rdist,2,K+K+,sort-n20000-s3,test,sort,sort-n20000,0.1,4,2002,1024,1
sort,refaults+rdist,2,K+,sort-n20000-s3,test,sort,sort-n20000,0.1,4,2002,843,1
sort,ref+aging+sfreq,3,K,sort-n20000-s3,test,sort,sort-n20000,0.1,4,688,330,0
sort,ref+aging+idle,3,K,sort-n20000-s3,test,sort,sort-n20000,0.1,4,610,318,0
sort,ref+aging+age,3,K,sort-n20000-s3,test,sort,sort-n20000,0.1,4,660,326,0
sort,ref+aging+dirty,3,K,sort-n20000-s3,test,sort,sort-n20000,0.1,4,637,337,0
sort,ref+aging+refaults,3,K+K+,sort-n20000-s3,test,sort,sort-n20000,0.1,4,611,318,0
sort,ref+aging+rdist,3,K+K+,sort-n20000-s3,test,sort,sort-n20000,0.1,4,683,347,0
sort,ref+sfreq+idle,3,K,sort-n20000-s3,test,sort,sort-n20000,0.1,4,780,346,0
sort,ref+sfreq+age,3,K,sort-n20000-s3,test,sort,sort-n20000,0.1,4,804,351,0
sort,ref+sfreq+dirty,3,K,sort-n20000-s3,test,sort,sort-n20000,0.1,4,2002,740,1
sort,ref+sfreq+refaults,3,K+K+,sort-n20000-s3,test,sort,sort-n20000,0.1,4,2002,768,1
sort,ref+sfreq+rdist,3,K+K+,sort-n20000-s3,test,sort,sort-n20000,0.1,4,2002,763,1
sort,ref+idle+age,3,K,sort-n20000-s3,test,sort,sort-n20000,0.1,4,774,344,0
sort,ref+idle+dirty,3,K,sort-n20000-s3,test,sort,sort-n20000,0.1,4,619,330,0
sort,ref+idle+refaults,3,K+K+,sort-n20000-s3,test,sort,sort-n20000,0.1,4,611,318,0
sort,ref+idle+rdist,3,K+K+,sort-n20000-s3,test,sort,sort-n20000,0.1,4,1148,576,0
sort,ref+age+dirty,3,K,sort-n20000-s3,test,sort,sort-n20000,0.1,4,670,328,0
sort,ref+age+refaults,3,K+K+,sort-n20000-s3,test,sort,sort-n20000,0.1,4,632,318,0
sort,ref+age+rdist,3,K+K+,sort-n20000-s3,test,sort,sort-n20000,0.1,4,719,349,0
sort,ref+dirty+refaults,3,K+K+,sort-n20000-s3,test,sort,sort-n20000,0.1,4,620,331,0
sort,ref+dirty+rdist,3,K+K+,sort-n20000-s3,test,sort,sort-n20000,0.1,4,1179,595,0
sort,ref+refaults+rdist,3,K+K+,sort-n20000-s3,test,sort,sort-n20000,0.1,4,602,316,0
sort,aging+sfreq+idle,3,K,sort-n20000-s3,test,sort,sort-n20000,0.1,4,738,345,0
sort,aging+sfreq+age,3,K,sort-n20000-s3,test,sort,sort-n20000,0.1,4,803,353,0
sort,aging+sfreq+dirty,3,K,sort-n20000-s3,test,sort,sort-n20000,0.1,4,790,367,0
sort,aging+sfreq+refaults,3,K+K+,sort-n20000-s3,test,sort,sort-n20000,0.1,4,718,344,0
sort,aging+sfreq+rdist,3,K+K+,sort-n20000-s3,test,sort,sort-n20000,0.1,4,757,364,0
sort,aging+idle+age,3,K,sort-n20000-s3,test,sort,sort-n20000,0.1,4,814,356,0
sort,aging+idle+dirty,3,K,sort-n20000-s3,test,sort,sort-n20000,0.1,4,619,330,0
sort,aging+idle+refaults,3,K+K+,sort-n20000-s3,test,sort,sort-n20000,0.1,4,611,318,0
sort,aging+idle+rdist,3,K+K+,sort-n20000-s3,test,sort,sort-n20000,0.1,4,1146,575,0
sort,aging+age+dirty,3,K,sort-n20000-s3,test,sort,sort-n20000,0.1,4,745,339,0
sort,aging+age+refaults,3,K+K+,sort-n20000-s3,test,sort,sort-n20000,0.1,4,632,318,0
sort,aging+age+rdist,3,K+K+,sort-n20000-s3,test,sort,sort-n20000,0.1,4,691,341,0
sort,aging+dirty+refaults,3,K+K+,sort-n20000-s3,test,sort,sort-n20000,0.1,4,618,329,0
sort,aging+dirty+rdist,3,K+K+,sort-n20000-s3,test,sort,sort-n20000,0.1,4,1137,571,0
sort,aging+refaults+rdist,3,K+K+,sort-n20000-s3,test,sort,sort-n20000,0.1,4,607,318,0
sort,sfreq+idle+age,3,K,sort-n20000-s3,test,sort,sort-n20000,0.1,4,809,354,0
sort,sfreq+idle+dirty,3,K,sort-n20000-s3,test,sort,sort-n20000,0.1,4,763,357,0
sort,sfreq+idle+refaults,3,K+K+,sort-n20000-s3,test,sort,sort-n20000,0.1,4,731,344,0
sort,sfreq+idle+rdist,3,K+K+,sort-n20000-s3,test,sort,sort-n20000,0.1,4,787,371,0
sort,sfreq+age+dirty,3,K,sort-n20000-s3,test,sort,sort-n20000,0.1,4,835,380,0
sort,sfreq+age+refaults,3,K+K+,sort-n20000-s3,test,sort,sort-n20000,0.1,4,782,349,0
sort,sfreq+age+rdist,3,K+K+,sort-n20000-s3,test,sort,sort-n20000,0.1,4,854,395,0
sort,sfreq+dirty+refaults,3,K+K+,sort-n20000-s3,test,sort,sort-n20000,0.1,4,2002,788,1
sort,sfreq+dirty+rdist,3,K+K+,sort-n20000-s3,test,sort,sort-n20000,0.1,4,2002,760,1
sort,sfreq+refaults+rdist,3,K+K+,sort-n20000-s3,test,sort,sort-n20000,0.1,4,2002,781,1
sort,idle+age+dirty,3,K,sort-n20000-s3,test,sort,sort-n20000,0.1,4,792,357,0
sort,idle+age+refaults,3,K+K+,sort-n20000-s3,test,sort,sort-n20000,0.1,4,758,342,0
sort,idle+age+rdist,3,K+K+,sort-n20000-s3,test,sort,sort-n20000,0.1,4,897,410,0
sort,idle+dirty+refaults,3,K+K+,sort-n20000-s3,test,sort,sort-n20000,0.1,4,619,330,0
sort,idle+dirty+rdist,3,K+K+,sort-n20000-s3,test,sort,sort-n20000,0.1,4,1144,574,0
sort,idle+refaults+rdist,3,K+K+,sort-n20000-s3,test,sort,sort-n20000,0.1,4,607,318,0
sort,age+dirty+refaults,3,K+K+,sort-n20000-s3,test,sort,sort-n20000,0.1,4,632,318,0
sort,age+dirty+rdist,3,K+K+,sort-n20000-s3,test,sort,sort-n20000,0.1,4,665,336,0
sort,age+refaults+rdist,3,K+K+,sort-n20000-s3,test,sort,sort-n20000,0.1,4,663,326,0
sort,dirty+refaults+rdist,3,K+K+,sort-n20000-s3,test,sort,sort-n20000,0.1,4,2002,1089,1
sort,ref+aging+sfreq+idle,4,K,sort-n20000-s3,test,sort,sort-n20000,0.1,4,650,324,0
sort,ref+aging+sfreq+age,4,K,sort-n20000-s3,test,sort,sort-n20000,0.1,4,689,330,0
sort,ref+aging+sfreq+dirty,4,K,sort-n20000-s3,test,sort,sort-n20000,0.1,4,688,341,0
sort,ref+aging+sfreq+refaults,4,K+K+,sort-n20000-s3,test,sort,sort-n20000,0.1,4,642,321,0
sort,ref+aging+sfreq+rdist,4,K+K+,sort-n20000-s3,test,sort,sort-n20000,0.1,4,696,342,0
sort,ref+aging+idle+age,4,K,sort-n20000-s3,test,sort,sort-n20000,0.1,4,660,326,0
sort,ref+aging+idle+dirty,4,K,sort-n20000-s3,test,sort,sort-n20000,0.1,4,660,341,0
sort,ref+aging+idle+refaults,4,K+K+,sort-n20000-s3,test,sort,sort-n20000,0.1,4,612,318,0
sort,ref+aging+idle+rdist,4,K+K+,sort-n20000-s3,test,sort,sort-n20000,0.1,4,679,337,0
sort,ref+aging+age+dirty,4,K,sort-n20000-s3,test,sort,sort-n20000,0.1,4,670,328,0
sort,ref+aging+age+refaults,4,K+K+,sort-n20000-s3,test,sort,sort-n20000,0.1,4,632,318,0
sort,ref+aging+age+rdist,4,K+K+,sort-n20000-s3,test,sort,sort-n20000,0.1,4,698,343,0
sort,ref+aging+dirty+refaults,4,K+K+,sort-n20000-s3,test,sort,sort-n20000,0.1,4,618,329,0
sort,ref+aging+dirty+rdist,4,K+K+,sort-n20000-s3,test,sort,sort-n20000,0.1,4,708,363,0
sort,ref+aging+refaults+rdist,4,K+K+,sort-n20000-s3,test,sort,sort-n20000,0.1,4,609,318,0
sort,ref+sfreq+idle+age,4,K,sort-n20000-s3,test,sort,sort-n20000,0.1,4,830,360,0
sort,ref+sfreq+idle+dirty,4,K,sort-n20000-s3,test,sort,sort-n20000,0.1,4,830,385,0
sort,ref+sfreq+idle+refaults,4,K+K+,sort-n20000-s3,test,sort,sort-n20000,0.1,4,731,344,0
sort,ref+sfreq+idle+rdist,4,K+K+,sort-n20000-s3,test,sort,sort-n20000,0.1,4,790,377,0
sort,ref+sfreq+age+dirty,4,K,sort-n20000-s3,test,sort,sort-n20000,0.1,4,803,374,0
sort,ref+sfreq+age+refaults,4,K+K+,sort-n20000-s3,test,sort,sort-n20000,0.1,4,782,350,0
sort,ref+sfreq+age+rdist,4,K+K+,sort-n20000-s3,test,sort,sort-n20000,0.1,4,908,406,0
sort,ref+sfreq+dirty+refaults,4,K+K+,sort-n20000-s3,test,sort,sort-n20000,0.1,4,2002,777,1
sort,ref+sfreq+dirty+rdist,4,K+K+,sort-n20000-s3,test,sort,sort-n20000,0.1,4,1766,712,0
sort,ref+sfreq+refaults+rdist,4,K+K+,sort-n20000-s3,test,sort,sort-n20000,0.1,4,1199,512,0
sort,ref+idle+age+dirty,4,K,sort-n20000-s3,test,sort,sort-n20000,0.1,4,806,374,0
sort,ref+idle+age+refaults,4,K+K+,sort-n20000-s3,test,sort,sort-n20000,0.1,4,757,342,0
sort,ref+idle+age+rdist,4,K+K+,sort-n20000-s3,test,sort,sort-n20000,0.1,4,879,404,0
sort,ref+idle+dirty+refaults,4,K+K+,sort-n20000-s3,test,sort,sort-n20000,0.1,4,619,330,0
sort,ref+idle+dirty+rdist,4,K+K+,sort-n20000-s3,test,sort,sort-n20000,0.1,4,1146,575,0
sort,ref+idle+refaults+rdist,4,K+K+,sort-n20000-s3,test,sort,sort-n20000,0.1,4,607,318,0
sort,ref+age+dirty+refaults,4,K+K+,sort-n20000-s3,test,sort,sort-n20000,0.1,4,637,321,0
sort,ref+age+dirty+rdist,4,K+K+,sort-n20000-s3,test,sort,sort-n20000,0.1,4,705,352,0
sort,ref+age+refaults+rdist,4,K+K+,sort-n20000-s3,test,sort,sort-n20000,0.1,4,663,325,0
sort,ref+dirty+refaults+rdist,4,K+K+,sort-n20000-s3,test,sort,sort-n20000,0.1,4,711,370,0
sort,aging+sfreq+idle+age,4,K,sort-n20000-s3,test,sort,sort-n20000,0.1,4,809,354,0
sort,aging+sfreq+idle+dirty,4,K,sort-n20000-s3,test,sort,sort-n20000,0.1,4,781,363,0
sort,aging+sfreq+idle+refaults,4,K+K+,sort-n20000-s3,test,sort,sort-n20000,0.1,4,723,342,0
sort,aging+sfreq+idle+rdist,4,K+K+,sort-n20000-s3,test,sort,sort-n20000,0.1,4,828,394,0
sort,aging+sfreq+age+dirty,4,K,sort-n20000-s3,test,sort,sort-n20000,0.1,4,832,380,0
sort,aging+sfreq+age+refaults,4,K+K+,sort-n20000-s3,test,sort,sort-n20000,0.1,4,709,338,0
sort,aging+sfreq+age+rdist,4,K+K+,sort-n20000-s3,test,sort,sort-n20000,0.1,4,814,379,0
sort,aging+sfreq+dirty+refaults,4,K+K+,sort-n20000-s3,test,sort,sort-n20000,0.1,4,711,339,0
sort,aging+sfreq+dirty+rdist,4,K+K+,sort-n20000-s3,test,sort,sort-n20000,0.1,4,816,385,0
sort,aging+sfreq+refaults+rdist,4,K+K+,sort-n20000-s3,test,sort,sort-n20000,0.1,4,691,333,0
sort,aging+idle+age+dirty,4,K,sort-n20000-s3,test,sort,sort-n20000,0.1,4,792,357,0
sort,aging+idle+age+refaults,4,K+K+,sort-n20000-s3,test,sort,sort-n20000,0.1,4,649,324,0
sort,aging+idle+age+rdist,4,K+K+,sort-n20000-s3,test,sort,sort-n20000,0.1,4,819,393,0
sort,aging+idle+dirty+refaults,4,K+K+,sort-n20000-s3,test,sort,sort-n20000,0.1,4,618,329,0
sort,aging+idle+dirty+rdist,4,K+K+,sort-n20000-s3,test,sort,sort-n20000,0.1,4,1067,573,0
sort,aging+idle+refaults+rdist,4,K+K+,sort-n20000-s3,test,sort,sort-n20000,0.1,4,607,318,0
sort,aging+age+dirty+refaults,4,K+K+,sort-n20000-s3,test,sort,sort-n20000,0.1,4,637,321,0
sort,aging+age+dirty+rdist,4,K+K+,sort-n20000-s3,test,sort,sort-n20000,0.1,4,766,381,0
sort,aging+age+refaults+rdist,4,K+K+,sort-n20000-s3,test,sort,sort-n20000,0.1,4,664,326,0
sort,aging+dirty+refaults+rdist,4,K+K+,sort-n20000-s3,test,sort,sort-n20000,0.1,4,618,329,0
sort,sfreq+idle+age+dirty,4,K,sort-n20000-s3,test,sort,sort-n20000,0.1,4,846,384,0
sort,sfreq+idle+age+refaults,4,K+K+,sort-n20000-s3,test,sort,sort-n20000,0.1,4,756,345,0
sort,sfreq+idle+age+rdist,4,K+K+,sort-n20000-s3,test,sort,sort-n20000,0.1,4,880,398,0
sort,sfreq+idle+dirty+refaults,4,K+K+,sort-n20000-s3,test,sort,sort-n20000,0.1,4,731,350,0
sort,sfreq+idle+dirty+rdist,4,K+K+,sort-n20000-s3,test,sort,sort-n20000,0.1,4,821,387,0
sort,sfreq+idle+refaults+rdist,4,K+K+,sort-n20000-s3,test,sort,sort-n20000,0.1,4,717,341,0
sort,sfreq+age+dirty+refaults,4,K+K+,sort-n20000-s3,test,sort,sort-n20000,0.1,4,733,352,0
sort,sfreq+age+dirty+rdist,4,K+K+,sort-n20000-s3,test,sort,sort-n20000,0.1,4,888,417,0
sort,sfreq+age+refaults+rdist,4,K+K+,sort-n20000-s3,test,sort,sort-n20000,0.1,4,785,354,0
sort,sfreq+dirty+refaults+rdist,4,K+K+,sort-n20000-s3,test,sort,sort-n20000,0.1,4,2002,748,1
sort,idle+age+dirty+refaults,4,K+K+,sort-n20000-s3,test,sort,sort-n20000,0.1,4,717,340,0
sort,idle+age+dirty+rdist,4,K+K+,sort-n20000-s3,test,sort,sort-n20000,0.1,4,898,429,0
sort,idle+age+refaults+rdist,4,K+K+,sort-n20000-s3,test,sort,sort-n20000,0.1,4,748,338,0
sort,idle+dirty+refaults+rdist,4,K+K+,sort-n20000-s3,test,sort,sort-n20000,0.1,4,619,330,0
sort,age+dirty+refaults+rdist,4,K+K+,sort-n20000-s3,test,sort,sort-n20000,0.1,4,670,331,0
sort,ref+aging+sfreq+idle+age,5,K,sort-n20000-s3,test,sort,sort-n20000,0.1,4,747,336,0
sort,ref+aging+sfreq+idle+dirty,5,K,sort-n20000-s3,test,sort,sort-n20000,0.1,4,670,332,0
sort,ref+aging+sfreq+idle+refaults,5,K+K+,sort-n20000-s3,test,sort,sort-n20000,0.1,4,642,321,0
sort,ref+aging+sfreq+idle+rdist,5,K+K+,sort-n20000-s3,test,sort,sort-n20000,0.1,4,695,341,0
sort,ref+aging+sfreq+age+dirty,5,K,sort-n20000-s3,test,sort,sort-n20000,0.1,4,718,346,0
sort,ref+aging+sfreq+age+refaults,5,K+K+,sort-n20000-s3,test,sort,sort-n20000,0.1,4,649,324,0
sort,ref+aging+sfreq+age+rdist,5,K+K+,sort-n20000-s3,test,sort,sort-n20000,0.1,4,697,343,0
sort,ref+aging+sfreq+dirty+refaults,5,K+K+,sort-n20000-s3,test,sort,sort-n20000,0.1,4,649,327,0
sort,ref+aging+sfreq+dirty+rdist,5,K+K+,sort-n20000-s3,test,sort,sort-n20000,0.1,4,737,368,0
sort,ref+aging+sfreq+refaults+rdist,5,K+K+,sort-n20000-s3,test,sort,sort-n20000,0.1,4,635,321,0
sort,ref+aging+idle+age+dirty,5,K,sort-n20000-s3,test,sort,sort-n20000,0.1,4,654,326,0
sort,ref+aging+idle+age+refaults,5,K+K+,sort-n20000-s3,test,sort,sort-n20000,0.1,4,665,327,0
sort,ref+aging+idle+age+rdist,5,K+K+,sort-n20000-s3,test,sort,sort-n20000,0.1,4,677,332,0
sort,ref+aging+idle+dirty+refaults,5,K+K+,sort-n20000-s3,test,sort,sort-n20000,0.1,4,622,325,0
sort,ref+aging+idle+dirty+rdist,5,K+K+,sort-n20000-s3,test,sort,sort-n20000,0.1,4,659,339,0
sort,ref+aging+idle+refaults+rdist,5,K+K+,sort-n20000-s3,test,sort,sort-n20000,0.1,4,609,318,0
sort,ref+aging+age+dirty+refaults,5,K+K+,sort-n20000-s3,test,sort,sort-n20000,0.1,4,636,321,0
sort,ref+aging+age+dirty+rdist,5,K+K+,sort-n20000-s3,test,sort,sort-n20000,0.1,4,686,344,0
sort,ref+aging+age+refaults+rdist,5,K+K+,sort-n20000-s3,test,sort,sort-n20000,0.1,4,662,326,0
sort,ref+aging+dirty+refaults+rdist,5,K+K+,sort-n20000-s3,test,sort,sort-n20000,0.1,4,623,325,0
sort,ref+sfreq+idle+age+dirty,5,K,sort-n20000-s3,test,sort,sort-n20000,0.1,4,823,381,0
sort,ref+sfreq+idle+age+refaults,5,K+K+,sort-n20000-s3,test,sort,sort-n20000,0.1,4,756,345,0
sort,ref+sfreq+idle+age+rdist,5,K+K+,sort-n20000-s3,test,sort,sort-n20000,0.1,4,859,392,0
sort,ref+sfreq+idle+dirty+refaults,5,K+K+,sort-n20000-s3,test,sort,sort-n20000,0.1,4,718,346,0
sort,ref+sfreq+idle+dirty+rdist,5,K+K+,sort-n20000-s3,test,sort,sort-n20000,0.1,4,825,389,0
sort,ref+sfreq+idle+refaults+rdist,5,K+K+,sort-n20000-s3,test,sort,sort-n20000,0.1,4,728,348,0
sort,ref+sfreq+age+dirty+refaults,5,K+K+,sort-n20000-s3,test,sort,sort-n20000,0.1,4,741,355,0
sort,ref+sfreq+age+dirty+rdist,5,K+K+,sort-n20000-s3,test,sort,sort-n20000,0.1,4,831,398,0
sort,ref+sfreq+age+refaults+rdist,5,K+K+,sort-n20000-s3,test,sort,sort-n20000,0.1,4,766,354,0
sort,ref+sfreq+dirty+refaults+rdist,5,K+K+,sort-n20000-s3,test,sort,sort-n20000,0.1,4,1363,571,0
sort,ref+idle+age+dirty+refaults,5,K+K+,sort-n20000-s3,test,sort,sort-n20000,0.1,4,703,337,0
sort,ref+idle+age+dirty+rdist,5,K+K+,sort-n20000-s3,test,sort,sort-n20000,0.1,4,869,414,0
sort,ref+idle+age+refaults+rdist,5,K+K+,sort-n20000-s3,test,sort,sort-n20000,0.1,4,747,338,0
sort,ref+idle+dirty+refaults+rdist,5,K+K+,sort-n20000-s3,test,sort,sort-n20000,0.1,4,619,330,0
sort,ref+age+dirty+refaults+rdist,5,K+K+,sort-n20000-s3,test,sort,sort-n20000,0.1,4,662,327,0
sort,aging+sfreq+idle+age+dirty,5,K,sort-n20000-s3,test,sort,sort-n20000,0.1,4,844,382,0
sort,aging+sfreq+idle+age+refaults,5,K+K+,sort-n20000-s3,test,sort,sort-n20000,0.1,4,699,335,0
sort,aging+sfreq+idle+age+rdist,5,K+K+,sort-n20000-s3,test,sort,sort-n20000,0.1,4,808,378,0
sort,aging+sfreq+idle+dirty+refaults,5,K+K+,sort-n20000-s3,test,sort,sort-n20000,0.1,4,669,331,0
sort,aging+sfreq+idle+dirty+rdist,5,K+K+,sort-n20000-s3,test,sort,sort-n20000,0.1,4,812,383,0
sort,aging+sfreq+idle+refaults+rdist,5,K+K+,sort-n20000-s3,test,sort,sort-n20000,0.1,4,690,332,0
sort,aging+sfreq+age+dirty+refaults,5,K+K+,sort-n20000-s3,test,sort,sort-n20000,0.1,4,672,336,0
sort,aging+sfreq+age+dirty+rdist,5,K+K+,sort-n20000-s3,test,sort,sort-n20000,0.1,4,864,411,0
sort,aging+sfreq+age+refaults+rdist,5,K+K+,sort-n20000-s3,test,sort,sort-n20000,0.1,4,701,334,0
sort,aging+sfreq+dirty+refaults+rdist,5,K+K+,sort-n20000-s3,test,sort,sort-n20000,0.1,4,728,358,0
sort,aging+idle+age+dirty+refaults,5,K+K+,sort-n20000-s3,test,sort,sort-n20000,0.1,4,646,326,0
sort,aging+idle+age+dirty+rdist,5,K+K+,sort-n20000-s3,test,sort,sort-n20000,0.1,4,791,385,0
sort,aging+idle+age+refaults+rdist,5,K+K+,sort-n20000-s3,test,sort,sort-n20000,0.1,4,685,334,0
sort,aging+idle+dirty+refaults+rdist,5,K+K+,sort-n20000-s3,test,sort,sort-n20000,0.1,4,618,329,0
sort,aging+age+dirty+refaults+rdist,5,K+K+,sort-n20000-s3,test,sort,sort-n20000,0.1,4,671,332,0
sort,sfreq+idle+age+dirty+refaults,5,K+K+,sort-n20000-s3,test,sort,sort-n20000,0.1,4,733,351,0
sort,sfreq+idle+age+dirty+rdist,5,K+K+,sort-n20000-s3,test,sort,sort-n20000,0.1,4,882,413,0
sort,sfreq+idle+age+refaults+rdist,5,K+K+,sort-n20000-s3,test,sort,sort-n20000,0.1,4,770,356,0
sort,sfreq+idle+dirty+refaults+rdist,5,K+K+,sort-n20000-s3,test,sort,sort-n20000,0.1,4,720,344,0
sort,sfreq+age+dirty+refaults+rdist,5,K+K+,sort-n20000-s3,test,sort,sort-n20000,0.1,4,717,347,0
sort,idle+age+dirty+refaults+rdist,5,K+K+,sort-n20000-s3,test,sort,sort-n20000,0.1,4,730,349,0
sort,ref+aging+sfreq+idle+age+dirty,6,K,sort-n20000-s3,test,sort,sort-n20000,0.1,4,657,326,0
sort,ref+aging+sfreq+idle+age+refaults,6,K+K+,sort-n20000-s3,test,sort,sort-n20000,0.1,4,662,326,0
sort,ref+aging+sfreq+idle+age+rdist,6,K+K+,sort-n20000-s3,test,sort,sort-n20000,0.1,4,691,337,0
sort,ref+aging+sfreq+idle+dirty+refaults,6,K+K+,sort-n20000-s3,test,sort,sort-n20000,0.1,4,653,324,0
sort,ref+aging+sfreq+idle+dirty+rdist,6,K+K+,sort-n20000-s3,test,sort,sort-n20000,0.1,4,711,350,0
sort,ref+aging+sfreq+idle+refaults+rdist,6,K+K+,sort-n20000-s3,test,sort,sort-n20000,0.1,4,652,323,0
sort,ref+aging+sfreq+age+dirty+refaults,6,K+K+,sort-n20000-s3,test,sort,sort-n20000,0.1,4,649,327,0
sort,ref+aging+sfreq+age+dirty+rdist,6,K+K+,sort-n20000-s3,test,sort,sort-n20000,0.1,4,735,366,0
sort,ref+aging+sfreq+age+refaults+rdist,6,K+K+,sort-n20000-s3,test,sort,sort-n20000,0.1,4,635,321,0
sort,ref+aging+sfreq+dirty+refaults+rdist,6,K+K+,sort-n20000-s3,test,sort,sort-n20000,0.1,4,660,332,0
sort,ref+aging+idle+age+dirty+refaults,6,K+K+,sort-n20000-s3,test,sort,sort-n20000,0.1,4,651,323,0
sort,ref+aging+idle+age+dirty+rdist,6,K+K+,sort-n20000-s3,test,sort,sort-n20000,0.1,4,680,335,0
sort,ref+aging+idle+age+refaults+rdist,6,K+K+,sort-n20000-s3,test,sort,sort-n20000,0.1,4,665,327,0
sort,ref+aging+idle+dirty+refaults+rdist,6,K+K+,sort-n20000-s3,test,sort,sort-n20000,0.1,4,623,325,0
sort,ref+aging+age+dirty+refaults+rdist,6,K+K+,sort-n20000-s3,test,sort,sort-n20000,0.1,4,665,329,0
sort,ref+sfreq+idle+age+dirty+refaults,6,K+K+,sort-n20000-s3,test,sort,sort-n20000,0.1,4,733,351,0
sort,ref+sfreq+idle+age+dirty+rdist,6,K+K+,sort-n20000-s3,test,sort,sort-n20000,0.1,4,817,393,0
sort,ref+sfreq+idle+age+refaults+rdist,6,K+K+,sort-n20000-s3,test,sort,sort-n20000,0.1,4,756,351,0
sort,ref+sfreq+idle+dirty+refaults+rdist,6,K+K+,sort-n20000-s3,test,sort,sort-n20000,0.1,4,741,353,0
sort,ref+sfreq+age+dirty+refaults+rdist,6,K+K+,sort-n20000-s3,test,sort,sort-n20000,0.1,4,722,348,0
sort,ref+idle+age+dirty+refaults+rdist,6,K+K+,sort-n20000-s3,test,sort,sort-n20000,0.1,4,736,349,0
sort,aging+sfreq+idle+age+dirty+refaults,6,K+K+,sort-n20000-s3,test,sort,sort-n20000,0.1,4,662,331,0
sort,aging+sfreq+idle+age+dirty+rdist,6,K+K+,sort-n20000-s3,test,sort,sort-n20000,0.1,4,820,398,0
sort,aging+sfreq+idle+age+refaults+rdist,6,K+K+,sort-n20000-s3,test,sort,sort-n20000,0.1,4,708,336,0
sort,aging+sfreq+idle+dirty+refaults+rdist,6,K+K+,sort-n20000-s3,test,sort,sort-n20000,0.1,4,704,349,0
sort,aging+sfreq+age+dirty+refaults+rdist,6,K+K+,sort-n20000-s3,test,sort,sort-n20000,0.1,4,693,344,0
sort,aging+idle+age+dirty+refaults+rdist,6,K+K+,sort-n20000-s3,test,sort,sort-n20000,0.1,4,679,334,0
sort,sfreq+idle+age+dirty+refaults+rdist,6,K+K+,sort-n20000-s3,test,sort,sort-n20000,0.1,4,713,346,0
sort,ref+aging+sfreq+idle+age+dirty+refaults,7,K+K+,sort-n20000-s3,test,sort,sort-n20000,0.1,4,657,326,0
sort,ref+aging+sfreq+idle+age+dirty+rdist,7,K+K+,sort-n20000-s3,test,sort,sort-n20000,0.1,4,686,338,0
sort,ref+aging+sfreq+idle+age+refaults+rdist,7,K+K+,sort-n20000-s3,test,sort,sort-n20000,0.1,4,664,327,0
sort,ref+aging+sfreq+idle+dirty+refaults+rdist,7,K+K+,sort-n20000-s3,test,sort,sort-n20000,0.1,4,649,325,0
sort,ref+aging+sfreq+age+dirty+refaults+rdist,7,K+K+,sort-n20000-s3,test,sort,sort-n20000,0.1,4,660,332,0
sort,ref+aging+idle+age+dirty+refaults+rdist,7,K+K+,sort-n20000-s3,test,sort,sort-n20000,0.1,4,665,328,0
sort,ref+sfreq+idle+age+dirty+refaults+rdist,7,K+K+,sort-n20000-s3,test,sort,sort-n20000,0.1,4,717,348,0
sort,aging+sfreq+idle+age+dirty+refaults+rdist,7,K+K+,sort-n20000-s3,test,sort,sort-n20000,0.1,4,699,347,0
sort,ref+aging+sfreq+idle+age+dirty+refaults+rdist,8,K+K+,sort-n20000-s3,test,sort,sort-n20000,0.1,4,651,326,0
sort,rec+ref+aging+sfreq+idle+age+dirty,7,F+K,sort-n20000-s3,test,sort,sort-n20000,0.1,4,610,318,0
sort,rec+ref+aging+sfreq+idle+age+dirty+refaults+rdist,9,F+K+K+,sort-n20000-s3,test,sort,sort-n20000,0.1,4,612,318,0
sort,freq+ref+aging+sfreq+idle+age+dirty,7,F+K,sort-n20000-s3,test,sort,sort-n20000,0.1,4,674,330,0
sort,freq+ref+aging+sfreq+idle+age+dirty+refaults+rdist,9,F+K+K+,sort-n20000-s3,test,sort,sort-n20000,0.1,4,655,329,0
sort,sd+ref+aging+sfreq+idle+age+dirty,7,F+K,sort-n20000-s3,test,sort,sort-n20000,0.1,4,606,318,0
sort,sd+ref+aging+sfreq+idle+age+dirty+refaults+rdist,9,F+K+K+,sort-n20000-s3,test,sort,sort-n20000,0.1,4,606,318,0
sort,wr+ref+aging+sfreq+idle+age+dirty,7,F+K,sort-n20000-s3,test,sort,sort-n20000,0.1,4,657,326,0
sort,wr+ref+aging+sfreq+idle+age+dirty+refaults+rdist,9,F+K+K+,sort-n20000-s3,test,sort,sort-n20000,0.1,4,651,326,0
sort,rec+freq+ref+aging+sfreq+idle+age+dirty,8,F+K,sort-n20000-s3,test,sort,sort-n20000,0.1,4,610,318,0
sort,rec+freq+ref+aging+sfreq+idle+age+dirty+refaults+rdist,10,F+K+K+,sort-n20000-s3,test,sort,sort-n20000,0.1,4,613,318,0
sort,rec+sd+ref+aging+sfreq+idle+age+dirty,8,F+K,sort-n20000-s3,test,sort,sort-n20000,0.1,4,607,318,0
sort,rec+sd+ref+aging+sfreq+idle+age+dirty+refaults+rdist,10,F+K+K+,sort-n20000-s3,test,sort,sort-n20000,0.1,4,607,318,0
sort,rec+wr+ref+aging+sfreq+idle+age+dirty,8,F+K,sort-n20000-s3,test,sort,sort-n20000,0.1,4,610,318,0
sort,rec+wr+ref+aging+sfreq+idle+age+dirty+refaults+rdist,10,F+K+K+,sort-n20000-s3,test,sort,sort-n20000,0.1,4,612,318,0
sort,freq+sd+ref+aging+sfreq+idle+age+dirty,8,F+K,sort-n20000-s3,test,sort,sort-n20000,0.1,4,606,318,0
sort,freq+sd+ref+aging+sfreq+idle+age+dirty+refaults+rdist,10,F+K+K+,sort-n20000-s3,test,sort,sort-n20000,0.1,4,606,318,0
sort,freq+wr+ref+aging+sfreq+idle+age+dirty,8,F+K,sort-n20000-s3,test,sort,sort-n20000,0.1,4,684,331,0
sort,freq+wr+ref+aging+sfreq+idle+age+dirty+refaults+rdist,10,F+K+K+,sort-n20000-s3,test,sort,sort-n20000,0.1,4,655,329,0
sort,sd+wr+ref+aging+sfreq+idle+age+dirty,8,F+K,sort-n20000-s3,test,sort,sort-n20000,0.1,4,606,318,0
sort,sd+wr+ref+aging+sfreq+idle+age+dirty+refaults+rdist,10,F+K+K+,sort-n20000-s3,test,sort,sort-n20000,0.1,4,606,318,0
sort,rec+freq+sd+ref+aging+sfreq+idle+age+dirty,9,F+K,sort-n20000-s3,test,sort,sort-n20000,0.1,4,607,318,0
sort,rec+freq+sd+ref+aging+sfreq+idle+age+dirty+refaults+rdist,11,F+K+K+,sort-n20000-s3,test,sort,sort-n20000,0.1,4,607,318,0
sort,rec+freq+wr+ref+aging+sfreq+idle+age+dirty,9,F+K,sort-n20000-s3,test,sort,sort-n20000,0.1,4,610,318,0
sort,rec+freq+wr+ref+aging+sfreq+idle+age+dirty+refaults+rdist,11,F+K+K+,sort-n20000-s3,test,sort,sort-n20000,0.1,4,613,318,0
sort,rec+sd+wr+ref+aging+sfreq+idle+age+dirty,9,F+K,sort-n20000-s3,test,sort,sort-n20000,0.1,4,607,318,0
sort,rec+sd+wr+ref+aging+sfreq+idle+age+dirty+refaults+rdist,11,F+K+K+,sort-n20000-s3,test,sort,sort-n20000,0.1,4,607,318,0
sort,freq+sd+wr+ref+aging+sfreq+idle+age+dirty,9,F+K,sort-n20000-s3,test,sort,sort-n20000,0.1,4,606,318,0
sort,freq+sd+wr+ref+aging+sfreq+idle+age+dirty+refaults+rdist,11,F+K+K+,sort-n20000-s3,test,sort,sort-n20000,0.1,4,606,318,0
sort,rec+freq+sd+wr+ref+aging+sfreq+idle+age+dirty,10,F+K,sort-n20000-s3,test,sort,sort-n20000,0.1,4,607,318,0
sort,rec+freq+sd+wr+ref+aging+sfreq+idle+age+dirty+refaults+rdist,12,F+K+K+,sort-n20000-s3,test,sort,sort-n20000,0.1,4,607,318,0
global,rec,1,F,sort-n20000-s3,test,sort,sort-n20000,0.1,4,607,318,0
global,freq,1,F,sort-n20000-s3,test,sort,sort-n20000,0.1,4,2002,1002,1
global,sd,1,F,sort-n20000-s3,test,sort,sort-n20000,0.1,4,607,318,0
global,wr,1,F,sort-n20000-s3,test,sort,sort-n20000,0.1,4,2002,1024,1
global,rec+freq,2,F,sort-n20000-s3,test,sort,sort-n20000,0.1,4,607,318,0
global,rec+sd,2,F,sort-n20000-s3,test,sort,sort-n20000,0.1,4,607,318,0
global,rec+wr,2,F,sort-n20000-s3,test,sort,sort-n20000,0.1,4,607,318,0
global,freq+sd,2,F,sort-n20000-s3,test,sort,sort-n20000,0.1,4,607,318,0
global,freq+wr,2,F,sort-n20000-s3,test,sort,sort-n20000,0.1,4,2002,1003,1
global,sd+wr,2,F,sort-n20000-s3,test,sort,sort-n20000,0.1,4,607,318,0
global,rec+freq+sd,3,F,sort-n20000-s3,test,sort,sort-n20000,0.1,4,607,318,0
global,rec+freq+wr,3,F,sort-n20000-s3,test,sort,sort-n20000,0.1,4,607,318,0
global,rec+sd+wr,3,F,sort-n20000-s3,test,sort,sort-n20000,0.1,4,607,318,0
global,freq+sd+wr,3,F,sort-n20000-s3,test,sort,sort-n20000,0.1,4,607,318,0
global,rec+freq+sd+wr,4,F,sort-n20000-s3,test,sort,sort-n20000,0.1,4,607,318,0
global,ref,1,K,sort-n20000-s3,test,sort,sort-n20000,0.1,4,610,318,0
global,aging,1,K,sort-n20000-s3,test,sort,sort-n20000,0.1,4,610,318,0
global,sfreq,1,K,sort-n20000-s3,test,sort,sort-n20000,0.1,4,2002,1001,1
global,idle,1,K,sort-n20000-s3,test,sort,sort-n20000,0.1,4,610,318,0
global,age,1,K,sort-n20000-s3,test,sort,sort-n20000,0.1,4,632,318,0
global,dirty,1,K,sort-n20000-s3,test,sort,sort-n20000,0.1,4,879,587,0
global,refaults,1,K+,sort-n20000-s3,test,sort,sort-n20000,0.1,4,808,387,0
global,rdist,1,K+,sort-n20000-s3,test,sort,sort-n20000,0.1,4,2002,1016,1
global,ref+aging,2,K,sort-n20000-s3,test,sort,sort-n20000,0.1,4,610,318,0
global,ref+sfreq,2,K,sort-n20000-s3,test,sort,sort-n20000,0.1,4,2002,753,1
global,ref+idle,2,K,sort-n20000-s3,test,sort,sort-n20000,0.1,4,610,318,0
global,ref+age,2,K,sort-n20000-s3,test,sort,sort-n20000,0.1,4,610,318,0
global,ref+dirty,2,K,sort-n20000-s3,test,sort,sort-n20000,0.1,4,620,331,0
global,ref+refaults,2,K+K+,sort-n20000-s3,test,sort,sort-n20000,0.1,4,611,318,0
global,ref+rdist,2,K+K+,sort-n20000-s3,test,sort,sort-n20000,0.1,4,601,316,0
global,aging+sfreq,2,K,sort-n20000-s3,test,sort,sort-n20000,0.1,4,617,328,0
global,aging+idle,2,K,sort-n20000-s3,test,sort,sort-n20000,0.1,4,610,318,0
global,aging+age,2,K,sort-n20000-s3,test,sort,sort-n20000,0.1,4,617,328,0
global,aging+dirty,2,K,sort-n20000-s3,test,sort,sort-n20000,0.1,4,614,325,0
global,aging+refaults,2,K+K+,sort-n20000-s3,test,sort,sort-n20000,0.1,4,611,318,0
global,aging+rdist,2,K+K+,sort-n20000-s3,test,sort,sort-n20000,0.1,4,603,316,0
global,sfreq+idle,2,K,sort-n20000-s3,test,sort,sort-n20000,0.1,4,618,329,0
global,sfreq+age,2,K,sort-n20000-s3,test,sort,sort-n20000,0.1,4,619,329,0
global,sfreq+dirty,2,K,sort-n20000-s3,test,sort,sort-n20000,0.1,4,2002,1003,1
global,sfreq+refaults,2,K+K+,sort-n20000-s3,test,sort,sort-n20000,0.1,4,2002,1018,1
global,sfreq+rdist,2,K+K+,sort-n20000-s3,test,sort,sort-n20000,0.1,4,2002,1017,1
global,idle+age,2,K,sort-n20000-s3,test,sort,sort-n20000,0.1,4,618,329,0
global,idle+dirty,2,K,sort-n20000-s3,test,sort,sort-n20000,0.1,4,619,330,0
global,idle+refaults,2,K+K+,sort-n20000-s3,test,sort,sort-n20000,0.1,4,611,318,0
global,idle+rdist,2,K+K+,sort-n20000-s3,test,sort,sort-n20000,0.1,4,1151,577,0
global,age+dirty,2,K,sort-n20000-s3,test,sort,sort-n20000,0.1,4,632,326,0
global,age+refaults,2,K+K+,sort-n20000-s3,test,sort,sort-n20000,0.1,4,2002,1011,1
global,age+rdist,2,K+K+,sort-n20000-s3,test,sort,sort-n20000,0.1,4,1277,632,0
global,dirty+refaults,2,K+K+,sort-n20000-s3,test,sort,sort-n20000,0.1,4,2002,663,1
global,dirty+rdist,2,K+K+,sort-n20000-s3,test,sort,sort-n20000,0.1,4,2002,1024,1
global,refaults+rdist,2,K+,sort-n20000-s3,test,sort,sort-n20000,0.1,4,2002,827,1
global,ref+aging+sfreq,3,K,sort-n20000-s3,test,sort,sort-n20000,0.1,4,617,328,0
global,ref+aging+idle,3,K,sort-n20000-s3,test,sort,sort-n20000,0.1,4,610,318,0
global,ref+aging+age,3,K,sort-n20000-s3,test,sort,sort-n20000,0.1,4,620,324,0
global,ref+aging+dirty,3,K,sort-n20000-s3,test,sort,sort-n20000,0.1,4,614,325,0
global,ref+aging+refaults,3,K+K+,sort-n20000-s3,test,sort,sort-n20000,0.1,4,611,318,0
global,ref+aging+rdist,3,K+K+,sort-n20000-s3,test,sort,sort-n20000,0.1,4,609,318,0
global,ref+sfreq+idle,3,K,sort-n20000-s3,test,sort,sort-n20000,0.1,4,618,329,0
global,ref+sfreq+age,3,K,sort-n20000-s3,test,sort,sort-n20000,0.1,4,628,329,0
global,ref+sfreq+dirty,3,K,sort-n20000-s3,test,sort,sort-n20000,0.1,4,2002,754,1
global,ref+sfreq+refaults,3,K+K+,sort-n20000-s3,test,sort,sort-n20000,0.1,4,2002,757,1
global,ref+sfreq+rdist,3,K+K+,sort-n20000-s3,test,sort,sort-n20000,0.1,4,601,316,0
global,ref+idle+age,3,K,sort-n20000-s3,test,sort,sort-n20000,0.1,4,618,329,0
global,ref+idle+dirty,3,K,sort-n20000-s3,test,sort,sort-n20000,0.1,4,619,330,0
global,ref+idle+refaults,3,K+K+,sort-n20000-s3,test,sort,sort-n20000,0.1,4,611,318,0
global,ref+idle+rdist,3,K+K+,sort-n20000-s3,test,sort,sort-n20000,0.1,4,603,316,0
global,ref+age+dirty,3,K,sort-n20000-s3,test,sort,sort-n20000,0.1,4,620,331,0
global,ref+age+refaults,3,K+K+,sort-n20000-s3,test,sort,sort-n20000,0.1,4,2002,753,1
global,ref+age+rdist,3,K+K+,sort-n20000-s3,test,sort,sort-n20000,0.1,4,603,316,0
global,ref+dirty+refaults,3,K+K+,sort-n20000-s3,test,sort,sort-n20000,0.1,4,637,318,0
global,ref+dirty+rdist,3,K+K+,sort-n20000-s3,test,sort,sort-n20000,0.1,4,643,338,0
global,ref+refaults+rdist,3,K+K+,sort-n20000-s3,test,sort,sort-n20000,0.1,4,602,316,0
global,aging+sfreq+idle,3,K,sort-n20000-s3,test,sort,sort-n20000,0.1,4,617,328,0
global,aging+sfreq+age,3,K,sort-n20000-s3,test,sort,sort-n20000,0.1,4,617,328,0
global,aging+sfreq+dirty,3,K,sort-n20000-s3,test,sort,sort-n20000,0.1,4,618,329,0
global,aging+sfreq+refaults,3,K+K+,sort-n20000-s3,test,sort,sort-n20000,0.1,4,618,329,0
global,aging+sfreq+rdist,3,K+K+,sort-n20000-s3,test,sort,sort-n20000,0.1,4,608,321,0
global,aging+idle+age,3,K,sort-n20000-s3,test,sort,sort-n20000,0.1,4,617,328,0
global,aging+idle+dirty,3,K,sort-n20000-s3,test,sort,sort-n20000,0.1,4,614,325,0
global,aging+idle+refaults,3,K+K+,sort-n20000-s3,test,sort,sort-n20000,0.1,4,611,318,0
global,aging+idle+rdist,3,K+K+,sort-n20000-s3,test,sort,sort-n20000,0.1,4,603,316,0
global,aging+age+dirty,3,K,sort-n20000-s3,test,sort,sort-n20000,0.1,4,618,329,0
global,aging+age+refaults,3,K+K+,sort-n20000-s3,test,sort,sort-n20000,0.1,4,617,328,0
global,aging+age+rdist,3,K+K+,sort-n20000-s3,test,sort,sort-n20000,0.1,4,613,326,0
global,aging+dirty+refaults,3,K+K+,sort-n20000-s3,test,sort,sort-n20000,0.1,4,611,318,0
global,aging+dirty+rdist,3,K+K+,sort-n20000-s3,test,sort,sort-n20000,0.1,4,618,329,0
global,aging+refaults+rdist,3,K+K+,sort-n20000-s3,test,sort,sort-n20000,0.1,4,605,317,0
global,sfreq+idle+age,3,K,sort-n20000-s3,test,sort,sort-n20000,0.1,4,618,329,0
global,sfreq+idle+dirty,3,K,sort-n20000-s3,test,sort,sort-n20000,0.1,4,622,333,0
global,sfreq+idle+refaults,3,K+K+,sort-n20000-s3,test,sort,sort-n20000,0.1,4,731,360,0
global,sfreq+idle+rdist,3,K+K+,sort-n20000-s3,test,sort,sort-n20000,0.1,4,1151,577,0
global,sfreq+age+dirty,3,K,sort-n20000-s3,test,sort,sort-n20000,0.1,4,679,367,0
global,sfreq+age+refaults,3,K+K+,sort-n20000-s3,test,sort,sort-n20000,0.1,4,2002,905,1
global,sfreq+age+rdist,3,K+K+,sort-n20000-s3,test,sort,sort-n20000,0.1,4,1150,577,0
global,sfreq+dirty+refaults,3,K+K+,sort-n20000-s3,test,sort,sort-n20000,0.1,4,2002,1030,1
global,sfreq+dirty+rdist,3,K+K+,sort-n20000-s3,test,sort,sort-n20000,0.1,4,2002,1003,1
global,sfreq+refaults+rdist,3,K+K+,sort-n20000-s3,test,sort,sort-n20000,0.1,4,2002,1018,1
global,idle+age+dirty,3,K,sort-n20000-s3,test,sort,sort-n20000,0.1,4,622,333,0
global,idle+age+refaults,3,K+K+,sort-n20000-s3,test,sort,sort-n20000,0.1,4,675,338,0
global,idle+age+rdist,3,K+K+,sort-n20000-s3,test,sort,sort-n20000,0.1,4,1151,577,0
global,idle+dirty+refaults,3,K+K+,sort-n20000-s3,test,sort,sort-n20000,0.1,4,611,318,0
global,idle+dirty+rdist,3,K+K+,sort-n20000-s3,test,sort,sort-n20000,0.1,4,1159,590,0
global,idle+refaults+rdist,3,K+K+,sort-n20000-s3,test,sort,sort-n20000,0.1,4,1152,578,0
global,age+dirty+refaults,3,K+K+,sort-n20000-s3,test,sort,sort-n20000,0.1,4,2002,1011,1
global,age+dirty+rdist,3,K+K+,sort-n20000-s3,test,sort,sort-n20000,0.1,4,1900,1090,0
global,age+refaults+rdist,3,K+K+,sort-n20000-s3,test,sort,sort-n20000,0.1,4,2002,1006,1
global,dirty+refaults+rdist,3,K+K+,sort-n20000-s3,test,sort,sort-n20000,0.1,4,2002,947,1
global,ref+aging+sfreq+idle,4,K,sort-n20000-s3,test,sort,sort-n20000,0.1,4,617,328,0
global,ref+aging+sfreq+age,4,K,sort-n20000-s3,test,sort,sort-n20000,0.1,4,620,324,0
global,ref+aging+sfreq+dirty,4,K,sort-n20000-s3,test,sort,sort-n20000,0.1,4,619,330,0
global,ref+aging+sfreq+refaults,4,K+K+,sort-n20000-s3,test,sort,sort-n20000,0.1,4,620,328,0
global,ref+aging+sfreq+rdist,4,K+K+,sort-n20000-s3,test,sort,sort-n20000,0.1,4,625,327,0
global,ref+aging+idle+age,4,K,sort-n20000-s3,test,sort,sort-n20000,0.1,4,617,328,0
global,ref+aging+idle+dirty,4,K,sort-n20000-s3,test,sort,sort-n20000,0.1,4,614,325,0
global,ref+aging+idle+refaults,4,K+K+,sort-n20000-s3,test,sort,sort-n20000,0.1,4,611,318,0
global,ref+aging+idle+rdist,4,K+K+,sort-n20000-s3,test,sort,sort-n20000,0.1,4,609,318,0
global,ref+aging+age+dirty,4,K,sort-n20000-s3,test,sort,sort-n20000,0.1,4,618,329,0
global,ref+aging+age+refaults,4,K+K+,sort-n20000-s3,test,sort,sort-n20000,0.1,4,620,328,0
global,ref+aging+age+rdist,4,K+K+,sort-n20000-s3,test,sort,sort-n20000,0.1,4,625,327,0
global,ref+aging+dirty+refaults,4,K+K+,sort-n20000-s3,test,sort,sort-n20000,0.1,4,611,318,0
global,ref+aging+dirty+rdist,4,K+K+,sort-n20000-s3,test,sort,sort-n20000,0.1,4,623,325,0
global,ref+aging+refaults+rdist,4,K+K+,sort-n20000-s3,test,sort,sort-n20000,0.1,4,604,317,0
global,ref+sfreq+idle+age,4,K,sort-n20000-s3,test,sort,sort-n20000,0.1,4,618,329,0
global,ref+sfreq+idle+dirty,4,K,sort-n20000-s3,test,sort,sort-n20000,0.1,4,620,331,0
global,ref+sfreq+idle+refaults,4,K+K+,sort-n20000-s3,test,sort,sort-n20000,0.1,4,691,349,0
global,ref+sfreq+idle+rdist,4,K+K+,sort-n20000-s3,test,sort,sort-n20000,0.1,4,603,316,0
global,ref+sfreq+age+dirty,4,K,sort-n20000-s3,test,sort,sort-n20000,0.1,4,630,331,0
global,ref+sfreq+age+refaults,4,K+K+,sort-n20000-s3,test,sort,sort-n20000,0.1,4,1069,474,0
global,ref+sfreq+age+rdist,4,K+K+,sort-n20000-s3,test,sort,sort-n20000,0.1,4,621,325,0
global,ref+sfreq+dirty+refaults,4,K+K+,sort-n20000-s3,test,sort,sort-n20000,0.1,4,2002,759,1
global,ref+sfreq+dirty+rdist,4,K+K+,sort-n20000-s3,test,sort,sort-n20000,0.1,4,2002,755,1
global,ref+sfreq+refaults+rdist,4,K+K+,sort-n20000-s3,test,sort,sort-n20000,0.1,4,2002,757,1
global,ref+idle+age+dirty,4,K,sort-n20000-s3,test,sort,sort-n20000,0.1,4,620,331,0
global,ref+idle+age+refaults,4,K+K+,sort-n20000-s3,test,sort,sort-n20000,0.1,4,637,329,0
global,ref+idle+age+rdist,4,K+K+,sort-n20000-s3,test,sort,sort-n20000,0.1,4,614,326,0
global,ref+idle+dirty+refaults,4,K+K+,sort-n20000-s3,test,sort,sort-n20000,0.1,4,632,318,0
global,ref+idle+dirty+rdist,4,K+K+,sort-n20000-s3,test,sort,sort-n20000,0.1,4,617,330,0
global,ref+idle+refaults+rdist,4,K+K+,sort-n20000-s3,test,sort,sort-n20000,0.1,4,603,316,0
global,ref+age+dirty+refaults,4,K+K+,sort-n20000-s3,test,sort,sort-n20000,0.1,4,2002,745,1
global,ref+age+dirty+rdist,4,K+K+,sort-n20000-s3,test,sort,sort-n20000,0.1,4,617,329,0
global,ref+age+refaults+rdist,4,K+K+,sort-n20000-s3,test,sort,sort-n20000,0.1,4,2002,746,1
global,ref+dirty+refaults+rdist,4,K+K+,sort-n20000-s3,test,sort,sort-n20000,0.1,4,634,331,0
global,aging+sfreq+idle+age,4,K,sort-n20000-s3,test,sort,sort-n20000,0.1,4,617,328,0
global,aging+sfreq+idle+dirty,4,K,sort-n20000-s3,test,sort,sort-n20000,0.1,4,618,329,0
global,aging+sfreq+idle+refaults,4,K+K+,sort-n20000-s3,test,sort,sort-n20000,0.1,4,618,329,0
global,aging+sfreq+idle+rdist,4,K+K+,sort-n20000-s3,test,sort,sort-n20000,0.1,4,608,321,0
global,aging+sfreq+age+dirty,4,K,sort-n20000-s3,test,sort,sort-n20000,0.1,4,618,329,0
global,aging+sfreq+age+refaults,4,K+K+,sort-n20000-s3,test,sort,sort-n20000,0.1,4,617,328,0
global,aging+sfreq+age+rdist,4,K+K+,sort-n20000-s3,test,sort,sort-n20000,0.1,4,608,321,0
global,aging+sfreq+dirty+refaults,4,K+K+,sort-n20000-s3,test,sort,sort-n20000,0.1,4,618,329,0
global,aging+sfreq+dirty+rdist,4,K+K+,sort-n20000-s3,test,sort,sort-n20000,0.1,4,619,330,0
global,aging+sfreq+refaults+rdist,4,K+K+,sort-n20000-s3,test,sort,sort-n20000,0.1,4,621,330,0
global,aging+idle+age+dirty,4,K,sort-n20000-s3,test,sort,sort-n20000,0.1,4,619,330,0
global,aging+idle+age+refaults,4,K+K+,sort-n20000-s3,test,sort,sort-n20000,0.1,4,618,329,0
global,aging+idle+age+rdist,4,K+K+,sort-n20000-s3,test,sort,sort-n20000,0.1,4,613,326,0
global,aging+idle+dirty+refaults,4,K+K+,sort-n20000-s3,test,sort,sort-n20000,0.1,4,611,318,0
global,aging+idle+dirty+rdist,4,K+K+,sort-n20000-s3,test,sort,sort-n20000,0.1,4,618,329,0
global,aging+idle+refaults+rdist,4,K+K+,sort-n20000-s3,test,sort,sort-n20000,0.1,4,605,317,0
global,aging+age+dirty+refaults,4,K+K+,sort-n20000-s3,test,sort,sort-n20000,0.1,4,617,328,0
global,aging+age+dirty+rdist,4,K+K+,sort-n20000-s3,test,sort,sort-n20000,0.1,4,619,330,0
global,aging+age+refaults+rdist,4,K+K+,sort-n20000-s3,test,sort,sort-n20000,0.1,4,617,328,0
global,aging+dirty+refaults+rdist,4,K+K+,sort-n20000-s3,test,sort,sort-n20000,0.1,4,616,322,0
global,sfreq+idle+age+dirty,4,K,sort-n20000-s3,test,sort,sort-n20000,0.1,4,621,332,0
global,sfreq+idle+age+refaults,4,K+K+,sort-n20000-s3,test,sort,sort-n20000,0.1,4,681,339,0
global,sfreq+idle+age+rdist,4,K+K+,sort-n20000-s3,test,sort,sort-n20000,0.1,4,1151,577,0
global,sfreq+idle+dirty+refaults,4,K+K+,sort-n20000-s3,test,sort,sort-n20000,0.1,4,780,407,0
global,sfreq+idle+dirty+rdist,4,K+K+,sort-n20000-s3,test,sort,sort-n20000,0.1,4,1159,590,0
global,sfreq+idle+refaults+rdist,4,K+K+,sort-n20000-s3,test,sort,sort-n20000,0.1,4,1248,601,0
global,sfreq+age+dirty+refaults,4,K+K+,sort-n20000-s3,test,sort,sort-n20000,0.1,4,2002,1070,1
global,sfreq+age+dirty+rdist,4,K+K+,sort-n20000-s3,test,sort,sort-n20000,0.1,4,1279,708,0
global,sfreq+age+refaults+rdist,4,K+K+,sort-n20000-s3,test,sort,sort-n20000,0.1,4,2002,1019,1
global,sfreq+dirty+refaults+rdist,4,K+K+,sort-n20000-s3,test,sort,sort-n20000,0.1,4,2002,1031,1
global,idle+age+dirty+refaults,4,K+K+,sort-n20000-s3,test,sort,sort-n20000,0.1,4,693,357,0
global,idle+age+dirty+rdist,4,K+K+,sort-n20000-s3,test,sort,sort-n20000,0.1,4,1159,590,0
global,idle+age+refaults+rdist,4,K+K+,sort-n20000-s3,test,sort,sort-n20000,0.1,4,1158,577,0
global,idle+dirty+refaults+rdist,4,K+K+,sort-n20000-s3,test,sort,sort-n20000,0.1,4,1151,578,0
global,age+dirty+refaults+rdist,4,K+K+,sort-n20000-s3,test,sort,sort-n20000,0.1,4,2002,1015,1
global,ref+aging+sfreq+idle+age,5,K,sort-n20000-s3,test,sort,sort-n20000,0.1,4,617,328,0
global,ref+aging+sfreq+idle+dirty,5,K,sort-n20000-s3,test,sort,sort-n20000,0.1,4,619,330,0
global,ref+aging+sfreq+idle+refaults,5,K+K+,sort-n20000-s3,test,sort,sort-n20000,0.1,4,620,328,0
global,ref+aging+sfreq+idle+rdist,5,K+K+,sort-n20000-s3,test,sort,sort-n20000,0.1,4,628,327,0
global,ref+aging+sfreq+age+dirty,5,K,sort-n20000-s3,test,sort,sort-n20000,0.1,4,618,329,0
global,ref+aging+sfreq+age+refaults,5,K+K+,sort-n20000-s3,test,sort,sort-n20000,0.1,4,620,328,0
global,ref+aging+sfreq+age+rdist,5,K+K+,sort-n20000-s3,test,sort,sort-n20000,0.1,4,626,326,0
global,ref+aging+sfreq+dirty+refaults,5,K+K+,sort-n20000-s3,test,sort,sort-n20000,0.1,4,623,331,0
global,ref+aging+sfreq+dirty+rdist,5,K+K+,sort-n20000-s3,test,sort,sort-n20000,0.1,4,628,330,0
global,ref+aging+sfreq+refaults+rdist,5,K+K+,sort-n20000-s3,test,sort,sort-n20000,0.1,4,627,330,0
global,ref+aging+idle+age+dirty,5,K,sort-n20000-s3,test,sort,sort-n20000,0.1,4,620,331,0
global,ref+aging+idle+age+refaults,5,K+K+,sort-n20000-s3,test,sort,sort-n20000,0.1,4,620,328,0
global,ref+aging+idle+age+rdist,5,K+K+,sort-n20000-s3,test,sort,sort-n20000,0.1,4,628,327,0
global,ref+aging+idle+dirty+refaults,5,K+K+,sort-n20000-s3,test,sort,sort-n20000,0.1,4,611,318,0
global,ref+aging+idle+dirty+rdist,5,K+K+,sort-n20000-s3,test,sort,sort-n20000,0.1,4,623,325,0
global,ref+aging+idle+refaults+rdist,5,K+K+,sort-n20000-s3,test,sort,sort-n20000,0.1,4,604,317,0
global,ref+aging+age+dirty+refaults,5,K+K+,sort-n20000-s3,test,sort,sort-n20000,0.1,4,620,328,0
global,ref+aging+age+dirty+rdist,5,K+K+,sort-n20000-s3,test,sort,sort-n20000,0.1,4,624,334,0
global,ref+aging+age+refaults+rdist,5,K+K+,sort-n20000-s3,test,sort,sort-n20000,0.1,4,629,328,0
global,ref+aging+dirty+refaults+rdist,5,K+K+,sort-n20000-s3,test,sort,sort-n20000,0.1,4,615,322,0
global,ref+sfreq+idle+age+dirty,5,K,sort-n20000-s3,test,sort,sort-n20000,0.1,4,620,331,0
global,ref+sfreq+idle+age+refaults,5,K+K+,sort-n20000-s3,test,sort,sort-n20000,0.1,4,639,329,0
global,ref+sfreq+idle+age+rdist,5,K+K+,sort-n20000-s3,test,sort,sort-n20000,0.1,4,609,316,0
global,ref+sfreq+idle+dirty+refaults,5,K+K+,sort-n20000-s3,test,sort,sort-n20000,0.1,4,722,363,0
global,ref+sfreq+idle+dirty+rdist,5,K+K+,sort-n20000-s3,test,sort,sort-n20000,0.1,4,617,330,0
global,ref+sfreq+idle+refaults+rdist,5,K+K+,sort-n20000-s3,test,sort,sort-n20000,0.1,4,1320,562,0
global,ref+sfreq+age+dirty+refaults,5,K+K+,sort-n20000-s3,test,sort,sort-n20000,0.1,4,1401,590,0
global,ref+sfreq+age+dirty+rdist,5,K+K+,sort-n20000-s3,test,sort,sort-n20000,0.1,4,643,338,0
global,ref+sfreq+age+refaults+rdist,5,K+K+,sort-n20000-s3,test,sort,sort-n20000,0.1,4,2002,755,1
global,ref+sfreq+dirty+refaults+rdist,5,K+K+,sort-n20000-s3,test,sort,sort-n20000,0.1,4,2002,758,1
global,ref+idle+age+dirty+refaults,5,K+K+,sort-n20000-s3,test,sort,sort-n20000,0.1,4,648,339,0
global,ref+idle+age+dirty+rdist,5,K+K+,sort-n20000-s3,test,sort,sort-n20000,0.1,4,617,330,0
global,ref+idle+age+refaults+rdist,5,K+K+,sort-n20000-s3,test,sort,sort-n20000,0.1,4,743,364,0
global,ref+idle+dirty+refaults+rdist,5,K+K+,sort-n20000-s3,test,sort,sort-n20000,0.1,4,612,325,0
global,ref+age+dirty+refaults+rdist,5,K+K+,sort-n20000-s3,test,sort,sort-n20000,0.1,4,2002,753,1
global,aging+sfreq+idle+age+dirty,5,K,sort-n20000-s3,test,sort,sort-n20000,0.1,4,619,330,0
global,aging+sfreq+idle+age+refaults,5,K+K+,sort-n20000-s3,test,sort,sort-n20000,0.1,4,618,329,0
global,aging+sfreq+idle+age+rdist,5,K+K+,sort-n20000-s3,test,sort,sort-n20000,0.1,4,604,316,0
global,aging+sfreq+idle+dirty+refaults,5,K+K+,sort-n20000-s3,test,sort,sort-n20000,0.1,4,618,329,0
global,aging+sfreq+idle+dirty+rdist,5,K+K+,sort-n20000-s3,test,sort,sort-n20000,0.1,4,619,330,0
global,aging+sfreq+idle+refaults+rdist,5,K+K+,sort-n20000-s3,test,sort,sort-n20000,0.1,4,620,329,0
global,aging+sfreq+age+dirty+refaults,5,K+K+,sort-n20000-s3,test,sort,sort-n20000,0.1,4,618,329,0
global,aging+sfreq+age+dirty+rdist,5,K+K+,sort-n20000-s3,test,sort,sort-n20000,0.1,4,619,330,0
global,aging+sfreq+age+refaults+rdist,5,K+K+,sort-n20000-s3,test,sort,sort-n20000,0.1,4,617,328,0
global,aging+sfreq+dirty+refaults+rdist,5,K+K+,sort-n20000-s3,test,sort,sort-n20000,0.1,4,621,331,0
global,aging+idle+age+dirty+refaults,5,K+K+,sort-n20000-s3,test,sort,sort-n20000,0.1,4,618,329,0
global,aging+idle+age+dirty+rdist,5,K+K+,sort-n20000-s3,test,sort,sort-n20000,0.1,4,619,330,0
global,aging+idle+age+refaults+rdist,5,K+K+,sort-n20000-s3,test,sort,sort-n20000,0.1,4,618,329,0
global,aging+idle+dirty+refaults+rdist,5,K+K+,sort-n20000-s3,test,sort,sort-n20000,0.1,4,616,322,0
global,aging+age+dirty+refaults+rdist,5,K+K+,sort-n20000-s3,test,sort,sort-n20000,0.1,4,618,329,0
global,sfreq+idle+age+dirty+refaults,5,K+K+,sort-n20000-s3,test,sort,sort-n20000,0.1,4,743,382,0
global,sfreq+idle+age+dirty+rdist,5,K+K+,sort-n20000-s3,test,sort,sort-n20000,0.1,4,1153,583,0
global,sfreq+idle+age+refaults+rdist,5,K+K+,sort-n20000-s3,test,sort,sort-n20000,0.1,4,1153,576,0
global,sfreq+idle+dirty+refaults+rdist,5,K+K+,sort-n20000-s3,test,sort,sort-n20000,0.1,4,1405,768,0
global,sfreq+age+dirty+refaults+rdist,5,K+K+,sort-n20000-s3,test,sort,sort-n20000,0.1,4,2002,1072,1
global,idle+age+dirty+refaults+rdist,5,K+K+,sort-n20000-s3,test,sort,sort-n20000,0.1,4,1217,642,0
global,ref+aging+sfreq+idle+age+dirty,6,K,sort-n20000-s3,test,sort,sort-n20000,0.1,4,618,329,0
global,ref+aging+sfreq+idle+age+refaults,6,K+K+,sort-n20000-s3,test,sort,sort-n20000,0.1,4,620,328,0
global,ref+aging+sfreq+idle+age+rdist,6,K+K+,sort-n20000-s3,test,sort,sort-n20000,0.1,4,626,323,0
global,ref+aging+sfreq+idle+dirty+refaults,6,K+K+,sort-n20000-s3,test,sort,sort-n20000,0.1,4,621,329,0
global,ref+aging+sfreq+idle+dirty+rdist,6,K+K+,sort-n20000-s3,test,sort,sort-n20000,0.1,4,628,330,0
global,ref+aging+sfreq+idle+refaults+rdist,6,K+K+,sort-n20000-s3,test,sort,sort-n20000,0.1,4,637,327,0
global,ref+aging+sfreq+age+dirty+refaults,6,K+K+,sort-n20000-s3,test,sort,sort-n20000,0.1,4,620,328,0
global,ref+aging+sfreq+age+dirty+rdist,6,K+K+,sort-n20000-s3,test,sort,sort-n20000,0.1,4,628,330,0
global,ref+aging+sfreq+age+refaults+rdist,6,K+K+,sort-n20000-s3,test,sort,sort-n20000,0.1,4,629,328,0
global,ref+aging+sfreq+dirty+refaults+rdist,6,K+K+,sort-n20000-s3,test,sort,sort-n20000,0.1,4,621,331,0
global,ref+aging+idle+age+dirty+refaults,6,K+K+,sort-n20000-s3,test,sort,sort-n20000,0.1,4,620,328,0
global,ref+aging+idle+age+dirty+rdist,6,K+K+,sort-n20000-s3,test,sort,sort-n20000,0.1,4,626,334,0
global,ref+aging+idle+age+refaults+rdist,6,K+K+,sort-n20000-s3,test,sort,sort-n20000,0.1,4,625,333,0
global,ref+aging+idle+dirty+refaults+rdist,6,K+K+,sort-n20000-s3,test,sort,sort-n20000,0.1,4,615,322,0
global,ref+aging+age+dirty+refaults+rdist,6,K+K+,sort-n20000-s3,test,sort,sort-n20000,0.1,4,629,328,0
global,ref+sfreq+idle+age+dirty+refaults,6,K+K+,sort-n20000-s3,test,sort,sort-n20000,0.1,4,653,339,0
global,ref+sfreq+idle+age+dirty+rdist,6,K+K+,sort-n20000-s3,test,sort,sort-n20000,0.1,4,617,330,0
global,ref+sfreq+idle+age+refaults+rdist,6,K+K+,sort-n20000-s3,test,sort,sort-n20000,0.1,4,667,336,0
global,ref+sfreq+idle+dirty+refaults+rdist,6,K+K+,sort-n20000-s3,test,sort,sort-n20000,0.1,4,2002,774,1
global,ref+sfreq+age+dirty+refaults+rdist,6,K+K+,sort-n20000-s3,test,sort,sort-n20000,0.1,4,2002,756,1
global,ref+idle+age+dirty+refaults+rdist,6,K+K+,sort-n20000-s3,test,sort,sort-n20000,0.1,4,926,438,0
global,aging+sfreq+idle+age+dirty+refaults,6,K+K+,sort-n20000-s3,test,sort,sort-n20000,0.1,4,618,329,0
global,aging+sfreq+idle+age+dirty+rdist,6,K+K+,sort-n20000-s3,test,sort,sort-n20000,0.1,4,619,330,0
global,aging+sfreq+idle+age+refaults+rdist,6,K+K+,sort-n20000-s3,test,sort,sort-n20000,0.1,4,618,329,0
global,aging+sfreq+idle+dirty+refaults+rdist,6,K+K+,sort-n20000-s3,test,sort,sort-n20000,0.1,4,620,330,0
global,aging+sfreq+age+dirty+refaults+rdist,6,K+K+,sort-n20000-s3,test,sort,sort-n20000,0.1,4,618,329,0
global,aging+idle+age+dirty+refaults+rdist,6,K+K+,sort-n20000-s3,test,sort,sort-n20000,0.1,4,618,329,0
global,sfreq+idle+age+dirty+refaults+rdist,6,K+K+,sort-n20000-s3,test,sort,sort-n20000,0.1,4,1196,625,0
global,ref+aging+sfreq+idle+age+dirty+refaults,7,K+K+,sort-n20000-s3,test,sort,sort-n20000,0.1,4,620,328,0
global,ref+aging+sfreq+idle+age+dirty+rdist,7,K+K+,sort-n20000-s3,test,sort,sort-n20000,0.1,4,623,334,0
global,ref+aging+sfreq+idle+age+refaults+rdist,7,K+K+,sort-n20000-s3,test,sort,sort-n20000,0.1,4,625,333,0
global,ref+aging+sfreq+idle+dirty+refaults+rdist,7,K+K+,sort-n20000-s3,test,sort,sort-n20000,0.1,4,625,333,0
global,ref+aging+sfreq+age+dirty+refaults+rdist,7,K+K+,sort-n20000-s3,test,sort,sort-n20000,0.1,4,629,328,0
global,ref+aging+idle+age+dirty+refaults+rdist,7,K+K+,sort-n20000-s3,test,sort,sort-n20000,0.1,4,624,334,0
global,ref+sfreq+idle+age+dirty+refaults+rdist,7,K+K+,sort-n20000-s3,test,sort,sort-n20000,0.1,4,717,364,0
global,aging+sfreq+idle+age+dirty+refaults+rdist,7,K+K+,sort-n20000-s3,test,sort,sort-n20000,0.1,4,618,329,0
global,ref+aging+sfreq+idle+age+dirty+refaults+rdist,8,K+K+,sort-n20000-s3,test,sort,sort-n20000,0.1,4,623,332,0
global,rec+ref+aging+sfreq+idle+age+dirty,7,F+K,sort-n20000-s3,test,sort,sort-n20000,0.1,4,607,318,0
global,rec+ref+aging+sfreq+idle+age+dirty+refaults+rdist,9,F+K+K+,sort-n20000-s3,test,sort,sort-n20000,0.1,4,607,318,0
global,freq+ref+aging+sfreq+idle+age+dirty,7,F+K,sort-n20000-s3,test,sort,sort-n20000,0.1,4,617,328,0
global,freq+ref+aging+sfreq+idle+age+dirty+refaults+rdist,9,F+K+K+,sort-n20000-s3,test,sort,sort-n20000,0.1,4,628,335,0
global,sd+ref+aging+sfreq+idle+age+dirty,7,F+K,sort-n20000-s3,test,sort,sort-n20000,0.1,4,609,318,0
global,sd+ref+aging+sfreq+idle+age+dirty+refaults+rdist,9,F+K+K+,sort-n20000-s3,test,sort,sort-n20000,0.1,4,618,327,0
global,wr+ref+aging+sfreq+idle+age+dirty,7,F+K,sort-n20000-s3,test,sort,sort-n20000,0.1,4,618,329,0
global,wr+ref+aging+sfreq+idle+age+dirty+refaults+rdist,9,F+K+K+,sort-n20000-s3,test,sort,sort-n20000,0.1,4,625,333,0
global,rec+freq+ref+aging+sfreq+idle+age+dirty,8,F+K,sort-n20000-s3,test,sort,sort-n20000,0.1,4,609,319,0
global,rec+freq+ref+aging+sfreq+idle+age+dirty+refaults+rdist,10,F+K+K+,sort-n20000-s3,test,sort,sort-n20000,0.1,4,607,318,0
global,rec+sd+ref+aging+sfreq+idle+age+dirty,8,F+K,sort-n20000-s3,test,sort,sort-n20000,0.1,4,607,318,0
global,rec+sd+ref+aging+sfreq+idle+age+dirty+refaults+rdist,10,F+K+K+,sort-n20000-s3,test,sort,sort-n20000,0.1,4,607,318,0
global,rec+wr+ref+aging+sfreq+idle+age+dirty,8,F+K,sort-n20000-s3,test,sort,sort-n20000,0.1,4,607,318,0
global,rec+wr+ref+aging+sfreq+idle+age+dirty+refaults+rdist,10,F+K+K+,sort-n20000-s3,test,sort,sort-n20000,0.1,4,607,318,0
global,freq+sd+ref+aging+sfreq+idle+age+dirty,8,F+K,sort-n20000-s3,test,sort,sort-n20000,0.1,4,609,318,0
global,freq+sd+ref+aging+sfreq+idle+age+dirty+refaults+rdist,10,F+K+K+,sort-n20000-s3,test,sort,sort-n20000,0.1,4,631,344,0
global,freq+wr+ref+aging+sfreq+idle+age+dirty,8,F+K,sort-n20000-s3,test,sort,sort-n20000,0.1,4,617,328,0
global,freq+wr+ref+aging+sfreq+idle+age+dirty+refaults+rdist,10,F+K+K+,sort-n20000-s3,test,sort,sort-n20000,0.1,4,638,335,0
global,sd+wr+ref+aging+sfreq+idle+age+dirty,8,F+K,sort-n20000-s3,test,sort,sort-n20000,0.1,4,608,318,0
global,sd+wr+ref+aging+sfreq+idle+age+dirty+refaults+rdist,10,F+K+K+,sort-n20000-s3,test,sort,sort-n20000,0.1,4,618,327,0
global,rec+freq+sd+ref+aging+sfreq+idle+age+dirty,9,F+K,sort-n20000-s3,test,sort,sort-n20000,0.1,4,607,318,0
global,rec+freq+sd+ref+aging+sfreq+idle+age+dirty+refaults+rdist,11,F+K+K+,sort-n20000-s3,test,sort,sort-n20000,0.1,4,607,318,0
global,rec+freq+wr+ref+aging+sfreq+idle+age+dirty,9,F+K,sort-n20000-s3,test,sort,sort-n20000,0.1,4,609,319,0
global,rec+freq+wr+ref+aging+sfreq+idle+age+dirty+refaults+rdist,11,F+K+K+,sort-n20000-s3,test,sort,sort-n20000,0.1,4,607,318,0
global,rec+sd+wr+ref+aging+sfreq+idle+age+dirty,9,F+K,sort-n20000-s3,test,sort,sort-n20000,0.1,4,607,318,0
global,rec+sd+wr+ref+aging+sfreq+idle+age+dirty+refaults+rdist,11,F+K+K+,sort-n20000-s3,test,sort,sort-n20000,0.1,4,607,318,0
global,freq+sd+wr+ref+aging+sfreq+idle+age+dirty,9,F+K,sort-n20000-s3,test,sort,sort-n20000,0.1,4,608,318,0
global,freq+sd+wr+ref+aging+sfreq+idle+age+dirty+refaults+rdist,11,F+K+K+,sort-n20000-s3,test,sort,sort-n20000,0.1,4,615,327,0
global,rec+freq+sd+wr+ref+aging+sfreq+idle+age+dirty,10,F+K,sort-n20000-s3,test,sort,sort-n20000,0.1,4,607,318,0
global,rec+freq+sd+wr+ref+aging+sfreq+idle+age+dirty+refaults+rdist,12,F+K+K+,sort-n20000-s3,test,sort,sort-n20000,0.1,4,607,318,0
sort,rec,1,F,sort-n20000-s2,val,sort,sort-n20000,0.1,4,607,318,0
sort,freq,1,F,sort-n20000-s2,val,sort,sort-n20000,0.1,4,1972,987,1
sort,sd,1,F,sort-n20000-s2,val,sort,sort-n20000,0.1,4,607,318,0
sort,wr,1,F,sort-n20000-s2,val,sort,sort-n20000,0.1,4,1972,1009,1
sort,rec+freq,2,F,sort-n20000-s2,val,sort,sort-n20000,0.1,4,607,318,0
sort,rec+sd,2,F,sort-n20000-s2,val,sort,sort-n20000,0.1,4,607,318,0
sort,rec+wr,2,F,sort-n20000-s2,val,sort,sort-n20000,0.1,4,607,318,0
sort,freq+sd,2,F,sort-n20000-s2,val,sort,sort-n20000,0.1,4,607,318,0
sort,freq+wr,2,F,sort-n20000-s2,val,sort,sort-n20000,0.1,4,1972,986,1
sort,sd+wr,2,F,sort-n20000-s2,val,sort,sort-n20000,0.1,4,607,318,0
sort,rec+freq+sd,3,F,sort-n20000-s2,val,sort,sort-n20000,0.1,4,607,318,0
sort,rec+freq+wr,3,F,sort-n20000-s2,val,sort,sort-n20000,0.1,4,607,318,0
sort,rec+sd+wr,3,F,sort-n20000-s2,val,sort,sort-n20000,0.1,4,607,318,0
sort,freq+sd+wr,3,F,sort-n20000-s2,val,sort,sort-n20000,0.1,4,607,318,0
sort,rec+freq+sd+wr,4,F,sort-n20000-s2,val,sort,sort-n20000,0.1,4,607,318,0
sort,ref,1,K,sort-n20000-s2,val,sort,sort-n20000,0.1,4,608,318,0
sort,aging,1,K,sort-n20000-s2,val,sort,sort-n20000,0.1,4,608,318,0
sort,sfreq,1,K,sort-n20000-s2,val,sort,sort-n20000,0.1,4,1972,743,1
sort,idle,1,K,sort-n20000-s2,val,sort,sort-n20000,0.1,4,608,318,0
sort,age,1,K,sort-n20000-s2,val,sort,sort-n20000,0.1,4,629,318,0
sort,dirty,1,K,sort-n20000-s2,val,sort,sort-n20000,0.1,4,879,587,0
sort,refaults,1,K+,sort-n20000-s2,val,sort,sort-n20000,0.1,4,816,393,0
sort,rdist,1,K+,sort-n20000-s2,val,sort,sort-n20000,0.1,4,1972,1001,1
sort,ref+aging,2,K,sort-n20000-s2,val,sort,sort-n20000,0.1,4,608,318,0
sort,ref+sfreq,2,K,sort-n20000-s2,val,sort,sort-n20000,0.1,4,1972,743,1
sort,ref+idle,2,K,sort-n20000-s2,val,sort,sort-n20000,0.1,4,608,318,0
sort,ref+age,2,K,sort-n20000-s2,val,sort,sort-n20000,0.1,4,663,326,0
sort,ref+dirty,2,K,sort-n20000-s2,val,sort,sort-n20000,0.1,4,620,331,0
sort,ref+refaults,2,K+K+,sort-n20000-s2,val,sort,sort-n20000,0.1,4,611,318,0
sort,ref+rdist,2,K+K+,sort-n20000-s2,val,sort,sort-n20000,0.1,4,1180,583,0
sort,aging+sfreq,2,K,sort-n20000-s2,val,sort,sort-n20000,0.1,4,776,356,0
sort,aging+idle,2,K,sort-n20000-s2,val,sort,sort-n20000,0.1,4,608,318,0
sort,aging+age,2,K,sort-n20000-s2,val,sort,sort-n20000,0.1,4,748,338,0
sort,aging+dirty,2,K,sort-n20000-s2,val,sort,sort-n20000,0.1,4,618,329,0
sort,aging+refaults,2,K+K+,sort-n20000-s2,val,sort,sort-n20000,0.1,4,611,318,0
sort,aging+rdist,2,K+K+,sort-n20000-s2,val,sort,sort-n20000,0.1,4,1143,576,0
sort,sfreq+idle,2,K,sort-n20000-s2,val,sort,sort-n20000,0.1,4,811,355,0
sort,sfreq+age,2,K,sort-n20000-s2,val,sort,sort-n20000,0.1,4,816,356,0
sort,sfreq+dirty,2,K,sort-n20000-s2,val,sort,sort-n20000,0.1,4,1972,738,1
sort,sfreq+refaults,2,K+K+,sort-n20000-s2,val,sort,sort-n20000,0.1,4,1972,758,1
sort,sfreq+rdist,2,K+K+,sort-n20000-s2,val,sort,sort-n20000,0.1,4,1972,752,1
sort,idle+age,2,K,sort-n20000-s2,val,sort,sort-n20000,0.1,4,815,354,0
sort,idle+dirty,2,K,sort-n20000-s2,val,sort,sort-n20000,0.1,4,619,330,0
sort,idle+refaults,2,K+K+,sort-n20000-s2,val,sort,sort-n20000,0.1,4,611,318,0
sort,idle+rdist,2,K+K+,sort-n20000-s2,val,sort,sort-n20000,0.1,4,1149,578,0
sort,age+dirty,2,K,sort-n20000-s2,val,sort,sort-n20000,0.1,4,629,318,0
sort,age+refaults,2,K+K+,sort-n20000-s2,val,sort,sort-n20000,0.1,4,629,318,0
sort,age+rdist,2,K+K+,sort-n20000-s2,val,sort,sort-n20000,0.1,4,679,339,0
sort,dirty+refaults,2,K+K+,sort-n20000-s2,val,sort,sort-n20000,0.1,4,1972,1118,1
sort,dirty+rdist,2,K+K+,sort-n20000-s2,val,sort,sort-n20000,0.1,4,1972,1009,1
sort,refaults+rdist,2,K+,sort-n20000-s2,val,sort,sort-n20000,0.1,4,1972,875,1
sort,ref+aging+sfreq,3,K,sort-n20000-s2,val,sort,sort-n20000,0.1,4,683,329,0
sort,ref+aging+idle,3,K,sort-n20000-s2,val,sort,sort-n20000,0.1,4,609,318,0
sort,ref+aging+age,3,K,sort-n20000-s2,val,sort,sort-n20000,0.1,4,663,326,0
sort,ref+aging+dirty,3,K,sort-n20000-s2,val,sort,sort-n20000,0.1,4,636,336,0
sort,ref+aging+refaults,3,K+K+,sort-n20000-s2,val,sort,sort-n20000,0.1,4,611,318,0
sort,ref+aging+rdist,3,K+K+,sort-n20000-s2,val,sort,sort-n20000,0.1,4,683,344,0
sort,ref+sfreq+idle,3,K,sort-n20000-s2,val,sort,sort-n20000,0.1,4,810,353,0
sort,ref+sfreq+age,3,K,sort-n20000-s2,val,sort,sort-n20000,0.1,4,809,351,0
sort,ref+sfreq+dirty,3,K,sort-n20000-s2,val,sort,sort-n20000,0.1,4,1972,737,1
sort,ref+sfreq+refaults,3,K+K+,sort-n20000-s2,val,sort,sort-n20000,0.1,4,1864,725,0
sort,ref+sfreq+rdist,3,K+K+,sort-n20000-s2,val,sort,sort-n20000,0.1,4,1972,751,1
sort,ref+idle+age,3,K,sort-n20000-s2,val,sort,sort-n20000,0.1,4,779,345,0
sort,ref+idle+dirty,3,K,sort-n20000-s2,val,sort,sort-n20000,0.1,4,619,330,0
sort,ref+idle+refaults,3,K+K+,sort-n20000-s2,val,sort,sort-n20000,0.1,4,611,318,0
sort,ref+idle+rdist,3,K+K+,sort-n20000-s2,val,sort,sort-n20000,0.1,4,1149,578,0
sort,ref+age+dirty,3,K,sort-n20000-s2,val,sort,sort-n20000,0.1,4,662,326,0
sort,ref+age+refaults,3,K+K+,sort-n20000-s2,val,sort,sort-n20000,0.1,4,629,318,0
sort,ref+age+rdist,3,K+K+,sort-n20000-s2,val,sort,sort-n20000,0.1,4,723,353,0
sort,ref+dirty+refaults,3,K+K+,sort-n20000-s2,val,sort,sort-n20000,0.1,4,620,331,0
sort,ref+dirty+rdist,3,K+K+,sort-n20000-s2,val,sort,sort-n20000,0.1,4,1182,598,0
sort,ref+refaults+rdist,3,K+K+,sort-n20000-s2,val,sort,sort-n20000,0.1,4,602,316,0
sort,aging+sfreq+idle,3,K,sort-n20000-s2,val,sort,sort-n20000,0.1,4,769,353,0
sort,aging+sfreq+age,3,K,sort-n20000-s2,val,sort,sort-n20000,0.1,4,816,356,0
sort,aging+sfreq+dirty,3,K,sort-n20000-s2,val,sort,sort-n20000,0.1,4,794,368,0
sort,aging+sfreq+refaults,3,K+K+,sort-n20000-s2,val,sort,sort-n20000,0.1,4,713,344,0
sort,aging+sfreq+rdist,3,K+K+,sort-n20000-s2,val,sort,sort-n20000,0.1,4,741,361,0
sort,aging+idle+age,3,K,sort-n20000-s2,val,sort,sort-n20000,0.1,4,815,354,0
sort,aging+idle+dirty,3,K,sort-n20000-s2,val,sort,sort-n20000,0.1,4,619,330,0
sort,aging+idle+refaults,3,K+K+,sort-n20000-s2,val,sort,sort-n20000,0.1,4,611,318,0
sort,aging+idle+rdist,3,K+K+,sort-n20000-s2,val,sort,sort-n20000,0.1,4,1150,579,0
sort,aging+age+dirty,3,K,sort-n20000-s2,val,sort,sort-n20000,0.1,4,767,345,0
sort,aging+age+refaults,3,K+K+,sort-n20000-s2,val,sort,sort-n20000,0.1,4,629,318,0
sort,aging+age+rdist,3,K+K+,sort-n20000-s2,val,sort,sort-n20000,0.1,4,686,340,0
sort,aging+dirty+refaults,3,K+K+,sort-n20000-s2,val,sort,sort-n20000,0.1,4,618,329,0
sort,aging+dirty+rdist,3,K+K+,sort-n20000-s2,val,sort,sort-n20000,0.1,4,1140,574,0
sort,aging+refaults+rdist,3,K+K+,sort-n20000-s2,val,sort,sort-n20000,0.1,4,607,318,0
sort,sfreq+idle+age,3,K,sort-n20000-s2,val,sort,sort-n20000,0.1,4,814,354,0
sort,sfreq+idle+dirty,3,K,sort-n20000-s2,val,sort,sort-n20000,0.1,4,760,356,0
sort,sfreq+idle+refaults,3,K+K+,sort-n20000-s2,val,sort,sort-n20000,0.1,4,726,343,0
sort,sfreq+idle+rdist,3,K+K+,sort-n20000-s2,val,sort,sort-n20000,0.1,4,802,378,0
sort,sfreq+age+dirty,3,K,sort-n20000-s2,val,sort,sort-n20000,0.1,4,883,400,0
sort,sfreq+age+refaults,3,K+K+,sort-n20000-s2,val,sort,sort-n20000,0.1,4,792,349,0
sort,sfreq+age+rdist,3,K+K+,sort-n20000-s2,val,sort,sort-n20000,0.1,4,831,385,0
sort,sfreq+dirty+refaults,3,K+K+,sort-n20000-s2,val,sort,sort-n20000,0.1,4,1972,763,1
sort,sfreq+dirty+rdist,3,K+K+,sort-n20000-s2,val,sort,sort-n20000,0.1,4,1972,749,1
sort,sfreq+refaults+rdist,3,K+K+,sort-n20000-s2,val,sort,sort-n20000,0.1,4,1972,765,1
sort,idle+age+dirty,3,K,sort-n20000-s2,val,sort,sort-n20000,0.1,4,785,356,0
sort,idle+age+refaults,3,K+K+,sort-n20000-s2,val,sort,sort-n20000,0.1,4,763,342,0
sort,idle+age+rdist,3,K+K+,sort-n20000-s2,val,sort,sort-n20000,0.1,4,912,416,0
sort,idle+dirty+refaults,3,K+K+,sort-n20000-s2,val,sort,sort-n20000,0.1,4,619,330,0
sort,idle+dirty+rdist,3,K+K+,sort-n20000-s2,val,sort,sort-n20000,0.1,4,1147,577,0
sort,idle+refaults+rdist,3,K+K+,sort-n20000-s2,val,sort,sort-n20000,0.1,4,607,318,0
sort,age+dirty+refaults,3,K+K+,sort-n20000-s2,val,sort,sort-n20000,0.1,4,629,318,0
sort,age+dirty+rdist,3,K+K+,sort-n20000-s2,val,sort,sort-n20000,0.1,4,667,338,0
sort,age+refaults+rdist,3,K+K+,sort-n20000-s2,val,sort,sort-n20000,0.1,4,664,327,0
sort,dirty+refaults+rdist,3,K+K+,sort-n20000-s2,val,sort,sort-n20000,0.1,4,1972,1061,1
sort,ref+aging+sfreq+idle,4,K,sort-n20000-s2,val,sort,sort-n20000,0.1,4,641,322,0
sort,ref+aging+sfreq+age,4,K,sort-n20000-s2,val,sort,sort-n20000,0.1,4,684,329,0
sort,ref+aging+sfreq+dirty,4,K,sort-n20000-s2,val,sort,sort-n20000,0.1,4,676,337,0
sort,ref+aging+sfreq+refaults,4,K+K+,sort-n20000-s2,val,sort,sort-n20000,0.1,4,637,320,0
sort,ref+aging+sfreq+rdist,4,K+K+,sort-n20000-s2,val,sort,sort-n20000,0.1,4,683,333,0
sort,ref+aging+idle+age,4,K,sort-n20000-s2,val,sort,sort-n20000,0.1,4,663,326,0
sort,ref+aging+idle+dirty,4,K,sort-n20000-s2,val,sort,sort-n20000,0.1,4,664,340,0
sort,ref+aging+idle+refaults,4,K+K+,sort-n20000-s2,val,sort,sort-n20000,0.1,4,612,318,0
sort,ref+aging+idle+rdist,4,K+K+,sort-n20000-s2,val,sort,sort-n20000,0.1,4,672,337,0
sort,ref+aging+age+dirty,4,K,sort-n20000-s2,val,sort,sort-n20000,0.1,4,662,326,0
sort,ref+aging+age+refaults,4,K+K+,sort-n20000-s2,val,sort,sort-n20000,0.1,4,629,318,0
sort,ref+aging+age+rdist,4,K+K+,sort-n20000-s2,val,sort,sort-n20000,0.1,4,702,342,0
sort,ref+aging+dirty+refaults,4,K+K+,sort-n20000-s2,val,sort,sort-n20000,0.1,4,618,329,0
sort,ref+aging+dirty+rdist,4,K+K+,sort-n20000-s2,val,sort,sort-n20000,0.1,4,708,362,0
sort,ref+aging+refaults+rdist,4,K+K+,sort-n20000-s2,val,sort,sort-n20000,0.1,4,609,318,0
sort,ref+sfreq+idle+age,4,K,sort-n20000-s2,val,sort,sort-n20000,0.1,4,832,358,0
sort,ref+sfreq+idle+dirty,4,K,sort-n20000-s2,val,sort,sort-n20000,0.1,4,830,383,0
sort,ref+sfreq+idle+refaults,4,K+K+,sort-n20000-s2,val,sort,sort-n20000,0.1,4,726,343,0
sort,ref+sfreq+idle+rdist,4,K+K+,sort-n20000-s2,val,sort,sort-n20000,0.1,4,809,379,0
sort,ref+sfreq+age+dirty,4,K,sort-n20000-s2,val,sort,sort-n20000,0.1,4,825,385,0
sort,ref+sfreq+age+refaults,4,K+K+,sort-n20000-s2,val,sort,sort-n20000,0.1,4,779,345,0
sort,ref+sfreq+age+rdist,4,K+K+,sort-n20000-s2,val,sort,sort-n20000,0.1,4,880,397,0
sort,ref+sfreq+dirty+refaults,4,K+K+,sort-n20000-s2,val,sort,sort-n20000,0.1,4,1972,761,1
sort,ref+sfreq+dirty+rdist,4,K+K+,sort-n20000-s2,val,sort,sort-n20000,0.1,4,1972,755,1
sort,ref+sfreq+refaults+rdist,4,K+K+,sort-n20000-s2,val,sort,sort-n20000,0.1,4,1174,503,0
sort,ref+idle+age+dirty,4,K,sort-n20000-s2,val,sort,sort-n20000,0.1,4,808,375,0
sort,ref+idle+age+refaults,4,K+K+,sort-n20000-s2,val,sort,sort-n20000,0.1,4,747,338,0
sort,ref+idle+age+rdist,4,K+K+,sort-n20000-s2,val,sort,sort-n20000,0.1,4,862,398,0
sort,ref+idle+dirty+refaults,4,K+K+,sort-n20000-s2,val,sort,sort-n20000,0.1,4,619,330,0
sort,ref+idle+dirty+rdist,4,K+K+,sort-n20000-s2,val,sort,sort-n20000,0.1,4,1147,577,0
sort,ref+idle+refaults+rdist,4,K+K+,sort-n20000-s2,val,sort,sort-n20000,0.1,4,607,318,0
sort,ref+age+dirty+refaults,4,K+K+,sort-n20000-s2,val,sort,sort-n20000,0.1,4,631,320,0
sort,ref+age+dirty+rdist,4,K+K+,sort-n20000-s2,val,sort,sort-n20000,0.1,4,714,353,0
sort,ref+age+refaults+rdist,4,K+K+,sort-n20000-s2,val,sort,sort-n20000,0.1,4,665,327,0
sort,ref+dirty+refaults+rdist,4,K+K+,sort-n20000-s2,val,sort,sort-n20000,0.1,4,739,382,0
sort,aging+sfreq+idle+age,4,K,sort-n20000-s2,val,sort,sort-n20000,0.1,4,814,354,0
sort,aging+sfreq+idle+dirty,4,K,sort-n20000-s2,val,sort,sort-n20000,0.1,4,769,359,0
sort,aging+sfreq+idle+refaults,4,K+K+,sort-n20000-s2,val,sort,sort-n20000,0.1,4,710,339,0
sort,aging+sfreq+idle+rdist,4,K+K+,sort-n20000-s2,val,sort,sort-n20000,0.1,4,799,380,0
sort,aging+sfreq+age+dirty,4,K,sort-n20000-s2,val,sort,sort-n20000,0.1,4,883,400,0
sort,aging+sfreq+age+refaults,4,K+K+,sort-n20000-s2,val,sort,sort-n20000,0.1,4,707,337,0
sort,aging+sfreq+age+rdist,4,K+K+,sort-n20000-s2,val,sort,sort-n20000,0.1,4,814,382,0
sort,aging+sfreq+dirty+refaults,4,K+K+,sort-n20000-s2,val,sort,sort-n20000,0.1,4,683,333,0
sort,aging+sfreq+dirty+rdist,4,K+K+,sort-n20000-s2,val,sort,sort-n20000,0.1,4,785,374,0
sort,aging+sfreq+refaults+rdist,4,K+K+,sort-n20000-s2,val,sort,sort-n20000,0.1,4,674,329,0
sort,aging+idle+age+dirty,4,K,sort-n20000-s2,val,sort,sort-n20000,0.1,4,785,356,0
sort,aging+idle+age+refaults,4,K+K+,sort-n20000-s2,val,sort,sort-n20000,0.1,4,652,324,0
sort,aging+idle+age+rdist,4,K+K+,sort-n20000-s2,val,sort,sort-n20000,0.1,4,837,400,0
sort,aging+idle+dirty+refaults,4,K+K+,sort-n20000-s2,val,sort,sort-n20000,0.1,4,618,329,0
sort,aging+idle+dirty+rdist,4,K+K+,sort-n20000-s2,val,sort,sort-n20000,0.1,4,1070,576,0
sort,aging+idle+refaults+rdist,4,K+K+,sort-n20000-s2,val,sort,sort-n20000,0.1,4,607,318,0
sort,aging+age+dirty+refaults,4,K+K+,sort-n20000-s2,val,sort,sort-n20000,0.1,4,635,321,0
sort,aging+age+dirty+rdist,4,K+K+,sort-n20000-s2,val,sort,sort-n20000,0.1,4,747,373,0
sort,aging+age+refaults+rdist,4,K+K+,sort-n20000-s2,val,sort,sort-n20000,0.1,4,665,327,0
sort,aging+dirty+refaults+rdist,4,K+K+,sort-n20000-s2,val,sort,sort-n20000,0.1,4,618,329,0
sort,sfreq+idle+age+dirty,4,K,sort-n20000-s2,val,sort,sort-n20000,0.1,4,886,398,0
sort,sfreq+idle+age+refaults,4,K+K+,sort-n20000-s2,val,sort,sort-n20000,0.1,4,761,347,0
sort,sfreq+idle+age+rdist,4,K+K+,sort-n20000-s2,val,sort,sort-n20000,0.1,4,899,403,0
sort,sfreq+idle+dirty+refaults,4,K+K+,sort-n20000-s2,val,sort,sort-n20000,0.1,4,720,345,0
sort,sfreq+idle+dirty+rdist,4,K+K+,sort-n20000-s2,val,sort,sort-n20000,0.1,4,832,392,0
sort,sfreq+idle+refaults+rdist,4,K+K+,sort-n20000-s2,val,sort,sort-n20000,0.1,4,738,346,0
sort,sfreq+age+dirty+refaults,4,K+K+,sort-n20000-s2,val,sort,sort-n20000,0.1,4,742,354,0
sort,sfreq+age+dirty+rdist,4,K+K+,sort-n20000-s2,val,sort,sort-n20000,0.1,4,880,412,0
sort,sfreq+age+refaults+rdist,4,K+K+,sort-n20000-s2,val,sort,sort-n20000,0.1,4,776,353,0
sort,sfreq+dirty+refaults+rdist,4,K+K+,sort-n20000-s2,val,sort,sort-n20000,0.1,4,1972,767,1
sort,idle+age+dirty+refaults,4,K+K+,sort-n20000-s2,val,sort,sort-n20000,0.1,4,696,334,0
sort,idle+age+dirty+rdist,4,K+K+,sort-n20000-s2,val,sort,sort-n20000,0.1,4,882,423,0
sort,idle+age+refaults+rdist,4,K+K+,sort-n20000-s2,val,sort,sort-n20000,0.1,4,735,335,0
sort,idle+dirty+refaults+rdist,4,K+K+,sort-n20000-s2,val,sort,sort-n20000,0.1,4,619,330,0
sort,age+dirty+refaults+rdist,4,K+K+,sort-n20000-s2,val,sort,sort-n20000,0.1,4,653,329,0
sort,ref+aging+sfreq+idle+age,5,K,sort-n20000-s2,val,sort,sort-n20000,0.1,4,730,332,0
sort,ref+aging+sfreq+idle+dirty,5,K,sort-n20000-s2,val,sort,sort-n20000,0.1,4,661,330,0
sort,ref+aging+sfreq+idle+refaults,5,K+K+,sort-n20000-s2,val,sort,sort-n20000,0.1,4,637,320,0
sort,ref+aging+sfreq+idle+rdist,5,K+K+,sort-n20000-s2,val,sort,sort-n20000,0.1,4,687,337,0
sort,ref+aging+sfreq+age+dirty,5,K,sort-n20000-s2,val,sort,sort-n20000,0.1,4,718,346,0
sort,ref+aging+sfreq+age+refaults,5,K+K+,sort-n20000-s2,val,sort,sort-n20000,0.1,4,644,323,0
sort,ref+aging+sfreq+age+rdist,5,K+K+,sort-n20000-s2,val,sort,sort-n20000,0.1,4,710,346,0
sort,ref+aging+sfreq+dirty+refaults,5,K+K+,sort-n20000-s2,val,sort,sort-n20000,0.1,4,647,326,0
sort,ref+aging+sfreq+dirty+rdist,5,K+K+,sort-n20000-s2,val,sort,sort-n20000,0.1,4,740,369,0
sort,ref+aging+sfreq+refaults+rdist,5,K+K+,sort-n20000-s2,val,sort,sort-n20000,0.1,4,639,322,0
sort,ref+aging+idle+age+dirty,5,K,sort-n20000-s2,val,sort,sort-n20000,0.1,4,651,324,0
sort,ref+aging+idle+age+refaults,5,K+K+,sort-n20000-s2,val,sort,sort-n20000,0.1,4,661,327,0
sort,ref+aging+idle+age+rdist,5,K+K+,sort-n20000-s2,val,sort,sort-n20000,0.1,4,683,334,0
sort,ref+aging+idle+dirty+refaults,5,K+K+,sort-n20000-s2,val,sort,sort-n20000,0.1,4,622,325,0
sort,ref+aging+idle+dirty+rdist,5,K+K+,sort-n20000-s2,val,sort,sort-n20000,0.1,4,664,341,0
sort,ref+aging+idle+refaults+rdist,5,K+K+,sort-n20000-s2,val,sort,sort-n20000,0.1,4,609,318,0
sort,ref+aging+age+dirty+refaults,5,K+K+,sort-n20000-s2,val,sort,sort-n20000,0.1,4,630,320,0
sort,ref+aging+age+dirty+rdist,5,K+K+,sort-n20000-s2,val,sort,sort-n20000,0.1,4,725,361,0
sort,ref+aging+age+refaults+rdist,5,K+K+,sort-n20000-s2,val,sort,sort-n20000,0.1,4,665,329,0
sort,ref+aging+dirty+refaults+rdist,5,K+K+,sort-n20000-s2,val,sort,sort-n20000,0.1,4,623,325,0
sort,ref+sfreq+idle+age+dirty,5,K,sort-n20000-s2,val,sort,sort-n20000,0.1,4,823,379,0
sort,ref+sfreq+idle+age+refaults,5,K+K+,sort-n20000-s2,val,sort,sort-n20000,0.1,4,761,347,0
sort,ref+sfreq+idle+age+rdist,5,K+K+,sort-n20000-s2,val,sort,sort-n20000,0.1,4,883,402,0
sort,ref+sfreq+idle+dirty+refaults,5,K+K+,sort-n20000-s2,val,sort,sort-n20000,0.1,4,705,342,0
sort,ref+sfreq+idle+dirty+rdist,5,K+K+,sort-n20000-s2,val,sort,sort-n20000,0.1,4,846,396,0
sort,ref+sfreq+idle+refaults+rdist,5,K+K+,sort-n20000-s2,val,sort,sort-n20000,0.1,4,701,337,0
sort,ref+sfreq+age+dirty+refaults,5,K+K+,sort-n20000-s2,val,sort,sort-n20000,0.1,4,752,359,0
sort,ref+sfreq+age+dirty+rdist,5,K+K+,sort-n20000-s2,val,sort,sort-n20000,0.1,4,823,394,0
sort,ref+sfreq+age+refaults+rdist,5,K+K+,sort-n20000-s2,val,sort,sort-n20000,0.1,4,751,350,0
sort,ref+sfreq+dirty+refaults+rdist,5,K+K+,sort-n20000-s2,val,sort,sort-n20000,0.1,4,1223,522,0
sort,ref+idle+age+dirty+refaults,5,K+K+,sort-n20000-s2,val,sort,sort-n20000,0.1,4,697,333,0
sort,ref+idle+age+dirty+rdist,5,K+K+,sort-n20000-s2,val,sort,sort-n20000,0.1,4,866,412,0
sort,ref+idle+age+refaults+rdist,5,K+K+,sort-n20000-s2,val,sort,sort-n20000,0.1,4,734,335,0
sort,ref+idle+dirty+refaults+rdist,5,K+K+,sort-n20000-s2,val,sort,sort-n20000,0.1,4,619,330,0
sort,ref+age+dirty+refaults+rdist,5,K+K+,sort-n20000-s2,val,sort,sort-n20000,0.1,4,663,329,0
sort,aging+sfreq+idle+age+dirty,5,K,sort-n20000-s2,val,sort,sort-n20000,0.1,4,884,396,0
sort,aging+sfreq+idle+age+refaults,5,K+K+,sort-n20000-s2,val,sort,sort-n20000,0.1,4,705,337,0
sort,aging+sfreq+idle+age+rdist,5,K+K+,sort-n20000-s2,val,sort,sort-n20000,0.1,4,822,384,0
sort,aging+sfreq+idle+dirty+refaults,5,K+K+,sort-n20000-s2,val,sort,sort-n20000,0.1,4,683,334,0
sort,aging+sfreq+idle+dirty+rdist,5,K+K+,sort-n20000-s2,val,sort,sort-n20000,0.1,4,788,370,0
sort,aging+sfreq+idle+refaults+rdist,5,K+K+,sort-n20000-s2,val,sort,sort-n20000,0.1,4,696,334,0
sort,aging+sfreq+age+dirty+refaults,5,K+K+,sort-n20000-s2,val,sort,sort-n20000,0.1,4,677,338,0
sort,aging+sfreq+age+dirty+rdist,5,K+K+,sort-n20000-s2,val,sort,sort-n20000,0.1,4,859,410,0
sort,aging+sfreq+age+refaults+rdist,5,K+K+,sort-n20000-s2,val,sort,sort-n20000,0.1,4,698,334,0
sort,aging+sfreq+dirty+refaults+rdist,5,K+K+,sort-n20000-s2,val,sort,sort-n20000,0.1,4,686,344,0
sort,aging+idle+age+dirty+refaults,5,K+K+,sort-n20000-s2,val,sort,sort-n20000,0.1,4,669,332,0
sort,aging+idle+age+dirty+rdist,5,K+K+,sort-n20000-s2,val,sort,sort-n20000,0.1,4,784,379,0
sort,aging+idle+age+refaults+rdist,5,K+K+,sort-n20000-s2,val,sort,sort-n20000,0.1,4,668,330,0
sort,aging+idle+dirty+refaults+rdist,5,K+K+,sort-n20000-s2,val,sort,sort-n20000,0.1,4,618,329,0
sort,aging+age+dirty+refaults+rdist,5,K+K+,sort-n20000-s2,val,sort,sort-n20000,0.1,4,670,333,0
sort,sfreq+idle+age+dirty+refaults,5,K+K+,sort-n20000-s2,val,sort,sort-n20000,0.1,4,760,361,0
sort,sfreq+idle+age+dirty+rdist,5,K+K+,sort-n20000-s2,val,sort,sort-n20000,0.1,4,889,415,0
sort,sfreq+idle+age+refaults+rdist,5,K+K+,sort-n20000-s2,val,sort,sort-n20000,0.1,4,755,352,0
sort,sfreq+idle+dirty+refaults+rdist,5,K+K+,sort-n20000-s2,val,sort,sort-n20000,0.1,4,736,350,0
sort,sfreq+age+dirty+refaults+rdist,5,K+K+,sort-n20000-s2,val,sort,sort-n20000,0.1,4,722,349,0
sort,idle+age+dirty+refaults+rdist,5,K+K+,sort-n20000-s2,val,sort,sort-n20000,0.1,4,738,352,0
sort,ref+aging+sfreq+idle+age+dirty,6,K,sort-n20000-s2,val,sort,sort-n20000,0.1,4,657,327,0
sort,ref+aging+sfreq+idle+age+refaults,6,K+K+,sort-n20000-s2,val,sort,sort-n20000,0.1,4,653,325,0
sort,ref+aging+sfreq+idle+age+rdist,6,K+K+,sort-n20000-s2,val,sort,sort-n20000,0.1,4,676,334,0
sort,ref+aging+sfreq+idle+dirty+refaults,6,K+K+,sort-n20000-s2,val,sort,sort-n20000,0.1,4,645,323,0
sort,ref+aging+sfreq+idle+dirty+rdist,6,K+K+,sort-n20000-s2,val,sort,sort-n20000,0.1,4,677,337,0
sort,ref+aging+sfreq+idle+refaults+rdist,6,K+K+,sort-n20000-s2,val,sort,sort-n20000,0.1,4,646,322,0
sort,ref+aging+sfreq+age+dirty+refaults,6,K+K+,sort-n20000-s2,val,sort,sort-n20000,0.1,4,647,326,0
sort,ref+aging+sfreq+age+dirty+rdist,6,K+K+,sort-n20000-s2,val,sort,sort-n20000,0.1,4,737,366,0
sort,ref+aging+sfreq+age+refaults+rdist,6,K+K+,sort-n20000-s2,val,sort,sort-n20000,0.1,4,639,322,0
sort,ref+aging+sfreq+dirty+refaults+rdist,6,K+K+,sort-n20000-s2,val,sort,sort-n20000,0.1,4,640,325,0
sort,ref+aging+idle+age+dirty+refaults,6,K+K+,sort-n20000-s2,val,sort,sort-n20000,0.1,4,645,322,0
sort,ref+aging+idle+age+dirty+rdist,6,K+K+,sort-n20000-s2,val,sort,sort-n20000,0.1,4,685,337,0
sort,ref+aging+idle+age+refaults+rdist,6,K+K+,sort-n20000-s2,val,sort,sort-n20000,0.1,4,662,327,0
sort,ref+aging+idle+dirty+refaults+rdist,6,K+K+,sort-n20000-s2,val,sort,sort-n20000,0.1,4,623,325,0
sort,ref+aging+age+dirty+refaults+rdist,6,K+K+,sort-n20000-s2,val,sort,sort-n20000,0.1,4,664,331,0
sort,ref+sfreq+idle+age+dirty+refaults,6,K+K+,sort-n20000-s2,val,sort,sort-n20000,0.1,4,763,362,0
sort,ref+sfreq+idle+age+dirty+rdist,6,K+K+,sort-n20000-s2,val,sort,sort-n20000,0.1,4,816,391,0
sort,ref+sfreq+idle+age+refaults+rdist,6,K+K+,sort-n20000-s2,val,sort,sort-n20000,0.1,4,754,351,0
sort,ref+sfreq+idle+dirty+refaults+rdist,6,K+K+,sort-n20000-s2,val,sort,sort-n20000,0.1,4,737,353,0
sort,ref+sfreq+age+dirty+refaults+rdist,6,K+K+,sort-n20000-s2,val,sort,sort-n20000,0.1,4,719,348,0
sort,ref+idle+age+dirty+refaults+rdist,6,K+K+,sort-n20000-s2,val,sort,sort-n20000,0.1,4,733,349,0
sort,aging+sfreq+idle+age+dirty+refaults,6,K+K+,sort-n20000-s2,val,sort,sort-n20000,0.1,4,670,334,0
sort,aging+sfreq+idle+age+dirty+rdist,6,K+K+,sort-n20000-s2,val,sort,sort-n20000,0.1,4,787,385,0
sort,aging+sfreq+idle+age+refaults+rdist,6,K+K+,sort-n20000-s2,val,sort,sort-n20000,0.1,4,689,332,0
sort,aging+sfreq+idle+dirty+refaults+rdist,6,K+K+,sort-n20000-s2,val,sort,sort-n20000,0.1,4,673,338,0
sort,aging+sfreq+age+dirty+refaults+rdist,6,K+K+,sort-n20000-s2,val,sort,sort-n20000,0.1,4,678,339,0
sort,aging+idle+age+dirty+refaults+rdist,6,K+K+,sort-n20000-s2,val,sort,sort-n20000,0.1,4,665,330,0
sort,sfreq+idle+age+dirty+refaults+rdist,6,K+K+,sort-n20000-s2,val,sort,sort-n20000,0.1,4,730,353,0
sort,ref+aging+sfreq+idle+age+dirty+refaults,7,K+K+,sort-n20000-s2,val,sort,sort-n20000,0.1,4,667,330,0
sort,ref+aging+sfreq+idle+age+dirty+rdist,7,K+K+,sort-n20000-s2,val,sort,sort-n20000,0.1,4,680,335,0
sort,ref+aging+sfreq+idle+age+refaults+rdist,7,K+K+,sort-n20000-s2,val,sort,sort-n20000,0.1,4,666,329,0
sort,ref+aging+sfreq+idle+dirty+refaults+rdist,7,K+K+,sort-n20000-s2,val,sort,sort-n20000,0.1,4,647,326,0
sort,ref+aging+sfreq+age+dirty+refaults+rdist,7,K+K+,sort-n20000-s2,val,sort,sort-n20000,0.1,4,640,325,0
sort,ref+aging+idle+age+dirty+refaults+rdist,7,K+K+,sort-n20000-s2,val,sort,sort-n20000,0.1,4,657,328,0
sort,ref+sfreq+idle+age+dirty+refaults+rdist,7,K+K+,sort-n20000-s2,val,sort,sort-n20000,0.1,4,727,351,0
sort,aging+sfreq+idle+age+dirty+refaults+rdist,7,K+K+,sort-n20000-s2,val,sort,sort-n20000,0.1,4,655,331,0
sort,ref+aging+sfreq+idle+age+dirty+refaults+rdist,8,K+K+,sort-n20000-s2,val,sort,sort-n20000,0.1,4,665,330,0
sort,rec+ref+aging+sfreq+idle+age+dirty,7,F+K,sort-n20000-s2,val,sort,sort-n20000,0.1,4,611,318,0
sort,rec+ref+aging+sfreq+idle+age+dirty+refaults+rdist,9,F+K+K+,sort-n20000-s2,val,sort,sort-n20000,0.1,4,611,318,0
sort,freq+ref+aging+sfreq+idle+age+dirty,7,F+K,sort-n20000-s2,val,sort,sort-n20000,0.1,4,679,332,0
sort,freq+ref+aging+sfreq+idle+age+dirty+refaults+rdist,9,F+K+K+,sort-n20000-s2,val,sort,sort-n20000,0.1,4,667,332,0
sort,sd+ref+aging+sfreq+idle+age+dirty,7,F+K,sort-n20000-s2,val,sort,sort-n20000,0.1,4,606,318,0
sort,sd+ref+aging+sfreq+idle+age+dirty+refaults+rdist,9,F+K+K+,sort-n20000-s2,val,sort,sort-n20000,0.1,4,606,318,0
sort,wr+ref+aging+sfreq+idle+age+dirty,7,F+K,sort-n20000-s2,val,sort,sort-n20000,0.1,4,657,327,0
sort,wr+ref+aging+sfreq+idle+age+dirty+refaults+rdist,9,F+K+K+,sort-n20000-s2,val,sort,sort-n20000,0.1,4,665,330,0
sort,rec+freq+ref+aging+sfreq+idle+age+dirty,8,F+K,sort-n20000-s2,val,sort,sort-n20000,0.1,4,611,318,0
sort,rec+freq+ref+aging+sfreq+idle+age+dirty+refaults+rdist,10,F+K+K+,sort-n20000-s2,val,sort,sort-n20000,0.1,4,611,318,0
sort,rec+sd+ref+aging+sfreq+idle+age+dirty,8,F+K,sort-n20000-s2,val,sort,sort-n20000,0.1,4,607,318,0
sort,rec+sd+ref+aging+sfreq+idle+age+dirty+refaults+rdist,10,F+K+K+,sort-n20000-s2,val,sort,sort-n20000,0.1,4,607,318,0
sort,rec+wr+ref+aging+sfreq+idle+age+dirty,8,F+K,sort-n20000-s2,val,sort,sort-n20000,0.1,4,611,318,0
sort,rec+wr+ref+aging+sfreq+idle+age+dirty+refaults+rdist,10,F+K+K+,sort-n20000-s2,val,sort,sort-n20000,0.1,4,611,318,0
sort,freq+sd+ref+aging+sfreq+idle+age+dirty,8,F+K,sort-n20000-s2,val,sort,sort-n20000,0.1,4,606,318,0
sort,freq+sd+ref+aging+sfreq+idle+age+dirty+refaults+rdist,10,F+K+K+,sort-n20000-s2,val,sort,sort-n20000,0.1,4,606,318,0
sort,freq+wr+ref+aging+sfreq+idle+age+dirty,8,F+K,sort-n20000-s2,val,sort,sort-n20000,0.1,4,684,332,0
sort,freq+wr+ref+aging+sfreq+idle+age+dirty+refaults+rdist,10,F+K+K+,sort-n20000-s2,val,sort,sort-n20000,0.1,4,667,332,0
sort,sd+wr+ref+aging+sfreq+idle+age+dirty,8,F+K,sort-n20000-s2,val,sort,sort-n20000,0.1,4,606,318,0
sort,sd+wr+ref+aging+sfreq+idle+age+dirty+refaults+rdist,10,F+K+K+,sort-n20000-s2,val,sort,sort-n20000,0.1,4,606,318,0
sort,rec+freq+sd+ref+aging+sfreq+idle+age+dirty,9,F+K,sort-n20000-s2,val,sort,sort-n20000,0.1,4,607,318,0
sort,rec+freq+sd+ref+aging+sfreq+idle+age+dirty+refaults+rdist,11,F+K+K+,sort-n20000-s2,val,sort,sort-n20000,0.1,4,607,318,0
sort,rec+freq+wr+ref+aging+sfreq+idle+age+dirty,9,F+K,sort-n20000-s2,val,sort,sort-n20000,0.1,4,611,318,0
sort,rec+freq+wr+ref+aging+sfreq+idle+age+dirty+refaults+rdist,11,F+K+K+,sort-n20000-s2,val,sort,sort-n20000,0.1,4,611,318,0
sort,rec+sd+wr+ref+aging+sfreq+idle+age+dirty,9,F+K,sort-n20000-s2,val,sort,sort-n20000,0.1,4,607,318,0
sort,rec+sd+wr+ref+aging+sfreq+idle+age+dirty+refaults+rdist,11,F+K+K+,sort-n20000-s2,val,sort,sort-n20000,0.1,4,607,318,0
sort,freq+sd+wr+ref+aging+sfreq+idle+age+dirty,9,F+K,sort-n20000-s2,val,sort,sort-n20000,0.1,4,606,318,0
sort,freq+sd+wr+ref+aging+sfreq+idle+age+dirty+refaults+rdist,11,F+K+K+,sort-n20000-s2,val,sort,sort-n20000,0.1,4,606,318,0
sort,rec+freq+sd+wr+ref+aging+sfreq+idle+age+dirty,10,F+K,sort-n20000-s2,val,sort,sort-n20000,0.1,4,607,318,0
sort,rec+freq+sd+wr+ref+aging+sfreq+idle+age+dirty+refaults+rdist,12,F+K+K+,sort-n20000-s2,val,sort,sort-n20000,0.1,4,607,318,0
global,rec,1,F,sort-n20000-s2,val,sort,sort-n20000,0.1,4,607,318,0
global,freq,1,F,sort-n20000-s2,val,sort,sort-n20000,0.1,4,1972,987,1
global,sd,1,F,sort-n20000-s2,val,sort,sort-n20000,0.1,4,607,318,0
global,wr,1,F,sort-n20000-s2,val,sort,sort-n20000,0.1,4,1972,1009,1
global,rec+freq,2,F,sort-n20000-s2,val,sort,sort-n20000,0.1,4,607,318,0
global,rec+sd,2,F,sort-n20000-s2,val,sort,sort-n20000,0.1,4,607,318,0
global,rec+wr,2,F,sort-n20000-s2,val,sort,sort-n20000,0.1,4,607,318,0
global,freq+sd,2,F,sort-n20000-s2,val,sort,sort-n20000,0.1,4,607,318,0
global,freq+wr,2,F,sort-n20000-s2,val,sort,sort-n20000,0.1,4,1972,988,1
global,sd+wr,2,F,sort-n20000-s2,val,sort,sort-n20000,0.1,4,607,318,0
global,rec+freq+sd,3,F,sort-n20000-s2,val,sort,sort-n20000,0.1,4,607,318,0
global,rec+freq+wr,3,F,sort-n20000-s2,val,sort,sort-n20000,0.1,4,607,318,0
global,rec+sd+wr,3,F,sort-n20000-s2,val,sort,sort-n20000,0.1,4,607,318,0
global,freq+sd+wr,3,F,sort-n20000-s2,val,sort,sort-n20000,0.1,4,607,318,0
global,rec+freq+sd+wr,4,F,sort-n20000-s2,val,sort,sort-n20000,0.1,4,607,318,0
global,ref,1,K,sort-n20000-s2,val,sort,sort-n20000,0.1,4,608,318,0
global,aging,1,K,sort-n20000-s2,val,sort,sort-n20000,0.1,4,608,318,0
global,sfreq,1,K,sort-n20000-s2,val,sort,sort-n20000,0.1,4,1972,986,1
global,idle,1,K,sort-n20000-s2,val,sort,sort-n20000,0.1,4,608,318,0
global,age,1,K,sort-n20000-s2,val,sort,sort-n20000,0.1,4,629,318,0
global,dirty,1,K,sort-n20000-s2,val,sort,sort-n20000,0.1,4,879,587,0
global,refaults,1,K+,sort-n20000-s2,val,sort,sort-n20000,0.1,4,816,393,0
global,rdist,1,K+,sort-n20000-s2,val,sort,sort-n20000,0.1,4,1972,1001,1
global,ref+aging,2,K,sort-n20000-s2,val,sort,sort-n20000,0.1,4,608,318,0
global,ref+sfreq,2,K,sort-n20000-s2,val,sort,sort-n20000,0.1,4,1972,743,1
global,ref+idle,2,K,sort-n20000-s2,val,sort,sort-n20000,0.1,4,608,318,0
global,ref+age,2,K,sort-n20000-s2,val,sort,sort-n20000,0.1,4,608,318,0
global,ref+dirty,2,K,sort-n20000-s2,val,sort,sort-n20000,0.1,4,620,331,0
global,ref+refaults,2,K+K+,sort-n20000-s2,val,sort,sort-n20000,0.1,4,611,318,0
global,ref+rdist,2,K+K+,sort-n20000-s2,val,sort,sort-n20000,0.1,4,601,316,0
global,aging+sfreq,2,K,sort-n20000-s2,val,sort,sort-n20000,0.1,4,617,328,0
global,aging+idle,2,K,sort-n20000-s2,val,sort,sort-n20000,0.1,4,608,318,0
global,aging+age,2,K,sort-n20000-s2,val,sort,sort-n20000,0.1,4,617,328,0
global,aging+dirty,2,K,sort-n20000-s2,val,sort,sort-n20000,0.1,4,614,325,0
global,aging+refaults,2,K+K+,sort-n20000-s2,val,sort,sort-n20000,0.1,4,611,318,0
global,aging+rdist,2,K+K+,sort-n20000-s2,val,sort,sort-n20000,0.1,4,603,316,0
global,sfreq+idle,2,K,sort-n20000-s2,val,sort,sort-n20000,0.1,4,618,329,0
global,sfreq+age,2,K,sort-n20000-s2,val,sort,sort-n20000,0.1,4,619,329,0
global,sfreq+dirty,2,K,sort-n20000-s2,val,sort,sort-n20000,0.1,4,1972,988,1
global,sfreq+refaults,2,K+K+,sort-n20000-s2,val,sort,sort-n20000,0.1,4,1972,1003,1
global,sfreq+rdist,2,K+K+,sort-n20000-s2,val,sort,sort-n20000,0.1,4,1972,1002,1
global,idle+age,2,K,sort-n20000-s2,val,sort,sort-n20000,0.1,4,618,329,0
global,idle+dirty,2,K,sort-n20000-s2,val,sort,sort-n20000,0.1,4,619,330,0
global,idle+refaults,2,K+K+,sort-n20000-s2,val,sort,sort-n20000,0.1,4,611,318,0
global,idle+rdist,2,K+K+,sort-n20000-s2,val,sort,sort-n20000,0.1,4,1148,577,0
global,age+dirty,2,K,sort-n20000-s2,val,sort,sort-n20000,0.1,4,620,322,0
global,age+refaults,2,K+K+,sort-n20000-s2,val,sort,sort-n20000,0.1,4,1972,996,1
global,age+rdist,2,K+K+,sort-n20000-s2,val,sort,sort-n20000,0.1,4,1279,629,0
global,dirty+refaults,2,K+K+,sort-n20000-s2,val,sort,sort-n20000,0.1,4,1972,663,1
global,dirty+rdist,2,K+K+,sort-n20000-s2,val,sort,sort-n20000,0.1,4,1972,1009,1
global,refaults+rdist,2,K+,sort-n20000-s2,val,sort,sort-n20000,0.1,4,1972,836,1
global,ref+aging+sfreq,3,K,sort-n20000-s2,val,sort,sort-n20000,0.1,4,617,328,0
global,ref+aging+idle,3,K,sort-n20000-s2,val,sort,sort-n20000,0.1,4,608,318,0
global,ref+aging+age,3,K,sort-n20000-s2,val,sort,sort-n20000,0.1,4,620,324,0
global,ref+aging+dirty,3,K,sort-n20000-s2,val,sort,sort-n20000,0.1,4,614,325,0
global,ref+aging+refaults,3,K+K+,sort-n20000-s2,val,sort,sort-n20000,0.1,4,611,318,0
global,ref+aging+rdist,3,K+K+,sort-n20000-s2,val,sort,sort-n20000,0.1,4,610,318,0
global,ref+sfreq+idle,3,K,sort-n20000-s2,val,sort,sort-n20000,0.1,4,618,329,0
global,ref+sfreq+age,3,K,sort-n20000-s2,val,sort,sort-n20000,0.1,4,628,329,0
global,ref+sfreq+dirty,3,K,sort-n20000-s2,val,sort,sort-n20000,0.1,4,1972,744,1
global,ref+sfreq+refaults,3,K+K+,sort-n20000-s2,val,sort,sort-n20000,0.1,4,1972,747,1
global,ref+sfreq+rdist,3,K+K+,sort-n20000-s2,val,sort,sort-n20000,0.1,4,601,316,0
global,ref+idle+age,3,K,sort-n20000-s2,val,sort,sort-n20000,0.1,4,618,329,0
global,ref+idle+dirty,3,K,sort-n20000-s2,val,sort,sort-n20000,0.1,4,619,330,0
global,ref+idle+refaults,3,K+K+,sort-n20000-s2,val,sort,sort-n20000,0.1,4,611,318,0
global,ref+idle+rdist,3,K+K+,sort-n20000-s2,val,sort,sort-n20000,0.1,4,603,316,0
global,ref+age+dirty,3,K,sort-n20000-s2,val,sort,sort-n20000,0.1,4,620,331,0
global,ref+age+refaults,3,K+K+,sort-n20000-s2,val,sort,sort-n20000,0.1,4,1972,743,1
global,ref+age+rdist,3,K+K+,sort-n20000-s2,val,sort,sort-n20000,0.1,4,603,316,0
global,ref+dirty+refaults,3,K+K+,sort-n20000-s2,val,sort,sort-n20000,0.1,4,637,318,0
global,ref+dirty+rdist,3,K+K+,sort-n20000-s2,val,sort,sort-n20000,0.1,4,644,339,0
global,ref+refaults+rdist,3,K+K+,sort-n20000-s2,val,sort,sort-n20000,0.1,4,602,316,0
global,aging+sfreq+idle,3,K,sort-n20000-s2,val,sort,sort-n20000,0.1,4,617,328,0
global,aging+sfreq+age,3,K,sort-n20000-s2,val,sort,sort-n20000,0.1,4,617,328,0
global,aging+sfreq+dirty,3,K,sort-n20000-s2,val,sort,sort-n20000,0.1,4,618,329,0
global,aging+sfreq+refaults,3,K+K+,sort-n20000-s2,val,sort,sort-n20000,0.1,4,618,329,0
global,aging+sfreq+rdist,3,K+K+,sort-n20000-s2,val,sort,sort-n20000,0.1,4,608,321,0
global,aging+idle+age,3,K,sort-n20000-s2,val,sort,sort-n20000,0.1,4,617,328,0
global,aging+idle+dirty,3,K,sort-n20000-s2,val,sort,sort-n20000,0.1,4,614,325,0
global,aging+idle+refaults,3,K+K+,sort-n20000-s2,val,sort,sort-n20000,0.1,4,611,318,0
global,aging+idle+rdist,3,K+K+,sort-n20000-s2,val,sort,sort-n20000,0.1,4,603,316,0
global,aging+age+dirty,3,K,sort-n20000-s2,val,sort,sort-n20000,0.1,4,618,329,0
global,aging+age+refaults,3,K+K+,sort-n20000-s2,val,sort,sort-n20000,0.1,4,617,328,0
global,aging+age+rdist,3,K+K+,sort-n20000-s2,val,sort,sort-n20000,0.1,4,613,326,0
global,aging+dirty+refaults,3,K+K+,sort-n20000-s2,val,sort,sort-n20000,0.1,4,611,318,0
global,aging+dirty+rdist,3,K+K+,sort-n20000-s2,val,sort,sort-n20000,0.1,4,618,329,0
global,aging+refaults+rdist,3,K+K+,sort-n20000-s2,val,sort,sort-n20000,0.1,4,605,317,0
global,sfreq+idle+age,3,K,sort-n20000-s2,val,sort,sort-n20000,0.1,4,618,329,0
global,sfreq+idle+dirty,3,K,sort-n20000-s2,val,sort,sort-n20000,0.1,4,622,333,0
global,sfreq+idle+refaults,3,K+K+,sort-n20000-s2,val,sort,sort-n20000,0.1,4,731,361,0
global,sfreq+idle+rdist,3,K+K+,sort-n20000-s2,val,sort,sort-n20000,0.1,4,1148,577,0
global,sfreq+age+dirty,3,K,sort-n20000-s2,val,sort,sort-n20000,0.1,4,680,366,0
global,sfreq+age+refaults,3,K+K+,sort-n20000-s2,val,sort,sort-n20000,0.1,4,1972,632,1
global,sfreq+age+rdist,3,K+K+,sort-n20000-s2,val,sort,sort-n20000,0.1,4,1148,577,0
global,sfreq+dirty+refaults,3,K+K+,sort-n20000-s2,val,sort,sort-n20000,0.1,4,1972,1015,1
global,sfreq+dirty+rdist,3,K+K+,sort-n20000-s2,val,sort,sort-n20000,0.1,4,1972,988,1
global,sfreq+refaults+rdist,3,K+K+,sort-n20000-s2,val,sort,sort-n20000,0.1,4,1972,1003,1
global,idle+age+dirty,3,K,sort-n20000-s2,val,sort,sort-n20000,0.1,4,622,333,0
global,idle+age+refaults,3,K+K+,sort-n20000-s2,val,sort,sort-n20000,0.1,4,675,336,0
global,idle+age+rdist,3,K+K+,sort-n20000-s2,val,sort,sort-n20000,0.1,4,1148,577,0
global,idle+dirty+refaults,3,K+K+,sort-n20000-s2,val,sort,sort-n20000,0.1,4,611,318,0
global,idle+dirty+rdist,3,K+K+,sort-n20000-s2,val,sort,sort-n20000,0.1,4,1162,593,0
global,idle+refaults+rdist,3,K+K+,sort-n20000-s2,val,sort,sort-n20000,0.1,4,1150,578,0
global,age+dirty+refaults,3,K+K+,sort-n20000-s2,val,sort,sort-n20000,0.1,4,1972,996,1
global,age+dirty+rdist,3,K+K+,sort-n20000-s2,val,sort,sort-n20000,0.1,4,1899,1089,0
global,age+refaults+rdist,3,K+K+,sort-n20000-s2,val,sort,sort-n20000,0.1,4,1972,991,1
global,dirty+refaults+rdist,3,K+K+,sort-n20000-s2,val,sort,sort-n20000,0.1,4,1972,937,1
global,ref+aging+sfreq+idle,4,K,sort-n20000-s2,val,sort,sort-n20000,0.1,4,617,328,0
global,ref+aging+sfreq+age,4,K,sort-n20000-s2,val,sort,sort-n20000,0.1,4,620,324,0
global,ref+aging+sfreq+dirty,4,K,sort-n20000-s2,val,sort,sort-n20000,0.1,4,619,330,0
global,ref+aging+sfreq+refaults,4,K+K+,sort-n20000-s2,val,sort,sort-n20000,0.1,4,620,328,0
global,ref+aging+sfreq+rdist,4,K+K+,sort-n20000-s2,val,sort,sort-n20000,0.1,4,627,327,0
global,ref+aging+idle+age,4,K,sort-n20000-s2,val,sort,sort-n20000,0.1,4,617,328,0
global,ref+aging+idle+dirty,4,K,sort-n20000-s2,val,sort,sort-n20000,0.1,4,614,325,0
global,ref+aging+idle+refaults,4,K+K+,sort-n20000-s2,val,sort,sort-n20000,0.1,4,611,318,0
global,ref+aging+idle+rdist,4,K+K+,sort-n20000-s2,val,sort,sort-n20000,0.1,4,610,318,0
global,ref+aging+age+dirty,4,K,sort-n20000-s2,val,sort,sort-n20000,0.1,4,618,329,0
global,ref+aging+age+refaults,4,K+K+,sort-n20000-s2,val,sort,sort-n20000,0.1,4,620,328,0
global,ref+aging+age+rdist,4,K+K+,sort-n20000-s2,val,sort,sort-n20000,0.1,4,627,327,0
global,ref+aging+dirty+refaults,4,K+K+,sort-n20000-s2,val,sort,sort-n20000,0.1,4,611,318,0
global,ref+aging+dirty+rdist,4,K+K+,sort-n20000-s2,val,sort,sort-n20000,0.1,4,623,325,0
global,ref+aging+refaults+rdist,4,K+K+,sort-n20000-s2,val,sort,sort-n20000,0.1,4,604,317,0
global,ref+sfreq+idle+age,4,K,sort-n20000-s2,val,sort,sort-n20000,0.1,4,618,329,0
global,ref+sfreq+idle+dirty,4,K,sort-n20000-s2,val,sort,sort-n20000,0.1,4,620,331,0
global,ref+sfreq+idle+refaults,4,K+K+,sort-n20000-s2,val,sort,sort-n20000,0.1,4,691,349,0
global,ref+sfreq+idle+rdist,4,K+K+,sort-n20000-s2,val,sort,sort-n20000,0.1,4,603,316,0
global,ref+sfreq+age+dirty,4,K,sort-n20000-s2,val,sort,sort-n20000,0.1,4,630,331,0
global,ref+sfreq+age+refaults,4,K+K+,sort-n20000-s2,val,sort,sort-n20000,0.1,4,1069,474,0
global,ref+sfreq+age+rdist,4,K+K+,sort-n20000-s2,val,sort,sort-n20000,0.1,4,621,325,0
global,ref+sfreq+dirty+refaults,4,K+K+,sort-n20000-s2,val,sort,sort-n20000,0.1,4,1972,749,1
global,ref+sfreq+dirty+rdist,4,K+K+,sort-n20000-s2,val,sort,sort-n20000,0.1,4,1972,745,1
global,ref+sfreq+refaults+rdist,4,K+K+,sort-n20000-s2,val,sort,sort-n20000,0.1,4,1972,747,1
global,ref+idle+age+dirty,4,K,sort-n20000-s2,val,sort,sort-n20000,0.1,4,620,331,0
global,ref+idle+age+refaults,4,K+K+,sort-n20000-s2,val,sort,sort-n20000,0.1,4,637,329,0
global,ref+idle+age+rdist,4,K+K+,sort-n20000-s2,val,sort,sort-n20000,0.1,4,614,326,0
global,ref+idle+dirty+refaults,4,K+K+,sort-n20000-s2,val,sort,sort-n20000,0.1,4,632,318,0
global,ref+idle+dirty+rdist,4,K+K+,sort-n20000-s2,val,sort,sort-n20000,0.1,4,617,330,0
global,ref+idle+refaults+rdist,4,K+K+,sort-n20000-s2,val,sort,sort-n20000,0.1,4,603,316,0
global,ref+age+dirty+refaults,4,K+K+,sort-n20000-s2,val,sort,sort-n20000,0.1,4,1972,735,1
global,ref+age+dirty+rdist,4,K+K+,sort-n20000-s2,val,sort,sort-n20000,0.1,4,617,329,0
global,ref+age+refaults+rdist,4,K+K+,sort-n20000-s2,val,sort,sort-n20000,0.1,4,1972,736,1
global,ref+dirty+refaults+rdist,4,K+K+,sort-n20000-s2,val,sort,sort-n20000,0.1,4,634,331,0
global,aging+sfreq+idle+age,4,K,sort-n20000-s2,val,sort,sort-n20000,0.1,4,617,328,0
global,aging+sfreq+idle+dirty,4,K,sort-n20000-s2,val,sort,sort-n20000,0.1,4,618,329,0
global,aging+sfreq+idle+refaults,4,K+K+,sort-n20000-s2,val,sort,sort-n20000,0.1,4,618,329,0
global,aging+sfreq+idle+rdist,4,K+K+,sort-n20000-s2,val,sort,sort-n20000,0.1,4,608,321,0
global,aging+sfreq+age+dirty,4,K,sort-n20000-s2,val,sort,sort-n20000,0.1,4,618,329,0
global,aging+sfreq+age+refaults,4,K+K+,sort-n20000-s2,val,sort,sort-n20000,0.1,4,617,328,0
global,aging+sfreq+age+rdist,4,K+K+,sort-n20000-s2,val,sort,sort-n20000,0.1,4,608,321,0
global,aging+sfreq+dirty+refaults,4,K+K+,sort-n20000-s2,val,sort,sort-n20000,0.1,4,618,329,0
global,aging+sfreq+dirty+rdist,4,K+K+,sort-n20000-s2,val,sort,sort-n20000,0.1,4,619,330,0
global,aging+sfreq+refaults+rdist,4,K+K+,sort-n20000-s2,val,sort,sort-n20000,0.1,4,621,330,0
global,aging+idle+age+dirty,4,K,sort-n20000-s2,val,sort,sort-n20000,0.1,4,619,330,0
global,aging+idle+age+refaults,4,K+K+,sort-n20000-s2,val,sort,sort-n20000,0.1,4,618,329,0
global,aging+idle+age+rdist,4,K+K+,sort-n20000-s2,val,sort,sort-n20000,0.1,4,613,326,0
global,aging+idle+dirty+refaults,4,K+K+,sort-n20000-s2,val,sort,sort-n20000,0.1,4,611,318,0
global,aging+idle+dirty+rdist,4,K+K+,sort-n20000-s2,val,sort,sort-n20000,0.1,4,618,329,0
global,aging+idle+refaults+rdist,4,K+K+,sort-n20000-s2,val,sort,sort-n20000,0.1,4,605,317,0
global,aging+age+dirty+refaults,4,K+K+,sort-n20000-s2,val,sort,sort-n20000,0.1,4,617,328,0
global,aging+age+dirty+rdist,4,K+K+,sort-n20000-s2,val,sort,sort-n20000,0.1,4,619,330,0
global,aging+age+refaults+rdist,4,K+K+,sort-n20000-s2,val,sort,sort-n20000,0.1,4,617,328,0
global,aging+dirty+refaults+rdist,4,K+K+,sort-n20000-s2,val,sort,sort-n20000,0.1,4,634,327,0
global,sfreq+idle+age+dirty,4,K,sort-n20000-s2,val,sort,sort-n20000,0.1,4,621,332,0
global,sfreq+idle+age+refaults,4,K+K+,sort-n20000-s2,val,sort,sort-n20000,0.1,4,682,339,0
global,sfreq+idle+age+rdist,4,K+K+,sort-n20000-s2,val,sort,sort-n20000,0.1,4,1148,577,0
global,sfreq+idle+dirty+refaults,4,K+K+,sort-n20000-s2,val,sort,sort-n20000,0.1,4,792,418,0
global,sfreq+idle+dirty+rdist,4,K+K+,sort-n20000-s2,val,sort,sort-n20000,0.1,4,1162,593,0
global,sfreq+idle+refaults+rdist,4,K+K+,sort-n20000-s2,val,sort,sort-n20000,0.1,4,1238,603,0
global,sfreq+age+dirty+refaults,4,K+K+,sort-n20000-s2,val,sort,sort-n20000,0.1,4,1972,1055,1
global,sfreq+age+dirty+rdist,4,K+K+,sort-n20000-s2,val,sort,sort-n20000,0.1,4,1278,707,0
global,sfreq+age+refaults+rdist,4,K+K+,sort-n20000-s2,val,sort,sort-n20000,0.1,4,1972,1004,1
global,sfreq+dirty+refaults+rdist,4,K+K+,sort-n20000-s2,val,sort,sort-n20000,0.1,4,1972,1016,1
global,idle+age+dirty+refaults,4,K+K+,sort-n20000-s2,val,sort,sort-n20000,0.1,4,688,353,0
global,idle+age+dirty+rdist,4,K+K+,sort-n20000-s2,val,sort,sort-n20000,0.1,4,1162,593,0
global,idle+age+refaults+rdist,4,K+K+,sort-n20000-s2,val,sort,sort-n20000,0.1,4,1156,577,0
global,idle+dirty+refaults+rdist,4,K+K+,sort-n20000-s2,val,sort,sort-n20000,0.1,4,1148,578,0
global,age+dirty+refaults+rdist,4,K+K+,sort-n20000-s2,val,sort,sort-n20000,0.1,4,1972,1000,1
global,ref+aging+sfreq+idle+age,5,K,sort-n20000-s2,val,sort,sort-n20000,0.1,4,617,328,0
global,ref+aging+sfreq+idle+dirty,5,K,sort-n20000-s2,val,sort,sort-n20000,0.1,4,619,330,0
global,ref+aging+sfreq+idle+refaults,5,K+K+,sort-n20000-s2,val,sort,sort-n20000,0.1,4,620,328,0
global,ref+aging+sfreq+idle+rdist,5,K+K+,sort-n20000-s2,val,sort,sort-n20000,0.1,4,627,327,0
global,ref+aging+sfreq+age+dirty,5,K,sort-n20000-s2,val,sort,sort-n20000,0.1,4,618,329,0
global,ref+aging+sfreq+age+refaults,5,K+K+,sort-n20000-s2,val,sort,sort-n20000,0.1,4,620,328,0
global,ref+aging+sfreq+age+rdist,5,K+K+,sort-n20000-s2,val,sort,sort-n20000,0.1,4,625,326,0
global,ref+aging+sfreq+dirty+refaults,5,K+K+,sort-n20000-s2,val,sort,sort-n20000,0.1,4,623,331,0
global,ref+aging+sfreq+dirty+rdist,5,K+K+,sort-n20000-s2,val,sort,sort-n20000,0.1,4,628,330,0
global,ref+aging+sfreq+refaults+rdist,5,K+K+,sort-n20000-s2,val,sort,sort-n20000,0.1,4,627,330,0
global,ref+aging+idle+age+dirty,5,K,sort-n20000-s2,val,sort,sort-n20000,0.1,4,620,331,0
global,ref+aging+idle+age+refaults,5,K+K+,sort-n20000-s2,val,sort,sort-n20000,0.1,4,620,328,0
global,ref+aging+idle+age+rdist,5,K+K+,sort-n20000-s2,val,sort,sort-n20000,0.1,4,627,327,0
global,ref+aging+idle+dirty+refaults,5,K+K+,sort-n20000-s2,val,sort,sort-n20000,0.1,4,611,318,0
global,ref+aging+idle+dirty+rdist,5,K+K+,sort-n20000-s2,val,sort,sort-n20000,0.1,4,623,325,0
global,ref+aging+idle+refaults+rdist,5,K+K+,sort-n20000-s2,val,sort,sort-n20000,0.1,4,604,317,0
global,ref+aging+age+dirty+refaults,5,K+K+,sort-n20000-s2,val,sort,sort-n20000,0.1,4,620,328,0
global,ref+aging+age+dirty+rdist,5,K+K+,sort-n20000-s2,val,sort,sort-n20000,0.1,4,625,334,0
global,ref+aging+age+refaults+rdist,5,K+K+,sort-n20000-s2,val,sort,sort-n20000,0.1,4,629,328,0
global,ref+aging+dirty+refaults+rdist,5,K+K+,sort-n20000-s2,val,sort,sort-n20000,0.1,4,615,322,0
global,ref+sfreq+idle+age+dirty,5,K,sort-n20000-s2,val,sort,sort-n20000,0.1,4,620,331,0
global,ref+sfreq+idle+age+refaults,5,K+K+,sort-n20000-s2,val,sort,sort-n20000,0.1,4,639,329,0
global,ref+sfreq+idle+age+rdist,5,K+K+,sort-n20000-s2,val,sort,sort-n20000,0.1,4,609,316,0
global,ref+sfreq+idle+dirty+refaults,5,K+K+,sort-n20000-s2,val,sort,sort-n20000,0.1,4,722,363,0
global,ref+sfreq+idle+dirty+rdist,5,K+K+,sort-n20000-s2,val,sort,sort-n20000,0.1,4,617,330,0
global,ref+sfreq+idle+refaults+rdist,5,K+K+,sort-n20000-s2,val,sort,sort-n20000,0.1,4,1152,501,0
global,ref+sfreq+age+dirty+refaults,5,K+K+,sort-n20000-s2,val,sort,sort-n20000,0.1,4,1401,590,0
global,ref+sfreq+age+dirty+rdist,5,K+K+,sort-n20000-s2,val,sort,sort-n20000,0.1,4,646,340,0
global,ref+sfreq+age+refaults+rdist,5,K+K+,sort-n20000-s2,val,sort,sort-n20000,0.1,4,1972,745,1
global,ref+sfreq+dirty+refaults+rdist,5,K+K+,sort-n20000-s2,val,sort,sort-n20000,0.1,4,1972,748,1
global,ref+idle+age+dirty+refaults,5,K+K+,sort-n20000-s2,val,sort,sort-n20000,0.1,4,648,339,0
global,ref+idle+age+dirty+rdist,5,K+K+,sort-n20000-s2,val,sort,sort-n20000,0.1,4,618,331,0
global,ref+idle+age+refaults+rdist,5,K+K+,sort-n20000-s2,val,sort,sort-n20000,0.1,4,748,368,0
global,ref+idle+dirty+refaults+rdist,5,K+K+,sort-n20000-s2,val,sort,sort-n20000,0.1,4,612,325,0
global,ref+age+dirty+refaults+rdist,5,K+K+,sort-n20000-s2,val,sort,sort-n20000,0.1,4,1972,743,1
global,aging+sfreq+idle+age+dirty,5,K,sort-n20000-s2,val,sort,sort-n20000,0.1,4,619,330,0
global,aging+sfreq+idle+age+refaults,5,K+K+,sort-n20000-s2,val,sort,sort-n20000,0.1,4,618,329,0
global,aging+sfreq+idle+age+rdist,5,K+K+,sort-n20000-s2,val,sort,sort-n20000,0.1,4,604,316,0
global,aging+sfreq+idle+dirty+refaults,5,K+K+,sort-n20000-s2,val,sort,sort-n20000,0.1,4,618,329,0
global,aging+sfreq+idle+dirty+rdist,5,K+K+,sort-n20000-s2,val,sort,sort-n20000,0.1,4,619,330,0
global,aging+sfreq+idle+refaults+rdist,5,K+K+,sort-n20000-s2,val,sort,sort-n20000,0.1,4,620,329,0
global,aging+sfreq+age+dirty+refaults,5,K+K+,sort-n20000-s2,val,sort,sort-n20000,0.1,4,618,329,0
global,aging+sfreq+age+dirty+rdist,5,K+K+,sort-n20000-s2,val,sort,sort-n20000,0.1,4,619,330,0
global,aging+sfreq+age+refaults+rdist,5,K+K+,sort-n20000-s2,val,sort,sort-n20000,0.1,4,617,328,0
global,aging+sfreq+dirty+refaults+rdist,5,K+K+,sort-n20000-s2,val,sort,sort-n20000,0.1,4,621,331,0
global,aging+idle+age+dirty+refaults,5,K+K+,sort-n20000-s2,val,sort,sort-n20000,0.1,4,618,329,0
global,aging+idle+age+dirty+rdist,5,K+K+,sort-n20000-s2,val,sort,sort-n20000,0.1,4,619,330,0
global,aging+idle+age+refaults+rdist,5,K+K+,sort-n20000-s2,val,sort,sort-n20000,0.1,4,618,329,0
global,aging+idle+dirty+refaults+rdist,5,K+K+,sort-n20000-s2,val,sort,sort-n20000,0.1,4,633,326,0
global,aging+age+dirty+refaults+rdist,5,K+K+,sort-n20000-s2,val,sort,sort-n20000,0.1,4,618,329,0
global,sfreq+idle+age+dirty+refaults,5,K+K+,sort-n20000-s2,val,sort,sort-n20000,0.1,4,740,382,0
global,sfreq+idle+age+dirty+rdist,5,K+K+,sort-n20000-s2,val,sort,sort-n20000,0.1,4,1154,585,0
global,sfreq+idle+age+refaults+rdist,5,K+K+,sort-n20000-s2,val,sort,sort-n20000,0.1,4,1152,576,0
global,sfreq+idle+dirty+refaults+rdist,5,K+K+,sort-n20000-s2,val,sort,sort-n20000,0.1,4,1370,750,0
global,sfreq+age+dirty+refaults+rdist,5,K+K+,sort-n20000-s2,val,sort,sort-n20000,0.1,4,1972,1057,1
global,idle+age+dirty+refaults+rdist,5,K+K+,sort-n20000-s2,val,sort,sort-n20000,0.1,4,1207,637,0
global,ref+aging+sfreq+idle+age+dirty,6,K,sort-n20000-s2,val,sort,sort-n20000,0.1,4,618,329,0
global,ref+aging+sfreq+idle+age+refaults,6,K+K+,sort-n20000-s2,val,sort,sort-n20000,0.1,4,620,328,0
global,ref+aging+sfreq+idle+age+rdist,6,K+K+,sort-n20000-s2,val,sort,sort-n20000,0.1,4,618,323,0
global,ref+aging+sfreq+idle+dirty+refaults,6,K+K+,sort-n20000-s2,val,sort,sort-n20000,0.1,4,621,329,0
global,ref+aging+sfreq+idle+dirty+rdist,6,K+K+,sort-n20000-s2,val,sort,sort-n20000,0.1,4,628,330,0
global,ref+aging+sfreq+idle+refaults+rdist,6,K+K+,sort-n20000-s2,val,sort,sort-n20000,0.1,4,636,328,0
global,ref+aging+sfreq+age+dirty+refaults,6,K+K+,sort-n20000-s2,val,sort,sort-n20000,0.1,4,620,328,0
global,ref+aging+sfreq+age+dirty+rdist,6,K+K+,sort-n20000-s2,val,sort,sort-n20000,0.1,4,628,330,0
global,ref+aging+sfreq+age+refaults+rdist,6,K+K+,sort-n20000-s2,val,sort,sort-n20000,0.1,4,629,328,0
global,ref+aging+sfreq+dirty+refaults+rdist,6,K+K+,sort-n20000-s2,val,sort,sort-n20000,0.1,4,620,331,0
global,ref+aging+idle+age+dirty+refaults,6,K+K+,sort-n20000-s2,val,sort,sort-n20000,0.1,4,620,328,0
global,ref+aging+idle+age+dirty+rdist,6,K+K+,sort-n20000-s2,val,sort,sort-n20000,0.1,4,626,334,0
global,ref+aging+idle+age+refaults+rdist,6,K+K+,sort-n20000-s2,val,sort,sort-n20000,0.1,4,625,333,0
global,ref+aging+idle+dirty+refaults+rdist,6,K+K+,sort-n20000-s2,val,sort,sort-n20000,0.1,4,632,326,0
global,ref+aging+age+dirty+refaults+rdist,6,K+K+,sort-n20000-s2,val,sort,sort-n20000,0.1,4,629,328,0
global,ref+sfreq+idle+age+dirty+refaults,6,K+K+,sort-n20000-s2,val,sort,sort-n20000,0.1,4,653,339,0
global,ref+sfreq+idle+age+dirty+rdist,6,K+K+,sort-n20000-s2,val,sort,sort-n20000,0.1,4,617,330,0
global,ref+sfreq+idle+age+refaults+rdist,6,K+K+,sort-n20000-s2,val,sort,sort-n20000,0.1,4,667,336,0
global,ref+sfreq+idle+dirty+refaults+rdist,6,K+K+,sort-n20000-s2,val,sort,sort-n20000,0.1,4,1972,764,1
global,ref+sfreq+age+dirty+refaults+rdist,6,K+K+,sort-n20000-s2,val,sort,sort-n20000,0.1,4,1972,746,1
global,ref+idle+age+dirty+refaults+rdist,6,K+K+,sort-n20000-s2,val,sort,sort-n20000,0.1,4,798,392,0
global,aging+sfreq+idle+age+dirty+refaults,6,K+K+,sort-n20000-s2,val,sort,sort-n20000,0.1,4,618,329,0
global,aging+sfreq+idle+age+dirty+rdist,6,K+K+,sort-n20000-s2,val,sort,sort-n20000,0.1,4,619,330,0
global,aging+sfreq+idle+age+refaults+rdist,6,K+K+,sort-n20000-s2,val,sort,sort-n20000,0.1,4,618,329,0
global,aging+sfreq+idle+dirty+refaults+rdist,6,K+K+,sort-n20000-s2,val,sort,sort-n20000,0.1,4,620,330,0
global,aging+sfreq+age+dirty+refaults+rdist,6,K+K+,sort-n20000-s2,val,sort,sort-n20000,0.1,4,618,329,0
global,aging+idle+age+dirty+refaults+rdist,6,K+K+,sort-n20000-s2,val,sort,sort-n20000,0.1,4,618,329,0
global,sfreq+idle+age+dirty+refaults+rdist,6,K+K+,sort-n20000-s2,val,sort,sort-n20000,0.1,4,1203,632,0
global,ref+aging+sfreq+idle+age+dirty+refaults,7,K+K+,sort-n20000-s2,val,sort,sort-n20000,0.1,4,620,328,0
global,ref+aging+sfreq+idle+age+dirty+rdist,7,K+K+,sort-n20000-s2,val,sort,sort-n20000,0.1,4,623,334,0
global,ref+aging+sfreq+idle+age+refaults+rdist,7,K+K+,sort-n20000-s2,val,sort,sort-n20000,0.1,4,625,333,0
global,ref+aging+sfreq+idle+dirty+refaults+rdist,7,K+K+,sort-n20000-s2,val,sort,sort-n20000,0.1,4,630,334,0
global,ref+aging+sfreq+age+dirty+refaults+rdist,7,K+K+,sort-n20000-s2,val,sort,sort-n20000,0.1,4,629,328,0
global,ref+aging+idle+age+dirty+refaults+rdist,7,K+K+,sort-n20000-s2,val,sort,sort-n20000,0.1,4,624,334,0
global,ref+sfreq+idle+age+dirty+refaults+rdist,7,K+K+,sort-n20000-s2,val,sort,sort-n20000,0.1,4,715,363,0
global,aging+sfreq+idle+age+dirty+refaults+rdist,7,K+K+,sort-n20000-s2,val,sort,sort-n20000,0.1,4,618,329,0
global,ref+aging+sfreq+idle+age+dirty+refaults+rdist,8,K+K+,sort-n20000-s2,val,sort,sort-n20000,0.1,4,623,332,0
global,rec+ref+aging+sfreq+idle+age+dirty,7,F+K,sort-n20000-s2,val,sort,sort-n20000,0.1,4,607,318,0
global,rec+ref+aging+sfreq+idle+age+dirty+refaults+rdist,9,F+K+K+,sort-n20000-s2,val,sort,sort-n20000,0.1,4,607,318,0
global,freq+ref+aging+sfreq+idle+age+dirty,7,F+K,sort-n20000-s2,val,sort,sort-n20000,0.1,4,617,328,0
global,freq+ref+aging+sfreq+idle+age+dirty+refaults+rdist,9,F+K+K+,sort-n20000-s2,val,sort,sort-n20000,0.1,4,628,335,0
global,sd+ref+aging+sfreq+idle+age+dirty,7,F+K,sort-n20000-s2,val,sort,sort-n20000,0.1,4,609,318,0
global,sd+ref+aging+sfreq+idle+age+dirty+refaults+rdist,9,F+K+K+,sort-n20000-s2,val,sort,sort-n20000,0.1,4,618,327,0
global,wr+ref+aging+sfreq+idle+age+dirty,7,F+K,sort-n20000-s2,val,sort,sort-n20000,0.1,4,618,329,0
global,wr+ref+aging+sfreq+idle+age+dirty+refaults+rdist,9,F+K+K+,sort-n20000-s2,val,sort,sort-n20000,0.1,4,625,333,0
global,rec+freq+ref+aging+sfreq+idle+age+dirty,8,F+K,sort-n20000-s2,val,sort,sort-n20000,0.1,4,607,318,0
global,rec+freq+ref+aging+sfreq+idle+age+dirty+refaults+rdist,10,F+K+K+,sort-n20000-s2,val,sort,sort-n20000,0.1,4,607,318,0
global,rec+sd+ref+aging+sfreq+idle+age+dirty,8,F+K,sort-n20000-s2,val,sort,sort-n20000,0.1,4,607,318,0
global,rec+sd+ref+aging+sfreq+idle+age+dirty+refaults+rdist,10,F+K+K+,sort-n20000-s2,val,sort,sort-n20000,0.1,4,607,318,0
global,rec+wr+ref+aging+sfreq+idle+age+dirty,8,F+K,sort-n20000-s2,val,sort,sort-n20000,0.1,4,607,318,0
global,rec+wr+ref+aging+sfreq+idle+age+dirty+refaults+rdist,10,F+K+K+,sort-n20000-s2,val,sort,sort-n20000,0.1,4,607,318,0
global,freq+sd+ref+aging+sfreq+idle+age+dirty,8,F+K,sort-n20000-s2,val,sort,sort-n20000,0.1,4,609,318,0
global,freq+sd+ref+aging+sfreq+idle+age+dirty+refaults+rdist,10,F+K+K+,sort-n20000-s2,val,sort,sort-n20000,0.1,4,632,345,0
global,freq+wr+ref+aging+sfreq+idle+age+dirty,8,F+K,sort-n20000-s2,val,sort,sort-n20000,0.1,4,617,328,0
global,freq+wr+ref+aging+sfreq+idle+age+dirty+refaults+rdist,10,F+K+K+,sort-n20000-s2,val,sort,sort-n20000,0.1,4,631,335,0
global,sd+wr+ref+aging+sfreq+idle+age+dirty,8,F+K,sort-n20000-s2,val,sort,sort-n20000,0.1,4,608,318,0
global,sd+wr+ref+aging+sfreq+idle+age+dirty+refaults+rdist,10,F+K+K+,sort-n20000-s2,val,sort,sort-n20000,0.1,4,618,327,0
global,rec+freq+sd+ref+aging+sfreq+idle+age+dirty,9,F+K,sort-n20000-s2,val,sort,sort-n20000,0.1,4,607,318,0
global,rec+freq+sd+ref+aging+sfreq+idle+age+dirty+refaults+rdist,11,F+K+K+,sort-n20000-s2,val,sort,sort-n20000,0.1,4,607,318,0
global,rec+freq+wr+ref+aging+sfreq+idle+age+dirty,9,F+K,sort-n20000-s2,val,sort,sort-n20000,0.1,4,607,318,0
global,rec+freq+wr+ref+aging+sfreq+idle+age+dirty+refaults+rdist,11,F+K+K+,sort-n20000-s2,val,sort,sort-n20000,0.1,4,607,318,0
global,rec+sd+wr+ref+aging+sfreq+idle+age+dirty,9,F+K,sort-n20000-s2,val,sort,sort-n20000,0.1,4,607,318,0
global,rec+sd+wr+ref+aging+sfreq+idle+age+dirty+refaults+rdist,11,F+K+K+,sort-n20000-s2,val,sort,sort-n20000,0.1,4,607,318,0
global,freq+sd+wr+ref+aging+sfreq+idle+age+dirty,9,F+K,sort-n20000-s2,val,sort,sort-n20000,0.1,4,608,318,0
global,freq+sd+wr+ref+aging+sfreq+idle+age+dirty+refaults+rdist,11,F+K+K+,sort-n20000-s2,val,sort,sort-n20000,0.1,4,615,327,0
global,rec+freq+sd+wr+ref+aging+sfreq+idle+age+dirty,10,F+K,sort-n20000-s2,val,sort,sort-n20000,0.1,4,607,318,0
global,rec+freq+sd+wr+ref+aging+sfreq+idle+age+dirty+refaults+rdist,12,F+K+K+,sort-n20000-s2,val,sort,sort-n20000,0.1,4,607,318,0
kv,rec,1,F,kv-Arehash-s5,test,kv,kv-Arehash,0.1,75,30571,25601,0
kv,freq,1,F,kv-Arehash-s5,test,kv,kv-Arehash,0.1,75,58401,39057,0
kv,sd,1,F,kv-Arehash-s5,test,kv,kv-Arehash,0.1,75,30571,25601,0
kv,wr,1,F,kv-Arehash-s5,test,kv,kv-Arehash,0.1,75,92221,18413,1
kv,rec+freq,2,F,kv-Arehash-s5,test,kv,kv-Arehash,0.1,75,29451,24742,0
kv,rec+sd,2,F,kv-Arehash-s5,test,kv,kv-Arehash,0.1,75,30603,25618,0
kv,rec+wr,2,F,kv-Arehash-s5,test,kv,kv-Arehash,0.1,75,30669,25533,0
kv,freq+sd,2,F,kv-Arehash-s5,test,kv,kv-Arehash,0.1,75,29631,24876,0
kv,freq+wr,2,F,kv-Arehash-s5,test,kv,kv-Arehash,0.1,75,60022,39950,0
kv,sd+wr,2,F,kv-Arehash-s5,test,kv,kv-Arehash,0.1,75,30625,25532,0
kv,rec+freq+sd,3,F,kv-Arehash-s5,test,kv,kv-Arehash,0.1,75,29459,24742,0
kv,rec+freq+wr,3,F,kv-Arehash-s5,test,kv,kv-Arehash,0.1,75,29490,24788,0
kv,rec+sd+wr,3,F,kv-Arehash-s5,test,kv,kv-Arehash,0.1,75,30837,25589,0
kv,freq+sd+wr,3,F,kv-Arehash-s5,test,kv,kv-Arehash,0.1,75,29707,24982,0
kv,rec+freq+sd+wr,4,F,kv-Arehash-s5,test,kv,kv-Arehash,0.1,75,29465,24752,0
kv,ref,1,K,kv-Arehash-s5,test,kv,kv-Arehash,0.1,75,37769,28465,0
kv,aging,1,K,kv-Arehash-s5,test,kv,kv-Arehash,0.1,75,32283,27147,0
kv,sfreq,1,K,kv-Arehash-s5,test,kv,kv-Arehash,0.1,75,92221,36984,1
kv,idle,1,K,kv-Arehash-s5,test,kv,kv-Arehash,0.1,75,30595,25623,0
kv,age,1,K,kv-Arehash-s5,test,kv,kv-Arehash,0.1,75,92221,34453,1
kv,dirty,1,K,kv-Arehash-s5,test,kv,kv-Arehash,0.1,75,92221,15902,1
kv,refaults,1,K+,kv-Arehash-s5,test,kv,kv-Arehash,0.1,75,34021,27212,0
kv,rdist,1,K+,kv-Arehash-s5,test,kv,kv-Arehash,0.1,75,92221,21690,1
kv,ref+aging,2,K,kv-Arehash-s5,test,kv,kv-Arehash,0.1,75,32283,27147,0
kv,ref+sfreq,2,K,kv-Arehash-s5,test,kv,kv-Arehash,0.1,75,92221,41738,1
kv,ref+idle,2,K,kv-Arehash-s5,test,kv,kv-Arehash,0.1,75,30595,25623,0
kv,ref+age,2,K,kv-Arehash-s5,test,kv,kv-Arehash,0.1,75,92221,35803,1
kv,ref+dirty,2,K,kv-Arehash-s5,test,kv,kv-Arehash,0.1,75,92221,15926,1
kv,ref+refaults,2,K+K+,kv-Arehash-s5,test,kv,kv-Arehash,0.1,75,31811,27050,0
kv,ref+rdist,2,K+K+,kv-Arehash-s5,test,kv,kv-Arehash,0.1,75,92221,21387,1
kv,aging+sfreq,2,K,kv-Arehash-s5,test,kv,kv-Arehash,0.1,75,92221,42433,1
kv,aging+idle,2,K,kv-Arehash-s5,test,kv,kv-Arehash,0.1,75,30595,25623,0
kv,aging+age,2,K,kv-Arehash-s5,test,kv,kv-Arehash,0.1,75,92221,33441,1
kv,aging+dirty,2,K,kv-Arehash-s5,test,kv,kv-Arehash,0.1,75,33015,26269,0
kv,aging+refaults,2,K+K+,kv-Arehash-s5,test,kv,kv-Arehash,0.1,75,30068,25572,0
kv,aging+rdist,2,K+K+,kv-Arehash-s5,test,kv,kv-Arehash,0.1,75,38156,29558,0
kv,sfreq+idle,2,K,kv-Arehash-s5,test,kv,kv-Arehash,0.1,75,33310,26592,0
kv,sfreq+age,2,K,kv-Arehash-s5,test,kv,kv-Arehash,0.1,75,63905,42272,0
kv,sfreq+dirty,2,K,kv-Arehash-s5,test,kv,kv-Arehash,0.1,75,92221,34504,1
kv,sfreq+refaults,2,K+K+,kv-Arehash-s5,test,kv,kv-Arehash,0.1,75,83816,50339,0
kv,sfreq+rdist,2,K+K+,kv-Arehash-s5,test,kv,kv-Arehash,0.1,75,92221,35410,1
kv,idle+age,2,K,kv-Arehash-s5,test,kv,kv-Arehash,0.1,75,29313,24430,0
kv,idle+dirty,2,K,kv-Arehash-s5,test,kv,kv-Arehash,0.1,75,30679,25331,0
kv,idle+refaults,2,K+K+,kv-Arehash-s5,test,kv,kv-Arehash,0.1,75,30562,25657,0
kv,idle+rdist,2,K+K+,kv-Arehash-s5,test,kv,kv-Arehash,0.1,75,28974,24417,0
kv,age+dirty,2,K,kv-Arehash-s5,test,kv,kv-Arehash,0.1,75,92221,34470,1
kv,age+refaults,2,K+K+,kv-Arehash-s5,test,kv,kv-Arehash,0.1,75,92221,34453,1
kv,age+rdist,2,K+K+,kv-Arehash-s5,test,kv,kv-Arehash,0.1,75,92221,34453,1
kv,dirty+refaults,2,K+K+,kv-Arehash-s5,test,kv,kv-Arehash,0.1,75,74366,27421,0
kv,dirty+rdist,2,K+K+,kv-Arehash-s5,test,kv,kv-Arehash,0.1,75,92221,26622,1
kv,refaults+rdist,2,K+,kv-Arehash-s5,test,kv,kv-Arehash,0.1,75,41699,30313,0
kv,ref+aging+sfreq,3,K,kv-Arehash-s5,test,kv,kv-Arehash,0.1,75,92221,42274,1
kv,ref+aging+idle,3,K,kv-Arehash-s5,test,kv,kv-Arehash,0.1,75,30596,25624,0
kv,ref+aging+age,3,K,kv-Arehash-s5,test,kv,kv-Arehash,0.1,75,92221,34179,1
kv,ref+aging+dirty,3,K,kv-Arehash-s5,test,kv,kv-Arehash,0.1,75,33017,26269,0
kv,ref+aging+refaults,3,K+K+,kv-Arehash-s5,test,kv,kv-Arehash,0.1,75,29867,25580,0
kv,ref+aging+rdist,3,K+K+,kv-Arehash-s5,test,kv,kv-Arehash,0.1,75,38201,29562,0
kv,ref+sfreq+idle,3,K,kv-Arehash-s5,test,kv,kv-Arehash,0.1,75,32894,26424,0
kv,ref+sfreq+age,3,K,kv-Arehash-s5,test,kv,kv-Arehash,0.1,75,60335,39993,0
kv,ref+sfreq+dirty,3,K,kv-Arehash-s5,test,kv,kv-Arehash,0.1,75,92221,43140,1
kv,ref+sfreq+refaults,3,K+K+,kv-Arehash-s5,test,kv,kv-Arehash,0.1,75,65075,42623,0
kv,ref+sfreq+rdist,3,K+K+,kv-Arehash-s5,test,kv,kv-Arehash,0.1,75,92221,40477,1
kv,ref+idle+age,3,K,kv-Arehash-s5,test,kv,kv-Arehash,0.1,75,29321,24452,0
kv,ref+idle+dirty,3,K,kv-Arehash-s5,test,kv,kv-Arehash,0.1,75,30677,25317,0
kv,ref+idle+refaults,3,K+K+,kv-Arehash-s5,test,kv,kv-Arehash,0.1,75,30548,25652,0
kv,ref+idle+rdist,3,K+K+,kv-Arehash-s5,test,kv,kv-Arehash,0.1,75,28934,24363,0
kv,ref+age+dirty,3,K,kv-Arehash-s5,test,kv,kv-Arehash,0.1,75,92221,35777,1
kv,ref+age+refaults,3,K+K+,kv-Arehash-s5,test,kv,kv-Arehash,0.1,75,92221,35229,1
kv,ref+age+rdist,3,K+K+,kv-Arehash-s5,test,kv,kv-Arehash,0.1,75,92221,33248,1
kv,ref+dirty+refaults,3,K+K+,kv-Arehash-s5,test,kv,kv-Arehash,0.1,75,41957,26492,0
kv,ref+dirty+rdist,3,K+K+,kv-Arehash-s5,test,kv,kv-Arehash,0.1,75,92221,21377,1
kv,ref+refaults+rdist,3,K+K+,kv-Arehash-s5,test,kv,kv-Arehash,0.1,75,33499,26457,0
kv,aging+sfreq+idle,3,K,kv-Arehash-s5,test,kv,kv-Arehash,0.1,75,31605,25646,0
kv,aging+sfreq+age,3,K,kv-Arehash-s5,test,kv,kv-Arehash,0.1,75,63647,42131,0
kv,aging+sfreq+dirty,3,K,kv-Arehash-s5,test,kv,kv-Arehash,0.1,75,92221,45124,1
kv,aging+sfreq+refaults,3,K+K+,kv-Arehash-s5,test,kv,kv-Arehash,0.1,75,56926,38554,0
kv,aging+sfreq+rdist,3,K+K+,kv-Arehash-s5,test,kv,kv-Arehash,0.1,75,92221,42185,1
kv,aging+idle+age,3,K,kv-Arehash-s5,test,kv,kv-Arehash,0.1,75,29355,24492,0
kv,aging+idle+dirty,3,K,kv-Arehash-s5,test,kv,kv-Arehash,0.1,75,30676,25326,0
kv,aging+idle+refaults,3,K+K+,kv-Arehash-s5,test,kv,kv-Arehash,0.1,75,30556,25653,0
kv,aging+idle+rdist,3,K+K+,kv-Arehash-s5,test,kv,kv-Arehash,0.1,75,28934,24371,0
kv,aging+age+dirty,3,K,kv-Arehash-s5,test,kv,kv-Arehash,0.1,75,92221,33432,1
kv,aging+age+refaults,3,K+K+,kv-Arehash-s5,test,kv,kv-Arehash,0.1,75,92221,40070,1
kv,aging+age+rdist,3,K+K+,kv-Arehash-s5,test,kv,kv-Arehash,0.1,75,92221,32724,1
kv,aging+dirty+refaults,3,K+K+,kv-Arehash-s5,test,kv,kv-Arehash,0.1,75,37870,24986,0
kv,aging+dirty+rdist,3,K+K+,kv-Arehash-s5,test,kv,kv-Arehash,0.1,75,38302,29484,0
kv,aging+refaults+rdist,3,K+K+,kv-Arehash-s5,test,kv,kv-Arehash,0.1,75,31630,25607,0
kv,sfreq+idle+age,3,K,kv-Arehash-s5,test,kv,kv-Arehash,0.1,75,31090,25251,0
kv,sfreq+idle+dirty,3,K,kv-Arehash-s5,test,kv,kv-Arehash,0.1,75,33540,26932,0
kv,sfreq+idle+refaults,3,K+K+,kv-Arehash-s5,test,kv,kv-Arehash,0.1,75,32391,26277,0
kv,sfreq+idle+rdist,3,K+K+,kv-Arehash-s5,test,kv,kv-Arehash,0.1,75,33491,26573,0
kv,sfreq+age+dirty,3,K,kv-Arehash-s5,test,kv,kv-Arehash,0.1,75,50153,40781,0
kv,sfreq+age+refaults,3,K+K+,kv-Arehash-s5,test,kv,kv-Arehash,0.1,75,52318,36035,0
kv,sfreq+age+rdist,3,K+K+,kv-Arehash-s5,test,kv,kv-Arehash,0.1,75,49886,34611,0
kv,sfreq+dirty+refaults,3,K+K+,kv-Arehash-s5,test,kv,kv-Arehash,0.1,75,82824,51355,0
kv,sfreq+dirty+rdist,3,K+K+,kv-Arehash-s5,test,kv,kv-Arehash,0.1,75,92221,33265,1
kv,sfreq+refaults+rdist,3,K+K+,kv-Arehash-s5,test,kv,kv-Arehash,0.1,75,72948,46011,0
kv,idle+age+dirty,3,K,kv-Arehash-s5,test,kv,kv-Arehash,0.1,75,28949,24690,0
kv,idle+age+refaults,3,K+K+,kv-Arehash-s5,test,kv,kv-Arehash,0.1,75,29121,24470,0
kv,idle+age+rdist,3,K+K+,kv-Arehash-s5,test,kv,kv-Arehash,0.1,75,29608,24327,0
kv,idle+dirty+refaults,3,K+K+,kv-Arehash-s5,test,kv,kv-Arehash,0.1,75,30616,25347,0
kv,idle+dirty+rdist,3,K+K+,kv-Arehash-s5,test,kv,kv-Arehash,0.1,75,29032,24257,0
kv,idle+refaults+rdist,3,K+K+,kv-Arehash-s5,test,kv,kv-Arehash,0.1,75,28730,24313,0
kv,age+dirty+refaults,3,K+K+,kv-Arehash-s5,test,kv,kv-Arehash,0.1,75,92221,34453,1
kv,age+dirty+rdist,3,K+K+,kv-Arehash-s5,test,kv,kv-Arehash,0.1,75,92221,34470,1
kv,age+refaults+rdist,3,K+K+,kv-Arehash-s5,test,kv,kv-Arehash,0.1,75,92221,34453,1
kv,dirty+refaults+rdist,3,K+K+,kv-Arehash-s5,test,kv,kv-Arehash,0.1,75,51858,32242,0
kv,ref+aging+sfreq+idle,4,K,kv-Arehash-s5,test,kv,kv-Arehash,0.1,75,31379,25494,0
kv,ref+aging+sfreq+age,4,K,kv-Arehash-s5,test,kv,kv-Arehash,0.1,75,50205,38939,0
kv,ref+aging+sfreq+dirty,4,K,kv-Arehash-s5,test,kv,kv-Arehash,0.1,75,92221,45126,1
kv,ref+aging+sfreq+refaults,4,K+K+,kv-Arehash-s5,test,kv,kv-Arehash,0.1,75,57711,38911,0
kv,ref+aging+sfreq+rdist,4,K+K+,kv-Arehash-s5,test,kv,kv-Arehash,0.1,75,92221,42179,1
kv,ref+aging+idle+age,4,K,kv-Arehash-s5,test,kv,kv-Arehash,0.1,75,29353,24486,0
kv,ref+aging+idle+dirty,4,K,kv-Arehash-s5,test,kv,kv-Arehash,0.1,75,30675,25349,0
kv,ref+aging+idle+refaults,4,K+K+,kv-Arehash-s5,test,kv,kv-Arehash,0.1,75,30558,25654,0
kv,ref+aging+idle+rdist,4,K+K+,kv-Arehash-s5,test,kv,kv-Arehash,0.1,75,28922,24389,0
kv,ref+aging+age+dirty,4,K,kv-Arehash-s5,test,kv,kv-Arehash,0.1,75,92221,34362,1
kv,ref+aging+age+refaults,4,K+K+,kv-Arehash-s5,test,kv,kv-Arehash,0.1,75,92221,41029,1
kv,ref+aging+age+rdist,4,K+K+,kv-Arehash-s5,test,kv,kv-Arehash,0.1,75,92221,32511,1
kv,ref+aging+dirty+refaults,4,K+K+,kv-Arehash-s5,test,kv,kv-Arehash,0.1,75,37126,24991,0
kv,ref+aging+dirty+rdist,4,K+K+,kv-Arehash-s5,test,kv,kv-Arehash,0.1,75,38398,29513,0
kv,ref+aging+refaults+rdist,4,K+K+,kv-Arehash-s5,test,kv,kv-Arehash,0.1,75,31783,25540,0
kv,ref+sfreq+idle+age,4,K,kv-Arehash-s5,test,kv,kv-Arehash,0.1,75,30513,24995,0
kv,ref+sfreq+idle+dirty,4,K,kv-Arehash-s5,test,kv,kv-Arehash,0.1,75,32908,26562,0
kv,ref+sfreq+idle+refaults,4,K+K+,kv-Arehash-s5,test,kv,kv-Arehash,0.1,75,31947,26003,0
kv,ref+sfreq+idle+rdist,4,K+K+,kv-Arehash-s5,test,kv,kv-Arehash,0.1,75,33062,26325,0
kv,ref+sfreq+age+dirty,4,K,kv-Arehash-s5,test,kv,kv-Arehash,0.1,75,45891,37988,0
kv,ref+sfreq+age+refaults,4,K+K+,kv-Arehash-s5,test,kv,kv-Arehash,0.1,75,50299,35224,0
kv,ref+sfreq+age+rdist,4,K+K+,kv-Arehash-s5,test,kv,kv-Arehash,0.1,75,50097,34733,0
kv,ref+sfreq+dirty+refaults,4,K+K+,kv-Arehash-s5,test,kv,kv-Arehash,0.1,75,62407,41703,0
kv,ref+sfreq+dirty+rdist,4,K+K+,kv-Arehash-s5,test,kv,kv-Arehash,0.1,75,92221,42637,1
kv,ref+sfreq+refaults+rdist,4,K+K+,kv-Arehash-s5,test,kv,kv-Arehash,0.1,75,57550,38579,0
kv,ref+idle+age+dirty,4,K,kv-Arehash-s5,test,kv,kv-Arehash,0.1,75,28989,24660,0
kv,ref+idle+age+refaults,4,K+K+,kv-Arehash-s5,test,kv,kv-Arehash,0.1,75,29242,24583,0
kv,ref+idle+age+rdist,4,K+K+,kv-Arehash-s5,test,kv,kv-Arehash,0.1,75,29335,24250,0
kv,ref+idle+dirty+refaults,4,K+K+,kv-Arehash-s5,test,kv,kv-Arehash,0.1,75,30608,25336,0
kv,ref+idle+dirty+rdist,4,K+K+,kv-Arehash-s5,test,kv,kv-Arehash,0.1,75,28995,24203,0
kv,ref+idle+refaults+rdist,4,K+K+,kv-Arehash-s5,test,kv,kv-Arehash,0.1,75,28601,24166,0
kv,ref+age+dirty+refaults,4,K+K+,kv-Arehash-s5,test,kv,kv-Arehash,0.1,75,92221,35187,1
kv,ref+age+dirty+rdist,4,K+K+,kv-Arehash-s5,test,kv,kv-Arehash,0.1,75,92221,33219,1
kv,ref+age+refaults+rdist,4,K+K+,kv-Arehash-s5,test,kv,kv-Arehash,0.1,75,92221,43400,1
kv,ref+dirty+refaults+rdist,4,K+K+,kv-Arehash-s5,test,kv,kv-Arehash,0.1,75,35997,27127,0
kv,aging+sfreq+idle+age,4,K,kv-Arehash-s5,test,kv,kv-Arehash,0.1,75,30382,24973,0
kv,aging+sfreq+idle+dirty,4,K,kv-Arehash-s5,test,kv,kv-Arehash,0.1,75,31840,25965,0
kv,aging+sfreq+idle+refaults,4,K+K+,kv-Arehash-s5,test,kv,kv-Arehash,0.1,75,31332,25665,0
kv,aging+sfreq+idle+rdist,4,K+K+,kv-Arehash-s5,test,kv,kv-Arehash,0.1,75,32082,25807,0
kv,aging+sfreq+age+dirty,4,K,kv-Arehash-s5,test,kv,kv-Arehash,0.1,75,52298,39422,0
kv,aging+sfreq+age+refaults,4,K+K+,kv-Arehash-s5,test,kv,kv-Arehash,0.1,75,51512,35665,0
kv,aging+sfreq+age+rdist,4,K+K+,kv-Arehash-s5,test,kv,kv-Arehash,0.1,75,50177,34770,0
kv,aging+sfreq+dirty+refaults,4,K+K+,kv-Arehash-s5,test,kv,kv-Arehash,0.1,75,53350,37252,0
kv,aging+sfreq+dirty+rdist,4,K+K+,kv-Arehash-s5,test,kv,kv-Arehash,0.1,75,92221,42013,1
kv,aging+sfreq+refaults+rdist,4,K+K+,kv-Arehash-s5,test,kv,kv-Arehash,0.1,75,53076,36275,0
kv,aging+idle+age+dirty,4,K,kv-Arehash-s5,test,kv,kv-Arehash,0.1,75,29070,24692,0
kv,aging+idle+age+refaults,4,K+K+,kv-Arehash-s5,test,kv,kv-Arehash,0.1,75,29209,24581,0
kv,aging+idle+age+rdist,4,K+K+,kv-Arehash-s5,test,kv,kv-Arehash,0.1,75,29161,24226,0
kv,aging+idle+dirty+refaults,4,K+K+,kv-Arehash-s5,test,kv,kv-Arehash,0.1,75,30621,25342,0
kv,aging+idle+dirty+rdist,4,K+K+,kv-Arehash-s5,test,kv,kv-Arehash,0.1,75,28989,24218,0
kv,aging+idle+refaults+rdist,4,K+K+,kv-Arehash-s5,test,kv,kv-Arehash,0.1,75,28550,24134,0
kv,aging+age+dirty+refaults,4,K+K+,kv-Arehash-s5,test,kv,kv-Arehash,0.1,75,92221,43343,1
kv,aging+age+dirty+rdist,4,K+K+,kv-Arehash-s5,test,kv,kv-Arehash,0.1,75,92221,31373,1
kv,aging+age+refaults+rdist,4,K+K+,kv-Arehash-s5,test,kv,kv-Arehash,0.1,75,92221,49933,1
kv,aging+dirty+refaults+rdist,4,K+K+,kv-Arehash-s5,test,kv,kv-Arehash,0.1,75,31975,25693,0
kv,sfreq+idle+age+dirty,4,K,kv-Arehash-s5,test,kv,kv-Arehash,0.1,75,31067,25540,0
kv,sfreq+idle+age+refaults,4,K+K+,kv-Arehash-s5,test,kv,kv-Arehash,0.1,75,30548,25142,0
kv,sfreq+idle+age+rdist,4,K+K+,kv-Arehash-s5,test,kv,kv-Arehash,0.1,75,32069,25668,0
kv,sfreq+idle+dirty+refaults,4,K+K+,kv-Arehash-s5,test,kv,kv-Arehash,0.1,75,32992,26995,0
kv,sfreq+idle+dirty+rdist,4,K+K+,kv-Arehash-s5,test,kv,kv-Arehash,0.1,75,33737,26808,0
kv,sfreq+idle+refaults+rdist,4,K+K+,kv-Arehash-s5,test,kv,kv-Arehash,0.1,75,32322,25880,0
kv,sfreq+age+dirty+refaults,4,K+K+,kv-Arehash-s5,test,kv,kv-Arehash,0.1,75,51250,35788,0
kv,sfreq+age+dirty+rdist,4,K+K+,kv-Arehash-s5,test,kv,kv-Arehash,0.1,75,56139,38336,0
kv,sfreq+age+refaults+rdist,4,K+K+,kv-Arehash-s5,test,kv,kv-Arehash,0.1,75,48916,34150,0
kv,sfreq+dirty+refaults+rdist,4,K+K+,kv-Arehash-s5,test,kv,kv-Arehash,0.1,75,72902,47213,0
kv,idle+age+dirty+refaults,4,K+K+,kv-Arehash-s5,test,kv,kv-Arehash,0.1,75,28860,25052,0
kv,idle+age+dirty+rdist,4,K+K+,kv-Arehash-s5,test,kv,kv-Arehash,0.1,75,29489,24414,0
kv,idle+age+refaults+rdist,4,K+K+,kv-Arehash-s5,test,kv,kv-Arehash,0.1,75,29154,24105,0
kv,idle+dirty+refaults+rdist,4,K+K+,kv-Arehash-s5,test,kv,kv-Arehash,0.1,75,28794,24163,0
kv,age+dirty+refaults+rdist,4,K+K+,kv-Arehash-s5,test,kv,kv-Arehash,0.1,75,92221,34453,1
kv,ref+aging+sfreq+idle+age,5,K,kv-Arehash-s5,test,kv,kv-Arehash,0.1,75,30384,24975,0
kv,ref+aging+sfreq+idle+dirty,5,K,kv-Arehash-s5,test,kv,kv-Arehash,0.1,75,31611,25830,0
kv,ref+aging+sfreq+idle+refaults,5,K+K+,kv-Arehash-s5,test,kv,kv-Arehash,0.1,75,31196,25577,0
kv,ref+aging+sfreq+idle+rdist,5,K+K+,kv-Arehash-s5,test,kv,kv-Arehash,0.1,75,31895,25697,0
kv,ref+aging+sfreq+age+dirty,5,K,kv-Arehash-s5,test,kv,kv-Arehash,0.1,75,50569,40150,0
kv,ref+aging+sfreq+age+refaults,5,K+K+,kv-Arehash-s5,test,kv,kv-Arehash,0.1,75,50110,35176,0
kv,ref+aging+sfreq+age+rdist,5,K+K+,kv-Arehash-s5,test,kv,kv-Arehash,0.1,75,49706,34537,0
kv,ref+aging+sfreq+dirty+refaults,5,K+K+,kv-Arehash-s5,test,kv,kv-Arehash,0.1,75,55551,38216,0
kv,ref+aging+sfreq+dirty+rdist,5,K+K+,kv-Arehash-s5,test,kv,kv-Arehash,0.1,75,92221,41983,1
kv,ref+aging+sfreq+refaults+rdist,5,K+K+,kv-Arehash-s5,test,kv,kv-Arehash,0.1,75,52652,36050,0
kv,ref+aging+idle+age+dirty,5,K,kv-Arehash-s5,test,kv,kv-Arehash,0.1,75,29046,24684,0
kv,ref+aging+idle+age+refaults,5,K+K+,kv-Arehash-s5,test,kv,kv-Arehash,0.1,75,29245,24599,0
kv,ref+aging+idle+age+rdist,5,K+K+,kv-Arehash-s5,test,kv,kv-Arehash,0.1,75,29179,24199,0
kv,ref+aging+idle+dirty+refaults,5,K+K+,kv-Arehash-s5,test,kv,kv-Arehash,0.1,75,30612,25365,0
kv,ref+aging+idle+dirty+rdist,5,K+K+,kv-Arehash-s5,test,kv,kv-Arehash,0.1,75,28955,24212,0
kv,ref+aging+idle+refaults+rdist,5,K+K+,kv-Arehash-s5,test,kv,kv-Arehash,0.1,75,28709,24273,0
kv,ref+aging+age+dirty+refaults,5,K+K+,kv-Arehash-s5,test,kv,kv-Arehash,0.1,75,92221,41934,1
kv,ref+aging+age+dirty+rdist,5,K+K+,kv-Arehash-s5,test,kv,kv-Arehash,0.1,75,92221,34734,1
kv,ref+aging+age+refaults+rdist,5,K+K+,kv-Arehash-s5,test,kv,kv-Arehash,0.1,75,92221,42613,1
kv,ref+aging+dirty+refaults+rdist,5,K+K+,kv-Arehash-s5,test,kv,kv-Arehash,0.1,75,31976,25705,0
kv,ref+sfreq+idle+age+dirty,5,K,kv-Arehash-s5,test,kv,kv-Arehash,0.1,75,30351,25177,0
kv,ref+sfreq+idle+age+refaults,5,K+K+,kv-Arehash-s5,test,kv,kv-Arehash,0.1,75,30232,25015,0
kv,ref+sfreq+idle+age+rdist,5,K+K+,kv-Arehash-s5,test,kv,kv-Arehash,0.1,75,31501,25391,0
kv,ref+sfreq+idle+dirty+refaults,5,K+K+,kv-Arehash-s5,test,kv,kv-Arehash,0.1,75,32730,26876,0
kv,ref+sfreq+idle+dirty+rdist,5,K+K+,kv-Arehash-s5,test,kv,kv-Arehash,0.1,75,33203,26512,0
kv,ref+sfreq+idle+refaults+rdist,5,K+K+,kv-Arehash-s5,test,kv,kv-Arehash,0.1,75,32017,25713,0
kv,ref+sfreq+age+dirty+refaults,5,K+K+,kv-Arehash-s5,test,kv,kv-Arehash,0.1,75,50068,35410,0
kv,ref+sfreq+age+dirty+rdist,5,K+K+,kv-Arehash-s5,test,kv,kv-Arehash,0.1,75,52090,35802,0
kv,ref+sfreq+age+refaults+rdist,5,K+K+,kv-Arehash-s5,test,kv,kv-Arehash,0.1,75,46731,33064,0
kv,ref+sfreq+dirty+refaults+rdist,5,K+K+,kv-Arehash-s5,test,kv,kv-Arehash,0.1,75,57825,38821,0
kv,ref+idle+age+dirty+refaults,5,K+K+,kv-Arehash-s5,test,kv,kv-Arehash,0.1,75,29065,25154,0
kv,ref+idle+age+dirty+rdist,5,K+K+,kv-Arehash-s5,test,kv,kv-Arehash,0.1,75,29162,24338,0
kv,ref+idle+age+refaults+rdist,5,K+K+,kv-Arehash-s5,test,kv,kv-Arehash,0.1,75,29187,24116,0
kv,ref+idle+dirty+refaults+rdist,5,K+K+,kv-Arehash-s5,test,kv,kv-Arehash,0.1,75,28715,24068,0
kv,ref+age+dirty+refaults+rdist,5,K+K+,kv-Arehash-s5,test,kv,kv-Arehash,0.1,75,92221,44369,1
kv,aging+sfreq+idle+age+dirty,5,K,kv-Arehash-s5,test,kv,kv-Arehash,0.1,75,30289,25149,0
kv,aging+sfreq+idle+age+refaults,5,K+K+,kv-Arehash-s5,test,kv,kv-Arehash,0.1,75,30179,25010,0
kv,aging+sfreq+idle+age+rdist,5,K+K+,kv-Arehash-s5,test,kv,kv-Arehash,0.1,75,31032,25194,0
kv,aging+sfreq+idle+dirty+refaults,5,K+K+,kv-Arehash-s5,test,kv,kv-Arehash,0.1,75,32274,26695,0
kv,aging+sfreq+idle+dirty+rdist,5,K+K+,kv-Arehash-s5,test,kv,kv-Arehash,0.1,75,32427,26137,0
kv,aging+sfreq+idle+refaults+rdist,5,K+K+,kv-Arehash-s5,test,kv,kv-Arehash,0.1,75,31224,25274,0
kv,aging+sfreq+age+dirty+refaults,5,K+K+,kv-Arehash-s5,test,kv,kv-Arehash,0.1,75,50029,35286,0
kv,aging+sfreq+age+dirty+rdist,5,K+K+,kv-Arehash-s5,test,kv,kv-Arehash,0.1,75,55364,37875,0
kv,aging+sfreq+age+refaults+rdist,5,K+K+,kv-Arehash-s5,test,kv,kv-Arehash,0.1,75,47149,33274,0
kv,aging+sfreq+dirty+refaults+rdist,5,K+K+,kv-Arehash-s5,test,kv,kv-Arehash,0.1,75,53022,36322,0
kv,aging+idle+age+dirty+refaults,5,K+K+,kv-Arehash-s5,test,kv,kv-Arehash,0.1,75,29074,25112,0
kv,aging+idle+age+dirty+rdist,5,K+K+,kv-Arehash-s5,test,kv,kv-Arehash,0.1,75,29017,24307,0
kv,aging+idle+age+refaults+rdist,5,K+K+,kv-Arehash-s5,test,kv,kv-Arehash,0.1,75,28990,24030,0
kv,aging+idle+dirty+refaults+rdist,5,K+K+,kv-Arehash-s5,test,kv,kv-Arehash,0.1,75,28703,24055,0
kv,aging+age+dirty+refaults+rdist,5,K+K+,kv-Arehash-s5,test,kv,kv-Arehash,0.1,75,92221,52381,1
kv,sfreq+idle+age+dirty+refaults,5,K+K+,kv-Arehash-s5,test,kv,kv-Arehash,0.1,75,30824,25793,0
kv,sfreq+idle+age+dirty+rdist,5,K+K+,kv-Arehash-s5,test,kv,kv-Arehash,0.1,75,32114,25811,0
kv,sfreq+idle+age+refaults+rdist,5,K+K+,kv-Arehash-s5,test,kv,kv-Arehash,0.1,75,30697,24904,0
kv,sfreq+idle+dirty+refaults+rdist,5,K+K+,kv-Arehash-s5,test,kv,kv-Arehash,0.1,75,33224,26539,0
kv,sfreq+age+dirty+refaults+rdist,5,K+K+,kv-Arehash-s5,test,kv,kv-Arehash,0.1,75,49436,34467,0
kv,idle+age+dirty+refaults+rdist,5,K+K+,kv-Arehash-s5,test,kv,kv-Arehash,0.1,75,29012,24254,0
kv,ref+aging+sfreq+idle+age+dirty,6,K,kv-Arehash-s5,test,kv,kv-Arehash,0.1,75,30326,25170,0
kv,ref+aging+sfreq+idle+age+refaults,6,K+K+,kv-Arehash-s5,test,kv,kv-Arehash,0.1,75,30191,25020,0
kv,ref+aging+sfreq+idle+age+rdist,6,K+K+,kv-Arehash-s5,test,kv,kv-Arehash,0.1,75,31025,25189,0
kv,ref+aging+sfreq+idle+dirty+refaults,6,K+K+,kv-Arehash-s5,test,kv,kv-Arehash,0.1,75,31977,26489,0
kv,ref+aging+sfreq+idle+dirty+rdist,6,K+K+,kv-Arehash-s5,test,kv,kv-Arehash,0.1,75,32128,25969,0
kv,ref+aging+sfreq+idle+refaults+rdist,6,K+K+,kv-Arehash-s5,test,kv,kv-Arehash,0.1,75,31180,25220,0
kv,ref+aging+sfreq+age+dirty+refaults,6,K+K+,kv-Arehash-s5,test,kv,kv-Arehash,0.1,75,49738,35318,0
kv,ref+aging+sfreq+age+dirty+rdist,6,K+K+,kv-Arehash-s5,test,kv,kv-Arehash,0.1,75,50811,35128,0
kv,ref+aging+sfreq+age+refaults+rdist,6,K+K+,kv-Arehash-s5,test,kv,kv-Arehash,0.1,75,46536,32967,0
kv,ref+aging+sfreq+dirty+refaults+rdist,6,K+K+,kv-Arehash-s5,test,kv,kv-Arehash,0.1,75,53852,36796,0
kv,ref+aging+idle+age+dirty+refaults,6,K+K+,kv-Arehash-s5,test,kv,kv-Arehash,0.1,75,29094,25161,0
kv,ref+aging+idle+age+dirty+rdist,6,K+K+,kv-Arehash-s5,test,kv,kv-Arehash,0.1,75,29068,24316,0
kv,ref+aging+idle+age+refaults+rdist,6,K+K+,kv-Arehash-s5,test,kv,kv-Arehash,0.1,75,29114,24073,0
kv,ref+aging+idle+dirty+refaults+rdist,6,K+K+,kv-Arehash-s5,test,kv,kv-Arehash,0.1,75,28777,24137,0
kv,ref+aging+age+dirty+refaults+rdist,6,K+K+,kv-Arehash-s5,test,kv,kv-Arehash,0.1,75,92221,42794,1
kv,ref+sfreq+idle+age+dirty+refaults,6,K+K+,kv-Arehash-s5,test,kv,kv-Arehash,0.1,75,30492,25668,0
kv,ref+sfreq+idle+age+dirty+rdist,6,K+K+,kv-Arehash-s5,test,kv,kv-Arehash,0.1,75,31533,25526,0
kv,ref+sfreq+idle+age+refaults+rdist,6,K+K+,kv-Arehash-s5,test,kv,kv-Arehash,0.1,75,30465,24813,0
kv,ref+sfreq+idle+dirty+refaults+rdist,6,K+K+,kv-Arehash-s5,test,kv,kv-Arehash,0.1,75,32605,26171,0
kv,ref+sfreq+age+dirty+refaults+rdist,6,K+K+,kv-Arehash-s5,test,kv,kv-Arehash,0.1,75,48121,33838,0
kv,ref+idle+age+dirty+refaults+rdist,6,K+K+,kv-Arehash-s5,test,kv,kv-Arehash,0.1,75,29013,24229,0
kv,aging+sfreq+idle+age+dirty+refaults,6,K+K+,kv-Arehash-s5,test,kv,kv-Arehash,0.1,75,30456,25632,0
kv,aging+sfreq+idle+age+dirty+rdist,6,K+K+,kv-Arehash-s5,test,kv,kv-Arehash,0.1,75,31214,25430,0
kv,aging+sfreq+idle+age+refaults+rdist,6,K+K+,kv-Arehash-s5,test,kv,kv-Arehash,0.1,75,30208,24670,0
kv,aging+sfreq+idle+dirty+refaults+rdist,6,K+K+,kv-Arehash-s5,test,kv,kv-Arehash,0.1,75,32262,26010,0
kv,aging+sfreq+age+dirty+refaults+rdist,6,K+K+,kv-Arehash-s5,test,kv,kv-Arehash,0.1,75,49505,34529,0
kv,aging+idle+age+dirty+refaults+rdist,6,K+K+,kv-Arehash-s5,test,kv,kv-Arehash,0.1,75,28924,24265,0
kv,sfreq+idle+age+dirty+refaults+rdist,6,K+K+,kv-Arehash-s5,test,kv,kv-Arehash,0.1,75,30902,25160,0
kv,ref+aging+sfreq+idle+age+dirty+refaults,7,K+K+,kv-Arehash-s5,test,kv,kv-Arehash,0.1,75,30457,25641,0
kv,ref+aging+sfreq+idle+age+dirty+rdist,7,K+K+,kv-Arehash-s5,test,kv,kv-Arehash,0.1,75,31143,25382,0
kv,ref+aging+sfreq+idle+age+refaults+rdist,7,K+K+,kv-Arehash-s5,test,kv,kv-Arehash,0.1,75,30331,24725,0
kv,ref+aging+sfreq+idle+dirty+refaults+rdist,7,K+K+,kv-Arehash-s5,test,kv,kv-Arehash,0.1,75,32093,25940,0
kv,ref+aging+sfreq+age+dirty+refaults+rdist,7,K+K+,kv-Arehash-s5,test,kv,kv-Arehash,0.1,75,48267,33916,0
kv,ref+aging+idle+age+dirty+refaults+rdist,7,K+K+,kv-Arehash-s5,test,kv,kv-Arehash,0.1,75,28934,24235,0
kv,ref+sfreq+idle+age+dirty+refaults+rdist,7,K+K+,kv-Arehash-s5,test,kv,kv-Arehash,0.1,75,30676,25099,0
kv,aging+sfreq+idle+age+dirty+refaults+rdist,7,K+K+,kv-Arehash-s5,test,kv,kv-Arehash,0.1,75,30495,25043,0
kv,ref+aging+sfreq+idle+age+dirty+refaults+rdist,8,K+K+,kv-Arehash-s5,test,kv,kv-Arehash,0.1,75,30637,25084,0
kv,rec+ref+aging+sfreq+idle+age+dirty,7,F+K,kv-Arehash-s5,test,kv,kv-Arehash,0.1,75,30881,25225,0
kv,rec+ref+aging+sfreq+idle+age+dirty+refaults+rdist,9,F+K+K+,kv-Arehash-s5,test,kv,kv-Arehash,0.1,75,30927,25079,0
kv,freq+ref+aging+sfreq+idle+age+dirty,7,F+K,kv-Arehash-s5,test,kv,kv-Arehash,0.1,75,30618,26100,0
kv,freq+ref+aging+sfreq+idle+age+dirty+refaults+rdist,9,F+K+K+,kv-Arehash-s5,test,kv,kv-Arehash,0.1,75,30676,25269,0
kv,sd+ref+aging+sfreq+idle+age+dirty,7,F+K,kv-Arehash-s5,test,kv,kv-Arehash,0.1,75,34374,26982,0
kv,sd+ref+aging+sfreq+idle+age+dirty+refaults+rdist,9,F+K+K+,kv-Arehash-s5,test,kv,kv-Arehash,0.1,75,34232,26953,0
kv,wr+ref+aging+sfreq+idle+age+dirty,7,F+K,kv-Arehash-s5,test,kv,kv-Arehash,0.1,75,30285,25195,0
kv,wr+ref+aging+sfreq+idle+age+dirty+refaults+rdist,9,F+K+K+,kv-Arehash-s5,test,kv,kv-Arehash,0.1,75,30630,25103,0
kv,rec+freq+ref+aging+sfreq+idle+age+dirty,8,F+K,kv-Arehash-s5,test,kv,kv-Arehash,0.1,75,30959,25869,0
kv,rec+freq+ref+aging+sfreq+idle+age+dirty+refaults+rdist,10,F+K+K+,kv-Arehash-s5,test,kv,kv-Arehash,0.1,75,31162,25211,0
kv,rec+sd+ref+aging+sfreq+idle+age+dirty,8,F+K,kv-Arehash-s5,test,kv,kv-Arehash,0.1,75,30894,25236,0
kv,rec+sd+ref+aging+sfreq+idle+age+dirty+refaults+rdist,10,F+K+K+,kv-Arehash-s5,test,kv,kv-Arehash,0.1,75,31159,25267,0
kv,rec+wr+ref+aging+sfreq+idle+age+dirty,8,F+K,kv-Arehash-s5,test,kv,kv-Arehash,0.1,75,30963,25321,0
kv,rec+wr+ref+aging+sfreq+idle+age+dirty+refaults+rdist,10,F+K+K+,kv-Arehash-s5,test,kv,kv-Arehash,0.1,75,30897,25096,0
kv,freq+sd+ref+aging+sfreq+idle+age+dirty,8,F+K,kv-Arehash-s5,test,kv,kv-Arehash,0.1,75,35060,27652,0
kv,freq+sd+ref+aging+sfreq+idle+age+dirty+refaults+rdist,10,F+K+K+,kv-Arehash-s5,test,kv,kv-Arehash,0.1,75,34283,26898,0
kv,freq+wr+ref+aging+sfreq+idle+age+dirty,8,F+K,kv-Arehash-s5,test,kv,kv-Arehash,0.1,75,30578,26088,0
kv,freq+wr+ref+aging+sfreq+idle+age+dirty+refaults+rdist,10,F+K+K+,kv-Arehash-s5,test,kv,kv-Arehash,0.1,75,30650,25188,0
kv,sd+wr+ref+aging+sfreq+idle+age+dirty,8,F+K,kv-Arehash-s5,test,kv,kv-Arehash,0.1,75,34352,26967,0
kv,sd+wr+ref+aging+sfreq+idle+age+dirty+refaults+rdist,10,F+K+K+,kv-Arehash-s5,test,kv,kv-Arehash,0.1,75,33768,26641,0
kv,rec+freq+sd+ref+aging+sfreq+idle+age+dirty,9,F+K,kv-Arehash-s5,test,kv,kv-Arehash,0.1,75,31398,25847,0
kv,rec+freq+sd+ref+aging+sfreq+idle+age+dirty+refaults+rdist,11,F+K+K+,kv-Arehash-s5,test,kv,kv-Arehash,0.1,75,31471,25385,0
kv,rec+freq+wr+ref+aging+sfreq+idle+age+dirty,9,F+K,kv-Arehash-s5,test,kv,kv-Arehash,0.1,75,31001,25942,0
kv,rec+freq+wr+ref+aging+sfreq+idle+age+dirty+refaults+rdist,11,F+K+K+,kv-Arehash-s5,test,kv,kv-Arehash,0.1,75,31289,25276,0
kv,rec+sd+wr+ref+aging+sfreq+idle+age+dirty,9,F+K,kv-Arehash-s5,test,kv,kv-Arehash,0.1,75,30834,25248,0
kv,rec+sd+wr+ref+aging+sfreq+idle+age+dirty+refaults+rdist,11,F+K+K+,kv-Arehash-s5,test,kv,kv-Arehash,0.1,75,31261,25305,0
kv,freq+sd+wr+ref+aging+sfreq+idle+age+dirty,9,F+K,kv-Arehash-s5,test,kv,kv-Arehash,0.1,75,35194,27654,0
kv,freq+sd+wr+ref+aging+sfreq+idle+age+dirty+refaults+rdist,11,F+K+K+,kv-Arehash-s5,test,kv,kv-Arehash,0.1,75,34378,26950,0
kv,rec+freq+sd+wr+ref+aging+sfreq+idle+age+dirty,10,F+K,kv-Arehash-s5,test,kv,kv-Arehash,0.1,75,31349,25825,0
kv,rec+freq+sd+wr+ref+aging+sfreq+idle+age+dirty+refaults+rdist,12,F+K+K+,kv-Arehash-s5,test,kv,kv-Arehash,0.1,75,31669,25483,0
global,rec,1,F,kv-Arehash-s5,test,kv,kv-Arehash,0.1,75,30571,25601,0
global,freq,1,F,kv-Arehash-s5,test,kv,kv-Arehash,0.1,75,58401,39057,0
global,sd,1,F,kv-Arehash-s5,test,kv,kv-Arehash,0.1,75,30571,25601,0
global,wr,1,F,kv-Arehash-s5,test,kv,kv-Arehash,0.1,75,92221,55645,1
global,rec+freq,2,F,kv-Arehash-s5,test,kv,kv-Arehash,0.1,75,30074,25208,0
global,rec+sd,2,F,kv-Arehash-s5,test,kv,kv-Arehash,0.1,75,30575,25605,0
global,rec+wr,2,F,kv-Arehash-s5,test,kv,kv-Arehash,0.1,75,30575,25605,0
global,freq+sd,2,F,kv-Arehash-s5,test,kv,kv-Arehash,0.1,75,29790,25016,0
global,freq+wr,2,F,kv-Arehash-s5,test,kv,kv-Arehash,0.1,75,61316,40646,0
global,sd+wr,2,F,kv-Arehash-s5,test,kv,kv-Arehash,0.1,75,30583,25613,0
global,rec+freq+sd,3,F,kv-Arehash-s5,test,kv,kv-Arehash,0.1,75,29631,24885,0
global,rec+freq+wr,3,F,kv-Arehash-s5,test,kv,kv-Arehash,0.1,75,30074,25191,0
global,rec+sd+wr,3,F,kv-Arehash-s5,test,kv,kv-Arehash,0.1,75,30610,25636,0
global,freq+sd+wr,3,F,kv-Arehash-s5,test,kv,kv-Arehash,0.1,75,29789,25013,0
global,rec+freq+sd+wr,4,F,kv-Arehash-s5,test,kv,kv-Arehash,0.1,75,29632,24887,0
global,ref,1,K,kv-Arehash-s5,test,kv,kv-Arehash,0.1,75,37769,28465,0
global,aging,1,K,kv-Arehash-s5,test,kv,kv-Arehash,0.1,75,32283,27147,0
global,sfreq,1,K,kv-Arehash-s5,test,kv,kv-Arehash,0.1,75,92221,36984,1
global,idle,1,K,kv-Arehash-s5,test,kv,kv-Arehash,0.1,75,30595,25623,0
global,age,1,K,kv-Arehash-s5,test,kv,kv-Arehash,0.1,75,37826,28483,0
global,dirty,1,K,kv-Arehash-s5,test,kv,kv-Arehash,0.1,75,55730,53576,0
global,refaults,1,K+,kv-Arehash-s5,test,kv,kv-Arehash,0.1,75,34021,27212,0
global,rdist,1,K+,kv-Arehash-s5,test,kv,kv-Arehash,0.1,75,92221,21690,1
global,ref+aging,2,K,kv-Arehash-s5,test,kv,kv-Arehash,0.1,75,32283,27147,0
global,ref+sfreq,2,K,kv-Arehash-s5,test,kv,kv-Arehash,0.1,75,36438,28558,0
global,ref+idle,2,K,kv-Arehash-s5,test,kv,kv-Arehash,0.1,75,30595,25623,0
global,ref+age,2,K,kv-Arehash-s5,test,kv,kv-Arehash,0.1,75,37769,28465,0
global,ref+dirty,2,K,kv-Arehash-s5,test,kv,kv-Arehash,0.1,75,49325,47114,0
global,ref+refaults,2,K+K+,kv-Arehash-s5,test,kv,kv-Arehash,0.1,75,31811,27050,0
global,ref+rdist,2,K+K+,kv-Arehash-s5,test,kv,kv-Arehash,0.1,75,92221,21608,1
global,aging+sfreq,2,K,kv-Arehash-s5,test,kv,kv-Arehash,0.1,75,35954,27847,0
global,aging+idle,2,K,kv-Arehash-s5,test,kv,kv-Arehash,0.1,75,30595,25623,0
global,aging+age,2,K,kv-Arehash-s5,test,kv,kv-Arehash,0.1,75,38365,30420,0
global,aging+dirty,2,K,kv-Arehash-s5,test,kv,kv-Arehash,0.1,75,33545,31375,0
global,aging+refaults,2,K+K+,kv-Arehash-s5,test,kv,kv-Arehash,0.1,75,30289,25853,0
global,aging+rdist,2,K+K+,kv-Arehash-s5,test,kv,kv-Arehash,0.1,75,38284,29601,0
global,sfreq+idle,2,K,kv-Arehash-s5,test,kv,kv-Arehash,0.1,75,30258,25291,0
global,sfreq+age,2,K,kv-Arehash-s5,test,kv,kv-Arehash,0.1,75,32362,26298,0
global,sfreq+dirty,2,K,kv-Arehash-s5,test,kv,kv-Arehash,0.1,75,62982,60817,0
global,sfreq+refaults,2,K+K+,kv-Arehash-s5,test,kv,kv-Arehash,0.1,75,57656,38554,0
global,sfreq+rdist,2,K+K+,kv-Arehash-s5,test,kv,kv-Arehash,0.1,75,92221,25362,1
global,idle+age,2,K,kv-Arehash-s5,test,kv,kv-Arehash,0.1,75,30339,25379,0
global,idle+dirty,2,K,kv-Arehash-s5,test,kv,kv-Arehash,0.1,75,30561,25833,0
global,idle+refaults,2,K+K+,kv-Arehash-s5,test,kv,kv-Arehash,0.1,75,30362,25629,0
global,idle+rdist,2,K+K+,kv-Arehash-s5,test,kv,kv-Arehash,0.1,75,29179,24415,0
global,age+dirty,2,K,kv-Arehash-s5,test,kv,kv-Arehash,0.1,75,36333,29186,0
global,age+refaults,2,K+K+,kv-Arehash-s5,test,kv,kv-Arehash,0.1,75,59927,39146,0
global,age+rdist,2,K+K+,kv-Arehash-s5,test,kv,kv-Arehash,0.1,75,46547,30684,0
global,dirty+refaults,2,K+K+,kv-Arehash-s5,test,kv,kv-Arehash,0.1,75,35357,26624,0
global,dirty+rdist,2,K+K+,kv-Arehash-s5,test,kv,kv-Arehash,0.1,75,92221,21802,1
global,refaults+rdist,2,K+,kv-Arehash-s5,test,kv,kv-Arehash,0.1,75,40471,29668,0
global,ref+aging+sfreq,3,K,kv-Arehash-s5,test,kv,kv-Arehash,0.1,75,35897,27851,0
global,ref+aging+idle,3,K,kv-Arehash-s5,test,kv,kv-Arehash,0.1,75,30595,25623,0
global,ref+aging+age,3,K,kv-Arehash-s5,test,kv,kv-Arehash,0.1,75,38786,30829,0
global,ref+aging+dirty,3,K,kv-Arehash-s5,test,kv,kv-Arehash,0.1,75,33545,31375,0
global,ref+aging+refaults,3,K+K+,kv-Arehash-s5,test,kv,kv-Arehash,0.1,75,30229,25746,0
global,ref+aging+rdist,3,K+K+,kv-Arehash-s5,test,kv,kv-Arehash,0.1,75,38104,29504,0
global,ref+sfreq+idle,3,K,kv-Arehash-s5,test,kv,kv-Arehash,0.1,75,30170,25212,0
global,ref+sfreq+age,3,K,kv-Arehash-s5,test,kv,kv-Arehash,0.1,75,32715,26460,0
global,ref+sfreq+dirty,3,K,kv-Arehash-s5,test,kv,kv-Arehash,0.1,75,35438,29190,0
global,ref+sfreq+refaults,3,K+K+,kv-Arehash-s5,test,kv,kv-Arehash,0.1,75,36132,28782,0
global,ref+sfreq+rdist,3,K+K+,kv-Arehash-s5,test,kv,kv-Arehash,0.1,75,38410,28841,0
global,ref+idle+age,3,K,kv-Arehash-s5,test,kv,kv-Arehash,0.1,75,30249,25297,0
global,ref+idle+dirty,3,K,kv-Arehash-s5,test,kv,kv-Arehash,0.1,75,30561,25805,0
global,ref+idle+refaults,3,K+K+,kv-Arehash-s5,test,kv,kv-Arehash,0.1,75,30398,25695,0
global,ref+idle+rdist,3,K+K+,kv-Arehash-s5,test,kv,kv-Arehash,0.1,75,30873,25081,0
global,ref+age+dirty,3,K,kv-Arehash-s5,test,kv,kv-Arehash,0.1,75,35608,30314,0
global,ref+age+refaults,3,K+K+,kv-Arehash-s5,test,kv,kv-Arehash,0.1,75,39420,30385,0
global,ref+age+rdist,3,K+K+,kv-Arehash-s5,test,kv,kv-Arehash,0.1,75,92221,21585,1
global,ref+dirty+refaults,3,K+K+,kv-Arehash-s5,test,kv,kv-Arehash,0.1,75,32817,26364,0
global,ref+dirty+rdist,3,K+K+,kv-Arehash-s5,test,kv,kv-Arehash,0.1,75,62641,32621,0
global,ref+refaults+rdist,3,K+K+,kv-Arehash-s5,test,kv,kv-Arehash,0.1,75,35212,27310,0
global,aging+sfreq+idle,3,K,kv-Arehash-s5,test,kv,kv-Arehash,0.1,75,30602,25130,0
global,aging+sfreq+age,3,K,kv-Arehash-s5,test,kv,kv-Arehash,0.1,75,35855,27795,0
global,aging+sfreq+dirty,3,K,kv-Arehash-s5,test,kv,kv-Arehash,0.1,75,35595,27940,0
global,aging+sfreq+refaults,3,K+K+,kv-Arehash-s5,test,kv,kv-Arehash,0.1,75,35301,28155,0
global,aging+sfreq+rdist,3,K+K+,kv-Arehash-s5,test,kv,kv-Arehash,0.1,75,36556,28223,0
global,aging+idle+age,3,K,kv-Arehash-s5,test,kv,kv-Arehash,0.1,75,29387,24535,0
global,aging+idle+dirty,3,K,kv-Arehash-s5,test,kv,kv-Arehash,0.1,75,30561,25739,0
global,aging+idle+refaults,3,K+K+,kv-Arehash-s5,test,kv,kv-Arehash,0.1,75,30297,25717,0
global,aging+idle+rdist,3,K+K+,kv-Arehash-s5,test,kv,kv-Arehash,0.1,75,39263,30553,0
global,aging+age+dirty,3,K,kv-Arehash-s5,test,kv,kv-Arehash,0.1,75,38517,30587,0
global,aging+age+refaults,3,K+K+,kv-Arehash-s5,test,kv,kv-Arehash,0.1,75,35887,28519,0
global,aging+age+rdist,3,K+K+,kv-Arehash-s5,test,kv,kv-Arehash,0.1,75,38518,29974,0
global,aging+dirty+refaults,3,K+K+,kv-Arehash-s5,test,kv,kv-Arehash,0.1,75,31007,25174,0
global,aging+dirty+rdist,3,K+K+,kv-Arehash-s5,test,kv,kv-Arehash,0.1,75,38225,29706,0
global,aging+refaults+rdist,3,K+K+,kv-Arehash-s5,test,kv,kv-Arehash,0.1,75,31307,25324,0
global,sfreq+idle+age,3,K,kv-Arehash-s5,test,kv,kv-Arehash,0.1,75,30419,25459,0
global,sfreq+idle+dirty,3,K,kv-Arehash-s5,test,kv,kv-Arehash,0.1,75,30113,25559,0
global,sfreq+idle+refaults,3,K+K+,kv-Arehash-s5,test,kv,kv-Arehash,0.1,75,29529,24727,0
global,sfreq+idle+rdist,3,K+K+,kv-Arehash-s5,test,kv,kv-Arehash,0.1,75,29125,24363,0
global,sfreq+age+dirty,3,K,kv-Arehash-s5,test,kv,kv-Arehash,0.1,75,32389,26595,0
global,sfreq+age+refaults,3,K+K+,kv-Arehash-s5,test,kv,kv-Arehash,0.1,75,33989,27505,0
global,sfreq+age+rdist,3,K+K+,kv-Arehash-s5,test,kv,kv-Arehash,0.1,75,32615,26136,0
global,sfreq+dirty+refaults,3,K+K+,kv-Arehash-s5,test,kv,kv-Arehash,0.1,75,58027,38847,0
global,sfreq+dirty+rdist,3,K+K+,kv-Arehash-s5,test,kv,kv-Arehash,0.1,75,92221,33320,1
global,sfreq+refaults+rdist,3,K+K+,kv-Arehash-s5,test,kv,kv-Arehash,0.1,75,55981,37688,0
global,idle+age+dirty,3,K,kv-Arehash-s5,test,kv,kv-Arehash,0.1,75,30222,25691,0
global,idle+age+refaults,3,K+K+,kv-Arehash-s5,test,kv,kv-Arehash,0.1,75,29377,24793,0
global,idle+age+rdist,3,K+K+,kv-Arehash-s5,test,kv,kv-Arehash,0.1,75,29131,24341,0
global,idle+dirty+refaults,3,K+K+,kv-Arehash-s5,test,kv,kv-Arehash,0.1,75,30388,25517,0
global,idle+dirty+rdist,3,K+K+,kv-Arehash-s5,test,kv,kv-Arehash,0.1,75,29248,24827,0
global,idle+refaults+rdist,3,K+K+,kv-Arehash-s5,test,kv,kv-Arehash,0.1,75,28644,24040,0
global,age+dirty+refaults,3,K+K+,kv-Arehash-s5,test,kv,kv-Arehash,0.1,75,59107,38843,0
global,age+dirty+rdist,3,K+K+,kv-Arehash-s5,test,kv,kv-Arehash,0.1,75,40579,31079,0
global,age+refaults+rdist,3,K+K+,kv-Arehash-s5,test,kv,kv-Arehash,0.1,75,62742,40361,0
global,dirty+refaults+rdist,3,K+K+,kv-Arehash-s5,test,kv,kv-Arehash,0.1,75,39948,29683,0
global,ref+aging+sfreq+idle,4,K,kv-Arehash-s5,test,kv,kv-Arehash,0.1,75,35618,27678,0
global,ref+aging+sfreq+age,4,K,kv-Arehash-s5,test,kv,kv-Arehash,0.1,75,38754,30795,0
global,ref+aging+sfreq+dirty,4,K,kv-Arehash-s5,test,kv,kv-Arehash,0.1,75,35475,27904,0
global,ref+aging+sfreq+refaults,4,K+K+,kv-Arehash-s5,test,kv,kv-Arehash,0.1,75,34333,27447,0
global,ref+aging+sfreq+rdist,4,K+K+,kv-Arehash-s5,test,kv,kv-Arehash,0.1,75,36510,28202,0
global,ref+aging+idle+age,4,K,kv-Arehash-s5,test,kv,kv-Arehash,0.1,75,35798,28298,0
global,ref+aging+idle+dirty,4,K,kv-Arehash-s5,test,kv,kv-Arehash,0.1,75,30560,25742,0
global,ref+aging+idle+refaults,4,K+K+,kv-Arehash-s5,test,kv,kv-Arehash,0.1,75,30233,25681,0
global,ref+aging+idle+rdist,4,K+K+,kv-Arehash-s5,test,kv,kv-Arehash,0.1,75,39110,30507,0
global,ref+aging+age+dirty,4,K,kv-Arehash-s5,test,kv,kv-Arehash,0.1,75,39252,31245,0
global,ref+aging+age+refaults,4,K+K+,kv-Arehash-s5,test,kv,kv-Arehash,0.1,75,36739,29103,0
global,ref+aging+age+rdist,4,K+K+,kv-Arehash-s5,test,kv,kv-Arehash,0.1,75,38479,30267,0
global,ref+aging+dirty+refaults,4,K+K+,kv-Arehash-s5,test,kv,kv-Arehash,0.1,75,31391,25110,0
global,ref+aging+dirty+rdist,4,K+K+,kv-Arehash-s5,test,kv,kv-Arehash,0.1,75,38103,29649,0
global,ref+aging+refaults+rdist,4,K+K+,kv-Arehash-s5,test,kv,kv-Arehash,0.1,75,31787,25588,0
global,ref+sfreq+idle+age,4,K,kv-Arehash-s5,test,kv,kv-Arehash,0.1,75,30388,25431,0
global,ref+sfreq+idle+dirty,4,K,kv-Arehash-s5,test,kv,kv-Arehash,0.1,75,30019,25465,0
global,ref+sfreq+idle+refaults,4,K+K+,kv-Arehash-s5,test,kv,kv-Arehash,0.1,75,31350,25841,0
global,ref+sfreq+idle+rdist,4,K+K+,kv-Arehash-s5,test,kv,kv-Arehash,0.1,75,30853,25049,0
global,ref+sfreq+age+dirty,4,K,kv-Arehash-s5,test,kv,kv-Arehash,0.1,75,32738,26733,0
global,ref+sfreq+age+refaults,4,K+K+,kv-Arehash-s5,test,kv,kv-Arehash,0.1,75,35258,28374,0
global,ref+sfreq+age+rdist,4,K+K+,kv-Arehash-s5,test,kv,kv-Arehash,0.1,75,35748,27715,0
global,ref+sfreq+dirty+refaults,4,K+K+,kv-Arehash-s5,test,kv,kv-Arehash,0.1,75,36093,28888,0
global,ref+sfreq+dirty+rdist,4,K+K+,kv-Arehash-s5,test,kv,kv-Arehash,0.1,75,40072,30732,0
global,ref+sfreq+refaults+rdist,4,K+K+,kv-Arehash-s5,test,kv,kv-Arehash,0.1,75,36904,28913,0
global,ref+idle+age+dirty,4,K,kv-Arehash-s5,test,kv,kv-Arehash,0.1,75,30128,25617,0
global,ref+idle+age+refaults,4,K+K+,kv-Arehash-s5,test,kv,kv-Arehash,0.1,75,29230,24758,0
global,ref+idle+age+rdist,4,K+K+,kv-Arehash-s5,test,kv,kv-Arehash,0.1,75,30649,24912,0
global,ref+idle+dirty+refaults,4,K+K+,kv-Arehash-s5,test,kv,kv-Arehash,0.1,75,30449,25423,0
global,ref+idle+dirty+rdist,4,K+K+,kv-Arehash-s5,test,kv,kv-Arehash,0.1,75,30935,25382,0
global,ref+idle+refaults+rdist,4,K+K+,kv-Arehash-s5,test,kv,kv-Arehash,0.1,75,30188,24788,0
global,ref+age+dirty+refaults,4,K+K+,kv-Arehash-s5,test,kv,kv-Arehash,0.1,75,38968,30008,0
global,ref+age+dirty+rdist,4,K+K+,kv-Arehash-s5,test,kv,kv-Arehash,0.1,75,46421,32567,0
global,ref+age+refaults+rdist,4,K+K+,kv-Arehash-s5,test,kv,kv-Arehash,0.1,75,44126,32410,0
global,ref+dirty+refaults+rdist,4,K+K+,kv-Arehash-s5,test,kv,kv-Arehash,0.1,75,34875,27365,0
global,aging+sfreq+idle+age,4,K,kv-Arehash-s5,test,kv,kv-Arehash,0.1,75,30233,25300,0
global,aging+sfreq+idle+dirty,4,K,kv-Arehash-s5,test,kv,kv-Arehash,0.1,75,30250,25519,0
global,aging+sfreq+idle+refaults,4,K+K+,kv-Arehash-s5,test,kv,kv-Arehash,0.1,75,34922,27867,0
global,aging+sfreq+idle+rdist,4,K+K+,kv-Arehash-s5,test,kv,kv-Arehash,0.1,75,36918,28506,0
global,aging+sfreq+age+dirty,4,K,kv-Arehash-s5,test,kv,kv-Arehash,0.1,75,35364,27841,0
global,aging+sfreq+age+refaults,4,K+K+,kv-Arehash-s5,test,kv,kv-Arehash,0.1,75,37008,29418,0
global,aging+sfreq+age+rdist,4,K+K+,kv-Arehash-s5,test,kv,kv-Arehash,0.1,75,39622,31100,0
global,aging+sfreq+dirty+refaults,4,K+K+,kv-Arehash-s5,test,kv,kv-Arehash,0.1,75,35260,28187,0
global,aging+sfreq+dirty+rdist,4,K+K+,kv-Arehash-s5,test,kv,kv-Arehash,0.1,75,36302,28125,0
global,aging+sfreq+refaults+rdist,4,K+K+,kv-Arehash-s5,test,kv,kv-Arehash,0.1,75,33958,26963,0
global,aging+idle+age+dirty,4,K,kv-Arehash-s5,test,kv,kv-Arehash,0.1,75,29057,25369,0
global,aging+idle+age+refaults,4,K+K+,kv-Arehash-s5,test,kv,kv-Arehash,0.1,75,32679,26538,0
global,aging+idle+age+rdist,4,K+K+,kv-Arehash-s5,test,kv,kv-Arehash,0.1,75,37490,29473,0
global,aging+idle+dirty+refaults,4,K+K+,kv-Arehash-s5,test,kv,kv-Arehash,0.1,75,30439,25186,0
global,aging+idle+dirty+rdist,4,K+K+,kv-Arehash-s5,test,kv,kv-Arehash,0.1,75,39126,30664,0
global,aging+idle+refaults+rdist,4,K+K+,kv-Arehash-s5,test,kv,kv-Arehash,0.1,75,36336,27257,0
global,aging+age+dirty+refaults,4,K+K+,kv-Arehash-s5,test,kv,kv-Arehash,0.1,75,35864,28435,0
global,aging+age+dirty+rdist,4,K+K+,kv-Arehash-s5,test,kv,kv-Arehash,0.1,75,39173,30959,0
global,aging+age+refaults+rdist,4,K+K+,kv-Arehash-s5,test,kv,kv-Arehash,0.1,75,38087,29725,0
global,aging+dirty+refaults+rdist,4,K+K+,kv-Arehash-s5,test,kv,kv-Arehash,0.1,75,31364,25447,0
global,sfreq+idle+age+dirty,4,K,kv-Arehash-s5,test,kv,kv-Arehash,0.1,75,30307,25771,0
global,sfreq+idle+age+refaults,4,K+K+,kv-Arehash-s5,test,kv,kv-Arehash,0.1,75,29292,24708,0
global,sfreq+idle+age+rdist,4,K+K+,kv-Arehash-s5,test,kv,kv-Arehash,0.1,75,29155,24418,0
global,sfreq+idle+dirty+refaults,4,K+K+,kv-Arehash-s5,test,kv,kv-Arehash,0.1,75,29527,24935,0
global,sfreq+idle+dirty+rdist,4,K+K+,kv-Arehash-s5,test,kv,kv-Arehash,0.1,75,29237,24821,0
global,sfreq+idle+refaults+rdist,4,K+K+,kv-Arehash-s5,test,kv,kv-Arehash,0.1,75,30135,24661,0
global,sfreq+age+dirty+refaults,4,K+K+,kv-Arehash-s5,test,kv,kv-Arehash,0.1,75,33900,27639,0
global,sfreq+age+dirty+rdist,4,K+K+,kv-Arehash-s5,test,kv,kv-Arehash,0.1,75,32870,26562,0
global,sfreq+age+refaults+rdist,4,K+K+,kv-Arehash-s5,test,kv,kv-Arehash,0.1,75,36976,28216,0
global,sfreq+dirty+refaults+rdist,4,K+K+,kv-Arehash-s5,test,kv,kv-Arehash,0.1,75,56297,37969,0
global,idle+age+dirty+refaults,4,K+K+,kv-Arehash-s5,test,kv,kv-Arehash,0.1,75,29272,25025,0
global,idle+age+dirty+rdist,4,K+K+,kv-Arehash-s5,test,kv,kv-Arehash,0.1,75,29017,24699,0
global,idle+age+refaults+rdist,4,K+K+,kv-Arehash-s5,test,kv,kv-Arehash,0.1,75,28892,24052,0
global,idle+dirty+refaults+rdist,4,K+K+,kv-Arehash-s5,test,kv,kv-Arehash,0.1,75,28646,24151,0
global,age+dirty+refaults+rdist,4,K+K+,kv-Arehash-s5,test,kv,kv-Arehash,0.1,75,58433,39044,0
global,ref+aging+sfreq+idle+age,5,K,kv-Arehash-s5,test,kv,kv-Arehash,0.1,75,34588,27476,0
global,ref+aging+sfreq+idle+dirty,5,K,kv-Arehash-s5,test,kv,kv-Arehash,0.1,75,34976,27662,0
global,ref+aging+sfreq+idle+refaults,5,K+K+,kv-Arehash-s5,test,kv,kv-Arehash,0.1,75,35330,28051,0
global,ref+aging+sfreq+idle+rdist,5,K+K+,kv-Arehash-s5,test,kv,kv-Arehash,0.1,75,37137,28560,0
global,ref+aging+sfreq+age+dirty,5,K,kv-Arehash-s5,test,kv,kv-Arehash,0.1,75,38817,30819,0
global,ref+aging+sfreq+age+refaults,5,K+K+,kv-Arehash-s5,test,kv,kv-Arehash,0.1,75,35850,28394,0
global,ref+aging+sfreq+age+rdist,5,K+K+,kv-Arehash-s5,test,kv,kv-Arehash,0.1,75,92221,30891,1
global,ref+aging+sfreq+dirty+refaults,5,K+K+,kv-Arehash-s5,test,kv,kv-Arehash,0.1,75,34377,27466,0
global,ref+aging+sfreq+dirty+rdist,5,K+K+,kv-Arehash-s5,test,kv,kv-Arehash,0.1,75,36296,28145,0
global,ref+aging+sfreq+refaults+rdist,5,K+K+,kv-Arehash-s5,test,kv,kv-Arehash,0.1,75,34149,27053,0
global,ref+aging+idle+age+dirty,5,K,kv-Arehash-s5,test,kv,kv-Arehash,0.1,75,35195,28227,0
global,ref+aging+idle+age+refaults,5,K+K+,kv-Arehash-s5,test,kv,kv-Arehash,0.1,75,33695,27139,0
global,ref+aging+idle+age+rdist,5,K+K+,kv-Arehash-s5,test,kv,kv-Arehash,0.1,75,38572,30328,0
global,ref+aging+idle+dirty+refaults,5,K+K+,kv-Arehash-s5,test,kv,kv-Arehash,0.1,75,30447,25137,0
global,ref+aging+idle+dirty+rdist,5,K+K+,kv-Arehash-s5,test,kv,kv-Arehash,0.1,75,39255,30722,0
global,ref+aging+idle+refaults+rdist,5,K+K+,kv-Arehash-s5,test,kv,kv-Arehash,0.1,75,33749,26769,0
global,ref+aging+age+dirty+refaults,5,K+K+,kv-Arehash-s5,test,kv,kv-Arehash,0.1,75,36817,29167,0
global,ref+aging+age+dirty+rdist,5,K+K+,kv-Arehash-s5,test,kv,kv-Arehash,0.1,75,39227,31006,0
global,ref+aging+age+refaults+rdist,5,K+K+,kv-Arehash-s5,test,kv,kv-Arehash,0.1,75,39079,30399,0
global,ref+aging+dirty+refaults+rdist,5,K+K+,kv-Arehash-s5,test,kv,kv-Arehash,0.1,75,31768,25508,0
global,ref+sfreq+idle+age+dirty,5,K,kv-Arehash-s5,test,kv,kv-Arehash,0.1,75,30272,25766,0
global,ref+sfreq+idle+age+refaults,5,K+K+,kv-Arehash-s5,test,kv,kv-Arehash,0.1,75,29303,24740,0
global,ref+sfreq+idle+age+rdist,5,K+K+,kv-Arehash-s5,test,kv,kv-Arehash,0.1,75,30933,25234,0
global,ref+sfreq+idle+dirty+refaults,5,K+K+,kv-Arehash-s5,test,kv,kv-Arehash,0.1,75,31381,25963,0
global,ref+sfreq+idle+dirty+rdist,5,K+K+,kv-Arehash-s5,test,kv,kv-Arehash,0.1,75,30980,25378,0
global,ref+sfreq+idle+refaults+rdist,5,K+K+,kv-Arehash-s5,test,kv,kv-Arehash,0.1,75,33830,26947,0
global,ref+sfreq+age+dirty+refaults,5,K+K+,kv-Arehash-s5,test,kv,kv-Arehash,0.1,75,35103,28314,0
global,ref+sfreq+age+dirty+rdist,5,K+K+,kv-Arehash-s5,test,kv,kv-Arehash,0.1,75,35505,27797,0
global,ref+sfreq+age+refaults+rdist,5,K+K+,kv-Arehash-s5,test,kv,kv-Arehash,0.1,75,39679,30297,0
global,ref+sfreq+dirty+refaults+rdist,5,K+K+,kv-Arehash-s5,test,kv,kv-Arehash,0.1,75,37948,29760,0
global,ref+idle+age+dirty+refaults,5,K+K+,kv-Arehash-s5,test,kv,kv-Arehash,0.1,75,29199,25005,0
global,ref+idle+age+dirty+rdist,5,K+K+,kv-Arehash-s5,test,kv,kv-Arehash,0.1,75,30585,25172,0
global,ref+idle+age+refaults+rdist,5,K+K+,kv-Arehash-s5,test,kv,kv-Arehash,0.1,75,31039,25290,0
global,ref+idle+dirty+refaults+rdist,5,K+K+,kv-Arehash-s5,test,kv,kv-Arehash,0.1,75,30083,24735,0
global,ref+age+dirty+refaults+rdist,5,K+K+,kv-Arehash-s5,test,kv,kv-Arehash,0.1,75,44086,33243,0
global,aging+sfreq+idle+age+dirty,5,K,kv-Arehash-s5,test,kv,kv-Arehash,0.1,75,30006,26543,0
global,aging+sfreq+idle+age+refaults,5,K+K+,kv-Arehash-s5,test,kv,kv-Arehash,0.1,75,32494,26390,0
global,aging+sfreq+idle+age+rdist,5,K+K+,kv-Arehash-s5,test,kv,kv-Arehash,0.1,75,38210,30051,0
global,aging+sfreq+idle+dirty+refaults,5,K+K+,kv-Arehash-s5,test,kv,kv-Arehash,0.1,75,34991,28026,0
global,aging+sfreq+idle+dirty+rdist,5,K+K+,kv-Arehash-s5,test,kv,kv-Arehash,0.1,75,37357,28808,0
global,aging+sfreq+idle+refaults+rdist,5,K+K+,kv-Arehash-s5,test,kv,kv-Arehash,0.1,75,38111,29581,0
global,aging+sfreq+age+dirty+refaults,5,K+K+,kv-Arehash-s5,test,kv,kv-Arehash,0.1,75,37153,29522,0
global,aging+sfreq+age+dirty+rdist,5,K+K+,kv-Arehash-s5,test,kv,kv-Arehash,0.1,75,40982,32292,0
global,aging+sfreq+age+refaults+rdist,5,K+K+,kv-Arehash-s5,test,kv,kv-Arehash,0.1,75,36523,28687,0
global,aging+sfreq+dirty+refaults+rdist,5,K+K+,kv-Arehash-s5,test,kv,kv-Arehash,0.1,75,34275,27300,0
global,aging+idle+age+dirty+refaults,5,K+K+,kv-Arehash-s5,test,kv,kv-Arehash,0.1,75,32692,26648,0
global,aging+idle+age+dirty+rdist,5,K+K+,kv-Arehash-s5,test,kv,kv-Arehash,0.1,75,37537,29574,0
global,aging+idle+age+refaults+rdist,5,K+K+,kv-Arehash-s5,test,kv,kv-Arehash,0.1,75,34041,27221,0
global,aging+idle+dirty+refaults+rdist,5,K+K+,kv-Arehash-s5,test,kv,kv-Arehash,0.1,75,35081,27049,0
global,aging+age+dirty+refaults+rdist,5,K+K+,kv-Arehash-s5,test,kv,kv-Arehash,0.1,75,39009,30337,0
global,sfreq+idle+age+dirty+refaults,5,K+K+,kv-Arehash-s5,test,kv,kv-Arehash,0.1,75,29186,24926,0
global,sfreq+idle+age+dirty+rdist,5,K+K+,kv-Arehash-s5,test,kv,kv-Arehash,0.1,75,29041,24812,0
global,sfreq+idle+age+refaults+rdist,5,K+K+,kv-Arehash-s5,test,kv,kv-Arehash,0.1,75,28814,24007,0
global,sfreq+idle+dirty+refaults+rdist,5,K+K+,kv-Arehash-s5,test,kv,kv-Arehash,0.1,75,30150,24890,0
global,sfreq+age+dirty+refaults+rdist,5,K+K+,kv-Arehash-s5,test,kv,kv-Arehash,0.1,75,38257,28973,0
global,idle+age+dirty+refaults+rdist,5,K+K+,kv-Arehash-s5,test,kv,kv-Arehash,0.1,75,28588,24182,0
global,ref+aging+sfreq+idle+age+dirty,6,K,kv-Arehash-s5,test,kv,kv-Arehash,0.1,75,37212,29993,0
global,ref+aging+sfreq+idle+age+refaults,6,K+K+,kv-Arehash-s5,test,kv,kv-Arehash,0.1,75,33424,26903,0
global,ref+aging+sfreq+idle+age+rdist,6,K+K+,kv-Arehash-s5,test,kv,kv-Arehash,0.1,75,38488,30349,0
global,ref+aging+sfreq+idle+dirty+refaults,6,K+K+,kv-Arehash-s5,test,kv,kv-Arehash,0.1,75,35361,28153,0
global,ref+aging+sfreq+idle+dirty+rdist,6,K+K+,kv-Arehash-s5,test,kv,kv-Arehash,0.1,75,37777,29104,0
global,ref+aging+sfreq+idle+refaults+rdist,6,K+K+,kv-Arehash-s5,test,kv,kv-Arehash,0.1,75,38543,29689,0
global,ref+aging+sfreq+age+dirty+refaults,6,K+K+,kv-Arehash-s5,test,kv,kv-Arehash,0.1,75,35839,28385,0
global,ref+aging+sfreq+age+dirty+rdist,6,K+K+,kv-Arehash-s5,test,kv,kv-Arehash,0.1,75,92221,46027,1
global,ref+aging+sfreq+age+refaults+rdist,6,K+K+,kv-Arehash-s5,test,kv,kv-Arehash,0.1,75,39139,30379,0
global,ref+aging+sfreq+dirty+refaults+rdist,6,K+K+,kv-Arehash-s5,test,kv,kv-Arehash,0.1,75,34143,27160,0
global,ref+aging+idle+age+dirty+refaults,6,K+K+,kv-Arehash-s5,test,kv,kv-Arehash,0.1,75,33818,27344,0
global,ref+aging+idle+age+dirty+rdist,6,K+K+,kv-Arehash-s5,test,kv,kv-Arehash,0.1,75,39754,31343,0
global,ref+aging+idle+age+refaults+rdist,6,K+K+,kv-Arehash-s5,test,kv,kv-Arehash,0.1,75,35369,28060,0
global,ref+aging+idle+dirty+refaults+rdist,6,K+K+,kv-Arehash-s5,test,kv,kv-Arehash,0.1,75,33003,26551,0
global,ref+aging+age+dirty+refaults+rdist,6,K+K+,kv-Arehash-s5,test,kv,kv-Arehash,0.1,75,38874,30452,0
global,ref+sfreq+idle+age+dirty+refaults,6,K+K+,kv-Arehash-s5,test,kv,kv-Arehash,0.1,75,29217,24944,0
global,ref+sfreq+idle+age+dirty+rdist,6,K+K+,kv-Arehash-s5,test,kv,kv-Arehash,0.1,75,30931,25657,0
global,ref+sfreq+idle+age+refaults+rdist,6,K+K+,kv-Arehash-s5,test,kv,kv-Arehash,0.1,75,30796,25180,0
global,ref+sfreq+idle+dirty+refaults+rdist,6,K+K+,kv-Arehash-s5,test,kv,kv-Arehash,0.1,75,34221,27385,0
global,ref+sfreq+age+dirty+refaults+rdist,6,K+K+,kv-Arehash-s5,test,kv,kv-Arehash,0.1,75,40294,31016,0
global,ref+idle+age+dirty+refaults+rdist,6,K+K+,kv-Arehash-s5,test,kv,kv-Arehash,0.1,75,30750,25261,0
global,aging+sfreq+idle+age+dirty+refaults,6,K+K+,kv-Arehash-s5,test,kv,kv-Arehash,0.1,75,32289,26364,0
global,aging+sfreq+idle+age+dirty+rdist,6,K+K+,kv-Arehash-s5,test,kv,kv-Arehash,0.1,75,38417,30537,0
global,aging+sfreq+idle+age+refaults+rdist,6,K+K+,kv-Arehash-s5,test,kv,kv-Arehash,0.1,75,33679,26971,0
global,aging+sfreq+idle+dirty+refaults+rdist,6,K+K+,kv-Arehash-s5,test,kv,kv-Arehash,0.1,75,38506,29945,0
global,aging+sfreq+age+dirty+refaults+rdist,6,K+K+,kv-Arehash-s5,test,kv,kv-Arehash,0.1,75,36293,28515,0
global,aging+idle+age+dirty+refaults+rdist,6,K+K+,kv-Arehash-s5,test,kv,kv-Arehash,0.1,75,34292,27522,0
global,sfreq+idle+age+dirty+refaults+rdist,6,K+K+,kv-Arehash-s5,test,kv,kv-Arehash,0.1,75,28562,24180,0
global,ref+aging+sfreq+idle+age+dirty+refaults,7,K+K+,kv-Arehash-s5,test,kv,kv-Arehash,0.1,75,33366,26961,0
global,ref+aging+sfreq+idle+age+dirty+rdist,7,K+K+,kv-Arehash-s5,test,kv,kv-Arehash,0.1,75,39412,31239,0
global,ref+aging+sfreq+idle+age+refaults+rdist,7,K+K+,kv-Arehash-s5,test,kv,kv-Arehash,0.1,75,34778,27670,0
global,ref+aging+sfreq+idle+dirty+refaults+rdist,7,K+K+,kv-Arehash-s5,test,kv,kv-Arehash,0.1,75,39208,30137,0
global,ref+aging+sfreq+age+dirty+refaults+rdist,7,K+K+,kv-Arehash-s5,test,kv,kv-Arehash,0.1,75,39727,30961,0
global,ref+aging+idle+age+dirty+refaults+rdist,7,K+K+,kv-Arehash-s5,test,kv,kv-Arehash,0.1,75,35209,28070,0
global,ref+sfreq+idle+age+dirty+refaults+rdist,7,K+K+,kv-Arehash-s5,test,kv,kv-Arehash,0.1,75,30175,24903,0
global,aging+sfreq+idle+age+dirty+refaults+rdist,7,K+K+,kv-Arehash-s5,test,kv,kv-Arehash,0.1,75,33440,26928,0
global,ref+aging+sfreq+idle+age+dirty+refaults+rdist,8,K+K+,kv-Arehash-s5,test,kv,kv-Arehash,0.1,75,34537,27616,0
global,rec+ref+aging+sfreq+idle+age+dirty,7,F+K,kv-Arehash-s5,test,kv,kv-Arehash,0.1,75,29717,24904,0
global,rec+ref+aging+sfreq+idle+age+dirty+refaults+rdist,9,F+K+K+,kv-Arehash-s5,test,kv,kv-Arehash,0.1,75,29646,24488,0
global,freq+ref+aging+sfreq+idle+age+dirty,7,F+K,kv-Arehash-s5,test,kv,kv-Arehash,0.1,75,35026,27914,0
global,freq+ref+aging+sfreq+idle+age+dirty+refaults+rdist,9,F+K+K+,kv-Arehash-s5,test,kv,kv-Arehash,0.1,75,32787,26662,0
global,sd+ref+aging+sfreq+idle+age+dirty,7,F+K,kv-Arehash-s5,test,kv,kv-Arehash,0.1,75,39906,31758,0
global,sd+ref+aging+sfreq+idle+age+dirty+refaults+rdist,9,F+K+K+,kv-Arehash-s5,test,kv,kv-Arehash,0.1,75,52748,36034,0
global,wr+ref+aging+sfreq+idle+age+dirty,7,F+K,kv-Arehash-s5,test,kv,kv-Arehash,0.1,75,36990,29887,0
global,wr+ref+aging+sfreq+idle+age+dirty+refaults+rdist,9,F+K+K+,kv-Arehash-s5,test,kv,kv-Arehash,0.1,75,34772,27824,0
global,rec+freq+ref+aging+sfreq+idle+age+dirty,8,F+K,kv-Arehash-s5,test,kv,kv-Arehash,0.1,75,29178,24346,0
global,rec+freq+ref+aging+sfreq+idle+age+dirty+refaults+rdist,10,F+K+K+,kv-Arehash-s5,test,kv,kv-Arehash,0.1,75,29628,24420,0
global,rec+sd+ref+aging+sfreq+idle+age+dirty,8,F+K,kv-Arehash-s5,test,kv,kv-Arehash,0.1,75,29623,24810,0
global,rec+sd+ref+aging+sfreq+idle+age+dirty+refaults+rdist,10,F+K+K+,kv-Arehash-s5,test,kv,kv-Arehash,0.1,75,30293,24836,0
global,rec+wr+ref+aging+sfreq+idle+age+dirty,8,F+K,kv-Arehash-s5,test,kv,kv-Arehash,0.1,75,29716,24903,0
global,rec+wr+ref+aging+sfreq+idle+age+dirty+refaults+rdist,10,F+K+K+,kv-Arehash-s5,test,kv,kv-Arehash,0.1,75,29644,24463,0
global,freq+sd+ref+aging+sfreq+idle+age+dirty,8,F+K,kv-Arehash-s5,test,kv,kv-Arehash,0.1,75,54711,35616,0
global,freq+sd+ref+aging+sfreq+idle+age+dirty+refaults+rdist,10,F+K+K+,kv-Arehash-s5,test,kv,kv-Arehash,0.1,75,35385,28153,0
global,freq+wr+ref+aging+sfreq+idle+age+dirty,8,F+K,kv-Arehash-s5,test,kv,kv-Arehash,0.1,75,35242,28146,0
global,freq+wr+ref+aging+sfreq+idle+age+dirty+refaults+rdist,10,F+K+K+,kv-Arehash-s5,test,kv,kv-Arehash,0.1,75,33419,27068,0
global,sd+wr+ref+aging+sfreq+idle+age+dirty,8,F+K,kv-Arehash-s5,test,kv,kv-Arehash,0.1,75,39857,31734,0
global,sd+wr+ref+aging+sfreq+idle+age+dirty+refaults+rdist,10,F+K+K+,kv-Arehash-s5,test,kv,kv-Arehash,0.1,75,46982,33603,0
global,rec+freq+sd+ref+aging+sfreq+idle+age+dirty,9,F+K,kv-Arehash-s5,test,kv,kv-Arehash,0.1,75,29197,24334,0
global,rec+freq+sd+ref+aging+sfreq+idle+age+dirty+refaults+rdist,11,F+K+K+,kv-Arehash-s5,test,kv,kv-Arehash,0.1,75,30183,24701,0
global,rec+freq+wr+ref+aging+sfreq+idle+age+dirty,9,F+K,kv-Arehash-s5,test,kv,kv-Arehash,0.1,75,29174,24391,0
global,rec+freq+wr+ref+aging+sfreq+idle+age+dirty+refaults+rdist,11,F+K+K+,kv-Arehash-s5,test,kv,kv-Arehash,0.1,75,29608,24434,0
global,rec+sd+wr+ref+aging+sfreq+idle+age+dirty,9,F+K,kv-Arehash-s5,test,kv,kv-Arehash,0.1,75,29616,24844,0
global,rec+sd+wr+ref+aging+sfreq+idle+age+dirty+refaults+rdist,11,F+K+K+,kv-Arehash-s5,test,kv,kv-Arehash,0.1,75,30273,24821,0
global,freq+sd+wr+ref+aging+sfreq+idle+age+dirty,9,F+K,kv-Arehash-s5,test,kv,kv-Arehash,0.1,75,53532,34710,0
global,freq+sd+wr+ref+aging+sfreq+idle+age+dirty+refaults+rdist,11,F+K+K+,kv-Arehash-s5,test,kv,kv-Arehash,0.1,75,35079,28012,0
global,rec+freq+sd+wr+ref+aging+sfreq+idle+age+dirty,10,F+K,kv-Arehash-s5,test,kv,kv-Arehash,0.1,75,29197,24405,0
global,rec+freq+sd+wr+ref+aging+sfreq+idle+age+dirty+refaults+rdist,12,F+K+K+,kv-Arehash-s5,test,kv,kv-Arehash,0.1,75,30124,24671,0
kv,rec,1,F,kv-Arehash-s4,val,kv,kv-Arehash,0.1,75,30371,25481,0
kv,freq,1,F,kv-Arehash-s4,val,kv,kv-Arehash,0.1,75,58325,39080,0
kv,sd,1,F,kv-Arehash-s4,val,kv,kv-Arehash,0.1,75,30371,25481,0
kv,wr,1,F,kv-Arehash-s4,val,kv,kv-Arehash,0.1,75,91555,19808,1
kv,rec+freq,2,F,kv-Arehash-s4,val,kv,kv-Arehash,0.1,75,29378,24714,0
kv,rec+sd,2,F,kv-Arehash-s4,val,kv,kv-Arehash,0.1,75,30398,25495,0
kv,rec+wr,2,F,kv-Arehash-s4,val,kv,kv-Arehash,0.1,75,30486,25440,0
kv,freq+sd,2,F,kv-Arehash-s4,val,kv,kv-Arehash,0.1,75,29568,24845,0
kv,freq+wr,2,F,kv-Arehash-s4,val,kv,kv-Arehash,0.1,75,59894,39916,0
kv,sd+wr,2,F,kv-Arehash-s4,val,kv,kv-Arehash,0.1,75,30428,25432,0
kv,rec+freq+sd,3,F,kv-Arehash-s4,val,kv,kv-Arehash,0.1,75,29400,24733,0
kv,rec+freq+wr,3,F,kv-Arehash-s4,val,kv,kv-Arehash,0.1,75,29425,24768,0
kv,rec+sd+wr,3,F,kv-Arehash-s4,val,kv,kv-Arehash,0.1,75,30670,25525,0
kv,freq+sd+wr,3,F,kv-Arehash-s4,val,kv,kv-Arehash,0.1,75,29639,24939,0
kv,rec+freq+sd+wr,4,F,kv-Arehash-s4,val,kv,kv-Arehash,0.1,75,29409,24744,0
kv,ref,1,K,kv-Arehash-s4,val,kv,kv-Arehash,0.1,75,37016,28416,0
kv,aging,1,K,kv-Arehash-s4,val,kv,kv-Arehash,0.1,75,32126,27112,0
kv,sfreq,1,K,kv-Arehash-s4,val,kv,kv-Arehash,0.1,75,91555,38602,1
kv,idle,1,K,kv-Arehash-s4,val,kv,kv-Arehash,0.1,75,30400,25505,0
kv,age,1,K,kv-Arehash-s4,val,kv,kv-Arehash,0.1,75,91555,35247,1
kv,dirty,1,K,kv-Arehash-s4,val,kv,kv-Arehash,0.1,75,91555,17338,1
kv,refaults,1,K+,kv-Arehash-s4,val,kv,kv-Arehash,0.1,75,33827,27131,0
kv,rdist,1,K+,kv-Arehash-s4,val,kv,kv-Arehash,0.1,75,91555,24587,1
kv,ref+aging,2,K,kv-Arehash-s4,val,kv,kv-Arehash,0.1,75,32126,27112,0
kv,ref+sfreq,2,K,kv-Arehash-s4,val,kv,kv-Arehash,0.1,75,91555,41557,1
kv,ref+idle,2,K,kv-Arehash-s4,val,kv,kv-Arehash,0.1,75,30400,25505,0
kv,ref+age,2,K,kv-Arehash-s4,val,kv,kv-Arehash,0.1,75,91555,36498,1
kv,ref+dirty,2,K,kv-Arehash-s4,val,kv,kv-Arehash,0.1,75,91555,17564,1
kv,ref+refaults,2,K+K+,kv-Arehash-s4,val,kv,kv-Arehash,0.1,75,31760,27034,0
kv,ref+rdist,2,K+K+,kv-Arehash-s4,val,kv,kv-Arehash,0.1,75,91555,25299,1
kv,aging+sfreq,2,K,kv-Arehash-s4,val,kv,kv-Arehash,0.1,75,91555,43434,1
kv,aging+idle,2,K,kv-Arehash-s4,val,kv,kv-Arehash,0.1,75,30400,25505,0
kv,aging+age,2,K,kv-Arehash-s4,val,kv,kv-Arehash,0.1,75,91555,37710,1
kv,aging+dirty,2,K,kv-Arehash-s4,val,kv,kv-Arehash,0.1,75,32872,26278,0
kv,aging+refaults,2,K+K+,kv-Arehash-s4,val,kv,kv-Arehash,0.1,75,29974,25459,0
kv,aging+rdist,2,K+K+,kv-Arehash-s4,val,kv,kv-Arehash,0.1,75,37948,29456,0
kv,sfreq+idle,2,K,kv-Arehash-s4,val,kv,kv-Arehash,0.1,75,32955,26459,0
kv,sfreq+age,2,K,kv-Arehash-s4,val,kv,kv-Arehash,0.1,75,65103,39901,0
kv,sfreq+dirty,2,K,kv-Arehash-s4,val,kv,kv-Arehash,0.1,75,91555,35263,1
kv,sfreq+refaults,2,K+K+,kv-Arehash-s4,val,kv,kv-Arehash,0.1,75,86606,50521,0
kv,sfreq+rdist,2,K+K+,kv-Arehash-s4,val,kv,kv-Arehash,0.1,75,91555,37748,1
kv,idle+age,2,K,kv-Arehash-s4,val,kv,kv-Arehash,0.1,75,29148,24392,0
kv,idle+dirty,2,K,kv-Arehash-s4,val,kv,kv-Arehash,0.1,75,30473,25228,0
kv,idle+refaults,2,K+K+,kv-Arehash-s4,val,kv,kv-Arehash,0.1,75,30345,25520,0
kv,idle+rdist,2,K+K+,kv-Arehash-s4,val,kv,kv-Arehash,0.1,75,28970,24438,0
kv,age+dirty,2,K,kv-Arehash-s4,val,kv,kv-Arehash,0.1,75,91555,35245,1
kv,age+refaults,2,K+K+,kv-Arehash-s4,val,kv,kv-Arehash,0.1,75,91555,35247,1
kv,age+rdist,2,K+K+,kv-Arehash-s4,val,kv,kv-Arehash,0.1,75,91555,35247,1
kv,dirty+refaults,2,K+K+,kv-Arehash-s4,val,kv,kv-Arehash,0.1,75,76803,27314,0
kv,dirty+rdist,2,K+K+,kv-Arehash-s4,val,kv,kv-Arehash,0.1,75,91555,30076,1
kv,refaults+rdist,2,K+,kv-Arehash-s4,val,kv,kv-Arehash,0.1,75,41517,30051,0
kv,ref+aging+sfreq,3,K,kv-Arehash-s4,val,kv,kv-Arehash,0.1,75,91555,43428,1
kv,ref+aging+idle,3,K,kv-Arehash-s4,val,kv,kv-Arehash,0.1,75,30401,25505,0
kv,ref+aging+age,3,K,kv-Arehash-s4,val,kv,kv-Arehash,0.1,75,91555,38370,1
kv,ref+aging+dirty,3,K,kv-Arehash-s4,val,kv,kv-Arehash,0.1,75,32873,26278,0
kv,ref+aging+refaults,3,K+K+,kv-Arehash-s4,val,kv,kv-Arehash,0.1,75,30000,25509,0
kv,ref+aging+rdist,3,K+K+,kv-Arehash-s4,val,kv,kv-Arehash,0.1,75,37951,29449,0
kv,ref+sfreq+idle,3,K,kv-Arehash-s4,val,kv,kv-Arehash,0.1,75,32483,26208,0
kv,ref+sfreq+age,3,K,kv-Arehash-s4,val,kv,kv-Arehash,0.1,75,64532,39430,0
kv,ref+sfreq+dirty,3,K,kv-Arehash-s4,val,kv,kv-Arehash,0.1,75,91555,44591,1
kv,ref+sfreq+refaults,3,K+K+,kv-Arehash-s4,val,kv,kv-Arehash,0.1,75,66969,43199,0
kv,ref+sfreq+rdist,3,K+K+,kv-Arehash-s4,val,kv,kv-Arehash,0.1,75,91555,40505,1
kv,ref+idle+age,3,K,kv-Arehash-s4,val,kv,kv-Arehash,0.1,75,29145,24414,0
kv,ref+idle+dirty,3,K,kv-Arehash-s4,val,kv,kv-Arehash,0.1,75,30479,25217,0
kv,ref+idle+refaults,3,K+K+,kv-Arehash-s4,val,kv,kv-Arehash,0.1,75,30328,25516,0
kv,ref+idle+rdist,3,K+K+,kv-Arehash-s4,val,kv,kv-Arehash,0.1,75,28882,24343,0
kv,ref+age+dirty,3,K,kv-Arehash-s4,val,kv,kv-Arehash,0.1,75,91555,36498,1
kv,ref+age+refaults,3,K+K+,kv-Arehash-s4,val,kv,kv-Arehash,0.1,75,91555,37144,1
kv,ref+age+rdist,3,K+K+,kv-Arehash-s4,val,kv,kv-Arehash,0.1,75,91555,35387,1
kv,ref+dirty+refaults,3,K+K+,kv-Arehash-s4,val,kv,kv-Arehash,0.1,75,41091,26324,0
kv,ref+dirty+rdist,3,K+K+,kv-Arehash-s4,val,kv,kv-Arehash,0.1,75,91555,24590,1
kv,ref+refaults+rdist,3,K+K+,kv-Arehash-s4,val,kv,kv-Arehash,0.1,75,33481,26472,0
kv,aging+sfreq+idle,3,K,kv-Arehash-s4,val,kv,kv-Arehash,0.1,75,31348,25550,0
kv,aging+sfreq+age,3,K,kv-Arehash-s4,val,kv,kv-Arehash,0.1,75,67394,40125,0
kv,aging+sfreq+dirty,3,K,kv-Arehash-s4,val,kv,kv-Arehash,0.1,75,91555,44587,1
kv,aging+sfreq+refaults,3,K+K+,kv-Arehash-s4,val,kv,kv-Arehash,0.1,75,58301,39333,0
kv,aging+sfreq+rdist,3,K+K+,kv-Arehash-s4,val,kv,kv-Arehash,0.1,75,91555,42593,1
kv,aging+idle+age,3,K,kv-Arehash-s4,val,kv,kv-Arehash,0.1,75,29160,24440,0
kv,aging+idle+dirty,3,K,kv-Arehash-s4,val,kv,kv-Arehash,0.1,75,30474,25225,0
kv,aging+idle+refaults,3,K+K+,kv-Arehash-s4,val,kv,kv-Arehash,0.1,75,30341,25521,0
kv,aging+idle+rdist,3,K+K+,kv-Arehash-s4,val,kv,kv-Arehash,0.1,75,28903,24384,0
kv,aging+age+dirty,3,K,kv-Arehash-s4,val,kv,kv-Arehash,0.1,75,91555,35471,1
kv,aging+age+refaults,3,K+K+,kv-Arehash-s4,val,kv,kv-Arehash,0.1,75,91555,41790,1
kv,aging+age+rdist,3,K+K+,kv-Arehash-s4,val,kv,kv-Arehash,0.1,75,91555,36482,1
kv,aging+dirty+refaults,3,K+K+,kv-Arehash-s4,val,kv,kv-Arehash,0.1,75,33667,24756,0
kv,aging+dirty+rdist,3,K+K+,kv-Arehash-s4,val,kv,kv-Arehash,0.1,75,38048,29460,0
kv,aging+refaults+rdist,3,K+K+,kv-Arehash-s4,val,kv,kv-Arehash,0.1,75,31647,25599,0
kv,sfreq+idle+age,3,K,kv-Arehash-s4,val,kv,kv-Arehash,0.1,75,30803,25130,0
kv,sfreq+idle+dirty,3,K,kv-Arehash-s4,val,kv,kv-Arehash,0.1,75,33153,26807,0
kv,sfreq+idle+refaults,3,K+K+,kv-Arehash-s4,val,kv,kv-Arehash,0.1,75,32244,26193,0
kv,sfreq+idle+rdist,3,K+K+,kv-Arehash-s4,val,kv,kv-Arehash,0.1,75,33299,26450,0
kv,sfreq+age+dirty,3,K,kv-Arehash-s4,val,kv,kv-Arehash,0.1,75,64837,40655,0
kv,sfreq+age+refaults,3,K+K+,kv-Arehash-s4,val,kv,kv-Arehash,0.1,75,52407,36085,0
kv,sfreq+age+rdist,3,K+K+,kv-Arehash-s4,val,kv,kv-Arehash,0.1,75,49857,34649,0
kv,sfreq+dirty+refaults,3,K+K+,kv-Arehash-s4,val,kv,kv-Arehash,0.1,75,87379,53205,0
kv,sfreq+dirty+rdist,3,K+K+,kv-Arehash-s4,val,kv,kv-Arehash,0.1,75,91555,35389,1
kv,sfreq+refaults+rdist,3,K+K+,kv-Arehash-s4,val,kv,kv-Arehash,0.1,75,71641,45401,0
kv,idle+age+dirty,3,K,kv-Arehash-s4,val,kv,kv-Arehash,0.1,75,28775,24614,0
kv,idle+age+refaults,3,K+K+,kv-Arehash-s4,val,kv,kv-Arehash,0.1,75,28929,24342,0
kv,idle+age+rdist,3,K+K+,kv-Arehash-s4,val,kv,kv-Arehash,0.1,75,29420,24230,0
kv,idle+dirty+refaults,3,K+K+,kv-Arehash-s4,val,kv,kv-Arehash,0.1,75,30390,25225,0
kv,idle+dirty+rdist,3,K+K+,kv-Arehash-s4,val,kv,kv-Arehash,0.1,75,29022,24286,0
kv,idle+refaults+rdist,3,K+K+,kv-Arehash-s4,val,kv,kv-Arehash,0.1,75,28745,24349,0
kv,age+dirty+refaults,3,K+K+,kv-Arehash-s4,val,kv,kv-Arehash,0.1,75,91555,35247,1
kv,age+dirty+rdist,3,K+K+,kv-Arehash-s4,val,kv,kv-Arehash,0.1,75,91555,35245,1
kv,age+refaults+rdist,3,K+K+,kv-Arehash-s4,val,kv,kv-Arehash,0.1,75,91555,35247,1
kv,dirty+refaults+rdist,3,K+K+,kv-Arehash-s4,val,kv,kv-Arehash,0.1,75,50547,31745,0
kv,ref+aging+sfreq+idle,4,K,kv-Arehash-s4,val,kv,kv-Arehash,0.1,75,31177,25442,0
kv,ref+aging+sfreq+age,4,K,kv-Arehash-s4,val,kv,kv-Arehash,0.1,75,59563,38962,0
kv,ref+aging+sfreq+dirty,4,K,kv-Arehash-s4,val,kv,kv-Arehash,0.1,75,91555,43692,1
kv,ref+aging+sfreq+refaults,4,K+K+,kv-Arehash-s4,val,kv,kv-Arehash,0.1,75,58448,39321,0
kv,ref+aging+sfreq+rdist,4,K+K+,kv-Arehash-s4,val,kv,kv-Arehash,0.1,75,91555,42528,1
kv,ref+aging+idle+age,4,K,kv-Arehash-s4,val,kv,kv-Arehash,0.1,75,29162,24436,0
kv,ref+aging+idle+dirty,4,K,kv-Arehash-s4,val,kv,kv-Arehash,0.1,75,30468,25240,0
kv,ref+aging+idle+refaults,4,K+K+,kv-Arehash-s4,val,kv,kv-Arehash,0.1,75,30342,25517,0
kv,ref+aging+idle+rdist,4,K+K+,kv-Arehash-s4,val,kv,kv-Arehash,0.1,75,28976,24437,0
kv,ref+aging+age+dirty,4,K,kv-Arehash-s4,val,kv,kv-Arehash,0.1,75,91555,39320,1
kv,ref+aging+age+refaults,4,K+K+,kv-Arehash-s4,val,kv,kv-Arehash,0.1,75,91555,39993,1
kv,ref+aging+age+rdist,4,K+K+,kv-Arehash-s4,val,kv,kv-Arehash,0.1,75,91555,36263,1
kv,ref+aging+dirty+refaults,4,K+K+,kv-Arehash-s4,val,kv,kv-Arehash,0.1,75,34487,24804,0
kv,ref+aging+dirty+rdist,4,K+K+,kv-Arehash-s4,val,kv,kv-Arehash,0.1,75,38095,29462,0
kv,ref+aging+refaults+rdist,4,K+K+,kv-Arehash-s4,val,kv,kv-Arehash,0.1,75,31654,25620,0
kv,ref+sfreq+idle+age,4,K,kv-Arehash-s4,val,kv,kv-Arehash,0.1,75,30249,24891,0
kv,ref+sfreq+idle+dirty,4,K,kv-Arehash-s4,val,kv,kv-Arehash,0.1,75,32735,26563,0
kv,ref+sfreq+idle+refaults,4,K+K+,kv-Arehash-s4,val,kv,kv-Arehash,0.1,75,31920,26006,0
kv,ref+sfreq+idle+rdist,4,K+K+,kv-Arehash-s4,val,kv,kv-Arehash,0.1,75,32923,26277,0
kv,ref+sfreq+age+dirty,4,K,kv-Arehash-s4,val,kv,kv-Arehash,0.1,75,75299,40716,0
kv,ref+sfreq+age+refaults,4,K+K+,kv-Arehash-s4,val,kv,kv-Arehash,0.1,75,50922,35542,0
kv,ref+sfreq+age+rdist,4,K+K+,kv-Arehash-s4,val,kv,kv-Arehash,0.1,75,48443,33950,0
kv,ref+sfreq+dirty+refaults,4,K+K+,kv-Arehash-s4,val,kv,kv-Arehash,0.1,75,61627,41356,0
kv,ref+sfreq+dirty+rdist,4,K+K+,kv-Arehash-s4,val,kv,kv-Arehash,0.1,75,91555,43332,1
kv,ref+sfreq+refaults+rdist,4,K+K+,kv-Arehash-s4,val,kv,kv-Arehash,0.1,75,56758,38271,0
kv,ref+idle+age+dirty,4,K,kv-Arehash-s4,val,kv,kv-Arehash,0.1,75,28863,24620,0
kv,ref+idle+age+refaults,4,K+K+,kv-Arehash-s4,val,kv,kv-Arehash,0.1,75,29099,24513,0
kv,ref+idle+age+rdist,4,K+K+,kv-Arehash-s4,val,kv,kv-Arehash,0.1,75,29223,24184,0
kv,ref+idle+dirty+refaults,4,K+K+,kv-Arehash-s4,val,kv,kv-Arehash,0.1,75,30391,25220,0
kv,ref+idle+dirty+rdist,4,K+K+,kv-Arehash-s4,val,kv,kv-Arehash,0.1,75,28966,24216,0
kv,ref+idle+refaults+rdist,4,K+K+,kv-Arehash-s4,val,kv,kv-Arehash,0.1,75,28620,24235,0
kv,ref+age+dirty+refaults,4,K+K+,kv-Arehash-s4,val,kv,kv-Arehash,0.1,75,91555,37807,1
kv,ref+age+dirty+rdist,4,K+K+,kv-Arehash-s4,val,kv,kv-Arehash,0.1,75,91555,35448,1
kv,ref+age+refaults+rdist,4,K+K+,kv-Arehash-s4,val,kv,kv-Arehash,0.1,75,91555,38721,1
kv,ref+dirty+refaults+rdist,4,K+K+,kv-Arehash-s4,val,kv,kv-Arehash,0.1,75,36420,27296,0
kv,aging+sfreq+idle+age,4,K,kv-Arehash-s4,val,kv,kv-Arehash,0.1,75,30055,24797,0
kv,aging+sfreq+idle+dirty,4,K,kv-Arehash-s4,val,kv,kv-Arehash,0.1,75,31424,25749,0
kv,aging+sfreq+idle+refaults,4,K+K+,kv-Arehash-s4,val,kv,kv-Arehash,0.1,75,31150,25561,0
kv,aging+sfreq+idle+rdist,4,K+K+,kv-Arehash-s4,val,kv,kv-Arehash,0.1,75,31970,25707,0
kv,aging+sfreq+age+dirty,4,K,kv-Arehash-s4,val,kv,kv-Arehash,0.1,75,56364,40160,0
kv,aging+sfreq+age+refaults,4,K+K+,kv-Arehash-s4,val,kv,kv-Arehash,0.1,75,51450,35691,0
kv,aging+sfreq+age+rdist,4,K+K+,kv-Arehash-s4,val,kv,kv-Arehash,0.1,75,49616,34524,0
kv,aging+sfreq+dirty+refaults,4,K+K+,kv-Arehash-s4,val,kv,kv-Arehash,0.1,75,54726,37795,0
kv,aging+sfreq+dirty+rdist,4,K+K+,kv-Arehash-s4,val,kv,kv-Arehash,0.1,75,91555,41692,1
kv,aging+sfreq+refaults+rdist,4,K+K+,kv-Arehash-s4,val,kv,kv-Arehash,0.1,75,54092,36818,0
kv,aging+idle+age+dirty,4,K,kv-Arehash-s4,val,kv,kv-Arehash,0.1,75,28905,24623,0
kv,aging+idle+age+refaults,4,K+K+,kv-Arehash-s4,val,kv,kv-Arehash,0.1,75,29129,24539,0
kv,aging+idle+age+rdist,4,K+K+,kv-Arehash-s4,val,kv,kv-Arehash,0.1,75,29094,24121,0
kv,aging+idle+dirty+refaults,4,K+K+,kv-Arehash-s4,val,kv,kv-Arehash,0.1,75,30401,25226,0
kv,aging+idle+dirty+rdist,4,K+K+,kv-Arehash-s4,val,kv,kv-Arehash,0.1,75,28989,24244,0
kv,aging+idle+refaults+rdist,4,K+K+,kv-Arehash-s4,val,kv,kv-Arehash,0.1,75,28649,24262,0
kv,aging+age+dirty+refaults,4,K+K+,kv-Arehash-s4,val,kv,kv-Arehash,0.1,75,91555,39796,1
kv,aging+age+dirty+rdist,4,K+K+,kv-Arehash-s4,val,kv,kv-Arehash,0.1,75,91555,36592,1
kv,aging+age+refaults+rdist,4,K+K+,kv-Arehash-s4,val,kv,kv-Arehash,0.1,75,91555,51028,1
kv,aging+dirty+refaults+rdist,4,K+K+,kv-Arehash-s4,val,kv,kv-Arehash,0.1,75,33322,25836,0
kv,sfreq+idle+age+dirty,4,K,kv-Arehash-s4,val,kv,kv-Arehash,0.1,75,30683,25332,0
kv,sfreq+idle+age+refaults,4,K+K+,kv-Arehash-s4,val,kv,kv-Arehash,0.1,75,30600,25157,0
kv,sfreq+idle+age+rdist,4,K+K+,kv-Arehash-s4,val,kv,kv-Arehash,0.1,75,31949,25637,0
kv,sfreq+idle+dirty+refaults,4,K+K+,kv-Arehash-s4,val,kv,kv-Arehash,0.1,75,33037,27097,0
kv,sfreq+idle+dirty+rdist,4,K+K+,kv-Arehash-s4,val,kv,kv-Arehash,0.1,75,33547,26735,0
kv,sfreq+idle+refaults+rdist,4,K+K+,kv-Arehash-s4,val,kv,kv-Arehash,0.1,75,32077,25712,0
kv,sfreq+age+dirty+refaults,4,K+K+,kv-Arehash-s4,val,kv,kv-Arehash,0.1,75,51559,36047,0
kv,sfreq+age+dirty+rdist,4,K+K+,kv-Arehash-s4,val,kv,kv-Arehash,0.1,75,61883,37967,0
kv,sfreq+age+refaults+rdist,4,K+K+,kv-Arehash-s4,val,kv,kv-Arehash,0.1,75,48535,33965,0
kv,sfreq+dirty+refaults+rdist,4,K+K+,kv-Arehash-s4,val,kv,kv-Arehash,0.1,75,71475,46423,0
kv,idle+age+dirty+refaults,4,K+K+,kv-Arehash-s4,val,kv,kv-Arehash,0.1,75,28678,24973,0
kv,idle+age+dirty+rdist,4,K+K+,kv-Arehash-s4,val,kv,kv-Arehash,0.1,75,29292,24290,0
kv,idle+age+refaults+rdist,4,K+K+,kv-Arehash-s4,val,kv,kv-Arehash,0.1,75,29216,24133,0
kv,idle+dirty+refaults+rdist,4,K+K+,kv-Arehash-s4,val,kv,kv-Arehash,0.1,75,28730,24142,0
kv,age+dirty+refaults+rdist,4,K+K+,kv-Arehash-s4,val,kv,kv-Arehash,0.1,75,91555,35247,1
kv,ref+aging+sfreq+idle+age,5,K,kv-Arehash-s4,val,kv,kv-Arehash,0.1,75,30084,24816,0
kv,ref+aging+sfreq+idle+dirty,5,K,kv-Arehash-s4,val,kv,kv-Arehash,0.1,75,31261,25662,0
kv,ref+aging+sfreq+idle+refaults,5,K+K+,kv-Arehash-s4,val,kv,kv-Arehash,0.1,75,31032,25503,0
kv,ref+aging+sfreq+idle+rdist,5,K+K+,kv-Arehash-s4,val,kv,kv-Arehash,0.1,75,31776,25651,0
kv,ref+aging+sfreq+age+dirty,5,K,kv-Arehash-s4,val,kv,kv-Arehash,0.1,75,50548,39715,0
kv,ref+aging+sfreq+age+refaults,5,K+K+,kv-Arehash-s4,val,kv,kv-Arehash,0.1,75,51478,35788,0
kv,ref+aging+sfreq+age+rdist,5,K+K+,kv-Arehash-s4,val,kv,kv-Arehash,0.1,75,48729,34100,0
kv,ref+aging+sfreq+dirty+refaults,5,K+K+,kv-Arehash-s4,val,kv,kv-Arehash,0.1,75,54349,37660,0
kv,ref+aging+sfreq+dirty+rdist,5,K+K+,kv-Arehash-s4,val,kv,kv-Arehash,0.1,75,91555,44923,1
kv,ref+aging+sfreq+refaults+rdist,5,K+K+,kv-Arehash-s4,val,kv,kv-Arehash,0.1,75,54976,37291,0
kv,ref+aging+idle+age+dirty,5,K,kv-Arehash-s4,val,kv,kv-Arehash,0.1,75,28898,24624,0
kv,ref+aging+idle+age+refaults,5,K+K+,kv-Arehash-s4,val,kv,kv-Arehash,0.1,75,29149,24566,0
kv,ref+aging+idle+age+rdist,5,K+K+,kv-Arehash-s4,val,kv,kv-Arehash,0.1,75,29131,24142,0
kv,ref+aging+idle+dirty+refaults,5,K+K+,kv-Arehash-s4,val,kv,kv-Arehash,0.1,75,30393,25239,0
kv,ref+aging+idle+dirty+rdist,5,K+K+,kv-Arehash-s4,val,kv,kv-Arehash,0.1,75,28998,24281,0
kv,ref+aging+idle+refaults+rdist,5,K+K+,kv-Arehash-s4,val,kv,kv-Arehash,0.1,75,28674,24266,0
kv,ref+aging+age+dirty+refaults,5,K+K+,kv-Arehash-s4,val,kv,kv-Arehash,0.1,75,91555,40296,1
kv,ref+aging+age+dirty+rdist,5,K+K+,kv-Arehash-s4,val,kv,kv-Arehash,0.1,75,91555,36313,1
kv,ref+aging+age+refaults+rdist,5,K+K+,kv-Arehash-s4,val,kv,kv-Arehash,0.1,75,91555,43988,1
kv,ref+aging+dirty+refaults+rdist,5,K+K+,kv-Arehash-s4,val,kv,kv-Arehash,0.1,75,32215,25879,0
kv,ref+sfreq+idle+age+dirty,5,K,kv-Arehash-s4,val,kv,kv-Arehash,0.1,75,30127,25066,0
kv,ref+sfreq+idle+age+refaults,5,K+K+,kv-Arehash-s4,val,kv,kv-Arehash,0.1,75,30085,24922,0
kv,ref+sfreq+idle+age+rdist,5,K+K+,kv-Arehash-s4,val,kv,kv-Arehash,0.1,75,31235,25270,0
kv,ref+sfreq+idle+dirty+refaults,5,K+K+,kv-Arehash-s4,val,kv,kv-Arehash,0.1,75,32643,26856,0
kv,ref+sfreq+idle+dirty+rdist,5,K+K+,kv-Arehash-s4,val,kv,kv-Arehash,0.1,75,33052,26432,0
kv,ref+sfreq+idle+refaults+rdist,5,K+K+,kv-Arehash-s4,val,kv,kv-Arehash,0.1,75,31878,25571,0
kv,ref+sfreq+age+dirty+refaults,5,K+K+,kv-Arehash-s4,val,kv,kv-Arehash,0.1,75,49523,35167,0
kv,ref+sfreq+age+dirty+rdist,5,K+K+,kv-Arehash-s4,val,kv,kv-Arehash,0.1,75,50443,34975,0
kv,ref+sfreq+age+refaults+rdist,5,K+K+,kv-Arehash-s4,val,kv,kv-Arehash,0.1,75,47850,33627,0
kv,ref+sfreq+dirty+refaults+rdist,5,K+K+,kv-Arehash-s4,val,kv,kv-Arehash,0.1,75,57039,38448,0
kv,ref+idle+age+dirty+refaults,5,K+K+,kv-Arehash-s4,val,kv,kv-Arehash,0.1,75,28922,25104,0
kv,ref+idle+age+dirty+rdist,5,K+K+,kv-Arehash-s4,val,kv,kv-Arehash,0.1,75,29067,24282,0
kv,ref+idle+age+refaults+rdist,5,K+K+,kv-Arehash-s4,val,kv,kv-Arehash,0.1,75,28993,24027,0
kv,ref+idle+dirty+refaults+rdist,5,K+K+,kv-Arehash-s4,val,kv,kv-Arehash,0.1,75,28622,24066,0
kv,ref+age+dirty+refaults+rdist,5,K+K+,kv-Arehash-s4,val,kv,kv-Arehash,0.1,75,91555,38708,1
kv,aging+sfreq+idle+age+dirty,5,K,kv-Arehash-s4,val,kv,kv-Arehash,0.1,75,30041,25045,0
kv,aging+sfreq+idle+age+refaults,5,K+K+,kv-Arehash-s4,val,kv,kv-Arehash,0.1,75,30027,24927,0
kv,aging+sfreq+idle+age+rdist,5,K+K+,kv-Arehash-s4,val,kv,kv-Arehash,0.1,75,30808,25051,0
kv,aging+sfreq+idle+dirty+refaults,5,K+K+,kv-Arehash-s4,val,kv,kv-Arehash,0.1,75,32042,26564,0
kv,aging+sfreq+idle+dirty+rdist,5,K+K+,kv-Arehash-s4,val,kv,kv-Arehash,0.1,75,32120,25942,0
kv,aging+sfreq+idle+refaults+rdist,5,K+K+,kv-Arehash-s4,val,kv,kv-Arehash,0.1,75,31121,25226,0
kv,aging+sfreq+age+dirty+refaults,5,K+K+,kv-Arehash-s4,val,kv,kv-Arehash,0.1,75,50252,35414,0
kv,aging+sfreq+age+dirty+rdist,5,K+K+,kv-Arehash-s4,val,kv,kv-Arehash,0.1,75,56265,38209,0
kv,aging+sfreq+age+refaults+rdist,5,K+K+,kv-Arehash-s4,val,kv,kv-Arehash,0.1,75,47668,33533,0
kv,aging+sfreq+dirty+refaults+rdist,5,K+K+,kv-Arehash-s4,val,kv,kv-Arehash,0.1,75,54563,37220,0
kv,aging+idle+age+dirty+refaults,5,K+K+,kv-Arehash-s4,val,kv,kv-Arehash,0.1,75,28942,25078,0
kv,aging+idle+age+dirty+rdist,5,K+K+,kv-Arehash-s4,val,kv,kv-Arehash,0.1,75,28801,24186,0
kv,aging+idle+age+refaults+rdist,5,K+K+,kv-Arehash-s4,val,kv,kv-Arehash,0.1,75,28875,23998,0
kv,aging+idle+dirty+refaults+rdist,5,K+K+,kv-Arehash-s4,val,kv,kv-Arehash,0.1,75,28689,24109,0
kv,aging+age+dirty+refaults+rdist,5,K+K+,kv-Arehash-s4,val,kv,kv-Arehash,0.1,75,91555,50716,1
kv,sfreq+idle+age+dirty+refaults,5,K+K+,kv-Arehash-s4,val,kv,kv-Arehash,0.1,75,30798,25825,0
kv,sfreq+idle+age+dirty+rdist,5,K+K+,kv-Arehash-s4,val,kv,kv-Arehash,0.1,75,31849,25702,0
kv,sfreq+idle+age+refaults+rdist,5,K+K+,kv-Arehash-s4,val,kv,kv-Arehash,0.1,75,30686,24878,0
kv,sfreq+idle+dirty+refaults+rdist,5,K+K+,kv-Arehash-s4,val,kv,kv-Arehash,0.1,75,33019,26434,0
kv,sfreq+age+dirty+refaults+rdist,5,K+K+,kv-Arehash-s4,val,kv,kv-Arehash,0.1,75,49824,34692,0
kv,idle+age+dirty+refaults+rdist,5,K+K+,kv-Arehash-s4,val,kv,kv-Arehash,0.1,75,28958,24291,0
kv,ref+aging+sfreq+idle+age+dirty,6,K,kv-Arehash-s4,val,kv,kv-Arehash,0.1,75,30092,25079,0
kv,ref+aging+sfreq+idle+age+refaults,6,K+K+,kv-Arehash-s4,val,kv,kv-Arehash,0.1,75,30027,24927,0
kv,ref+aging+sfreq+idle+age+rdist,6,K+K+,kv-Arehash-s4,val,kv,kv-Arehash,0.1,75,30850,25081,0
kv,ref+aging+sfreq+idle+dirty+refaults,6,K+K+,kv-Arehash-s4,val,kv,kv-Arehash,0.1,75,31948,26520,0
kv,ref+aging+sfreq+idle+dirty+rdist,6,K+K+,kv-Arehash-s4,val,kv,kv-Arehash,0.1,75,31738,25743,0
kv,ref+aging+sfreq+idle+refaults+rdist,6,K+K+,kv-Arehash-s4,val,kv,kv-Arehash,0.1,75,31106,25224,0
kv,ref+aging+sfreq+age+dirty+refaults,6,K+K+,kv-Arehash-s4,val,kv,kv-Arehash,0.1,75,49764,35296,0
kv,ref+aging+sfreq+age+dirty+rdist,6,K+K+,kv-Arehash-s4,val,kv,kv-Arehash,0.1,75,50810,35176,0
kv,ref+aging+sfreq+age+refaults+rdist,6,K+K+,kv-Arehash-s4,val,kv,kv-Arehash,0.1,75,46351,32883,0
kv,ref+aging+sfreq+dirty+refaults+rdist,6,K+K+,kv-Arehash-s4,val,kv,kv-Arehash,0.1,75,54681,37253,0
kv,ref+aging+idle+age+dirty+refaults,6,K+K+,kv-Arehash-s4,val,kv,kv-Arehash,0.1,75,28942,25115,0
kv,ref+aging+idle+age+dirty+rdist,6,K+K+,kv-Arehash-s4,val,kv,kv-Arehash,0.1,75,28957,24248,0
kv,ref+aging+idle+age+refaults+rdist,6,K+K+,kv-Arehash-s4,val,kv,kv-Arehash,0.1,75,29022,24033,0
kv,ref+aging+idle+dirty+refaults+rdist,6,K+K+,kv-Arehash-s4,val,kv,kv-Arehash,0.1,75,28723,24126,0
kv,ref+aging+age+dirty+refaults+rdist,6,K+K+,kv-Arehash-s4,val,kv,kv-Arehash,0.1,75,91555,43927,1
kv,ref+sfreq+idle+age+dirty+refaults,6,K+K+,kv-Arehash-s4,val,kv,kv-Arehash,0.1,75,30300,25563,0
kv,ref+sfreq+idle+age+dirty+rdist,6,K+K+,kv-Arehash-s4,val,kv,kv-Arehash,0.1,75,31280,25372,0
kv,ref+sfreq+idle+age+refaults+rdist,6,K+K+,kv-Arehash-s4,val,kv,kv-Arehash,0.1,75,30277,24663,0
kv,ref+sfreq+idle+dirty+refaults+rdist,6,K+K+,kv-Arehash-s4,val,kv,kv-Arehash,0.1,75,32697,26208,0
kv,ref+sfreq+age+dirty+refaults+rdist,6,K+K+,kv-Arehash-s4,val,kv,kv-Arehash,0.1,75,47787,33662,0
kv,ref+idle+age+dirty+refaults+rdist,6,K+K+,kv-Arehash-s4,val,kv,kv-Arehash,0.1,75,28833,24249,0
kv,aging+sfreq+idle+age+dirty+refaults,6,K+K+,kv-Arehash-s4,val,kv,kv-Arehash,0.1,75,30310,25576,0
kv,aging+sfreq+idle+age+dirty+rdist,6,K+K+,kv-Arehash-s4,val,kv,kv-Arehash,0.1,75,30908,25266,0
kv,aging+sfreq+idle+age+refaults+rdist,6,K+K+,kv-Arehash-s4,val,kv,kv-Arehash,0.1,75,30167,24635,0
kv,aging+sfreq+idle+dirty+refaults+rdist,6,K+K+,kv-Arehash-s4,val,kv,kv-Arehash,0.1,75,31782,25729,0
kv,aging+sfreq+age+dirty+refaults+rdist,6,K+K+,kv-Arehash-s4,val,kv,kv-Arehash,0.1,75,47714,33608,0
kv,aging+idle+age+dirty+refaults+rdist,6,K+K+,kv-Arehash-s4,val,kv,kv-Arehash,0.1,75,28823,24267,0
kv,sfreq+idle+age+dirty+refaults+rdist,6,K+K+,kv-Arehash-s4,val,kv,kv-Arehash,0.1,75,31141,25315,0
kv,ref+aging+sfreq+idle+age+dirty+refaults,7,K+K+,kv-Arehash-s4,val,kv,kv-Arehash,0.1,75,30314,25558,0
kv,ref+aging+sfreq+idle+age+dirty+rdist,7,K+K+,kv-Arehash-s4,val,kv,kv-Arehash,0.1,75,30963,25298,0
kv,ref+aging+sfreq+idle+age+refaults+rdist,7,K+K+,kv-Arehash-s4,val,kv,kv-Arehash,0.1,75,30101,24599,0
kv,ref+aging+sfreq+idle+dirty+refaults+rdist,7,K+K+,kv-Arehash-s4,val,kv,kv-Arehash,0.1,75,31852,25785,0
kv,ref+aging+sfreq+age+dirty+refaults+rdist,7,K+K+,kv-Arehash-s4,val,kv,kv-Arehash,0.1,75,47691,33623,0
kv,ref+aging+idle+age+dirty+refaults+rdist,7,K+K+,kv-Arehash-s4,val,kv,kv-Arehash,0.1,75,28898,24254,0
kv,ref+sfreq+idle+age+dirty+refaults+rdist,7,K+K+,kv-Arehash-s4,val,kv,kv-Arehash,0.1,75,30472,25023,0
kv,aging+sfreq+idle+age+dirty+refaults+rdist,7,K+K+,kv-Arehash-s4,val,kv,kv-Arehash,0.1,75,30372,24952,0
kv,ref+aging+sfreq+idle+age+dirty+refaults+rdist,8,K+K+,kv-Arehash-s4,val,kv,kv-Arehash,0.1,75,30326,24963,0
kv,rec+ref+aging+sfreq+idle+age+dirty,7,F+K,kv-Arehash-s4,val,kv,kv-Arehash,0.1,75,30702,25215,0
kv,rec+ref+aging+sfreq+idle+age+dirty+refaults+rdist,9,F+K+K+,kv-Arehash-s4,val,kv,kv-Arehash,0.1,75,30855,25031,0
kv,freq+ref+aging+sfreq+idle+age+dirty,7,F+K,kv-Arehash-s4,val,kv,kv-Arehash,0.1,75,30565,26117,0
kv,freq+ref+aging+sfreq+idle+age+dirty+refaults+rdist,9,F+K+K+,kv-Arehash-s4,val,kv,kv-Arehash,0.1,75,30381,25149,0
kv,sd+ref+aging+sfreq+idle+age+dirty,7,F+K,kv-Arehash-s4,val,kv,kv-Arehash,0.1,75,35695,27048,0
kv,sd+ref+aging+sfreq+idle+age+dirty+refaults+rdist,9,F+K+K+,kv-Arehash-s4,val,kv,kv-Arehash,0.1,75,33711,26633,0
kv,wr+ref+aging+sfreq+idle+age+dirty,7,F+K,kv-Arehash-s4,val,kv,kv-Arehash,0.1,75,30044,25089,0
kv,wr+ref+aging+sfreq+idle+age+dirty+refaults+rdist,9,F+K+K+,kv-Arehash-s4,val,kv,kv-Arehash,0.1,75,30276,24931,0
kv,rec+freq+ref+aging+sfreq+idle+age+dirty,8,F+K,kv-Arehash-s4,val,kv,kv-Arehash,0.1,75,31154,26116,0
kv,rec+freq+ref+aging+sfreq+idle+age+dirty+refaults+rdist,10,F+K+K+,kv-Arehash-s4,val,kv,kv-Arehash,0.1,75,30835,25105,0
kv,rec+sd+ref+aging+sfreq+idle+age+dirty,8,F+K,kv-Arehash-s4,val,kv,kv-Arehash,0.1,75,30765,25249,0
kv,rec+sd+ref+aging+sfreq+idle+age+dirty+refaults+rdist,10,F+K+K+,kv-Arehash-s4,val,kv,kv-Arehash,0.1,75,31298,25308,0
kv,rec+wr+ref+aging+sfreq+idle+age+dirty,8,F+K,kv-Arehash-s4,val,kv,kv-Arehash,0.1,75,30683,25245,0
kv,rec+wr+ref+aging+sfreq+idle+age+dirty+refaults+rdist,10,F+K+K+,kv-Arehash-s4,val,kv,kv-Arehash,0.1,75,30831,25025,0
kv,freq+sd+ref+aging+sfreq+idle+age+dirty,8,F+K,kv-Arehash-s4,val,kv,kv-Arehash,0.1,75,34946,27592,0
kv,freq+sd+ref+aging+sfreq+idle+age+dirty+refaults+rdist,10,F+K+K+,kv-Arehash-s4,val,kv,kv-Arehash,0.1,75,34023,26808,0
kv,freq+wr+ref+aging+sfreq+idle+age+dirty,8,F+K,kv-Arehash-s4,val,kv,kv-Arehash,0.1,75,30549,26121,0
kv,freq+wr+ref+aging+sfreq+idle+age+dirty+refaults+rdist,10,F+K+K+,kv-Arehash-s4,val,kv,kv-Arehash,0.1,75,30303,25099,0
kv,sd+wr+ref+aging+sfreq+idle+age+dirty,8,F+K,kv-Arehash-s4,val,kv,kv-Arehash,0.1,75,37328,27235,0
kv,sd+wr+ref+aging+sfreq+idle+age+dirty+refaults+rdist,10,F+K+K+,kv-Arehash-s4,val,kv,kv-Arehash,0.1,75,33868,26728,0
kv,rec+freq+sd+ref+aging+sfreq+idle+age+dirty,9,F+K,kv-Arehash-s4,val,kv,kv-Arehash,0.1,75,31387,25934,0
kv,rec+freq+sd+ref+aging+sfreq+idle+age+dirty+refaults+rdist,11,F+K+K+,kv-Arehash-s4,val,kv,kv-Arehash,0.1,75,31041,25183,0
kv,rec+freq+wr+ref+aging+sfreq+idle+age+dirty,9,F+K,kv-Arehash-s4,val,kv,kv-Arehash,0.1,75,31046,26096,0
kv,rec+freq+wr+ref+aging+sfreq+idle+age+dirty+refaults+rdist,11,F+K+K+,kv-Arehash-s4,val,kv,kv-Arehash,0.1,75,31009,25153,0
kv,rec+sd+wr+ref+aging+sfreq+idle+age+dirty,9,F+K,kv-Arehash-s4,val,kv,kv-Arehash,0.1,75,30565,25201,0
kv,rec+sd+wr+ref+aging+sfreq+idle+age+dirty+refaults+rdist,11,F+K+K+,kv-Arehash-s4,val,kv,kv-Arehash,0.1,75,31247,25289,0
kv,freq+sd+wr+ref+aging+sfreq+idle+age+dirty,9,F+K,kv-Arehash-s4,val,kv,kv-Arehash,0.1,75,35218,27681,0
kv,freq+sd+wr+ref+aging+sfreq+idle+age+dirty+refaults+rdist,11,F+K+K+,kv-Arehash-s4,val,kv,kv-Arehash,0.1,75,34229,26895,0
kv,rec+freq+sd+wr+ref+aging+sfreq+idle+age+dirty,10,F+K,kv-Arehash-s4,val,kv,kv-Arehash,0.1,75,31260,25883,0
kv,rec+freq+sd+wr+ref+aging+sfreq+idle+age+dirty+refaults+rdist,12,F+K+K+,kv-Arehash-s4,val,kv,kv-Arehash,0.1,75,31127,25245,0
global,rec,1,F,kv-Arehash-s4,val,kv,kv-Arehash,0.1,75,30371,25481,0
global,freq,1,F,kv-Arehash-s4,val,kv,kv-Arehash,0.1,75,58325,39080,0
global,sd,1,F,kv-Arehash-s4,val,kv,kv-Arehash,0.1,75,30371,25481,0
global,wr,1,F,kv-Arehash-s4,val,kv,kv-Arehash,0.1,75,91555,54061,1
global,rec+freq,2,F,kv-Arehash-s4,val,kv,kv-Arehash,0.1,75,29858,25077,0
global,rec+sd,2,F,kv-Arehash-s4,val,kv,kv-Arehash,0.1,75,30374,25484,0
global,rec+wr,2,F,kv-Arehash-s4,val,kv,kv-Arehash,0.1,75,30378,25488,0
global,freq+sd,2,F,kv-Arehash-s4,val,kv,kv-Arehash,0.1,75,29614,24896,0
global,freq+wr,2,F,kv-Arehash-s4,val,kv,kv-Arehash,0.1,75,60993,40525,0
global,sd+wr,2,F,kv-Arehash-s4,val,kv,kv-Arehash,0.1,75,30379,25489,0
global,rec+freq+sd,3,F,kv-Arehash-s4,val,kv,kv-Arehash,0.1,75,29469,24756,0
global,rec+freq+wr,3,F,kv-Arehash-s4,val,kv,kv-Arehash,0.1,75,29862,25068,0
global,rec+sd+wr,3,F,kv-Arehash-s4,val,kv,kv-Arehash,0.1,75,30389,25504,0
global,freq+sd+wr,3,F,kv-Arehash-s4,val,kv,kv-Arehash,0.1,75,29614,24895,0
global,rec+freq+sd+wr,4,F,kv-Arehash-s4,val,kv,kv-Arehash,0.1,75,29470,24756,0
global,ref,1,K,kv-Arehash-s4,val,kv,kv-Arehash,0.1,75,37016,28416,0
global,aging,1,K,kv-Arehash-s4,val,kv,kv-Arehash,0.1,75,32126,27112,0
global,sfreq,1,K,kv-Arehash-s4,val,kv,kv-Arehash,0.1,75,91555,38602,1
global,idle,1,K,kv-Arehash-s4,val,kv,kv-Arehash,0.1,75,30400,25505,0
global,age,1,K,kv-Arehash-s4,val,kv,kv-Arehash,0.1,75,37071,28434,0
global,dirty,1,K,kv-Arehash-s4,val,kv,kv-Arehash,0.1,75,54853,52907,0
global,refaults,1,K+,kv-Arehash-s4,val,kv,kv-Arehash,0.1,75,33827,27131,0
global,rdist,1,K+,kv-Arehash-s4,val,kv,kv-Arehash,0.1,75,91555,24587,1
global,ref+aging,2,K,kv-Arehash-s4,val,kv,kv-Arehash,0.1,75,32126,27112,0
global,ref+sfreq,2,K,kv-Arehash-s4,val,kv,kv-Arehash,0.1,75,36780,28842,0
global,ref+idle,2,K,kv-Arehash-s4,val,kv,kv-Arehash,0.1,75,30400,25505,0
global,ref+age,2,K,kv-Arehash-s4,val,kv,kv-Arehash,0.1,75,37016,28416,0
global,ref+dirty,2,K,kv-Arehash-s4,val,kv,kv-Arehash,0.1,75,48824,46817,0
global,ref+refaults,2,K+K+,kv-Arehash-s4,val,kv,kv-Arehash,0.1,75,31760,27034,0
global,ref+rdist,2,K+K+,kv-Arehash-s4,val,kv,kv-Arehash,0.1,75,91555,24986,1
global,aging+sfreq,2,K,kv-Arehash-s4,val,kv,kv-Arehash,0.1,75,35657,27723,0
global,aging+idle,2,K,kv-Arehash-s4,val,kv,kv-Arehash,0.1,75,30400,25505,0
global,aging+age,2,K,kv-Arehash-s4,val,kv,kv-Arehash,0.1,75,38789,30799,0
global,aging+dirty,2,K,kv-Arehash-s4,val,kv,kv-Arehash,0.1,75,33559,31530,0
global,aging+refaults,2,K+K+,kv-Arehash-s4,val,kv,kv-Arehash,0.1,75,30294,25742,0
global,aging+rdist,2,K+K+,kv-Arehash-s4,val,kv,kv-Arehash,0.1,75,38064,29521,0
global,sfreq+idle,2,K,kv-Arehash-s4,val,kv,kv-Arehash,0.1,75,30018,25165,0
global,sfreq+age,2,K,kv-Arehash-s4,val,kv,kv-Arehash,0.1,75,32198,26274,0
global,sfreq+dirty,2,K,kv-Arehash-s4,val,kv,kv-Arehash,0.1,75,63026,61037,0
global,sfreq+refaults,2,K+K+,kv-Arehash-s4,val,kv,kv-Arehash,0.1,75,56419,37908,0
global,sfreq+rdist,2,K+K+,kv-Arehash-s4,val,kv,kv-Arehash,0.1,75,91555,27383,1
global,idle+age,2,K,kv-Arehash-s4,val,kv,kv-Arehash,0.1,75,30127,25267,0
global,idle+dirty,2,K,kv-Arehash-s4,val,kv,kv-Arehash,0.1,75,30322,25710,0
global,idle+refaults,2,K+K+,kv-Arehash-s4,val,kv,kv-Arehash,0.1,75,30171,25496,0
global,idle+rdist,2,K+K+,kv-Arehash-s4,val,kv,kv-Arehash,0.1,75,29165,24418,0
global,age+dirty,2,K,kv-Arehash-s4,val,kv,kv-Arehash,0.1,75,35746,29073,0
global,age+refaults,2,K+K+,kv-Arehash-s4,val,kv,kv-Arehash,0.1,75,57698,38088,0
global,age+rdist,2,K+K+,kv-Arehash-s4,val,kv,kv-Arehash,0.1,75,42658,30237,0
global,dirty+refaults,2,K+K+,kv-Arehash-s4,val,kv,kv-Arehash,0.1,75,35024,26499,0
global,dirty+rdist,2,K+K+,kv-Arehash-s4,val,kv,kv-Arehash,0.1,75,91555,24717,1
global,refaults+rdist,2,K+,kv-Arehash-s4,val,kv,kv-Arehash,0.1,75,40430,29534,0
global,ref+aging+sfreq,3,K,kv-Arehash-s4,val,kv,kv-Arehash,0.1,75,35289,27519,0
global,ref+aging+idle,3,K,kv-Arehash-s4,val,kv,kv-Arehash,0.1,75,30400,25505,0
global,ref+aging+age,3,K,kv-Arehash-s4,val,kv,kv-Arehash,0.1,75,39483,31476,0
global,ref+aging+dirty,3,K,kv-Arehash-s4,val,kv,kv-Arehash,0.1,75,33559,31530,0
global,ref+aging+refaults,3,K+K+,kv-Arehash-s4,val,kv,kv-Arehash,0.1,75,30019,25638,0
global,ref+aging+rdist,3,K+K+,kv-Arehash-s4,val,kv,kv-Arehash,0.1,75,37988,29502,0
global,ref+sfreq+idle,3,K,kv-Arehash-s4,val,kv,kv-Arehash,0.1,75,29902,25059,0
global,ref+sfreq+age,3,K,kv-Arehash-s4,val,kv,kv-Arehash,0.1,75,32554,26449,0
global,ref+sfreq+dirty,3,K,kv-Arehash-s4,val,kv,kv-Arehash,0.1,75,35303,29193,0
global,ref+sfreq+refaults,3,K+K+,kv-Arehash-s4,val,kv,kv-Arehash,0.1,75,36089,28969,0
global,ref+sfreq+rdist,3,K+K+,kv-Arehash-s4,val,kv,kv-Arehash,0.1,75,37985,28488,0
global,ref+idle+age,3,K,kv-Arehash-s4,val,kv,kv-Arehash,0.1,75,30022,25174,0
global,ref+idle+dirty,3,K,kv-Arehash-s4,val,kv,kv-Arehash,0.1,75,30321,25674,0
global,ref+idle+refaults,3,K+K+,kv-Arehash-s4,val,kv,kv-Arehash,0.1,75,30209,25593,0
global,ref+idle+rdist,3,K+K+,kv-Arehash-s4,val,kv,kv-Arehash,0.1,75,30989,25181,0
global,ref+age+dirty,3,K,kv-Arehash-s4,val,kv,kv-Arehash,0.1,75,35171,30181,0
global,ref+age+refaults,3,K+K+,kv-Arehash-s4,val,kv,kv-Arehash,0.1,75,38559,29708,0
global,ref+age+rdist,3,K+K+,kv-Arehash-s4,val,kv,kv-Arehash,0.1,75,91555,25007,1
global,ref+dirty+refaults,3,K+K+,kv-Arehash-s4,val,kv,kv-Arehash,0.1,75,32601,26255,0
global,ref+dirty+rdist,3,K+K+,kv-Arehash-s4,val,kv,kv-Arehash,0.1,75,57824,32567,0
global,ref+refaults+rdist,3,K+K+,kv-Arehash-s4,val,kv,kv-Arehash,0.1,75,34869,27307,0
global,aging+sfreq+idle,3,K,kv-Arehash-s4,val,kv,kv-Arehash,0.1,75,30441,25066,0
global,aging+sfreq+age,3,K,kv-Arehash-s4,val,kv,kv-Arehash,0.1,75,35483,27621,0
global,aging+sfreq+dirty,3,K,kv-Arehash-s4,val,kv,kv-Arehash,0.1,75,35044,27746,0
global,aging+sfreq+refaults,3,K+K+,kv-Arehash-s4,val,kv,kv-Arehash,0.1,75,35291,28216,0
global,aging+sfreq+rdist,3,K+K+,kv-Arehash-s4,val,kv,kv-Arehash,0.1,75,36571,28204,0
global,aging+idle+age,3,K,kv-Arehash-s4,val,kv,kv-Arehash,0.1,75,29191,24468,0
global,aging+idle+dirty,3,K,kv-Arehash-s4,val,kv,kv-Arehash,0.1,75,30353,25628,0
global,aging+idle+refaults,3,K+K+,kv-Arehash-s4,val,kv,kv-Arehash,0.1,75,30127,25616,0
global,aging+idle+rdist,3,K+K+,kv-Arehash-s4,val,kv,kv-Arehash,0.1,75,39042,30497,0
global,aging+age+dirty,3,K,kv-Arehash-s4,val,kv,kv-Arehash,0.1,75,38909,30916,0
global,aging+age+refaults,3,K+K+,kv-Arehash-s4,val,kv,kv-Arehash,0.1,75,36298,28937,0
global,aging+age+rdist,3,K+K+,kv-Arehash-s4,val,kv,kv-Arehash,0.1,75,38215,30098,0
global,aging+dirty+refaults,3,K+K+,kv-Arehash-s4,val,kv,kv-Arehash,0.1,75,30625,24985,0
global,aging+dirty+rdist,3,K+K+,kv-Arehash-s4,val,kv,kv-Arehash,0.1,75,37978,29601,0
global,aging+refaults+rdist,3,K+K+,kv-Arehash-s4,val,kv,kv-Arehash,0.1,75,31937,25602,0
global,sfreq+idle+age,3,K,kv-Arehash-s4,val,kv,kv-Arehash,0.1,75,30207,25337,0
global,sfreq+idle+dirty,3,K,kv-Arehash-s4,val,kv,kv-Arehash,0.1,75,29863,25431,0
global,sfreq+idle+refaults,3,K+K+,kv-Arehash-s4,val,kv,kv-Arehash,0.1,75,29473,24700,0
global,sfreq+idle+rdist,3,K+K+,kv-Arehash-s4,val,kv,kv-Arehash,0.1,75,29199,24427,0
global,sfreq+age+dirty,3,K,kv-Arehash-s4,val,kv,kv-Arehash,0.1,75,32191,26538,0
global,sfreq+age+refaults,3,K+K+,kv-Arehash-s4,val,kv,kv-Arehash,0.1,75,33783,27377,0
global,sfreq+age+rdist,3,K+K+,kv-Arehash-s4,val,kv,kv-Arehash,0.1,75,32624,26133,0
global,sfreq+dirty+refaults,3,K+K+,kv-Arehash-s4,val,kv,kv-Arehash,0.1,75,57960,38877,0
global,sfreq+dirty+rdist,3,K+K+,kv-Arehash-s4,val,kv,kv-Arehash,0.1,75,91555,35420,1
global,sfreq+refaults+rdist,3,K+K+,kv-Arehash-s4,val,kv,kv-Arehash,0.1,75,55310,37514,0
global,idle+age+dirty,3,K,kv-Arehash-s4,val,kv,kv-Arehash,0.1,75,29961,25552,0
global,idle+age+refaults,3,K+K+,kv-Arehash-s4,val,kv,kv-Arehash,0.1,75,29265,24740,0
global,idle+age+rdist,3,K+K+,kv-Arehash-s4,val,kv,kv-Arehash,0.1,75,29092,24334,0
global,idle+dirty+refaults,3,K+K+,kv-Arehash-s4,val,kv,kv-Arehash,0.1,75,30235,25406,0
global,idle+dirty+rdist,3,K+K+,kv-Arehash-s4,val,kv,kv-Arehash,0.1,75,29223,24808,0
global,idle+refaults+rdist,3,K+K+,kv-Arehash-s4,val,kv,kv-Arehash,0.1,75,28603,23978,0
global,age+dirty+refaults,3,K+K+,kv-Arehash-s4,val,kv,kv-Arehash,0.1,75,57705,38200,0
global,age+dirty+rdist,3,K+K+,kv-Arehash-s4,val,kv,kv-Arehash,0.1,75,40601,31226,0
global,age+refaults+rdist,3,K+K+,kv-Arehash-s4,val,kv,kv-Arehash,0.1,75,62496,39621,0
global,dirty+refaults+rdist,3,K+K+,kv-Arehash-s4,val,kv,kv-Arehash,0.1,75,39985,29631,0
global,ref+aging+sfreq+idle,4,K,kv-Arehash-s4,val,kv,kv-Arehash,0.1,75,35437,27749,0
global,ref+aging+sfreq+age,4,K,kv-Arehash-s4,val,kv,kv-Arehash,0.1,75,39400,31404,0
global,ref+aging+sfreq+dirty,4,K,kv-Arehash-s4,val,kv,kv-Arehash,0.1,75,34909,27624,0
global,ref+aging+sfreq+refaults,4,K+K+,kv-Arehash-s4,val,kv,kv-Arehash,0.1,75,34383,27504,0
global,ref+aging+sfreq+rdist,4,K+K+,kv-Arehash-s4,val,kv,kv-Arehash,0.1,75,36658,28273,0
global,ref+aging+idle+age,4,K,kv-Arehash-s4,val,kv,kv-Arehash,0.1,75,36189,28691,0
global,ref+aging+idle+dirty,4,K,kv-Arehash-s4,val,kv,kv-Arehash,0.1,75,30350,25629,0
global,ref+aging+idle+refaults,4,K+K+,kv-Arehash-s4,val,kv,kv-Arehash,0.1,75,30081,25589,0
global,ref+aging+idle+rdist,4,K+K+,kv-Arehash-s4,val,kv,kv-Arehash,0.1,75,38779,30259,0
global,ref+aging+age+dirty,4,K,kv-Arehash-s4,val,kv,kv-Arehash,0.1,75,39295,31340,0
global,ref+aging+age+refaults,4,K+K+,kv-Arehash-s4,val,kv,kv-Arehash,0.1,75,37027,29371,0
global,ref+aging+age+rdist,4,K+K+,kv-Arehash-s4,val,kv,kv-Arehash,0.1,75,39183,30926,0
global,ref+aging+dirty+refaults,4,K+K+,kv-Arehash-s4,val,kv,kv-Arehash,0.1,75,30863,24932,0
global,ref+aging+dirty+rdist,4,K+K+,kv-Arehash-s4,val,kv,kv-Arehash,0.1,75,37878,29566,0
global,ref+aging+refaults+rdist,4,K+K+,kv-Arehash-s4,val,kv,kv-Arehash,0.1,75,31885,25659,0
global,ref+sfreq+idle+age,4,K,kv-Arehash-s4,val,kv,kv-Arehash,0.1,75,30162,25295,0
global,ref+sfreq+idle+dirty,4,K,kv-Arehash-s4,val,kv,kv-Arehash,0.1,75,29740,25322,0
global,ref+sfreq+idle+refaults,4,K+K+,kv-Arehash-s4,val,kv,kv-Arehash,0.1,75,31581,25970,0
global,ref+sfreq+idle+rdist,4,K+K+,kv-Arehash-s4,val,kv,kv-Arehash,0.1,75,31194,25287,0
global,ref+sfreq+age+dirty,4,K,kv-Arehash-s4,val,kv,kv-Arehash,0.1,75,32534,26704,0
global,ref+sfreq+age+refaults,4,K+K+,kv-Arehash-s4,val,kv,kv-Arehash,0.1,75,34673,27910,0
global,ref+sfreq+age+rdist,4,K+K+,kv-Arehash-s4,val,kv,kv-Arehash,0.1,75,35546,27576,0
global,ref+sfreq+dirty+refaults,4,K+K+,kv-Arehash-s4,val,kv,kv-Arehash,0.1,75,36033,28993,0
global,ref+sfreq+dirty+rdist,4,K+K+,kv-Arehash-s4,val,kv,kv-Arehash,0.1,75,39716,30179,0
global,ref+sfreq+refaults+rdist,4,K+K+,kv-Arehash-s4,val,kv,kv-Arehash,0.1,75,37006,29066,0
global,ref+idle+age+dirty,4,K,kv-Arehash-s4,val,kv,kv-Arehash,0.1,75,29892,25498,0
global,ref+idle+age+refaults,4,K+K+,kv-Arehash-s4,val,kv,kv-Arehash,0.1,75,29160,24701,0
global,ref+idle+age+rdist,4,K+K+,kv-Arehash-s4,val,kv,kv-Arehash,0.1,75,30926,25118,0
global,ref+idle+dirty+refaults,4,K+K+,kv-Arehash-s4,val,kv,kv-Arehash,0.1,75,30314,25353,0
global,ref+idle+dirty+rdist,4,K+K+,kv-Arehash-s4,val,kv,kv-Arehash,0.1,75,31102,25523,0
global,ref+idle+refaults+rdist,4,K+K+,kv-Arehash-s4,val,kv,kv-Arehash,0.1,75,30462,24871,0
global,ref+age+dirty+refaults,4,K+K+,kv-Arehash-s4,val,kv,kv-Arehash,0.1,75,41353,30279,0
global,ref+age+dirty+rdist,4,K+K+,kv-Arehash-s4,val,kv,kv-Arehash,0.1,75,46140,32511,0
global,ref+age+refaults+rdist,4,K+K+,kv-Arehash-s4,val,kv,kv-Arehash,0.1,75,42757,32225,0
global,ref+dirty+refaults+rdist,4,K+K+,kv-Arehash-s4,val,kv,kv-Arehash,0.1,75,35096,27467,0
global,aging+sfreq+idle+age,4,K,kv-Arehash-s4,val,kv,kv-Arehash,0.1,75,29970,25158,0
global,aging+sfreq+idle+dirty,4,K,kv-Arehash-s4,val,kv,kv-Arehash,0.1,75,30033,25418,0
global,aging+sfreq+idle+refaults,4,K+K+,kv-Arehash-s4,val,kv,kv-Arehash,0.1,75,35029,28013,0
global,aging+sfreq+idle+rdist,4,K+K+,kv-Arehash-s4,val,kv,kv-Arehash,0.1,75,36823,28413,0
global,aging+sfreq+age+dirty,4,K,kv-Arehash-s4,val,kv,kv-Arehash,0.1,75,34859,27613,0
global,aging+sfreq+age+refaults,4,K+K+,kv-Arehash-s4,val,kv,kv-Arehash,0.1,75,36703,29133,0
global,aging+sfreq+age+rdist,4,K+K+,kv-Arehash-s4,val,kv,kv-Arehash,0.1,75,39868,31320,0
global,aging+sfreq+dirty+refaults,4,K+K+,kv-Arehash-s4,val,kv,kv-Arehash,0.1,75,35361,28277,0
global,aging+sfreq+dirty+rdist,4,K+K+,kv-Arehash-s4,val,kv,kv-Arehash,0.1,75,36443,28238,0
global,aging+sfreq+refaults+rdist,4,K+K+,kv-Arehash-s4,val,kv,kv-Arehash,0.1,75,34068,27117,0
global,aging+idle+age+dirty,4,K,kv-Arehash-s4,val,kv,kv-Arehash,0.1,75,28819,25214,0
global,aging+idle+age+refaults,4,K+K+,kv-Arehash-s4,val,kv,kv-Arehash,0.1,75,32565,26467,0
global,aging+idle+age+rdist,4,K+K+,kv-Arehash-s4,val,kv,kv-Arehash,0.1,75,37909,29847,0
global,aging+idle+dirty+refaults,4,K+K+,kv-Arehash-s4,val,kv,kv-Arehash,0.1,75,30283,25094,0
global,aging+idle+dirty+rdist,4,K+K+,kv-Arehash-s4,val,kv,kv-Arehash,0.1,75,38931,30550,0
global,aging+idle+refaults+rdist,4,K+K+,kv-Arehash-s4,val,kv,kv-Arehash,0.1,75,33994,26835,0
global,aging+age+dirty+refaults,4,K+K+,kv-Arehash-s4,val,kv,kv-Arehash,0.1,75,36213,28822,0
global,aging+age+dirty+rdist,4,K+K+,kv-Arehash-s4,val,kv,kv-Arehash,0.1,75,39122,30959,0
global,aging+age+refaults+rdist,4,K+K+,kv-Arehash-s4,val,kv,kv-Arehash,0.1,75,38081,29815,0
global,aging+dirty+refaults+rdist,4,K+K+,kv-Arehash-s4,val,kv,kv-Arehash,0.1,75,31798,25635,0
global,sfreq+idle+age+dirty,4,K,kv-Arehash-s4,val,kv,kv-Arehash,0.1,75,30031,25618,0
global,sfreq+idle+age+refaults,4,K+K+,kv-Arehash-s4,val,kv,kv-Arehash,0.1,75,29176,24651,0
global,sfreq+idle+age+rdist,4,K+K+,kv-Arehash-s4,val,kv,kv-Arehash,0.1,75,29106,24403,0
global,sfreq+idle+dirty+refaults,4,K+K+,kv-Arehash-s4,val,kv,kv-Arehash,0.1,75,29432,24880,0
global,sfreq+idle+dirty+rdist,4,K+K+,kv-Arehash-s4,val,kv,kv-Arehash,0.1,75,29230,24836,0
global,sfreq+idle+refaults+rdist,4,K+K+,kv-Arehash-s4,val,kv,kv-Arehash,0.1,75,30161,24702,0
global,sfreq+age+dirty+refaults,4,K+K+,kv-Arehash-s4,val,kv,kv-Arehash,0.1,75,33781,27585,0
global,sfreq+age+dirty+rdist,4,K+K+,kv-Arehash-s4,val,kv,kv-Arehash,0.1,75,32723,26467,0
global,sfreq+age+refaults+rdist,4,K+K+,kv-Arehash-s4,val,kv,kv-Arehash,0.1,75,36988,28265,0
global,sfreq+dirty+refaults+rdist,4,K+K+,kv-Arehash-s4,val,kv,kv-Arehash,0.1,75,55400,37519,0
global,idle+age+dirty+refaults,4,K+K+,kv-Arehash-s4,val,kv,kv-Arehash,0.1,75,29133,24973,0
global,idle+age+dirty+rdist,4,K+K+,kv-Arehash-s4,val,kv,kv-Arehash,0.1,75,29094,24782,0
global,idle+age+refaults+rdist,4,K+K+,kv-Arehash-s4,val,kv,kv-Arehash,0.1,75,28804,24014,0
global,idle+dirty+refaults+rdist,4,K+K+,kv-Arehash-s4,val,kv,kv-Arehash,0.1,75,28627,24080,0
global,age+dirty+refaults+rdist,4,K+K+,kv-Arehash-s4,val,kv,kv-Arehash,0.1,75,61186,39967,0
global,ref+aging+sfreq+idle+age,5,K,kv-Arehash-s4,val,kv,kv-Arehash,0.1,75,34568,27579,0
global,ref+aging+sfreq+idle+dirty,5,K,kv-Arehash-s4,val,kv,kv-Arehash,0.1,75,35032,27905,0
global,ref+aging+sfreq+idle+refaults,5,K+K+,kv-Arehash-s4,val,kv,kv-Arehash,0.1,75,35233,28112,0
global,ref+aging+sfreq+idle+rdist,5,K+K+,kv-Arehash-s4,val,kv,kv-Arehash,0.1,75,37147,28617,0
global,ref+aging+sfreq+age+dirty,5,K,kv-Arehash-s4,val,kv,kv-Arehash,0.1,75,38969,31037,0
global,ref+aging+sfreq+age+refaults,5,K+K+,kv-Arehash-s4,val,kv,kv-Arehash,0.1,75,35435,28170,0
global,ref+aging+sfreq+age+rdist,5,K+K+,kv-Arehash-s4,val,kv,kv-Arehash,0.1,75,91555,32635,1
global,ref+aging+sfreq+dirty+refaults,5,K+K+,kv-Arehash-s4,val,kv,kv-Arehash,0.1,75,34421,27584,0
global,ref+aging+sfreq+dirty+rdist,5,K+K+,kv-Arehash-s4,val,kv,kv-Arehash,0.1,75,36428,28260,0
global,ref+aging+sfreq+refaults+rdist,5,K+K+,kv-Arehash-s4,val,kv,kv-Arehash,0.1,75,34299,27276,0
global,ref+aging+idle+age+dirty,5,K,kv-Arehash-s4,val,kv,kv-Arehash,0.1,75,35552,28484,0
global,ref+aging+idle+age+refaults,5,K+K+,kv-Arehash-s4,val,kv,kv-Arehash,0.1,75,33718,27208,0
global,ref+aging+idle+age+rdist,5,K+K+,kv-Arehash-s4,val,kv,kv-Arehash,0.1,75,39098,30829,0
global,ref+aging+idle+dirty+refaults,5,K+K+,kv-Arehash-s4,val,kv,kv-Arehash,0.1,75,30256,25040,0
global,ref+aging+idle+dirty+rdist,5,K+K+,kv-Arehash-s4,val,kv,kv-Arehash,0.1,75,39263,30855,0
global,ref+aging+idle+refaults+rdist,5,K+K+,kv-Arehash-s4,val,kv,kv-Arehash,0.1,75,33735,26890,0
global,ref+aging+age+dirty+refaults,5,K+K+,kv-Arehash-s4,val,kv,kv-Arehash,0.1,75,37277,29604,0
global,ref+aging+age+dirty+rdist,5,K+K+,kv-Arehash-s4,val,kv,kv-Arehash,0.1,75,39287,31089,0
global,ref+aging+age+refaults+rdist,5,K+K+,kv-Arehash-s4,val,kv,kv-Arehash,0.1,75,40006,31123,0
global,ref+aging+dirty+refaults+rdist,5,K+K+,kv-Arehash-s4,val,kv,kv-Arehash,0.1,75,32125,25692,0
global,ref+sfreq+idle+age+dirty,5,K,kv-Arehash-s4,val,kv,kv-Arehash,0.1,75,30009,25614,0
global,ref+sfreq+idle+age+refaults,5,K+K+,kv-Arehash-s4,val,kv,kv-Arehash,0.1,75,29192,24668,0
global,ref+sfreq+idle+age+rdist,5,K+K+,kv-Arehash-s4,val,kv,kv-Arehash,0.1,75,31032,25308,0
global,ref+sfreq+idle+dirty+refaults,5,K+K+,kv-Arehash-s4,val,kv,kv-Arehash,0.1,75,31464,26021,0
global,ref+sfreq+idle+dirty+rdist,5,K+K+,kv-Arehash-s4,val,kv,kv-Arehash,0.1,75,31193,25581,0
global,ref+sfreq+idle+refaults+rdist,5,K+K+,kv-Arehash-s4,val,kv,kv-Arehash,0.1,75,33702,26928,0
global,ref+sfreq+age+dirty+refaults,5,K+K+,kv-Arehash-s4,val,kv,kv-Arehash,0.1,75,34716,28056,0
global,ref+sfreq+age+dirty+rdist,5,K+K+,kv-Arehash-s4,val,kv,kv-Arehash,0.1,75,35467,27771,0
global,ref+sfreq+age+refaults+rdist,5,K+K+,kv-Arehash-s4,val,kv,kv-Arehash,0.1,75,39001,30237,0
global,ref+sfreq+dirty+refaults+rdist,5,K+K+,kv-Arehash-s4,val,kv,kv-Arehash,0.1,75,37355,29418,0
global,ref+idle+age+dirty+refaults,5,K+K+,kv-Arehash-s4,val,kv,kv-Arehash,0.1,75,29078,24956,0
global,ref+idle+age+dirty+rdist,5,K+K+,kv-Arehash-s4,val,kv,kv-Arehash,0.1,75,30861,25398,0
global,ref+idle+age+refaults+rdist,5,K+K+,kv-Arehash-s4,val,kv,kv-Arehash,0.1,75,30976,25269,0
global,ref+idle+dirty+refaults+rdist,5,K+K+,kv-Arehash-s4,val,kv,kv-Arehash,0.1,75,30358,24911,0
global,ref+age+dirty+refaults+rdist,5,K+K+,kv-Arehash-s4,val,kv,kv-Arehash,0.1,75,45384,34033,0
global,aging+sfreq+idle+age+dirty,5,K,kv-Arehash-s4,val,kv,kv-Arehash,0.1,75,29771,26390,0
global,aging+sfreq+idle+age+refaults,5,K+K+,kv-Arehash-s4,val,kv,kv-Arehash,0.1,75,32478,26407,0
global,aging+sfreq+idle+age+rdist,5,K+K+,kv-Arehash-s4,val,kv,kv-Arehash,0.1,75,38179,30162,0
global,aging+sfreq+idle+dirty+refaults,5,K+K+,kv-Arehash-s4,val,kv,kv-Arehash,0.1,75,34869,27936,0
global,aging+sfreq+idle+dirty+rdist,5,K+K+,kv-Arehash-s4,val,kv,kv-Arehash,0.1,75,37398,28999,0
global,aging+sfreq+idle+refaults+rdist,5,K+K+,kv-Arehash-s4,val,kv,kv-Arehash,0.1,75,37945,29436,0
global,aging+sfreq+age+dirty+refaults,5,K+K+,kv-Arehash-s4,val,kv,kv-Arehash,0.1,75,36721,29146,0
global,aging+sfreq+age+dirty+rdist,5,K+K+,kv-Arehash-s4,val,kv,kv-Arehash,0.1,75,41056,32450,0
global,aging+sfreq+age+refaults+rdist,5,K+K+,kv-Arehash-s4,val,kv,kv-Arehash,0.1,75,37202,29261,0
global,aging+sfreq+dirty+refaults+rdist,5,K+K+,kv-Arehash-s4,val,kv,kv-Arehash,0.1,75,34231,27385,0
global,aging+idle+age+dirty+refaults,5,K+K+,kv-Arehash-s4,val,kv,kv-Arehash,0.1,75,32637,26606,0
global,aging+idle+age+dirty+rdist,5,K+K+,kv-Arehash-s4,val,kv,kv-Arehash,0.1,75,37751,29806,0
global,aging+idle+age+refaults+rdist,5,K+K+,kv-Arehash-s4,val,kv,kv-Arehash,0.1,75,34583,27569,0
global,aging+idle+dirty+refaults+rdist,5,K+K+,kv-Arehash-s4,val,kv,kv-Arehash,0.1,75,35355,26991,0
global,aging+age+dirty+refaults+rdist,5,K+K+,kv-Arehash-s4,val,kv,kv-Arehash,0.1,75,38835,30468,0
global,sfreq+idle+age+dirty+refaults,5,K+K+,kv-Arehash-s4,val,kv,kv-Arehash,0.1,75,29066,24884,0
global,sfreq+idle+age+dirty+rdist,5,K+K+,kv-Arehash-s4,val,kv,kv-Arehash,0.1,75,29071,24847,0
global,sfreq+idle+age+refaults+rdist,5,K+K+,kv-Arehash-s4,val,kv,kv-Arehash,0.1,75,28685,23956,0
global,sfreq+idle+dirty+refaults+rdist,5,K+K+,kv-Arehash-s4,val,kv,kv-Arehash,0.1,75,30029,24847,0
global,sfreq+age+dirty+refaults+rdist,5,K+K+,kv-Arehash-s4,val,kv,kv-Arehash,0.1,75,37254,28526,0
global,idle+age+dirty+refaults+rdist,5,K+K+,kv-Arehash-s4,val,kv,kv-Arehash,0.1,75,28501,24173,0
global,ref+aging+sfreq+idle+age+dirty,6,K,kv-Arehash-s4,val,kv,kv-Arehash,0.1,75,36900,29927,0
global,ref+aging+sfreq+idle+age+refaults,6,K+K+,kv-Arehash-s4,val,kv,kv-Arehash,0.1,75,33275,26926,0
global,ref+aging+sfreq+idle+age+rdist,6,K+K+,kv-Arehash-s4,val,kv,kv-Arehash,0.1,75,39409,31264,0
global,ref+aging+sfreq+idle+dirty+refaults,6,K+K+,kv-Arehash-s4,val,kv,kv-Arehash,0.1,75,35348,28221,0
global,ref+aging+sfreq+idle+dirty+rdist,6,K+K+,kv-Arehash-s4,val,kv,kv-Arehash,0.1,75,37659,29114,0
global,ref+aging+sfreq+idle+refaults+rdist,6,K+K+,kv-Arehash-s4,val,kv,kv-Arehash,0.1,75,37427,29143,0
global,ref+aging+sfreq+age+dirty+refaults,6,K+K+,kv-Arehash-s4,val,kv,kv-Arehash,0.1,75,35789,28534,0
global,ref+aging+sfreq+age+dirty+rdist,6,K+K+,kv-Arehash-s4,val,kv,kv-Arehash,0.1,75,91555,39587,1
global,ref+aging+sfreq+age+refaults+rdist,6,K+K+,kv-Arehash-s4,val,kv,kv-Arehash,0.1,75,39514,30866,0
global,ref+aging+sfreq+dirty+refaults+rdist,6,K+K+,kv-Arehash-s4,val,kv,kv-Arehash,0.1,75,34292,27385,0
global,ref+aging+idle+age+dirty+refaults,6,K+K+,kv-Arehash-s4,val,kv,kv-Arehash,0.1,75,33590,27173,0
global,ref+aging+idle+age+dirty+rdist,6,K+K+,kv-Arehash-s4,val,kv,kv-Arehash,0.1,75,40191,31910,0
global,ref+aging+idle+age+refaults+rdist,6,K+K+,kv-Arehash-s4,val,kv,kv-Arehash,0.1,75,35551,28200,0
global,ref+aging+idle+dirty+refaults+rdist,6,K+K+,kv-Arehash-s4,val,kv,kv-Arehash,0.1,75,33463,26798,0
global,ref+aging+age+dirty+refaults+rdist,6,K+K+,kv-Arehash-s4,val,kv,kv-Arehash,0.1,75,40907,31754,0
global,ref+sfreq+idle+age+dirty+refaults,6,K+K+,kv-Arehash-s4,val,kv,kv-Arehash,0.1,75,29081,24868,0
global,ref+sfreq+idle+age+dirty+rdist,6,K+K+,kv-Arehash-s4,val,kv,kv-Arehash,0.1,75,30881,25609,0
global,ref+sfreq+idle+age+refaults+rdist,6,K+K+,kv-Arehash-s4,val,kv,kv-Arehash,0.1,75,30824,25215,0
global,ref+sfreq+idle+dirty+refaults+rdist,6,K+K+,kv-Arehash-s4,val,kv,kv-Arehash,0.1,75,33776,27141,0
global,ref+sfreq+age+dirty+refaults+rdist,6,K+K+,kv-Arehash-s4,val,kv,kv-Arehash,0.1,75,39235,30489,0
global,ref+idle+age+dirty+refaults+rdist,6,K+K+,kv-Arehash-s4,val,kv,kv-Arehash,0.1,75,30775,25301,0
global,aging+sfreq+idle+age+dirty+refaults,6,K+K+,kv-Arehash-s4,val,kv,kv-Arehash,0.1,75,32397,26464,0
global,aging+sfreq+idle+age+dirty+rdist,6,K+K+,kv-Arehash-s4,val,kv,kv-Arehash,0.1,75,38393,30630,0
global,aging+sfreq+idle+age+refaults+rdist,6,K+K+,kv-Arehash-s4,val,kv,kv-Arehash,0.1,75,33806,27121,0
global,aging+sfreq+idle+dirty+refaults+rdist,6,K+K+,kv-Arehash-s4,val,kv,kv-Arehash,0.1,75,37990,29627,0
global,aging+sfreq+age+dirty+refaults+rdist,6,K+K+,kv-Arehash-s4,val,kv,kv-Arehash,0.1,75,37033,29065,0
global,aging+idle+age+dirty+refaults+rdist,6,K+K+,kv-Arehash-s4,val,kv,kv-Arehash,0.1,75,34717,27733,0
global,sfreq+idle+age+dirty+refaults+rdist,6,K+K+,kv-Arehash-s4,val,kv,kv-Arehash,0.1,75,28330,24075,0
global,ref+aging+sfreq+idle+age+dirty+refaults,7,K+K+,kv-Arehash-s4,val,kv,kv-Arehash,0.1,75,33194,26884,0
global,ref+aging+sfreq+idle+age+dirty+rdist,7,K+K+,kv-Arehash-s4,val,kv,kv-Arehash,0.1,75,39627,31476,0
global,ref+aging+sfreq+idle+age+refaults+rdist,7,K+K+,kv-Arehash-s4,val,kv,kv-Arehash,0.1,75,34633,27688,0
global,ref+aging+sfreq+idle+dirty+refaults+rdist,7,K+K+,kv-Arehash-s4,val,kv,kv-Arehash,0.1,75,38431,29868,0
global,ref+aging+sfreq+age+dirty+refaults+rdist,7,K+K+,kv-Arehash-s4,val,kv,kv-Arehash,0.1,75,40291,31488,0
global,ref+aging+idle+age+dirty+refaults+rdist,7,K+K+,kv-Arehash-s4,val,kv,kv-Arehash,0.1,75,35515,28285,0
global,ref+sfreq+idle+age+dirty+refaults+rdist,7,K+K+,kv-Arehash-s4,val,kv,kv-Arehash,0.1,75,30389,25068,0
global,aging+sfreq+idle+age+dirty+refaults+rdist,7,K+K+,kv-Arehash-s4,val,kv,kv-Arehash,0.1,75,33555,27063,0
global,ref+aging+sfreq+idle+age+dirty+refaults+rdist,8,K+K+,kv-Arehash-s4,val,kv,kv-Arehash,0.1,75,34296,27513,0
global,rec+ref+aging+sfreq+idle+age+dirty,7,F+K,kv-Arehash-s4,val,kv,kv-Arehash,0.1,75,29476,24784,0
global,rec+ref+aging+sfreq+idle+age+dirty+refaults+rdist,9,F+K+K+,kv-Arehash-s4,val,kv,kv-Arehash,0.1,75,29552,24462,0
global,freq+ref+aging+sfreq+idle+age+dirty,7,F+K,kv-Arehash-s4,val,kv,kv-Arehash,0.1,75,35141,28186,0
global,freq+ref+aging+sfreq+idle+age+dirty+refaults+rdist,9,F+K+K+,kv-Arehash-s4,val,kv,kv-Arehash,0.1,75,32556,26506,0
global,sd+ref+aging+sfreq+idle+age+dirty,7,F+K,kv-Arehash-s4,val,kv,kv-Arehash,0.1,75,42159,32563,0
global,sd+ref+aging+sfreq+idle+age+dirty+refaults+rdist,9,F+K+K+,kv-Arehash-s4,val,kv,kv-Arehash,0.1,75,45098,32789,0
global,wr+ref+aging+sfreq+idle+age+dirty,7,F+K,kv-Arehash-s4,val,kv,kv-Arehash,0.1,75,37242,30159,0
global,wr+ref+aging+sfreq+idle+age+dirty+refaults+rdist,9,F+K+K+,kv-Arehash-s4,val,kv,kv-Arehash,0.1,75,34572,27724,0
global,rec+freq+ref+aging+sfreq+idle+age+dirty,8,F+K,kv-Arehash-s4,val,kv,kv-Arehash,0.1,75,29140,24348,0
global,rec+freq+ref+aging+sfreq+idle+age+dirty+refaults+rdist,10,F+K+K+,kv-Arehash-s4,val,kv,kv-Arehash,0.1,75,29579,24452,0
global,rec+sd+ref+aging+sfreq+idle+age+dirty,8,F+K,kv-Arehash-s4,val,kv,kv-Arehash,0.1,75,29425,24741,0
global,rec+sd+ref+aging+sfreq+idle+age+dirty+refaults+rdist,10,F+K+K+,kv-Arehash-s4,val,kv,kv-Arehash,0.1,75,30337,24855,0
global,rec+wr+ref+aging+sfreq+idle+age+dirty,8,F+K,kv-Arehash-s4,val,kv,kv-Arehash,0.1,75,29476,24784,0
global,rec+wr+ref+aging+sfreq+idle+age+dirty+refaults+rdist,10,F+K+K+,kv-Arehash-s4,val,kv,kv-Arehash,0.1,75,29626,24460,0
global,freq+sd+ref+aging+sfreq+idle+age+dirty,8,F+K,kv-Arehash-s4,val,kv,kv-Arehash,0.1,75,66988,39894,0
global,freq+sd+ref+aging+sfreq+idle+age+dirty+refaults+rdist,10,F+K+K+,kv-Arehash-s4,val,kv,kv-Arehash,0.1,75,35126,28048,0
global,freq+wr+ref+aging+sfreq+idle+age+dirty,8,F+K,kv-Arehash-s4,val,kv,kv-Arehash,0.1,75,35526,28441,0
global,freq+wr+ref+aging+sfreq+idle+age+dirty+refaults+rdist,10,F+K+K+,kv-Arehash-s4,val,kv,kv-Arehash,0.1,75,32656,26604,0
global,sd+wr+ref+aging+sfreq+idle+age+dirty,8,F+K,kv-Arehash-s4,val,kv,kv-Arehash,0.1,75,40006,31544,0
global,sd+wr+ref+aging+sfreq+idle+age+dirty+refaults+rdist,10,F+K+K+,kv-Arehash-s4,val,kv,kv-Arehash,0.1,75,44988,32895,0
global,rec+freq+sd+ref+aging+sfreq+idle+age+dirty,9,F+K,kv-Arehash-s4,val,kv,kv-Arehash,0.1,75,29182,24342,0
global,rec+freq+sd+ref+aging+sfreq+idle+age+dirty+refaults+rdist,11,F+K+K+,kv-Arehash-s4,val,kv,kv-Arehash,0.1,75,30105,24646,0
global,rec+freq+wr+ref+aging+sfreq+idle+age+dirty,9,F+K,kv-Arehash-s4,val,kv,kv-Arehash,0.1,75,29143,24389,0
global,rec+freq+wr+ref+aging+sfreq+idle+age+dirty+refaults+rdist,11,F+K+K+,kv-Arehash-s4,val,kv,kv-Arehash,0.1,75,29540,24400,0
global,rec+sd+wr+ref+aging+sfreq+idle+age+dirty,9,F+K,kv-Arehash-s4,val,kv,kv-Arehash,0.1,75,29442,24787,0
global,rec+sd+wr+ref+aging+sfreq+idle+age+dirty+refaults+rdist,11,F+K+K+,kv-Arehash-s4,val,kv,kv-Arehash,0.1,75,30157,24719,0
global,freq+sd+wr+ref+aging+sfreq+idle+age+dirty,9,F+K,kv-Arehash-s4,val,kv,kv-Arehash,0.1,75,69631,38198,0
global,freq+sd+wr+ref+aging+sfreq+idle+age+dirty+refaults+rdist,11,F+K+K+,kv-Arehash-s4,val,kv,kv-Arehash,0.1,75,35140,28023,0
global,rec+freq+sd+wr+ref+aging+sfreq+idle+age+dirty,10,F+K,kv-Arehash-s4,val,kv,kv-Arehash,0.1,75,29189,24411,0
global,rec+freq+sd+wr+ref+aging+sfreq+idle+age+dirty+refaults+rdist,12,F+K+K+,kv-Arehash-s4,val,kv,kv-Arehash,0.1,75,30083,24657,0
btree,rec,1,F,btree-scan-s1,heldout,btree,btree-scan,0.1,221,177007,19481,0
btree,freq,1,F,btree-scan-s1,heldout,btree,btree-scan,0.1,221,153240,18524,0
btree,sd,1,F,btree-scan-s1,heldout,btree,btree-scan,0.1,221,177007,19481,0
btree,wr,1,F,btree-scan-s1,heldout,btree,btree-scan,0.1,221,166775,18894,0
btree,rec+freq,2,F,btree-scan-s1,heldout,btree,btree-scan,0.1,221,154276,18701,0
btree,rec+sd,2,F,btree-scan-s1,heldout,btree,btree-scan,0.1,221,177262,19563,0
btree,rec+wr,2,F,btree-scan-s1,heldout,btree,btree-scan,0.1,221,164538,18889,0
btree,freq+sd,2,F,btree-scan-s1,heldout,btree,btree-scan,0.1,221,154672,18671,0
btree,freq+wr,2,F,btree-scan-s1,heldout,btree,btree-scan,0.1,221,147510,18642,0
btree,sd+wr,2,F,btree-scan-s1,heldout,btree,btree-scan,0.1,221,164826,18889,0
btree,rec+freq+sd,3,F,btree-scan-s1,heldout,btree,btree-scan,0.1,221,155609,18630,0
btree,rec+freq+wr,3,F,btree-scan-s1,heldout,btree,btree-scan,0.1,221,151043,18738,0
btree,rec+sd+wr,3,F,btree-scan-s1,heldout,btree,btree-scan,0.1,221,165088,18925,0
btree,freq+sd+wr,3,F,btree-scan-s1,heldout,btree,btree-scan,0.1,221,151473,18726,0
btree,rec+freq+sd+wr,4,F,btree-scan-s1,heldout,btree,btree-scan,0.1,221,151856,18722,0
btree,ref,1,K,btree-scan-s1,heldout,btree,btree-scan,0.1,221,191074,19878,0
btree,aging,1,K,btree-scan-s1,heldout,btree,btree-scan,0.1,221,190097,19861,0
btree,sfreq,1,K,btree-scan-s1,heldout,btree,btree-scan,0.1,221,306660,18411,0
btree,idle,1,K,btree-scan-s1,heldout,btree,btree-scan,0.1,221,177052,19478,0
btree,age,1,K,btree-scan-s1,heldout,btree,btree-scan,0.1,221,311038,18353,0
btree,dirty,1,K,btree-scan-s1,heldout,btree,btree-scan,0.1,221,185256,20514,0
btree,refaults,1,K+,btree-scan-s1,heldout,btree,btree-scan,0.1,221,159468,19579,0
btree,rdist,1,K+,btree-scan-s1,heldout,btree,btree-scan,0.1,221,293245,19470,0
btree,ref+aging,2,K,btree-scan-s1,heldout,btree,btree-scan,0.1,221,190097,19861,0
btree,ref+sfreq,2,K,btree-scan-s1,heldout,btree,btree-scan,0.1,221,300332,18393,0
btree,ref+idle,2,K,btree-scan-s1,heldout,btree,btree-scan,0.1,221,177052,19478,0
btree,ref+age,2,K,btree-scan-s1,heldout,btree,btree-scan,0.1,221,305654,18379,0
btree,ref+dirty,2,K,btree-scan-s1,heldout,btree,btree-scan,0.1,221,185257,20511,0
btree,ref+refaults,2,K+K+,btree-scan-s1,heldout,btree,btree-scan,0.1,221,159521,19586,0
btree,ref+rdist,2,K+K+,btree-scan-s1,heldout,btree,btree-scan,0.1,221,268182,19502,0
btree,aging+sfreq,2,K,btree-scan-s1,heldout,btree,btree-scan,0.1,221,249167,18401,0
btree,aging+idle,2,K,btree-scan-s1,heldout,btree,btree-scan,0.1,221,177052,19478,0
btree,aging+age,2,K,btree-scan-s1,heldout,btree,btree-scan,0.1,221,256628,18404,0
btree,aging+dirty,2,K,btree-scan-s1,heldout,btree,btree-scan,0.1,221,184402,20488,0
btree,aging+refaults,2,K+K+,btree-scan-s1,heldout,btree,btree-scan,0.1,221,159513,19556,0
btree,aging+rdist,2,K+K+,btree-scan-s1,heldout,btree,btree-scan,0.1,221,243963,19497,0
btree,sfreq+idle,2,K,btree-scan-s1,heldout,btree,btree-scan,0.1,221,158810,18550,0
btree,sfreq+age,2,K,btree-scan-s1,heldout,btree,btree-scan,0.1,221,168588,18452,0
btree,sfreq+dirty,2,K,btree-scan-s1,heldout,btree,btree-scan,0.1,221,289909,18426,0
btree,sfreq+refaults,2,K+K+,btree-scan-s1,heldout,btree,btree-scan,0.1,221,179324,18402,0
btree,sfreq+rdist,2,K+K+,btree-scan-s1,heldout,btree,btree-scan,0.1,221,306147,18343,0
btree,idle+age,2,K,btree-scan-s1,heldout,btree,btree-scan,0.1,221,155901,18683,0
btree,idle+dirty,2,K,btree-scan-s1,heldout,btree,btree-scan,0.1,221,175549,19687,0
btree,idle+refaults,2,K+K+,btree-scan-s1,heldout,btree,btree-scan,0.1,221,176793,19473,0
btree,idle+rdist,2,K+K+,btree-scan-s1,heldout,btree,btree-scan,0.1,221,155451,19072,0
btree,age+dirty,2,K,btree-scan-s1,heldout,btree,btree-scan,0.1,221,311038,18353,0
btree,age+refaults,2,K+K+,btree-scan-s1,heldout,btree,btree-scan,0.1,221,311038,18353,0
btree,age+rdist,2,K+K+,btree-scan-s1,heldout,btree,btree-scan,0.1,221,311038,18353,0
btree,dirty+refaults,2,K+K+,btree-scan-s1,heldout,btree,btree-scan,0.1,221,315154,20893,0
btree,dirty+rdist,2,K+K+,btree-scan-s1,heldout,btree,btree-scan,0.1,221,179856,20035,0
btree,refaults+rdist,2,K+,btree-scan-s1,heldout,btree,btree-scan,0.1,221,161770,19356,0
btree,ref+aging+sfreq,3,K,btree-scan-s1,heldout,btree,btree-scan,0.1,221,291684,18398,0
btree,ref+aging+idle,3,K,btree-scan-s1,heldout,btree,btree-scan,0.1,221,177048,19474,0
btree,ref+aging+age,3,K,btree-scan-s1,heldout,btree,btree-scan,0.1,221,296666,18396,0
btree,ref+aging+dirty,3,K,btree-scan-s1,heldout,btree,btree-scan,0.1,221,184402,20488,0
btree,ref+aging+refaults,3,K+K+,btree-scan-s1,heldout,btree,btree-scan,0.1,221,159523,19558,0
btree,ref+aging+rdist,3,K+K+,btree-scan-s1,heldout,btree,btree-scan,0.1,221,244054,19500,0
btree,ref+sfreq+idle,3,K,btree-scan-s1,heldout,btree,btree-scan,0.1,221,157164,18549,0
btree,ref+sfreq+age,3,K,btree-scan-s1,heldout,btree,btree-scan,0.1,221,165935,18488,0
btree,ref+sfreq+dirty,3,K,btree-scan-s1,heldout,btree,btree-scan,0.1,221,284810,18446,0
btree,ref+sfreq+refaults,3,K+K+,btree-scan-s1,heldout,btree,btree-scan,0.1,221,172210,18427,0
btree,ref+sfreq+rdist,3,K+K+,btree-scan-s1,heldout,btree,btree-scan,0.1,221,291523,18351,0
btree,ref+idle+age,3,K,btree-scan-s1,heldout,btree,btree-scan,0.1,221,156619,18706,0
btree,ref+idle+dirty,3,K,btree-scan-s1,heldout,btree,btree-scan,0.1,221,175504,19699,0
btree,ref+idle+refaults,3,K+K+,btree-scan-s1,heldout,btree,btree-scan,0.1,221,176760,19473,0
btree,ref+idle+rdist,3,K+K+,btree-scan-s1,heldout,btree,btree-scan,0.1,221,155568,19079,0
btree,ref+age+dirty,3,K,btree-scan-s1,heldout,btree,btree-scan,0.1,221,300057,18370,0
btree,ref+age+refaults,3,K+K+,btree-scan-s1,heldout,btree,btree-scan,0.1,221,299425,18373,0
btree,ref+age+rdist,3,K+K+,btree-scan-s1,heldout,btree,btree-scan,0.1,221,303036,18376,0
btree,ref+dirty+refaults,3,K+K+,btree-scan-s1,heldout,btree,btree-scan,0.1,221,315117,20905,0
btree,ref+dirty+rdist,3,K+K+,btree-scan-s1,heldout,btree,btree-scan,0.1,221,177648,20073,0
btree,ref+refaults+rdist,3,K+K+,btree-scan-s1,heldout,btree,btree-scan,0.1,221,161813,19313,0
btree,aging+sfreq+idle,3,K,btree-scan-s1,heldout,btree,btree-scan,0.1,221,155689,18582,0
btree,aging+sfreq+age,3,K,btree-scan-s1,heldout,btree,btree-scan,0.1,221,163792,18520,0
btree,aging+sfreq+dirty,3,K,btree-scan-s1,heldout,btree,btree-scan,0.1,221,259229,18470,0
btree,aging+sfreq+refaults,3,K+K+,btree-scan-s1,heldout,btree,btree-scan,0.1,221,168236,18433,0
btree,aging+sfreq+rdist,3,K+K+,btree-scan-s1,heldout,btree,btree-scan,0.1,221,245298,18363,0
btree,aging+idle+age,3,K,btree-scan-s1,heldout,btree,btree-scan,0.1,221,157699,18721,0
btree,aging+idle+dirty,3,K,btree-scan-s1,heldout,btree,btree-scan,0.1,221,175604,19680,0
btree,aging+idle+refaults,3,K+K+,btree-scan-s1,heldout,btree,btree-scan,0.1,221,176860,19477,0
btree,aging+idle+rdist,3,K+K+,btree-scan-s1,heldout,btree,btree-scan,0.1,221,155653,19086,0
btree,aging+age+dirty,3,K,btree-scan-s1,heldout,btree,btree-scan,0.1,221,251605,18410,0
btree,aging+age+refaults,3,K+K+,btree-scan-s1,heldout,btree,btree-scan,0.1,221,218544,18374,0
btree,aging+age+rdist,3,K+K+,btree-scan-s1,heldout,btree,btree-scan,0.1,221,259971,18388,0
btree,aging+dirty+refaults,3,K+K+,btree-scan-s1,heldout,btree,btree-scan,0.1,221,267805,20840,0
btree,aging+dirty+rdist,3,K+K+,btree-scan-s1,heldout,btree,btree-scan,0.1,221,176912,20057,0
btree,aging+refaults+rdist,3,K+K+,btree-scan-s1,heldout,btree,btree-scan,0.1,221,162353,19386,0
btree,sfreq+idle+age,3,K,btree-scan-s1,heldout,btree,btree-scan,0.1,221,158005,18543,0
btree,sfreq+idle+dirty,3,K,btree-scan-s1,heldout,btree,btree-scan,0.1,221,151525,18722,0
btree,sfreq+idle+refaults,3,K+K+,btree-scan-s1,heldout,btree,btree-scan,0.1,221,152101,18581,0
btree,sfreq+idle+rdist,3,K+K+,btree-scan-s1,heldout,btree,btree-scan,0.1,221,159413,18597,0
btree,sfreq+age+dirty,3,K,btree-scan-s1,heldout,btree,btree-scan,0.1,221,156487,18638,0
btree,sfreq+age+refaults,3,K+K+,btree-scan-s1,heldout,btree,btree-scan,0.1,221,154894,18437,0
btree,sfreq+age+rdist,3,K+K+,btree-scan-s1,heldout,btree,btree-scan,0.1,221,171298,18489,0
btree,sfreq+dirty+refaults,3,K+K+,btree-scan-s1,heldout,btree,btree-scan,0.1,221,178958,18438,0
btree,sfreq+dirty+rdist,3,K+K+,btree-scan-s1,heldout,btree,btree-scan,0.1,221,291961,18345,0
btree,sfreq+refaults+rdist,3,K+K+,btree-scan-s1,heldout,btree,btree-scan,0.1,221,162698,18391,0
btree,idle+age+dirty,3,K,btree-scan-s1,heldout,btree,btree-scan,0.1,221,157584,18752,0
btree,idle+age+refaults,3,K+K+,btree-scan-s1,heldout,btree,btree-scan,0.1,221,150955,18599,0
btree,idle+age+rdist,3,K+K+,btree-scan-s1,heldout,btree,btree-scan,0.1,221,150641,18740,0
btree,idle+dirty+refaults,3,K+K+,btree-scan-s1,heldout,btree,btree-scan,0.1,221,176046,19703,0
btree,idle+dirty+rdist,3,K+K+,btree-scan-s1,heldout,btree,btree-scan,0.1,221,155939,19186,0
btree,idle+refaults+rdist,3,K+K+,btree-scan-s1,heldout,btree,btree-scan,0.1,221,157611,19199,0
btree,age+dirty+refaults,3,K+K+,btree-scan-s1,heldout,btree,btree-scan,0.1,221,311038,18353,0
btree,age+dirty+rdist,3,K+K+,btree-scan-s1,heldout,btree,btree-scan,0.1,221,311038,18353,0
btree,age+refaults+rdist,3,K+K+,btree-scan-s1,heldout,btree,btree-scan,0.1,221,244112,18355,0
btree,dirty+refaults+rdist,3,K+K+,btree-scan-s1,heldout,btree,btree-scan,0.1,221,164991,19694,0
btree,ref+aging+sfreq+idle,4,K,btree-scan-s1,heldout,btree,btree-scan,0.1,221,155601,18608,0
btree,ref+aging+sfreq+age,4,K,btree-scan-s1,heldout,btree,btree-scan,0.1,221,162013,18550,0
btree,ref+aging+sfreq+dirty,4,K,btree-scan-s1,heldout,btree,btree-scan,0.1,221,258978,18461,0
btree,ref+aging+sfreq+refaults,4,K+K+,btree-scan-s1,heldout,btree,btree-scan,0.1,221,167655,18421,0
btree,ref+aging+sfreq+rdist,4,K+K+,btree-scan-s1,heldout,btree,btree-scan,0.1,221,245312,18346,0
btree,ref+aging+idle+age,4,K,btree-scan-s1,heldout,btree,btree-scan,0.1,221,157579,18720,0
btree,ref+aging+idle+dirty,4,K,btree-scan-s1,heldout,btree,btree-scan,0.1,221,175624,19673,0
btree,ref+aging+idle+refaults,4,K+K+,btree-scan-s1,heldout,btree,btree-scan,0.1,221,176833,19471,0
btree,ref+aging+idle+rdist,4,K+K+,btree-scan-s1,heldout,btree,btree-scan,0.1,221,155684,19109,0
btree,ref+aging+age+dirty,4,K,btree-scan-s1,heldout,btree,btree-scan,0.1,221,251054,18415,0
btree,ref+aging+age+refaults,4,K+K+,btree-scan-s1,heldout,btree,btree-scan,0.1,221,251838,18393,0
btree,ref+aging+age+rdist,4,K+K+,btree-scan-s1,heldout,btree,btree-scan,0.1,221,267533,18383,0
btree,ref+aging+dirty+refaults,4,K+K+,btree-scan-s1,heldout,btree,btree-scan,0.1,221,268405,20844,0
btree,ref+aging+dirty+rdist,4,K+K+,btree-scan-s1,heldout,btree,btree-scan,0.1,221,176808,20058,0
btree,ref+aging+refaults+rdist,4,K+K+,btree-scan-s1,heldout,btree,btree-scan,0.1,221,162073,19377,0
btree,ref+sfreq+idle+age,4,K,btree-scan-s1,heldout,btree,btree-scan,0.1,221,156445,18543,0
btree,ref+sfreq+idle+dirty,4,K,btree-scan-s1,heldout,btree,btree-scan,0.1,221,151074,18715,0
btree,ref+sfreq+idle+refaults,4,K+K+,btree-scan-s1,heldout,btree,btree-scan,0.1,221,151797,18543,0
btree,ref+sfreq+idle+rdist,4,K+K+,btree-scan-s1,heldout,btree,btree-scan,0.1,221,157203,18629,0
btree,ref+sfreq+age+dirty,4,K,btree-scan-s1,heldout,btree,btree-scan,0.1,221,155208,18620,0
btree,ref+sfreq+age+refaults,4,K+K+,btree-scan-s1,heldout,btree,btree-scan,0.1,221,154450,18473,0
btree,ref+sfreq+age+rdist,4,K+K+,btree-scan-s1,heldout,btree,btree-scan,0.1,221,171542,18480,0
btree,ref+sfreq+dirty+refaults,4,K+K+,btree-scan-s1,heldout,btree,btree-scan,0.1,221,167896,18466,0
btree,ref+sfreq+dirty+rdist,4,K+K+,btree-scan-s1,heldout,btree,btree-scan,0.1,221,265368,18380,0
btree,ref+sfreq+refaults+rdist,4,K+K+,btree-scan-s1,heldout,btree,btree-scan,0.1,221,157929,18444,0
btree,ref+idle+age+dirty,4,K,btree-scan-s1,heldout,btree,btree-scan,0.1,221,158829,18743,0
btree,ref+idle+age+refaults,4,K+K+,btree-scan-s1,heldout,btree,btree-scan,0.1,221,150129,18551,0
btree,ref+idle+age+rdist,4,K+K+,btree-scan-s1,heldout,btree,btree-scan,0.1,221,150445,18752,0
btree,ref+idle+dirty+refaults,4,K+K+,btree-scan-s1,heldout,btree,btree-scan,0.1,221,176002,19704,0
btree,ref+idle+dirty+rdist,4,K+K+,btree-scan-s1,heldout,btree,btree-scan,0.1,221,156087,19193,0
btree,ref+idle+refaults+rdist,4,K+K+,btree-scan-s1,heldout,btree,btree-scan,0.1,221,158023,19198,0
btree,ref+age+dirty+refaults,4,K+K+,btree-scan-s1,heldout,btree,btree-scan,0.1,221,299343,18363,0
btree,ref+age+dirty+rdist,4,K+K+,btree-scan-s1,heldout,btree,btree-scan,0.1,221,256454,18404,0
btree,ref+age+refaults+rdist,4,K+K+,btree-scan-s1,heldout,btree,btree-scan,0.1,221,183765,18427,0
btree,ref+dirty+refaults+rdist,4,K+K+,btree-scan-s1,heldout,btree,btree-scan,0.1,221,164683,19705,0
btree,aging+sfreq+idle+age,4,K,btree-scan-s1,heldout,btree,btree-scan,0.1,221,154963,18629,0
btree,aging+sfreq+idle+dirty,4,K,btree-scan-s1,heldout,btree,btree-scan,0.1,221,150960,18696,0
btree,aging+sfreq+idle+refaults,4,K+K+,btree-scan-s1,heldout,btree,btree-scan,0.1,221,150539,18546,0
btree,aging+sfreq+idle+rdist,4,K+K+,btree-scan-s1,heldout,btree,btree-scan,0.1,221,154252,18659,0
btree,aging+sfreq+age+dirty,4,K,btree-scan-s1,heldout,btree,btree-scan,0.1,221,153992,18675,0
btree,aging+sfreq+age+refaults,4,K+K+,btree-scan-s1,heldout,btree,btree-scan,0.1,221,153712,18503,0
btree,aging+sfreq+age+rdist,4,K+K+,btree-scan-s1,heldout,btree,btree-scan,0.1,221,168324,18525,0
btree,aging+sfreq+dirty+refaults,4,K+K+,btree-scan-s1,heldout,btree,btree-scan,0.1,221,167230,18469,0
btree,aging+sfreq+dirty+rdist,4,K+K+,btree-scan-s1,heldout,btree,btree-scan,0.1,221,181836,18386,0
btree,aging+sfreq+refaults+rdist,4,K+K+,btree-scan-s1,heldout,btree,btree-scan,0.1,221,158624,18457,0
btree,aging+idle+age+dirty,4,K,btree-scan-s1,heldout,btree,btree-scan,0.1,221,160046,18742,0
btree,aging+idle+age+refaults,4,K+K+,btree-scan-s1,heldout,btree,btree-scan,0.1,221,149812,18562,0
btree,aging+idle+age+rdist,4,K+K+,btree-scan-s1,heldout,btree,btree-scan,0.1,221,149916,18797,0
btree,aging+idle+dirty+refaults,4,K+K+,btree-scan-s1,heldout,btree,btree-scan,0.1,221,176100,19687,0
btree,aging+idle+dirty+rdist,4,K+K+,btree-scan-s1,heldout,btree,btree-scan,0.1,221,156505,19172,0
btree,aging+idle+refaults+rdist,4,K+K+,btree-scan-s1,heldout,btree,btree-scan,0.1,221,157631,19203,0
btree,aging+age+dirty+refaults,4,K+K+,btree-scan-s1,heldout,btree,btree-scan,0.1,221,246676,18392,0
btree,aging+age+dirty+rdist,4,K+K+,btree-scan-s1,heldout,btree,btree-scan,0.1,221,227507,18461,0
btree,aging+age+refaults+rdist,4,K+K+,btree-scan-s1,heldout,btree,btree-scan,0.1,221,182350,18412,0
btree,aging+dirty+refaults+rdist,4,K+K+,btree-scan-s1,heldout,btree,btree-scan,0.1,221,165368,19848,0
btree,sfreq+idle+age+dirty,4,K,btree-scan-s1,heldout,btree,btree-scan,0.1,221,151159,18717,0
btree,sfreq+idle+age+refaults,4,K+K+,btree-scan-s1,heldout,btree,btree-scan,0.1,221,151916,18555,0
btree,sfreq+idle+age+rdist,4,K+K+,btree-scan-s1,heldout,btree,btree-scan,0.1,221,158843,18609,0
btree,sfreq+idle+dirty+refaults,4,K+K+,btree-scan-s1,heldout,btree,btree-scan,0.1,221,149776,18651,0
btree,sfreq+idle+dirty+rdist,4,K+K+,btree-scan-s1,heldout,btree,btree-scan,0.1,221,157630,18683,0
btree,sfreq+idle+refaults+rdist,4,K+K+,btree-scan-s1,heldout,btree,btree-scan,0.1,221,150930,18557,0
btree,sfreq+age+dirty+refaults,4,K+K+,btree-scan-s1,heldout,btree,btree-scan,0.1,221,152741,18551,0
btree,sfreq+age+dirty+rdist,4,K+K+,btree-scan-s1,heldout,btree,btree-scan,0.1,221,166899,18575,0
btree,sfreq+age+refaults+rdist,4,K+K+,btree-scan-s1,heldout,btree,btree-scan,0.1,221,153411,18496,0
btree,sfreq+dirty+refaults+rdist,4,K+K+,btree-scan-s1,heldout,btree,btree-scan,0.1,221,162757,18449,0
btree,idle+age+dirty+refaults,4,K+K+,btree-scan-s1,heldout,btree,btree-scan,0.1,221,152420,18766,0
btree,idle+age+dirty+rdist,4,K+K+,btree-scan-s1,heldout,btree,btree-scan,0.1,221,152005,18800,0
btree,idle+age+refaults+rdist,4,K+K+,btree-scan-s1,heldout,btree,btree-scan,0.1,221,150735,18604,0
btree,idle+dirty+refaults+rdist,4,K+K+,btree-scan-s1,heldout,btree,btree-scan,0.1,221,158164,19224,0
btree,age+dirty+refaults+rdist,4,K+K+,btree-scan-s1,heldout,btree,btree-scan,0.1,221,311038,18353,0
btree,ref+aging+sfreq+idle+age,5,K,btree-scan-s1,heldout,btree,btree-scan,0.1,221,155205,18619,0
btree,ref+aging+sfreq+idle+dirty,5,K,btree-scan-s1,heldout,btree,btree-scan,0.1,221,151208,18708,0
btree,ref+aging+sfreq+idle+refaults,5,K+K+,btree-scan-s1,heldout,btree,btree-scan,0.1,221,150567,18545,0
btree,ref+aging+sfreq+idle+rdist,5,K+K+,btree-scan-s1,heldout,btree,btree-scan,0.1,221,153957,18648,0
btree,ref+aging+sfreq+age+dirty,5,K,btree-scan-s1,heldout,btree,btree-scan,0.1,221,153713,18687,0
btree,ref+aging+sfreq+age+refaults,5,K+K+,btree-scan-s1,heldout,btree,btree-scan,0.1,221,153060,18482,0
btree,ref+aging+sfreq+age+rdist,5,K+K+,btree-scan-s1,heldout,btree,btree-scan,0.1,221,165401,18489,0
btree,ref+aging+sfreq+dirty+refaults,5,K+K+,btree-scan-s1,heldout,btree,btree-scan,0.1,221,166996,18478,0
btree,ref+aging+sfreq+dirty+rdist,5,K+K+,btree-scan-s1,heldout,btree,btree-scan,0.1,221,180525,18407,0
btree,ref+aging+sfreq+refaults+rdist,5,K+K+,btree-scan-s1,heldout,btree,btree-scan,0.1,221,158581,18447,0
btree,ref+aging+idle+age+dirty,5,K,btree-scan-s1,heldout,btree,btree-scan,0.1,221,159549,18733,0
btree,ref+aging+idle+age+refaults,5,K+K+,btree-scan-s1,heldout,btree,btree-scan,0.1,221,149538,18544,0
btree,ref+aging+idle+age+rdist,5,K+K+,btree-scan-s1,heldout,btree,btree-scan,0.1,221,149895,18795,0
btree,ref+aging+idle+dirty+refaults,5,K+K+,btree-scan-s1,heldout,btree,btree-scan,0.1,221,176095,19673,0
btree,ref+aging+idle+dirty+rdist,5,K+K+,btree-scan-s1,heldout,btree,btree-scan,0.1,221,156862,19217,0
btree,ref+aging+idle+refaults+rdist,5,K+K+,btree-scan-s1,heldout,btree,btree-scan,0.1,221,157757,19187,0
btree,ref+aging+age+dirty+refaults,5,K+K+,btree-scan-s1,heldout,btree,btree-scan,0.1,221,250750,18397,0
btree,ref+aging+age+dirty+rdist,5,K+K+,btree-scan-s1,heldout,btree,btree-scan,0.1,221,225786,18452,0
btree,ref+aging+age+refaults+rdist,5,K+K+,btree-scan-s1,heldout,btree,btree-scan,0.1,221,180490,18419,0
btree,ref+aging+dirty+refaults+rdist,5,K+K+,btree-scan-s1,heldout,btree,btree-scan,0.1,221,165428,19810,0
btree,ref+sfreq+idle+age+dirty,5,K,btree-scan-s1,heldout,btree,btree-scan,0.1,221,151155,18703,0
btree,ref+sfreq+idle+age+refaults,5,K+K+,btree-scan-s1,heldout,btree,btree-scan,0.1,221,151191,18561,0
btree,ref+sfreq+idle+age+rdist,5,K+K+,btree-scan-s1,heldout,btree,btree-scan,0.1,221,155794,18660,0
btree,ref+sfreq+idle+dirty+refaults,5,K+K+,btree-scan-s1,heldout,btree,btree-scan,0.1,221,149844,18629,0
btree,ref+sfreq+idle+dirty+rdist,5,K+K+,btree-scan-s1,heldout,btree,btree-scan,0.1,221,157350,18697,0
btree,ref+sfreq+idle+refaults+rdist,5,K+K+,btree-scan-s1,heldout,btree,btree-scan,0.1,221,151007,18578,0
btree,ref+sfreq+age+dirty+refaults,5,K+K+,btree-scan-s1,heldout,btree,btree-scan,0.1,221,152186,18566,0
btree,ref+sfreq+age+dirty+rdist,5,K+K+,btree-scan-s1,heldout,btree,btree-scan,0.1,221,168010,18580,0
btree,ref+sfreq+age+refaults+rdist,5,K+K+,btree-scan-s1,heldout,btree,btree-scan,0.1,221,153164,18502,0
btree,ref+sfreq+dirty+refaults+rdist,5,K+K+,btree-scan-s1,heldout,btree,btree-scan,0.1,221,158245,18493,0
btree,ref+idle+age+dirty+refaults,5,K+K+,btree-scan-s1,heldout,btree,btree-scan,0.1,221,151536,18731,0
btree,ref+idle+age+dirty+rdist,5,K+K+,btree-scan-s1,heldout,btree,btree-scan,0.1,221,150990,18792,0
btree,ref+idle+age+refaults+rdist,5,K+K+,btree-scan-s1,heldout,btree,btree-scan,0.1,221,150789,18639,0
btree,ref+idle+dirty+refaults+rdist,5,K+K+,btree-scan-s1,heldout,btree,btree-scan,0.1,221,158358,19220,0
btree,ref+age+dirty+refaults+rdist,5,K+K+,btree-scan-s1,heldout,btree,btree-scan,0.1,221,186269,18437,0
btree,aging+sfreq+idle+age+dirty,5,K,btree-scan-s1,heldout,btree,btree-scan,0.1,221,151030,18743,0
btree,aging+sfreq+idle+age+refaults,5,K+K+,btree-scan-s1,heldout,btree,btree-scan,0.1,221,150305,18530,0
btree,aging+sfreq+idle+age+rdist,5,K+K+,btree-scan-s1,heldout,btree,btree-scan,0.1,221,154063,18646,0
btree,aging+sfreq+idle+dirty+refaults,5,K+K+,btree-scan-s1,heldout,btree,btree-scan,0.1,221,148913,18578,0
btree,aging+sfreq+idle+dirty+rdist,5,K+K+,btree-scan-s1,heldout,btree,btree-scan,0.1,221,155786,18727,0
btree,aging+sfreq+idle+refaults+rdist,5,K+K+,btree-scan-s1,heldout,btree,btree-scan,0.1,221,150561,18592,0
btree,aging+sfreq+age+dirty+refaults,5,K+K+,btree-scan-s1,heldout,btree,btree-scan,0.1,221,151016,18612,0
btree,aging+sfreq+age+dirty+rdist,5,K+K+,btree-scan-s1,heldout,btree,btree-scan,0.1,221,167529,18606,0
btree,aging+sfreq+age+refaults+rdist,5,K+K+,btree-scan-s1,heldout,btree,btree-scan,0.1,221,153233,18488,0
btree,aging+sfreq+dirty+refaults+rdist,5,K+K+,btree-scan-s1,heldout,btree,btree-scan,0.1,221,159907,18475,0
btree,aging+idle+age+dirty+refaults,5,K+K+,btree-scan-s1,heldout,btree,btree-scan,0.1,221,150702,18785,0
btree,aging+idle+age+dirty+rdist,5,K+K+,btree-scan-s1,heldout,btree,btree-scan,0.1,221,150571,18812,0
btree,aging+idle+age+refaults+rdist,5,K+K+,btree-scan-s1,heldout,btree,btree-scan,0.1,221,150753,18636,0
btree,aging+idle+dirty+refaults+rdist,5,K+K+,btree-scan-s1,heldout,btree,btree-scan,0.1,221,158009,19223,0
btree,aging+age+dirty+refaults+rdist,5,K+K+,btree-scan-s1,heldout,btree,btree-scan,0.1,221,185016,18394,0
btree,sfreq+idle+age+dirty+refaults,5,K+K+,btree-scan-s1,heldout,btree,btree-scan,0.1,221,149538,18635,0
btree,sfreq+idle+age+dirty+rdist,5,K+K+,btree-scan-s1,heldout,btree,btree-scan,0.1,221,157204,18674,0
btree,sfreq+idle+age+refaults+rdist,5,K+K+,btree-scan-s1,heldout,btree,btree-scan,0.1,221,150945,18533,0
btree,sfreq+idle+dirty+refaults+rdist,5,K+K+,btree-scan-s1,heldout,btree,btree-scan,0.1,221,150875,18589,0
btree,sfreq+age+dirty+refaults+rdist,5,K+K+,btree-scan-s1,heldout,btree,btree-scan,0.1,221,153758,18565,0
btree,idle+age+dirty+refaults+rdist,5,K+K+,btree-scan-s1,heldout,btree,btree-scan,0.1,221,153371,18773,0
btree,ref+aging+sfreq+idle+age+dirty,6,K,btree-scan-s1,heldout,btree,btree-scan,0.1,221,151097,18754,0
btree,ref+aging+sfreq+idle+age+refaults,6,K+K+,btree-scan-s1,heldout,btree,btree-scan,0.1,221,150211,18521,0
btree,ref+aging+sfreq+idle+age+rdist,6,K+K+,btree-scan-s1,heldout,btree,btree-scan,0.1,221,153749,18653,0
btree,ref+aging+sfreq+idle+dirty+refaults,6,K+K+,btree-scan-s1,heldout,btree,btree-scan,0.1,221,149148,18600,0
btree,ref+aging+sfreq+idle+dirty+rdist,6,K+K+,btree-scan-s1,heldout,btree,btree-scan,0.1,221,155341,18739,0
btree,ref+aging+sfreq+idle+refaults+rdist,6,K+K+,btree-scan-s1,heldout,btree,btree-scan,0.1,221,150561,18578,0
btree,ref+aging+sfreq+age+dirty+refaults,6,K+K+,btree-scan-s1,heldout,btree,btree-scan,0.1,221,150601,18584,0
btree,ref+aging+sfreq+age+dirty+rdist,6,K+K+,btree-scan-s1,heldout,btree,btree-scan,0.1,221,166473,18578,0
btree,ref+aging+sfreq+age+refaults+rdist,6,K+K+,btree-scan-s1,heldout,btree,btree-scan,0.1,221,153204,18512,0
btree,ref+aging+sfreq+dirty+refaults+rdist,6,K+K+,btree-scan-s1,heldout,btree,btree-scan,0.1,221,159347,18479,0
btree,ref+aging+idle+age+dirty+refaults,6,K+K+,btree-scan-s1,heldout,btree,btree-scan,0.1,221,150181,18740,0
btree,ref+aging+idle+age+dirty+rdist,6,K+K+,btree-scan-s1,heldout,btree,btree-scan,0.1,221,150452,18823,0
btree,ref+aging+idle+age+refaults+rdist,6,K+K+,btree-scan-s1,heldout,btree,btree-scan,0.1,221,150757,18643,0
btree,ref+aging+idle+dirty+refaults+rdist,6,K+K+,btree-scan-s1,heldout,btree,btree-scan,0.1,221,158550,19231,0
btree,ref+aging+age+dirty+refaults+rdist,6,K+K+,btree-scan-s1,heldout,btree,btree-scan,0.1,221,181285,18408,0
btree,ref+sfreq+idle+age+dirty+refaults,6,K+K+,btree-scan-s1,heldout,btree,btree-scan,0.1,221,149622,18629,0
btree,ref+sfreq+idle+age+dirty+rdist,6,K+K+,btree-scan-s1,heldout,btree,btree-scan,0.1,221,156164,18711,0
btree,ref+sfreq+idle+age+refaults+rdist,6,K+K+,btree-scan-s1,heldout,btree,btree-scan,0.1,221,150753,18565,0
btree,ref+sfreq+idle+dirty+refaults+rdist,6,K+K+,btree-scan-s1,heldout,btree,btree-scan,0.1,221,150520,18605,0
btree,ref+sfreq+age+dirty+refaults+rdist,6,K+K+,btree-scan-s1,heldout,btree,btree-scan,0.1,221,153679,18574,0
btree,ref+idle+age+dirty+refaults+rdist,6,K+K+,btree-scan-s1,heldout,btree,btree-scan,0.1,221,152645,18763,0
btree,aging+sfreq+idle+age+dirty+refaults,6,K+K+,btree-scan-s1,heldout,btree,btree-scan,0.1,221,148549,18597,0
btree,aging+sfreq+idle+age+dirty+rdist,6,K+K+,btree-scan-s1,heldout,btree,btree-scan,0.1,221,154884,18738,0
btree,aging+sfreq+idle+age+refaults+rdist,6,K+K+,btree-scan-s1,heldout,btree,btree-scan,0.1,221,150574,18551,0
btree,aging+sfreq+idle+dirty+refaults+rdist,6,K+K+,btree-scan-s1,heldout,btree,btree-scan,0.1,221,150665,18642,0
btree,aging+sfreq+age+dirty+refaults+rdist,6,K+K+,btree-scan-s1,heldout,btree,btree-scan,0.1,221,153497,18568,0
btree,aging+idle+age+dirty+refaults+rdist,6,K+K+,btree-scan-s1,heldout,btree,btree-scan,0.1,221,152574,18775,0
btree,sfreq+idle+age+dirty+refaults+rdist,6,K+K+,btree-scan-s1,heldout,btree,btree-scan,0.1,221,150717,18587,0
btree,ref+aging+sfreq+idle+age+dirty+refaults,7,K+K+,btree-scan-s1,heldout,btree,btree-scan,0.1,221,148760,18599,0
btree,ref+aging+sfreq+idle+age+dirty+rdist,7,K+K+,btree-scan-s1,heldout,btree,btree-scan,0.1,221,155487,18741,0
btree,ref+aging+sfreq+idle+age+refaults+rdist,7,K+K+,btree-scan-s1,heldout,btree,btree-scan,0.1,221,150393,18584,0
btree,ref+aging+sfreq+idle+dirty+refaults+rdist,7,K+K+,btree-scan-s1,heldout,btree,btree-scan,0.1,221,150631,18626,0
btree,ref+aging+sfreq+age+dirty+refaults+rdist,7,K+K+,btree-scan-s1,heldout,btree,btree-scan,0.1,221,153426,18573,0
btree,ref+aging+idle+age+dirty+refaults+rdist,7,K+K+,btree-scan-s1,heldout,btree,btree-scan,0.1,221,152832,18774,0
btree,ref+sfreq+idle+age+dirty+refaults+rdist,7,K+K+,btree-scan-s1,heldout,btree,btree-scan,0.1,221,150454,18604,0
btree,aging+sfreq+idle+age+dirty+refaults+rdist,7,K+K+,btree-scan-s1,heldout,btree,btree-scan,0.1,221,150529,18594,0
btree,ref+aging+sfreq+idle+age+dirty+refaults+rdist,8,K+K+,btree-scan-s1,heldout,btree,btree-scan,0.1,221,150653,18614,0
btree,rec+ref+aging+sfreq+idle+age+dirty,7,F+K,btree-scan-s1,heldout,btree,btree-scan,0.1,221,151251,18711,0
btree,rec+ref+aging+sfreq+idle+age+dirty+refaults+rdist,9,F+K+K+,btree-scan-s1,heldout,btree,btree-scan,0.1,221,150167,18589,0
btree,freq+ref+aging+sfreq+idle+age+dirty,7,F+K,btree-scan-s1,heldout,btree,btree-scan,0.1,221,151710,18650,0
btree,freq+ref+aging+sfreq+idle+age+dirty+refaults+rdist,9,F+K+K+,btree-scan-s1,heldout,btree,btree-scan,0.1,221,157990,18587,0
btree,sd+ref+aging+sfreq+idle+age+dirty,7,F+K,btree-scan-s1,heldout,btree,btree-scan,0.1,221,151909,18761,0
btree,sd+ref+aging+sfreq+idle+age+dirty+refaults+rdist,9,F+K+K+,btree-scan-s1,heldout,btree,btree-scan,0.1,221,151177,18632,0
btree,wr+ref+aging+sfreq+idle+age+dirty,7,F+K,btree-scan-s1,heldout,btree,btree-scan,0.1,221,147495,18626,0
btree,wr+ref+aging+sfreq+idle+age+dirty+refaults+rdist,9,F+K+K+,btree-scan-s1,heldout,btree,btree-scan,0.1,221,147639,18651,0
btree,rec+freq+ref+aging+sfreq+idle+age+dirty,8,F+K,btree-scan-s1,heldout,btree,btree-scan,0.1,221,151860,18645,0
btree,rec+freq+ref+aging+sfreq+idle+age+dirty+refaults+rdist,10,F+K+K+,btree-scan-s1,heldout,btree,btree-scan,0.1,221,160174,18597,0
btree,rec+sd+ref+aging+sfreq+idle+age+dirty,8,F+K,btree-scan-s1,heldout,btree,btree-scan,0.1,221,168488,18623,0
btree,rec+sd+ref+aging+sfreq+idle+age+dirty+refaults+rdist,10,F+K+K+,btree-scan-s1,heldout,btree,btree-scan,0.1,221,156816,18593,0
btree,rec+wr+ref+aging+sfreq+idle+age+dirty,8,F+K,btree-scan-s1,heldout,btree,btree-scan,0.1,221,147509,18620,0
btree,rec+wr+ref+aging+sfreq+idle+age+dirty+refaults+rdist,10,F+K+K+,btree-scan-s1,heldout,btree,btree-scan,0.1,221,147715,18635,0
btree,freq+sd+ref+aging+sfreq+idle+age+dirty,8,F+K,btree-scan-s1,heldout,btree,btree-scan,0.1,221,151645,18654,0
btree,freq+sd+ref+aging+sfreq+idle+age+dirty+refaults+rdist,10,F+K+K+,btree-scan-s1,heldout,btree,btree-scan,0.1,221,173780,18517,0
btree,freq+wr+ref+aging+sfreq+idle+age+dirty,8,F+K,btree-scan-s1,heldout,btree,btree-scan,0.1,221,147642,18652,0
btree,freq+wr+ref+aging+sfreq+idle+age+dirty+refaults+rdist,10,F+K+K+,btree-scan-s1,heldout,btree,btree-scan,0.1,221,150674,18581,0
btree,sd+wr+ref+aging+sfreq+idle+age+dirty,8,F+K,btree-scan-s1,heldout,btree,btree-scan,0.1,221,147575,18682,0
btree,sd+wr+ref+aging+sfreq+idle+age+dirty+refaults+rdist,10,F+K+K+,btree-scan-s1,heldout,btree,btree-scan,0.1,221,148037,18652,0
btree,rec+freq+sd+ref+aging+sfreq+idle+age+dirty,9,F+K,btree-scan-s1,heldout,btree,btree-scan,0.1,221,162272,18580,0
btree,rec+freq+sd+ref+aging+sfreq+idle+age+dirty+refaults+rdist,11,F+K+K+,btree-scan-s1,heldout,btree,btree-scan,0.1,221,179128,18499,0
btree,rec+freq+wr+ref+aging+sfreq+idle+age+dirty,9,F+K,btree-scan-s1,heldout,btree,btree-scan,0.1,221,147754,18642,0
btree,rec+freq+wr+ref+aging+sfreq+idle+age+dirty+refaults+rdist,11,F+K+K+,btree-scan-s1,heldout,btree,btree-scan,0.1,221,151502,18561,0
btree,rec+sd+wr+ref+aging+sfreq+idle+age+dirty,9,F+K,btree-scan-s1,heldout,btree,btree-scan,0.1,221,147993,18710,0
btree,rec+sd+wr+ref+aging+sfreq+idle+age+dirty+refaults+rdist,11,F+K+K+,btree-scan-s1,heldout,btree,btree-scan,0.1,221,149362,18654,0
btree,freq+sd+wr+ref+aging+sfreq+idle+age+dirty,9,F+K,btree-scan-s1,heldout,btree,btree-scan,0.1,221,147616,18684,0
btree,freq+sd+wr+ref+aging+sfreq+idle+age+dirty+refaults+rdist,11,F+K+K+,btree-scan-s1,heldout,btree,btree-scan,0.1,221,155887,18559,0
btree,rec+freq+sd+wr+ref+aging+sfreq+idle+age+dirty,10,F+K,btree-scan-s1,heldout,btree,btree-scan,0.1,221,148888,18628,0
btree,rec+freq+sd+wr+ref+aging+sfreq+idle+age+dirty+refaults+rdist,12,F+K+K+,btree-scan-s1,heldout,btree,btree-scan,0.1,221,159930,18515,0
global,rec,1,F,btree-scan-s1,heldout,btree,btree-scan,0.1,221,177007,19481,0
global,freq,1,F,btree-scan-s1,heldout,btree,btree-scan,0.1,221,153240,18524,0
global,sd,1,F,btree-scan-s1,heldout,btree,btree-scan,0.1,221,177007,19481,0
global,wr,1,F,btree-scan-s1,heldout,btree,btree-scan,0.1,221,166775,18894,0
global,rec+freq,2,F,btree-scan-s1,heldout,btree,btree-scan,0.1,221,171157,19269,0
global,rec+sd,2,F,btree-scan-s1,heldout,btree,btree-scan,0.1,221,177007,19481,0
global,rec+wr,2,F,btree-scan-s1,heldout,btree,btree-scan,0.1,221,176944,19482,0
global,freq+sd,2,F,btree-scan-s1,heldout,btree,btree-scan,0.1,221,169019,19079,0
global,freq+wr,2,F,btree-scan-s1,heldout,btree,btree-scan,0.1,221,150229,18572,0
global,sd+wr,2,F,btree-scan-s1,heldout,btree,btree-scan,0.1,221,176710,19476,0
global,rec+freq+sd,3,F,btree-scan-s1,heldout,btree,btree-scan,0.1,221,165884,19018,0
global,rec+freq+wr,3,F,btree-scan-s1,heldout,btree,btree-scan,0.1,221,171788,19290,0
global,rec+sd+wr,3,F,btree-scan-s1,heldout,btree,btree-scan,0.1,221,176413,19481,0
global,freq+sd+wr,3,F,btree-scan-s1,heldout,btree,btree-scan,0.1,221,169071,19081,0
global,rec+freq+sd+wr,4,F,btree-scan-s1,heldout,btree,btree-scan,0.1,221,165862,19016,0
global,ref,1,K,btree-scan-s1,heldout,btree,btree-scan,0.1,221,191074,19878,0
global,aging,1,K,btree-scan-s1,heldout,btree,btree-scan,0.1,221,190097,19861,0
global,sfreq,1,K,btree-scan-s1,heldout,btree,btree-scan,0.1,221,306660,18411,0
global,idle,1,K,btree-scan-s1,heldout,btree,btree-scan,0.1,221,177052,19478,0
global,age,1,K,btree-scan-s1,heldout,btree,btree-scan,0.1,221,191086,19886,0
global,dirty,1,K,btree-scan-s1,heldout,btree,btree-scan,0.1,221,185256,20514,0
global,refaults,1,K+,btree-scan-s1,heldout,btree,btree-scan,0.1,221,159468,19579,0
global,rdist,1,K+,btree-scan-s1,heldout,btree,btree-scan,0.1,221,293245,19470,0
global,ref+aging,2,K,btree-scan-s1,heldout,btree,btree-scan,0.1,221,190097,19861,0
global,ref+sfreq,2,K,btree-scan-s1,heldout,btree,btree-scan,0.1,221,191608,18452,0
global,ref+idle,2,K,btree-scan-s1,heldout,btree,btree-scan,0.1,221,177052,19478,0
global,ref+age,2,K,btree-scan-s1,heldout,btree,btree-scan,0.1,221,191074,19878,0
global,ref+dirty,2,K,btree-scan-s1,heldout,btree,btree-scan,0.1,221,185257,20511,0
global,ref+refaults,2,K+K+,btree-scan-s1,heldout,btree,btree-scan,0.1,221,159521,19586,0
global,ref+rdist,2,K+K+,btree-scan-s1,heldout,btree,btree-scan,0.1,221,269389,19501,0
global,aging+sfreq,2,K,btree-scan-s1,heldout,btree,btree-scan,0.1,221,183280,18478,0
global,aging+idle,2,K,btree-scan-s1,heldout,btree,btree-scan,0.1,221,177052,19478,0
global,aging+age,2,K,btree-scan-s1,heldout,btree,btree-scan,0.1,221,232560,18444,0
global,aging+dirty,2,K,btree-scan-s1,heldout,btree,btree-scan,0.1,221,184401,20487,0
global,aging+refaults,2,K+K+,btree-scan-s1,heldout,btree,btree-scan,0.1,221,159474,19559,0
global,aging+rdist,2,K+K+,btree-scan-s1,heldout,btree,btree-scan,0.1,221,244271,19500,0
global,sfreq+idle,2,K,btree-scan-s1,heldout,btree,btree-scan,0.1,221,174725,19298,0
global,sfreq+age,2,K,btree-scan-s1,heldout,btree,btree-scan,0.1,221,164136,18824,0
global,sfreq+dirty,2,K,btree-scan-s1,heldout,btree,btree-scan,0.1,221,158586,18749,0
global,sfreq+refaults,2,K+K+,btree-scan-s1,heldout,btree,btree-scan,0.1,221,154270,18577,0
global,sfreq+rdist,2,K+K+,btree-scan-s1,heldout,btree,btree-scan,0.1,221,377141,19463,0
global,idle+age,2,K,btree-scan-s1,heldout,btree,btree-scan,0.1,221,175200,19390,0
global,idle+dirty,2,K,btree-scan-s1,heldout,btree,btree-scan,0.1,221,176318,19579,0
global,idle+refaults,2,K+K+,btree-scan-s1,heldout,btree,btree-scan,0.1,221,171190,19463,0
global,idle+rdist,2,K+K+,btree-scan-s1,heldout,btree,btree-scan,0.1,221,156096,19085,0
global,age+dirty,2,K,btree-scan-s1,heldout,btree,btree-scan,0.1,221,189310,20068,0
global,age+refaults,2,K+K+,btree-scan-s1,heldout,btree,btree-scan,0.1,221,155226,18661,0
global,age+rdist,2,K+K+,btree-scan-s1,heldout,btree,btree-scan,0.1,221,234782,19525,0
global,dirty+refaults,2,K+K+,btree-scan-s1,heldout,btree,btree-scan,0.1,221,159480,18966,0
global,dirty+rdist,2,K+K+,btree-scan-s1,heldout,btree,btree-scan,0.1,221,293245,19470,0
global,refaults+rdist,2,K+,btree-scan-s1,heldout,btree,btree-scan,0.1,221,162706,19257,0
global,ref+aging+sfreq,3,K,btree-scan-s1,heldout,btree,btree-scan,0.1,221,182855,18476,0
global,ref+aging+idle,3,K,btree-scan-s1,heldout,btree,btree-scan,0.1,221,177052,19478,0
global,ref+aging+age,3,K,btree-scan-s1,heldout,btree,btree-scan,0.1,221,233509,18442,0
global,ref+aging+dirty,3,K,btree-scan-s1,heldout,btree,btree-scan,0.1,221,184401,20487,0
global,ref+aging+refaults,3,K+K+,btree-scan-s1,heldout,btree,btree-scan,0.1,221,159475,19563,0
global,ref+aging+rdist,3,K+K+,btree-scan-s1,heldout,btree,btree-scan,0.1,221,240256,19511,0
global,ref+sfreq+idle,3,K,btree-scan-s1,heldout,btree,btree-scan,0.1,221,174337,19231,0
global,ref+sfreq+age,3,K,btree-scan-s1,heldout,btree,btree-scan,0.1,221,160666,18787,0
global,ref+sfreq+dirty,3,K,btree-scan-s1,heldout,btree,btree-scan,0.1,221,170593,18520,0
global,ref+sfreq+refaults,3,K+K+,btree-scan-s1,heldout,btree,btree-scan,0.1,221,153789,18573,0
global,ref+sfreq+rdist,3,K+K+,btree-scan-s1,heldout,btree,btree-scan,0.1,221,231147,18369,0
global,ref+idle+age,3,K,btree-scan-s1,heldout,btree,btree-scan,0.1,221,174814,19335,0
global,ref+idle+dirty,3,K,btree-scan-s1,heldout,btree,btree-scan,0.1,221,176411,19565,0
global,ref+idle+refaults,3,K+K+,btree-scan-s1,heldout,btree,btree-scan,0.1,221,169189,19405,0
global,ref+idle+rdist,3,K+K+,btree-scan-s1,heldout,btree,btree-scan,0.1,221,157210,19038,0
global,ref+age+dirty,3,K,btree-scan-s1,heldout,btree,btree-scan,0.1,221,187560,20271,0
global,ref+age+refaults,3,K+K+,btree-scan-s1,heldout,btree,btree-scan,0.1,221,161224,18494,0
global,ref+age+rdist,3,K+K+,btree-scan-s1,heldout,btree,btree-scan,0.1,221,263962,19503,0
global,ref+dirty+refaults,3,K+K+,btree-scan-s1,heldout,btree,btree-scan,0.1,221,159660,18766,0
global,ref+dirty+rdist,3,K+K+,btree-scan-s1,heldout,btree,btree-scan,0.1,221,266846,19507,0
global,ref+refaults+rdist,3,K+K+,btree-scan-s1,heldout,btree,btree-scan,0.1,221,162162,19260,0
global,aging+sfreq+idle,3,K,btree-scan-s1,heldout,btree,btree-scan,0.1,221,156646,18680,0
global,aging+sfreq+age,3,K,btree-scan-s1,heldout,btree,btree-scan,0.1,221,182809,18488,0
global,aging+sfreq+dirty,3,K,btree-scan-s1,heldout,btree,btree-scan,0.1,221,176343,18516,0
global,aging+sfreq+refaults,3,K+K+,btree-scan-s1,heldout,btree,btree-scan,0.1,221,153004,18538,0
global,aging+sfreq+rdist,3,K+K+,btree-scan-s1,heldout,btree,btree-scan,0.1,221,203043,18400,0
global,aging+idle+age,3,K,btree-scan-s1,heldout,btree,btree-scan,0.1,221,163940,18789,0
global,aging+idle+dirty,3,K,btree-scan-s1,heldout,btree,btree-scan,0.1,221,176584,19533,0
global,aging+idle+refaults,3,K+K+,btree-scan-s1,heldout,btree,btree-scan,0.1,221,165895,19381,0
global,aging+idle+rdist,3,K+K+,btree-scan-s1,heldout,btree,btree-scan,0.1,221,277374,19229,0
global,aging+age+dirty,3,K,btree-scan-s1,heldout,btree,btree-scan,0.1,221,230435,18447,0
global,aging+age+refaults,3,K+K+,btree-scan-s1,heldout,btree,btree-scan,0.1,221,173625,18450,0
global,aging+age+rdist,3,K+K+,btree-scan-s1,heldout,btree,btree-scan,0.1,221,252435,18391,0
global,aging+dirty+refaults,3,K+K+,btree-scan-s1,heldout,btree,btree-scan,0.1,221,159656,18759,0
global,aging+dirty+rdist,3,K+K+,btree-scan-s1,heldout,btree,btree-scan,0.1,221,241182,19509,0
global,aging+refaults+rdist,3,K+K+,btree-scan-s1,heldout,btree,btree-scan,0.1,221,163191,19295,0
global,sfreq+idle+age,3,K,btree-scan-s1,heldout,btree,btree-scan,0.1,221,175795,19425,0
global,sfreq+idle+dirty,3,K,btree-scan-s1,heldout,btree,btree-scan,0.1,221,173537,19401,0
global,sfreq+idle+refaults,3,K+K+,btree-scan-s1,heldout,btree,btree-scan,0.1,221,157595,18642,0
global,sfreq+idle+rdist,3,K+K+,btree-scan-s1,heldout,btree,btree-scan,0.1,221,154133,19048,0
global,sfreq+age+dirty,3,K,btree-scan-s1,heldout,btree,btree-scan,0.1,221,165729,18880,0
global,sfreq+age+refaults,3,K+K+,btree-scan-s1,heldout,btree,btree-scan,0.1,221,151677,18615,0
global,sfreq+age+rdist,3,K+K+,btree-scan-s1,heldout,btree,btree-scan,0.1,221,149638,18842,0
global,sfreq+dirty+refaults,3,K+K+,btree-scan-s1,heldout,btree,btree-scan,0.1,221,152263,18597,0
global,sfreq+dirty+rdist,3,K+K+,btree-scan-s1,heldout,btree,btree-scan,0.1,221,306147,18343,0
global,sfreq+refaults+rdist,3,K+K+,btree-scan-s1,heldout,btree,btree-scan,0.1,221,152611,18469,0
global,idle+age+dirty,3,K,btree-scan-s1,heldout,btree,btree-scan,0.1,221,173910,19507,0
global,idle+age+refaults,3,K+K+,btree-scan-s1,heldout,btree,btree-scan,0.1,221,162982,18786,0
global,idle+age+rdist,3,K+K+,btree-scan-s1,heldout,btree,btree-scan,0.1,221,154111,19044,0
global,idle+dirty+refaults,3,K+K+,btree-scan-s1,heldout,btree,btree-scan,0.1,221,171269,19388,0
global,idle+dirty+rdist,3,K+K+,btree-scan-s1,heldout,btree,btree-scan,0.1,221,155160,19126,0
global,idle+refaults+rdist,3,K+K+,btree-scan-s1,heldout,btree,btree-scan,0.1,221,159307,19171,0
global,age+dirty+refaults,3,K+K+,btree-scan-s1,heldout,btree,btree-scan,0.1,221,155458,18668,0
global,age+dirty+rdist,3,K+K+,btree-scan-s1,heldout,btree,btree-scan,0.1,221,208747,19655,0
global,age+refaults+rdist,3,K+K+,btree-scan-s1,heldout,btree,btree-scan,0.1,221,164689,18449,0
global,dirty+refaults+rdist,3,K+K+,btree-scan-s1,heldout,btree,btree-scan,0.1,221,162562,19316,0
global,ref+aging+sfreq+idle,4,K,btree-scan-s1,heldout,btree,btree-scan,0.1,221,180184,18487,0
global,ref+aging+sfreq+age,4,K,btree-scan-s1,heldout,btree,btree-scan,0.1,221,236236,18443,0
global,ref+aging+sfreq+dirty,4,K,btree-scan-s1,heldout,btree,btree-scan,0.1,221,175662,18522,0
global,ref+aging+sfreq+refaults,4,K+K+,btree-scan-s1,heldout,btree,btree-scan,0.1,221,153250,18503,0
global,ref+aging+sfreq+rdist,4,K+K+,btree-scan-s1,heldout,btree,btree-scan,0.1,221,205932,18395,0
global,ref+aging+idle+age,4,K,btree-scan-s1,heldout,btree,btree-scan,0.1,221,185067,18446,0
global,ref+aging+idle+dirty,4,K,btree-scan-s1,heldout,btree,btree-scan,0.1,221,176579,19536,0
global,ref+aging+idle+refaults,4,K+K+,btree-scan-s1,heldout,btree,btree-scan,0.1,221,165342,19380,0
global,ref+aging+idle+rdist,4,K+K+,btree-scan-s1,heldout,btree,btree-scan,0.1,221,276566,19157,0
global,ref+aging+age+dirty,4,K,btree-scan-s1,heldout,btree,btree-scan,0.1,221,231346,18448,0
global,ref+aging+age+refaults,4,K+K+,btree-scan-s1,heldout,btree,btree-scan,0.1,221,184769,18412,0
global,ref+aging+age+rdist,4,K+K+,btree-scan-s1,heldout,btree,btree-scan,0.1,221,271141,18416,0
global,ref+aging+dirty+refaults,4,K+K+,btree-scan-s1,heldout,btree,btree-scan,0.1,221,159574,18745,0
global,ref+aging+dirty+rdist,4,K+K+,btree-scan-s1,heldout,btree,btree-scan,0.1,221,238512,19513,0
global,ref+aging+refaults+rdist,4,K+K+,btree-scan-s1,heldout,btree,btree-scan,0.1,221,162265,19284,0
global,ref+sfreq+idle+age,4,K,btree-scan-s1,heldout,btree,btree-scan,0.1,221,175712,19438,0
global,ref+sfreq+idle+dirty,4,K,btree-scan-s1,heldout,btree,btree-scan,0.1,221,173240,19332,0
global,ref+sfreq+idle+refaults,4,K+K+,btree-scan-s1,heldout,btree,btree-scan,0.1,221,151904,18566,0
global,ref+sfreq+idle+rdist,4,K+K+,btree-scan-s1,heldout,btree,btree-scan,0.1,221,155272,19013,0
global,ref+sfreq+age+dirty,4,K,btree-scan-s1,heldout,btree,btree-scan,0.1,221,162735,18841,0
global,ref+sfreq+age+refaults,4,K+K+,btree-scan-s1,heldout,btree,btree-scan,0.1,221,150549,18591,0
global,ref+sfreq+age+rdist,4,K+K+,btree-scan-s1,heldout,btree,btree-scan,0.1,221,150377,18788,0
global,ref+sfreq+dirty+refaults,4,K+K+,btree-scan-s1,heldout,btree,btree-scan,0.1,221,153226,18586,0
global,ref+sfreq+dirty+rdist,4,K+K+,btree-scan-s1,heldout,btree,btree-scan,0.1,221,225499,18373,0
global,ref+sfreq+refaults+rdist,4,K+K+,btree-scan-s1,heldout,btree,btree-scan,0.1,221,152333,18473,0
global,ref+idle+age+dirty,4,K,btree-scan-s1,heldout,btree,btree-scan,0.1,221,173549,19460,0
global,ref+idle+age+refaults,4,K+K+,btree-scan-s1,heldout,btree,btree-scan,0.1,221,155707,18651,0
global,ref+idle+age+rdist,4,K+K+,btree-scan-s1,heldout,btree,btree-scan,0.1,221,154531,19015,0
global,ref+idle+dirty+refaults,4,K+K+,btree-scan-s1,heldout,btree,btree-scan,0.1,221,169230,19192,0
global,ref+idle+dirty+rdist,4,K+K+,btree-scan-s1,heldout,btree,btree-scan,0.1,221,154419,19091,0
global,ref+idle+refaults+rdist,4,K+K+,btree-scan-s1,heldout,btree,btree-scan,0.1,221,160719,19165,0
global,ref+age+dirty+refaults,4,K+K+,btree-scan-s1,heldout,btree,btree-scan,0.1,221,161626,18462,0
global,ref+age+dirty+rdist,4,K+K+,btree-scan-s1,heldout,btree,btree-scan,0.1,221,266515,19507,0
global,ref+age+refaults+rdist,4,K+K+,btree-scan-s1,heldout,btree,btree-scan,0.1,221,170329,18446,0
global,ref+dirty+refaults+rdist,4,K+K+,btree-scan-s1,heldout,btree,btree-scan,0.1,221,162170,19281,0
global,aging+sfreq+idle+age,4,K,btree-scan-s1,heldout,btree,btree-scan,0.1,221,175241,19536,0
global,aging+sfreq+idle+dirty,4,K,btree-scan-s1,heldout,btree,btree-scan,0.1,221,159386,18763,0
global,aging+sfreq+idle+refaults,4,K+K+,btree-scan-s1,heldout,btree,btree-scan,0.1,221,152977,18549,0
global,aging+sfreq+idle+rdist,4,K+K+,btree-scan-s1,heldout,btree,btree-scan,0.1,221,217848,18421,0
global,aging+sfreq+age+dirty,4,K,btree-scan-s1,heldout,btree,btree-scan,0.1,221,174578,18501,0
global,aging+sfreq+age+refaults,4,K+K+,btree-scan-s1,heldout,btree,btree-scan,0.1,221,156244,18510,0
global,aging+sfreq+age+rdist,4,K+K+,btree-scan-s1,heldout,btree,btree-scan,0.1,221,298256,18493,0
global,aging+sfreq+dirty+refaults,4,K+K+,btree-scan-s1,heldout,btree,btree-scan,0.1,221,152422,18549,0
global,aging+sfreq+dirty+rdist,4,K+K+,btree-scan-s1,heldout,btree,btree-scan,0.1,221,209302,18411,0
global,aging+sfreq+refaults+rdist,4,K+K+,btree-scan-s1,heldout,btree,btree-scan,0.1,221,152655,18497,0
global,aging+idle+age+dirty,4,K,btree-scan-s1,heldout,btree,btree-scan,0.1,221,169288,18889,0
global,aging+idle+age+refaults,4,K+K+,btree-scan-s1,heldout,btree,btree-scan,0.1,221,153429,18500,0
global,aging+idle+age+rdist,4,K+K+,btree-scan-s1,heldout,btree,btree-scan,0.1,221,242682,18388,0
global,aging+idle+dirty+refaults,4,K+K+,btree-scan-s1,heldout,btree,btree-scan,0.1,221,165560,18909,0
global,aging+idle+dirty+rdist,4,K+K+,btree-scan-s1,heldout,btree,btree-scan,0.1,221,269552,19230,0
global,aging+idle+refaults+rdist,4,K+K+,btree-scan-s1,heldout,btree,btree-scan,0.1,221,163902,19340,0
global,aging+age+dirty+refaults,4,K+K+,btree-scan-s1,heldout,btree,btree-scan,0.1,221,174552,18449,0
global,aging+age+dirty+rdist,4,K+K+,btree-scan-s1,heldout,btree,btree-scan,0.1,221,237109,18413,0
global,aging+age+refaults+rdist,4,K+K+,btree-scan-s1,heldout,btree,btree-scan,0.1,221,185026,18384,0
global,aging+dirty+refaults+rdist,4,K+K+,btree-scan-s1,heldout,btree,btree-scan,0.1,221,162587,19301,0
global,sfreq+idle+age+dirty,4,K,btree-scan-s1,heldout,btree,btree-scan,0.1,221,174324,19555,0
global,sfreq+idle+age+refaults,4,K+K+,btree-scan-s1,heldout,btree,btree-scan,0.1,221,161137,18720,0
global,sfreq+idle+age+rdist,4,K+K+,btree-scan-s1,heldout,btree,btree-scan,0.1,221,168933,19490,0
global,sfreq+idle+dirty+refaults,4,K+K+,btree-scan-s1,heldout,btree,btree-scan,0.1,221,158066,18699,0
global,sfreq+idle+dirty+rdist,4,K+K+,btree-scan-s1,heldout,btree,btree-scan,0.1,221,152393,19061,0
global,sfreq+idle+refaults+rdist,4,K+K+,btree-scan-s1,heldout,btree,btree-scan,0.1,221,151007,18658,0
global,sfreq+age+dirty+refaults,4,K+K+,btree-scan-s1,heldout,btree,btree-scan,0.1,221,151994,18629,0
global,sfreq+age+dirty+rdist,4,K+K+,btree-scan-s1,heldout,btree,btree-scan,0.1,221,148693,18784,0
global,sfreq+age+refaults+rdist,4,K+K+,btree-scan-s1,heldout,btree,btree-scan,0.1,221,150274,18561,0
global,sfreq+dirty+refaults+rdist,4,K+K+,btree-scan-s1,heldout,btree,btree-scan,0.1,221,152471,18527,0
global,idle+age+dirty+refaults,4,K+K+,btree-scan-s1,heldout,btree,btree-scan,0.1,221,162630,18864,0
global,idle+age+dirty+rdist,4,K+K+,btree-scan-s1,heldout,btree,btree-scan,0.1,221,152985,19072,0
global,idle+age+refaults+rdist,4,K+K+,btree-scan-s1,heldout,btree,btree-scan,0.1,221,153861,18830,0
global,idle+dirty+refaults+rdist,4,K+K+,btree-scan-s1,heldout,btree,btree-scan,0.1,221,159567,19230,0
global,age+dirty+refaults+rdist,4,K+K+,btree-scan-s1,heldout,btree,btree-scan,0.1,221,163507,18501,0
global,ref+aging+sfreq+idle+age,5,K,btree-scan-s1,heldout,btree,btree-scan,0.1,221,184523,18587,0
global,ref+aging+sfreq+idle+dirty,5,K,btree-scan-s1,heldout,btree,btree-scan,0.1,221,169244,18546,0
global,ref+aging+sfreq+idle+refaults,5,K+K+,btree-scan-s1,heldout,btree,btree-scan,0.1,221,153968,18534,0
global,ref+aging+sfreq+idle+rdist,5,K+K+,btree-scan-s1,heldout,btree,btree-scan,0.1,221,222015,18589,0
global,ref+aging+sfreq+age+dirty,5,K,btree-scan-s1,heldout,btree,btree-scan,0.1,221,225110,18448,0
global,ref+aging+sfreq+age+refaults,5,K+K+,btree-scan-s1,heldout,btree,btree-scan,0.1,221,164559,18516,0
global,ref+aging+sfreq+age+rdist,5,K+K+,btree-scan-s1,heldout,btree,btree-scan,0.1,221,324815,18456,0
global,ref+aging+sfreq+dirty+refaults,5,K+K+,btree-scan-s1,heldout,btree,btree-scan,0.1,221,152226,18550,0
global,ref+aging+sfreq+dirty+rdist,5,K+K+,btree-scan-s1,heldout,btree,btree-scan,0.1,221,193747,18407,0
global,ref+aging+sfreq+refaults+rdist,5,K+K+,btree-scan-s1,heldout,btree,btree-scan,0.1,221,153035,18505,0
global,ref+aging+idle+age+dirty,5,K,btree-scan-s1,heldout,btree,btree-scan,0.1,221,166376,18500,0
global,ref+aging+idle+age+refaults,5,K+K+,btree-scan-s1,heldout,btree,btree-scan,0.1,221,157887,18556,0
global,ref+aging+idle+age+rdist,5,K+K+,btree-scan-s1,heldout,btree,btree-scan,0.1,221,272034,18409,0
global,ref+aging+idle+dirty+refaults,5,K+K+,btree-scan-s1,heldout,btree,btree-scan,0.1,221,164945,18843,0
global,ref+aging+idle+dirty+rdist,5,K+K+,btree-scan-s1,heldout,btree,btree-scan,0.1,221,261428,19109,0
global,ref+aging+idle+refaults+rdist,5,K+K+,btree-scan-s1,heldout,btree,btree-scan,0.1,221,163289,19269,0
global,ref+aging+age+dirty+refaults,5,K+K+,btree-scan-s1,heldout,btree,btree-scan,0.1,221,184359,18417,0
global,ref+aging+age+dirty+rdist,5,K+K+,btree-scan-s1,heldout,btree,btree-scan,0.1,221,237692,18429,0
global,ref+aging+age+refaults+rdist,5,K+K+,btree-scan-s1,heldout,btree,btree-scan,0.1,221,190487,18401,0
global,ref+aging+dirty+refaults+rdist,5,K+K+,btree-scan-s1,heldout,btree,btree-scan,0.1,221,162437,19274,0
global,ref+sfreq+idle+age+dirty,5,K,btree-scan-s1,heldout,btree,btree-scan,0.1,221,174136,19554,0
global,ref+sfreq+idle+age+refaults,5,K+K+,btree-scan-s1,heldout,btree,btree-scan,0.1,221,154510,18608,0
global,ref+sfreq+idle+age+rdist,5,K+K+,btree-scan-s1,heldout,btree,btree-scan,0.1,221,184615,19460,0
global,ref+sfreq+idle+dirty+refaults,5,K+K+,btree-scan-s1,heldout,btree,btree-scan,0.1,221,152018,18580,0
global,ref+sfreq+idle+dirty+rdist,5,K+K+,btree-scan-s1,heldout,btree,btree-scan,0.1,221,150823,19017,0
global,ref+sfreq+idle+refaults+rdist,5,K+K+,btree-scan-s1,heldout,btree,btree-scan,0.1,221,151630,18536,0
global,ref+sfreq+age+dirty+refaults,5,K+K+,btree-scan-s1,heldout,btree,btree-scan,0.1,221,150610,18615,0
global,ref+sfreq+age+dirty+rdist,5,K+K+,btree-scan-s1,heldout,btree,btree-scan,0.1,221,151993,18685,0
global,ref+sfreq+age+refaults+rdist,5,K+K+,btree-scan-s1,heldout,btree,btree-scan,0.1,221,153375,18496,0
global,ref+sfreq+dirty+refaults+rdist,5,K+K+,btree-scan-s1,heldout,btree,btree-scan,0.1,221,152174,18524,0
global,ref+idle+age+dirty+refaults,5,K+K+,btree-scan-s1,heldout,btree,btree-scan,0.1,221,155986,18699,0
global,ref+idle+age+dirty+rdist,5,K+K+,btree-scan-s1,heldout,btree,btree-scan,0.1,221,151068,18987,0
global,ref+idle+age+refaults+rdist,5,K+K+,btree-scan-s1,heldout,btree,btree-scan,0.1,221,154017,18633,0
global,ref+idle+dirty+refaults+rdist,5,K+K+,btree-scan-s1,heldout,btree,btree-scan,0.1,221,160313,19185,0
global,ref+age+dirty+refaults+rdist,5,K+K+,btree-scan-s1,heldout,btree,btree-scan,0.1,221,170190,18472,0
global,aging+sfreq+idle+age+dirty,5,K,btree-scan-s1,heldout,btree,btree-scan,0.1,221,172030,19578,0
global,aging+sfreq+idle+age+refaults,5,K+K+,btree-scan-s1,heldout,btree,btree-scan,0.1,221,153302,18521,0
global,aging+sfreq+idle+age+rdist,5,K+K+,btree-scan-s1,heldout,btree,btree-scan,0.1,221,276267,18594,0
global,aging+sfreq+idle+dirty+refaults,5,K+K+,btree-scan-s1,heldout,btree,btree-scan,0.1,221,152189,18561,0
global,aging+sfreq+idle+dirty+rdist,5,K+K+,btree-scan-s1,heldout,btree,btree-scan,0.1,221,200290,18429,0
global,aging+sfreq+idle+refaults+rdist,5,K+K+,btree-scan-s1,heldout,btree,btree-scan,0.1,221,154340,18540,0
global,aging+sfreq+age+dirty+refaults,5,K+K+,btree-scan-s1,heldout,btree,btree-scan,0.1,221,155664,18541,0
global,aging+sfreq+age+dirty+rdist,5,K+K+,btree-scan-s1,heldout,btree,btree-scan,0.1,221,288625,18468,0
global,aging+sfreq+age+refaults+rdist,5,K+K+,btree-scan-s1,heldout,btree,btree-scan,0.1,221,177824,18415,0
global,aging+sfreq+dirty+refaults+rdist,5,K+K+,btree-scan-s1,heldout,btree,btree-scan,0.1,221,152701,18538,0
global,aging+idle+age+dirty+refaults,5,K+K+,btree-scan-s1,heldout,btree,btree-scan,0.1,221,152719,18562,0
global,aging+idle+age+dirty+rdist,5,K+K+,btree-scan-s1,heldout,btree,btree-scan,0.1,221,231773,18401,0
global,aging+idle+age+refaults+rdist,5,K+K+,btree-scan-s1,heldout,btree,btree-scan,0.1,221,158166,18515,0
global,aging+idle+dirty+refaults+rdist,5,K+K+,btree-scan-s1,heldout,btree,btree-scan,0.1,221,163611,19336,0
global,aging+age+dirty+refaults+rdist,5,K+K+,btree-scan-s1,heldout,btree,btree-scan,0.1,221,184337,18378,0
global,sfreq+idle+age+dirty+refaults,5,K+K+,btree-scan-s1,heldout,btree,btree-scan,0.1,221,161008,18766,0
global,sfreq+idle+age+dirty+rdist,5,K+K+,btree-scan-s1,heldout,btree,btree-scan,0.1,221,164568,19640,0
global,sfreq+idle+age+refaults+rdist,5,K+K+,btree-scan-s1,heldout,btree,btree-scan,0.1,221,154301,18869,0
global,sfreq+idle+dirty+refaults+rdist,5,K+K+,btree-scan-s1,heldout,btree,btree-scan,0.1,221,153738,18781,0
global,sfreq+age+dirty+refaults+rdist,5,K+K+,btree-scan-s1,heldout,btree,btree-scan,0.1,221,150891,18615,0
global,idle+age+dirty+refaults+rdist,5,K+K+,btree-scan-s1,heldout,btree,btree-scan,0.1,221,154029,18915,0
global,ref+aging+sfreq+idle+age+dirty,6,K,btree-scan-s1,heldout,btree,btree-scan,0.1,221,164665,18923,0
global,ref+aging+sfreq+idle+age+refaults,6,K+K+,btree-scan-s1,heldout,btree,btree-scan,0.1,221,156991,18506,0
global,ref+aging+sfreq+idle+age+rdist,6,K+K+,btree-scan-s1,heldout,btree,btree-scan,0.1,221,285026,18467,0
global,ref+aging+sfreq+idle+dirty+refaults,6,K+K+,btree-scan-s1,heldout,btree,btree-scan,0.1,221,152988,18564,0
global,ref+aging+sfreq+idle+dirty+rdist,6,K+K+,btree-scan-s1,heldout,btree,btree-scan,0.1,221,197208,18519,0
global,ref+aging+sfreq+idle+refaults+rdist,6,K+K+,btree-scan-s1,heldout,btree,btree-scan,0.1,221,153950,18501,0
global,ref+aging+sfreq+age+dirty+refaults,6,K+K+,btree-scan-s1,heldout,btree,btree-scan,0.1,221,163289,18503,0
global,ref+aging+sfreq+age+dirty+rdist,6,K+K+,btree-scan-s1,heldout,btree,btree-scan,0.1,221,320293,18474,0
global,ref+aging+sfreq+age+refaults+rdist,6,K+K+,btree-scan-s1,heldout,btree,btree-scan,0.1,221,194366,18437,0
global,ref+aging+sfreq+dirty+refaults+rdist,6,K+K+,btree-scan-s1,heldout,btree,btree-scan,0.1,221,151946,18547,0
global,ref+aging+idle+age+dirty+refaults,6,K+K+,btree-scan-s1,heldout,btree,btree-scan,0.1,221,156887,18586,0
global,ref+aging+idle+age+dirty+rdist,6,K+K+,btree-scan-s1,heldout,btree,btree-scan,0.1,221,264494,18421,0
global,ref+aging+idle+age+refaults+rdist,6,K+K+,btree-scan-s1,heldout,btree,btree-scan,0.1,221,168492,18471,0
global,ref+aging+idle+dirty+refaults+rdist,6,K+K+,btree-scan-s1,heldout,btree,btree-scan,0.1,221,164049,19280,0
global,ref+aging+age+dirty+refaults+rdist,6,K+K+,btree-scan-s1,heldout,btree,btree-scan,0.1,221,187119,18391,0
global,ref+sfreq+idle+age+dirty+refaults,6,K+K+,btree-scan-s1,heldout,btree,btree-scan,0.1,221,154978,18666,0
global,ref+sfreq+idle+age+dirty+rdist,6,K+K+,btree-scan-s1,heldout,btree,btree-scan,0.1,221,175106,19698,0
global,ref+sfreq+idle+age+refaults+rdist,6,K+K+,btree-scan-s1,heldout,btree,btree-scan,0.1,221,155181,18711,0
global,ref+sfreq+idle+dirty+refaults+rdist,6,K+K+,btree-scan-s1,heldout,btree,btree-scan,0.1,221,151718,18587,0
global,ref+sfreq+age+dirty+refaults+rdist,6,K+K+,btree-scan-s1,heldout,btree,btree-scan,0.1,221,153144,18551,0
global,ref+idle+age+dirty+refaults+rdist,6,K+K+,btree-scan-s1,heldout,btree,btree-scan,0.1,221,156164,18713,0
global,aging+sfreq+idle+age+dirty+refaults,6,K+K+,btree-scan-s1,heldout,btree,btree-scan,0.1,221,152203,18529,0
global,aging+sfreq+idle+age+dirty+rdist,6,K+K+,btree-scan-s1,heldout,btree,btree-scan,0.1,221,268327,18611,0
global,aging+sfreq+idle+age+refaults+rdist,6,K+K+,btree-scan-s1,heldout,btree,btree-scan,0.1,221,156943,18466,0
global,aging+sfreq+idle+dirty+refaults+rdist,6,K+K+,btree-scan-s1,heldout,btree,btree-scan,0.1,221,153510,18580,0
global,aging+sfreq+age+dirty+refaults+rdist,6,K+K+,btree-scan-s1,heldout,btree,btree-scan,0.1,221,176094,18427,0
global,aging+idle+age+dirty+refaults+rdist,6,K+K+,btree-scan-s1,heldout,btree,btree-scan,0.1,221,155660,18537,0
global,sfreq+idle+age+dirty+refaults+rdist,6,K+K+,btree-scan-s1,heldout,btree,btree-scan,0.1,221,154073,18940,0
global,ref+aging+sfreq+idle+age+dirty+refaults,7,K+K+,btree-scan-s1,heldout,btree,btree-scan,0.1,221,155527,18545,0
global,ref+aging+sfreq+idle+age+dirty+rdist,7,K+K+,btree-scan-s1,heldout,btree,btree-scan,0.1,221,278251,18518,0
global,ref+aging+sfreq+idle+age+refaults+rdist,7,K+K+,btree-scan-s1,heldout,btree,btree-scan,0.1,221,166272,18454,0
global,ref+aging+sfreq+idle+dirty+refaults+rdist,7,K+K+,btree-scan-s1,heldout,btree,btree-scan,0.1,221,153513,18591,0
global,ref+aging+sfreq+age+dirty+refaults+rdist,7,K+K+,btree-scan-s1,heldout,btree,btree-scan,0.1,221,192211,18441,0
global,ref+aging+idle+age+dirty+refaults+rdist,7,K+K+,btree-scan-s1,heldout,btree,btree-scan,0.1,221,163645,18491,0
global,ref+sfreq+idle+age+dirty+refaults+rdist,7,K+K+,btree-scan-s1,heldout,btree,btree-scan,0.1,221,155954,18774,0
global,aging+sfreq+idle+age+dirty+refaults+rdist,7,K+K+,btree-scan-s1,heldout,btree,btree-scan,0.1,221,155862,18507,0
global,ref+aging+sfreq+idle+age+dirty+refaults+rdist,8,K+K+,btree-scan-s1,heldout,btree,btree-scan,0.1,221,163318,18485,0
global,rec+ref+aging+sfreq+idle+age+dirty,7,F+K,btree-scan-s1,heldout,btree,btree-scan,0.1,221,169940,18915,0
global,rec+ref+aging+sfreq+idle+age+dirty+refaults+rdist,9,F+K+K+,btree-scan-s1,heldout,btree,btree-scan,0.1,221,149909,18759,0
global,freq+ref+aging+sfreq+idle+age+dirty,7,F+K,btree-scan-s1,heldout,btree,btree-scan,0.1,221,166002,18612,0
global,freq+ref+aging+sfreq+idle+age+dirty+refaults+rdist,9,F+K+K+,btree-scan-s1,heldout,btree,btree-scan,0.1,221,163843,18871,0
global,sd+ref+aging+sfreq+idle+age+dirty,7,F+K,btree-scan-s1,heldout,btree,btree-scan,0.1,221,213288,18559,0
global,sd+ref+aging+sfreq+idle+age+dirty+refaults+rdist,9,F+K+K+,btree-scan-s1,heldout,btree,btree-scan,0.1,221,187610,18449,0
global,wr+ref+aging+sfreq+idle+age+dirty,7,F+K,btree-scan-s1,heldout,btree,btree-scan,0.1,221,168931,19002,0
global,wr+ref+aging+sfreq+idle+age+dirty+refaults+rdist,9,F+K+K+,btree-scan-s1,heldout,btree,btree-scan,0.1,221,161642,18477,0
global,rec+freq+ref+aging+sfreq+idle+age+dirty,8,F+K,btree-scan-s1,heldout,btree,btree-scan,0.1,221,155972,18662,0
global,rec+freq+ref+aging+sfreq+idle+age+dirty+refaults+rdist,10,F+K+K+,btree-scan-s1,heldout,btree,btree-scan,0.1,221,150364,18797,0
global,rec+sd+ref+aging+sfreq+idle+age+dirty,8,F+K,btree-scan-s1,heldout,btree,btree-scan,0.1,221,167783,18864,0
global,rec+sd+ref+aging+sfreq+idle+age+dirty+refaults+rdist,10,F+K+K+,btree-scan-s1,heldout,btree,btree-scan,0.1,221,150922,18716,0
global,rec+wr+ref+aging+sfreq+idle+age+dirty,8,F+K,btree-scan-s1,heldout,btree,btree-scan,0.1,221,169838,18909,0
global,rec+wr+ref+aging+sfreq+idle+age+dirty+refaults+rdist,10,F+K+K+,btree-scan-s1,heldout,btree,btree-scan,0.1,221,148819,18768,0
global,freq+sd+ref+aging+sfreq+idle+age+dirty,8,F+K,btree-scan-s1,heldout,btree,btree-scan,0.1,221,211530,18471,0
global,freq+sd+ref+aging+sfreq+idle+age+dirty+refaults+rdist,10,F+K+K+,btree-scan-s1,heldout,btree,btree-scan,0.1,221,156975,18650,0
global,freq+wr+ref+aging+sfreq+idle+age+dirty,8,F+K,btree-scan-s1,heldout,btree,btree-scan,0.1,221,168008,18577,0
global,freq+wr+ref+aging+sfreq+idle+age+dirty+refaults+rdist,10,F+K+K+,btree-scan-s1,heldout,btree,btree-scan,0.1,221,164612,18828,0
global,sd+wr+ref+aging+sfreq+idle+age+dirty,8,F+K,btree-scan-s1,heldout,btree,btree-scan,0.1,221,239973,18596,0
global,sd+wr+ref+aging+sfreq+idle+age+dirty+refaults+rdist,10,F+K+K+,btree-scan-s1,heldout,btree,btree-scan,0.1,221,187700,18449,0
global,rec+freq+sd+ref+aging+sfreq+idle+age+dirty,9,F+K,btree-scan-s1,heldout,btree,btree-scan,0.1,221,155384,18668,0
global,rec+freq+sd+ref+aging+sfreq+idle+age+dirty+refaults+rdist,11,F+K+K+,btree-scan-s1,heldout,btree,btree-scan,0.1,221,151433,18762,0
global,rec+freq+wr+ref+aging+sfreq+idle+age+dirty,9,F+K,btree-scan-s1,heldout,btree,btree-scan,0.1,221,156491,18656,0
global,rec+freq+wr+ref+aging+sfreq+idle+age+dirty+refaults+rdist,11,F+K+K+,btree-scan-s1,heldout,btree,btree-scan,0.1,221,149722,18785,0
global,rec+sd+wr+ref+aging+sfreq+idle+age+dirty,9,F+K,btree-scan-s1,heldout,btree,btree-scan,0.1,221,169043,18895,0
global,rec+sd+wr+ref+aging+sfreq+idle+age+dirty+refaults+rdist,11,F+K+K+,btree-scan-s1,heldout,btree,btree-scan,0.1,221,150754,18724,0
global,freq+sd+wr+ref+aging+sfreq+idle+age+dirty,9,F+K,btree-scan-s1,heldout,btree,btree-scan,0.1,221,213965,18511,0
global,freq+sd+wr+ref+aging+sfreq+idle+age+dirty+refaults+rdist,11,F+K+K+,btree-scan-s1,heldout,btree,btree-scan,0.1,221,156011,18614,0
global,rec+freq+sd+wr+ref+aging+sfreq+idle+age+dirty,10,F+K,btree-scan-s1,heldout,btree,btree-scan,0.1,221,156061,18674,0
global,rec+freq+sd+wr+ref+aging+sfreq+idle+age+dirty+refaults+rdist,12,F+K+K+,btree-scan-s1,heldout,btree,btree-scan,0.1,221,151663,18742,0
