scope,features,group,n_features,workload,split,geo_ratio_vs_clock,mean_gap_closed,cells,censored
btree,age,K,1,btree,heldout,1.7476,-2.0069,1,0
btree,age+dirty,K,2,btree,heldout,1.7476,-2.0069,1,0
btree,age+dirty+rdist,K+K+,3,btree,heldout,1.7476,-2.0069,1,0
btree,age+dirty+refaults,K+K+,3,btree,heldout,1.7476,-2.0069,1,0
btree,age+dirty+refaults+rdist,K+K+,4,btree,heldout,1.7476,-2.0069,1,0
btree,age+rdist,K+K+,2,btree,heldout,1.7476,-2.0069,1,0
btree,age+refaults,K+K+,2,btree,heldout,1.7476,-2.0069,1,0
btree,age+refaults+rdist,K+K+,3,btree,heldout,1.3716,-0.9975,1,0
btree,aging,K,1,btree,heldout,1.0681,-0.1828,1,0
btree,aging+age,K,2,btree,heldout,1.4419,-1.1863,1,0
btree,aging+age+dirty,K,3,btree,heldout,1.4137,-1.1105,1,0
btree,aging+age+dirty+rdist,K+K+,4,btree,heldout,1.2783,-0.7470,1,0
btree,aging+age+dirty+refaults,K+K+,4,btree,heldout,1.3860,-1.0362,1,0
btree,aging+age+dirty+refaults+rdist,K+K+,5,btree,heldout,1.0396,-0.1062,1,0
btree,aging+age+rdist,K+K+,3,btree,heldout,1.4607,-1.2367,1,0
btree,aging+age+refaults,K+K+,3,btree,heldout,1.2279,-0.6119,1,0
btree,aging+age+refaults+rdist,K+K+,4,btree,heldout,1.0246,-0.0660,1,0
btree,aging+dirty,K,2,btree,heldout,1.0361,-0.0969,1,0
btree,aging+dirty+rdist,K+K+,3,btree,heldout,0.9940,0.0161,1,0
btree,aging+dirty+refaults,K+K+,3,btree,heldout,1.5047,-1.3549,1,0
btree,aging+dirty+refaults+rdist,K+K+,4,btree,heldout,0.9292,0.1902,1,0
btree,aging+idle,K,2,btree,heldout,0.9948,0.0140,1,0
btree,aging+idle+age,K,3,btree,heldout,0.8861,0.3058,1,0
btree,aging+idle+age+dirty,K,4,btree,heldout,0.8993,0.2704,1,0
btree,aging+idle+age+dirty+rdist,K+K+,5,btree,heldout,0.8460,0.4134,1,0
btree,aging+idle+age+dirty+refaults,K+K+,5,btree,heldout,0.8467,0.4114,1,0
btree,aging+idle+age+dirty+refaults+rdist,K+K+,6,btree,heldout,0.8573,0.3831,1,0
btree,aging+idle+age+rdist,K+K+,4,btree,heldout,0.8423,0.4232,1,0
btree,aging+idle+age+refaults,K+K+,4,btree,heldout,0.8417,0.4248,1,0
btree,aging+idle+age+refaults+rdist,K+K+,5,btree,heldout,0.8470,0.4106,1,0
btree,aging+idle+dirty,K,3,btree,heldout,0.9867,0.0358,1,0
btree,aging+idle+dirty+rdist,K+K+,4,btree,heldout,0.8794,0.3239,1,0
btree,aging+idle+dirty+refaults,K+K+,4,btree,heldout,0.9895,0.0283,1,0
btree,aging+idle+dirty+refaults+rdist,K+K+,5,btree,heldout,0.8878,0.3012,1,0
btree,aging+idle+rdist,K+K+,3,btree,heldout,0.8746,0.3367,1,0
btree,aging+idle+refaults,K+K+,3,btree,heldout,0.9937,0.0168,1,0
btree,aging+idle+refaults+rdist,K+K+,4,btree,heldout,0.8857,0.3069,1,0
btree,aging+rdist,K+K+,2,btree,heldout,1.3708,-0.9952,1,0
btree,aging+refaults,K+K+,2,btree,heldout,0.8963,0.2785,1,0
btree,aging+refaults+rdist,K+K+,3,btree,heldout,0.9122,0.2357,1,0
btree,aging+sfreq,K,2,btree,heldout,1.4000,-1.0737,1,0
btree,aging+sfreq+age,K,3,btree,heldout,0.9203,0.2139,1,0
btree,aging+sfreq+age+dirty,K,4,btree,heldout,0.8652,0.3618,1,0
btree,aging+sfreq+age+dirty+rdist,K+K+,5,btree,heldout,0.9413,0.1576,1,0
btree,aging+sfreq+age+dirty+refaults,K+K+,5,btree,heldout,0.8485,0.4066,1,0
btree,aging+sfreq+age+dirty+refaults+rdist,K+K+,6,btree,heldout,0.8625,0.3692,1,0
btree,aging+sfreq+age+rdist,K+K+,4,btree,heldout,0.9458,0.1456,1,0
btree,aging+sfreq+age+refaults,K+K+,4,btree,heldout,0.8637,0.3660,1,0
btree,aging+sfreq+age+refaults+rdist,K+K+,5,btree,heldout,0.8610,0.3732,1,0
btree,aging+sfreq+dirty,K,3,btree,heldout,1.4565,-1.2255,1,0
btree,aging+sfreq+dirty+rdist,K+K+,4,btree,heldout,1.0217,-0.0582,1,0
btree,aging+sfreq+dirty+refaults,K+K+,4,btree,heldout,0.9396,0.1621,1,0
btree,aging+sfreq+dirty+refaults+rdist,K+K+,5,btree,heldout,0.8985,0.2725,1,0
btree,aging+sfreq+idle,K,3,btree,heldout,0.8748,0.3362,1,0
btree,aging+sfreq+idle+age,K,4,btree,heldout,0.8707,0.3471,1,0
btree,aging+sfreq+idle+age+dirty,K,5,btree,heldout,0.8486,0.4064,1,0
btree,aging+sfreq+idle+age+dirty+rdist,K+K+,6,btree,heldout,0.8702,0.3483,1,0
btree,aging+sfreq+idle+age+dirty+refaults,K+K+,6,btree,heldout,0.8347,0.4439,1,0
btree,aging+sfreq+idle+age+dirty+refaults+rdist,K+K+,7,btree,heldout,0.8458,0.4140,1,0
btree,aging+sfreq+idle+age+rdist,K+K+,5,btree,heldout,0.8656,0.3607,1,0
btree,aging+sfreq+idle+age+refaults,K+K+,5,btree,heldout,0.8445,0.4174,1,0
btree,aging+sfreq+idle+age+refaults+rdist,K+K+,6,btree,heldout,0.8460,0.4133,1,0
btree,aging+sfreq+idle+dirty,K,4,btree,heldout,0.8482,0.4075,1,0
btree,aging+sfreq+idle+dirty+rdist,K+K+,5,btree,heldout,0.8753,0.3347,1,0
btree,aging+sfreq+idle+dirty+refaults,K+K+,5,btree,heldout,0.8367,0.4384,1,0
btree,aging+sfreq+idle+dirty+refaults+rdist,K+K+,6,btree,heldout,0.8465,0.4119,1,0
btree,aging+sfreq+idle+rdist,K+K+,4,btree,heldout,0.8667,0.3578,1,0
btree,aging+sfreq+idle+refaults,K+K+,4,btree,heldout,0.8458,0.4138,1,0
btree,aging+sfreq+idle+refaults+rdist,K+K+,5,btree,heldout,0.8460,0.4135,1,0
btree,aging+sfreq+rdist,K+K+,3,btree,heldout,1.3783,-1.0154,1,0
btree,aging+sfreq+refaults,K+K+,3,btree,heldout,0.9453,0.1469,1,0
btree,aging+sfreq+refaults+rdist,K+K+,4,btree,heldout,0.8913,0.2919,1,0
btree,dirty,K,1,btree,heldout,1.0409,-0.1098,1,0
btree,dirty+rdist,K+K+,2,btree,heldout,1.0106,-0.0283,1,0
btree,dirty+refaults,K+K+,2,btree,heldout,1.7708,-2.0690,1,0
btree,dirty+refaults+rdist,K+K+,3,btree,heldout,0.9270,0.1959,1,0
btree,freq,F,1,btree,heldout,0.8610,0.3731,1,0
btree,freq+ref+aging+sfreq+idle+age+dirty,F+K,7,btree,heldout,0.8524,0.3962,1,0
btree,freq+ref+aging+sfreq+idle+age+dirty+refaults+rdist,F+K,9,btree,heldout,0.8877,0.3015,1,0
btree,freq+sd,F,2,btree,heldout,0.8691,0.3515,1,0
btree,freq+sd+ref+aging+sfreq+idle+age+dirty,F+K,8,btree,heldout,0.8520,0.3972,1,0
btree,freq+sd+ref+aging+sfreq+idle+age+dirty+refaults+rdist,F+K,10,btree,heldout,0.9764,0.0633,1,0
btree,freq+sd+wr,F,3,btree,heldout,0.8511,0.3998,1,0
btree,freq+sd+wr+ref+aging+sfreq+idle+age+dirty,F+K,9,btree,heldout,0.8294,0.4579,1,0
btree,freq+sd+wr+ref+aging+sfreq+idle+age+dirty+refaults+rdist,F+K,11,btree,heldout,0.8759,0.3332,1,0
btree,freq+wr,F,2,btree,heldout,0.8288,0.4595,1,0
btree,freq+wr+ref+aging+sfreq+idle+age+dirty,F+K,8,btree,heldout,0.8296,0.4575,1,0
btree,freq+wr+ref+aging+sfreq+idle+age+dirty+refaults+rdist,F+K,10,btree,heldout,0.8466,0.4118,1,0
btree,idle,K,1,btree,heldout,0.9948,0.0140,1,0
btree,idle+age,K,2,btree,heldout,0.8760,0.3330,1,0
btree,idle+age+dirty,K,3,btree,heldout,0.8854,0.3076,1,0
btree,idle+age+dirty+rdist,K+K+,4,btree,heldout,0.8541,0.3917,1,0
btree,idle+age+dirty+refaults,K+K+,4,btree,heldout,0.8564,0.3855,1,0
btree,idle+age+dirty+refaults+rdist,K+K+,5,btree,heldout,0.8617,0.3711,1,0
btree,idle+age+rdist,K+K+,3,btree,heldout,0.8464,0.4123,1,0
btree,idle+age+refaults,K+K+,3,btree,heldout,0.8482,0.4076,1,0
btree,idle+age+refaults+rdist,K+K+,4,btree,heldout,0.8469,0.4109,1,0
btree,idle+dirty,K,2,btree,heldout,0.9864,0.0366,1,0
btree,idle+dirty+rdist,K+K+,3,btree,heldout,0.8762,0.3324,1,0
btree,idle+dirty+refaults,K+K+,3,btree,heldout,0.9892,0.0291,1,0
btree,idle+dirty+refaults+rdist,K+K+,4,btree,heldout,0.8887,0.2988,1,0
btree,idle+rdist,K+K+,2,btree,heldout,0.8734,0.3398,1,0
btree,idle+refaults,K+K+,2,btree,heldout,0.9933,0.0179,1,0
btree,idle+refaults+rdist,K+K+,3,btree,heldout,0.8856,0.3072,1,0
btree,rdist,K+K+,1,btree,heldout,1.6477,-1.7386,1,0
btree,rec,F,1,btree,heldout,0.9945,0.0146,1,0
btree,rec+freq,F,2,btree,heldout,0.8668,0.3575,1,0
btree,rec+freq+ref+aging+sfreq+idle+age+dirty,F+K,8,btree,heldout,0.8533,0.3939,1,0
btree,rec+freq+ref+aging+sfreq+idle+age+dirty+refaults+rdist,F+K,10,btree,heldout,0.9000,0.2685,1,0
btree,rec+freq+sd,F,3,btree,heldout,0.8743,0.3374,1,0
btree,rec+freq+sd+ref+aging+sfreq+idle+age+dirty,F+K,9,btree,heldout,0.9118,0.2369,1,0
btree,rec+freq+sd+ref+aging+sfreq+idle+age+dirty+refaults+rdist,F+K,11,btree,heldout,1.0065,-0.0174,1,0
btree,rec+freq+sd+wr,F,4,btree,heldout,0.8532,0.3940,1,0
btree,rec+freq+sd+wr+ref+aging+sfreq+idle+age+dirty,F+K,10,btree,heldout,0.8366,0.4387,1,0
btree,rec+freq+sd+wr+ref+aging+sfreq+idle+age+dirty+refaults+rdist,F+K,12,btree,heldout,0.8986,0.2722,1,0
btree,rec+freq+wr,F,3,btree,heldout,0.8487,0.4062,1,0
btree,rec+freq+wr+ref+aging+sfreq+idle+age+dirty,F+K,9,btree,heldout,0.8302,0.4558,1,0
btree,rec+freq+wr+ref+aging+sfreq+idle+age+dirty+refaults+rdist,F+K,11,btree,heldout,0.8512,0.3993,1,0
btree,rec+ref+aging+sfreq+idle+age+dirty,F+K,7,btree,heldout,0.8498,0.4031,1,0
btree,rec+ref+aging+sfreq+idle+age+dirty+refaults+rdist,F+K,9,btree,heldout,0.8437,0.4195,1,0
btree,rec+sd,F,2,btree,heldout,0.9960,0.0108,1,0
btree,rec+sd+ref+aging+sfreq+idle+age+dirty,F+K,8,btree,heldout,0.9467,0.1431,1,0
btree,rec+sd+ref+aging+sfreq+idle+age+dirty+refaults+rdist,F+K,10,btree,heldout,0.8811,0.3192,1,0
btree,rec+sd+wr,F,3,btree,heldout,0.9276,0.1944,1,0
btree,rec+sd+wr+ref+aging+sfreq+idle+age+dirty,F+K,9,btree,heldout,0.8315,0.4522,1,0
btree,rec+sd+wr+ref+aging+sfreq+idle+age+dirty+refaults+rdist,F+K,11,btree,heldout,0.8392,0.4316,1,0
btree,rec+wr,F,2,btree,heldout,0.9245,0.2027,1,0
btree,rec+wr+ref+aging+sfreq+idle+age+dirty,F+K,8,btree,heldout,0.8288,0.4595,1,0
btree,rec+wr+ref+aging+sfreq+idle+age+dirty+refaults+rdist,F+K,10,btree,heldout,0.8300,0.4564,1,0
btree,ref,K,1,btree,heldout,1.0736,-0.1975,1,0
btree,ref+age,K,2,btree,heldout,1.7174,-1.9257,1,0
btree,ref+age+dirty,K,3,btree,heldout,1.6859,-1.8413,1,0
btree,ref+age+dirty+rdist,K+K+,4,btree,heldout,1.4409,-1.1836,1,0
btree,ref+age+dirty+refaults,K+K+,4,btree,heldout,1.6819,-1.8305,1,0
btree,ref+age+dirty+refaults+rdist,K+K+,5,btree,heldout,1.0466,-0.1251,1,0
btree,ref+age+rdist,K+K+,3,btree,heldout,1.7027,-1.8862,1,0
btree,ref+age+refaults,K+K+,3,btree,heldout,1.6824,-1.8318,1,0
btree,ref+age+refaults+rdist,K+K+,4,btree,heldout,1.0325,-0.0873,1,0
btree,ref+aging,K,2,btree,heldout,1.0681,-0.1828,1,0
btree,ref+aging+age,K,3,btree,heldout,1.6669,-1.7902,1,0
btree,ref+aging+age+dirty,K,4,btree,heldout,1.4106,-1.1022,1,0
btree,ref+aging+age+dirty+rdist,K+K+,5,btree,heldout,1.2686,-0.7211,1,0
btree,ref+aging+age+dirty+refaults,K+K+,5,btree,heldout,1.4089,-1.0976,1,0
btree,ref+aging+age+dirty+refaults+rdist,K+K+,6,btree,heldout,1.0186,-0.0499,1,0
btree,ref+aging+age+rdist,K+K+,4,btree,heldout,1.5032,-1.3507,1,0
btree,ref+aging+age+refaults,K+K+,4,btree,heldout,1.4150,-1.1140,1,0
btree,ref+aging+age+refaults+rdist,K+K+,5,btree,heldout,1.0141,-0.0379,1,0
btree,ref+aging+dirty,K,3,btree,heldout,1.0361,-0.0969,1,0
btree,ref+aging+dirty+rdist,K+K+,4,btree,heldout,0.9934,0.0176,1,0
btree,ref+aging+dirty+refaults,K+K+,4,btree,heldout,1.5081,-1.3639,1,0
btree,ref+aging+dirty+refaults+rdist,K+K+,5,btree,heldout,0.9295,0.1893,1,0
btree,ref+aging+idle,K,3,btree,heldout,0.9948,0.0140,1,0
btree,ref+aging+idle+age,K,4,btree,heldout,0.8854,0.3077,1,0
btree,ref+aging+idle+age+dirty,K,5,btree,heldout,0.8965,0.2779,1,0
btree,ref+aging+idle+age+dirty+rdist,K+K+,6,btree,heldout,0.8453,0.4152,1,0
btree,ref+aging+idle+age+dirty+refaults,K+K+,6,btree,heldout,0.8438,0.4192,1,0
btree,ref+aging+idle+age+dirty+refaults+rdist,K+K+,7,btree,heldout,0.8587,0.3793,1,0
btree,ref+aging+idle+age+rdist,K+K+,5,btree,heldout,0.8422,0.4236,1,0
btree,ref+aging+idle+age+refaults,K+K+,5,btree,heldout,0.8402,0.4289,1,0
btree,ref+aging+idle+age+refaults+rdist,K+K+,6,btree,heldout,0.8471,0.4106,1,0
btree,ref+aging+idle+dirty,K,4,btree,heldout,0.9868,0.0355,1,0
btree,ref+aging+idle+dirty+rdist,K+K+,5,btree,heldout,0.8814,0.3185,1,0
btree,ref+aging+idle+dirty+refaults,K+K+,5,btree,heldout,0.9894,0.0284,1,0
btree,ref+aging+idle+dirty+refaults+rdist,K+K+,6,btree,heldout,0.8908,0.2930,1,0
btree,ref+aging+idle+rdist,K+K+,4,btree,heldout,0.8747,0.3362,1,0
btree,ref+aging+idle+refaults,K+K+,4,btree,heldout,0.9936,0.0173,1,0
btree,ref+aging+idle+refaults+rdist,K+K+,5,btree,heldout,0.8864,0.3050,1,0
btree,ref+aging+rdist,K+K+,3,btree,heldout,1.3713,-0.9966,1,0
btree,ref+aging+refaults,K+K+,3,btree,heldout,0.8963,0.2783,1,0
btree,ref+aging+refaults+rdist,K+K+,4,btree,heldout,0.9106,0.2399,1,0
btree,ref+aging+sfreq,K,3,btree,heldout,1.6389,-1.7150,1,0
btree,ref+aging+sfreq+age,K,4,btree,heldout,0.9103,0.2408,1,0
btree,ref+aging+sfreq+age+dirty,K,5,btree,heldout,0.8637,0.3660,1,0
btree,ref+aging+sfreq+age+dirty+rdist,K+K+,6,btree,heldout,0.9354,0.1735,1,0
btree,ref+aging+sfreq+age+dirty+refaults,K+K+,6,btree,heldout,0.8462,0.4129,1,0
btree,ref+aging+sfreq+age+dirty+refaults+rdist,K+K+,7,btree,heldout,0.8621,0.3703,1,0
btree,ref+aging+sfreq+age+rdist,K+K+,5,btree,heldout,0.9293,0.1897,1,0
btree,ref+aging+sfreq+age+refaults,K+K+,5,btree,heldout,0.8600,0.3758,1,0
btree,ref+aging+sfreq+age+refaults+rdist,K+K+,6,btree,heldout,0.8608,0.3736,1,0
btree,ref+aging+sfreq+dirty,K,4,btree,heldout,1.4551,-1.2217,1,0
btree,ref+aging+sfreq+dirty+rdist,K+K+,5,btree,heldout,1.0143,-0.0384,1,0
btree,ref+aging+sfreq+dirty+refaults,K+K+,5,btree,heldout,0.9383,0.1656,1,0
btree,ref+aging+sfreq+dirty+refaults+rdist,K+K+,6,btree,heldout,0.8953,0.2810,1,0
btree,ref+aging+sfreq+idle,K,4,btree,heldout,0.8743,0.3375,1,0
btree,ref+aging+sfreq+idle+age,K,5,btree,heldout,0.8721,0.3435,1,0
btree,ref+aging+sfreq+idle+age+dirty,K,6,btree,heldout,0.8490,0.4054,1,0
btree,ref+aging+sfreq+idle+age+dirty+rdist,K+K+,7,btree,heldout,0.8736,0.3392,1,0
btree,ref+aging+sfreq+idle+age+dirty+refaults,K+K+,7,btree,heldout,0.8358,0.4407,1,0
btree,ref+aging+sfreq+idle+age+dirty+refaults+rdist,K+K+,8,btree,heldout,0.8465,0.4121,1,0
btree,ref+aging+sfreq+idle+age+rdist,K+K+,6,btree,heldout,0.8639,0.3654,1,0
btree,ref+aging+sfreq+idle+age+refaults,K+K+,6,btree,heldout,0.8440,0.4188,1,0
btree,ref+aging+sfreq+idle+age+refaults+rdist,K+K+,7,btree,heldout,0.8450,0.4160,1,0
btree,ref+aging+sfreq+idle+dirty,K,5,btree,heldout,0.8496,0.4037,1,0
btree,ref+aging+sfreq+idle+dirty+rdist,K+K+,6,btree,heldout,0.8728,0.3414,1,0
btree,ref+aging+sfreq+idle+dirty+refaults,K+K+,6,btree,heldout,0.8380,0.4348,1,0
btree,ref+aging+sfreq+idle+dirty+refaults+rdist,K+K+,7,btree,heldout,0.8464,0.4125,1,0
btree,ref+aging+sfreq+idle+rdist,K+K+,5,btree,heldout,0.8650,0.3623,1,0
btree,ref+aging+sfreq+idle+refaults,K+K+,5,btree,heldout,0.8460,0.4134,1,0
btree,ref+aging+sfreq+idle+refaults+rdist,K+K+,6,btree,heldout,0.8460,0.4135,1,0
btree,ref+aging+sfreq+rdist,K+K+,4,btree,heldout,1.3783,-1.0156,1,0
btree,ref+aging+sfreq+refaults,K+K+,4,btree,heldout,0.9420,0.1557,1,0
btree,ref+aging+sfreq+refaults+rdist,K+K+,5,btree,heldout,0.8910,0.2925,1,0
btree,ref+dirty,K,2,btree,heldout,1.0409,-0.1098,1,0
btree,ref+dirty+rdist,K+K+,3,btree,heldout,0.9982,0.0050,1,0
btree,ref+dirty+refaults,K+K+,3,btree,heldout,1.7705,-2.0684,1,0
btree,ref+dirty+refaults+rdist,K+K+,4,btree,heldout,0.9253,0.2005,1,0
btree,ref+idle,K,2,btree,heldout,0.9948,0.0140,1,0
btree,ref+idle+age,K,3,btree,heldout,0.8800,0.3221,1,0
btree,ref+idle+age+dirty,K,4,btree,heldout,0.8924,0.2888,1,0
btree,ref+idle+age+dirty+rdist,K+K+,5,btree,heldout,0.8484,0.4070,1,0
btree,ref+idle+age+dirty+refaults,K+K+,5,btree,heldout,0.8514,0.3988,1,0
btree,ref+idle+age+dirty+refaults+rdist,K+K+,6,btree,heldout,0.8577,0.3821,1,0
btree,ref+idle+age+rdist,K+K+,4,btree,heldout,0.8453,0.4153,1,0
btree,ref+idle+age+refaults,K+K+,4,btree,heldout,0.8435,0.4200,1,0
btree,ref+idle+age+refaults+rdist,K+K+,5,btree,heldout,0.8472,0.4101,1,0
btree,ref+idle+dirty,K,3,btree,heldout,0.9861,0.0373,1,0
btree,ref+idle+dirty+rdist,K+K+,4,btree,heldout,0.8770,0.3302,1,0
btree,ref+idle+dirty+refaults,K+K+,4,btree,heldout,0.9889,0.0298,1,0
btree,ref+idle+dirty+refaults+rdist,K+K+,5,btree,heldout,0.8898,0.2959,1,0
btree,ref+idle+rdist,K+K+,3,btree,heldout,0.8741,0.3380,1,0
btree,ref+idle+refaults,K+K+,3,btree,heldout,0.9932,0.0184,1,0
btree,ref+idle+refaults+rdist,K+K+,4,btree,heldout,0.8879,0.3010,1,0
btree,ref+rdist,K+K+,2,btree,heldout,1.5068,-1.3605,1,0
btree,ref+refaults,K+K+,2,btree,heldout,0.8963,0.2784,1,0
btree,ref+refaults+rdist,K+K+,3,btree,heldout,0.9092,0.2438,1,0
btree,ref+sfreq,K,2,btree,heldout,1.6875,-1.8454,1,0
btree,ref+sfreq+age,K,3,btree,heldout,0.9323,0.1816,1,0
btree,ref+sfreq+age+dirty,K,4,btree,heldout,0.8721,0.3434,1,0
btree,ref+sfreq+age+dirty+rdist,K+K+,5,btree,heldout,0.9440,0.1503,1,0
btree,ref+sfreq+age+dirty+refaults,K+K+,5,btree,heldout,0.8551,0.3890,1,0
btree,ref+sfreq+age+dirty+refaults+rdist,K+K+,6,btree,heldout,0.8635,0.3665,1,0
btree,ref+sfreq+age+rdist,K+K+,4,btree,heldout,0.9638,0.0971,1,0
btree,ref+sfreq+age+refaults,K+K+,4,btree,heldout,0.8678,0.3549,1,0
btree,ref+sfreq+age+refaults+rdist,K+K+,5,btree,heldout,0.8606,0.3742,1,0
btree,ref+sfreq+dirty,K,3,btree,heldout,1.6003,-1.6113,1,0
btree,ref+sfreq+dirty+rdist,K+K+,4,btree,heldout,1.4910,-1.3181,1,0
btree,ref+sfreq+dirty+refaults,K+K+,4,btree,heldout,0.9434,0.1520,1,0
btree,ref+sfreq+dirty+refaults+rdist,K+K+,5,btree,heldout,0.8891,0.2976,1,0
btree,ref+sfreq+idle,K,3,btree,heldout,0.8831,0.3139,1,0
btree,ref+sfreq+idle+age,K,4,btree,heldout,0.8790,0.3248,1,0
btree,ref+sfreq+idle+age+dirty,K,5,btree,heldout,0.8493,0.4045,1,0
btree,ref+sfreq+idle+age+dirty+rdist,K+K+,6,btree,heldout,0.8774,0.3290,1,0
btree,ref+sfreq+idle+age+dirty+refaults,K+K+,6,btree,heldout,0.8407,0.4277,1,0
btree,ref+sfreq+idle+age+dirty+refaults+rdist,K+K+,7,btree,heldout,0.8454,0.4151,1,0
btree,ref+sfreq+idle+age+rdist,K+K+,5,btree,heldout,0.8754,0.3346,1,0
btree,ref+sfreq+idle+age+refaults,K+K+,5,btree,heldout,0.8495,0.4040,1,0
btree,ref+sfreq+idle+age+refaults+rdist,K+K+,6,btree,heldout,0.8470,0.4106,1,0
btree,ref+sfreq+idle+dirty,K,4,btree,heldout,0.8488,0.4058,1,0
btree,ref+sfreq+idle+dirty+rdist,K+K+,5,btree,heldout,0.8841,0.3111,1,0
btree,ref+sfreq+idle+dirty+refaults,K+K+,5,btree,heldout,0.8419,0.4243,1,0
btree,ref+sfreq+idle+dirty+refaults+rdist,K+K+,6,btree,heldout,0.8457,0.4141,1,0
btree,ref+sfreq+idle+rdist,K+K+,4,btree,heldout,0.8833,0.3133,1,0
btree,ref+sfreq+idle+refaults,K+K+,4,btree,heldout,0.8529,0.3949,1,0
btree,ref+sfreq+idle+refaults+rdist,K+K+,5,btree,heldout,0.8485,0.4068,1,0
btree,ref+sfreq+rdist,K+K+,3,btree,heldout,1.6380,-1.7126,1,0
btree,ref+sfreq+refaults,K+K+,3,btree,heldout,0.9676,0.0870,1,0
btree,ref+sfreq+refaults+rdist,K+K+,4,btree,heldout,0.8874,0.3024,1,0
btree,refaults,K+K+,1,btree,heldout,0.8960,0.2792,1,0
btree,refaults+rdist,K+K+,2,btree,heldout,0.9089,0.2444,1,0
btree,sd,F,1,btree,heldout,0.9945,0.0146,1,0
btree,sd+ref+aging+sfreq+idle+age+dirty,F+K,7,btree,heldout,0.8535,0.3932,1,0
btree,sd+ref+aging+sfreq+idle+age+dirty+refaults+rdist,F+K,9,btree,heldout,0.8494,0.4042,1,0
btree,sd+wr,F,2,btree,heldout,0.9261,0.1984,1,0
btree,sd+wr+ref+aging+sfreq+idle+age+dirty,F+K,8,btree,heldout,0.8292,0.4585,1,0
btree,sd+wr+ref+aging+sfreq+idle+age+dirty+refaults+rdist,F+K,10,btree,heldout,0.8318,0.4516,1,0
btree,sfreq,K,1,btree,heldout,1.7230,-1.9409,1,0
btree,sfreq+age,K,2,btree,heldout,0.9472,0.1416,1,0
btree,sfreq+age+dirty,K,3,btree,heldout,0.8793,0.3241,1,0
btree,sfreq+age+dirty+rdist,K+K+,4,btree,heldout,0.9378,0.1671,1,0
btree,sfreq+age+dirty+refaults,K+K+,4,btree,heldout,0.8582,0.3806,1,0
btree,sfreq+age+dirty+refaults+rdist,K+K+,5,btree,heldout,0.8639,0.3653,1,0
btree,sfreq+age+rdist,K+K+,3,btree,heldout,0.9625,0.1007,1,0
btree,sfreq+age+refaults,K+K+,3,btree,heldout,0.8703,0.3482,1,0
btree,sfreq+age+refaults+rdist,K+K+,4,btree,heldout,0.8620,0.3705,1,0
btree,sfreq+dirty,K,2,btree,heldout,1.6289,-1.6882,1,0
btree,sfreq+dirty+rdist,K+K+,3,btree,heldout,1.6404,-1.7192,1,0
btree,sfreq+dirty+refaults,K+K+,3,btree,heldout,1.0055,-0.0148,1,0
btree,sfreq+dirty+refaults+rdist,K+K+,4,btree,heldout,0.9145,0.2296,1,0
btree,sfreq+idle,K,2,btree,heldout,0.8923,0.2891,1,0
btree,sfreq+idle+age,K,3,btree,heldout,0.8878,0.3012,1,0
btree,sfreq+idle+age+dirty,K,4,btree,heldout,0.8493,0.4045,1,0
btree,sfreq+idle+age+dirty+rdist,K+K+,5,btree,heldout,0.8833,0.3133,1,0
btree,sfreq+idle+age+dirty+refaults,K+K+,5,btree,heldout,0.8402,0.4289,1,0
btree,sfreq+idle+age+dirty+refaults+rdist,K+K+,6,btree,heldout,0.8468,0.4112,1,0
btree,sfreq+idle+age+rdist,K+K+,4,btree,heldout,0.8925,0.2886,1,0
btree,sfreq+idle+age+refaults,K+K+,4,btree,heldout,0.8536,0.3931,1,0
btree,sfreq+idle+age+refaults+rdist,K+K+,5,btree,heldout,0.8481,0.4077,1,0
btree,sfreq+idle+dirty,K,3,btree,heldout,0.8514,0.3990,1,0
btree,sfreq+idle+dirty+rdist,K+K+,4,btree,heldout,0.8857,0.3069,1,0
btree,sfreq+idle+dirty+refaults,K+K+,4,btree,heldout,0.8415,0.4253,1,0
btree,sfreq+idle+dirty+refaults+rdist,K+K+,5,btree,heldout,0.8477,0.4088,1,0
btree,sfreq+idle+rdist,K+K+,3,btree,heldout,0.8957,0.2800,1,0
btree,sfreq+idle+refaults,K+K+,3,btree,heldout,0.8546,0.3903,1,0
btree,sfreq+idle+refaults+rdist,K+K+,4,btree,heldout,0.8480,0.4079,1,0
btree,sfreq+rdist,K+K+,2,btree,heldout,1.7201,-1.9332,1,0
btree,sfreq+refaults,K+K+,2,btree,heldout,1.0076,-0.0203,1,0
btree,sfreq+refaults+rdist,K+K+,3,btree,heldout,0.9142,0.2304,1,0
btree,wr,F,1,btree,heldout,0.9371,0.1690,1,0
btree,wr+ref+aging+sfreq+idle+age+dirty,F+K,7,btree,heldout,0.8287,0.4598,1,0
btree,wr+ref+aging+sfreq+idle+age+dirty+refaults+rdist,F+K,9,btree,heldout,0.8295,0.4576,1,0
global,age,K,1,btree,heldout,1.0737,-0.1977,1,0
global,age,K,1,graph,test,1.6857,-1.0109,2,0
global,age,K,1,graph,val,1.7052,-1.0388,2,0
global,age,K,1,kv,test,1.2305,-0.6406,1,0
global,age,K,1,kv,val,1.2147,-0.5974,1,0
global,age,K,1,matmul,heldout,1.3377,-2.3777,2,0
global,age,K,1,sort,heldout,1.0000,0.0000,3,0
global,age,K,1,sort,test,0.9757,0.1692,2,0
global,age,K,1,sort,val,0.9800,0.1608,2,0
global,age+dirty,K,2,btree,heldout,1.0637,-0.1709,1,0
global,age+dirty,K,2,graph,test,2.0228,-1.5009,2,0
global,age+dirty,K,2,graph,val,2.0436,-1.5326,2,0
global,age+dirty,K,2,kv,test,1.1819,-0.5056,1,0
global,age+dirty,K,2,kv,val,1.1713,-0.4766,1,0
global,age+dirty,K,2,matmul,heldout,1.4069,-2.9812,2,0
global,age+dirty,K,2,sort,heldout,1.0000,0.0000,3,0
global,age+dirty,K,2,sort,test,0.9742,0.1905,2,0
global,age+dirty,K,2,sort,val,0.9714,0.2403,2,0
global,age+dirty+rdist,K+K+,3,btree,heldout,1.1729,-0.4641,1,0
global,age+dirty+rdist,K+K+,3,graph,test,3.0000,-3.0387,2,2
global,age+dirty+rdist,K+K+,3,graph,val,3.0000,-3.0415,2,2
global,age+dirty+rdist,K+K+,3,kv,test,1.3201,-0.8894,1,0
global,age+dirty+rdist,K+K+,3,kv,val,1.3304,-0.9192,1,0
global,age+dirty+rdist,K+K+,3,matmul,heldout,1.6654,-7.3068,2,1
global,age+dirty+rdist,K+K+,3,sort,heldout,2.5561,-19.0151,3,0
global,age+dirty+rdist,K+K+,3,sort,test,2.7813,-18.6660,2,0
global,age+dirty+rdist,K+K+,3,sort,val,2.7994,-19.5123,2,0
global,age+dirty+refaults,K+K+,3,btree,heldout,0.8735,0.3396,1,0
global,age+dirty+refaults,K+K+,3,graph,test,3.0000,-3.0387,2,2
global,age+dirty+refaults,K+K+,3,graph,val,3.0000,-3.0415,2,2
global,age+dirty+refaults,K+K+,3,kv,test,1.9228,-2.5644,1,0
global,age+dirty+refaults,K+K+,3,kv,val,1.8909,-2.4785,1,0
global,age+dirty+refaults,K+K+,3,matmul,heldout,3.0000,-12.8420,2,2
global,age+dirty+refaults,K+K+,3,sort,heldout,3.0000,-24.4387,3,3
global,age+dirty+refaults,K+K+,3,sort,test,3.0000,-21.1667,2,2
global,age+dirty+refaults,K+K+,3,sort,val,3.0000,-21.9114,2,2
global,age+dirty+refaults+rdist,K+K+,4,btree,heldout,0.9187,0.2182,1,0
global,age+dirty+refaults+rdist,K+K+,4,graph,test,3.0000,-3.0387,2,2
global,age+dirty+refaults+rdist,K+K+,4,graph,val,3.0000,-3.0415,2,2
global,age+dirty+refaults+rdist,K+K+,4,kv,test,1.9009,-2.5034,1,0
global,age+dirty+refaults+rdist,K+K+,4,kv,val,2.0049,-2.7959,1,0
global,age+dirty+refaults+rdist,K+K+,4,matmul,heldout,3.0000,-12.8420,2,2
global,age+dirty+refaults+rdist,K+K+,4,sort,heldout,3.0000,-24.4387,3,3
global,age+dirty+refaults+rdist,K+K+,4,sort,test,3.0000,-21.1667,2,2
global,age+dirty+refaults+rdist,K+K+,4,sort,val,3.0000,-21.9114,2,2
global,age+rdist,K+K+,2,btree,heldout,1.3192,-0.8568,1,0
global,age+rdist,K+K+,2,graph,test,3.0000,-3.0387,2,2
global,age+rdist,K+K+,2,graph,val,3.0000,-3.0415,2,2
global,age+rdist,K+K+,2,kv,test,1.5142,-1.4289,1,0
global,age+rdist,K+K+,2,kv,val,1.3978,-1.1068,1,0
global,age+rdist,K+K+,2,matmul,heldout,1.0445,-0.4617,2,0
global,age+rdist,K+K+,2,sort,heldout,1.8956,-10.9441,3,0
global,age+rdist,K+K+,2,sort,test,1.9409,-10.0377,2,0
global,age+rdist,K+K+,2,sort,val,1.9537,-10.4653,2,0
global,age+refaults,K+K+,2,btree,heldout,0.8722,0.3431,1,0
global,age+refaults,K+K+,2,graph,test,3.0000,-3.0387,2,2
global,age+refaults,K+K+,2,graph,val,3.0000,-3.0415,2,2
global,age+refaults,K+K+,2,kv,test,1.9495,-2.6385,1,0
global,age+refaults,K+K+,2,kv,val,1.8906,-2.4779,1,0
global,age+refaults,K+K+,2,matmul,heldout,3.0000,-12.8420,2,2
global,age+refaults,K+K+,2,sort,heldout,3.0000,-24.4387,3,3
global,age+refaults,K+K+,2,sort,test,3.0000,-21.1667,2,2
global,age+refaults,K+K+,2,sort,val,3.0000,-21.9114,2,2
global,age+refaults+rdist,K+K+,3,btree,heldout,0.9253,0.2004,1,0
global,age+refaults+rdist,K+K+,3,graph,test,3.0000,-3.0387,2,2
global,age+refaults+rdist,K+K+,3,graph,val,3.0000,-3.0415,2,2
global,age+refaults+rdist,K+K+,3,kv,test,2.0411,-2.8930,1,0
global,age+refaults+rdist,K+K+,3,kv,val,2.0478,-2.9153,1,0
global,age+refaults+rdist,K+K+,3,matmul,heldout,3.0000,-12.8420,2,2
global,age+refaults+rdist,K+K+,3,sort,heldout,3.0000,-24.4387,3,3
global,age+refaults+rdist,K+K+,3,sort,test,3.0000,-21.1667,2,2
global,age+refaults+rdist,K+K+,3,sort,val,3.0000,-21.9114,2,2
global,aging,K,1,btree,heldout,1.0681,-0.1828,1,0
global,aging,K,1,graph,test,1.5590,-0.8245,2,0
global,aging,K,1,graph,val,1.5678,-0.8380,2,0
global,aging,K,1,kv,test,1.0502,-0.1395,1,0
global,aging,K,1,kv,val,1.0527,-0.1466,1,0
global,aging,K,1,matmul,heldout,0.9990,0.0072,2,0
global,aging,K,1,sort,heldout,1.0000,0.0000,3,0
global,aging,K,1,sort,test,0.9559,0.3329,2,0
global,aging,K,1,sort,val,0.9609,0.3340,2,0
global,aging+age,K,2,btree,heldout,1.3067,-0.8233,1,0
global,aging+age,K,2,graph,test,3.0000,-3.0387,2,2
global,aging+age,K,2,graph,val,3.0000,-3.0415,2,2
global,aging+age,K,2,kv,test,1.2480,-0.6893,1,0
global,aging+age,K,2,kv,val,1.2710,-0.7540,1,0
global,aging+age,K,2,matmul,heldout,0.9990,0.0072,2,0
global,aging+age,K,2,sort,heldout,0.9741,0.3161,3,0
global,aging+age,K,2,sort,test,0.9614,0.2927,2,0
global,aging+age,K,2,sort,val,0.9679,0.2755,2,0
global,aging+age+dirty,K,3,btree,heldout,1.2947,-0.7912,1,0
global,aging+age+dirty,K,3,graph,test,3.0000,-3.0387,2,2
global,aging+age+dirty,K,3,graph,val,3.0000,-3.0415,2,2
global,aging+age+dirty,K,3,kv,test,1.2530,-0.7030,1,0
global,aging+age+dirty,K,3,kv,val,1.2750,-0.7650,1,0
global,aging+age+dirty,K,3,matmul,heldout,0.9990,0.0072,2,0
global,aging+age+dirty,K,3,sort,heldout,0.9639,0.4409,3,0
global,aging+age+dirty,K,3,sort,test,0.9622,0.2869,2,0
global,aging+age+dirty,K,3,sort,val,0.9687,0.2690,2,0
global,aging+age+dirty+rdist,K+K+,4,btree,heldout,1.3322,-0.8919,1,0
global,aging+age+dirty+rdist,K+K+,4,graph,test,3.0000,-3.0387,2,2
global,aging+age+dirty+rdist,K+K+,4,graph,val,3.0000,-3.0415,2,2
global,aging+age+dirty+rdist,K+K+,4,kv,test,1.2743,-0.7623,1,0
global,aging+age+dirty+rdist,K+K+,4,kv,val,1.2819,-0.7844,1,0
global,aging+age+dirty+rdist,K+K+,4,matmul,heldout,0.9710,0.1505,2,0
global,aging+age+dirty+rdist,K+K+,4,sort,heldout,0.9571,0.5247,3,0
global,aging+age+dirty+rdist,K+K+,4,sort,test,0.9504,0.4567,2,0
global,aging+age+dirty+rdist,K+K+,4,sort,val,0.9564,0.4415,2,0
global,aging+age+dirty+refaults,K+K+,4,btree,heldout,0.9808,0.0517,1,0
global,aging+age+dirty+refaults,K+K+,4,graph,test,3.0000,-3.0387,2,2
global,aging+age+dirty+refaults,K+K+,4,graph,val,3.0000,-3.0415,2,2
global,aging+age+dirty+refaults,K+K+,4,kv,test,1.1667,-0.4632,1,0
global,aging+age+dirty+refaults,K+K+,4,kv,val,1.1866,-0.5192,1,0
global,aging+age+dirty+refaults,K+K+,4,matmul,heldout,1.0023,-0.0147,2,0
global,aging+age+dirty+refaults,K+K+,4,sort,heldout,0.9571,0.5247,3,0
global,aging+age+dirty+refaults,K+K+,4,sort,test,0.9557,0.3725,2,0
global,aging+age+dirty+refaults,K+K+,4,sort,val,0.9622,0.3545,2,0
global,aging+age+dirty+refaults+rdist,K+K+,5,btree,heldout,1.0357,-0.0959,1,0
global,aging+age+dirty+refaults+rdist,K+K+,5,graph,test,3.0000,-3.0387,2,2
global,aging+age+dirty+refaults+rdist,K+K+,5,graph,val,3.0000,-3.0415,2,2
global,aging+age+dirty+refaults+rdist,K+K+,5,kv,test,1.2690,-0.7475,1,0
global,aging+age+dirty+refaults+rdist,K+K+,5,kv,val,1.2725,-0.7582,1,0
global,aging+age+dirty+refaults+rdist,K+K+,5,matmul,heldout,1.0187,-0.1025,2,0
global,aging+age+dirty+refaults+rdist,K+K+,5,sort,heldout,0.9572,0.5226,3,0
global,aging+age+dirty+refaults+rdist,K+K+,5,sort,test,0.9504,0.4518,2,0
global,aging+age+dirty+refaults+rdist,K+K+,5,sort,val,0.9568,0.4322,2,0
global,aging+age+rdist,K+K+,3,btree,heldout,1.4184,-1.1230,1,0
global,aging+age+rdist,K+K+,3,graph,test,3.0000,-3.0387,2,2
global,aging+age+rdist,K+K+,3,graph,val,3.0000,-3.0415,2,2
global,aging+age+rdist,K+K+,3,kv,test,1.2530,-0.7031,1,0
global,aging+age+rdist,K+K+,3,kv,val,1.2522,-0.7017,1,0
global,aging+age+rdist,K+K+,3,matmul,heldout,0.9990,0.0035,2,0
global,aging+age+rdist,K+K+,3,sort,heldout,0.9572,0.5226,3,0
global,aging+age+rdist,K+K+,3,sort,test,0.9454,0.4965,2,0
global,aging+age+rdist,K+K+,3,sort,val,0.9518,0.4805,2,0
global,aging+age+refaults,K+K+,3,btree,heldout,0.9755,0.0656,1,0
global,aging+age+refaults,K+K+,3,graph,test,3.0000,-3.0387,2,2
global,aging+age+refaults,K+K+,3,graph,val,3.0000,-3.0415,2,2
global,aging+age+refaults,K+K+,3,kv,test,1.1674,-0.4653,1,0
global,aging+age+refaults,K+K+,3,kv,val,1.1894,-0.5269,1,0
global,aging+age+refaults,K+K+,3,matmul,heldout,1.0023,-0.0147,2,0
global,aging+age+refaults,K+K+,3,sort,heldout,0.9632,0.4495,3,0
global,aging+age+refaults,K+K+,3,sort,test,0.9595,0.3193,2,0
global,aging+age+refaults,K+K+,3,sort,val,0.9664,0.2966,2,0
global,aging+age+refaults+rdist,K+K+,4,btree,heldout,1.0396,-0.1063,1,0
global,aging+age+refaults+rdist,K+K+,4,graph,test,3.0000,-3.0387,2,2
global,aging+age+refaults+rdist,K+K+,4,graph,val,3.0000,-3.0415,2,2
global,aging+age+refaults+rdist,K+K+,4,kv,test,1.2390,-0.6642,1,0
global,aging+age+refaults+rdist,K+K+,4,kv,val,1.2478,-0.6895,1,0
global,aging+age+refaults+rdist,K+K+,4,matmul,heldout,1.0062,-0.0352,2,0
global,aging+age+refaults+rdist,K+K+,4,sort,heldout,0.9593,0.4968,3,0
global,aging+age+refaults+rdist,K+K+,4,sort,test,0.9504,0.4469,2,0
global,aging+age+refaults+rdist,K+K+,4,sort,val,0.9564,0.4334,2,0
global,aging+dirty,K,2,btree,heldout,1.0361,-0.0969,1,0
global,aging+dirty,K,2,graph,test,3.0000,-3.0387,2,2
global,aging+dirty,K,2,graph,val,3.0000,-3.0415,2,2
global,aging+dirty,K,2,kv,test,1.0912,-0.2536,1,0
global,aging+dirty,K,2,kv,val,1.0996,-0.2772,1,0
global,aging+dirty,K,2,matmul,heldout,0.9990,0.0072,2,0
global,aging+dirty,K,2,sort,heldout,1.0000,0.0000,3,0
global,aging+dirty,K,2,sort,test,0.9591,0.3099,2,0
global,aging+dirty,K,2,sort,val,0.9656,0.2950,2,0
global,aging+dirty+rdist,K+K+,3,btree,heldout,1.3551,-0.9533,1,0
global,aging+dirty+rdist,K+K+,3,graph,test,3.0000,-3.0387,2,2
global,aging+dirty+rdist,K+K+,3,graph,val,3.0000,-3.0415,2,2
global,aging+dirty+rdist,K+K+,3,kv,test,1.2435,-0.6766,1,0
global,aging+dirty+rdist,K+K+,3,kv,val,1.2444,-0.6801,1,0
global,aging+dirty+rdist,K+K+,3,matmul,heldout,0.9710,0.1504,2,0
global,aging+dirty+rdist,K+K+,3,sort,heldout,0.9588,0.5032,3,0
global,aging+dirty+rdist,K+K+,3,sort,test,0.9496,0.4625,2,0
global,aging+dirty+rdist,K+K+,3,sort,val,0.9560,0.4427,2,0
global,aging+dirty+refaults,K+K+,3,btree,heldout,0.8971,0.2763,1,0
global,aging+dirty+refaults,K+K+,3,graph,test,0.9214,0.1336,2,0
global,aging+dirty+refaults,K+K+,3,graph,val,0.9359,0.1124,2,0
global,aging+dirty+refaults,K+K+,3,kv,test,1.0087,-0.0241,1,0
global,aging+dirty+refaults,K+K+,3,kv,val,1.0035,-0.0098,1,0
global,aging+dirty+refaults,K+K+,3,matmul,heldout,1.0005,-0.0027,2,0
global,aging+dirty+refaults,K+K+,3,sort,heldout,1.0025,-0.0301,3,0
global,aging+dirty+refaults,K+K+,3,sort,test,0.9575,0.3165,2,0
global,aging+dirty+refaults,K+K+,3,sort,val,0.9636,0.3092,2,0
global,aging+dirty+refaults+rdist,K+K+,4,btree,heldout,0.9135,0.2321,1,0
global,aging+dirty+refaults+rdist,K+K+,4,graph,test,1.1235,-0.1637,2,0
global,aging+dirty+refaults+rdist,K+K+,4,graph,val,1.1404,-0.1895,2,0
global,aging+dirty+refaults+rdist,K+K+,4,kv,test,1.0203,-0.0564,1,0
global,aging+dirty+refaults+rdist,K+K+,4,kv,val,1.0419,-0.1167,1,0
global,aging+dirty+refaults+rdist,K+K+,4,matmul,heldout,1.0012,-0.0084,2,0
global,aging+dirty+refaults+rdist,K+K+,4,sort,heldout,0.9528,0.5763,3,0
global,aging+dirty+refaults+rdist,K+K+,4,sort,test,0.9438,0.5325,2,0
global,aging+dirty+refaults+rdist,K+K+,4,sort,val,0.9640,0.3967,2,0
global,aging+idle,K,2,btree,heldout,0.9948,0.0140,1,0
global,aging+idle,K,2,graph,test,0.9798,0.0316,2,0
global,aging+idle,K,2,graph,val,0.9781,0.0332,2,0
global,aging+idle,K,2,kv,test,0.9953,0.0131,1,0
global,aging+idle,K,2,kv,val,0.9961,0.0108,1,0
global,aging+idle,K,2,matmul,heldout,0.9990,0.0072,2,0
global,aging+idle,K,2,sort,heldout,1.0000,0.0000,3,0
global,aging+idle,K,2,sort,test,0.9559,0.3329,2,0
global,aging+idle,K,2,sort,val,0.9609,0.3340,2,0
global,aging+idle+age,K,3,btree,heldout,0.9211,0.2117,1,0
global,aging+idle+age,K,3,graph,test,0.6827,0.4986,2,0
global,aging+idle+age,K,3,graph,val,0.6819,0.5008,2,0
global,aging+idle+age,K,3,kv,test,0.9560,0.1223,1,0
global,aging+idle+age,K,3,kv,val,0.9565,0.1210,1,0
global,aging+idle+age,K,3,matmul,heldout,0.9990,0.0072,2,0
global,aging+idle+age,K,3,sort,heldout,1.0000,0.0000,3,0
global,aging+idle+age,K,3,sort,test,0.9614,0.2927,2,0
global,aging+idle+age,K,3,sort,val,0.9679,0.2755,2,0
global,aging+idle+age+dirty,K,4,btree,heldout,0.9512,0.1311,1,0
global,aging+idle+age+dirty,K,4,graph,test,0.7321,0.4241,2,0
global,aging+idle+age+dirty,K,4,graph,val,0.7325,0.4244,2,0
global,aging+idle+age+dirty,K,4,kv,test,0.9453,0.1521,1,0
global,aging+idle+age+dirty,K,4,kv,val,0.9443,0.1549,1,0
global,aging+idle+age+dirty,K,4,matmul,heldout,0.9990,0.0072,2,0
global,aging+idle+age+dirty,K,4,sort,heldout,1.0000,0.0000,3,0
global,aging+idle+age+dirty,K,4,sort,test,0.9630,0.2812,2,0
global,aging+idle+age+dirty,K,4,sort,val,0.9695,0.2625,2,0
global,aging+idle+age+dirty+rdist,K+K+,5,btree,heldout,1.3023,-0.8114,1,0
global,aging+idle+age+dirty+rdist,K+K+,5,graph,test,3.0000,-3.0387,2,2
global,aging+idle+age+dirty+rdist,K+K+,5,graph,val,3.0000,-3.0415,2,2
global,aging+idle+age+dirty+rdist,K+K+,5,kv,test,1.2211,-0.6144,1,0
global,aging+idle+age+dirty+rdist,K+K+,5,kv,val,1.2370,-0.6594,1,0
global,aging+idle+age+dirty+rdist,K+K+,5,matmul,heldout,0.9710,0.1505,2,0
global,aging+idle+age+dirty+rdist,K+K+,5,sort,heldout,0.9569,0.5269,3,0
global,aging+idle+age+dirty+rdist,K+K+,5,sort,test,0.9500,0.4620,2,0
global,aging+idle+age+dirty+rdist,K+K+,5,sort,val,0.9564,0.4415,2,0
global,aging+idle+age+dirty+refaults,K+K+,5,btree,heldout,0.8581,0.3810,1,0
global,aging+idle+age+dirty+refaults,K+K+,5,graph,test,1.2313,-0.5136,2,0
global,aging+idle+age+dirty+refaults,K+K+,5,graph,val,1.2437,-0.5367,2,0
global,aging+idle+age+dirty+refaults,K+K+,5,kv,test,1.0635,-0.1765,1,0
global,aging+idle+age+dirty+refaults,K+K+,5,kv,val,1.0694,-0.1932,1,0
global,aging+idle+age+dirty+refaults,K+K+,5,matmul,heldout,1.0096,-0.0643,2,0
global,aging+idle+age+dirty+refaults,K+K+,5,sort,heldout,0.9799,0.2452,3,0
global,aging+idle+age+dirty+refaults,K+K+,5,sort,test,0.9626,0.2816,2,0
global,aging+idle+age+dirty+refaults,K+K+,5,sort,val,0.9691,0.2638,2,0
global,aging+idle+age+dirty+refaults+rdist,K+K+,6,btree,heldout,0.8746,0.3366,1,0
global,aging+idle+age+dirty+refaults+rdist,K+K+,6,graph,test,3.0000,-3.0387,2,2
global,aging+idle+age+dirty+refaults+rdist,K+K+,6,graph,val,3.0000,-3.0415,2,2
global,aging+idle+age+dirty+refaults+rdist,K+K+,6,kv,test,1.1155,-0.3211,1,0
global,aging+idle+age+dirty+refaults+rdist,K+K+,6,kv,val,1.1376,-0.3828,1,0
global,aging+idle+age+dirty+refaults+rdist,K+K+,6,matmul,heldout,1.0032,-0.0211,2,0
global,aging+idle+age+dirty+refaults+rdist,K+K+,6,sort,heldout,0.9592,0.4989,3,0
global,aging+idle+age+dirty+refaults+rdist,K+K+,6,sort,test,0.9507,0.4465,2,0
global,aging+idle+age+dirty+refaults+rdist,K+K+,6,sort,val,0.9568,0.4322,2,0
global,aging+idle+age+rdist,K+K+,4,btree,heldout,1.3636,-0.9759,1,0
global,aging+idle+age+rdist,K+K+,4,graph,test,3.0000,-3.0387,2,2
global,aging+idle+age+rdist,K+K+,4,graph,val,3.0000,-3.0415,2,2
global,aging+idle+age+rdist,K+K+,4,kv,test,1.2196,-0.6102,1,0
global,aging+idle+age+rdist,K+K+,4,kv,val,1.2422,-0.6738,1,0
global,aging+idle+age+rdist,K+K+,4,matmul,heldout,0.9990,0.0035,2,0
global,aging+idle+age+rdist,K+K+,4,sort,heldout,0.9583,0.5097,3,0
global,aging+idle+age+rdist,K+K+,4,sort,test,0.9457,0.4912,2,0
global,aging+idle+age+rdist,K+K+,4,sort,val,0.9522,0.4752,2,0
global,aging+idle+age+refaults,K+K+,4,btree,heldout,0.8621,0.3703,1,0
global,aging+idle+age+refaults,K+K+,4,graph,test,1.2405,-0.5478,2,0
global,aging+idle+age+refaults,K+K+,4,graph,val,1.1841,-0.4244,2,0
global,aging+idle+age+refaults,K+K+,4,kv,test,1.0631,-0.1753,1,0
global,aging+idle+age+refaults,K+K+,4,kv,val,1.0671,-0.1866,1,0
global,aging+idle+age+refaults,K+K+,4,matmul,heldout,1.0090,-0.0604,2,0
global,aging+idle+age+refaults,K+K+,4,sort,heldout,0.9789,0.2581,3,0
global,aging+idle+age+refaults,K+K+,4,sort,test,0.9626,0.2816,2,0
global,aging+idle+age+refaults,K+K+,4,sort,val,0.9691,0.2638,2,0
global,aging+idle+age+refaults+rdist,K+K+,5,btree,heldout,0.8887,0.2988,1,0
global,aging+idle+age+refaults+rdist,K+K+,5,graph,test,3.0000,-3.0387,2,2
global,aging+idle+age+refaults+rdist,K+K+,5,graph,val,3.0000,-3.0415,2,2
global,aging+idle+age+refaults+rdist,K+K+,5,kv,test,1.1074,-0.2984,1,0
global,aging+idle+age+refaults+rdist,K+K+,5,kv,val,1.1332,-0.3706,1,0
global,aging+idle+age+refaults+rdist,K+K+,5,matmul,heldout,1.0026,-0.0171,2,0
global,aging+idle+age+refaults+rdist,K+K+,5,sort,heldout,0.9472,0.6452,3,0
global,aging+idle+age+refaults+rdist,K+K+,5,sort,test,0.9515,0.4359,2,0
global,aging+idle+age+refaults+rdist,K+K+,5,sort,val,0.9580,0.4164,2,0
global,aging+idle+dirty,K,3,btree,heldout,0.9922,0.0210,1,0
global,aging+idle+dirty,K,3,graph,test,1.0157,-0.0228,2,0
global,aging+idle+dirty,K,3,graph,val,1.0145,-0.0220,2,0
global,aging+idle+dirty,K,3,kv,test,0.9942,0.0162,1,0
global,aging+idle+dirty,K,3,kv,val,0.9946,0.0150,1,0
global,aging+idle+dirty,K,3,matmul,heldout,0.9990,0.0072,2,0
global,aging+idle+dirty,K,3,sort,heldout,1.0000,0.0000,3,0
global,aging+idle+dirty,K,3,sort,test,0.9591,0.3099,2,0
global,aging+idle+dirty,K,3,sort,val,0.9656,0.2950,2,0
global,aging+idle+dirty+rdist,K+K+,4,btree,heldout,1.5145,-1.3812,1,0
global,aging+idle+dirty+rdist,K+K+,4,graph,test,3.0000,-3.0387,2,2
global,aging+idle+dirty+rdist,K+K+,4,graph,val,3.0000,-3.0415,2,2
global,aging+idle+dirty+rdist,K+K+,4,kv,test,1.2728,-0.7581,1,0
global,aging+idle+dirty+rdist,K+K+,4,kv,val,1.2757,-0.7670,1,0
global,aging+idle+dirty+rdist,K+K+,4,matmul,heldout,0.9710,0.1504,2,0
global,aging+idle+dirty+rdist,K+K+,4,sort,heldout,0.9578,0.5161,3,0
global,aging+idle+dirty+rdist,K+K+,4,sort,test,0.9492,0.4678,2,0
global,aging+idle+dirty+rdist,K+K+,4,sort,val,0.9560,0.4427,2,0
global,aging+idle+dirty+refaults,K+K+,4,btree,heldout,0.9302,0.1873,1,0
global,aging+idle+dirty+refaults,K+K+,4,graph,test,0.7440,0.4084,2,0
global,aging+idle+dirty+refaults,K+K+,4,graph,val,0.7506,0.3992,2,0
global,aging+idle+dirty+refaults,K+K+,4,kv,test,0.9902,0.0272,1,0
global,aging+idle+dirty+refaults,K+K+,4,kv,val,0.9923,0.0214,1,0
global,aging+idle+dirty+refaults,K+K+,4,matmul,heldout,1.0026,-0.0177,2,0
global,aging+idle+dirty+refaults,K+K+,4,sort,heldout,1.0000,0.0000,3,0
global,aging+idle+dirty+refaults,K+K+,4,sort,test,0.9575,0.3165,2,0
global,aging+idle+dirty+refaults,K+K+,4,sort,val,0.9636,0.3092,2,0
global,aging+idle+dirty+refaults+rdist,K+K+,5,btree,heldout,0.9193,0.2167,1,0
global,aging+idle+dirty+refaults+rdist,K+K+,5,graph,test,3.0000,-3.0387,2,2
global,aging+idle+dirty+refaults+rdist,K+K+,5,graph,val,3.0000,-3.0415,2,2
global,aging+idle+dirty+refaults+rdist,K+K+,5,kv,test,1.1412,-0.3924,1,0
global,aging+idle+dirty+refaults+rdist,K+K+,5,kv,val,1.1585,-0.4410,1,0
global,aging+idle+dirty+refaults+rdist,K+K+,5,matmul,heldout,0.9974,0.0122,2,0
global,aging+idle+dirty+refaults+rdist,K+K+,5,sort,heldout,0.9530,0.5742,3,0
global,aging+idle+dirty+refaults+rdist,K+K+,5,sort,test,0.9427,0.5484,2,0
global,aging+idle+dirty+refaults+rdist,K+K+,5,sort,val,0.9621,0.4190,2,0
global,aging+idle+rdist,K+K+,3,btree,heldout,1.5585,-1.4992,1,0
global,aging+idle+rdist,K+K+,3,graph,test,3.0000,-3.0387,2,2
global,aging+idle+rdist,K+K+,3,graph,val,3.0000,-3.0415,2,2
global,aging+idle+rdist,K+K+,3,kv,test,1.2773,-0.7705,1,0
global,aging+idle+rdist,K+K+,3,kv,val,1.2793,-0.7771,1,0
global,aging+idle+rdist,K+K+,3,matmul,heldout,0.9710,0.1504,2,0
global,aging+idle+rdist,K+K+,3,sort,heldout,0.9439,0.6860,3,0
global,aging+idle+rdist,K+K+,3,sort,test,0.9327,0.6231,2,0
global,aging+idle+rdist,K+K+,3,sort,val,0.9386,0.6191,2,0
global,aging+idle+refaults,K+K+,3,btree,heldout,0.9321,0.1822,1,0
global,aging+idle+refaults,K+K+,3,graph,test,0.7740,0.3637,2,0
global,aging+idle+refaults,K+K+,3,graph,val,0.7800,0.3554,2,0
global,aging+idle+refaults,K+K+,3,kv,test,0.9856,0.0400,1,0
global,aging+idle+refaults,K+K+,3,kv,val,0.9872,0.0356,1,0
global,aging+idle+refaults,K+K+,3,matmul,heldout,1.0030,-0.0203,2,0
global,aging+idle+refaults,K+K+,3,sort,heldout,1.0000,0.0000,3,0
global,aging+idle+refaults,K+K+,3,sort,test,0.9567,0.3272,2,0
global,aging+idle+refaults,K+K+,3,sort,val,0.9632,0.3145,2,0
global,aging+idle+refaults+rdist,K+K+,4,btree,heldout,0.9209,0.2123,1,0
global,aging+idle+refaults+rdist,K+K+,4,graph,test,3.0000,-3.0387,2,2
global,aging+idle+refaults+rdist,K+K+,4,graph,val,3.0000,-3.0415,2,2
global,aging+idle+refaults+rdist,K+K+,4,kv,test,1.1820,-0.5059,1,0
global,aging+idle+refaults+rdist,K+K+,4,kv,val,1.1139,-0.3169,1,0
global,aging+idle+refaults+rdist,K+K+,4,matmul,heldout,0.9974,0.0119,2,0
global,aging+idle+refaults+rdist,K+K+,4,sort,heldout,0.9477,0.6387,3,0
global,aging+idle+refaults+rdist,K+K+,4,sort,test,0.9350,0.6010,2,0
global,aging+idle+refaults+rdist,K+K+,4,sort,val,0.9409,0.5956,2,0
global,aging+rdist,K+K+,2,btree,heldout,1.3725,-0.9999,1,0
global,aging+rdist,K+K+,2,graph,test,3.0000,-3.0387,2,2
global,aging+rdist,K+K+,2,graph,val,3.0000,-3.0415,2,2
global,aging+rdist,K+K+,2,kv,test,1.2454,-0.6820,1,0
global,aging+rdist,K+K+,2,kv,val,1.2473,-0.6879,1,0
global,aging+rdist,K+K+,2,matmul,heldout,0.9710,0.1504,2,0
global,aging+rdist,K+K+,2,sort,heldout,0.9439,0.6860,3,0
global,aging+rdist,K+K+,2,sort,test,0.9327,0.6231,2,0
global,aging+rdist,K+K+,2,sort,val,0.9386,0.6191,2,0
global,aging+refaults,K+K+,2,btree,heldout,0.8960,0.2791,1,0
global,aging+refaults,K+K+,2,graph,test,0.9533,0.0911,2,0
global,aging+refaults,K+K+,2,graph,val,0.9620,0.0778,2,0
global,aging+refaults,K+K+,2,kv,test,0.9853,0.0408,1,0
global,aging+refaults,K+K+,2,kv,val,0.9927,0.0204,1,0
global,aging+refaults,K+K+,2,matmul,heldout,1.0002,-0.0006,2,0
global,aging+refaults,K+K+,2,sort,heldout,1.0000,0.0000,3,0
global,aging+refaults,K+K+,2,sort,test,0.9567,0.3272,2,0
global,aging+refaults,K+K+,2,sort,val,0.9632,0.3145,2,0
global,aging+refaults+rdist,K+K+,3,btree,heldout,0.9169,0.2230,1,0
global,aging+refaults+rdist,K+K+,3,graph,test,1.1147,-0.1520,2,0
global,aging+refaults+rdist,K+K+,3,graph,val,1.1428,-0.1915,2,0
global,aging+refaults+rdist,K+K+,3,kv,test,1.0184,-0.0513,1,0
global,aging+refaults+rdist,K+K+,3,kv,val,1.0465,-0.1294,1,0
global,aging+refaults+rdist,K+K+,3,matmul,heldout,1.0012,-0.0084,2,0
global,aging+refaults+rdist,K+K+,3,sort,heldout,0.9488,0.6258,3,0
global,aging+refaults+rdist,K+K+,3,sort,test,0.9354,0.5957,2,0
global,aging+refaults+rdist,K+K+,3,sort,val,0.9425,0.5745,2,0
global,aging+sfreq,K,2,btree,heldout,1.0298,-0.0800,1,0
global,aging+sfreq,K,2,graph,test,3.0000,-3.0387,2,2
global,aging+sfreq,K,2,graph,val,3.0000,-3.0415,2,2
global,aging+sfreq,K,2,kv,test,1.1696,-0.4713,1,0
global,aging+sfreq,K,2,kv,val,1.1684,-0.4685,1,0
global,aging+sfreq,K,2,matmul,heldout,0.9990,0.0072,2,0
global,aging+sfreq,K,2,sort,heldout,0.9784,0.2645,3,0
global,aging+sfreq,K,2,sort,test,0.9614,0.2927,2,0
global,aging+sfreq,K,2,sort,val,0.9679,0.2755,2,0
global,aging+sfreq+age,K,3,btree,heldout,1.0271,-0.0729,1,0
global,aging+sfreq+age,K,3,graph,test,3.0000,-3.0387,2,2
global,aging+sfreq+age,K,3,graph,val,3.0000,-3.0415,2,2
global,aging+sfreq+age,K,3,kv,test,1.1664,-0.4624,1,0
global,aging+sfreq+age,K,3,kv,val,1.1627,-0.4526,1,0
global,aging+sfreq+age,K,3,matmul,heldout,0.9990,0.0072,2,0
global,aging+sfreq+age,K,3,sort,heldout,0.9784,0.2645,3,0
global,aging+sfreq+age,K,3,sort,test,0.9614,0.2927,2,0
global,aging+sfreq+age,K,3,sort,val,0.9679,0.2755,2,0
global,aging+sfreq+age+dirty,K,4,btree,heldout,0.9809,0.0513,1,0
global,aging+sfreq+age+dirty,K,4,graph,test,3.0000,-3.0387,2,2
global,aging+sfreq+age+dirty,K,4,graph,val,3.0000,-3.0415,2,2
global,aging+sfreq+age+dirty,K,4,kv,test,1.1504,-0.4180,1,0
global,aging+sfreq+age+dirty,K,4,kv,val,1.1422,-0.3958,1,0
global,aging+sfreq+age+dirty,K,4,matmul,heldout,0.9990,0.0072,2,0
global,aging+sfreq+age+dirty,K,4,sort,heldout,0.9901,0.1204,3,0
global,aging+sfreq+age+dirty,K,4,sort,test,0.9618,0.2922,2,0
global,aging+sfreq+age+dirty,K,4,sort,val,0.9683,0.2743,2,0
global,aging+sfreq+age+dirty+rdist,K+K+,5,btree,heldout,1.6217,-1.6689,1,0
global,aging+sfreq+age+dirty+rdist,K+K+,5,graph,test,3.0000,-3.0387,2,2
global,aging+sfreq+age+dirty+rdist,K+K+,5,graph,val,3.0000,-3.0415,2,2
global,aging+sfreq+age+dirty+rdist,K+K+,5,kv,test,1.3332,-0.9259,1,0
global,aging+sfreq+age+dirty+rdist,K+K+,5,kv,val,1.3453,-0.9607,1,0
global,aging+sfreq+age+dirty+rdist,K+K+,5,matmul,heldout,0.9710,0.1505,2,0
global,aging+sfreq+age+dirty+rdist,K+K+,5,sort,heldout,0.9567,0.5290,3,0
global,aging+sfreq+age+dirty+rdist,K+K+,5,sort,test,0.9496,0.4674,2,0
global,aging+sfreq+age+dirty+rdist,K+K+,5,sort,val,0.9560,0.4468,2,0
global,aging+sfreq+age+dirty+refaults,K+K+,5,btree,heldout,0.8746,0.3365,1,0
global,aging+sfreq+age+dirty+refaults,K+K+,5,graph,test,3.0000,-3.0387,2,2
global,aging+sfreq+age+dirty+refaults,K+K+,5,graph,val,3.0000,-3.0415,2,2
global,aging+sfreq+age+dirty+refaults,K+K+,5,kv,test,1.2086,-0.5797,1,0
global,aging+sfreq+age+dirty+refaults,K+K+,5,kv,val,1.2033,-0.5655,1,0
global,aging+sfreq+age+dirty+refaults,K+K+,5,matmul,heldout,1.7427,-5.3800,2,1
global,aging+sfreq+age+dirty+refaults,K+K+,5,sort,heldout,0.9623,0.4602,3,0
global,aging+sfreq+age+dirty+refaults,K+K+,5,sort,test,0.9599,0.3188,2,0
global,aging+sfreq+age+dirty+refaults,K+K+,5,sort,val,0.9668,0.2954,2,0
global,aging+sfreq+age+dirty+refaults+rdist,K+K+,6,btree,heldout,0.9894,0.0284,1,0
global,aging+sfreq+age+dirty+refaults+rdist,K+K+,6,graph,test,3.0000,-3.0387,2,2
global,aging+sfreq+age+dirty+refaults+rdist,K+K+,6,graph,val,3.0000,-3.0415,2,2
global,aging+sfreq+age+dirty+refaults+rdist,K+K+,6,kv,test,1.1806,-0.5020,1,0
global,aging+sfreq+age+dirty+refaults+rdist,K+K+,6,kv,val,1.2135,-0.5939,1,0
global,aging+sfreq+age+dirty+refaults+rdist,K+K+,6,matmul,heldout,1.0252,-0.1376,2,0
global,aging+sfreq+age+dirty+refaults+rdist,K+K+,6,sort,heldout,0.9588,0.5032,3,0
global,aging+sfreq+age+dirty+refaults+rdist,K+K+,6,sort,test,0.9519,0.4305,2,0
global,aging+sfreq+age+dirty+refaults+rdist,K+K+,6,sort,val,0.9584,0.4111,2,0
global,aging+sfreq+age+rdist,K+K+,4,btree,heldout,1.6758,-1.8141,1,0
global,aging+sfreq+age+rdist,K+K+,4,graph,test,3.0000,-3.0387,2,2
global,aging+sfreq+age+rdist,K+K+,4,graph,val,3.0000,-3.0415,2,2
global,aging+sfreq+age+rdist,K+K+,4,kv,test,1.2889,-0.8029,1,0
global,aging+sfreq+age+rdist,K+K+,4,kv,val,1.3064,-0.8524,1,0
global,aging+sfreq+age+rdist,K+K+,4,matmul,heldout,0.9990,0.0035,2,0
global,aging+sfreq+age+rdist,K+K+,4,sort,heldout,0.9576,0.5183,3,0
global,aging+sfreq+age+rdist,K+K+,4,sort,test,0.9388,0.5625,2,0
global,aging+sfreq+age+rdist,K+K+,4,sort,val,0.9452,0.5498,2,0
global,aging+sfreq+age+refaults,K+K+,4,btree,heldout,0.8779,0.3278,1,0
global,aging+sfreq+age+refaults,K+K+,4,graph,test,3.0000,-3.0387,2,2
global,aging+sfreq+age+refaults,K+K+,4,graph,val,3.0000,-3.0415,2,2
global,aging+sfreq+age+refaults,K+K+,4,kv,test,1.2039,-0.5666,1,0
global,aging+sfreq+age+refaults,K+K+,4,kv,val,1.2027,-0.5639,1,0
global,aging+sfreq+age+refaults,K+K+,4,matmul,heldout,1.7422,-5.3782,2,1
global,aging+sfreq+age+refaults,K+K+,4,sort,heldout,0.9653,0.4237,3,0
global,aging+sfreq+age+refaults,K+K+,4,sort,test,0.9591,0.3246,2,0
global,aging+sfreq+age+refaults,K+K+,4,sort,val,0.9660,0.3018,2,0
global,aging+sfreq+age+refaults+rdist,K+K+,5,btree,heldout,0.9991,0.0023,1,0
global,aging+sfreq+age+refaults+rdist,K+K+,5,graph,test,3.0000,-3.0387,2,2
global,aging+sfreq+age+refaults+rdist,K+K+,5,graph,val,3.0000,-3.0415,2,2
global,aging+sfreq+age+refaults+rdist,K+K+,5,kv,test,1.1881,-0.5228,1,0
global,aging+sfreq+age+refaults+rdist,K+K+,5,kv,val,1.2190,-0.6094,1,0
global,aging+sfreq+age+refaults+rdist,K+K+,5,matmul,heldout,1.0242,-0.1322,2,0
global,aging+sfreq+age+refaults+rdist,K+K+,5,sort,heldout,0.9600,0.4882,3,0
global,aging+sfreq+age+refaults+rdist,K+K+,5,sort,test,0.9507,0.4416,2,0
global,aging+sfreq+age+refaults+rdist,K+K+,5,sort,val,0.9572,0.4229,2,0
global,aging+sfreq+dirty,K,3,btree,heldout,0.9908,0.0246,1,0
global,aging+sfreq+dirty,K,3,graph,test,3.0000,-3.0387,2,2
global,aging+sfreq+dirty,K,3,graph,val,3.0000,-3.0415,2,2
global,aging+sfreq+dirty,K,3,kv,test,1.1579,-0.4389,1,0
global,aging+sfreq+dirty,K,3,kv,val,1.1483,-0.4126,1,0
global,aging+sfreq+dirty,K,3,matmul,heldout,0.9990,0.0072,2,0
global,aging+sfreq+dirty,K,3,sort,heldout,0.9901,0.1204,3,0
global,aging+sfreq+dirty,K,3,sort,test,0.9618,0.2922,2,0
global,aging+sfreq+dirty,K,3,sort,val,0.9683,0.2743,2,0
global,aging+sfreq+dirty+rdist,K+K+,4,btree,heldout,1.1760,-0.4725,1,0
global,aging+sfreq+dirty+rdist,K+K+,4,graph,test,3.0000,-3.0387,2,2
global,aging+sfreq+dirty+rdist,K+K+,4,graph,val,3.0000,-3.0415,2,2
global,aging+sfreq+dirty+rdist,K+K+,4,kv,test,1.1809,-0.5028,1,0
global,aging+sfreq+dirty+rdist,K+K+,4,kv,val,1.1941,-0.5402,1,0
global,aging+sfreq+dirty+rdist,K+K+,4,matmul,heldout,0.9710,0.1505,2,0
global,aging+sfreq+dirty+rdist,K+K+,4,sort,heldout,0.9583,0.5097,3,0
global,aging+sfreq+dirty+rdist,K+K+,4,sort,test,0.9500,0.4620,2,0
global,aging+sfreq+dirty+rdist,K+K+,4,sort,val,0.9564,0.4415,2,0
global,aging+sfreq+dirty+refaults,K+K+,4,btree,heldout,0.8564,0.3854,1,0
global,aging+sfreq+dirty+refaults,K+K+,4,graph,test,3.0000,-3.0387,2,2
global,aging+sfreq+dirty+refaults,K+K+,4,graph,val,3.0000,-3.0415,2,2
global,aging+sfreq+dirty+refaults,K+K+,4,kv,test,1.1470,-0.4086,1,0
global,aging+sfreq+dirty+refaults,K+K+,4,kv,val,1.1587,-0.4415,1,0
global,aging+sfreq+dirty+refaults,K+K+,4,matmul,heldout,1.9860,-6.5156,2,1
global,aging+sfreq+dirty+refaults,K+K+,4,sort,heldout,0.9808,0.2344,3,0
global,aging+sfreq+dirty+refaults,K+K+,4,sort,test,0.9614,0.2976,2,0
global,aging+sfreq+dirty+refaults,K+K+,4,sort,val,0.9691,0.2638,2,0
global,aging+sfreq+dirty+refaults+rdist,K+K+,5,btree,heldout,0.8580,0.3812,1,0
global,aging+sfreq+dirty+refaults+rdist,K+K+,5,graph,test,3.0000,-3.0387,2,2
global,aging+sfreq+dirty+refaults+rdist,K+K+,5,graph,val,3.0000,-3.0415,2,2
global,aging+sfreq+dirty+refaults+rdist,K+K+,5,kv,test,1.1150,-0.3196,1,0
global,aging+sfreq+dirty+refaults+rdist,K+K+,5,kv,val,1.1217,-0.3385,1,0
global,aging+sfreq+dirty+refaults+rdist,K+K+,5,matmul,heldout,1.9608,-6.3908,2,1
global,aging+sfreq+dirty+refaults+rdist,K+K+,5,sort,heldout,0.9564,0.5333,3,0
global,aging+sfreq+dirty+refaults+rdist,K+K+,5,sort,test,0.9492,0.4825,2,0
global,aging+sfreq+dirty+refaults+rdist,K+K+,5,sort,val,0.9552,0.4653,2,0
global,aging+sfreq+idle,K,3,btree,heldout,0.8801,0.3217,1,0
global,aging+sfreq+idle,K,3,graph,test,1.4981,-0.8511,2,0
global,aging+sfreq+idle,K,3,graph,val,1.5508,-0.9311,2,0
global,aging+sfreq+idle,K,3,kv,test,0.9955,0.0125,1,0
global,aging+sfreq+idle,K,3,kv,val,0.9975,0.0070,1,0
global,aging+sfreq+idle,K,3,matmul,heldout,0.9990,0.0072,2,0
global,aging+sfreq+idle,K,3,sort,heldout,1.0000,0.0000,3,0
global,aging+sfreq+idle,K,3,sort,test,0.9614,0.2927,2,0
global,aging+sfreq+idle,K,3,sort,val,0.9679,0.2755,2,0
global,aging+sfreq+idle+age,K,4,btree,heldout,0.9846,0.0413,1,0
global,aging+sfreq+idle+age,K,4,graph,test,0.7235,0.4377,2,0
global,aging+sfreq+idle+age,K,4,graph,val,0.7263,0.4330,2,0
global,aging+sfreq+idle+age,K,4,kv,test,0.9835,0.0458,1,0
global,aging+sfreq+idle+age,K,4,kv,val,0.9820,0.0500,1,0
global,aging+sfreq+idle+age,K,4,matmul,heldout,0.9990,0.0072,2,0
global,aging+sfreq+idle+age,K,4,sort,heldout,1.0000,0.0000,3,0
global,aging+sfreq+idle+age,K,4,sort,test,0.9614,0.2927,2,0
global,aging+sfreq+idle+age,K,4,sort,val,0.9679,0.2755,2,0
global,aging+sfreq+idle+age+dirty,K,5,btree,heldout,0.9666,0.0897,1,0
global,aging+sfreq+idle+age+dirty,K,5,graph,test,0.8598,0.2124,2,0
global,aging+sfreq+idle+age+dirty,K,5,graph,val,0.8608,0.2093,2,0
global,aging+sfreq+idle+age+dirty,K,5,kv,test,0.9761,0.0664,1,0
global,aging+sfreq+idle+age+dirty,K,5,kv,val,0.9755,0.0681,1,0
global,aging+sfreq+idle+age+dirty,K,5,matmul,heldout,0.9990,0.0072,2,0
global,aging+sfreq+idle+age+dirty,K,5,sort,heldout,1.0000,0.0000,3,0
global,aging+sfreq+idle+age+dirty,K,5,sort,test,0.9630,0.2812,2,0
global,aging+sfreq+idle+age+dirty,K,5,sort,val,0.9695,0.2625,2,0
global,aging+sfreq+idle+age+dirty+rdist,K+K+,6,btree,heldout,1.5076,-1.3627,1,0
global,aging+sfreq+idle+age+dirty+rdist,K+K+,6,graph,test,2.8621,-2.8719,2,1
global,aging+sfreq+idle+age+dirty+rdist,K+K+,6,graph,val,2.9505,-2.9807,2,1
global,aging+sfreq+idle+age+dirty+rdist,K+K+,6,kv,test,1.2497,-0.6940,1,0
global,aging+sfreq+idle+age+dirty+rdist,K+K+,6,kv,val,1.2580,-0.7179,1,0
global,aging+sfreq+idle+age+dirty+rdist,K+K+,6,matmul,heldout,0.9710,0.1505,2,0
global,aging+sfreq+idle+age+dirty+rdist,K+K+,6,sort,heldout,0.9571,0.5247,3,0
global,aging+sfreq+idle+age+dirty+rdist,K+K+,6,sort,test,0.9515,0.4408,2,0
global,aging+sfreq+idle+age+dirty+rdist,K+K+,6,sort,val,0.9580,0.4204,2,0
global,aging+sfreq+idle+age+dirty+refaults,K+K+,6,btree,heldout,0.8552,0.3887,1,0
global,aging+sfreq+idle+age+dirty+refaults,K+K+,6,graph,test,1.0838,-0.2566,2,0
global,aging+sfreq+idle+age+dirty+refaults,K+K+,6,graph,val,1.0741,-0.2258,2,0
global,aging+sfreq+idle+age+dirty+refaults,K+K+,6,kv,test,1.0504,-0.1400,1,0
global,aging+sfreq+idle+age+dirty+refaults,K+K+,6,kv,val,1.0616,-0.1713,1,0
global,aging+sfreq+idle+age+dirty+refaults,K+K+,6,matmul,heldout,1.0079,-0.0524,2,0
global,aging+sfreq+idle+age+dirty+refaults,K+K+,6,sort,heldout,0.9799,0.2452,3,0
global,aging+sfreq+idle+age+dirty+refaults,K+K+,6,sort,test,0.9626,0.2816,2,0
global,aging+sfreq+idle+age+dirty+refaults,K+K+,6,sort,val,0.9691,0.2638,2,0
global,aging+sfreq+idle+age+dirty+refaults+rdist,K+K+,7,btree,heldout,0.8757,0.3336,1,0
global,aging+sfreq+idle+age+dirty+refaults+rdist,K+K+,7,graph,test,1.0997,-0.1862,2,0
global,aging+sfreq+idle+age+dirty+refaults+rdist,K+K+,7,graph,val,1.0713,-0.1383,2,0
global,aging+sfreq+idle+age+dirty+refaults+rdist,K+K+,7,kv,test,1.0878,-0.2441,1,0
global,aging+sfreq+idle+age+dirty+refaults+rdist,K+K+,7,kv,val,1.0995,-0.2769,1,0
global,aging+sfreq+idle+age+dirty+refaults+rdist,K+K+,7,matmul,heldout,0.9758,0.1255,2,0
global,aging+sfreq+idle+age+dirty+refaults+rdist,K+K+,7,sort,heldout,0.9593,0.4968,3,0
global,aging+sfreq+idle+age+dirty+refaults+rdist,K+K+,7,sort,test,0.9507,0.4465,2,0
global,aging+sfreq+idle+age+dirty+refaults+rdist,K+K+,7,sort,val,0.9572,0.4269,2,0
global,aging+sfreq+idle+age+rdist,K+K+,5,btree,heldout,1.5523,-1.4825,1,0
global,aging+sfreq+idle+age+rdist,K+K+,5,graph,test,2.8171,-2.7583,2,0
global,aging+sfreq+idle+age+rdist,K+K+,5,graph,val,2.6708,-2.6482,2,0
global,aging+sfreq+idle+age+rdist,K+K+,5,kv,test,1.2430,-0.6753,1,0
global,aging+sfreq+idle+age+rdist,K+K+,5,kv,val,1.2510,-0.6984,1,0
global,aging+sfreq+idle+age+rdist,K+K+,5,matmul,heldout,0.9860,0.0720,2,0
global,aging+sfreq+idle+age+rdist,K+K+,5,sort,heldout,0.9414,0.7161,3,0
global,aging+sfreq+idle+age+rdist,K+K+,5,sort,test,0.9323,0.6333,2,0
global,aging+sfreq+idle+age+rdist,K+K+,5,sort,val,0.9386,0.6231,2,0
global,aging+sfreq+idle+age+refaults,K+K+,5,btree,heldout,0.8614,0.3722,1,0
global,aging+sfreq+idle+age+refaults,K+K+,5,graph,test,1.0812,-0.2559,2,0
global,aging+sfreq+idle+age+refaults,K+K+,5,graph,val,1.1025,-0.3055,2,0
global,aging+sfreq+idle+age+refaults,K+K+,5,kv,test,1.0571,-0.1586,1,0
global,aging+sfreq+idle+age+refaults,K+K+,5,kv,val,1.0642,-0.1787,1,0
global,aging+sfreq+idle+age+refaults,K+K+,5,matmul,heldout,1.0087,-0.0584,2,0
global,aging+sfreq+idle+age+refaults,K+K+,5,sort,heldout,0.9805,0.2387,3,0
global,aging+sfreq+idle+age+refaults,K+K+,5,sort,test,0.9626,0.2816,2,0
global,aging+sfreq+idle+age+refaults,K+K+,5,sort,val,0.9691,0.2638,2,0
global,aging+sfreq+idle+age+refaults+rdist,K+K+,6,btree,heldout,0.8818,0.3173,1,0
global,aging+sfreq+idle+age+refaults+rdist,K+K+,6,graph,test,1.0663,-0.2046,2,0
global,aging+sfreq+idle+age+refaults+rdist,K+K+,6,graph,val,1.0286,-0.1066,2,0
global,aging+sfreq+idle+age+refaults+rdist,K+K+,6,kv,test,1.0956,-0.2657,1,0
global,aging+sfreq+idle+age+refaults+rdist,K+K+,6,kv,val,1.1077,-0.2998,1,0
global,aging+sfreq+idle+age+refaults+rdist,K+K+,6,matmul,heldout,0.9755,0.1270,2,0
global,aging+sfreq+idle+age+refaults+rdist,K+K+,6,sort,heldout,0.9592,0.4989,3,0
global,aging+sfreq+idle+age+refaults+rdist,K+K+,6,sort,test,0.9519,0.4305,2,0
global,aging+sfreq+idle+age+refaults+rdist,K+K+,6,sort,val,0.9580,0.4164,2,0
global,aging+sfreq+idle+dirty,K,4,btree,heldout,0.8955,0.2804,1,0
global,aging+sfreq+idle+dirty,K,4,graph,test,1.7611,-1.2686,2,1
global,aging+sfreq+idle+dirty,K,4,graph,val,1.7791,-1.2868,2,1
global,aging+sfreq+idle+dirty,K,4,kv,test,0.9841,0.0443,1,0
global,aging+sfreq+idle+dirty,K,4,kv,val,0.9841,0.0442,1,0
global,aging+sfreq+idle+dirty,K,4,matmul,heldout,0.9990,0.0072,2,0
global,aging+sfreq+idle+dirty,K,4,sort,heldout,1.0000,0.0000,3,0
global,aging+sfreq+idle+dirty,K,4,sort,test,0.9622,0.2869,2,0
global,aging+sfreq+idle+dirty,K,4,sort,val,0.9687,0.2690,2,0
global,aging+sfreq+idle+dirty+rdist,K+K+,5,btree,heldout,1.1254,-0.3365,1,0
global,aging+sfreq+idle+dirty+rdist,K+K+,5,graph,test,3.0000,-3.0387,2,2
global,aging+sfreq+idle+dirty+rdist,K+K+,5,graph,val,3.0000,-3.0415,2,2
global,aging+sfreq+idle+dirty+rdist,K+K+,5,kv,test,1.2153,-0.5982,1,0
global,aging+sfreq+idle+dirty+rdist,K+K+,5,kv,val,1.2254,-0.6272,1,0
global,aging+sfreq+idle+dirty+rdist,K+K+,5,matmul,heldout,0.9710,0.1505,2,0
global,aging+sfreq+idle+dirty+rdist,K+K+,5,sort,heldout,0.9572,0.5226,3,0
global,aging+sfreq+idle+dirty+rdist,K+K+,5,sort,test,0.9488,0.4780,2,0
global,aging+sfreq+idle+dirty+rdist,K+K+,5,sort,val,0.9553,0.4573,2,0
global,aging+sfreq+idle+dirty+refaults,K+K+,5,btree,heldout,0.8551,0.3890,1,0
global,aging+sfreq+idle+dirty+refaults,K+K+,5,graph,test,3.0000,-3.0387,2,2
global,aging+sfreq+idle+dirty+refaults,K+K+,5,graph,val,3.0000,-3.0415,2,2
global,aging+sfreq+idle+dirty+refaults,K+K+,5,kv,test,1.1383,-0.3843,1,0
global,aging+sfreq+idle+dirty+refaults,K+K+,5,kv,val,1.1426,-0.3967,1,0
global,aging+sfreq+idle+dirty+refaults,K+K+,5,matmul,heldout,1.7966,-5.6187,2,1
global,aging+sfreq+idle+dirty+refaults,K+K+,5,sort,heldout,0.9873,0.1548,3,0
global,aging+sfreq+idle+dirty+refaults,K+K+,5,sort,test,0.9618,0.2922,2,0
global,aging+sfreq+idle+dirty+refaults,K+K+,5,sort,val,0.9683,0.2743,2,0
global,aging+sfreq+idle+dirty+refaults+rdist,K+K+,6,btree,heldout,0.8625,0.3690,1,0
global,aging+sfreq+idle+dirty+refaults+rdist,K+K+,6,graph,test,3.0000,-3.0387,2,2
global,aging+sfreq+idle+dirty+refaults+rdist,K+K+,6,graph,val,3.0000,-3.0415,2,2
global,aging+sfreq+idle+dirty+refaults+rdist,K+K+,6,kv,test,1.2526,-0.7020,1,0
global,aging+sfreq+idle+dirty+refaults+rdist,K+K+,6,kv,val,1.2448,-0.6812,1,0
global,aging+sfreq+idle+dirty+refaults+rdist,K+K+,6,matmul,heldout,3.0000,-12.8420,2,2
global,aging+sfreq+idle+dirty+refaults+rdist,K+K+,6,sort,heldout,0.9516,0.5914,3,0
global,aging+sfreq+idle+dirty+refaults+rdist,K+K+,6,sort,test,0.9473,0.5042,2,0
global,aging+sfreq+idle+dirty+refaults+rdist,K+K+,6,sort,val,0.9525,0.4982,2,0
global,aging+sfreq+idle+rdist,K+K+,4,btree,heldout,1.2240,-0.6014,1,0
global,aging+sfreq+idle+rdist,K+K+,4,graph,test,3.0000,-3.0387,2,2
global,aging+sfreq+idle+rdist,K+K+,4,graph,val,3.0000,-3.0415,2,2
global,aging+sfreq+idle+rdist,K+K+,4,kv,test,1.2010,-0.5585,1,0
global,aging+sfreq+idle+rdist,K+K+,4,kv,val,1.2066,-0.5748,1,0
global,aging+sfreq+idle+rdist,K+K+,4,matmul,heldout,0.9990,0.0035,2,0
global,aging+sfreq+idle+rdist,K+K+,4,sort,heldout,0.9534,0.5699,3,0
global,aging+sfreq+idle+rdist,K+K+,4,sort,test,0.9354,0.6104,2,0
global,aging+sfreq+idle+rdist,K+K+,4,sort,val,0.9417,0.5971,2,0
global,aging+sfreq+idle+refaults,K+K+,4,btree,heldout,0.8595,0.3771,1,0
global,aging+sfreq+idle+refaults,K+K+,4,graph,test,3.0000,-3.0387,2,2
global,aging+sfreq+idle+refaults,K+K+,4,graph,val,3.0000,-3.0415,2,2
global,aging+sfreq+idle+refaults,K+K+,4,kv,test,1.1360,-0.3781,1,0
global,aging+sfreq+idle+refaults,K+K+,4,kv,val,1.1478,-0.4112,1,0
global,aging+sfreq+idle+refaults,K+K+,4,matmul,heldout,1.7832,-5.5590,2,1
global,aging+sfreq+idle+refaults,K+K+,4,sort,heldout,0.9798,0.2473,3,0
global,aging+sfreq+idle+refaults,K+K+,4,sort,test,0.9618,0.2922,2,0
global,aging+sfreq+idle+refaults,K+K+,4,sort,val,0.9683,0.2743,2,0
global,aging+sfreq+idle+refaults+rdist,K+K+,5,btree,heldout,0.8672,0.3565,1,0
global,aging+sfreq+idle+refaults+rdist,K+K+,5,graph,test,3.0000,-3.0387,2,2
global,aging+sfreq+idle+refaults+rdist,K+K+,5,graph,val,3.0000,-3.0415,2,2
global,aging+sfreq+idle+refaults+rdist,K+K+,5,kv,test,1.2398,-0.6663,1,0
global,aging+sfreq+idle+refaults+rdist,K+K+,5,kv,val,1.2434,-0.6771,1,0
global,aging+sfreq+idle+refaults+rdist,K+K+,5,matmul,heldout,3.0000,-12.8420,2,2
global,aging+sfreq+idle+refaults+rdist,K+K+,5,sort,heldout,0.9504,0.6065,3,0
global,aging+sfreq+idle+refaults+rdist,K+K+,5,sort,test,0.9484,0.4882,2,0
global,aging+sfreq+idle+refaults+rdist,K+K+,5,sort,val,0.9541,0.4771,2,0
global,aging+sfreq+rdist,K+K+,3,btree,heldout,1.1408,-0.3781,1,0
global,aging+sfreq+rdist,K+K+,3,graph,test,3.0000,-3.0387,2,2
global,aging+sfreq+rdist,K+K+,3,graph,val,3.0000,-3.0415,2,2
global,aging+sfreq+rdist,K+K+,3,kv,test,1.1892,-0.5258,1,0
global,aging+sfreq+rdist,K+K+,3,kv,val,1.1983,-0.5518,1,0
global,aging+sfreq+rdist,K+K+,3,matmul,heldout,0.9990,0.0035,2,0
global,aging+sfreq+rdist,K+K+,3,sort,heldout,0.9539,0.5634,3,0
global,aging+sfreq+rdist,K+K+,3,sort,test,0.9354,0.6104,2,0
global,aging+sfreq+rdist,K+K+,3,sort,val,0.9417,0.5971,2,0
global,aging+sfreq+refaults,K+K+,3,btree,heldout,0.8597,0.3767,1,0
global,aging+sfreq+refaults,K+K+,3,graph,test,3.0000,-3.0387,2,2
global,aging+sfreq+refaults,K+K+,3,graph,val,3.0000,-3.0415,2,2
global,aging+sfreq+refaults,K+K+,3,kv,test,1.1484,-0.4123,1,0
global,aging+sfreq+refaults,K+K+,3,kv,val,1.1564,-0.4351,1,0
global,aging+sfreq+refaults,K+K+,3,matmul,heldout,1.7830,-5.5581,2,1
global,aging+sfreq+refaults,K+K+,3,sort,heldout,0.9768,0.2839,3,0
global,aging+sfreq+refaults,K+K+,3,sort,test,0.9607,0.3082,2,0
global,aging+sfreq+refaults,K+K+,3,sort,val,0.9672,0.2901,2,0
global,aging+sfreq+refaults+rdist,K+K+,4,btree,heldout,0.8577,0.3819,1,0
global,aging+sfreq+refaults+rdist,K+K+,4,graph,test,3.0000,-3.0387,2,2
global,aging+sfreq+refaults+rdist,K+K+,4,graph,val,3.0000,-3.0415,2,2
global,aging+sfreq+refaults+rdist,K+K+,4,kv,test,1.1047,-0.2909,1,0
global,aging+sfreq+refaults+rdist,K+K+,4,kv,val,1.1163,-0.3236,1,0
global,aging+sfreq+refaults+rdist,K+K+,4,matmul,heldout,1.8635,-5.9252,2,1
global,aging+sfreq+refaults+rdist,K+K+,4,sort,heldout,0.9544,0.5570,3,0
global,aging+sfreq+refaults+rdist,K+K+,4,sort,test,0.9500,0.4718,2,0
global,aging+sfreq+refaults+rdist,K+K+,4,sort,val,0.9556,0.4601,2,0
global,dirty,K,1,btree,heldout,1.0409,-0.1098,1,0
global,dirty,K,1,graph,test,3.0000,-3.0387,2,2
global,dirty,K,1,graph,val,3.0000,-3.0415,2,2
global,dirty,K,1,kv,test,1.8129,-2.2591,1,0
global,dirty,K,1,kv,val,1.7974,-2.2185,1,0
global,dirty,K,1,matmul,heldout,1.7165,-6.0413,2,0
global,dirty,K,1,sort,heldout,1.4324,-5.2839,3,0
global,dirty,K,1,sort,test,1.3887,-4.3461,2,0
global,dirty,K,1,sort,val,1.3981,-4.5258,2,0
global,dirty+rdist,K+K+,2,btree,heldout,1.6477,-1.7386,1,0
global,dirty+rdist,K+K+,2,graph,test,3.0000,-3.0387,2,2
global,dirty+rdist,K+K+,2,graph,val,3.0000,-3.0415,2,2
global,dirty+rdist,K+K+,2,kv,test,3.0000,-5.5578,1,1
global,dirty+rdist,K+K+,2,kv,val,3.0000,-5.5644,1,1
global,dirty+rdist,K+K+,2,matmul,heldout,2.2100,-9.1831,2,1
global,dirty+rdist,K+K+,2,sort,heldout,3.0000,-24.4387,3,3
global,dirty+rdist,K+K+,2,sort,test,3.0000,-21.1667,2,2
global,dirty+rdist,K+K+,2,sort,val,3.0000,-21.9114,2,2
global,dirty+refaults,K+K+,2,btree,heldout,0.8961,0.2790,1,0
global,dirty+refaults,K+K+,2,graph,test,1.7521,-1.2590,2,1
global,dirty+refaults,K+K+,2,graph,val,1.7629,-1.2696,2,1
global,dirty+refaults,K+K+,2,kv,test,1.1502,-0.4174,1,0
global,dirty+refaults,K+K+,2,kv,val,1.1477,-0.4108,1,0
global,dirty+refaults,K+K+,2,matmul,heldout,1.6959,-4.7796,2,0
global,dirty+refaults,K+K+,2,sort,heldout,3.0000,-24.4387,3,3
global,dirty+refaults,K+K+,2,sort,test,3.0000,-21.1667,2,2
global,dirty+refaults,K+K+,2,sort,val,3.0000,-21.9114,2,2
global,dirty+refaults+rdist,K+K+,3,btree,heldout,0.9134,0.2325,1,0
global,dirty+refaults+rdist,K+K+,3,graph,test,2.4275,-2.1061,2,1
global,dirty+refaults+rdist,K+K+,3,graph,val,2.3540,-2.0015,2,1
global,dirty+refaults+rdist,K+K+,3,kv,test,1.2995,-0.8324,1,0
global,dirty+refaults+rdist,K+K+,3,kv,val,1.3102,-0.8631,1,0
global,dirty+refaults+rdist,K+K+,3,matmul,heldout,1.9919,-6.9658,2,0
global,dirty+refaults+rdist,K+K+,3,sort,heldout,3.0000,-24.4387,3,3
global,dirty+refaults+rdist,K+K+,3,sort,test,3.0000,-21.1667,2,2
global,dirty+refaults+rdist,K+K+,3,sort,val,3.0000,-21.9114,2,2
global,freq,F,1,btree,heldout,0.8610,0.3731,1,0
global,freq,F,1,graph,test,3.0000,-3.0387,2,2
global,freq,F,1,graph,val,3.0000,-3.0415,2,2
global,freq,F,1,kv,test,1.8998,-2.5005,1,0
global,freq,F,1,kv,val,1.9112,-2.5351,1,0
global,freq,F,1,matmul,heldout,3.0000,-12.8420,2,2
global,freq,F,1,sort,heldout,3.0000,-24.4387,3,3
global,freq,F,1,sort,test,3.0000,-21.1667,2,2
global,freq,F,1,sort,val,3.0000,-21.9114,2,2
global,freq+ref+aging+sfreq+idle+age+dirty,F+K,7,btree,heldout,0.9327,0.1806,1,0
global,freq+ref+aging+sfreq+idle+age+dirty,F+K,7,graph,test,0.9310,0.0488,2,0
global,freq+ref+aging+sfreq+idle+age+dirty,F+K,7,graph,val,0.8288,0.2515,2,0
global,freq+ref+aging+sfreq+idle+age+dirty,F+K,7,kv,test,1.1394,-0.3875,1,0
global,freq+ref+aging+sfreq+idle+age+dirty,F+K,7,kv,val,1.1515,-0.4215,1,0
global,freq+ref+aging+sfreq+idle+age+dirty,F+K,7,matmul,heldout,0.9990,0.0072,2,0
global,freq+ref+aging+sfreq+idle+age+dirty,F+K,7,sort,heldout,0.9629,0.4538,3,0
global,freq+ref+aging+sfreq+idle+age+dirty,F+K,7,sort,test,0.9568,0.3565,2,0
global,freq+ref+aging+sfreq+idle+age+dirty,F+K,7,sort,val,0.9630,0.3440,2,0
global,freq+ref+aging+sfreq+idle+age+dirty+refaults+rdist,F+K,9,btree,heldout,0.9206,0.2132,1,0
global,freq+ref+aging+sfreq+idle+age+dirty+refaults+rdist,F+K,9,graph,test,2.1766,-1.7488,2,0
global,freq+ref+aging+sfreq+idle+age+dirty+refaults+rdist,F+K,9,graph,val,2.2200,-1.8058,2,0
global,freq+ref+aging+sfreq+idle+age+dirty+refaults+rdist,F+K,9,kv,test,1.0666,-0.1850,1,0
global,freq+ref+aging+sfreq+idle+age+dirty+refaults+rdist,F+K,9,kv,val,1.0668,-0.1858,1,0
global,freq+ref+aging+sfreq+idle+age+dirty+refaults+rdist,F+K,9,matmul,heldout,1.0008,-0.0059,2,0
global,freq+ref+aging+sfreq+idle+age+dirty+refaults+rdist,F+K,9,sort,heldout,0.9549,0.5505,3,0
global,freq+ref+aging+sfreq+idle+age+dirty+refaults+rdist,F+K,9,sort,test,0.9576,0.3997,2,0
global,freq+ref+aging+sfreq+idle+age+dirty+refaults+rdist,F+K,9,sort,val,0.9637,0.3778,2,0
global,freq+sd,F,2,btree,heldout,0.9497,0.1351,1,0
global,freq+sd,F,2,graph,test,0.8855,0.1617,2,0
global,freq+sd,F,2,graph,val,0.8866,0.1604,2,0
global,freq+sd,F,2,kv,test,0.9691,0.0859,1,0
global,freq+sd,F,2,kv,val,0.9704,0.0824,1,0
global,freq+sd,F,2,matmul,heldout,1.0517,-0.3925,2,0
global,freq+sd,F,2,sort,heldout,1.0000,0.0000,3,0
global,freq+sd,F,2,sort,test,0.9536,0.3501,2,0
global,freq+sd,F,2,sort,val,0.9601,0.3405,2,0
global,freq+sd+ref+aging+sfreq+idle+age+dirty,F+K,8,btree,heldout,1.1885,-0.5061,1,0
global,freq+sd+ref+aging+sfreq+idle+age+dirty,F+K,8,graph,test,1.8226,-1.8671,2,1
global,freq+sd+ref+aging+sfreq+idle+age+dirty,F+K,8,graph,val,1.6836,-1.7703,2,1
global,freq+sd+ref+aging+sfreq+idle+age+dirty,F+K,8,kv,test,1.7798,-2.1670,1,0
global,freq+sd+ref+aging+sfreq+idle+age+dirty,F+K,8,kv,val,2.1950,-3.3248,1,0
global,freq+sd+ref+aging+sfreq+idle+age+dirty,F+K,8,matmul,heldout,0.9990,0.0072,2,0
global,freq+sd+ref+aging+sfreq+idle+age+dirty,F+K,8,sort,heldout,0.9673,0.4000,3,0
global,freq+sd+ref+aging+sfreq+idle+age+dirty,F+K,8,sort,test,0.9502,0.4078,2,0
global,freq+sd+ref+aging+sfreq+idle+age+dirty,F+K,8,sort,val,0.9563,0.4012,2,0
global,freq+sd+ref+aging+sfreq+idle+age+dirty+refaults+rdist,F+K,10,btree,heldout,0.8820,0.3168,1,0
global,freq+sd+ref+aging+sfreq+idle+age+dirty+refaults+rdist,F+K,10,graph,test,3.0000,-3.0387,2,2
global,freq+sd+ref+aging+sfreq+idle+age+dirty+refaults+rdist,F+K,10,graph,val,3.0000,-3.0415,2,2
global,freq+sd+ref+aging+sfreq+idle+age+dirty+refaults+rdist,F+K,10,kv,test,1.1511,-0.4199,1,0
global,freq+sd+ref+aging+sfreq+idle+age+dirty+refaults+rdist,F+K,10,kv,val,1.1510,-0.4201,1,0
global,freq+sd+ref+aging+sfreq+idle+age+dirty+refaults+rdist,F+K,10,matmul,heldout,0.9990,0.0035,2,0
global,freq+sd+ref+aging+sfreq+idle+age+dirty+refaults+rdist,F+K,10,sort,heldout,0.9523,0.5828,3,0
global,freq+sd+ref+aging+sfreq+idle+age+dirty+refaults+rdist,F+K,10,sort,test,0.9576,0.4143,2,0
global,freq+sd+ref+aging+sfreq+idle+age+dirty+refaults+rdist,F+K,10,sort,val,0.9644,0.3834,2,0
global,freq+sd+wr,F,3,btree,heldout,0.9500,0.1343,1,0
global,freq+sd+wr,F,3,graph,test,0.8860,0.1600,2,0
global,freq+sd+wr,F,3,graph,val,0.8873,0.1581,2,0
global,freq+sd+wr,F,3,kv,test,0.9691,0.0860,1,0
global,freq+sd+wr,F,3,kv,val,0.9704,0.0824,1,0
global,freq+sd+wr,F,3,matmul,heldout,1.0508,-0.3852,2,0
global,freq+sd+wr,F,3,sort,heldout,1.0000,0.0000,3,0
global,freq+sd+wr,F,3,sort,test,0.9536,0.3501,2,0
global,freq+sd+wr,F,3,sort,val,0.9601,0.3405,2,0
global,freq+sd+wr+ref+aging+sfreq+idle+age+dirty,F+K,9,btree,heldout,1.2022,-0.5428,1,0
global,freq+sd+wr+ref+aging+sfreq+idle+age+dirty,F+K,9,graph,test,2.0484,-2.0474,2,1
global,freq+sd+wr+ref+aging+sfreq+idle+age+dirty,F+K,9,graph,val,1.8101,-1.8613,2,1
global,freq+sd+wr+ref+aging+sfreq+idle+age+dirty,F+K,9,kv,test,1.7414,-2.0604,1,0
global,freq+sd+wr+ref+aging+sfreq+idle+age+dirty,F+K,9,kv,val,2.2816,-3.5658,1,0
global,freq+sd+wr+ref+aging+sfreq+idle+age+dirty,F+K,9,matmul,heldout,0.9990,0.0072,2,0
global,freq+sd+wr+ref+aging+sfreq+idle+age+dirty,F+K,9,sort,heldout,0.9644,0.4344,3,0
global,freq+sd+wr+ref+aging+sfreq+idle+age+dirty,F+K,9,sort,test,0.9495,0.4135,2,0
global,freq+sd+wr+ref+aging+sfreq+idle+age+dirty,F+K,9,sort,val,0.9555,0.4077,2,0
global,freq+sd+wr+ref+aging+sfreq+idle+age+dirty+refaults+rdist,F+K,11,btree,heldout,0.8766,0.3313,1,0
global,freq+sd+wr+ref+aging+sfreq+idle+age+dirty+refaults+rdist,F+K,11,graph,test,3.0000,-3.0387,2,2
global,freq+sd+wr+ref+aging+sfreq+idle+age+dirty+refaults+rdist,F+K,11,graph,val,3.0000,-3.0415,2,2
global,freq+sd+wr+ref+aging+sfreq+idle+age+dirty+refaults+rdist,F+K,11,kv,test,1.1412,-0.3922,1,0
global,freq+sd+wr+ref+aging+sfreq+idle+age+dirty+refaults+rdist,F+K,11,kv,val,1.1515,-0.4214,1,0
global,freq+sd+wr+ref+aging+sfreq+idle+age+dirty+refaults+rdist,F+K,11,matmul,heldout,0.9990,0.0035,2,0
global,freq+sd+wr+ref+aging+sfreq+idle+age+dirty+refaults+rdist,F+K,11,sort,heldout,0.9523,0.5828,3,0
global,freq+sd+wr+ref+aging+sfreq+idle+age+dirty+refaults+rdist,F+K,11,sort,test,0.9457,0.5010,2,0
global,freq+sd+wr+ref+aging+sfreq+idle+age+dirty+refaults+rdist,F+K,11,sort,val,0.9522,0.4833,2,0
global,freq+wr,F,2,btree,heldout,0.8441,0.4185,1,0
global,freq+wr,F,2,graph,test,3.0000,-3.0387,2,2
global,freq+wr,F,2,graph,val,3.0000,-3.0415,2,2
global,freq+wr,F,2,kv,test,1.9947,-2.7641,1,0
global,freq+wr,F,2,kv,val,1.9986,-2.7783,1,0
global,freq+wr,F,2,matmul,heldout,3.0000,-12.8420,2,2
global,freq+wr,F,2,sort,heldout,3.0000,-24.4387,3,3
global,freq+wr,F,2,sort,test,3.0000,-21.1667,2,2
global,freq+wr,F,2,sort,val,3.0000,-21.9114,2,2
global,freq+wr+ref+aging+sfreq+idle+age+dirty,F+K,8,btree,heldout,0.9440,0.1504,1,0
global,freq+wr+ref+aging+sfreq+idle+age+dirty,F+K,8,graph,test,0.7979,0.3071,2,0
global,freq+wr+ref+aging+sfreq+idle+age+dirty,F+K,8,graph,val,0.9441,0.0203,2,0
global,freq+wr+ref+aging+sfreq+idle+age+dirty,F+K,8,kv,test,1.1465,-0.4070,1,0
global,freq+wr+ref+aging+sfreq+idle+age+dirty,F+K,8,kv,val,1.1641,-0.4566,1,0
global,freq+wr+ref+aging+sfreq+idle+age+dirty,F+K,8,matmul,heldout,0.9990,0.0072,2,0
global,freq+wr+ref+aging+sfreq+idle+age+dirty,F+K,8,sort,heldout,0.9629,0.4538,3,0
global,freq+wr+ref+aging+sfreq+idle+age+dirty,F+K,8,sort,test,0.9568,0.3565,2,0
global,freq+wr+ref+aging+sfreq+idle+age+dirty,F+K,8,sort,val,0.9630,0.3440,2,0
global,freq+wr+ref+aging+sfreq+idle+age+dirty+refaults+rdist,F+K,10,btree,heldout,0.9249,0.2016,1,0
global,freq+wr+ref+aging+sfreq+idle+age+dirty+refaults+rdist,F+K,10,graph,test,2.3595,-2.0901,2,0
global,freq+wr+ref+aging+sfreq+idle+age+dirty+refaults+rdist,F+K,10,graph,val,2.3533,-2.0603,2,0
global,freq+wr+ref+aging+sfreq+idle+age+dirty+refaults+rdist,F+K,10,kv,test,1.0872,-0.2422,1,0
global,freq+wr+ref+aging+sfreq+idle+age+dirty+refaults+rdist,F+K,10,kv,val,1.0701,-0.1949,1,0
global,freq+wr+ref+aging+sfreq+idle+age+dirty+refaults+rdist,F+K,10,matmul,heldout,1.0008,-0.0063,2,0
global,freq+wr+ref+aging+sfreq+idle+age+dirty+refaults+rdist,F+K,10,sort,heldout,0.9569,0.5269,3,0
global,freq+wr+ref+aging+sfreq+idle+age+dirty+refaults+rdist,F+K,10,sort,test,0.9640,0.3582,2,0
global,freq+wr+ref+aging+sfreq+idle+age+dirty+refaults+rdist,F+K,10,sort,val,0.9656,0.3636,2,0
global,idle,K,1,btree,heldout,0.9948,0.0140,1,0
global,idle,K,1,graph,test,0.9797,0.0316,2,0
global,idle,K,1,graph,val,0.9779,0.0335,2,0
global,idle,K,1,kv,test,0.9953,0.0131,1,0
global,idle,K,1,kv,val,0.9961,0.0108,1,0
global,idle,K,1,matmul,heldout,0.9990,0.0072,2,0
global,idle,K,1,sort,heldout,1.0000,0.0000,3,0
global,idle,K,1,sort,test,0.9559,0.3329,2,0
global,idle,K,1,sort,val,0.9609,0.3340,2,0
global,idle+age,K,2,btree,heldout,0.9844,0.0419,1,0
global,idle+age,K,2,graph,test,0.8957,0.1632,2,0
global,idle+age,K,2,graph,val,0.8891,0.1719,2,0
global,idle+age,K,2,kv,test,0.9870,0.0363,1,0
global,idle+age,K,2,kv,val,0.9872,0.0356,1,0
global,idle+age,K,2,matmul,heldout,0.9990,0.0072,2,0
global,idle+age,K,2,sort,heldout,1.0000,0.0000,3,0
global,idle+age,K,2,sort,test,0.9622,0.2869,2,0
global,idle+age,K,2,sort,val,0.9687,0.2690,2,0
global,idle+age+dirty,K,3,btree,heldout,0.9771,0.0613,1,0
global,idle+age+dirty,K,3,graph,test,0.9887,0.0235,2,0
global,idle+age+dirty,K,3,graph,val,0.9877,0.0246,2,0
global,idle+age+dirty,K,3,kv,test,0.9831,0.0468,1,0
global,idle+age+dirty,K,3,kv,val,0.9817,0.0508,1,0
global,idle+age+dirty,K,3,matmul,heldout,0.9990,0.0072,2,0
global,idle+age+dirty,K,3,sort,heldout,1.0000,0.0000,3,0
global,idle+age+dirty,K,3,sort,test,0.9653,0.2639,2,0
global,idle+age+dirty,K,3,sort,val,0.9719,0.2431,2,0
global,idle+age+dirty+rdist,K+K+,4,btree,heldout,0.8596,0.3769,1,0
global,idle+age+dirty+rdist,K+K+,4,graph,test,1.3455,-0.4904,2,0
global,idle+age+dirty+rdist,K+K+,4,graph,val,1.3891,-0.5599,2,0
global,idle+age+dirty+rdist,K+K+,4,kv,test,0.9439,0.1558,1,0
global,idle+age+dirty+rdist,K+K+,4,kv,val,0.9533,0.1298,1,0
global,idle+age+dirty+rdist,K+K+,4,matmul,heldout,0.9132,0.5199,2,0
global,idle+age+dirty+rdist,K+K+,4,sort,heldout,1.8960,-10.9484,3,0
global,idle+age+dirty+rdist,K+K+,4,sort,test,1.8211,-8.9606,2,0
global,idle+age+dirty+rdist,K+K+,4,sort,val,1.8362,-9.3424,2,0
global,idle+age+dirty+refaults,K+K+,4,btree,heldout,0.9138,0.2315,1,0
global,idle+age+dirty+refaults,K+K+,4,graph,test,0.9739,-0.0352,2,0
global,idle+age+dirty+refaults,K+K+,4,graph,val,0.9633,-0.0075,2,0
global,idle+age+dirty+refaults,K+K+,4,kv,test,0.9522,0.1327,1,0
global,idle+age+dirty+refaults,K+K+,4,kv,val,0.9546,0.1263,1,0
global,idle+age+dirty+refaults,K+K+,4,matmul,heldout,1.2036,-1.4466,2,0
global,idle+age+dirty+refaults,K+K+,4,sort,heldout,1.0000,0.0000,3,0
global,idle+age+dirty+refaults,K+K+,4,sort,test,1.0189,-0.1441,2,0
global,idle+age+dirty+refaults,K+K+,4,sort,val,1.0221,-0.1855,2,0
global,idle+age+dirty+refaults+rdist,K+K+,5,btree,heldout,0.8654,0.3612,1,0
global,idle+age+dirty+refaults+rdist,K+K+,5,graph,test,1.0397,-0.1797,2,0
global,idle+age+dirty+refaults+rdist,K+K+,5,graph,val,1.0385,-0.1878,2,0
global,idle+age+dirty+refaults+rdist,K+K+,5,kv,test,0.9300,0.1945,1,0
global,idle+age+dirty+refaults+rdist,K+K+,5,kv,val,0.9339,0.1839,1,0
global,idle+age+dirty+refaults+rdist,K+K+,5,matmul,heldout,1.3232,-2.6270,2,0
global,idle+age+dirty+refaults+rdist,K+K+,5,sort,heldout,1.8951,-10.9376,3,0
global,idle+age+dirty+refaults+rdist,K+K+,5,sort,test,1.8677,-9.3152,2,0
global,idle+age+dirty+refaults+rdist,K+K+,5,sort,val,1.8730,-9.6556,2,0
global,idle+age+rdist,K+K+,3,btree,heldout,0.8659,0.3600,1,0
global,idle+age+rdist,K+K+,3,graph,test,0.7707,0.3539,2,0
global,idle+age+rdist,K+K+,3,graph,val,0.7689,0.3594,2,0
global,idle+age+rdist,K+K+,3,kv,test,0.9477,0.1455,1,0
global,idle+age+rdist,K+K+,3,kv,val,0.9533,0.1300,1,0
global,idle+age+rdist,K+K+,3,matmul,heldout,0.9388,0.3181,2,0
global,idle+age+rdist,K+K+,3,sort,heldout,1.8962,-10.9505,3,0
global,idle+age+rdist,K+K+,3,sort,test,1.8159,-8.9305,2,0
global,idle+age+rdist,K+K+,3,sort,val,1.8263,-9.2673,2,0
global,idle+age+refaults,K+K+,3,btree,heldout,0.9157,0.2262,1,0
global,idle+age+refaults,K+K+,3,graph,test,1.0154,-0.1287,2,0
global,idle+age+refaults,K+K+,3,graph,val,1.0097,-0.1110,2,0
global,idle+age+refaults,K+K+,3,kv,test,0.9557,0.1232,1,0
global,idle+age+refaults,K+K+,3,kv,val,0.9589,0.1142,1,0
global,idle+age+refaults,K+K+,3,matmul,heldout,1.1748,-1.2151,2,0
global,idle+age+refaults,K+K+,3,sort,heldout,1.0000,0.0000,3,0
global,idle+age+refaults,K+K+,3,sort,test,1.0056,-0.0407,2,0
global,idle+age+refaults,K+K+,3,sort,val,1.0124,-0.1011,2,0
global,idle+age+refaults+rdist,K+K+,4,btree,heldout,0.8645,0.3637,1,0
global,idle+age+refaults+rdist,K+K+,4,graph,test,1.0871,-0.3265,2,0
global,idle+age+refaults+rdist,K+K+,4,graph,val,1.0896,-0.3278,2,0
global,idle+age+refaults+rdist,K+K+,4,kv,test,0.9399,0.1671,1,0
global,idle+age+refaults+rdist,K+K+,4,kv,val,0.9438,0.1563,1,0
global,idle+age+refaults+rdist,K+K+,4,matmul,heldout,1.0891,-0.6128,2,0
global,idle+age+refaults+rdist,K+K+,4,sort,heldout,1.8977,-10.9699,3,0
global,idle+age+refaults+rdist,K+K+,4,sort,test,1.8222,-8.9814,2,0
global,idle+age+refaults+rdist,K+K+,4,sort,val,1.8334,-9.3297,2,0
global,idle+dirty,K,2,btree,heldout,0.9907,0.0250,1,0
global,idle+dirty,K,2,graph,test,1.0399,-0.0582,2,0
global,idle+dirty,K,2,graph,val,1.0394,-0.0583,2,0
global,idle+dirty,K,2,kv,test,0.9942,0.0162,1,0
global,idle+dirty,K,2,kv,val,0.9936,0.0179,1,0
global,idle+dirty,K,2,matmul,heldout,0.9990,0.0072,2,0
global,idle+dirty,K,2,sort,heldout,1.0000,0.0000,3,0
global,idle+dirty,K,2,sort,test,0.9630,0.2812,2,0
global,idle+dirty,K,2,sort,val,0.9695,0.2625,2,0
global,idle+dirty+rdist,K+K+,3,btree,heldout,0.8718,0.3441,1,0
global,idle+dirty+rdist,K+K+,3,graph,test,1.7252,-1.0806,2,0
global,idle+dirty+rdist,K+K+,3,graph,val,1.7344,-1.0941,2,0
global,idle+dirty+rdist,K+K+,3,kv,test,0.9515,0.1349,1,0
global,idle+dirty+rdist,K+K+,3,kv,val,0.9576,0.1181,1,0
global,idle+dirty+rdist,K+K+,3,matmul,heldout,0.9658,0.1810,2,0
global,idle+dirty+rdist,K+K+,3,sort,heldout,1.8956,-10.9441,3,0
global,idle+dirty+rdist,K+K+,3,sort,test,1.8219,-8.9712,2,0
global,idle+dirty+rdist,K+K+,3,sort,val,1.8370,-9.3529,2,0
global,idle+dirty+refaults,K+K+,3,btree,heldout,0.9623,0.1012,1,0
global,idle+dirty+refaults,K+K+,3,graph,test,0.8040,0.3187,2,0
global,idle+dirty+refaults,K+K+,3,graph,val,0.8066,0.3152,2,0
global,idle+dirty+refaults,K+K+,3,kv,test,0.9885,0.0318,1,0
global,idle+dirty+refaults,K+K+,3,kv,val,0.9907,0.0258,1,0
global,idle+dirty+refaults,K+K+,3,matmul,heldout,1.1487,-1.0491,2,0
global,idle+dirty+refaults,K+K+,3,sort,heldout,1.0000,0.0000,3,0
global,idle+dirty+refaults,K+K+,3,sort,test,0.9575,0.3165,2,0
global,idle+dirty+refaults,K+K+,3,sort,val,0.9636,0.3092,2,0
global,idle+dirty+refaults+rdist,K+K+,4,btree,heldout,0.8966,0.2777,1,0
global,idle+dirty+refaults+rdist,K+K+,4,graph,test,0.8636,0.2250,2,0
global,idle+dirty+refaults+rdist,K+K+,4,graph,val,0.8668,0.2220,2,0
global,idle+dirty+refaults+rdist,K+K+,4,kv,test,0.9319,0.1893,1,0
global,idle+dirty+refaults+rdist,K+K+,4,kv,val,0.9380,0.1724,1,0
global,idle+dirty+refaults+rdist,K+K+,4,matmul,heldout,1.0624,-0.4360,2,0
global,idle+dirty+refaults+rdist,K+K+,4,sort,heldout,1.8977,-10.9699,3,0
global,idle+dirty+refaults+rdist,K+K+,4,sort,test,1.8167,-8.9412,2,0
global,idle+dirty+refaults+rdist,K+K+,4,sort,val,1.8270,-9.2778,2,0
global,idle+rdist,K+K+,2,btree,heldout,0.8771,0.3300,1,0
global,idle+rdist,K+K+,2,graph,test,0.8011,0.3027,2,0
global,idle+rdist,K+K+,2,graph,val,0.8014,0.3033,2,0
global,idle+rdist,K+K+,2,kv,test,0.9492,0.1411,1,0
global,idle+rdist,K+K+,2,kv,val,0.9557,0.1233,1,0
global,idle+rdist,K+K+,2,matmul,heldout,0.9639,0.1953,2,0
global,idle+rdist,K+K+,2,sort,heldout,1.8956,-10.9441,3,0
global,idle+rdist,K+K+,2,sort,test,1.8159,-8.9305,2,0
global,idle+rdist,K+K+,2,sort,val,1.8263,-9.2673,2,0
global,idle+refaults,K+K+,2,btree,heldout,0.9619,0.1024,1,0
global,idle+refaults,K+K+,2,graph,test,0.8023,0.3203,2,0
global,idle+refaults,K+K+,2,graph,val,0.8037,0.3188,2,0
global,idle+refaults,K+K+,2,kv,test,0.9877,0.0342,1,0
global,idle+refaults,K+K+,2,kv,val,0.9886,0.0316,1,0
global,idle+refaults,K+K+,2,matmul,heldout,1.1501,-1.0637,2,0
global,idle+refaults,K+K+,2,sort,heldout,1.0000,0.0000,3,0
global,idle+refaults,K+K+,2,sort,test,0.9567,0.3272,2,0
global,idle+refaults,K+K+,2,sort,val,0.9632,0.3145,2,0
global,idle+refaults+rdist,K+K+,3,btree,heldout,0.8951,0.2816,1,0
global,idle+refaults+rdist,K+K+,3,graph,test,0.8790,0.1980,2,0
global,idle+refaults+rdist,K+K+,3,graph,val,0.8195,0.2783,2,0
global,idle+refaults+rdist,K+K+,3,kv,test,0.9318,0.1895,1,0
global,idle+refaults+rdist,K+K+,3,kv,val,0.9373,0.1746,1,0
global,idle+refaults+rdist,K+K+,3,matmul,heldout,1.0579,-0.3994,2,0
global,idle+refaults+rdist,K+K+,3,sort,heldout,1.8977,-10.9699,3,0
global,idle+refaults+rdist,K+K+,3,sort,test,1.8175,-8.9469,2,0
global,idle+refaults+rdist,K+K+,3,sort,val,1.8286,-9.2908,2,0
global,rdist,K+K+,1,btree,heldout,1.6477,-1.7386,1,0
global,rdist,K+K+,1,graph,test,3.0000,-3.0387,2,2
global,rdist,K+K+,1,graph,val,3.0000,-3.0415,2,2
global,rdist,K+K+,1,kv,test,3.0000,-5.5578,1,1
global,rdist,K+K+,1,kv,val,3.0000,-5.5644,1,1
global,rdist,K+K+,1,matmul,heldout,2.2200,-9.2223,2,1
global,rdist,K+K+,1,sort,heldout,3.0000,-24.4387,3,3
global,rdist,K+K+,1,sort,test,3.0000,-21.1667,2,2
global,rdist,K+K+,1,sort,val,3.0000,-21.9114,2,2
global,rec,F,1,btree,heldout,0.9945,0.0146,1,0
global,rec,F,1,graph,test,0.9786,0.0333,2,0
global,rec,F,1,graph,val,0.9775,0.0343,2,0
global,rec,F,1,kv,test,0.9945,0.0153,1,0
global,rec,F,1,kv,val,0.9952,0.0134,1,0
global,rec,F,1,matmul,heldout,0.9990,0.0072,2,0
global,rec,F,1,sort,heldout,1.0000,0.0000,3,0
global,rec,F,1,sort,test,0.9536,0.3501,2,0
global,rec,F,1,sort,val,0.9601,0.3405,2,0
global,rec+freq,F,2,btree,heldout,0.9617,0.1029,1,0
global,rec+freq,F,2,graph,test,0.8209,0.2911,2,0
global,rec+freq,F,2,graph,val,0.8175,0.2961,2,0
global,rec+freq,F,2,kv,test,0.9783,0.0602,1,0
global,rec+freq,F,2,kv,val,0.9784,0.0602,1,0
global,rec+freq,F,2,matmul,heldout,1.0042,-0.0318,2,0
global,rec+freq,F,2,sort,heldout,1.0000,0.0000,3,0
global,rec+freq,F,2,sort,test,0.9536,0.3501,2,0
global,rec+freq,F,2,sort,val,0.9601,0.3405,2,0
global,rec+freq+ref+aging+sfreq+idle+age+dirty,F+K,8,btree,heldout,0.8764,0.3319,1,0
global,rec+freq+ref+aging+sfreq+idle+age+dirty,F+K,8,graph,test,0.6560,0.5396,2,0
global,rec+freq+ref+aging+sfreq+idle+age+dirty,F+K,8,graph,val,0.6490,0.5511,2,0
global,rec+freq+ref+aging+sfreq+idle+age+dirty,F+K,8,kv,test,0.9492,0.1412,1,0
global,rec+freq+ref+aging+sfreq+idle+age+dirty,F+K,8,kv,val,0.9548,0.1256,1,0
global,rec+freq+ref+aging+sfreq+idle+age+dirty,F+K,8,matmul,heldout,1.0080,-0.0576,2,0
global,rec+freq+ref+aging+sfreq+idle+age+dirty,F+K,8,sort,heldout,1.0000,0.0000,3,0
global,rec+freq+ref+aging+sfreq+idle+age+dirty,F+K,8,sort,test,0.9552,0.3387,2,0
global,rec+freq+ref+aging+sfreq+idle+age+dirty,F+K,8,sort,val,0.9601,0.3405,2,0
global,rec+freq+ref+aging+sfreq+idle+age+dirty+refaults+rdist,F+K,10,btree,heldout,0.8449,0.4165,1,0
global,rec+freq+ref+aging+sfreq+idle+age+dirty+refaults+rdist,F+K,10,graph,test,0.6598,0.5335,2,0
global,rec+freq+ref+aging+sfreq+idle+age+dirty+refaults+rdist,F+K,10,graph,val,0.6557,0.5406,2,0
global,rec+freq+ref+aging+sfreq+idle+age+dirty+refaults+rdist,F+K,10,kv,test,0.9638,0.1005,1,0
global,rec+freq+ref+aging+sfreq+idle+age+dirty+refaults+rdist,F+K,10,kv,val,0.9692,0.0856,1,0
global,rec+freq+ref+aging+sfreq+idle+age+dirty+refaults+rdist,F+K,10,matmul,heldout,1.0013,-0.0098,2,0
global,rec+freq+ref+aging+sfreq+idle+age+dirty+refaults+rdist,F+K,10,sort,heldout,0.9564,0.5333,3,0
global,rec+freq+ref+aging+sfreq+idle+age+dirty+refaults+rdist,F+K,10,sort,test,0.9457,0.4618,2,0
global,rec+freq+ref+aging+sfreq+idle+age+dirty+refaults+rdist,F+K,10,sort,val,0.9517,0.4563,2,0
global,rec+freq+sd,F,3,btree,heldout,0.9321,0.1824,1,0
global,rec+freq+sd,F,3,graph,test,0.7409,0.4130,2,0
global,rec+freq+sd,F,3,graph,val,0.7378,0.4184,2,0
global,rec+freq+sd,F,3,kv,test,0.9639,0.1003,1,0
global,rec+freq+sd,F,3,kv,val,0.9656,0.0956,1,0
global,rec+freq+sd,F,3,matmul,heldout,1.0046,-0.0345,2,0
global,rec+freq+sd,F,3,sort,heldout,1.0000,0.0000,3,0
global,rec+freq+sd,F,3,sort,test,0.9536,0.3501,2,0
global,rec+freq+sd,F,3,sort,val,0.9601,0.3405,2,0
global,rec+freq+sd+ref+aging+sfreq+idle+age+dirty,F+K,9,btree,heldout,0.8731,0.3408,1,0
global,rec+freq+sd+ref+aging+sfreq+idle+age+dirty,F+K,9,graph,test,0.6550,0.5411,2,0
global,rec+freq+sd+ref+aging+sfreq+idle+age+dirty,F+K,9,graph,val,0.6510,0.5481,2,0
global,rec+freq+sd+ref+aging+sfreq+idle+age+dirty,F+K,9,kv,test,0.9498,0.1395,1,0
global,rec+freq+sd+ref+aging+sfreq+idle+age+dirty,F+K,9,kv,val,0.9562,0.1218,1,0
global,rec+freq+sd+ref+aging+sfreq+idle+age+dirty,F+K,9,matmul,heldout,1.0082,-0.0586,2,0
global,rec+freq+sd+ref+aging+sfreq+idle+age+dirty,F+K,9,sort,heldout,1.0000,0.0000,3,0
global,rec+freq+sd+ref+aging+sfreq+idle+age+dirty,F+K,9,sort,test,0.9536,0.3501,2,0
global,rec+freq+sd+ref+aging+sfreq+idle+age+dirty,F+K,9,sort,val,0.9601,0.3405,2,0
global,rec+freq+sd+ref+aging+sfreq+idle+age+dirty+refaults+rdist,F+K,11,btree,heldout,0.8509,0.4004,1,0
global,rec+freq+sd+ref+aging+sfreq+idle+age+dirty+refaults+rdist,F+K,11,graph,test,0.7082,0.4565,2,0
global,rec+freq+sd+ref+aging+sfreq+idle+age+dirty+refaults+rdist,F+K,11,graph,val,0.6712,0.5170,2,0
global,rec+freq+sd+ref+aging+sfreq+idle+age+dirty+refaults+rdist,F+K,11,kv,test,0.9819,0.0504,1,0
global,rec+freq+sd+ref+aging+sfreq+idle+age+dirty+refaults+rdist,F+K,11,kv,val,0.9865,0.0377,1,0
global,rec+freq+sd+ref+aging+sfreq+idle+age+dirty+refaults+rdist,F+K,11,matmul,heldout,0.9716,0.1464,2,0
global,rec+freq+sd+ref+aging+sfreq+idle+age+dirty+refaults+rdist,F+K,11,sort,heldout,0.9549,0.5505,3,0
global,rec+freq+sd+ref+aging+sfreq+idle+age+dirty+refaults+rdist,F+K,11,sort,test,0.9411,0.5257,2,0
global,rec+freq+sd+ref+aging+sfreq+idle+age+dirty+refaults+rdist,F+K,11,sort,val,0.9471,0.5194,2,0
global,rec+freq+sd+wr,F,4,btree,heldout,0.9319,0.1827,1,0
global,rec+freq+sd+wr,F,4,graph,test,0.7411,0.4126,2,0
global,rec+freq+sd+wr,F,4,graph,val,0.7381,0.4180,2,0
global,rec+freq+sd+wr,F,4,kv,test,0.9640,0.1002,1,0
global,rec+freq+sd+wr,F,4,kv,val,0.9657,0.0955,1,0
global,rec+freq+sd+wr,F,4,matmul,heldout,1.0046,-0.0345,2,0
global,rec+freq+sd+wr,F,4,sort,heldout,1.0000,0.0000,3,0
global,rec+freq+sd+wr,F,4,sort,test,0.9536,0.3501,2,0
global,rec+freq+sd+wr,F,4,sort,val,0.9601,0.3405,2,0
global,rec+freq+sd+wr+ref+aging+sfreq+idle+age+dirty,F+K,10,btree,heldout,0.8769,0.3306,1,0
global,rec+freq+sd+wr+ref+aging+sfreq+idle+age+dirty,F+K,10,graph,test,0.6525,0.5450,2,0
global,rec+freq+sd+wr+ref+aging+sfreq+idle+age+dirty,F+K,10,graph,val,0.6490,0.5510,2,0
global,rec+freq+sd+wr+ref+aging+sfreq+idle+age+dirty,F+K,10,kv,test,0.9498,0.1395,1,0
global,rec+freq+sd+wr+ref+aging+sfreq+idle+age+dirty,F+K,10,kv,val,0.9565,0.1212,1,0
global,rec+freq+sd+wr+ref+aging+sfreq+idle+age+dirty,F+K,10,matmul,heldout,1.0080,-0.0569,2,0
global,rec+freq+sd+wr+ref+aging+sfreq+idle+age+dirty,F+K,10,sort,heldout,1.0000,0.0000,3,0
global,rec+freq+sd+wr+ref+aging+sfreq+idle+age+dirty,F+K,10,sort,test,0.9536,0.3501,2,0
global,rec+freq+sd+wr+ref+aging+sfreq+idle+age+dirty,F+K,10,sort,val,0.9601,0.3405,2,0
global,rec+freq+sd+wr+ref+aging+sfreq+idle+age+dirty+refaults+rdist,F+K,12,btree,heldout,0.8521,0.3969,1,0
global,rec+freq+sd+wr+ref+aging+sfreq+idle+age+dirty+refaults+rdist,F+K,12,graph,test,0.6909,0.4848,2,0
global,rec+freq+sd+wr+ref+aging+sfreq+idle+age+dirty+refaults+rdist,F+K,12,graph,val,0.6838,0.4972,2,0
global,rec+freq+sd+wr+ref+aging+sfreq+idle+age+dirty+refaults+rdist,F+K,12,kv,test,0.9800,0.0557,1,0
global,rec+freq+sd+wr+ref+aging+sfreq+idle+age+dirty+refaults+rdist,F+K,12,kv,val,0.9857,0.0397,1,0
global,rec+freq+sd+wr+ref+aging+sfreq+idle+age+dirty+refaults+rdist,F+K,12,matmul,heldout,0.9716,0.1464,2,0
global,rec+freq+sd+wr+ref+aging+sfreq+idle+age+dirty+refaults+rdist,F+K,12,sort,heldout,0.9549,0.5505,3,0
global,rec+freq+sd+wr+ref+aging+sfreq+idle+age+dirty+refaults+rdist,F+K,12,sort,test,0.9445,0.4778,2,0
global,rec+freq+sd+wr+ref+aging+sfreq+idle+age+dirty+refaults+rdist,F+K,12,sort,val,0.9505,0.4720,2,0
global,rec+freq+wr,F,3,btree,heldout,0.9652,0.0933,1,0
global,rec+freq+wr,F,3,graph,test,0.7982,0.3255,2,0
global,rec+freq+wr,F,3,graph,val,0.7952,0.3300,2,0
global,rec+freq+wr,F,3,kv,test,0.9783,0.0602,1,0
global,rec+freq+wr,F,3,kv,val,0.9785,0.0598,1,0
global,rec+freq+wr,F,3,matmul,heldout,1.0041,-0.0308,2,0
global,rec+freq+wr,F,3,sort,heldout,1.0000,0.0000,3,0
global,rec+freq+wr,F,3,sort,test,0.9536,0.3501,2,0
global,rec+freq+wr,F,3,sort,val,0.9601,0.3405,2,0
global,rec+freq+wr+ref+aging+sfreq+idle+age+dirty,F+K,9,btree,heldout,0.8793,0.3241,1,0
global,rec+freq+wr+ref+aging+sfreq+idle+age+dirty,F+K,9,graph,test,0.6558,0.5398,2,0
global,rec+freq+wr+ref+aging+sfreq+idle+age+dirty,F+K,9,graph,val,0.6518,0.5469,2,0
global,rec+freq+wr+ref+aging+sfreq+idle+age+dirty,F+K,9,kv,test,0.9491,0.1416,1,0
global,rec+freq+wr+ref+aging+sfreq+idle+age+dirty,F+K,9,kv,val,0.9549,0.1254,1,0
global,rec+freq+wr+ref+aging+sfreq+idle+age+dirty,F+K,9,matmul,heldout,1.0078,-0.0559,2,0
global,rec+freq+wr+ref+aging+sfreq+idle+age+dirty,F+K,9,sort,heldout,1.0000,0.0000,3,0
global,rec+freq+wr+ref+aging+sfreq+idle+age+dirty,F+K,9,sort,test,0.9552,0.3387,2,0
global,rec+freq+wr+ref+aging+sfreq+idle+age+dirty,F+K,9,sort,val,0.9601,0.3405,2,0
global,rec+freq+wr+ref+aging+sfreq+idle+age+dirty+refaults+rdist,F+K,11,btree,heldout,0.8412,0.4262,1,0
global,rec+freq+wr+ref+aging+sfreq+idle+age+dirty+refaults+rdist,F+K,11,graph,test,0.6599,0.5333,2,0
global,rec+freq+wr+ref+aging+sfreq+idle+age+dirty+refaults+rdist,F+K,11,graph,val,0.6580,0.5371,2,0
global,rec+freq+wr+ref+aging+sfreq+idle+age+dirty+refaults+rdist,F+K,11,kv,test,0.9632,0.1023,1,0
global,rec+freq+wr+ref+aging+sfreq+idle+age+dirty+refaults+rdist,F+K,11,kv,val,0.9680,0.0892,1,0
global,rec+freq+wr+ref+aging+sfreq+idle+age+dirty+refaults+rdist,F+K,11,matmul,heldout,1.0013,-0.0098,2,0
global,rec+freq+wr+ref+aging+sfreq+idle+age+dirty+refaults+rdist,F+K,11,sort,heldout,0.9569,0.5269,3,0
global,rec+freq+wr+ref+aging+sfreq+idle+age+dirty+refaults+rdist,F+K,11,sort,test,0.9457,0.4618,2,0
global,rec+freq+wr+ref+aging+sfreq+idle+age+dirty+refaults+rdist,F+K,11,sort,val,0.9517,0.4563,2,0
global,rec+ref+aging+sfreq+idle+age+dirty,F+K,7,btree,heldout,0.9548,0.1212,1,0
global,rec+ref+aging+sfreq+idle+age+dirty,F+K,7,graph,test,0.6903,0.4849,2,0
global,rec+ref+aging+sfreq+idle+age+dirty,F+K,7,graph,val,0.6907,0.4856,2,0
global,rec+ref+aging+sfreq+idle+age+dirty,F+K,7,kv,test,0.9667,0.0925,1,0
global,rec+ref+aging+sfreq+idle+age+dirty,F+K,7,kv,val,0.9659,0.0950,1,0
global,rec+ref+aging+sfreq+idle+age+dirty,F+K,7,matmul,heldout,0.9990,0.0072,2,0
global,rec+ref+aging+sfreq+idle+age+dirty,F+K,7,sort,heldout,1.0000,0.0000,3,0
global,rec+ref+aging+sfreq+idle+age+dirty,F+K,7,sort,test,0.9536,0.3501,2,0
global,rec+ref+aging+sfreq+idle+age+dirty,F+K,7,sort,val,0.9601,0.3405,2,0
global,rec+ref+aging+sfreq+idle+age+dirty+refaults+rdist,F+K,9,btree,heldout,0.8423,0.4233,1,0
global,rec+ref+aging+sfreq+idle+age+dirty+refaults+rdist,F+K,9,graph,test,0.7071,0.4580,2,0
global,rec+ref+aging+sfreq+idle+age+dirty+refaults+rdist,F+K,9,graph,val,0.6753,0.5104,2,0
global,rec+ref+aging+sfreq+idle+age+dirty+refaults+rdist,F+K,9,kv,test,0.9644,0.0989,1,0
global,rec+ref+aging+sfreq+idle+age+dirty+refaults+rdist,F+K,9,kv,val,0.9683,0.0881,1,0
global,rec+ref+aging+sfreq+idle+age+dirty+refaults+rdist,F+K,9,matmul,heldout,1.0009,-0.0065,2,0
global,rec+ref+aging+sfreq+idle+age+dirty+refaults+rdist,F+K,9,sort,heldout,0.9556,0.5419,3,0
global,rec+ref+aging+sfreq+idle+age+dirty+refaults+rdist,F+K,9,sort,test,0.9457,0.4618,2,0
global,rec+ref+aging+sfreq+idle+age+dirty+refaults+rdist,F+K,9,sort,val,0.9517,0.4563,2,0
global,rec+sd,F,2,btree,heldout,0.9945,0.0146,1,0
global,rec+sd,F,2,graph,test,0.9788,0.0331,2,0
global,rec+sd,F,2,graph,val,0.9776,0.0340,2,0
global,rec+sd,F,2,kv,test,0.9946,0.0149,1,0
global,rec+sd,F,2,kv,val,0.9953,0.0131,1,0
global,rec+sd,F,2,matmul,heldout,0.9990,0.0072,2,0
global,rec+sd,F,2,sort,heldout,1.0000,0.0000,3,0
global,rec+sd,F,2,sort,test,0.9536,0.3501,2,0
global,rec+sd,F,2,sort,val,0.9601,0.3405,2,0
global,rec+sd+ref+aging+sfreq+idle+age+dirty,F+K,8,btree,heldout,0.9427,0.1538,1,0
global,rec+sd+ref+aging+sfreq+idle+age+dirty,F+K,8,graph,test,0.6844,0.4942,2,0
global,rec+sd+ref+aging+sfreq+idle+age+dirty,F+K,8,graph,val,0.6911,0.4846,2,0
global,rec+sd+ref+aging+sfreq+idle+age+dirty,F+K,8,kv,test,0.9637,0.1010,1,0
global,rec+sd+ref+aging+sfreq+idle+age+dirty,F+K,8,kv,val,0.9642,0.0996,1,0
global,rec+sd+ref+aging+sfreq+idle+age+dirty,F+K,8,matmul,heldout,0.9990,0.0072,2,0
global,rec+sd+ref+aging+sfreq+idle+age+dirty,F+K,8,sort,heldout,1.0000,0.0000,3,0
global,rec+sd+ref+aging+sfreq+idle+age+dirty,F+K,8,sort,test,0.9536,0.3501,2,0
global,rec+sd+ref+aging+sfreq+idle+age+dirty,F+K,8,sort,val,0.9601,0.3405,2,0
global,rec+sd+ref+aging+sfreq+idle+age+dirty+refaults+rdist,F+K,10,btree,heldout,0.8480,0.4081,1,0
global,rec+sd+ref+aging+sfreq+idle+age+dirty+refaults+rdist,F+K,10,graph,test,0.8690,0.1679,2,0
global,rec+sd+ref+aging+sfreq+idle+age+dirty+refaults+rdist,F+K,10,graph,val,0.7977,0.3081,2,0
global,rec+sd+ref+aging+sfreq+idle+age+dirty+refaults+rdist,F+K,10,kv,test,0.9855,0.0404,1,0
global,rec+sd+ref+aging+sfreq+idle+age+dirty+refaults+rdist,F+K,10,kv,val,0.9941,0.0165,1,0
global,rec+sd+ref+aging+sfreq+idle+age+dirty+refaults+rdist,F+K,10,matmul,heldout,0.9711,0.1496,2,0
global,rec+sd+ref+aging+sfreq+idle+age+dirty+refaults+rdist,F+K,10,sort,heldout,0.9551,0.5484,3,0
global,rec+sd+ref+aging+sfreq+idle+age+dirty+refaults+rdist,F+K,10,sort,test,0.9445,0.4778,2,0
global,rec+sd+ref+aging+sfreq+idle+age+dirty+refaults+rdist,F+K,10,sort,val,0.9505,0.4720,2,0
global,rec+sd+wr,F,3,btree,heldout,0.9912,0.0236,1,0
global,rec+sd+wr,F,3,graph,test,0.9962,0.0057,2,0
global,rec+sd+wr,F,3,graph,val,0.9954,0.0060,2,0
global,rec+sd+wr,F,3,kv,test,0.9958,0.0118,1,0
global,rec+sd+wr,F,3,kv,val,0.9958,0.0118,1,0
global,rec+sd+wr,F,3,matmul,heldout,0.9990,0.0072,2,0
global,rec+sd+wr,F,3,sort,heldout,1.0000,0.0000,3,0
global,rec+sd+wr,F,3,sort,test,0.9536,0.3501,2,0
global,rec+sd+wr,F,3,sort,val,0.9601,0.3405,2,0
global,rec+sd+wr+ref+aging+sfreq+idle+age+dirty,F+K,9,btree,heldout,0.9498,0.1347,1,0
global,rec+sd+wr+ref+aging+sfreq+idle+age+dirty,F+K,9,graph,test,0.6875,0.4891,2,0
global,rec+sd+wr+ref+aging+sfreq+idle+age+dirty,F+K,9,graph,val,0.6824,0.4986,2,0
global,rec+sd+wr+ref+aging+sfreq+idle+age+dirty,F+K,9,kv,test,0.9634,0.1016,1,0
global,rec+sd+wr+ref+aging+sfreq+idle+age+dirty,F+K,9,kv,val,0.9647,0.0981,1,0
global,rec+sd+wr+ref+aging+sfreq+idle+age+dirty,F+K,9,matmul,heldout,0.9990,0.0072,2,0
global,rec+sd+wr+ref+aging+sfreq+idle+age+dirty,F+K,9,sort,heldout,1.0000,0.0000,3,0
global,rec+sd+wr+ref+aging+sfreq+idle+age+dirty,F+K,9,sort,test,0.9536,0.3501,2,0
global,rec+sd+wr+ref+aging+sfreq+idle+age+dirty,F+K,9,sort,val,0.9601,0.3405,2,0
global,rec+sd+wr+ref+aging+sfreq+idle+age+dirty+refaults+rdist,F+K,11,btree,heldout,0.8470,0.4106,1,0
global,rec+sd+wr+ref+aging+sfreq+idle+age+dirty+refaults+rdist,F+K,11,graph,test,0.8521,0.2034,2,0
global,rec+sd+wr+ref+aging+sfreq+idle+age+dirty+refaults+rdist,F+K,11,graph,val,0.7842,0.3297,2,0
global,rec+sd+wr+ref+aging+sfreq+idle+age+dirty+refaults+rdist,F+K,11,kv,test,0.9848,0.0422,1,0
global,rec+sd+wr+ref+aging+sfreq+idle+age+dirty+refaults+rdist,F+K,11,kv,val,0.9882,0.0329,1,0
global,rec+sd+wr+ref+aging+sfreq+idle+age+dirty+refaults+rdist,F+K,11,matmul,heldout,0.9711,0.1496,2,0
global,rec+sd+wr+ref+aging+sfreq+idle+age+dirty+refaults+rdist,F+K,11,sort,heldout,0.9579,0.5140,3,0
global,rec+sd+wr+ref+aging+sfreq+idle+age+dirty+refaults+rdist,F+K,11,sort,test,0.9445,0.4778,2,0
global,rec+sd+wr+ref+aging+sfreq+idle+age+dirty+refaults+rdist,F+K,11,sort,val,0.9505,0.4720,2,0
global,rec+wr,F,2,btree,heldout,0.9942,0.0156,1,0
global,rec+wr,F,2,graph,test,0.9810,0.0296,2,0
global,rec+wr,F,2,graph,val,0.9801,0.0302,2,0
global,rec+wr,F,2,kv,test,0.9946,0.0149,1,0
global,rec+wr,F,2,kv,val,0.9954,0.0128,1,0
global,rec+wr,F,2,matmul,heldout,0.9990,0.0072,2,0
global,rec+wr,F,2,sort,heldout,1.0000,0.0000,3,0
global,rec+wr,F,2,sort,test,0.9536,0.3501,2,0
global,rec+wr,F,2,sort,val,0.9601,0.3405,2,0
global,rec+wr+ref+aging+sfreq+idle+age+dirty,F+K,8,btree,heldout,0.9543,0.1228,1,0
global,rec+wr+ref+aging+sfreq+idle+age+dirty,F+K,8,graph,test,0.6903,0.4849,2,0
global,rec+wr+ref+aging+sfreq+idle+age+dirty,F+K,8,graph,val,0.6930,0.4819,2,0
global,rec+wr+ref+aging+sfreq+idle+age+dirty,F+K,8,kv,test,0.9667,0.0926,1,0
global,rec+wr+ref+aging+sfreq+idle+age+dirty,F+K,8,kv,val,0.9659,0.0950,1,0
global,rec+wr+ref+aging+sfreq+idle+age+dirty,F+K,8,matmul,heldout,0.9990,0.0072,2,0
global,rec+wr+ref+aging+sfreq+idle+age+dirty,F+K,8,sort,heldout,1.0000,0.0000,3,0
global,rec+wr+ref+aging+sfreq+idle+age+dirty,F+K,8,sort,test,0.9536,0.3501,2,0
global,rec+wr+ref+aging+sfreq+idle+age+dirty,F+K,8,sort,val,0.9601,0.3405,2,0
global,rec+wr+ref+aging+sfreq+idle+age+dirty+refaults+rdist,F+K,10,btree,heldout,0.8362,0.4398,1,0
global,rec+wr+ref+aging+sfreq+idle+age+dirty+refaults+rdist,F+K,10,graph,test,0.6821,0.4989,2,0
global,rec+wr+ref+aging+sfreq+idle+age+dirty+refaults+rdist,F+K,10,graph,val,0.6801,0.5031,2,0
global,rec+wr+ref+aging+sfreq+idle+age+dirty+refaults+rdist,F+K,10,kv,test,0.9643,0.0991,1,0
global,rec+wr+ref+aging+sfreq+idle+age+dirty+refaults+rdist,F+K,10,kv,val,0.9708,0.0813,1,0
global,rec+wr+ref+aging+sfreq+idle+age+dirty+refaults+rdist,F+K,10,matmul,heldout,1.0009,-0.0065,2,0
global,rec+wr+ref+aging+sfreq+idle+age+dirty+refaults+rdist,F+K,10,sort,heldout,0.9613,0.4731,3,0
global,rec+wr+ref+aging+sfreq+idle+age+dirty+refaults+rdist,F+K,10,sort,test,0.9457,0.4618,2,0
global,rec+wr+ref+aging+sfreq+idle+age+dirty+refaults+rdist,F+K,10,sort,val,0.9517,0.4563,2,0
global,ref,K,1,btree,heldout,1.0736,-0.1975,1,0
global,ref,K,1,graph,test,1.6793,-1.0002,2,0
global,ref,K,1,graph,val,1.6996,-1.0291,2,0
global,ref,K,1,kv,test,1.2287,-0.6354,1,0
global,ref,K,1,kv,val,1.2129,-0.5924,1,0
global,ref,K,1,matmul,heldout,0.9990,0.0072,2,0
global,ref,K,1,sort,heldout,1.0000,0.0000,3,0
global,ref,K,1,sort,test,0.9559,0.3329,2,0
global,ref,K,1,sort,val,0.9609,0.3340,2,0
global,ref+age,K,2,btree,heldout,1.0736,-0.1975,1,0
global,ref+age,K,2,graph,test,1.6793,-1.0002,2,0
global,ref+age,K,2,graph,val,1.6996,-1.0291,2,0
global,ref+age,K,2,kv,test,1.2287,-0.6354,1,0
global,ref+age,K,2,kv,val,1.2129,-0.5924,1,0
global,ref+age,K,2,matmul,heldout,0.9990,0.0072,2,0
global,ref+age,K,2,sort,heldout,1.0000,0.0000,3,0
global,ref+age,K,2,sort,test,0.9559,0.3329,2,0
global,ref+age,K,2,sort,val,0.9609,0.3340,2,0
global,ref+age+dirty,K,3,btree,heldout,1.0538,-0.1445,1,0
global,ref+age+dirty,K,3,graph,test,2.3494,-1.9942,2,1
global,ref+age+dirty,K,3,graph,val,2.3542,-2.0017,2,1
global,ref+age+dirty,K,3,kv,test,1.1584,-0.4401,1,0
global,ref+age+dirty,K,3,kv,val,1.1525,-0.4242,1,0
global,ref+age+dirty,K,3,matmul,heldout,0.9990,0.0072,2,0
global,ref+age+dirty,K,3,sort,heldout,1.0000,0.0000,3,0
global,ref+age+dirty,K,3,sort,test,0.9637,0.2754,2,0
global,ref+age+dirty,K,3,sort,val,0.9703,0.2560,2,0
global,ref+age+dirty+rdist,K+K+,4,btree,heldout,1.4975,-1.3354,1,0
global,ref+age+dirty+rdist,K+K+,4,graph,test,3.0000,-3.0387,2,2
global,ref+age+dirty+rdist,K+K+,4,graph,val,3.0000,-3.0415,2,2
global,ref+age+dirty+rdist,K+K+,4,kv,test,1.5101,-1.4176,1,0
global,ref+age+dirty+rdist,K+K+,4,kv,val,1.5119,-1.4242,1,0
global,ref+age+dirty+rdist,K+K+,4,matmul,heldout,0.9880,0.0698,2,0
global,ref+age+dirty+rdist,K+K+,4,sort,heldout,1.7452,-9.1054,3,0
global,ref+age+dirty+rdist,K+K+,4,sort,test,1.0643,-1.2286,2,0
global,ref+age+dirty+rdist,K+K+,4,sort,val,1.0788,-1.3403,2,0
global,ref+age+dirty+refaults,K+K+,4,btree,heldout,0.9081,0.2466,1,0
global,ref+age+dirty+refaults,K+K+,4,graph,test,3.0000,-3.0387,2,2
global,ref+age+dirty+refaults,K+K+,4,graph,val,3.0000,-3.0415,2,2
global,ref+age+dirty+refaults,K+K+,4,kv,test,1.2677,-0.7438,1,0
global,ref+age+dirty+refaults,K+K+,4,kv,val,1.3550,-0.9878,1,0
global,ref+age+dirty+refaults,K+K+,4,matmul,heldout,0.9416,0.3249,2,0
global,ref+age+dirty+refaults,K+K+,4,sort,heldout,3.0000,-24.4387,3,3
global,ref+age+dirty+refaults,K+K+,4,sort,test,3.0000,-21.1667,2,2
global,ref+age+dirty+refaults,K+K+,4,sort,val,3.0000,-21.9114,2,2
global,ref+age+dirty+refaults+rdist,K+K+,5,btree,heldout,0.9562,0.1174,1,0
global,ref+age+dirty+refaults+rdist,K+K+,5,graph,test,3.0000,-3.0387,2,2
global,ref+age+dirty+refaults+rdist,K+K+,5,graph,val,3.0000,-3.0415,2,2
global,ref+age+dirty+refaults+rdist,K+K+,5,kv,test,1.4342,-1.2065,1,0
global,ref+age+dirty+refaults+rdist,K+K+,5,kv,val,1.4871,-1.3553,1,0
global,ref+age+dirty+refaults+rdist,K+K+,5,matmul,heldout,0.9976,0.0234,2,0
global,ref+age+dirty+refaults+rdist,K+K+,5,sort,heldout,3.0000,-24.4387,3,3
global,ref+age+dirty+refaults+rdist,K+K+,5,sort,test,3.0000,-21.1667,2,2
global,ref+age+dirty+refaults+rdist,K+K+,5,sort,val,3.0000,-21.9114,2,2
global,ref+age+rdist,K+K+,3,btree,heldout,1.4831,-1.2969,1,0
global,ref+age+rdist,K+K+,3,graph,test,3.0000,-3.0387,2,2
global,ref+age+rdist,K+K+,3,graph,val,3.0000,-3.0415,2,2
global,ref+age+rdist,K+K+,3,kv,test,3.0000,-5.5578,1,1
global,ref+age+rdist,K+K+,3,kv,val,3.0000,-5.5644,1,1
global,ref+age+rdist,K+K+,3,matmul,heldout,0.9656,0.1873,2,0
global,ref+age+rdist,K+K+,3,sort,heldout,1.4016,-4.9075,3,0
global,ref+age+rdist,K+K+,3,sort,test,1.0427,-0.9992,2,0
global,ref+age+rdist,K+K+,3,sort,val,0.9640,0.2664,2,0
global,ref+age+refaults,K+K+,3,btree,heldout,0.9059,0.2527,1,0
global,ref+age+refaults,K+K+,3,graph,test,3.0000,-3.0387,2,2
global,ref+age+refaults,K+K+,3,graph,val,3.0000,-3.0415,2,2
global,ref+age+refaults,K+K+,3,kv,test,1.2824,-0.7847,1,0
global,ref+age+refaults,K+K+,3,kv,val,1.2635,-0.7331,1,0
global,ref+age+refaults,K+K+,3,matmul,heldout,0.9708,0.1638,2,0
global,ref+age+refaults,K+K+,3,sort,heldout,3.0000,-24.4387,3,3
global,ref+age+refaults,K+K+,3,sort,test,3.0000,-21.1667,2,2
global,ref+age+refaults,K+K+,3,sort,val,3.0000,-21.9114,2,2
global,ref+age+refaults+rdist,K+K+,4,btree,heldout,0.9570,0.1154,1,0
global,ref+age+refaults+rdist,K+K+,4,graph,test,3.0000,-3.0387,2,2
global,ref+age+refaults+rdist,K+K+,4,graph,val,3.0000,-3.0415,2,2
global,ref+age+refaults+rdist,K+K+,4,kv,test,1.4355,-1.2101,1,0
global,ref+age+refaults+rdist,K+K+,4,kv,val,1.4010,-1.1158,1,0
global,ref+age+refaults+rdist,K+K+,4,matmul,heldout,1.0058,-0.0270,2,0
global,ref+age+refaults+rdist,K+K+,4,sort,heldout,3.0000,-24.4387,3,3
global,ref+age+refaults+rdist,K+K+,4,sort,test,3.0000,-21.1667,2,2
global,ref+age+refaults+rdist,K+K+,4,sort,val,3.0000,-21.9114,2,2
global,ref+aging,K,2,btree,heldout,1.0681,-0.1828,1,0
global,ref+aging,K,2,graph,test,1.5590,-0.8245,2,0
global,ref+aging,K,2,graph,val,1.5678,-0.8380,2,0
global,ref+aging,K,2,kv,test,1.0502,-0.1395,1,0
global,ref+aging,K,2,kv,val,1.0527,-0.1466,1,0
global,ref+aging,K,2,matmul,heldout,0.9990,0.0072,2,0
global,ref+aging,K,2,sort,heldout,1.0000,0.0000,3,0
global,ref+aging,K,2,sort,test,0.9559,0.3329,2,0
global,ref+aging,K,2,sort,val,0.9609,0.3340,2,0
global,ref+aging+age,K,3,btree,heldout,1.3120,-0.8376,1,0
global,ref+aging+age,K,3,graph,test,3.0000,-3.0387,2,2
global,ref+aging+age,K,3,graph,val,3.0000,-3.0415,2,2
global,ref+aging+age,K,3,kv,test,1.2617,-0.7274,1,0
global,ref+aging+age,K,3,kv,val,1.2938,-0.8173,1,0
global,ref+aging+age,K,3,matmul,heldout,0.9990,0.0072,2,0
global,ref+aging+age,K,3,sort,heldout,0.9710,0.3548,3,0
global,ref+aging+age,K,3,sort,test,0.9637,0.2754,2,0
global,ref+aging+age,K,3,sort,val,0.9703,0.2560,2,0
global,ref+aging+age+dirty,K,4,btree,heldout,1.2999,-0.8050,1,0
global,ref+aging+age+dirty,K,4,graph,test,3.0000,-3.0387,2,2
global,ref+aging+age+dirty,K,4,graph,val,3.0000,-3.0415,2,2
global,ref+aging+age+dirty,K,4,kv,test,1.2769,-0.7695,1,0
global,ref+aging+age+dirty,K,4,kv,val,1.2876,-0.8002,1,0
global,ref+aging+age+dirty,K,4,matmul,heldout,0.9990,0.0072,2,0
global,ref+aging+age+dirty,K,4,sort,heldout,0.9683,0.3871,3,0
global,ref+aging+age+dirty,K,4,sort,test,0.9622,0.2869,2,0
global,ref+aging+age+dirty,K,4,sort,val,0.9687,0.2690,2,0
global,ref+aging+age+dirty+rdist,K+K+,5,btree,heldout,1.3355,-0.9007,1,0
global,ref+aging+age+dirty+rdist,K+K+,5,graph,test,3.0000,-3.0387,2,2
global,ref+aging+age+dirty+rdist,K+K+,5,graph,val,3.0000,-3.0415,2,2
global,ref+aging+age+dirty+rdist,K+K+,5,kv,test,1.2761,-0.7672,1,0
global,ref+aging+age+dirty+rdist,K+K+,5,kv,val,1.2873,-0.7994,1,0
global,ref+aging+age+dirty+rdist,K+K+,5,matmul,heldout,1.0008,-0.0063,2,0
global,ref+aging+age+dirty+rdist,K+K+,5,sort,heldout,0.9477,0.6387,3,0
global,ref+aging+age+dirty+rdist,K+K+,5,sort,test,0.9507,0.4758,2,0
global,ref+aging+age+dirty+rdist,K+K+,5,sort,val,0.9583,0.4394,2,0
global,ref+aging+age+dirty+refaults,K+K+,5,btree,heldout,1.0359,-0.0963,1,0
global,ref+aging+age+dirty+refaults,K+K+,5,graph,test,3.0000,-3.0387,2,2
global,ref+aging+age+dirty+refaults,K+K+,5,graph,val,3.0000,-3.0415,2,2
global,ref+aging+age+dirty+refaults,K+K+,5,kv,test,1.1977,-0.5494,1,0
global,ref+aging+age+dirty+refaults,K+K+,5,kv,val,1.2215,-0.6162,1,0
global,ref+aging+age+dirty+refaults,K+K+,5,matmul,heldout,1.0034,-0.0229,2,0
global,ref+aging+age+dirty+refaults,K+K+,5,sort,heldout,0.9629,0.4538,3,0
global,ref+aging+age+dirty+refaults,K+K+,5,sort,test,0.9634,0.2808,2,0
global,ref+aging+age+dirty+refaults,K+K+,5,sort,val,0.9699,0.2613,2,0
global,ref+aging+age+dirty+refaults+rdist,K+K+,6,btree,heldout,1.0514,-0.1379,1,0
global,ref+aging+age+dirty+refaults+rdist,K+K+,6,graph,test,3.0000,-3.0387,2,2
global,ref+aging+age+dirty+refaults+rdist,K+K+,6,graph,val,3.0000,-3.0415,2,2
global,ref+aging+age+dirty+refaults+rdist,K+K+,6,kv,test,1.2646,-0.7353,1,0
global,ref+aging+age+dirty+refaults+rdist,K+K+,6,kv,val,1.3404,-0.9471,1,0
global,ref+aging+age+dirty+refaults+rdist,K+K+,6,matmul,heldout,1.0224,-0.1225,2,0
global,ref+aging+age+dirty+refaults+rdist,K+K+,6,sort,heldout,0.9470,0.6473,3,0
global,ref+aging+age+dirty+refaults+rdist,K+K+,6,sort,test,0.9533,0.4631,2,0
global,ref+aging+age+dirty+refaults+rdist,K+K+,6,sort,val,0.9598,0.4344,2,0
global,ref+aging+age+rdist,K+K+,4,btree,heldout,1.5235,-1.4052,1,0
global,ref+aging+age+rdist,K+K+,4,graph,test,3.0000,-3.0387,2,2
global,ref+aging+age+rdist,K+K+,4,graph,val,3.0000,-3.0415,2,2
global,ref+aging+age+rdist,K+K+,4,kv,test,1.2518,-0.6996,1,0
global,ref+aging+age+rdist,K+K+,4,kv,val,1.2839,-0.7900,1,0
global,ref+aging+age+rdist,K+K+,4,matmul,heldout,1.0008,-0.0063,2,0
global,ref+aging+age+rdist,K+K+,4,sort,heldout,0.9493,0.6194,3,0
global,ref+aging+age+rdist,K+K+,4,sort,test,0.9515,0.4701,2,0
global,ref+aging+age+rdist,K+K+,4,sort,val,0.9595,0.4316,2,0
global,ref+aging+age+refaults,K+K+,4,btree,heldout,1.0382,-0.1024,1,0
global,ref+aging+age+refaults,K+K+,4,graph,test,3.0000,-3.0387,2,2
global,ref+aging+age+refaults,K+K+,4,graph,val,3.0000,-3.0415,2,2
global,ref+aging+age+refaults,K+K+,4,kv,test,1.1952,-0.5423,1,0
global,ref+aging+age+refaults,K+K+,4,kv,val,1.2133,-0.5934,1,0
global,ref+aging+age+refaults,K+K+,4,matmul,heldout,1.0032,-0.0222,2,0
global,ref+aging+age+refaults,K+K+,4,sort,heldout,0.9629,0.4538,3,0
global,ref+aging+age+refaults,K+K+,4,sort,test,0.9634,0.2808,2,0
global,ref+aging+age+refaults,K+K+,4,sort,val,0.9699,0.2613,2,0
global,ref+aging+age+refaults+rdist,K+K+,5,btree,heldout,1.0703,-0.1887,1,0
global,ref+aging+age+refaults+rdist,K+K+,5,graph,test,3.0000,-3.0387,2,2
global,ref+aging+age+refaults+rdist,K+K+,5,graph,val,3.0000,-3.0415,2,2
global,ref+aging+age+refaults+rdist,K+K+,5,kv,test,1.2713,-0.7538,1,0
global,ref+aging+age+refaults+rdist,K+K+,5,kv,val,1.3109,-0.8650,1,0
global,ref+aging+age+refaults+rdist,K+K+,5,matmul,heldout,1.0213,-0.1165,2,0
global,ref+aging+age+refaults+rdist,K+K+,5,sort,heldout,0.9472,0.6452,3,0
global,ref+aging+age+refaults+rdist,K+K+,5,sort,test,0.9537,0.4578,2,0
global,ref+aging+age+refaults+rdist,K+K+,5,sort,val,0.9602,0.4292,2,0
global,ref+aging+dirty,K,3,btree,heldout,1.0361,-0.0969,1,0
global,ref+aging+dirty,K,3,graph,test,3.0000,-3.0387,2,2
global,ref+aging+dirty,K,3,graph,val,3.0000,-3.0415,2,2
global,ref+aging+dirty,K,3,kv,test,1.0912,-0.2536,1,0
global,ref+aging+dirty,K,3,kv,val,1.0996,-0.2772,1,0
global,ref+aging+dirty,K,3,matmul,heldout,0.9990,0.0072,2,0
global,ref+aging+dirty,K,3,sort,heldout,1.0000,0.0000,3,0
global,ref+aging+dirty,K,3,sort,test,0.9591,0.3099,2,0
global,ref+aging+dirty,K,3,sort,val,0.9656,0.2950,2,0
global,ref+aging+dirty+rdist,K+K+,4,btree,heldout,1.3401,-0.9130,1,0
global,ref+aging+dirty+rdist,K+K+,4,graph,test,3.0000,-3.0387,2,2
global,ref+aging+dirty+rdist,K+K+,4,graph,val,3.0000,-3.0415,2,2
global,ref+aging+dirty+rdist,K+K+,4,kv,test,1.2395,-0.6656,1,0
global,ref+aging+dirty+rdist,K+K+,4,kv,val,1.2412,-0.6710,1,0
global,ref+aging+dirty+rdist,K+K+,4,matmul,heldout,1.0008,-0.0063,2,0
global,ref+aging+dirty+rdist,K+K+,4,sort,heldout,0.9622,0.4624,3,0
global,ref+aging+dirty+rdist,K+K+,4,sort,test,0.9515,0.4603,2,0
global,ref+aging+dirty+rdist,K+K+,4,sort,val,0.9579,0.4366,2,0
global,ref+aging+dirty+refaults,K+K+,4,btree,heldout,0.8966,0.2776,1,0
global,ref+aging+dirty+refaults,K+K+,4,graph,test,0.9209,0.1351,2,0
global,ref+aging+dirty+refaults,K+K+,4,graph,val,0.9271,0.1253,2,0
global,ref+aging+dirty+refaults,K+K+,4,kv,test,1.0212,-0.0589,1,0
global,ref+aging+dirty+refaults,K+K+,4,kv,val,1.0113,-0.0315,1,0
global,ref+aging+dirty+refaults,K+K+,4,matmul,heldout,1.0010,-0.0062,2,0
global,ref+aging+dirty+refaults,K+K+,4,sort,heldout,1.0026,-0.0323,3,0
global,ref+aging+dirty+refaults,K+K+,4,sort,test,0.9575,0.3165,2,0
global,ref+aging+dirty+refaults,K+K+,4,sort,val,0.9636,0.3092,2,0
global,ref+aging+dirty+refaults+rdist,K+K+,5,btree,heldout,0.9127,0.2344,1,0
global,ref+aging+dirty+refaults+rdist,K+K+,5,graph,test,1.1291,-0.1705,2,0
global,ref+aging+dirty+refaults+rdist,K+K+,5,graph,val,1.1284,-0.1690,2,0
global,ref+aging+dirty+refaults+rdist,K+K+,5,kv,test,1.0334,-0.0929,1,0
global,ref+aging+dirty+refaults+rdist,K+K+,5,kv,val,1.0527,-0.1465,1,0
global,ref+aging+dirty+refaults+rdist,K+K+,5,matmul,heldout,0.9922,0.0395,2,0
global,ref+aging+dirty+refaults+rdist,K+K+,5,sort,heldout,0.9520,0.5871,3,0
global,ref+aging+dirty+refaults+rdist,K+K+,5,sort,test,0.9419,0.5542,2,0
global,ref+aging+dirty+refaults+rdist,K+K+,5,sort,val,0.9483,0.5359,2,0
global,ref+aging+idle,K,3,btree,heldout,0.9948,0.0140,1,0
global,ref+aging+idle,K,3,graph,test,0.9798,0.0316,2,0
global,ref+aging+idle,K,3,graph,val,0.9781,0.0332,2,0
global,ref+aging+idle,K,3,kv,test,0.9953,0.0131,1,0
global,ref+aging+idle,K,3,kv,val,0.9961,0.0108,1,0
global,ref+aging+idle,K,3,matmul,heldout,0.9990,0.0072,2,0
global,ref+aging+idle,K,3,sort,heldout,1.0000,0.0000,3,0
global,ref+aging+idle,K,3,sort,test,0.9559,0.3329,2,0
global,ref+aging+idle,K,3,sort,val,0.9609,0.3340,2,0
global,ref+aging+idle+age,K,4,btree,heldout,1.0398,-0.1069,1,0
global,ref+aging+idle+age,K,4,graph,test,2.6294,-2.4125,2,1
global,ref+aging+idle+age,K,4,graph,val,2.5465,-2.2852,2,1
global,ref+aging+idle+age,K,4,kv,test,1.1645,-0.4572,1,0
global,ref+aging+idle+age,K,4,kv,val,1.1858,-0.5170,1,0
global,ref+aging+idle+age,K,4,matmul,heldout,0.9990,0.0072,2,0
global,ref+aging+idle+age,K,4,sort,heldout,0.9762,0.2903,3,0
global,ref+aging+idle+age,K,4,sort,test,0.9614,0.2927,2,0
global,ref+aging+idle+age,K,4,sort,val,0.9679,0.2755,2,0
global,ref+aging+idle+age+dirty,K,5,btree,heldout,0.9348,0.1750,1,0
global,ref+aging+idle+age+dirty,K,5,graph,test,3.0000,-3.0387,2,2
global,ref+aging+idle+age+dirty,K,5,graph,val,3.0000,-3.0415,2,2
global,ref+aging+idle+age+dirty,K,5,kv,test,1.1449,-0.4027,1,0
global,ref+aging+idle+age+dirty,K,5,kv,val,1.1650,-0.4589,1,0
global,ref+aging+idle+age+dirty,K,5,matmul,heldout,0.9990,0.0072,2,0
global,ref+aging+idle+age+dirty,K,5,sort,heldout,0.9757,0.2968,3,0
global,ref+aging+idle+age+dirty,K,5,sort,test,0.9637,0.2754,2,0
global,ref+aging+idle+age+dirty,K,5,sort,val,0.9703,0.2560,2,0
global,ref+aging+idle+age+dirty+rdist,K+K+,6,btree,heldout,1.4861,-1.3049,1,0
global,ref+aging+idle+age+dirty+rdist,K+K+,6,graph,test,3.0000,-3.0387,2,2
global,ref+aging+idle+age+dirty+rdist,K+K+,6,graph,val,3.0000,-3.0415,2,2
global,ref+aging+idle+age+dirty+rdist,K+K+,6,kv,test,1.2932,-0.8149,1,0
global,ref+aging+idle+age+dirty+rdist,K+K+,6,kv,val,1.3170,-0.8818,1,0
global,ref+aging+idle+age+dirty+rdist,K+K+,6,matmul,heldout,1.0008,-0.0063,2,0
global,ref+aging+idle+age+dirty+rdist,K+K+,6,sort,heldout,0.9472,0.6452,3,0
global,ref+aging+idle+age+dirty+rdist,K+K+,6,sort,test,0.9522,0.4644,2,0
global,ref+aging+idle+age+dirty+rdist,K+K+,6,sort,val,0.9591,0.4329,2,0
global,ref+aging+idle+age+dirty+refaults,K+K+,6,btree,heldout,0.8815,0.3181,1,0
global,ref+aging+idle+age+dirty+refaults,K+K+,6,graph,test,2.2928,-1.9154,2,1
global,ref+aging+idle+age+dirty+refaults,K+K+,6,graph,val,2.2094,-1.8030,2,1
global,ref+aging+idle+age+dirty+refaults,K+K+,6,kv,test,1.1001,-0.2782,1,0
global,ref+aging+idle+age+dirty+refaults,K+K+,6,kv,val,1.1007,-0.2801,1,0
global,ref+aging+idle+age+dirty+refaults,K+K+,6,matmul,heldout,1.0085,-0.0583,2,0
global,ref+aging+idle+age+dirty+refaults,K+K+,6,sort,heldout,0.9710,0.3548,3,0
global,ref+aging+idle+age+dirty+refaults,K+K+,6,sort,test,0.9637,0.2754,2,0
global,ref+aging+idle+age+dirty+refaults,K+K+,6,sort,val,0.9703,0.2560,2,0
global,ref+aging+idle+age+dirty+refaults+rdist,K+K+,7,btree,heldout,0.9195,0.2162,1,0
global,ref+aging+idle+age+dirty+refaults+rdist,K+K+,7,graph,test,3.0000,-3.0387,2,2
global,ref+aging+idle+age+dirty+refaults+rdist,K+K+,7,graph,val,3.0000,-3.0415,2,2
global,ref+aging+idle+age+dirty+refaults+rdist,K+K+,7,kv,test,1.1454,-0.4040,1,0
global,ref+aging+idle+age+dirty+refaults+rdist,K+K+,7,kv,val,1.1637,-0.4556,1,0
global,ref+aging+idle+age+dirty+refaults+rdist,K+K+,7,matmul,heldout,1.0030,-0.0197,2,0
global,ref+aging+idle+age+dirty+refaults+rdist,K+K+,7,sort,heldout,0.9512,0.5957,3,0
global,ref+aging+idle+age+dirty+refaults+rdist,K+K+,7,sort,test,0.9534,0.4386,2,0
global,ref+aging+idle+age+dirty+refaults+rdist,K+K+,7,sort,val,0.9595,0.4195,2,0
global,ref+aging+idle+age+rdist,K+K+,5,btree,heldout,1.5285,-1.4186,1,0
global,ref+aging+idle+age+rdist,K+K+,5,graph,test,3.0000,-3.0387,2,2
global,ref+aging+idle+age+rdist,K+K+,5,graph,val,3.0000,-3.0415,2,2
global,ref+aging+idle+age+rdist,K+K+,5,kv,test,1.2548,-0.7080,1,0
global,ref+aging+idle+age+rdist,K+K+,5,kv,val,1.2811,-0.7822,1,0
global,ref+aging+idle+age+rdist,K+K+,5,matmul,heldout,1.0008,-0.0063,2,0
global,ref+aging+idle+age+rdist,K+K+,5,sort,heldout,0.9497,0.6151,3,0
global,ref+aging+idle+age+rdist,K+K+,5,sort,test,0.9537,0.4529,2,0
global,ref+aging+idle+age+rdist,K+K+,5,sort,val,0.9595,0.4316,2,0
global,ref+aging+idle+age+refaults,K+K+,5,btree,heldout,0.8871,0.3030,1,0
global,ref+aging+idle+age+refaults,K+K+,5,graph,test,2.0559,-1.6062,2,1
global,ref+aging+idle+age+refaults,K+K+,5,graph,val,2.0610,-1.6124,2,1
global,ref+aging+idle+age+refaults,K+K+,5,kv,test,1.0961,-0.2671,1,0
global,ref+aging+idle+age+refaults,K+K+,5,kv,val,1.1049,-0.2917,1,0
global,ref+aging+idle+age+refaults,K+K+,5,matmul,heldout,1.0092,-0.0642,2,0
global,ref+aging+idle+age+refaults,K+K+,5,sort,heldout,0.9771,0.2796,3,0
global,ref+aging+idle+age+refaults,K+K+,5,sort,test,0.9637,0.2754,2,0
global,ref+aging+idle+age+refaults,K+K+,5,sort,val,0.9703,0.2560,2,0
global,ref+aging+idle+age+refaults+rdist,K+K+,6,btree,heldout,0.9467,0.1431,1,0
global,ref+aging+idle+age+refaults+rdist,K+K+,6,graph,test,3.0000,-3.0387,2,2
global,ref+aging+idle+age+refaults+rdist,K+K+,6,graph,val,3.0000,-3.0415,2,2
global,ref+aging+idle+age+refaults+rdist,K+K+,6,kv,test,1.1506,-0.4185,1,0
global,ref+aging+idle+age+refaults+rdist,K+K+,6,kv,val,1.1649,-0.4588,1,0
global,ref+aging+idle+age+refaults+rdist,K+K+,6,matmul,heldout,1.0027,-0.0178,2,0
global,ref+aging+idle+age+refaults+rdist,K+K+,6,sort,heldout,0.9472,0.6452,3,0
global,ref+aging+idle+age+refaults+rdist,K+K+,6,sort,test,0.9515,0.4701,2,0
global,ref+aging+idle+age+refaults+rdist,K+K+,6,sort,val,0.9583,0.4394,2,0
global,ref+aging+idle+dirty,K,4,btree,heldout,0.9921,0.0211,1,0
global,ref+aging+idle+dirty,K,4,graph,test,1.0162,-0.0236,2,0
global,ref+aging+idle+dirty,K,4,graph,val,1.0152,-0.0232,2,0
global,ref+aging+idle+dirty,K,4,kv,test,0.9941,0.0163,1,0
global,ref+aging+idle+dirty,K,4,kv,val,0.9945,0.0153,1,0
global,ref+aging+idle+dirty,K,4,matmul,heldout,0.9990,0.0072,2,0
global,ref+aging+idle+dirty,K,4,sort,heldout,1.0000,0.0000,3,0
global,ref+aging+idle+dirty,K,4,sort,test,0.9591,0.3099,2,0
global,ref+aging+idle+dirty,K,4,sort,val,0.9656,0.2950,2,0
global,ref+aging+idle+dirty+rdist,K+K+,5,btree,heldout,1.4689,-1.2587,1,0
global,ref+aging+idle+dirty+rdist,K+K+,5,graph,test,3.0000,-3.0387,2,2
global,ref+aging+idle+dirty+rdist,K+K+,5,graph,val,3.0000,-3.0415,2,2
global,ref+aging+idle+dirty+rdist,K+K+,5,kv,test,1.2770,-0.7698,1,0
global,ref+aging+idle+dirty+rdist,K+K+,5,kv,val,1.2866,-0.7972,1,0
global,ref+aging+idle+dirty+rdist,K+K+,5,matmul,heldout,1.0008,-0.0063,2,0
global,ref+aging+idle+dirty+rdist,K+K+,5,sort,heldout,0.9470,0.6473,3,0
global,ref+aging+idle+dirty+rdist,K+K+,5,sort,test,0.9515,0.4603,2,0
global,ref+aging+idle+dirty+rdist,K+K+,5,sort,val,0.9572,0.4471,2,0
global,ref+aging+idle+dirty+refaults,K+K+,5,btree,heldout,0.9268,0.1966,1,0
global,ref+aging+idle+dirty+refaults,K+K+,5,graph,test,0.7473,0.4034,2,0
global,ref+aging+idle+dirty+refaults,K+K+,5,graph,val,0.7538,0.3943,2,0
global,ref+aging+idle+dirty+refaults,K+K+,5,kv,test,0.9905,0.0265,1,0
global,ref+aging+idle+dirty+refaults,K+K+,5,kv,val,0.9914,0.0239,1,0
global,ref+aging+idle+dirty+refaults,K+K+,5,matmul,heldout,1.0030,-0.0208,2,0
global,ref+aging+idle+dirty+refaults,K+K+,5,sort,heldout,1.0000,0.0000,3,0
global,ref+aging+idle+dirty+refaults,K+K+,5,sort,test,0.9575,0.3165,2,0
global,ref+aging+idle+dirty+refaults,K+K+,5,sort,val,0.9636,0.3092,2,0
global,ref+aging+idle+dirty+refaults+rdist,K+K+,6,btree,heldout,0.9217,0.2101,1,0
global,ref+aging+idle+dirty+refaults+rdist,K+K+,6,graph,test,3.0000,-3.0387,2,2
global,ref+aging+idle+dirty+refaults+rdist,K+K+,6,graph,val,3.0000,-3.0415,2,2
global,ref+aging+idle+dirty+refaults+rdist,K+K+,6,kv,test,1.0736,-0.2046,1,0
global,ref+aging+idle+dirty+refaults+rdist,K+K+,6,kv,val,1.0965,-0.2685,1,0
global,ref+aging+idle+dirty+refaults+rdist,K+K+,6,matmul,heldout,0.9970,0.0141,2,0
global,ref+aging+idle+dirty+refaults+rdist,K+K+,6,sort,heldout,0.9527,0.5785,3,0
global,ref+aging+idle+dirty+refaults+rdist,K+K+,6,sort,test,0.9419,0.5542,2,0
global,ref+aging+idle+dirty+refaults+rdist,K+K+,6,sort,val,0.9613,0.4255,2,0
global,ref+aging+idle+rdist,K+K+,4,btree,heldout,1.5539,-1.4870,1,0
global,ref+aging+idle+rdist,K+K+,4,graph,test,3.0000,-3.0387,2,2
global,ref+aging+idle+rdist,K+K+,4,graph,val,3.0000,-3.0415,2,2
global,ref+aging+idle+rdist,K+K+,4,kv,test,1.2723,-0.7566,1,0
global,ref+aging+idle+rdist,K+K+,4,kv,val,1.2707,-0.7531,1,0
global,ref+aging+idle+rdist,K+K+,4,matmul,heldout,0.9710,0.1504,2,0
global,ref+aging+idle+rdist,K+K+,4,sort,heldout,0.9498,0.6129,3,0
global,ref+aging+idle+rdist,K+K+,4,sort,test,0.9392,0.5621,2,0
global,ref+aging+idle+rdist,K+K+,4,sort,val,0.9464,0.5420,2,0
global,ref+aging+idle+refaults,K+K+,4,btree,heldout,0.9290,0.1906,1,0
global,ref+aging+idle+refaults,K+K+,4,graph,test,0.7796,0.3553,2,0
global,ref+aging+idle+refaults,K+K+,4,graph,val,0.7862,0.3461,2,0
global,ref+aging+idle+refaults,K+K+,4,kv,test,0.9835,0.0458,1,0
global,ref+aging+idle+refaults,K+K+,4,kv,val,0.9857,0.0398,1,0
global,ref+aging+idle+refaults,K+K+,4,matmul,heldout,1.0036,-0.0252,2,0
global,ref+aging+idle+refaults,K+K+,4,sort,heldout,1.0000,0.0000,3,0
global,ref+aging+idle+refaults,K+K+,4,sort,test,0.9567,0.3272,2,0
global,ref+aging+idle+refaults,K+K+,4,sort,val,0.9632,0.3145,2,0
global,ref+aging+idle+refaults+rdist,K+K+,5,btree,heldout,0.9175,0.2215,1,0
global,ref+aging+idle+refaults+rdist,K+K+,5,graph,test,3.0000,-3.0387,2,2
global,ref+aging+idle+refaults+rdist,K+K+,5,graph,val,3.0000,-3.0415,2,2
global,ref+aging+idle+refaults+rdist,K+K+,5,kv,test,1.0979,-0.2720,1,0
global,ref+aging+idle+refaults+rdist,K+K+,5,kv,val,1.1054,-0.2933,1,0
global,ref+aging+idle+refaults+rdist,K+K+,5,matmul,heldout,0.9971,0.0138,2,0
global,ref+aging+idle+refaults+rdist,K+K+,5,sort,heldout,0.9477,0.6387,3,0
global,ref+aging+idle+refaults+rdist,K+K+,5,sort,test,0.9342,0.6067,2,0
global,ref+aging+idle+refaults+rdist,K+K+,5,sort,val,0.9402,0.6021,2,0
global,ref+aging+rdist,K+K+,3,btree,heldout,1.3499,-0.9393,1,0
global,ref+aging+rdist,K+K+,3,graph,test,3.0000,-3.0387,2,2
global,ref+aging+rdist,K+K+,3,graph,val,3.0000,-3.0415,2,2
global,ref+aging+rdist,K+K+,3,kv,test,1.2396,-0.6657,1,0
global,ref+aging+rdist,K+K+,3,kv,val,1.2448,-0.6810,1,0
global,ref+aging+rdist,K+K+,3,matmul,heldout,0.9710,0.1504,2,0
global,ref+aging+rdist,K+K+,3,sort,heldout,0.9498,0.6129,3,0
global,ref+aging+rdist,K+K+,3,sort,test,0.9404,0.5461,2,0
global,ref+aging+rdist,K+K+,3,sort,val,0.9471,0.5315,2,0
global,ref+aging+refaults,K+K+,3,btree,heldout,0.8960,0.2791,1,0
global,ref+aging+refaults,K+K+,3,graph,test,0.9592,0.0812,2,0
global,ref+aging+refaults,K+K+,3,graph,val,0.9647,0.0733,2,0
global,ref+aging+refaults,K+K+,3,kv,test,0.9834,0.0462,1,0
global,ref+aging+refaults,K+K+,3,kv,val,0.9836,0.0455,1,0
global,ref+aging+refaults,K+K+,3,matmul,heldout,1.0013,-0.0086,2,0
global,ref+aging+refaults,K+K+,3,sort,heldout,1.0000,0.0000,3,0
global,ref+aging+refaults,K+K+,3,sort,test,0.9567,0.3272,2,0
global,ref+aging+refaults,K+K+,3,sort,val,0.9632,0.3145,2,0
global,ref+aging+refaults+rdist,K+K+,4,btree,heldout,0.9117,0.2370,1,0
global,ref+aging+refaults+rdist,K+K+,4,graph,test,1.1199,-0.1581,2,0
global,ref+aging+refaults+rdist,K+K+,4,graph,val,1.1270,-0.1698,2,0
global,ref+aging+refaults+rdist,K+K+,4,kv,test,1.0341,-0.0946,1,0
global,ref+aging+refaults+rdist,K+K+,4,kv,val,1.0448,-0.1246,1,0
global,ref+aging+refaults+rdist,K+K+,4,matmul,heldout,0.9922,0.0395,2,0
global,ref+aging+refaults+rdist,K+K+,4,sort,heldout,0.9477,0.6387,3,0
global,ref+aging+refaults+rdist,K+K+,4,sort,test,0.9338,0.6121,2,0
global,ref+aging+refaults+rdist,K+K+,4,sort,val,0.9398,0.6073,2,0
global,ref+aging+sfreq,K,3,btree,heldout,1.0274,-0.0736,1,0
global,ref+aging+sfreq,K,3,graph,test,3.0000,-3.0387,2,2
global,ref+aging+sfreq,K,3,graph,val,3.0000,-3.0415,2,2
global,ref+aging+sfreq,K,3,kv,test,1.1678,-0.4662,1,0
global,ref+aging+sfreq,K,3,kv,val,1.1563,-0.4350,1,0
global,ref+aging+sfreq,K,3,matmul,heldout,0.9990,0.0072,2,0
global,ref+aging+sfreq,K,3,sort,heldout,0.9810,0.2323,3,0
global,ref+aging+sfreq,K,3,sort,test,0.9614,0.2927,2,0
global,ref+aging+sfreq,K,3,sort,val,0.9679,0.2755,2,0
global,ref+aging+sfreq+age,K,4,btree,heldout,1.3273,-0.8787,1,0
global,ref+aging+sfreq+age,K,4,graph,test,3.0000,-3.0387,2,2
global,ref+aging+sfreq+age,K,4,graph,val,3.0000,-3.0415,2,2
global,ref+aging+sfreq+age,K,4,kv,test,1.2607,-0.7245,1,0
global,ref+aging+sfreq+age,K,4,kv,val,1.2910,-0.8097,1,0
global,ref+aging+sfreq+age,K,4,matmul,heldout,0.9990,0.0072,2,0
global,ref+aging+sfreq+age,K,4,sort,heldout,0.9710,0.3548,3,0
global,ref+aging+sfreq+age,K,4,sort,test,0.9637,0.2754,2,0
global,ref+aging+sfreq+age,K,4,sort,val,0.9703,0.2560,2,0
global,ref+aging+sfreq+age+dirty,K,5,btree,heldout,1.2648,-0.7109,1,0
global,ref+aging+sfreq+age+dirty,K,5,graph,test,3.0000,-3.0387,2,2
global,ref+aging+sfreq+age+dirty,K,5,graph,val,3.0000,-3.0415,2,2
global,ref+aging+sfreq+age+dirty,K,5,kv,test,1.2628,-0.7302,1,0
global,ref+aging+sfreq+age+dirty,K,5,kv,val,1.2769,-0.7704,1,0
global,ref+aging+sfreq+age+dirty,K,5,matmul,heldout,0.9990,0.0072,2,0
global,ref+aging+sfreq+age+dirty,K,5,sort,heldout,0.9683,0.3871,3,0
global,ref+aging+sfreq+age+dirty,K,5,sort,test,0.9622,0.2869,2,0
global,ref+aging+sfreq+age+dirty,K,5,sort,val,0.9687,0.2690,2,0
global,ref+aging+sfreq+age+dirty+rdist,K+K+,6,btree,heldout,1.7996,-2.1465,1,0
global,ref+aging+sfreq+age+dirty+rdist,K+K+,6,graph,test,3.0000,-3.0387,2,2
global,ref+aging+sfreq+age+dirty+rdist,K+K+,6,graph,val,3.0000,-3.0415,2,2
global,ref+aging+sfreq+age+dirty+rdist,K+K+,6,kv,test,3.0000,-5.5578,1,1
global,ref+aging+sfreq+age+dirty+rdist,K+K+,6,kv,val,3.0000,-5.5644,1,1
global,ref+aging+sfreq+age+dirty+rdist,K+K+,6,matmul,heldout,1.0008,-0.0063,2,0
global,ref+aging+sfreq+age+dirty+rdist,K+K+,6,sort,heldout,0.9588,0.5032,3,0
global,ref+aging+sfreq+age+dirty+rdist,K+K+,6,sort,test,0.9526,0.4688,2,0
global,ref+aging+sfreq+age+dirty+rdist,K+K+,6,sort,val,0.9590,0.4409,2,0
global,ref+aging+sfreq+age+dirty+refaults,K+K+,6,btree,heldout,0.9175,0.2215,1,0
global,ref+aging+sfreq+age+dirty+refaults,K+K+,6,graph,test,3.0000,-3.0387,2,2
global,ref+aging+sfreq+age+dirty+refaults,K+K+,6,graph,val,3.0000,-3.0415,2,2
global,ref+aging+sfreq+age+dirty+refaults,K+K+,6,kv,test,1.1659,-0.4609,1,0
global,ref+aging+sfreq+age+dirty+refaults,K+K+,6,kv,val,1.1727,-0.4805,1,0
global,ref+aging+sfreq+age+dirty+refaults,K+K+,6,matmul,heldout,1.7395,-5.3664,2,1
global,ref+aging+sfreq+age+dirty+refaults,K+K+,6,sort,heldout,0.9636,0.4452,3,0
global,ref+aging+sfreq+age+dirty+refaults,K+K+,6,sort,test,0.9615,0.3073,2,0
global,ref+aging+sfreq+age+dirty+refaults,K+K+,6,sort,val,0.9676,0.2929,2,0
global,ref+aging+sfreq+age+dirty+refaults+rdist,K+K+,7,btree,heldout,1.0800,-0.2147,1,0
global,ref+aging+sfreq+age+dirty+refaults+rdist,K+K+,7,graph,test,3.0000,-3.0387,2,2
global,ref+aging+sfreq+age+dirty+refaults+rdist,K+K+,7,graph,val,3.0000,-3.0415,2,2
global,ref+aging+sfreq+age+dirty+refaults+rdist,K+K+,7,kv,test,1.2924,-0.8124,1,0
global,ref+aging+sfreq+age+dirty+refaults+rdist,K+K+,7,kv,val,1.3202,-0.8910,1,0
global,ref+aging+sfreq+age+dirty+refaults+rdist,K+K+,7,matmul,heldout,1.0223,-0.1220,2,0
global,ref+aging+sfreq+age+dirty+refaults+rdist,K+K+,7,sort,heldout,0.9470,0.6473,3,0
global,ref+aging+sfreq+age+dirty+refaults+rdist,K+K+,7,sort,test,0.9533,0.4631,2,0
global,ref+aging+sfreq+age+dirty+refaults+rdist,K+K+,7,sort,val,0.9598,0.4344,2,0
global,ref+aging+sfreq+age+rdist,K+K+,5,btree,heldout,1.8250,-2.2147,1,0
global,ref+aging+sfreq+age+rdist,K+K+,5,graph,test,3.0000,-3.0387,2,2
global,ref+aging+sfreq+age+rdist,K+K+,5,graph,val,3.0000,-3.0415,2,2
global,ref+aging+sfreq+age+rdist,K+K+,5,kv,test,3.0000,-5.5578,1,1
global,ref+aging+sfreq+age+rdist,K+K+,5,kv,val,3.0000,-5.5644,1,1
global,ref+aging+sfreq+age+rdist,K+K+,5,matmul,heldout,1.0006,-0.0045,2,0
global,ref+aging+sfreq+age+rdist,K+K+,5,sort,heldout,0.9604,0.4839,3,0
global,ref+aging+sfreq+age+rdist,K+K+,5,sort,test,0.9573,0.3952,2,0
global,ref+aging+sfreq+age+rdist,K+K+,5,sort,val,0.9634,0.3710,2,0
global,ref+aging+sfreq+age+refaults,K+K+,5,btree,heldout,0.9246,0.2024,1,0
global,ref+aging+sfreq+age+refaults,K+K+,5,graph,test,3.0000,-3.0387,2,2
global,ref+aging+sfreq+age+refaults,K+K+,5,graph,val,3.0000,-3.0415,2,2
global,ref+aging+sfreq+age+refaults,K+K+,5,kv,test,1.1662,-0.4619,1,0
global,ref+aging+sfreq+age+refaults,K+K+,5,kv,val,1.1611,-0.4483,1,0
global,ref+aging+sfreq+age+refaults,K+K+,5,matmul,heldout,1.7433,-5.3827,2,1
global,ref+aging+sfreq+age+refaults,K+K+,5,sort,heldout,0.9680,0.3914,3,0
global,ref+aging+sfreq+age+refaults,K+K+,5,sort,test,0.9634,0.2808,2,0
global,ref+aging+sfreq+age+refaults,K+K+,5,sort,val,0.9699,0.2613,2,0
global,ref+aging+sfreq+age+refaults+rdist,K+K+,6,btree,heldout,1.0921,-0.2472,1,0
global,ref+aging+sfreq+age+refaults+rdist,K+K+,6,graph,test,3.0000,-3.0387,2,2
global,ref+aging+sfreq+age+refaults+rdist,K+K+,6,graph,val,3.0000,-3.0415,2,2
global,ref+aging+sfreq+age+refaults+rdist,K+K+,6,kv,test,1.2732,-0.7593,1,0
global,ref+aging+sfreq+age+refaults+rdist,K+K+,6,kv,val,1.2948,-0.8201,1,0
global,ref+aging+sfreq+age+refaults+rdist,K+K+,6,matmul,heldout,1.0200,-0.1095,2,0
global,ref+aging+sfreq+age+refaults+rdist,K+K+,6,sort,heldout,0.9476,0.6409,3,0
global,ref+aging+sfreq+age+refaults+rdist,K+K+,6,sort,test,0.9537,0.4578,2,0
global,ref+aging+sfreq+age+refaults+rdist,K+K+,6,sort,val,0.9602,0.4292,2,0
global,ref+aging+sfreq+dirty,K,4,btree,heldout,0.9870,0.0349,1,0
global,ref+aging+sfreq+dirty,K,4,graph,test,3.0000,-3.0387,2,2
global,ref+aging+sfreq+dirty,K,4,graph,val,3.0000,-3.0415,2,2
global,ref+aging+sfreq+dirty,K,4,kv,test,1.1540,-0.4280,1,0
global,ref+aging+sfreq+dirty,K,4,kv,val,1.1439,-0.4003,1,0
global,ref+aging+sfreq+dirty,K,4,matmul,heldout,0.9990,0.0072,2,0
global,ref+aging+sfreq+dirty,K,4,sort,heldout,0.9866,0.1634,3,0
global,ref+aging+sfreq+dirty,K,4,sort,test,0.9630,0.2812,2,0
global,ref+aging+sfreq+dirty,K,4,sort,val,0.9695,0.2625,2,0
global,ref+aging+sfreq+dirty+rdist,K+K+,5,btree,heldout,1.0886,-0.2379,1,0
global,ref+aging+sfreq+dirty+rdist,K+K+,5,graph,test,3.0000,-3.0387,2,2
global,ref+aging+sfreq+dirty+rdist,K+K+,5,graph,val,3.0000,-3.0415,2,2
global,ref+aging+sfreq+dirty+rdist,K+K+,5,kv,test,1.1807,-0.5023,1,0
global,ref+aging+sfreq+dirty+rdist,K+K+,5,kv,val,1.1937,-0.5388,1,0
global,ref+aging+sfreq+dirty+rdist,K+K+,5,matmul,heldout,1.0008,-0.0063,2,0
global,ref+aging+sfreq+dirty+rdist,K+K+,5,sort,heldout,0.9520,0.5871,3,0
global,ref+aging+sfreq+dirty+rdist,K+K+,5,sort,test,0.9557,0.4263,2,0
global,ref+aging+sfreq+dirty+rdist,K+K+,5,sort,val,0.9614,0.4094,2,0
global,ref+aging+sfreq+dirty+refaults,K+K+,5,btree,heldout,0.8553,0.3884,1,0
global,ref+aging+sfreq+dirty+refaults,K+K+,5,graph,test,3.0000,-3.0387,2,2
global,ref+aging+sfreq+dirty+refaults,K+K+,5,graph,val,3.0000,-3.0415,2,2
global,ref+aging+sfreq+dirty+refaults,K+K+,5,kv,test,1.1183,-0.3288,1,0
global,ref+aging+sfreq+dirty+refaults,K+K+,5,kv,val,1.1279,-0.3558,1,0
global,ref+aging+sfreq+dirty+refaults,K+K+,5,matmul,heldout,1.8092,-5.6756,2,1
global,ref+aging+sfreq+dirty+refaults,K+K+,5,sort,heldout,0.9829,0.2086,3,0
global,ref+aging+sfreq+dirty+refaults,K+K+,5,sort,test,0.9661,0.2582,2,0
global,ref+aging+sfreq+dirty+refaults,K+K+,5,sort,val,0.9726,0.2366,2,0
global,ref+aging+sfreq+dirty+refaults+rdist,K+K+,6,btree,heldout,0.8537,0.3926,1,0
global,ref+aging+sfreq+dirty+refaults+rdist,K+K+,6,graph,test,3.0000,-3.0387,2,2
global,ref+aging+sfreq+dirty+refaults+rdist,K+K+,6,graph,val,3.0000,-3.0415,2,2
global,ref+aging+sfreq+dirty+refaults+rdist,K+K+,6,kv,test,1.1107,-0.3076,1,0
global,ref+aging+sfreq+dirty+refaults+rdist,K+K+,6,kv,val,1.1237,-0.3441,1,0
global,ref+aging+sfreq+dirty+refaults+rdist,K+K+,6,matmul,heldout,1.9718,-6.4451,2,1
global,ref+aging+sfreq+dirty+refaults+rdist,K+K+,6,sort,heldout,0.9586,0.5054,3,0
global,ref+aging+sfreq+dirty+refaults+rdist,K+K+,6,sort,test,0.9519,0.4452,2,0
global,ref+aging+sfreq+dirty+refaults+rdist,K+K+,6,sort,val,0.9568,0.4403,2,0
global,ref+aging+sfreq+idle,K,4,btree,heldout,1.0124,-0.0333,1,0
global,ref+aging+sfreq+idle,K,4,graph,test,3.0000,-3.0387,2,2
global,ref+aging+sfreq+idle,K,4,graph,val,3.0000,-3.0415,2,2
global,ref+aging+sfreq+idle,K,4,kv,test,1.1587,-0.4410,1,0
global,ref+aging+sfreq+idle,K,4,kv,val,1.1612,-0.4484,1,0
global,ref+aging+sfreq+idle,K,4,matmul,heldout,0.9990,0.0072,2,0
global,ref+aging+sfreq+idle,K,4,sort,heldout,0.9868,0.1613,3,0
global,ref+aging+sfreq+idle,K,4,sort,test,0.9614,0.2927,2,0
global,ref+aging+sfreq+idle,K,4,sort,val,0.9679,0.2755,2,0
global,ref+aging+sfreq+idle+age,K,5,btree,heldout,1.0368,-0.0987,1,0
global,ref+aging+sfreq+idle+age,K,5,graph,test,0.7239,0.4365,2,0
global,ref+aging+sfreq+idle+age,K,5,graph,val,0.7438,0.4049,2,0
global,ref+aging+sfreq+idle+age,K,5,kv,test,1.1252,-0.3479,1,0
global,ref+aging+sfreq+idle+age,K,5,kv,val,1.1327,-0.3692,1,0
global,ref+aging+sfreq+idle+age,K,5,matmul,heldout,0.9990,0.0072,2,0
global,ref+aging+sfreq+idle+age,K,5,sort,heldout,0.9683,0.3871,3,0
global,ref+aging+sfreq+idle+age,K,5,sort,test,0.9614,0.2927,2,0
global,ref+aging+sfreq+idle+age,K,5,sort,val,0.9679,0.2755,2,0
global,ref+aging+sfreq+idle+age+dirty,K,6,btree,heldout,0.9252,0.2008,1,0
global,ref+aging+sfreq+idle+age+dirty,K,6,graph,test,0.9351,0.0598,2,0
global,ref+aging+sfreq+idle+age+dirty,K,6,graph,val,0.9618,0.0026,2,0
global,ref+aging+sfreq+idle+age+dirty,K,6,kv,test,1.2105,-0.5851,1,0
global,ref+aging+sfreq+idle+age+dirty,K,6,kv,val,1.2091,-0.5818,1,0
global,ref+aging+sfreq+idle+age+dirty,K,6,matmul,heldout,0.9990,0.0072,2,0
global,ref+aging+sfreq+idle+age+dirty,K,6,sort,heldout,0.9653,0.4237,3,0
global,ref+aging+sfreq+idle+age+dirty,K,6,sort,test,0.9622,0.2869,2,0
global,ref+aging+sfreq+idle+age+dirty,K,6,sort,val,0.9687,0.2690,2,0
global,ref+aging+sfreq+idle+age+dirty+rdist,K+K+,7,btree,heldout,1.5634,-1.5124,1,0
global,ref+aging+sfreq+idle+age+dirty+rdist,K+K+,7,graph,test,2.8804,-2.8936,2,1
global,ref+aging+sfreq+idle+age+dirty+rdist,K+K+,7,graph,val,2.7743,-2.7729,2,1
global,ref+aging+sfreq+idle+age+dirty+rdist,K+K+,7,kv,test,1.2821,-0.7839,1,0
global,ref+aging+sfreq+idle+age+dirty+rdist,K+K+,7,kv,val,1.2985,-0.8304,1,0
global,ref+aging+sfreq+idle+age+dirty+rdist,K+K+,7,matmul,heldout,1.0007,-0.0054,2,0
global,ref+aging+sfreq+idle+age+dirty+rdist,K+K+,7,sort,heldout,0.9541,0.5613,3,0
global,ref+aging+sfreq+idle+age+dirty+rdist,K+K+,7,sort,test,0.9496,0.4869,2,0
global,ref+aging+sfreq+idle+age+dirty+rdist,K+K+,7,sort,val,0.9560,0.4629,2,0
global,ref+aging+sfreq+idle+age+dirty+refaults,K+K+,7,btree,heldout,0.8739,0.3386,1,0
global,ref+aging+sfreq+idle+age+dirty+refaults,K+K+,7,graph,test,0.9949,-0.0539,2,0
global,ref+aging+sfreq+idle+age+dirty+refaults,K+K+,7,graph,val,0.9684,0.0054,2,0
global,ref+aging+sfreq+idle+age+dirty+refaults,K+K+,7,kv,test,1.0854,-0.2374,1,0
global,ref+aging+sfreq+idle+age+dirty+refaults,K+K+,7,kv,val,1.0877,-0.2440,1,0
global,ref+aging+sfreq+idle+age+dirty+refaults,K+K+,7,matmul,heldout,1.0060,-0.0412,2,0
global,ref+aging+sfreq+idle+age+dirty+refaults,K+K+,7,sort,heldout,0.9715,0.3484,3,0
global,ref+aging+sfreq+idle+age+dirty+refaults,K+K+,7,sort,test,0.9637,0.2754,2,0
global,ref+aging+sfreq+idle+age+dirty+refaults,K+K+,7,sort,val,0.9703,0.2560,2,0
global,ref+aging+sfreq+idle+age+dirty+refaults+rdist,K+K+,8,btree,heldout,0.9176,0.2211,1,0
global,ref+aging+sfreq+idle+age+dirty+refaults+rdist,K+K+,8,graph,test,1.1693,-0.2979,2,0
global,ref+aging+sfreq+idle+age+dirty+refaults+rdist,K+K+,8,graph,val,1.1328,-0.2331,2,0
global,ref+aging+sfreq+idle+age+dirty+refaults+rdist,K+K+,8,kv,test,1.1235,-0.3432,1,0
global,ref+aging+sfreq+idle+age+dirty+refaults+rdist,K+K+,8,kv,val,1.1238,-0.3444,1,0
global,ref+aging+sfreq+idle+age+dirty+refaults+rdist,K+K+,8,matmul,heldout,0.9793,0.1073,2,0
global,ref+aging+sfreq+idle+age+dirty+refaults+rdist,K+K+,8,sort,heldout,0.9514,0.5935,3,0
global,ref+aging+sfreq+idle+age+dirty+refaults+rdist,K+K+,8,sort,test,0.9523,0.4497,2,0
global,ref+aging+sfreq+idle+age+dirty+refaults+rdist,K+K+,8,sort,val,0.9583,0.4313,2,0
global,ref+aging+sfreq+idle+age+rdist,K+K+,6,btree,heldout,1.6015,-1.6146,1,0
global,ref+aging+sfreq+idle+age+rdist,K+K+,6,graph,test,2.8515,-2.8594,2,1
global,ref+aging+sfreq+idle+age+rdist,K+K+,6,graph,val,3.0000,-3.0415,2,2
global,ref+aging+sfreq+idle+age+rdist,K+K+,6,kv,test,1.2520,-0.7004,1,0
global,ref+aging+sfreq+idle+age+rdist,K+K+,6,kv,val,1.2913,-0.8106,1,0
global,ref+aging+sfreq+idle+age+rdist,K+K+,6,matmul,heldout,1.0005,-0.0036,2,0
global,ref+aging+sfreq+idle+age+rdist,K+K+,6,sort,heldout,0.9541,0.5613,3,0
global,ref+aging+sfreq+idle+age+rdist,K+K+,6,sort,test,0.9522,0.4644,2,0
global,ref+aging+sfreq+idle+age+rdist,K+K+,6,sort,val,0.9525,0.4901,2,0
global,ref+aging+sfreq+idle+age+refaults,K+K+,6,btree,heldout,0.8821,0.3165,1,0
global,ref+aging+sfreq+idle+age+refaults,K+K+,6,graph,test,1.0145,-0.1058,2,0
global,ref+aging+sfreq+idle+age+refaults,K+K+,6,graph,val,0.9987,-0.0717,2,0
global,ref+aging+sfreq+idle+age+refaults,K+K+,6,kv,test,1.0873,-0.2426,1,0
global,ref+aging+sfreq+idle+age+refaults,K+K+,6,kv,val,1.0903,-0.2513,1,0
global,ref+aging+sfreq+idle+age+refaults,K+K+,6,matmul,heldout,1.0068,-0.0473,2,0
global,ref+aging+sfreq+idle+age+refaults,K+K+,6,sort,heldout,0.9762,0.2903,3,0
global,ref+aging+sfreq+idle+age+refaults,K+K+,6,sort,test,0.9637,0.2754,2,0
global,ref+aging+sfreq+idle+age+refaults,K+K+,6,sort,val,0.9703,0.2560,2,0
global,ref+aging+sfreq+idle+age+refaults+rdist,K+K+,7,btree,heldout,0.9342,0.1765,1,0
global,ref+aging+sfreq+idle+age+refaults+rdist,K+K+,7,graph,test,1.1091,-0.2687,2,0
global,ref+aging+sfreq+idle+age+refaults+rdist,K+K+,7,graph,val,1.1682,-0.3842,2,0
global,ref+aging+sfreq+idle+age+refaults+rdist,K+K+,7,kv,test,1.1314,-0.3650,1,0
global,ref+aging+sfreq+idle+age+refaults+rdist,K+K+,7,kv,val,1.1348,-0.3751,1,0
global,ref+aging+sfreq+idle+age+refaults+rdist,K+K+,7,matmul,heldout,0.9793,0.1073,2,0
global,ref+aging+sfreq+idle+age+refaults+rdist,K+K+,7,sort,heldout,0.9467,0.6516,3,0
global,ref+aging+sfreq+idle+age+refaults+rdist,K+K+,7,sort,test,0.9515,0.4701,2,0
global,ref+aging+sfreq+idle+age+refaults+rdist,K+K+,7,sort,val,0.9579,0.4446,2,0
global,ref+aging+sfreq+idle+dirty,K,5,btree,heldout,0.9509,0.1317,1,0
global,ref+aging+sfreq+idle+dirty,K,5,graph,test,3.0000,-3.0387,2,2
global,ref+aging+sfreq+idle+dirty,K,5,graph,val,3.0000,-3.0415,2,2
global,ref+aging+sfreq+idle+dirty,K,5,kv,test,1.1378,-0.3829,1,0
global,ref+aging+sfreq+idle+dirty,K,5,kv,val,1.1479,-0.4115,1,0
global,ref+aging+sfreq+idle+dirty,K,5,matmul,heldout,0.9990,0.0072,2,0
global,ref+aging+sfreq+idle+dirty,K,5,sort,heldout,0.9947,0.0645,3,0
global,ref+aging+sfreq+idle+dirty,K,5,sort,test,0.9630,0.2812,2,0
global,ref+aging+sfreq+idle+dirty,K,5,sort,val,0.9695,0.2625,2,0
global,ref+aging+sfreq+idle+dirty+rdist,K+K+,6,btree,heldout,1.1081,-0.2901,1,0
global,ref+aging+sfreq+idle+dirty+rdist,K+K+,6,graph,test,3.0000,-3.0387,2,2
global,ref+aging+sfreq+idle+dirty+rdist,K+K+,6,graph,val,3.0000,-3.0415,2,2
global,ref+aging+sfreq+idle+dirty+rdist,K+K+,6,kv,test,1.2289,-0.6361,1,0
global,ref+aging+sfreq+idle+dirty+rdist,K+K+,6,kv,val,1.2340,-0.6510,1,0
global,ref+aging+sfreq+idle+dirty+rdist,K+K+,6,matmul,heldout,1.0008,-0.0063,2,0
global,ref+aging+sfreq+idle+dirty+rdist,K+K+,6,sort,heldout,0.9500,0.6108,3,0
global,ref+aging+sfreq+idle+dirty+rdist,K+K+,6,sort,test,0.9541,0.4475,2,0
global,ref+aging+sfreq+idle+dirty+rdist,K+K+,6,sort,val,0.9614,0.4094,2,0
global,ref+aging+sfreq+idle+dirty+refaults,K+K+,6,btree,heldout,0.8596,0.3769,1,0
global,ref+aging+sfreq+idle+dirty+refaults,K+K+,6,graph,test,3.0000,-3.0387,2,2
global,ref+aging+sfreq+idle+dirty+refaults,K+K+,6,graph,val,3.0000,-3.0415,2,2
global,ref+aging+sfreq+idle+dirty+refaults,K+K+,6,kv,test,1.1503,-0.4177,1,0
global,ref+aging+sfreq+idle+dirty+refaults,K+K+,6,kv,val,1.1583,-0.4403,1,0
global,ref+aging+sfreq+idle+dirty+refaults,K+K+,6,matmul,heldout,1.8300,-5.7706,2,1
global,ref+aging+sfreq+idle+dirty+refaults,K+K+,6,sort,heldout,0.9683,0.3871,3,0
global,ref+aging+sfreq+idle+dirty+refaults,K+K+,6,sort,test,0.9634,0.2856,2,0
global,ref+aging+sfreq+idle+dirty+refaults,K+K+,6,sort,val,0.9707,0.2548,2,0
global,ref+aging+sfreq+idle+dirty+refaults+rdist,K+K+,7,btree,heldout,0.8625,0.3690,1,0
global,ref+aging+sfreq+idle+dirty+refaults+rdist,K+K+,7,graph,test,3.0000,-3.0387,2,2
global,ref+aging+sfreq+idle+dirty+refaults+rdist,K+K+,7,graph,val,3.0000,-3.0415,2,2
global,ref+aging+sfreq+idle+dirty+refaults+rdist,K+K+,7,kv,test,1.2755,-0.7655,1,0
global,ref+aging+sfreq+idle+dirty+refaults+rdist,K+K+,7,kv,val,1.2593,-0.7214,1,0
global,ref+aging+sfreq+idle+dirty+refaults+rdist,K+K+,7,matmul,heldout,3.0000,-12.8420,2,2
global,ref+aging+sfreq+idle+dirty+refaults+rdist,K+K+,7,sort,heldout,0.9504,0.6065,3,0
global,ref+aging+sfreq+idle+dirty+refaults+rdist,K+K+,7,sort,test,0.9530,0.4488,2,0
global,ref+aging+sfreq+idle+dirty+refaults+rdist,K+K+,7,sort,val,0.9629,0.3964,2,0
global,ref+aging+sfreq+idle+rdist,K+K+,5,btree,heldout,1.2474,-0.6642,1,0
global,ref+aging+sfreq+idle+rdist,K+K+,5,graph,test,3.0000,-3.0387,2,2
global,ref+aging+sfreq+idle+rdist,K+K+,5,graph,val,3.0000,-3.0415,2,2
global,ref+aging+sfreq+idle+rdist,K+K+,5,kv,test,1.2081,-0.5783,1,0
global,ref+aging+sfreq+idle+rdist,K+K+,5,kv,val,1.2172,-0.6043,1,0
global,ref+aging+sfreq+idle+rdist,K+K+,5,matmul,heldout,0.9990,0.0035,2,0
global,ref+aging+sfreq+idle+rdist,K+K+,5,sort,heldout,0.9493,0.6194,3,0
global,ref+aging+sfreq+idle+rdist,K+K+,5,sort,test,0.9541,0.4475,2,0
global,ref+aging+sfreq+idle+rdist,K+K+,5,sort,val,0.9598,0.4264,2,0
global,ref+aging+sfreq+idle+refaults,K+K+,5,btree,heldout,0.8651,0.3621,1,0
global,ref+aging+sfreq+idle+refaults,K+K+,5,graph,test,3.0000,-3.0387,2,2
global,ref+aging+sfreq+idle+refaults,K+K+,5,graph,val,3.0000,-3.0415,2,2
global,ref+aging+sfreq+idle+refaults,K+K+,5,kv,test,1.1493,-0.4149,1,0
global,ref+aging+sfreq+idle+refaults,K+K+,5,kv,val,1.1545,-0.4298,1,0
global,ref+aging+sfreq+idle+refaults,K+K+,5,matmul,heldout,1.8034,-5.6494,2,1
global,ref+aging+sfreq+idle+refaults,K+K+,5,sort,heldout,0.9697,0.3699,3,0
global,ref+aging+sfreq+idle+refaults,K+K+,5,sort,test,0.9626,0.2914,2,0
global,ref+aging+sfreq+idle+refaults,K+K+,5,sort,val,0.9691,0.2718,2,0
global,ref+aging+sfreq+idle+refaults+rdist,K+K+,6,btree,heldout,0.8650,0.3624,1,0
global,ref+aging+sfreq+idle+refaults+rdist,K+K+,6,graph,test,3.0000,-3.0387,2,2
global,ref+aging+sfreq+idle+refaults+rdist,K+K+,6,graph,val,3.0000,-3.0415,2,2
global,ref+aging+sfreq+idle+refaults+rdist,K+K+,6,kv,test,1.2538,-0.7054,1,0
global,ref+aging+sfreq+idle+refaults+rdist,K+K+,6,kv,val,1.2264,-0.6299,1,0
global,ref+aging+sfreq+idle+refaults+rdist,K+K+,6,matmul,heldout,3.0000,-12.8420,2,2
global,ref+aging+sfreq+idle+refaults+rdist,K+K+,6,sort,heldout,0.9504,0.6065,3,0
global,ref+aging+sfreq+idle+refaults+rdist,K+K+,6,sort,test,0.9629,0.3692,2,0
global,ref+aging+sfreq+idle+refaults+rdist,K+K+,6,sort,val,0.9663,0.3732,2,0
global,ref+aging+sfreq+rdist,K+K+,4,btree,heldout,1.1571,-0.4216,1,0
global,ref+aging+sfreq+rdist,K+K+,4,graph,test,3.0000,-3.0387,2,2
global,ref+aging+sfreq+rdist,K+K+,4,graph,val,3.0000,-3.0415,2,2
global,ref+aging+sfreq+rdist,K+K+,4,kv,test,1.1877,-0.5216,1,0
global,ref+aging+sfreq+rdist,K+K+,4,kv,val,1.2012,-0.5598,1,0
global,ref+aging+sfreq+rdist,K+K+,4,matmul,heldout,1.0008,-0.0063,2,0
global,ref+aging+sfreq+rdist,K+K+,4,sort,heldout,0.9493,0.6194,3,0
global,ref+aging+sfreq+rdist,K+K+,4,sort,test,0.9519,0.4648,2,0
global,ref+aging+sfreq+rdist,K+K+,4,sort,val,0.9598,0.4264,2,0
global,ref+aging+sfreq+refaults,K+K+,4,btree,heldout,0.8611,0.3730,1,0
global,ref+aging+sfreq+refaults,K+K+,4,graph,test,3.0000,-3.0387,2,2
global,ref+aging+sfreq+refaults,K+K+,4,graph,val,3.0000,-3.0415,2,2
global,ref+aging+sfreq+refaults,K+K+,4,kv,test,1.1169,-0.3248,1,0
global,ref+aging+sfreq+refaults,K+K+,4,kv,val,1.1266,-0.3524,1,0
global,ref+aging+sfreq+refaults,K+K+,4,matmul,heldout,1.7921,-5.5988,2,1
global,ref+aging+sfreq+refaults,K+K+,4,sort,heldout,0.9771,0.2796,3,0
global,ref+aging+sfreq+refaults,K+K+,4,sort,test,0.9630,0.2861,2,0
global,ref+aging+sfreq+refaults,K+K+,4,sort,val,0.9695,0.2666,2,0
global,ref+aging+sfreq+refaults+rdist,K+K+,5,btree,heldout,0.8599,0.3762,1,0
global,ref+aging+sfreq+refaults+rdist,K+K+,5,graph,test,3.0000,-3.0387,2,2
global,ref+aging+sfreq+refaults+rdist,K+K+,5,graph,val,3.0000,-3.0415,2,2
global,ref+aging+sfreq+refaults+rdist,K+K+,5,kv,test,1.1109,-0.3082,1,0
global,ref+aging+sfreq+refaults+rdist,K+K+,5,kv,val,1.1239,-0.3447,1,0
global,ref+aging+sfreq+refaults+rdist,K+K+,5,matmul,heldout,1.9081,-6.1359,2,1
global,ref+aging+sfreq+refaults+rdist,K+K+,5,sort,heldout,0.9530,0.5742,3,0
global,ref+aging+sfreq+refaults+rdist,K+K+,5,sort,test,0.9549,0.4320,2,0
global,ref+aging+sfreq+refaults+rdist,K+K+,5,sort,val,0.9602,0.4211,2,0
global,ref+dirty,K,2,btree,heldout,1.0409,-0.1098,1,0
global,ref+dirty,K,2,graph,test,3.0000,-3.0387,2,2
global,ref+dirty,K,2,graph,val,3.0000,-3.0415,2,2
global,ref+dirty,K,2,kv,test,1.6046,-1.6801,1,0
global,ref+dirty,K,2,kv,val,1.5998,-1.6689,1,0
global,ref+dirty,K,2,matmul,heldout,0.9990,0.0072,2,0
global,ref+dirty,K,2,sort,heldout,1.0195,-0.2387,3,0
global,ref+dirty,K,2,sort,test,0.9736,0.1371,2,0
global,ref+dirty,K,2,sort,val,0.9802,0.1192,2,0
global,ref+dirty+rdist,K+K+,3,btree,heldout,1.4993,-1.3404,1,0
global,ref+dirty+rdist,K+K+,3,graph,test,3.0000,-3.0387,2,2
global,ref+dirty+rdist,K+K+,3,graph,val,3.0000,-3.0415,2,2
global,ref+dirty+rdist,K+K+,3,kv,test,2.0378,-2.8838,1,0
global,ref+dirty+rdist,K+K+,3,kv,val,1.8948,-2.4894,1,0
global,ref+dirty+rdist,K+K+,3,matmul,heldout,0.9880,0.0698,2,0
global,ref+dirty+rdist,K+K+,3,sort,heldout,1.7499,-9.1634,3,0
global,ref+dirty+rdist,K+K+,3,sort,test,1.1206,-1.9046,2,0
global,ref+dirty+rdist,K+K+,3,sort,val,1.1298,-1.9366,2,0
global,ref+dirty+refaults,K+K+,3,btree,heldout,0.8971,0.2763,1,0
global,ref+dirty+refaults,K+K+,3,graph,test,0.9816,0.0408,2,0
global,ref+dirty+refaults,K+K+,3,graph,val,0.9835,0.0393,2,0
global,ref+dirty+refaults,K+K+,3,kv,test,1.0676,-0.1878,1,0
global,ref+dirty+refaults,K+K+,3,kv,val,1.0683,-0.1899,1,0
global,ref+dirty+refaults,K+K+,3,matmul,heldout,1.0064,-0.0437,2,0
global,ref+dirty+refaults,K+K+,3,sort,heldout,1.0502,-0.6129,3,0
global,ref+dirty+refaults,K+K+,3,sort,test,0.9857,0.0554,2,0
global,ref+dirty+refaults,K+K+,3,sort,val,0.9924,0.0246,2,0
global,ref+dirty+refaults+rdist,K+K+,4,btree,heldout,0.9112,0.2384,1,0
global,ref+dirty+refaults+rdist,K+K+,4,graph,test,1.2028,-0.2827,2,0
global,ref+dirty+refaults+rdist,K+K+,4,graph,val,1.2294,-0.3236,2,0
global,ref+dirty+refaults+rdist,K+K+,4,kv,test,1.1345,-0.3738,1,0
global,ref+dirty+refaults+rdist,K+K+,4,kv,val,1.1500,-0.4174,1,0
global,ref+dirty+refaults+rdist,K+K+,4,matmul,heldout,0.9225,0.4567,2,0
global,ref+dirty+refaults+rdist,K+K+,4,sort,heldout,1.9822,-12.0022,3,0
global,ref+dirty+refaults+rdist,K+K+,4,sort,test,1.3733,-6.4540,2,0
global,ref+dirty+refaults+rdist,K+K+,4,sort,val,1.3794,-6.3506,2,0
global,ref+idle,K,2,btree,heldout,0.9948,0.0140,1,0
global,ref+idle,K,2,graph,test,0.9797,0.0316,2,0
global,ref+idle,K,2,graph,val,0.9779,0.0335,2,0
global,ref+idle,K,2,kv,test,0.9953,0.0131,1,0
global,ref+idle,K,2,kv,val,0.9961,0.0108,1,0
global,ref+idle,K,2,matmul,heldout,0.9990,0.0072,2,0
global,ref+idle,K,2,sort,heldout,1.0000,0.0000,3,0
global,ref+idle,K,2,sort,test,0.9559,0.3329,2,0
global,ref+idle,K,2,sort,val,0.9609,0.3340,2,0
global,ref+idle+age,K,3,btree,heldout,0.9822,0.0477,1,0
global,ref+idle+age,K,3,graph,test,0.8614,0.2178,2,0
global,ref+idle+age,K,3,graph,val,0.8607,0.2191,2,0
global,ref+idle+age,K,3,kv,test,0.9840,0.0444,1,0
global,ref+idle+age,K,3,kv,val,0.9837,0.0452,1,0
global,ref+idle+age,K,3,matmul,heldout,0.9990,0.0072,2,0
global,ref+idle+age,K,3,sort,heldout,1.0000,0.0000,3,0
global,ref+idle+age,K,3,sort,test,0.9622,0.2869,2,0
global,ref+idle+age,K,3,sort,val,0.9687,0.2690,2,0
global,ref+idle+age+dirty,K,4,btree,heldout,0.9751,0.0668,1,0
global,ref+idle+age+dirty,K,4,graph,test,0.9592,0.0683,2,0
global,ref+idle+age+dirty,K,4,graph,val,0.9607,0.0661,2,0
global,ref+idle+age+dirty,K,4,kv,test,0.9801,0.0553,1,0
global,ref+idle+age+dirty,K,4,kv,val,0.9795,0.0571,1,0
global,ref+idle+age+dirty,K,4,matmul,heldout,0.9990,0.0072,2,0
global,ref+idle+age+dirty,K,4,sort,heldout,1.0000,0.0000,3,0
global,ref+idle+age+dirty,K,4,sort,test,0.9637,0.2754,2,0
global,ref+idle+age+dirty,K,4,sort,val,0.9703,0.2560,2,0
global,ref+idle+age+dirty+rdist,K+K+,5,btree,heldout,0.8488,0.4059,1,0
global,ref+idle+age+dirty+rdist,K+K+,5,graph,test,1.7703,-1.1364,2,0
global,ref+idle+age+dirty+rdist,K+K+,5,graph,val,1.7256,-1.0605,2,0
global,ref+idle+age+dirty+rdist,K+K+,5,kv,test,0.9950,0.0140,1,0
global,ref+idle+age+dirty+rdist,K+K+,5,kv,val,1.0112,-0.0313,1,0
global,ref+idle+age+dirty+rdist,K+K+,5,matmul,heldout,0.9386,0.3200,2,0
global,ref+idle+age+dirty+rdist,K+K+,5,sort,heldout,0.9711,0.3527,3,0
global,ref+idle+age+dirty+rdist,K+K+,5,sort,test,0.9530,0.4097,2,0
global,ref+idle+age+dirty+rdist,K+K+,5,sort,val,0.9603,0.3848,2,0
global,ref+idle+age+dirty+refaults,K+K+,5,btree,heldout,0.8764,0.3317,1,0
global,ref+idle+age+dirty+refaults,K+K+,5,graph,test,0.9933,-0.0813,2,0
global,ref+idle+age+dirty+refaults,K+K+,5,graph,val,0.9717,-0.0335,2,0
global,ref+idle+age+dirty+refaults,K+K+,5,kv,test,0.9499,0.1393,1,0
global,ref+idle+age+dirty+refaults,K+K+,5,kv,val,0.9528,0.1313,1,0
global,ref+idle+age+dirty+refaults,K+K+,5,matmul,heldout,1.0434,-0.2943,2,0
global,ref+idle+age+dirty+refaults,K+K+,5,sort,heldout,1.0000,0.0000,3,0
global,ref+idle+age+dirty+refaults,K+K+,5,sort,test,0.9857,0.1092,2,0
global,ref+idle+age+dirty+refaults,K+K+,5,sort,val,0.9920,0.0742,2,0
global,ref+idle+age+dirty+refaults+rdist,K+K+,6,btree,heldout,0.8774,0.3290,1,0
global,ref+idle+age+dirty+refaults+rdist,K+K+,6,graph,test,1.1515,-0.3968,2,0
global,ref+idle+age+dirty+refaults+rdist,K+K+,6,graph,val,1.1624,-0.4160,2,0
global,ref+idle+age+dirty+refaults+rdist,K+K+,6,kv,test,1.0003,-0.0009,1,0
global,ref+idle+age+dirty+refaults+rdist,K+K+,6,kv,val,1.0084,-0.0234,1,0
global,ref+idle+age+dirty+refaults+rdist,K+K+,6,matmul,heldout,0.9391,0.3353,2,0
global,ref+idle+age+dirty+refaults+rdist,K+K+,6,sort,heldout,1.1450,-1.7720,3,0
global,ref+idle+age+dirty+refaults+rdist,K+K+,6,sort,test,1.2446,-2.2704,2,0
global,ref+idle+age+dirty+refaults+rdist,K+K+,6,sort,val,1.1747,-1.8261,2,0
global,ref+idle+age+rdist,K+K+,4,btree,heldout,0.8683,0.3536,1,0
global,ref+idle+age+rdist,K+K+,4,graph,test,0.8262,0.2641,2,0
global,ref+idle+age+rdist,K+K+,4,graph,val,0.8172,0.2798,2,0
global,ref+idle+age+rdist,K+K+,4,kv,test,0.9970,0.0082,1,0
global,ref+idle+age+rdist,K+K+,4,kv,val,1.0134,-0.0372,1,0
global,ref+idle+age+rdist,K+K+,4,matmul,heldout,0.9386,0.3199,2,0
global,ref+idle+age+rdist,K+K+,4,sort,heldout,0.9644,0.4344,3,0
global,ref+idle+age+rdist,K+K+,4,sort,test,0.9503,0.4323,2,0
global,ref+idle+age+rdist,K+K+,4,sort,val,0.9564,0.4213,2,0
global,ref+idle+age+refaults,K+K+,4,btree,heldout,0.8749,0.3359,1,0
global,ref+idle+age+refaults,K+K+,4,graph,test,1.0344,-0.1685,2,0
global,ref+idle+age+refaults,K+K+,4,graph,val,1.0235,-0.1378,2,0
global,ref+idle+age+refaults,K+K+,4,kv,test,0.9509,0.1365,1,0
global,ref+idle+age+refaults,K+K+,4,kv,val,0.9555,0.1238,1,0
global,ref+idle+age+refaults,K+K+,4,matmul,heldout,1.0373,-0.2481,2,0
global,ref+idle+age+refaults,K+K+,4,sort,heldout,1.0000,0.0000,3,0
global,ref+idle+age+refaults,K+K+,4,sort,test,0.9773,0.1724,2,0
global,ref+idle+age+refaults,K+K+,4,sort,val,0.9839,0.1404,2,0
global,ref+idle+age+refaults+rdist,K+K+,5,btree,heldout,0.8654,0.3614,1,0
global,ref+idle+age+refaults+rdist,K+K+,5,graph,test,1.1846,-0.5027,2,0
global,ref+idle+age+refaults+rdist,K+K+,5,graph,val,1.2145,-0.5742,2,0
global,ref+idle+age+refaults+rdist,K+K+,5,kv,test,1.0097,-0.0270,1,0
global,ref+idle+age+refaults+rdist,K+K+,5,kv,val,1.0150,-0.0418,1,0
global,ref+idle+age+refaults+rdist,K+K+,5,matmul,heldout,0.9310,0.3985,2,0
global,ref+idle+age+refaults+rdist,K+K+,5,sort,heldout,1.0243,-0.2968,3,0
global,ref+idle+age+refaults+rdist,K+K+,5,sort,test,1.1169,-1.2453,2,0
global,ref+idle+age+refaults+rdist,K+K+,5,sort,val,1.1330,-1.4435,2,0
global,ref+idle+dirty,K,3,btree,heldout,0.9912,0.0236,1,0
global,ref+idle+dirty,K,3,graph,test,1.0321,-0.0467,2,0
global,ref+idle+dirty,K,3,graph,val,1.0318,-0.0471,2,0
global,ref+idle+dirty,K,3,kv,test,0.9942,0.0162,1,0
global,ref+idle+dirty,K,3,kv,val,0.9935,0.0180,1,0
global,ref+idle+dirty,K,3,matmul,heldout,0.9990,0.0072,2,0
global,ref+idle+dirty,K,3,sort,heldout,1.0000,0.0000,3,0
global,ref+idle+dirty,K,3,sort,test,0.9630,0.2812,2,0
global,ref+idle+dirty,K,3,sort,val,0.9695,0.2625,2,0
global,ref+idle+dirty+rdist,K+K+,4,btree,heldout,0.8676,0.3553,1,0
global,ref+idle+dirty+rdist,K+K+,4,graph,test,2.4253,-2.1019,2,0
global,ref+idle+dirty+rdist,K+K+,4,graph,val,2.3780,-2.0323,2,0
global,ref+idle+dirty+rdist,K+K+,4,kv,test,1.0063,-0.0176,1,0
global,ref+idle+dirty+rdist,K+K+,4,kv,val,1.0191,-0.0532,1,0
global,ref+idle+dirty+rdist,K+K+,4,matmul,heldout,0.9368,0.3344,2,0
global,ref+idle+dirty+rdist,K+K+,4,sort,heldout,0.9734,0.3247,3,0
global,ref+idle+dirty+rdist,K+K+,4,sort,test,0.9538,0.3991,2,0
global,ref+idle+dirty+rdist,K+K+,4,sort,val,0.9591,0.3966,2,0
global,ref+idle+dirty+refaults,K+K+,4,btree,heldout,0.9509,0.1319,1,0
global,ref+idle+dirty+refaults,K+K+,4,graph,test,0.7592,0.3853,2,0
global,ref+idle+dirty+refaults,K+K+,4,graph,val,0.7606,0.3836,2,0
global,ref+idle+dirty+refaults,K+K+,4,kv,test,0.9905,0.0263,1,0
global,ref+idle+dirty+refaults,K+K+,4,kv,val,0.9933,0.0186,1,0
global,ref+idle+dirty+refaults,K+K+,4,matmul,heldout,1.0143,-0.0989,2,0
global,ref+idle+dirty+refaults,K+K+,4,sort,heldout,1.0000,0.0000,3,0
global,ref+idle+dirty+refaults,K+K+,4,sort,test,0.9738,0.1958,2,0
global,ref+idle+dirty+refaults,K+K+,4,sort,val,0.9800,0.1729,2,0
global,ref+idle+dirty+refaults+rdist,K+K+,5,btree,heldout,0.9008,0.2664,1,0
global,ref+idle+dirty+refaults+rdist,K+K+,5,graph,test,0.8873,0.1880,2,0
global,ref+idle+dirty+refaults+rdist,K+K+,5,graph,val,0.9164,0.1488,2,0
global,ref+idle+dirty+refaults+rdist,K+K+,5,kv,test,0.9786,0.0594,1,0
global,ref+idle+dirty+refaults+rdist,K+K+,5,kv,val,0.9948,0.0146,1,0
global,ref+idle+dirty+refaults+rdist,K+K+,5,matmul,heldout,0.9586,0.2166,2,0
global,ref+idle+dirty+refaults+rdist,K+K+,5,sort,heldout,1.8965,-10.9548,3,0
global,ref+idle+dirty+refaults+rdist,K+K+,5,sort,test,0.9473,0.4650,2,0
global,ref+idle+dirty+refaults+rdist,K+K+,5,sort,val,0.9537,0.4501,2,0
global,ref+idle+rdist,K+K+,3,btree,heldout,0.8833,0.3132,1,0
global,ref+idle+rdist,K+K+,3,graph,test,0.8712,0.1821,2,0
global,ref+idle+rdist,K+K+,3,graph,val,0.8728,0.1823,2,0
global,ref+idle+rdist,K+K+,3,kv,test,1.0043,-0.0120,1,0
global,ref+idle+rdist,K+K+,3,kv,val,1.0154,-0.0429,1,0
global,ref+idle+rdist,K+K+,3,matmul,heldout,0.9637,0.1971,2,0
global,ref+idle+rdist,K+K+,3,sort,heldout,0.9447,0.6753,3,0
global,ref+idle+rdist,K+K+,3,sort,test,0.9334,0.6125,2,0
global,ref+idle+rdist,K+K+,3,sort,val,0.9386,0.6191,2,0
global,ref+idle+refaults,K+K+,3,btree,heldout,0.9506,0.1325,1,0
global,ref+idle+refaults,K+K+,3,graph,test,0.7726,0.3642,2,0
global,ref+idle+refaults,K+K+,3,graph,val,0.7752,0.3608,2,0
global,ref+idle+refaults,K+K+,3,kv,test,0.9889,0.0309,1,0
global,ref+idle+refaults,K+K+,3,kv,val,0.9899,0.0282,1,0
global,ref+idle+refaults,K+K+,3,matmul,heldout,1.0142,-0.0978,2,0
global,ref+idle+refaults,K+K+,3,sort,heldout,1.0000,0.0000,3,0
global,ref+idle+refaults,K+K+,3,sort,test,0.9567,0.3272,2,0
global,ref+idle+refaults,K+K+,3,sort,val,0.9632,0.3145,2,0
global,ref+idle+refaults+rdist,K+K+,4,btree,heldout,0.9030,0.2603,1,0
global,ref+idle+refaults+rdist,K+K+,4,graph,test,0.8807,0.1968,2,0
global,ref+idle+refaults+rdist,K+K+,4,graph,val,0.9033,0.1667,2,0
global,ref+idle+refaults+rdist,K+K+,4,kv,test,0.9820,0.0499,1,0
global,ref+idle+refaults+rdist,K+K+,4,kv,val,0.9982,0.0051,1,0
global,ref+idle+refaults+rdist,K+K+,4,matmul,heldout,0.9588,0.2156,2,0
global,ref+idle+refaults+rdist,K+K+,4,sort,heldout,1.8960,-10.9484,3,0
global,ref+idle+refaults+rdist,K+K+,4,sort,test,0.9357,0.5806,2,0
global,ref+idle+refaults+rdist,K+K+,4,sort,val,0.9424,0.5664,2,0
global,ref+rdist,K+K+,2,btree,heldout,1.5136,-1.3787,1,0
global,ref+rdist,K+K+,2,graph,test,3.0000,-3.0387,2,2
global,ref+rdist,K+K+,2,graph,val,3.0000,-3.0415,2,2
global,ref+rdist,K+K+,2,kv,test,3.0000,-5.5578,1,1
global,ref+rdist,K+K+,2,kv,val,3.0000,-5.5644,1,1
global,ref+rdist,K+K+,2,matmul,heldout,0.9656,0.1873,2,0
global,ref+rdist,K+K+,2,sort,heldout,1.8374,-10.2323,3,0
global,ref+rdist,K+K+,2,sort,test,0.9500,0.3687,2,0
global,ref+rdist,K+K+,2,sort,val,0.9561,0.3689,2,0
global,ref+refaults,K+K+,2,btree,heldout,0.8963,0.2784,1,0
global,ref+refaults,K+K+,2,graph,test,0.9842,0.0450,2,0
global,ref+refaults,K+K+,2,graph,val,0.9941,0.0300,2,0
global,ref+refaults,K+K+,2,kv,test,1.0348,-0.0968,1,0
global,ref+refaults,K+K+,2,kv,val,1.0407,-0.1132,1,0
global,ref+refaults,K+K+,2,matmul,heldout,1.0066,-0.0431,2,0
global,ref+refaults,K+K+,2,sort,heldout,1.0000,0.0000,3,0
global,ref+refaults,K+K+,2,sort,test,0.9567,0.3272,2,0
global,ref+refaults,K+K+,2,sort,val,0.9632,0.3145,2,0
global,ref+refaults+rdist,K+K+,3,btree,heldout,0.9111,0.2385,1,0
global,ref+refaults+rdist,K+K+,3,graph,test,1.2020,-0.2841,2,0
global,ref+refaults+rdist,K+K+,3,graph,val,1.2089,-0.2971,2,0
global,ref+refaults+rdist,K+K+,3,kv,test,1.1455,-0.4043,1,0
global,ref+refaults+rdist,K+K+,3,kv,val,1.1426,-0.3967,1,0
global,ref+refaults+rdist,K+K+,3,matmul,heldout,0.9230,0.4537,2,0
global,ref+refaults+rdist,K+K+,3,sort,heldout,1.9880,-12.0731,3,0
global,ref+refaults+rdist,K+K+,3,sort,test,0.9907,-0.2169,2,0
global,ref+refaults+rdist,K+K+,3,sort,val,0.9989,-0.2376,2,0
global,ref+sfreq,K,2,btree,heldout,1.0766,-0.2056,1,0
global,ref+sfreq,K,2,graph,test,3.0000,-3.0387,2,2
global,ref+sfreq,K,2,graph,val,3.0000,-3.0415,2,2
global,ref+sfreq,K,2,kv,test,1.1854,-0.5151,1,0
global,ref+sfreq,K,2,kv,val,1.2052,-0.5709,1,0
global,ref+sfreq,K,2,matmul,heldout,0.9970,0.0142,2,0
global,ref+sfreq,K,2,sort,heldout,3.0000,-24.4387,3,3
global,ref+sfreq,K,2,sort,test,3.0000,-21.1667,2,2
global,ref+sfreq,K,2,sort,val,3.0000,-21.9114,2,2
global,ref+sfreq+age,K,3,btree,heldout,0.9027,0.2611,1,0
global,ref+sfreq+age,K,3,graph,test,3.0000,-3.0387,2,2
global,ref+sfreq+age,K,3,graph,val,3.0000,-3.0415,2,2
global,ref+sfreq+age,K,3,kv,test,1.0642,-0.1785,1,0
global,ref+sfreq+age,K,3,kv,val,1.0667,-0.1856,1,0
global,ref+sfreq+age,K,3,matmul,heldout,1.0007,-0.0054,2,0
global,ref+sfreq+age,K,3,sort,heldout,0.9995,0.0065,3,0
global,ref+sfreq+age,K,3,sort,test,0.9699,0.2295,2,0
global,ref+sfreq+age,K,3,sort,val,0.9769,0.1988,2,0
global,ref+sfreq+age+dirty,K,4,btree,heldout,0.9144,0.2299,1,0
global,ref+sfreq+age+dirty,K,4,graph,test,3.0000,-3.0387,2,2
global,ref+sfreq+age+dirty,K,4,graph,val,3.0000,-3.0415,2,2
global,ref+sfreq+age+dirty,K,4,kv,test,1.0650,-0.1806,1,0
global,ref+sfreq+age+dirty,K,4,kv,val,1.0661,-0.1838,1,0
global,ref+sfreq+age+dirty,K,4,matmul,heldout,1.0007,-0.0054,2,0
global,ref+sfreq+age+dirty,K,4,sort,heldout,0.9995,0.0065,3,0
global,ref+sfreq+age+dirty,K,4,sort,test,0.9719,0.2126,2,0
global,ref+sfreq+age+dirty,K,4,sort,val,0.9781,0.1911,2,0
global,ref+sfreq+age+dirty+rdist,K+K+,5,btree,heldout,0.8540,0.3919,1,0
global,ref+sfreq+age+dirty+rdist,K+K+,5,graph,test,3.0000,-3.0387,2,2
global,ref+sfreq+age+dirty+rdist,K+K+,5,graph,val,3.0000,-3.0415,2,2
global,ref+sfreq+age+dirty+rdist,K+K+,5,kv,test,1.1550,-0.4308,1,0
global,ref+sfreq+age+dirty+rdist,K+K+,5,kv,val,1.1622,-0.4512,1,0
global,ref+sfreq+age+dirty+rdist,K+K+,5,matmul,heldout,0.9899,0.0553,2,0
global,ref+sfreq+age+dirty+rdist,K+K+,5,sort,heldout,1.8958,-10.9462,3,0
global,ref+sfreq+age+dirty+rdist,K+K+,5,sort,test,1.1354,-2.1387,2,0
global,ref+sfreq+age+dirty+rdist,K+K+,5,sort,val,1.1226,-1.8128,2,0
global,ref+sfreq+age+dirty+refaults,K+K+,5,btree,heldout,0.8462,0.4128,1,0
global,ref+sfreq+age+dirty+refaults,K+K+,5,graph,test,3.0000,-3.0387,2,2
global,ref+sfreq+age+dirty+refaults,K+K+,5,graph,val,3.0000,-3.0415,2,2
global,ref+sfreq+age+dirty+refaults,K+K+,5,kv,test,1.1419,-0.3944,1,0
global,ref+sfreq+age+dirty+refaults,K+K+,5,kv,val,1.1376,-0.3827,1,0
global,ref+sfreq+age+dirty+refaults,K+K+,5,matmul,heldout,3.0000,-12.8420,2,2
global,ref+sfreq+age+dirty+refaults,K+K+,5,sort,heldout,1.3504,-4.2817,3,0
global,ref+sfreq+age+dirty+refaults,K+K+,5,sort,test,1.8299,-8.2290,2,0
global,ref+sfreq+age+dirty+refaults,K+K+,5,sort,val,1.8409,-8.7733,2,0
global,ref+sfreq+age+dirty+refaults+rdist,K+K+,6,btree,heldout,0.8605,0.3745,1,0
global,ref+sfreq+age+dirty+refaults+rdist,K+K+,6,graph,test,3.0000,-3.0387,2,2
global,ref+sfreq+age+dirty+refaults+rdist,K+K+,6,graph,val,3.0000,-3.0415,2,2
global,ref+sfreq+age+dirty+refaults+rdist,K+K+,6,kv,test,1.3108,-0.8637,1,0
global,ref+sfreq+age+dirty+refaults+rdist,K+K+,6,kv,val,1.2856,-0.7947,1,0
global,ref+sfreq+age+dirty+refaults+rdist,K+K+,6,matmul,heldout,3.0000,-12.8420,2,2
global,ref+sfreq+age+dirty+refaults+rdist,K+K+,6,sort,heldout,3.0000,-24.4387,3,3
global,ref+sfreq+age+dirty+refaults+rdist,K+K+,6,sort,test,3.0000,-21.1667,2,2
global,ref+sfreq+age+dirty+refaults+rdist,K+K+,6,sort,val,3.0000,-21.9114,2,2
global,ref+sfreq+age+rdist,K+K+,4,btree,heldout,0.8449,0.4163,1,0
global,ref+sfreq+age+rdist,K+K+,4,graph,test,3.0000,-3.0387,2,2
global,ref+sfreq+age+rdist,K+K+,4,graph,val,3.0000,-3.0415,2,2
global,ref+sfreq+age+rdist,K+K+,4,kv,test,1.1629,-0.4527,1,0
global,ref+sfreq+age+rdist,K+K+,4,kv,val,1.1648,-0.4584,1,0
global,ref+sfreq+age+rdist,K+K+,4,matmul,heldout,0.9899,0.0553,2,0
global,ref+sfreq+age+rdist,K+K+,4,sort,heldout,0.9662,0.4129,3,0
global,ref+sfreq+age+rdist,K+K+,4,sort,test,0.9503,0.4665,2,0
global,ref+sfreq+age+rdist,K+K+,4,sort,val,0.9568,0.4443,2,0
global,ref+sfreq+age+refaults,K+K+,4,btree,heldout,0.8459,0.4137,1,0
global,ref+sfreq+age+refaults,K+K+,4,graph,test,3.0000,-3.0387,2,2
global,ref+sfreq+age+refaults,K+K+,4,graph,val,3.0000,-3.0415,2,2
global,ref+sfreq+age+refaults,K+K+,4,kv,test,1.1470,-0.4084,1,0
global,ref+sfreq+age+refaults,K+K+,4,kv,val,1.1361,-0.3788,1,0
global,ref+sfreq+age+refaults,K+K+,4,matmul,heldout,3.0000,-12.8420,2,2
global,ref+sfreq+age+refaults,K+K+,4,sort,heldout,1.2166,-2.6473,3,0
global,ref+sfreq+age+refaults,K+K+,4,sort,test,1.4321,-4.1986,2,0
global,ref+sfreq+age+refaults,K+K+,4,sort,val,1.4512,-4.6437,2,0
global,ref+sfreq+age+refaults+rdist,K+K+,5,btree,heldout,0.8618,0.3711,1,0
global,ref+sfreq+age+refaults+rdist,K+K+,5,graph,test,3.0000,-3.0387,2,2
global,ref+sfreq+age+refaults+rdist,K+K+,5,graph,val,3.0000,-3.0415,2,2
global,ref+sfreq+age+refaults+rdist,K+K+,5,kv,test,1.2908,-0.8081,1,0
global,ref+sfreq+age+refaults+rdist,K+K+,5,kv,val,1.2780,-0.7734,1,0
global,ref+sfreq+age+refaults+rdist,K+K+,5,matmul,heldout,3.0000,-12.8420,2,2
global,ref+sfreq+age+refaults+rdist,K+K+,5,sort,heldout,3.0000,-24.4387,3,3
global,ref+sfreq+age+refaults+rdist,K+K+,5,sort,test,3.0000,-21.1667,2,2
global,ref+sfreq+age+refaults+rdist,K+K+,5,sort,val,3.0000,-21.9114,2,2
global,ref+sfreq+dirty,K,3,btree,heldout,0.9585,0.1114,1,0
global,ref+sfreq+dirty,K,3,graph,test,3.0000,-3.0387,2,2
global,ref+sfreq+dirty,K,3,graph,val,3.0000,-3.0415,2,2
global,ref+sfreq+dirty,K,3,kv,test,1.1528,-0.4247,1,0
global,ref+sfreq+dirty,K,3,kv,val,1.1568,-0.4362,1,0
global,ref+sfreq+dirty,K,3,matmul,heldout,0.9970,0.0142,2,0
global,ref+sfreq+dirty,K,3,sort,heldout,3.0000,-24.4387,3,3
global,ref+sfreq+dirty,K,3,sort,test,3.0000,-21.1667,2,2
global,ref+sfreq+dirty,K,3,sort,val,3.0000,-21.9114,2,2
global,ref+sfreq+dirty+rdist,K+K+,4,btree,heldout,1.2670,-0.7168,1,0
global,ref+sfreq+dirty+rdist,K+K+,4,graph,test,3.0000,-3.0387,2,2
global,ref+sfreq+dirty+rdist,K+K+,4,graph,val,3.0000,-3.0415,2,2
global,ref+sfreq+dirty+rdist,K+K+,4,kv,test,1.3036,-0.8436,1,0
global,ref+sfreq+dirty+rdist,K+K+,4,kv,val,1.3014,-0.8385,1,0
global,ref+sfreq+dirty+rdist,K+K+,4,matmul,heldout,0.9898,0.0562,2,0
global,ref+sfreq+dirty+rdist,K+K+,4,sort,heldout,3.0000,-24.4387,3,3
global,ref+sfreq+dirty+rdist,K+K+,4,sort,test,3.0000,-21.1667,2,2
global,ref+sfreq+dirty+rdist,K+K+,4,sort,val,3.0000,-21.9114,2,2
global,ref+sfreq+dirty+refaults,K+K+,4,btree,heldout,0.8609,0.3733,1,0
global,ref+sfreq+dirty+refaults,K+K+,4,graph,test,3.0000,-3.0387,2,2
global,ref+sfreq+dirty+refaults,K+K+,4,graph,val,3.0000,-3.0415,2,2
global,ref+sfreq+dirty+refaults,K+K+,4,kv,test,1.1741,-0.4839,1,0
global,ref+sfreq+dirty+refaults,K+K+,4,kv,val,1.1807,-0.5028,1,0
global,ref+sfreq+dirty+refaults,K+K+,4,matmul,heldout,3.0000,-12.8420,2,2
global,ref+sfreq+dirty+refaults,K+K+,4,sort,heldout,3.0000,-24.4387,3,3
global,ref+sfreq+dirty+refaults,K+K+,4,sort,test,3.0000,-21.1667,2,2
global,ref+sfreq+dirty+refaults,K+K+,4,sort,val,3.0000,-21.9114,2,2
global,ref+sfreq+dirty+refaults+rdist,K+K+,5,btree,heldout,0.8550,0.3892,1,0
global,ref+sfreq+dirty+refaults+rdist,K+K+,5,graph,test,3.0000,-3.0387,2,2
global,ref+sfreq+dirty+refaults+rdist,K+K+,5,graph,val,3.0000,-3.0415,2,2
global,ref+sfreq+dirty+refaults+rdist,K+K+,5,kv,test,1.2345,-0.6516,1,0
global,ref+sfreq+dirty+refaults+rdist,K+K+,5,kv,val,1.2240,-0.6233,1,0
global,ref+sfreq+dirty+refaults+rdist,K+K+,5,matmul,heldout,3.0000,-12.8420,2,2
global,ref+sfreq+dirty+refaults+rdist,K+K+,5,sort,heldout,3.0000,-24.4387,3,3
global,ref+sfreq+dirty+refaults+rdist,K+K+,5,sort,test,3.0000,-21.1667,2,2
global,ref+sfreq+dirty+refaults+rdist,K+K+,5,sort,val,3.0000,-21.9114,2,2
global,ref+sfreq+idle,K,3,btree,heldout,0.9795,0.0549,1,0
global,ref+sfreq+idle,K,3,graph,test,0.8385,0.2605,2,0
global,ref+sfreq+idle,K,3,graph,val,0.8348,0.2657,2,0
global,ref+sfreq+idle,K,3,kv,test,0.9815,0.0515,1,0
global,ref+sfreq+idle,K,3,kv,val,0.9798,0.0562,1,0
global,ref+sfreq+idle,K,3,matmul,heldout,0.9990,0.0072,2,0
global,ref+sfreq+idle,K,3,sort,heldout,1.0000,0.0000,3,0
global,ref+sfreq+idle,K,3,sort,test,0.9622,0.2869,2,0
global,ref+sfreq+idle,K,3,sort,val,0.9687,0.2690,2,0
global,ref+sfreq+idle+age,K,4,btree,heldout,0.9873,0.0342,1,0
global,ref+sfreq+idle+age,K,4,graph,test,0.8821,0.1807,2,0
global,ref+sfreq+idle+age,K,4,graph,val,0.8787,0.1854,2,0
global,ref+sfreq+idle+age,K,4,kv,test,0.9885,0.0318,1,0
global,ref+sfreq+idle+age,K,4,kv,val,0.9883,0.0325,1,0
global,ref+sfreq+idle+age,K,4,matmul,heldout,0.9990,0.0072,2,0
global,ref+sfreq+idle+age,K,4,sort,heldout,1.0000,0.0000,3,0
global,ref+sfreq+idle+age,K,4,sort,test,0.9622,0.2869,2,0
global,ref+sfreq+idle+age,K,4,sort,val,0.9687,0.2690,2,0
global,ref+sfreq+idle+age+dirty,K,5,btree,heldout,0.9784,0.0579,1,0
global,ref+sfreq+idle+age+dirty,K,5,graph,test,0.9601,0.0614,2,0
global,ref+sfreq+idle+age+dirty,K,5,graph,val,0.9608,0.0601,2,0
global,ref+sfreq+idle+age+dirty,K,5,kv,test,0.9848,0.0423,1,0
global,ref+sfreq+idle+age+dirty,K,5,kv,val,0.9833,0.0464,1,0
global,ref+sfreq+idle+age+dirty,K,5,matmul,heldout,0.9990,0.0072,2,0
global,ref+sfreq+idle+age+dirty,K,5,sort,heldout,1.0000,0.0000,3,0
global,ref+sfreq+idle+age+dirty,K,5,sort,test,0.9637,0.2754,2,0
global,ref+sfreq+idle+age+dirty,K,5,sort,val,0.9703,0.2560,2,0
global,ref+sfreq+idle+age+dirty+rdist,K+K+,6,btree,heldout,0.9839,0.0433,1,0
global,ref+sfreq+idle+age+dirty+rdist,K+K+,6,graph,test,1.6847,-1.2758,2,0
global,ref+sfreq+idle+age+dirty+rdist,K+K+,6,graph,val,1.6931,-1.2921,2,0
global,ref+sfreq+idle+age+dirty+rdist,K+K+,6,kv,test,1.0062,-0.0173,1,0
global,ref+sfreq+idle+age+dirty+rdist,K+K+,6,kv,val,1.0119,-0.0331,1,0
global,ref+sfreq+idle+age+dirty+rdist,K+K+,6,matmul,heldout,0.9110,0.5370,2,0
global,ref+sfreq+idle+age+dirty+rdist,K+K+,6,sort,heldout,0.9754,0.3011,3,0
global,ref+sfreq+idle+age+dirty+rdist,K+K+,6,sort,test,0.9549,0.3831,2,0
global,ref+sfreq+idle+age+dirty+rdist,K+K+,6,sort,val,0.9610,0.3703,2,0
global,ref+sfreq+idle+age+dirty+refaults,K+K+,6,btree,heldout,0.8708,0.3469,1,0
global,ref+sfreq+idle+age+dirty+refaults,K+K+,6,graph,test,1.0746,-0.2660,2,0
global,ref+sfreq+idle+age+dirty+refaults,K+K+,6,graph,val,1.0695,-0.2516,2,0
global,ref+sfreq+idle+age+dirty+refaults,K+K+,6,kv,test,0.9505,0.1377,1,0
global,ref+sfreq+idle+age+dirty+refaults,K+K+,6,kv,val,0.9529,0.1310,1,0
global,ref+sfreq+idle+age+dirty+refaults,K+K+,6,matmul,heldout,1.0472,-0.3200,2,0
global,ref+sfreq+idle+age+dirty+refaults,K+K+,6,sort,heldout,1.0000,0.0000,3,0
global,ref+sfreq+idle+age+dirty+refaults,K+K+,6,sort,test,0.9906,0.0645,2,0
global,ref+sfreq+idle+age+dirty+refaults,K+K+,6,sort,val,0.9973,0.0207,2,0
global,ref+sfreq+idle+age+dirty+refaults+rdist,K+K+,7,btree,heldout,0.8763,0.3322,1,0
global,ref+sfreq+idle+age+dirty+refaults+rdist,K+K+,7,graph,test,0.9721,-0.0211,2,0
global,ref+sfreq+idle+age+dirty+refaults+rdist,K+K+,7,graph,val,0.9863,-0.0491,2,0
global,ref+sfreq+idle+age+dirty+refaults+rdist,K+K+,7,kv,test,0.9816,0.0511,1,0
global,ref+sfreq+idle+age+dirty+refaults+rdist,K+K+,7,kv,val,0.9958,0.0118,1,0
global,ref+sfreq+idle+age+dirty+refaults+rdist,K+K+,7,matmul,heldout,0.9248,0.4462,2,0
global,ref+sfreq+idle+age+dirty+refaults+rdist,K+K+,7,sort,heldout,1.2768,-3.3828,3,0
global,ref+sfreq+idle+age+dirty+refaults+rdist,K+K+,7,sort,test,1.0956,-1.0746,2,0
global,ref+sfreq+idle+age+dirty+refaults+rdist,K+K+,7,sort,val,1.0925,-1.0240,2,0
global,ref+sfreq+idle+age+rdist,K+K+,5,btree,heldout,1.0373,-0.1001,1,0
global,ref+sfreq+idle+age+rdist,K+K+,5,graph,test,0.7760,0.3572,2,0
global,ref+sfreq+idle+age+rdist,K+K+,5,graph,val,0.7705,0.3663,2,0
global,ref+sfreq+idle+age+rdist,K+K+,5,kv,test,1.0063,-0.0174,1,0
global,ref+sfreq+idle+age+rdist,K+K+,5,kv,val,1.0168,-0.0469,1,0
global,ref+sfreq+idle+age+rdist,K+K+,5,matmul,heldout,0.9110,0.5369,2,0
global,ref+sfreq+idle+age+rdist,K+K+,5,sort,heldout,0.9713,0.3505,3,0
global,ref+sfreq+idle+age+rdist,K+K+,5,sort,test,0.9373,0.5887,2,0
global,ref+sfreq+idle+age+rdist,K+K+,5,sort,val,0.9440,0.5696,2,0
global,ref+sfreq+idle+age+refaults,K+K+,5,btree,heldout,0.8681,0.3539,1,0
global,ref+sfreq+idle+age+refaults,K+K+,5,graph,test,1.1070,-0.3563,2,0
global,ref+sfreq+idle+age+refaults,K+K+,5,graph,val,1.0881,-0.3015,2,0
global,ref+sfreq+idle+age+refaults,K+K+,5,kv,test,0.9533,0.1299,1,0
global,ref+sfreq+idle+age+refaults,K+K+,5,kv,val,0.9566,0.1209,1,0
global,ref+sfreq+idle+age+refaults,K+K+,5,matmul,heldout,1.0415,-0.2774,2,0
global,ref+sfreq+idle+age+refaults,K+K+,5,sort,heldout,1.0000,0.0000,3,0
global,ref+sfreq+idle+age+refaults,K+K+,5,sort,test,0.9788,0.1609,2,0
global,ref+sfreq+idle+age+refaults,K+K+,5,sort,val,0.9854,0.1274,2,0
global,ref+sfreq+idle+age+refaults+rdist,K+K+,6,btree,heldout,0.8719,0.3438,1,0
global,ref+sfreq+idle+age+refaults+rdist,K+K+,6,graph,test,1.0355,-0.1757,2,0
global,ref+sfreq+idle+age+refaults+rdist,K+K+,6,graph,val,1.0509,-0.2093,2,0
global,ref+sfreq+idle+age+refaults+rdist,K+K+,6,kv,test,1.0018,-0.0051,1,0
global,ref+sfreq+idle+age+refaults+rdist,K+K+,6,kv,val,1.0100,-0.0279,1,0
global,ref+sfreq+idle+age+refaults+rdist,K+K+,6,matmul,heldout,0.9241,0.4512,2,0
global,ref+sfreq+idle+age+refaults+rdist,K+K+,6,sort,heldout,1.0275,-0.3355,3,0
global,ref+sfreq+idle+age+refaults+rdist,K+K+,6,sort,test,1.0314,-0.4309,2,0
global,ref+sfreq+idle+age+refaults+rdist,K+K+,6,sort,val,1.0357,-0.4439,2,0
global,ref+sfreq+idle+dirty,K,4,btree,heldout,0.9734,0.0714,1,0
global,ref+sfreq+idle+dirty,K,4,graph,test,0.9670,0.0639,2,0
global,ref+sfreq+idle+dirty,K,4,graph,val,0.9628,0.0693,2,0
global,ref+sfreq+idle+dirty,K,4,kv,test,0.9765,0.0652,1,0
global,ref+sfreq+idle+dirty,K,4,kv,val,0.9745,0.0709,1,0
global,ref+sfreq+idle+dirty,K,4,matmul,heldout,0.9990,0.0072,2,0
global,ref+sfreq+idle+dirty,K,4,sort,heldout,1.0000,0.0000,3,0
global,ref+sfreq+idle+dirty,K,4,sort,test,0.9637,0.2754,2,0
global,ref+sfreq+idle+dirty,K,4,sort,val,0.9703,0.2560,2,0
global,ref+sfreq+idle+dirty+rdist,K+K+,5,btree,heldout,0.8474,0.4096,1,0
global,ref+sfreq+idle+dirty+rdist,K+K+,5,graph,test,2.2784,-1.8956,2,1
global,ref+sfreq+idle+dirty+rdist,K+K+,5,graph,val,2.1785,-1.7415,2,0
global,ref+sfreq+idle+dirty+rdist,K+K+,5,kv,test,1.0078,-0.0217,1,0
global,ref+sfreq+idle+dirty+rdist,K+K+,5,kv,val,1.0221,-0.0615,1,0
global,ref+sfreq+idle+dirty+rdist,K+K+,5,matmul,heldout,0.9655,0.1828,2,0
global,ref+sfreq+idle+dirty+rdist,K+K+,5,sort,heldout,0.9727,0.3333,3,0
global,ref+sfreq+idle+dirty+rdist,K+K+,5,sort,test,0.9542,0.3937,2,0
global,ref+sfreq+idle+dirty+rdist,K+K+,5,sort,val,0.9587,0.4018,2,0
global,ref+sfreq+idle+dirty+refaults,K+K+,5,btree,heldout,0.8541,0.3915,1,0
global,ref+sfreq+idle+dirty+refaults,K+K+,5,graph,test,2.4248,-2.1023,2,1
global,ref+sfreq+idle+dirty+refaults,K+K+,5,graph,val,2.4106,-2.0825,2,1
global,ref+sfreq+idle+dirty+refaults,K+K+,5,kv,test,1.0209,-0.0579,1,0
global,ref+sfreq+idle+dirty+refaults,K+K+,5,kv,val,1.0310,-0.0862,1,0
global,ref+sfreq+idle+dirty+refaults,K+K+,5,matmul,heldout,1.3060,-2.0640,2,0
global,ref+sfreq+idle+dirty+refaults,K+K+,5,sort,heldout,1.0046,-0.0559,3,0
global,ref+sfreq+idle+dirty+refaults,K+K+,5,sort,test,1.0555,-0.5129,2,0
global,ref+sfreq+idle+dirty+refaults,K+K+,5,sort,val,1.0639,-0.6221,2,0
global,ref+sfreq+idle+dirty+refaults+rdist,K+K+,6,btree,heldout,0.8525,0.3961,1,0
global,ref+sfreq+idle+dirty+refaults+rdist,K+K+,6,graph,test,3.0000,-3.0387,2,2
global,ref+sfreq+idle+dirty+refaults+rdist,K+K+,6,graph,val,3.0000,-3.0415,2,2
global,ref+sfreq+idle+dirty+refaults+rdist,K+K+,6,kv,test,1.1132,-0.3147,1,0
global,ref+sfreq+idle+dirty+refaults+rdist,K+K+,6,kv,val,1.1068,-0.2970,1,0
global,ref+sfreq+idle+dirty+refaults+rdist,K+K+,6,matmul,heldout,2.3916,-8.7371,2,1
global,ref+sfreq+idle+dirty+refaults+rdist,K+K+,6,sort,heldout,2.2471,-15.2430,3,0
global,ref+sfreq+idle+dirty+refaults+rdist,K+K+,6,sort,test,2.6658,-16.9060,2,1
global,ref+sfreq+idle+dirty+refaults+rdist,K+K+,6,sort,val,2.6853,-17.9219,2,1
global,ref+sfreq+idle+rdist,K+K+,4,btree,heldout,0.8724,0.3425,1,0
global,ref+sfreq+idle+rdist,K+K+,4,graph,test,0.8696,0.1855,2,0
global,ref+sfreq+idle+rdist,K+K+,4,graph,val,0.8633,0.1984,2,0
global,ref+sfreq+idle+rdist,K+K+,4,kv,test,1.0037,-0.0102,1,0
global,ref+sfreq+idle+rdist,K+K+,4,kv,val,1.0222,-0.0616,1,0
global,ref+sfreq+idle+rdist,K+K+,4,matmul,heldout,0.9386,0.3199,2,0
global,ref+sfreq+idle+rdist,K+K+,4,sort,heldout,0.9690,0.3785,3,0
global,ref+sfreq+idle+rdist,K+K+,4,sort,test,0.9418,0.4955,2,0
global,ref+sfreq+idle+rdist,K+K+,4,sort,val,0.9478,0.4928,2,0
global,ref+sfreq+idle+refaults,K+K+,4,btree,heldout,0.8535,0.3933,1,0
global,ref+sfreq+idle+refaults,K+K+,4,graph,test,2.2714,-1.8861,2,1
global,ref+sfreq+idle+refaults,K+K+,4,graph,val,2.3029,-1.9299,2,1
global,ref+sfreq+idle+refaults,K+K+,4,kv,test,1.0198,-0.0551,1,0
global,ref+sfreq+idle+refaults,K+K+,4,kv,val,1.0348,-0.0969,1,0
global,ref+sfreq+idle+refaults,K+K+,4,matmul,heldout,1.2489,-1.6631,2,0
global,ref+sfreq+idle+refaults,K+K+,4,sort,heldout,1.0012,-0.0151,3,0
global,ref+sfreq+idle+refaults,K+K+,4,sort,test,1.0389,-0.4198,2,0
global,ref+sfreq+idle+refaults,K+K+,4,sort,val,1.0471,-0.5050,2,0
global,ref+sfreq+idle+refaults+rdist,K+K+,5,btree,heldout,0.8520,0.3974,1,0
global,ref+sfreq+idle+refaults+rdist,K+K+,5,graph,test,3.0000,-3.0387,2,2
global,ref+sfreq+idle+refaults+rdist,K+K+,5,graph,val,3.0000,-3.0415,2,2
global,ref+sfreq+idle+refaults+rdist,K+K+,5,kv,test,1.1005,-0.2793,1,0
global,ref+sfreq+idle+refaults+rdist,K+K+,5,kv,val,1.1043,-0.2903,1,0
global,ref+sfreq+idle+refaults+rdist,K+K+,5,matmul,heldout,2.2694,-8.0246,2,1
global,ref+sfreq+idle+refaults+rdist,K+K+,5,sort,heldout,2.0153,-12.4065,3,0
global,ref+sfreq+idle+refaults+rdist,K+K+,5,sort,test,2.1612,-12.9337,2,0
global,ref+sfreq+idle+refaults+rdist,K+K+,5,sort,val,1.9055,-10.3774,2,0
global,ref+sfreq+rdist,K+K+,3,btree,heldout,1.2987,-0.8019,1,0
global,ref+sfreq+rdist,K+K+,3,graph,test,3.0000,-3.0387,2,2
global,ref+sfreq+rdist,K+K+,3,graph,val,3.0000,-3.0415,2,2
global,ref+sfreq+rdist,K+K+,3,kv,test,1.2495,-0.6934,1,0
global,ref+sfreq+rdist,K+K+,3,kv,val,1.2447,-0.6807,1,0
global,ref+sfreq+rdist,K+K+,3,matmul,heldout,0.9917,0.0464,2,0
global,ref+sfreq+rdist,K+K+,3,sort,heldout,3.0000,-24.4387,3,3
global,ref+sfreq+rdist,K+K+,3,sort,test,1.6441,-13.1207,2,1
global,ref+sfreq+rdist,K+K+,3,sort,val,1.6566,-13.0153,2,1
global,ref+sfreq+refaults,K+K+,3,btree,heldout,0.8641,0.3648,1,0
global,ref+sfreq+refaults,K+K+,3,graph,test,3.0000,-3.0387,2,2
global,ref+sfreq+refaults,K+K+,3,graph,val,3.0000,-3.0415,2,2
global,ref+sfreq+refaults,K+K+,3,kv,test,1.1754,-0.4874,1,0
global,ref+sfreq+refaults,K+K+,3,kv,val,1.1825,-0.5079,1,0
global,ref+sfreq+refaults,K+K+,3,matmul,heldout,3.0000,-12.8420,2,2
global,ref+sfreq+refaults,K+K+,3,sort,heldout,3.0000,-24.4387,3,3
global,ref+sfreq+refaults,K+K+,3,sort,test,3.0000,-21.1667,2,2
global,ref+sfreq+refaults,K+K+,3,sort,val,3.0000,-21.9114,2,2
global,ref+sfreq+refaults+rdist,K+K+,4,btree,heldout,0.8559,0.3868,1,0
global,ref+sfreq+refaults+rdist,K+K+,4,graph,test,3.0000,-3.0387,2,2
global,ref+sfreq+refaults+rdist,K+K+,4,graph,val,3.0000,-3.0415,2,2
global,ref+sfreq+refaults+rdist,K+K+,4,kv,test,1.2005,-0.5572,1,0
global,ref+sfreq+refaults+rdist,K+K+,4,kv,val,1.2126,-0.5915,1,0
global,ref+sfreq+refaults+rdist,K+K+,4,matmul,heldout,3.0000,-12.8420,2,2
global,ref+sfreq+refaults+rdist,K+K+,4,sort,heldout,3.0000,-24.4387,3,3
global,ref+sfreq+refaults+rdist,K+K+,4,sort,test,3.0000,-21.1667,2,2
global,ref+sfreq+refaults+rdist,K+K+,4,sort,val,3.0000,-21.9114,2,2
global,refaults,K+K+,1,btree,heldout,0.8960,0.2792,1,0
global,refaults,K+K+,1,graph,test,1.6326,-1.1377,2,1
global,refaults,K+K+,1,graph,val,1.6357,-1.1396,2,1
global,refaults,K+K+,1,kv,test,1.1067,-0.2966,1,0
global,refaults,K+K+,1,kv,val,1.1084,-0.3017,1,0
global,refaults,K+K+,1,matmul,heldout,1.7503,-5.2466,2,0
global,refaults,K+K+,1,sort,heldout,1.0000,0.0000,3,0
global,refaults,K+K+,1,sort,test,1.1170,-1.0125,2,0
global,refaults,K+K+,1,sort,val,1.1301,-1.2219,2,0
global,refaults+rdist,K+K+,2,btree,heldout,0.9142,0.2303,1,0
global,refaults+rdist,K+K+,2,graph,test,1.8425,-1.3566,2,1
global,refaults+rdist,K+K+,2,graph,val,1.8143,-1.3248,2,1
global,refaults+rdist,K+K+,2,kv,test,1.3166,-0.8797,1,0
global,refaults+rdist,K+K+,2,kv,val,1.3248,-0.9036,1,0
global,refaults+rdist,K+K+,2,matmul,heldout,1.6115,-3.8770,2,0
global,refaults+rdist,K+K+,2,sort,heldout,3.0000,-24.4387,3,3
global,refaults+rdist,K+K+,2,sort,test,3.0000,-21.1667,2,2
global,refaults+rdist,K+K+,2,sort,val,3.0000,-21.9114,2,2
global,sd,F,1,btree,heldout,0.9945,0.0146,1,0
global,sd,F,1,graph,test,0.9786,0.0333,2,0
global,sd,F,1,graph,val,0.9775,0.0343,2,0
global,sd,F,1,kv,test,0.9945,0.0153,1,0
global,sd,F,1,kv,val,0.9952,0.0134,1,0
global,sd,F,1,matmul,heldout,0.9990,0.0072,2,0
global,sd,F,1,sort,heldout,1.0000,0.0000,3,0
global,sd,F,1,sort,test,0.9536,0.3501,2,0
global,sd,F,1,sort,val,0.9601,0.3405,2,0
global,sd+ref+aging+sfreq+idle+age+dirty,F+K,7,btree,heldout,1.1984,-0.5326,1,0
global,sd+ref+aging+sfreq+idle+age+dirty,F+K,7,graph,test,1.7535,-1.8160,2,1
global,sd+ref+aging+sfreq+idle+age+dirty,F+K,7,graph,val,1.6428,-1.7423,2,1
global,sd+ref+aging+sfreq+idle+age+dirty,F+K,7,kv,test,1.2982,-0.8286,1,0
global,sd+ref+aging+sfreq+idle+age+dirty,F+K,7,kv,val,1.3814,-1.0613,1,0
global,sd+ref+aging+sfreq+idle+age+dirty,F+K,7,matmul,heldout,0.9990,0.0072,2,0
global,sd+ref+aging+sfreq+idle+age+dirty,F+K,7,sort,heldout,0.9688,0.3806,3,0
global,sd+ref+aging+sfreq+idle+age+dirty,F+K,7,sort,test,0.9552,0.3387,2,0
global,sd+ref+aging+sfreq+idle+age+dirty,F+K,7,sort,val,0.9616,0.3275,2,0
global,sd+ref+aging+sfreq+idle+age+dirty+refaults+rdist,F+K,9,btree,heldout,1.0541,-0.1453,1,0
global,sd+ref+aging+sfreq+idle+age+dirty+refaults+rdist,F+K,9,graph,test,3.0000,-3.0387,2,2
global,sd+ref+aging+sfreq+idle+age+dirty+refaults+rdist,F+K,9,graph,val,3.0000,-3.0415,2,2
global,sd+ref+aging+sfreq+idle+age+dirty+refaults+rdist,F+K,9,kv,test,1.7159,-1.9895,1,0
global,sd+ref+aging+sfreq+idle+age+dirty+refaults+rdist,F+K,9,kv,val,1.4778,-1.3292,1,0
global,sd+ref+aging+sfreq+idle+age+dirty+refaults+rdist,F+K,9,matmul,heldout,0.9807,0.0884,2,0
global,sd+ref+aging+sfreq+idle+age+dirty+refaults+rdist,F+K,9,sort,heldout,0.9608,0.4796,3,0
global,sd+ref+aging+sfreq+idle+age+dirty+refaults+rdist,F+K,9,sort,test,0.9515,0.4359,2,0
global,sd+ref+aging+sfreq+idle+age+dirty+refaults+rdist,F+K,9,sort,val,0.9556,0.4480,2,0
global,sd+wr,F,2,btree,heldout,0.9929,0.0191,1,0
global,sd+wr,F,2,graph,test,1.1549,-0.2066,2,0
global,sd+wr,F,2,graph,val,1.1603,-0.2144,2,0
global,sd+wr,F,2,kv,test,0.9949,0.0142,1,0
global,sd+wr,F,2,kv,val,0.9954,0.0127,1,0
global,sd+wr,F,2,matmul,heldout,0.9990,0.0072,2,0
global,sd+wr,F,2,sort,heldout,1.0000,0.0000,3,0
global,sd+wr,F,2,sort,test,0.9536,0.3501,2,0
global,sd+wr,F,2,sort,val,0.9601,0.3405,2,0
global,sd+wr+ref+aging+sfreq+idle+age+dirty,F+K,8,btree,heldout,1.3483,-0.9351,1,0
global,sd+wr+ref+aging+sfreq+idle+age+dirty,F+K,8,graph,test,1.6590,-1.7495,2,1
global,sd+wr+ref+aging+sfreq+idle+age+dirty,F+K,8,graph,val,1.6484,-1.7460,2,1
global,sd+wr+ref+aging+sfreq+idle+age+dirty,F+K,8,kv,test,1.2966,-0.8242,1,0
global,sd+wr+ref+aging+sfreq+idle+age+dirty,F+K,8,kv,val,1.3109,-0.8650,1,0
global,sd+wr+ref+aging+sfreq+idle+age+dirty,F+K,8,matmul,heldout,0.9990,0.0072,2,0
global,sd+wr+ref+aging+sfreq+idle+age+dirty,F+K,8,sort,heldout,0.9688,0.3806,3,0
global,sd+wr+ref+aging+sfreq+idle+age+dirty,F+K,8,sort,test,0.9540,0.3497,2,0
global,sd+wr+ref+aging+sfreq+idle+age+dirty,F+K,8,sort,val,0.9609,0.3340,2,0
global,sd+wr+ref+aging+sfreq+idle+age+dirty+refaults+rdist,F+K,10,btree,heldout,1.0546,-0.1466,1,0
global,sd+wr+ref+aging+sfreq+idle+age+dirty+refaults+rdist,F+K,10,graph,test,3.0000,-3.0387,2,2
global,sd+wr+ref+aging+sfreq+idle+age+dirty+refaults+rdist,F+K,10,graph,val,3.0000,-3.0415,2,2
global,sd+wr+ref+aging+sfreq+idle+age+dirty+refaults+rdist,F+K,10,kv,test,1.5284,-1.4683,1,0
global,sd+wr+ref+aging+sfreq+idle+age+dirty+refaults+rdist,F+K,10,kv,val,1.4741,-1.3192,1,0
global,sd+wr+ref+aging+sfreq+idle+age+dirty+refaults+rdist,F+K,10,matmul,heldout,0.9801,0.0929,2,0
global,sd+wr+ref+aging+sfreq+idle+age+dirty+refaults+rdist,F+K,10,sort,heldout,0.9599,0.4903,3,0
global,sd+wr+ref+aging+sfreq+idle+age+dirty+refaults+rdist,F+K,10,sort,test,0.9515,0.4359,2,0
global,sd+wr+ref+aging+sfreq+idle+age+dirty+refaults+rdist,F+K,10,sort,val,0.9556,0.4480,2,0
global,sfreq,K,1,btree,heldout,1.7230,-1.9409,1,0
global,sfreq,K,1,graph,test,3.0000,-3.0387,2,2
global,sfreq,K,1,graph,val,3.0000,-3.0415,2,2
global,sfreq,K,1,kv,test,3.0000,-5.5578,1,1
global,sfreq,K,1,kv,val,3.0000,-5.5644,1,1
global,sfreq,K,1,matmul,heldout,3.0000,-12.8420,2,2
global,sfreq,K,1,sort,heldout,3.0000,-24.4387,3,3
global,sfreq,K,1,sort,test,3.0000,-21.1667,2,2
global,sfreq,K,1,sort,val,3.0000,-21.9114,2,2
global,sfreq+age,K,2,btree,heldout,0.9222,0.2088,1,0
global,sfreq+age,K,2,graph,test,3.0000,-3.0387,2,2
global,sfreq+age,K,2,graph,val,3.0000,-3.0415,2,2
global,sfreq+age,K,2,kv,test,1.0528,-0.1466,1,0
global,sfreq+age,K,2,kv,val,1.0550,-0.1532,1,0
global,sfreq+age,K,2,matmul,heldout,1.4002,-2.6857,2,0
global,sfreq+age,K,2,sort,heldout,1.0000,0.0000,3,0
global,sfreq+age,K,2,sort,test,0.9630,0.2812,2,0
global,sfreq+age,K,2,sort,val,0.9695,0.2625,2,0
global,sfreq+age+dirty,K,3,btree,heldout,0.9312,0.1847,1,0
global,sfreq+age+dirty,K,3,graph,test,3.0000,-3.0387,2,2
global,sfreq+age+dirty,K,3,graph,val,3.0000,-3.0415,2,2
global,sfreq+age+dirty,K,3,kv,test,1.0536,-0.1491,1,0
global,sfreq+age+dirty,K,3,kv,val,1.0548,-0.1525,1,0
global,sfreq+age+dirty,K,3,matmul,heldout,1.8733,-7.1095,2,0
global,sfreq+age+dirty,K,3,sort,heldout,0.9995,0.0065,3,0
global,sfreq+age+dirty,K,3,sort,test,1.0086,-0.0636,2,0
global,sfreq+age+dirty,K,3,sort,val,1.0162,-0.1336,2,0
global,sfreq+age+dirty+rdist,K+K+,4,btree,heldout,0.8355,0.4417,1,0
global,sfreq+age+dirty+rdist,K+K+,4,graph,test,3.0000,-3.0387,2,2
global,sfreq+age+dirty+rdist,K+K+,4,graph,val,3.0000,-3.0415,2,2
global,sfreq+age+dirty+rdist,K+K+,4,kv,test,1.0693,-0.1926,1,0
global,sfreq+age+dirty+rdist,K+K+,4,kv,val,1.0723,-0.2010,1,0
global,sfreq+age+dirty+rdist,K+K+,4,matmul,heldout,3.0000,-12.8420,2,2
global,sfreq+age+dirty+rdist,K+K+,4,sort,heldout,1.9000,-10.9978,3,0
global,sfreq+age+dirty+rdist,K+K+,4,sort,test,1.9276,-9.8470,2,0
global,sfreq+age+dirty+rdist,K+K+,4,sort,val,1.9395,-10.2798,2,0
global,sfreq+age+dirty+refaults,K+K+,4,btree,heldout,0.8540,0.3919,1,0
global,sfreq+age+dirty+refaults,K+K+,4,graph,test,3.0000,-3.0387,2,2
global,sfreq+age+dirty+refaults,K+K+,4,graph,val,3.0000,-3.0415,2,2
global,sfreq+age+dirty+refaults,K+K+,4,kv,test,1.1028,-0.2857,1,0
global,sfreq+age+dirty+refaults,K+K+,4,kv,val,1.1069,-0.2975,1,0
global,sfreq+age+dirty+refaults,K+K+,4,matmul,heldout,3.0000,-12.8420,2,2
global,sfreq+age+dirty+refaults,K+K+,4,sort,heldout,1.0832,-1.0172,3,0
global,sfreq+age+dirty+refaults,K+K+,4,sort,test,2.0851,-10.6986,2,1
global,sfreq+age+dirty+refaults,K+K+,4,sort,val,2.1678,-12.3219,2,1
global,sfreq+age+dirty+refaults+rdist,K+K+,5,btree,heldout,0.8478,0.4085,1,0
global,sfreq+age+dirty+refaults+rdist,K+K+,5,graph,test,3.0000,-3.0387,2,2
global,sfreq+age+dirty+refaults+rdist,K+K+,5,graph,val,3.0000,-3.0415,2,2
global,sfreq+age+dirty+refaults+rdist,K+K+,5,kv,test,1.2445,-0.6795,1,0
global,sfreq+age+dirty+refaults+rdist,K+K+,5,kv,val,1.2207,-0.6141,1,0
global,sfreq+age+dirty+refaults+rdist,K+K+,5,matmul,heldout,3.0000,-12.8420,2,2
global,sfreq+age+dirty+refaults+rdist,K+K+,5,sort,heldout,3.0000,-24.4387,3,3
global,sfreq+age+dirty+refaults+rdist,K+K+,5,sort,test,3.0000,-21.1667,2,2
global,sfreq+age+dirty+refaults+rdist,K+K+,5,sort,val,3.0000,-21.9114,2,2
global,sfreq+age+rdist,K+K+,3,btree,heldout,0.8408,0.4274,1,0
global,sfreq+age+rdist,K+K+,3,graph,test,3.0000,-3.0387,2,2
global,sfreq+age+rdist,K+K+,3,graph,val,3.0000,-3.0415,2,2
global,sfreq+age+rdist,K+K+,3,kv,test,1.0610,-0.1695,1,0
global,sfreq+age+rdist,K+K+,3,kv,val,1.0690,-0.1920,1,0
global,sfreq+age+rdist,K+K+,3,matmul,heldout,1.6804,-7.3515,2,1
global,sfreq+age+rdist,K+K+,3,sort,heldout,1.8974,-10.9656,3,0
global,sfreq+age+rdist,K+K+,3,sort,test,1.8163,-8.9408,2,0
global,sfreq+age+rdist,K+K+,3,sort,val,1.8278,-9.2883,2,0
global,sfreq+age+refaults,K+K+,3,btree,heldout,0.8522,0.3967,1,0
global,sfreq+age+refaults,K+K+,3,graph,test,3.0000,-3.0387,2,2
global,sfreq+age+refaults,K+K+,3,graph,val,3.0000,-3.0415,2,2
global,sfreq+age+refaults,K+K+,3,kv,test,1.1057,-0.2937,1,0
global,sfreq+age+refaults,K+K+,3,kv,val,1.1070,-0.2977,1,0
global,sfreq+age+refaults,K+K+,3,matmul,heldout,3.0000,-12.8420,2,2
global,sfreq+age+refaults,K+K+,3,sort,heldout,1.0125,-0.1527,3,0
global,sfreq+age+refaults,K+K+,3,sort,test,1.8604,-8.7039,2,1
global,sfreq+age+refaults,K+K+,3,sort,val,1.8545,-9.5114,2,1
global,sfreq+age+refaults+rdist,K+K+,4,btree,heldout,0.8443,0.4178,1,0
global,sfreq+age+refaults+rdist,K+K+,4,graph,test,3.0000,-3.0387,2,2
global,sfreq+age+refaults+rdist,K+K+,4,graph,val,3.0000,-3.0415,2,2
global,sfreq+age+refaults+rdist,K+K+,4,kv,test,1.2029,-0.5637,1,0
global,sfreq+age+refaults+rdist,K+K+,4,kv,val,1.2120,-0.5898,1,0
global,sfreq+age+refaults+rdist,K+K+,4,matmul,heldout,3.0000,-12.8420,2,2
global,sfreq+age+refaults+rdist,K+K+,4,sort,heldout,3.0000,-24.4387,3,3
global,sfreq+age+refaults+rdist,K+K+,4,sort,test,3.0000,-21.1667,2,2
global,sfreq+age+refaults+rdist,K+K+,4,sort,val,3.0000,-21.9114,2,2
global,sfreq+dirty,K,2,btree,heldout,0.8910,0.2925,1,0
global,sfreq+dirty,K,2,graph,test,3.0000,-3.0387,2,2
global,sfreq+dirty,K,2,graph,val,3.0000,-3.0415,2,2
global,sfreq+dirty,K,2,kv,test,2.0489,-2.9147,1,0
global,sfreq+dirty,K,2,kv,val,2.0652,-2.9636,1,0
global,sfreq+dirty,K,2,matmul,heldout,3.0000,-12.8420,2,2
global,sfreq+dirty,K,2,sort,heldout,3.0000,-24.4387,3,3
global,sfreq+dirty,K,2,sort,test,3.0000,-21.1667,2,2
global,sfreq+dirty,K,2,sort,val,3.0000,-21.9114,2,2
global,sfreq+dirty+rdist,K+K+,3,btree,heldout,1.7201,-1.9332,1,0
global,sfreq+dirty+rdist,K+K+,3,graph,test,3.0000,-3.0387,2,2
global,sfreq+dirty+rdist,K+K+,3,graph,val,3.0000,-3.0415,2,2
global,sfreq+dirty+rdist,K+K+,3,kv,test,3.0000,-5.5578,1,1
global,sfreq+dirty+rdist,K+K+,3,kv,val,3.0000,-5.5644,1,1
global,sfreq+dirty+rdist,K+K+,3,matmul,heldout,3.0000,-12.8420,2,2
global,sfreq+dirty+rdist,K+K+,3,sort,heldout,3.0000,-24.4387,3,3
global,sfreq+dirty+rdist,K+K+,3,sort,test,3.0000,-21.1667,2,2
global,sfreq+dirty+rdist,K+K+,3,sort,val,3.0000,-21.9114,2,2
global,sfreq+dirty+refaults,K+K+,3,btree,heldout,0.8555,0.3878,1,0
global,sfreq+dirty+refaults,K+K+,3,graph,test,3.0000,-3.0387,2,2
global,sfreq+dirty+refaults,K+K+,3,graph,val,3.0000,-3.0415,2,2
global,sfreq+dirty+refaults,K+K+,3,kv,test,1.8877,-2.4667,1,0
global,sfreq+dirty+refaults,K+K+,3,kv,val,1.8992,-2.5018,1,0
global,sfreq+dirty+refaults,K+K+,3,matmul,heldout,3.0000,-12.8420,2,2
global,sfreq+dirty+refaults,K+K+,3,sort,heldout,3.0000,-24.4387,3,3
global,sfreq+dirty+refaults,K+K+,3,sort,test,3.0000,-21.1667,2,2
global,sfreq+dirty+refaults,K+K+,3,sort,val,3.0000,-21.9114,2,2
global,sfreq+dirty+refaults+rdist,K+K+,4,btree,heldout,0.8567,0.3847,1,0
global,sfreq+dirty+refaults+rdist,K+K+,4,graph,test,3.0000,-3.0387,2,2
global,sfreq+dirty+refaults+rdist,K+K+,4,graph,val,3.0000,-3.0415,2,2
global,sfreq+dirty+refaults+rdist,K+K+,4,kv,test,1.8314,-2.3103,1,0
global,sfreq+dirty+refaults+rdist,K+K+,4,kv,val,1.8153,-2.2684,1,0
global,sfreq+dirty+refaults+rdist,K+K+,4,matmul,heldout,3.0000,-12.8420,2,2
global,sfreq+dirty+refaults+rdist,K+K+,4,sort,heldout,3.0000,-24.4387,3,3
global,sfreq+dirty+refaults+rdist,K+K+,4,sort,test,3.0000,-21.1667,2,2
global,sfreq+dirty+refaults+rdist,K+K+,4,sort,val,3.0000,-21.9114,2,2
global,sfreq+idle,K,2,btree,heldout,0.9817,0.0490,1,0
global,sfreq+idle,K,2,graph,test,0.8929,0.1722,2,0
global,sfreq+idle,K,2,graph,val,0.8923,0.1735,2,0
global,sfreq+idle,K,2,kv,test,0.9843,0.0436,1,0
global,sfreq+idle,K,2,kv,val,0.9836,0.0456,1,0
global,sfreq+idle,K,2,matmul,heldout,0.9990,0.0072,2,0
global,sfreq+idle,K,2,sort,heldout,1.0000,0.0000,3,0
global,sfreq+idle,K,2,sort,test,0.9622,0.2869,2,0
global,sfreq+idle,K,2,sort,val,0.9687,0.2690,2,0
global,sfreq+idle+age,K,3,btree,heldout,0.9877,0.0329,1,0
global,sfreq+idle+age,K,3,graph,test,0.8999,0.1533,2,0
global,sfreq+idle+age,K,3,graph,val,0.8977,0.1564,2,0
global,sfreq+idle+age,K,3,kv,test,0.9896,0.0290,1,0
global,sfreq+idle+age,K,3,kv,val,0.9898,0.0284,1,0
global,sfreq+idle+age,K,3,matmul,heldout,0.9990,0.0072,2,0
global,sfreq+idle+age,K,3,sort,heldout,1.0000,0.0000,3,0
global,sfreq+idle+age,K,3,sort,test,0.9622,0.2869,2,0
global,sfreq+idle+age,K,3,sort,val,0.9687,0.2690,2,0
global,sfreq+idle+age+dirty,K,4,btree,heldout,0.9795,0.0551,1,0
global,sfreq+idle+age+dirty,K,4,graph,test,0.9846,0.0263,2,0
global,sfreq+idle+age+dirty,K,4,graph,val,0.9868,0.0229,2,0
global,sfreq+idle+age+dirty,K,4,kv,test,0.9859,0.0391,1,0
global,sfreq+idle+age+dirty,K,4,kv,val,0.9840,0.0444,1,0
global,sfreq+idle+age+dirty,K,4,matmul,heldout,0.9990,0.0072,2,0
global,sfreq+idle+age+dirty,K,4,sort,heldout,1.0000,0.0000,3,0
global,sfreq+idle+age+dirty,K,4,sort,test,0.9645,0.2697,2,0
global,sfreq+idle+age+dirty,K,4,sort,val,0.9711,0.2496,2,0
global,sfreq+idle+age+dirty+rdist,K+K+,5,btree,heldout,0.9247,0.2022,1,0
global,sfreq+idle+age+dirty+rdist,K+K+,5,graph,test,1.5086,-0.9103,2,0
global,sfreq+idle+age+dirty+rdist,K+K+,5,graph,val,1.5084,-0.9101,2,0
global,sfreq+idle+age+dirty+rdist,K+K+,5,kv,test,0.9447,0.1536,1,0
global,sfreq+idle+age+dirty+rdist,K+K+,5,kv,val,0.9526,0.1319,1,0
global,sfreq+idle+age+dirty+rdist,K+K+,5,matmul,heldout,0.9148,0.5072,2,0
global,sfreq+idle+age+dirty+rdist,K+K+,5,sort,heldout,1.8925,-10.9054,3,0
global,sfreq+idle+age+dirty+rdist,K+K+,5,sort,test,1.8145,-8.8995,2,0
global,sfreq+idle+age+dirty+rdist,K+K+,5,sort,val,1.8295,-9.2852,2,0
global,sfreq+idle+age+dirty+refaults,K+K+,5,btree,heldout,0.9047,0.2559,1,0
global,sfreq+idle+age+dirty+refaults,K+K+,5,graph,test,1.0639,-0.2469,2,0
global,sfreq+idle+age+dirty+refaults,K+K+,5,graph,val,1.0546,-0.2191,2,0
global,sfreq+idle+age+dirty+refaults,K+K+,5,kv,test,0.9494,0.1405,1,0
global,sfreq+idle+age+dirty+refaults,K+K+,5,kv,val,0.9524,0.1324,1,0
global,sfreq+idle+age+dirty+refaults,K+K+,5,matmul,heldout,1.2196,-1.5632,2,0
global,sfreq+idle+age+dirty+refaults,K+K+,5,sort,heldout,1.0000,0.0000,3,0
global,sfreq+idle+age+dirty+refaults,K+K+,5,sort,test,1.0550,-0.4315,2,0
global,sfreq+idle+age+dirty+refaults,K+K+,5,sort,val,1.0600,-0.5232,2,0
global,sfreq+idle+age+dirty+refaults+rdist,K+K+,6,btree,heldout,0.8657,0.3605,1,0
global,sfreq+idle+age+dirty+refaults+rdist,K+K+,6,graph,test,1.0163,-0.0945,2,0
global,sfreq+idle+age+dirty+refaults+rdist,K+K+,6,graph,val,1.0295,-0.1137,2,0
global,sfreq+idle+age+dirty+refaults+rdist,K+K+,6,kv,test,0.9291,0.1969,1,0
global,sfreq+idle+age+dirty+refaults+rdist,K+K+,6,kv,val,0.9283,0.1995,1,0
global,sfreq+idle+age+dirty+refaults+rdist,K+K+,6,matmul,heldout,1.1017,-0.7170,2,0
global,sfreq+idle+age+dirty+refaults+rdist,K+K+,6,sort,heldout,1.8951,-10.9376,3,0
global,sfreq+idle+age+dirty+refaults+rdist,K+K+,6,sort,test,1.8515,-9.1945,2,0
global,sfreq+idle+age+dirty+refaults+rdist,K+K+,6,sort,val,1.8699,-9.6297,2,0
global,sfreq+idle+age+rdist,K+K+,4,btree,heldout,0.9492,0.1364,1,0
global,sfreq+idle+age+rdist,K+K+,4,graph,test,0.7585,0.3811,2,0
global,sfreq+idle+age+rdist,K+K+,4,graph,val,0.7631,0.3770,2,0
global,sfreq+idle+age+rdist,K+K+,4,kv,test,0.9484,0.1433,1,0
global,sfreq+idle+age+rdist,K+K+,4,kv,val,0.9537,0.1287,1,0
global,sfreq+idle+age+rdist,K+K+,4,matmul,heldout,0.9110,0.5369,2,0
global,sfreq+idle+age+rdist,K+K+,4,sort,heldout,1.8953,-10.9398,3,0
global,sfreq+idle+age+rdist,K+K+,4,sort,test,1.8167,-8.9412,2,0
global,sfreq+idle+age+rdist,K+K+,4,sort,val,1.8263,-9.2673,2,0
global,sfreq+idle+age+refaults,K+K+,4,btree,heldout,0.9054,0.2540,1,0
global,sfreq+idle+age+refaults,K+K+,4,graph,test,1.1393,-0.4265,2,0
global,sfreq+idle+age+refaults,K+K+,4,graph,val,1.1258,-0.3881,2,0
global,sfreq+idle+age+refaults,K+K+,4,kv,test,0.9529,0.1309,1,0
global,sfreq+idle+age+refaults,K+K+,4,kv,val,0.9560,0.1223,1,0
global,sfreq+idle+age+refaults,K+K+,4,matmul,heldout,1.1868,-1.2980,2,0
global,sfreq+idle+age+refaults,K+K+,4,sort,heldout,1.0000,0.0000,3,0
global,sfreq+idle+age+refaults,K+K+,4,sort,test,1.0100,-0.0751,2,0
global,sfreq+idle+age+refaults,K+K+,4,sort,val,1.0176,-0.1465,2,0
global,sfreq+idle+age+refaults+rdist,K+K+,5,btree,heldout,0.8670,0.3571,1,0
global,sfreq+idle+age+refaults+rdist,K+K+,5,graph,test,1.0242,-0.1769,2,0
global,sfreq+idle+age+refaults+rdist,K+K+,5,graph,val,1.0275,-0.1808,2,0
global,sfreq+idle+age+refaults+rdist,K+K+,5,kv,test,0.9373,0.1741,1,0
global,sfreq+idle+age+refaults+rdist,K+K+,5,kv,val,0.9399,0.1671,1,0
global,sfreq+idle+age+refaults+rdist,K+K+,5,matmul,heldout,1.0659,-0.4377,2,0
global,sfreq+idle+age+refaults+rdist,K+K+,5,sort,heldout,1.8970,-10.9613,3,0
global,sfreq+idle+age+refaults+rdist,K+K+,5,sort,test,1.8183,-8.9527,2,0
global,sfreq+idle+age+refaults+rdist,K+K+,5,sort,val,1.8302,-9.3038,2,0
global,sfreq+idle+dirty,K,3,btree,heldout,0.9751,0.0670,1,0
global,sfreq+idle+dirty,K,3,graph,test,1.0025,0.0091,2,0
global,sfreq+idle+dirty,K,3,graph,val,0.9984,0.0142,2,0
global,sfreq+idle+dirty,K,3,kv,test,0.9796,0.0567,1,0
global,sfreq+idle+dirty,K,3,kv,val,0.9785,0.0597,1,0
global,sfreq+idle+dirty,K,3,matmul,heldout,0.9990,0.0072,2,0
global,sfreq+idle+dirty,K,3,sort,heldout,1.0000,0.0000,3,0
global,sfreq+idle+dirty,K,3,sort,test,0.9653,0.2639,2,0
global,sfreq+idle+dirty,K,3,sort,val,0.9719,0.2431,2,0
global,sfreq+idle+dirty+rdist,K+K+,4,btree,heldout,0.8563,0.3859,1,0
global,sfreq+idle+dirty+rdist,K+K+,4,graph,test,1.5553,-0.8069,2,0
global,sfreq+idle+dirty+rdist,K+K+,4,graph,val,1.4994,-0.7200,2,0
global,sfreq+idle+dirty+rdist,K+K+,4,kv,test,0.9511,0.1359,1,0
global,sfreq+idle+dirty+rdist,K+K+,4,kv,val,0.9578,0.1174,1,0
global,sfreq+idle+dirty+rdist,K+K+,4,matmul,heldout,0.9131,0.5208,2,0
global,sfreq+idle+dirty+rdist,K+K+,4,sort,heldout,1.8956,-10.9441,3,0
global,sfreq+idle+dirty+rdist,K+K+,4,sort,test,1.8215,-8.9659,2,0
global,sfreq+idle+dirty+rdist,K+K+,4,sort,val,1.8362,-9.3424,2,0
global,sfreq+idle+dirty+refaults,K+K+,4,btree,heldout,0.8881,0.3003,1,0
global,sfreq+idle+dirty+refaults,K+K+,4,graph,test,1.4132,-0.9371,2,1
global,sfreq+idle+dirty+refaults,K+K+,4,graph,val,1.4176,-0.9393,2,1
global,sfreq+idle+dirty+refaults,K+K+,4,kv,test,0.9605,0.1097,1,0
global,sfreq+idle+dirty+refaults,K+K+,4,kv,val,0.9644,0.0990,1,0
global,sfreq+idle+dirty+refaults,K+K+,4,matmul,heldout,1.4135,-3.1544,2,0
global,sfreq+idle+dirty+refaults,K+K+,4,sort,heldout,0.9995,0.0065,3,0
global,sfreq+idle+dirty+refaults,K+K+,4,sort,test,1.0822,-0.6601,2,0
global,sfreq+idle+dirty+refaults,K+K+,4,sort,val,1.0979,-0.8766,2,0
global,sfreq+idle+dirty+refaults+rdist,K+K+,5,btree,heldout,0.8638,0.3656,1,0
global,sfreq+idle+dirty+refaults+rdist,K+K+,5,graph,test,1.9624,-1.4935,2,1
global,sfreq+idle+dirty+refaults+rdist,K+K+,5,graph,val,1.9379,-1.4644,2,1
global,sfreq+idle+dirty+refaults+rdist,K+K+,5,kv,test,0.9808,0.0533,1,0
global,sfreq+idle+dirty+refaults+rdist,K+K+,5,kv,val,0.9840,0.0446,1,0
global,sfreq+idle+dirty+refaults+rdist,K+K+,5,matmul,heldout,2.4668,-10.2506,2,1
global,sfreq+idle+dirty+refaults+rdist,K+K+,5,sort,heldout,1.8985,-10.9785,3,0
global,sfreq+idle+dirty+refaults+rdist,K+K+,5,sort,test,2.0183,-10.5446,2,0
global,sfreq+idle+dirty+refaults+rdist,K+K+,5,sort,val,2.0069,-10.8614,2,0
global,sfreq+idle+rdist,K+K+,3,btree,heldout,0.8660,0.3596,1,0
global,sfreq+idle+rdist,K+K+,3,graph,test,0.7933,0.3155,2,0
global,sfreq+idle+rdist,K+K+,3,graph,val,0.7943,0.3157,2,0
global,sfreq+idle+rdist,K+K+,3,kv,test,0.9475,0.1460,1,0
global,sfreq+idle+rdist,K+K+,3,kv,val,0.9568,0.1202,1,0
global,sfreq+idle+rdist,K+K+,3,matmul,heldout,0.9388,0.3181,2,0
global,sfreq+idle+rdist,K+K+,3,sort,heldout,1.8956,-10.9441,3,0
global,sfreq+idle+rdist,K+K+,3,sort,test,1.8159,-8.9305,2,0
global,sfreq+idle+rdist,K+K+,3,sort,val,1.8263,-9.2673,2,0
global,sfreq+idle+refaults,K+K+,3,btree,heldout,0.8855,0.3074,1,0
global,sfreq+idle+refaults,K+K+,3,graph,test,1.3906,-0.9181,2,1
global,sfreq+idle+refaults,K+K+,3,graph,val,1.3945,-0.9198,2,1
global,sfreq+idle+refaults,K+K+,3,kv,test,0.9606,0.1095,1,0
global,sfreq+idle+refaults,K+K+,3,kv,val,0.9658,0.0953,1,0
global,sfreq+idle+refaults,K+K+,3,matmul,heldout,1.3683,-2.7496,2,0
global,sfreq+idle+refaults,K+K+,3,sort,heldout,1.0000,0.0000,3,0
global,sfreq+idle+refaults,K+K+,3,sort,test,1.0469,-0.3678,2,0
global,sfreq+idle+refaults,K+K+,3,sort,val,1.0540,-0.4700,2,0
global,sfreq+idle+refaults+rdist,K+K+,4,btree,heldout,0.8485,0.4068,1,0
global,sfreq+idle+refaults+rdist,K+K+,4,graph,test,1.6232,-1.1285,2,1
global,sfreq+idle+refaults+rdist,K+K+,4,graph,val,1.6464,-1.1501,2,1
global,sfreq+idle+refaults+rdist,K+K+,4,kv,test,0.9803,0.0547,1,0
global,sfreq+idle+refaults+rdist,K+K+,4,kv,val,0.9883,0.0325,1,0
global,sfreq+idle+refaults+rdist,K+K+,4,matmul,heldout,1.8569,-7.5324,2,0
global,sfreq+idle+refaults+rdist,K+K+,4,sort,heldout,1.8979,-10.9720,3,0
global,sfreq+idle+refaults+rdist,K+K+,4,sort,test,1.8925,-9.5093,2,0
global,sfreq+idle+refaults+rdist,K+K+,4,sort,val,1.8977,-9.8675,2,0
global,sfreq+rdist,K+K+,2,btree,heldout,2.1190,-3.0039,1,0
global,sfreq+rdist,K+K+,2,graph,test,3.0000,-3.0387,2,2
global,sfreq+rdist,K+K+,2,graph,val,3.0000,-3.0415,2,2
global,sfreq+rdist,K+K+,2,kv,test,3.0000,-5.5578,1,1
global,sfreq+rdist,K+K+,2,kv,val,3.0000,-5.5644,1,1
global,sfreq+rdist,K+K+,2,matmul,heldout,2.2200,-9.2223,2,1
global,sfreq+rdist,K+K+,2,sort,heldout,3.0000,-24.4387,3,3
global,sfreq+rdist,K+K+,2,sort,test,3.0000,-21.1667,2,2
global,sfreq+rdist,K+K+,2,sort,val,3.0000,-21.9114,2,2
global,sfreq+refaults,K+K+,2,btree,heldout,0.8668,0.3576,1,0
global,sfreq+refaults,K+K+,2,graph,test,3.0000,-3.0387,2,2
global,sfreq+refaults,K+K+,2,graph,val,3.0000,-3.0415,2,2
global,sfreq+refaults,K+K+,2,kv,test,1.8756,-2.4332,1,0
global,sfreq+refaults,K+K+,2,kv,val,1.8487,-2.3613,1,0
global,sfreq+refaults,K+K+,2,matmul,heldout,3.0000,-12.8420,2,2
global,sfreq+refaults,K+K+,2,sort,heldout,3.0000,-24.4387,3,3
global,sfreq+refaults,K+K+,2,sort,test,3.0000,-21.1667,2,2
global,sfreq+refaults,K+K+,2,sort,val,3.0000,-21.9114,2,2
global,sfreq+refaults+rdist,K+K+,3,btree,heldout,0.8575,0.3826,1,0
global,sfreq+refaults+rdist,K+K+,3,graph,test,3.0000,-3.0387,2,2
global,sfreq+refaults+rdist,K+K+,3,graph,val,3.0000,-3.0415,2,2
global,sfreq+refaults+rdist,K+K+,3,kv,test,1.8211,-2.2818,1,0
global,sfreq+refaults+rdist,K+K+,3,kv,val,1.8124,-2.2602,1,0
global,sfreq+refaults+rdist,K+K+,3,matmul,heldout,3.0000,-12.8420,2,2
global,sfreq+refaults+rdist,K+K+,3,sort,heldout,3.0000,-24.4387,3,3
global,sfreq+refaults+rdist,K+K+,3,sort,test,3.0000,-21.1667,2,2
global,sfreq+refaults+rdist,K+K+,3,sort,val,3.0000,-21.9114,2,2
global,wr,F,1,btree,heldout,0.9371,0.1690,1,0
global,wr,F,1,graph,test,3.0000,-3.0387,2,2
global,wr,F,1,graph,val,3.0000,-3.0415,2,2
global,wr,F,1,kv,test,3.0000,-5.5578,1,1
global,wr,F,1,kv,val,3.0000,-5.5644,1,1
global,wr,F,1,matmul,heldout,1.7177,-6.0549,2,0
global,wr,F,1,sort,heldout,3.0000,-24.4387,3,3
global,wr,F,1,sort,test,3.0000,-21.1667,2,2
global,wr,F,1,sort,val,3.0000,-21.9114,2,2
global,wr+ref+aging+sfreq+idle+age+dirty,F+K,7,btree,heldout,0.9492,0.1364,1,0
global,wr+ref+aging+sfreq+idle+age+dirty,F+K,7,graph,test,0.9327,0.0654,2,0
global,wr+ref+aging+sfreq+idle+age+dirty,F+K,7,graph,val,0.9460,0.0340,2,0
global,wr+ref+aging+sfreq+idle+age+dirty,F+K,7,kv,test,1.2033,-0.5650,1,0
global,wr+ref+aging+sfreq+idle+age+dirty,F+K,7,kv,val,1.2203,-0.6130,1,0
global,wr+ref+aging+sfreq+idle+age+dirty,F+K,7,matmul,heldout,0.9990,0.0072,2,0
global,wr+ref+aging+sfreq+idle+age+dirty,F+K,7,sort,heldout,0.9653,0.4237,3,0
global,wr+ref+aging+sfreq+idle+age+dirty,F+K,7,sort,test,0.9622,0.2869,2,0
global,wr+ref+aging+sfreq+idle+age+dirty,F+K,7,sort,val,0.9687,0.2690,2,0
global,wr+ref+aging+sfreq+idle+age+dirty+refaults+rdist,F+K,9,btree,heldout,0.9082,0.2464,1,0
global,wr+ref+aging+sfreq+idle+age+dirty+refaults+rdist,F+K,9,graph,test,1.1449,-0.2398,2,0
global,wr+ref+aging+sfreq+idle+age+dirty+refaults+rdist,F+K,9,graph,val,1.2076,-0.3584,2,0
global,wr+ref+aging+sfreq+idle+age+dirty+refaults+rdist,F+K,9,kv,test,1.1312,-0.3645,1,0
global,wr+ref+aging+sfreq+idle+age+dirty+refaults+rdist,F+K,9,kv,val,1.1328,-0.3696,1,0
global,wr+ref+aging+sfreq+idle+age+dirty+refaults+rdist,F+K,9,matmul,heldout,0.9795,0.1054,2,0
global,wr+ref+aging+sfreq+idle+age+dirty+refaults+rdist,F+K,9,sort,heldout,0.9514,0.5935,3,0
global,wr+ref+aging+sfreq+idle+age+dirty+refaults+rdist,F+K,9,sort,test,0.9534,0.4435,2,0
global,wr+ref+aging+sfreq+idle+age+dirty+refaults+rdist,F+K,9,sort,val,0.9599,0.4183,2,0
graph,age,K,1,graph,test,3.0000,-3.0387,2,2
graph,age,K,1,graph,val,3.0000,-3.0415,2,2
graph,age+dirty,K,2,graph,test,3.0000,-3.0387,2,2
graph,age+dirty,K,2,graph,val,3.0000,-3.0415,2,2
graph,age+dirty+rdist,K+K+,3,graph,test,3.0000,-3.0387,2,2
graph,age+dirty+rdist,K+K+,3,graph,val,3.0000,-3.0415,2,2
graph,age+dirty+refaults,K+K+,3,graph,test,3.0000,-3.0387,2,2
graph,age+dirty+refaults,K+K+,3,graph,val,3.0000,-3.0415,2,2
graph,age+dirty+refaults+rdist,K+K+,4,graph,test,3.0000,-3.0387,2,2
graph,age+dirty+refaults+rdist,K+K+,4,graph,val,3.0000,-3.0415,2,2
graph,age+rdist,K+K+,2,graph,test,3.0000,-3.0387,2,2
graph,age+rdist,K+K+,2,graph,val,3.0000,-3.0415,2,2
graph,age+refaults,K+K+,2,graph,test,3.0000,-3.0387,2,2
graph,age+refaults,K+K+,2,graph,val,3.0000,-3.0415,2,2
graph,age+refaults+rdist,K+K+,3,graph,test,3.0000,-3.0387,2,2
graph,age+refaults+rdist,K+K+,3,graph,val,3.0000,-3.0415,2,2
graph,aging,K,1,graph,test,1.5590,-0.8245,2,0
graph,aging,K,1,graph,val,1.5678,-0.8380,2,0
graph,aging+age,K,2,graph,test,3.0000,-3.0387,2,2
graph,aging+age,K,2,graph,val,3.0000,-3.0415,2,2
graph,aging+age+dirty,K,3,graph,test,3.0000,-3.0387,2,2
graph,aging+age+dirty,K,3,graph,val,3.0000,-3.0415,2,2
graph,aging+age+dirty+rdist,K+K+,4,graph,test,3.0000,-3.0387,2,2
graph,aging+age+dirty+rdist,K+K+,4,graph,val,3.0000,-3.0415,2,2
graph,aging+age+dirty+refaults,K+K+,4,graph,test,3.0000,-3.0387,2,2
graph,aging+age+dirty+refaults,K+K+,4,graph,val,3.0000,-3.0415,2,2
graph,aging+age+dirty+refaults+rdist,K+K+,5,graph,test,3.0000,-3.0387,2,2
graph,aging+age+dirty+refaults+rdist,K+K+,5,graph,val,3.0000,-3.0415,2,2
graph,aging+age+rdist,K+K+,3,graph,test,3.0000,-3.0387,2,2
graph,aging+age+rdist,K+K+,3,graph,val,3.0000,-3.0415,2,2
graph,aging+age+refaults,K+K+,3,graph,test,3.0000,-3.0387,2,2
graph,aging+age+refaults,K+K+,3,graph,val,3.0000,-3.0415,2,2
graph,aging+age+refaults+rdist,K+K+,4,graph,test,3.0000,-3.0387,2,2
graph,aging+age+refaults+rdist,K+K+,4,graph,val,3.0000,-3.0415,2,2
graph,aging+dirty,K,2,graph,test,3.0000,-3.0387,2,2
graph,aging+dirty,K,2,graph,val,3.0000,-3.0415,2,2
graph,aging+dirty+rdist,K+K+,3,graph,test,3.0000,-3.0387,2,2
graph,aging+dirty+rdist,K+K+,3,graph,val,3.0000,-3.0415,2,2
graph,aging+dirty+refaults,K+K+,3,graph,test,1.2621,-0.8158,2,1
graph,aging+dirty+refaults,K+K+,3,graph,val,1.2646,-0.8159,2,1
graph,aging+dirty+refaults+rdist,K+K+,4,graph,test,1.1126,-0.3110,2,0
graph,aging+dirty+refaults+rdist,K+K+,4,graph,val,1.1283,-0.3386,2,0
graph,aging+idle,K,2,graph,test,0.9963,0.0108,2,0
graph,aging+idle,K,2,graph,val,0.9953,0.0117,2,0
graph,aging+idle+age,K,3,graph,test,1.0020,0.0213,2,0
graph,aging+idle+age,K,3,graph,val,1.0052,0.0172,2,0
graph,aging+idle+age+dirty,K,4,graph,test,1.2516,-0.8079,2,1
graph,aging+idle+age+dirty,K,4,graph,val,1.2541,-0.8079,2,1
graph,aging+idle+age+dirty+rdist,K+K+,5,graph,test,1.2432,-0.7822,2,0
graph,aging+idle+age+dirty+rdist,K+K+,5,graph,val,1.2534,-0.8048,2,0
graph,aging+idle+age+dirty+refaults,K+K+,5,graph,test,1.2833,-0.8320,2,1
graph,aging+idle+age+dirty+refaults,K+K+,5,graph,val,1.2862,-0.8325,2,1
graph,aging+idle+age+dirty+refaults+rdist,K+K+,6,graph,test,1.2751,-0.8257,2,1
graph,aging+idle+age+dirty+refaults+rdist,K+K+,6,graph,val,1.2778,-0.8260,2,1
graph,aging+idle+age+rdist,K+K+,4,graph,test,0.7657,0.3681,2,0
graph,aging+idle+age+rdist,K+K+,4,graph,val,0.7645,0.3716,2,0
graph,aging+idle+age+refaults,K+K+,4,graph,test,1.2869,-0.8348,2,1
graph,aging+idle+age+refaults,K+K+,4,graph,val,1.2900,-0.8354,2,1
graph,aging+idle+age+refaults+rdist,K+K+,5,graph,test,1.2344,-0.7047,2,0
graph,aging+idle+age+refaults+rdist,K+K+,5,graph,val,1.2457,-0.7325,2,0
graph,aging+idle+dirty,K,3,graph,test,1.2524,-0.8085,2,1
graph,aging+idle+dirty,K,3,graph,val,1.2539,-0.8078,2,1
graph,aging+idle+dirty+rdist,K+K+,4,graph,test,1.2520,-0.8082,2,1
graph,aging+idle+dirty+rdist,K+K+,4,graph,val,1.2546,-0.8083,2,1
graph,aging+idle+dirty+refaults,K+K+,4,graph,test,1.1732,-0.5349,2,0
graph,aging+idle+dirty+refaults,K+K+,4,graph,val,1.1820,-0.5518,2,0
graph,aging+idle+dirty+refaults+rdist,K+K+,5,graph,test,0.8617,0.1750,2,0
graph,aging+idle+dirty+refaults+rdist,K+K+,5,graph,val,0.8642,0.1727,2,0
graph,aging+idle+rdist,K+K+,3,graph,test,0.7822,0.3432,2,0
graph,aging+idle+rdist,K+K+,3,graph,val,0.7801,0.3485,2,0
graph,aging+idle+refaults,K+K+,3,graph,test,0.8438,0.2530,2,0
graph,aging+idle+refaults,K+K+,3,graph,val,0.8444,0.2523,2,0
graph,aging+idle+refaults+rdist,K+K+,4,graph,test,0.6948,0.4803,2,0
graph,aging+idle+refaults+rdist,K+K+,4,graph,val,0.6948,0.4814,2,0
graph,aging+rdist,K+K+,2,graph,test,3.0000,-3.0387,2,2
graph,aging+rdist,K+K+,2,graph,val,3.0000,-3.0415,2,2
graph,aging+refaults,K+K+,2,graph,test,0.9553,0.0875,2,0
graph,aging+refaults,K+K+,2,graph,val,0.9633,0.0756,2,0
graph,aging+refaults+rdist,K+K+,3,graph,test,1.0742,-0.0994,2,0
graph,aging+refaults+rdist,K+K+,3,graph,val,1.0838,-0.1121,2,0
graph,aging+sfreq,K,2,graph,test,3.0000,-3.0387,2,2
graph,aging+sfreq,K,2,graph,val,3.0000,-3.0415,2,2
graph,aging+sfreq+age,K,3,graph,test,3.0000,-3.0387,2,2
graph,aging+sfreq+age,K,3,graph,val,3.0000,-3.0415,2,2
graph,aging+sfreq+age+dirty,K,4,graph,test,3.0000,-3.0387,2,2
graph,aging+sfreq+age+dirty,K,4,graph,val,3.0000,-3.0415,2,2
graph,aging+sfreq+age+dirty+rdist,K+K+,5,graph,test,1.9345,-1.4608,2,1
graph,aging+sfreq+age+dirty+rdist,K+K+,5,graph,val,1.9752,-1.5083,2,1
graph,aging+sfreq+age+dirty+refaults,K+K+,5,graph,test,3.0000,-3.0387,2,2
graph,aging+sfreq+age+dirty+refaults,K+K+,5,graph,val,3.0000,-3.0415,2,2
graph,aging+sfreq+age+dirty+refaults+rdist,K+K+,6,graph,test,3.0000,-3.0387,2,2
graph,aging+sfreq+age+dirty+refaults+rdist,K+K+,6,graph,val,3.0000,-3.0415,2,2
graph,aging+sfreq+age+rdist,K+K+,4,graph,test,3.0000,-3.0387,2,2
graph,aging+sfreq+age+rdist,K+K+,4,graph,val,3.0000,-3.0415,2,2
graph,aging+sfreq+age+refaults,K+K+,4,graph,test,3.0000,-3.0387,2,2
graph,aging+sfreq+age+refaults,K+K+,4,graph,val,3.0000,-3.0415,2,2
graph,aging+sfreq+age+refaults+rdist,K+K+,5,graph,test,3.0000,-3.0387,2,2
graph,aging+sfreq+age+refaults+rdist,K+K+,5,graph,val,3.0000,-3.0415,2,2
graph,aging+sfreq+dirty,K,3,graph,test,3.0000,-3.0387,2,2
graph,aging+sfreq+dirty,K,3,graph,val,3.0000,-3.0415,2,2
graph,aging+sfreq+dirty+rdist,K+K+,4,graph,test,3.0000,-3.0387,2,2
graph,aging+sfreq+dirty+rdist,K+K+,4,graph,val,3.0000,-3.0415,2,2
graph,aging+sfreq+dirty+refaults,K+K+,4,graph,test,3.0000,-3.0387,2,2
graph,aging+sfreq+dirty+refaults,K+K+,4,graph,val,3.0000,-3.0415,2,2
graph,aging+sfreq+dirty+refaults+rdist,K+K+,5,graph,test,3.0000,-3.0387,2,2
graph,aging+sfreq+dirty+refaults+rdist,K+K+,5,graph,val,3.0000,-3.0415,2,2
graph,aging+sfreq+idle,K,3,graph,test,0.9885,0.0380,2,0
graph,aging+sfreq+idle,K,3,graph,val,0.9898,0.0369,2,0
graph,aging+sfreq+idle+age,K,4,graph,test,0.9595,0.0747,2,0
graph,aging+sfreq+idle+age,K,4,graph,val,0.9585,0.0762,2,0
graph,aging+sfreq+idle+age+dirty,K,5,graph,test,1.2683,-0.8205,2,1
graph,aging+sfreq+idle+age+dirty,K,5,graph,val,1.2733,-0.8225,2,1
graph,aging+sfreq+idle+age+dirty+rdist,K+K+,6,graph,test,1.2272,-0.7337,2,0
graph,aging+sfreq+idle+age+dirty+rdist,K+K+,6,graph,val,1.2369,-0.7548,2,0
graph,aging+sfreq+idle+age+dirty+refaults,K+K+,6,graph,test,1.3276,-0.8667,2,1
graph,aging+sfreq+idle+age+dirty+refaults,K+K+,6,graph,val,1.3291,-0.8662,2,1
graph,aging+sfreq+idle+age+dirty+refaults+rdist,K+K+,7,graph,test,1.3321,-0.8703,2,1
graph,aging+sfreq+idle+age+dirty+refaults+rdist,K+K+,7,graph,val,1.3344,-0.8705,2,1
graph,aging+sfreq+idle+age+rdist,K+K+,5,graph,test,0.7699,0.3689,2,0
graph,aging+sfreq+idle+age+rdist,K+K+,5,graph,val,0.7695,0.3704,2,0
graph,aging+sfreq+idle+age+refaults,K+K+,5,graph,test,1.3738,-0.9041,2,1
graph,aging+sfreq+idle+age+refaults,K+K+,5,graph,val,1.3734,-0.9022,2,1
graph,aging+sfreq+idle+age+refaults+rdist,K+K+,6,graph,test,1.3726,-0.9032,2,1
graph,aging+sfreq+idle+age+refaults+rdist,K+K+,6,graph,val,1.3762,-0.9045,2,1
graph,aging+sfreq+idle+dirty,K,4,graph,test,1.2524,-0.8085,2,1
graph,aging+sfreq+idle+dirty,K,4,graph,val,1.2539,-0.8078,2,1
graph,aging+sfreq+idle+dirty+rdist,K+K+,5,graph,test,1.0994,-0.3837,2,0
graph,aging+sfreq+idle+dirty+rdist,K+K+,5,graph,val,1.1052,-0.3936,2,0
graph,aging+sfreq+idle+dirty+refaults,K+K+,5,graph,test,1.5820,-1.0888,2,1
graph,aging+sfreq+idle+dirty+refaults,K+K+,5,graph,val,1.5874,-1.0928,2,1
graph,aging+sfreq+idle+dirty+refaults+rdist,K+K+,6,graph,test,1.6095,-1.1152,2,1
graph,aging+sfreq+idle+dirty+refaults+rdist,K+K+,6,graph,val,1.6147,-1.1190,2,1
graph,aging+sfreq+idle+rdist,K+K+,4,graph,test,0.7857,0.3384,2,0
graph,aging+sfreq+idle+rdist,K+K+,4,graph,val,0.7851,0.3409,2,0
graph,aging+sfreq+idle+refaults,K+K+,4,graph,test,1.6720,-1.1768,2,1
graph,aging+sfreq+idle+refaults,K+K+,4,graph,val,1.6820,-1.1858,2,1
graph,aging+sfreq+idle+refaults+rdist,K+K+,5,graph,test,1.6699,-1.1746,2,1
graph,aging+sfreq+idle+refaults+rdist,K+K+,5,graph,val,1.6727,-1.1764,2,1
graph,aging+sfreq+rdist,K+K+,3,graph,test,3.0000,-3.0387,2,2
graph,aging+sfreq+rdist,K+K+,3,graph,val,3.0000,-3.0415,2,2
graph,aging+sfreq+refaults,K+K+,3,graph,test,3.0000,-3.0387,2,2
graph,aging+sfreq+refaults,K+K+,3,graph,val,3.0000,-3.0415,2,2
graph,aging+sfreq+refaults+rdist,K+K+,4,graph,test,3.0000,-3.0387,2,2
graph,aging+sfreq+refaults+rdist,K+K+,4,graph,val,3.0000,-3.0415,2,2
graph,dirty,K,1,graph,test,3.0000,-3.0387,2,2
graph,dirty,K,1,graph,val,3.0000,-3.0415,2,2
graph,dirty+rdist,K+K+,2,graph,test,3.0000,-3.0387,2,2
graph,dirty+rdist,K+K+,2,graph,val,3.0000,-3.0415,2,2
graph,dirty+refaults,K+K+,2,graph,test,3.0000,-3.0387,2,2
graph,dirty+refaults,K+K+,2,graph,val,3.0000,-3.0415,2,2
graph,dirty+refaults+rdist,K+K+,3,graph,test,3.0000,-3.0387,2,2
graph,dirty+refaults+rdist,K+K+,3,graph,val,3.0000,-3.0415,2,2
graph,freq,F,1,graph,test,3.0000,-3.0387,2,2
graph,freq,F,1,graph,val,3.0000,-3.0415,2,2
graph,freq+ref+aging+sfreq+idle+age+dirty,F+K,7,graph,test,1.2743,-0.8251,2,1
graph,freq+ref+aging+sfreq+idle+age+dirty,F+K,7,graph,val,1.2769,-0.8253,2,1
graph,freq+ref+aging+sfreq+idle+age+dirty+refaults+rdist,F+K,9,graph,test,1.5006,-1.0135,2,1
graph,freq+ref+aging+sfreq+idle+age+dirty+refaults+rdist,F+K,9,graph,val,1.4979,-1.0097,2,1
graph,freq+sd,F,2,graph,test,2.1422,-1.7149,2,1
graph,freq+sd,F,2,graph,val,2.1421,-1.7149,2,1
graph,freq+sd+ref+aging+sfreq+idle+age+dirty,F+K,8,graph,test,1.3716,-0.9024,2,1
graph,freq+sd+ref+aging+sfreq+idle+age+dirty,F+K,8,graph,val,1.3732,-0.9020,2,1
graph,freq+sd+ref+aging+sfreq+idle+age+dirty+refaults+rdist,F+K,10,graph,test,2.1106,-1.6745,2,1
graph,freq+sd+ref+aging+sfreq+idle+age+dirty+refaults+rdist,F+K,10,graph,val,2.1155,-1.6809,2,1
graph,freq+sd+wr,F,3,graph,test,1.9645,-1.4960,2,1
graph,freq+sd+wr,F,3,graph,val,1.9625,-1.4932,2,1
graph,freq+sd+wr+ref+aging+sfreq+idle+age+dirty,F+K,9,graph,test,2.2195,-1.8161,2,1
graph,freq+sd+wr+ref+aging+sfreq+idle+age+dirty,F+K,9,graph,val,2.6374,-2.4267,2,1
graph,freq+sd+wr+ref+aging+sfreq+idle+age+dirty+refaults+rdist,F+K,11,graph,test,2.7967,-2.6850,2,1
graph,freq+sd+wr+ref+aging+sfreq+idle+age+dirty+refaults+rdist,F+K,11,graph,val,2.7551,-2.6176,2,1
graph,freq+wr,F,2,graph,test,3.0000,-3.0387,2,2
graph,freq+wr,F,2,graph,val,3.0000,-3.0415,2,2
graph,freq+wr+ref+aging+sfreq+idle+age+dirty,F+K,8,graph,test,1.3362,-0.8736,2,1
graph,freq+wr+ref+aging+sfreq+idle+age+dirty,F+K,8,graph,val,1.3561,-0.8880,2,1
graph,freq+wr+ref+aging+sfreq+idle+age+dirty+refaults+rdist,F+K,10,graph,test,1.5834,-1.0901,2,1
graph,freq+wr+ref+aging+sfreq+idle+age+dirty+refaults+rdist,F+K,10,graph,val,1.5909,-1.0961,2,1
graph,idle,K,1,graph,test,0.9797,0.0316,2,0
graph,idle,K,1,graph,val,0.9779,0.0335,2,0
graph,idle+age,K,2,graph,test,0.8365,0.2574,2,0
graph,idle+age,K,2,graph,val,0.8376,0.2559,2,0
graph,idle+age+dirty,K,3,graph,test,1.0680,-0.3039,2,0
graph,idle+age+dirty,K,3,graph,val,1.0774,-0.3226,2,0
graph,idle+age+dirty+rdist,K+K+,4,graph,test,0.7247,0.4266,2,0
graph,idle+age+dirty+rdist,K+K+,4,graph,val,0.7268,0.4244,2,0
graph,idle+age+dirty+refaults,K+K+,4,graph,test,1.2857,-0.8338,2,1
graph,idle+age+dirty+refaults,K+K+,4,graph,val,1.2884,-0.8342,2,1
graph,idle+age+dirty+refaults+rdist,K+K+,5,graph,test,1.2717,-0.8231,2,1
graph,idle+age+dirty+refaults+rdist,K+K+,5,graph,val,1.2741,-0.8232,2,1
graph,idle+age+rdist,K+K+,3,graph,test,0.7531,0.3809,2,0
graph,idle+age+rdist,K+K+,3,graph,val,0.7532,0.3823,2,0
graph,idle+age+refaults,K+K+,3,graph,test,1.2908,-0.8378,2,1
graph,idle+age+refaults,K+K+,3,graph,val,1.2935,-0.8381,2,1
graph,idle+age+refaults+rdist,K+K+,4,graph,test,1.1862,-0.5838,2,0
graph,idle+age+refaults+rdist,K+K+,4,graph,val,1.1588,-0.5030,2,0
graph,idle+dirty,K,2,graph,test,0.9724,-0.0730,2,0
graph,idle+dirty,K,2,graph,val,0.9792,-0.0847,2,0
graph,idle+dirty+rdist,K+K+,3,graph,test,0.7457,0.3900,2,0
graph,idle+dirty+rdist,K+K+,3,graph,val,0.7494,0.3851,2,0
graph,idle+dirty+refaults,K+K+,3,graph,test,1.1003,-0.3555,2,0
graph,idle+dirty+refaults,K+K+,3,graph,val,1.1089,-0.3684,2,0
graph,idle+dirty+refaults+rdist,K+K+,4,graph,test,0.8949,0.1069,2,0
graph,idle+dirty+refaults+rdist,K+K+,4,graph,val,0.8991,0.1013,2,0
graph,idle+rdist,K+K+,2,graph,test,0.7641,0.3625,2,0
graph,idle+rdist,K+K+,2,graph,val,0.7647,0.3635,2,0
graph,idle+refaults,K+K+,2,graph,test,0.7978,0.3185,2,0
graph,idle+refaults,K+K+,2,graph,val,0.7970,0.3195,2,0
graph,idle+refaults+rdist,K+K+,3,graph,test,0.6980,0.4753,2,0
graph,idle+refaults+rdist,K+K+,3,graph,val,0.6960,0.4796,2,0
graph,rdist,K+K+,1,graph,test,3.0000,-3.0387,2,2
graph,rdist,K+K+,1,graph,val,3.0000,-3.0415,2,2
graph,rec,F,1,graph,test,0.9786,0.0333,2,0
graph,rec,F,1,graph,val,0.9775,0.0343,2,0
graph,rec+freq,F,2,graph,test,0.6836,0.4974,2,0
graph,rec+freq,F,2,graph,val,0.6771,0.5084,2,0
graph,rec+freq+ref+aging+sfreq+idle+age+dirty,F+K,8,graph,test,0.6497,0.5491,2,0
graph,rec+freq+ref+aging+sfreq+idle+age+dirty,F+K,8,graph,val,0.6466,0.5547,2,0
graph,rec+freq+ref+aging+sfreq+idle+age+dirty+refaults+rdist,F+K,10,graph,test,0.6432,0.5589,2,0
graph,rec+freq+ref+aging+sfreq+idle+age+dirty+refaults+rdist,F+K,10,graph,val,0.6419,0.5617,2,0
graph,rec+freq+sd,F,3,graph,test,0.8315,0.2441,2,0
graph,rec+freq+sd,F,3,graph,val,0.8185,0.2703,2,0
graph,rec+freq+sd+ref+aging+sfreq+idle+age+dirty,F+K,9,graph,test,1.1867,-0.6053,2,0
graph,rec+freq+sd+ref+aging+sfreq+idle+age+dirty,F+K,9,graph,val,1.1185,-0.4153,2,0
graph,rec+freq+sd+ref+aging+sfreq+idle+age+dirty+refaults+rdist,F+K,11,graph,test,0.6557,0.5397,2,0
graph,rec+freq+sd+ref+aging+sfreq+idle+age+dirty+refaults+rdist,F+K,11,graph,val,0.6459,0.5556,2,0
graph,rec+freq+sd+wr,F,4,graph,test,1.2551,-0.8105,2,1
graph,rec+freq+sd+wr,F,4,graph,val,1.2577,-0.8107,2,1
graph,rec+freq+sd+wr+ref+aging+sfreq+idle+age+dirty,F+K,10,graph,test,1.2544,-0.8099,2,1
graph,rec+freq+sd+wr+ref+aging+sfreq+idle+age+dirty,F+K,10,graph,val,1.2569,-0.8100,2,1
graph,rec+freq+sd+wr+ref+aging+sfreq+idle+age+dirty+refaults+rdist,F+K,12,graph,test,1.2540,-0.8097,2,1
graph,rec+freq+sd+wr+ref+aging+sfreq+idle+age+dirty+refaults+rdist,F+K,12,graph,val,1.2566,-0.8099,2,1
graph,rec+freq+wr,F,3,graph,test,0.7277,0.4219,2,0
graph,rec+freq+wr,F,3,graph,val,0.7172,0.4412,2,0
graph,rec+freq+wr+ref+aging+sfreq+idle+age+dirty,F+K,9,graph,test,1.2584,-0.8130,2,1
graph,rec+freq+wr+ref+aging+sfreq+idle+age+dirty,F+K,9,graph,val,1.2611,-0.8133,2,1
graph,rec+freq+wr+ref+aging+sfreq+idle+age+dirty+refaults+rdist,F+K,11,graph,test,0.7364,0.4085,2,0
graph,rec+freq+wr+ref+aging+sfreq+idle+age+dirty+refaults+rdist,F+K,11,graph,val,0.7303,0.4204,2,0
graph,rec+ref+aging+sfreq+idle+age+dirty,F+K,7,graph,test,0.6367,0.5686,2,0
graph,rec+ref+aging+sfreq+idle+age+dirty,F+K,7,graph,val,0.6344,0.5729,2,0
graph,rec+ref+aging+sfreq+idle+age+dirty+refaults+rdist,F+K,9,graph,test,0.7377,0.4055,2,0
graph,rec+ref+aging+sfreq+idle+age+dirty+refaults+rdist,F+K,9,graph,val,0.7011,0.4686,2,0
graph,rec+sd,F,2,graph,test,0.9789,0.0330,2,0
graph,rec+sd,F,2,graph,val,0.9776,0.0340,2,0
graph,rec+sd+ref+aging+sfreq+idle+age+dirty,F+K,8,graph,test,0.6469,0.5531,2,0
graph,rec+sd+ref+aging+sfreq+idle+age+dirty,F+K,8,graph,val,0.6440,0.5585,2,0
graph,rec+sd+ref+aging+sfreq+idle+age+dirty+refaults+rdist,F+K,10,graph,test,0.6588,0.5348,2,0
graph,rec+sd+ref+aging+sfreq+idle+age+dirty+refaults+rdist,F+K,10,graph,val,0.6565,0.5394,2,0
graph,rec+sd+wr,F,3,graph,test,0.8705,0.1802,2,0
graph,rec+sd+wr,F,3,graph,val,0.8519,0.2174,2,0
graph,rec+sd+wr+ref+aging+sfreq+idle+age+dirty,F+K,9,graph,test,1.2524,-0.8085,2,1
graph,rec+sd+wr+ref+aging+sfreq+idle+age+dirty,F+K,9,graph,val,1.2547,-0.8084,2,1
graph,rec+sd+wr+ref+aging+sfreq+idle+age+dirty+refaults+rdist,F+K,11,graph,test,1.1202,-0.4342,2,0
graph,rec+sd+wr+ref+aging+sfreq+idle+age+dirty+refaults+rdist,F+K,11,graph,val,1.1371,-0.4733,2,0
graph,rec+wr,F,2,graph,test,0.6706,0.5181,2,0
graph,rec+wr,F,2,graph,val,0.6676,0.5232,2,0
graph,rec+wr+ref+aging+sfreq+idle+age+dirty,F+K,8,graph,test,1.2579,-0.8126,2,1
graph,rec+wr+ref+aging+sfreq+idle+age+dirty,F+K,8,graph,val,1.2608,-0.8130,2,1
graph,rec+wr+ref+aging+sfreq+idle+age+dirty+refaults+rdist,F+K,10,graph,test,1.0424,-0.2281,2,0
graph,rec+wr+ref+aging+sfreq+idle+age+dirty+refaults+rdist,F+K,10,graph,val,0.9939,-0.1083,2,0
graph,ref,K,1,graph,test,1.6793,-1.0002,2,0
graph,ref,K,1,graph,val,1.6996,-1.0291,2,0
graph,ref+age,K,2,graph,test,3.0000,-3.0387,2,2
graph,ref+age,K,2,graph,val,3.0000,-3.0415,2,2
graph,ref+age+dirty,K,3,graph,test,3.0000,-3.0387,2,2
graph,ref+age+dirty,K,3,graph,val,3.0000,-3.0415,2,2
graph,ref+age+dirty+rdist,K+K+,4,graph,test,3.0000,-3.0387,2,2
graph,ref+age+dirty+rdist,K+K+,4,graph,val,3.0000,-3.0415,2,2
graph,ref+age+dirty+refaults,K+K+,4,graph,test,3.0000,-3.0387,2,2
graph,ref+age+dirty+refaults,K+K+,4,graph,val,3.0000,-3.0415,2,2
graph,ref+age+dirty+refaults+rdist,K+K+,5,graph,test,3.0000,-3.0387,2,2
graph,ref+age+dirty+refaults+rdist,K+K+,5,graph,val,3.0000,-3.0415,2,2
graph,ref+age+rdist,K+K+,3,graph,test,3.0000,-3.0387,2,2
graph,ref+age+rdist,K+K+,3,graph,val,3.0000,-3.0415,2,2
graph,ref+age+refaults,K+K+,3,graph,test,3.0000,-3.0387,2,2
graph,ref+age+refaults,K+K+,3,graph,val,3.0000,-3.0415,2,2
graph,ref+age+refaults+rdist,K+K+,4,graph,test,3.0000,-3.0387,2,2
graph,ref+age+refaults+rdist,K+K+,4,graph,val,3.0000,-3.0415,2,2
graph,ref+aging,K,2,graph,test,1.5590,-0.8245,2,0
graph,ref+aging,K,2,graph,val,1.5678,-0.8380,2,0
graph,ref+aging+age,K,3,graph,test,3.0000,-3.0387,2,2
graph,ref+aging+age,K,3,graph,val,3.0000,-3.0415,2,2
graph,ref+aging+age+dirty,K,4,graph,test,3.0000,-3.0387,2,2
graph,ref+aging+age+dirty,K,4,graph,val,3.0000,-3.0415,2,2
graph,ref+aging+age+dirty+rdist,K+K+,5,graph,test,3.0000,-3.0387,2,2
graph,ref+aging+age+dirty+rdist,K+K+,5,graph,val,3.0000,-3.0415,2,2
graph,ref+aging+age+dirty+refaults,K+K+,5,graph,test,3.0000,-3.0387,2,2
graph,ref+aging+age+dirty+refaults,K+K+,5,graph,val,3.0000,-3.0415,2,2
graph,ref+aging+age+dirty+refaults+rdist,K+K+,6,graph,test,3.0000,-3.0387,2,2
graph,ref+aging+age+dirty+refaults+rdist,K+K+,6,graph,val,3.0000,-3.0415,2,2
graph,ref+aging+age+rdist,K+K+,4,graph,test,3.0000,-3.0387,2,2
graph,ref+aging+age+rdist,K+K+,4,graph,val,3.0000,-3.0415,2,2
graph,ref+aging+age+refaults,K+K+,4,graph,test,3.0000,-3.0387,2,2
graph,ref+aging+age+refaults,K+K+,4,graph,val,3.0000,-3.0415,2,2
graph,ref+aging+age+refaults+rdist,K+K+,5,graph,test,3.0000,-3.0387,2,2
graph,ref+aging+age+refaults+rdist,K+K+,5,graph,val,3.0000,-3.0415,2,2
graph,ref+aging+dirty,K,3,graph,test,3.0000,-3.0387,2,2
graph,ref+aging+dirty,K,3,graph,val,3.0000,-3.0415,2,2
graph,ref+aging+dirty+rdist,K+K+,4,graph,test,3.0000,-3.0387,2,2
graph,ref+aging+dirty+rdist,K+K+,4,graph,val,3.0000,-3.0415,2,2
graph,ref+aging+dirty+refaults,K+K+,4,graph,test,1.2618,-0.8155,2,1
graph,ref+aging+dirty+refaults,K+K+,4,graph,val,1.2641,-0.8156,2,1
graph,ref+aging+dirty+refaults+rdist,K+K+,5,graph,test,1.1268,-0.3256,2,0
graph,ref+aging+dirty+refaults+rdist,K+K+,5,graph,val,1.1136,-0.2998,2,0
graph,ref+aging+idle,K,3,graph,test,1.0064,-0.0020,2,0
graph,ref+aging+idle,K,3,graph,val,1.0080,-0.0043,2,0
graph,ref+aging+idle+age,K,4,graph,test,1.0059,0.0155,2,0
graph,ref+aging+idle+age,K,4,graph,val,1.0097,0.0107,2,0
graph,ref+aging+idle+age+dirty,K,5,graph,test,1.2517,-0.8079,2,1
graph,ref+aging+idle+age+dirty,K,5,graph,val,1.2540,-0.8079,2,1
graph,ref+aging+idle+age+dirty+rdist,K+K+,6,graph,test,1.2520,-0.8081,2,1
graph,ref+aging+idle+age+dirty+rdist,K+K+,6,graph,val,1.2546,-0.8083,2,1
graph,ref+aging+idle+age+dirty+refaults,K+K+,6,graph,test,1.2820,-0.8310,2,1
graph,ref+aging+idle+age+dirty+refaults,K+K+,6,graph,val,1.2844,-0.8311,2,1
graph,ref+aging+idle+age+dirty+refaults+rdist,K+K+,7,graph,test,1.2776,-0.8276,2,1
graph,ref+aging+idle+age+dirty+refaults+rdist,K+K+,7,graph,val,1.2794,-0.8273,2,1
graph,ref+aging+idle+age+rdist,K+K+,5,graph,test,0.7683,0.3641,2,0
graph,ref+aging+idle+age+rdist,K+K+,5,graph,val,0.7647,0.3719,2,0
graph,ref+aging+idle+age+refaults,K+K+,5,graph,test,1.2859,-0.8340,2,1
graph,ref+aging+idle+age+refaults,K+K+,5,graph,val,1.2886,-0.8343,2,1
graph,ref+aging+idle+age+refaults+rdist,K+K+,6,graph,test,1.2119,-0.6387,2,0
graph,ref+aging+idle+age+refaults+rdist,K+K+,6,graph,val,1.1897,-0.5722,2,0
graph,ref+aging+idle+dirty,K,4,graph,test,1.2527,-0.8087,2,1
graph,ref+aging+idle+dirty,K,4,graph,val,1.2546,-0.8083,2,1
graph,ref+aging+idle+dirty+rdist,K+K+,5,graph,test,1.2519,-0.8081,2,1
graph,ref+aging+idle+dirty+rdist,K+K+,5,graph,val,1.2547,-0.8084,2,1
graph,ref+aging+idle+dirty+refaults,K+K+,5,graph,test,1.2115,-0.6368,2,0
graph,ref+aging+idle+dirty+refaults,K+K+,5,graph,val,1.2209,-0.6546,2,0
graph,ref+aging+idle+dirty+refaults+rdist,K+K+,6,graph,test,0.8683,0.1616,2,0
graph,ref+aging+idle+dirty+refaults+rdist,K+K+,6,graph,val,0.8707,0.1596,2,0
graph,ref+aging+idle+rdist,K+K+,4,graph,test,0.7839,0.3409,2,0
graph,ref+aging+idle+rdist,K+K+,4,graph,val,0.7804,0.3483,2,0
graph,ref+aging+idle+refaults,K+K+,4,graph,test,0.8475,0.2477,2,0
graph,ref+aging+idle+refaults,K+K+,4,graph,val,0.8497,0.2448,2,0
graph,ref+aging+idle+refaults+rdist,K+K+,5,graph,test,0.6965,0.4776,2,0
graph,ref+aging+idle+refaults+rdist,K+K+,5,graph,val,0.6946,0.4816,2,0
graph,ref+aging+rdist,K+K+,3,graph,test,3.0000,-3.0387,2,2
graph,ref+aging+rdist,K+K+,3,graph,val,3.0000,-3.0415,2,2
graph,ref+aging+refaults,K+K+,3,graph,test,0.9606,0.0788,2,0
graph,ref+aging+refaults,K+K+,3,graph,val,0.9674,0.0688,2,0
graph,ref+aging+refaults+rdist,K+K+,4,graph,test,1.0846,-0.1111,2,0
graph,ref+aging+refaults+rdist,K+K+,4,graph,val,1.0691,-0.0916,2,0
graph,ref+aging+sfreq,K,3,graph,test,3.0000,-3.0387,2,2
graph,ref+aging+sfreq,K,3,graph,val,3.0000,-3.0415,2,2
graph,ref+aging+sfreq+age,K,4,graph,test,3.0000,-3.0387,2,2
graph,ref+aging+sfreq+age,K,4,graph,val,3.0000,-3.0415,2,2
graph,ref+aging+sfreq+age+dirty,K,5,graph,test,3.0000,-3.0387,2,2
graph,ref+aging+sfreq+age+dirty,K,5,graph,val,3.0000,-3.0415,2,2
graph,ref+aging+sfreq+age+dirty+rdist,K+K+,6,graph,test,1.9874,-1.5231,2,1
graph,ref+aging+sfreq+age+dirty+rdist,K+K+,6,graph,val,2.1013,-1.6628,2,1
graph,ref+aging+sfreq+age+dirty+refaults,K+K+,6,graph,test,3.0000,-3.0387,2,2
graph,ref+aging+sfreq+age+dirty+refaults,K+K+,6,graph,val,3.0000,-3.0415,2,2
graph,ref+aging+sfreq+age+dirty+refaults+rdist,K+K+,7,graph,test,3.0000,-3.0387,2,2
graph,ref+aging+sfreq+age+dirty+refaults+rdist,K+K+,7,graph,val,3.0000,-3.0415,2,2
graph,ref+aging+sfreq+age+rdist,K+K+,5,graph,test,3.0000,-3.0387,2,2
graph,ref+aging+sfreq+age+rdist,K+K+,5,graph,val,3.0000,-3.0415,2,2
graph,ref+aging+sfreq+age+refaults,K+K+,5,graph,test,3.0000,-3.0387,2,2
graph,ref+aging+sfreq+age+refaults,K+K+,5,graph,val,3.0000,-3.0415,2,2
graph,ref+aging+sfreq+age+refaults+rdist,K+K+,6,graph,test,3.0000,-3.0387,2,2
graph,ref+aging+sfreq+age+refaults+rdist,K+K+,6,graph,val,3.0000,-3.0415,2,2
graph,ref+aging+sfreq+dirty,K,4,graph,test,3.0000,-3.0387,2,2
graph,ref+aging+sfreq+dirty,K,4,graph,val,3.0000,-3.0415,2,2
graph,ref+aging+sfreq+dirty+rdist,K+K+,5,graph,test,3.0000,-3.0387,2,2
graph,ref+aging+sfreq+dirty+rdist,K+K+,5,graph,val,3.0000,-3.0415,2,2
graph,ref+aging+sfreq+dirty+refaults,K+K+,5,graph,test,3.0000,-3.0387,2,2
graph,ref+aging+sfreq+dirty+refaults,K+K+,5,graph,val,3.0000,-3.0415,2,2
graph,ref+aging+sfreq+dirty+refaults+rdist,K+K+,6,graph,test,3.0000,-3.0387,2,2
graph,ref+aging+sfreq+dirty+refaults+rdist,K+K+,6,graph,val,3.0000,-3.0415,2,2
graph,ref+aging+sfreq+idle,K,4,graph,test,0.9993,0.0230,2,0
graph,ref+aging+sfreq+idle,K,4,graph,val,1.0016,0.0203,2,0
graph,ref+aging+sfreq+idle+age,K,5,graph,test,0.9536,0.0825,2,0
graph,ref+aging+sfreq+idle+age,K,5,graph,val,0.9563,0.0791,2,0
graph,ref+aging+sfreq+idle+age+dirty,K,6,graph,test,1.2682,-0.8204,2,1
graph,ref+aging+sfreq+idle+age+dirty,K,6,graph,val,1.2734,-0.8226,2,1
graph,ref+aging+sfreq+idle+age+dirty+rdist,K+K+,7,graph,test,1.2067,-0.6749,2,0
graph,ref+aging+sfreq+idle+age+dirty+rdist,K+K+,7,graph,val,1.2131,-0.6862,2,0
graph,ref+aging+sfreq+idle+age+dirty+refaults,K+K+,7,graph,test,1.3255,-0.8650,2,1
graph,ref+aging+sfreq+idle+age+dirty+refaults,K+K+,7,graph,val,1.3246,-0.8626,2,1
graph,ref+aging+sfreq+idle+age+dirty+refaults+rdist,K+K+,8,graph,test,1.3296,-0.8683,2,1
graph,ref+aging+sfreq+idle+age+dirty+refaults+rdist,K+K+,8,graph,val,1.3339,-0.8701,2,1
graph,ref+aging+sfreq+idle+age+rdist,K+K+,6,graph,test,0.7678,0.3721,2,0
graph,ref+aging+sfreq+idle+age+rdist,K+K+,6,graph,val,0.7675,0.3735,2,0
graph,ref+aging+sfreq+idle+age+refaults,K+K+,6,graph,test,1.3725,-0.9031,2,1
graph,ref+aging+sfreq+idle+age+refaults,K+K+,6,graph,val,1.3710,-0.9002,2,1
graph,ref+aging+sfreq+idle+age+refaults+rdist,K+K+,7,graph,test,1.3684,-0.8997,2,1
graph,ref+aging+sfreq+idle+age+refaults+rdist,K+K+,7,graph,val,1.3743,-0.9029,2,1
graph,ref+aging+sfreq+idle+dirty,K,5,graph,test,1.2529,-0.8088,2,1
graph,ref+aging+sfreq+idle+dirty,K,5,graph,val,1.2546,-0.8083,2,1
graph,ref+aging+sfreq+idle+dirty+rdist,K+K+,6,graph,test,1.1269,-0.4563,2,0
graph,ref+aging+sfreq+idle+dirty+rdist,K+K+,6,graph,val,1.1317,-0.4637,2,0
graph,ref+aging+sfreq+idle+dirty+refaults,K+K+,6,graph,test,1.5859,-1.0925,2,1
graph,ref+aging+sfreq+idle+dirty+refaults,K+K+,6,graph,val,1.5957,-1.1007,2,1
graph,ref+aging+sfreq+idle+dirty+refaults+rdist,K+K+,7,graph,test,1.6197,-1.1251,2,1
graph,ref+aging+sfreq+idle+dirty+refaults+rdist,K+K+,7,graph,val,1.6204,-1.1246,2,1
graph,ref+aging+sfreq+idle+rdist,K+K+,5,graph,test,0.7878,0.3355,2,0
graph,ref+aging+sfreq+idle+rdist,K+K+,5,graph,val,0.7852,0.3415,2,0
graph,ref+aging+sfreq+idle+refaults,K+K+,5,graph,test,1.6716,-1.1763,2,1
graph,ref+aging+sfreq+idle+refaults,K+K+,5,graph,val,1.6873,-1.1912,2,1
graph,ref+aging+sfreq+idle+refaults+rdist,K+K+,6,graph,test,1.6926,-1.1976,2,1
graph,ref+aging+sfreq+idle+refaults+rdist,K+K+,6,graph,val,1.6798,-1.1836,2,1
graph,ref+aging+sfreq+rdist,K+K+,4,graph,test,3.0000,-3.0387,2,2
graph,ref+aging+sfreq+rdist,K+K+,4,graph,val,3.0000,-3.0415,2,2
graph,ref+aging+sfreq+refaults,K+K+,4,graph,test,3.0000,-3.0387,2,2
graph,ref+aging+sfreq+refaults,K+K+,4,graph,val,3.0000,-3.0415,2,2
graph,ref+aging+sfreq+refaults+rdist,K+K+,5,graph,test,3.0000,-3.0387,2,2
graph,ref+aging+sfreq+refaults+rdist,K+K+,5,graph,val,3.0000,-3.0415,2,2
graph,ref+dirty,K,2,graph,test,3.0000,-3.0387,2,2
graph,ref+dirty,K,2,graph,val,3.0000,-3.0415,2,2
graph,ref+dirty+rdist,K+K+,3,graph,test,3.0000,-3.0387,2,2
graph,ref+dirty+rdist,K+K+,3,graph,val,3.0000,-3.0415,2,2
graph,ref+dirty+refaults,K+K+,3,graph,test,1.2749,-0.8255,2,1
graph,ref+dirty+refaults,K+K+,3,graph,val,1.2773,-0.8256,2,1
graph,ref+dirty+refaults+rdist,K+K+,4,graph,test,1.2774,-0.7095,2,0
graph,ref+dirty+refaults+rdist,K+K+,4,graph,val,1.2952,-0.7489,2,0
graph,ref+idle,K,2,graph,test,0.9797,0.0317,2,0
graph,ref+idle,K,2,graph,val,0.9779,0.0335,2,0
graph,ref+idle+age,K,3,graph,test,0.8811,0.1889,2,0
graph,ref+idle+age,K,3,graph,val,0.8791,0.1920,2,0
graph,ref+idle+age+dirty,K,4,graph,test,1.2509,-0.8074,2,1
graph,ref+idle+age+dirty,K,4,graph,val,1.2535,-0.8075,2,1
graph,ref+idle+age+dirty+rdist,K+K+,5,graph,test,1.0261,-0.1984,2,0
graph,ref+idle+age+dirty+rdist,K+K+,5,graph,val,1.0341,-0.2136,2,0
graph,ref+idle+age+dirty+refaults,K+K+,5,graph,test,1.2855,-0.8337,2,1
graph,ref+idle+age+dirty+refaults,K+K+,5,graph,val,1.2878,-0.8337,2,1
graph,ref+idle+age+dirty+refaults+rdist,K+K+,6,graph,test,1.2713,-0.8228,2,1
graph,ref+idle+age+dirty+refaults+rdist,K+K+,6,graph,val,1.2739,-0.8230,2,1
graph,ref+idle+age+rdist,K+K+,4,graph,test,0.7534,0.3830,2,0
graph,ref+idle+age+rdist,K+K+,4,graph,val,0.7505,0.3896,2,0
graph,ref+idle+age+refaults,K+K+,4,graph,test,1.2905,-0.8376,2,1
graph,ref+idle+age+refaults,K+K+,4,graph,val,1.2934,-0.8381,2,1
graph,ref+idle+age+refaults+rdist,K+K+,5,graph,test,1.2241,-0.6871,2,0
graph,ref+idle+age+refaults+rdist,K+K+,5,graph,val,1.2322,-0.7024,2,0
graph,ref+idle+dirty,K,3,graph,test,1.2503,-0.8069,2,1
graph,ref+idle+dirty,K,3,graph,val,1.2528,-0.8070,2,1
graph,ref+idle+dirty+rdist,K+K+,4,graph,test,1.0653,-0.2954,2,0
graph,ref+idle+dirty+rdist,K+K+,4,graph,val,1.0739,-0.3124,2,0
graph,ref+idle+dirty+refaults,K+K+,4,graph,test,1.1043,-0.3597,2,0
graph,ref+idle+dirty+refaults,K+K+,4,graph,val,1.1106,-0.3714,2,0
graph,ref+idle+dirty+refaults+rdist,K+K+,5,graph,test,0.8819,0.1337,2,0
graph,ref+idle+dirty+refaults+rdist,K+K+,5,graph,val,0.8839,0.1323,2,0
graph,ref+idle+rdist,K+K+,3,graph,test,0.7687,0.3598,2,0
graph,ref+idle+rdist,K+K+,3,graph,val,0.7701,0.3593,2,0
graph,ref+idle+refaults,K+K+,3,graph,test,0.8144,0.2941,2,0
graph,ref+idle+refaults,K+K+,3,graph,val,0.8140,0.2947,2,0
graph,ref+idle+refaults+rdist,K+K+,4,graph,test,0.6969,0.4769,2,0
graph,ref+idle+refaults+rdist,K+K+,4,graph,val,0.6948,0.4815,2,0
graph,ref+rdist,K+K+,2,graph,test,3.0000,-3.0387,2,2
graph,ref+rdist,K+K+,2,graph,val,3.0000,-3.0415,2,2
graph,ref+refaults,K+K+,2,graph,test,0.9804,0.0512,2,0
graph,ref+refaults,K+K+,2,graph,val,0.9875,0.0407,2,0
graph,ref+refaults+rdist,K+K+,3,graph,test,1.1396,-0.1889,2,0
graph,ref+refaults+rdist,K+K+,3,graph,val,1.1435,-0.1946,2,0
graph,ref+sfreq,K,2,graph,test,3.0000,-3.0387,2,2
graph,ref+sfreq,K,2,graph,val,3.0000,-3.0415,2,2
graph,ref+sfreq+age,K,3,graph,test,3.0000,-3.0387,2,2
graph,ref+sfreq+age,K,3,graph,val,3.0000,-3.0415,2,2
graph,ref+sfreq+age+dirty,K,4,graph,test,3.0000,-3.0387,2,2
graph,ref+sfreq+age+dirty,K,4,graph,val,3.0000,-3.0415,2,2
graph,ref+sfreq+age+dirty+rdist,K+K+,5,graph,test,2.2139,-1.8087,2,1
graph,ref+sfreq+age+dirty+rdist,K+K+,5,graph,val,2.2130,-1.8077,2,1
graph,ref+sfreq+age+dirty+refaults,K+K+,5,graph,test,3.0000,-3.0387,2,2
graph,ref+sfreq+age+dirty+refaults,K+K+,5,graph,val,3.0000,-3.0415,2,2
graph,ref+sfreq+age+dirty+refaults+rdist,K+K+,6,graph,test,3.0000,-3.0387,2,2
graph,ref+sfreq+age+dirty+refaults+rdist,K+K+,6,graph,val,3.0000,-3.0415,2,2
graph,ref+sfreq+age+rdist,K+K+,4,graph,test,3.0000,-3.0387,2,2
graph,ref+sfreq+age+rdist,K+K+,4,graph,val,3.0000,-3.0415,2,2
graph,ref+sfreq+age+refaults,K+K+,4,graph,test,3.0000,-3.0387,2,2
graph,ref+sfreq+age+refaults,K+K+,4,graph,val,3.0000,-3.0415,2,2
graph,ref+sfreq+age+refaults+rdist,K+K+,5,graph,test,3.0000,-3.0387,2,2
graph,ref+sfreq+age+refaults+rdist,K+K+,5,graph,val,3.0000,-3.0415,2,2
graph,ref+sfreq+dirty,K,3,graph,test,3.0000,-3.0387,2,2
graph,ref+sfreq+dirty,K,3,graph,val,3.0000,-3.0415,2,2
graph,ref+sfreq+dirty+rdist,K+K+,4,graph,test,3.0000,-3.0387,2,2
graph,ref+sfreq+dirty+rdist,K+K+,4,graph,val,3.0000,-3.0415,2,2
graph,ref+sfreq+dirty+refaults,K+K+,4,graph,test,3.0000,-3.0387,2,2
graph,ref+sfreq+dirty+refaults,K+K+,4,graph,val,3.0000,-3.0415,2,2
graph,ref+sfreq+dirty+refaults+rdist,K+K+,5,graph,test,3.0000,-3.0387,2,2
graph,ref+sfreq+dirty+refaults+rdist,K+K+,5,graph,val,3.0000,-3.0415,2,2
graph,ref+sfreq+idle,K,3,graph,test,0.9102,0.1447,2,0
graph,ref+sfreq+idle,K,3,graph,val,0.9063,0.1505,2,0
graph,ref+sfreq+idle+age,K,4,graph,test,0.8936,0.1594,2,0
graph,ref+sfreq+idle+age,K,4,graph,val,0.8919,0.1615,2,0
graph,ref+sfreq+idle+age+dirty,K,5,graph,test,1.2646,-0.8177,2,1
graph,ref+sfreq+idle+age+dirty,K,5,graph,val,1.2689,-0.8191,2,1
graph,ref+sfreq+idle+age+dirty+rdist,K+K+,6,graph,test,1.0884,-0.3543,2,0
graph,ref+sfreq+idle+age+dirty+rdist,K+K+,6,graph,val,1.0933,-0.3623,2,0
graph,ref+sfreq+idle+age+dirty+refaults,K+K+,6,graph,test,1.3190,-0.8599,2,1
graph,ref+sfreq+idle+age+dirty+refaults,K+K+,6,graph,val,1.3200,-0.8590,2,1
graph,ref+sfreq+idle+age+dirty+refaults+rdist,K+K+,7,graph,test,1.3138,-0.8558,2,1
graph,ref+sfreq+idle+age+dirty+refaults+rdist,K+K+,7,graph,val,1.3146,-0.8547,2,1
graph,ref+sfreq+idle+age+rdist,K+K+,5,graph,test,0.7564,0.3888,2,0
graph,ref+sfreq+idle+age+rdist,K+K+,5,graph,val,0.7574,0.3882,2,0
graph,ref+sfreq+idle+age+refaults,K+K+,5,graph,test,1.3527,-0.8869,2,1
graph,ref+sfreq+idle+age+refaults,K+K+,5,graph,val,1.3538,-0.8861,2,1
graph,ref+sfreq+idle+age+refaults+rdist,K+K+,6,graph,test,1.3401,-0.8767,2,1
graph,ref+sfreq+idle+age+refaults+rdist,K+K+,6,graph,val,1.3392,-0.8744,2,1
graph,ref+sfreq+idle+dirty,K,4,graph,test,1.2503,-0.8069,2,1
graph,ref+sfreq+idle+dirty,K,4,graph,val,1.2528,-0.8070,2,1
graph,ref+sfreq+idle+dirty+rdist,K+K+,5,graph,test,0.8951,0.0994,2,0
graph,ref+sfreq+idle+dirty+rdist,K+K+,5,graph,val,0.9000,0.0920,2,0
graph,ref+sfreq+idle+dirty+refaults,K+K+,5,graph,test,1.5467,-1.0557,2,1
graph,ref+sfreq+idle+dirty+refaults,K+K+,5,graph,val,1.5384,-1.0468,2,1
graph,ref+sfreq+idle+dirty+refaults+rdist,K+K+,6,graph,test,1.5117,-1.0236,2,1
graph,ref+sfreq+idle+dirty+refaults+rdist,K+K+,6,graph,val,1.5055,-1.0166,2,1
graph,ref+sfreq+idle+rdist,K+K+,4,graph,test,0.7762,0.3493,2,0
graph,ref+sfreq+idle+rdist,K+K+,4,graph,val,0.7762,0.3508,2,0
graph,ref+sfreq+idle+refaults,K+K+,4,graph,test,1.6401,-1.1450,2,1
graph,ref+sfreq+idle+refaults,K+K+,4,graph,val,1.6435,-1.1473,2,1
graph,ref+sfreq+idle+refaults+rdist,K+K+,5,graph,test,1.5548,-1.0633,2,1
graph,ref+sfreq+idle+refaults+rdist,K+K+,5,graph,val,1.5569,-1.0640,2,1
graph,ref+sfreq+rdist,K+K+,3,graph,test,3.0000,-3.0387,2,2
graph,ref+sfreq+rdist,K+K+,3,graph,val,3.0000,-3.0415,2,2
graph,ref+sfreq+refaults,K+K+,3,graph,test,3.0000,-3.0387,2,2
graph,ref+sfreq+refaults,K+K+,3,graph,val,3.0000,-3.0415,2,2
graph,ref+sfreq+refaults+rdist,K+K+,4,graph,test,3.0000,-3.0387,2,2
graph,ref+sfreq+refaults+rdist,K+K+,4,graph,val,3.0000,-3.0415,2,2
graph,refaults,K+K+,1,graph,test,1.6326,-1.1377,2,1
graph,refaults,K+K+,1,graph,val,1.6357,-1.1396,2,1
graph,refaults+rdist,K+K+,2,graph,test,1.8492,-1.3639,2,1
graph,refaults+rdist,K+K+,2,graph,val,1.8588,-1.3740,2,1
graph,sd,F,1,graph,test,0.9786,0.0333,2,0
graph,sd,F,1,graph,val,0.9775,0.0343,2,0
graph,sd+ref+aging+sfreq+idle+age+dirty,F+K,7,graph,test,0.6515,0.5461,2,0
graph,sd+ref+aging+sfreq+idle+age+dirty,F+K,7,graph,val,0.6279,0.5826,2,0
graph,sd+ref+aging+sfreq+idle+age+dirty+refaults+rdist,F+K,9,graph,test,1.8475,-1.3621,2,1
graph,sd+ref+aging+sfreq+idle+age+dirty+refaults+rdist,F+K,9,graph,val,1.8595,-1.3749,2,1
graph,sd+wr,F,2,graph,test,1.8349,-1.3482,2,1
graph,sd+wr,F,2,graph,val,1.8235,-1.3350,2,1
graph,sd+wr+ref+aging+sfreq+idle+age+dirty,F+K,8,graph,test,1.4419,-0.9617,2,1
graph,sd+wr+ref+aging+sfreq+idle+age+dirty,F+K,8,graph,val,1.4693,-0.9842,2,1
graph,sd+wr+ref+aging+sfreq+idle+age+dirty+refaults+rdist,F+K,10,graph,test,2.7326,-2.5787,2,1
graph,sd+wr+ref+aging+sfreq+idle+age+dirty+refaults+rdist,F+K,10,graph,val,2.7919,-2.6791,2,1
graph,sfreq,K,1,graph,test,3.0000,-3.0387,2,2
graph,sfreq,K,1,graph,val,3.0000,-3.0415,2,2
graph,sfreq+age,K,2,graph,test,3.0000,-3.0387,2,2
graph,sfreq+age,K,2,graph,val,3.0000,-3.0415,2,2
graph,sfreq+age+dirty,K,3,graph,test,3.0000,-3.0387,2,2
graph,sfreq+age+dirty,K,3,graph,val,3.0000,-3.0415,2,2
graph,sfreq+age+dirty+rdist,K+K+,4,graph,test,3.0000,-3.0387,2,2
graph,sfreq+age+dirty+rdist,K+K+,4,graph,val,3.0000,-3.0415,2,2
graph,sfreq+age+dirty+refaults,K+K+,4,graph,test,3.0000,-3.0387,2,2
graph,sfreq+age+dirty+refaults,K+K+,4,graph,val,3.0000,-3.0415,2,2
graph,sfreq+age+dirty+refaults+rdist,K+K+,5,graph,test,3.0000,-3.0387,2,2
graph,sfreq+age+dirty+refaults+rdist,K+K+,5,graph,val,3.0000,-3.0415,2,2
graph,sfreq+age+rdist,K+K+,3,graph,test,3.0000,-3.0387,2,2
graph,sfreq+age+rdist,K+K+,3,graph,val,3.0000,-3.0415,2,2
graph,sfreq+age+refaults,K+K+,3,graph,test,3.0000,-3.0387,2,2
graph,sfreq+age+refaults,K+K+,3,graph,val,3.0000,-3.0415,2,2
graph,sfreq+age+refaults+rdist,K+K+,4,graph,test,3.0000,-3.0387,2,2
graph,sfreq+age+refaults+rdist,K+K+,4,graph,val,3.0000,-3.0415,2,2
graph,sfreq+dirty,K,2,graph,test,3.0000,-3.0387,2,2
graph,sfreq+dirty,K,2,graph,val,3.0000,-3.0415,2,2
graph,sfreq+dirty+rdist,K+K+,3,graph,test,3.0000,-3.0387,2,2
graph,sfreq+dirty+rdist,K+K+,3,graph,val,3.0000,-3.0415,2,2
graph,sfreq+dirty+refaults,K+K+,3,graph,test,3.0000,-3.0387,2,2
graph,sfreq+dirty+refaults,K+K+,3,graph,val,3.0000,-3.0415,2,2
graph,sfreq+dirty+refaults+rdist,K+K+,4,graph,test,3.0000,-3.0387,2,2
graph,sfreq+dirty+refaults+rdist,K+K+,4,graph,val,3.0000,-3.0415,2,2
graph,sfreq+idle,K,2,graph,test,0.8896,0.1775,2,0
graph,sfreq+idle,K,2,graph,val,0.8887,0.1793,2,0
graph,sfreq+idle+age,K,3,graph,test,0.8759,0.1841,2,0
graph,sfreq+idle+age,K,3,graph,val,0.8724,0.1883,2,0
graph,sfreq+idle+age+dirty,K,4,graph,test,1.2524,-0.8085,2,1
graph,sfreq+idle+age+dirty,K,4,graph,val,1.2547,-0.8084,2,1
graph,sfreq+idle+age+dirty+rdist,K+K+,5,graph,test,0.7676,0.3504,2,0
graph,sfreq+idle+age+dirty+rdist,K+K+,5,graph,val,0.7716,0.3450,2,0
graph,sfreq+idle+age+dirty+refaults,K+K+,5,graph,test,1.3157,-0.8572,2,1
graph,sfreq+idle+age+dirty+refaults,K+K+,5,graph,val,1.3181,-0.8575,2,1
graph,sfreq+idle+age+dirty+refaults+rdist,K+K+,6,graph,test,1.3017,-0.8463,2,1
graph,sfreq+idle+age+dirty+refaults+rdist,K+K+,6,graph,val,1.3051,-0.8472,2,1
graph,sfreq+idle+age+rdist,K+K+,4,graph,test,0.7451,0.4046,2,0
graph,sfreq+idle+age+rdist,K+K+,4,graph,val,0.7470,0.4027,2,0
graph,sfreq+idle+age+refaults,K+K+,4,graph,test,1.3499,-0.8847,2,1
graph,sfreq+idle+age+refaults,K+K+,4,graph,val,1.3510,-0.8838,2,1
graph,sfreq+idle+age+refaults+rdist,K+K+,5,graph,test,1.3231,-0.8631,2,1
graph,sfreq+idle+age+refaults+rdist,K+K+,5,graph,val,1.3230,-0.8613,2,1
graph,sfreq+idle+dirty,K,3,graph,test,0.9548,-0.0327,2,0
graph,sfreq+idle+dirty,K,3,graph,val,0.9605,-0.0420,2,0
graph,sfreq+idle+dirty+rdist,K+K+,4,graph,test,0.6986,0.4707,2,0
graph,sfreq+idle+dirty+rdist,K+K+,4,graph,val,0.6972,0.4742,2,0
graph,sfreq+idle+dirty+refaults,K+K+,4,graph,test,1.5162,-1.0276,2,1
graph,sfreq+idle+dirty+refaults,K+K+,4,graph,val,1.5068,-1.0177,2,1
graph,sfreq+idle+dirty+refaults+rdist,K+K+,5,graph,test,1.4361,-0.9567,2,1
graph,sfreq+idle+dirty+refaults+rdist,K+K+,5,graph,val,1.4361,-0.9552,2,1
graph,sfreq+idle+rdist,K+K+,3,graph,test,0.7736,0.3490,2,0
graph,sfreq+idle+rdist,K+K+,3,graph,val,0.7758,0.3472,2,0
graph,sfreq+idle+refaults,K+K+,3,graph,test,1.6231,-1.1283,2,1
graph,sfreq+idle+refaults,K+K+,3,graph,val,1.6325,-1.1364,2,1
graph,sfreq+idle+refaults+rdist,K+K+,4,graph,test,1.4691,-0.9855,2,1
graph,sfreq+idle+refaults+rdist,K+K+,4,graph,val,1.4694,-0.9843,2,1
graph,sfreq+rdist,K+K+,2,graph,test,3.0000,-3.0387,2,2
graph,sfreq+rdist,K+K+,2,graph,val,3.0000,-3.0415,2,2
graph,sfreq+refaults,K+K+,2,graph,test,3.0000,-3.0387,2,2
graph,sfreq+refaults,K+K+,2,graph,val,3.0000,-3.0415,2,2
graph,sfreq+refaults+rdist,K+K+,3,graph,test,3.0000,-3.0387,2,2
graph,sfreq+refaults+rdist,K+K+,3,graph,val,3.0000,-3.0415,2,2
graph,wr,F,1,graph,test,3.0000,-3.0387,2,2
graph,wr,F,1,graph,val,3.0000,-3.0415,2,2
graph,wr+ref+aging+sfreq+idle+age+dirty,F+K,7,graph,test,1.3014,-0.8460,2,1
graph,wr+ref+aging+sfreq+idle+age+dirty,F+K,7,graph,val,1.2940,-0.8385,2,1
graph,wr+ref+aging+sfreq+idle+age+dirty+refaults+rdist,F+K,9,graph,test,1.3672,-0.8987,2,1
graph,wr+ref+aging+sfreq+idle+age+dirty+refaults+rdist,F+K,9,graph,val,1.3688,-0.8984,2,1
kv,age,K,1,kv,test,3.0000,-5.5578,1,1
kv,age,K,1,kv,val,3.0000,-5.5644,1,1
kv,age+dirty,K,2,kv,test,3.0000,-5.5578,1,1
kv,age+dirty,K,2,kv,val,3.0000,-5.5644,1,1
kv,age+dirty+rdist,K+K+,3,kv,test,3.0000,-5.5578,1,1
kv,age+dirty+rdist,K+K+,3,kv,val,3.0000,-5.5644,1,1
kv,age+dirty+refaults,K+K+,3,kv,test,3.0000,-5.5578,1,1
kv,age+dirty+refaults,K+K+,3,kv,val,3.0000,-5.5644,1,1
kv,age+dirty+refaults+rdist,K+K+,4,kv,test,3.0000,-5.5578,1,1
kv,age+dirty+refaults+rdist,K+K+,4,kv,val,3.0000,-5.5644,1,1
kv,age+rdist,K+K+,2,kv,test,3.0000,-5.5578,1,1
kv,age+rdist,K+K+,2,kv,val,3.0000,-5.5644,1,1
kv,age+refaults,K+K+,2,kv,test,3.0000,-5.5578,1,1
kv,age+refaults,K+K+,2,kv,val,3.0000,-5.5644,1,1
kv,age+refaults+rdist,K+K+,3,kv,test,3.0000,-5.5578,1,1
kv,age+refaults+rdist,K+K+,3,kv,val,3.0000,-5.5644,1,1
kv,aging,K,1,kv,test,1.0502,-0.1395,1,0
kv,aging,K,1,kv,val,1.0527,-0.1466,1,0
kv,aging+age,K,2,kv,test,3.0000,-5.5578,1,1
kv,aging+age,K,2,kv,val,3.0000,-5.5644,1,1
kv,aging+age+dirty,K,3,kv,test,3.0000,-5.5578,1,1
kv,aging+age+dirty,K,3,kv,val,3.0000,-5.5644,1,1
kv,aging+age+dirty+rdist,K+K+,4,kv,test,3.0000,-5.5578,1,1
kv,aging+age+dirty+rdist,K+K+,4,kv,val,3.0000,-5.5644,1,1
kv,aging+age+dirty+refaults,K+K+,4,kv,test,3.0000,-5.5578,1,1
kv,aging+age+dirty+refaults,K+K+,4,kv,val,3.0000,-5.5644,1,1
kv,aging+age+dirty+refaults+rdist,K+K+,5,kv,test,3.0000,-5.5578,1,1
kv,aging+age+dirty+refaults+rdist,K+K+,5,kv,val,3.0000,-5.5644,1,1
kv,aging+age+rdist,K+K+,3,kv,test,3.0000,-5.5578,1,1
kv,aging+age+rdist,K+K+,3,kv,val,3.0000,-5.5644,1,1
kv,aging+age+refaults,K+K+,3,kv,test,3.0000,-5.5578,1,1
kv,aging+age+refaults,K+K+,3,kv,val,3.0000,-5.5644,1,1
kv,aging+age+refaults+rdist,K+K+,4,kv,test,3.0000,-5.5578,1,1
kv,aging+age+refaults+rdist,K+K+,4,kv,val,3.0000,-5.5644,1,1
kv,aging+dirty,K,2,kv,test,1.0740,-0.2057,1,0
kv,aging+dirty,K,2,kv,val,1.0771,-0.2146,1,0
kv,aging+dirty+rdist,K+K+,3,kv,test,1.2460,-0.6836,1,0
kv,aging+dirty+rdist,K+K+,3,kv,val,1.2467,-0.6865,1,0
kv,aging+dirty+refaults,K+K+,3,kv,test,1.2319,-0.6445,1,0
kv,aging+dirty+refaults,K+K+,3,kv,val,1.1032,-0.2871,1,0
kv,aging+dirty+refaults+rdist,K+K+,4,kv,test,1.0402,-0.1116,1,0
kv,aging+dirty+refaults+rdist,K+K+,4,kv,val,1.0919,-0.2556,1,0
kv,aging+idle,K,2,kv,test,0.9953,0.0131,1,0
kv,aging+idle,K,2,kv,val,0.9961,0.0108,1,0
kv,aging+idle+age,K,3,kv,test,0.9549,0.1252,1,0
kv,aging+idle+age,K,3,kv,val,0.9555,0.1238,1,0
kv,aging+idle+age+dirty,K,4,kv,test,0.9457,0.1510,1,0
kv,aging+idle+age+dirty,K,4,kv,val,0.9471,0.1471,1,0
kv,aging+idle+age+dirty+rdist,K+K+,5,kv,test,0.9439,0.1558,1,0
kv,aging+idle+age+dirty+rdist,K+K+,5,kv,val,0.9437,0.1565,1,0
kv,aging+idle+age+dirty+refaults,K+K+,5,kv,test,0.9458,0.1506,1,0
kv,aging+idle+age+dirty+refaults,K+K+,5,kv,val,0.9484,0.1437,1,0
kv,aging+idle+age+dirty+refaults+rdist,K+K+,6,kv,test,0.9409,0.1642,1,0
kv,aging+idle+age+dirty+refaults+rdist,K+K+,6,kv,val,0.9445,0.1545,1,0
kv,aging+idle+age+rdist,K+K+,4,kv,test,0.9486,0.1427,1,0
kv,aging+idle+age+rdist,K+K+,4,kv,val,0.9533,0.1298,1,0
kv,aging+idle+age+refaults,K+K+,4,kv,test,0.9502,0.1384,1,0
kv,aging+idle+age+refaults,K+K+,4,kv,val,0.9545,0.1266,1,0
kv,aging+idle+age+refaults+rdist,K+K+,5,kv,test,0.9431,0.1582,1,0
kv,aging+idle+age+refaults+rdist,K+K+,5,kv,val,0.9462,0.1498,1,0
kv,aging+idle+dirty,K,3,kv,test,0.9979,0.0058,1,0
kv,aging+idle+dirty,K,3,kv,val,0.9986,0.0040,1,0
kv,aging+idle+dirty+rdist,K+K+,4,kv,test,0.9430,0.1583,1,0
kv,aging+idle+dirty+rdist,K+K+,4,kv,val,0.9499,0.1394,1,0
kv,aging+idle+dirty+refaults,K+K+,4,kv,test,0.9961,0.0108,1,0
kv,aging+idle+dirty+refaults,K+K+,4,kv,val,0.9962,0.0107,1,0
kv,aging+idle+dirty+refaults+rdist,K+K+,5,kv,test,0.9337,0.1841,1,0
kv,aging+idle+dirty+refaults+rdist,K+K+,5,kv,val,0.9401,0.1667,1,0
kv,aging+idle+rdist,K+K+,3,kv,test,0.9412,0.1633,1,0
kv,aging+idle+rdist,K+K+,3,kv,val,0.9471,0.1472,1,0
kv,aging+idle+refaults,K+K+,3,kv,test,0.9940,0.0166,1,0
kv,aging+idle+refaults,K+K+,3,kv,val,0.9942,0.0161,1,0
kv,aging+idle+refaults+rdist,K+K+,4,kv,test,0.9288,0.1980,1,0
kv,aging+idle+refaults+rdist,K+K+,4,kv,val,0.9388,0.1704,1,0
kv,aging+rdist,K+K+,2,kv,test,1.2412,-0.6704,1,0
kv,aging+rdist,K+K+,2,kv,val,1.2435,-0.6774,1,0
kv,aging+refaults,K+K+,2,kv,test,0.9781,0.0607,1,0
kv,aging+refaults,K+K+,2,kv,val,0.9822,0.0496,1,0
kv,aging+refaults+rdist,K+K+,3,kv,test,1.0290,-0.0805,1,0
kv,aging+refaults+rdist,K+K+,3,kv,val,1.0370,-0.1029,1,0
kv,aging+sfreq,K,2,kv,test,3.0000,-5.5578,1,1
kv,aging+sfreq,K,2,kv,val,3.0000,-5.5644,1,1
kv,aging+sfreq+age,K,3,kv,test,2.0705,-2.9748,1,0
kv,aging+sfreq+age,K,3,kv,val,2.2083,-3.3618,1,0
kv,aging+sfreq+age+dirty,K,4,kv,test,1.7013,-1.9488,1,0
kv,aging+sfreq+age+dirty,K,4,kv,val,1.8469,-2.3563,1,0
kv,aging+sfreq+age+dirty+rdist,K+K+,5,kv,test,1.8010,-2.2260,1,0
kv,aging+sfreq+age+dirty+rdist,K+K+,5,kv,val,1.8437,-2.3473,1,0
kv,aging+sfreq+age+dirty+refaults,K+K+,5,kv,test,1.6275,-1.7437,1,0
kv,aging+sfreq+age+dirty+refaults,K+K+,5,kv,val,1.6466,-1.7991,1,0
kv,aging+sfreq+age+dirty+refaults+rdist,K+K+,6,kv,test,1.6104,-1.6963,1,0
kv,aging+sfreq+age+dirty+refaults+rdist,K+K+,6,kv,val,1.5635,-1.5677,1,0
kv,aging+sfreq+age+rdist,K+K+,4,kv,test,1.6323,-1.7571,1,0
kv,aging+sfreq+age+rdist,K+K+,4,kv,val,1.6258,-1.7411,1,0
kv,aging+sfreq+age+refaults,K+K+,4,kv,test,1.6757,-1.8778,1,0
kv,aging+sfreq+age+refaults,K+K+,4,kv,val,1.6859,-1.9083,1,0
kv,aging+sfreq+age+refaults+rdist,K+K+,5,kv,test,1.5338,-1.4834,1,0
kv,aging+sfreq+age+refaults+rdist,K+K+,5,kv,val,1.5620,-1.5635,1,0
kv,aging+sfreq+dirty,K,3,kv,test,3.0000,-5.5578,1,1
kv,aging+sfreq+dirty,K,3,kv,val,3.0000,-5.5644,1,1
kv,aging+sfreq+dirty+rdist,K+K+,4,kv,test,3.0000,-5.5578,1,1
kv,aging+sfreq+dirty+rdist,K+K+,4,kv,val,3.0000,-5.5644,1,1
kv,aging+sfreq+dirty+refaults,K+K+,4,kv,test,1.7355,-2.0439,1,0
kv,aging+sfreq+dirty+refaults,K+K+,4,kv,val,1.7932,-2.2069,1,0
kv,aging+sfreq+dirty+refaults+rdist,K+K+,5,kv,test,1.7249,-2.0143,1,0
kv,aging+sfreq+dirty+refaults+rdist,K+K+,5,kv,val,1.7879,-2.1921,1,0
kv,aging+sfreq+idle,K,3,kv,test,1.0281,-0.0782,1,0
kv,aging+sfreq+idle,K,3,kv,val,1.0272,-0.0757,1,0
kv,aging+sfreq+idle+age,K,4,kv,test,0.9884,0.0324,1,0
kv,aging+sfreq+idle+age,K,4,kv,val,0.9848,0.0422,1,0
kv,aging+sfreq+idle+age+dirty,K,5,kv,test,0.9853,0.0408,1,0
kv,aging+sfreq+idle+age+dirty,K,5,kv,val,0.9844,0.0435,1,0
kv,aging+sfreq+idle+age+dirty+rdist,K+K+,6,kv,test,1.0154,-0.0428,1,0
kv,aging+sfreq+idle+age+dirty+rdist,K+K+,6,kv,val,1.0128,-0.0356,1,0
kv,aging+sfreq+idle+age+dirty+refaults,K+K+,6,kv,test,0.9908,0.0257,1,0
kv,aging+sfreq+idle+age+dirty+refaults,K+K+,6,kv,val,0.9932,0.0190,1,0
kv,aging+sfreq+idle+age+dirty+refaults+rdist,K+K+,7,kv,test,0.9920,0.0221,1,0
kv,aging+sfreq+idle+age+dirty+refaults+rdist,K+K+,7,kv,val,0.9952,0.0133,1,0
kv,aging+sfreq+idle+age+rdist,K+K+,5,kv,test,1.0095,-0.0264,1,0
kv,aging+sfreq+idle+age+rdist,K+K+,5,kv,val,1.0095,-0.0264,1,0
kv,aging+sfreq+idle+age+refaults,K+K+,5,kv,test,0.9818,0.0507,1,0
kv,aging+sfreq+idle+age+refaults,K+K+,5,kv,val,0.9839,0.0448,1,0
kv,aging+sfreq+idle+age+refaults+rdist,K+K+,6,kv,test,0.9827,0.0481,1,0
kv,aging+sfreq+idle+age+refaults+rdist,K+K+,6,kv,val,0.9885,0.0320,1,0
kv,aging+sfreq+idle+dirty,K,4,kv,test,1.0358,-0.0994,1,0
kv,aging+sfreq+idle+dirty,K,4,kv,val,1.0297,-0.0826,1,0
kv,aging+sfreq+idle+dirty+rdist,K+K+,5,kv,test,1.0549,-0.1525,1,0
kv,aging+sfreq+idle+dirty+rdist,K+K+,5,kv,val,1.0525,-0.1460,1,0
kv,aging+sfreq+idle+dirty+refaults,K+K+,5,kv,test,1.0499,-0.1387,1,0
kv,aging+sfreq+idle+dirty+refaults,K+K+,5,kv,val,1.0499,-0.1389,1,0
kv,aging+sfreq+idle+dirty+refaults+rdist,K+K+,6,kv,test,1.0495,-0.1376,1,0
kv,aging+sfreq+idle+dirty+refaults+rdist,K+K+,6,kv,val,1.0414,-0.1152,1,0
kv,aging+sfreq+idle+rdist,K+K+,4,kv,test,1.0437,-0.1213,1,0
kv,aging+sfreq+idle+rdist,K+K+,4,kv,val,1.0476,-0.1324,1,0
kv,aging+sfreq+idle+refaults,K+K+,4,kv,test,1.0193,-0.0535,1,0
kv,aging+sfreq+idle+refaults,K+K+,4,kv,val,1.0207,-0.0576,1,0
kv,aging+sfreq+idle+refaults+rdist,K+K+,5,kv,test,1.0157,-0.0438,1,0
kv,aging+sfreq+idle+refaults+rdist,K+K+,5,kv,val,1.0198,-0.0550,1,0
kv,aging+sfreq+rdist,K+K+,3,kv,test,3.0000,-5.5578,1,1
kv,aging+sfreq+rdist,K+K+,3,kv,val,3.0000,-5.5644,1,1
kv,aging+sfreq+refaults,K+K+,3,kv,test,1.8519,-2.3672,1,0
kv,aging+sfreq+refaults,K+K+,3,kv,val,1.9104,-2.5329,1,0
kv,aging+sfreq+refaults+rdist,K+K+,4,kv,test,1.7266,-2.0192,1,0
kv,aging+sfreq+refaults+rdist,K+K+,4,kv,val,1.7725,-2.1491,1,0
kv,dirty,K,1,kv,test,3.0000,-5.5578,1,1
kv,dirty,K,1,kv,val,3.0000,-5.5644,1,1
kv,dirty+rdist,K+K+,2,kv,test,3.0000,-5.5578,1,1
kv,dirty+rdist,K+K+,2,kv,val,3.0000,-5.5644,1,1
kv,dirty+refaults,K+K+,2,kv,test,2.4192,-3.9438,1,0
kv,dirty+refaults,K+K+,2,kv,val,2.5166,-4.2196,1,0
kv,dirty+refaults+rdist,K+K+,3,kv,test,1.6870,-1.9091,1,0
kv,dirty+refaults+rdist,K+K+,3,kv,val,1.6563,-1.8260,1,0
kv,freq,F,1,kv,test,1.8998,-2.5005,1,0
kv,freq,F,1,kv,val,1.9112,-2.5351,1,0
kv,freq+ref+aging+sfreq+idle+age+dirty,F+K,7,kv,test,0.9960,0.0110,1,0
kv,freq+ref+aging+sfreq+idle+age+dirty,F+K,7,kv,val,1.0015,-0.0043,1,0
kv,freq+ref+aging+sfreq+idle+age+dirty+refaults+rdist,F+K,9,kv,test,0.9979,0.0058,1,0
kv,freq+ref+aging+sfreq+idle+age+dirty+refaults+rdist,F+K,9,kv,val,0.9955,0.0125,1,0
kv,freq+sd,F,2,kv,test,0.9639,0.1003,1,0
kv,freq+sd,F,2,kv,val,0.9689,0.0866,1,0
kv,freq+sd+ref+aging+sfreq+idle+age+dirty,F+K,8,kv,test,1.1405,-0.3905,1,0
kv,freq+sd+ref+aging+sfreq+idle+age+dirty,F+K,8,kv,val,1.1451,-0.4037,1,0
kv,freq+sd+ref+aging+sfreq+idle+age+dirty+refaults+rdist,F+K,10,kv,test,1.1153,-0.3203,1,0
kv,freq+sd+ref+aging+sfreq+idle+age+dirty+refaults+rdist,F+K,10,kv,val,1.1149,-0.3195,1,0
kv,freq+sd+wr,F,3,kv,test,0.9664,0.0934,1,0
kv,freq+sd+wr,F,3,kv,val,0.9712,0.0801,1,0
kv,freq+sd+wr+ref+aging+sfreq+idle+age+dirty,F+K,9,kv,test,1.1449,-0.4026,1,0
kv,freq+sd+wr+ref+aging+sfreq+idle+age+dirty,F+K,9,kv,val,1.1540,-0.4285,1,0
kv,freq+sd+wr+ref+aging+sfreq+idle+age+dirty+refaults+rdist,F+K,11,kv,test,1.1183,-0.3289,1,0
kv,freq+sd+wr+ref+aging+sfreq+idle+age+dirty+refaults+rdist,F+K,11,kv,val,1.1216,-0.3383,1,0
kv,freq+wr,F,2,kv,test,1.9526,-2.6471,1,0
kv,freq+wr,F,2,kv,val,1.9626,-2.6781,1,0
kv,freq+wr+ref+aging+sfreq+idle+age+dirty,F+K,8,kv,test,0.9947,0.0146,1,0
kv,freq+wr+ref+aging+sfreq+idle+age+dirty,F+K,8,kv,val,1.0010,-0.0028,1,0
kv,freq+wr+ref+aging+sfreq+idle+age+dirty+refaults+rdist,F+K,10,kv,test,0.9971,0.0081,1,0
kv,freq+wr+ref+aging+sfreq+idle+age+dirty+refaults+rdist,F+K,10,kv,val,0.9930,0.0196,1,0
kv,idle,K,1,kv,test,0.9953,0.0131,1,0
kv,idle,K,1,kv,val,0.9961,0.0108,1,0
kv,idle+age,K,2,kv,test,0.9536,0.1290,1,0
kv,idle+age,K,2,kv,val,0.9551,0.1249,1,0
kv,idle+age+dirty,K,3,kv,test,0.9417,0.1619,1,0
kv,idle+age+dirty,K,3,kv,val,0.9429,0.1589,1,0
kv,idle+age+dirty+rdist,K+K+,4,kv,test,0.9593,0.1131,1,0
kv,idle+age+dirty+rdist,K+K+,4,kv,val,0.9598,0.1118,1,0
kv,idle+age+dirty+refaults,K+K+,4,kv,test,0.9388,0.1700,1,0
kv,idle+age+dirty+refaults,K+K+,4,kv,val,0.9397,0.1677,1,0
kv,idle+age+dirty+refaults+rdist,K+K+,5,kv,test,0.9438,0.1562,1,0
kv,idle+age+dirty+refaults+rdist,K+K+,5,kv,val,0.9489,0.1422,1,0
kv,idle+age+rdist,K+K+,3,kv,test,0.9632,0.1023,1,0
kv,idle+age+rdist,K+K+,3,kv,val,0.9640,0.1001,1,0
kv,idle+age+refaults,K+K+,3,kv,test,0.9473,0.1464,1,0
kv,idle+age+refaults,K+K+,3,kv,val,0.9479,0.1449,1,0
kv,idle+age+refaults+rdist,K+K+,4,kv,test,0.9484,0.1434,1,0
kv,idle+age+refaults+rdist,K+K+,4,kv,val,0.9573,0.1187,1,0
kv,idle+dirty,K,2,kv,test,0.9980,0.0055,1,0
kv,idle+dirty,K,2,kv,val,0.9985,0.0041,1,0
kv,idle+dirty+rdist,K+K+,3,kv,test,0.9444,0.1544,1,0
kv,idle+dirty+rdist,K+K+,3,kv,val,0.9510,0.1364,1,0
kv,idle+dirty+refaults,K+K+,3,kv,test,0.9960,0.0112,1,0
kv,idle+dirty+refaults,K+K+,3,kv,val,0.9958,0.0117,1,0
kv,idle+dirty+refaults+rdist,K+K+,4,kv,test,0.9367,0.1759,1,0
kv,idle+dirty+refaults+rdist,K+K+,4,kv,val,0.9414,0.1630,1,0
kv,idle+rdist,K+K+,2,kv,test,0.9426,0.1596,1,0
kv,idle+rdist,K+K+,2,kv,val,0.9493,0.1411,1,0
kv,idle+refaults,K+K+,2,kv,test,0.9942,0.0161,1,0
kv,idle+refaults,K+K+,2,kv,val,0.9943,0.0158,1,0
kv,idle+refaults+rdist,K+K+,3,kv,test,0.9346,0.1817,1,0
kv,idle+refaults+rdist,K+K+,3,kv,val,0.9419,0.1616,1,0
kv,rdist,K+K+,1,kv,test,3.0000,-5.5578,1,1
kv,rdist,K+K+,1,kv,val,3.0000,-5.5644,1,1
kv,rec,F,1,kv,test,0.9945,0.0153,1,0
kv,rec,F,1,kv,val,0.9952,0.0134,1,0
kv,rec+freq,F,2,kv,test,0.9581,0.1165,1,0
kv,rec+freq,F,2,kv,val,0.9626,0.1039,1,0
kv,rec+freq+ref+aging+sfreq+idle+age+dirty,F+K,8,kv,test,1.0071,-0.0198,1,0
kv,rec+freq+ref+aging+sfreq+idle+age+dirty,F+K,8,kv,val,1.0208,-0.0580,1,0
kv,rec+freq+ref+aging+sfreq+idle+age+dirty+refaults+rdist,F+K,10,kv,test,1.0137,-0.0381,1,0
kv,rec+freq+ref+aging+sfreq+idle+age+dirty+refaults+rdist,F+K,10,kv,val,1.0104,-0.0289,1,0
kv,rec+freq+sd,F,3,kv,test,0.9583,0.1158,1,0
kv,rec+freq+sd,F,3,kv,val,0.9634,0.1019,1,0
kv,rec+freq+sd+ref+aging+sfreq+idle+age+dirty,F+K,9,kv,test,1.0214,-0.0595,1,0
kv,rec+freq+sd+ref+aging+sfreq+idle+age+dirty,F+K,9,kv,val,1.0285,-0.0792,1,0
kv,rec+freq+sd+ref+aging+sfreq+idle+age+dirty+refaults+rdist,F+K,11,kv,test,1.0238,-0.0661,1,0
kv,rec+freq+sd+ref+aging+sfreq+idle+age+dirty+refaults+rdist,F+K,11,kv,val,1.0171,-0.0477,1,0
kv,rec+freq+sd+wr,F,4,kv,test,0.9585,0.1153,1,0
kv,rec+freq+sd+wr,F,4,kv,val,0.9637,0.1011,1,0
kv,rec+freq+sd+wr+ref+aging+sfreq+idle+age+dirty,F+K,10,kv,test,1.0198,-0.0551,1,0
kv,rec+freq+sd+wr+ref+aging+sfreq+idle+age+dirty,F+K,10,kv,val,1.0243,-0.0676,1,0
kv,rec+freq+sd+wr+ref+aging+sfreq+idle+age+dirty+refaults+rdist,F+K,12,kv,test,1.0302,-0.0840,1,0
kv,rec+freq+sd+wr+ref+aging+sfreq+idle+age+dirty+refaults+rdist,F+K,12,kv,val,1.0200,-0.0555,1,0
kv,rec+freq+wr,F,3,kv,test,0.9593,0.1130,1,0
kv,rec+freq+wr,F,3,kv,val,0.9642,0.0996,1,0
kv,rec+freq+wr+ref+aging+sfreq+idle+age+dirty,F+K,9,kv,test,1.0085,-0.0236,1,0
kv,rec+freq+wr+ref+aging+sfreq+idle+age+dirty,F+K,9,kv,val,1.0173,-0.0481,1,0
kv,rec+freq+wr+ref+aging+sfreq+idle+age+dirty+refaults+rdist,F+K,11,kv,test,1.0179,-0.0496,1,0
kv,rec+freq+wr+ref+aging+sfreq+idle+age+dirty+refaults+rdist,F+K,11,kv,val,1.0161,-0.0448,1,0
kv,rec+ref+aging+sfreq+idle+age+dirty,F+K,7,kv,test,1.0046,-0.0127,1,0
kv,rec+ref+aging+sfreq+idle+age+dirty,F+K,7,kv,val,1.0060,-0.0168,1,0
kv,rec+ref+aging+sfreq+idle+age+dirty+refaults+rdist,F+K,9,kv,test,1.0061,-0.0169,1,0
kv,rec+ref+aging+sfreq+idle+age+dirty+refaults+rdist,F+K,9,kv,val,1.0110,-0.0307,1,0
kv,rec+sd,F,2,kv,test,0.9955,0.0124,1,0
kv,rec+sd,F,2,kv,val,0.9961,0.0109,1,0
kv,rec+sd+ref+aging+sfreq+idle+age+dirty,F+K,8,kv,test,1.0050,-0.0139,1,0
kv,rec+sd+ref+aging+sfreq+idle+age+dirty,F+K,8,kv,val,1.0081,-0.0225,1,0
kv,rec+sd+ref+aging+sfreq+idle+age+dirty+refaults+rdist,F+K,10,kv,test,1.0136,-0.0379,1,0
kv,rec+sd+ref+aging+sfreq+idle+age+dirty+refaults+rdist,F+K,10,kv,val,1.0256,-0.0711,1,0
kv,rec+sd+wr,F,3,kv,test,1.0032,-0.0088,1,0
kv,rec+sd+wr,F,3,kv,val,1.0050,-0.0139,1,0
kv,rec+sd+wr+ref+aging+sfreq+idle+age+dirty,F+K,9,kv,test,1.0031,-0.0085,1,0
kv,rec+sd+wr+ref+aging+sfreq+idle+age+dirty,F+K,9,kv,val,1.0015,-0.0043,1,0
kv,rec+sd+wr+ref+aging+sfreq+idle+age+dirty+refaults+rdist,F+K,11,kv,test,1.0169,-0.0471,1,0
kv,rec+sd+wr+ref+aging+sfreq+idle+age+dirty+refaults+rdist,F+K,11,kv,val,1.0239,-0.0665,1,0
kv,rec+wr,F,2,kv,test,0.9977,0.0064,1,0
kv,rec+wr,F,2,kv,val,0.9990,0.0029,1,0
kv,rec+wr+ref+aging+sfreq+idle+age+dirty,F+K,8,kv,test,1.0073,-0.0202,1,0
kv,rec+wr+ref+aging+sfreq+idle+age+dirty,F+K,8,kv,val,1.0054,-0.0150,1,0
kv,rec+wr+ref+aging+sfreq+idle+age+dirty+refaults+rdist,F+K,10,kv,test,1.0051,-0.0142,1,0
kv,rec+wr+ref+aging+sfreq+idle+age+dirty+refaults+rdist,F+K,10,kv,val,1.0103,-0.0285,1,0
kv,ref,K,1,kv,test,1.2287,-0.6354,1,0
kv,ref,K,1,kv,val,1.2129,-0.5924,1,0
kv,ref+age,K,2,kv,test,3.0000,-5.5578,1,1
kv,ref+age,K,2,kv,val,3.0000,-5.5644,1,1
kv,ref+age+dirty,K,3,kv,test,3.0000,-5.5578,1,1
kv,ref+age+dirty,K,3,kv,val,3.0000,-5.5644,1,1
kv,ref+age+dirty+rdist,K+K+,4,kv,test,3.0000,-5.5578,1,1
kv,ref+age+dirty+rdist,K+K+,4,kv,val,3.0000,-5.5644,1,1
kv,ref+age+dirty+refaults,K+K+,4,kv,test,3.0000,-5.5578,1,1
kv,ref+age+dirty+refaults,K+K+,4,kv,val,3.0000,-5.5644,1,1
kv,ref+age+dirty+refaults+rdist,K+K+,5,kv,test,3.0000,-5.5578,1,1
kv,ref+age+dirty+refaults+rdist,K+K+,5,kv,val,3.0000,-5.5644,1,1
kv,ref+age+rdist,K+K+,3,kv,test,3.0000,-5.5578,1,1
kv,ref+age+rdist,K+K+,3,kv,val,3.0000,-5.5644,1,1
kv,ref+age+refaults,K+K+,3,kv,test,3.0000,-5.5578,1,1
kv,ref+age+refaults,K+K+,3,kv,val,3.0000,-5.5644,1,1
kv,ref+age+refaults+rdist,K+K+,4,kv,test,3.0000,-5.5578,1,1
kv,ref+age+refaults+rdist,K+K+,4,kv,val,3.0000,-5.5644,1,1
kv,ref+aging,K,2,kv,test,1.0502,-0.1395,1,0
kv,ref+aging,K,2,kv,val,1.0527,-0.1466,1,0
kv,ref+aging+age,K,3,kv,test,3.0000,-5.5578,1,1
kv,ref+aging+age,K,3,kv,val,3.0000,-5.5644,1,1
kv,ref+aging+age+dirty,K,4,kv,test,3.0000,-5.5578,1,1
kv,ref+aging+age+dirty,K,4,kv,val,3.0000,-5.5644,1,1
kv,ref+aging+age+dirty+rdist,K+K+,5,kv,test,3.0000,-5.5578,1,1
kv,ref+aging+age+dirty+rdist,K+K+,5,kv,val,3.0000,-5.5644,1,1
kv,ref+aging+age+dirty+refaults,K+K+,5,kv,test,3.0000,-5.5578,1,1
kv,ref+aging+age+dirty+refaults,K+K+,5,kv,val,3.0000,-5.5644,1,1
kv,ref+aging+age+dirty+refaults+rdist,K+K+,6,kv,test,3.0000,-5.5578,1,1
kv,ref+aging+age+dirty+refaults+rdist,K+K+,6,kv,val,3.0000,-5.5644,1,1
kv,ref+aging+age+rdist,K+K+,4,kv,test,3.0000,-5.5578,1,1
kv,ref+aging+age+rdist,K+K+,4,kv,val,3.0000,-5.5644,1,1
kv,ref+aging+age+refaults,K+K+,4,kv,test,3.0000,-5.5578,1,1
kv,ref+aging+age+refaults,K+K+,4,kv,val,3.0000,-5.5644,1,1
kv,ref+aging+age+refaults+rdist,K+K+,5,kv,test,3.0000,-5.5578,1,1
kv,ref+aging+age+refaults+rdist,K+K+,5,kv,val,3.0000,-5.5644,1,1
kv,ref+aging+dirty,K,3,kv,test,1.0741,-0.2058,1,0
kv,ref+aging+dirty,K,3,kv,val,1.0772,-0.2147,1,0
kv,ref+aging+dirty+rdist,K+K+,4,kv,test,1.2491,-0.6923,1,0
kv,ref+aging+dirty+rdist,K+K+,4,kv,val,1.2483,-0.6908,1,0
kv,ref+aging+dirty+refaults,K+K+,4,kv,test,1.2077,-0.5773,1,0
kv,ref+aging+dirty+refaults,K+K+,4,kv,val,1.1301,-0.3618,1,0
kv,ref+aging+dirty+refaults+rdist,K+K+,5,kv,test,1.0402,-0.1117,1,0
kv,ref+aging+dirty+refaults+rdist,K+K+,5,kv,val,1.0556,-0.1547,1,0
kv,ref+aging+idle,K,3,kv,test,0.9953,0.0130,1,0
kv,ref+aging+idle,K,3,kv,val,0.9962,0.0107,1,0
kv,ref+aging+idle+age,K,4,kv,test,0.9549,0.1254,1,0
kv,ref+aging+idle+age,K,4,kv,val,0.9556,0.1236,1,0
kv,ref+aging+idle+age+dirty,K,5,kv,test,0.9449,0.1531,1,0
kv,ref+aging+idle+age+dirty,K,5,kv,val,0.9469,0.1477,1,0
kv,ref+aging+idle+age+dirty+rdist,K+K+,6,kv,test,0.9456,0.1511,1,0
kv,ref+aging+idle+age+dirty+rdist,K+K+,6,kv,val,0.9488,0.1423,1,0
kv,ref+aging+idle+age+dirty+refaults,K+K+,6,kv,test,0.9465,0.1488,1,0
kv,ref+aging+idle+age+dirty+refaults,K+K+,6,kv,val,0.9484,0.1437,1,0
kv,ref+aging+idle+age+dirty+refaults+rdist,K+K+,7,kv,test,0.9412,0.1633,1,0
kv,ref+aging+idle+age+dirty+refaults+rdist,K+K+,7,kv,val,0.9469,0.1477,1,0
kv,ref+aging+idle+age+rdist,K+K+,5,kv,test,0.9492,0.1411,1,0
kv,ref+aging+idle+age+rdist,K+K+,5,kv,val,0.9546,0.1264,1,0
kv,ref+aging+idle+age+refaults,K+K+,5,kv,test,0.9514,0.1351,1,0
kv,ref+aging+idle+age+refaults,K+K+,5,kv,val,0.9551,0.1248,1,0
kv,ref+aging+idle+age+refaults+rdist,K+K+,6,kv,test,0.9471,0.1470,1,0
kv,ref+aging+idle+age+refaults+rdist,K+K+,6,kv,val,0.9510,0.1364,1,0
kv,ref+aging+idle+dirty,K,4,kv,test,0.9979,0.0059,1,0
kv,ref+aging+idle+dirty,K,4,kv,val,0.9984,0.0046,1,0
kv,ref+aging+idle+dirty+rdist,K+K+,5,kv,test,0.9419,0.1614,1,0
kv,ref+aging+idle+dirty+rdist,K+K+,5,kv,val,0.9502,0.1386,1,0
kv,ref+aging+idle+dirty+refaults,K+K+,5,kv,test,0.9958,0.0116,1,0
kv,ref+aging+idle+dirty+refaults,K+K+,5,kv,val,0.9959,0.0114,1,0
kv,ref+aging+idle+dirty+refaults+rdist,K+K+,6,kv,test,0.9361,0.1775,1,0
kv,ref+aging+idle+dirty+refaults+rdist,K+K+,6,kv,val,0.9412,0.1636,1,0
kv,ref+aging+idle+rdist,K+K+,4,kv,test,0.9409,0.1643,1,0
kv,ref+aging+idle+rdist,K+K+,4,kv,val,0.9495,0.1406,1,0
kv,ref+aging+idle+refaults,K+K+,4,kv,test,0.9941,0.0165,1,0
kv,ref+aging+idle+refaults,K+K+,4,kv,val,0.9942,0.0160,1,0
kv,ref+aging+idle+refaults+rdist,K+K+,5,kv,test,0.9339,0.1836,1,0
kv,ref+aging+idle+refaults+rdist,K+K+,5,kv,val,0.9396,0.1681,1,0
kv,ref+aging+rdist,K+K+,3,kv,test,1.2427,-0.6745,1,0
kv,ref+aging+rdist,K+K+,3,kv,val,1.2436,-0.6776,1,0
kv,ref+aging+refaults,K+K+,3,kv,test,0.9716,0.0789,1,0
kv,ref+aging+refaults,K+K+,3,kv,val,0.9830,0.0472,1,0
kv,ref+aging+refaults+rdist,K+K+,4,kv,test,1.0339,-0.0943,1,0
kv,ref+aging+refaults+rdist,K+K+,4,kv,val,1.0372,-0.1036,1,0
kv,ref+aging+sfreq,K,3,kv,test,3.0000,-5.5578,1,1
kv,ref+aging+sfreq,K,3,kv,val,3.0000,-5.5644,1,1
kv,ref+aging+sfreq+age,K,4,kv,test,1.6332,-1.7596,1,0
kv,ref+aging+sfreq+age,K,4,kv,val,1.9517,-2.6479,1,0
kv,ref+aging+sfreq+age+dirty,K,5,kv,test,1.6451,-1.7925,1,0
kv,ref+aging+sfreq+age+dirty,K,5,kv,val,1.6563,-1.8261,1,0
kv,ref+aging+sfreq+age+dirty+rdist,K+K+,6,kv,test,1.6529,-1.8144,1,0
kv,ref+aging+sfreq+age+dirty+rdist,K+K+,6,kv,val,1.6649,-1.8499,1,0
kv,ref+aging+sfreq+age+dirty+refaults,K+K+,6,kv,test,1.6180,-1.7174,1,0
kv,ref+aging+sfreq+age+dirty+refaults,K+K+,6,kv,val,1.6306,-1.7546,1,0
kv,ref+aging+sfreq+age+dirty+refaults+rdist,K+K+,7,kv,test,1.5702,-1.5844,1,0
kv,ref+aging+sfreq+age+dirty+refaults+rdist,K+K+,7,kv,val,1.5627,-1.5656,1,0
kv,ref+aging+sfreq+age+rdist,K+K+,5,kv,test,1.6170,-1.7145,1,0
kv,ref+aging+sfreq+age+rdist,K+K+,5,kv,val,1.5967,-1.6602,1,0
kv,ref+aging+sfreq+age+refaults,K+K+,5,kv,test,1.6301,-1.7510,1,0
kv,ref+aging+sfreq+age+refaults,K+K+,5,kv,val,1.6868,-1.9108,1,0
kv,ref+aging+sfreq+age+refaults+rdist,K+K+,6,kv,test,1.5139,-1.4280,1,0
kv,ref+aging+sfreq+age+refaults+rdist,K+K+,6,kv,val,1.5188,-1.4434,1,0
kv,ref+aging+sfreq+dirty,K,4,kv,test,3.0000,-5.5578,1,1
kv,ref+aging+sfreq+dirty,K,4,kv,val,3.0000,-5.5644,1,1
kv,ref+aging+sfreq+dirty+rdist,K+K+,5,kv,test,3.0000,-5.5578,1,1
kv,ref+aging+sfreq+dirty+rdist,K+K+,5,kv,val,3.0000,-5.5644,1,1
kv,ref+aging+sfreq+dirty+refaults,K+K+,5,kv,test,1.8071,-2.2429,1,0
kv,ref+aging+sfreq+dirty+refaults,K+K+,5,kv,val,1.7809,-2.1726,1,0
kv,ref+aging+sfreq+dirty+refaults+rdist,K+K+,6,kv,test,1.7519,-2.0893,1,0
kv,ref+aging+sfreq+dirty+refaults+rdist,K+K+,6,kv,val,1.7918,-2.2028,1,0
kv,ref+aging+sfreq+idle,K,4,kv,test,1.0208,-0.0578,1,0
kv,ref+aging+sfreq+idle,K,4,kv,val,1.0216,-0.0601,1,0
kv,ref+aging+sfreq+idle+age,K,5,kv,test,0.9884,0.0322,1,0
kv,ref+aging+sfreq+idle+age,K,5,kv,val,0.9858,0.0396,1,0
kv,ref+aging+sfreq+idle+age+dirty,K,6,kv,test,0.9865,0.0374,1,0
kv,ref+aging+sfreq+idle+age+dirty,K,6,kv,val,0.9860,0.0388,1,0
kv,ref+aging+sfreq+idle+age+dirty+rdist,K+K+,7,kv,test,1.0131,-0.0364,1,0
kv,ref+aging+sfreq+idle+age+dirty+rdist,K+K+,7,kv,val,1.0146,-0.0406,1,0
kv,ref+aging+sfreq+idle+age+dirty+refaults,K+K+,7,kv,test,0.9908,0.0256,1,0
kv,ref+aging+sfreq+idle+age+dirty+refaults,K+K+,7,kv,val,0.9933,0.0186,1,0
kv,ref+aging+sfreq+idle+age+dirty+refaults+rdist,K+K+,8,kv,test,0.9966,0.0093,1,0
kv,ref+aging+sfreq+idle+age+dirty+refaults+rdist,K+K+,8,kv,val,0.9937,0.0175,1,0
kv,ref+aging+sfreq+idle+age+rdist,K+K+,6,kv,test,1.0093,-0.0258,1,0
kv,ref+aging+sfreq+idle+age+rdist,K+K+,6,kv,val,1.0109,-0.0303,1,0
kv,ref+aging+sfreq+idle+age+refaults,K+K+,6,kv,test,0.9821,0.0496,1,0
kv,ref+aging+sfreq+idle+age+refaults,K+K+,6,kv,val,0.9839,0.0448,1,0
kv,ref+aging+sfreq+idle+age+refaults+rdist,K+K+,7,kv,test,0.9867,0.0370,1,0
kv,ref+aging+sfreq+idle+age+refaults+rdist,K+K+,7,kv,val,0.9863,0.0380,1,0
kv,ref+aging+sfreq+idle+dirty,K,5,kv,test,1.0283,-0.0787,1,0
kv,ref+aging+sfreq+idle+dirty,K,5,kv,val,1.0243,-0.0677,1,0
kv,ref+aging+sfreq+idle+dirty+rdist,K+K+,6,kv,test,1.0452,-0.1255,1,0
kv,ref+aging+sfreq+idle+dirty+rdist,K+K+,6,kv,val,1.0400,-0.1112,1,0
kv,ref+aging+sfreq+idle+dirty+refaults,K+K+,6,kv,test,1.0402,-0.1118,1,0
kv,ref+aging+sfreq+idle+dirty+refaults,K+K+,6,kv,val,1.0469,-0.1304,1,0
kv,ref+aging+sfreq+idle+dirty+refaults+rdist,K+K+,7,kv,test,1.0440,-0.1223,1,0
kv,ref+aging+sfreq+idle+dirty+refaults+rdist,K+K+,7,kv,val,1.0437,-0.1216,1,0
kv,ref+aging+sfreq+idle+rdist,K+K+,5,kv,test,1.0376,-0.1044,1,0
kv,ref+aging+sfreq+idle+rdist,K+K+,5,kv,val,1.0412,-0.1147,1,0
kv,ref+aging+sfreq+idle+refaults,K+K+,5,kv,test,1.0148,-0.0412,1,0
kv,ref+aging+sfreq+idle+refaults,K+K+,5,kv,val,1.0168,-0.0469,1,0
kv,ref+aging+sfreq+idle+refaults+rdist,K+K+,6,kv,test,1.0143,-0.0398,1,0
kv,ref+aging+sfreq+idle+refaults+rdist,K+K+,6,kv,val,1.0193,-0.0536,1,0
kv,ref+aging+sfreq+rdist,K+K+,4,kv,test,3.0000,-5.5578,1,1
kv,ref+aging+sfreq+rdist,K+K+,4,kv,val,3.0000,-5.5644,1,1
kv,ref+aging+sfreq+refaults,K+K+,4,kv,test,1.8774,-2.4382,1,0
kv,ref+aging+sfreq+refaults,K+K+,4,kv,val,1.9152,-2.5463,1,0
kv,ref+aging+sfreq+refaults+rdist,K+K+,5,kv,test,1.7128,-1.9808,1,0
kv,ref+aging+sfreq+refaults+rdist,K+K+,5,kv,val,1.8014,-2.2297,1,0
kv,ref+dirty,K,2,kv,test,3.0000,-5.5578,1,1
kv,ref+dirty,K,2,kv,val,3.0000,-5.5644,1,1
kv,ref+dirty+rdist,K+K+,3,kv,test,3.0000,-5.5578,1,1
kv,ref+dirty+rdist,K+K+,3,kv,val,3.0000,-5.5644,1,1
kv,ref+dirty+refaults,K+K+,3,kv,test,1.3649,-1.0140,1,0
kv,ref+dirty+refaults,K+K+,3,kv,val,1.3465,-0.9639,1,0
kv,ref+dirty+refaults+rdist,K+K+,4,kv,test,1.1710,-0.4752,1,0
kv,ref+dirty+refaults+rdist,K+K+,4,kv,val,1.1934,-0.5381,1,0
kv,ref+idle,K,2,kv,test,0.9953,0.0131,1,0
kv,ref+idle,K,2,kv,val,0.9961,0.0108,1,0
kv,ref+idle+age,K,3,kv,test,0.9538,0.1283,1,0
kv,ref+idle+age,K,3,kv,val,0.9550,0.1252,1,0
kv,ref+idle+age+dirty,K,4,kv,test,0.9430,0.1583,1,0
kv,ref+idle+age+dirty,K,4,kv,val,0.9458,0.1509,1,0
kv,ref+idle+age+dirty+rdist,K+K+,5,kv,test,0.9487,0.1427,1,0
kv,ref+idle+age+dirty+rdist,K+K+,5,kv,val,0.9525,0.1323,1,0
kv,ref+idle+age+dirty+refaults,K+K+,5,kv,test,0.9455,0.1514,1,0
kv,ref+idle+age+dirty+refaults,K+K+,5,kv,val,0.9477,0.1455,1,0
kv,ref+idle+age+dirty+refaults+rdist,K+K+,6,kv,test,0.9438,0.1561,1,0
kv,ref+idle+age+dirty+refaults+rdist,K+K+,6,kv,val,0.9448,0.1536,1,0
kv,ref+idle+age+rdist,K+K+,4,kv,test,0.9543,0.1270,1,0
kv,ref+idle+age+rdist,K+K+,4,kv,val,0.9576,0.1181,1,0
kv,ref+idle+age+refaults,K+K+,4,kv,test,0.9513,0.1354,1,0
kv,ref+idle+age+refaults,K+K+,4,kv,val,0.9535,0.1294,1,0
kv,ref+idle+age+refaults+rdist,K+K+,5,kv,test,0.9495,0.1404,1,0
kv,ref+idle+age+refaults+rdist,K+K+,5,kv,val,0.9500,0.1390,1,0
kv,ref+idle+dirty,K,3,kv,test,0.9980,0.0057,1,0
kv,ref+idle+dirty,K,3,kv,val,0.9987,0.0036,1,0
kv,ref+idle+dirty+rdist,K+K+,4,kv,test,0.9432,0.1577,1,0
kv,ref+idle+dirty+rdist,K+K+,4,kv,val,0.9491,0.1415,1,0
kv,ref+idle+dirty+refaults,K+K+,4,kv,test,0.9957,0.0119,1,0
kv,ref+idle+dirty+refaults,K+K+,4,kv,val,0.9958,0.0116,1,0
kv,ref+idle+dirty+refaults+rdist,K+K+,5,kv,test,0.9341,0.1831,1,0
kv,ref+idle+dirty+refaults+rdist,K+K+,5,kv,val,0.9379,0.1729,1,0
kv,ref+idle+rdist,K+K+,3,kv,test,0.9412,0.1633,1,0
kv,ref+idle+rdist,K+K+,3,kv,val,0.9464,0.1491,1,0
kv,ref+idle+refaults,K+K+,3,kv,test,0.9938,0.0174,1,0
kv,ref+idle+refaults,K+K+,3,kv,val,0.9938,0.0173,1,0
kv,ref+idle+refaults+rdist,K+K+,4,kv,test,0.9304,0.1934,1,0
kv,ref+idle+refaults+rdist,K+K+,4,kv,val,0.9378,0.1730,1,0
kv,ref+rdist,K+K+,2,kv,test,3.0000,-5.5578,1,1
kv,ref+rdist,K+K+,2,kv,val,3.0000,-5.5644,1,1
kv,ref+refaults,K+K+,2,kv,test,1.0348,-0.0968,1,0
kv,ref+refaults,K+K+,2,kv,val,1.0407,-0.1132,1,0
kv,ref+refaults+rdist,K+K+,3,kv,test,1.0898,-0.2494,1,0
kv,ref+refaults+rdist,K+K+,3,kv,val,1.0971,-0.2701,1,0
kv,ref+sfreq,K,2,kv,test,3.0000,-5.5578,1,1
kv,ref+sfreq,K,2,kv,val,3.0000,-5.5644,1,1
kv,ref+sfreq+age,K,3,kv,test,1.9628,-2.6754,1,0
kv,ref+sfreq+age,K,3,kv,val,2.1146,-3.1009,1,0
kv,ref+sfreq+age+dirty,K,4,kv,test,1.4929,-1.3696,1,0
kv,ref+sfreq+age+dirty,K,4,kv,val,2.4674,-4.0825,1,0
kv,ref+sfreq+age+dirty+rdist,K+K+,5,kv,test,1.6945,-1.9300,1,0
kv,ref+sfreq+age+dirty+rdist,K+K+,5,kv,val,1.6529,-1.8165,1,0
kv,ref+sfreq+age+dirty+refaults,K+K+,5,kv,test,1.6288,-1.7472,1,0
kv,ref+sfreq+age+dirty+refaults,K+K+,5,kv,val,1.6227,-1.7326,1,0
kv,ref+sfreq+age+dirty+refaults+rdist,K+K+,6,kv,test,1.5654,-1.5712,1,0
kv,ref+sfreq+age+dirty+refaults+rdist,K+K+,6,kv,val,1.5659,-1.5743,1,0
kv,ref+sfreq+age+rdist,K+K+,4,kv,test,1.6297,-1.7499,1,0
kv,ref+sfreq+age+rdist,K+K+,4,kv,val,1.5874,-1.6342,1,0
kv,ref+sfreq+age+refaults,K+K+,4,kv,test,1.6363,-1.7681,1,0
kv,ref+sfreq+age+refaults,K+K+,4,kv,val,1.6686,-1.8602,1,0
kv,ref+sfreq+age+refaults+rdist,K+K+,5,kv,test,1.5202,-1.4456,1,0
kv,ref+sfreq+age+refaults+rdist,K+K+,5,kv,val,1.5679,-1.5801,1,0
kv,ref+sfreq+dirty,K,3,kv,test,3.0000,-5.5578,1,1
kv,ref+sfreq+dirty,K,3,kv,val,3.0000,-5.5644,1,1
kv,ref+sfreq+dirty+rdist,K+K+,4,kv,test,3.0000,-5.5578,1,1
kv,ref+sfreq+dirty+rdist,K+K+,4,kv,val,3.0000,-5.5644,1,1
kv,ref+sfreq+dirty+refaults,K+K+,4,kv,test,2.0302,-2.8627,1,0
kv,ref+sfreq+dirty+refaults,K+K+,4,kv,val,2.0194,-2.8361,1,0
kv,ref+sfreq+dirty+refaults+rdist,K+K+,5,kv,test,1.8811,-2.4485,1,0
kv,ref+sfreq+dirty+refaults+rdist,K+K+,5,kv,val,1.8690,-2.4178,1,0
kv,ref+sfreq+idle,K,3,kv,test,1.0701,-0.1947,1,0
kv,ref+sfreq+idle,K,3,kv,val,1.0644,-0.1791,1,0
kv,ref+sfreq+idle+age,K,4,kv,test,0.9926,0.0205,1,0
kv,ref+sfreq+idle+age,K,4,kv,val,0.9912,0.0245,1,0
kv,ref+sfreq+idle+age+dirty,K,5,kv,test,0.9873,0.0352,1,0
kv,ref+sfreq+idle+age+dirty,K,5,kv,val,0.9872,0.0356,1,0
kv,ref+sfreq+idle+age+dirty+rdist,K+K+,6,kv,test,1.0258,-0.0717,1,0
kv,ref+sfreq+idle+age+dirty+rdist,K+K+,6,kv,val,1.0250,-0.0695,1,0
kv,ref+sfreq+idle+age+dirty+refaults,K+K+,6,kv,test,0.9919,0.0224,1,0
kv,ref+sfreq+idle+age+dirty+refaults,K+K+,6,kv,val,0.9929,0.0199,1,0
kv,ref+sfreq+idle+age+dirty+refaults+rdist,K+K+,7,kv,test,0.9979,0.0058,1,0
kv,ref+sfreq+idle+age+dirty+refaults+rdist,K+K+,7,kv,val,0.9985,0.0042,1,0
kv,ref+sfreq+idle+age+rdist,K+K+,5,kv,test,1.0248,-0.0688,1,0
kv,ref+sfreq+idle+age+rdist,K+K+,5,kv,val,1.0235,-0.0654,1,0
kv,ref+sfreq+idle+age+refaults,K+K+,5,kv,test,0.9835,0.0459,1,0
kv,ref+sfreq+idle+age+refaults,K+K+,5,kv,val,0.9858,0.0395,1,0
kv,ref+sfreq+idle+age+refaults+rdist,K+K+,6,kv,test,0.9911,0.0249,1,0
kv,ref+sfreq+idle+age+refaults+rdist,K+K+,6,kv,val,0.9921,0.0220,1,0
kv,ref+sfreq+idle+dirty,K,4,kv,test,1.0705,-0.1960,1,0
kv,ref+sfreq+idle+dirty,K,4,kv,val,1.0726,-0.2021,1,0
kv,ref+sfreq+idle+dirty+rdist,K+K+,5,kv,test,1.0801,-0.2227,1,0
kv,ref+sfreq+idle+dirty+rdist,K+K+,5,kv,val,1.0830,-0.2310,1,0
kv,ref+sfreq+idle+dirty+refaults,K+K+,5,kv,test,1.0647,-0.1799,1,0
kv,ref+sfreq+idle+dirty+refaults,K+K+,5,kv,val,1.0696,-0.1937,1,0
kv,ref+sfreq+idle+dirty+refaults+rdist,K+K+,6,kv,test,1.0607,-0.1686,1,0
kv,ref+sfreq+idle+dirty+refaults+rdist,K+K+,6,kv,val,1.0714,-0.1987,1,0
kv,ref+sfreq+idle+rdist,K+K+,4,kv,test,1.0755,-0.2099,1,0
kv,ref+sfreq+idle+rdist,K+K+,4,kv,val,1.0788,-0.2193,1,0
kv,ref+sfreq+idle+refaults,K+K+,4,kv,test,1.0393,-0.1091,1,0
kv,ref+sfreq+idle+refaults,K+K+,4,kv,val,1.0459,-0.1278,1,0
kv,ref+sfreq+idle+refaults+rdist,K+K+,5,kv,test,1.0415,-0.1154,1,0
kv,ref+sfreq+idle+refaults+rdist,K+K+,5,kv,val,1.0446,-0.1240,1,0
kv,ref+sfreq+rdist,K+K+,3,kv,test,3.0000,-5.5578,1,1
kv,ref+sfreq+rdist,K+K+,3,kv,val,3.0000,-5.5644,1,1
kv,ref+sfreq+refaults,K+K+,3,kv,test,2.1169,-3.1039,1,0
kv,ref+sfreq+refaults,K+K+,3,kv,val,2.1944,-3.3231,1,0
kv,ref+sfreq+refaults+rdist,K+K+,4,kv,test,1.8722,-2.4236,1,0
kv,ref+sfreq+refaults+rdist,K+K+,4,kv,val,1.8598,-2.3922,1,0
kv,refaults,K+K+,1,kv,test,1.1067,-0.2966,1,0
kv,refaults,K+K+,1,kv,val,1.1084,-0.3017,1,0
kv,refaults+rdist,K+K+,2,kv,test,1.3565,-0.9907,1,0
kv,refaults+rdist,K+K+,2,kv,val,1.3604,-1.0027,1,0
kv,sd,F,1,kv,test,0.9945,0.0153,1,0
kv,sd,F,1,kv,val,0.9952,0.0134,1,0
kv,sd+ref+aging+sfreq+idle+age+dirty,F+K,7,kv,test,1.1182,-0.3285,1,0
kv,sd+ref+aging+sfreq+idle+age+dirty,F+K,7,kv,val,1.1696,-0.4720,1,0
kv,sd+ref+aging+sfreq+idle+age+dirty+refaults+rdist,F+K,9,kv,test,1.1136,-0.3157,1,0
kv,sd+ref+aging+sfreq+idle+age+dirty+refaults+rdist,F+K,9,kv,val,1.1046,-0.2911,1,0
kv,sd+wr,F,2,kv,test,0.9963,0.0104,1,0
kv,sd+wr,F,2,kv,val,0.9971,0.0082,1,0
kv,sd+wr+ref+aging+sfreq+idle+age+dirty,F+K,8,kv,test,1.1175,-0.3265,1,0
kv,sd+wr+ref+aging+sfreq+idle+age+dirty,F+K,8,kv,val,1.2231,-0.6208,1,0
kv,sd+wr+ref+aging+sfreq+idle+age+dirty+refaults+rdist,F+K,10,kv,test,1.0985,-0.2737,1,0
kv,sd+wr+ref+aging+sfreq+idle+age+dirty+refaults+rdist,F+K,10,kv,val,1.1098,-0.3054,1,0
kv,sfreq,K,1,kv,test,3.0000,-5.5578,1,1
kv,sfreq,K,1,kv,val,3.0000,-5.5644,1,1
kv,sfreq+age,K,2,kv,test,2.0789,-2.9981,1,0
kv,sfreq+age,K,2,kv,val,2.1333,-3.1530,1,0
kv,sfreq+age+dirty,K,3,kv,test,1.6315,-1.7549,1,0
kv,sfreq+age+dirty,K,3,kv,val,2.1245,-3.1287,1,0
kv,sfreq+age+dirty+rdist,K+K+,4,kv,test,1.8263,-2.2961,1,0
kv,sfreq+age+dirty+rdist,K+K+,4,kv,val,2.0278,-2.8594,1,0
kv,sfreq+age+dirty+refaults,K+K+,4,kv,test,1.6672,-1.8541,1,0
kv,sfreq+age+dirty+refaults,K+K+,4,kv,val,1.6895,-1.9182,1,0
kv,sfreq+age+dirty+refaults+rdist,K+K+,5,kv,test,1.6082,-1.6901,1,0
kv,sfreq+age+dirty+refaults+rdist,K+K+,5,kv,val,1.6326,-1.7601,1,0
kv,sfreq+age+rdist,K+K+,3,kv,test,1.6228,-1.7308,1,0
kv,sfreq+age+rdist,K+K+,3,kv,val,1.6337,-1.7631,1,0
kv,sfreq+age+refaults,K+K+,3,kv,test,1.7020,-1.9506,1,0
kv,sfreq+age+refaults,K+K+,3,kv,val,1.7172,-1.9955,1,0
kv,sfreq+age+refaults+rdist,K+K+,4,kv,test,1.5913,-1.6431,1,0
kv,sfreq+age+refaults+rdist,K+K+,4,kv,val,1.5904,-1.6425,1,0
kv,sfreq+dirty,K,2,kv,test,3.0000,-5.5578,1,1
kv,sfreq+dirty,K,2,kv,val,3.0000,-5.5644,1,1
kv,sfreq+dirty+rdist,K+K+,3,kv,test,3.0000,-5.5578,1,1
kv,sfreq+dirty+rdist,K+K+,3,kv,val,3.0000,-5.5644,1,1
kv,sfreq+dirty+refaults,K+K+,3,kv,test,2.6943,-4.7084,1,0
kv,sfreq+dirty+refaults,K+K+,3,kv,val,2.8632,-5.1838,1,0
kv,sfreq+dirty+refaults+rdist,K+K+,4,kv,test,2.3716,-3.8114,1,0
kv,sfreq+dirty+refaults+rdist,K+K+,4,kv,val,2.3421,-3.7339,1,0
kv,sfreq+idle,K,2,kv,test,1.0836,-0.2323,1,0
kv,sfreq+idle,K,2,kv,val,1.0799,-0.2222,1,0
kv,sfreq+idle+age,K,3,kv,test,1.0114,-0.0316,1,0
kv,sfreq+idle+age,K,3,kv,val,1.0093,-0.0260,1,0
kv,sfreq+idle+age+dirty,K,4,kv,test,1.0106,-0.0296,1,0
kv,sfreq+idle+age+dirty,K,4,kv,val,1.0054,-0.0150,1,0
kv,sfreq+idle+age+dirty+rdist,K+K+,5,kv,test,1.0447,-0.1242,1,0
kv,sfreq+idle+age+dirty+rdist,K+K+,5,kv,val,1.0436,-0.1213,1,0
kv,sfreq+idle+age+dirty+refaults,K+K+,5,kv,test,1.0027,-0.0076,1,0
kv,sfreq+idle+age+dirty+refaults,K+K+,5,kv,val,1.0092,-0.0255,1,0
kv,sfreq+idle+age+dirty+refaults+rdist,K+K+,6,kv,test,1.0053,-0.0146,1,0
kv,sfreq+idle+age+dirty+refaults+rdist,K+K+,6,kv,val,1.0204,-0.0568,1,0
kv,sfreq+idle+age+rdist,K+K+,4,kv,test,1.0432,-0.1201,1,0
kv,sfreq+idle+age+rdist,K+K+,4,kv,val,1.0469,-0.1305,1,0
kv,sfreq+idle+age+refaults,K+K+,4,kv,test,0.9938,0.0174,1,0
kv,sfreq+idle+age+refaults,K+K+,4,kv,val,1.0027,-0.0075,1,0
kv,sfreq+idle+age+refaults+rdist,K+K+,5,kv,test,0.9986,0.0039,1,0
kv,sfreq+idle+age+refaults+rdist,K+K+,5,kv,val,1.0055,-0.0153,1,0
kv,sfreq+idle+dirty,K,3,kv,test,1.0911,-0.2531,1,0
kv,sfreq+idle+dirty,K,3,kv,val,1.0863,-0.2402,1,0
kv,sfreq+idle+dirty+rdist,K+K+,4,kv,test,1.0975,-0.2709,1,0
kv,sfreq+idle+dirty+rdist,K+K+,4,kv,val,1.0993,-0.2761,1,0
kv,sfreq+idle+dirty+refaults,K+K+,4,kv,test,1.0733,-0.2036,1,0
kv,sfreq+idle+dirty+refaults,K+K+,4,kv,val,1.0825,-0.2296,1,0
kv,sfreq+idle+dirty+refaults+rdist,K+K+,5,kv,test,1.0808,-0.2246,1,0
kv,sfreq+idle+dirty+refaults+rdist,K+K+,5,kv,val,1.0820,-0.2280,1,0
kv,sfreq+idle+rdist,K+K+,3,kv,test,1.0895,-0.2487,1,0
kv,sfreq+idle+rdist,K+K+,3,kv,val,1.0911,-0.2535,1,0
kv,sfreq+idle+refaults,K+K+,3,kv,test,1.0537,-0.1492,1,0
kv,sfreq+idle+refaults,K+K+,3,kv,val,1.0566,-0.1574,1,0
kv,sfreq+idle+refaults+rdist,K+K+,4,kv,test,1.0515,-0.1430,1,0
kv,sfreq+idle+refaults+rdist,K+K+,4,kv,val,1.0511,-0.1421,1,0
kv,sfreq+rdist,K+K+,2,kv,test,3.0000,-5.5578,1,1
kv,sfreq+rdist,K+K+,2,kv,val,3.0000,-5.5644,1,1
kv,sfreq+refaults,K+K+,2,kv,test,2.7266,-4.7980,1,0
kv,sfreq+refaults,K+K+,2,kv,val,2.8379,-5.1133,1,0
kv,sfreq+refaults+rdist,K+K+,3,kv,test,2.3731,-3.8156,1,0
kv,sfreq+refaults+rdist,K+K+,3,kv,val,2.3475,-3.7490,1,0
kv,wr,F,1,kv,test,3.0000,-5.5578,1,1
kv,wr,F,1,kv,val,3.0000,-5.5644,1,1
kv,wr+ref+aging+sfreq+idle+age+dirty,F+K,7,kv,test,0.9852,0.0411,1,0
kv,wr+ref+aging+sfreq+idle+age+dirty,F+K,7,kv,val,0.9845,0.0432,1,0
kv,wr+ref+aging+sfreq+idle+age+dirty+refaults+rdist,F+K,9,kv,test,0.9964,0.0099,1,0
kv,wr+ref+aging+sfreq+idle+age+dirty+refaults+rdist,F+K,9,kv,val,0.9921,0.0221,1,0
matmul,age,K,1,matmul,heldout,3.0000,-12.8420,2,2
matmul,age+dirty,K,2,matmul,heldout,3.0000,-12.8420,2,2
matmul,age+dirty+rdist,K+K+,3,matmul,heldout,3.0000,-12.8420,2,2
matmul,age+dirty+refaults,K+K+,3,matmul,heldout,3.0000,-12.8420,2,2
matmul,age+dirty+refaults+rdist,K+K+,4,matmul,heldout,3.0000,-12.8420,2,2
matmul,age+rdist,K+K+,2,matmul,heldout,3.0000,-12.8420,2,2
matmul,age+refaults,K+K+,2,matmul,heldout,3.0000,-12.8420,2,2
matmul,age+refaults+rdist,K+K+,3,matmul,heldout,3.0000,-12.8420,2,2
matmul,aging,K,1,matmul,heldout,0.9990,0.0072,2,0
matmul,aging+age,K,2,matmul,heldout,1.7333,-5.3393,2,1
matmul,aging+age+dirty,K,3,matmul,heldout,2.3632,-8.5680,2,1
matmul,aging+age+dirty+rdist,K+K+,4,matmul,heldout,3.0000,-12.8420,2,2
matmul,aging+age+dirty+refaults,K+K+,4,matmul,heldout,3.0000,-12.8420,2,2
matmul,aging+age+dirty+refaults+rdist,K+K+,5,matmul,heldout,3.0000,-12.8420,2,2
matmul,aging+age+rdist,K+K+,3,matmul,heldout,3.0000,-12.8420,2,2
matmul,aging+age+refaults,K+K+,3,matmul,heldout,1.7335,-5.3402,2,1
matmul,aging+age+refaults+rdist,K+K+,4,matmul,heldout,3.0000,-12.8420,2,2
matmul,aging+dirty,K,2,matmul,heldout,0.9990,0.0072,2,0
matmul,aging+dirty+rdist,K+K+,3,matmul,heldout,1.5719,-7.0378,2,1
matmul,aging+dirty+refaults,K+K+,3,matmul,heldout,0.9990,0.0072,2,0
matmul,aging+dirty+refaults+rdist,K+K+,4,matmul,heldout,1.5719,-7.0378,2,1
matmul,aging+idle,K,2,matmul,heldout,0.9990,0.0072,2,0
matmul,aging+idle+age,K,3,matmul,heldout,1.7335,-5.3402,2,1
matmul,aging+idle+age+dirty,K,4,matmul,heldout,0.9990,0.0072,2,0
matmul,aging+idle+age+dirty+rdist,K+K+,5,matmul,heldout,0.9427,0.2865,2,0
matmul,aging+idle+age+dirty+refaults,K+K+,5,matmul,heldout,1.0004,-0.0027,2,0
matmul,aging+idle+age+dirty+refaults+rdist,K+K+,6,matmul,heldout,0.9414,0.2974,2,0
matmul,aging+idle+age+rdist,K+K+,4,matmul,heldout,3.0000,-12.8420,2,2
matmul,aging+idle+age+refaults,K+K+,4,matmul,heldout,1.0006,-0.0045,2,0
matmul,aging+idle+age+refaults+rdist,K+K+,5,matmul,heldout,0.9304,0.3755,2,0
matmul,aging+idle+dirty,K,3,matmul,heldout,0.9990,0.0072,2,0
matmul,aging+idle+dirty+rdist,K+K+,4,matmul,heldout,0.9994,-0.0039,2,0
matmul,aging+idle+dirty+refaults,K+K+,4,matmul,heldout,0.9990,0.0072,2,0
matmul,aging+idle+dirty+refaults+rdist,K+K+,5,matmul,heldout,0.9133,0.5189,2,0
matmul,aging+idle+rdist,K+K+,3,matmul,heldout,0.9208,0.4498,2,0
matmul,aging+idle+refaults,K+K+,3,matmul,heldout,0.9990,0.0072,2,0
matmul,aging+idle+refaults+rdist,K+K+,4,matmul,heldout,2.2200,-9.2223,2,1
matmul,aging+rdist,K+K+,2,matmul,heldout,0.9208,0.4498,2,0
matmul,aging+refaults,K+K+,2,matmul,heldout,0.9711,0.1542,2,0
matmul,aging+refaults+rdist,K+K+,3,matmul,heldout,0.9617,0.1262,2,0
matmul,aging+sfreq,K,2,matmul,heldout,1.7335,-5.3402,2,1
matmul,aging+sfreq+age,K,3,matmul,heldout,0.9382,0.3228,2,0
matmul,aging+sfreq+age+dirty,K,4,matmul,heldout,0.9382,0.3228,2,0
matmul,aging+sfreq+age+dirty+rdist,K+K+,5,matmul,heldout,3.0000,-12.8420,2,2
matmul,aging+sfreq+age+dirty+refaults,K+K+,5,matmul,heldout,1.1785,-2.0803,2,0
matmul,aging+sfreq+age+dirty+refaults+rdist,K+K+,6,matmul,heldout,3.0000,-12.8420,2,2
matmul,aging+sfreq+age+rdist,K+K+,4,matmul,heldout,3.0000,-12.8420,2,2
matmul,aging+sfreq+age+refaults,K+K+,4,matmul,heldout,1.1785,-2.0806,2,0
matmul,aging+sfreq+age+refaults+rdist,K+K+,5,matmul,heldout,3.0000,-12.8420,2,2
matmul,aging+sfreq+dirty,K,3,matmul,heldout,2.3632,-8.5680,2,1
matmul,aging+sfreq+dirty+rdist,K+K+,4,matmul,heldout,3.0000,-12.8420,2,2
matmul,aging+sfreq+dirty+refaults,K+K+,4,matmul,heldout,3.0000,-12.8420,2,2
matmul,aging+sfreq+dirty+refaults+rdist,K+K+,5,matmul,heldout,3.0000,-12.8420,2,2
matmul,aging+sfreq+idle,K,3,matmul,heldout,1.7335,-5.3402,2,1
matmul,aging+sfreq+idle+age,K,4,matmul,heldout,0.9382,0.3228,2,0
matmul,aging+sfreq+idle+age+dirty,K,5,matmul,heldout,0.9199,0.4674,2,0
matmul,aging+sfreq+idle+age+dirty+rdist,K+K+,6,matmul,heldout,3.0000,-12.8420,2,2
matmul,aging+sfreq+idle+age+dirty+refaults,K+K+,6,matmul,heldout,0.8921,0.6119,2,0
matmul,aging+sfreq+idle+age+dirty+refaults+rdist,K+K+,7,matmul,heldout,0.8958,0.5672,2,0
matmul,aging+sfreq+idle+age+rdist,K+K+,5,matmul,heldout,3.0000,-12.8420,2,2
matmul,aging+sfreq+idle+age+refaults,K+K+,5,matmul,heldout,0.8905,0.6186,2,0
matmul,aging+sfreq+idle+age+refaults+rdist,K+K+,6,matmul,heldout,1.7028,-5.2082,2,1
matmul,aging+sfreq+idle+dirty,K,4,matmul,heldout,0.9990,0.0072,2,0
matmul,aging+sfreq+idle+dirty+rdist,K+K+,5,matmul,heldout,0.9416,0.2956,2,0
matmul,aging+sfreq+idle+dirty+refaults,K+K+,5,matmul,heldout,1.0004,-0.0027,2,0
matmul,aging+sfreq+idle+dirty+refaults+rdist,K+K+,6,matmul,heldout,0.9412,0.2992,2,0
matmul,aging+sfreq+idle+rdist,K+K+,4,matmul,heldout,3.0000,-12.8420,2,2
matmul,aging+sfreq+idle+refaults,K+K+,4,matmul,heldout,1.7335,-5.3402,2,1
matmul,aging+sfreq+idle+refaults+rdist,K+K+,5,matmul,heldout,1.5715,-3.5322,2,0
matmul,aging+sfreq+rdist,K+K+,3,matmul,heldout,3.0000,-12.8420,2,2
matmul,aging+sfreq+refaults,K+K+,3,matmul,heldout,1.7335,-5.3402,2,1
matmul,aging+sfreq+refaults+rdist,K+K+,4,matmul,heldout,3.0000,-12.8420,2,2
matmul,dirty,K,1,matmul,heldout,1.7165,-6.0413,2,0
matmul,dirty+rdist,K+K+,2,matmul,heldout,2.2100,-9.1831,2,1
matmul,dirty+refaults,K+K+,2,matmul,heldout,2.2100,-9.1831,2,1
matmul,dirty+refaults+rdist,K+K+,3,matmul,heldout,2.2100,-9.1831,2,1
matmul,freq,F,1,matmul,heldout,3.0000,-12.8420,2,2
matmul,freq+ref+aging+sfreq+idle+age+dirty,F+K,7,matmul,heldout,0.9708,0.1514,2,0
matmul,freq+ref+aging+sfreq+idle+age+dirty+refaults+rdist,F+K,9,matmul,heldout,0.9109,0.5324,2,0
matmul,freq+sd,F,2,matmul,heldout,0.9990,0.0072,2,0
matmul,freq+sd+ref+aging+sfreq+idle+age+dirty,F+K,8,matmul,heldout,1.3001,-2.8314,2,0
matmul,freq+sd+ref+aging+sfreq+idle+age+dirty+refaults+rdist,F+K,10,matmul,heldout,0.8725,0.7545,2,0
matmul,freq+sd+wr,F,3,matmul,heldout,0.9990,0.0072,2,0
matmul,freq+sd+wr+ref+aging+sfreq+idle+age+dirty,F+K,9,matmul,heldout,0.9631,0.1276,2,0
matmul,freq+sd+wr+ref+aging+sfreq+idle+age+dirty+refaults+rdist,F+K,11,matmul,heldout,0.8926,0.5926,2,0
matmul,freq+wr,F,2,matmul,heldout,3.0000,-12.8420,2,2
matmul,freq+wr+ref+aging+sfreq+idle+age+dirty,F+K,8,matmul,heldout,1.2247,-2.0719,2,0
matmul,freq+wr+ref+aging+sfreq+idle+age+dirty+refaults+rdist,F+K,10,matmul,heldout,0.8809,0.6876,2,0
matmul,idle,K,1,matmul,heldout,0.9990,0.0072,2,0
matmul,idle+age,K,2,matmul,heldout,0.9990,0.0072,2,0
matmul,idle+age+dirty,K,3,matmul,heldout,0.9990,0.0072,2,0
matmul,idle+age+dirty+rdist,K+K+,4,matmul,heldout,0.8909,0.6087,2,0
matmul,idle+age+dirty+refaults,K+K+,4,matmul,heldout,1.0004,-0.0027,2,0
matmul,idle+age+dirty+refaults+rdist,K+K+,5,matmul,heldout,0.9385,0.3143,2,0
matmul,idle+age+rdist,K+K+,3,matmul,heldout,0.8867,0.6414,2,0
matmul,idle+age+refaults,K+K+,3,matmul,heldout,1.0005,-0.0036,2,0
matmul,idle+age+refaults+rdist,K+K+,4,matmul,heldout,0.9357,0.3369,2,0
matmul,idle+dirty,K,2,matmul,heldout,0.9990,0.0072,2,0
matmul,idle+dirty+rdist,K+K+,3,matmul,heldout,0.8847,0.6631,2,0
matmul,idle+dirty+refaults,K+K+,3,matmul,heldout,0.9990,0.0072,2,0
matmul,idle+dirty+refaults+rdist,K+K+,4,matmul,heldout,0.8837,0.6648,2,0
matmul,idle+rdist,K+K+,2,matmul,heldout,0.9320,0.3612,2,0
matmul,idle+refaults,K+K+,2,matmul,heldout,0.9990,0.0072,2,0
matmul,idle+refaults+rdist,K+K+,3,matmul,heldout,0.9339,0.3458,2,0
matmul,rdist,K+K+,1,matmul,heldout,2.2200,-9.2223,2,1
matmul,rec,F,1,matmul,heldout,0.9990,0.0072,2,0
matmul,rec+freq,F,2,matmul,heldout,1.0045,-0.0336,2,0
matmul,rec+freq+ref+aging+sfreq+idle+age+dirty,F+K,8,matmul,heldout,1.6270,-7.1944,2,1
matmul,rec+freq+ref+aging+sfreq+idle+age+dirty+refaults+rdist,F+K,10,matmul,heldout,0.9158,0.4019,2,0
matmul,rec+freq+sd,F,3,matmul,heldout,1.0036,-0.0271,2,0
matmul,rec+freq+sd+ref+aging+sfreq+idle+age+dirty,F+K,9,matmul,heldout,1.5755,-7.0478,2,1
matmul,rec+freq+sd+ref+aging+sfreq+idle+age+dirty+refaults+rdist,F+K,11,matmul,heldout,0.8878,0.6315,2,0
matmul,rec+freq+sd+wr,F,4,matmul,heldout,1.0008,-0.0063,2,0
matmul,rec+freq+sd+wr+ref+aging+sfreq+idle+age+dirty,F+K,10,matmul,heldout,1.2407,-2.7707,2,0
matmul,rec+freq+sd+wr+ref+aging+sfreq+idle+age+dirty+refaults+rdist,F+K,12,matmul,heldout,0.8910,0.6062,2,0
matmul,rec+freq+wr,F,3,matmul,heldout,1.0008,-0.0063,2,0
matmul,rec+freq+wr+ref+aging+sfreq+idle+age+dirty,F+K,9,matmul,heldout,1.2407,-2.7707,2,0
matmul,rec+freq+wr+ref+aging+sfreq+idle+age+dirty+refaults+rdist,F+K,11,matmul,heldout,0.9187,0.3775,2,0
matmul,rec+ref+aging+sfreq+idle+age+dirty,F+K,7,matmul,heldout,1.6270,-7.1944,2,1
matmul,rec+ref+aging+sfreq+idle+age+dirty+refaults+rdist,F+K,9,matmul,heldout,0.9159,0.4010,2,0
matmul,rec+sd,F,2,matmul,heldout,0.9990,0.0072,2,0
matmul,rec+sd+ref+aging+sfreq+idle+age+dirty,F+K,8,matmul,heldout,0.9085,0.4689,2,0
matmul,rec+sd+ref+aging+sfreq+idle+age+dirty+refaults+rdist,F+K,10,matmul,heldout,0.8877,0.6324,2,0
matmul,rec+sd+wr,F,3,matmul,heldout,1.0008,-0.0063,2,0
matmul,rec+sd+wr+ref+aging+sfreq+idle+age+dirty,F+K,9,matmul,heldout,1.2407,-2.7707,2,0
matmul,rec+sd+wr+ref+aging+sfreq+idle+age+dirty+refaults+rdist,F+K,11,matmul,heldout,0.8901,0.6134,2,0
matmul,rec+wr,F,2,matmul,heldout,1.0008,-0.0063,2,0
matmul,rec+wr+ref+aging+sfreq+idle+age+dirty,F+K,8,matmul,heldout,1.2407,-2.7707,2,0
matmul,rec+wr+ref+aging+sfreq+idle+age+dirty+refaults+rdist,F+K,10,matmul,heldout,0.9180,0.3829,2,0
matmul,ref,K,1,matmul,heldout,0.9990,0.0072,2,0
matmul,ref+age,K,2,matmul,heldout,3.0000,-12.8420,2,2
matmul,ref+age+dirty,K,3,matmul,heldout,3.0000,-12.8420,2,2
matmul,ref+age+dirty+rdist,K+K+,4,matmul,heldout,3.0000,-12.8420,2,2
matmul,ref+age+dirty+refaults,K+K+,4,matmul,heldout,3.0000,-12.8420,2,2
matmul,ref+age+dirty+refaults+rdist,K+K+,5,matmul,heldout,3.0000,-12.8420,2,2
matmul,ref+age+rdist,K+K+,3,matmul,heldout,3.0000,-12.8420,2,2
matmul,ref+age+refaults,K+K+,3,matmul,heldout,3.0000,-12.8420,2,2
matmul,ref+age+refaults+rdist,K+K+,4,matmul,heldout,3.0000,-12.8420,2,2
matmul,ref+aging,K,2,matmul,heldout,0.9990,0.0072,2,0
matmul,ref+aging+age,K,3,matmul,heldout,0.9990,0.0072,2,0
matmul,ref+aging+age+dirty,K,4,matmul,heldout,0.9990,0.0072,2,0
matmul,ref+aging+age+dirty+rdist,K+K+,5,matmul,heldout,1.6202,-7.1748,2,1
matmul,ref+aging+age+dirty+refaults,K+K+,5,matmul,heldout,1.0008,-0.0063,2,0
matmul,ref+aging+age+dirty+refaults+rdist,K+K+,6,matmul,heldout,3.0000,-12.8420,2,2
matmul,ref+aging+age+rdist,K+K+,4,matmul,heldout,1.6286,-7.1990,2,1
matmul,ref+aging+age+refaults,K+K+,4,matmul,heldout,0.9990,0.0072,2,0
matmul,ref+aging+age+refaults+rdist,K+K+,5,matmul,heldout,1.6319,-7.2087,2,1
matmul,ref+aging+dirty,K,3,matmul,heldout,0.9990,0.0072,2,0
matmul,ref+aging+dirty+rdist,K+K+,4,matmul,heldout,1.5119,-6.1950,2,0
matmul,ref+aging+dirty+refaults,K+K+,4,matmul,heldout,0.9990,0.0072,2,0
matmul,ref+aging+dirty+refaults+rdist,K+K+,5,matmul,heldout,1.5119,-6.1950,2,0
matmul,ref+aging+idle,K,3,matmul,heldout,0.9990,0.0072,2,0
matmul,ref+aging+idle+age,K,4,matmul,heldout,1.7335,-5.3402,2,1
matmul,ref+aging+idle+age+dirty,K,5,matmul,heldout,1.0008,-0.0063,2,0
matmul,ref+aging+idle+age+dirty+rdist,K+K+,6,matmul,heldout,3.0000,-12.8420,2,2
matmul,ref+aging+idle+age+dirty+refaults,K+K+,6,matmul,heldout,1.0008,-0.0063,2,0
matmul,ref+aging+idle+age+dirty+refaults+rdist,K+K+,7,matmul,heldout,0.9402,0.3009,2,0
matmul,ref+aging+idle+age+rdist,K+K+,5,matmul,heldout,3.0000,-12.8420,2,2
matmul,ref+aging+idle+age+refaults,K+K+,5,matmul,heldout,1.7335,-5.3402,2,1
matmul,ref+aging+idle+age+refaults+rdist,K+K+,6,matmul,heldout,3.0000,-12.8420,2,2
matmul,ref+aging+idle+dirty,K,4,matmul,heldout,0.9990,0.0072,2,0
matmul,ref+aging+idle+dirty+rdist,K+K+,5,matmul,heldout,0.9130,0.5217,2,0
matmul,ref+aging+idle+dirty+refaults,K+K+,5,matmul,heldout,1.0008,-0.0063,2,0
matmul,ref+aging+idle+dirty+refaults+rdist,K+K+,6,matmul,heldout,0.9558,0.0691,2,0
matmul,ref+aging+idle+rdist,K+K+,4,matmul,heldout,0.9645,0.1861,2,0
matmul,ref+aging+idle+refaults,K+K+,4,matmul,heldout,1.0008,-0.0063,2,0
matmul,ref+aging+idle+refaults+rdist,K+K+,5,matmul,heldout,1.7194,-7.4692,2,1
matmul,ref+aging+rdist,K+K+,3,matmul,heldout,0.9332,0.3513,2,0
matmul,ref+aging+refaults,K+K+,3,matmul,heldout,0.9990,0.0072,2,0
matmul,ref+aging+refaults+rdist,K+K+,4,matmul,heldout,0.9336,0.3476,2,0
matmul,ref+aging+sfreq,K,3,matmul,heldout,0.9990,0.0072,2,0
matmul,ref+aging+sfreq+age,K,4,matmul,heldout,0.9691,0.1650,2,0
matmul,ref+aging+sfreq+age+dirty,K,5,matmul,heldout,0.9691,0.1650,2,0
matmul,ref+aging+sfreq+age+dirty+rdist,K+K+,6,matmul,heldout,1.6894,-5.1512,2,1
matmul,ref+aging+sfreq+age+dirty+refaults,K+K+,6,matmul,heldout,0.9691,0.1650,2,0
matmul,ref+aging+sfreq+age+dirty+refaults+rdist,K+K+,7,matmul,heldout,0.9275,0.4022,2,0
matmul,ref+aging+sfreq+age+rdist,K+K+,5,matmul,heldout,0.9398,0.3045,2,0
matmul,ref+aging+sfreq+age+refaults,K+K+,5,matmul,heldout,0.9691,0.1650,2,0
matmul,ref+aging+sfreq+age+refaults+rdist,K+K+,6,matmul,heldout,0.9410,0.2946,2,0
matmul,ref+aging+sfreq+dirty,K,4,matmul,heldout,1.0008,-0.0063,2,0
matmul,ref+aging+sfreq+dirty+rdist,K+K+,5,matmul,heldout,1.6202,-7.1748,2,1
matmul,ref+aging+sfreq+dirty+refaults,K+K+,5,matmul,heldout,1.0008,-0.0063,2,0
matmul,ref+aging+sfreq+dirty+refaults+rdist,K+K+,6,matmul,heldout,3.0000,-12.8420,2,2
matmul,ref+aging+sfreq+idle,K,4,matmul,heldout,1.7335,-5.3402,2,1
matmul,ref+aging+sfreq+idle+age,K,5,matmul,heldout,0.9708,0.1514,2,0
matmul,ref+aging+sfreq+idle+age+dirty,K,6,matmul,heldout,0.9707,0.1523,2,0
matmul,ref+aging+sfreq+idle+age+dirty+rdist,K+K+,7,matmul,heldout,1.7370,-5.3556,2,1
matmul,ref+aging+sfreq+idle+age+dirty+refaults,K+K+,7,matmul,heldout,0.9705,0.1541,2,0
matmul,ref+aging+sfreq+idle+age+dirty+refaults+rdist,K+K+,8,matmul,heldout,0.9275,0.4022,2,0
matmul,ref+aging+sfreq+idle+age+rdist,K+K+,6,matmul,heldout,0.9398,0.3045,2,0
matmul,ref+aging+sfreq+idle+age+refaults,K+K+,6,matmul,heldout,0.9627,0.1950,2,0
matmul,ref+aging+sfreq+idle+age+refaults+rdist,K+K+,7,matmul,heldout,0.9410,0.2946,2,0
matmul,ref+aging+sfreq+idle+dirty,K,5,matmul,heldout,1.0008,-0.0063,2,0
matmul,ref+aging+sfreq+idle+dirty+rdist,K+K+,6,matmul,heldout,1.6202,-7.1748,2,1
matmul,ref+aging+sfreq+idle+dirty+refaults,K+K+,6,matmul,heldout,1.0351,-0.1922,2,0
matmul,ref+aging+sfreq+idle+dirty+refaults+rdist,K+K+,7,matmul,heldout,0.9428,0.2857,2,0
matmul,ref+aging+sfreq+idle+rdist,K+K+,5,matmul,heldout,3.0000,-12.8420,2,2
matmul,ref+aging+sfreq+idle+refaults,K+K+,5,matmul,heldout,1.7335,-5.3402,2,1
matmul,ref+aging+sfreq+idle+refaults+rdist,K+K+,6,matmul,heldout,3.0000,-12.8420,2,2
matmul,ref+aging+sfreq+rdist,K+K+,4,matmul,heldout,3.0000,-12.8420,2,2
matmul,ref+aging+sfreq+refaults,K+K+,4,matmul,heldout,1.0008,-0.0063,2,0
matmul,ref+aging+sfreq+refaults+rdist,K+K+,5,matmul,heldout,1.6313,-7.2070,2,1
matmul,ref+dirty,K,2,matmul,heldout,1.4072,-3.6799,2,0
matmul,ref+dirty+rdist,K+K+,3,matmul,heldout,2.2100,-9.1831,2,1
matmul,ref+dirty+refaults,K+K+,3,matmul,heldout,1.3822,-3.5034,2,0
matmul,ref+dirty+refaults+rdist,K+K+,4,matmul,heldout,2.2100,-9.1831,2,1
matmul,ref+idle,K,2,matmul,heldout,0.9990,0.0072,2,0
matmul,ref+idle+age,K,3,matmul,heldout,0.9990,0.0072,2,0
matmul,ref+idle+age+dirty,K,4,matmul,heldout,0.9990,0.0072,2,0
matmul,ref+idle+age+dirty+rdist,K+K+,5,matmul,heldout,0.9728,0.1361,2,0
matmul,ref+idle+age+dirty+refaults,K+K+,5,matmul,heldout,0.9990,0.0072,2,0
matmul,ref+idle+age+dirty+refaults+rdist,K+K+,6,matmul,heldout,1.0023,-0.0172,2,0
matmul,ref+idle+age+rdist,K+K+,4,matmul,heldout,0.9830,0.0909,2,0
matmul,ref+idle+age+refaults,K+K+,4,matmul,heldout,0.9990,0.0072,2,0
matmul,ref+idle+age+refaults+rdist,K+K+,5,matmul,heldout,0.9992,0.0016,2,0
matmul,ref+idle+dirty,K,3,matmul,heldout,0.9990,0.0072,2,0
matmul,ref+idle+dirty+rdist,K+K+,4,matmul,heldout,0.9991,-0.0012,2,0
matmul,ref+idle+dirty+refaults,K+K+,4,matmul,heldout,0.9990,0.0072,2,0
matmul,ref+idle+dirty+refaults+rdist,K+K+,5,matmul,heldout,0.9993,-0.0030,2,0
matmul,ref+idle+rdist,K+K+,3,matmul,heldout,0.9639,0.1953,2,0
matmul,ref+idle+refaults,K+K+,3,matmul,heldout,0.9990,0.0072,2,0
matmul,ref+idle+refaults+rdist,K+K+,4,matmul,heldout,0.9376,0.3280,2,0
matmul,ref+rdist,K+K+,2,matmul,heldout,2.2200,-9.2223,2,1
matmul,ref+refaults,K+K+,2,matmul,heldout,0.9638,0.2009,2,0
matmul,ref+refaults+rdist,K+K+,3,matmul,heldout,2.2200,-9.2223,2,1
matmul,ref+sfreq,K,2,matmul,heldout,3.0000,-12.8420,2,2
matmul,ref+sfreq+age,K,3,matmul,heldout,3.0000,-12.8420,2,2
matmul,ref+sfreq+age+dirty,K,4,matmul,heldout,3.0000,-12.8420,2,2
matmul,ref+sfreq+age+dirty+rdist,K+K+,5,matmul,heldout,3.0000,-12.8420,2,2
matmul,ref+sfreq+age+dirty+refaults,K+K+,5,matmul,heldout,3.0000,-12.8420,2,2
matmul,ref+sfreq+age+dirty+refaults+rdist,K+K+,6,matmul,heldout,3.0000,-12.8420,2,2
matmul,ref+sfreq+age+rdist,K+K+,4,matmul,heldout,3.0000,-12.8420,2,2
matmul,ref+sfreq+age+refaults,K+K+,4,matmul,heldout,3.0000,-12.8420,2,2
matmul,ref+sfreq+age+refaults+rdist,K+K+,5,matmul,heldout,3.0000,-12.8420,2,2
matmul,ref+sfreq+dirty,K,3,matmul,heldout,3.0000,-12.8420,2,2
matmul,ref+sfreq+dirty+rdist,K+K+,4,matmul,heldout,3.0000,-12.8420,2,2
matmul,ref+sfreq+dirty+refaults,K+K+,4,matmul,heldout,3.0000,-12.8420,2,2
matmul,ref+sfreq+dirty+refaults+rdist,K+K+,5,matmul,heldout,3.0000,-12.8420,2,2
matmul,ref+sfreq+idle,K,3,matmul,heldout,0.9990,0.0072,2,0
matmul,ref+sfreq+idle+age,K,4,matmul,heldout,0.9990,0.0072,2,0
matmul,ref+sfreq+idle+age+dirty,K,5,matmul,heldout,0.9990,0.0072,2,0
matmul,ref+sfreq+idle+age+dirty+rdist,K+K+,6,matmul,heldout,1.0013,-0.0100,2,0
matmul,ref+sfreq+idle+age+dirty+refaults,K+K+,6,matmul,heldout,0.9990,0.0072,2,0
matmul,ref+sfreq+idle+age+dirty+refaults+rdist,K+K+,7,matmul,heldout,1.0010,-0.0072,2,0
matmul,ref+sfreq+idle+age+rdist,K+K+,5,matmul,heldout,0.9711,0.1495,2,0
matmul,ref+sfreq+idle+age+refaults,K+K+,5,matmul,heldout,0.9990,0.0072,2,0
matmul,ref+sfreq+idle+age+refaults+rdist,K+K+,6,matmul,heldout,0.9991,0.0026,2,0
matmul,ref+sfreq+idle+dirty,K,4,matmul,heldout,0.9990,0.0072,2,0
matmul,ref+sfreq+idle+dirty+rdist,K+K+,5,matmul,heldout,0.9728,0.1361,2,0
matmul,ref+sfreq+idle+dirty+refaults,K+K+,5,matmul,heldout,0.9990,0.0072,2,0
matmul,ref+sfreq+idle+dirty+refaults+rdist,K+K+,6,matmul,heldout,1.0028,-0.0208,2,0
matmul,ref+sfreq+idle+rdist,K+K+,4,matmul,heldout,0.9681,0.1675,2,0
matmul,ref+sfreq+idle+refaults,K+K+,4,matmul,heldout,0.9990,0.0072,2,0
matmul,ref+sfreq+idle+refaults+rdist,K+K+,5,matmul,heldout,0.9976,0.0143,2,0
matmul,ref+sfreq+rdist,K+K+,3,matmul,heldout,3.0000,-12.8420,2,2
matmul,ref+sfreq+refaults,K+K+,3,matmul,heldout,3.0000,-12.8420,2,2
matmul,ref+sfreq+refaults+rdist,K+K+,4,matmul,heldout,3.0000,-12.8420,2,2
matmul,refaults,K+K+,1,matmul,heldout,2.2200,-9.2223,2,1
matmul,refaults+rdist,K+K+,2,matmul,heldout,2.2200,-9.2223,2,1
matmul,sd,F,1,matmul,heldout,0.9990,0.0072,2,0
matmul,sd+ref+aging+sfreq+idle+age+dirty,F+K,7,matmul,heldout,0.9724,0.1397,2,0
matmul,sd+ref+aging+sfreq+idle+age+dirty+refaults+rdist,F+K,9,matmul,heldout,0.8895,0.6180,2,0
matmul,sd+wr,F,2,matmul,heldout,0.9990,0.0072,2,0
matmul,sd+wr+ref+aging+sfreq+idle+age+dirty,F+K,8,matmul,heldout,0.9613,0.1430,2,0
matmul,sd+wr+ref+aging+sfreq+idle+age+dirty+refaults+rdist,F+K,10,matmul,heldout,0.9184,0.3802,2,0
matmul,sfreq,K,1,matmul,heldout,3.0000,-12.8420,2,2
matmul,sfreq+age,K,2,matmul,heldout,3.0000,-12.8420,2,2
matmul,sfreq+age+dirty,K,3,matmul,heldout,3.0000,-12.8420,2,2
matmul,sfreq+age+dirty+rdist,K+K+,4,matmul,heldout,3.0000,-12.8420,2,2
matmul,sfreq+age+dirty+refaults,K+K+,4,matmul,heldout,3.0000,-12.8420,2,2
matmul,sfreq+age+dirty+refaults+rdist,K+K+,5,matmul,heldout,3.0000,-12.8420,2,2
matmul,sfreq+age+rdist,K+K+,3,matmul,heldout,3.0000,-12.8420,2,2
matmul,sfreq+age+refaults,K+K+,3,matmul,heldout,3.0000,-12.8420,2,2
matmul,sfreq+age+refaults+rdist,K+K+,4,matmul,heldout,3.0000,-12.8420,2,2
matmul,sfreq+dirty,K,2,matmul,heldout,3.0000,-12.8420,2,2
matmul,sfreq+dirty+rdist,K+K+,3,matmul,heldout,3.0000,-12.8420,2,2
matmul,sfreq+dirty+refaults,K+K+,3,matmul,heldout,3.0000,-12.8420,2,2
matmul,sfreq+dirty+refaults+rdist,K+K+,4,matmul,heldout,3.0000,-12.8420,2,2
matmul,sfreq+idle,K,2,matmul,heldout,0.9990,0.0072,2,0
matmul,sfreq+idle+age,K,3,matmul,heldout,0.9990,0.0072,2,0
matmul,sfreq+idle+age+dirty,K,4,matmul,heldout,0.9990,0.0072,2,0
matmul,sfreq+idle+age+dirty+rdist,K+K+,5,matmul,heldout,0.8790,0.7455,2,0
matmul,sfreq+idle+age+dirty+refaults,K+K+,5,matmul,heldout,0.9991,0.0068,2,0
matmul,sfreq+idle+age+dirty+refaults+rdist,K+K+,6,matmul,heldout,0.8530,0.9081,2,0
matmul,sfreq+idle+age+rdist,K+K+,4,matmul,heldout,0.8515,0.9197,2,0
matmul,sfreq+idle+age+refaults,K+K+,4,matmul,heldout,0.9991,0.0068,2,0
matmul,sfreq+idle+age+refaults+rdist,K+K+,5,matmul,heldout,0.8695,0.8235,2,0
matmul,sfreq+idle+dirty,K,3,matmul,heldout,0.9990,0.0072,2,0
matmul,sfreq+idle+dirty+rdist,K+K+,4,matmul,heldout,0.9210,0.4539,2,0
matmul,sfreq+idle+dirty+refaults,K+K+,4,matmul,heldout,1.0006,-0.0045,2,0
matmul,sfreq+idle+dirty+refaults+rdist,K+K+,5,matmul,heldout,0.9266,0.4041,2,0
matmul,sfreq+idle+rdist,K+K+,3,matmul,heldout,0.9088,0.4607,2,0
matmul,sfreq+idle+refaults,K+K+,3,matmul,heldout,0.9996,0.0027,2,0
matmul,sfreq+idle+refaults+rdist,K+K+,4,matmul,heldout,0.9648,0.1889,2,0
matmul,sfreq+rdist,K+K+,2,matmul,heldout,3.0000,-12.8420,2,2
matmul,sfreq+refaults,K+K+,2,matmul,heldout,3.0000,-12.8420,2,2
matmul,sfreq+refaults+rdist,K+K+,3,matmul,heldout,3.0000,-12.8420,2,2
matmul,wr,F,1,matmul,heldout,1.7177,-6.0549,2,0
matmul,wr+ref+aging+sfreq+idle+age+dirty,F+K,7,matmul,heldout,1.2245,-2.0701,2,0
matmul,wr+ref+aging+sfreq+idle+age+dirty+refaults+rdist,F+K,9,matmul,heldout,0.9323,0.3642,2,0
sort,age,K,1,sort,heldout,1.0000,0.0000,3,0
sort,age,K,1,sort,test,0.9757,0.1692,2,0
sort,age,K,1,sort,val,0.9800,0.1608,2,0
sort,age+dirty,K,2,sort,heldout,1.0000,0.0000,3,0
sort,age+dirty,K,2,sort,test,0.9757,0.1692,2,0
sort,age+dirty,K,2,sort,val,0.9800,0.1608,2,0
sort,age+dirty+rdist,K+K+,3,sort,heldout,1.0000,0.0000,3,0
sort,age+dirty+rdist,K+K+,3,sort,test,0.9997,-0.0045,2,0
sort,age+dirty+rdist,K+K+,3,sort,val,1.0080,-0.0702,2,0
sort,age+dirty+refaults,K+K+,3,sort,heldout,1.0000,0.0000,3,0
sort,age+dirty+refaults,K+K+,3,sort,test,0.9757,0.1692,2,0
sort,age+dirty+refaults,K+K+,3,sort,val,0.9800,0.1608,2,0
sort,age+dirty+refaults+rdist,K+K+,4,sort,heldout,1.0000,0.0000,3,0
sort,age+dirty+refaults+rdist,K+K+,4,sort,test,1.0042,-0.0438,2,0
sort,age+dirty+refaults+rdist,K+K+,4,sort,val,0.9977,0.0154,2,0
sort,age+rdist,K+K+,2,sort,heldout,1.0011,-0.0129,3,0
sort,age+rdist,K+K+,2,sort,test,1.0172,-0.1420,2,0
sort,age+rdist,K+K+,2,sort,val,1.0170,-0.1481,2,0
sort,age+refaults,K+K+,2,sort,heldout,1.0000,0.0000,3,0
sort,age+refaults,K+K+,2,sort,test,0.9757,0.1692,2,0
sort,age+refaults,K+K+,2,sort,val,0.9800,0.1608,2,0
sort,age+refaults+rdist,K+K+,3,sort,heldout,1.0000,0.0000,3,0
sort,age+refaults+rdist,K+K+,3,sort,test,0.9994,-0.0089,2,0
sort,age+refaults+rdist,K+K+,3,sort,val,1.0069,-0.0665,2,0
sort,aging,K,1,sort,heldout,1.0000,0.0000,3,0
sort,aging,K,1,sort,test,0.9559,0.3329,2,0
sort,aging,K,1,sort,val,0.9609,0.3340,2,0
sort,aging+age,K,2,sort,heldout,1.0048,-0.0581,3,0
sort,aging+age,K,2,sort,test,1.0735,-0.6517,2,0
sort,aging+age,K,2,sort,val,1.0799,-0.7541,2,0
sort,aging+age+dirty,K,3,sort,heldout,1.0011,-0.0129,3,0
sort,aging+age+dirty,K,3,sort,test,1.0685,-0.5972,2,0
sort,aging+age+dirty,K,3,sort,val,1.0932,-0.8722,2,0
sort,aging+age+dirty+rdist,K+K+,4,sort,heldout,1.0000,0.0000,3,0
sort,aging+age+dirty+rdist,K+K+,4,sort,test,1.0763,-0.6275,2,0
sort,aging+age+dirty+rdist,K+K+,4,sort,val,1.0713,-0.6476,2,0
sort,aging+age+dirty+refaults,K+K+,4,sort,heldout,1.0000,0.0000,3,0
sort,aging+age+dirty+refaults,K+K+,4,sort,test,0.9815,0.1139,2,0
sort,aging+age+dirty+refaults,K+K+,4,sort,val,0.9870,0.0902,2,0
sort,aging+age+dirty+refaults+rdist,K+K+,5,sort,heldout,1.0000,0.0000,3,0
sort,aging+age+dirty+refaults+rdist,K+K+,5,sort,test,1.0054,-0.0549,2,0
sort,aging+age+dirty+refaults+rdist,K+K+,5,sort,val,1.0114,-0.1055,2,0
sort,aging+age+rdist,K+K+,3,sort,heldout,1.0005,-0.0065,3,0
sort,aging+age+rdist,K+K+,3,sort,test,1.0246,-0.2284,2,0
sort,aging+age+rdist,K+K+,3,sort,val,1.0274,-0.2620,2,0
sort,aging+age+refaults,K+K+,3,sort,heldout,1.0000,0.0000,3,0
sort,aging+age+refaults,K+K+,3,sort,test,0.9757,0.1692,2,0
sort,aging+age+refaults,K+K+,3,sort,val,0.9800,0.1608,2,0
sort,aging+age+refaults+rdist,K+K+,4,sort,heldout,1.0000,0.0000,3,0
sort,aging+age+refaults+rdist,K+K+,4,sort,test,1.0001,-0.0147,2,0
sort,aging+age+refaults+rdist,K+K+,4,sort,val,1.0077,-0.0730,2,0
sort,aging+dirty,K,2,sort,heldout,1.0000,0.0000,3,0
sort,aging+dirty,K,2,sort,test,0.9622,0.2869,2,0
sort,aging+dirty,K,2,sort,val,0.9687,0.2690,2,0
sort,aging+dirty+rdist,K+K+,3,sort,heldout,1.7489,-9.1505,3,0
sort,aging+dirty+rdist,K+K+,3,sort,test,1.7478,-8.0469,2,0
sort,aging+dirty+rdist,K+K+,3,sort,val,1.7612,-8.4048,2,0
sort,aging+dirty+refaults,K+K+,3,sort,heldout,1.0000,0.0000,3,0
sort,aging+dirty+refaults,K+K+,3,sort,test,0.9622,0.2869,2,0
sort,aging+dirty+refaults,K+K+,3,sort,val,0.9687,0.2690,2,0
sort,aging+dirty+refaults+rdist,K+K+,4,sort,heldout,0.9514,0.5935,3,0
sort,aging+dirty+refaults+rdist,K+K+,4,sort,test,0.9469,0.4997,2,0
sort,aging+dirty+refaults+rdist,K+K+,4,sort,val,0.9541,0.4690,2,0
sort,aging+idle,K,2,sort,heldout,1.0000,0.0000,3,0
sort,aging+idle,K,2,sort,test,0.9559,0.3329,2,0
sort,aging+idle,K,2,sort,val,0.9609,0.3340,2,0
sort,aging+idle+age,K,3,sort,heldout,1.0252,-0.3075,3,0
sort,aging+idle+age,K,3,sort,test,1.1407,-1.2916,2,0
sort,aging+idle+age,K,3,sort,val,1.1576,-1.5628,2,0
sort,aging+idle+age+dirty,K,4,sort,heldout,1.0213,-0.2602,3,0
sort,aging+idle+age+dirty,K,4,sort,test,1.1474,-1.4524,2,0
sort,aging+idle+age+dirty,K,4,sort,val,1.1456,-1.4891,2,0
sort,aging+idle+age+dirty+rdist,K+K+,5,sort,heldout,1.0959,-1.1849,3,0
sort,aging+idle+age+dirty+rdist,K+K+,5,sort,test,1.1737,-1.8031,2,0
sort,aging+idle+age+dirty+rdist,K+K+,5,sort,val,1.1760,-1.8878,2,0
sort,aging+idle+age+dirty+refaults,K+K+,5,sort,heldout,1.0121,-0.1484,3,0
sort,aging+idle+age+dirty+refaults,K+K+,5,sort,test,0.9949,-0.0282,2,0
sort,aging+idle+age+dirty+refaults,K+K+,5,sort,val,1.0198,-0.2200,2,0
sort,aging+idle+age+dirty+refaults+rdist,K+K+,6,sort,heldout,1.0125,-0.1527,3,0
sort,aging+idle+age+dirty+refaults+rdist,K+K+,6,sort,test,1.0251,-0.2871,2,0
sort,aging+idle+age+dirty+refaults+rdist,K+K+,6,sort,val,1.0210,-0.2519,2,0
sort,aging+idle+age+rdist,K+K+,4,sort,heldout,1.1143,-1.4151,3,0
sort,aging+idle+age+rdist,K+K+,4,sort,test,1.1861,-1.8576,2,0
sort,aging+idle+age+rdist,K+K+,4,sort,val,1.2060,-2.1162,2,0
sort,aging+idle+age+refaults,K+K+,4,sort,heldout,1.0123,-0.1505,3,0
sort,aging+idle+age+refaults,K+K+,4,sort,test,0.9976,-0.0508,2,0
sort,aging+idle+age+refaults,K+K+,4,sort,val,1.0059,-0.0991,2,0
sort,aging+idle+age+refaults+rdist,K+K+,5,sort,heldout,1.0125,-0.1527,3,0
sort,aging+idle+age+refaults+rdist,K+K+,5,sort,test,1.0229,-0.2311,2,0
sort,aging+idle+age+refaults+rdist,K+K+,5,sort,val,1.0229,-0.2662,2,0
sort,aging+idle+dirty,K,3,sort,heldout,1.0000,0.0000,3,0
sort,aging+idle+dirty,K,3,sort,test,0.9630,0.2812,2,0
sort,aging+idle+dirty,K,3,sort,val,0.9695,0.2625,2,0
sort,aging+idle+dirty+rdist,K+K+,4,sort,heldout,1.8948,-10.9333,3,0
sort,aging+idle+dirty+rdist,K+K+,4,sort,test,1.7477,-8.4371,2,0
sort,aging+idle+dirty+rdist,K+K+,4,sort,val,1.7609,-8.7292,2,0
sort,aging+idle+dirty+refaults,K+K+,4,sort,heldout,1.0000,0.0000,3,0
sort,aging+idle+dirty+refaults,K+K+,4,sort,test,0.9622,0.2869,2,0
sort,aging+idle+dirty+refaults,K+K+,4,sort,val,0.9687,0.2690,2,0
sort,aging+idle+dirty+refaults+rdist,K+K+,5,sort,heldout,0.9842,0.1935,3,0
sort,aging+idle+dirty+refaults+rdist,K+K+,5,sort,test,0.9599,0.3188,2,0
sort,aging+idle+dirty+refaults+rdist,K+K+,5,sort,val,0.9664,0.3006,2,0
sort,aging+idle+rdist,K+K+,3,sort,heldout,1.8956,-10.9441,3,0
sort,aging+idle+rdist,K+K+,3,sort,test,1.8109,-8.8859,2,0
sort,aging+idle+rdist,K+K+,3,sort,val,1.8256,-9.2487,2,0
sort,aging+idle+refaults,K+K+,3,sort,heldout,1.0000,0.0000,3,0
sort,aging+idle+refaults,K+K+,3,sort,test,0.9567,0.3272,2,0
sort,aging+idle+refaults,K+K+,3,sort,val,0.9632,0.3145,2,0
sort,aging+idle+refaults+rdist,K+K+,4,sort,heldout,0.9799,0.2452,3,0
sort,aging+idle+refaults+rdist,K+K+,4,sort,test,0.9498,0.4033,2,0
sort,aging+idle+refaults+rdist,K+K+,4,sort,val,0.9563,0.3931,2,0
sort,aging+rdist,K+K+,2,sort,heldout,1.7666,-9.3677,3,0
sort,aging+rdist,K+K+,2,sort,test,1.7616,-8.2237,2,0
sort,aging+rdist,K+K+,2,sort,val,1.7778,-8.6190,2,0
sort,aging+refaults,K+K+,2,sort,heldout,1.0000,0.0000,3,0
sort,aging+refaults,K+K+,2,sort,test,0.9567,0.3272,2,0
sort,aging+refaults,K+K+,2,sort,val,0.9632,0.3145,2,0
sort,aging+refaults+rdist,K+K+,3,sort,heldout,0.9525,0.5806,3,0
sort,aging+refaults+rdist,K+K+,3,sort,test,0.9377,0.5736,2,0
sort,aging+refaults+rdist,K+K+,3,sort,val,0.9448,0.5510,2,0
sort,aging+sfreq,K,2,sort,heldout,1.3613,-4.4151,3,0
sort,aging+sfreq,K,2,sort,test,1.2262,-2.5949,2,0
sort,aging+sfreq,K,2,sort,val,1.2289,-2.6359,2,0
sort,aging+sfreq+age,K,3,sort,heldout,1.0245,-0.2989,3,0
sort,aging+sfreq+age,K,3,sort,test,1.1434,-1.3614,2,0
sort,aging+sfreq+age,K,3,sort,val,1.1613,-1.6062,2,0
sort,aging+sfreq+age+dirty,K,4,sort,heldout,1.0142,-0.1742,3,0
sort,aging+sfreq+age+dirty,K,4,sort,test,1.1575,-1.4483,2,0
sort,aging+sfreq+age+dirty,K,4,sort,val,1.2180,-2.1623,2,0
sort,aging+sfreq+age+dirty+rdist,K+K+,5,sort,heldout,1.1814,-2.2172,3,0
sort,aging+sfreq+age+dirty+rdist,K+K+,5,sort,test,1.2225,-2.1694,2,0
sort,aging+sfreq+age+dirty+rdist,K+K+,5,sort,val,1.2171,-2.2012,2,0
sort,aging+sfreq+age+dirty+refaults,K+K+,5,sort,heldout,1.0081,-0.0989,3,0
sort,aging+sfreq+age+dirty+refaults,K+K+,5,sort,test,1.0155,-0.1883,2,0
sort,aging+sfreq+age+dirty+refaults,K+K+,5,sort,val,1.0219,-0.2193,2,0
sort,aging+sfreq+age+dirty+refaults+rdist,K+K+,6,sort,heldout,1.0063,-0.0774,3,0
sort,aging+sfreq+age+dirty+refaults+rdist,K+K+,6,sort,test,1.0506,-0.5696,2,0
sort,aging+sfreq+age+dirty+refaults+rdist,K+K+,6,sort,val,1.0489,-0.5785,2,0
sort,aging+sfreq+age+rdist,K+K+,4,sort,heldout,1.0482,-0.6108,3,0
sort,aging+sfreq+age+rdist,K+K+,4,sort,test,1.1801,-1.7970,2,0
sort,aging+sfreq+age+rdist,K+K+,4,sort,val,1.1848,-1.9090,2,0
sort,aging+sfreq+age+refaults,K+K+,4,sort,heldout,1.0069,-0.0839,3,0
sort,aging+sfreq+age+refaults,K+K+,4,sort,test,1.0519,-0.5180,2,0
sort,aging+sfreq+age+refaults,K+K+,4,sort,val,1.0519,-0.5141,2,0
sort,aging+sfreq+age+refaults+rdist,K+K+,5,sort,heldout,1.0046,-0.0559,3,0
sort,aging+sfreq+age+refaults+rdist,K+K+,5,sort,test,1.0364,-0.3443,2,0
sort,aging+sfreq+age+refaults+rdist,K+K+,5,sort,val,1.0579,-0.6241,2,0
sort,aging+sfreq+dirty,K,3,sort,heldout,1.3474,-4.2452,3,0
sort,aging+sfreq+dirty,K,3,sort,test,1.2391,-2.7069,2,0
sort,aging+sfreq+dirty,K,3,sort,val,1.2183,-2.4159,2,0
sort,aging+sfreq+dirty+rdist,K+K+,4,sort,heldout,1.2450,-2.9935,3,0
sort,aging+sfreq+dirty+rdist,K+K+,4,sort,test,1.1925,-1.9521,2,0
sort,aging+sfreq+dirty+rdist,K+K+,4,sort,val,1.2098,-2.3364,2,0
sort,aging+sfreq+dirty+refaults,K+K+,4,sort,heldout,1.0871,-1.0645,3,0
sort,aging+sfreq+dirty+refaults,K+K+,4,sort,test,1.0739,-0.8061,2,0
sort,aging+sfreq+dirty+refaults,K+K+,4,sort,val,1.0547,-0.6373,2,0
sort,aging+sfreq+dirty+refaults+rdist,K+K+,5,sort,heldout,1.1290,-1.5785,3,0
sort,aging+sfreq+dirty+refaults+rdist,K+K+,5,sort,test,1.1067,-1.1750,2,0
sort,aging+sfreq+dirty+refaults+rdist,K+K+,5,sort,val,1.0888,-1.0936,2,0
sort,aging+sfreq+idle,K,3,sort,heldout,1.0476,-0.5828,3,0
sort,aging+sfreq+idle,K,3,sort,test,1.1205,-1.3176,2,0
sort,aging+sfreq+idle,K,3,sort,val,1.1476,-1.5641,2,0
sort,aging+sfreq+idle+age,K,4,sort,heldout,1.0445,-0.5441,3,0
sort,aging+sfreq+idle+age,K,4,sort,test,1.1576,-1.5235,2,0
sort,aging+sfreq+idle+age,K,4,sort,val,1.1624,-1.6247,2,0
sort,aging+sfreq+idle+age+dirty,K,5,sort,heldout,1.0275,-0.3355,3,0
sort,aging+sfreq+idle+age+dirty,K,5,sort,test,1.1671,-1.5332,2,0
sort,aging+sfreq+idle+age+dirty,K,5,sort,val,1.2222,-2.2109,2,0
sort,aging+sfreq+idle+age+dirty+rdist,K+K+,6,sort,heldout,1.1843,-2.2516,3,0
sort,aging+sfreq+idle+age+dirty+rdist,K+K+,6,sort,test,1.1978,-2.0070,2,0
sort,aging+sfreq+idle+age+dirty+rdist,K+K+,6,sort,val,1.1822,-1.9599,2,0
sort,aging+sfreq+idle+age+dirty+refaults,K+K+,6,sort,heldout,1.0104,-0.1269,3,0
sort,aging+sfreq+idle+age+dirty+refaults,K+K+,6,sort,test,1.0145,-0.2213,2,0
sort,aging+sfreq+idle+age+dirty+refaults,K+K+,6,sort,val,1.0178,-0.1897,2,0
sort,aging+sfreq+idle+age+dirty+refaults+rdist,K+K+,7,sort,heldout,1.0400,-0.4946,3,0
sort,aging+sfreq+idle+age+dirty+refaults+rdist,K+K+,7,sort,test,1.0594,-0.6626,2,0
sort,aging+sfreq+idle+age+dirty+refaults+rdist,K+K+,7,sort,val,1.0351,-0.4870,2,0
sort,aging+sfreq+idle+age+rdist,K+K+,5,sort,heldout,1.1720,-2.1032,3,0
sort,aging+sfreq+idle+age+rdist,K+K+,5,sort,test,1.1830,-1.8582,2,0
sort,aging+sfreq+idle+age+rdist,K+K+,5,sort,val,1.1935,-1.9977,2,0
sort,aging+sfreq+idle+age+refaults,K+K+,5,sort,heldout,1.0113,-0.1376,3,0
sort,aging+sfreq+idle+age+refaults,K+K+,5,sort,test,1.0457,-0.4765,2,0
sort,aging+sfreq+idle+age+refaults,K+K+,5,sort,val,1.0525,-0.5275,2,0
sort,aging+sfreq+idle+age+refaults+rdist,K+K+,6,sort,heldout,1.0118,-0.1441,3,0
sort,aging+sfreq+idle+age+refaults+rdist,K+K+,6,sort,test,1.0500,-0.4963,2,0
sort,aging+sfreq+idle+age+refaults+rdist,K+K+,6,sort,val,1.0538,-0.6025,2,0
sort,aging+sfreq+idle+dirty,K,4,sort,heldout,1.0550,-0.6731,3,0
sort,aging+sfreq+idle+dirty,K,4,sort,test,1.1247,-1.1977,2,0
sort,aging+sfreq+idle+dirty,K,4,sort,val,1.1162,-1.1589,2,0
sort,aging+sfreq+idle+dirty+rdist,K+K+,5,sort,heldout,1.1772,-2.1656,3,0
sort,aging+sfreq+idle+dirty+rdist,K+K+,5,sort,test,1.1895,-1.9291,2,0
sort,aging+sfreq+idle+dirty+rdist,K+K+,5,sort,val,1.1555,-1.6085,2,0
sort,aging+sfreq+idle+dirty+refaults,K+K+,5,sort,heldout,1.0099,-0.1226,3,0
sort,aging+sfreq+idle+dirty+refaults,K+K+,5,sort,test,1.0241,-0.3200,2,0
sort,aging+sfreq+idle+dirty+refaults,K+K+,5,sort,val,1.0316,-0.3267,2,0
sort,aging+sfreq+idle+dirty+refaults+rdist,K+K+,6,sort,heldout,1.0083,-0.1032,3,0
sort,aging+sfreq+idle+dirty+refaults+rdist,K+K+,6,sort,test,1.0565,-0.6009,2,0
sort,aging+sfreq+idle+dirty+refaults+rdist,K+K+,6,sort,val,1.0330,-0.3828,2,0
sort,aging+sfreq+idle+rdist,K+K+,4,sort,heldout,1.1726,-2.1097,3,0
sort,aging+sfreq+idle+rdist,K+K+,4,sort,test,1.1844,-1.8029,2,0
sort,aging+sfreq+idle+rdist,K+K+,4,sort,val,1.1677,-1.7326,2,0
sort,aging+sfreq+idle+refaults,K+K+,4,sort,heldout,1.0248,-0.3032,3,0
sort,aging+sfreq+idle+refaults,K+K+,4,sort,test,1.0570,-0.5293,2,0
sort,aging+sfreq+idle+refaults,K+K+,4,sort,val,1.0517,-0.5021,2,0
sort,aging+sfreq+idle+refaults+rdist,K+K+,5,sort,heldout,1.0128,-0.1591,3,0
sort,aging+sfreq+idle+refaults+rdist,K+K+,5,sort,test,1.0494,-0.5684,2,0
sort,aging+sfreq+idle+refaults+rdist,K+K+,5,sort,val,1.0345,-0.3217,2,0
sort,aging+sfreq+rdist,K+K+,3,sort,heldout,1.3314,-4.0495,3,0
sort,aging+sfreq+rdist,K+K+,3,sort,test,1.1732,-1.9534,2,0
sort,aging+sfreq+rdist,K+K+,3,sort,val,1.1529,-1.7402,2,0
sort,aging+sfreq+refaults,K+K+,3,sort,heldout,1.0977,-1.1957,3,0
sort,aging+sfreq+refaults,K+K+,3,sort,test,1.0925,-1.0271,2,0
sort,aging+sfreq+refaults,K+K+,3,sort,val,1.0820,-0.8900,2,0
sort,aging+sfreq+refaults+rdist,K+K+,4,sort,heldout,1.1288,-1.5742,3,0
sort,aging+sfreq+refaults+rdist,K+K+,4,sort,test,1.0710,-0.8613,2,0
sort,aging+sfreq+refaults+rdist,K+K+,4,sort,val,1.0542,-0.6683,2,0
sort,dirty,K,1,sort,heldout,1.4324,-5.2839,3,0
sort,dirty,K,1,sort,test,1.3887,-4.3461,2,0
sort,dirty,K,1,sort,val,1.3981,-4.5258,2,0
sort,dirty+rdist,K+K+,2,sort,heldout,3.0000,-24.4387,3,3
sort,dirty+rdist,K+K+,2,sort,test,3.0000,-21.1667,2,2
sort,dirty+rdist,K+K+,2,sort,val,3.0000,-21.9114,2,2
sort,dirty+refaults,K+K+,2,sort,heldout,2.3712,-16.7548,3,0
sort,dirty+refaults,K+K+,2,sort,test,2.6274,-16.4486,2,1
sort,dirty+refaults,K+K+,2,sort,val,2.6459,-17.4535,2,1
sort,dirty+refaults+rdist,K+K+,3,sort,heldout,3.0000,-24.4387,3,3
sort,dirty+refaults+rdist,K+K+,3,sort,test,3.0000,-21.1667,2,2
sort,dirty+refaults+rdist,K+K+,3,sort,val,3.0000,-21.9114,2,2
sort,freq,F,1,sort,heldout,3.0000,-24.4387,3,3
sort,freq,F,1,sort,test,3.0000,-21.1667,2,2
sort,freq,F,1,sort,val,3.0000,-21.9114,2,2
sort,freq+ref+aging+sfreq+idle+age+dirty,F+K,7,sort,heldout,1.0910,-1.1140,3,0
sort,freq+ref+aging+sfreq+idle+age+dirty,F+K,7,sort,test,1.0506,-0.6626,2,0
sort,freq+ref+aging+sfreq+idle+age+dirty,F+K,7,sort,val,1.0764,-0.9534,2,0
sort,freq+ref+aging+sfreq+idle+age+dirty+refaults+rdist,F+K,9,sort,heldout,1.0563,-0.6903,3,0
sort,freq+ref+aging+sfreq+idle+age+dirty+refaults+rdist,F+K,9,sort,test,1.0368,-0.5693,2,0
sort,freq+ref+aging+sfreq+idle+age+dirty+refaults+rdist,F+K,9,sort,val,1.0699,-0.9176,2,0
sort,freq+sd,F,2,sort,heldout,1.0000,0.0000,3,0
sort,freq+sd,F,2,sort,test,0.9536,0.3501,2,0
sort,freq+sd,F,2,sort,val,0.9601,0.3405,2,0
sort,freq+sd+ref+aging+sfreq+idle+age+dirty,F+K,8,sort,heldout,0.9710,0.3548,3,0
sort,freq+sd+ref+aging+sfreq+idle+age+dirty,F+K,8,sort,test,0.9456,0.4570,2,0
sort,freq+sd+ref+aging+sfreq+idle+age+dirty,F+K,8,sort,val,0.9521,0.4470,2,0
sort,freq+sd+ref+aging+sfreq+idle+age+dirty+refaults+rdist,F+K,10,sort,heldout,0.9615,0.4710,3,0
sort,freq+sd+ref+aging+sfreq+idle+age+dirty+refaults+rdist,F+K,10,sort,test,0.9407,0.5261,2,0
sort,freq+sd+ref+aging+sfreq+idle+age+dirty+refaults+rdist,F+K,10,sort,val,0.9479,0.5049,2,0
sort,freq+sd+wr,F,3,sort,heldout,1.0000,0.0000,3,0
sort,freq+sd+wr,F,3,sort,test,0.9536,0.3501,2,0
sort,freq+sd+wr,F,3,sort,val,0.9601,0.3405,2,0
sort,freq+sd+wr+ref+aging+sfreq+idle+age+dirty,F+K,9,sort,heldout,0.9715,0.3484,3,0
sort,freq+sd+wr+ref+aging+sfreq+idle+age+dirty,F+K,9,sort,test,0.9468,0.4410,2,0
sort,freq+sd+wr+ref+aging+sfreq+idle+age+dirty,F+K,9,sort,val,0.9517,0.4522,2,0
sort,freq+sd+wr+ref+aging+sfreq+idle+age+dirty+refaults+rdist,F+K,11,sort,heldout,0.9629,0.4538,3,0
sort,freq+sd+wr+ref+aging+sfreq+idle+age+dirty+refaults+rdist,F+K,11,sort,test,0.9415,0.5155,2,0
sort,freq+sd+wr+ref+aging+sfreq+idle+age+dirty+refaults+rdist,F+K,11,sort,val,0.9486,0.4943,2,0
sort,freq+wr,F,2,sort,heldout,3.0000,-24.4387,3,3
sort,freq+wr,F,2,sort,test,3.0000,-21.1667,2,2
sort,freq+wr,F,2,sort,val,3.0000,-21.9114,2,2
sort,freq+wr+ref+aging+sfreq+idle+age+dirty,F+K,8,sort,heldout,1.0849,-1.0387,3,0
sort,freq+wr+ref+aging+sfreq+idle+age+dirty,F+K,8,sort,test,1.0667,-0.8371,2,0
sort,freq+wr+ref+aging+sfreq+idle+age+dirty,F+K,8,sort,val,1.0758,-0.9227,2,0
sort,freq+wr+ref+aging+sfreq+idle+age+dirty+refaults+rdist,F+K,10,sort,heldout,1.0476,-0.5849,3,0
sort,freq+wr+ref+aging+sfreq+idle+age+dirty+refaults+rdist,F+K,10,sort,test,1.0464,-0.7076,2,0
sort,freq+wr+ref+aging+sfreq+idle+age+dirty+refaults+rdist,F+K,10,sort,val,1.0556,-0.7176,2,0
sort,idle,K,1,sort,heldout,1.0000,0.0000,3,0
sort,idle,K,1,sort,test,0.9559,0.3329,2,0
sort,idle,K,1,sort,val,0.9609,0.3340,2,0
sort,idle+age,K,2,sort,heldout,1.0259,-0.3161,3,0
sort,idle+age,K,2,sort,test,1.1407,-1.2916,2,0
sort,idle+age,K,2,sort,val,1.1576,-1.5628,2,0
sort,idle+age+dirty,K,3,sort,heldout,1.0213,-0.2602,3,0
sort,idle+age+dirty,K,3,sort,test,1.1531,-1.5269,2,0
sort,idle+age+dirty,K,3,sort,val,1.1460,-1.4943,2,0
sort,idle+age+dirty+rdist,K+K+,4,sort,heldout,1.0201,-0.2452,3,0
sort,idle+age+dirty+rdist,K+K+,4,sort,test,1.2433,-2.3276,2,0
sort,idle+age+dirty+rdist,K+K+,4,sort,val,1.2367,-2.3926,2,0
sort,idle+age+dirty+refaults,K+K+,4,sort,heldout,1.0090,-0.1097,3,0
sort,idle+age+dirty+refaults,K+K+,4,sort,test,1.0482,-0.4363,2,0
sort,idle+age+dirty+refaults,K+K+,4,sort,val,1.0401,-0.3954,2,0
sort,idle+age+dirty+refaults+rdist,K+K+,5,sort,heldout,1.0088,-0.1075,3,0
sort,idle+age+dirty+refaults+rdist,K+K+,5,sort,test,1.0560,-0.4897,2,0
sort,idle+age+dirty+refaults+rdist,K+K+,5,sort,val,1.0686,-0.6365,2,0
sort,idle+age+rdist,K+K+,3,sort,heldout,1.0169,-0.2065,3,0
sort,idle+age+rdist,K+K+,3,sort,test,1.2417,-2.3112,2,0
sort,idle+age+rdist,K+K+,3,sort,val,1.2493,-2.4874,2,0
sort,idle+age+refaults,K+K+,3,sort,heldout,1.0111,-0.1355,3,0
sort,idle+age+refaults,K+K+,3,sort,test,1.0794,-0.6932,2,0
sort,idle+age+refaults,K+K+,3,sort,val,1.0886,-0.8252,2,0
sort,idle+age+refaults+rdist,K+K+,4,sort,heldout,1.0084,-0.1032,3,0
sort,idle+age+refaults+rdist,K+K+,4,sort,test,1.0689,-0.5932,2,0
sort,idle+age+refaults+rdist,K+K+,4,sort,val,1.0660,-0.6118,2,0
sort,idle+dirty,K,2,sort,heldout,1.0000,0.0000,3,0
sort,idle+dirty,K,2,sort,test,0.9630,0.2812,2,0
sort,idle+dirty,K,2,sort,val,0.9695,0.2625,2,0
sort,idle+dirty+rdist,K+K+,3,sort,heldout,0.9826,0.2129,3,0
sort,idle+dirty+rdist,K+K+,3,sort,test,1.3107,-2.7520,2,0
sort,idle+dirty+rdist,K+K+,3,sort,val,1.3218,-3.1871,2,0
sort,idle+dirty+refaults,K+K+,3,sort,heldout,1.0000,0.0000,3,0
sort,idle+dirty+refaults,K+K+,3,sort,test,0.9630,0.2812,2,0
sort,idle+dirty+refaults,K+K+,3,sort,val,0.9695,0.2625,2,0
sort,idle+dirty+refaults+rdist,K+K+,4,sort,heldout,1.0000,0.0000,3,0
sort,idle+dirty+refaults+rdist,K+K+,4,sort,test,0.9630,0.2812,2,0
sort,idle+dirty+refaults+rdist,K+K+,4,sort,val,0.9695,0.2625,2,0
sort,idle+rdist,K+K+,2,sort,heldout,0.9820,0.2194,3,0
sort,idle+rdist,K+K+,2,sort,test,1.3154,-2.8007,2,0
sort,idle+rdist,K+K+,2,sort,val,1.3261,-3.2316,2,0
sort,idle+refaults,K+K+,2,sort,heldout,1.0000,0.0000,3,0
sort,idle+refaults,K+K+,2,sort,test,0.9567,0.3272,2,0
sort,idle+refaults,K+K+,2,sort,val,0.9632,0.3145,2,0
sort,idle+refaults+rdist,K+K+,3,sort,heldout,1.0000,0.0000,3,0
sort,idle+refaults+rdist,K+K+,3,sort,test,0.9536,0.3501,2,0
sort,idle+refaults+rdist,K+K+,3,sort,val,0.9601,0.3405,2,0
sort,rdist,K+K+,1,sort,heldout,3.0000,-24.4387,3,3
sort,rdist,K+K+,1,sort,test,3.0000,-21.1667,2,2
sort,rdist,K+K+,1,sort,val,3.0000,-21.9114,2,2
sort,rec,F,1,sort,heldout,1.0000,0.0000,3,0
sort,rec,F,1,sort,test,0.9536,0.3501,2,0
sort,rec,F,1,sort,val,0.9601,0.3405,2,0
sort,rec+freq,F,2,sort,heldout,1.0000,0.0000,3,0
sort,rec+freq,F,2,sort,test,0.9536,0.3501,2,0
sort,rec+freq,F,2,sort,val,0.9601,0.3405,2,0
sort,rec+freq+ref+aging+sfreq+idle+age+dirty,F+K,8,sort,heldout,1.0048,-0.0581,3,0
sort,rec+freq+ref+aging+sfreq+idle+age+dirty,F+K,8,sort,test,0.9601,0.2744,2,0
sort,rec+freq+ref+aging+sfreq+idle+age+dirty,F+K,8,sort,val,0.9678,0.2513,2,0
sort,rec+freq+ref+aging+sfreq+idle+age+dirty+refaults+rdist,F+K,10,sort,heldout,1.0005,-0.0065,3,0
sort,rec+freq+ref+aging+sfreq+idle+age+dirty+refaults+rdist,F+K,10,sort,test,0.9609,0.2784,2,0
sort,rec+freq+ref+aging+sfreq+idle+age+dirty+refaults+rdist,F+K,10,sort,val,0.9663,0.2724,2,0
sort,rec+freq+sd,F,3,sort,heldout,1.0000,0.0000,3,0
sort,rec+freq+sd,F,3,sort,test,0.9536,0.3501,2,0
sort,rec+freq+sd,F,3,sort,val,0.9601,0.3405,2,0
sort,rec+freq+sd+ref+aging+sfreq+idle+age+dirty,F+K,9,sort,heldout,1.0021,-0.0258,3,0
sort,rec+freq+sd+ref+aging+sfreq+idle+age+dirty,F+K,9,sort,test,0.9566,0.3076,2,0
sort,rec+freq+sd+ref+aging+sfreq+idle+age+dirty,F+K,9,sort,val,0.9627,0.3036,2,0
sort,rec+freq+sd+ref+aging+sfreq+idle+age+dirty+refaults+rdist,F+K,11,sort,heldout,1.0051,-0.0624,3,0
sort,rec+freq+sd+ref+aging+sfreq+idle+age+dirty+refaults+rdist,F+K,11,sort,test,0.9570,0.3023,2,0
sort,rec+freq+sd+ref+aging+sfreq+idle+age+dirty+refaults+rdist,F+K,11,sort,val,0.9635,0.2931,2,0
sort,rec+freq+sd+wr,F,4,sort,heldout,1.0000,0.0000,3,0
sort,rec+freq+sd+wr,F,4,sort,test,0.9536,0.3501,2,0
sort,rec+freq+sd+wr,F,4,sort,val,0.9601,0.3405,2,0
sort,rec+freq+sd+wr+ref+aging+sfreq+idle+age+dirty,F+K,10,sort,heldout,1.0018,-0.0215,3,0
sort,rec+freq+sd+wr+ref+aging+sfreq+idle+age+dirty,F+K,10,sort,test,0.9570,0.3023,2,0
sort,rec+freq+sd+wr+ref+aging+sfreq+idle+age+dirty,F+K,10,sort,val,0.9631,0.2984,2,0
sort,rec+freq+sd+wr+ref+aging+sfreq+idle+age+dirty+refaults+rdist,F+K,12,sort,heldout,1.0049,-0.0602,3,0
sort,rec+freq+sd+wr+ref+aging+sfreq+idle+age+dirty+refaults+rdist,F+K,12,sort,test,0.9570,0.3023,2,0
sort,rec+freq+sd+wr+ref+aging+sfreq+idle+age+dirty+refaults+rdist,F+K,12,sort,val,0.9635,0.2931,2,0
sort,rec+freq+wr,F,3,sort,heldout,1.0000,0.0000,3,0
sort,rec+freq+wr,F,3,sort,test,0.9536,0.3501,2,0
sort,rec+freq+wr,F,3,sort,val,0.9601,0.3405,2,0
sort,rec+freq+wr+ref+aging+sfreq+idle+age+dirty,F+K,9,sort,heldout,1.0049,-0.0602,3,0
sort,rec+freq+wr+ref+aging+sfreq+idle+age+dirty,F+K,9,sort,test,0.9601,0.2744,2,0
sort,rec+freq+wr+ref+aging+sfreq+idle+age+dirty,F+K,9,sort,val,0.9678,0.2513,2,0
sort,rec+freq+wr+ref+aging+sfreq+idle+age+dirty+refaults+rdist,F+K,11,sort,heldout,1.0005,-0.0065,3,0
sort,rec+freq+wr+ref+aging+sfreq+idle+age+dirty+refaults+rdist,F+K,11,sort,test,0.9609,0.2784,2,0
sort,rec+freq+wr+ref+aging+sfreq+idle+age+dirty+refaults+rdist,F+K,11,sort,val,0.9663,0.2724,2,0
sort,rec+ref+aging+sfreq+idle+age+dirty,F+K,7,sort,heldout,1.0044,-0.0538,3,0
sort,rec+ref+aging+sfreq+idle+age+dirty,F+K,7,sort,test,0.9601,0.2744,2,0
sort,rec+ref+aging+sfreq+idle+age+dirty,F+K,7,sort,val,0.9674,0.2566,2,0
sort,rec+ref+aging+sfreq+idle+age+dirty+refaults+rdist,F+K,9,sort,heldout,1.0004,-0.0043,3,0
sort,rec+ref+aging+sfreq+idle+age+dirty+refaults+rdist,F+K,9,sort,test,0.9601,0.2842,2,0
sort,rec+ref+aging+sfreq+idle+age+dirty+refaults+rdist,F+K,9,sort,val,0.9659,0.2776,2,0
sort,rec+sd,F,2,sort,heldout,1.0000,0.0000,3,0
sort,rec+sd,F,2,sort,test,0.9536,0.3501,2,0
sort,rec+sd,F,2,sort,val,0.9601,0.3405,2,0
sort,rec+sd+ref+aging+sfreq+idle+age+dirty,F+K,8,sort,heldout,1.0011,-0.0129,3,0
sort,rec+sd+ref+aging+sfreq+idle+age+dirty,F+K,8,sort,test,0.9540,0.3448,2,0
sort,rec+sd+ref+aging+sfreq+idle+age+dirty,F+K,8,sort,val,0.9623,0.3089,2,0
sort,rec+sd+ref+aging+sfreq+idle+age+dirty+refaults+rdist,F+K,10,sort,heldout,1.0011,-0.0129,3,0
sort,rec+sd+ref+aging+sfreq+idle+age+dirty+refaults+rdist,F+K,10,sort,test,0.9540,0.3448,2,0
sort,rec+sd+ref+aging+sfreq+idle+age+dirty+refaults+rdist,F+K,10,sort,val,0.9616,0.3194,2,0
sort,rec+sd+wr,F,3,sort,heldout,1.0000,0.0000,3,0
sort,rec+sd+wr,F,3,sort,test,0.9536,0.3501,2,0
sort,rec+sd+wr,F,3,sort,val,0.9601,0.3405,2,0
sort,rec+sd+wr+ref+aging+sfreq+idle+age+dirty,F+K,9,sort,heldout,1.0009,-0.0108,3,0
sort,rec+sd+wr+ref+aging+sfreq+idle+age+dirty,F+K,9,sort,test,0.9540,0.3448,2,0
sort,rec+sd+wr+ref+aging+sfreq+idle+age+dirty,F+K,9,sort,val,0.9623,0.3089,2,0
sort,rec+sd+wr+ref+aging+sfreq+idle+age+dirty+refaults+rdist,F+K,11,sort,heldout,1.0011,-0.0129,3,0
sort,rec+sd+wr+ref+aging+sfreq+idle+age+dirty+refaults+rdist,F+K,11,sort,test,0.9540,0.3448,2,0
sort,rec+sd+wr+ref+aging+sfreq+idle+age+dirty+refaults+rdist,F+K,11,sort,val,0.9616,0.3194,2,0
sort,rec+wr,F,2,sort,heldout,1.0000,0.0000,3,0
sort,rec+wr,F,2,sort,test,0.9536,0.3501,2,0
sort,rec+wr,F,2,sort,val,0.9601,0.3405,2,0
sort,rec+wr+ref+aging+sfreq+idle+age+dirty,F+K,8,sort,heldout,1.0044,-0.0538,3,0
sort,rec+wr+ref+aging+sfreq+idle+age+dirty,F+K,8,sort,test,0.9601,0.2744,2,0
sort,rec+wr+ref+aging+sfreq+idle+age+dirty,F+K,8,sort,val,0.9678,0.2513,2,0
sort,rec+wr+ref+aging+sfreq+idle+age+dirty+refaults+rdist,F+K,10,sort,heldout,1.0005,-0.0065,3,0
sort,rec+wr+ref+aging+sfreq+idle+age+dirty+refaults+rdist,F+K,10,sort,test,0.9601,0.2842,2,0
sort,rec+wr+ref+aging+sfreq+idle+age+dirty+refaults+rdist,F+K,10,sort,val,0.9659,0.2776,2,0
sort,ref,K,1,sort,heldout,1.0000,0.0000,3,0
sort,ref,K,1,sort,test,0.9559,0.3329,2,0
sort,ref,K,1,sort,val,0.9609,0.3340,2,0
sort,ref+age,K,2,sort,heldout,1.0004,-0.0043,3,0
sort,ref+age,K,2,sort,test,1.0022,-0.0608,2,0
sort,ref+age,K,2,sort,val,1.0120,-0.1390,2,0
sort,ref+age+dirty,K,3,sort,heldout,1.0000,0.0000,3,0
sort,ref+age+dirty,K,3,sort,test,1.0074,-0.0864,2,0
sort,ref+age+dirty,K,3,sort,val,1.0085,-0.0956,2,0
sort,ref+age+dirty+rdist,K+K+,4,sort,heldout,1.0000,0.0000,3,0
sort,ref+age+dirty+rdist,K+K+,4,sort,test,1.0325,-0.2769,2,0
sort,ref+age+dirty+rdist,K+K+,4,sort,val,1.0474,-0.4333,2,0
sort,ref+age+dirty+refaults,K+K+,4,sort,heldout,1.0000,0.0000,3,0
sort,ref+age+dirty+refaults,K+K+,4,sort,test,0.9815,0.1139,2,0
sort,ref+age+dirty+refaults,K+K+,4,sort,val,0.9839,0.1162,2,0
sort,ref+age+dirty+refaults+rdist,K+K+,5,sort,heldout,1.0000,0.0000,3,0
sort,ref+age+dirty+refaults+rdist,K+K+,5,sort,test,1.0006,-0.0298,2,0
sort,ref+age+dirty+refaults+rdist,K+K+,5,sort,val,1.0085,-0.0916,2,0
sort,ref+age+rdist,K+K+,3,sort,heldout,1.0000,0.0000,3,0
sort,ref+age+rdist,K+K+,3,sort,test,1.0448,-0.3840,2,0
sort,ref+age+rdist,K+K+,3,sort,val,1.0548,-0.5023,2,0
sort,ref+age+refaults,K+K+,3,sort,heldout,1.0000,0.0000,3,0
sort,ref+age+refaults,K+K+,3,sort,test,0.9776,0.1426,2,0
sort,ref+age+refaults,K+K+,3,sort,val,0.9827,0.1239,2,0
sort,ref+age+refaults+rdist,K+K+,4,sort,heldout,1.0000,0.0000,3,0
sort,ref+age+refaults+rdist,K+K+,4,sort,test,1.0025,-0.0515,2,0
sort,ref+age+refaults+rdist,K+K+,4,sort,val,1.0108,-0.1151,2,0
sort,ref+aging,K,2,sort,heldout,1.0000,0.0000,3,0
sort,ref+aging,K,2,sort,test,0.9559,0.3329,2,0
sort,ref+aging,K,2,sort,val,0.9609,0.3340,2,0
sort,ref+aging+age,K,3,sort,heldout,1.0004,-0.0043,3,0
sort,ref+aging+age,K,3,sort,test,0.9994,-0.0236,2,0
sort,ref+aging+age,K,3,sort,val,1.0093,-0.1021,2,0
sort,ref+aging+age+dirty,K,4,sort,heldout,1.0000,0.0000,3,0
sort,ref+aging+age+dirty,K,4,sort,test,1.0074,-0.0864,2,0
sort,ref+aging+age+dirty,K,4,sort,val,1.0085,-0.0956,2,0
sort,ref+aging+age+dirty+rdist,K+K+,5,sort,heldout,1.0000,0.0000,3,0
sort,ref+aging+age+dirty+rdist,K+K+,5,sort,test,1.0193,-0.1783,2,0
sort,ref+aging+age+dirty+rdist,K+K+,5,sort,val,1.0554,-0.5047,2,0
sort,ref+aging+age+dirty+refaults,K+K+,5,sort,heldout,1.0000,0.0000,3,0
sort,ref+aging+age+dirty+refaults,K+K+,5,sort,test,0.9807,0.1197,2,0
sort,ref+aging+age+dirty+refaults,K+K+,5,sort,val,0.9831,0.1227,2,0
sort,ref+aging+age+dirty+refaults+rdist,K+K+,6,sort,heldout,1.0000,0.0000,3,0
sort,ref+aging+age+dirty+refaults+rdist,K+K+,6,sort,test,1.0016,-0.0311,2,0
sort,ref+aging+age+dirty+refaults+rdist,K+K+,6,sort,val,1.0069,-0.0665,2,0
sort,ref+aging+age+rdist,K+K+,4,sort,heldout,1.0000,0.0000,3,0
sort,ref+aging+age+rdist,K+K+,4,sort,test,1.0282,-0.2473,2,0
sort,ref+aging+age+rdist,K+K+,4,sort,val,1.0390,-0.3606,2,0
sort,ref+aging+age+refaults,K+K+,4,sort,heldout,1.0000,0.0000,3,0
sort,ref+aging+age+refaults,K+K+,4,sort,test,0.9776,0.1426,2,0
sort,ref+aging+age+refaults,K+K+,4,sort,val,0.9823,0.1292,2,0
sort,ref+aging+age+refaults+rdist,K+K+,5,sort,heldout,1.0000,0.0000,3,0
sort,ref+aging+age+refaults+rdist,K+K+,5,sort,test,1.0009,-0.0351,2,0
sort,ref+aging+age+refaults+rdist,K+K+,5,sort,val,1.0080,-0.0783,2,0
sort,ref+aging+dirty,K,3,sort,heldout,1.0000,0.0000,3,0
sort,ref+aging+dirty,K,3,sort,test,0.9769,0.1777,2,0
sort,ref+aging+dirty,K,3,sort,val,0.9827,0.1522,2,0
sort,ref+aging+dirty+rdist,K+K+,4,sort,heldout,1.2473,-3.0215,3,0
sort,ref+aging+dirty+rdist,K+K+,4,sort,test,1.0845,-0.9644,2,0
sort,ref+aging+dirty+rdist,K+K+,4,sort,val,1.0930,-1.0575,2,0
sort,ref+aging+dirty+refaults,K+K+,4,sort,heldout,1.0000,0.0000,3,0
sort,ref+aging+dirty+refaults,K+K+,4,sort,test,0.9622,0.2869,2,0
sort,ref+aging+dirty+refaults,K+K+,4,sort,val,0.9687,0.2690,2,0
sort,ref+aging+dirty+refaults+rdist,K+K+,5,sort,heldout,0.9565,0.5312,3,0
sort,ref+aging+dirty+refaults+rdist,K+K+,5,sort,test,0.9561,0.3965,2,0
sort,ref+aging+dirty+refaults+rdist,K+K+,5,sort,val,0.9622,0.3787,2,0
sort,ref+aging+idle,K,3,sort,heldout,0.9863,0.1677,3,0
sort,ref+aging+idle,K,3,sort,test,0.9578,0.3063,2,0
sort,ref+aging+idle,K,3,sort,val,0.9643,0.2906,2,0
sort,ref+aging+idle+age,K,4,sort,heldout,1.0638,-0.7806,3,0
sort,ref+aging+idle+age,K,4,sort,test,1.0317,-0.4704,2,0
sort,ref+aging+idle+age,K,4,sort,val,1.0414,-0.5390,2,0
sort,ref+aging+idle+age+dirty,K,5,sort,heldout,1.0581,-0.7097,3,0
sort,ref+aging+idle+age+dirty,K,5,sort,test,1.0285,-0.4572,2,0
sort,ref+aging+idle+age+dirty,K,5,sort,val,1.0406,-0.5821,2,0
sort,ref+aging+idle+age+dirty+rdist,K+K+,6,sort,heldout,1.1424,-1.7441,3,0
sort,ref+aging+idle+age+dirty+rdist,K+K+,6,sort,test,1.0875,-1.1545,2,0
sort,ref+aging+idle+age+dirty+rdist,K+K+,6,sort,val,1.0944,-1.1766,2,0
sort,ref+aging+idle+age+dirty+refaults,K+K+,6,sort,heldout,1.0128,-0.1570,3,0
sort,ref+aging+idle+age+dirty+refaults,K+K+,6,sort,test,1.0091,-0.2006,2,0
sort,ref+aging+idle+age+dirty+refaults,K+K+,6,sort,val,1.0193,-0.3116,2,0
sort,ref+aging+idle+age+dirty+refaults+rdist,K+K+,7,sort,heldout,1.0158,-0.1935,3,0
sort,ref+aging+idle+age+dirty+refaults+rdist,K+K+,7,sort,test,1.0257,-0.3608,2,0
sort,ref+aging+idle+age+dirty+refaults+rdist,K+K+,7,sort,val,1.0279,-0.3789,2,0
sort,ref+aging+idle+age+rdist,K+K+,5,sort,heldout,1.1410,-1.7226,3,0
sort,ref+aging+idle+age+rdist,K+K+,5,sort,test,1.0691,-0.9085,2,0
sort,ref+aging+idle+age+rdist,K+K+,5,sort,val,1.0830,-1.0267,2,0
sort,ref+aging+idle+age+refaults,K+K+,5,sort,heldout,1.0065,-0.0796,3,0
sort,ref+aging+idle+age+refaults,K+K+,5,sort,test,1.0157,-0.2225,2,0
sort,ref+aging+idle+age+refaults,K+K+,5,sort,val,1.0241,-0.3102,2,0
sort,ref+aging+idle+age+refaults+rdist,K+K+,6,sort,heldout,1.0088,-0.1075,3,0
sort,ref+aging+idle+age+refaults+rdist,K+K+,6,sort,test,1.0218,-0.3077,2,0
sort,ref+aging+idle+age+refaults+rdist,K+K+,6,sort,val,1.0315,-0.4062,2,0
sort,ref+aging+idle+dirty,K,4,sort,heldout,0.9938,0.0753,3,0
sort,ref+aging+idle+dirty,K,4,sort,test,0.9959,0.0243,2,0
sort,ref+aging+idle+dirty,K,4,sort,val,1.0061,-0.0560,2,0
sort,ref+aging+idle+dirty+rdist,K+K+,5,sort,heldout,1.0823,-1.0151,3,0
sort,ref+aging+idle+dirty+rdist,K+K+,5,sort,test,0.9786,0.2534,2,0
sort,ref+aging+idle+dirty+rdist,K+K+,5,sort,val,0.9894,0.1651,2,0
sort,ref+aging+idle+dirty+refaults,K+K+,5,sort,heldout,0.9917,0.1011,3,0
sort,ref+aging+idle+dirty+refaults,K+K+,5,sort,test,0.9664,0.2480,2,0
sort,ref+aging+idle+dirty+refaults,K+K+,5,sort,val,0.9722,0.2378,2,0
sort,ref+aging+idle+dirty+refaults+rdist,K+K+,6,sort,heldout,0.9641,0.4387,3,0
sort,ref+aging+idle+dirty+refaults+rdist,K+K+,6,sort,test,0.9584,0.3646,2,0
sort,ref+aging+idle+dirty+refaults+rdist,K+K+,6,sort,val,0.9642,0.3524,2,0
sort,ref+aging+idle+rdist,K+K+,4,sort,heldout,1.1478,-1.8194,3,0
sort,ref+aging+idle+rdist,K+K+,4,sort,test,0.9945,0.1225,2,0
sort,ref+aging+idle+rdist,K+K+,4,sort,val,0.9961,0.1026,2,0
sort,ref+aging+idle+refaults,K+K+,4,sort,heldout,0.9919,0.0989,3,0
sort,ref+aging+idle+refaults,K+K+,4,sort,test,0.9586,0.3055,2,0
sort,ref+aging+idle+refaults,K+K+,4,sort,val,0.9648,0.2975,2,0
sort,ref+aging+idle+refaults+rdist,K+K+,5,sort,heldout,0.9602,0.4860,3,0
sort,ref+aging+idle+refaults+rdist,K+K+,5,sort,test,0.9465,0.4610,2,0
sort,ref+aging+idle+refaults+rdist,K+K+,5,sort,val,0.9533,0.4433,2,0
sort,ref+aging+rdist,K+K+,3,sort,heldout,1.7679,-9.3828,3,0
sort,ref+aging+rdist,K+K+,3,sort,test,1.2761,-4.0760,2,0
sort,ref+aging+rdist,K+K+,3,sort,val,1.2825,-4.0636,2,0
sort,ref+aging+refaults,K+K+,3,sort,heldout,1.0000,0.0000,3,0
sort,ref+aging+refaults,K+K+,3,sort,test,0.9567,0.3272,2,0
sort,ref+aging+refaults,K+K+,3,sort,val,0.9632,0.3145,2,0
sort,ref+aging+refaults+rdist,K+K+,4,sort,heldout,0.9565,0.5312,3,0
sort,ref+aging+refaults+rdist,K+K+,4,sort,test,0.9449,0.4823,2,0
sort,ref+aging+refaults+rdist,K+K+,4,sort,val,0.9513,0.4696,2,0
sort,ref+aging+sfreq,K,3,sort,heldout,1.1765,-2.1570,3,0
sort,ref+aging+sfreq,K,3,sort,test,1.0875,-1.1101,2,0
sort,ref+aging+sfreq,K,3,sort,val,1.0875,-1.0899,2,0
sort,ref+aging+sfreq+age,K,4,sort,heldout,1.0125,-0.1527,3,0
sort,ref+aging+sfreq+age,K,4,sort,test,1.0370,-0.4030,2,0
sort,ref+aging+sfreq+age,K,4,sort,val,1.0371,-0.3964,2,0
sort,ref+aging+sfreq+age+dirty,K,5,sort,heldout,1.0401,-0.4925,3,0
sort,ref+aging+sfreq+age+dirty,K,5,sort,test,1.0835,-0.9048,2,0
sort,ref+aging+sfreq+age+dirty,K,5,sort,val,1.0861,-0.9277,2,0
sort,ref+aging+sfreq+age+dirty+rdist,K+K+,6,sort,heldout,1.1302,-1.5935,3,0
sort,ref+aging+sfreq+age+dirty+rdist,K+K+,6,sort,test,1.1360,-1.5451,2,0
sort,ref+aging+sfreq+age+dirty+rdist,K+K+,6,sort,val,1.1274,-1.4090,2,0
sort,ref+aging+sfreq+age+dirty+refaults,K+K+,6,sort,heldout,1.0040,-0.0495,3,0
sort,ref+aging+sfreq+age+dirty+refaults,K+K+,6,sort,test,0.9999,-0.0827,2,0
sort,ref+aging+sfreq+age+dirty+refaults,K+K+,6,sort,val,1.0109,-0.1877,2,0
sort,ref+aging+sfreq+age+dirty+refaults+rdist,K+K+,7,sort,heldout,0.9940,0.0731,3,0
sort,ref+aging+sfreq+age+dirty+refaults+rdist,K+K+,7,sort,test,1.0184,-0.2842,2,0
sort,ref+aging+sfreq+age+dirty+refaults+rdist,K+K+,7,sort,val,1.0295,-0.4791,2,0
sort,ref+aging+sfreq+age+rdist,K+K+,5,sort,heldout,1.1147,-1.4022,3,0
sort,ref+aging+sfreq+age+rdist,K+K+,5,sort,test,1.0756,-0.8958,2,0
sort,ref+aging+sfreq+age+rdist,K+K+,5,sort,val,1.0789,-0.8599,2,0
sort,ref+aging+sfreq+age+refaults,K+K+,5,sort,heldout,1.0019,-0.0237,3,0
sort,ref+aging+sfreq+age+refaults,K+K+,5,sort,test,0.9930,0.0130,2,0
sort,ref+aging+sfreq+age+refaults,K+K+,5,sort,val,0.9932,0.0423,2,0
sort,ref+aging+sfreq+age+refaults+rdist,K+K+,6,sort,heldout,1.0065,-0.0796,3,0
sort,ref+aging+sfreq+age+refaults+rdist,K+K+,6,sort,test,0.9902,-0.0182,2,0
sort,ref+aging+sfreq+age+refaults+rdist,K+K+,6,sort,val,0.9862,0.1169,2,0
sort,ref+aging+sfreq+dirty,K,4,sort,heldout,1.0852,-1.0430,3,0
sort,ref+aging+sfreq+dirty,K,4,sort,test,1.0830,-1.0462,2,0
sort,ref+aging+sfreq+dirty,K,4,sort,val,1.0631,-0.7813,2,0
sort,ref+aging+sfreq+dirty+rdist,K+K+,5,sort,heldout,1.1227,-1.5226,3,0
sort,ref+aging+sfreq+dirty+rdist,K+K+,5,sort,test,1.1337,-1.5034,2,0
sort,ref+aging+sfreq+dirty+rdist,K+K+,5,sort,val,1.1293,-1.4232,2,0
sort,ref+aging+sfreq+dirty+refaults,K+K+,5,sort,heldout,0.9963,0.0452,3,0
sort,ref+aging+sfreq+dirty+refaults,K+K+,5,sort,test,1.0174,-0.3274,2,0
sort,ref+aging+sfreq+dirty+refaults,K+K+,5,sort,val,1.0224,-0.3456,2,0
sort,ref+aging+sfreq+dirty+refaults+rdist,K+K+,6,sort,heldout,0.9948,0.0624,3,0
sort,ref+aging+sfreq+dirty+refaults+rdist,K+K+,6,sort,test,1.0041,-0.0874,2,0
sort,ref+aging+sfreq+dirty+refaults+rdist,K+K+,6,sort,val,0.9943,0.0104,2,0
sort,ref+aging+sfreq+idle,K,4,sort,heldout,1.0424,-0.5183,3,0
sort,ref+aging+sfreq+idle,K,4,sort,test,1.0283,-0.4768,2,0
sort,ref+aging+sfreq+idle,K,4,sort,val,1.0225,-0.3751,2,0
sort,ref+aging+sfreq+idle+age,K,5,sort,heldout,1.0456,-0.5570,3,0
sort,ref+aging+sfreq+idle+age,K,5,sort,test,1.1028,-1.0396,2,0
sort,ref+aging+sfreq+idle+age,K,5,sort,val,1.0896,-0.9319,2,0
sort,ref+aging+sfreq+idle+age+dirty,K,6,sort,heldout,1.0595,-0.7269,3,0
sort,ref+aging+sfreq+idle+age+dirty,K,6,sort,test,1.0499,-0.7457,2,0
sort,ref+aging+sfreq+idle+age+dirty,K,6,sort,val,1.0551,-0.7579,2,0
sort,ref+aging+sfreq+idle+age+dirty+rdist,K+K+,7,sort,heldout,1.1417,-1.7355,3,0
sort,ref+aging+sfreq+idle+age+dirty+rdist,K+K+,7,sort,test,1.0945,-1.2209,2,0
sort,ref+aging+sfreq+idle+age+dirty+rdist,K+K+,7,sort,val,1.0814,-1.0178,2,0
sort,ref+aging+sfreq+idle+age+dirty+refaults,K+K+,7,sort,heldout,1.0007,-0.0086,3,0
sort,ref+aging+sfreq+idle+age+dirty+refaults,K+K+,7,sort,test,1.0099,-0.1819,2,0
sort,ref+aging+sfreq+idle+age+dirty+refaults,K+K+,7,sort,val,1.0357,-0.4439,2,0
sort,ref+aging+sfreq+idle+age+dirty+refaults+rdist,K+K+,8,sort,heldout,1.0216,-0.2645,3,0
sort,ref+aging+sfreq+idle+age+dirty+refaults+rdist,K+K+,8,sort,test,1.0265,-0.4453,2,0
sort,ref+aging+sfreq+idle+age+dirty+refaults+rdist,K+K+,8,sort,val,1.0365,-0.4625,2,0
sort,ref+aging+sfreq+idle+age+rdist,K+K+,6,sort,heldout,1.1612,-1.9720,3,0
sort,ref+aging+sfreq+idle+age+rdist,K+K+,6,sort,test,1.0861,-1.0741,2,0
sort,ref+aging+sfreq+idle+age+rdist,K+K+,6,sort,val,1.0823,-1.0497,2,0
sort,ref+aging+sfreq+idle+age+refaults,K+K+,6,sort,heldout,1.0111,-0.1355,3,0
sort,ref+aging+sfreq+idle+age+refaults,K+K+,6,sort,test,1.0134,-0.2053,2,0
sort,ref+aging+sfreq+idle+age+refaults,K+K+,6,sort,val,1.0191,-0.2740,2,0
sort,ref+aging+sfreq+idle+age+refaults+rdist,K+K+,7,sort,heldout,1.0070,-0.0860,3,0
sort,ref+aging+sfreq+idle+age+refaults+rdist,K+K+,7,sort,test,1.0091,-0.1370,2,0
sort,ref+aging+sfreq+idle+age+refaults+rdist,K+K+,7,sort,val,1.0229,-0.2742,2,0
sort,ref+aging+sfreq+idle+dirty,K,5,sort,heldout,1.0784,-0.9591,3,0
sort,ref+aging+sfreq+idle+dirty,K,5,sort,test,1.0557,-0.7566,2,0
sort,ref+aging+sfreq+idle+dirty,K,5,sort,val,1.0743,-1.0102,2,0
sort,ref+aging+sfreq+idle+dirty+rdist,K+K+,6,sort,heldout,1.1098,-1.3441,3,0
sort,ref+aging+sfreq+idle+dirty+rdist,K+K+,6,sort,test,1.1093,-1.2954,2,0
sort,ref+aging+sfreq+idle+dirty+rdist,K+K+,6,sort,val,1.0880,-1.1246,2,0
sort,ref+aging+sfreq+idle+dirty+refaults,K+K+,6,sort,heldout,1.0098,-0.1204,3,0
sort,ref+aging+sfreq+idle+dirty+refaults,K+K+,6,sort,test,0.9988,-0.0472,2,0
sort,ref+aging+sfreq+idle+dirty+refaults,K+K+,6,sort,val,1.0036,-0.0958,2,0
sort,ref+aging+sfreq+idle+dirty+refaults+rdist,K+K+,7,sort,heldout,1.0018,-0.0215,3,0
sort,ref+aging+sfreq+idle+dirty+refaults+rdist,K+K+,7,sort,test,1.0049,-0.1519,2,0
sort,ref+aging+sfreq+idle+dirty+refaults+rdist,K+K+,7,sort,val,1.0205,-0.3193,2,0
sort,ref+aging+sfreq+idle+rdist,K+K+,5,sort,heldout,1.0566,-0.6946,3,0
sort,ref+aging+sfreq+idle+rdist,K+K+,5,sort,test,1.0676,-0.7939,2,0
sort,ref+aging+sfreq+idle+rdist,K+K+,5,sort,val,1.0744,-0.8895,2,0
sort,ref+aging+sfreq+idle+refaults,K+K+,5,sort,heldout,1.0276,-0.3376,3,0
sort,ref+aging+sfreq+idle+refaults,K+K+,5,sort,test,1.0055,-0.1967,2,0
sort,ref+aging+sfreq+idle+refaults,K+K+,5,sort,val,1.0031,-0.1228,2,0
sort,ref+aging+sfreq+idle+refaults+rdist,K+K+,6,sort,heldout,1.0024,-0.0301,3,0
sort,ref+aging+sfreq+idle+refaults+rdist,K+K+,6,sort,test,1.0072,-0.1691,2,0
sort,ref+aging+sfreq+idle+refaults+rdist,K+K+,6,sort,val,0.9970,-0.0023,2,0
sort,ref+aging+sfreq+rdist,K+K+,4,sort,heldout,1.1617,-1.9763,3,0
sort,ref+aging+sfreq+rdist,K+K+,4,sort,test,1.1020,-1.2730,2,0
sort,ref+aging+sfreq+rdist,K+K+,4,sort,val,1.0781,-0.9583,2,0
sort,ref+aging+sfreq+refaults,K+K+,4,sort,heldout,1.0422,-0.5161,3,0
sort,ref+aging+sfreq+refaults,K+K+,4,sort,test,1.0036,-0.1702,2,0
sort,ref+aging+sfreq+refaults,K+K+,4,sort,val,1.0069,-0.1754,2,0
sort,ref+aging+sfreq+refaults+rdist,K+K+,5,sort,heldout,1.0146,-0.1785,3,0
sort,ref+aging+sfreq+refaults+rdist,K+K+,5,sort,test,0.9959,-0.0980,2,0
sort,ref+aging+sfreq+refaults+rdist,K+K+,5,sort,val,1.0171,-0.3094,2,0
sort,ref+dirty,K,2,sort,heldout,1.0195,-0.2387,3,0
sort,ref+dirty,K,2,sort,test,0.9736,0.1371,2,0
sort,ref+dirty,K,2,sort,val,0.9802,0.1192,2,0
sort,ref+dirty+rdist,K+K+,3,sort,heldout,1.8113,-9.9140,3,0
sort,ref+dirty+rdist,K+K+,3,sort,test,1.8104,-8.7085,2,0
sort,ref+dirty+rdist,K+K+,3,sort,val,1.8285,-9.1512,2,0
sort,ref+dirty+refaults,K+K+,3,sort,heldout,1.0132,-0.1613,3,0
sort,ref+dirty+refaults,K+K+,3,sort,test,0.9706,0.1797,2,0
sort,ref+dirty+refaults,K+K+,3,sort,val,0.9771,0.1613,2,0
sort,ref+dirty+refaults+rdist,K+K+,4,sort,heldout,1.9880,-12.0731,3,0
sort,ref+dirty+refaults+rdist,K+K+,4,sort,test,1.4500,-6.8167,2,0
sort,ref+dirty+refaults+rdist,K+K+,4,sort,val,1.4916,-7.0746,2,0
sort,ref+idle,K,2,sort,heldout,1.0000,0.0000,3,0
sort,ref+idle,K,2,sort,test,0.9559,0.3329,2,0
sort,ref+idle,K,2,sort,val,0.9609,0.3340,2,0
sort,ref+idle+age,K,3,sort,heldout,1.0211,-0.2581,3,0
sort,ref+idle+age,K,3,sort,test,1.1123,-1.0618,2,0
sort,ref+idle+age,K,3,sort,val,1.1322,-1.3343,2,0
sort,ref+idle+age+dirty,K,4,sort,heldout,1.0165,-0.2022,3,0
sort,ref+idle+age+dirty,K,4,sort,test,1.1534,-1.4797,2,0
sort,ref+idle+age+dirty,K,4,sort,val,1.1622,-1.6384,2,0
sort,ref+idle+age+dirty+rdist,K+K+,5,sort,heldout,1.0143,-0.1742,3,0
sort,ref+idle+age+dirty+rdist,K+K+,5,sort,test,1.2243,-2.1769,2,0
sort,ref+idle+age+dirty+rdist,K+K+,5,sort,val,1.2169,-2.1835,2,0
sort,ref+idle+age+dirty+refaults,K+K+,5,sort,heldout,1.0090,-0.1097,3,0
sort,ref+idle+age+dirty+refaults,K+K+,5,sort,test,1.0395,-0.3771,2,0
sort,ref+idle+age+dirty+refaults,K+K+,5,sort,val,1.0409,-0.4018,2,0
sort,ref+idle+age+dirty+refaults+rdist,K+K+,6,sort,heldout,1.0090,-0.1097,3,0
sort,ref+idle+age+dirty+refaults+rdist,K+K+,6,sort,test,1.0607,-0.5295,2,0
sort,ref+idle+age+dirty+refaults+rdist,K+K+,6,sort,val,1.0654,-0.6093,2,0
sort,ref+idle+age+rdist,K+K+,4,sort,heldout,1.0151,-0.1849,3,0
sort,ref+idle+age+rdist,K+K+,4,sort,test,1.2237,-2.1386,2,0
sort,ref+idle+age+rdist,K+K+,4,sort,val,1.2171,-2.1943,2,0
sort,ref+idle+age+refaults,K+K+,4,sort,heldout,1.0090,-0.1097,3,0
sort,ref+idle+age+refaults,K+K+,4,sort,test,1.0803,-0.7087,2,0
sort,ref+idle+age+refaults,K+K+,4,sort,val,1.0784,-0.7370,2,0
sort,ref+idle+age+refaults+rdist,K+K+,5,sort,heldout,1.0084,-0.1032,3,0
sort,ref+idle+age+refaults+rdist,K+K+,5,sort,test,1.0724,-0.6406,2,0
sort,ref+idle+age+refaults+rdist,K+K+,5,sort,val,1.0657,-0.6105,2,0
sort,ref+idle+dirty,K,3,sort,heldout,1.0000,0.0000,3,0
sort,ref+idle+dirty,K,3,sort,test,0.9630,0.2812,2,0
sort,ref+idle+dirty,K,3,sort,val,0.9695,0.2625,2,0
sort,ref+idle+dirty+rdist,K+K+,4,sort,heldout,0.9863,0.1677,3,0
sort,ref+idle+dirty+rdist,K+K+,4,sort,test,1.3113,-2.7582,2,0
sort,ref+idle+dirty+rdist,K+K+,4,sort,val,1.3208,-3.1766,2,0
sort,ref+idle+dirty+refaults,K+K+,4,sort,heldout,1.0000,0.0000,3,0
sort,ref+idle+dirty+refaults,K+K+,4,sort,test,0.9630,0.2812,2,0
sort,ref+idle+dirty+refaults,K+K+,4,sort,val,0.9695,0.2625,2,0
sort,ref+idle+dirty+refaults+rdist,K+K+,5,sort,heldout,1.0000,0.0000,3,0
sort,ref+idle+dirty+refaults+rdist,K+K+,5,sort,test,0.9630,0.2812,2,0
sort,ref+idle+dirty+refaults+rdist,K+K+,5,sort,val,0.9695,0.2625,2,0
sort,ref+idle+rdist,K+K+,3,sort,heldout,0.9815,0.2258,3,0
sort,ref+idle+rdist,K+K+,3,sort,test,1.3161,-2.8069,2,0
sort,ref+idle+rdist,K+K+,3,sort,val,1.3256,-3.2264,2,0
sort,ref+idle+refaults,K+K+,3,sort,heldout,1.0000,0.0000,3,0
sort,ref+idle+refaults,K+K+,3,sort,test,0.9567,0.3272,2,0
sort,ref+idle+refaults,K+K+,3,sort,val,0.9632,0.3145,2,0
sort,ref+idle+refaults+rdist,K+K+,4,sort,heldout,1.0000,0.0000,3,0
sort,ref+idle+refaults+rdist,K+K+,4,sort,test,0.9536,0.3501,2,0
sort,ref+idle+refaults+rdist,K+K+,4,sort,val,0.9601,0.3405,2,0
sort,ref+rdist,K+K+,2,sort,heldout,1.8430,-10.3011,3,0
sort,ref+rdist,K+K+,2,sort,test,1.8253,-8.9453,2,0
sort,ref+rdist,K+K+,2,sort,val,1.8462,-9.4014,2,0
sort,ref+refaults,K+K+,2,sort,heldout,1.0000,0.0000,3,0
sort,ref+refaults,K+K+,2,sort,test,0.9567,0.3272,2,0
sort,ref+refaults,K+K+,2,sort,val,0.9632,0.3145,2,0
sort,ref+refaults+rdist,K+K+,3,sort,heldout,1.9935,-12.1398,3,0
sort,ref+refaults+rdist,K+K+,3,sort,test,1.3404,-6.3126,2,0
sort,ref+refaults+rdist,K+K+,3,sort,val,1.3532,-6.3218,2,0
sort,ref+sfreq,K,2,sort,heldout,3.0000,-24.4387,3,3
sort,ref+sfreq,K,2,sort,test,3.0000,-21.1667,2,2
sort,ref+sfreq,K,2,sort,val,3.0000,-21.9114,2,2
sort,ref+sfreq+age,K,3,sort,heldout,1.0113,-0.1376,3,0
sort,ref+sfreq+age,K,3,sort,test,1.1320,-1.2129,2,0
sort,ref+sfreq+age,K,3,sort,val,1.1462,-1.4344,2,0
sort,ref+sfreq+age+dirty,K,4,sort,heldout,1.0102,-0.1247,3,0
sort,ref+sfreq+age+dirty,K,4,sort,test,1.1367,-1.2763,2,0
sort,ref+sfreq+age+dirty,K,4,sort,val,1.1621,-1.5962,2,0
sort,ref+sfreq+age+dirty+rdist,K+K+,5,sort,heldout,1.0192,-0.2344,3,0
sort,ref+sfreq+age+dirty+rdist,K+K+,5,sort,test,1.1931,-1.9053,2,0
sort,ref+sfreq+age+dirty+rdist,K+K+,5,sort,val,1.1805,-1.8306,2,0
sort,ref+sfreq+age+dirty+refaults,K+K+,5,sort,heldout,1.0063,-0.0774,3,0
sort,ref+sfreq+age+dirty+refaults,K+K+,5,sort,test,1.0668,-0.5902,2,0
sort,ref+sfreq+age+dirty+refaults,K+K+,5,sort,val,1.0787,-0.7274,2,0
sort,ref+sfreq+age+dirty+refaults+rdist,K+K+,6,sort,heldout,1.0055,-0.0667,3,0
sort,ref+sfreq+age+dirty+refaults+rdist,K+K+,6,sort,test,1.0595,-0.5661,2,0
sort,ref+sfreq+age+dirty+refaults+rdist,K+K+,6,sort,val,1.0527,-0.4868,2,0
sort,ref+sfreq+age+rdist,K+K+,4,sort,heldout,1.0181,-0.2215,3,0
sort,ref+sfreq+age+rdist,K+K+,4,sort,test,1.2468,-2.3425,2,0
sort,ref+sfreq+age+rdist,K+K+,4,sort,val,1.2159,-2.1428,2,0
sort,ref+sfreq+age+refaults,K+K+,4,sort,heldout,1.0063,-0.0774,3,0
sort,ref+sfreq+age+refaults,K+K+,4,sort,test,1.1026,-0.9109,2,0
sort,ref+sfreq+age+refaults,K+K+,4,sort,val,1.1046,-0.9869,2,0
sort,ref+sfreq+age+refaults+rdist,K+K+,5,sort,heldout,1.0065,-0.0796,3,0
sort,ref+sfreq+age+refaults+rdist,K+K+,5,sort,test,1.0822,-0.7019,2,0
sort,ref+sfreq+age+refaults+rdist,K+K+,5,sort,val,1.0771,-0.7104,2,0
sort,ref+sfreq+dirty,K,3,sort,heldout,3.0000,-24.4387,3,3
sort,ref+sfreq+dirty,K,3,sort,test,3.0000,-21.1667,2,2
sort,ref+sfreq+dirty,K,3,sort,val,3.0000,-21.9114,2,2
sort,ref+sfreq+dirty+rdist,K+K+,4,sort,heldout,2.3234,-17.2323,3,1
sort,ref+sfreq+dirty+rdist,K+K+,4,sort,test,2.8183,-19.8161,2,1
sort,ref+sfreq+dirty+rdist,K+K+,4,sort,val,3.0000,-21.9114,2,2
sort,ref+sfreq+dirty+refaults,K+K+,4,sort,heldout,1.8556,-10.4688,3,0
sort,ref+sfreq+dirty+refaults,K+K+,4,sort,test,2.3074,-12.8954,2,1
sort,ref+sfreq+dirty+refaults,K+K+,4,sort,val,2.1705,-12.3483,2,1
sort,ref+sfreq+dirty+refaults+rdist,K+K+,5,sort,heldout,1.6154,-7.5441,3,0
sort,ref+sfreq+dirty+refaults+rdist,K+K+,5,sort,test,1.7101,-6.9096,2,0
sort,ref+sfreq+dirty+refaults+rdist,K+K+,5,sort,val,1.6743,-7.0595,2,0
sort,ref+sfreq+idle,K,3,sort,heldout,1.0063,-0.0774,3,0
sort,ref+sfreq+idle,K,3,sort,test,1.1154,-1.0803,2,0
sort,ref+sfreq+idle,K,3,sort,val,1.1311,-1.2461,2,0
sort,ref+sfreq+idle+age,K,4,sort,heldout,1.0134,-0.1634,3,0
sort,ref+sfreq+idle+age,K,4,sort,test,1.1506,-1.3676,2,0
sort,ref+sfreq+idle+age,K,4,sort,val,1.1700,-1.6785,2,0
sort,ref+sfreq+idle+age+dirty,K,5,sort,heldout,1.0114,-0.1398,3,0
sort,ref+sfreq+idle+age+dirty,K,5,sort,test,1.1563,-1.4604,2,0
sort,ref+sfreq+idle+age+dirty,K,5,sort,val,1.1734,-1.7411,2,0
sort,ref+sfreq+idle+age+dirty+rdist,K+K+,6,sort,heldout,1.0290,-0.3548,3,0
sort,ref+sfreq+idle+age+dirty+rdist,K+K+,6,sort,test,1.1851,-1.8514,2,0
sort,ref+sfreq+idle+age+dirty+rdist,K+K+,6,sort,val,1.1642,-1.6430,2,0
sort,ref+sfreq+idle+age+dirty+refaults,K+K+,6,sort,heldout,1.0040,-0.0495,3,0
sort,ref+sfreq+idle+age+dirty+refaults,K+K+,6,sort,test,1.0594,-0.5229,2,0
sort,ref+sfreq+idle+age+dirty+refaults,K+K+,6,sort,val,1.0865,-0.7988,2,0
sort,ref+sfreq+idle+age+dirty+refaults+rdist,K+K+,7,sort,heldout,1.0042,-0.0516,3,0
sort,ref+sfreq+idle+age+dirty+refaults+rdist,K+K+,7,sort,test,1.0470,-0.4203,2,0
sort,ref+sfreq+idle+age+dirty+refaults+rdist,K+K+,7,sort,val,1.0577,-0.5282,2,0
sort,ref+sfreq+idle+age+rdist,K+K+,5,sort,heldout,1.0178,-0.2172,3,0
sort,ref+sfreq+idle+age+rdist,K+K+,5,sort,test,1.2110,-2.0396,2,0
sort,ref+sfreq+idle+age+rdist,K+K+,5,sort,val,1.2241,-2.2360,2,0
sort,ref+sfreq+idle+age+refaults,K+K+,5,sort,heldout,1.0065,-0.0796,3,0
sort,ref+sfreq+idle+age+refaults,K+K+,5,sort,test,1.0833,-0.7509,2,0
sort,ref+sfreq+idle+age+refaults,K+K+,5,sort,val,1.0918,-0.8701,2,0
sort,ref+sfreq+idle+age+refaults+rdist,K+K+,6,sort,heldout,1.0051,-0.0624,3,0
sort,ref+sfreq+idle+age+refaults+rdist,K+K+,6,sort,test,1.0755,-0.6498,2,0
sort,ref+sfreq+idle+age+refaults+rdist,K+K+,6,sort,val,1.0776,-0.7088,2,0
sort,ref+sfreq+idle+dirty,K,4,sort,heldout,1.0086,-0.1054,3,0
sort,ref+sfreq+idle+dirty,K,4,sort,test,1.1574,-1.4527,2,0
sort,ref+sfreq+idle+dirty,K,4,sort,val,1.1567,-1.5181,2,0
sort,ref+sfreq+idle+dirty+rdist,K+K+,5,sort,heldout,1.0005,-0.0065,3,0
sort,ref+sfreq+idle+dirty+rdist,K+K+,5,sort,test,1.1901,-1.8868,2,0
sort,ref+sfreq+idle+dirty+rdist,K+K+,5,sort,val,1.1854,-1.8378,2,0
sort,ref+sfreq+idle+dirty+refaults,K+K+,5,sort,heldout,1.0011,-0.0129,3,0
sort,ref+sfreq+idle+dirty+refaults,K+K+,5,sort,test,1.0493,-0.4474,2,0
sort,ref+sfreq+idle+dirty+refaults,K+K+,5,sort,val,1.0432,-0.4064,2,0
sort,ref+sfreq+idle+dirty+refaults+rdist,K+K+,6,sort,heldout,1.0011,-0.0129,3,0
sort,ref+sfreq+idle+dirty+refaults+rdist,K+K+,6,sort,test,1.0623,-0.5317,2,0
sort,ref+sfreq+idle+dirty+refaults+rdist,K+K+,6,sort,val,1.0666,-0.6142,2,0
sort,ref+sfreq+idle+rdist,K+K+,4,sort,heldout,1.0016,-0.0194,3,0
sort,ref+sfreq+idle+rdist,K+K+,4,sort,test,1.1613,-1.6431,2,0
sort,ref+sfreq+idle+rdist,K+K+,4,sort,val,1.1708,-1.7449,2,0
sort,ref+sfreq+idle+refaults,K+K+,4,sort,heldout,1.0044,-0.0538,3,0
sort,ref+sfreq+idle+refaults,K+K+,4,sort,test,1.0596,-0.5327,2,0
sort,ref+sfreq+idle+refaults,K+K+,4,sort,val,1.0586,-0.5428,2,0
sort,ref+sfreq+idle+refaults+rdist,K+K+,5,sort,heldout,1.0021,-0.0258,3,0
sort,ref+sfreq+idle+refaults+rdist,K+K+,5,sort,test,1.0529,-0.4570,2,0
sort,ref+sfreq+idle+refaults+rdist,K+K+,5,sort,val,1.0386,-0.3594,2,0
sort,ref+sfreq+rdist,K+K+,3,sort,heldout,3.0000,-24.4387,3,3
sort,ref+sfreq+rdist,K+K+,3,sort,test,3.0000,-21.1667,2,2
sort,ref+sfreq+rdist,K+K+,3,sort,val,3.0000,-21.9114,2,2
sort,ref+sfreq+refaults,K+K+,3,sort,heldout,2.8604,-22.7677,3,1
sort,ref+sfreq+refaults,K+K+,3,sort,test,2.6918,-17.2199,2,1
sort,ref+sfreq+refaults,K+K+,3,sort,val,2.5852,-16.9061,2,0
sort,ref+sfreq+refaults+rdist,K+K+,4,sort,heldout,1.5121,-6.2581,3,0
sort,ref+sfreq+refaults+rdist,K+K+,4,sort,test,1.7058,-7.2330,2,0
sort,ref+sfreq+refaults+rdist,K+K+,4,sort,val,1.6455,-6.8045,2,0
sort,refaults,K+K+,1,sort,heldout,1.0000,0.0000,3,0
sort,refaults,K+K+,1,sort,test,1.1170,-1.0125,2,0
sort,refaults,K+K+,1,sort,val,1.1301,-1.2219,2,0
sort,refaults+rdist,K+K+,2,sort,heldout,2.8841,-23.0387,3,1
sort,refaults+rdist,K+K+,2,sort,test,2.8513,-19.2092,2,1
sort,refaults+rdist,K+K+,2,sort,val,2.9150,-20.7904,2,1
sort,sd,F,1,sort,heldout,1.0000,0.0000,3,0
sort,sd,F,1,sort,test,0.9536,0.3501,2,0
sort,sd,F,1,sort,val,0.9601,0.3405,2,0
sort,sd+ref+aging+sfreq+idle+age+dirty,F+K,7,sort,heldout,0.9694,0.3742,3,0
sort,sd+ref+aging+sfreq+idle+age+dirty,F+K,7,sort,test,0.9437,0.4836,2,0
sort,sd+ref+aging+sfreq+idle+age+dirty,F+K,7,sort,val,0.9509,0.4627,2,0
sort,sd+ref+aging+sfreq+idle+age+dirty+refaults+rdist,F+K,9,sort,heldout,0.9662,0.4129,3,0
sort,sd+ref+aging+sfreq+idle+age+dirty+refaults+rdist,F+K,9,sort,test,0.9445,0.4729,2,0
sort,sd+ref+aging+sfreq+idle+age+dirty+refaults+rdist,F+K,9,sort,val,0.9498,0.4785,2,0
sort,sd+wr,F,2,sort,heldout,1.0000,0.0000,3,0
sort,sd+wr,F,2,sort,test,0.9536,0.3501,2,0
sort,sd+wr,F,2,sort,val,0.9601,0.3405,2,0
sort,sd+wr+ref+aging+sfreq+idle+age+dirty,F+K,8,sort,heldout,0.9696,0.3720,3,0
sort,sd+wr+ref+aging+sfreq+idle+age+dirty,F+K,8,sort,test,0.9437,0.4836,2,0
sort,sd+wr+ref+aging+sfreq+idle+age+dirty,F+K,8,sort,val,0.9509,0.4627,2,0
sort,sd+wr+ref+aging+sfreq+idle+age+dirty+refaults+rdist,F+K,10,sort,heldout,0.9662,0.4129,3,0
sort,sd+wr+ref+aging+sfreq+idle+age+dirty+refaults+rdist,F+K,10,sort,test,0.9445,0.4729,2,0
sort,sd+wr+ref+aging+sfreq+idle+age+dirty+refaults+rdist,F+K,10,sort,val,0.9498,0.4785,2,0
sort,sfreq,K,1,sort,heldout,3.0000,-24.4387,3,3
sort,sfreq,K,1,sort,test,3.0000,-21.1667,2,2
sort,sfreq,K,1,sort,val,3.0000,-21.9114,2,2
sort,sfreq+age,K,2,sort,heldout,1.0245,-0.2989,3,0
sort,sfreq+age,K,2,sort,test,1.1434,-1.3614,2,0
sort,sfreq+age,K,2,sort,val,1.1613,-1.6062,2,0
sort,sfreq+age+dirty,K,3,sort,heldout,1.0100,-0.1226,3,0
sort,sfreq+age+dirty,K,3,sort,test,1.1596,-1.4655,2,0
sort,sfreq+age+dirty,K,3,sort,val,1.2180,-2.1623,2,0
sort,sfreq+age+dirty+rdist,K+K+,4,sort,heldout,1.0384,-0.4774,3,0
sort,sfreq+age+dirty+rdist,K+K+,4,sort,test,1.2364,-2.2701,2,0
sort,sfreq+age+dirty+rdist,K+K+,4,sort,val,1.2259,-2.2638,2,0
sort,sfreq+age+dirty+refaults,K+K+,4,sort,heldout,1.0063,-0.0774,3,0
sort,sfreq+age+dirty+refaults,K+K+,4,sort,test,1.0610,-0.5442,2,0
sort,sfreq+age+dirty+refaults,K+K+,4,sort,val,1.0715,-0.6625,2,0
sort,sfreq+age+dirty+refaults+rdist,K+K+,5,sort,heldout,1.0056,-0.0688,3,0
sort,sfreq+age+dirty+refaults+rdist,K+K+,5,sort,test,1.0510,-0.4735,2,0
sort,sfreq+age+dirty+refaults+rdist,K+K+,5,sort,val,1.0545,-0.5010,2,0
sort,sfreq+age+rdist,K+K+,3,sort,heldout,1.0167,-0.2043,3,0
sort,sfreq+age+rdist,K+K+,3,sort,test,1.2054,-1.9843,2,0
sort,sfreq+age+rdist,K+K+,3,sort,val,1.1803,-1.8088,2,0
sort,sfreq+age+refaults,K+K+,3,sort,heldout,1.0063,-0.0774,3,0
sort,sfreq+age+refaults,K+K+,3,sort,test,1.1026,-0.9109,2,0
sort,sfreq+age+refaults,K+K+,3,sort,val,1.1138,-1.0714,2,0
sort,sfreq+age+refaults+rdist,K+K+,4,sort,heldout,1.0063,-0.0774,3,0
sort,sfreq+age+refaults+rdist,K+K+,4,sort,test,1.1006,-0.8750,2,0
sort,sfreq+age+refaults+rdist,K+K+,4,sort,val,1.0957,-0.8833,2,0
sort,sfreq+dirty,K,2,sort,heldout,3.0000,-24.4387,3,3
sort,sfreq+dirty,K,2,sort,test,3.0000,-21.1667,2,2
sort,sfreq+dirty,K,2,sort,val,3.0000,-21.9114,2,2
sort,sfreq+dirty+rdist,K+K+,3,sort,heldout,3.0000,-24.4387,3,3
sort,sfreq+dirty+rdist,K+K+,3,sort,test,3.0000,-21.1667,2,2
sort,sfreq+dirty+rdist,K+K+,3,sort,val,3.0000,-21.9114,2,2
sort,sfreq+dirty+refaults,K+K+,3,sort,heldout,3.0000,-24.4387,3,3
sort,sfreq+dirty+refaults,K+K+,3,sort,test,3.0000,-21.1667,2,2
sort,sfreq+dirty+refaults,K+K+,3,sort,val,3.0000,-21.9114,2,2
sort,sfreq+dirty+refaults+rdist,K+K+,4,sort,heldout,3.0000,-24.4387,3,3
sort,sfreq+dirty+refaults+rdist,K+K+,4,sort,test,3.0000,-21.1667,2,2
sort,sfreq+dirty+refaults+rdist,K+K+,4,sort,val,3.0000,-21.9114,2,2
sort,sfreq+idle,K,2,sort,heldout,1.0307,-0.3763,3,0
sort,sfreq+idle,K,2,sort,test,1.1275,-1.2158,2,0
sort,sfreq+idle,K,2,sort,val,1.1548,-1.5368,2,0
sort,sfreq+idle+age,K,3,sort,heldout,1.0296,-0.3613,3,0
sort,sfreq+idle+age,K,3,sort,test,1.1405,-1.3055,2,0
sort,sfreq+idle+age,K,3,sort,val,1.1619,-1.6195,2,0
sort,sfreq+idle+age+dirty,K,4,sort,heldout,1.0171,-0.2086,3,0
sort,sfreq+idle+age+dirty,K,4,sort,test,1.1766,-1.6458,2,0
sort,sfreq+idle+age+dirty,K,4,sort,val,1.2231,-2.2186,2,0
sort,sfreq+idle+age+dirty+rdist,K+K+,5,sort,heldout,1.0780,-0.9699,3,0
sort,sfreq+idle+age+dirty+rdist,K+K+,5,sort,test,1.2377,-2.3048,2,0
sort,sfreq+idle+age+dirty+rdist,K+K+,5,sort,val,1.2321,-2.3223,2,0
sort,sfreq+idle+age+dirty+refaults,K+K+,5,sort,heldout,1.0040,-0.0495,3,0
sort,sfreq+idle+age+dirty+refaults,K+K+,5,sort,test,1.0594,-0.5229,2,0
sort,sfreq+idle+age+dirty+refaults,K+K+,5,sort,val,1.0844,-0.7794,2,0
sort,sfreq+idle+age+dirty+refaults+rdist,K+K+,6,sort,heldout,1.0042,-0.0516,3,0
sort,sfreq+idle+age+dirty+refaults+rdist,K+K+,6,sort,test,1.0436,-0.3920,2,0
sort,sfreq+idle+age+dirty+refaults+rdist,K+K+,6,sort,val,1.0599,-0.5477,2,0
sort,sfreq+idle+age+rdist,K+K+,4,sort,heldout,1.0492,-0.6043,3,0
sort,sfreq+idle+age+rdist,K+K+,4,sort,test,1.2253,-2.1550,2,0
sort,sfreq+idle+age+rdist,K+K+,4,sort,val,1.2416,-2.4188,2,0
sort,sfreq+idle+age+refaults,K+K+,4,sort,heldout,1.0065,-0.0796,3,0
sort,sfreq+idle+age+refaults,K+K+,4,sort,test,1.0833,-0.7509,2,0
sort,sfreq+idle+age+refaults,K+K+,4,sort,val,1.0918,-0.8701,2,0
sort,sfreq+idle+age+refaults+rdist,K+K+,5,sort,heldout,1.0051,-0.0624,3,0
sort,sfreq+idle+age+refaults+rdist,K+K+,5,sort,test,1.0846,-0.7196,2,0
sort,sfreq+idle+age+refaults+rdist,K+K+,5,sort,val,1.0779,-0.7100,2,0
sort,sfreq+idle+dirty,K,3,sort,heldout,1.0471,-0.5763,3,0
sort,sfreq+idle+dirty,K,3,sort,test,1.1101,-1.0730,2,0
sort,sfreq+idle+dirty,K,3,sort,val,1.1039,-1.0267,2,0
sort,sfreq+idle+dirty+rdist,K+K+,4,sort,heldout,1.0000,0.0000,3,0
sort,sfreq+idle+dirty+rdist,K+K+,4,sort,test,1.1916,-1.9223,2,0
sort,sfreq+idle+dirty+rdist,K+K+,4,sort,val,1.1907,-1.9364,2,0
sort,sfreq+idle+dirty+refaults,K+K+,4,sort,heldout,1.0011,-0.0129,3,0
sort,sfreq+idle+dirty+refaults,K+K+,4,sort,test,1.0567,-0.4955,2,0
sort,sfreq+idle+dirty+refaults,K+K+,4,sort,val,1.0542,-0.5038,2,0
sort,sfreq+idle+dirty+refaults+rdist,K+K+,5,sort,heldout,1.0011,-0.0129,3,0
sort,sfreq+idle+dirty+refaults+rdist,K+K+,5,sort,test,1.0467,-0.4057,2,0
sort,sfreq+idle+dirty+refaults+rdist,K+K+,5,sort,val,1.0642,-0.5867,2,0
sort,sfreq+idle+rdist,K+K+,3,sort,heldout,1.0014,-0.0172,3,0
sort,sfreq+idle+rdist,K+K+,3,sort,test,1.1417,-1.3971,2,0
sort,sfreq+idle+rdist,K+K+,3,sort,val,1.1695,-1.7468,2,0
sort,sfreq+idle+refaults,K+K+,3,sort,heldout,1.0021,-0.0258,3,0
sort,sfreq+idle+refaults,K+K+,3,sort,test,1.0592,-0.5274,2,0
sort,sfreq+idle+refaults,K+K+,3,sort,val,1.0586,-0.5428,2,0
sort,sfreq+idle+refaults+rdist,K+K+,4,sort,heldout,1.0021,-0.0258,3,0
sort,sfreq+idle+refaults+rdist,K+K+,4,sort,test,1.0458,-0.4044,2,0
sort,sfreq+idle+refaults+rdist,K+K+,4,sort,val,1.0657,-0.5997,2,0
sort,sfreq+rdist,K+K+,2,sort,heldout,3.0000,-24.4387,3,3
sort,sfreq+rdist,K+K+,2,sort,test,3.0000,-21.1667,2,2
sort,sfreq+rdist,K+K+,2,sort,val,3.0000,-21.9114,2,2
sort,sfreq+refaults,K+K+,2,sort,heldout,3.0000,-24.4387,3,3
sort,sfreq+refaults,K+K+,2,sort,test,3.0000,-21.1667,2,2
sort,sfreq+refaults,K+K+,2,sort,val,3.0000,-21.9114,2,2
sort,sfreq+refaults+rdist,K+K+,3,sort,heldout,3.0000,-24.4387,3,3
sort,sfreq+refaults+rdist,K+K+,3,sort,test,3.0000,-21.1667,2,2
sort,sfreq+refaults+rdist,K+K+,3,sort,val,3.0000,-21.9114,2,2
sort,wr,F,1,sort,heldout,3.0000,-24.4387,3,3
sort,wr,F,1,sort,test,3.0000,-21.1667,2,2
sort,wr,F,1,sort,val,3.0000,-21.9114,2,2
sort,wr+ref+aging+sfreq+idle+age+dirty,F+K,7,sort,heldout,1.0706,-0.8645,3,0
sort,wr+ref+aging+sfreq+idle+age+dirty,F+K,7,sort,test,1.0499,-0.7457,2,0
sort,wr+ref+aging+sfreq+idle+age+dirty,F+K,7,sort,val,1.0551,-0.7579,2,0
sort,wr+ref+aging+sfreq+idle+age+dirty+refaults+rdist,F+K,9,sort,heldout,1.0278,-0.3398,3,0
sort,wr+ref+aging+sfreq+idle+age+dirty+refaults+rdist,F+K,9,sort,test,1.0287,-0.4772,2,0
sort,wr+ref+aging+sfreq+idle+age+dirty+refaults+rdist,F+K,9,sort,val,1.0369,-0.4677,2,0
