scope,features,group,n_features,workload,split,geo_ratio_vs_clock,mean_gap_closed,cells,censored
btree,age,K,1,btree,heldout,1.5717,-1.5603,5,0
btree,age,K,1,btree,test,2.2869,-2.8949,4,0
btree,age,K,1,btree,val,2.4673,-3.2853,4,0
btree,age+dirty,K,2,btree,heldout,1.5717,-1.5603,5,0
btree,age+dirty,K,2,btree,test,2.2879,-2.8973,4,0
btree,age+dirty,K,2,btree,val,2.4623,-3.2751,4,0
btree,age+dirty+rdist,K+K+,3,btree,heldout,1.5717,-1.5603,5,0
btree,age+dirty+rdist,K+K+,3,btree,test,2.2839,-2.8882,4,0
btree,age+dirty+rdist,K+K+,3,btree,val,2.4666,-3.2838,4,0
btree,age+dirty+refaults,K+K+,3,btree,heldout,1.5717,-1.5603,5,0
btree,age+dirty+refaults,K+K+,3,btree,test,2.2879,-2.8973,4,0
btree,age+dirty+refaults,K+K+,3,btree,val,2.4623,-3.2751,4,0
btree,age+dirty+refaults+rdist,K+K+,4,btree,heldout,1.5717,-1.5603,5,0
btree,age+dirty+refaults+rdist,K+K+,4,btree,test,2.2836,-2.8875,4,0
btree,age+dirty+refaults+rdist,K+K+,4,btree,val,2.4673,-3.2853,4,0
btree,age+rdist,K+K+,2,btree,heldout,1.5717,-1.5603,5,0
btree,age+rdist,K+K+,2,btree,test,2.2869,-2.8949,4,0
btree,age+rdist,K+K+,2,btree,val,2.4673,-3.2853,4,0
btree,age+refaults,K+K+,2,btree,heldout,1.5717,-1.5603,5,0
btree,age+refaults,K+K+,2,btree,test,2.2869,-2.8949,4,0
btree,age+refaults,K+K+,2,btree,val,2.4673,-3.2853,4,0
btree,age+refaults+rdist,K+K+,3,btree,heldout,1.5351,-1.4542,5,0
btree,age+refaults+rdist,K+K+,3,btree,test,2.2869,-2.8949,4,0
btree,age+refaults+rdist,K+K+,3,btree,val,2.3804,-3.0906,4,0
btree,aging,K,1,btree,heldout,1.0625,-0.1674,5,0
btree,aging,K,1,btree,test,1.1141,-0.2537,4,0
btree,aging,K,1,btree,val,1.1167,-0.2608,4,0
btree,aging+age,K,2,btree,heldout,1.3435,-0.9225,5,0
btree,aging+age,K,2,btree,test,1.7515,-1.6906,4,0
btree,aging+age,K,2,btree,val,1.7512,-1.7013,4,0
btree,aging+age+dirty,K,3,btree,heldout,1.3147,-0.8456,5,0
btree,aging+age+dirty,K,3,btree,test,1.6570,-1.4939,4,0
btree,aging+age+dirty,K,3,btree,val,1.6624,-1.5170,4,0
btree,aging+age+dirty+rdist,K+K+,4,btree,heldout,1.2925,-0.7884,5,0
btree,aging+age+dirty+rdist,K+K+,4,btree,test,1.4975,-1.1290,4,0
btree,aging+age+dirty+rdist,K+K+,4,btree,val,1.6169,-1.3969,4,0
btree,aging+age+dirty+refaults,K+K+,4,btree,heldout,1.3335,-0.9157,5,0
btree,aging+age+dirty+refaults,K+K+,4,btree,test,1.5631,-1.2888,4,0
btree,aging+age+dirty+refaults,K+K+,4,btree,val,1.6725,-1.5593,4,0
btree,aging+age+dirty+refaults+rdist,K+K+,5,btree,heldout,1.0948,-0.2540,5,0
btree,aging+age+dirty+refaults+rdist,K+K+,5,btree,test,1.2979,-0.6717,4,0
btree,aging+age+dirty+refaults+rdist,K+K+,5,btree,val,1.2979,-0.6791,4,0
btree,aging+age+rdist,K+K+,3,btree,heldout,1.4171,-1.1337,5,0
btree,aging+age+rdist,K+K+,3,btree,test,1.8740,-2.0004,4,0
btree,aging+age+rdist,K+K+,3,btree,val,1.8897,-2.0378,4,0
btree,aging+age+refaults,K+K+,3,btree,heldout,1.2925,-0.7863,5,0
btree,aging+age+refaults,K+K+,3,btree,test,1.5452,-1.2421,4,0
btree,aging+age+refaults,K+K+,3,btree,val,1.5509,-1.2542,4,0
btree,aging+age+refaults+rdist,K+K+,4,btree,heldout,1.0636,-0.1703,5,0
btree,aging+age+refaults+rdist,K+K+,4,btree,test,1.2425,-0.5502,4,0
btree,aging+age+refaults+rdist,K+K+,4,btree,val,1.2555,-0.5844,4,0
btree,aging+dirty,K,2,btree,heldout,1.0296,-0.0794,5,0
btree,aging+dirty,K,2,btree,test,1.0195,-0.0544,4,0
btree,aging+dirty,K,2,btree,val,1.0217,-0.0585,4,0
btree,aging+dirty+rdist,K+K+,3,btree,heldout,1.0379,-0.1016,5,0
btree,aging+dirty+rdist,K+K+,3,btree,test,1.3473,-0.7876,4,0
btree,aging+dirty+rdist,K+K+,3,btree,val,1.3538,-0.8100,4,0
btree,aging+dirty+refaults,K+K+,3,btree,heldout,1.4157,-1.1221,5,0
btree,aging+dirty+refaults,K+K+,3,btree,test,1.8266,-1.8509,4,0
btree,aging+dirty+refaults,K+K+,3,btree,val,1.8172,-1.8387,4,0
btree,aging+dirty+refaults+rdist,K+K+,4,btree,heldout,0.9587,0.1105,5,0
btree,aging+dirty+refaults+rdist,K+K+,4,btree,test,1.0598,-0.1511,4,0
btree,aging+dirty+refaults+rdist,K+K+,4,btree,val,1.0613,-0.1569,4,0
btree,aging+idle,K,2,btree,heldout,0.9952,0.0129,5,0
btree,aging+idle,K,2,btree,test,0.9993,0.0014,4,0
btree,aging+idle,K,2,btree,val,0.9998,0.0004,4,0
btree,aging+idle+age,K,3,btree,heldout,0.8819,0.3163,5,0
btree,aging+idle+age,K,3,btree,test,0.8350,0.3666,4,0
btree,aging+idle+age,K,3,btree,val,0.8423,0.3520,4,0
btree,aging+idle+age+dirty,K,4,btree,heldout,0.8846,0.3091,5,0
btree,aging+idle+age+dirty,K,4,btree,test,0.8031,0.4371,4,0
btree,aging+idle+age+dirty,K,4,btree,val,0.8056,0.4335,4,0
btree,aging+idle+age+dirty+rdist,K+K+,5,btree,heldout,0.8497,0.4025,5,0
btree,aging+idle+age+dirty+rdist,K+K+,5,btree,test,0.8179,0.4033,4,0
btree,aging+idle+age+dirty+rdist,K+K+,5,btree,val,0.8236,0.3920,4,0
btree,aging+idle+age+dirty+refaults,K+K+,5,btree,heldout,0.8538,0.3915,5,0
btree,aging+idle+age+dirty+refaults,K+K+,5,btree,test,0.8043,0.4332,4,0
btree,aging+idle+age+dirty+refaults,K+K+,5,btree,val,0.8066,0.4303,4,0
btree,aging+idle+age+dirty+refaults+rdist,K+K+,6,btree,heldout,0.8626,0.3679,5,0
btree,aging+idle+age+dirty+refaults+rdist,K+K+,6,btree,test,0.8210,0.3961,4,0
btree,aging+idle+age+dirty+refaults+rdist,K+K+,6,btree,val,0.8252,0.3887,4,0
btree,aging+idle+age+rdist,K+K+,4,btree,heldout,0.8458,0.4130,5,0
btree,aging+idle+age+rdist,K+K+,4,btree,test,0.8162,0.4068,4,0
btree,aging+idle+age+rdist,K+K+,4,btree,val,0.8289,0.3799,4,0
btree,aging+idle+age+refaults,K+K+,4,btree,heldout,0.8471,0.4096,5,0
btree,aging+idle+age+refaults,K+K+,4,btree,test,0.8256,0.3857,4,0
btree,aging+idle+age+refaults,K+K+,4,btree,val,0.8307,0.3757,4,0
btree,aging+idle+age+refaults+rdist,K+K+,5,btree,heldout,0.8508,0.3996,5,0
btree,aging+idle+age+refaults+rdist,K+K+,5,btree,test,0.8377,0.3584,4,0
btree,aging+idle+age+refaults+rdist,K+K+,5,btree,val,0.8414,0.3518,4,0
btree,aging+idle+dirty,K,3,btree,heldout,0.9948,0.0140,5,0
btree,aging+idle+dirty,K,3,btree,test,0.9974,0.0056,4,0
btree,aging+idle+dirty,K,3,btree,val,0.9982,0.0040,4,0
btree,aging+idle+dirty+rdist,K+K+,4,btree,heldout,0.8657,0.3597,5,0
btree,aging+idle+dirty+rdist,K+K+,4,btree,test,0.8195,0.4003,4,0
btree,aging+idle+dirty+rdist,K+K+,4,btree,val,0.8244,0.3911,4,0
btree,aging+idle+dirty+refaults,K+K+,4,btree,heldout,0.9977,0.0060,5,0
btree,aging+idle+dirty+refaults,K+K+,4,btree,test,1.0047,-0.0131,4,0
btree,aging+idle+dirty+refaults,K+K+,4,btree,val,1.0077,-0.0195,4,0
btree,aging+idle+dirty+refaults+rdist,K+K+,5,btree,heldout,0.8719,0.3430,5,0
btree,aging+idle+dirty+refaults+rdist,K+K+,5,btree,test,0.8202,0.3988,4,0
btree,aging+idle+dirty+refaults+rdist,K+K+,5,btree,val,0.8244,0.3911,4,0
btree,aging+idle+rdist,K+K+,3,btree,heldout,0.8718,0.3434,5,0
btree,aging+idle+rdist,K+K+,3,btree,test,0.8252,0.3880,4,0
btree,aging+idle+rdist,K+K+,3,btree,val,0.8277,0.3839,4,0
btree,aging+idle+refaults,K+K+,3,btree,heldout,1.0036,-0.0096,5,0
btree,aging+idle+refaults,K+K+,3,btree,test,1.0243,-0.0548,4,0
btree,aging+idle+refaults,K+K+,3,btree,val,1.0268,-0.0605,4,0
btree,aging+idle+refaults+rdist,K+K+,4,btree,heldout,0.8667,0.3569,5,0
btree,aging+idle+refaults+rdist,K+K+,4,btree,test,0.8208,0.3975,4,0
btree,aging+idle+refaults+rdist,K+K+,4,btree,val,0.8247,0.3904,4,0
btree,aging+rdist,K+K+,2,btree,heldout,1.3761,-1.0078,5,0
btree,aging+rdist,K+K+,2,btree,test,1.9880,-2.2443,4,0
btree,aging+rdist,K+K+,2,btree,val,1.9805,-2.2340,4,0
btree,aging+refaults,K+K+,2,btree,heldout,1.4178,-1.1219,5,0
btree,aging+refaults,K+K+,2,btree,test,2.0075,-2.2666,4,0
btree,aging+refaults,K+K+,2,btree,val,2.0023,-2.2629,4,0
btree,aging+refaults+rdist,K+K+,3,btree,heldout,0.9130,0.2329,5,0
btree,aging+refaults+rdist,K+K+,3,btree,test,0.9522,0.0979,4,0
btree,aging+refaults+rdist,K+K+,3,btree,val,0.9489,0.1054,4,0
btree,aging+sfreq,K,2,btree,heldout,1.2951,-0.8130,5,0
btree,aging+sfreq,K,2,btree,test,1.6873,-1.5501,4,0
btree,aging+sfreq,K,2,btree,val,1.6853,-1.5489,4,0
btree,aging+sfreq+age,K,3,btree,heldout,0.9502,0.1335,5,0
btree,aging+sfreq+age,K,3,btree,test,1.1972,-0.4805,4,0
btree,aging+sfreq+age,K,3,btree,val,1.2415,-0.5997,4,0
btree,aging+sfreq+age+dirty,K,4,btree,heldout,0.8763,0.3314,5,0
btree,aging+sfreq+age+dirty,K,4,btree,test,0.9043,0.2074,4,0
btree,aging+sfreq+age+dirty,K,4,btree,val,0.9235,0.1594,4,0
btree,aging+sfreq+age+dirty+rdist,K+K+,5,btree,heldout,0.9414,0.1570,5,0
btree,aging+sfreq+age+dirty+rdist,K+K+,5,btree,test,1.0169,-0.0384,4,0
btree,aging+sfreq+age+dirty+rdist,K+K+,5,btree,val,1.0178,-0.0408,4,0
btree,aging+sfreq+age+dirty+refaults,K+K+,5,btree,heldout,0.8535,0.3923,5,0
btree,aging+sfreq+age+dirty+refaults,K+K+,5,btree,test,0.8792,0.2607,4,0
btree,aging+sfreq+age+dirty+refaults,K+K+,5,btree,val,0.8880,0.2407,4,0
btree,aging+sfreq+age+dirty+refaults+rdist,K+K+,6,btree,heldout,0.8573,0.3822,5,0
btree,aging+sfreq+age+dirty+refaults+rdist,K+K+,6,btree,test,0.8736,0.2776,4,0
btree,aging+sfreq+age+dirty+refaults+rdist,K+K+,6,btree,val,0.8815,0.2608,4,0
btree,aging+sfreq+age+rdist,K+K+,4,btree,heldout,0.9691,0.0827,5,0
btree,aging+sfreq+age+rdist,K+K+,4,btree,test,1.1380,-0.3124,4,0
btree,aging+sfreq+age+rdist,K+K+,4,btree,val,1.1390,-0.3142,4,0
btree,aging+sfreq+age+refaults,K+K+,4,btree,heldout,0.8675,0.3548,5,0
btree,aging+sfreq+age+refaults,K+K+,4,btree,test,0.8947,0.2284,4,0
btree,aging+sfreq+age+refaults,K+K+,4,btree,val,0.9049,0.2057,4,0
btree,aging+sfreq+age+refaults+rdist,K+K+,5,btree,heldout,0.8622,0.3691,5,0
btree,aging+sfreq+age+refaults+rdist,K+K+,5,btree,test,0.8863,0.2493,4,0
btree,aging+sfreq+age+refaults+rdist,K+K+,5,btree,val,0.8954,0.2294,4,0
btree,aging+sfreq+dirty,K,3,btree,heldout,1.0026,-0.0072,5,0
btree,aging+sfreq+dirty,K,3,btree,test,1.1601,-0.3588,4,0
btree,aging+sfreq+dirty,K,3,btree,val,1.2070,-0.4702,4,0
btree,aging+sfreq+dirty+rdist,K+K+,4,btree,heldout,1.0403,-0.1080,5,0
btree,aging+sfreq+dirty+rdist,K+K+,4,btree,test,1.2270,-0.5043,4,0
btree,aging+sfreq+dirty+rdist,K+K+,4,btree,val,1.2164,-0.4834,4,0
btree,aging+sfreq+dirty+refaults,K+K+,4,btree,heldout,0.9177,0.2203,5,0
btree,aging+sfreq+dirty+refaults,K+K+,4,btree,test,1.0014,-0.0096,4,0
btree,aging+sfreq+dirty+refaults,K+K+,4,btree,val,1.0108,-0.0328,4,0
btree,aging+sfreq+dirty+refaults+rdist,K+K+,5,btree,heldout,0.8837,0.3114,5,0
btree,aging+sfreq+dirty+refaults+rdist,K+K+,5,btree,test,0.9423,0.1235,4,0
btree,aging+sfreq+dirty+refaults+rdist,K+K+,5,btree,val,0.9458,0.1156,4,0
btree,aging+sfreq+idle,K,3,btree,heldout,0.8706,0.3466,5,0
btree,aging+sfreq+idle,K,3,btree,test,0.8849,0.2496,4,0
btree,aging+sfreq+idle,K,3,btree,val,0.8987,0.2170,4,0
btree,aging+sfreq+idle+age,K,4,btree,heldout,0.8710,0.3456,5,0
btree,aging+sfreq+idle+age,K,4,btree,test,0.8849,0.2497,4,0
btree,aging+sfreq+idle+age,K,4,btree,val,0.8968,0.2215,4,0
btree,aging+sfreq+idle+age+dirty,K,5,btree,heldout,0.8510,0.3990,5,0
btree,aging+sfreq+idle+age+dirty,K,5,btree,test,0.8115,0.4173,4,0
btree,aging+sfreq+idle+age+dirty,K,5,btree,val,0.8201,0.3992,4,0
btree,aging+sfreq+idle+age+dirty+rdist,K+K+,6,btree,heldout,0.8721,0.3425,5,0
btree,aging+sfreq+idle+age+dirty+rdist,K+K+,6,btree,test,0.8767,0.2704,4,0
btree,aging+sfreq+idle+age+dirty+rdist,K+K+,6,btree,val,0.8769,0.2707,4,0
btree,aging+sfreq+idle+age+dirty+refaults,K+K+,6,btree,heldout,0.8404,0.4275,5,0
btree,aging+sfreq+idle+age+dirty+refaults,K+K+,6,btree,test,0.8117,0.4166,4,0
btree,aging+sfreq+idle+age+dirty+refaults,K+K+,6,btree,val,0.8176,0.4048,4,0
btree,aging+sfreq+idle+age+dirty+refaults+rdist,K+K+,7,btree,heldout,0.8436,0.4190,5,0
btree,aging+sfreq+idle+age+dirty+refaults+rdist,K+K+,7,btree,test,0.8362,0.3618,4,0
btree,aging+sfreq+idle+age+dirty+refaults+rdist,K+K+,7,btree,val,0.8389,0.3571,4,0
btree,aging+sfreq+idle+age+rdist,K+K+,5,btree,heldout,0.8759,0.3324,5,0
btree,aging+sfreq+idle+age+rdist,K+K+,5,btree,test,0.9129,0.1886,4,0
btree,aging+sfreq+idle+age+rdist,K+K+,5,btree,val,0.9222,0.1669,4,0
btree,aging+sfreq+idle+age+refaults,K+K+,5,btree,heldout,0.8469,0.4101,5,0
btree,aging+sfreq+idle+age+refaults,K+K+,5,btree,test,0.8311,0.3732,4,0
btree,aging+sfreq+idle+age+refaults,K+K+,5,btree,val,0.8383,0.3582,4,0
btree,aging+sfreq+idle+age+refaults+rdist,K+K+,6,btree,heldout,0.8467,0.4106,5,0
btree,aging+sfreq+idle+age+refaults+rdist,K+K+,6,btree,test,0.8451,0.3418,4,0
btree,aging+sfreq+idle+age+refaults+rdist,K+K+,6,btree,val,0.8497,0.3327,4,0
btree,aging+sfreq+idle+dirty,K,4,btree,heldout,0.8510,0.3990,5,0
btree,aging+sfreq+idle+dirty,K,4,btree,test,0.8126,0.4146,4,0
btree,aging+sfreq+idle+dirty,K,4,btree,val,0.8212,0.3967,4,0
btree,aging+sfreq+idle+dirty+rdist,K+K+,5,btree,heldout,0.8725,0.3414,5,0
btree,aging+sfreq+idle+dirty+rdist,K+K+,5,btree,test,0.8754,0.2732,4,0
btree,aging+sfreq+idle+dirty+rdist,K+K+,5,btree,val,0.8763,0.2726,4,0
btree,aging+sfreq+idle+dirty+refaults,K+K+,5,btree,heldout,0.8413,0.4251,5,0
btree,aging+sfreq+idle+dirty+refaults,K+K+,5,btree,test,0.8117,0.4166,4,0
btree,aging+sfreq+idle+dirty+refaults,K+K+,5,btree,val,0.8180,0.4039,4,0
btree,aging+sfreq+idle+dirty+refaults+rdist,K+K+,6,btree,heldout,0.8440,0.4178,5,0
btree,aging+sfreq+idle+dirty+refaults+rdist,K+K+,6,btree,test,0.8359,0.3626,4,0
btree,aging+sfreq+idle+dirty+refaults+rdist,K+K+,6,btree,val,0.8396,0.3556,4,0
btree,aging+sfreq+idle+rdist,K+K+,4,btree,heldout,0.8747,0.3356,5,0
btree,aging+sfreq+idle+rdist,K+K+,4,btree,test,0.9001,0.2180,4,0
btree,aging+sfreq+idle+rdist,K+K+,4,btree,val,0.9191,0.1737,4,0
btree,aging+sfreq+idle+refaults,K+K+,4,btree,heldout,0.8469,0.4101,5,0
btree,aging+sfreq+idle+refaults,K+K+,4,btree,test,0.8302,0.3752,4,0
btree,aging+sfreq+idle+refaults,K+K+,4,btree,val,0.8382,0.3582,4,0
btree,aging+sfreq+idle+refaults+rdist,K+K+,5,btree,heldout,0.8469,0.4099,5,0
btree,aging+sfreq+idle+refaults+rdist,K+K+,5,btree,test,0.8448,0.3427,4,0
btree,aging+sfreq+idle+refaults+rdist,K+K+,5,btree,val,0.8489,0.3344,4,0
btree,aging+sfreq+rdist,K+K+,3,btree,heldout,1.3414,-0.9352,5,0
btree,aging+sfreq+rdist,K+K+,3,btree,test,1.7608,-1.7216,4,0
btree,aging+sfreq+rdist,K+K+,3,btree,val,1.7473,-1.6984,4,0
btree,aging+sfreq+refaults,K+K+,3,btree,heldout,0.9174,0.2213,5,0
btree,aging+sfreq+refaults,K+K+,3,btree,test,0.9978,0.0006,4,0
btree,aging+sfreq+refaults,K+K+,3,btree,val,1.0085,-0.0239,4,0
btree,aging+sfreq+refaults+rdist,K+K+,4,btree,heldout,0.8921,0.2890,5,0
btree,aging+sfreq+refaults+rdist,K+K+,4,btree,test,0.9565,0.0926,4,0
btree,aging+sfreq+refaults+rdist,K+K+,4,btree,val,0.9607,0.0828,4,0
btree,dirty,K,1,btree,heldout,1.6936,-1.8826,5,0
btree,dirty,K,1,btree,test,2.4558,-3.2858,4,1
btree,dirty,K,1,btree,val,2.4478,-3.2781,4,0
btree,dirty+rdist,K+K+,2,btree,heldout,1.0403,-0.1079,5,0
btree,dirty+rdist,K+K+,2,btree,test,1.3915,-0.8866,4,0
btree,dirty+rdist,K+K+,2,btree,val,1.3885,-0.8913,4,0
btree,dirty+refaults,K+K+,2,btree,heldout,1.7716,-2.0727,5,0
btree,dirty+refaults,K+K+,2,btree,test,2.3952,-3.1160,4,0
btree,dirty+refaults,K+K+,2,btree,val,2.4065,-3.1537,4,0
btree,dirty+refaults+rdist,K+K+,3,btree,heldout,0.9934,0.0175,5,0
btree,dirty+refaults+rdist,K+K+,3,btree,test,1.1916,-0.4456,4,0
btree,dirty+refaults+rdist,K+K+,3,btree,val,1.1932,-0.4534,4,0
btree,freq,F,1,btree,heldout,0.8570,0.3830,5,0
btree,freq,F,1,btree,test,0.9152,0.1812,4,0
btree,freq,F,1,btree,val,0.9215,0.1679,4,0
btree,freq+ref+aging+sfreq+idle+age+dirty,F+K,7,btree,heldout,0.8514,0.3979,5,0
btree,freq+ref+aging+sfreq+idle+age+dirty,F+K,7,btree,test,0.8505,0.3279,4,0
btree,freq+ref+aging+sfreq+idle+age+dirty,F+K,7,btree,val,0.8585,0.3107,4,0
btree,freq+ref+aging+sfreq+idle+age+dirty+refaults+rdist,F+K,9,btree,heldout,0.8875,0.3012,5,0
btree,freq+ref+aging+sfreq+idle+age+dirty+refaults+rdist,F+K,9,btree,test,0.9393,0.1287,4,0
btree,freq+ref+aging+sfreq+idle+age+dirty+refaults+rdist,F+K,9,btree,val,0.9425,0.1215,4,0
btree,freq+sd,F,2,btree,heldout,0.8639,0.3646,5,0
btree,freq+sd,F,2,btree,test,0.8687,0.2880,4,0
btree,freq+sd,F,2,btree,val,0.8740,0.2770,4,0
btree,freq+sd+ref+aging+sfreq+idle+age+dirty,F+K,8,btree,heldout,0.8515,0.3977,5,0
btree,freq+sd+ref+aging+sfreq+idle+age+dirty,F+K,8,btree,test,0.8514,0.3258,4,0
btree,freq+sd+ref+aging+sfreq+idle+age+dirty,F+K,8,btree,val,0.8591,0.3092,4,0
btree,freq+sd+ref+aging+sfreq+idle+age+dirty+refaults+rdist,F+K,10,btree,heldout,0.9320,0.1820,5,0
btree,freq+sd+ref+aging+sfreq+idle+age+dirty+refaults+rdist,F+K,10,btree,test,1.0325,-0.0789,4,0
btree,freq+sd+ref+aging+sfreq+idle+age+dirty+refaults+rdist,F+K,10,btree,val,1.0333,-0.0808,4,0
btree,freq+sd+wr,F,3,btree,heldout,0.8486,0.4054,5,0
btree,freq+sd+wr,F,3,btree,test,0.8354,0.3611,4,0
btree,freq+sd+wr,F,3,btree,val,0.8404,0.3514,4,0
btree,freq+sd+wr+ref+aging+sfreq+idle+age+dirty,F+K,9,btree,heldout,0.8305,0.4539,5,0
btree,freq+sd+wr+ref+aging+sfreq+idle+age+dirty,F+K,9,btree,test,0.8454,0.3345,4,0
btree,freq+sd+wr+ref+aging+sfreq+idle+age+dirty,F+K,9,btree,val,0.8532,0.3180,4,0
btree,freq+sd+wr+ref+aging+sfreq+idle+age+dirty+refaults+rdist,F+K,11,btree,heldout,0.8622,0.3689,5,0
btree,freq+sd+wr+ref+aging+sfreq+idle+age+dirty+refaults+rdist,F+K,11,btree,test,0.9884,-0.0105,4,0
btree,freq+sd+wr+ref+aging+sfreq+idle+age+dirty+refaults+rdist,F+K,11,btree,val,0.9816,0.0083,4,0
btree,freq+wr,F,2,btree,heldout,0.8329,0.4475,5,0
btree,freq+wr,F,2,btree,test,0.8645,0.2919,4,0
btree,freq+wr,F,2,btree,val,0.8713,0.2780,4,0
btree,freq+wr+ref+aging+sfreq+idle+age+dirty,F+K,8,btree,heldout,0.8306,0.4536,5,0
btree,freq+wr+ref+aging+sfreq+idle+age+dirty,F+K,8,btree,test,0.8544,0.3125,4,0
btree,freq+wr+ref+aging+sfreq+idle+age+dirty,F+K,8,btree,val,0.8618,0.2968,4,0
btree,freq+wr+ref+aging+sfreq+idle+age+dirty+refaults+rdist,F+K,10,btree,heldout,0.8456,0.4134,5,0
btree,freq+wr+ref+aging+sfreq+idle+age+dirty+refaults+rdist,F+K,10,btree,test,0.9293,0.1331,4,0
btree,freq+wr+ref+aging+sfreq+idle+age+dirty+refaults+rdist,F+K,10,btree,val,0.9282,0.1378,4,0
btree,idle,K,1,btree,heldout,0.9952,0.0129,5,0
btree,idle,K,1,btree,test,0.9993,0.0014,4,0
btree,idle,K,1,btree,val,0.9998,0.0004,4,0
btree,idle+age,K,2,btree,heldout,0.8697,0.3488,5,0
btree,idle+age,K,2,btree,test,0.8488,0.3341,4,0
btree,idle+age,K,2,btree,val,0.8516,0.3291,4,0
btree,idle+age+dirty,K,3,btree,heldout,0.8672,0.3556,5,0
btree,idle+age+dirty,K,3,btree,test,0.7973,0.4499,4,0
btree,idle+age+dirty,K,3,btree,val,0.8004,0.4448,4,0
btree,idle+age+dirty+rdist,K+K+,4,btree,heldout,0.8553,0.3876,5,0
btree,idle+age+dirty+rdist,K+K+,4,btree,test,0.8289,0.3786,4,0
btree,idle+age+dirty+rdist,K+K+,4,btree,val,0.8317,0.3739,4,0
btree,idle+age+dirty+refaults,K+K+,4,btree,heldout,0.8459,0.4127,5,0
btree,idle+age+dirty+refaults,K+K+,4,btree,test,0.8055,0.4306,4,0
btree,idle+age+dirty+refaults,K+K+,4,btree,val,0.8087,0.4253,4,0
btree,idle+age+dirty+refaults+rdist,K+K+,5,btree,heldout,0.8608,0.3729,5,0
btree,idle+age+dirty+refaults+rdist,K+K+,5,btree,test,0.8224,0.3930,4,0
btree,idle+age+dirty+refaults+rdist,K+K+,5,btree,val,0.8261,0.3867,4,0
btree,idle+age+rdist,K+K+,3,btree,heldout,0.8551,0.3882,5,0
btree,idle+age+rdist,K+K+,3,btree,test,0.8389,0.3556,4,0
btree,idle+age+rdist,K+K+,3,btree,val,0.8491,0.3346,4,0
btree,idle+age+refaults,K+K+,3,btree,heldout,0.8440,0.4177,5,0
btree,idle+age+refaults,K+K+,3,btree,test,0.8346,0.3650,4,0
btree,idle+age+refaults,K+K+,3,btree,val,0.8381,0.3588,4,0
btree,idle+age+refaults+rdist,K+K+,4,btree,heldout,0.8520,0.3964,5,0
btree,idle+age+refaults+rdist,K+K+,4,btree,test,0.8417,0.3494,4,0
btree,idle+age+refaults+rdist,K+K+,4,btree,val,0.8439,0.3460,4,0
btree,idle+dirty,K,2,btree,heldout,0.9945,0.0146,5,0
btree,idle+dirty,K,2,btree,test,0.9965,0.0077,4,0
btree,idle+dirty,K,2,btree,val,0.9972,0.0062,4,0
btree,idle+dirty+rdist,K+K+,3,btree,heldout,0.8661,0.3585,5,0
btree,idle+dirty+rdist,K+K+,3,btree,test,0.8199,0.3995,4,0
btree,idle+dirty+rdist,K+K+,3,btree,val,0.8239,0.3921,4,0
btree,idle+dirty+refaults,K+K+,3,btree,heldout,0.9974,0.0068,5,0
btree,idle+dirty+refaults,K+K+,3,btree,test,1.0035,-0.0108,4,0
btree,idle+dirty+refaults,K+K+,3,btree,val,1.0066,-0.0172,4,0
btree,idle+dirty+refaults+rdist,K+K+,4,btree,heldout,0.8727,0.3408,5,0
btree,idle+dirty+refaults+rdist,K+K+,4,btree,test,0.8200,0.3993,4,0
btree,idle+dirty+refaults+rdist,K+K+,4,btree,val,0.8244,0.3911,4,0
btree,idle+rdist,K+K+,2,btree,heldout,0.8706,0.3466,5,0
btree,idle+rdist,K+K+,2,btree,test,0.8253,0.3879,4,0
btree,idle+rdist,K+K+,2,btree,val,0.8269,0.3856,4,0
btree,idle+refaults,K+K+,2,btree,heldout,1.0039,-0.0104,5,0
btree,idle+refaults,K+K+,2,btree,test,1.0249,-0.0561,4,0
btree,idle+refaults,K+K+,2,btree,val,1.0278,-0.0628,4,0
btree,idle+refaults+rdist,K+K+,3,btree,heldout,0.8676,0.3546,5,0
btree,idle+refaults+rdist,K+K+,3,btree,test,0.8217,0.3954,4,0
btree,idle+refaults+rdist,K+K+,3,btree,val,0.8239,0.3920,4,0
btree,rdist,K+K+,1,btree,heldout,1.7136,-1.9135,5,0
btree,rdist,K+K+,1,btree,test,2.6153,-3.6138,4,1
btree,rdist,K+K+,1,btree,val,2.6142,-3.6278,4,1
btree,rec,F,1,btree,heldout,0.9949,0.0136,5,0
btree,rec,F,1,btree,test,0.9985,0.0032,4,0
btree,rec,F,1,btree,val,0.9990,0.0021,4,0
btree,rec+freq,F,2,btree,heldout,0.8630,0.3668,5,0
btree,rec+freq,F,2,btree,test,0.8643,0.2981,4,0
btree,rec+freq,F,2,btree,val,0.8692,0.2884,4,0
btree,rec+freq+ref+aging+sfreq+idle+age+dirty,F+K,8,btree,heldout,0.8524,0.3953,5,0
btree,rec+freq+ref+aging+sfreq+idle+age+dirty,F+K,8,btree,test,0.8435,0.3441,4,0
btree,rec+freq+ref+aging+sfreq+idle+age+dirty,F+K,8,btree,val,0.8503,0.3298,4,0
btree,rec+freq+ref+aging+sfreq+idle+age+dirty+refaults+rdist,F+K,10,btree,heldout,0.8948,0.2818,5,0
btree,rec+freq+ref+aging+sfreq+idle+age+dirty+refaults+rdist,F+K,10,btree,test,0.9588,0.0849,4,0
btree,rec+freq+ref+aging+sfreq+idle+age+dirty+refaults+rdist,F+K,10,btree,val,0.9613,0.0796,4,0
btree,rec+freq+sd,F,3,btree,heldout,0.8652,0.3611,5,0
btree,rec+freq+sd,F,3,btree,test,0.8880,0.2440,4,0
btree,rec+freq+sd,F,3,btree,val,0.8949,0.2291,4,0
btree,rec+freq+sd+ref+aging+sfreq+idle+age+dirty,F+K,9,btree,heldout,0.8871,0.3023,5,0
btree,rec+freq+sd+ref+aging+sfreq+idle+age+dirty,F+K,9,btree,test,0.9595,0.0811,4,0
btree,rec+freq+sd+ref+aging+sfreq+idle+age+dirty,F+K,9,btree,val,0.9651,0.0686,4,0
btree,rec+freq+sd+ref+aging+sfreq+idle+age+dirty+refaults+rdist,F+K,11,btree,heldout,0.9509,0.1314,5,0
btree,rec+freq+sd+ref+aging+sfreq+idle+age+dirty+refaults+rdist,F+K,11,btree,test,1.0818,-0.1864,4,0
btree,rec+freq+sd+ref+aging+sfreq+idle+age+dirty+refaults+rdist,F+K,11,btree,val,1.0797,-0.1812,4,0
btree,rec+freq+sd+wr,F,4,btree,heldout,0.8475,0.4084,5,0
btree,rec+freq+sd+wr,F,4,btree,test,0.8473,0.3333,4,0
btree,rec+freq+sd+wr,F,4,btree,val,0.8528,0.3223,4,0
btree,rec+freq+sd+wr+ref+aging+sfreq+idle+age+dirty,F+K,10,btree,heldout,0.8346,0.4429,5,0
btree,rec+freq+sd+wr+ref+aging+sfreq+idle+age+dirty,F+K,10,btree,test,0.9202,0.1472,4,0
btree,rec+freq+sd+wr+ref+aging+sfreq+idle+age+dirty,F+K,10,btree,val,0.9228,0.1434,4,0
btree,rec+freq+sd+wr+ref+aging+sfreq+idle+age+dirty+refaults+rdist,F+K,12,btree,heldout,0.8703,0.3474,5,0
btree,rec+freq+sd+wr+ref+aging+sfreq+idle+age+dirty+refaults+rdist,F+K,12,btree,test,1.0097,-0.0572,4,0
btree,rec+freq+sd+wr+ref+aging+sfreq+idle+age+dirty+refaults+rdist,F+K,12,btree,val,1.0051,-0.0453,4,0
btree,rec+freq+wr,F,3,btree,heldout,0.8483,0.4063,5,0
btree,rec+freq+wr,F,3,btree,test,0.8329,0.3671,4,0
btree,rec+freq+wr,F,3,btree,val,0.8367,0.3601,4,0
btree,rec+freq+wr+ref+aging+sfreq+idle+age+dirty,F+K,9,btree,heldout,0.8308,0.4532,5,0
btree,rec+freq+wr+ref+aging+sfreq+idle+age+dirty,F+K,9,btree,test,0.8444,0.3369,4,0
btree,rec+freq+wr+ref+aging+sfreq+idle+age+dirty,F+K,9,btree,val,0.8500,0.3258,4,0
btree,rec+freq+wr+ref+aging+sfreq+idle+age+dirty+refaults+rdist,F+K,11,btree,heldout,0.8487,0.4051,5,0
btree,rec+freq+wr+ref+aging+sfreq+idle+age+dirty+refaults+rdist,F+K,11,btree,test,0.9400,0.1072,4,0
btree,rec+freq+wr+ref+aging+sfreq+idle+age+dirty+refaults+rdist,F+K,11,btree,val,0.9445,0.0974,4,0
btree,rec+ref+aging+sfreq+idle+age+dirty,F+K,7,btree,heldout,0.8507,0.3997,5,0
btree,rec+ref+aging+sfreq+idle+age+dirty,F+K,7,btree,test,0.8116,0.4170,4,0
btree,rec+ref+aging+sfreq+idle+age+dirty,F+K,7,btree,val,0.8210,0.3972,4,0
btree,rec+ref+aging+sfreq+idle+age+dirty+refaults+rdist,F+K,9,btree,heldout,0.8428,0.4209,5,0
btree,rec+ref+aging+sfreq+idle+age+dirty+refaults+rdist,F+K,9,btree,test,0.8317,0.3721,4,0
btree,rec+ref+aging+sfreq+idle+age+dirty+refaults+rdist,F+K,9,btree,val,0.8364,0.3626,4,0
btree,rec+sd,F,2,btree,heldout,0.9951,0.0133,5,0
btree,rec+sd,F,2,btree,test,0.9989,0.0024,4,0
btree,rec+sd,F,2,btree,val,0.9997,0.0006,4,0
btree,rec+sd+ref+aging+sfreq+idle+age+dirty,F+K,8,btree,heldout,0.9011,0.2648,5,0
btree,rec+sd+ref+aging+sfreq+idle+age+dirty,F+K,8,btree,test,0.9346,0.1432,4,0
btree,rec+sd+ref+aging+sfreq+idle+age+dirty,F+K,8,btree,val,0.9528,0.1004,4,0
btree,rec+sd+ref+aging+sfreq+idle+age+dirty+refaults+rdist,F+K,10,btree,heldout,0.8602,0.3744,5,0
btree,rec+sd+ref+aging+sfreq+idle+age+dirty+refaults+rdist,F+K,10,btree,test,0.8789,0.2660,4,0
btree,rec+sd+ref+aging+sfreq+idle+age+dirty+refaults+rdist,F+K,10,btree,val,0.8876,0.2465,4,0
btree,rec+sd+wr,F,3,btree,heldout,0.9296,0.1886,5,0
btree,rec+sd+wr,F,3,btree,test,0.8727,0.2752,4,0
btree,rec+sd+wr,F,3,btree,val,0.8765,0.2681,4,0
btree,rec+sd+wr+ref+aging+sfreq+idle+age+dirty,F+K,9,btree,heldout,0.8303,0.4546,5,0
btree,rec+sd+wr+ref+aging+sfreq+idle+age+dirty,F+K,9,btree,test,0.9649,0.0174,4,0
btree,rec+sd+wr+ref+aging+sfreq+idle+age+dirty,F+K,9,btree,val,0.9727,-0.0008,4,0
btree,rec+sd+wr+ref+aging+sfreq+idle+age+dirty+refaults+rdist,F+K,11,btree,heldout,0.8360,0.4393,5,0
btree,rec+sd+wr+ref+aging+sfreq+idle+age+dirty+refaults+rdist,F+K,11,btree,test,0.8838,0.2453,4,0
btree,rec+sd+wr+ref+aging+sfreq+idle+age+dirty+refaults+rdist,F+K,11,btree,val,0.8900,0.2315,4,0
btree,rec+wr,F,2,btree,heldout,0.9295,0.1887,5,0
btree,rec+wr,F,2,btree,test,0.8821,0.2540,4,0
btree,rec+wr,F,2,btree,val,0.8851,0.2487,4,0
btree,rec+wr+ref+aging+sfreq+idle+age+dirty,F+K,8,btree,heldout,0.8295,0.4566,5,0
btree,rec+wr+ref+aging+sfreq+idle+age+dirty,F+K,8,btree,test,0.8877,0.2244,4,0
btree,rec+wr+ref+aging+sfreq+idle+age+dirty,F+K,8,btree,val,0.8997,0.1958,4,0
btree,rec+wr+ref+aging+sfreq+idle+age+dirty+refaults+rdist,F+K,10,btree,heldout,0.8311,0.4524,5,0
btree,rec+wr+ref+aging+sfreq+idle+age+dirty+refaults+rdist,F+K,10,btree,test,0.8320,0.3687,4,0
btree,rec+wr+ref+aging+sfreq+idle+age+dirty+refaults+rdist,F+K,10,btree,val,0.8414,0.3479,4,0
btree,ref,K,1,btree,heldout,1.0677,-0.1814,5,0
btree,ref,K,1,btree,test,1.1207,-0.2684,4,0
btree,ref,K,1,btree,val,1.1228,-0.2744,4,0
btree,ref+age,K,2,btree,heldout,1.3527,-0.9480,5,0
btree,ref+age,K,2,btree,test,1.7635,-1.7162,4,0
btree,ref+age,K,2,btree,val,1.8074,-1.8181,4,0
btree,ref+age+dirty,K,3,btree,heldout,1.3642,-0.9935,5,0
btree,ref+age+dirty,K,3,btree,test,1.7626,-1.7644,4,0
btree,ref+age+dirty,K,3,btree,val,1.8460,-1.9349,4,0
btree,ref+age+dirty+rdist,K+K+,4,btree,heldout,1.3292,-0.8849,5,0
btree,ref+age+dirty+rdist,K+K+,4,btree,test,1.6715,-1.5139,4,0
btree,ref+age+dirty+rdist,K+K+,4,btree,val,1.6947,-1.5659,4,0
btree,ref+age+dirty+refaults,K+K+,4,btree,heldout,1.3642,-0.9957,5,0
btree,ref+age+dirty+refaults,K+K+,4,btree,test,1.7715,-1.7763,4,0
btree,ref+age+dirty+refaults,K+K+,4,btree,val,1.7608,-1.7626,4,0
btree,ref+age+dirty+refaults+rdist,K+K+,5,btree,heldout,1.1168,-0.3131,5,0
btree,ref+age+dirty+refaults+rdist,K+K+,5,btree,test,1.3222,-0.7262,4,0
btree,ref+age+dirty+refaults+rdist,K+K+,5,btree,val,1.3462,-0.7847,4,0
btree,ref+age+rdist,K+K+,3,btree,heldout,1.4387,-1.1926,5,0
btree,ref+age+rdist,K+K+,3,btree,test,1.9769,-2.2108,4,0
btree,ref+age+rdist,K+K+,3,btree,val,2.0033,-2.2865,4,0
btree,ref+age+refaults,K+K+,3,btree,heldout,1.3756,-1.0280,5,0
btree,ref+age+refaults,K+K+,3,btree,test,1.7635,-1.7659,4,0
btree,ref+age+refaults,K+K+,3,btree,val,1.8139,-1.8789,4,0
btree,ref+age+refaults+rdist,K+K+,4,btree,heldout,1.0787,-0.2107,5,0
btree,ref+age+refaults+rdist,K+K+,4,btree,test,1.2791,-0.6336,4,0
btree,ref+age+refaults+rdist,K+K+,4,btree,val,1.2932,-0.6676,4,0
btree,ref+aging,K,2,btree,heldout,1.0625,-0.1674,5,0
btree,ref+aging,K,2,btree,test,1.1141,-0.2537,4,0
btree,ref+aging,K,2,btree,val,1.1167,-0.2608,4,0
btree,ref+aging+age,K,3,btree,heldout,1.3509,-0.9419,5,0
btree,ref+aging+age,K,3,btree,test,1.7453,-1.6770,4,0
btree,ref+aging+age,K,3,btree,val,1.7609,-1.7240,4,0
btree,ref+aging+age+dirty,K,4,btree,heldout,1.3305,-0.8872,5,0
btree,ref+aging+age+dirty,K,4,btree,test,1.7223,-1.6273,4,0
btree,ref+aging+age+dirty,K,4,btree,val,1.6988,-1.5916,4,0
btree,ref+aging+age+dirty+rdist,K+K+,5,btree,heldout,1.3063,-0.8226,5,0
btree,ref+aging+age+dirty+rdist,K+K+,5,btree,test,1.5170,-1.1751,4,0
btree,ref+aging+age+dirty+rdist,K+K+,5,btree,val,1.5551,-1.2688,4,0
btree,ref+aging+age+dirty+refaults,K+K+,5,btree,heldout,1.3163,-0.8500,5,0
btree,ref+aging+age+dirty+refaults,K+K+,5,btree,test,1.6749,-1.5255,4,0
btree,ref+aging+age+dirty+refaults,K+K+,5,btree,val,1.6406,-1.4719,4,0
btree,ref+aging+age+dirty+refaults+rdist,K+K+,6,btree,heldout,1.1184,-0.3173,5,0
btree,ref+aging+age+dirty+refaults+rdist,K+K+,6,btree,test,1.3086,-0.6961,4,0
btree,ref+aging+age+dirty+refaults+rdist,K+K+,6,btree,val,1.3214,-0.7321,4,0
btree,ref+aging+age+rdist,K+K+,4,btree,heldout,1.4136,-1.1247,5,0
btree,ref+aging+age+rdist,K+K+,4,btree,test,1.8431,-1.9389,4,0
btree,ref+aging+age+rdist,K+K+,4,btree,val,1.8805,-2.0177,4,0
btree,ref+aging+age+refaults,K+K+,4,btree,heldout,1.3569,-0.9751,5,0
btree,ref+aging+age+refaults,K+K+,4,btree,test,1.5858,-1.3285,4,0
btree,ref+aging+age+refaults,K+K+,4,btree,val,1.6136,-1.4031,4,0
btree,ref+aging+age+refaults+rdist,K+K+,5,btree,heldout,1.0902,-0.2421,5,0
btree,ref+aging+age+refaults+rdist,K+K+,5,btree,test,1.2855,-0.6475,4,0
btree,ref+aging+age+refaults+rdist,K+K+,5,btree,val,1.2799,-0.6402,4,0
btree,ref+aging+dirty,K,3,btree,heldout,1.0296,-0.0794,5,0
btree,ref+aging+dirty,K,3,btree,test,1.0208,-0.0574,4,0
btree,ref+aging+dirty,K,3,btree,val,1.0234,-0.0626,4,0
btree,ref+aging+dirty+rdist,K+K+,4,btree,heldout,1.0379,-0.1015,5,0
btree,ref+aging+dirty+rdist,K+K+,4,btree,test,1.3488,-0.7903,4,0
btree,ref+aging+dirty+rdist,K+K+,4,btree,val,1.3514,-0.8044,4,0
btree,ref+aging+dirty+refaults,K+K+,4,btree,heldout,1.4078,-1.1008,5,0
btree,ref+aging+dirty+refaults,K+K+,4,btree,test,1.8353,-1.8713,4,0
btree,ref+aging+dirty+refaults,K+K+,4,btree,val,1.7988,-1.7968,4,0
btree,ref+aging+dirty+refaults+rdist,K+K+,5,btree,heldout,0.9589,0.1100,5,0
btree,ref+aging+dirty+refaults+rdist,K+K+,5,btree,test,1.0528,-0.1356,4,0
btree,ref+aging+dirty+refaults+rdist,K+K+,5,btree,val,1.0581,-0.1503,4,0
btree,ref+aging+idle,K,3,btree,heldout,0.9952,0.0129,5,0
btree,ref+aging+idle,K,3,btree,test,0.9993,0.0014,4,0
btree,ref+aging+idle,K,3,btree,val,0.9998,0.0004,4,0
btree,ref+aging+idle+age,K,4,btree,heldout,0.8754,0.3337,5,0
btree,ref+aging+idle+age,K,4,btree,test,0.8370,0.3618,4,0
btree,ref+aging+idle+age,K,4,btree,val,0.8409,0.3547,4,0
btree,ref+aging+idle+age+dirty,K,5,btree,heldout,0.8731,0.3399,5,0
btree,ref+aging+idle+age+dirty,K,5,btree,test,0.7991,0.4460,4,0
btree,ref+aging+idle+age+dirty,K,5,btree,val,0.8026,0.4402,4,0
btree,ref+aging+idle+age+dirty+rdist,K+K+,6,btree,heldout,0.8547,0.3891,5,0
btree,ref+aging+idle+age+dirty+rdist,K+K+,6,btree,test,0.8278,0.3810,4,0
btree,ref+aging+idle+age+dirty+rdist,K+K+,6,btree,val,0.8308,0.3759,4,0
btree,ref+aging+idle+age+dirty+refaults,K+K+,6,btree,heldout,0.8459,0.4126,5,0
btree,ref+aging+idle+age+dirty+refaults,K+K+,6,btree,test,0.8054,0.4307,4,0
btree,ref+aging+idle+age+dirty+refaults,K+K+,6,btree,val,0.8088,0.4249,4,0
btree,ref+aging+idle+age+dirty+refaults+rdist,K+K+,7,btree,heldout,0.8629,0.3672,5,0
btree,ref+aging+idle+age+dirty+refaults+rdist,K+K+,7,btree,test,0.8275,0.3814,4,0
btree,ref+aging+idle+age+dirty+refaults+rdist,K+K+,7,btree,val,0.8300,0.3777,4,0
btree,ref+aging+idle+age+rdist,K+K+,5,btree,heldout,0.8488,0.4050,5,0
btree,ref+aging+idle+age+rdist,K+K+,5,btree,test,0.8241,0.3889,4,0
btree,ref+aging+idle+age+rdist,K+K+,5,btree,val,0.8408,0.3529,4,0
btree,ref+aging+idle+age+refaults,K+K+,5,btree,heldout,0.8447,0.4158,5,0
btree,ref+aging+idle+age+refaults,K+K+,5,btree,test,0.8319,0.3713,4,0
btree,ref+aging+idle+age+refaults,K+K+,5,btree,val,0.8356,0.3645,4,0
btree,ref+aging+idle+age+refaults+rdist,K+K+,6,btree,heldout,0.8511,0.3989,5,0
btree,ref+aging+idle+age+refaults+rdist,K+K+,6,btree,test,0.8448,0.3425,4,0
btree,ref+aging+idle+age+refaults+rdist,K+K+,6,btree,val,0.8459,0.3416,4,0
btree,ref+aging+idle+dirty,K,4,btree,heldout,0.9946,0.0144,5,0
btree,ref+aging+idle+dirty,K,4,btree,test,0.9968,0.0069,4,0
btree,ref+aging+idle+dirty,K,4,btree,val,0.9976,0.0052,4,0
btree,ref+aging+idle+dirty+rdist,K+K+,5,btree,heldout,0.8653,0.3607,5,0
btree,ref+aging+idle+dirty+rdist,K+K+,5,btree,test,0.8210,0.3972,4,0
btree,ref+aging+idle+dirty+rdist,K+K+,5,btree,val,0.8241,0.3918,4,0
btree,ref+aging+idle+dirty+refaults,K+K+,5,btree,heldout,0.9975,0.0068,5,0
btree,ref+aging+idle+dirty+refaults,K+K+,5,btree,test,1.0044,-0.0123,4,0
btree,ref+aging+idle+dirty+refaults,K+K+,5,btree,val,1.0074,-0.0186,4,0
btree,ref+aging+idle+dirty+refaults+rdist,K+K+,6,btree,heldout,0.8720,0.3428,5,0
btree,ref+aging+idle+dirty+refaults+rdist,K+K+,6,btree,test,0.8207,0.3976,4,0
btree,ref+aging+idle+dirty+refaults+rdist,K+K+,6,btree,val,0.8241,0.3915,4,0
btree,ref+aging+idle+rdist,K+K+,4,btree,heldout,0.8718,0.3434,5,0
btree,ref+aging+idle+rdist,K+K+,4,btree,test,0.8246,0.3893,4,0
btree,ref+aging+idle+rdist,K+K+,4,btree,val,0.8281,0.3831,4,0
btree,ref+aging+idle+refaults,K+K+,4,btree,heldout,1.0034,-0.0090,5,0
btree,ref+aging+idle+refaults,K+K+,4,btree,test,1.0236,-0.0533,4,0
btree,ref+aging+idle+refaults,K+K+,4,btree,val,1.0263,-0.0594,4,0
btree,ref+aging+idle+refaults+rdist,K+K+,5,btree,heldout,0.8672,0.3555,5,0
btree,ref+aging+idle+refaults+rdist,K+K+,5,btree,test,0.8199,0.3993,4,0
btree,ref+aging+idle+refaults+rdist,K+K+,5,btree,val,0.8247,0.3904,4,0
btree,ref+aging+rdist,K+K+,3,btree,heldout,1.3789,-1.0150,5,0
btree,ref+aging+rdist,K+K+,3,btree,test,1.9871,-2.2415,4,0
btree,ref+aging+rdist,K+K+,3,btree,val,1.9788,-2.2291,4,0
btree,ref+aging+refaults,K+K+,3,btree,heldout,1.4217,-1.1322,5,0
btree,ref+aging+refaults,K+K+,3,btree,test,2.0162,-2.2865,4,0
btree,ref+aging+refaults,K+K+,3,btree,val,2.0119,-2.2848,4,0
btree,ref+aging+refaults+rdist,K+K+,4,btree,heldout,0.9139,0.2305,5,0
btree,ref+aging+refaults+rdist,K+K+,4,btree,test,0.9516,0.0993,4,0
btree,ref+aging+refaults+rdist,K+K+,4,btree,val,0.9484,0.1069,4,0
btree,ref+aging+sfreq,K,3,btree,heldout,1.2939,-0.8100,5,0
btree,ref+aging+sfreq,K,3,btree,test,1.6868,-1.5487,4,0
btree,ref+aging+sfreq,K,3,btree,val,1.6822,-1.5426,4,0
btree,ref+aging+sfreq+age,K,4,btree,heldout,0.9272,0.1948,5,0
btree,ref+aging+sfreq+age,K,4,btree,test,1.1048,-0.2615,4,0
btree,ref+aging+sfreq+age,K,4,btree,val,1.1440,-0.3708,4,0
btree,ref+aging+sfreq+age+dirty,K,5,btree,heldout,0.8592,0.3769,5,0
btree,ref+aging+sfreq+age+dirty,K,5,btree,test,0.8628,0.3001,4,0
btree,ref+aging+sfreq+age+dirty,K,5,btree,val,0.8808,0.2577,4,0
btree,ref+aging+sfreq+age+dirty+rdist,K+K+,6,btree,heldout,0.9364,0.1702,5,0
btree,ref+aging+sfreq+age+dirty+rdist,K+K+,6,btree,test,1.0068,-0.0160,4,0
btree,ref+aging+sfreq+age+dirty+rdist,K+K+,6,btree,val,0.9999,-0.0014,4,0
btree,ref+aging+sfreq+age+dirty+refaults,K+K+,6,btree,heldout,0.8455,0.4138,5,0
btree,ref+aging+sfreq+age+dirty+refaults,K+K+,6,btree,test,0.8659,0.2910,4,0
btree,ref+aging+sfreq+age+dirty+refaults,K+K+,6,btree,val,0.8734,0.2745,4,0
btree,ref+aging+sfreq+age+dirty+refaults+rdist,K+K+,7,btree,heldout,0.8557,0.3865,5,0
btree,ref+aging+sfreq+age+dirty+refaults+rdist,K+K+,7,btree,test,0.8735,0.2778,4,0
btree,ref+aging+sfreq+age+dirty+refaults+rdist,K+K+,7,btree,val,0.8785,0.2672,4,0
btree,ref+aging+sfreq+age+rdist,K+K+,5,btree,heldout,0.9602,0.1064,5,0
btree,ref+aging+sfreq+age+rdist,K+K+,5,btree,test,1.1161,-0.2635,4,0
btree,ref+aging+sfreq+age+rdist,K+K+,5,btree,val,1.1176,-0.2670,4,0
btree,ref+aging+sfreq+age+refaults,K+K+,5,btree,heldout,0.8608,0.3728,5,0
btree,ref+aging+sfreq+age+refaults,K+K+,5,btree,test,0.8789,0.2642,4,0
btree,ref+aging+sfreq+age+refaults,K+K+,5,btree,val,0.8884,0.2435,4,0
btree,ref+aging+sfreq+age+refaults+rdist,K+K+,6,btree,heldout,0.8611,0.3720,5,0
btree,ref+aging+sfreq+age+refaults+rdist,K+K+,6,btree,test,0.8826,0.2575,4,0
btree,ref+aging+sfreq+age+refaults+rdist,K+K+,6,btree,val,0.8903,0.2408,4,0
btree,ref+aging+sfreq+dirty,K,4,btree,heldout,1.0011,-0.0035,5,0
btree,ref+aging+sfreq+dirty,K,4,btree,test,1.1599,-0.3585,4,0
btree,ref+aging+sfreq+dirty,K,4,btree,val,1.2034,-0.4626,4,0
btree,ref+aging+sfreq+dirty+rdist,K+K+,5,btree,heldout,1.0327,-0.0876,5,0
btree,ref+aging+sfreq+dirty+rdist,K+K+,5,btree,test,1.2077,-0.4615,4,0
btree,ref+aging+sfreq+dirty+rdist,K+K+,5,btree,val,1.2046,-0.4569,4,0
btree,ref+aging+sfreq+dirty+refaults,K+K+,5,btree,heldout,0.9167,0.2232,5,0
btree,ref+aging+sfreq+dirty+refaults,K+K+,5,btree,test,0.9982,-0.0031,4,0
btree,ref+aging+sfreq+dirty+refaults,K+K+,5,btree,val,1.0090,-0.0280,4,0
btree,ref+aging+sfreq+dirty+refaults+rdist,K+K+,6,btree,heldout,0.8810,0.3185,5,0
btree,ref+aging+sfreq+dirty+refaults+rdist,K+K+,6,btree,test,0.9319,0.1472,4,0
btree,ref+aging+sfreq+dirty+refaults+rdist,K+K+,6,btree,val,0.9398,0.1288,4,0
btree,ref+aging+sfreq+idle,K,4,btree,heldout,0.8712,0.3450,5,0
btree,ref+aging+sfreq+idle,K,4,btree,test,0.8856,0.2482,4,0
btree,ref+aging+sfreq+idle,K,4,btree,val,0.8990,0.2164,4,0
btree,ref+aging+sfreq+idle+age,K,5,btree,heldout,0.8714,0.3444,5,0
btree,ref+aging+sfreq+idle+age,K,5,btree,test,0.8864,0.2465,4,0
btree,ref+aging+sfreq+idle+age,K,5,btree,val,0.8979,0.2189,4,0
btree,ref+aging+sfreq+idle+age+dirty,K,6,btree,heldout,0.8507,0.3997,5,0
btree,ref+aging+sfreq+idle+age+dirty,K,6,btree,test,0.8113,0.4176,4,0
btree,ref+aging+sfreq+idle+age+dirty,K,6,btree,val,0.8208,0.3975,4,0
btree,ref+aging+sfreq+idle+age+dirty+rdist,K+K+,7,btree,heldout,0.8716,0.3439,5,0
btree,ref+aging+sfreq+idle+age+dirty+rdist,K+K+,7,btree,test,0.8787,0.2661,4,0
btree,ref+aging+sfreq+idle+age+dirty+rdist,K+K+,7,btree,val,0.8731,0.2797,4,0
btree,ref+aging+sfreq+idle+age+dirty+refaults,K+K+,7,btree,heldout,0.8402,0.4280,5,0
btree,ref+aging+sfreq+idle+age+dirty+refaults,K+K+,7,btree,test,0.8118,0.4163,4,0
btree,ref+aging+sfreq+idle+age+dirty+refaults,K+K+,7,btree,val,0.8177,0.4047,4,0
btree,ref+aging+sfreq+idle+age+dirty+refaults+rdist,K+K+,8,btree,heldout,0.8443,0.4171,5,0
btree,ref+aging+sfreq+idle+age+dirty+refaults+rdist,K+K+,8,btree,test,0.8367,0.3606,4,0
btree,ref+aging+sfreq+idle+age+dirty+refaults+rdist,K+K+,8,btree,val,0.8386,0.3576,4,0
btree,ref+aging+sfreq+idle+age+rdist,K+K+,6,btree,heldout,0.8770,0.3294,5,0
btree,ref+aging+sfreq+idle+age+rdist,K+K+,6,btree,test,0.9075,0.2009,4,0
btree,ref+aging+sfreq+idle+age+rdist,K+K+,6,btree,val,0.9211,0.1694,4,0
btree,ref+aging+sfreq+idle+age+refaults,K+K+,6,btree,heldout,0.8467,0.4106,5,0
btree,ref+aging+sfreq+idle+age+refaults,K+K+,6,btree,test,0.8317,0.3717,4,0
btree,ref+aging+sfreq+idle+age+refaults,K+K+,6,btree,val,0.8390,0.3566,4,0
btree,ref+aging+sfreq+idle+age+refaults+rdist,K+K+,7,btree,heldout,0.8470,0.4098,5,0
btree,ref+aging+sfreq+idle+age+refaults+rdist,K+K+,7,btree,test,0.8444,0.3434,4,0
btree,ref+aging+sfreq+idle+age+refaults+rdist,K+K+,7,btree,val,0.8504,0.3310,4,0
btree,ref+aging+sfreq+idle+dirty,K,5,btree,heldout,0.8510,0.3990,5,0
btree,ref+aging+sfreq+idle+dirty,K,5,btree,test,0.8126,0.4147,4,0
btree,ref+aging+sfreq+idle+dirty,K,5,btree,val,0.8218,0.3953,4,0
btree,ref+aging+sfreq+idle+dirty+rdist,K+K+,6,btree,heldout,0.8724,0.3417,5,0
btree,ref+aging+sfreq+idle+dirty+rdist,K+K+,6,btree,test,0.8764,0.2712,4,0
btree,ref+aging+sfreq+idle+dirty+rdist,K+K+,6,btree,val,0.8769,0.2711,4,0
btree,ref+aging+sfreq+idle+dirty+refaults,K+K+,6,btree,heldout,0.8412,0.4252,5,0
btree,ref+aging+sfreq+idle+dirty+refaults,K+K+,6,btree,test,0.8118,0.4165,4,0
btree,ref+aging+sfreq+idle+dirty+refaults,K+K+,6,btree,val,0.8179,0.4042,4,0
btree,ref+aging+sfreq+idle+dirty+refaults+rdist,K+K+,7,btree,heldout,0.8438,0.4184,5,0
btree,ref+aging+sfreq+idle+dirty+refaults+rdist,K+K+,7,btree,test,0.8365,0.3612,4,0
btree,ref+aging+sfreq+idle+dirty+refaults+rdist,K+K+,7,btree,val,0.8388,0.3574,4,0
btree,ref+aging+sfreq+idle+rdist,K+K+,5,btree,heldout,0.8743,0.3367,5,0
btree,ref+aging+sfreq+idle+rdist,K+K+,5,btree,test,0.9044,0.2080,4,0
btree,ref+aging+sfreq+idle+rdist,K+K+,5,btree,val,0.9166,0.1803,4,0
btree,ref+aging+sfreq+idle+refaults,K+K+,5,btree,heldout,0.8469,0.4101,5,0
btree,ref+aging+sfreq+idle+refaults,K+K+,5,btree,test,0.8306,0.3742,4,0
btree,ref+aging+sfreq+idle+refaults,K+K+,5,btree,val,0.8378,0.3591,4,0
btree,ref+aging+sfreq+idle+refaults+rdist,K+K+,6,btree,heldout,0.8469,0.4100,5,0
btree,ref+aging+sfreq+idle+refaults+rdist,K+K+,6,btree,test,0.8441,0.3443,4,0
btree,ref+aging+sfreq+idle+refaults+rdist,K+K+,6,btree,val,0.8492,0.3340,4,0
btree,ref+aging+sfreq+rdist,K+K+,4,btree,heldout,1.3188,-0.8782,5,0
btree,ref+aging+sfreq+rdist,K+K+,4,btree,test,1.6845,-1.5657,4,0
btree,ref+aging+sfreq+rdist,K+K+,4,btree,val,1.7456,-1.6952,4,0
btree,ref+aging+sfreq+refaults,K+K+,4,btree,heldout,0.9173,0.2215,5,0
btree,ref+aging+sfreq+refaults,K+K+,4,btree,test,0.9990,-0.0027,4,0
btree,ref+aging+sfreq+refaults,K+K+,4,btree,val,1.0117,-0.0315,4,0
btree,ref+aging+sfreq+refaults+rdist,K+K+,5,btree,heldout,0.8884,0.2989,5,0
btree,ref+aging+sfreq+refaults+rdist,K+K+,5,btree,test,0.9505,0.1061,4,0
btree,ref+aging+sfreq+refaults+rdist,K+K+,5,btree,val,0.9564,0.0923,4,0
btree,ref+dirty,K,2,btree,heldout,1.0342,-0.0917,5,0
btree,ref+dirty,K,2,btree,test,1.0424,-0.1109,4,0
btree,ref+dirty,K,2,btree,val,1.0448,-0.1156,4,0
btree,ref+dirty+rdist,K+K+,3,btree,heldout,1.0397,-0.1063,5,0
btree,ref+dirty+rdist,K+K+,3,btree,test,1.3659,-0.8289,4,0
btree,ref+dirty+rdist,K+K+,3,btree,val,1.3672,-0.8427,4,0
btree,ref+dirty+refaults,K+K+,3,btree,heldout,1.7145,-1.9206,5,0
btree,ref+dirty+refaults,K+K+,3,btree,test,2.2137,-2.7276,4,0
btree,ref+dirty+refaults,K+K+,3,btree,val,2.2127,-2.7352,4,0
btree,ref+dirty+refaults+rdist,K+K+,4,btree,heldout,0.9589,0.1100,5,0
btree,ref+dirty+refaults+rdist,K+K+,4,btree,test,1.0579,-0.1470,4,0
btree,ref+dirty+refaults+rdist,K+K+,4,btree,val,1.0682,-0.1746,4,0
btree,ref+idle,K,2,btree,heldout,0.9952,0.0129,5,0
btree,ref+idle,K,2,btree,test,0.9993,0.0014,4,0
btree,ref+idle,K,2,btree,val,0.9998,0.0004,4,0
btree,ref+idle+age,K,3,btree,heldout,0.8841,0.3104,5,0
btree,ref+idle+age,K,3,btree,test,0.8358,0.3649,4,0
btree,ref+idle+age,K,3,btree,val,0.8419,0.3528,4,0
btree,ref+idle+age+dirty,K,4,btree,heldout,0.8923,0.2883,5,0
btree,ref+idle+age+dirty,K,4,btree,test,0.8058,0.4312,4,0
btree,ref+idle+age+dirty,K,4,btree,val,0.8080,0.4283,4,0
btree,ref+idle+age+dirty+rdist,K+K+,5,btree,heldout,0.8463,0.4116,5,0
btree,ref+idle+age+dirty+rdist,K+K+,5,btree,test,0.8087,0.4239,4,0
btree,ref+idle+age+dirty+rdist,K+K+,5,btree,val,0.8163,0.4085,4,0
btree,ref+idle+age+dirty+refaults,K+K+,5,btree,heldout,0.8636,0.3654,5,0
btree,ref+idle+age+dirty+refaults,K+K+,5,btree,test,0.8045,0.4330,4,0
btree,ref+idle+age+dirty+refaults,K+K+,5,btree,val,0.8069,0.4297,4,0
btree,ref+idle+age+dirty+refaults+rdist,K+K+,6,btree,heldout,0.8557,0.3865,5,0
btree,ref+idle+age+dirty+refaults+rdist,K+K+,6,btree,test,0.8148,0.4100,4,0
btree,ref+idle+age+dirty+refaults+rdist,K+K+,6,btree,val,0.8195,0.4014,4,0
btree,ref+idle+age+rdist,K+K+,4,btree,heldout,0.8450,0.4150,5,0
btree,ref+idle+age+rdist,K+K+,4,btree,test,0.8150,0.4097,4,0
btree,ref+idle+age+rdist,K+K+,4,btree,val,0.8283,0.3815,4,0
btree,ref+idle+age+refaults,K+K+,4,btree,heldout,0.8533,0.3929,5,0
btree,ref+idle+age+refaults,K+K+,4,btree,test,0.8226,0.3927,4,0
btree,ref+idle+age+refaults,K+K+,4,btree,val,0.8273,0.3836,4,0
btree,ref+idle+age+refaults+rdist,K+K+,5,btree,heldout,0.8478,0.4077,5,0
btree,ref+idle+age+refaults+rdist,K+K+,5,btree,test,0.8292,0.3776,4,0
btree,ref+idle+age+refaults+rdist,K+K+,5,btree,val,0.8315,0.3740,4,0
btree,ref+idle+dirty,K,3,btree,heldout,0.9944,0.0149,5,0
btree,ref+idle+dirty,K,3,btree,test,0.9961,0.0085,4,0
btree,ref+idle+dirty,K,3,btree,val,0.9969,0.0070,4,0
btree,ref+idle+dirty+rdist,K+K+,4,btree,heldout,0.8654,0.3606,5,0
btree,ref+idle+dirty+rdist,K+K+,4,btree,test,0.8205,0.3982,4,0
btree,ref+idle+dirty+rdist,K+K+,4,btree,val,0.8243,0.3913,4,0
btree,ref+idle+dirty+refaults,K+K+,4,btree,heldout,0.9976,0.0065,5,0
btree,ref+idle+dirty+refaults,K+K+,4,btree,test,1.0036,-0.0108,4,0
btree,ref+idle+dirty+refaults,K+K+,4,btree,val,1.0069,-0.0178,4,0
btree,ref+idle+dirty+refaults+rdist,K+K+,5,btree,heldout,0.8729,0.3404,5,0
btree,ref+idle+dirty+refaults+rdist,K+K+,5,btree,test,0.8202,0.3987,4,0
btree,ref+idle+dirty+refaults+rdist,K+K+,5,btree,val,0.8245,0.3908,4,0
btree,ref+idle+rdist,K+K+,3,btree,heldout,0.8711,0.3453,5,0
btree,ref+idle+rdist,K+K+,3,btree,test,0.8250,0.3884,4,0
btree,ref+idle+rdist,K+K+,3,btree,val,0.8284,0.3825,4,0
btree,ref+idle+refaults,K+K+,3,btree,heldout,1.0038,-0.0103,5,0
btree,ref+idle+refaults,K+K+,3,btree,test,1.0248,-0.0560,4,0
btree,ref+idle+refaults,K+K+,3,btree,val,1.0277,-0.0626,4,0
btree,ref+idle+refaults+rdist,K+K+,4,btree,heldout,0.8656,0.3599,5,0
btree,ref+idle+refaults+rdist,K+K+,4,btree,test,0.8200,0.3992,4,0
btree,ref+idle+refaults+rdist,K+K+,4,btree,val,0.8252,0.3893,4,0
btree,ref+rdist,K+K+,2,btree,heldout,1.4250,-1.1390,5,0
btree,ref+rdist,K+K+,2,btree,test,2.0536,-2.3930,4,0
btree,ref+rdist,K+K+,2,btree,val,2.0576,-2.4070,4,0
btree,ref+refaults,K+K+,2,btree,heldout,1.7100,-1.9040,5,0
btree,ref+refaults,K+K+,2,btree,test,2.5989,-3.5793,4,1
btree,ref+refaults,K+K+,2,btree,val,2.5984,-3.5945,4,0
btree,ref+refaults+rdist,K+K+,3,btree,heldout,0.9143,0.2293,5,0
btree,ref+refaults+rdist,K+K+,3,btree,test,0.9564,0.0876,4,0
btree,ref+refaults+rdist,K+K+,3,btree,val,0.9530,0.0961,4,0
btree,ref+sfreq,K,2,btree,heldout,1.3287,-0.9016,5,0
btree,ref+sfreq,K,2,btree,test,1.7199,-1.6237,4,0
btree,ref+sfreq,K,2,btree,val,1.7262,-1.6437,4,0
btree,ref+sfreq+age,K,3,btree,heldout,0.9657,0.0917,5,0
btree,ref+sfreq+age,K,3,btree,test,1.2316,-0.5482,4,0
btree,ref+sfreq+age,K,3,btree,val,1.2039,-0.4778,4,0
btree,ref+sfreq+age+dirty,K,4,btree,heldout,0.8864,0.3042,5,0
btree,ref+sfreq+age+dirty,K,4,btree,test,0.9191,0.1765,4,0
btree,ref+sfreq+age+dirty,K,4,btree,val,0.9391,0.1270,4,0
btree,ref+sfreq+age+dirty+rdist,K+K+,5,btree,heldout,0.9454,0.1462,5,0
btree,ref+sfreq+age+dirty+rdist,K+K+,5,btree,test,1.0280,-0.0628,4,0
btree,ref+sfreq+age+dirty+rdist,K+K+,5,btree,val,1.0219,-0.0497,4,0
btree,ref+sfreq+age+dirty+refaults,K+K+,5,btree,heldout,0.8554,0.3872,5,0
btree,ref+sfreq+age+dirty+refaults,K+K+,5,btree,test,0.8822,0.2541,4,0
btree,ref+sfreq+age+dirty+refaults,K+K+,5,btree,val,0.8905,0.2354,4,0
btree,ref+sfreq+age+dirty+refaults+rdist,K+K+,6,btree,heldout,0.8571,0.3827,5,0
btree,ref+sfreq+age+dirty+refaults+rdist,K+K+,6,btree,test,0.8741,0.2766,4,0
btree,ref+sfreq+age+dirty+refaults+rdist,K+K+,6,btree,val,0.8827,0.2579,4,0
btree,ref+sfreq+age+rdist,K+K+,4,btree,heldout,0.9766,0.0626,5,0
btree,ref+sfreq+age+rdist,K+K+,4,btree,test,1.1955,-0.4472,4,0
btree,ref+sfreq+age+rdist,K+K+,4,btree,val,1.1669,-0.3772,4,0
btree,ref+sfreq+age+refaults,K+K+,4,btree,heldout,0.8697,0.3489,5,0
btree,ref+sfreq+age+refaults,K+K+,4,btree,test,0.8982,0.2211,4,0
btree,ref+sfreq+age+refaults,K+K+,4,btree,val,0.9082,0.1990,4,0
btree,ref+sfreq+age+refaults+rdist,K+K+,5,btree,heldout,0.8625,0.3684,5,0
btree,ref+sfreq+age+refaults+rdist,K+K+,5,btree,test,0.8861,0.2496,4,0
btree,ref+sfreq+age+refaults+rdist,K+K+,5,btree,val,0.8950,0.2305,4,0
btree,ref+sfreq+dirty,K,3,btree,heldout,1.0396,-0.1068,5,0
btree,ref+sfreq+dirty,K,3,btree,test,1.2431,-0.5434,4,0
btree,ref+sfreq+dirty,K,3,btree,val,1.2465,-0.5545,4,0
btree,ref+sfreq+dirty+rdist,K+K+,4,btree,heldout,1.0569,-0.1529,5,0
btree,ref+sfreq+dirty+rdist,K+K+,4,btree,test,1.2503,-0.5563,4,0
btree,ref+sfreq+dirty+rdist,K+K+,4,btree,val,1.2854,-0.6374,4,0
btree,ref+sfreq+dirty+refaults,K+K+,4,btree,heldout,0.9282,0.1924,5,0
btree,ref+sfreq+dirty+refaults,K+K+,4,btree,test,1.0321,-0.0786,4,0
btree,ref+sfreq+dirty+refaults,K+K+,4,btree,val,1.0424,-0.1014,4,0
btree,ref+sfreq+dirty+refaults+rdist,K+K+,5,btree,heldout,0.8968,0.2764,5,0
btree,ref+sfreq+dirty+refaults+rdist,K+K+,5,btree,test,0.9722,0.0569,4,0
btree,ref+sfreq+dirty+refaults+rdist,K+K+,5,btree,val,0.9723,0.0557,4,0
btree,ref+sfreq+idle,K,3,btree,heldout,0.8781,0.3264,5,0
btree,ref+sfreq+idle,K,3,btree,test,0.9217,0.1638,4,0
btree,ref+sfreq+idle,K,3,btree,val,0.9287,0.1457,4,0
btree,ref+sfreq+idle+age,K,4,btree,heldout,0.8763,0.3313,5,0
btree,ref+sfreq+idle+age,K,4,btree,test,0.9126,0.1851,4,0
btree,ref+sfreq+idle+age,K,4,btree,val,0.9217,0.1623,4,0
btree,ref+sfreq+idle+age+dirty,K,5,btree,heldout,0.8490,0.4043,5,0
btree,ref+sfreq+idle+age+dirty,K,5,btree,test,0.8131,0.4134,4,0
btree,ref+sfreq+idle+age+dirty,K,5,btree,val,0.8228,0.3927,4,0
btree,ref+sfreq+idle+age+dirty+rdist,K+K+,6,btree,heldout,0.8749,0.3350,5,0
btree,ref+sfreq+idle+age+dirty+rdist,K+K+,6,btree,test,0.8834,0.2553,4,0
btree,ref+sfreq+idle+age+dirty+rdist,K+K+,6,btree,val,0.8855,0.2518,4,0
btree,ref+sfreq+idle+age+dirty+refaults,K+K+,6,btree,heldout,0.8388,0.4318,5,0
btree,ref+sfreq+idle+age+dirty+refaults,K+K+,6,btree,test,0.8155,0.4077,4,0
btree,ref+sfreq+idle+age+dirty+refaults,K+K+,6,btree,val,0.8213,0.3963,4,0
btree,ref+sfreq+idle+age+dirty+refaults+rdist,K+K+,7,btree,heldout,0.8447,0.4159,5,0
btree,ref+sfreq+idle+age+dirty+refaults+rdist,K+K+,7,btree,test,0.8376,0.3588,4,0
btree,ref+sfreq+idle+age+dirty+refaults+rdist,K+K+,7,btree,val,0.8396,0.3555,4,0
btree,ref+sfreq+idle+age+rdist,K+K+,5,btree,heldout,0.8844,0.3095,5,0
btree,ref+sfreq+idle+age+rdist,K+K+,5,btree,test,0.9270,0.1579,4,0
btree,ref+sfreq+idle+age+rdist,K+K+,5,btree,val,0.9387,0.1316,4,0
btree,ref+sfreq+idle+age+refaults,K+K+,5,btree,heldout,0.8469,0.4101,5,0
btree,ref+sfreq+idle+age+refaults,K+K+,5,btree,test,0.8360,0.3620,4,0
btree,ref+sfreq+idle+age+refaults,K+K+,5,btree,val,0.8436,0.3462,4,0
btree,ref+sfreq+idle+age+refaults+rdist,K+K+,6,btree,heldout,0.8479,0.4074,5,0
btree,ref+sfreq+idle+age+refaults+rdist,K+K+,6,btree,test,0.8456,0.3409,4,0
btree,ref+sfreq+idle+age+refaults+rdist,K+K+,6,btree,val,0.8506,0.3308,4,0
btree,ref+sfreq+idle+dirty,K,4,btree,heldout,0.8492,0.4040,5,0
btree,ref+sfreq+idle+dirty,K,4,btree,test,0.8211,0.3948,4,0
btree,ref+sfreq+idle+dirty,K,4,btree,val,0.8318,0.3713,4,0
btree,ref+sfreq+idle+dirty+rdist,K+K+,5,btree,heldout,0.8758,0.3326,5,0
btree,ref+sfreq+idle+dirty+rdist,K+K+,5,btree,test,0.8857,0.2507,4,0
btree,ref+sfreq+idle+dirty+rdist,K+K+,5,btree,val,0.8896,0.2419,4,0
btree,ref+sfreq+idle+dirty+refaults,K+K+,5,btree,heldout,0.8391,0.4310,5,0
btree,ref+sfreq+idle+dirty+refaults,K+K+,5,btree,test,0.8176,0.4029,4,0
btree,ref+sfreq+idle+dirty+refaults,K+K+,5,btree,val,0.8235,0.3911,4,0
btree,ref+sfreq+idle+dirty+refaults+rdist,K+K+,6,btree,heldout,0.8452,0.4146,5,0
btree,ref+sfreq+idle+dirty+refaults+rdist,K+K+,6,btree,test,0.8381,0.3577,4,0
btree,ref+sfreq+idle+dirty+refaults+rdist,K+K+,6,btree,val,0.8412,0.3518,4,0
btree,ref+sfreq+idle+rdist,K+K+,4,btree,heldout,0.8863,0.3046,5,0
btree,ref+sfreq+idle+rdist,K+K+,4,btree,test,0.9316,0.1479,4,0
btree,ref+sfreq+idle+rdist,K+K+,4,btree,val,0.9384,0.1315,4,0
btree,ref+sfreq+idle+refaults,K+K+,4,btree,heldout,0.8475,0.4083,5,0
btree,ref+sfreq+idle+refaults,K+K+,4,btree,test,0.8385,0.3561,4,0
btree,ref+sfreq+idle+refaults,K+K+,4,btree,val,0.8457,0.3412,4,0
btree,ref+sfreq+idle+refaults+rdist,K+K+,5,btree,heldout,0.8483,0.4062,5,0
btree,ref+sfreq+idle+refaults+rdist,K+K+,5,btree,test,0.8466,0.3385,4,0
btree,ref+sfreq+idle+refaults+rdist,K+K+,5,btree,val,0.8545,0.3217,4,0
btree,ref+sfreq+rdist,K+K+,3,btree,heldout,1.3474,-0.9508,5,0
btree,ref+sfreq+rdist,K+K+,3,btree,test,1.7721,-1.7525,4,0
btree,ref+sfreq+rdist,K+K+,3,btree,val,1.7733,-1.7663,4,0
btree,ref+sfreq+refaults,K+K+,3,btree,heldout,0.9188,0.2174,5,0
btree,ref+sfreq+refaults,K+K+,3,btree,test,1.0122,-0.0320,4,0
btree,ref+sfreq+refaults,K+K+,3,btree,val,1.0236,-0.0579,4,0
btree,ref+sfreq+refaults+rdist,K+K+,4,btree,heldout,0.9053,0.2537,5,0
btree,ref+sfreq+refaults+rdist,K+K+,4,btree,test,0.9811,0.0384,4,0
btree,ref+sfreq+refaults+rdist,K+K+,4,btree,val,0.9838,0.0311,4,0
btree,refaults,K+K+,1,btree,heldout,1.7136,-1.9135,5,0
btree,refaults,K+K+,1,btree,test,2.6153,-3.6138,4,1
btree,refaults,K+K+,1,btree,val,2.6142,-3.6278,4,1
btree,refaults+rdist,K+K+,2,btree,heldout,0.9245,0.2021,5,0
btree,refaults+rdist,K+K+,2,btree,test,0.9967,-0.0046,4,0
btree,refaults+rdist,K+K+,2,btree,val,1.0076,-0.0288,4,0
btree,sd,F,1,btree,heldout,0.9949,0.0136,5,0
btree,sd,F,1,btree,test,0.9985,0.0032,4,0
btree,sd,F,1,btree,val,0.9990,0.0021,4,0
btree,sd+ref+aging+sfreq+idle+age+dirty,F+K,7,btree,heldout,0.8524,0.3953,5,0
btree,sd+ref+aging+sfreq+idle+age+dirty,F+K,7,btree,test,0.8466,0.3352,4,0
btree,sd+ref+aging+sfreq+idle+age+dirty,F+K,7,btree,val,0.8551,0.3159,4,0
btree,sd+ref+aging+sfreq+idle+age+dirty+refaults+rdist,F+K,9,btree,heldout,0.8461,0.4121,5,0
btree,sd+ref+aging+sfreq+idle+age+dirty+refaults+rdist,F+K,9,btree,test,0.8430,0.3465,4,0
btree,sd+ref+aging+sfreq+idle+age+dirty+refaults+rdist,F+K,9,btree,val,0.8454,0.3424,4,0
btree,sd+wr,F,2,btree,heldout,0.9299,0.1879,5,0
btree,sd+wr,F,2,btree,test,0.8780,0.2630,4,0
btree,sd+wr,F,2,btree,val,0.8818,0.2558,4,0
btree,sd+wr+ref+aging+sfreq+idle+age+dirty,F+K,8,btree,heldout,0.8294,0.4568,5,0
btree,sd+wr+ref+aging+sfreq+idle+age+dirty,F+K,8,btree,test,0.8709,0.2707,4,0
btree,sd+wr+ref+aging+sfreq+idle+age+dirty,F+K,8,btree,val,0.8897,0.2254,4,0
btree,sd+wr+ref+aging+sfreq+idle+age+dirty+refaults+rdist,F+K,10,btree,heldout,0.8321,0.4497,5,0
btree,sd+wr+ref+aging+sfreq+idle+age+dirty+refaults+rdist,F+K,10,btree,test,0.8459,0.3357,4,0
btree,sd+wr+ref+aging+sfreq+idle+age+dirty+refaults+rdist,F+K,10,btree,val,0.8487,0.3306,4,0
btree,sfreq,K,1,btree,heldout,1.3413,-0.9345,5,0
btree,sfreq,K,1,btree,test,1.7701,-1.7432,4,0
btree,sfreq,K,1,btree,val,2.0668,-2.4097,4,0
btree,sfreq+age,K,2,btree,heldout,0.9671,0.0881,5,0
btree,sfreq+age,K,2,btree,test,1.2069,-0.4818,4,0
btree,sfreq+age,K,2,btree,val,1.2073,-0.4855,4,0
btree,sfreq+age+dirty,K,3,btree,heldout,0.8864,0.3042,5,0
btree,sfreq+age+dirty,K,3,btree,test,0.9191,0.1765,4,0
btree,sfreq+age+dirty,K,3,btree,val,0.9391,0.1270,4,0
btree,sfreq+age+dirty+rdist,K+K+,4,btree,heldout,0.9454,0.1462,5,0
btree,sfreq+age+dirty+rdist,K+K+,4,btree,test,1.0280,-0.0628,4,0
btree,sfreq+age+dirty+rdist,K+K+,4,btree,val,1.0219,-0.0497,4,0
btree,sfreq+age+dirty+refaults,K+K+,4,btree,heldout,0.8543,0.3901,5,0
btree,sfreq+age+dirty+refaults,K+K+,4,btree,test,0.8812,0.2564,4,0
btree,sfreq+age+dirty+refaults,K+K+,4,btree,val,0.8900,0.2362,4,0
btree,sfreq+age+dirty+refaults+rdist,K+K+,5,btree,heldout,0.8563,0.3849,5,0
btree,sfreq+age+dirty+refaults+rdist,K+K+,5,btree,test,0.8743,0.2760,4,0
btree,sfreq+age+dirty+refaults+rdist,K+K+,5,btree,val,0.8818,0.2601,4,0
btree,sfreq+age+rdist,K+K+,3,btree,heldout,0.9787,0.0569,5,0
btree,sfreq+age+rdist,K+K+,3,btree,test,1.1950,-0.4455,4,0
btree,sfreq+age+rdist,K+K+,3,btree,val,1.1713,-0.3876,4,0
btree,sfreq+age+refaults,K+K+,3,btree,heldout,0.8693,0.3500,5,0
btree,sfreq+age+refaults,K+K+,3,btree,test,0.8989,0.2193,4,0
btree,sfreq+age+refaults,K+K+,3,btree,val,0.9082,0.1989,4,0
btree,sfreq+age+refaults+rdist,K+K+,4,btree,heldout,0.8624,0.3684,5,0
btree,sfreq+age+refaults+rdist,K+K+,4,btree,test,0.8859,0.2502,4,0
btree,sfreq+age+refaults+rdist,K+K+,4,btree,val,0.8943,0.2318,4,0
btree,sfreq+dirty,K,2,btree,heldout,1.2007,-0.5629,5,0
btree,sfreq+dirty,K,2,btree,test,1.3124,-0.6975,4,0
btree,sfreq+dirty,K,2,btree,val,1.3807,-0.8512,4,0
btree,sfreq+dirty+rdist,K+K+,3,btree,heldout,1.2237,-0.6211,5,0
btree,sfreq+dirty+rdist,K+K+,3,btree,test,1.3538,-0.7898,4,0
btree,sfreq+dirty+rdist,K+K+,3,btree,val,1.3620,-0.8120,4,0
btree,sfreq+dirty+refaults,K+K+,3,btree,heldout,0.9504,0.1327,5,0
btree,sfreq+dirty+refaults,K+K+,3,btree,test,1.0933,-0.2182,4,0
btree,sfreq+dirty+refaults,K+K+,3,btree,val,1.1047,-0.2432,4,0
btree,sfreq+dirty+refaults+rdist,K+K+,4,btree,heldout,0.9043,0.2562,5,0
btree,sfreq+dirty+refaults+rdist,K+K+,4,btree,test,0.9916,0.0135,4,0
btree,sfreq+dirty+refaults+rdist,K+K+,4,btree,val,0.9969,0.0002,4,0
btree,sfreq+idle,K,2,btree,heldout,0.9088,0.2442,5,0
btree,sfreq+idle,K,2,btree,test,0.9956,-0.0003,4,0
btree,sfreq+idle,K,2,btree,val,0.9843,0.0243,4,0
btree,sfreq+idle+age,K,3,btree,heldout,0.9092,0.2431,5,0
btree,sfreq+idle+age,K,3,btree,test,0.9945,0.0019,4,0
btree,sfreq+idle+age,K,3,btree,val,0.9855,0.0222,4,0
btree,sfreq+idle+age+dirty,K,4,btree,heldout,0.8461,0.4121,5,0
btree,sfreq+idle+age+dirty,K,4,btree,test,0.8268,0.3815,4,0
btree,sfreq+idle+age+dirty,K,4,btree,val,0.8440,0.3419,4,0
btree,sfreq+idle+age+dirty+rdist,K+K+,5,btree,heldout,0.8934,0.2853,5,0
btree,sfreq+idle+age+dirty+rdist,K+K+,5,btree,test,0.9162,0.1834,4,0
btree,sfreq+idle+age+dirty+rdist,K+K+,5,btree,val,0.9225,0.1679,4,0
btree,sfreq+idle+age+dirty+refaults,K+K+,5,btree,heldout,0.8379,0.4342,5,0
btree,sfreq+idle+age+dirty+refaults,K+K+,5,btree,test,0.8265,0.3825,4,0
btree,sfreq+idle+age+dirty+refaults,K+K+,5,btree,val,0.8353,0.3638,4,0
btree,sfreq+idle+age+dirty+refaults+rdist,K+K+,6,btree,heldout,0.8473,0.4089,5,0
btree,sfreq+idle+age+dirty+refaults+rdist,K+K+,6,btree,test,0.8440,0.3441,4,0
btree,sfreq+idle+age+dirty+refaults+rdist,K+K+,6,btree,val,0.8485,0.3354,4,0
btree,sfreq+idle+age+rdist,K+K+,4,btree,heldout,0.9172,0.2217,5,0
btree,sfreq+idle+age+rdist,K+K+,4,btree,test,1.0074,-0.0193,4,0
btree,sfreq+idle+age+rdist,K+K+,4,btree,val,1.0065,-0.0169,4,0
btree,sfreq+idle+age+refaults,K+K+,4,btree,heldout,0.8513,0.3983,5,0
btree,sfreq+idle+age+refaults,K+K+,4,btree,test,0.8512,0.3274,4,0
btree,sfreq+idle+age+refaults,K+K+,4,btree,val,0.8563,0.3172,4,0
btree,sfreq+idle+age+refaults+rdist,K+K+,5,btree,heldout,0.8506,0.4002,5,0
btree,sfreq+idle+age+refaults+rdist,K+K+,5,btree,test,0.8544,0.3208,4,0
btree,sfreq+idle+age+refaults+rdist,K+K+,5,btree,val,0.8602,0.3090,4,0
btree,sfreq+idle+dirty,K,3,btree,heldout,0.8473,0.4090,5,0
btree,sfreq+idle+dirty,K,3,btree,test,0.8323,0.3686,4,0
btree,sfreq+idle+dirty,K,3,btree,val,0.8479,0.3327,4,0
btree,sfreq+idle+dirty+rdist,K+K+,4,btree,heldout,0.8929,0.2867,5,0
btree,sfreq+idle+dirty+rdist,K+K+,4,btree,test,0.9186,0.1781,4,0
btree,sfreq+idle+dirty+rdist,K+K+,4,btree,val,0.9214,0.1705,4,0
btree,sfreq+idle+dirty+refaults,K+K+,4,btree,heldout,0.8390,0.4313,5,0
btree,sfreq+idle+dirty+refaults,K+K+,4,btree,test,0.8282,0.3786,4,0
btree,sfreq+idle+dirty+refaults,K+K+,4,btree,val,0.8364,0.3612,4,0
btree,sfreq+idle+dirty+refaults+rdist,K+K+,5,btree,heldout,0.8473,0.4089,5,0
btree,sfreq+idle+dirty+refaults+rdist,K+K+,5,btree,test,0.8441,0.3440,4,0
btree,sfreq+idle+dirty+refaults+rdist,K+K+,5,btree,val,0.8497,0.3327,4,0
btree,sfreq+idle+rdist,K+K+,3,btree,heldout,0.9184,0.2185,5,0
btree,sfreq+idle+rdist,K+K+,3,btree,test,1.0040,-0.0116,4,0
btree,sfreq+idle+rdist,K+K+,3,btree,val,1.0054,-0.0146,4,0
btree,sfreq+idle+refaults,K+K+,3,btree,heldout,0.8517,0.3972,5,0
btree,sfreq+idle+refaults,K+K+,3,btree,test,0.8484,0.3338,4,0
btree,sfreq+idle+refaults,K+K+,3,btree,val,0.8567,0.3162,4,0
btree,sfreq+idle+refaults+rdist,K+K+,4,btree,heldout,0.8509,0.3993,5,0
btree,sfreq+idle+refaults+rdist,K+K+,4,btree,test,0.8543,0.3211,4,0
btree,sfreq+idle+refaults+rdist,K+K+,4,btree,val,0.8622,0.3042,4,0
btree,sfreq+rdist,K+K+,2,btree,heldout,1.3804,-1.0377,5,0
btree,sfreq+rdist,K+K+,2,btree,test,1.7847,-1.7801,4,0
btree,sfreq+rdist,K+K+,2,btree,val,2.0682,-2.4002,4,0
btree,sfreq+refaults,K+K+,2,btree,heldout,0.9611,0.1043,5,0
btree,sfreq+refaults,K+K+,2,btree,test,1.1090,-0.2498,4,0
btree,sfreq+refaults,K+K+,2,btree,val,1.1107,-0.2543,4,0
btree,sfreq+refaults+rdist,K+K+,3,btree,heldout,0.9140,0.2302,5,0
btree,sfreq+refaults+rdist,K+K+,3,btree,test,1.0118,-0.0306,4,0
btree,sfreq+refaults+rdist,K+K+,3,btree,val,1.0135,-0.0360,4,0
btree,wr,F,1,btree,heldout,0.9366,0.1698,5,0
btree,wr,F,1,btree,test,0.8544,0.3185,4,0
btree,wr,F,1,btree,val,0.8649,0.2966,4,0
btree,wr+ref+aging+sfreq+idle+age+dirty,F+K,7,btree,heldout,0.8295,0.4567,5,0
btree,wr+ref+aging+sfreq+idle+age+dirty,F+K,7,btree,test,0.8955,0.2045,4,0
btree,wr+ref+aging+sfreq+idle+age+dirty,F+K,7,btree,val,0.8775,0.2567,4,0
btree,wr+ref+aging+sfreq+idle+age+dirty+refaults+rdist,F+K,9,btree,heldout,0.8315,0.4513,5,0
btree,wr+ref+aging+sfreq+idle+age+dirty+refaults+rdist,F+K,9,btree,test,0.8401,0.3494,4,0
btree,wr+ref+aging+sfreq+idle+age+dirty+refaults+rdist,F+K,9,btree,val,0.8440,0.3418,4,0
global,age,K,1,btree,heldout,1.0677,-0.1814,5,0
global,age,K,1,btree,test,1.1206,-0.2683,4,0
global,age,K,1,btree,val,1.1230,-0.2748,4,0
global,age,K,1,graph,heldout,1.2622,-0.4209,3,0
global,age,K,1,graph,test,1.6321,-0.9924,3,0
global,age,K,1,graph,val,1.6438,-1.0094,3,0
global,age,K,1,kv,heldout,1.1744,-0.4228,5,0
global,age,K,1,kv,test,1.1585,-0.3858,6,0
global,age,K,1,kv,val,1.1585,-0.3855,6,0
global,age,K,1,matmul,heldout,1.3377,-2.3777,2,0
global,age,K,1,sort,heldout,1.0000,0.0000,3,0
global,age,K,1,sort,test,0.9757,0.1692,2,0
global,age,K,1,sort,val,0.9800,0.1608,2,0
global,age+dirty,K,2,btree,heldout,1.0553,-0.1480,5,0
global,age+dirty,K,2,btree,test,1.0802,-0.1795,4,0
global,age+dirty,K,2,btree,val,1.0827,-0.1857,4,0
global,age+dirty,K,2,graph,heldout,1.3228,-0.5181,3,0
global,age+dirty,K,2,graph,test,1.9527,-1.4923,3,0
global,age+dirty,K,2,graph,val,1.9677,-1.5173,3,0
global,age+dirty,K,2,kv,heldout,1.1744,-0.4228,5,0
global,age+dirty,K,2,kv,test,1.1976,-0.4747,6,0
global,age+dirty,K,2,kv,val,1.1963,-0.4734,6,0
global,age+dirty,K,2,matmul,heldout,1.4077,-2.9885,2,0
global,age+dirty,K,2,sort,heldout,1.0000,0.0000,3,0
global,age+dirty,K,2,sort,test,0.9841,0.1158,2,0
global,age+dirty,K,2,sort,val,0.9792,0.1794,2,0
global,age+dirty+rdist,K+K+,3,btree,heldout,1.1237,-0.3313,5,0
global,age+dirty+rdist,K+K+,3,btree,test,1.4990,-1.1244,4,0
global,age+dirty+rdist,K+K+,3,btree,val,1.5039,-1.1421,4,0
global,age+dirty+rdist,K+K+,3,graph,heldout,3.0000,-3.2102,3,3
global,age+dirty+rdist,K+K+,3,graph,test,3.0000,-3.2280,3,3
global,age+dirty+rdist,K+K+,3,graph,val,3.0000,-3.2290,3,3
global,age+dirty+rdist,K+K+,3,kv,heldout,2.6561,-4.0166,5,0
global,age+dirty+rdist,K+K+,3,kv,test,1.9744,-2.4305,6,0
global,age+dirty+rdist,K+K+,3,kv,val,1.9974,-2.5185,6,0
global,age+dirty+rdist,K+K+,3,matmul,heldout,1.1322,-1.1737,2,0
global,age+dirty+rdist,K+K+,3,sort,heldout,1.2950,-3.6043,3,0
global,age+dirty+rdist,K+K+,3,sort,test,1.1524,-1.6466,2,0
global,age+dirty+rdist,K+K+,3,sort,val,1.1624,-1.7750,2,0
global,age+dirty+refaults,K+K+,3,btree,heldout,0.9458,0.1451,5,0
global,age+dirty+refaults,K+K+,3,btree,test,0.9887,0.0252,4,0
global,age+dirty+refaults,K+K+,3,btree,val,0.9944,0.0120,4,0
global,age+dirty+refaults,K+K+,3,graph,heldout,1.8545,-1.3722,3,0
global,age+dirty+refaults,K+K+,3,graph,test,3.0000,-3.2280,3,3
global,age+dirty+refaults,K+K+,3,graph,val,3.0000,-3.2290,3,3
global,age+dirty+refaults,K+K+,3,kv,heldout,1.1588,-0.3856,5,0
global,age+dirty+refaults,K+K+,3,kv,test,1.2063,-0.5218,6,0
global,age+dirty+refaults,K+K+,3,kv,val,1.2088,-0.5287,6,0
global,age+dirty+refaults,K+K+,3,matmul,heldout,1.5550,-4.1119,2,0
global,age+dirty+refaults,K+K+,3,sort,heldout,1.2270,-2.7742,3,0
global,age+dirty+refaults,K+K+,3,sort,test,1.1909,-2.0758,2,0
global,age+dirty+refaults,K+K+,3,sort,val,1.1936,-2.1517,2,0
global,age+dirty+refaults+rdist,K+K+,4,btree,heldout,0.9352,0.1736,5,0
global,age+dirty+refaults+rdist,K+K+,4,btree,test,1.0161,-0.0467,4,0
global,age+dirty+refaults+rdist,K+K+,4,btree,val,1.0278,-0.0736,4,0
global,age+dirty+refaults+rdist,K+K+,4,graph,heldout,1.4617,-0.7410,3,0
global,age+dirty+refaults+rdist,K+K+,4,graph,test,3.0000,-3.2280,3,3
global,age+dirty+refaults+rdist,K+K+,4,graph,val,3.0000,-3.2290,3,3
global,age+dirty+refaults+rdist,K+K+,4,kv,heldout,1.2311,-0.5606,5,0
global,age+dirty+refaults+rdist,K+K+,4,kv,test,1.2229,-0.5524,6,0
global,age+dirty+refaults+rdist,K+K+,4,kv,val,1.2016,-0.5045,6,0
global,age+dirty+refaults+rdist,K+K+,4,matmul,heldout,1.5169,-3.9120,2,0
global,age+dirty+refaults+rdist,K+K+,4,sort,heldout,1.2342,-2.8624,3,0
global,age+dirty+refaults+rdist,K+K+,4,sort,test,1.1755,-1.9462,2,0
global,age+dirty+refaults+rdist,K+K+,4,sort,val,1.1789,-2.0202,2,0
global,age+rdist,K+K+,2,btree,heldout,1.3159,-0.8464,5,0
global,age+rdist,K+K+,2,btree,test,1.8919,-1.9980,4,0
global,age+rdist,K+K+,2,btree,val,1.8946,-2.0132,4,0
global,age+rdist,K+K+,2,graph,heldout,3.0000,-3.2102,3,3
global,age+rdist,K+K+,2,graph,test,3.0000,-3.2280,3,3
global,age+rdist,K+K+,2,graph,val,3.0000,-3.2290,3,3
global,age+rdist,K+K+,2,kv,heldout,2.0612,-2.5741,5,0
global,age+rdist,K+K+,2,kv,test,1.8948,-2.2113,6,1
global,age+rdist,K+K+,2,kv,val,1.8772,-2.1846,6,1
global,age+rdist,K+K+,2,matmul,heldout,1.1266,-1.1486,2,0
global,age+rdist,K+K+,2,sort,heldout,1.1758,-2.1484,3,0
global,age+rdist,K+K+,2,sort,test,1.1794,-1.9847,2,0
global,age+rdist,K+K+,2,sort,val,1.1839,-2.0443,2,0
global,age+refaults,K+K+,2,btree,heldout,0.9456,0.1457,5,0
global,age+refaults,K+K+,2,btree,test,0.9785,0.0481,4,0
global,age+refaults,K+K+,2,btree,val,0.9854,0.0325,4,0
global,age+refaults,K+K+,2,graph,heldout,1.9358,-1.5023,3,0
global,age+refaults,K+K+,2,graph,test,3.0000,-3.2280,3,3
global,age+refaults,K+K+,2,graph,val,3.0000,-3.2290,3,3
global,age+refaults,K+K+,2,kv,heldout,1.1663,-0.4039,5,0
global,age+refaults,K+K+,2,kv,test,1.2102,-0.5334,6,0
global,age+refaults,K+K+,2,kv,val,1.2215,-0.5586,6,0
global,age+refaults,K+K+,2,matmul,heldout,1.5705,-4.1663,2,0
global,age+refaults,K+K+,2,sort,heldout,1.2395,-2.9269,3,0
global,age+refaults,K+K+,2,sort,test,1.1832,-2.0526,2,0
global,age+refaults,K+K+,2,sort,val,1.1885,-2.1518,2,0
global,age+refaults+rdist,K+K+,3,btree,heldout,0.9613,0.1036,5,0
global,age+refaults+rdist,K+K+,3,btree,test,1.0606,-0.1461,4,0
global,age+refaults+rdist,K+K+,3,btree,val,1.0659,-0.1588,4,0
global,age+refaults+rdist,K+K+,3,graph,heldout,1.3242,-0.5204,3,0
global,age+refaults+rdist,K+K+,3,graph,test,3.0000,-3.2280,3,3
global,age+refaults+rdist,K+K+,3,graph,val,3.0000,-3.2290,3,3
global,age+refaults+rdist,K+K+,3,kv,heldout,1.1895,-0.4596,5,0
global,age+refaults+rdist,K+K+,3,kv,test,1.2217,-0.5430,6,0
global,age+refaults+rdist,K+K+,3,kv,val,1.2064,-0.5122,6,0
global,age+refaults+rdist,K+K+,3,matmul,heldout,1.5641,-4.1207,2,0
global,age+refaults+rdist,K+K+,3,sort,heldout,1.2517,-3.0753,3,0
global,age+refaults+rdist,K+K+,3,sort,test,1.1769,-2.0213,2,0
global,age+refaults+rdist,K+K+,3,sort,val,1.1882,-2.0982,2,0
global,aging,K,1,btree,heldout,1.0625,-0.1674,5,0
global,aging,K,1,btree,test,1.1141,-0.2537,4,0
global,aging,K,1,btree,val,1.1167,-0.2608,4,0
global,aging,K,1,graph,heldout,1.2518,-0.4042,3,0
global,aging,K,1,graph,test,1.5374,-0.8472,3,0
global,aging,K,1,graph,val,1.5422,-0.8543,3,0
global,aging,K,1,kv,heldout,1.1349,-0.3271,5,0
global,aging,K,1,kv,test,1.1030,-0.2421,6,0
global,aging,K,1,kv,val,1.1063,-0.2509,6,0
global,aging,K,1,matmul,heldout,0.9990,0.0072,2,0
global,aging,K,1,sort,heldout,1.0000,0.0000,3,0
global,aging,K,1,sort,test,0.9622,0.2869,2,0
global,aging,K,1,sort,val,0.9648,0.3015,2,0
global,aging+age,K,2,btree,heldout,1.2910,-0.7797,5,0
global,aging+age,K,2,btree,test,1.6317,-1.4241,4,0
global,aging+age,K,2,btree,val,1.6122,-1.3887,4,0
global,aging+age,K,2,graph,heldout,0.5302,0.7540,3,0
global,aging+age,K,2,graph,test,3.0000,-3.2280,3,3
global,aging+age,K,2,graph,val,3.0000,-3.2290,3,3
global,aging+age,K,2,kv,heldout,1.3194,-0.7752,5,0
global,aging+age,K,2,kv,test,1.3186,-0.7560,6,0
global,aging+age,K,2,kv,val,1.3084,-0.7336,6,0
global,aging+age,K,2,matmul,heldout,0.9990,0.0072,2,0
global,aging+age,K,2,sort,heldout,0.9731,0.3290,3,0
global,aging+age,K,2,sort,test,0.9645,0.2697,2,0
global,aging+age,K,2,sort,val,0.9742,0.2236,2,0
global,aging+age+dirty,K,3,btree,heldout,1.2815,-0.7541,5,0
global,aging+age+dirty,K,3,btree,test,1.5691,-1.2867,4,0
global,aging+age+dirty,K,3,btree,val,1.6091,-1.3811,4,0
global,aging+age+dirty,K,3,graph,heldout,0.7607,0.3838,3,0
global,aging+age+dirty,K,3,graph,test,3.0000,-3.2280,3,3
global,aging+age+dirty,K,3,graph,val,3.0000,-3.2290,3,3
global,aging+age+dirty,K,3,kv,heldout,1.3215,-0.7806,5,0
global,aging+age+dirty,K,3,kv,test,1.4445,-1.0798,6,0
global,aging+age+dirty,K,3,kv,val,1.4339,-1.0430,6,0
global,aging+age+dirty,K,3,matmul,heldout,0.9990,0.0072,2,0
global,aging+age+dirty,K,3,sort,heldout,0.9629,0.4538,3,0
global,aging+age+dirty,K,3,sort,test,0.9637,0.2754,2,0
global,aging+age+dirty,K,3,sort,val,0.9742,0.2236,2,0
global,aging+age+dirty+rdist,K+K+,4,btree,heldout,1.2989,-0.8008,5,0
global,aging+age+dirty+rdist,K+K+,4,btree,test,1.6656,-1.4944,4,0
global,aging+age+dirty+rdist,K+K+,4,btree,val,1.6723,-1.5161,4,0
global,aging+age+dirty+rdist,K+K+,4,graph,heldout,3.0000,-3.2102,3,3
global,aging+age+dirty+rdist,K+K+,4,graph,test,3.0000,-3.2280,3,3
global,aging+age+dirty+rdist,K+K+,4,graph,val,3.0000,-3.2290,3,3
global,aging+age+dirty+rdist,K+K+,4,kv,heldout,1.3716,-0.9016,5,0
global,aging+age+dirty+rdist,K+K+,4,kv,test,1.7275,-1.8371,6,1
global,aging+age+dirty+rdist,K+K+,4,kv,val,1.6869,-1.7464,6,1
global,aging+age+dirty+rdist,K+K+,4,matmul,heldout,0.9710,0.1505,2,0
global,aging+age+dirty+rdist,K+K+,4,sort,heldout,0.9446,0.6774,3,0
global,aging+age+dirty+rdist,K+K+,4,sort,test,0.9503,0.4861,2,0
global,aging+age+dirty+rdist,K+K+,4,sort,val,0.9552,0.4734,2,0
global,aging+age+dirty+refaults,K+K+,4,btree,heldout,0.9719,0.0753,5,0
global,aging+age+dirty+refaults,K+K+,4,btree,test,1.0932,-0.2194,4,0
global,aging+age+dirty+refaults,K+K+,4,btree,val,1.0983,-0.2341,4,0
global,aging+age+dirty+refaults,K+K+,4,graph,heldout,1.0691,-0.1211,3,0
global,aging+age+dirty+refaults,K+K+,4,graph,test,3.0000,-3.2280,3,3
global,aging+age+dirty+refaults,K+K+,4,graph,val,3.0000,-3.2290,3,3
global,aging+age+dirty+refaults,K+K+,4,kv,heldout,1.1541,-0.3737,5,0
global,aging+age+dirty+refaults,K+K+,4,kv,test,1.1507,-0.3624,6,0
global,aging+age+dirty+refaults,K+K+,4,kv,val,1.1308,-0.3191,6,0
global,aging+age+dirty+refaults,K+K+,4,matmul,heldout,0.9998,0.0026,2,0
global,aging+age+dirty+refaults,K+K+,4,sort,heldout,0.9571,0.5247,3,0
global,aging+age+dirty+refaults,K+K+,4,sort,test,0.9588,0.3495,2,0
global,aging+age+dirty+refaults,K+K+,4,sort,val,0.9680,0.3078,2,0
global,aging+age+dirty+refaults+rdist,K+K+,5,btree,heldout,1.0112,-0.0300,5,0
global,aging+age+dirty+refaults+rdist,K+K+,5,btree,test,1.1278,-0.2954,4,0
global,aging+age+dirty+refaults+rdist,K+K+,5,btree,val,1.1341,-0.3116,4,0
global,aging+age+dirty+refaults+rdist,K+K+,5,graph,heldout,1.2795,-0.4517,3,0
global,aging+age+dirty+refaults+rdist,K+K+,5,graph,test,3.0000,-3.2280,3,3
global,aging+age+dirty+refaults+rdist,K+K+,5,graph,val,3.0000,-3.2290,3,3
global,aging+age+dirty+refaults+rdist,K+K+,5,kv,heldout,1.2038,-0.4946,5,0
global,aging+age+dirty+refaults+rdist,K+K+,5,kv,test,1.1980,-0.4721,6,0
global,aging+age+dirty+refaults+rdist,K+K+,5,kv,val,1.1730,-0.4178,6,0
global,aging+age+dirty+refaults+rdist,K+K+,5,matmul,heldout,1.0014,-0.0093,2,0
global,aging+age+dirty+refaults+rdist,K+K+,5,sort,heldout,0.9463,0.6559,3,0
global,aging+age+dirty+refaults+rdist,K+K+,5,sort,test,0.9491,0.4971,2,0
global,aging+age+dirty+refaults+rdist,K+K+,5,sort,val,0.9571,0.4592,2,0
global,aging+age+rdist,K+K+,3,btree,heldout,1.3098,-0.8301,5,0
global,aging+age+rdist,K+K+,3,btree,test,1.7024,-1.5795,4,0
global,aging+age+rdist,K+K+,3,btree,val,1.7421,-1.6698,4,0
global,aging+age+rdist,K+K+,3,graph,heldout,0.5003,0.8021,3,0
global,aging+age+rdist,K+K+,3,graph,test,3.0000,-3.2280,3,3
global,aging+age+rdist,K+K+,3,graph,val,3.0000,-3.2290,3,3
global,aging+age+rdist,K+K+,3,kv,heldout,1.3678,-0.8930,5,0
global,aging+age+rdist,K+K+,3,kv,test,1.3358,-0.7941,6,0
global,aging+age+rdist,K+K+,3,kv,val,1.3493,-0.8429,6,0
global,aging+age+rdist,K+K+,3,matmul,heldout,0.9990,0.0035,2,0
global,aging+age+rdist,K+K+,3,sort,heldout,0.9446,0.6774,3,0
global,aging+age+rdist,K+K+,3,sort,test,0.9411,0.5697,2,0
global,aging+age+rdist,K+K+,3,sort,val,0.9460,0.5634,2,0
global,aging+age+refaults,K+K+,3,btree,heldout,0.9744,0.0686,5,0
global,aging+age+refaults,K+K+,3,btree,test,1.0953,-0.2245,4,0
global,aging+age+refaults,K+K+,3,btree,val,1.0990,-0.2356,4,0
global,aging+age+refaults,K+K+,3,graph,heldout,1.1179,-0.1934,3,0
global,aging+age+refaults,K+K+,3,graph,test,3.0000,-3.2280,3,3
global,aging+age+refaults,K+K+,3,graph,val,3.0000,-3.2290,3,3
global,aging+age+refaults,K+K+,3,kv,heldout,1.1536,-0.3726,5,0
global,aging+age+refaults,K+K+,3,kv,test,1.1617,-0.3875,6,0
global,aging+age+refaults,K+K+,3,kv,val,1.1397,-0.3398,6,0
global,aging+age+refaults,K+K+,3,matmul,heldout,0.9998,0.0026,2,0
global,aging+age+refaults,K+K+,3,sort,heldout,0.9565,0.5312,3,0
global,aging+age+refaults,K+K+,3,sort,test,0.9588,0.3495,2,0
global,aging+age+refaults,K+K+,3,sort,val,0.9680,0.3078,2,0
global,aging+age+refaults+rdist,K+K+,4,btree,heldout,1.0376,-0.1007,5,0
global,aging+age+refaults+rdist,K+K+,4,btree,test,1.1482,-0.3433,4,0
global,aging+age+refaults+rdist,K+K+,4,btree,val,1.1587,-0.3690,4,0
global,aging+age+refaults+rdist,K+K+,4,graph,heldout,0.7669,0.3704,3,0
global,aging+age+refaults+rdist,K+K+,4,graph,test,3.0000,-3.2280,3,3
global,aging+age+refaults+rdist,K+K+,4,graph,val,3.0000,-3.2290,3,3
global,aging+age+refaults+rdist,K+K+,4,kv,heldout,1.1906,-0.4624,5,0
global,aging+age+refaults+rdist,K+K+,4,kv,test,1.1826,-0.4340,6,0
global,aging+age+refaults+rdist,K+K+,4,kv,val,1.1685,-0.4048,6,0
global,aging+age+refaults+rdist,K+K+,4,matmul,heldout,1.0000,-0.0020,2,0
global,aging+age+refaults+rdist,K+K+,4,sort,heldout,0.9470,0.6473,3,0
global,aging+age+refaults+rdist,K+K+,4,sort,test,0.9488,0.4976,2,0
global,aging+age+refaults+rdist,K+K+,4,sort,val,0.9552,0.4734,2,0
global,aging+dirty,K,2,btree,heldout,1.3380,-0.9070,5,0
global,aging+dirty,K,2,btree,test,1.7267,-1.6341,4,0
global,aging+dirty,K,2,btree,val,1.7272,-1.6430,4,0
global,aging+dirty,K,2,graph,heldout,0.5642,0.6994,3,0
global,aging+dirty,K,2,graph,test,0.6509,0.5777,3,0
global,aging+dirty,K,2,graph,val,0.6519,0.5763,3,0
global,aging+dirty,K,2,kv,heldout,1.1349,-0.3271,5,0
global,aging+dirty,K,2,kv,test,1.0994,-0.2300,6,0
global,aging+dirty,K,2,kv,val,1.1167,-0.2722,6,0
global,aging+dirty,K,2,matmul,heldout,0.9990,0.0072,2,0
global,aging+dirty,K,2,sort,heldout,1.0000,0.0000,3,0
global,aging+dirty,K,2,sort,test,0.9630,0.2812,2,0
global,aging+dirty,K,2,sort,val,0.9648,0.3015,2,0
global,aging+dirty+rdist,K+K+,3,btree,heldout,1.3435,-0.9201,5,0
global,aging+dirty+rdist,K+K+,3,btree,test,1.8345,-1.8713,4,0
global,aging+dirty+rdist,K+K+,3,btree,val,1.8494,-1.9126,4,0
global,aging+dirty+rdist,K+K+,3,graph,heldout,3.0000,-3.2102,3,3
global,aging+dirty+rdist,K+K+,3,graph,test,3.0000,-3.2280,3,3
global,aging+dirty+rdist,K+K+,3,graph,val,3.0000,-3.2290,3,3
global,aging+dirty+rdist,K+K+,3,kv,heldout,1.8236,-1.9976,5,0
global,aging+dirty+rdist,K+K+,3,kv,test,1.7523,-1.8976,6,1
global,aging+dirty+rdist,K+K+,3,kv,val,1.7557,-1.9136,6,1
global,aging+dirty+rdist,K+K+,3,matmul,heldout,0.9710,0.1504,2,0
global,aging+dirty+rdist,K+K+,3,sort,heldout,0.9451,0.6710,3,0
global,aging+dirty+rdist,K+K+,3,sort,test,0.9555,0.4556,2,0
global,aging+dirty+rdist,K+K+,3,sort,val,0.9658,0.3906,2,0
global,aging+dirty+refaults,K+K+,3,btree,heldout,0.8911,0.2916,5,0
global,aging+dirty+refaults,K+K+,3,btree,test,0.9133,0.1884,4,0
global,aging+dirty+refaults,K+K+,3,btree,val,0.9175,0.1794,4,0
global,aging+dirty+refaults,K+K+,3,graph,heldout,0.5135,0.7809,3,0
global,aging+dirty+refaults,K+K+,3,graph,test,0.8058,0.3206,3,0
global,aging+dirty+refaults,K+K+,3,graph,val,0.8102,0.3139,3,0
global,aging+dirty+refaults,K+K+,3,kv,heldout,0.9548,0.1096,5,0
global,aging+dirty+refaults,K+K+,3,kv,test,0.9938,0.0002,6,0
global,aging+dirty+refaults,K+K+,3,kv,val,0.9939,-0.0015,6,0
global,aging+dirty+refaults,K+K+,3,matmul,heldout,0.9993,0.0061,2,0
global,aging+dirty+refaults,K+K+,3,sort,heldout,1.0023,-0.0280,3,0
global,aging+dirty+refaults,K+K+,3,sort,test,0.9676,0.2369,2,0
global,aging+dirty+refaults,K+K+,3,sort,val,0.9710,0.2415,2,0
global,aging+dirty+refaults+rdist,K+K+,4,btree,heldout,0.9150,0.2277,5,0
global,aging+dirty+refaults+rdist,K+K+,4,btree,test,0.9032,0.2136,4,0
global,aging+dirty+refaults+rdist,K+K+,4,btree,val,0.9066,0.2067,4,0
global,aging+dirty+refaults+rdist,K+K+,4,graph,heldout,0.4974,0.8066,3,0
global,aging+dirty+refaults+rdist,K+K+,4,graph,test,0.9293,0.1193,3,0
global,aging+dirty+refaults+rdist,K+K+,4,graph,val,0.9223,0.1268,3,0
global,aging+dirty+refaults+rdist,K+K+,4,kv,heldout,1.0745,-0.1806,5,0
global,aging+dirty+refaults+rdist,K+K+,4,kv,test,1.0600,-0.1431,6,0
global,aging+dirty+refaults+rdist,K+K+,4,kv,val,1.0569,-0.1401,6,0
global,aging+dirty+refaults+rdist,K+K+,4,matmul,heldout,1.0009,-0.0067,2,0
global,aging+dirty+refaults+rdist,K+K+,4,sort,heldout,0.9488,0.6258,3,0
global,aging+dirty+refaults+rdist,K+K+,4,sort,test,0.9492,0.4873,2,0
global,aging+dirty+refaults+rdist,K+K+,4,sort,val,0.9522,0.4954,2,0
global,aging+idle,K,2,btree,heldout,0.9952,0.0129,5,0
global,aging+idle,K,2,btree,test,0.9993,0.0014,4,0
global,aging+idle,K,2,btree,val,0.9998,0.0004,4,0
global,aging+idle,K,2,graph,heldout,0.9993,0.0012,3,0
global,aging+idle,K,2,graph,test,0.9772,0.0378,3,0
global,aging+idle,K,2,graph,val,0.9754,0.0402,3,0
global,aging+idle,K,2,kv,heldout,0.9854,0.0353,5,0
global,aging+idle,K,2,kv,test,0.9895,0.0248,6,0
global,aging+idle,K,2,kv,val,0.9899,0.0239,6,0
global,aging+idle,K,2,matmul,heldout,0.9990,0.0072,2,0
global,aging+idle,K,2,sort,heldout,1.0000,0.0000,3,0
global,aging+idle,K,2,sort,test,0.9622,0.2869,2,0
global,aging+idle,K,2,sort,val,0.9648,0.3015,2,0
global,aging+idle+age,K,3,btree,heldout,0.9323,0.1814,5,0
global,aging+idle+age,K,3,btree,test,0.8612,0.3088,4,0
global,aging+idle+age,K,3,btree,val,0.8637,0.3045,4,0
global,aging+idle+age,K,3,graph,heldout,0.5774,0.6782,3,0
global,aging+idle+age,K,3,graph,test,0.6297,0.6119,3,0
global,aging+idle+age,K,3,graph,val,0.6309,0.6103,3,0
global,aging+idle+age,K,3,kv,heldout,0.9304,0.1688,5,0
global,aging+idle+age,K,3,kv,test,0.9155,0.1843,6,0
global,aging+idle+age,K,3,kv,val,0.9162,0.1819,6,0
global,aging+idle+age,K,3,matmul,heldout,0.9990,0.0072,2,0
global,aging+idle+age,K,3,sort,heldout,1.0000,0.0000,3,0
global,aging+idle+age,K,3,sort,test,0.9645,0.2697,2,0
global,aging+idle+age,K,3,sort,val,0.9742,0.2236,2,0
global,aging+idle+age+dirty,K,4,btree,heldout,0.9535,0.1245,5,0
global,aging+idle+age+dirty,K,4,btree,test,0.8500,0.3327,4,0
global,aging+idle+age+dirty,K,4,btree,val,0.8536,0.3261,4,0
global,aging+idle+age+dirty,K,4,graph,heldout,0.7087,0.4675,3,0
global,aging+idle+age+dirty,K,4,graph,test,0.6946,0.5080,3,0
global,aging+idle+age+dirty,K,4,graph,val,0.6919,0.5128,3,0
global,aging+idle+age+dirty,K,4,kv,heldout,0.9294,0.1711,5,0
global,aging+idle+age+dirty,K,4,kv,test,0.9417,0.1318,6,0
global,aging+idle+age+dirty,K,4,kv,val,0.9383,0.1386,6,0
global,aging+idle+age+dirty,K,4,matmul,heldout,0.9990,0.0072,2,0
global,aging+idle+age+dirty,K,4,sort,heldout,1.0000,0.0000,3,0
global,aging+idle+age+dirty,K,4,sort,test,0.9637,0.2754,2,0
global,aging+idle+age+dirty,K,4,sort,val,0.9742,0.2236,2,0
global,aging+idle+age+dirty+rdist,K+K+,5,btree,heldout,1.2513,-0.6741,5,0
global,aging+idle+age+dirty+rdist,K+K+,5,btree,test,1.5682,-1.2786,4,0
global,aging+idle+age+dirty+rdist,K+K+,5,btree,val,1.5904,-1.3366,4,0
global,aging+idle+age+dirty+rdist,K+K+,5,graph,heldout,3.0000,-3.2102,3,3
global,aging+idle+age+dirty+rdist,K+K+,5,graph,test,3.0000,-3.2280,3,3
global,aging+idle+age+dirty+rdist,K+K+,5,graph,val,3.0000,-3.2290,3,3
global,aging+idle+age+dirty+rdist,K+K+,5,kv,heldout,1.3663,-0.8887,5,0
global,aging+idle+age+dirty+rdist,K+K+,5,kv,test,1.7078,-1.7909,6,1
global,aging+idle+age+dirty+rdist,K+K+,5,kv,val,1.6796,-1.7305,6,1
global,aging+idle+age+dirty+rdist,K+K+,5,matmul,heldout,0.9710,0.1505,2,0
global,aging+idle+age+dirty+rdist,K+K+,5,sort,heldout,0.9447,0.6753,3,0
global,aging+idle+age+dirty+rdist,K+K+,5,sort,test,0.9503,0.4861,2,0
global,aging+idle+age+dirty+rdist,K+K+,5,sort,val,0.9552,0.4734,2,0
global,aging+idle+age+dirty+refaults,K+K+,5,btree,heldout,0.8585,0.3789,5,0
global,aging+idle+age+dirty+refaults,K+K+,5,btree,test,0.8760,0.2726,4,0
global,aging+idle+age+dirty+refaults,K+K+,5,btree,val,0.8816,0.2610,4,0
global,aging+idle+age+dirty+refaults,K+K+,5,graph,heldout,0.4986,0.8048,3,0
global,aging+idle+age+dirty+refaults,K+K+,5,graph,test,0.9448,-0.0049,3,0
global,aging+idle+age+dirty+refaults,K+K+,5,graph,val,0.9338,0.0157,3,0
global,aging+idle+age+dirty+refaults,K+K+,5,kv,heldout,1.0489,-0.1186,5,0
global,aging+idle+age+dirty+refaults,K+K+,5,kv,test,1.0566,-0.1400,6,0
global,aging+idle+age+dirty+refaults,K+K+,5,kv,val,1.0418,-0.1093,6,0
global,aging+idle+age+dirty+refaults,K+K+,5,matmul,heldout,1.0073,-0.0516,2,0
global,aging+idle+age+dirty+refaults,K+K+,5,sort,heldout,0.9752,0.3032,3,0
global,aging+idle+age+dirty+refaults,K+K+,5,sort,test,0.9665,0.2529,2,0
global,aging+idle+age+dirty+refaults,K+K+,5,sort,val,0.9761,0.2053,2,0
global,aging+idle+age+dirty+refaults+rdist,K+K+,6,btree,heldout,0.8763,0.3313,5,0
global,aging+idle+age+dirty+refaults+rdist,K+K+,6,btree,test,0.9001,0.2178,4,0
global,aging+idle+age+dirty+refaults+rdist,K+K+,6,btree,val,0.9045,0.2086,4,0
global,aging+idle+age+dirty+refaults+rdist,K+K+,6,graph,heldout,0.5015,0.8002,3,0
global,aging+idle+age+dirty+refaults+rdist,K+K+,6,graph,test,1.8926,-1.8775,3,2
global,aging+idle+age+dirty+refaults+rdist,K+K+,6,graph,val,1.8665,-1.8610,3,2
global,aging+idle+age+dirty+refaults+rdist,K+K+,6,kv,heldout,1.0769,-0.1865,5,0
global,aging+idle+age+dirty+refaults+rdist,K+K+,6,kv,test,1.0969,-0.2312,6,0
global,aging+idle+age+dirty+refaults+rdist,K+K+,6,kv,val,1.0806,-0.1982,6,0
global,aging+idle+age+dirty+refaults+rdist,K+K+,6,matmul,heldout,1.0007,-0.0056,2,0
global,aging+idle+age+dirty+refaults+rdist,K+K+,6,sort,heldout,0.9465,0.6538,3,0
global,aging+idle+age+dirty+refaults+rdist,K+K+,6,sort,test,0.9526,0.4688,2,0
global,aging+idle+age+dirty+refaults+rdist,K+K+,6,sort,val,0.9590,0.4409,2,0
global,aging+idle+age+rdist,K+K+,4,btree,heldout,1.3030,-0.8119,5,0
global,aging+idle+age+rdist,K+K+,4,btree,test,1.6430,-1.4532,4,0
global,aging+idle+age+rdist,K+K+,4,btree,val,1.7096,-1.5992,4,0
global,aging+idle+age+rdist,K+K+,4,graph,heldout,0.5142,0.7795,3,0
global,aging+idle+age+rdist,K+K+,4,graph,test,3.0000,-3.2280,3,3
global,aging+idle+age+rdist,K+K+,4,graph,val,3.0000,-3.2290,3,3
global,aging+idle+age+rdist,K+K+,4,kv,heldout,1.3845,-0.9328,5,0
global,aging+idle+age+rdist,K+K+,4,kv,test,1.3300,-0.7801,6,0
global,aging+idle+age+rdist,K+K+,4,kv,val,1.3344,-0.8022,6,0
global,aging+idle+age+rdist,K+K+,4,matmul,heldout,0.9990,0.0035,2,0
global,aging+idle+age+rdist,K+K+,4,sort,heldout,0.9446,0.6774,3,0
global,aging+idle+age+rdist,K+K+,4,sort,test,0.9411,0.5697,2,0
global,aging+idle+age+rdist,K+K+,4,sort,val,0.9460,0.5634,2,0
global,aging+idle+age+refaults,K+K+,4,btree,heldout,0.8649,0.3617,5,0
global,aging+idle+age+refaults,K+K+,4,btree,test,0.8873,0.2475,4,0
global,aging+idle+age+refaults,K+K+,4,btree,val,0.8903,0.2419,4,0
global,aging+idle+age+refaults,K+K+,4,graph,heldout,0.4986,0.8048,3,0
global,aging+idle+age+refaults,K+K+,4,graph,test,0.9357,-0.0077,3,0
global,aging+idle+age+refaults,K+K+,4,graph,val,0.9076,0.0623,3,0
global,aging+idle+age+refaults,K+K+,4,kv,heldout,1.0565,-0.1369,5,0
global,aging+idle+age+refaults,K+K+,4,kv,test,1.0608,-0.1487,6,0
global,aging+idle+age+refaults,K+K+,4,kv,val,1.0528,-0.1343,6,0
global,aging+idle+age+refaults,K+K+,4,matmul,heldout,1.0072,-0.0507,2,0
global,aging+idle+age+refaults,K+K+,4,sort,heldout,0.9776,0.2731,3,0
global,aging+idle+age+refaults,K+K+,4,sort,test,0.9649,0.2644,2,0
global,aging+idle+age+refaults,K+K+,4,sort,val,0.9746,0.2183,2,0
global,aging+idle+age+refaults+rdist,K+K+,5,btree,heldout,0.8975,0.2745,5,0
global,aging+idle+age+refaults+rdist,K+K+,5,btree,test,0.9304,0.1486,4,0
global,aging+idle+age+refaults+rdist,K+K+,5,btree,val,0.9389,0.1289,4,0
global,aging+idle+age+refaults+rdist,K+K+,5,graph,heldout,0.4970,0.8073,3,0
global,aging+idle+age+refaults+rdist,K+K+,5,graph,test,1.8340,-1.8367,3,2
global,aging+idle+age+refaults+rdist,K+K+,5,graph,val,1.8284,-1.8350,3,2
global,aging+idle+age+refaults+rdist,K+K+,5,kv,heldout,1.0782,-0.1897,5,0
global,aging+idle+age+refaults+rdist,K+K+,5,kv,test,1.0901,-0.2139,6,0
global,aging+idle+age+refaults+rdist,K+K+,5,kv,val,1.0842,-0.2032,6,0
global,aging+idle+age+refaults+rdist,K+K+,5,matmul,heldout,1.0016,-0.0105,2,0
global,aging+idle+age+refaults+rdist,K+K+,5,sort,heldout,0.9467,0.6516,3,0
global,aging+idle+age+refaults+rdist,K+K+,5,sort,test,0.9480,0.5033,2,0
global,aging+idle+age+refaults+rdist,K+K+,5,sort,val,0.9560,0.4669,2,0
global,aging+idle+dirty,K,3,btree,heldout,0.9933,0.0179,5,0
global,aging+idle+dirty,K,3,btree,test,0.9921,0.0173,4,0
global,aging+idle+dirty,K,3,btree,val,0.9932,0.0151,4,0
global,aging+idle+dirty,K,3,graph,heldout,1.0123,-0.0198,3,0
global,aging+idle+dirty,K,3,graph,test,1.0020,-0.0026,3,0
global,aging+idle+dirty,K,3,graph,val,1.0008,-0.0014,3,0
global,aging+idle+dirty,K,3,kv,heldout,0.9854,0.0353,5,0
global,aging+idle+dirty,K,3,kv,test,0.9915,0.0200,6,0
global,aging+idle+dirty,K,3,kv,val,0.9915,0.0198,6,0
global,aging+idle+dirty,K,3,matmul,heldout,0.9990,0.0072,2,0
global,aging+idle+dirty,K,3,sort,heldout,1.0000,0.0000,3,0
global,aging+idle+dirty,K,3,sort,test,0.9637,0.2754,2,0
global,aging+idle+dirty,K,3,sort,val,0.9656,0.2950,2,0
global,aging+idle+dirty+rdist,K+K+,4,btree,heldout,1.4326,-1.1593,5,0
global,aging+idle+dirty+rdist,K+K+,4,btree,test,2.0358,-2.3274,4,0
global,aging+idle+dirty+rdist,K+K+,4,btree,val,2.0383,-2.3439,4,0
global,aging+idle+dirty+rdist,K+K+,4,graph,heldout,3.0000,-3.2102,3,3
global,aging+idle+dirty+rdist,K+K+,4,graph,test,3.0000,-3.2280,3,3
global,aging+idle+dirty+rdist,K+K+,4,graph,val,3.0000,-3.2290,3,3
global,aging+idle+dirty+rdist,K+K+,4,kv,heldout,1.8720,-2.1148,5,0
global,aging+idle+dirty+rdist,K+K+,4,kv,test,1.7919,-1.9832,6,1
global,aging+idle+dirty+rdist,K+K+,4,kv,val,1.7958,-2.0000,6,1
global,aging+idle+dirty+rdist,K+K+,4,matmul,heldout,0.9710,0.1504,2,0
global,aging+idle+dirty+rdist,K+K+,4,sort,heldout,0.9446,0.6774,3,0
global,aging+idle+dirty+rdist,K+K+,4,sort,test,0.9616,0.4096,2,0
global,aging+idle+dirty+rdist,K+K+,4,sort,val,0.9658,0.3906,2,0
global,aging+idle+dirty+refaults,K+K+,4,btree,heldout,0.9392,0.1628,5,0
global,aging+idle+dirty+refaults,K+K+,4,btree,test,0.9291,0.1570,4,0
global,aging+idle+dirty+refaults,K+K+,4,btree,val,0.9312,0.1528,4,0
global,aging+idle+dirty+refaults,K+K+,4,graph,heldout,0.5366,0.7437,3,0
global,aging+idle+dirty+refaults,K+K+,4,graph,test,0.6896,0.5175,3,0
global,aging+idle+dirty+refaults,K+K+,4,graph,val,0.6922,0.5136,3,0
global,aging+idle+dirty+refaults,K+K+,4,kv,heldout,0.9353,0.1568,5,0
global,aging+idle+dirty+refaults,K+K+,4,kv,test,0.9296,0.1557,6,0
global,aging+idle+dirty+refaults,K+K+,4,kv,val,0.9339,0.1465,6,0
global,aging+idle+dirty+refaults,K+K+,4,matmul,heldout,1.0008,-0.0047,2,0
global,aging+idle+dirty+refaults,K+K+,4,sort,heldout,1.0000,0.0000,3,0
global,aging+idle+dirty+refaults,K+K+,4,sort,test,0.9668,0.2476,2,0
global,aging+idle+dirty+refaults,K+K+,4,sort,val,0.9699,0.2573,2,0
global,aging+idle+dirty+refaults+rdist,K+K+,5,btree,heldout,0.9177,0.2205,5,0
global,aging+idle+dirty+refaults+rdist,K+K+,5,btree,test,0.9108,0.1965,4,0
global,aging+idle+dirty+refaults+rdist,K+K+,5,btree,val,0.9185,0.1800,4,0
global,aging+idle+dirty+refaults+rdist,K+K+,5,graph,heldout,0.5504,0.7216,3,0
global,aging+idle+dirty+refaults+rdist,K+K+,5,graph,test,1.3710,-0.6579,3,0
global,aging+idle+dirty+refaults+rdist,K+K+,5,graph,val,1.4174,-0.7562,3,0
global,aging+idle+dirty+refaults+rdist,K+K+,5,kv,heldout,1.1243,-0.3015,5,0
global,aging+idle+dirty+refaults+rdist,K+K+,5,kv,test,1.1049,-0.2464,6,0
global,aging+idle+dirty+refaults+rdist,K+K+,5,kv,val,1.1006,-0.2400,6,0
global,aging+idle+dirty+refaults+rdist,K+K+,5,matmul,heldout,1.0009,-0.0066,2,0
global,aging+idle+dirty+refaults+rdist,K+K+,5,sort,heldout,0.9483,0.6323,3,0
global,aging+idle+dirty+refaults+rdist,K+K+,5,sort,test,0.9488,0.4927,2,0
global,aging+idle+dirty+refaults+rdist,K+K+,5,sort,val,0.9518,0.5006,2,0
global,aging+idle+rdist,K+K+,3,btree,heldout,1.4446,-1.1917,5,0
global,aging+idle+rdist,K+K+,3,btree,test,2.0819,-2.4402,4,0
global,aging+idle+rdist,K+K+,3,btree,val,2.0884,-2.4661,4,0
global,aging+idle+rdist,K+K+,3,graph,heldout,3.0000,-3.2102,3,3
global,aging+idle+rdist,K+K+,3,graph,test,3.0000,-3.2280,3,3
global,aging+idle+rdist,K+K+,3,graph,val,3.0000,-3.2290,3,3
global,aging+idle+rdist,K+K+,3,kv,heldout,1.8748,-2.1216,5,0
global,aging+idle+rdist,K+K+,3,kv,test,1.7680,-1.9219,6,1
global,aging+idle+rdist,K+K+,3,kv,val,1.7576,-1.9046,6,1
global,aging+idle+rdist,K+K+,3,matmul,heldout,0.9710,0.1504,2,0
global,aging+idle+rdist,K+K+,3,sort,heldout,0.9446,0.6774,3,0
global,aging+idle+rdist,K+K+,3,sort,test,0.9570,0.4490,2,0
global,aging+idle+rdist,K+K+,3,sort,val,0.9605,0.4401,2,0
global,aging+idle+refaults,K+K+,3,btree,heldout,0.9411,0.1578,5,0
global,aging+idle+refaults,K+K+,3,btree,test,0.9200,0.1776,4,0
global,aging+idle+refaults,K+K+,3,btree,val,0.9212,0.1757,4,0
global,aging+idle+refaults,K+K+,3,graph,heldout,0.5747,0.6826,3,0
global,aging+idle+refaults,K+K+,3,graph,test,0.7279,0.4562,3,0
global,aging+idle+refaults,K+K+,3,graph,val,0.7301,0.4530,3,0
global,aging+idle+refaults,K+K+,3,kv,heldout,0.9370,0.1527,5,0
global,aging+idle+refaults,K+K+,3,kv,test,0.9381,0.1376,6,0
global,aging+idle+refaults,K+K+,3,kv,val,0.9420,0.1289,6,0
global,aging+idle+refaults,K+K+,3,matmul,heldout,1.0008,-0.0046,2,0
global,aging+idle+refaults,K+K+,3,sort,heldout,1.0000,0.0000,3,0
global,aging+idle+refaults,K+K+,3,sort,test,0.9668,0.2524,2,0
global,aging+idle+refaults,K+K+,3,sort,val,0.9711,0.2496,2,0
global,aging+idle+refaults+rdist,K+K+,4,btree,heldout,0.9176,0.2207,5,0
global,aging+idle+refaults+rdist,K+K+,4,btree,test,0.9098,0.1988,4,0
global,aging+idle+refaults+rdist,K+K+,4,btree,val,0.9177,0.1821,4,0
global,aging+idle+refaults+rdist,K+K+,4,graph,heldout,0.5562,0.7123,3,0
global,aging+idle+refaults+rdist,K+K+,4,graph,test,1.4293,-0.7755,3,0
global,aging+idle+refaults+rdist,K+K+,4,graph,val,1.4155,-0.7610,3,0
global,aging+idle+refaults+rdist,K+K+,4,kv,heldout,1.1222,-0.2964,5,0
global,aging+idle+refaults+rdist,K+K+,4,kv,test,1.1075,-0.2515,6,0
global,aging+idle+refaults+rdist,K+K+,4,kv,val,1.1046,-0.2498,6,0
global,aging+idle+refaults+rdist,K+K+,4,matmul,heldout,1.0009,-0.0066,2,0
global,aging+idle+refaults+rdist,K+K+,4,sort,heldout,0.9483,0.6323,3,0
global,aging+idle+refaults+rdist,K+K+,4,sort,test,0.9488,0.4927,2,0
global,aging+idle+refaults+rdist,K+K+,4,sort,val,0.9518,0.5006,2,0
global,aging+rdist,K+K+,2,btree,heldout,1.3624,-0.9710,5,0
global,aging+rdist,K+K+,2,btree,test,1.8782,-1.9745,4,0
global,aging+rdist,K+K+,2,btree,val,1.8763,-1.9770,4,0
global,aging+rdist,K+K+,2,graph,heldout,3.0000,-3.2102,3,3
global,aging+rdist,K+K+,2,graph,test,3.0000,-3.2280,3,3
global,aging+rdist,K+K+,2,graph,val,3.0000,-3.2290,3,3
global,aging+rdist,K+K+,2,kv,heldout,1.8139,-1.9746,5,0
global,aging+rdist,K+K+,2,kv,test,1.7276,-1.8325,6,1
global,aging+rdist,K+K+,2,kv,val,1.7272,-1.8403,6,1
global,aging+rdist,K+K+,2,matmul,heldout,0.9710,0.1504,2,0
global,aging+rdist,K+K+,2,sort,heldout,0.9444,0.6796,3,0
global,aging+rdist,K+K+,2,sort,test,0.9570,0.4490,2,0
global,aging+rdist,K+K+,2,sort,val,0.9605,0.4401,2,0
global,aging+refaults,K+K+,2,btree,heldout,0.8956,0.2797,5,0
global,aging+refaults,K+K+,2,btree,test,0.8902,0.2428,4,0
global,aging+refaults,K+K+,2,btree,val,0.8928,0.2380,4,0
global,aging+refaults,K+K+,2,graph,heldout,0.5198,0.7707,3,0
global,aging+refaults,K+K+,2,graph,test,0.8537,0.2500,3,0
global,aging+refaults,K+K+,2,graph,val,0.8573,0.2439,3,0
global,aging+refaults,K+K+,2,kv,heldout,0.9549,0.1093,5,0
global,aging+refaults,K+K+,2,kv,test,0.9512,0.1059,6,0
global,aging+refaults,K+K+,2,kv,val,0.9505,0.1072,6,0
global,aging+refaults,K+K+,2,matmul,heldout,0.9992,0.0063,2,0
global,aging+refaults,K+K+,2,sort,heldout,1.0000,0.0000,3,0
global,aging+refaults,K+K+,2,sort,test,0.9668,0.2524,2,0
global,aging+refaults,K+K+,2,sort,val,0.9711,0.2496,2,0
global,aging+refaults+rdist,K+K+,3,btree,heldout,0.9150,0.2277,5,0
global,aging+refaults+rdist,K+K+,3,btree,test,0.9016,0.2172,4,0
global,aging+refaults+rdist,K+K+,3,btree,val,0.9080,0.2037,4,0
global,aging+refaults+rdist,K+K+,3,graph,heldout,0.5007,0.8015,3,0
global,aging+refaults+rdist,K+K+,3,graph,test,0.9307,0.1143,3,0
global,aging+refaults+rdist,K+K+,3,graph,val,0.9295,0.1147,3,0
global,aging+refaults+rdist,K+K+,3,kv,heldout,1.0702,-0.1702,5,0
global,aging+refaults+rdist,K+K+,3,kv,test,1.0633,-0.1500,6,0
global,aging+refaults+rdist,K+K+,3,kv,val,1.0586,-0.1430,6,0
global,aging+refaults+rdist,K+K+,3,matmul,heldout,1.0009,-0.0067,2,0
global,aging+refaults+rdist,K+K+,3,sort,heldout,0.9488,0.6258,3,0
global,aging+refaults+rdist,K+K+,3,sort,test,0.9488,0.4927,2,0
global,aging+refaults+rdist,K+K+,3,sort,val,0.9522,0.4954,2,0
global,aging+sfreq,K,2,btree,heldout,1.0372,-0.0997,5,0
global,aging+sfreq,K,2,btree,test,1.2606,-0.5795,4,0
global,aging+sfreq,K,2,btree,val,1.2422,-0.5438,4,0
global,aging+sfreq,K,2,graph,heldout,1.4628,-0.7442,3,0
global,aging+sfreq,K,2,graph,test,3.0000,-3.2280,3,3
global,aging+sfreq,K,2,graph,val,3.0000,-3.2290,3,3
global,aging+sfreq,K,2,kv,heldout,1.0826,-0.2003,5,0
global,aging+sfreq,K,2,kv,test,1.1033,-0.2563,6,0
global,aging+sfreq,K,2,kv,val,1.0947,-0.2405,6,0
global,aging+sfreq,K,2,matmul,heldout,0.9990,0.0072,2,0
global,aging+sfreq,K,2,sort,heldout,0.9784,0.2645,3,0
global,aging+sfreq,K,2,sort,test,0.9645,0.2697,2,0
global,aging+sfreq,K,2,sort,val,0.9742,0.2236,2,0
global,aging+sfreq+age,K,3,btree,heldout,1.0151,-0.0405,5,0
global,aging+sfreq+age,K,3,btree,test,1.2052,-0.4563,4,0
global,aging+sfreq+age,K,3,btree,val,1.1998,-0.4468,4,0
global,aging+sfreq+age,K,3,graph,heldout,1.3891,-0.6271,3,0
global,aging+sfreq+age,K,3,graph,test,3.0000,-3.2280,3,3
global,aging+sfreq+age,K,3,graph,val,3.0000,-3.2290,3,3
global,aging+sfreq+age,K,3,kv,heldout,1.0639,-0.1552,5,0
global,aging+sfreq+age,K,3,kv,test,1.0811,-0.2033,6,0
global,aging+sfreq+age,K,3,kv,val,1.0762,-0.1947,6,0
global,aging+sfreq+age,K,3,matmul,heldout,0.9990,0.0072,2,0
global,aging+sfreq+age,K,3,sort,heldout,0.9974,0.0323,3,0
global,aging+sfreq+age,K,3,sort,test,0.9645,0.2697,2,0
global,aging+sfreq+age,K,3,sort,val,0.9742,0.2236,2,0
global,aging+sfreq+age+dirty,K,4,btree,heldout,0.9495,0.1353,5,0
global,aging+sfreq+age+dirty,K,4,btree,test,1.0516,-0.1154,4,0
global,aging+sfreq+age+dirty,K,4,btree,val,1.0465,-0.1046,4,0
global,aging+sfreq+age+dirty,K,4,graph,heldout,2.9576,-3.1422,3,0
global,aging+sfreq+age+dirty,K,4,graph,test,3.0000,-3.2280,3,3
global,aging+sfreq+age+dirty,K,4,graph,val,3.0000,-3.2290,3,3
global,aging+sfreq+age+dirty,K,4,kv,heldout,1.0647,-0.1571,5,0
global,aging+sfreq+age+dirty,K,4,kv,test,1.0814,-0.2020,6,0
global,aging+sfreq+age+dirty,K,4,kv,val,1.0697,-0.1780,6,0
global,aging+sfreq+age+dirty,K,4,matmul,heldout,0.9990,0.0072,2,0
global,aging+sfreq+age+dirty,K,4,sort,heldout,0.9945,0.0667,3,0
global,aging+sfreq+age+dirty,K,4,sort,test,0.9637,0.2754,2,0
global,aging+sfreq+age+dirty,K,4,sort,val,0.9742,0.2236,2,0
global,aging+sfreq+age+dirty+rdist,K+K+,5,btree,heldout,1.4247,-1.1388,5,0
global,aging+sfreq+age+dirty+rdist,K+K+,5,btree,test,1.9842,-2.1976,4,0
global,aging+sfreq+age+dirty+rdist,K+K+,5,btree,val,2.0027,-2.2548,4,0
global,aging+sfreq+age+dirty+rdist,K+K+,5,graph,heldout,1.7116,-1.1503,3,0
global,aging+sfreq+age+dirty+rdist,K+K+,5,graph,test,3.0000,-3.2280,3,3
global,aging+sfreq+age+dirty+rdist,K+K+,5,graph,val,3.0000,-3.2290,3,3
global,aging+sfreq+age+dirty+rdist,K+K+,5,kv,heldout,1.7525,-1.8262,5,0
global,aging+sfreq+age+dirty+rdist,K+K+,5,kv,test,1.7730,-1.9496,6,1
global,aging+sfreq+age+dirty+rdist,K+K+,5,kv,val,1.7423,-1.8819,6,1
global,aging+sfreq+age+dirty+rdist,K+K+,5,matmul,heldout,0.9710,0.1505,2,0
global,aging+sfreq+age+dirty+rdist,K+K+,5,sort,heldout,0.9446,0.6774,3,0
global,aging+sfreq+age+dirty+rdist,K+K+,5,sort,test,0.9480,0.5180,2,0
global,aging+sfreq+age+dirty+rdist,K+K+,5,sort,val,0.9529,0.5050,2,0
global,aging+sfreq+age+dirty+refaults,K+K+,5,btree,heldout,0.8746,0.3359,5,0
global,aging+sfreq+age+dirty+refaults,K+K+,5,btree,test,0.9131,0.1900,4,0
global,aging+sfreq+age+dirty+refaults,K+K+,5,btree,val,0.9144,0.1892,4,0
global,aging+sfreq+age+dirty+refaults,K+K+,5,graph,heldout,1.8770,-1.4079,3,0
global,aging+sfreq+age+dirty+refaults,K+K+,5,graph,test,3.0000,-3.2280,3,3
global,aging+sfreq+age+dirty+refaults,K+K+,5,graph,val,3.0000,-3.2290,3,3
global,aging+sfreq+age+dirty+refaults,K+K+,5,kv,heldout,1.0623,-0.1510,5,0
global,aging+sfreq+age+dirty+refaults,K+K+,5,kv,test,1.0928,-0.2288,6,0
global,aging+sfreq+age+dirty+refaults,K+K+,5,kv,val,1.0862,-0.2145,6,0
global,aging+sfreq+age+dirty+refaults,K+K+,5,matmul,heldout,1.1192,-0.6795,2,0
global,aging+sfreq+age+dirty+refaults,K+K+,5,sort,heldout,0.9625,0.4581,3,0
global,aging+sfreq+age+dirty+refaults,K+K+,5,sort,test,0.9622,0.3016,2,0
global,aging+sfreq+age+dirty+refaults,K+K+,5,sort,val,0.9723,0.2499,2,0
global,aging+sfreq+age+dirty+refaults+rdist,K+K+,6,btree,heldout,0.9585,0.1111,5,0
global,aging+sfreq+age+dirty+refaults+rdist,K+K+,6,btree,test,1.0133,-0.0352,4,0
global,aging+sfreq+age+dirty+refaults+rdist,K+K+,6,btree,val,1.0194,-0.0507,4,0
global,aging+sfreq+age+dirty+refaults+rdist,K+K+,6,graph,heldout,1.6589,-1.0581,3,0
global,aging+sfreq+age+dirty+refaults+rdist,K+K+,6,graph,test,3.0000,-3.2280,3,3
global,aging+sfreq+age+dirty+refaults+rdist,K+K+,6,graph,val,3.0000,-3.2290,3,3
global,aging+sfreq+age+dirty+refaults+rdist,K+K+,6,kv,heldout,1.0802,-0.1945,5,0
global,aging+sfreq+age+dirty+refaults+rdist,K+K+,6,kv,test,1.1071,-0.2586,6,0
global,aging+sfreq+age+dirty+refaults+rdist,K+K+,6,kv,val,1.0976,-0.2385,6,0
global,aging+sfreq+age+dirty+refaults+rdist,K+K+,6,matmul,heldout,1.0973,-0.5452,2,0
global,aging+sfreq+age+dirty+refaults+rdist,K+K+,6,sort,heldout,0.9465,0.6538,3,0
global,aging+sfreq+age+dirty+refaults+rdist,K+K+,6,sort,test,0.9495,0.4918,2,0
global,aging+sfreq+age+dirty+refaults+rdist,K+K+,6,sort,val,0.9571,0.4592,2,0
global,aging+sfreq+age+rdist,K+K+,4,btree,heldout,1.4698,-1.2616,5,0
global,aging+sfreq+age+rdist,K+K+,4,btree,test,2.1113,-2.4987,4,0
global,aging+sfreq+age+rdist,K+K+,4,btree,val,2.1032,-2.4942,4,0
global,aging+sfreq+age+rdist,K+K+,4,graph,heldout,0.5939,0.6517,3,0
global,aging+sfreq+age+rdist,K+K+,4,graph,test,3.0000,-3.2280,3,3
global,aging+sfreq+age+rdist,K+K+,4,graph,val,3.0000,-3.2290,3,3
global,aging+sfreq+age+rdist,K+K+,4,kv,heldout,1.7917,-1.9199,5,0
global,aging+sfreq+age+rdist,K+K+,4,kv,test,1.7153,-1.8104,6,1
global,aging+sfreq+age+rdist,K+K+,4,kv,val,1.6657,-1.6927,6,1
global,aging+sfreq+age+rdist,K+K+,4,matmul,heldout,0.9989,0.0044,2,0
global,aging+sfreq+age+rdist,K+K+,4,sort,heldout,0.9446,0.6774,3,0
global,aging+sfreq+age+rdist,K+K+,4,sort,test,0.9411,0.5697,2,0
global,aging+sfreq+age+rdist,K+K+,4,sort,val,0.9452,0.5699,2,0
global,aging+sfreq+age+refaults,K+K+,4,btree,heldout,0.8793,0.3232,5,0
global,aging+sfreq+age+refaults,K+K+,4,btree,test,0.9134,0.1903,4,0
global,aging+sfreq+age+refaults,K+K+,4,btree,val,0.9205,0.1763,4,0
global,aging+sfreq+age+refaults,K+K+,4,graph,heldout,1.7469,-1.1989,3,0
global,aging+sfreq+age+refaults,K+K+,4,graph,test,3.0000,-3.2280,3,3
global,aging+sfreq+age+refaults,K+K+,4,graph,val,3.0000,-3.2290,3,3
global,aging+sfreq+age+refaults,K+K+,4,kv,heldout,1.0655,-0.1588,5,0
global,aging+sfreq+age+refaults,K+K+,4,kv,test,1.0910,-0.2243,6,0
global,aging+sfreq+age+refaults,K+K+,4,kv,val,1.0836,-0.2084,6,0
global,aging+sfreq+age+refaults,K+K+,4,matmul,heldout,1.1202,-0.6866,2,0
global,aging+sfreq+age+refaults,K+K+,4,sort,heldout,0.9666,0.4086,3,0
global,aging+sfreq+age+refaults,K+K+,4,sort,test,0.9622,0.3016,2,0
global,aging+sfreq+age+refaults,K+K+,4,sort,val,0.9723,0.2499,2,0
global,aging+sfreq+age+refaults+rdist,K+K+,5,btree,heldout,0.9830,0.0454,5,0
global,aging+sfreq+age+refaults+rdist,K+K+,5,btree,test,1.0476,-0.1130,4,0
global,aging+sfreq+age+refaults+rdist,K+K+,5,btree,val,1.0528,-0.1276,4,0
global,aging+sfreq+age+refaults+rdist,K+K+,5,graph,heldout,1.6149,-0.9903,3,0
global,aging+sfreq+age+refaults+rdist,K+K+,5,graph,test,3.0000,-3.2280,3,3
global,aging+sfreq+age+refaults+rdist,K+K+,5,graph,val,3.0000,-3.2290,3,3
global,aging+sfreq+age+refaults+rdist,K+K+,5,kv,heldout,1.0776,-0.1881,5,0
global,aging+sfreq+age+refaults+rdist,K+K+,5,kv,test,1.1043,-0.2543,6,0
global,aging+sfreq+age+refaults+rdist,K+K+,5,kv,val,1.0829,-0.2039,6,0
global,aging+sfreq+age+refaults+rdist,K+K+,5,matmul,heldout,1.0852,-0.4746,2,0
global,aging+sfreq+age+refaults+rdist,K+K+,5,sort,heldout,0.9467,0.6516,3,0
global,aging+sfreq+age+refaults+rdist,K+K+,5,sort,test,0.9480,0.5033,2,0
global,aging+sfreq+age+refaults+rdist,K+K+,5,sort,val,0.9552,0.4734,2,0
global,aging+sfreq+dirty,K,3,btree,heldout,0.9858,0.0379,5,0
global,aging+sfreq+dirty,K,3,btree,test,1.1477,-0.3281,4,0
global,aging+sfreq+dirty,K,3,btree,val,1.1368,-0.3053,4,0
global,aging+sfreq+dirty,K,3,graph,heldout,3.0000,-3.2102,3,3
global,aging+sfreq+dirty,K,3,graph,test,3.0000,-3.2280,3,3
global,aging+sfreq+dirty,K,3,graph,val,3.0000,-3.2290,3,3
global,aging+sfreq+dirty,K,3,kv,heldout,1.0884,-0.2145,5,0
global,aging+sfreq+dirty,K,3,kv,test,1.1046,-0.2568,6,0
global,aging+sfreq+dirty,K,3,kv,val,1.0976,-0.2440,6,0
global,aging+sfreq+dirty,K,3,matmul,heldout,0.9990,0.0072,2,0
global,aging+sfreq+dirty,K,3,sort,heldout,0.9901,0.1204,3,0
global,aging+sfreq+dirty,K,3,sort,test,0.9634,0.2808,2,0
global,aging+sfreq+dirty,K,3,sort,val,0.9738,0.2288,2,0
global,aging+sfreq+dirty+rdist,K+K+,4,btree,heldout,1.0643,-0.1724,5,0
global,aging+sfreq+dirty+rdist,K+K+,4,btree,test,1.3119,-0.6968,4,0
global,aging+sfreq+dirty+rdist,K+K+,4,btree,val,1.3011,-0.6769,4,0
global,aging+sfreq+dirty+rdist,K+K+,4,graph,heldout,3.0000,-3.2102,3,3
global,aging+sfreq+dirty+rdist,K+K+,4,graph,test,3.0000,-3.2280,3,3
global,aging+sfreq+dirty+rdist,K+K+,4,graph,val,3.0000,-3.2290,3,3
global,aging+sfreq+dirty+rdist,K+K+,4,kv,heldout,1.3315,-0.8049,5,0
global,aging+sfreq+dirty+rdist,K+K+,4,kv,test,1.4978,-1.1969,6,0
global,aging+sfreq+dirty+rdist,K+K+,4,kv,val,1.4759,-1.1535,6,0
global,aging+sfreq+dirty+rdist,K+K+,4,matmul,heldout,0.9972,0.0133,2,0
global,aging+sfreq+dirty+rdist,K+K+,4,sort,heldout,0.9447,0.6753,3,0
global,aging+sfreq+dirty+rdist,K+K+,4,sort,test,0.9495,0.4967,2,0
global,aging+sfreq+dirty+rdist,K+K+,4,sort,val,0.9544,0.4839,2,0
global,aging+sfreq+dirty+refaults,K+K+,4,btree,heldout,0.8543,0.3902,5,0
global,aging+sfreq+dirty+refaults,K+K+,4,btree,test,0.8747,0.2746,4,0
global,aging+sfreq+dirty+refaults,K+K+,4,btree,val,0.8791,0.2657,4,0
global,aging+sfreq+dirty+refaults,K+K+,4,graph,heldout,1.8367,-1.3433,3,0
global,aging+sfreq+dirty+refaults,K+K+,4,graph,test,3.0000,-3.2280,3,3
global,aging+sfreq+dirty+refaults,K+K+,4,graph,val,3.0000,-3.2290,3,3
global,aging+sfreq+dirty+refaults,K+K+,4,kv,heldout,1.0406,-0.0985,5,0
global,aging+sfreq+dirty+refaults,K+K+,4,kv,test,1.0693,-0.1713,6,0
global,aging+sfreq+dirty+refaults,K+K+,4,kv,val,1.0611,-0.1557,6,0
global,aging+sfreq+dirty+refaults,K+K+,4,matmul,heldout,1.1737,-1.0481,2,0
global,aging+sfreq+dirty+refaults,K+K+,4,sort,heldout,0.9798,0.2473,3,0
global,aging+sfreq+dirty+refaults,K+K+,4,sort,test,0.9638,0.2803,2,0
global,aging+sfreq+dirty+refaults,K+K+,4,sort,val,0.9738,0.2288,2,0
global,aging+sfreq+dirty+refaults+rdist,K+K+,5,btree,heldout,0.8514,0.3980,5,0
global,aging+sfreq+dirty+refaults+rdist,K+K+,5,btree,test,0.8654,0.2960,4,0
global,aging+sfreq+dirty+refaults+rdist,K+K+,5,btree,val,0.8698,0.2872,4,0
global,aging+sfreq+dirty+refaults+rdist,K+K+,5,graph,heldout,2.1415,-1.8323,3,0
global,aging+sfreq+dirty+refaults+rdist,K+K+,5,graph,test,3.0000,-3.2280,3,3
global,aging+sfreq+dirty+refaults+rdist,K+K+,5,graph,val,3.0000,-3.2290,3,3
global,aging+sfreq+dirty+refaults+rdist,K+K+,5,kv,heldout,1.0456,-0.1107,5,0
global,aging+sfreq+dirty+refaults+rdist,K+K+,5,kv,test,1.0629,-0.1550,6,0
global,aging+sfreq+dirty+refaults+rdist,K+K+,5,kv,val,1.0567,-0.1459,6,0
global,aging+sfreq+dirty+refaults+rdist,K+K+,5,matmul,heldout,1.1559,-0.9229,2,0
global,aging+sfreq+dirty+refaults+rdist,K+K+,5,sort,heldout,0.9556,0.5419,3,0
global,aging+sfreq+dirty+refaults+rdist,K+K+,5,sort,test,0.9561,0.4209,2,0
global,aging+sfreq+dirty+refaults+rdist,K+K+,5,sort,val,0.9618,0.4041,2,0
global,aging+sfreq+idle,K,3,btree,heldout,0.8802,0.3210,5,0
global,aging+sfreq+idle,K,3,btree,test,0.8394,0.3569,4,0
global,aging+sfreq+idle,K,3,btree,val,0.8454,0.3452,4,0
global,aging+sfreq+idle,K,3,graph,heldout,0.6286,0.5962,3,0
global,aging+sfreq+idle,K,3,graph,test,1.3058,-0.5836,3,0
global,aging+sfreq+idle,K,3,graph,val,1.3315,-0.6265,3,0
global,aging+sfreq+idle,K,3,kv,heldout,0.9577,0.1026,5,0
global,aging+sfreq+idle,K,3,kv,test,0.9438,0.1176,6,0
global,aging+sfreq+idle,K,3,kv,val,0.9471,0.1090,6,0
global,aging+sfreq+idle,K,3,matmul,heldout,0.9990,0.0072,2,0
global,aging+sfreq+idle,K,3,sort,heldout,1.0000,0.0000,3,0
global,aging+sfreq+idle,K,3,sort,test,0.9645,0.2697,2,0
global,aging+sfreq+idle,K,3,sort,val,0.9742,0.2236,2,0
global,aging+sfreq+idle+age,K,4,btree,heldout,0.9663,0.0904,5,0
global,aging+sfreq+idle+age,K,4,btree,test,0.8943,0.2349,4,0
global,aging+sfreq+idle+age,K,4,btree,val,0.8953,0.2337,4,0
global,aging+sfreq+idle+age,K,4,graph,heldout,0.5942,0.6514,3,0
global,aging+sfreq+idle+age,K,4,graph,test,0.6204,0.6269,3,0
global,aging+sfreq+idle+age,K,4,graph,val,0.6196,0.6286,3,0
global,aging+sfreq+idle+age,K,4,kv,heldout,0.9351,0.1574,5,0
global,aging+sfreq+idle+age,K,4,kv,test,0.9193,0.1758,6,0
global,aging+sfreq+idle+age,K,4,kv,val,0.9228,0.1677,6,0
global,aging+sfreq+idle+age,K,4,matmul,heldout,0.9990,0.0072,2,0
global,aging+sfreq+idle+age,K,4,sort,heldout,1.0000,0.0000,3,0
global,aging+sfreq+idle+age,K,4,sort,test,0.9645,0.2697,2,0
global,aging+sfreq+idle+age,K,4,sort,val,0.9742,0.2236,2,0
global,aging+sfreq+idle+age+dirty,K,5,btree,heldout,0.9581,0.1121,5,0
global,aging+sfreq+idle+age+dirty,K,5,btree,test,0.8757,0.2744,4,0
global,aging+sfreq+idle+age+dirty,K,5,btree,val,0.8764,0.2745,4,0
global,aging+sfreq+idle+age+dirty,K,5,graph,heldout,0.7421,0.4140,3,0
global,aging+sfreq+idle+age+dirty,K,5,graph,test,0.6961,0.5070,3,0
global,aging+sfreq+idle+age+dirty,K,5,graph,val,0.6946,0.5097,3,0
global,aging+sfreq+idle+age+dirty,K,5,kv,heldout,0.9337,0.1607,5,0
global,aging+sfreq+idle+age+dirty,K,5,kv,test,0.9558,0.0998,6,0
global,aging+sfreq+idle+age+dirty,K,5,kv,val,0.9526,0.1071,6,0
global,aging+sfreq+idle+age+dirty,K,5,matmul,heldout,0.9990,0.0072,2,0
global,aging+sfreq+idle+age+dirty,K,5,sort,heldout,1.0000,0.0000,3,0
global,aging+sfreq+idle+age+dirty,K,5,sort,test,0.9637,0.2754,2,0
global,aging+sfreq+idle+age+dirty,K,5,sort,val,0.9742,0.2236,2,0
global,aging+sfreq+idle+age+dirty+rdist,K+K+,6,btree,heldout,1.3975,-1.0651,5,0
global,aging+sfreq+idle+age+dirty+rdist,K+K+,6,btree,test,1.9637,-2.1673,4,0
global,aging+sfreq+idle+age+dirty+rdist,K+K+,6,btree,val,1.9611,-2.1767,4,0
global,aging+sfreq+idle+age+dirty+rdist,K+K+,6,graph,heldout,3.0000,-3.2102,3,3
global,aging+sfreq+idle+age+dirty+rdist,K+K+,6,graph,test,3.0000,-3.2280,3,3
global,aging+sfreq+idle+age+dirty+rdist,K+K+,6,graph,val,3.0000,-3.2290,3,3
global,aging+sfreq+idle+age+dirty+rdist,K+K+,6,kv,heldout,1.7478,-1.8140,5,0
global,aging+sfreq+idle+age+dirty+rdist,K+K+,6,kv,test,1.7597,-1.9187,6,1
global,aging+sfreq+idle+age+dirty+rdist,K+K+,6,kv,val,1.7437,-1.8848,6,1
global,aging+sfreq+idle+age+dirty+rdist,K+K+,6,matmul,heldout,0.9710,0.1505,2,0
global,aging+sfreq+idle+age+dirty+rdist,K+K+,6,sort,heldout,0.9446,0.6774,3,0
global,aging+sfreq+idle+age+dirty+rdist,K+K+,6,sort,test,0.9499,0.4914,2,0
global,aging+sfreq+idle+age+dirty+rdist,K+K+,6,sort,val,0.9548,0.4787,2,0
global,aging+sfreq+idle+age+dirty+refaults,K+K+,6,btree,heldout,0.8602,0.3743,5,0
global,aging+sfreq+idle+age+dirty+refaults,K+K+,6,btree,test,0.8823,0.2578,4,0
global,aging+sfreq+idle+age+dirty+refaults,K+K+,6,btree,val,0.8849,0.2537,4,0
global,aging+sfreq+idle+age+dirty+refaults,K+K+,6,graph,heldout,0.5046,0.7952,3,0
global,aging+sfreq+idle+age+dirty+refaults,K+K+,6,graph,test,1.7581,-1.6710,3,1
global,aging+sfreq+idle+age+dirty+refaults,K+K+,6,graph,val,1.8144,-1.8257,3,2
global,aging+sfreq+idle+age+dirty+refaults,K+K+,6,kv,heldout,1.0516,-0.1252,5,0
global,aging+sfreq+idle+age+dirty+refaults,K+K+,6,kv,test,1.0644,-0.1572,6,0
global,aging+sfreq+idle+age+dirty+refaults,K+K+,6,kv,val,1.0504,-0.1281,6,0
global,aging+sfreq+idle+age+dirty+refaults,K+K+,6,matmul,heldout,1.0100,-0.0684,2,0
global,aging+sfreq+idle+age+dirty+refaults,K+K+,6,sort,heldout,0.9752,0.3032,3,0
global,aging+sfreq+idle+age+dirty+refaults,K+K+,6,sort,test,0.9665,0.2529,2,0
global,aging+sfreq+idle+age+dirty+refaults,K+K+,6,sort,val,0.9761,0.2053,2,0
global,aging+sfreq+idle+age+dirty+refaults+rdist,K+K+,7,btree,heldout,0.8757,0.3329,5,0
global,aging+sfreq+idle+age+dirty+refaults+rdist,K+K+,7,btree,test,0.8999,0.2185,4,0
global,aging+sfreq+idle+age+dirty+refaults+rdist,K+K+,7,btree,val,0.9065,0.2043,4,0
global,aging+sfreq+idle+age+dirty+refaults+rdist,K+K+,7,graph,heldout,0.5019,0.7995,3,0
global,aging+sfreq+idle+age+dirty+refaults+rdist,K+K+,7,graph,test,1.8667,-1.8592,3,2
global,aging+sfreq+idle+age+dirty+refaults+rdist,K+K+,7,graph,val,1.8566,-1.8541,3,2
global,aging+sfreq+idle+age+dirty+refaults+rdist,K+K+,7,kv,heldout,1.0734,-0.1780,5,0
global,aging+sfreq+idle+age+dirty+refaults+rdist,K+K+,7,kv,test,1.0915,-0.2182,6,0
global,aging+sfreq+idle+age+dirty+refaults+rdist,K+K+,7,kv,val,1.0836,-0.2030,6,0
global,aging+sfreq+idle+age+dirty+refaults+rdist,K+K+,7,matmul,heldout,1.0006,-0.0051,2,0
global,aging+sfreq+idle+age+dirty+refaults+rdist,K+K+,7,sort,heldout,0.9465,0.6538,3,0
global,aging+sfreq+idle+age+dirty+refaults+rdist,K+K+,7,sort,test,0.9526,0.4688,2,0
global,aging+sfreq+idle+age+dirty+refaults+rdist,K+K+,7,sort,val,0.9590,0.4409,2,0
global,aging+sfreq+idle+age+rdist,K+K+,5,btree,heldout,1.4489,-1.2041,5,0
global,aging+sfreq+idle+age+rdist,K+K+,5,btree,test,2.0989,-2.4793,4,0
global,aging+sfreq+idle+age+rdist,K+K+,5,btree,val,2.0979,-2.4895,4,0
global,aging+sfreq+idle+age+rdist,K+K+,5,graph,heldout,1.3004,-0.4828,3,0
global,aging+sfreq+idle+age+rdist,K+K+,5,graph,test,2.6186,-2.8133,3,2
global,aging+sfreq+idle+age+rdist,K+K+,5,graph,val,2.7562,-2.9512,3,2
global,aging+sfreq+idle+age+rdist,K+K+,5,kv,heldout,1.7768,-1.8839,5,0
global,aging+sfreq+idle+age+rdist,K+K+,5,kv,test,1.6151,-1.5073,6,0
global,aging+sfreq+idle+age+rdist,K+K+,5,kv,val,1.6998,-1.7789,6,1
global,aging+sfreq+idle+age+rdist,K+K+,5,matmul,heldout,0.9706,0.1531,2,0
global,aging+sfreq+idle+age+rdist,K+K+,5,sort,heldout,0.9446,0.6774,3,0
global,aging+sfreq+idle+age+rdist,K+K+,5,sort,test,0.9403,0.5754,2,0
global,aging+sfreq+idle+age+rdist,K+K+,5,sort,val,0.9467,0.5569,2,0
global,aging+sfreq+idle+age+refaults,K+K+,5,btree,heldout,0.8650,0.3616,5,0
global,aging+sfreq+idle+age+refaults,K+K+,5,btree,test,0.8888,0.2443,4,0
global,aging+sfreq+idle+age+refaults,K+K+,5,btree,val,0.8960,0.2295,4,0
global,aging+sfreq+idle+age+refaults,K+K+,5,graph,heldout,0.5027,0.7982,3,0
global,aging+sfreq+idle+age+refaults,K+K+,5,graph,test,1.6888,-1.5181,3,1
global,aging+sfreq+idle+age+refaults,K+K+,5,graph,val,1.7022,-1.5632,3,1
global,aging+sfreq+idle+age+refaults,K+K+,5,kv,heldout,1.0532,-0.1290,5,0
global,aging+sfreq+idle+age+refaults,K+K+,5,kv,test,1.0665,-0.1605,6,0
global,aging+sfreq+idle+age+refaults,K+K+,5,kv,val,1.0484,-0.1235,6,0
global,aging+sfreq+idle+age+refaults,K+K+,5,matmul,heldout,1.0094,-0.0647,2,0
global,aging+sfreq+idle+age+refaults,K+K+,5,sort,heldout,0.9789,0.2581,3,0
global,aging+sfreq+idle+age+refaults,K+K+,5,sort,test,0.9649,0.2644,2,0
global,aging+sfreq+idle+age+refaults,K+K+,5,sort,val,0.9746,0.2183,2,0
global,aging+sfreq+idle+age+refaults+rdist,K+K+,6,btree,heldout,0.8974,0.2747,5,0
global,aging+sfreq+idle+age+refaults+rdist,K+K+,6,btree,test,0.9287,0.1528,4,0
global,aging+sfreq+idle+age+refaults+rdist,K+K+,6,btree,val,0.9400,0.1269,4,0
global,aging+sfreq+idle+age+refaults+rdist,K+K+,6,graph,heldout,0.4970,0.8073,3,0
global,aging+sfreq+idle+age+refaults+rdist,K+K+,6,graph,test,1.8092,-1.8202,3,2
global,aging+sfreq+idle+age+refaults+rdist,K+K+,6,graph,val,1.8046,-1.8193,3,2
global,aging+sfreq+idle+age+refaults+rdist,K+K+,6,kv,heldout,1.0792,-0.1921,5,0
global,aging+sfreq+idle+age+refaults+rdist,K+K+,6,kv,test,1.0953,-0.2269,6,0
global,aging+sfreq+idle+age+refaults+rdist,K+K+,6,kv,val,1.0741,-0.1813,6,0
global,aging+sfreq+idle+age+refaults+rdist,K+K+,6,matmul,heldout,1.0015,-0.0098,2,0
global,aging+sfreq+idle+age+refaults+rdist,K+K+,6,sort,heldout,0.9470,0.6473,3,0
global,aging+sfreq+idle+age+refaults+rdist,K+K+,6,sort,test,0.9480,0.5033,2,0
global,aging+sfreq+idle+age+refaults+rdist,K+K+,6,sort,val,0.9560,0.4669,2,0
global,aging+sfreq+idle+dirty,K,4,btree,heldout,0.8985,0.2719,5,0
global,aging+sfreq+idle+dirty,K,4,btree,test,0.8244,0.3902,4,0
global,aging+sfreq+idle+dirty,K,4,btree,val,0.8253,0.3899,4,0
global,aging+sfreq+idle+dirty,K,4,graph,heldout,0.8186,0.2912,3,0
global,aging+sfreq+idle+dirty,K,4,graph,test,1.5212,-0.9253,3,1
global,aging+sfreq+idle+dirty,K,4,graph,val,1.5344,-0.9418,3,1
global,aging+sfreq+idle+dirty,K,4,kv,heldout,0.9602,0.0965,5,0
global,aging+sfreq+idle+dirty,K,4,kv,test,0.9500,0.1077,6,0
global,aging+sfreq+idle+dirty,K,4,kv,val,0.9508,0.1055,6,0
global,aging+sfreq+idle+dirty,K,4,matmul,heldout,0.9990,0.0072,2,0
global,aging+sfreq+idle+dirty,K,4,sort,heldout,0.9995,0.0065,3,0
global,aging+sfreq+idle+dirty,K,4,sort,test,0.9637,0.2754,2,0
global,aging+sfreq+idle+dirty,K,4,sort,val,0.9742,0.2236,2,0
global,aging+sfreq+idle+dirty+rdist,K+K+,5,btree,heldout,1.1609,-0.4313,5,0
global,aging+sfreq+idle+dirty+rdist,K+K+,5,btree,test,1.4119,-0.9317,4,0
global,aging+sfreq+idle+dirty+rdist,K+K+,5,btree,val,1.3968,-0.9018,4,0
global,aging+sfreq+idle+dirty+rdist,K+K+,5,graph,heldout,3.0000,-3.2102,3,3
global,aging+sfreq+idle+dirty+rdist,K+K+,5,graph,test,3.0000,-3.2280,3,3
global,aging+sfreq+idle+dirty+rdist,K+K+,5,graph,val,3.0000,-3.2290,3,3
global,aging+sfreq+idle+dirty+rdist,K+K+,5,kv,heldout,1.3830,-0.9294,5,0
global,aging+sfreq+idle+dirty+rdist,K+K+,5,kv,test,1.6038,-1.4789,6,0
global,aging+sfreq+idle+dirty+rdist,K+K+,5,kv,val,1.5460,-1.3301,6,0
global,aging+sfreq+idle+dirty+rdist,K+K+,5,matmul,heldout,0.9972,0.0133,2,0
global,aging+sfreq+idle+dirty+rdist,K+K+,5,sort,heldout,0.9449,0.6731,3,0
global,aging+sfreq+idle+dirty+rdist,K+K+,5,sort,test,0.9480,0.5180,2,0
global,aging+sfreq+idle+dirty+rdist,K+K+,5,sort,val,0.9537,0.4945,2,0
global,aging+sfreq+idle+dirty+refaults,K+K+,5,btree,heldout,0.8519,0.3966,5,0
global,aging+sfreq+idle+dirty+refaults,K+K+,5,btree,test,0.8703,0.2844,4,0
global,aging+sfreq+idle+dirty+refaults,K+K+,5,btree,val,0.8766,0.2712,4,0
global,aging+sfreq+idle+dirty+refaults,K+K+,5,graph,heldout,1.6897,-1.1071,3,0
global,aging+sfreq+idle+dirty+refaults,K+K+,5,graph,test,3.0000,-3.2280,3,3
global,aging+sfreq+idle+dirty+refaults,K+K+,5,graph,val,3.0000,-3.2290,3,3
global,aging+sfreq+idle+dirty+refaults,K+K+,5,kv,heldout,1.0386,-0.0938,5,0
global,aging+sfreq+idle+dirty+refaults,K+K+,5,kv,test,1.0648,-0.1607,6,0
global,aging+sfreq+idle+dirty+refaults,K+K+,5,kv,val,1.0563,-0.1436,6,0
global,aging+sfreq+idle+dirty+refaults,K+K+,5,matmul,heldout,1.1613,-0.9637,2,0
global,aging+sfreq+idle+dirty+refaults,K+K+,5,sort,heldout,0.9880,0.1462,3,0
global,aging+sfreq+idle+dirty+refaults,K+K+,5,sort,test,0.9653,0.2688,2,0
global,aging+sfreq+idle+dirty+refaults,K+K+,5,sort,val,0.9761,0.2053,2,0
global,aging+sfreq+idle+dirty+refaults+rdist,K+K+,6,btree,heldout,0.8564,0.3845,5,0
global,aging+sfreq+idle+dirty+refaults+rdist,K+K+,6,btree,test,0.8733,0.2780,4,0
global,aging+sfreq+idle+dirty+refaults+rdist,K+K+,6,btree,val,0.8749,0.2757,4,0
global,aging+sfreq+idle+dirty+refaults+rdist,K+K+,6,graph,heldout,2.2168,-1.9543,3,0
global,aging+sfreq+idle+dirty+refaults+rdist,K+K+,6,graph,test,3.0000,-3.2280,3,3
global,aging+sfreq+idle+dirty+refaults+rdist,K+K+,6,graph,val,3.0000,-3.2290,3,3
global,aging+sfreq+idle+dirty+refaults+rdist,K+K+,6,kv,heldout,1.0592,-0.1436,5,0
global,aging+sfreq+idle+dirty+refaults+rdist,K+K+,6,kv,test,1.0845,-0.2104,6,0
global,aging+sfreq+idle+dirty+refaults+rdist,K+K+,6,kv,val,1.0824,-0.2093,6,0
global,aging+sfreq+idle+dirty+refaults+rdist,K+K+,6,matmul,heldout,1.2043,-1.2508,2,0
global,aging+sfreq+idle+dirty+refaults+rdist,K+K+,6,sort,heldout,0.9505,0.6043,3,0
global,aging+sfreq+idle+dirty+refaults+rdist,K+K+,6,sort,test,0.9511,0.4705,2,0
global,aging+sfreq+idle+dirty+refaults+rdist,K+K+,6,sort,val,0.9583,0.4434,2,0
global,aging+sfreq+idle+rdist,K+K+,4,btree,heldout,1.2193,-0.5876,5,0
global,aging+sfreq+idle+rdist,K+K+,4,btree,test,1.5107,-1.1429,4,0
global,aging+sfreq+idle+rdist,K+K+,4,btree,val,1.4898,-1.1197,4,0
global,aging+sfreq+idle+rdist,K+K+,4,graph,heldout,2.3513,-2.1693,3,0
global,aging+sfreq+idle+rdist,K+K+,4,graph,test,3.0000,-3.2280,3,3
global,aging+sfreq+idle+rdist,K+K+,4,graph,val,3.0000,-3.2290,3,3
global,aging+sfreq+idle+rdist,K+K+,4,kv,heldout,1.3758,-0.9115,5,0
global,aging+sfreq+idle+rdist,K+K+,4,kv,test,1.3592,-0.8496,6,0
global,aging+sfreq+idle+rdist,K+K+,4,kv,val,1.3218,-0.7649,6,0
global,aging+sfreq+idle+rdist,K+K+,4,matmul,heldout,0.9972,0.0133,2,0
global,aging+sfreq+idle+rdist,K+K+,4,sort,heldout,0.9440,0.6839,3,0
global,aging+sfreq+idle+rdist,K+K+,4,sort,test,0.9411,0.5697,2,0
global,aging+sfreq+idle+rdist,K+K+,4,sort,val,0.9444,0.5764,2,0
global,aging+sfreq+idle+refaults,K+K+,4,btree,heldout,0.8552,0.3879,5,0
global,aging+sfreq+idle+refaults,K+K+,4,btree,test,0.8739,0.2766,4,0
global,aging+sfreq+idle+refaults,K+K+,4,btree,val,0.8797,0.2647,4,0
global,aging+sfreq+idle+refaults,K+K+,4,graph,heldout,1.7007,-1.1248,3,0
global,aging+sfreq+idle+refaults,K+K+,4,graph,test,3.0000,-3.2280,3,3
global,aging+sfreq+idle+refaults,K+K+,4,graph,val,3.0000,-3.2290,3,3
global,aging+sfreq+idle+refaults,K+K+,4,kv,heldout,1.0380,-0.0922,5,0
global,aging+sfreq+idle+refaults,K+K+,4,kv,test,1.0638,-0.1579,6,0
global,aging+sfreq+idle+refaults,K+K+,4,kv,val,1.0578,-0.1473,6,0
global,aging+sfreq+idle+refaults,K+K+,4,matmul,heldout,1.1712,-1.0340,2,0
global,aging+sfreq+idle+refaults,K+K+,4,sort,heldout,0.9810,0.2323,3,0
global,aging+sfreq+idle+refaults,K+K+,4,sort,test,0.9641,0.2750,2,0
global,aging+sfreq+idle+refaults,K+K+,4,sort,val,0.9742,0.2236,2,0
global,aging+sfreq+idle+refaults+rdist,K+K+,5,btree,heldout,0.8602,0.3744,5,0
global,aging+sfreq+idle+refaults+rdist,K+K+,5,btree,test,0.8808,0.2618,4,0
global,aging+sfreq+idle+refaults+rdist,K+K+,5,btree,val,0.8885,0.2449,4,0
global,aging+sfreq+idle+refaults+rdist,K+K+,5,graph,heldout,2.3210,-2.1208,3,0
global,aging+sfreq+idle+refaults+rdist,K+K+,5,graph,test,3.0000,-3.2280,3,3
global,aging+sfreq+idle+refaults+rdist,K+K+,5,graph,val,3.0000,-3.2290,3,3
global,aging+sfreq+idle+refaults+rdist,K+K+,5,kv,heldout,1.0592,-0.1436,5,0
global,aging+sfreq+idle+refaults+rdist,K+K+,5,kv,test,1.0878,-0.2180,6,0
global,aging+sfreq+idle+refaults+rdist,K+K+,5,kv,val,1.0778,-0.1985,6,0
global,aging+sfreq+idle+refaults+rdist,K+K+,5,matmul,heldout,1.1665,-0.9888,2,0
global,aging+sfreq+idle+refaults+rdist,K+K+,5,sort,heldout,0.9509,0.6000,3,0
global,aging+sfreq+idle+refaults+rdist,K+K+,5,sort,test,0.9511,0.4656,2,0
global,aging+sfreq+idle+refaults+rdist,K+K+,5,sort,val,0.9560,0.4629,2,0
global,aging+sfreq+rdist,K+K+,3,btree,heldout,1.1329,-0.3563,5,0
global,aging+sfreq+rdist,K+K+,3,btree,test,1.3481,-0.7766,4,0
global,aging+sfreq+rdist,K+K+,3,btree,val,1.3329,-0.7494,4,0
global,aging+sfreq+rdist,K+K+,3,graph,heldout,1.5615,-0.9016,3,0
global,aging+sfreq+rdist,K+K+,3,graph,test,3.0000,-3.2280,3,3
global,aging+sfreq+rdist,K+K+,3,graph,val,3.0000,-3.2290,3,3
global,aging+sfreq+rdist,K+K+,3,kv,heldout,1.3360,-0.8163,5,0
global,aging+sfreq+rdist,K+K+,3,kv,test,1.2711,-0.6373,6,0
global,aging+sfreq+rdist,K+K+,3,kv,val,1.3017,-0.7116,6,0
global,aging+sfreq+rdist,K+K+,3,matmul,heldout,0.9972,0.0133,2,0
global,aging+sfreq+rdist,K+K+,3,sort,heldout,0.9444,0.6796,3,0
global,aging+sfreq+rdist,K+K+,3,sort,test,0.9403,0.5754,2,0
global,aging+sfreq+rdist,K+K+,3,sort,val,0.9436,0.5829,2,0
global,aging+sfreq+refaults,K+K+,3,btree,heldout,0.8580,0.3804,5,0
global,aging+sfreq+refaults,K+K+,3,btree,test,0.8795,0.2642,4,0
global,aging+sfreq+refaults,K+K+,3,btree,val,0.8850,0.2526,4,0
global,aging+sfreq+refaults,K+K+,3,graph,heldout,1.8267,-1.3272,3,0
global,aging+sfreq+refaults,K+K+,3,graph,test,3.0000,-3.2280,3,3
global,aging+sfreq+refaults,K+K+,3,graph,val,3.0000,-3.2290,3,3
global,aging+sfreq+refaults,K+K+,3,kv,heldout,1.0394,-0.0957,5,0
global,aging+sfreq+refaults,K+K+,3,kv,test,1.0698,-0.1719,6,0
global,aging+sfreq+refaults,K+K+,3,kv,val,1.0633,-0.1596,6,0
global,aging+sfreq+refaults,K+K+,3,matmul,heldout,1.1768,-1.0713,2,0
global,aging+sfreq+refaults,K+K+,3,sort,heldout,0.9747,0.3097,3,0
global,aging+sfreq+refaults,K+K+,3,sort,test,0.9630,0.2910,2,0
global,aging+sfreq+refaults,K+K+,3,sort,val,0.9727,0.2446,2,0
global,aging+sfreq+refaults+rdist,K+K+,4,btree,heldout,0.8580,0.3804,5,0
global,aging+sfreq+refaults+rdist,K+K+,4,btree,test,0.8805,0.2621,4,0
global,aging+sfreq+refaults+rdist,K+K+,4,btree,val,0.8848,0.2532,4,0
global,aging+sfreq+refaults+rdist,K+K+,4,graph,heldout,2.0214,-1.6405,3,0
global,aging+sfreq+refaults+rdist,K+K+,4,graph,test,3.0000,-3.2280,3,3
global,aging+sfreq+refaults+rdist,K+K+,4,graph,val,3.0000,-3.2290,3,3
global,aging+sfreq+refaults+rdist,K+K+,4,kv,heldout,1.0487,-0.1180,5,0
global,aging+sfreq+refaults+rdist,K+K+,4,kv,test,1.0633,-0.1558,6,0
global,aging+sfreq+refaults+rdist,K+K+,4,kv,val,1.0565,-0.1426,6,0
global,aging+sfreq+refaults+rdist,K+K+,4,matmul,heldout,1.1422,-0.8305,2,0
global,aging+sfreq+refaults+rdist,K+K+,4,sort,heldout,0.9530,0.5742,3,0
global,aging+sfreq+refaults+rdist,K+K+,4,sort,test,0.9523,0.4448,2,0
global,aging+sfreq+refaults+rdist,K+K+,4,sort,val,0.9568,0.4524,2,0
global,dirty,K,1,btree,heldout,1.0342,-0.0917,5,0
global,dirty,K,1,btree,test,1.0446,-0.1165,4,0
global,dirty,K,1,btree,val,1.0474,-0.1221,4,0
global,dirty,K,1,graph,heldout,1.5477,-0.8791,3,0
global,dirty,K,1,graph,test,3.0000,-3.2280,3,3
global,dirty,K,1,graph,val,3.0000,-3.2290,3,3
global,dirty,K,1,kv,heldout,1.1744,-0.4228,5,0
global,dirty,K,1,kv,test,1.7381,-1.8141,6,0
global,dirty,K,1,kv,val,1.7338,-1.8171,6,0
global,dirty,K,1,matmul,heldout,1.4077,-2.9885,2,0
global,dirty,K,1,sort,heldout,1.0005,-0.0065,3,0
global,dirty,K,1,sort,test,0.9830,0.1318,2,0
global,dirty,K,1,sort,val,0.9789,0.1846,2,0
global,dirty+rdist,K+K+,2,btree,heldout,1.7136,-1.9135,5,0
global,dirty+rdist,K+K+,2,btree,test,2.6153,-3.6138,4,1
global,dirty+rdist,K+K+,2,btree,val,2.6142,-3.6278,4,1
global,dirty+rdist,K+K+,2,graph,heldout,3.0000,-3.2102,3,3
global,dirty+rdist,K+K+,2,graph,test,3.0000,-3.2280,3,3
global,dirty+rdist,K+K+,2,graph,val,3.0000,-3.2290,3,3
global,dirty+rdist,K+K+,2,kv,heldout,2.8256,-4.4278,5,0
global,dirty+rdist,K+K+,2,kv,test,2.6038,-3.9709,6,2
global,dirty+rdist,K+K+,2,kv,val,2.6105,-4.0056,6,2
global,dirty+rdist,K+K+,2,matmul,heldout,1.1649,-1.3225,2,0
global,dirty+rdist,K+K+,2,sort,heldout,1.2879,-3.5183,3,0
global,dirty+rdist,K+K+,2,sort,test,1.2155,-2.3527,2,0
global,dirty+rdist,K+K+,2,sort,val,1.2162,-2.3573,2,0
global,dirty+refaults,K+K+,2,btree,heldout,0.8960,0.2785,5,0
global,dirty+refaults,K+K+,2,btree,test,0.9079,0.2024,4,0
global,dirty+refaults,K+K+,2,btree,val,0.9113,0.1955,4,0
global,dirty+refaults,K+K+,2,graph,heldout,0.5620,0.7031,3,0
global,dirty+refaults,K+K+,2,graph,test,0.9823,-0.0097,3,0
global,dirty+refaults,K+K+,2,graph,val,0.9898,-0.0247,3,0
global,dirty+refaults,K+K+,2,kv,heldout,0.9522,0.1159,5,0
global,dirty+refaults,K+K+,2,kv,test,0.9971,-0.0085,6,0
global,dirty+refaults,K+K+,2,kv,val,0.9945,-0.0030,6,0
global,dirty+refaults,K+K+,2,matmul,heldout,1.4691,-3.3161,2,0
global,dirty+refaults,K+K+,2,sort,heldout,1.3588,-4.3849,3,0
global,dirty+refaults,K+K+,2,sort,test,1.2056,-2.1467,2,0
global,dirty+refaults,K+K+,2,sort,val,1.2087,-2.2344,2,0
global,dirty+refaults+rdist,K+K+,3,btree,heldout,0.9152,0.2271,5,0
global,dirty+refaults+rdist,K+K+,3,btree,test,0.9046,0.2103,4,0
global,dirty+refaults+rdist,K+K+,3,btree,val,0.9118,0.1953,4,0
global,dirty+refaults+rdist,K+K+,3,graph,heldout,0.5519,0.7192,3,0
global,dirty+refaults+rdist,K+K+,3,graph,test,1.3915,-0.6903,3,0
global,dirty+refaults+rdist,K+K+,3,graph,val,1.3637,-0.6586,3,0
global,dirty+refaults+rdist,K+K+,3,kv,heldout,1.0856,-0.2077,5,0
global,dirty+refaults+rdist,K+K+,3,kv,test,1.0836,-0.2007,6,0
global,dirty+refaults+rdist,K+K+,3,kv,val,1.0824,-0.2003,6,0
global,dirty+refaults+rdist,K+K+,3,matmul,heldout,1.1129,-0.8293,2,0
global,dirty+refaults+rdist,K+K+,3,sort,heldout,1.3196,-3.9054,3,0
global,dirty+refaults+rdist,K+K+,3,sort,test,1.1992,-2.0905,2,0
global,dirty+refaults+rdist,K+K+,3,sort,val,1.2119,-2.2725,2,0
global,freq,F,1,btree,heldout,0.8570,0.3830,5,0
global,freq,F,1,btree,test,0.9152,0.1812,4,0
global,freq,F,1,btree,val,0.9215,0.1679,4,0
global,freq,F,1,graph,heldout,0.7244,0.4424,3,0
global,freq,F,1,graph,test,3.0000,-3.2280,3,3
global,freq,F,1,graph,val,3.0000,-3.2290,3,3
global,freq,F,1,kv,heldout,1.0123,-0.0297,5,0
global,freq,F,1,kv,test,1.0760,-0.2008,6,0
global,freq,F,1,kv,val,1.0747,-0.1992,6,0
global,freq,F,1,matmul,heldout,1.5642,-4.1313,2,0
global,freq,F,1,sort,heldout,1.2883,-3.5226,3,0
global,freq,F,1,sort,test,1.2041,-2.3354,2,0
global,freq,F,1,sort,val,1.2106,-2.3833,2,0
global,freq+ref+aging+sfreq+idle+age+dirty,F+K,7,btree,heldout,1.0080,-0.0215,5,0
global,freq+ref+aging+sfreq+idle+age+dirty,F+K,7,btree,test,1.1670,-0.3797,4,0
global,freq+ref+aging+sfreq+idle+age+dirty,F+K,7,btree,val,1.1737,-0.3973,4,0
global,freq+ref+aging+sfreq+idle+age+dirty,F+K,7,graph,heldout,0.5239,0.7642,3,0
global,freq+ref+aging+sfreq+idle+age+dirty,F+K,7,graph,test,0.8869,0.0382,3,0
global,freq+ref+aging+sfreq+idle+age+dirty,F+K,7,graph,val,0.8739,0.0789,3,0
global,freq+ref+aging+sfreq+idle+age+dirty,F+K,7,kv,heldout,1.1496,-0.3639,5,0
global,freq+ref+aging+sfreq+idle+age+dirty,F+K,7,kv,test,1.2076,-0.4910,6,0
global,freq+ref+aging+sfreq+idle+age+dirty,F+K,7,kv,val,1.1819,-0.4292,6,0
global,freq+ref+aging+sfreq+idle+age+dirty,F+K,7,matmul,heldout,0.9990,0.0072,2,0
global,freq+ref+aging+sfreq+idle+age+dirty,F+K,7,sort,heldout,0.9629,0.4538,3,0
global,freq+ref+aging+sfreq+idle+age+dirty,F+K,7,sort,test,0.9592,0.3393,2,0
global,freq+ref+aging+sfreq+idle+age+dirty,F+K,7,sort,val,0.9692,0.2920,2,0
global,freq+ref+aging+sfreq+idle+age+dirty+refaults+rdist,F+K,9,btree,heldout,0.9013,0.2642,5,0
global,freq+ref+aging+sfreq+idle+age+dirty+refaults+rdist,F+K,9,btree,test,0.8979,0.2210,4,0
global,freq+ref+aging+sfreq+idle+age+dirty+refaults+rdist,F+K,9,btree,val,0.8999,0.2167,4,0
global,freq+ref+aging+sfreq+idle+age+dirty+refaults+rdist,F+K,9,graph,heldout,0.5483,0.7251,3,0
global,freq+ref+aging+sfreq+idle+age+dirty+refaults+rdist,F+K,9,graph,test,3.0000,-3.2280,3,3
global,freq+ref+aging+sfreq+idle+age+dirty+refaults+rdist,F+K,9,graph,val,3.0000,-3.2290,3,3
global,freq+ref+aging+sfreq+idle+age+dirty+refaults+rdist,F+K,9,kv,heldout,1.0830,-0.2012,5,0
global,freq+ref+aging+sfreq+idle+age+dirty+refaults+rdist,F+K,9,kv,test,1.0928,-0.2211,6,0
global,freq+ref+aging+sfreq+idle+age+dirty+refaults+rdist,F+K,9,kv,val,1.0967,-0.2312,6,0
global,freq+ref+aging+sfreq+idle+age+dirty+refaults+rdist,F+K,9,matmul,heldout,1.0008,-0.0063,2,0
global,freq+ref+aging+sfreq+idle+age+dirty+refaults+rdist,F+K,9,sort,heldout,0.9539,0.5634,3,0
global,freq+ref+aging+sfreq+idle+age+dirty+refaults+rdist,F+K,9,sort,test,0.9553,0.4120,2,0
global,freq+ref+aging+sfreq+idle+age+dirty+refaults+rdist,F+K,9,sort,val,0.9634,0.3750,2,0
global,freq+sd,F,2,btree,heldout,0.9478,0.1398,5,0
global,freq+sd,F,2,btree,test,0.9063,0.2082,4,0
global,freq+sd,F,2,btree,val,0.9081,0.2052,4,0
global,freq+sd,F,2,graph,heldout,0.6659,0.5362,3,0
global,freq+sd,F,2,graph,test,0.7842,0.3300,3,0
global,freq+sd,F,2,graph,val,0.7847,0.3289,3,0
global,freq+sd,F,2,kv,heldout,0.9228,0.1872,5,0
global,freq+sd,F,2,kv,test,0.9228,0.1722,6,0
global,freq+sd,F,2,kv,val,0.9269,0.1627,6,0
global,freq+sd,F,2,matmul,heldout,1.0253,-0.1882,2,0
global,freq+sd,F,2,sort,heldout,1.0000,0.0000,3,0
global,freq+sd,F,2,sort,test,0.9536,0.3501,2,0
global,freq+sd,F,2,sort,val,0.9601,0.3405,2,0
global,freq+sd+ref+aging+sfreq+idle+age+dirty,F+K,8,btree,heldout,1.2031,-0.5444,5,0
global,freq+sd+ref+aging+sfreq+idle+age+dirty,F+K,8,btree,test,1.5079,-1.1403,4,0
global,freq+sd+ref+aging+sfreq+idle+age+dirty,F+K,8,btree,val,1.5049,-1.1454,4,0
global,freq+sd+ref+aging+sfreq+idle+age+dirty,F+K,8,graph,heldout,0.5095,0.7872,3,0
global,freq+sd+ref+aging+sfreq+idle+age+dirty,F+K,8,graph,test,3.0000,-3.2280,3,3
global,freq+sd+ref+aging+sfreq+idle+age+dirty,F+K,8,graph,val,3.0000,-3.2290,3,3
global,freq+sd+ref+aging+sfreq+idle+age+dirty,F+K,8,kv,heldout,1.2866,-0.6967,5,0
global,freq+sd+ref+aging+sfreq+idle+age+dirty,F+K,8,kv,test,1.7318,-2.0991,6,2
global,freq+sd+ref+aging+sfreq+idle+age+dirty,F+K,8,kv,val,1.5861,-1.5587,6,0
global,freq+sd+ref+aging+sfreq+idle+age+dirty,F+K,8,matmul,heldout,1.0008,-0.0063,2,0
global,freq+sd+ref+aging+sfreq+idle+age+dirty,F+K,8,sort,heldout,0.9676,0.3957,3,0
global,freq+sd+ref+aging+sfreq+idle+age+dirty,F+K,8,sort,test,0.9487,0.4193,2,0
global,freq+sd+ref+aging+sfreq+idle+age+dirty,F+K,8,sort,val,0.9547,0.4141,2,0
global,freq+sd+ref+aging+sfreq+idle+age+dirty+refaults+rdist,F+K,10,btree,heldout,0.9234,0.2051,5,0
global,freq+sd+ref+aging+sfreq+idle+age+dirty+refaults+rdist,F+K,10,btree,test,0.9827,0.0328,4,0
global,freq+sd+ref+aging+sfreq+idle+age+dirty+refaults+rdist,F+K,10,btree,val,0.9765,0.0469,4,0
global,freq+sd+ref+aging+sfreq+idle+age+dirty+refaults+rdist,F+K,10,graph,heldout,3.0000,-3.2102,3,3
global,freq+sd+ref+aging+sfreq+idle+age+dirty+refaults+rdist,F+K,10,graph,test,3.0000,-3.2280,3,3
global,freq+sd+ref+aging+sfreq+idle+age+dirty+refaults+rdist,F+K,10,graph,val,3.0000,-3.2290,3,3
global,freq+sd+ref+aging+sfreq+idle+age+dirty+refaults+rdist,F+K,10,kv,heldout,1.1560,-0.3784,5,0
global,freq+sd+ref+aging+sfreq+idle+age+dirty+refaults+rdist,F+K,10,kv,test,1.1650,-0.3873,6,0
global,freq+sd+ref+aging+sfreq+idle+age+dirty+refaults+rdist,F+K,10,kv,val,1.1479,-0.3513,6,0
global,freq+sd+ref+aging+sfreq+idle+age+dirty+refaults+rdist,F+K,10,matmul,heldout,0.9990,0.0033,2,0
global,freq+sd+ref+aging+sfreq+idle+age+dirty+refaults+rdist,F+K,10,sort,heldout,0.9542,0.5591,3,0
global,freq+sd+ref+aging+sfreq+idle+age+dirty+refaults+rdist,F+K,10,sort,test,0.9427,0.5191,2,0
global,freq+sd+ref+aging+sfreq+idle+age+dirty+refaults+rdist,F+K,10,sort,val,0.9498,0.5027,2,0
global,freq+sd+wr,F,3,btree,heldout,0.9467,0.1427,5,0
global,freq+sd+wr,F,3,btree,test,0.9041,0.2131,4,0
global,freq+sd+wr,F,3,btree,val,0.9057,0.2106,4,0
global,freq+sd+wr,F,3,graph,heldout,0.6705,0.5288,3,0
global,freq+sd+wr,F,3,graph,test,0.7869,0.3293,3,0
global,freq+sd+wr,F,3,graph,val,0.7879,0.3274,3,0
global,freq+sd+wr,F,3,kv,heldout,0.9228,0.1872,5,0
global,freq+sd+wr,F,3,kv,test,0.9231,0.1716,6,0
global,freq+sd+wr,F,3,kv,val,0.9271,0.1623,6,0
global,freq+sd+wr,F,3,matmul,heldout,1.0270,-0.2018,2,0
global,freq+sd+wr,F,3,sort,heldout,1.0000,0.0000,3,0
global,freq+sd+wr,F,3,sort,test,0.9536,0.3501,2,0
global,freq+sd+wr,F,3,sort,val,0.9601,0.3405,2,0
global,freq+sd+wr+ref+aging+sfreq+idle+age+dirty,F+K,9,btree,heldout,1.2297,-0.6157,5,0
global,freq+sd+wr+ref+aging+sfreq+idle+age+dirty,F+K,9,btree,test,1.5153,-1.1611,4,0
global,freq+sd+wr+ref+aging+sfreq+idle+age+dirty,F+K,9,btree,val,1.5075,-1.1498,4,0
global,freq+sd+wr+ref+aging+sfreq+idle+age+dirty,F+K,9,graph,heldout,0.5059,0.7930,3,0
global,freq+sd+wr+ref+aging+sfreq+idle+age+dirty,F+K,9,graph,test,3.0000,-3.2280,3,3
global,freq+sd+wr+ref+aging+sfreq+idle+age+dirty,F+K,9,graph,val,3.0000,-3.2290,3,3
global,freq+sd+wr+ref+aging+sfreq+idle+age+dirty,F+K,9,kv,heldout,1.2925,-0.7108,5,0
global,freq+sd+wr+ref+aging+sfreq+idle+age+dirty,F+K,9,kv,test,1.6533,-1.8920,6,1
global,freq+sd+wr+ref+aging+sfreq+idle+age+dirty,F+K,9,kv,val,1.6596,-1.9702,6,2
global,freq+sd+wr+ref+aging+sfreq+idle+age+dirty,F+K,9,matmul,heldout,1.0008,-0.0063,2,0
global,freq+sd+wr+ref+aging+sfreq+idle+age+dirty,F+K,9,sort,heldout,0.9655,0.4215,3,0
global,freq+sd+wr+ref+aging+sfreq+idle+age+dirty,F+K,9,sort,test,0.9487,0.4193,2,0
global,freq+sd+wr+ref+aging+sfreq+idle+age+dirty,F+K,9,sort,val,0.9547,0.4141,2,0
global,freq+sd+wr+ref+aging+sfreq+idle+age+dirty+refaults+rdist,F+K,11,btree,heldout,0.9089,0.2441,5,0
global,freq+sd+wr+ref+aging+sfreq+idle+age+dirty+refaults+rdist,F+K,11,btree,test,0.9594,0.0863,4,0
global,freq+sd+wr+ref+aging+sfreq+idle+age+dirty+refaults+rdist,F+K,11,btree,val,0.9670,0.0703,4,0
global,freq+sd+wr+ref+aging+sfreq+idle+age+dirty+refaults+rdist,F+K,11,graph,heldout,3.0000,-3.2102,3,3
global,freq+sd+wr+ref+aging+sfreq+idle+age+dirty+refaults+rdist,F+K,11,graph,test,3.0000,-3.2280,3,3
global,freq+sd+wr+ref+aging+sfreq+idle+age+dirty+refaults+rdist,F+K,11,graph,val,3.0000,-3.2290,3,3
global,freq+sd+wr+ref+aging+sfreq+idle+age+dirty+refaults+rdist,F+K,11,kv,heldout,1.1566,-0.3799,5,0
global,freq+sd+wr+ref+aging+sfreq+idle+age+dirty+refaults+rdist,F+K,11,kv,test,1.1716,-0.4025,6,0
global,freq+sd+wr+ref+aging+sfreq+idle+age+dirty+refaults+rdist,F+K,11,kv,val,1.1490,-0.3557,6,0
global,freq+sd+wr+ref+aging+sfreq+idle+age+dirty+refaults+rdist,F+K,11,matmul,heldout,0.9990,0.0033,2,0
global,freq+sd+wr+ref+aging+sfreq+idle+age+dirty+refaults+rdist,F+K,11,sort,heldout,0.9530,0.5742,3,0
global,freq+sd+wr+ref+aging+sfreq+idle+age+dirty+refaults+rdist,F+K,11,sort,test,0.9427,0.5240,2,0
global,freq+sd+wr+ref+aging+sfreq+idle+age+dirty+refaults+rdist,F+K,11,sort,val,0.9495,0.5080,2,0
global,freq+wr,F,2,btree,heldout,0.8418,0.4238,5,0
global,freq+wr,F,2,btree,test,0.8866,0.2434,4,0
global,freq+wr,F,2,btree,val,0.8934,0.2291,4,0
global,freq+wr,F,2,graph,heldout,0.7446,0.4100,3,0
global,freq+wr,F,2,graph,test,3.0000,-3.2280,3,3
global,freq+wr,F,2,graph,val,3.0000,-3.2290,3,3
global,freq+wr,F,2,kv,heldout,1.0123,-0.0300,5,0
global,freq+wr,F,2,kv,test,1.0838,-0.2215,6,0
global,freq+wr,F,2,kv,val,1.0829,-0.2207,6,0
global,freq+wr,F,2,matmul,heldout,1.5630,-4.1205,2,0
global,freq+wr,F,2,sort,heldout,1.2976,-3.6366,3,0
global,freq+wr,F,2,sort,test,1.2134,-2.4190,2,0
global,freq+wr,F,2,sort,val,1.2086,-2.3690,2,0
global,freq+wr+ref+aging+sfreq+idle+age+dirty,F+K,8,btree,heldout,1.0101,-0.0270,5,0
global,freq+wr+ref+aging+sfreq+idle+age+dirty,F+K,8,btree,test,1.1648,-0.3744,4,0
global,freq+wr+ref+aging+sfreq+idle+age+dirty,F+K,8,btree,val,1.1791,-0.4104,4,0
global,freq+wr+ref+aging+sfreq+idle+age+dirty,F+K,8,graph,heldout,0.5229,0.7657,3,0
global,freq+wr+ref+aging+sfreq+idle+age+dirty,F+K,8,graph,test,0.8707,0.0860,3,0
global,freq+wr+ref+aging+sfreq+idle+age+dirty,F+K,8,graph,val,0.8916,0.0256,3,0
global,freq+wr+ref+aging+sfreq+idle+age+dirty,F+K,8,kv,heldout,1.1524,-0.3705,5,0
global,freq+wr+ref+aging+sfreq+idle+age+dirty,F+K,8,kv,test,1.2050,-0.4859,6,0
global,freq+wr+ref+aging+sfreq+idle+age+dirty,F+K,8,kv,val,1.1792,-0.4238,6,0
global,freq+wr+ref+aging+sfreq+idle+age+dirty,F+K,8,matmul,heldout,0.9990,0.0072,2,0
global,freq+wr+ref+aging+sfreq+idle+age+dirty,F+K,8,sort,heldout,0.9629,0.4538,3,0
global,freq+wr+ref+aging+sfreq+idle+age+dirty,F+K,8,sort,test,0.9592,0.3393,2,0
global,freq+wr+ref+aging+sfreq+idle+age+dirty,F+K,8,sort,val,0.9692,0.2920,2,0
global,freq+wr+ref+aging+sfreq+idle+age+dirty+refaults+rdist,F+K,10,btree,heldout,0.8882,0.2993,5,0
global,freq+wr+ref+aging+sfreq+idle+age+dirty+refaults+rdist,F+K,10,btree,test,0.8742,0.2737,4,0
global,freq+wr+ref+aging+sfreq+idle+age+dirty+refaults+rdist,F+K,10,btree,val,0.8833,0.2524,4,0
global,freq+wr+ref+aging+sfreq+idle+age+dirty+refaults+rdist,F+K,10,graph,heldout,0.5756,0.6812,3,0
global,freq+wr+ref+aging+sfreq+idle+age+dirty+refaults+rdist,F+K,10,graph,test,3.0000,-3.2280,3,3
global,freq+wr+ref+aging+sfreq+idle+age+dirty+refaults+rdist,F+K,10,graph,val,3.0000,-3.2290,3,3
global,freq+wr+ref+aging+sfreq+idle+age+dirty+refaults+rdist,F+K,10,kv,heldout,1.0928,-0.2252,5,0
global,freq+wr+ref+aging+sfreq+idle+age+dirty+refaults+rdist,F+K,10,kv,test,1.0920,-0.2194,6,0
global,freq+wr+ref+aging+sfreq+idle+age+dirty+refaults+rdist,F+K,10,kv,val,1.1009,-0.2413,6,0
global,freq+wr+ref+aging+sfreq+idle+age+dirty+refaults+rdist,F+K,10,matmul,heldout,1.0008,-0.0063,2,0
global,freq+wr+ref+aging+sfreq+idle+age+dirty+refaults+rdist,F+K,10,sort,heldout,0.9546,0.5548,3,0
global,freq+wr+ref+aging+sfreq+idle+age+dirty+refaults+rdist,F+K,10,sort,test,0.9557,0.4067,2,0
global,freq+wr+ref+aging+sfreq+idle+age+dirty+refaults+rdist,F+K,10,sort,val,0.9618,0.3960,2,0
global,idle,K,1,btree,heldout,0.9952,0.0129,5,0
global,idle,K,1,btree,test,0.9993,0.0014,4,0
global,idle,K,1,btree,val,0.9998,0.0004,4,0
global,idle,K,1,graph,heldout,0.9993,0.0012,3,0
global,idle,K,1,graph,test,0.9772,0.0378,3,0
global,idle,K,1,graph,val,0.9752,0.0404,3,0
global,idle,K,1,kv,heldout,0.9854,0.0353,5,0
global,idle,K,1,kv,test,0.9895,0.0248,6,0
global,idle,K,1,kv,val,0.9899,0.0239,6,0
global,idle,K,1,matmul,heldout,0.9990,0.0072,2,0
global,idle,K,1,sort,heldout,1.0000,0.0000,3,0
global,idle,K,1,sort,test,0.9622,0.2869,2,0
global,idle,K,1,sort,val,0.9648,0.3015,2,0
global,idle+age,K,2,btree,heldout,0.9867,0.0356,5,0
global,idle+age,K,2,btree,test,0.9873,0.0280,4,0
global,idle+age,K,2,btree,val,0.9888,0.0250,4,0
global,idle+age,K,2,graph,heldout,0.9638,0.0581,3,0
global,idle+age,K,2,graph,test,0.8954,0.1725,3,0
global,idle+age,K,2,graph,val,0.8938,0.1749,3,0
global,idle+age,K,2,kv,heldout,0.9688,0.0757,5,0
global,idle+age,K,2,kv,test,0.9695,0.0686,6,0
global,idle+age,K,2,kv,val,0.9691,0.0694,6,0
global,idle+age,K,2,matmul,heldout,0.9990,0.0072,2,0
global,idle+age,K,2,sort,heldout,1.0000,0.0000,3,0
global,idle+age,K,2,sort,test,0.9868,0.1030,2,0
global,idle+age,K,2,sort,val,0.9958,0.0418,2,0
global,idle+age+dirty,K,3,btree,heldout,0.9786,0.0573,5,0
global,idle+age+dirty,K,3,btree,test,0.9615,0.0845,4,0
global,idle+age+dirty,K,3,btree,val,0.9635,0.0808,4,0
global,idle+age+dirty,K,3,graph,heldout,1.0047,-0.0075,3,0
global,idle+age+dirty,K,3,graph,test,0.9896,0.0221,3,0
global,idle+age+dirty,K,3,graph,val,0.9906,0.0207,3,0
global,idle+age+dirty,K,3,kv,heldout,0.9667,0.0808,5,0
global,idle+age+dirty,K,3,kv,test,0.9810,0.0430,6,0
global,idle+age+dirty,K,3,kv,val,0.9803,0.0447,6,0
global,idle+age+dirty,K,3,matmul,heldout,0.9990,0.0072,2,0
global,idle+age+dirty,K,3,sort,heldout,1.0000,0.0000,3,0
global,idle+age+dirty,K,3,sort,test,0.9860,0.1088,2,0
global,idle+age+dirty,K,3,sort,val,0.9973,0.0288,2,0
global,idle+age+dirty+rdist,K+K+,4,btree,heldout,0.8626,0.3680,5,0
global,idle+age+dirty+rdist,K+K+,4,btree,test,0.8079,0.4265,4,0
global,idle+age+dirty+rdist,K+K+,4,btree,val,0.8122,0.4185,4,0
global,idle+age+dirty+rdist,K+K+,4,graph,heldout,0.5717,0.6875,3,0
global,idle+age+dirty+rdist,K+K+,4,graph,test,0.8096,0.2704,3,0
global,idle+age+dirty+rdist,K+K+,4,graph,val,0.8093,0.2724,3,0
global,idle+age+dirty+rdist,K+K+,4,kv,heldout,0.9437,0.1364,5,0
global,idle+age+dirty+rdist,K+K+,4,kv,test,0.9330,0.1436,6,0
global,idle+age+dirty+rdist,K+K+,4,kv,val,0.9335,0.1406,6,0
global,idle+age+dirty+rdist,K+K+,4,matmul,heldout,0.9753,0.1171,2,0
global,idle+age+dirty+rdist,K+K+,4,sort,heldout,0.9611,0.4753,3,0
global,idle+age+dirty+rdist,K+K+,4,sort,test,1.0206,-0.0986,2,0
global,idle+age+dirty+rdist,K+K+,4,sort,val,1.0303,-0.2094,2,0
global,idle+age+dirty+refaults,K+K+,4,btree,heldout,0.9138,0.2308,5,0
global,idle+age+dirty+refaults,K+K+,4,btree,test,0.8589,0.3130,4,0
global,idle+age+dirty+refaults,K+K+,4,btree,val,0.8615,0.3086,4,0
global,idle+age+dirty+refaults,K+K+,4,graph,heldout,0.4959,0.8091,3,0
global,idle+age+dirty+refaults,K+K+,4,graph,test,0.7177,0.4540,3,0
global,idle+age+dirty+refaults,K+K+,4,graph,val,0.7126,0.4660,3,0
global,idle+age+dirty+refaults,K+K+,4,kv,heldout,0.8975,0.2486,5,0
global,idle+age+dirty+refaults,K+K+,4,kv,test,0.8975,0.2292,6,0
global,idle+age+dirty+refaults,K+K+,4,kv,val,0.9008,0.2206,6,0
global,idle+age+dirty+refaults,K+K+,4,matmul,heldout,1.1445,-1.0552,2,0
global,idle+age+dirty+refaults,K+K+,4,sort,heldout,1.0000,0.0000,3,0
global,idle+age+dirty+refaults,K+K+,4,sort,test,0.9845,0.1203,2,0
global,idle+age+dirty+refaults,K+K+,4,sort,val,0.9965,0.0353,2,0
global,idle+age+dirty+refaults+rdist,K+K+,5,btree,heldout,0.8625,0.3682,5,0
global,idle+age+dirty+refaults+rdist,K+K+,5,btree,test,0.8156,0.4090,4,0
global,idle+age+dirty+refaults+rdist,K+K+,5,btree,val,0.8195,0.4020,4,0
global,idle+age+dirty+refaults+rdist,K+K+,5,graph,heldout,0.4953,0.8101,3,0
global,idle+age+dirty+refaults+rdist,K+K+,5,graph,test,0.7178,0.4444,3,0
global,idle+age+dirty+refaults+rdist,K+K+,5,graph,val,0.7121,0.4578,3,0
global,idle+age+dirty+refaults+rdist,K+K+,5,kv,heldout,0.9009,0.2402,5,0
global,idle+age+dirty+refaults+rdist,K+K+,5,kv,test,0.8894,0.2470,6,0
global,idle+age+dirty+refaults+rdist,K+K+,5,kv,val,0.8871,0.2505,6,0
global,idle+age+dirty+refaults+rdist,K+K+,5,matmul,heldout,1.0814,-0.5873,2,0
global,idle+age+dirty+refaults+rdist,K+K+,5,sort,heldout,0.9849,0.1849,3,0
global,idle+age+dirty+refaults+rdist,K+K+,5,sort,test,1.0275,-0.2033,2,0
global,idle+age+dirty+refaults+rdist,K+K+,5,sort,val,1.0381,-0.3203,2,0
global,idle+age+rdist,K+K+,3,btree,heldout,0.8642,0.3636,5,0
global,idle+age+rdist,K+K+,3,btree,test,0.8158,0.4089,4,0
global,idle+age+rdist,K+K+,3,btree,val,0.8175,0.4070,4,0
global,idle+age+rdist,K+K+,3,graph,heldout,0.5159,0.7770,3,0
global,idle+age+rdist,K+K+,3,graph,test,0.6805,0.5202,3,0
global,idle+age+rdist,K+K+,3,graph,val,0.6803,0.5213,3,0
global,idle+age+rdist,K+K+,3,kv,heldout,0.9387,0.1486,5,0
global,idle+age+rdist,K+K+,3,kv,test,0.9121,0.1897,6,0
global,idle+age+rdist,K+K+,3,kv,val,0.9108,0.1926,6,0
global,idle+age+rdist,K+K+,3,matmul,heldout,0.9711,0.1495,2,0
global,idle+age+rdist,K+K+,3,sort,heldout,0.9743,0.3140,3,0
global,idle+age+rdist,K+K+,3,sort,test,1.0217,-0.1097,2,0
global,idle+age+rdist,K+K+,3,sort,val,1.0356,-0.2738,2,0
global,idle+age+refaults,K+K+,3,btree,heldout,0.9151,0.2273,5,0
global,idle+age+refaults,K+K+,3,btree,test,0.8588,0.3135,4,0
global,idle+age+refaults,K+K+,3,btree,val,0.8606,0.3107,4,0
global,idle+age+refaults,K+K+,3,graph,heldout,0.4916,0.8160,3,0
global,idle+age+refaults,K+K+,3,graph,test,0.7240,0.4394,3,0
global,idle+age+refaults,K+K+,3,graph,val,0.7189,0.4507,3,0
global,idle+age+refaults,K+K+,3,kv,heldout,0.8985,0.2461,5,0
global,idle+age+refaults,K+K+,3,kv,test,0.8942,0.2351,6,0
global,idle+age+refaults,K+K+,3,kv,val,0.8999,0.2217,6,0
global,idle+age+refaults,K+K+,3,matmul,heldout,1.1188,-0.8455,2,0
global,idle+age+refaults,K+K+,3,sort,heldout,1.0000,0.0000,3,0
global,idle+age+refaults,K+K+,3,sort,test,0.9868,0.1030,2,0
global,idle+age+refaults,K+K+,3,sort,val,0.9958,0.0418,2,0
global,idle+age+refaults+rdist,K+K+,4,btree,heldout,0.8642,0.3636,5,0
global,idle+age+refaults+rdist,K+K+,4,btree,test,0.8205,0.3972,4,0
global,idle+age+refaults+rdist,K+K+,4,btree,val,0.8243,0.3905,4,0
global,idle+age+refaults+rdist,K+K+,4,graph,heldout,0.4885,0.8209,3,0
global,idle+age+refaults+rdist,K+K+,4,graph,test,0.7409,0.3884,3,0
global,idle+age+refaults+rdist,K+K+,4,graph,val,0.7328,0.4081,3,0
global,idle+age+refaults+rdist,K+K+,4,kv,heldout,0.8929,0.2596,5,0
global,idle+age+refaults+rdist,K+K+,4,kv,test,0.8846,0.2555,6,0
global,idle+age+refaults+rdist,K+K+,4,kv,val,0.8877,0.2491,6,0
global,idle+age+refaults+rdist,K+K+,4,matmul,heldout,1.0582,-0.4038,2,0
global,idle+age+refaults+rdist,K+K+,4,sort,heldout,0.9736,0.3226,3,0
global,idle+age+refaults+rdist,K+K+,4,sort,test,1.0267,-0.1927,2,0
global,idle+age+refaults+rdist,K+K+,4,sort,val,1.0373,-0.3098,2,0
global,idle+dirty,K,2,btree,heldout,0.9912,0.0236,5,0
global,idle+dirty,K,2,btree,test,0.9845,0.0339,4,0
global,idle+dirty,K,2,btree,val,0.9864,0.0301,4,0
global,idle+dirty,K,2,graph,heldout,1.0263,-0.0422,3,0
global,idle+dirty,K,2,graph,test,1.0334,-0.0520,3,0
global,idle+dirty,K,2,graph,val,1.0328,-0.0514,3,0
global,idle+dirty,K,2,kv,heldout,0.9854,0.0353,5,0
global,idle+dirty,K,2,kv,test,0.9958,0.0100,6,0
global,idle+dirty,K,2,kv,val,0.9954,0.0108,6,0
global,idle+dirty,K,2,matmul,heldout,0.9990,0.0072,2,0
global,idle+dirty,K,2,sort,heldout,1.0000,0.0000,3,0
global,idle+dirty,K,2,sort,test,0.9676,0.2467,2,0
global,idle+dirty,K,2,sort,val,0.9664,0.2885,2,0
global,idle+dirty+rdist,K+K+,3,btree,heldout,0.8765,0.3307,5,0
global,idle+dirty+rdist,K+K+,3,btree,test,0.8221,0.3948,4,0
global,idle+dirty+rdist,K+K+,3,btree,val,0.8285,0.3821,4,0
global,idle+dirty+rdist,K+K+,3,graph,heldout,0.5902,0.6578,3,0
global,idle+dirty+rdist,K+K+,3,graph,test,0.8441,0.1878,3,0
global,idle+dirty+rdist,K+K+,3,graph,val,0.8448,0.1871,3,0
global,idle+dirty+rdist,K+K+,3,kv,heldout,0.9486,0.1245,5,0
global,idle+dirty+rdist,K+K+,3,kv,test,0.9368,0.1345,6,0
global,idle+dirty+rdist,K+K+,3,kv,val,0.9361,0.1356,6,0
global,idle+dirty+rdist,K+K+,3,matmul,heldout,0.9980,0.0069,2,0
global,idle+dirty+rdist,K+K+,3,sort,heldout,0.9599,0.4903,3,0
global,idle+dirty+rdist,K+K+,3,sort,test,0.9942,0.0989,2,0
global,idle+dirty+rdist,K+K+,3,sort,val,1.0017,0.0329,2,0
global,idle+dirty+refaults,K+K+,3,btree,heldout,0.9667,0.0892,5,0
global,idle+dirty+refaults,K+K+,3,btree,test,0.9552,0.0999,4,0
global,idle+dirty+refaults,K+K+,3,btree,val,0.9561,0.0982,4,0
global,idle+dirty+refaults,K+K+,3,graph,heldout,0.6805,0.5127,3,0
global,idle+dirty+refaults,K+K+,3,graph,test,0.7550,0.4119,3,0
global,idle+dirty+refaults,K+K+,3,graph,val,0.7551,0.4120,3,0
global,idle+dirty+refaults,K+K+,3,kv,heldout,0.9542,0.1110,5,0
global,idle+dirty+refaults,K+K+,3,kv,test,0.9513,0.1084,6,0
global,idle+dirty+refaults,K+K+,3,kv,val,0.9545,0.1012,6,0
global,idle+dirty+refaults,K+K+,3,matmul,heldout,1.1132,-0.8026,2,0
global,idle+dirty+refaults,K+K+,3,sort,heldout,1.0000,0.0000,3,0
global,idle+dirty+refaults,K+K+,3,sort,test,0.9668,0.2476,2,0
global,idle+dirty+refaults,K+K+,3,sort,val,0.9699,0.2573,2,0
global,idle+dirty+refaults+rdist,K+K+,4,btree,heldout,0.8933,0.2859,5,0
global,idle+dirty+refaults+rdist,K+K+,4,btree,test,0.8419,0.3508,4,0
global,idle+dirty+refaults+rdist,K+K+,4,btree,val,0.8461,0.3429,4,0
global,idle+dirty+refaults+rdist,K+K+,4,graph,heldout,0.4973,0.8068,3,0
global,idle+dirty+refaults+rdist,K+K+,4,graph,test,0.6593,0.5609,3,0
global,idle+dirty+refaults+rdist,K+K+,4,graph,val,0.6594,0.5611,3,0
global,idle+dirty+refaults+rdist,K+K+,4,kv,heldout,0.9000,0.2425,5,0
global,idle+dirty+refaults+rdist,K+K+,4,kv,test,0.8887,0.2472,6,0
global,idle+dirty+refaults+rdist,K+K+,4,kv,val,0.8936,0.2363,6,0
global,idle+dirty+refaults+rdist,K+K+,4,matmul,heldout,1.0368,-0.2570,2,0
global,idle+dirty+refaults+rdist,K+K+,4,sort,heldout,0.9842,0.1935,3,0
global,idle+dirty+refaults+rdist,K+K+,4,sort,test,1.0058,-0.0264,2,0
global,idle+dirty+refaults+rdist,K+K+,4,sort,val,1.0133,-0.0967,2,0
global,idle+rdist,K+K+,2,btree,heldout,0.8747,0.3357,5,0
global,idle+rdist,K+K+,2,btree,test,0.8279,0.3819,4,0
global,idle+rdist,K+K+,2,btree,val,0.8294,0.3802,4,0
global,idle+rdist,K+K+,2,graph,heldout,0.5267,0.7597,3,0
global,idle+rdist,K+K+,2,graph,test,0.6985,0.4848,3,0
global,idle+rdist,K+K+,2,graph,val,0.6984,0.4861,3,0
global,idle+rdist,K+K+,2,kv,heldout,0.9415,0.1417,5,0
global,idle+rdist,K+K+,2,kv,test,0.9163,0.1810,6,0
global,idle+rdist,K+K+,2,kv,val,0.9164,0.1805,6,0
global,idle+rdist,K+K+,2,matmul,heldout,0.9711,0.1495,2,0
global,idle+rdist,K+K+,2,sort,heldout,0.9697,0.3699,3,0
global,idle+rdist,K+K+,2,sort,test,1.0230,-0.3040,2,0
global,idle+rdist,K+K+,2,sort,val,1.0489,-0.5986,2,0
global,idle+refaults,K+K+,2,btree,heldout,0.9657,0.0918,5,0
global,idle+refaults,K+K+,2,btree,test,0.9497,0.1120,4,0
global,idle+refaults,K+K+,2,btree,val,0.9509,0.1099,4,0
global,idle+refaults,K+K+,2,graph,heldout,0.6957,0.4884,3,0
global,idle+refaults,K+K+,2,graph,test,0.7627,0.3980,3,0
global,idle+refaults,K+K+,2,graph,val,0.7637,0.3966,3,0
global,idle+refaults,K+K+,2,kv,heldout,0.9548,0.1097,5,0
global,idle+refaults,K+K+,2,kv,test,0.9556,0.0991,6,0
global,idle+refaults,K+K+,2,kv,val,0.9579,0.0939,6,0
global,idle+refaults,K+K+,2,matmul,heldout,1.1096,-0.7779,2,0
global,idle+refaults,K+K+,2,sort,heldout,1.0000,0.0000,3,0
global,idle+refaults,K+K+,2,sort,test,0.9668,0.2524,2,0
global,idle+refaults,K+K+,2,sort,val,0.9711,0.2496,2,0
global,idle+refaults+rdist,K+K+,3,btree,heldout,0.8927,0.2873,5,0
global,idle+refaults+rdist,K+K+,3,btree,test,0.8427,0.3490,4,0
global,idle+refaults+rdist,K+K+,3,btree,val,0.8477,0.3393,4,0
global,idle+refaults+rdist,K+K+,3,graph,heldout,0.4940,0.8122,3,0
global,idle+refaults+rdist,K+K+,3,graph,test,0.6621,0.5551,3,0
global,idle+refaults+rdist,K+K+,3,graph,val,0.6618,0.5562,3,0
global,idle+refaults+rdist,K+K+,3,kv,heldout,0.8991,0.2446,5,0
global,idle+refaults+rdist,K+K+,3,kv,test,0.8868,0.2517,6,0
global,idle+refaults+rdist,K+K+,3,kv,val,0.8902,0.2440,6,0
global,idle+refaults+rdist,K+K+,3,matmul,heldout,1.0356,-0.2463,2,0
global,idle+refaults+rdist,K+K+,3,sort,heldout,0.9820,0.2194,3,0
global,idle+refaults+rdist,K+K+,3,sort,test,1.0053,-0.0162,2,0
global,idle+refaults+rdist,K+K+,3,sort,val,1.0129,-0.0874,2,0
global,rdist,K+K+,1,btree,heldout,1.7136,-1.9135,5,0
global,rdist,K+K+,1,btree,test,2.6153,-3.6138,4,1
global,rdist,K+K+,1,btree,val,2.6142,-3.6278,4,1
global,rdist,K+K+,1,graph,heldout,3.0000,-3.2102,3,3
global,rdist,K+K+,1,graph,test,3.0000,-3.2280,3,3
global,rdist,K+K+,1,graph,val,3.0000,-3.2290,3,3
global,rdist,K+K+,1,kv,heldout,2.8256,-4.4278,5,0
global,rdist,K+K+,1,kv,test,2.5996,-3.9587,6,2
global,rdist,K+K+,1,kv,val,2.6002,-3.9800,6,2
global,rdist,K+K+,1,matmul,heldout,1.1348,-1.1854,2,0
global,rdist,K+K+,1,sort,heldout,1.2462,-3.0086,3,0
global,rdist,K+K+,1,sort,test,1.1890,-2.1177,2,0
global,rdist,K+K+,1,sort,val,1.1920,-2.1548,2,0
global,rec,F,1,btree,heldout,0.9949,0.0136,5,0
global,rec,F,1,btree,test,0.9985,0.0032,4,0
global,rec,F,1,btree,val,0.9990,0.0021,4,0
global,rec,F,1,graph,heldout,0.9992,0.0013,3,0
global,rec,F,1,graph,test,0.9762,0.0394,3,0
global,rec,F,1,graph,val,0.9748,0.0413,3,0
global,rec,F,1,kv,heldout,0.9828,0.0417,5,0
global,rec,F,1,kv,test,0.9856,0.0333,6,0
global,rec,F,1,kv,val,0.9849,0.0346,6,0
global,rec,F,1,matmul,heldout,0.9990,0.0072,2,0
global,rec,F,1,sort,heldout,1.0000,0.0000,3,0
global,rec,F,1,sort,test,0.9536,0.3501,2,0
global,rec,F,1,sort,val,0.9601,0.3405,2,0
global,rec+freq,F,2,btree,heldout,0.9589,0.1101,5,0
global,rec+freq,F,2,btree,test,0.9304,0.1545,4,0
global,rec+freq,F,2,btree,val,0.9322,0.1514,4,0
global,rec+freq,F,2,graph,heldout,0.7998,0.3214,3,0
global,rec+freq,F,2,graph,test,0.7576,0.4084,3,0
global,rec+freq,F,2,graph,val,0.7552,0.4121,3,0
global,rec+freq,F,2,kv,heldout,0.9396,0.1464,5,0
global,rec+freq,F,2,kv,test,0.9387,0.1370,6,0
global,rec+freq,F,2,kv,val,0.9411,0.1315,6,0
global,rec+freq,F,2,matmul,heldout,0.9990,0.0072,2,0
global,rec+freq,F,2,sort,heldout,1.0000,0.0000,3,0
global,rec+freq,F,2,sort,test,0.9536,0.3501,2,0
global,rec+freq,F,2,sort,val,0.9601,0.3405,2,0
global,rec+freq+ref+aging+sfreq+idle+age+dirty,F+K,8,btree,heldout,0.8655,0.3602,5,0
global,rec+freq+ref+aging+sfreq+idle+age+dirty,F+K,8,btree,test,0.8477,0.3362,4,0
global,rec+freq+ref+aging+sfreq+idle+age+dirty,F+K,8,btree,val,0.8527,0.3265,4,0
global,rec+freq+ref+aging+sfreq+idle+age+dirty,F+K,8,graph,heldout,0.5068,0.7916,3,0
global,rec+freq+ref+aging+sfreq+idle+age+dirty,F+K,8,graph,test,0.6244,0.6207,3,0
global,rec+freq+ref+aging+sfreq+idle+age+dirty,F+K,8,graph,val,0.6220,0.6250,3,0
global,rec+freq+ref+aging+sfreq+idle+age+dirty,F+K,8,kv,heldout,0.9210,0.1916,5,0
global,rec+freq+ref+aging+sfreq+idle+age+dirty,F+K,8,kv,test,0.9253,0.1656,6,0
global,rec+freq+ref+aging+sfreq+idle+age+dirty,F+K,8,kv,val,0.9256,0.1650,6,0
global,rec+freq+ref+aging+sfreq+idle+age+dirty,F+K,8,matmul,heldout,0.9994,0.0055,2,0
global,rec+freq+ref+aging+sfreq+idle+age+dirty,F+K,8,sort,heldout,1.0000,0.0000,3,0
global,rec+freq+ref+aging+sfreq+idle+age+dirty,F+K,8,sort,test,0.9536,0.3501,2,0
global,rec+freq+ref+aging+sfreq+idle+age+dirty,F+K,8,sort,val,0.9601,0.3405,2,0
global,rec+freq+ref+aging+sfreq+idle+age+dirty+refaults+rdist,F+K,10,btree,heldout,0.8501,0.4015,5,0
global,rec+freq+ref+aging+sfreq+idle+age+dirty+refaults+rdist,F+K,10,btree,test,0.8487,0.3339,4,0
global,rec+freq+ref+aging+sfreq+idle+age+dirty+refaults+rdist,F+K,10,btree,val,0.8528,0.3259,4,0
global,rec+freq+ref+aging+sfreq+idle+age+dirty+refaults+rdist,F+K,10,graph,heldout,0.4880,0.8219,3,0
global,rec+freq+ref+aging+sfreq+idle+age+dirty+refaults+rdist,F+K,10,graph,test,0.7449,0.3838,3,0
global,rec+freq+ref+aging+sfreq+idle+age+dirty+refaults+rdist,F+K,10,graph,val,0.7512,0.3713,3,0
global,rec+freq+ref+aging+sfreq+idle+age+dirty+refaults+rdist,F+K,10,kv,heldout,0.9691,0.0750,5,0
global,rec+freq+ref+aging+sfreq+idle+age+dirty+refaults+rdist,F+K,10,kv,test,0.9605,0.0739,6,0
global,rec+freq+ref+aging+sfreq+idle+age+dirty+refaults+rdist,F+K,10,kv,val,0.9547,0.0853,6,0
global,rec+freq+ref+aging+sfreq+idle+age+dirty+refaults+rdist,F+K,10,matmul,heldout,0.9991,0.0070,2,0
global,rec+freq+ref+aging+sfreq+idle+age+dirty+refaults+rdist,F+K,10,sort,heldout,0.9611,0.4753,3,0
global,rec+freq+ref+aging+sfreq+idle+age+dirty+refaults+rdist,F+K,10,sort,test,0.9480,0.4446,2,0
global,rec+freq+ref+aging+sfreq+idle+age+dirty+refaults+rdist,F+K,10,sort,val,0.9529,0.4485,2,0
global,rec+freq+sd,F,3,btree,heldout,0.9260,0.1982,5,0
global,rec+freq+sd,F,3,btree,test,0.8874,0.2502,4,0
global,rec+freq+sd,F,3,btree,val,0.8902,0.2452,4,0
global,rec+freq+sd,F,3,graph,heldout,0.6796,0.5142,3,0
global,rec+freq+sd,F,3,graph,test,0.6763,0.5383,3,0
global,rec+freq+sd,F,3,graph,val,0.6738,0.5427,3,0
global,rec+freq+sd,F,3,kv,heldout,0.9165,0.2024,5,0
global,rec+freq+sd,F,3,kv,test,0.9186,0.1829,6,0
global,rec+freq+sd,F,3,kv,val,0.9219,0.1751,6,0
global,rec+freq+sd,F,3,matmul,heldout,0.9992,0.0064,2,0
global,rec+freq+sd,F,3,sort,heldout,1.0000,0.0000,3,0
global,rec+freq+sd,F,3,sort,test,0.9536,0.3501,2,0
global,rec+freq+sd,F,3,sort,val,0.9601,0.3405,2,0
global,rec+freq+sd+ref+aging+sfreq+idle+age+dirty,F+K,9,btree,heldout,0.8644,0.3632,5,0
global,rec+freq+sd+ref+aging+sfreq+idle+age+dirty,F+K,9,btree,test,0.8519,0.3265,4,0
global,rec+freq+sd+ref+aging+sfreq+idle+age+dirty,F+K,9,btree,val,0.8570,0.3162,4,0
global,rec+freq+sd+ref+aging+sfreq+idle+age+dirty,F+K,9,graph,heldout,0.5062,0.7926,3,0
global,rec+freq+sd+ref+aging+sfreq+idle+age+dirty,F+K,9,graph,test,0.6274,0.6158,3,0
global,rec+freq+sd+ref+aging+sfreq+idle+age+dirty,F+K,9,graph,val,0.6254,0.6195,3,0
global,rec+freq+sd+ref+aging+sfreq+idle+age+dirty,F+K,9,kv,heldout,0.9244,0.1834,5,0
global,rec+freq+sd+ref+aging+sfreq+idle+age+dirty,F+K,9,kv,test,0.9288,0.1571,6,0
global,rec+freq+sd+ref+aging+sfreq+idle+age+dirty,F+K,9,kv,val,0.9294,0.1558,6,0
global,rec+freq+sd+ref+aging+sfreq+idle+age+dirty,F+K,9,matmul,heldout,0.9993,0.0056,2,0
global,rec+freq+sd+ref+aging+sfreq+idle+age+dirty,F+K,9,sort,heldout,1.0000,0.0000,3,0
global,rec+freq+sd+ref+aging+sfreq+idle+age+dirty,F+K,9,sort,test,0.9536,0.3501,2,0
global,rec+freq+sd+ref+aging+sfreq+idle+age+dirty,F+K,9,sort,val,0.9601,0.3405,2,0
global,rec+freq+sd+ref+aging+sfreq+idle+age+dirty+refaults+rdist,F+K,11,btree,heldout,0.8604,0.3738,5,0
global,rec+freq+sd+ref+aging+sfreq+idle+age+dirty+refaults+rdist,F+K,11,btree,test,0.8725,0.2806,4,0
global,rec+freq+sd+ref+aging+sfreq+idle+age+dirty+refaults+rdist,F+K,11,btree,val,0.8772,0.2707,4,0
global,rec+freq+sd+ref+aging+sfreq+idle+age+dirty+refaults+rdist,F+K,11,graph,heldout,0.4909,0.8171,3,0
global,rec+freq+sd+ref+aging+sfreq+idle+age+dirty+refaults+rdist,F+K,11,graph,test,1.8169,-1.7533,3,1
global,rec+freq+sd+ref+aging+sfreq+idle+age+dirty+refaults+rdist,F+K,11,graph,val,1.5621,-1.0979,3,1
global,rec+freq+sd+ref+aging+sfreq+idle+age+dirty+refaults+rdist,F+K,11,kv,heldout,0.9887,0.0273,5,0
global,rec+freq+sd+ref+aging+sfreq+idle+age+dirty+refaults+rdist,F+K,11,kv,test,0.9882,0.0106,6,0
global,rec+freq+sd+ref+aging+sfreq+idle+age+dirty+refaults+rdist,F+K,11,kv,val,0.9807,0.0246,6,0
global,rec+freq+sd+ref+aging+sfreq+idle+age+dirty+refaults+rdist,F+K,11,matmul,heldout,0.9991,0.0071,2,0
global,rec+freq+sd+ref+aging+sfreq+idle+age+dirty+refaults+rdist,F+K,11,sort,heldout,0.9556,0.5419,3,0
global,rec+freq+sd+ref+aging+sfreq+idle+age+dirty+refaults+rdist,F+K,11,sort,test,0.9476,0.4499,2,0
global,rec+freq+sd+ref+aging+sfreq+idle+age+dirty+refaults+rdist,F+K,11,sort,val,0.9529,0.4485,2,0
global,rec+freq+sd+wr,F,4,btree,heldout,0.9252,0.2004,5,0
global,rec+freq+sd+wr,F,4,btree,test,0.8861,0.2530,4,0
global,rec+freq+sd+wr,F,4,btree,val,0.8887,0.2485,4,0
global,rec+freq+sd+wr,F,4,graph,heldout,0.6828,0.5091,3,0
global,rec+freq+sd+wr,F,4,graph,test,0.6789,0.5341,3,0
global,rec+freq+sd+wr,F,4,graph,val,0.6766,0.5383,3,0
global,rec+freq+sd+wr,F,4,kv,heldout,0.9165,0.2024,5,0
global,rec+freq+sd+wr,F,4,kv,test,0.9188,0.1826,6,0
global,rec+freq+sd+wr,F,4,kv,val,0.9218,0.1753,6,0
global,rec+freq+sd+wr,F,4,matmul,heldout,0.9992,0.0064,2,0
global,rec+freq+sd+wr,F,4,sort,heldout,1.0000,0.0000,3,0
global,rec+freq+sd+wr,F,4,sort,test,0.9536,0.3501,2,0
global,rec+freq+sd+wr,F,4,sort,val,0.9601,0.3405,2,0
global,rec+freq+sd+wr+ref+aging+sfreq+idle+age+dirty,F+K,10,btree,heldout,0.8682,0.3530,5,0
global,rec+freq+sd+wr+ref+aging+sfreq+idle+age+dirty,F+K,10,btree,test,0.8555,0.3188,4,0
global,rec+freq+sd+wr+ref+aging+sfreq+idle+age+dirty,F+K,10,btree,val,0.8609,0.3080,4,0
global,rec+freq+sd+wr+ref+aging+sfreq+idle+age+dirty,F+K,10,graph,heldout,0.5046,0.7951,3,0
global,rec+freq+sd+wr+ref+aging+sfreq+idle+age+dirty,F+K,10,graph,test,0.6278,0.6150,3,0
global,rec+freq+sd+wr+ref+aging+sfreq+idle+age+dirty,F+K,10,graph,val,0.6268,0.6172,3,0
global,rec+freq+sd+wr+ref+aging+sfreq+idle+age+dirty,F+K,10,kv,heldout,0.9248,0.1823,5,0
global,rec+freq+sd+wr+ref+aging+sfreq+idle+age+dirty,F+K,10,kv,test,0.9295,0.1547,6,0
global,rec+freq+sd+wr+ref+aging+sfreq+idle+age+dirty,F+K,10,kv,val,0.9296,0.1554,6,0
global,rec+freq+sd+wr+ref+aging+sfreq+idle+age+dirty,F+K,10,matmul,heldout,0.9993,0.0056,2,0
global,rec+freq+sd+wr+ref+aging+sfreq+idle+age+dirty,F+K,10,sort,heldout,1.0000,0.0000,3,0
global,rec+freq+sd+wr+ref+aging+sfreq+idle+age+dirty,F+K,10,sort,test,0.9536,0.3501,2,0
global,rec+freq+sd+wr+ref+aging+sfreq+idle+age+dirty,F+K,10,sort,val,0.9601,0.3405,2,0
global,rec+freq+sd+wr+ref+aging+sfreq+idle+age+dirty+refaults+rdist,F+K,12,btree,heldout,0.8638,0.3648,5,0
global,rec+freq+sd+wr+ref+aging+sfreq+idle+age+dirty+refaults+rdist,F+K,12,btree,test,0.8761,0.2726,4,0
global,rec+freq+sd+wr+ref+aging+sfreq+idle+age+dirty+refaults+rdist,F+K,12,btree,val,0.8814,0.2614,4,0
global,rec+freq+sd+wr+ref+aging+sfreq+idle+age+dirty+refaults+rdist,F+K,12,graph,heldout,0.4893,0.8198,3,0
global,rec+freq+sd+wr+ref+aging+sfreq+idle+age+dirty+refaults+rdist,F+K,12,graph,test,1.8326,-1.7980,3,1
global,rec+freq+sd+wr+ref+aging+sfreq+idle+age+dirty+refaults+rdist,F+K,12,graph,val,1.1438,-0.4717,3,1
global,rec+freq+sd+wr+ref+aging+sfreq+idle+age+dirty+refaults+rdist,F+K,12,kv,heldout,0.9893,0.0258,5,0
global,rec+freq+sd+wr+ref+aging+sfreq+idle+age+dirty+refaults+rdist,F+K,12,kv,test,0.9868,0.0122,6,0
global,rec+freq+sd+wr+ref+aging+sfreq+idle+age+dirty+refaults+rdist,F+K,12,kv,val,0.9830,0.0194,6,0
global,rec+freq+sd+wr+ref+aging+sfreq+idle+age+dirty+refaults+rdist,F+K,12,matmul,heldout,0.9991,0.0071,2,0
global,rec+freq+sd+wr+ref+aging+sfreq+idle+age+dirty+refaults+rdist,F+K,12,sort,heldout,0.9560,0.5376,3,0
global,rec+freq+sd+wr+ref+aging+sfreq+idle+age+dirty+refaults+rdist,F+K,12,sort,test,0.9469,0.4606,2,0
global,rec+freq+sd+wr+ref+aging+sfreq+idle+age+dirty+refaults+rdist,F+K,12,sort,val,0.9521,0.4591,2,0
global,rec+freq+wr,F,3,btree,heldout,0.9615,0.1032,5,0
global,rec+freq+wr,F,3,btree,test,0.9364,0.1415,4,0
global,rec+freq+wr,F,3,btree,val,0.9381,0.1383,4,0
global,rec+freq+wr,F,3,graph,heldout,0.7866,0.3426,3,0
global,rec+freq+wr,F,3,graph,test,0.7422,0.4331,3,0
global,rec+freq+wr,F,3,graph,val,0.7397,0.4370,3,0
global,rec+freq+wr,F,3,kv,heldout,0.9394,0.1470,5,0
global,rec+freq+wr,F,3,kv,test,0.9384,0.1376,6,0
global,rec+freq+wr,F,3,kv,val,0.9414,0.1309,6,0
global,rec+freq+wr,F,3,matmul,heldout,0.9990,0.0072,2,0
global,rec+freq+wr,F,3,sort,heldout,1.0000,0.0000,3,0
global,rec+freq+wr,F,3,sort,test,0.9536,0.3501,2,0
global,rec+freq+wr,F,3,sort,val,0.9601,0.3405,2,0
global,rec+freq+wr+ref+aging+sfreq+idle+age+dirty,F+K,9,btree,heldout,0.8680,0.3536,5,0
global,rec+freq+wr+ref+aging+sfreq+idle+age+dirty,F+K,9,btree,test,0.8499,0.3316,4,0
global,rec+freq+wr+ref+aging+sfreq+idle+age+dirty,F+K,9,btree,val,0.8548,0.3220,4,0
global,rec+freq+wr+ref+aging+sfreq+idle+age+dirty,F+K,9,graph,heldout,0.5057,0.7933,3,0
global,rec+freq+wr+ref+aging+sfreq+idle+age+dirty,F+K,9,graph,test,0.6235,0.6221,3,0
global,rec+freq+wr+ref+aging+sfreq+idle+age+dirty,F+K,9,graph,val,0.6203,0.6277,3,0
global,rec+freq+wr+ref+aging+sfreq+idle+age+dirty,F+K,9,kv,heldout,0.9209,0.1917,5,0
global,rec+freq+wr+ref+aging+sfreq+idle+age+dirty,F+K,9,kv,test,0.9251,0.1657,6,0
global,rec+freq+wr+ref+aging+sfreq+idle+age+dirty,F+K,9,kv,val,0.9252,0.1659,6,0
global,rec+freq+wr+ref+aging+sfreq+idle+age+dirty,F+K,9,matmul,heldout,0.9994,0.0055,2,0
global,rec+freq+wr+ref+aging+sfreq+idle+age+dirty,F+K,9,sort,heldout,1.0000,0.0000,3,0
global,rec+freq+wr+ref+aging+sfreq+idle+age+dirty,F+K,9,sort,test,0.9536,0.3501,2,0
global,rec+freq+wr+ref+aging+sfreq+idle+age+dirty,F+K,9,sort,val,0.9601,0.3405,2,0
global,rec+freq+wr+ref+aging+sfreq+idle+age+dirty+refaults+rdist,F+K,11,btree,heldout,0.8510,0.3992,5,0
global,rec+freq+wr+ref+aging+sfreq+idle+age+dirty+refaults+rdist,F+K,11,btree,test,0.8492,0.3327,4,0
global,rec+freq+wr+ref+aging+sfreq+idle+age+dirty+refaults+rdist,F+K,11,btree,val,0.8540,0.3233,4,0
global,rec+freq+wr+ref+aging+sfreq+idle+age+dirty+refaults+rdist,F+K,11,graph,heldout,0.4876,0.8224,3,0
global,rec+freq+wr+ref+aging+sfreq+idle+age+dirty+refaults+rdist,F+K,11,graph,test,0.7629,0.3407,3,0
global,rec+freq+wr+ref+aging+sfreq+idle+age+dirty+refaults+rdist,F+K,11,graph,val,0.7336,0.4109,3,0
global,rec+freq+wr+ref+aging+sfreq+idle+age+dirty+refaults+rdist,F+K,11,kv,heldout,0.9701,0.0725,5,0
global,rec+freq+wr+ref+aging+sfreq+idle+age+dirty+refaults+rdist,F+K,11,kv,test,0.9617,0.0714,6,0
global,rec+freq+wr+ref+aging+sfreq+idle+age+dirty+refaults+rdist,F+K,11,kv,val,0.9574,0.0805,6,0
global,rec+freq+wr+ref+aging+sfreq+idle+age+dirty+refaults+rdist,F+K,11,matmul,heldout,0.9991,0.0070,2,0
global,rec+freq+wr+ref+aging+sfreq+idle+age+dirty+refaults+rdist,F+K,11,sort,heldout,0.9627,0.4559,3,0
global,rec+freq+wr+ref+aging+sfreq+idle+age+dirty+refaults+rdist,F+K,11,sort,test,0.9495,0.4331,2,0
global,rec+freq+wr+ref+aging+sfreq+idle+age+dirty+refaults+rdist,F+K,11,sort,val,0.9544,0.4355,2,0
global,rec+ref+aging+sfreq+idle+age+dirty,F+K,7,btree,heldout,0.9356,0.1726,5,0
global,rec+ref+aging+sfreq+idle+age+dirty,F+K,7,btree,test,0.8671,0.2953,4,0
global,rec+ref+aging+sfreq+idle+age+dirty,F+K,7,btree,val,0.8695,0.2915,4,0
global,rec+ref+aging+sfreq+idle+age+dirty,F+K,7,graph,heldout,0.7875,0.3410,3,0
global,rec+ref+aging+sfreq+idle+age+dirty,F+K,7,graph,test,0.6526,0.5698,3,0
global,rec+ref+aging+sfreq+idle+age+dirty,F+K,7,graph,val,0.6488,0.5775,3,0
global,rec+ref+aging+sfreq+idle+age+dirty,F+K,7,kv,heldout,0.9436,0.1367,5,0
global,rec+ref+aging+sfreq+idle+age+dirty,F+K,7,kv,test,0.9393,0.1328,6,0
global,rec+ref+aging+sfreq+idle+age+dirty,F+K,7,kv,val,0.9415,0.1274,6,0
global,rec+ref+aging+sfreq+idle+age+dirty,F+K,7,matmul,heldout,0.9990,0.0072,2,0
global,rec+ref+aging+sfreq+idle+age+dirty,F+K,7,sort,heldout,1.0000,0.0000,3,0
global,rec+ref+aging+sfreq+idle+age+dirty,F+K,7,sort,test,0.9536,0.3501,2,0
global,rec+ref+aging+sfreq+idle+age+dirty,F+K,7,sort,val,0.9601,0.3405,2,0
global,rec+ref+aging+sfreq+idle+age+dirty+refaults+rdist,F+K,9,btree,heldout,0.8421,0.4228,5,0
global,rec+ref+aging+sfreq+idle+age+dirty+refaults+rdist,F+K,9,btree,test,0.8264,0.3840,4,0
global,rec+ref+aging+sfreq+idle+age+dirty+refaults+rdist,F+K,9,btree,val,0.8313,0.3744,4,0
global,rec+ref+aging+sfreq+idle+age+dirty+refaults+rdist,F+K,9,graph,heldout,0.4934,0.8132,3,0
global,rec+ref+aging+sfreq+idle+age+dirty+refaults+rdist,F+K,9,graph,test,0.9892,-0.3065,3,1
global,rec+ref+aging+sfreq+idle+age+dirty+refaults+rdist,F+K,9,graph,val,0.9914,-0.3079,3,1
global,rec+ref+aging+sfreq+idle+age+dirty+refaults+rdist,F+K,9,kv,heldout,0.9728,0.0660,5,0
global,rec+ref+aging+sfreq+idle+age+dirty+refaults+rdist,F+K,9,kv,test,0.9594,0.0780,6,0
global,rec+ref+aging+sfreq+idle+age+dirty+refaults+rdist,F+K,9,kv,val,0.9569,0.0812,6,0
global,rec+ref+aging+sfreq+idle+age+dirty+refaults+rdist,F+K,9,matmul,heldout,0.9990,0.0072,2,0
global,rec+ref+aging+sfreq+idle+age+dirty+refaults+rdist,F+K,9,sort,heldout,0.9641,0.4387,3,0
global,rec+ref+aging+sfreq+idle+age+dirty+refaults+rdist,F+K,9,sort,test,0.9492,0.4384,2,0
global,rec+ref+aging+sfreq+idle+age+dirty+refaults+rdist,F+K,9,sort,val,0.9544,0.4355,2,0
global,rec+sd,F,2,btree,heldout,0.9949,0.0136,5,0
global,rec+sd,F,2,btree,test,0.9985,0.0032,4,0
global,rec+sd,F,2,btree,val,0.9990,0.0021,4,0
global,rec+sd,F,2,graph,heldout,0.9992,0.0013,3,0
global,rec+sd,F,2,graph,test,0.9763,0.0392,3,0
global,rec+sd,F,2,graph,val,0.9749,0.0411,3,0
global,rec+sd,F,2,kv,heldout,0.9825,0.0424,5,0
global,rec+sd,F,2,kv,test,0.9858,0.0328,6,0
global,rec+sd,F,2,kv,val,0.9851,0.0341,6,0
global,rec+sd,F,2,matmul,heldout,0.9990,0.0072,2,0
global,rec+sd,F,2,sort,heldout,1.0000,0.0000,3,0
global,rec+sd,F,2,sort,test,0.9536,0.3501,2,0
global,rec+sd,F,2,sort,val,0.9601,0.3405,2,0
global,rec+sd+ref+aging+sfreq+idle+age+dirty,F+K,8,btree,heldout,0.9180,0.2196,5,0
global,rec+sd+ref+aging+sfreq+idle+age+dirty,F+K,8,btree,test,0.8550,0.3223,4,0
global,rec+sd+ref+aging+sfreq+idle+age+dirty,F+K,8,btree,val,0.8589,0.3152,4,0
global,rec+sd+ref+aging+sfreq+idle+age+dirty,F+K,8,graph,heldout,0.7457,0.4081,3,0
global,rec+sd+ref+aging+sfreq+idle+age+dirty,F+K,8,graph,test,0.6777,0.5217,3,0
global,rec+sd+ref+aging+sfreq+idle+age+dirty,F+K,8,graph,val,0.6657,0.5458,3,0
global,rec+sd+ref+aging+sfreq+idle+age+dirty,F+K,8,kv,heldout,0.9455,0.1321,5,0
global,rec+sd+ref+aging+sfreq+idle+age+dirty,F+K,8,kv,test,0.9428,0.1238,6,0
global,rec+sd+ref+aging+sfreq+idle+age+dirty,F+K,8,kv,val,0.9447,0.1197,6,0
global,rec+sd+ref+aging+sfreq+idle+age+dirty,F+K,8,matmul,heldout,0.9990,0.0072,2,0
global,rec+sd+ref+aging+sfreq+idle+age+dirty,F+K,8,sort,heldout,1.0000,0.0000,3,0
global,rec+sd+ref+aging+sfreq+idle+age+dirty,F+K,8,sort,test,0.9536,0.3501,2,0
global,rec+sd+ref+aging+sfreq+idle+age+dirty,F+K,8,sort,val,0.9601,0.3405,2,0
global,rec+sd+ref+aging+sfreq+idle+age+dirty+refaults+rdist,F+K,10,btree,heldout,0.8542,0.3905,5,0
global,rec+sd+ref+aging+sfreq+idle+age+dirty+refaults+rdist,F+K,10,btree,test,0.8564,0.3169,4,0
global,rec+sd+ref+aging+sfreq+idle+age+dirty+refaults+rdist,F+K,10,btree,val,0.8596,0.3106,4,0
global,rec+sd+ref+aging+sfreq+idle+age+dirty+refaults+rdist,F+K,10,graph,heldout,0.4971,0.8072,3,0
global,rec+sd+ref+aging+sfreq+idle+age+dirty+refaults+rdist,F+K,10,graph,test,3.0000,-3.2280,3,3
global,rec+sd+ref+aging+sfreq+idle+age+dirty+refaults+rdist,F+K,10,graph,val,3.0000,-3.2290,3,3
global,rec+sd+ref+aging+sfreq+idle+age+dirty+refaults+rdist,F+K,10,kv,heldout,0.9965,0.0083,5,0
global,rec+sd+ref+aging+sfreq+idle+age+dirty+refaults+rdist,F+K,10,kv,test,0.9953,-0.0046,6,0
global,rec+sd+ref+aging+sfreq+idle+age+dirty+refaults+rdist,F+K,10,kv,val,0.9894,0.0057,6,0
global,rec+sd+ref+aging+sfreq+idle+age+dirty+refaults+rdist,F+K,10,matmul,heldout,0.9990,0.0072,2,0
global,rec+sd+ref+aging+sfreq+idle+age+dirty+refaults+rdist,F+K,10,sort,heldout,0.9641,0.4387,3,0
global,rec+sd+ref+aging+sfreq+idle+age+dirty+refaults+rdist,F+K,10,sort,test,0.9476,0.4499,2,0
global,rec+sd+ref+aging+sfreq+idle+age+dirty+refaults+rdist,F+K,10,sort,val,0.9529,0.4485,2,0
global,rec+sd+wr,F,3,btree,heldout,0.9895,0.0282,5,0
global,rec+sd+wr,F,3,btree,test,0.9870,0.0287,4,0
global,rec+sd+wr,F,3,btree,val,0.9880,0.0268,4,0
global,rec+sd+wr,F,3,graph,heldout,1.0250,-0.0402,3,0
global,rec+sd+wr,F,3,graph,test,1.0103,-0.0173,3,0
global,rec+sd+wr,F,3,graph,val,1.0093,-0.0161,3,0
global,rec+sd+wr,F,3,kv,heldout,0.9842,0.0384,5,0
global,rec+sd+wr,F,3,kv,test,0.9868,0.0302,6,0
global,rec+sd+wr,F,3,kv,val,0.9867,0.0305,6,0
global,rec+sd+wr,F,3,matmul,heldout,0.9990,0.0072,2,0
global,rec+sd+wr,F,3,sort,heldout,1.0000,0.0000,3,0
global,rec+sd+wr,F,3,sort,test,0.9536,0.3501,2,0
global,rec+sd+wr,F,3,sort,val,0.9601,0.3405,2,0
global,rec+sd+wr+ref+aging+sfreq+idle+age+dirty,F+K,9,btree,heldout,0.9210,0.2115,5,0
global,rec+sd+wr+ref+aging+sfreq+idle+age+dirty,F+K,9,btree,test,0.8582,0.3154,4,0
global,rec+sd+wr+ref+aging+sfreq+idle+age+dirty,F+K,9,btree,val,0.8615,0.3094,4,0
global,rec+sd+wr+ref+aging+sfreq+idle+age+dirty,F+K,9,graph,heldout,0.7408,0.4161,3,0
global,rec+sd+wr+ref+aging+sfreq+idle+age+dirty,F+K,9,graph,test,0.6692,0.5385,3,0
global,rec+sd+wr+ref+aging+sfreq+idle+age+dirty,F+K,9,graph,val,0.6634,0.5502,3,0
global,rec+sd+wr+ref+aging+sfreq+idle+age+dirty,F+K,9,kv,heldout,0.9456,0.1319,5,0
global,rec+sd+wr+ref+aging+sfreq+idle+age+dirty,F+K,9,kv,test,0.9426,0.1240,6,0
global,rec+sd+wr+ref+aging+sfreq+idle+age+dirty,F+K,9,kv,val,0.9450,0.1187,6,0
global,rec+sd+wr+ref+aging+sfreq+idle+age+dirty,F+K,9,matmul,heldout,0.9990,0.0072,2,0
global,rec+sd+wr+ref+aging+sfreq+idle+age+dirty,F+K,9,sort,heldout,1.0000,0.0000,3,0
global,rec+sd+wr+ref+aging+sfreq+idle+age+dirty,F+K,9,sort,test,0.9536,0.3501,2,0
global,rec+sd+wr+ref+aging+sfreq+idle+age+dirty,F+K,9,sort,val,0.9601,0.3405,2,0
global,rec+sd+wr+ref+aging+sfreq+idle+age+dirty+refaults+rdist,F+K,11,btree,heldout,0.8554,0.3872,5,0
global,rec+sd+wr+ref+aging+sfreq+idle+age+dirty+refaults+rdist,F+K,11,btree,test,0.8589,0.3111,4,0
global,rec+sd+wr+ref+aging+sfreq+idle+age+dirty+refaults+rdist,F+K,11,btree,val,0.8616,0.3060,4,0
global,rec+sd+wr+ref+aging+sfreq+idle+age+dirty+refaults+rdist,F+K,11,graph,heldout,0.4966,0.8080,3,0
global,rec+sd+wr+ref+aging+sfreq+idle+age+dirty+refaults+rdist,F+K,11,graph,test,3.0000,-3.2280,3,3
global,rec+sd+wr+ref+aging+sfreq+idle+age+dirty+refaults+rdist,F+K,11,graph,val,3.0000,-3.2290,3,3
global,rec+sd+wr+ref+aging+sfreq+idle+age+dirty+refaults+rdist,F+K,11,kv,heldout,0.9960,0.0098,5,0
global,rec+sd+wr+ref+aging+sfreq+idle+age+dirty+refaults+rdist,F+K,11,kv,test,0.9945,-0.0047,6,0
global,rec+sd+wr+ref+aging+sfreq+idle+age+dirty+refaults+rdist,F+K,11,kv,val,0.9898,0.0045,6,0
global,rec+sd+wr+ref+aging+sfreq+idle+age+dirty+refaults+rdist,F+K,11,matmul,heldout,0.9990,0.0072,2,0
global,rec+sd+wr+ref+aging+sfreq+idle+age+dirty+refaults+rdist,F+K,11,sort,heldout,0.9608,0.4796,3,0
global,rec+sd+wr+ref+aging+sfreq+idle+age+dirty+refaults+rdist,F+K,11,sort,test,0.9476,0.4499,2,0
global,rec+sd+wr+ref+aging+sfreq+idle+age+dirty+refaults+rdist,F+K,11,sort,val,0.9529,0.4485,2,0
global,rec+wr,F,2,btree,heldout,0.9920,0.0213,5,0
global,rec+wr,F,2,btree,test,0.9923,0.0169,4,0
global,rec+wr,F,2,btree,val,0.9931,0.0154,4,0
global,rec+wr,F,2,graph,heldout,1.0126,-0.0201,3,0
global,rec+wr,F,2,graph,test,0.9944,0.0092,3,0
global,rec+wr,F,2,graph,val,0.9933,0.0107,3,0
global,rec+wr,F,2,kv,heldout,0.9834,0.0401,5,0
global,rec+wr,F,2,kv,test,0.9863,0.0314,6,0
global,rec+wr,F,2,kv,val,0.9859,0.0322,6,0
global,rec+wr,F,2,matmul,heldout,0.9990,0.0072,2,0
global,rec+wr,F,2,sort,heldout,1.0000,0.0000,3,0
global,rec+wr,F,2,sort,test,0.9536,0.3501,2,0
global,rec+wr,F,2,sort,val,0.9601,0.3405,2,0
global,rec+wr+ref+aging+sfreq+idle+age+dirty,F+K,8,btree,heldout,0.9326,0.1804,5,0
global,rec+wr+ref+aging+sfreq+idle+age+dirty,F+K,8,btree,test,0.8644,0.3015,4,0
global,rec+wr+ref+aging+sfreq+idle+age+dirty,F+K,8,btree,val,0.8675,0.2958,4,0
global,rec+wr+ref+aging+sfreq+idle+age+dirty,F+K,8,graph,heldout,0.7934,0.3316,3,0
global,rec+wr+ref+aging+sfreq+idle+age+dirty,F+K,8,graph,test,0.6556,0.5643,3,0
global,rec+wr+ref+aging+sfreq+idle+age+dirty,F+K,8,graph,val,0.6526,0.5708,3,0
global,rec+wr+ref+aging+sfreq+idle+age+dirty,F+K,8,kv,heldout,0.9437,0.1366,5,0
global,rec+wr+ref+aging+sfreq+idle+age+dirty,F+K,8,kv,test,0.9397,0.1320,6,0
global,rec+wr+ref+aging+sfreq+idle+age+dirty,F+K,8,kv,val,0.9415,0.1278,6,0
global,rec+wr+ref+aging+sfreq+idle+age+dirty,F+K,8,matmul,heldout,0.9990,0.0072,2,0
global,rec+wr+ref+aging+sfreq+idle+age+dirty,F+K,8,sort,heldout,1.0000,0.0000,3,0
global,rec+wr+ref+aging+sfreq+idle+age+dirty,F+K,8,sort,test,0.9536,0.3501,2,0
global,rec+wr+ref+aging+sfreq+idle+age+dirty,F+K,8,sort,val,0.9601,0.3405,2,0
global,rec+wr+ref+aging+sfreq+idle+age+dirty+refaults+rdist,F+K,10,btree,heldout,0.8415,0.4245,5,0
global,rec+wr+ref+aging+sfreq+idle+age+dirty+refaults+rdist,F+K,10,btree,test,0.8279,0.3805,4,0
global,rec+wr+ref+aging+sfreq+idle+age+dirty+refaults+rdist,F+K,10,btree,val,0.8313,0.3744,4,0
global,rec+wr+ref+aging+sfreq+idle+age+dirty+refaults+rdist,F+K,10,graph,heldout,0.4944,0.8115,3,0
global,rec+wr+ref+aging+sfreq+idle+age+dirty+refaults+rdist,F+K,10,graph,test,0.9943,-0.3118,3,1
global,rec+wr+ref+aging+sfreq+idle+age+dirty+refaults+rdist,F+K,10,graph,val,0.9928,-0.3094,3,1
global,rec+wr+ref+aging+sfreq+idle+age+dirty+refaults+rdist,F+K,10,kv,heldout,0.9725,0.0668,5,0
global,rec+wr+ref+aging+sfreq+idle+age+dirty+refaults+rdist,F+K,10,kv,test,0.9597,0.0773,6,0
global,rec+wr+ref+aging+sfreq+idle+age+dirty+refaults+rdist,F+K,10,kv,val,0.9564,0.0825,6,0
global,rec+wr+ref+aging+sfreq+idle+age+dirty+refaults+rdist,F+K,10,matmul,heldout,0.9990,0.0072,2,0
global,rec+wr+ref+aging+sfreq+idle+age+dirty+refaults+rdist,F+K,10,sort,heldout,0.9615,0.4710,3,0
global,rec+wr+ref+aging+sfreq+idle+age+dirty+refaults+rdist,F+K,10,sort,test,0.9492,0.4384,2,0
global,rec+wr+ref+aging+sfreq+idle+age+dirty+refaults+rdist,F+K,10,sort,val,0.9544,0.4355,2,0
global,ref,K,1,btree,heldout,1.0677,-0.1814,5,0
global,ref,K,1,btree,test,1.1207,-0.2684,4,0
global,ref,K,1,btree,val,1.1228,-0.2744,4,0
global,ref,K,1,graph,heldout,1.2618,-0.4202,3,0
global,ref,K,1,graph,test,1.6273,-0.9842,3,0
global,ref,K,1,graph,val,1.6394,-1.0017,3,0
global,ref,K,1,kv,heldout,1.1726,-0.4186,5,0
global,ref,K,1,kv,test,1.1545,-0.3771,6,0
global,ref,K,1,kv,val,1.1547,-0.3774,6,0
global,ref,K,1,matmul,heldout,0.9990,0.0072,2,0
global,ref,K,1,sort,heldout,1.0000,0.0000,3,0
global,ref,K,1,sort,test,0.9630,0.2812,2,0
global,ref,K,1,sort,val,0.9656,0.2950,2,0
global,ref+age,K,2,btree,heldout,1.0677,-0.1814,5,0
global,ref+age,K,2,btree,test,1.1207,-0.2684,4,0
global,ref+age,K,2,btree,val,1.1228,-0.2744,4,0
global,ref+age,K,2,graph,heldout,1.2618,-0.4202,3,0
global,ref+age,K,2,graph,test,1.6273,-0.9842,3,0
global,ref+age,K,2,graph,val,1.6394,-1.0017,3,0
global,ref+age,K,2,kv,heldout,1.1726,-0.4186,5,0
global,ref+age,K,2,kv,test,1.1545,-0.3771,6,0
global,ref+age,K,2,kv,val,1.1547,-0.3774,6,0
global,ref+age,K,2,matmul,heldout,0.9990,0.0072,2,0
global,ref+age,K,2,sort,heldout,1.0000,0.0000,3,0
global,ref+age,K,2,sort,test,0.9630,0.2812,2,0
global,ref+age,K,2,sort,val,0.9656,0.2950,2,0
global,ref+age+dirty,K,3,btree,heldout,1.0387,-0.1037,5,0
global,ref+age+dirty,K,3,btree,test,1.0348,-0.0850,4,0
global,ref+age+dirty,K,3,btree,val,1.0373,-0.0902,4,0
global,ref+age+dirty,K,3,graph,heldout,1.4159,-0.6676,3,0
global,ref+age+dirty,K,3,graph,test,2.4235,-2.2515,3,1
global,ref+age+dirty,K,3,graph,val,2.4222,-2.2500,3,1
global,ref+age+dirty,K,3,kv,heldout,1.1726,-0.4186,5,0
global,ref+age+dirty,K,3,kv,test,1.3533,-0.8724,6,0
global,ref+age+dirty,K,3,kv,val,1.3504,-0.8709,6,0
global,ref+age+dirty,K,3,matmul,heldout,0.9990,0.0072,2,0
global,ref+age+dirty,K,3,sort,heldout,0.9995,0.0065,3,0
global,ref+age+dirty,K,3,sort,test,0.9684,0.2410,2,0
global,ref+age+dirty,K,3,sort,val,0.9672,0.2820,2,0
global,ref+age+dirty+rdist,K+K+,4,btree,heldout,1.4048,-1.0848,5,0
global,ref+age+dirty+rdist,K+K+,4,btree,test,2.0407,-2.3629,4,0
global,ref+age+dirty+rdist,K+K+,4,btree,val,2.0364,-2.3586,4,0
global,ref+age+dirty+rdist,K+K+,4,graph,heldout,3.0000,-3.2102,3,3
global,ref+age+dirty+rdist,K+K+,4,graph,test,3.0000,-3.2280,3,3
global,ref+age+dirty+rdist,K+K+,4,graph,val,3.0000,-3.2290,3,3
global,ref+age+dirty+rdist,K+K+,4,kv,heldout,1.9875,-2.3950,5,0
global,ref+age+dirty+rdist,K+K+,4,kv,test,1.8601,-2.1649,6,1
global,ref+age+dirty+rdist,K+K+,4,kv,val,1.8504,-2.1561,6,1
global,ref+age+dirty+rdist,K+K+,4,matmul,heldout,0.9972,0.0133,2,0
global,ref+age+dirty+rdist,K+K+,4,sort,heldout,1.1770,-2.1634,3,0
global,ref+age+dirty+rdist,K+K+,4,sort,test,0.9636,0.4120,2,0
global,ref+age+dirty+rdist,K+K+,4,sort,val,0.9683,0.3860,2,0
global,ref+age+dirty+refaults,K+K+,4,btree,heldout,0.8826,0.3143,5,0
global,ref+age+dirty+refaults,K+K+,4,btree,test,0.9346,0.1433,4,0
global,ref+age+dirty+refaults,K+K+,4,btree,val,0.9454,0.1182,4,0
global,ref+age+dirty+refaults,K+K+,4,graph,heldout,0.6142,0.6183,3,0
global,ref+age+dirty+refaults,K+K+,4,graph,test,2.8271,-2.9339,3,2
global,ref+age+dirty+refaults,K+K+,4,graph,val,2.9037,-3.0609,3,2
global,ref+age+dirty+refaults,K+K+,4,kv,heldout,1.1142,-0.2770,5,0
global,ref+age+dirty+refaults,K+K+,4,kv,test,1.1639,-0.4183,6,0
global,ref+age+dirty+refaults,K+K+,4,kv,val,1.1301,-0.3243,6,0
global,ref+age+dirty+refaults,K+K+,4,matmul,heldout,1.0794,-0.4722,2,0
global,ref+age+dirty+refaults,K+K+,4,sort,heldout,0.9706,0.3591,3,0
global,ref+age+dirty+refaults,K+K+,4,sort,test,0.9722,0.3385,2,0
global,ref+age+dirty+refaults,K+K+,4,sort,val,0.9800,0.2753,2,0
global,ref+age+dirty+refaults+rdist,K+K+,5,btree,heldout,0.9671,0.0881,5,0
global,ref+age+dirty+refaults+rdist,K+K+,5,btree,test,1.0400,-0.0955,4,0
global,ref+age+dirty+refaults+rdist,K+K+,5,btree,val,1.0455,-0.1100,4,0
global,ref+age+dirty+refaults+rdist,K+K+,5,graph,heldout,0.6411,0.5760,3,0
global,ref+age+dirty+refaults+rdist,K+K+,5,graph,test,3.0000,-3.2280,3,3
global,ref+age+dirty+refaults+rdist,K+K+,5,graph,val,3.0000,-3.2290,3,3
global,ref+age+dirty+refaults+rdist,K+K+,5,kv,heldout,1.1740,-0.4222,5,0
global,ref+age+dirty+refaults+rdist,K+K+,5,kv,test,1.1724,-0.4123,6,0
global,ref+age+dirty+refaults+rdist,K+K+,5,kv,val,1.1441,-0.3466,6,0
global,ref+age+dirty+refaults+rdist,K+K+,5,matmul,heldout,1.1046,-0.5902,2,0
global,ref+age+dirty+refaults+rdist,K+K+,5,sort,heldout,1.0037,-0.0452,3,0
global,ref+age+dirty+refaults+rdist,K+K+,5,sort,test,0.9563,0.4548,2,0
global,ref+age+dirty+refaults+rdist,K+K+,5,sort,val,0.9589,0.4571,2,0
global,ref+age+rdist,K+K+,3,btree,heldout,1.4040,-1.0828,5,0
global,ref+age+rdist,K+K+,3,btree,test,2.0274,-2.3352,4,0
global,ref+age+rdist,K+K+,3,btree,val,2.0212,-2.3259,4,0
global,ref+age+rdist,K+K+,3,graph,heldout,3.0000,-3.2102,3,3
global,ref+age+rdist,K+K+,3,graph,test,3.0000,-3.2280,3,3
global,ref+age+rdist,K+K+,3,graph,val,3.0000,-3.2290,3,3
global,ref+age+rdist,K+K+,3,kv,heldout,1.9800,-2.3764,5,0
global,ref+age+rdist,K+K+,3,kv,test,1.9955,-2.5123,6,1
global,ref+age+rdist,K+K+,3,kv,val,1.9847,-2.4906,6,1
global,ref+age+rdist,K+K+,3,matmul,heldout,0.9710,0.1504,2,0
global,ref+age+rdist,K+K+,3,sort,heldout,1.1314,-1.6065,3,0
global,ref+age+rdist,K+K+,3,sort,test,0.9530,0.4293,2,0
global,ref+age+rdist,K+K+,3,sort,val,0.9522,0.4792,2,0
global,ref+age+refaults,K+K+,3,btree,heldout,0.8808,0.3191,5,0
global,ref+age+refaults,K+K+,3,btree,test,0.9323,0.1478,4,0
global,ref+age+refaults,K+K+,3,btree,val,0.9385,0.1336,4,0
global,ref+age+refaults,K+K+,3,graph,heldout,0.5984,0.6443,3,0
global,ref+age+refaults,K+K+,3,graph,test,2.6882,-2.7222,3,2
global,ref+age+refaults,K+K+,3,graph,val,2.6293,-2.6402,3,2
global,ref+age+refaults,K+K+,3,kv,heldout,1.1201,-0.2912,5,0
global,ref+age+refaults,K+K+,3,kv,test,1.1397,-0.3348,6,0
global,ref+age+refaults,K+K+,3,kv,val,1.1248,-0.3029,6,0
global,ref+age+refaults,K+K+,3,matmul,heldout,1.1065,-0.6181,2,0
global,ref+age+refaults,K+K+,3,sort,heldout,0.9602,0.4860,3,0
global,ref+age+refaults,K+K+,3,sort,test,0.9529,0.4782,2,0
global,ref+age+refaults,K+K+,3,sort,val,0.9609,0.4348,2,0
global,ref+age+refaults+rdist,K+K+,4,btree,heldout,0.9740,0.0696,5,0
global,ref+age+refaults+rdist,K+K+,4,btree,test,1.0530,-0.1257,4,0
global,ref+age+refaults+rdist,K+K+,4,btree,val,1.0620,-0.1484,4,0
global,ref+age+refaults+rdist,K+K+,4,graph,heldout,0.5761,0.6800,3,0
global,ref+age+refaults+rdist,K+K+,4,graph,test,2.9336,-3.1109,3,2
global,ref+age+refaults+rdist,K+K+,4,graph,val,2.9758,-3.1856,3,2
global,ref+age+refaults+rdist,K+K+,4,kv,heldout,1.1586,-0.3847,5,0
global,ref+age+refaults+rdist,K+K+,4,kv,test,1.1687,-0.4023,6,0
global,ref+age+refaults+rdist,K+K+,4,kv,val,1.1361,-0.3289,6,0
global,ref+age+refaults+rdist,K+K+,4,matmul,heldout,1.0927,-0.5183,2,0
global,ref+age+refaults+rdist,K+K+,4,sort,heldout,1.0099,-0.1204,3,0
global,ref+age+refaults+rdist,K+K+,4,sort,test,0.9536,0.4773,2,0
global,ref+age+refaults+rdist,K+K+,4,sort,val,0.9601,0.4453,2,0
global,ref+aging,K,2,btree,heldout,1.0625,-0.1674,5,0
global,ref+aging,K,2,btree,test,1.1141,-0.2537,4,0
global,ref+aging,K,2,btree,val,1.1167,-0.2608,4,0
global,ref+aging,K,2,graph,heldout,1.2518,-0.4042,3,0
global,ref+aging,K,2,graph,test,1.5374,-0.8472,3,0
global,ref+aging,K,2,graph,val,1.5422,-0.8543,3,0
global,ref+aging,K,2,kv,heldout,1.1349,-0.3271,5,0
global,ref+aging,K,2,kv,test,1.1030,-0.2421,6,0
global,ref+aging,K,2,kv,val,1.1063,-0.2509,6,0
global,ref+aging,K,2,matmul,heldout,0.9990,0.0072,2,0
global,ref+aging,K,2,sort,heldout,1.0000,0.0000,3,0
global,ref+aging,K,2,sort,test,0.9622,0.2869,2,0
global,ref+aging,K,2,sort,val,0.9648,0.3015,2,0
global,ref+aging+age,K,3,btree,heldout,1.2946,-0.7893,5,0
global,ref+aging+age,K,3,btree,test,1.6150,-1.3838,4,0
global,ref+aging+age,K,3,btree,val,1.6323,-1.4328,4,0
global,ref+aging+age,K,3,graph,heldout,0.5337,0.7484,3,0
global,ref+aging+age,K,3,graph,test,3.0000,-3.2280,3,3
global,ref+aging+age,K,3,graph,val,3.0000,-3.2290,3,3
global,ref+aging+age,K,3,kv,heldout,1.3304,-0.8021,5,0
global,ref+aging+age,K,3,kv,test,1.3213,-0.7629,6,0
global,ref+aging+age,K,3,kv,val,1.3634,-0.8843,6,0
global,ref+aging+age,K,3,matmul,heldout,0.9990,0.0072,2,0
global,ref+aging+age,K,3,sort,heldout,0.9741,0.3161,3,0
global,ref+aging+age,K,3,sort,test,0.9645,0.2697,2,0
global,ref+aging+age,K,3,sort,val,0.9742,0.2236,2,0
global,ref+aging+age+dirty,K,4,btree,heldout,1.2756,-0.7384,5,0
global,ref+aging+age+dirty,K,4,btree,test,1.5856,-1.3144,4,0
global,ref+aging+age+dirty,K,4,btree,val,1.5793,-1.3171,4,0
global,ref+aging+age+dirty,K,4,graph,heldout,0.7076,0.4691,3,0
global,ref+aging+age+dirty,K,4,graph,test,3.0000,-3.2280,3,3
global,ref+aging+age+dirty,K,4,graph,val,3.0000,-3.2290,3,3
global,ref+aging+age+dirty,K,4,kv,heldout,1.3295,-0.7995,5,0
global,ref+aging+age+dirty,K,4,kv,test,1.4415,-1.0678,6,0
global,ref+aging+age+dirty,K,4,kv,val,1.4046,-0.9738,6,0
global,ref+aging+age+dirty,K,4,matmul,heldout,0.9990,0.0072,2,0
global,ref+aging+age+dirty,K,4,sort,heldout,0.9639,0.4409,3,0
global,ref+aging+age+dirty,K,4,sort,test,0.9637,0.2754,2,0
global,ref+aging+age+dirty,K,4,sort,val,0.9742,0.2236,2,0
global,ref+aging+age+dirty+rdist,K+K+,5,btree,heldout,1.3174,-0.8502,5,0
global,ref+aging+age+dirty+rdist,K+K+,5,btree,test,1.6234,-1.4007,4,0
global,ref+aging+age+dirty+rdist,K+K+,5,btree,val,1.6433,-1.4558,4,0
global,ref+aging+age+dirty+rdist,K+K+,5,graph,heldout,1.4971,-0.7988,3,0
global,ref+aging+age+dirty+rdist,K+K+,5,graph,test,3.0000,-3.2280,3,3
global,ref+aging+age+dirty+rdist,K+K+,5,graph,val,3.0000,-3.2290,3,3
global,ref+aging+age+dirty+rdist,K+K+,5,kv,heldout,1.3885,-0.9427,5,0
global,ref+aging+age+dirty+rdist,K+K+,5,kv,test,1.7051,-1.7859,6,1
global,ref+aging+age+dirty+rdist,K+K+,5,kv,val,1.6562,-1.6714,6,1
global,ref+aging+age+dirty+rdist,K+K+,5,matmul,heldout,1.0008,-0.0063,2,0
global,ref+aging+age+dirty+rdist,K+K+,5,sort,heldout,0.9472,0.6452,3,0
global,ref+aging+age+dirty+rdist,K+K+,5,sort,test,0.9476,0.4988,2,0
global,ref+aging+age+dirty+rdist,K+K+,5,sort,val,0.9552,0.4653,2,0
global,ref+aging+age+dirty+refaults,K+K+,5,btree,heldout,1.0436,-0.1168,5,0
global,ref+aging+age+dirty+refaults,K+K+,5,btree,test,1.2188,-0.4946,4,0
global,ref+aging+age+dirty+refaults,K+K+,5,btree,val,1.2334,-0.5286,4,0
global,ref+aging+age+dirty+refaults,K+K+,5,graph,heldout,1.1516,-0.3052,3,0
global,ref+aging+age+dirty+refaults,K+K+,5,graph,test,3.0000,-3.2280,3,3
global,ref+aging+age+dirty+refaults,K+K+,5,graph,val,3.0000,-3.2290,3,3
global,ref+aging+age+dirty+refaults,K+K+,5,kv,heldout,1.2035,-0.4935,5,0
global,ref+aging+age+dirty+refaults,K+K+,5,kv,test,1.1877,-0.4558,6,0
global,ref+aging+age+dirty+refaults,K+K+,5,kv,val,1.1751,-0.4292,6,0
global,ref+aging+age+dirty+refaults,K+K+,5,matmul,heldout,1.0040,-0.0266,2,0
global,ref+aging+age+dirty+refaults,K+K+,5,sort,heldout,0.9629,0.4538,3,0
global,ref+aging+age+dirty+refaults,K+K+,5,sort,test,0.9641,0.2750,2,0
global,ref+aging+age+dirty+refaults,K+K+,5,sort,val,0.9738,0.2288,2,0
global,ref+aging+age+dirty+refaults+rdist,K+K+,6,btree,heldout,1.0609,-0.1630,5,0
global,ref+aging+age+dirty+refaults+rdist,K+K+,6,btree,test,1.2195,-0.5003,4,0
global,ref+aging+age+dirty+refaults+rdist,K+K+,6,btree,val,1.2265,-0.5195,4,0
global,ref+aging+age+dirty+refaults+rdist,K+K+,6,graph,heldout,2.1390,-1.8289,3,0
global,ref+aging+age+dirty+refaults+rdist,K+K+,6,graph,test,3.0000,-3.2280,3,3
global,ref+aging+age+dirty+refaults+rdist,K+K+,6,graph,val,3.0000,-3.2290,3,3
global,ref+aging+age+dirty+refaults+rdist,K+K+,6,kv,heldout,1.2469,-0.5991,5,0
global,ref+aging+age+dirty+refaults+rdist,K+K+,6,kv,test,1.2413,-0.5719,6,0
global,ref+aging+age+dirty+refaults+rdist,K+K+,6,kv,val,1.1945,-0.4655,6,0
global,ref+aging+age+dirty+refaults+rdist,K+K+,6,matmul,heldout,1.0016,-0.0104,2,0
global,ref+aging+age+dirty+refaults+rdist,K+K+,6,sort,heldout,0.9512,0.5957,3,0
global,ref+aging+age+dirty+refaults+rdist,K+K+,6,sort,test,0.9515,0.4554,2,0
global,ref+aging+age+dirty+refaults+rdist,K+K+,6,sort,val,0.9583,0.4353,2,0
global,ref+aging+age+rdist,K+K+,4,btree,heldout,1.3364,-0.9017,5,0
global,ref+aging+age+rdist,K+K+,4,btree,test,1.6715,-1.5154,4,0
global,ref+aging+age+rdist,K+K+,4,btree,val,1.7155,-1.6123,4,0
global,ref+aging+age+rdist,K+K+,4,graph,heldout,0.5190,0.7719,3,0
global,ref+aging+age+rdist,K+K+,4,graph,test,3.0000,-3.2280,3,3
global,ref+aging+age+rdist,K+K+,4,graph,val,3.0000,-3.2290,3,3
global,ref+aging+age+rdist,K+K+,4,kv,heldout,1.3825,-0.9278,5,0
global,ref+aging+age+rdist,K+K+,4,kv,test,1.3315,-0.7855,6,0
global,ref+aging+age+rdist,K+K+,4,kv,val,1.3692,-0.8993,6,0
global,ref+aging+age+rdist,K+K+,4,matmul,heldout,1.0008,-0.0063,2,0
global,ref+aging+age+rdist,K+K+,4,sort,heldout,0.9493,0.6194,3,0
global,ref+aging+age+rdist,K+K+,4,sort,test,0.9492,0.4873,2,0
global,ref+aging+age+rdist,K+K+,4,sort,val,0.9556,0.4641,2,0
global,ref+aging+age+refaults,K+K+,4,btree,heldout,1.0448,-0.1200,5,0
global,ref+aging+age+refaults,K+K+,4,btree,test,1.2278,-0.5135,4,0
global,ref+aging+age+refaults,K+K+,4,btree,val,1.2386,-0.5411,4,0
global,ref+aging+age+refaults,K+K+,4,graph,heldout,1.0841,-0.1439,3,0
global,ref+aging+age+refaults,K+K+,4,graph,test,3.0000,-3.2280,3,3
global,ref+aging+age+refaults,K+K+,4,graph,val,3.0000,-3.2290,3,3
global,ref+aging+age+refaults,K+K+,4,kv,heldout,1.2020,-0.4900,5,0
global,ref+aging+age+refaults,K+K+,4,kv,test,1.1944,-0.4709,6,0
global,ref+aging+age+refaults,K+K+,4,kv,val,1.1795,-0.4383,6,0
global,ref+aging+age+refaults,K+K+,4,matmul,heldout,1.0040,-0.0266,2,0
global,ref+aging+age+refaults,K+K+,4,sort,heldout,0.9629,0.4538,3,0
global,ref+aging+age+refaults,K+K+,4,sort,test,0.9641,0.2750,2,0
global,ref+aging+age+refaults,K+K+,4,sort,val,0.9738,0.2288,2,0
global,ref+aging+age+refaults+rdist,K+K+,5,btree,heldout,1.0794,-0.2128,5,0
global,ref+aging+age+refaults+rdist,K+K+,5,btree,test,1.2479,-0.5658,4,0
global,ref+aging+age+refaults+rdist,K+K+,5,btree,val,1.2562,-0.5851,4,0
global,ref+aging+age+refaults+rdist,K+K+,5,graph,heldout,1.1309,-0.2205,3,0
global,ref+aging+age+refaults+rdist,K+K+,5,graph,test,3.0000,-3.2280,3,3
global,ref+aging+age+refaults+rdist,K+K+,5,graph,val,3.0000,-3.2290,3,3
global,ref+aging+age+refaults+rdist,K+K+,5,kv,heldout,1.2380,-0.5778,5,0
global,ref+aging+age+refaults+rdist,K+K+,5,kv,test,1.2435,-0.5787,6,0
global,ref+aging+age+refaults+rdist,K+K+,5,kv,val,1.2087,-0.4973,6,0
global,ref+aging+age+refaults+rdist,K+K+,5,matmul,heldout,1.0016,-0.0106,2,0
global,ref+aging+age+refaults+rdist,K+K+,5,sort,heldout,0.9470,0.6473,3,0
global,ref+aging+age+refaults+rdist,K+K+,5,sort,test,0.9480,0.5033,2,0
global,ref+aging+age+refaults+rdist,K+K+,5,sort,val,0.9560,0.4669,2,0
global,ref+aging+dirty,K,3,btree,heldout,1.3393,-0.9103,5,0
global,ref+aging+dirty,K,3,btree,test,1.7294,-1.6401,4,0
global,ref+aging+dirty,K,3,btree,val,1.7295,-1.6483,4,0
global,ref+aging+dirty,K,3,graph,heldout,0.5638,0.7001,3,0
global,ref+aging+dirty,K,3,graph,test,0.6524,0.5754,3,0
global,ref+aging+dirty,K,3,graph,val,0.6508,0.5780,3,0
global,ref+aging+dirty,K,3,kv,heldout,1.1349,-0.3271,5,0
global,ref+aging+dirty,K,3,kv,test,1.1003,-0.2323,6,0
global,ref+aging+dirty,K,3,kv,val,1.1213,-0.2835,6,0
global,ref+aging+dirty,K,3,matmul,heldout,0.9990,0.0072,2,0
global,ref+aging+dirty,K,3,sort,heldout,1.0000,0.0000,3,0
global,ref+aging+dirty,K,3,sort,test,0.9630,0.2812,2,0
global,ref+aging+dirty,K,3,sort,val,0.9648,0.3015,2,0
global,ref+aging+dirty+rdist,K+K+,4,btree,heldout,1.3351,-0.8980,5,0
global,ref+aging+dirty+rdist,K+K+,4,btree,test,1.8201,-1.8397,4,0
global,ref+aging+dirty+rdist,K+K+,4,btree,val,1.8329,-1.8756,4,0
global,ref+aging+dirty+rdist,K+K+,4,graph,heldout,3.0000,-3.2102,3,3
global,ref+aging+dirty+rdist,K+K+,4,graph,test,3.0000,-3.2280,3,3
global,ref+aging+dirty+rdist,K+K+,4,graph,val,3.0000,-3.2290,3,3
global,ref+aging+dirty+rdist,K+K+,4,kv,heldout,1.7781,-1.8871,5,0
global,ref+aging+dirty+rdist,K+K+,4,kv,test,1.7327,-1.8474,6,1
global,ref+aging+dirty+rdist,K+K+,4,kv,val,1.7339,-1.8583,6,1
global,ref+aging+dirty+rdist,K+K+,4,matmul,heldout,1.0008,-0.0063,2,0
global,ref+aging+dirty+rdist,K+K+,4,sort,heldout,0.9490,0.6237,3,0
global,ref+aging+dirty+rdist,K+K+,4,sort,test,0.9477,0.4891,2,0
global,ref+aging+dirty+rdist,K+K+,4,sort,val,0.9518,0.4885,2,0
global,ref+aging+dirty+refaults,K+K+,4,btree,heldout,0.8903,0.2937,5,0
global,ref+aging+dirty+refaults,K+K+,4,btree,test,0.9128,0.1897,4,0
global,ref+aging+dirty+refaults,K+K+,4,btree,val,0.9180,0.1782,4,0
global,ref+aging+dirty+refaults,K+K+,4,graph,heldout,0.5142,0.7797,3,0
global,ref+aging+dirty+refaults,K+K+,4,graph,test,0.8044,0.3233,3,0
global,ref+aging+dirty+refaults,K+K+,4,graph,val,0.8088,0.3155,3,0
global,ref+aging+dirty+refaults,K+K+,4,kv,heldout,0.9549,0.1094,5,0
global,ref+aging+dirty+refaults,K+K+,4,kv,test,0.9955,-0.0052,6,0
global,ref+aging+dirty+refaults,K+K+,4,kv,val,0.9924,0.0017,6,0
global,ref+aging+dirty+refaults,K+K+,4,matmul,heldout,0.9992,0.0062,2,0
global,ref+aging+dirty+refaults,K+K+,4,sort,heldout,1.0025,-0.0301,3,0
global,ref+aging+dirty+refaults,K+K+,4,sort,test,0.9668,0.2476,2,0
global,ref+aging+dirty+refaults,K+K+,4,sort,val,0.9699,0.2573,2,0
global,ref+aging+dirty+refaults+rdist,K+K+,5,btree,heldout,0.9146,0.2287,5,0
global,ref+aging+dirty+refaults+rdist,K+K+,5,btree,test,0.9013,0.2180,4,0
global,ref+aging+dirty+refaults+rdist,K+K+,5,btree,val,0.9085,0.2025,4,0
global,ref+aging+dirty+refaults+rdist,K+K+,5,graph,heldout,0.4994,0.8036,3,0
global,ref+aging+dirty+refaults+rdist,K+K+,5,graph,test,0.9184,0.1367,3,0
global,ref+aging+dirty+refaults+rdist,K+K+,5,graph,val,0.9241,0.1263,3,0
global,ref+aging+dirty+refaults+rdist,K+K+,5,kv,heldout,1.0704,-0.1706,5,0
global,ref+aging+dirty+refaults+rdist,K+K+,5,kv,test,1.0627,-0.1500,6,0
global,ref+aging+dirty+refaults+rdist,K+K+,5,kv,val,1.0565,-0.1375,6,0
global,ref+aging+dirty+refaults+rdist,K+K+,5,matmul,heldout,1.0009,-0.0067,2,0
global,ref+aging+dirty+refaults+rdist,K+K+,5,sort,heldout,0.9491,0.6215,3,0
global,ref+aging+dirty+refaults+rdist,K+K+,5,sort,test,0.9476,0.5037,2,0
global,ref+aging+dirty+refaults+rdist,K+K+,5,sort,val,0.9552,0.4734,2,0
global,ref+aging+idle,K,3,btree,heldout,0.9952,0.0129,5,0
global,ref+aging+idle,K,3,btree,test,0.9993,0.0014,4,0
global,ref+aging+idle,K,3,btree,val,0.9998,0.0004,4,0
global,ref+aging+idle,K,3,graph,heldout,0.9993,0.0012,3,0
global,ref+aging+idle,K,3,graph,test,0.9772,0.0378,3,0
global,ref+aging+idle,K,3,graph,val,0.9754,0.0402,3,0
global,ref+aging+idle,K,3,kv,heldout,0.9854,0.0353,5,0
global,ref+aging+idle,K,3,kv,test,0.9895,0.0248,6,0
global,ref+aging+idle,K,3,kv,val,0.9899,0.0239,6,0
global,ref+aging+idle,K,3,matmul,heldout,0.9990,0.0072,2,0
global,ref+aging+idle,K,3,sort,heldout,1.0000,0.0000,3,0
global,ref+aging+idle,K,3,sort,test,0.9622,0.2869,2,0
global,ref+aging+idle,K,3,sort,val,0.9648,0.3015,2,0
global,ref+aging+idle+age,K,4,btree,heldout,1.0448,-0.1201,5,0
global,ref+aging+idle+age,K,4,btree,test,1.2562,-0.5775,4,0
global,ref+aging+idle+age,K,4,btree,val,1.2373,-0.5383,4,0
global,ref+aging+idle+age,K,4,graph,heldout,0.5273,0.7588,3,0
global,ref+aging+idle+age,K,4,graph,test,2.8831,-3.0256,3,2
global,ref+aging+idle+age,K,4,graph,val,2.8419,-2.9584,3,2
global,ref+aging+idle+age,K,4,kv,heldout,1.1207,-0.2928,5,0
global,ref+aging+idle+age,K,4,kv,test,1.1281,-0.3166,6,0
global,ref+aging+idle+age,K,4,kv,val,1.1107,-0.2797,6,0
global,ref+aging+idle+age,K,4,matmul,heldout,0.9990,0.0072,2,0
global,ref+aging+idle+age,K,4,sort,heldout,0.9762,0.2903,3,0
global,ref+aging+idle+age,K,4,sort,test,0.9645,0.2697,2,0
global,ref+aging+idle+age,K,4,sort,val,0.9742,0.2236,2,0
global,ref+aging+idle+age+dirty,K,5,btree,heldout,0.9421,0.1551,5,0
global,ref+aging+idle+age+dirty,K,5,btree,test,1.0288,-0.0640,4,0
global,ref+aging+idle+age+dirty,K,5,btree,val,1.0421,-0.0940,4,0
global,ref+aging+idle+age+dirty,K,5,graph,heldout,2.6840,-2.7038,3,0
global,ref+aging+idle+age+dirty,K,5,graph,test,3.0000,-3.2280,3,3
global,ref+aging+idle+age+dirty,K,5,graph,val,3.0000,-3.2290,3,3
global,ref+aging+idle+age+dirty,K,5,kv,heldout,1.1085,-0.2633,5,0
global,ref+aging+idle+age+dirty,K,5,kv,test,1.1659,-0.3966,6,0
global,ref+aging+idle+age+dirty,K,5,kv,val,1.1372,-0.3330,6,0
global,ref+aging+idle+age+dirty,K,5,matmul,heldout,0.9990,0.0072,2,0
global,ref+aging+idle+age+dirty,K,5,sort,heldout,0.9889,0.1355,3,0
global,ref+aging+idle+age+dirty,K,5,sort,test,0.9637,0.2754,2,0
global,ref+aging+idle+age+dirty,K,5,sort,val,0.9742,0.2236,2,0
global,ref+aging+idle+age+dirty+rdist,K+K+,6,btree,heldout,1.3107,-0.8322,5,0
global,ref+aging+idle+age+dirty+rdist,K+K+,6,btree,test,1.6130,-1.3798,4,0
global,ref+aging+idle+age+dirty+rdist,K+K+,6,btree,val,1.6230,-1.4108,4,0
global,ref+aging+idle+age+dirty+rdist,K+K+,6,graph,heldout,1.4965,-0.7982,3,0
global,ref+aging+idle+age+dirty+rdist,K+K+,6,graph,test,3.0000,-3.2280,3,3
global,ref+aging+idle+age+dirty+rdist,K+K+,6,graph,val,3.0000,-3.2290,3,3
global,ref+aging+idle+age+dirty+rdist,K+K+,6,kv,heldout,1.4075,-0.9893,5,0
global,ref+aging+idle+age+dirty+rdist,K+K+,6,kv,test,1.7182,-1.8166,6,1
global,ref+aging+idle+age+dirty+rdist,K+K+,6,kv,val,1.6711,-1.7070,6,1
global,ref+aging+idle+age+dirty+rdist,K+K+,6,matmul,heldout,1.0008,-0.0063,2,0
global,ref+aging+idle+age+dirty+rdist,K+K+,6,sort,heldout,0.9467,0.6516,3,0
global,ref+aging+idle+age+dirty+rdist,K+K+,6,sort,test,0.9476,0.4988,2,0
global,ref+aging+idle+age+dirty+rdist,K+K+,6,sort,val,0.9552,0.4653,2,0
global,ref+aging+idle+age+dirty+refaults,K+K+,6,btree,heldout,0.8825,0.3148,5,0
global,ref+aging+idle+age+dirty+refaults,K+K+,6,btree,test,0.9179,0.1807,4,0
global,ref+aging+idle+age+dirty+refaults,K+K+,6,btree,val,0.9228,0.1711,4,0
global,ref+aging+idle+age+dirty+refaults,K+K+,6,graph,heldout,0.5088,0.7884,3,0
global,ref+aging+idle+age+dirty+refaults,K+K+,6,graph,test,1.6033,-1.2716,3,1
global,ref+aging+idle+age+dirty+refaults,K+K+,6,graph,val,1.6601,-1.3855,3,1
global,ref+aging+idle+age+dirty+refaults,K+K+,6,kv,heldout,1.0740,-0.1796,5,0
global,ref+aging+idle+age+dirty+refaults,K+K+,6,kv,test,1.0878,-0.2118,6,0
global,ref+aging+idle+age+dirty+refaults,K+K+,6,kv,val,1.0748,-0.1851,6,0
global,ref+aging+idle+age+dirty+refaults,K+K+,6,matmul,heldout,1.0080,-0.0578,2,0
global,ref+aging+idle+age+dirty+refaults,K+K+,6,sort,heldout,0.9694,0.3742,3,0
global,ref+aging+idle+age+dirty+refaults,K+K+,6,sort,test,0.9645,0.2697,2,0
global,ref+aging+idle+age+dirty+refaults,K+K+,6,sort,val,0.9742,0.2236,2,0
global,ref+aging+idle+age+dirty+refaults+rdist,K+K+,7,btree,heldout,0.9254,0.1998,5,0
global,ref+aging+idle+age+dirty+refaults+rdist,K+K+,7,btree,test,0.9845,0.0265,4,0
global,ref+aging+idle+age+dirty+refaults+rdist,K+K+,7,btree,val,0.9965,-0.0037,4,0
global,ref+aging+idle+age+dirty+refaults+rdist,K+K+,7,graph,heldout,0.5750,0.6817,3,0
global,ref+aging+idle+age+dirty+refaults+rdist,K+K+,7,graph,test,3.0000,-3.2280,3,3
global,ref+aging+idle+age+dirty+refaults+rdist,K+K+,7,graph,val,3.0000,-3.2290,3,3
global,ref+aging+idle+age+dirty+refaults+rdist,K+K+,7,kv,heldout,1.1003,-0.2433,5,0
global,ref+aging+idle+age+dirty+refaults+rdist,K+K+,7,kv,test,1.1254,-0.3023,6,0
global,ref+aging+idle+age+dirty+refaults+rdist,K+K+,7,kv,val,1.0965,-0.2390,6,0
global,ref+aging+idle+age+dirty+refaults+rdist,K+K+,7,matmul,heldout,1.0024,-0.0152,2,0
global,ref+aging+idle+age+dirty+refaults+rdist,K+K+,7,sort,heldout,0.9516,0.5914,3,0
global,ref+aging+idle+age+dirty+refaults+rdist,K+K+,7,sort,test,0.9534,0.4386,2,0
global,ref+aging+idle+age+dirty+refaults+rdist,K+K+,7,sort,val,0.9610,0.4066,2,0
global,ref+aging+idle+age+rdist,K+K+,5,btree,heldout,1.3843,-1.0344,5,0
global,ref+aging+idle+age+rdist,K+K+,5,btree,test,1.7390,-1.6569,4,0
global,ref+aging+idle+age+rdist,K+K+,5,btree,val,1.7758,-1.7615,4,0
global,ref+aging+idle+age+rdist,K+K+,5,graph,heldout,0.5463,0.7274,3,0
global,ref+aging+idle+age+rdist,K+K+,5,graph,test,3.0000,-3.2280,3,3
global,ref+aging+idle+age+rdist,K+K+,5,graph,val,3.0000,-3.2290,3,3
global,ref+aging+idle+age+rdist,K+K+,5,kv,heldout,1.4184,-1.0162,5,0
global,ref+aging+idle+age+rdist,K+K+,5,kv,test,1.3423,-0.8095,6,0
global,ref+aging+idle+age+rdist,K+K+,5,kv,val,1.4461,-1.1024,6,0
global,ref+aging+idle+age+rdist,K+K+,5,matmul,heldout,1.0008,-0.0063,2,0
global,ref+aging+idle+age+rdist,K+K+,5,sort,heldout,0.9497,0.6151,3,0
global,ref+aging+idle+age+rdist,K+K+,5,sort,test,0.9492,0.4873,2,0
global,ref+aging+idle+age+rdist,K+K+,5,sort,val,0.9556,0.4641,2,0
global,ref+aging+idle+age+refaults,K+K+,5,btree,heldout,0.8911,0.2917,5,0
global,ref+aging+idle+age+refaults,K+K+,5,btree,test,0.9349,0.1432,4,0
global,ref+aging+idle+age+refaults,K+K+,5,btree,val,0.9360,0.1419,4,0
global,ref+aging+idle+age+refaults,K+K+,5,graph,heldout,0.5070,0.7913,3,0
global,ref+aging+idle+age+refaults,K+K+,5,graph,test,1.5621,-1.2054,3,1
global,ref+aging+idle+age+refaults,K+K+,5,graph,val,1.5623,-1.2257,3,1
global,ref+aging+idle+age+refaults,K+K+,5,kv,heldout,1.0739,-0.1791,5,0
global,ref+aging+idle+age+refaults,K+K+,5,kv,test,1.0825,-0.1996,6,0
global,ref+aging+idle+age+refaults,K+K+,5,kv,val,1.0759,-0.1862,6,0
global,ref+aging+idle+age+refaults,K+K+,5,matmul,heldout,1.0090,-0.0659,2,0
global,ref+aging+idle+age+refaults,K+K+,5,sort,heldout,0.9724,0.3376,3,0
global,ref+aging+idle+age+refaults,K+K+,5,sort,test,0.9645,0.2697,2,0
global,ref+aging+idle+age+refaults,K+K+,5,sort,val,0.9742,0.2236,2,0
global,ref+aging+idle+age+refaults+rdist,K+K+,6,btree,heldout,0.9698,0.0808,5,0
global,ref+aging+idle+age+refaults+rdist,K+K+,6,btree,test,1.0486,-0.1201,4,0
global,ref+aging+idle+age+refaults+rdist,K+K+,6,btree,val,1.0492,-0.1227,4,0
global,ref+aging+idle+age+refaults+rdist,K+K+,6,graph,heldout,0.6404,0.5768,3,0
global,ref+aging+idle+age+refaults+rdist,K+K+,6,graph,test,3.0000,-3.2280,3,3
global,ref+aging+idle+age+refaults+rdist,K+K+,6,graph,val,3.0000,-3.2290,3,3
global,ref+aging+idle+age+refaults+rdist,K+K+,6,kv,heldout,1.0988,-0.2395,5,0
global,ref+aging+idle+age+refaults+rdist,K+K+,6,kv,test,1.1157,-0.2819,6,0
global,ref+aging+idle+age+refaults+rdist,K+K+,6,kv,val,1.0936,-0.2313,6,0
global,ref+aging+idle+age+refaults+rdist,K+K+,6,matmul,heldout,1.0020,-0.0126,2,0
global,ref+aging+idle+age+refaults+rdist,K+K+,6,sort,heldout,0.9514,0.5935,3,0
global,ref+aging+idle+age+refaults+rdist,K+K+,6,sort,test,0.9526,0.4444,2,0
global,ref+aging+idle+age+refaults+rdist,K+K+,6,sort,val,0.9599,0.4143,2,0
global,ref+aging+idle+dirty,K,4,btree,heldout,0.9958,0.0113,5,0
global,ref+aging+idle+dirty,K,4,btree,test,1.0014,-0.0032,4,0
global,ref+aging+idle+dirty,K,4,btree,val,1.0016,-0.0037,4,0
global,ref+aging+idle+dirty,K,4,graph,heldout,0.9942,0.0093,3,0
global,ref+aging+idle+dirty,K,4,graph,test,0.9637,0.0587,3,0
global,ref+aging+idle+dirty,K,4,graph,val,0.9618,0.0613,3,0
global,ref+aging+idle+dirty,K,4,kv,heldout,0.9854,0.0353,5,0
global,ref+aging+idle+dirty,K,4,kv,test,0.9865,0.0309,6,0
global,ref+aging+idle+dirty,K,4,kv,val,0.9863,0.0314,6,0
global,ref+aging+idle+dirty,K,4,matmul,heldout,0.9990,0.0072,2,0
global,ref+aging+idle+dirty,K,4,sort,heldout,1.0000,0.0000,3,0
global,ref+aging+idle+dirty,K,4,sort,test,0.9630,0.2812,2,0
global,ref+aging+idle+dirty,K,4,sort,val,0.9648,0.3015,2,0
global,ref+aging+idle+dirty+rdist,K+K+,5,btree,heldout,1.4164,-1.1158,5,0
global,ref+aging+idle+dirty+rdist,K+K+,5,btree,test,2.0197,-2.2894,4,0
global,ref+aging+idle+dirty+rdist,K+K+,5,btree,val,2.0208,-2.3039,4,0
global,ref+aging+idle+dirty+rdist,K+K+,5,graph,heldout,3.0000,-3.2102,3,3
global,ref+aging+idle+dirty+rdist,K+K+,5,graph,test,3.0000,-3.2280,3,3
global,ref+aging+idle+dirty+rdist,K+K+,5,graph,val,3.0000,-3.2290,3,3
global,ref+aging+idle+dirty+rdist,K+K+,5,kv,heldout,1.8582,-2.0814,5,0
global,ref+aging+idle+dirty+rdist,K+K+,5,kv,test,1.7756,-1.9444,6,1
global,ref+aging+idle+dirty+rdist,K+K+,5,kv,val,1.7793,-1.9609,6,1
global,ref+aging+idle+dirty+rdist,K+K+,5,matmul,heldout,1.0008,-0.0063,2,0
global,ref+aging+idle+dirty+rdist,K+K+,5,sort,heldout,0.9467,0.6516,3,0
global,ref+aging+idle+dirty+rdist,K+K+,5,sort,test,0.9477,0.4891,2,0
global,ref+aging+idle+dirty+rdist,K+K+,5,sort,val,0.9510,0.4990,2,0
global,ref+aging+idle+dirty+refaults,K+K+,5,btree,heldout,0.9381,0.1659,5,0
global,ref+aging+idle+dirty+refaults,K+K+,5,btree,test,0.9280,0.1595,4,0
global,ref+aging+idle+dirty+refaults,K+K+,5,btree,val,0.9302,0.1551,4,0
global,ref+aging+idle+dirty+refaults,K+K+,5,graph,heldout,0.5345,0.7471,3,0
global,ref+aging+idle+dirty+refaults,K+K+,5,graph,test,0.6895,0.5177,3,0
global,ref+aging+idle+dirty+refaults,K+K+,5,graph,val,0.6918,0.5143,3,0
global,ref+aging+idle+dirty+refaults,K+K+,5,kv,heldout,0.9352,0.1570,5,0
global,ref+aging+idle+dirty+refaults,K+K+,5,kv,test,0.9290,0.1571,6,0
global,ref+aging+idle+dirty+refaults,K+K+,5,kv,val,0.9336,0.1473,6,0
global,ref+aging+idle+dirty+refaults,K+K+,5,matmul,heldout,1.0007,-0.0045,2,0
global,ref+aging+idle+dirty+refaults,K+K+,5,sort,heldout,1.0000,0.0000,3,0
global,ref+aging+idle+dirty+refaults,K+K+,5,sort,test,0.9668,0.2476,2,0
global,ref+aging+idle+dirty+refaults,K+K+,5,sort,val,0.9699,0.2573,2,0
global,ref+aging+idle+dirty+refaults+rdist,K+K+,6,btree,heldout,0.9167,0.2230,5,0
global,ref+aging+idle+dirty+refaults+rdist,K+K+,6,btree,test,0.9078,0.2030,4,0
global,ref+aging+idle+dirty+refaults+rdist,K+K+,6,btree,val,0.9153,0.1870,4,0
global,ref+aging+idle+dirty+refaults+rdist,K+K+,6,graph,heldout,0.5382,0.7412,3,0
global,ref+aging+idle+dirty+refaults+rdist,K+K+,6,graph,test,1.2375,-0.4147,3,0
global,ref+aging+idle+dirty+refaults+rdist,K+K+,6,graph,val,1.2342,-0.4121,3,0
global,ref+aging+idle+dirty+refaults+rdist,K+K+,6,kv,heldout,1.1180,-0.2863,5,0
global,ref+aging+idle+dirty+refaults+rdist,K+K+,6,kv,test,1.1018,-0.2387,6,0
global,ref+aging+idle+dirty+refaults+rdist,K+K+,6,kv,val,1.1000,-0.2371,6,0
global,ref+aging+idle+dirty+refaults+rdist,K+K+,6,matmul,heldout,1.0009,-0.0067,2,0
global,ref+aging+idle+dirty+refaults+rdist,K+K+,6,sort,heldout,0.9483,0.6323,3,0
global,ref+aging+idle+dirty+refaults+rdist,K+K+,6,sort,test,0.9473,0.5090,2,0
global,ref+aging+idle+dirty+refaults+rdist,K+K+,6,sort,val,0.9552,0.4734,2,0
global,ref+aging+idle+rdist,K+K+,4,btree,heldout,1.4442,-1.1907,5,0
global,ref+aging+idle+rdist,K+K+,4,btree,test,2.0619,-2.3918,4,0
global,ref+aging+idle+rdist,K+K+,4,btree,val,2.0713,-2.4258,4,0
global,ref+aging+idle+rdist,K+K+,4,graph,heldout,3.0000,-3.2102,3,3
global,ref+aging+idle+rdist,K+K+,4,graph,test,3.0000,-3.2280,3,3
global,ref+aging+idle+rdist,K+K+,4,graph,val,3.0000,-3.2290,3,3
global,ref+aging+idle+rdist,K+K+,4,kv,heldout,1.8575,-2.0795,5,0
global,ref+aging+idle+rdist,K+K+,4,kv,test,1.7580,-1.8966,6,1
global,ref+aging+idle+rdist,K+K+,4,kv,val,1.7667,-1.9252,6,1
global,ref+aging+idle+rdist,K+K+,4,matmul,heldout,0.9710,0.1504,2,0
global,ref+aging+idle+rdist,K+K+,4,sort,heldout,0.9498,0.6129,3,0
global,ref+aging+idle+rdist,K+K+,4,sort,test,0.9476,0.4988,2,0
global,ref+aging+idle+rdist,K+K+,4,sort,val,0.9518,0.4966,2,0
global,ref+aging+idle+refaults,K+K+,4,btree,heldout,0.9402,0.1601,5,0
global,ref+aging+idle+refaults,K+K+,4,btree,test,0.9194,0.1791,4,0
global,ref+aging+idle+refaults,K+K+,4,btree,val,0.9204,0.1776,4,0
global,ref+aging+idle+refaults,K+K+,4,graph,heldout,0.5715,0.6878,3,0
global,ref+aging+idle+refaults,K+K+,4,graph,test,0.7280,0.4562,3,0
global,ref+aging+idle+refaults,K+K+,4,graph,val,0.7300,0.4533,3,0
global,ref+aging+idle+refaults,K+K+,4,kv,heldout,0.9366,0.1536,5,0
global,ref+aging+idle+refaults,K+K+,4,kv,test,0.9375,0.1391,6,0
global,ref+aging+idle+refaults,K+K+,4,kv,val,0.9419,0.1290,6,0
global,ref+aging+idle+refaults,K+K+,4,matmul,heldout,1.0007,-0.0044,2,0
global,ref+aging+idle+refaults,K+K+,4,sort,heldout,1.0000,0.0000,3,0
global,ref+aging+idle+refaults,K+K+,4,sort,test,0.9668,0.2524,2,0
global,ref+aging+idle+refaults,K+K+,4,sort,val,0.9711,0.2496,2,0
global,ref+aging+idle+refaults+rdist,K+K+,5,btree,heldout,0.9157,0.2259,5,0
global,ref+aging+idle+refaults+rdist,K+K+,5,btree,test,0.9085,0.2013,4,0
global,ref+aging+idle+refaults+rdist,K+K+,5,btree,val,0.9135,0.1915,4,0
global,ref+aging+idle+refaults+rdist,K+K+,5,graph,heldout,0.5542,0.7156,3,0
global,ref+aging+idle+refaults+rdist,K+K+,5,graph,test,1.2427,-0.4234,3,0
global,ref+aging+idle+refaults+rdist,K+K+,5,graph,val,1.2381,-0.4130,3,0
global,ref+aging+idle+refaults+rdist,K+K+,5,kv,heldout,1.1181,-0.2865,5,0
global,ref+aging+idle+refaults+rdist,K+K+,5,kv,test,1.1007,-0.2374,6,0
global,ref+aging+idle+refaults+rdist,K+K+,5,kv,val,1.0987,-0.2369,6,0
global,ref+aging+idle+refaults+rdist,K+K+,5,matmul,heldout,1.0009,-0.0067,2,0
global,ref+aging+idle+refaults+rdist,K+K+,5,sort,heldout,0.9483,0.6323,3,0
global,ref+aging+idle+refaults+rdist,K+K+,5,sort,test,0.9473,0.5090,2,0
global,ref+aging+idle+refaults+rdist,K+K+,5,sort,val,0.9552,0.4734,2,0
global,ref+aging+rdist,K+K+,3,btree,heldout,1.3468,-0.9289,5,0
global,ref+aging+rdist,K+K+,3,btree,test,1.8499,-1.9086,4,0
global,ref+aging+rdist,K+K+,3,btree,val,1.8578,-1.9335,4,0
global,ref+aging+rdist,K+K+,3,graph,heldout,3.0000,-3.2102,3,3
global,ref+aging+rdist,K+K+,3,graph,test,3.0000,-3.2280,3,3
global,ref+aging+rdist,K+K+,3,graph,val,3.0000,-3.2290,3,3
global,ref+aging+rdist,K+K+,3,kv,heldout,1.7665,-1.8588,5,0
global,ref+aging+rdist,K+K+,3,kv,test,1.7023,-1.7695,6,1
global,ref+aging+rdist,K+K+,3,kv,val,1.7116,-1.8010,6,1
global,ref+aging+rdist,K+K+,3,matmul,heldout,0.9710,0.1504,2,0
global,ref+aging+rdist,K+K+,3,sort,heldout,0.9498,0.6129,3,0
global,ref+aging+rdist,K+K+,3,sort,test,0.9488,0.4829,2,0
global,ref+aging+rdist,K+K+,3,sort,val,0.9529,0.4808,2,0
global,ref+aging+refaults,K+K+,3,btree,heldout,0.8954,0.2800,5,0
global,ref+aging+refaults,K+K+,3,btree,test,0.8905,0.2422,4,0
global,ref+aging+refaults,K+K+,3,btree,val,0.8927,0.2380,4,0
global,ref+aging+refaults,K+K+,3,graph,heldout,0.5234,0.7650,3,0
global,ref+aging+refaults,K+K+,3,graph,test,0.8564,0.2448,3,0
global,ref+aging+refaults,K+K+,3,graph,val,0.8583,0.2418,3,0
global,ref+aging+refaults,K+K+,3,kv,heldout,0.9555,0.1079,5,0
global,ref+aging+refaults,K+K+,3,kv,test,0.9523,0.1032,6,0
global,ref+aging+refaults,K+K+,3,kv,val,0.9505,0.1069,6,0
global,ref+aging+refaults,K+K+,3,matmul,heldout,0.9992,0.0064,2,0
global,ref+aging+refaults,K+K+,3,sort,heldout,1.0000,0.0000,3,0
global,ref+aging+refaults,K+K+,3,sort,test,0.9668,0.2524,2,0
global,ref+aging+refaults,K+K+,3,sort,val,0.9711,0.2496,2,0
global,ref+aging+refaults+rdist,K+K+,4,btree,heldout,0.9144,0.2291,5,0
global,ref+aging+refaults+rdist,K+K+,4,btree,test,0.9027,0.2152,4,0
global,ref+aging+refaults+rdist,K+K+,4,btree,val,0.9058,0.2087,4,0
global,ref+aging+refaults+rdist,K+K+,4,graph,heldout,0.5020,0.7993,3,0
global,ref+aging+refaults+rdist,K+K+,4,graph,test,0.9318,0.1120,3,0
global,ref+aging+refaults+rdist,K+K+,4,graph,val,0.9348,0.1046,3,0
global,ref+aging+refaults+rdist,K+K+,4,kv,heldout,1.0732,-0.1776,5,0
global,ref+aging+refaults+rdist,K+K+,4,kv,test,1.0638,-0.1533,6,0
global,ref+aging+refaults+rdist,K+K+,4,kv,val,1.0561,-0.1375,6,0
global,ref+aging+refaults+rdist,K+K+,4,matmul,heldout,1.0009,-0.0067,2,0
global,ref+aging+refaults+rdist,K+K+,4,sort,heldout,0.9488,0.6258,3,0
global,ref+aging+refaults+rdist,K+K+,4,sort,test,0.9476,0.5037,2,0
global,ref+aging+refaults+rdist,K+K+,4,sort,val,0.9552,0.4734,2,0
global,ref+aging+sfreq,K,3,btree,heldout,1.0319,-0.0855,5,0
global,ref+aging+sfreq,K,3,btree,test,1.2319,-0.5176,4,0
global,ref+aging+sfreq,K,3,btree,val,1.2352,-0.5273,4,0
global,ref+aging+sfreq,K,3,graph,heldout,1.4806,-0.7725,3,0
global,ref+aging+sfreq,K,3,graph,test,3.0000,-3.2280,3,3
global,ref+aging+sfreq,K,3,graph,val,3.0000,-3.2290,3,3
global,ref+aging+sfreq,K,3,kv,heldout,1.0837,-0.2029,5,0
global,ref+aging+sfreq,K,3,kv,test,1.1019,-0.2536,6,0
global,ref+aging+sfreq,K,3,kv,val,1.0900,-0.2281,6,0
global,ref+aging+sfreq,K,3,matmul,heldout,0.9990,0.0072,2,0
global,ref+aging+sfreq,K,3,sort,heldout,0.9784,0.2645,3,0
global,ref+aging+sfreq,K,3,sort,test,0.9645,0.2697,2,0
global,ref+aging+sfreq,K,3,sort,val,0.9742,0.2236,2,0
global,ref+aging+sfreq+age,K,4,btree,heldout,1.2955,-0.7916,5,0
global,ref+aging+sfreq+age,K,4,btree,test,1.6334,-1.4282,4,0
global,ref+aging+sfreq+age,K,4,btree,val,1.6356,-1.4413,4,0
global,ref+aging+sfreq+age,K,4,graph,heldout,0.5347,0.7468,3,0
global,ref+aging+sfreq+age,K,4,graph,test,3.0000,-3.2280,3,3
global,ref+aging+sfreq+age,K,4,graph,val,3.0000,-3.2290,3,3
global,ref+aging+sfreq+age,K,4,kv,heldout,1.3550,-0.8614,5,0
global,ref+aging+sfreq+age,K,4,kv,test,1.3266,-0.7746,6,0
global,ref+aging+sfreq+age,K,4,kv,val,1.3998,-0.9936,6,0
global,ref+aging+sfreq+age,K,4,matmul,heldout,0.9990,0.0072,2,0
global,ref+aging+sfreq+age,K,4,sort,heldout,0.9741,0.3161,3,0
global,ref+aging+sfreq+age,K,4,sort,test,0.9645,0.2697,2,0
global,ref+aging+sfreq+age,K,4,sort,val,0.9742,0.2236,2,0
global,ref+aging+sfreq+age+dirty,K,5,btree,heldout,1.2600,-0.6967,5,0
global,ref+aging+sfreq+age+dirty,K,5,btree,test,1.5518,-1.2391,4,0
global,ref+aging+sfreq+age+dirty,K,5,btree,val,1.5725,-1.3003,4,0
global,ref+aging+sfreq+age+dirty,K,5,graph,heldout,0.7549,0.3931,3,0
global,ref+aging+sfreq+age+dirty,K,5,graph,test,3.0000,-3.2280,3,3
global,ref+aging+sfreq+age+dirty,K,5,graph,val,3.0000,-3.2290,3,3
global,ref+aging+sfreq+age+dirty,K,5,kv,heldout,1.3128,-0.7595,5,0
global,ref+aging+sfreq+age+dirty,K,5,kv,test,1.3880,-0.9419,6,0
global,ref+aging+sfreq+age+dirty,K,5,kv,val,1.3379,-0.8127,6,0
global,ref+aging+sfreq+age+dirty,K,5,matmul,heldout,0.9990,0.0072,2,0
global,ref+aging+sfreq+age+dirty,K,5,sort,heldout,0.9639,0.4409,3,0
global,ref+aging+sfreq+age+dirty,K,5,sort,test,0.9637,0.2754,2,0
global,ref+aging+sfreq+age+dirty,K,5,sort,val,0.9742,0.2236,2,0
global,ref+aging+sfreq+age+dirty+rdist,K+K+,6,btree,heldout,1.4574,-1.2294,5,0
global,ref+aging+sfreq+age+dirty+rdist,K+K+,6,btree,test,2.0460,-2.3427,4,0
global,ref+aging+sfreq+age+dirty+rdist,K+K+,6,btree,val,2.0501,-2.3641,4,0
global,ref+aging+sfreq+age+dirty+rdist,K+K+,6,graph,heldout,0.9401,0.0957,3,0
global,ref+aging+sfreq+age+dirty+rdist,K+K+,6,graph,test,3.0000,-3.2280,3,3
global,ref+aging+sfreq+age+dirty+rdist,K+K+,6,graph,val,3.0000,-3.2290,3,3
global,ref+aging+sfreq+age+dirty+rdist,K+K+,6,kv,heldout,1.8323,-2.0192,5,0
global,ref+aging+sfreq+age+dirty+rdist,K+K+,6,kv,test,1.7950,-2.0123,6,1
global,ref+aging+sfreq+age+dirty+rdist,K+K+,6,kv,val,1.8076,-2.0332,6,1
global,ref+aging+sfreq+age+dirty+rdist,K+K+,6,matmul,heldout,1.0008,-0.0063,2,0
global,ref+aging+sfreq+age+dirty+rdist,K+K+,6,sort,heldout,0.9467,0.6516,3,0
global,ref+aging+sfreq+age+dirty+rdist,K+K+,6,sort,test,0.9465,0.5148,2,0
global,ref+aging+sfreq+age+dirty+rdist,K+K+,6,sort,val,0.9537,0.4864,2,0
global,ref+aging+sfreq+age+dirty+refaults,K+K+,6,btree,heldout,0.9191,0.2168,5,0
global,ref+aging+sfreq+age+dirty+refaults,K+K+,6,btree,test,0.9826,0.0358,4,0
global,ref+aging+sfreq+age+dirty+refaults,K+K+,6,btree,val,0.9957,0.0055,4,0
global,ref+aging+sfreq+age+dirty+refaults,K+K+,6,graph,heldout,1.7677,-1.2323,3,0
global,ref+aging+sfreq+age+dirty+refaults,K+K+,6,graph,test,3.0000,-3.2280,3,3
global,ref+aging+sfreq+age+dirty+refaults,K+K+,6,graph,val,3.0000,-3.2290,3,3
global,ref+aging+sfreq+age+dirty+refaults,K+K+,6,kv,heldout,1.0983,-0.2386,5,0
global,ref+aging+sfreq+age+dirty+refaults,K+K+,6,kv,test,1.1130,-0.2750,6,0
global,ref+aging+sfreq+age+dirty+refaults,K+K+,6,kv,val,1.1069,-0.2620,6,0
global,ref+aging+sfreq+age+dirty+refaults,K+K+,6,matmul,heldout,1.1095,-0.6224,2,0
global,ref+aging+sfreq+age+dirty+refaults,K+K+,6,sort,heldout,0.9634,0.4473,3,0
global,ref+aging+sfreq+age+dirty+refaults,K+K+,6,sort,test,0.9622,0.3016,2,0
global,ref+aging+sfreq+age+dirty+refaults,K+K+,6,sort,val,0.9715,0.2604,2,0
global,ref+aging+sfreq+age+dirty+refaults+rdist,K+K+,7,btree,heldout,1.0326,-0.0874,5,0
global,ref+aging+sfreq+age+dirty+refaults+rdist,K+K+,7,btree,test,1.1442,-0.3335,4,0
global,ref+aging+sfreq+age+dirty+refaults+rdist,K+K+,7,btree,val,1.1527,-0.3562,4,0
global,ref+aging+sfreq+age+dirty+refaults+rdist,K+K+,7,graph,heldout,2.1884,-1.9077,3,0
global,ref+aging+sfreq+age+dirty+refaults+rdist,K+K+,7,graph,test,3.0000,-3.2280,3,3
global,ref+aging+sfreq+age+dirty+refaults+rdist,K+K+,7,graph,val,3.0000,-3.2290,3,3
global,ref+aging+sfreq+age+dirty+refaults+rdist,K+K+,7,kv,heldout,1.1530,-0.3710,5,0
global,ref+aging+sfreq+age+dirty+refaults+rdist,K+K+,7,kv,test,1.1671,-0.4033,6,0
global,ref+aging+sfreq+age+dirty+refaults+rdist,K+K+,7,kv,val,1.1292,-0.3172,6,0
global,ref+aging+sfreq+age+dirty+refaults+rdist,K+K+,7,matmul,heldout,1.0017,-0.0109,2,0
global,ref+aging+sfreq+age+dirty+refaults+rdist,K+K+,7,sort,heldout,0.9512,0.5957,3,0
global,ref+aging+sfreq+age+dirty+refaults+rdist,K+K+,7,sort,test,0.9515,0.4554,2,0
global,ref+aging+sfreq+age+dirty+refaults+rdist,K+K+,7,sort,val,0.9583,0.4353,2,0
global,ref+aging+sfreq+age+rdist,K+K+,5,btree,heldout,1.4707,-1.2655,5,0
global,ref+aging+sfreq+age+rdist,K+K+,5,btree,test,2.0906,-2.4391,4,0
global,ref+aging+sfreq+age+rdist,K+K+,5,btree,val,2.1451,-2.5931,4,0
global,ref+aging+sfreq+age+rdist,K+K+,5,graph,heldout,0.5756,0.6792,3,0
global,ref+aging+sfreq+age+rdist,K+K+,5,graph,test,3.0000,-3.2280,3,3
global,ref+aging+sfreq+age+rdist,K+K+,5,graph,val,3.0000,-3.2290,3,3
global,ref+aging+sfreq+age+rdist,K+K+,5,kv,heldout,1.8574,-2.0796,5,0
global,ref+aging+sfreq+age+rdist,K+K+,5,kv,test,1.7365,-1.8629,6,1
global,ref+aging+sfreq+age+rdist,K+K+,5,kv,val,1.7903,-1.9925,6,1
global,ref+aging+sfreq+age+rdist,K+K+,5,matmul,heldout,1.0008,-0.0063,2,0
global,ref+aging+sfreq+age+rdist,K+K+,5,sort,heldout,0.9467,0.6516,3,0
global,ref+aging+sfreq+age+rdist,K+K+,5,sort,test,0.9480,0.5033,2,0
global,ref+aging+sfreq+age+rdist,K+K+,5,sort,val,0.9544,0.4799,2,0
global,ref+aging+sfreq+age+refaults,K+K+,5,btree,heldout,0.9240,0.2036,5,0
global,ref+aging+sfreq+age+refaults,K+K+,5,btree,test,0.9945,0.0093,4,0
global,ref+aging+sfreq+age+refaults,K+K+,5,btree,val,1.0037,-0.0122,4,0
global,ref+aging+sfreq+age+refaults,K+K+,5,graph,heldout,1.7784,-1.2497,3,0
global,ref+aging+sfreq+age+refaults,K+K+,5,graph,test,3.0000,-3.2280,3,3
global,ref+aging+sfreq+age+refaults,K+K+,5,graph,val,3.0000,-3.2290,3,3
global,ref+aging+sfreq+age+refaults,K+K+,5,kv,heldout,1.0999,-0.2426,5,0
global,ref+aging+sfreq+age+refaults,K+K+,5,kv,test,1.1179,-0.2836,6,0
global,ref+aging+sfreq+age+refaults,K+K+,5,kv,val,1.0991,-0.2442,6,0
global,ref+aging+sfreq+age+refaults,K+K+,5,matmul,heldout,1.0930,-0.5276,2,0
global,ref+aging+sfreq+age+refaults,K+K+,5,sort,heldout,0.9673,0.4000,3,0
global,ref+aging+sfreq+age+refaults,K+K+,5,sort,test,0.9622,0.3016,2,0
global,ref+aging+sfreq+age+refaults,K+K+,5,sort,val,0.9715,0.2604,2,0
global,ref+aging+sfreq+age+refaults+rdist,K+K+,6,btree,heldout,1.0513,-0.1374,5,0
global,ref+aging+sfreq+age+refaults+rdist,K+K+,6,btree,test,1.1942,-0.4451,4,0
global,ref+aging+sfreq+age+refaults+rdist,K+K+,6,btree,val,1.1860,-0.4280,4,0
global,ref+aging+sfreq+age+refaults+rdist,K+K+,6,graph,heldout,1.9129,-1.4817,3,0
global,ref+aging+sfreq+age+refaults+rdist,K+K+,6,graph,test,3.0000,-3.2280,3,3
global,ref+aging+sfreq+age+refaults+rdist,K+K+,6,graph,val,3.0000,-3.2290,3,3
global,ref+aging+sfreq+age+refaults+rdist,K+K+,6,kv,heldout,1.1500,-0.3639,5,0
global,ref+aging+sfreq+age+refaults+rdist,K+K+,6,kv,test,1.1548,-0.3766,6,0
global,ref+aging+sfreq+age+refaults+rdist,K+K+,6,kv,val,1.1186,-0.2924,6,0
global,ref+aging+sfreq+age+refaults+rdist,K+K+,6,matmul,heldout,1.0017,-0.0109,2,0
global,ref+aging+sfreq+age+refaults+rdist,K+K+,6,sort,heldout,0.9467,0.6516,3,0
global,ref+aging+sfreq+age+refaults+rdist,K+K+,6,sort,test,0.9496,0.4820,2,0
global,ref+aging+sfreq+age+refaults+rdist,K+K+,6,sort,val,0.9575,0.4459,2,0
global,ref+aging+sfreq+dirty,K,4,btree,heldout,0.9917,0.0222,5,0
global,ref+aging+sfreq+dirty,K,4,btree,test,1.1354,-0.3012,4,0
global,ref+aging+sfreq+dirty,K,4,btree,val,1.1354,-0.3024,4,0
global,ref+aging+sfreq+dirty,K,4,graph,heldout,2.8815,-3.0214,3,0
global,ref+aging+sfreq+dirty,K,4,graph,test,3.0000,-3.2280,3,3
global,ref+aging+sfreq+dirty,K,4,graph,val,3.0000,-3.2290,3,3
global,ref+aging+sfreq+dirty,K,4,kv,heldout,1.0816,-0.1979,5,0
global,ref+aging+sfreq+dirty,K,4,kv,test,1.0988,-0.2441,6,0
global,ref+aging+sfreq+dirty,K,4,kv,val,1.0855,-0.2166,6,0
global,ref+aging+sfreq+dirty,K,4,matmul,heldout,0.9990,0.0072,2,0
global,ref+aging+sfreq+dirty,K,4,sort,heldout,0.9877,0.1505,3,0
global,ref+aging+sfreq+dirty,K,4,sort,test,0.9637,0.2754,2,0
global,ref+aging+sfreq+dirty,K,4,sort,val,0.9742,0.2236,2,0
global,ref+aging+sfreq+dirty+rdist,K+K+,5,btree,heldout,1.0461,-0.1234,5,0
global,ref+aging+sfreq+dirty+rdist,K+K+,5,btree,test,1.2753,-0.6134,4,0
global,ref+aging+sfreq+dirty+rdist,K+K+,5,btree,val,1.2668,-0.5973,4,0
global,ref+aging+sfreq+dirty+rdist,K+K+,5,graph,heldout,3.0000,-3.2102,3,3
global,ref+aging+sfreq+dirty+rdist,K+K+,5,graph,test,3.0000,-3.2280,3,3
global,ref+aging+sfreq+dirty+rdist,K+K+,5,graph,val,3.0000,-3.2290,3,3
global,ref+aging+sfreq+dirty+rdist,K+K+,5,kv,heldout,1.2994,-0.7270,5,0
global,ref+aging+sfreq+dirty+rdist,K+K+,5,kv,test,1.4051,-0.9632,6,0
global,ref+aging+sfreq+dirty+rdist,K+K+,5,kv,val,1.3839,-0.9183,6,0
global,ref+aging+sfreq+dirty+rdist,K+K+,5,matmul,heldout,1.0008,-0.0063,2,0
global,ref+aging+sfreq+dirty+rdist,K+K+,5,sort,heldout,0.9520,0.5871,3,0
global,ref+aging+sfreq+dirty+rdist,K+K+,5,sort,test,0.9496,0.4722,2,0
global,ref+aging+sfreq+dirty+rdist,K+K+,5,sort,val,0.9564,0.4536,2,0
global,ref+aging+sfreq+dirty+refaults,K+K+,5,btree,heldout,0.8555,0.3870,5,0
global,ref+aging+sfreq+dirty+refaults,K+K+,5,btree,test,0.8798,0.2632,4,0
global,ref+aging+sfreq+dirty+refaults,K+K+,5,btree,val,0.8818,0.2598,4,0
global,ref+aging+sfreq+dirty+refaults,K+K+,5,graph,heldout,1.7357,-1.1809,3,0
global,ref+aging+sfreq+dirty+refaults,K+K+,5,graph,test,3.0000,-3.2280,3,3
global,ref+aging+sfreq+dirty+refaults,K+K+,5,graph,val,3.0000,-3.2290,3,3
global,ref+aging+sfreq+dirty+refaults,K+K+,5,kv,heldout,1.0356,-0.0864,5,0
global,ref+aging+sfreq+dirty+refaults,K+K+,5,kv,test,1.0634,-0.1575,6,0
global,ref+aging+sfreq+dirty+refaults,K+K+,5,kv,val,1.0552,-0.1415,6,0
global,ref+aging+sfreq+dirty+refaults,K+K+,5,matmul,heldout,1.1763,-1.0609,2,0
global,ref+aging+sfreq+dirty+refaults,K+K+,5,sort,heldout,0.9822,0.2172,3,0
global,ref+aging+sfreq+dirty+refaults,K+K+,5,sort,test,0.9634,0.2856,2,0
global,ref+aging+sfreq+dirty+refaults,K+K+,5,sort,val,0.9742,0.2236,2,0
global,ref+aging+sfreq+dirty+refaults+rdist,K+K+,6,btree,heldout,0.8529,0.3939,5,0
global,ref+aging+sfreq+dirty+refaults+rdist,K+K+,6,btree,test,0.8664,0.2938,4,0
global,ref+aging+sfreq+dirty+refaults+rdist,K+K+,6,btree,val,0.8712,0.2840,4,0
global,ref+aging+sfreq+dirty+refaults+rdist,K+K+,6,graph,heldout,1.9868,-1.5846,3,0
global,ref+aging+sfreq+dirty+refaults+rdist,K+K+,6,graph,test,3.0000,-3.2280,3,3
global,ref+aging+sfreq+dirty+refaults+rdist,K+K+,6,graph,val,3.0000,-3.2290,3,3
global,ref+aging+sfreq+dirty+refaults+rdist,K+K+,6,kv,heldout,1.0387,-0.0939,5,0
global,ref+aging+sfreq+dirty+refaults+rdist,K+K+,6,kv,test,1.0581,-0.1441,6,0
global,ref+aging+sfreq+dirty+refaults+rdist,K+K+,6,kv,val,1.0581,-0.1482,6,0
global,ref+aging+sfreq+dirty+refaults+rdist,K+K+,6,matmul,heldout,1.1660,-0.9924,2,0
global,ref+aging+sfreq+dirty+refaults+rdist,K+K+,6,sort,heldout,0.9588,0.5032,3,0
global,ref+aging+sfreq+dirty+refaults+rdist,K+K+,6,sort,test,0.9546,0.4227,2,0
global,ref+aging+sfreq+dirty+refaults+rdist,K+K+,6,sort,val,0.9618,0.3960,2,0
global,ref+aging+sfreq+idle,K,4,btree,heldout,0.9981,0.0050,5,0
global,ref+aging+sfreq+idle,K,4,btree,test,1.1576,-0.3501,4,0
global,ref+aging+sfreq+idle,K,4,btree,val,1.1612,-0.3599,4,0
global,ref+aging+sfreq+idle,K,4,graph,heldout,0.9830,0.0252,3,0
global,ref+aging+sfreq+idle,K,4,graph,test,3.0000,-3.2280,3,3
global,ref+aging+sfreq+idle,K,4,graph,val,3.0000,-3.2290,3,3
global,ref+aging+sfreq+idle,K,4,kv,heldout,1.0443,-0.1076,5,0
global,ref+aging+sfreq+idle,K,4,kv,test,1.0679,-0.1752,6,0
global,ref+aging+sfreq+idle,K,4,kv,val,1.0612,-0.1626,6,0
global,ref+aging+sfreq+idle,K,4,matmul,heldout,0.9990,0.0072,2,0
global,ref+aging+sfreq+idle,K,4,sort,heldout,0.9988,0.0151,3,0
global,ref+aging+sfreq+idle,K,4,sort,test,0.9645,0.2697,2,0
global,ref+aging+sfreq+idle,K,4,sort,val,0.9742,0.2236,2,0
global,ref+aging+sfreq+idle+age,K,5,btree,heldout,1.0539,-0.1445,5,0
global,ref+aging+sfreq+idle+age,K,5,btree,test,1.2011,-0.4723,4,0
global,ref+aging+sfreq+idle+age,K,5,btree,val,1.2267,-0.5261,4,0
global,ref+aging+sfreq+idle+age,K,5,graph,heldout,0.5531,0.7171,3,0
global,ref+aging+sfreq+idle+age,K,5,graph,test,0.7431,0.4251,3,0
global,ref+aging+sfreq+idle+age,K,5,graph,val,0.7424,0.4247,3,0
global,ref+aging+sfreq+idle+age,K,5,kv,heldout,1.1762,-0.4278,5,0
global,ref+aging+sfreq+idle+age,K,5,kv,test,1.1745,-0.4183,6,0
global,ref+aging+sfreq+idle+age,K,5,kv,val,1.1359,-0.3295,6,0
global,ref+aging+sfreq+idle+age,K,5,matmul,heldout,0.9990,0.0072,2,0
global,ref+aging+sfreq+idle+age,K,5,sort,heldout,0.9683,0.3871,3,0
global,ref+aging+sfreq+idle+age,K,5,sort,test,0.9645,0.2697,2,0
global,ref+aging+sfreq+idle+age,K,5,sort,val,0.9742,0.2236,2,0
global,ref+aging+sfreq+idle+age+dirty,K,6,btree,heldout,0.9210,0.2116,5,0
global,ref+aging+sfreq+idle+age+dirty,K,6,btree,test,0.9851,0.0308,4,0
global,ref+aging+sfreq+idle+age+dirty,K,6,btree,val,1.0099,-0.0238,4,0
global,ref+aging+sfreq+idle+age+dirty,K,6,graph,heldout,1.1128,-0.1832,3,0
global,ref+aging+sfreq+idle+age+dirty,K,6,graph,test,1.1990,-0.4739,3,0
global,ref+aging+sfreq+idle+age+dirty,K,6,graph,val,1.2280,-0.5345,3,0
global,ref+aging+sfreq+idle+age+dirty,K,6,kv,heldout,1.1563,-0.3800,5,0
global,ref+aging+sfreq+idle+age+dirty,K,6,kv,test,1.3960,-0.9665,6,0
global,ref+aging+sfreq+idle+age+dirty,K,6,kv,val,1.3767,-0.9186,6,0
global,ref+aging+sfreq+idle+age+dirty,K,6,matmul,heldout,0.9990,0.0072,2,0
global,ref+aging+sfreq+idle+age+dirty,K,6,sort,heldout,0.9652,0.4258,3,0
global,ref+aging+sfreq+idle+age+dirty,K,6,sort,test,0.9637,0.2754,2,0
global,ref+aging+sfreq+idle+age+dirty,K,6,sort,val,0.9742,0.2236,2,0
global,ref+aging+sfreq+idle+age+dirty+rdist,K+K+,7,btree,heldout,1.4630,-1.2436,5,0
global,ref+aging+sfreq+idle+age+dirty+rdist,K+K+,7,btree,test,2.0265,-2.3028,4,0
global,ref+aging+sfreq+idle+age+dirty+rdist,K+K+,7,btree,val,2.0247,-2.3129,4,0
global,ref+aging+sfreq+idle+age+dirty+rdist,K+K+,7,graph,heldout,1.6299,-1.0122,3,0
global,ref+aging+sfreq+idle+age+dirty+rdist,K+K+,7,graph,test,2.8777,-3.0827,3,2
global,ref+aging+sfreq+idle+age+dirty+rdist,K+K+,7,graph,val,2.9013,-3.1108,3,2
global,ref+aging+sfreq+idle+age+dirty+rdist,K+K+,7,kv,heldout,1.8008,-1.9430,5,0
global,ref+aging+sfreq+idle+age+dirty+rdist,K+K+,7,kv,test,1.7675,-1.9393,6,1
global,ref+aging+sfreq+idle+age+dirty+rdist,K+K+,7,kv,val,1.7427,-1.8829,6,1
global,ref+aging+sfreq+idle+age+dirty+rdist,K+K+,7,matmul,heldout,1.0008,-0.0063,2,0
global,ref+aging+sfreq+idle+age+dirty+rdist,K+K+,7,sort,heldout,0.9467,0.6516,3,0
global,ref+aging+sfreq+idle+age+dirty+rdist,K+K+,7,sort,test,0.9496,0.4722,2,0
global,ref+aging+sfreq+idle+age+dirty+rdist,K+K+,7,sort,val,0.9568,0.4443,2,0
global,ref+aging+sfreq+idle+age+dirty+refaults,K+K+,7,btree,heldout,0.8828,0.3139,5,0
global,ref+aging+sfreq+idle+age+dirty+refaults,K+K+,7,btree,test,0.9168,0.1833,4,0
global,ref+aging+sfreq+idle+age+dirty+refaults,K+K+,7,btree,val,0.9209,0.1756,4,0
global,ref+aging+sfreq+idle+age+dirty+refaults,K+K+,7,graph,heldout,0.5088,0.7885,3,0
global,ref+aging+sfreq+idle+age+dirty+refaults,K+K+,7,graph,test,1.5719,-1.2064,3,1
global,ref+aging+sfreq+idle+age+dirty+refaults,K+K+,7,graph,val,1.5710,-1.2066,3,1
global,ref+aging+sfreq+idle+age+dirty+refaults,K+K+,7,kv,heldout,1.0725,-0.1758,5,0
global,ref+aging+sfreq+idle+age+dirty+refaults,K+K+,7,kv,test,1.0880,-0.2122,6,0
global,ref+aging+sfreq+idle+age+dirty+refaults,K+K+,7,kv,val,1.0755,-0.1855,6,0
global,ref+aging+sfreq+idle+age+dirty+refaults,K+K+,7,matmul,heldout,1.0080,-0.0578,2,0
global,ref+aging+sfreq+idle+age+dirty+refaults,K+K+,7,sort,heldout,0.9696,0.3720,3,0
global,ref+aging+sfreq+idle+age+dirty+refaults,K+K+,7,sort,test,0.9645,0.2697,2,0
global,ref+aging+sfreq+idle+age+dirty+refaults,K+K+,7,sort,val,0.9742,0.2236,2,0
global,ref+aging+sfreq+idle+age+dirty+refaults+rdist,K+K+,8,btree,heldout,0.9312,0.1841,5,0
global,ref+aging+sfreq+idle+age+dirty+refaults+rdist,K+K+,8,btree,test,0.9887,0.0141,4,0
global,ref+aging+sfreq+idle+age+dirty+refaults+rdist,K+K+,8,btree,val,0.9945,0.0001,4,0
global,ref+aging+sfreq+idle+age+dirty+refaults+rdist,K+K+,8,graph,heldout,0.5103,0.7859,3,0
global,ref+aging+sfreq+idle+age+dirty+refaults+rdist,K+K+,8,graph,test,1.8866,-1.8732,3,2
global,ref+aging+sfreq+idle+age+dirty+refaults+rdist,K+K+,8,graph,val,1.8678,-1.8619,3,2
global,ref+aging+sfreq+idle+age+dirty+refaults+rdist,K+K+,8,kv,heldout,1.1475,-0.3576,5,0
global,ref+aging+sfreq+idle+age+dirty+refaults+rdist,K+K+,8,kv,test,1.1399,-0.3376,6,0
global,ref+aging+sfreq+idle+age+dirty+refaults+rdist,K+K+,8,kv,val,1.1112,-0.2729,6,0
global,ref+aging+sfreq+idle+age+dirty+refaults+rdist,K+K+,8,matmul,heldout,1.0012,-0.0082,2,0
global,ref+aging+sfreq+idle+age+dirty+refaults+rdist,K+K+,8,sort,heldout,0.9504,0.6065,3,0
global,ref+aging+sfreq+idle+age+dirty+refaults+rdist,K+K+,8,sort,test,0.9534,0.4386,2,0
global,ref+aging+sfreq+idle+age+dirty+refaults+rdist,K+K+,8,sort,val,0.9606,0.4118,2,0
global,ref+aging+sfreq+idle+age+rdist,K+K+,6,btree,heldout,1.4735,-1.2730,5,0
global,ref+aging+sfreq+idle+age+rdist,K+K+,6,btree,test,2.1300,-2.5489,4,0
global,ref+aging+sfreq+idle+age+rdist,K+K+,6,btree,val,2.1146,-2.5175,4,0
global,ref+aging+sfreq+idle+age+rdist,K+K+,6,graph,heldout,0.8896,0.1766,3,0
global,ref+aging+sfreq+idle+age+rdist,K+K+,6,graph,test,2.4594,-2.4072,3,1
global,ref+aging+sfreq+idle+age+rdist,K+K+,6,graph,val,2.4839,-2.4397,3,1
global,ref+aging+sfreq+idle+age+rdist,K+K+,6,kv,heldout,1.8187,-1.9864,5,0
global,ref+aging+sfreq+idle+age+rdist,K+K+,6,kv,test,1.7228,-1.8286,6,1
global,ref+aging+sfreq+idle+age+rdist,K+K+,6,kv,val,1.6973,-1.7709,6,1
global,ref+aging+sfreq+idle+age+rdist,K+K+,6,matmul,heldout,1.0006,-0.0045,2,0
global,ref+aging+sfreq+idle+age+rdist,K+K+,6,sort,heldout,0.9491,0.6215,3,0
global,ref+aging+sfreq+idle+age+rdist,K+K+,6,sort,test,0.9492,0.4873,2,0
global,ref+aging+sfreq+idle+age+rdist,K+K+,6,sort,val,0.9556,0.4641,2,0
global,ref+aging+sfreq+idle+age+refaults,K+K+,6,btree,heldout,0.8922,0.2886,5,0
global,ref+aging+sfreq+idle+age+refaults,K+K+,6,btree,test,0.9350,0.1433,4,0
global,ref+aging+sfreq+idle+age+refaults,K+K+,6,btree,val,0.9379,0.1379,4,0
global,ref+aging+sfreq+idle+age+refaults,K+K+,6,graph,heldout,0.5063,0.7925,3,0
global,ref+aging+sfreq+idle+age+refaults,K+K+,6,graph,test,1.5124,-1.1179,3,1
global,ref+aging+sfreq+idle+age+refaults,K+K+,6,graph,val,1.4946,-1.0755,3,0
global,ref+aging+sfreq+idle+age+refaults,K+K+,6,kv,heldout,1.0746,-0.1809,5,0
global,ref+aging+sfreq+idle+age+refaults,K+K+,6,kv,test,1.0866,-0.2088,6,0
global,ref+aging+sfreq+idle+age+refaults,K+K+,6,kv,val,1.0728,-0.1785,6,0
global,ref+aging+sfreq+idle+age+refaults,K+K+,6,matmul,heldout,1.0093,-0.0676,2,0
global,ref+aging+sfreq+idle+age+refaults,K+K+,6,sort,heldout,0.9724,0.3376,3,0
global,ref+aging+sfreq+idle+age+refaults,K+K+,6,sort,test,0.9645,0.2697,2,0
global,ref+aging+sfreq+idle+age+refaults,K+K+,6,sort,val,0.9742,0.2236,2,0
global,ref+aging+sfreq+idle+age+refaults+rdist,K+K+,7,btree,heldout,0.9706,0.0787,5,0
global,ref+aging+sfreq+idle+age+refaults+rdist,K+K+,7,btree,test,1.0448,-0.1160,4,0
global,ref+aging+sfreq+idle+age+refaults+rdist,K+K+,7,btree,val,1.0451,-0.1147,4,0
global,ref+aging+sfreq+idle+age+refaults+rdist,K+K+,7,graph,heldout,0.5033,0.7972,3,0
global,ref+aging+sfreq+idle+age+refaults+rdist,K+K+,7,graph,test,1.8066,-1.8185,3,2
global,ref+aging+sfreq+idle+age+refaults+rdist,K+K+,7,graph,val,1.8049,-1.8194,3,2
global,ref+aging+sfreq+idle+age+refaults+rdist,K+K+,7,kv,heldout,1.1427,-0.3461,5,0
global,ref+aging+sfreq+idle+age+refaults+rdist,K+K+,7,kv,test,1.1372,-0.3317,6,0
global,ref+aging+sfreq+idle+age+refaults+rdist,K+K+,7,kv,val,1.1140,-0.2784,6,0
global,ref+aging+sfreq+idle+age+refaults+rdist,K+K+,7,matmul,heldout,1.0012,-0.0083,2,0
global,ref+aging+sfreq+idle+age+refaults+rdist,K+K+,7,sort,heldout,0.9518,0.5892,3,0
global,ref+aging+sfreq+idle+age+refaults+rdist,K+K+,7,sort,test,0.9523,0.4497,2,0
global,ref+aging+sfreq+idle+age+refaults+rdist,K+K+,7,sort,val,0.9595,0.4195,2,0
global,ref+aging+sfreq+idle+dirty,K,5,btree,heldout,0.9247,0.2017,5,0
global,ref+aging+sfreq+idle+dirty,K,5,btree,test,1.0073,-0.0189,4,0
global,ref+aging+sfreq+idle+dirty,K,5,btree,val,1.0060,-0.0167,4,0
global,ref+aging+sfreq+idle+dirty,K,5,graph,heldout,2.6709,-2.6823,3,0
global,ref+aging+sfreq+idle+dirty,K,5,graph,test,3.0000,-3.2280,3,3
global,ref+aging+sfreq+idle+dirty,K,5,graph,val,3.0000,-3.2290,3,3
global,ref+aging+sfreq+idle+dirty,K,5,kv,heldout,1.0371,-0.0900,5,0
global,ref+aging+sfreq+idle+dirty,K,5,kv,test,1.0658,-0.1671,6,0
global,ref+aging+sfreq+idle+dirty,K,5,kv,val,1.0551,-0.1460,6,0
global,ref+aging+sfreq+idle+dirty,K,5,matmul,heldout,0.9990,0.0072,2,0
global,ref+aging+sfreq+idle+dirty,K,5,sort,heldout,0.9993,0.0086,3,0
global,ref+aging+sfreq+idle+dirty,K,5,sort,test,0.9637,0.2754,2,0
global,ref+aging+sfreq+idle+dirty,K,5,sort,val,0.9742,0.2236,2,0
global,ref+aging+sfreq+idle+dirty+rdist,K+K+,6,btree,heldout,1.1324,-0.3548,5,0
global,ref+aging+sfreq+idle+dirty+rdist,K+K+,6,btree,test,1.3641,-0.8139,4,0
global,ref+aging+sfreq+idle+dirty+rdist,K+K+,6,btree,val,1.3478,-0.7891,4,0
global,ref+aging+sfreq+idle+dirty+rdist,K+K+,6,graph,heldout,3.0000,-3.2102,3,3
global,ref+aging+sfreq+idle+dirty+rdist,K+K+,6,graph,test,3.0000,-3.2280,3,3
global,ref+aging+sfreq+idle+dirty+rdist,K+K+,6,graph,val,3.0000,-3.2290,3,3
global,ref+aging+sfreq+idle+dirty+rdist,K+K+,6,kv,heldout,1.3848,-0.9338,5,0
global,ref+aging+sfreq+idle+dirty+rdist,K+K+,6,kv,test,1.5900,-1.4410,6,0
global,ref+aging+sfreq+idle+dirty+rdist,K+K+,6,kv,val,1.5592,-1.3631,6,0
global,ref+aging+sfreq+idle+dirty+rdist,K+K+,6,matmul,heldout,1.0008,-0.0063,2,0
global,ref+aging+sfreq+idle+dirty+rdist,K+K+,6,sort,heldout,0.9509,0.6000,3,0
global,ref+aging+sfreq+idle+dirty+rdist,K+K+,6,sort,test,0.9480,0.4935,2,0
global,ref+aging+sfreq+idle+dirty+rdist,K+K+,6,sort,val,0.9556,0.4601,2,0
global,ref+aging+sfreq+idle+dirty+refaults,K+K+,6,btree,heldout,0.8589,0.3780,5,0
global,ref+aging+sfreq+idle+dirty+refaults,K+K+,6,btree,test,0.8870,0.2472,4,0
global,ref+aging+sfreq+idle+dirty+refaults,K+K+,6,btree,val,0.8867,0.2490,4,0
global,ref+aging+sfreq+idle+dirty+refaults,K+K+,6,graph,heldout,1.8908,-1.4299,3,0
global,ref+aging+sfreq+idle+dirty+refaults,K+K+,6,graph,test,3.0000,-3.2280,3,3
global,ref+aging+sfreq+idle+dirty+refaults,K+K+,6,graph,val,3.0000,-3.2290,3,3
global,ref+aging+sfreq+idle+dirty+refaults,K+K+,6,kv,heldout,1.0441,-0.1069,5,0
global,ref+aging+sfreq+idle+dirty+refaults,K+K+,6,kv,test,1.0711,-0.1775,6,0
global,ref+aging+sfreq+idle+dirty+refaults,K+K+,6,kv,val,1.0622,-0.1597,6,0
global,ref+aging+sfreq+idle+dirty+refaults,K+K+,6,matmul,heldout,1.2000,-1.2228,2,0
global,ref+aging+sfreq+idle+dirty+refaults,K+K+,6,sort,heldout,0.9699,0.3677,3,0
global,ref+aging+sfreq+idle+dirty+refaults,K+K+,6,sort,test,0.9634,0.2856,2,0
global,ref+aging+sfreq+idle+dirty+refaults,K+K+,6,sort,val,0.9734,0.2341,2,0
global,ref+aging+sfreq+idle+dirty+refaults+rdist,K+K+,7,btree,heldout,0.8582,0.3797,5,0
global,ref+aging+sfreq+idle+dirty+refaults+rdist,K+K+,7,btree,test,0.8751,0.2742,4,0
global,ref+aging+sfreq+idle+dirty+refaults+rdist,K+K+,7,btree,val,0.8796,0.2652,4,0
global,ref+aging+sfreq+idle+dirty+refaults+rdist,K+K+,7,graph,heldout,2.3019,-2.0898,3,0
global,ref+aging+sfreq+idle+dirty+refaults+rdist,K+K+,7,graph,test,3.0000,-3.2280,3,3
global,ref+aging+sfreq+idle+dirty+refaults+rdist,K+K+,7,graph,val,3.0000,-3.2290,3,3
global,ref+aging+sfreq+idle+dirty+refaults+rdist,K+K+,7,kv,heldout,1.0537,-0.1302,5,0
global,ref+aging+sfreq+idle+dirty+refaults+rdist,K+K+,7,kv,test,1.0906,-0.2239,6,0
global,ref+aging+sfreq+idle+dirty+refaults+rdist,K+K+,7,kv,val,1.0834,-0.2149,6,0
global,ref+aging+sfreq+idle+dirty+refaults+rdist,K+K+,7,matmul,heldout,1.2683,-1.7135,2,0
global,ref+aging+sfreq+idle+dirty+refaults+rdist,K+K+,7,sort,heldout,0.9527,0.5785,3,0
global,ref+aging+sfreq+idle+dirty+refaults+rdist,K+K+,7,sort,test,0.9550,0.4173,2,0
global,ref+aging+sfreq+idle+dirty+refaults+rdist,K+K+,7,sort,val,0.9614,0.4013,2,0
global,ref+aging+sfreq+idle+rdist,K+K+,5,btree,heldout,1.2226,-0.5963,5,0
global,ref+aging+sfreq+idle+rdist,K+K+,5,btree,test,1.5305,-1.1855,4,0
global,ref+aging+sfreq+idle+rdist,K+K+,5,btree,val,1.5162,-1.1657,4,0
global,ref+aging+sfreq+idle+rdist,K+K+,5,graph,heldout,2.3543,-2.1750,3,0
global,ref+aging+sfreq+idle+rdist,K+K+,5,graph,test,3.0000,-3.2280,3,3
global,ref+aging+sfreq+idle+rdist,K+K+,5,graph,val,3.0000,-3.2290,3,3
global,ref+aging+sfreq+idle+rdist,K+K+,5,kv,heldout,1.4189,-1.0165,5,0
global,ref+aging+sfreq+idle+rdist,K+K+,5,kv,test,1.3571,-0.8438,6,0
global,ref+aging+sfreq+idle+rdist,K+K+,5,kv,val,1.4040,-1.0014,6,0
global,ref+aging+sfreq+idle+rdist,K+K+,5,matmul,heldout,1.0008,-0.0063,2,0
global,ref+aging+sfreq+idle+rdist,K+K+,5,sort,heldout,0.9493,0.6194,3,0
global,ref+aging+sfreq+idle+rdist,K+K+,5,sort,test,0.9480,0.4935,2,0
global,ref+aging+sfreq+idle+rdist,K+K+,5,sort,val,0.9560,0.4589,2,0
global,ref+aging+sfreq+idle+refaults,K+K+,5,btree,heldout,0.8635,0.3656,5,0
global,ref+aging+sfreq+idle+refaults,K+K+,5,btree,test,0.8913,0.2381,4,0
global,ref+aging+sfreq+idle+refaults,K+K+,5,btree,val,0.8927,0.2359,4,0
global,ref+aging+sfreq+idle+refaults,K+K+,5,graph,heldout,1.8513,-1.3665,3,0
global,ref+aging+sfreq+idle+refaults,K+K+,5,graph,test,3.0000,-3.2280,3,3
global,ref+aging+sfreq+idle+refaults,K+K+,5,graph,val,3.0000,-3.2290,3,3
global,ref+aging+sfreq+idle+refaults,K+K+,5,kv,heldout,1.0462,-0.1121,5,0
global,ref+aging+sfreq+idle+refaults,K+K+,5,kv,test,1.0721,-0.1793,6,0
global,ref+aging+sfreq+idle+refaults,K+K+,5,kv,val,1.0655,-0.1656,6,0
global,ref+aging+sfreq+idle+refaults,K+K+,5,matmul,heldout,1.2085,-1.2841,2,0
global,ref+aging+sfreq+idle+refaults,K+K+,5,sort,heldout,0.9699,0.3677,3,0
global,ref+aging+sfreq+idle+refaults,K+K+,5,sort,test,0.9638,0.2803,2,0
global,ref+aging+sfreq+idle+refaults,K+K+,5,sort,val,0.9730,0.2394,2,0
global,ref+aging+sfreq+idle+refaults+rdist,K+K+,6,btree,heldout,0.8625,0.3683,5,0
global,ref+aging+sfreq+idle+refaults+rdist,K+K+,6,btree,test,0.8880,0.2455,4,0
global,ref+aging+sfreq+idle+refaults+rdist,K+K+,6,btree,val,0.8926,0.2358,4,0
global,ref+aging+sfreq+idle+refaults+rdist,K+K+,6,graph,heldout,2.3279,-2.1321,3,0
global,ref+aging+sfreq+idle+refaults+rdist,K+K+,6,graph,test,3.0000,-3.2280,3,3
global,ref+aging+sfreq+idle+refaults+rdist,K+K+,6,graph,val,3.0000,-3.2290,3,3
global,ref+aging+sfreq+idle+refaults+rdist,K+K+,6,kv,heldout,1.0572,-0.1386,5,0
global,ref+aging+sfreq+idle+refaults+rdist,K+K+,6,kv,test,1.0886,-0.2223,6,0
global,ref+aging+sfreq+idle+refaults+rdist,K+K+,6,kv,val,1.0765,-0.1960,6,0
global,ref+aging+sfreq+idle+refaults+rdist,K+K+,6,matmul,heldout,1.1951,-1.1845,2,0
global,ref+aging+sfreq+idle+refaults+rdist,K+K+,6,sort,heldout,0.9511,0.5978,3,0
global,ref+aging+sfreq+idle+refaults+rdist,K+K+,6,sort,test,0.9523,0.4448,2,0
global,ref+aging+sfreq+idle+refaults+rdist,K+K+,6,sort,val,0.9579,0.4406,2,0
global,ref+aging+sfreq+rdist,K+K+,4,btree,heldout,1.1285,-0.3443,5,0
global,ref+aging+sfreq+rdist,K+K+,4,btree,test,1.3771,-0.8420,4,0
global,ref+aging+sfreq+rdist,K+K+,4,btree,val,1.3764,-0.8477,4,0
global,ref+aging+sfreq+rdist,K+K+,4,graph,heldout,1.5452,-0.8752,3,0
global,ref+aging+sfreq+rdist,K+K+,4,graph,test,3.0000,-3.2280,3,3
global,ref+aging+sfreq+rdist,K+K+,4,graph,val,3.0000,-3.2290,3,3
global,ref+aging+sfreq+rdist,K+K+,4,kv,heldout,1.3056,-0.7425,5,0
global,ref+aging+sfreq+rdist,K+K+,4,kv,test,1.2586,-0.6069,6,0
global,ref+aging+sfreq+rdist,K+K+,4,kv,val,1.2710,-0.6403,6,0
global,ref+aging+sfreq+rdist,K+K+,4,matmul,heldout,1.0008,-0.0063,2,0
global,ref+aging+sfreq+rdist,K+K+,4,sort,heldout,0.9493,0.6194,3,0
global,ref+aging+sfreq+rdist,K+K+,4,sort,test,0.9480,0.4935,2,0
global,ref+aging+sfreq+rdist,K+K+,4,sort,val,0.9560,0.4589,2,0
global,ref+aging+sfreq+refaults,K+K+,4,btree,heldout,0.8600,0.3750,5,0
global,ref+aging+sfreq+refaults,K+K+,4,btree,test,0.8849,0.2520,4,0
global,ref+aging+sfreq+refaults,K+K+,4,btree,val,0.8868,0.2490,4,0
global,ref+aging+sfreq+refaults,K+K+,4,graph,heldout,1.7045,-1.1322,3,0
global,ref+aging+sfreq+refaults,K+K+,4,graph,test,3.0000,-3.2280,3,3
global,ref+aging+sfreq+refaults,K+K+,4,graph,val,3.0000,-3.2290,3,3
global,ref+aging+sfreq+refaults,K+K+,4,kv,heldout,1.0381,-0.0925,5,0
global,ref+aging+sfreq+refaults,K+K+,4,kv,test,1.0640,-0.1596,6,0
global,ref+aging+sfreq+refaults,K+K+,4,kv,val,1.0553,-0.1412,6,0
global,ref+aging+sfreq+refaults,K+K+,4,matmul,heldout,1.1845,-1.1196,2,0
global,ref+aging+sfreq+refaults,K+K+,4,sort,heldout,0.9771,0.2796,3,0
global,ref+aging+sfreq+refaults,K+K+,4,sort,test,0.9638,0.2803,2,0
global,ref+aging+sfreq+refaults,K+K+,4,sort,val,0.9734,0.2341,2,0
global,ref+aging+sfreq+refaults+rdist,K+K+,5,btree,heldout,0.8593,0.3768,5,0
global,ref+aging+sfreq+refaults+rdist,K+K+,5,btree,test,0.8827,0.2571,4,0
global,ref+aging+sfreq+refaults+rdist,K+K+,5,btree,val,0.8878,0.2465,4,0
global,ref+aging+sfreq+refaults+rdist,K+K+,5,graph,heldout,2.0610,-1.7034,3,0
global,ref+aging+sfreq+refaults+rdist,K+K+,5,graph,test,3.0000,-3.2280,3,3
global,ref+aging+sfreq+refaults+rdist,K+K+,5,graph,val,3.0000,-3.2290,3,3
global,ref+aging+sfreq+refaults+rdist,K+K+,5,kv,heldout,1.0415,-0.1007,5,0
global,ref+aging+sfreq+refaults+rdist,K+K+,5,kv,test,1.0588,-0.1452,6,0
global,ref+aging+sfreq+refaults+rdist,K+K+,5,kv,val,1.0522,-0.1340,6,0
global,ref+aging+sfreq+refaults+rdist,K+K+,5,matmul,heldout,1.1475,-0.8732,2,0
global,ref+aging+sfreq+refaults+rdist,K+K+,5,sort,heldout,0.9535,0.5677,3,0
global,ref+aging+sfreq+refaults+rdist,K+K+,5,sort,test,0.9530,0.4342,2,0
global,ref+aging+sfreq+refaults+rdist,K+K+,5,sort,val,0.9603,0.4090,2,0
global,ref+dirty,K,2,btree,heldout,1.0342,-0.0917,5,0
global,ref+dirty,K,2,btree,test,1.0424,-0.1109,4,0
global,ref+dirty,K,2,btree,val,1.0448,-0.1156,4,0
global,ref+dirty,K,2,graph,heldout,1.5194,-0.8337,3,0
global,ref+dirty,K,2,graph,test,3.0000,-3.2280,3,3
global,ref+dirty,K,2,graph,val,3.0000,-3.2290,3,3
global,ref+dirty,K,2,kv,heldout,1.1726,-0.4186,5,0
global,ref+dirty,K,2,kv,test,1.5753,-1.4596,6,0
global,ref+dirty,K,2,kv,val,1.5715,-1.4601,6,0
global,ref+dirty,K,2,matmul,heldout,0.9990,0.0072,2,0
global,ref+dirty,K,2,sort,heldout,0.9995,0.0065,3,0
global,ref+dirty,K,2,sort,test,0.9684,0.2410,2,0
global,ref+dirty,K,2,sort,val,0.9672,0.2820,2,0
global,ref+dirty+rdist,K+K+,3,btree,heldout,1.4049,-1.0851,5,0
global,ref+dirty+rdist,K+K+,3,btree,test,2.0411,-2.3638,4,0
global,ref+dirty+rdist,K+K+,3,btree,val,2.0366,-2.3590,4,0
global,ref+dirty+rdist,K+K+,3,graph,heldout,3.0000,-3.2102,3,3
global,ref+dirty+rdist,K+K+,3,graph,test,3.0000,-3.2280,3,3
global,ref+dirty+rdist,K+K+,3,graph,val,3.0000,-3.2290,3,3
global,ref+dirty+rdist,K+K+,3,kv,heldout,1.9874,-2.3947,5,0
global,ref+dirty+rdist,K+K+,3,kv,test,1.8654,-2.1756,6,1
global,ref+dirty+rdist,K+K+,3,kv,val,1.8526,-2.1606,6,1
global,ref+dirty+rdist,K+K+,3,matmul,heldout,0.9972,0.0133,2,0
global,ref+dirty+rdist,K+K+,3,sort,heldout,1.1770,-2.1634,3,0
global,ref+dirty+rdist,K+K+,3,sort,test,0.9632,0.4173,2,0
global,ref+dirty+rdist,K+K+,3,sort,val,0.9679,0.3913,2,0
global,ref+dirty+refaults,K+K+,3,btree,heldout,0.8967,0.2767,5,0
global,ref+dirty+refaults,K+K+,3,btree,test,0.9107,0.1947,4,0
global,ref+dirty+refaults,K+K+,3,btree,val,0.9171,0.1812,4,0
global,ref+dirty+refaults,K+K+,3,graph,heldout,0.5217,0.7677,3,0
global,ref+dirty+refaults,K+K+,3,graph,test,0.8515,0.2475,3,0
global,ref+dirty+refaults,K+K+,3,graph,val,0.8541,0.2436,3,0
global,ref+dirty+refaults,K+K+,3,kv,heldout,0.9525,0.1152,5,0
global,ref+dirty+refaults,K+K+,3,kv,test,1.0047,-0.0294,6,0
global,ref+dirty+refaults,K+K+,3,kv,val,1.0058,-0.0322,6,0
global,ref+dirty+refaults,K+K+,3,matmul,heldout,1.0018,-0.0119,2,0
global,ref+dirty+refaults,K+K+,3,sort,heldout,1.0391,-0.4774,3,0
global,ref+dirty+refaults,K+K+,3,sort,test,0.9876,0.0679,2,0
global,ref+dirty+refaults,K+K+,3,sort,val,0.9912,0.0565,2,0
global,ref+dirty+refaults+rdist,K+K+,4,btree,heldout,0.9146,0.2286,5,0
global,ref+dirty+refaults+rdist,K+K+,4,btree,test,0.8997,0.2215,4,0
global,ref+dirty+refaults+rdist,K+K+,4,btree,val,0.9077,0.2046,4,0
global,ref+dirty+refaults+rdist,K+K+,4,graph,heldout,0.5132,0.7813,3,0
global,ref+dirty+refaults+rdist,K+K+,4,graph,test,0.9921,0.0219,3,0
global,ref+dirty+refaults+rdist,K+K+,4,graph,val,0.9602,0.0683,3,0
global,ref+dirty+refaults+rdist,K+K+,4,kv,heldout,1.0716,-0.1736,5,0
global,ref+dirty+refaults+rdist,K+K+,4,kv,test,1.0681,-0.1626,6,0
global,ref+dirty+refaults+rdist,K+K+,4,kv,val,1.0620,-0.1528,6,0
global,ref+dirty+refaults+rdist,K+K+,4,matmul,heldout,0.9735,0.1372,2,0
global,ref+dirty+refaults+rdist,K+K+,4,sort,heldout,0.9516,0.5892,3,0
global,ref+dirty+refaults+rdist,K+K+,4,sort,test,0.9422,0.5733,2,0
global,ref+dirty+refaults+rdist,K+K+,4,sort,val,0.9425,0.6068,2,0
global,ref+idle,K,2,btree,heldout,0.9952,0.0129,5,0
global,ref+idle,K,2,btree,test,0.9993,0.0014,4,0
global,ref+idle,K,2,btree,val,0.9998,0.0004,4,0
global,ref+idle,K,2,graph,heldout,0.9993,0.0012,3,0
global,ref+idle,K,2,graph,test,0.9772,0.0378,3,0
global,ref+idle,K,2,graph,val,0.9752,0.0404,3,0
global,ref+idle,K,2,kv,heldout,0.9854,0.0353,5,0
global,ref+idle,K,2,kv,test,0.9895,0.0248,6,0
global,ref+idle,K,2,kv,val,0.9899,0.0239,6,0
global,ref+idle,K,2,matmul,heldout,0.9990,0.0072,2,0
global,ref+idle,K,2,sort,heldout,1.0000,0.0000,3,0
global,ref+idle,K,2,sort,test,0.9622,0.2869,2,0
global,ref+idle,K,2,sort,val,0.9648,0.3015,2,0
global,ref+idle+age,K,3,btree,heldout,0.9855,0.0388,5,0
global,ref+idle+age,K,3,btree,test,0.9848,0.0337,4,0
global,ref+idle+age,K,3,btree,val,0.9867,0.0297,4,0
global,ref+idle+age,K,3,graph,heldout,0.9569,0.0692,3,0
global,ref+idle+age,K,3,graph,test,0.8799,0.1988,3,0
global,ref+idle+age,K,3,graph,val,0.8763,0.2040,3,0
global,ref+idle+age,K,3,kv,heldout,0.9667,0.0807,5,0
global,ref+idle+age,K,3,kv,test,0.9672,0.0736,6,0
global,ref+idle+age,K,3,kv,val,0.9668,0.0746,6,0
global,ref+idle+age,K,3,matmul,heldout,0.9990,0.0072,2,0
global,ref+idle+age,K,3,sort,heldout,1.0000,0.0000,3,0
global,ref+idle+age,K,3,sort,test,0.9868,0.1030,2,0
global,ref+idle+age,K,3,sort,val,0.9958,0.0418,2,0
global,ref+idle+age+dirty,K,4,btree,heldout,0.9775,0.0603,5,0
global,ref+idle+age+dirty,K,4,btree,test,0.9582,0.0918,4,0
global,ref+idle+age+dirty,K,4,btree,val,0.9601,0.0882,4,0
global,ref+idle+age+dirty,K,4,graph,heldout,1.0003,-0.0005,3,0
global,ref+idle+age+dirty,K,4,graph,test,0.9803,0.0378,3,0
global,ref+idle+age+dirty,K,4,graph,val,0.9809,0.0370,3,0
global,ref+idle+age+dirty,K,4,kv,heldout,0.9648,0.0853,5,0
global,ref+idle+age+dirty,K,4,kv,test,0.9784,0.0491,6,0
global,ref+idle+age+dirty,K,4,kv,val,0.9778,0.0505,6,0
global,ref+idle+age+dirty,K,4,matmul,heldout,0.9990,0.0072,2,0
global,ref+idle+age+dirty,K,4,sort,heldout,1.0000,0.0000,3,0
global,ref+idle+age+dirty,K,4,sort,test,0.9860,0.1088,2,0
global,ref+idle+age+dirty,K,4,sort,val,0.9973,0.0288,2,0
global,ref+idle+age+dirty+rdist,K+K+,5,btree,heldout,0.8472,0.4092,5,0
global,ref+idle+age+dirty+rdist,K+K+,5,btree,test,0.8049,0.4328,4,0
global,ref+idle+age+dirty+rdist,K+K+,5,btree,val,0.8088,0.4261,4,0
global,ref+idle+age+dirty+rdist,K+K+,5,graph,heldout,1.1304,-0.2097,3,0
global,ref+idle+age+dirty+rdist,K+K+,5,graph,test,1.0501,-0.1704,3,0
global,ref+idle+age+dirty+rdist,K+K+,5,graph,val,1.0522,-0.1682,3,0
global,ref+idle+age+dirty+rdist,K+K+,5,kv,heldout,1.0281,-0.0681,5,0
global,ref+idle+age+dirty+rdist,K+K+,5,kv,test,1.0265,-0.0760,6,0
global,ref+idle+age+dirty+rdist,K+K+,5,kv,val,1.0236,-0.0743,6,0
global,ref+idle+age+dirty+rdist,K+K+,5,matmul,heldout,0.9711,0.1496,2,0
global,ref+idle+age+dirty+rdist,K+K+,5,sort,heldout,0.9711,0.3527,3,0
global,ref+idle+age+dirty+rdist,K+K+,5,sort,test,0.9894,0.1868,2,0
global,ref+idle+age+dirty+rdist,K+K+,5,sort,val,0.9940,0.1478,2,0
global,ref+idle+age+dirty+refaults,K+K+,5,btree,heldout,0.8779,0.3270,5,0
global,ref+idle+age+dirty+refaults,K+K+,5,btree,test,0.8373,0.3604,4,0
global,ref+idle+age+dirty+refaults,K+K+,5,btree,val,0.8383,0.3597,4,0
global,ref+idle+age+dirty+refaults,K+K+,5,graph,heldout,0.4944,0.8115,3,0
global,ref+idle+age+dirty+refaults,K+K+,5,graph,test,0.7137,0.4609,3,0
global,ref+idle+age+dirty+refaults,K+K+,5,graph,val,0.7131,0.4634,3,0
global,ref+idle+age+dirty+refaults,K+K+,5,kv,heldout,0.8934,0.2584,5,0
global,ref+idle+age+dirty+refaults,K+K+,5,kv,test,0.8933,0.2382,6,0
global,ref+idle+age+dirty+refaults,K+K+,5,kv,val,0.8941,0.2354,6,0
global,ref+idle+age+dirty+refaults,K+K+,5,matmul,heldout,1.0357,-0.2488,2,0
global,ref+idle+age+dirty+refaults,K+K+,5,sort,heldout,1.0000,0.0000,3,0
global,ref+idle+age+dirty+refaults,K+K+,5,sort,test,0.9857,0.1092,2,0
global,ref+idle+age+dirty+refaults,K+K+,5,sort,val,0.9969,0.0300,2,0
global,ref+idle+age+dirty+refaults+rdist,K+K+,6,btree,heldout,0.8708,0.3460,5,0
global,ref+idle+age+dirty+refaults+rdist,K+K+,6,btree,test,0.8356,0.3637,4,0
global,ref+idle+age+dirty+refaults+rdist,K+K+,6,btree,val,0.8442,0.3462,4,0
global,ref+idle+age+dirty+refaults+rdist,K+K+,6,graph,heldout,0.4940,0.8122,3,0
global,ref+idle+age+dirty+refaults+rdist,K+K+,6,graph,test,0.7670,0.3511,3,0
global,ref+idle+age+dirty+refaults+rdist,K+K+,6,graph,val,0.7466,0.3967,3,0
global,ref+idle+age+dirty+refaults+rdist,K+K+,6,kv,heldout,0.9920,0.0192,5,0
global,ref+idle+age+dirty+refaults+rdist,K+K+,6,kv,test,0.9673,0.0664,6,0
global,ref+idle+age+dirty+refaults+rdist,K+K+,6,kv,val,0.9680,0.0622,6,0
global,ref+idle+age+dirty+refaults+rdist,K+K+,6,matmul,heldout,0.9834,0.0689,2,0
global,ref+idle+age+dirty+refaults+rdist,K+K+,6,sort,heldout,0.9713,0.3505,3,0
global,ref+idle+age+dirty+refaults+rdist,K+K+,6,sort,test,0.9679,0.3632,2,0
global,ref+idle+age+dirty+refaults+rdist,K+K+,6,sort,val,0.9725,0.3402,2,0
global,ref+idle+age+rdist,K+K+,4,btree,heldout,0.8607,0.3732,5,0
global,ref+idle+age+rdist,K+K+,4,btree,test,0.8173,0.4060,4,0
global,ref+idle+age+rdist,K+K+,4,btree,val,0.8196,0.4024,4,0
global,ref+idle+age+rdist,K+K+,4,graph,heldout,0.5168,0.7756,3,0
global,ref+idle+age+rdist,K+K+,4,graph,test,0.7104,0.4684,3,0
global,ref+idle+age+rdist,K+K+,4,graph,val,0.7071,0.4752,3,0
global,ref+idle+age+rdist,K+K+,4,kv,heldout,1.0210,-0.0511,5,0
global,ref+idle+age+rdist,K+K+,4,kv,test,0.9740,0.0437,6,0
global,ref+idle+age+rdist,K+K+,4,kv,val,0.9760,0.0350,6,0
global,ref+idle+age+rdist,K+K+,4,matmul,heldout,0.9710,0.1504,2,0
global,ref+idle+age+rdist,K+K+,4,sort,heldout,0.9644,0.4344,3,0
global,ref+idle+age+rdist,K+K+,4,sort,test,0.9484,0.5127,2,0
global,ref+idle+age+rdist,K+K+,4,sort,val,0.9544,0.4880,2,0
global,ref+idle+age+refaults,K+K+,4,btree,heldout,0.8800,0.3214,5,0
global,ref+idle+age+refaults,K+K+,4,btree,test,0.8365,0.3619,4,0
global,ref+idle+age+refaults,K+K+,4,btree,val,0.8379,0.3605,4,0
global,ref+idle+age+refaults,K+K+,4,graph,heldout,0.4949,0.8107,3,0
global,ref+idle+age+refaults,K+K+,4,graph,test,0.7221,0.4443,3,0
global,ref+idle+age+refaults,K+K+,4,graph,val,0.7144,0.4615,3,0
global,ref+idle+age+refaults,K+K+,4,kv,heldout,0.8928,0.2600,5,0
global,ref+idle+age+refaults,K+K+,4,kv,test,0.8923,0.2392,6,0
global,ref+idle+age+refaults,K+K+,4,kv,val,0.8940,0.2352,6,0
global,ref+idle+age+refaults,K+K+,4,matmul,heldout,1.0325,-0.2245,2,0
global,ref+idle+age+refaults,K+K+,4,sort,heldout,1.0000,0.0000,3,0
global,ref+idle+age+refaults,K+K+,4,sort,test,0.9872,0.0977,2,0
global,ref+idle+age+refaults,K+K+,4,sort,val,0.9962,0.0365,2,0
global,ref+idle+age+refaults+rdist,K+K+,5,btree,heldout,0.8658,0.3594,5,0
global,ref+idle+age+refaults+rdist,K+K+,5,btree,test,0.8470,0.3378,4,0
global,ref+idle+age+refaults+rdist,K+K+,5,btree,val,0.8506,0.3309,4,0
global,ref+idle+age+refaults+rdist,K+K+,5,graph,heldout,0.4916,0.8161,3,0
global,ref+idle+age+refaults+rdist,K+K+,5,graph,test,0.7710,0.3314,3,0
global,ref+idle+age+refaults+rdist,K+K+,5,graph,val,0.7655,0.3457,3,0
global,ref+idle+age+refaults+rdist,K+K+,5,kv,heldout,0.9846,0.0373,5,0
global,ref+idle+age+refaults+rdist,K+K+,5,kv,test,0.9771,0.0434,6,0
global,ref+idle+age+refaults+rdist,K+K+,5,kv,val,0.9788,0.0370,6,0
global,ref+idle+age+refaults+rdist,K+K+,5,matmul,heldout,0.9879,0.0487,2,0
global,ref+idle+age+refaults+rdist,K+K+,5,sort,heldout,0.9711,0.3527,3,0
global,ref+idle+age+refaults+rdist,K+K+,5,sort,test,0.9548,0.4516,2,0
global,ref+idle+age+refaults+rdist,K+K+,5,sort,val,0.9640,0.3967,2,0
global,ref+idle+dirty,K,3,btree,heldout,0.9913,0.0232,5,0
global,ref+idle+dirty,K,3,btree,test,0.9849,0.0330,4,0
global,ref+idle+dirty,K,3,btree,val,0.9868,0.0292,4,0
global,ref+idle+dirty,K,3,graph,heldout,1.0255,-0.0409,3,0
global,ref+idle+dirty,K,3,graph,test,1.0322,-0.0499,3,0
global,ref+idle+dirty,K,3,graph,val,1.0319,-0.0497,3,0
global,ref+idle+dirty,K,3,kv,heldout,0.9854,0.0353,5,0
global,ref+idle+dirty,K,3,kv,test,0.9956,0.0105,6,0
global,ref+idle+dirty,K,3,kv,val,0.9951,0.0116,6,0
global,ref+idle+dirty,K,3,matmul,heldout,0.9990,0.0072,2,0
global,ref+idle+dirty,K,3,sort,heldout,1.0000,0.0000,3,0
global,ref+idle+dirty,K,3,sort,test,0.9676,0.2467,2,0
global,ref+idle+dirty,K,3,sort,val,0.9664,0.2885,2,0
global,ref+idle+dirty+rdist,K+K+,4,btree,heldout,0.8625,0.3682,5,0
global,ref+idle+dirty+rdist,K+K+,4,btree,test,0.8225,0.3940,4,0
global,ref+idle+dirty+rdist,K+K+,4,btree,val,0.8253,0.3890,4,0
global,ref+idle+dirty+rdist,K+K+,4,graph,heldout,1.5255,-0.8440,3,0
global,ref+idle+dirty+rdist,K+K+,4,graph,test,1.2883,-0.6041,3,0
global,ref+idle+dirty+rdist,K+K+,4,graph,val,1.2669,-0.5658,3,0
global,ref+idle+dirty+rdist,K+K+,4,kv,heldout,1.0382,-0.0927,5,0
global,ref+idle+dirty+rdist,K+K+,4,kv,test,1.0374,-0.1007,6,0
global,ref+idle+dirty+rdist,K+K+,4,kv,val,1.0348,-0.0977,6,0
global,ref+idle+dirty+rdist,K+K+,4,matmul,heldout,0.9711,0.1495,2,0
global,ref+idle+dirty+rdist,K+K+,4,sort,heldout,0.9507,0.6022,3,0
global,ref+idle+dirty+rdist,K+K+,4,sort,test,0.9668,0.3694,2,0
global,ref+idle+dirty+rdist,K+K+,4,sort,val,0.9718,0.3467,2,0
global,ref+idle+dirty+refaults,K+K+,4,btree,heldout,0.9559,0.1182,5,0
global,ref+idle+dirty+refaults,K+K+,4,btree,test,0.9445,0.1234,4,0
global,ref+idle+dirty+refaults,K+K+,4,btree,val,0.9456,0.1213,4,0
global,ref+idle+dirty+refaults,K+K+,4,graph,heldout,0.6089,0.6277,3,0
global,ref+idle+dirty+refaults,K+K+,4,graph,test,0.7158,0.4748,3,0
global,ref+idle+dirty+refaults,K+K+,4,graph,val,0.7166,0.4739,3,0
global,ref+idle+dirty+refaults,K+K+,4,kv,heldout,0.9452,0.1329,5,0
global,ref+idle+dirty+refaults,K+K+,4,kv,test,0.9400,0.1330,6,0
global,ref+idle+dirty+refaults,K+K+,4,kv,val,0.9449,0.1221,6,0
global,ref+idle+dirty+refaults,K+K+,4,matmul,heldout,1.0091,-0.0617,2,0
global,ref+idle+dirty+refaults,K+K+,4,sort,heldout,1.0000,0.0000,3,0
global,ref+idle+dirty+refaults,K+K+,4,sort,test,0.9841,0.1158,2,0
global,ref+idle+dirty+refaults,K+K+,4,sort,val,0.9877,0.1039,2,0
global,ref+idle+dirty+refaults+rdist,K+K+,5,btree,heldout,0.8985,0.2719,5,0
global,ref+idle+dirty+refaults+rdist,K+K+,5,btree,test,0.8562,0.3186,4,0
global,ref+idle+dirty+refaults+rdist,K+K+,5,btree,val,0.8643,0.3020,4,0
global,ref+idle+dirty+refaults+rdist,K+K+,5,graph,heldout,0.4963,0.8084,3,0
global,ref+idle+dirty+refaults+rdist,K+K+,5,graph,test,0.6981,0.4959,3,0
global,ref+idle+dirty+refaults+rdist,K+K+,5,graph,val,0.6996,0.4937,3,0
global,ref+idle+dirty+refaults+rdist,K+K+,5,kv,heldout,0.9560,0.1066,5,0
global,ref+idle+dirty+refaults+rdist,K+K+,5,kv,test,0.9381,0.1329,6,0
global,ref+idle+dirty+refaults+rdist,K+K+,5,kv,val,0.9398,0.1261,6,0
global,ref+idle+dirty+refaults+rdist,K+K+,5,matmul,heldout,1.0015,-0.0096,2,0
global,ref+idle+dirty+refaults+rdist,K+K+,5,sort,heldout,0.9504,0.6065,3,0
global,ref+idle+dirty+refaults+rdist,K+K+,5,sort,test,0.9465,0.5197,2,0
global,ref+idle+dirty+refaults+rdist,K+K+,5,sort,val,0.9475,0.5424,2,0
global,ref+idle+rdist,K+K+,3,btree,heldout,0.8768,0.3300,5,0
global,ref+idle+rdist,K+K+,3,btree,test,0.8309,0.3757,4,0
global,ref+idle+rdist,K+K+,3,btree,val,0.8330,0.3726,4,0
global,ref+idle+rdist,K+K+,3,graph,heldout,0.5258,0.7611,3,0
global,ref+idle+rdist,K+K+,3,graph,test,0.7360,0.4165,3,0
global,ref+idle+rdist,K+K+,3,graph,val,0.7373,0.4153,3,0
global,ref+idle+rdist,K+K+,3,kv,heldout,1.0301,-0.0731,5,0
global,ref+idle+rdist,K+K+,3,kv,test,0.9855,0.0185,6,0
global,ref+idle+rdist,K+K+,3,kv,val,0.9857,0.0147,6,0
global,ref+idle+rdist,K+K+,3,matmul,heldout,0.9710,0.1504,2,0
global,ref+idle+rdist,K+K+,3,sort,heldout,0.9454,0.6667,3,0
global,ref+idle+rdist,K+K+,3,sort,test,0.9469,0.5144,2,0
global,ref+idle+rdist,K+K+,3,sort,val,0.9471,0.5476,2,0
global,ref+idle+refaults,K+K+,3,btree,heldout,0.9553,0.1198,5,0
global,ref+idle+refaults,K+K+,3,btree,test,0.9359,0.1427,4,0
global,ref+idle+refaults,K+K+,3,btree,val,0.9367,0.1414,4,0
global,ref+idle+refaults,K+K+,3,graph,heldout,0.6363,0.5837,3,0
global,ref+idle+refaults,K+K+,3,graph,test,0.7390,0.4367,3,0
global,ref+idle+refaults,K+K+,3,graph,val,0.7402,0.4351,3,0
global,ref+idle+refaults,K+K+,3,kv,heldout,0.9464,0.1300,5,0
global,ref+idle+refaults,K+K+,3,kv,test,0.9471,0.1178,6,0
global,ref+idle+refaults,K+K+,3,kv,val,0.9515,0.1077,6,0
global,ref+idle+refaults,K+K+,3,matmul,heldout,1.0087,-0.0591,2,0
global,ref+idle+refaults,K+K+,3,sort,heldout,1.0000,0.0000,3,0
global,ref+idle+refaults,K+K+,3,sort,test,0.9668,0.2524,2,0
global,ref+idle+refaults,K+K+,3,sort,val,0.9711,0.2496,2,0
global,ref+idle+refaults+rdist,K+K+,4,btree,heldout,0.8984,0.2722,5,0
global,ref+idle+refaults+rdist,K+K+,4,btree,test,0.8561,0.3190,4,0
global,ref+idle+refaults+rdist,K+K+,4,btree,val,0.8627,0.3057,4,0
global,ref+idle+refaults+rdist,K+K+,4,graph,heldout,0.4967,0.8078,3,0
global,ref+idle+refaults+rdist,K+K+,4,graph,test,0.6970,0.4975,3,0
global,ref+idle+refaults+rdist,K+K+,4,graph,val,0.6962,0.4989,3,0
global,ref+idle+refaults+rdist,K+K+,4,kv,heldout,0.9580,0.1017,5,0
global,ref+idle+refaults+rdist,K+K+,4,kv,test,0.9358,0.1382,6,0
global,ref+idle+refaults+rdist,K+K+,4,kv,val,0.9403,0.1253,6,0
global,ref+idle+refaults+rdist,K+K+,4,matmul,heldout,1.0015,-0.0097,2,0
global,ref+idle+refaults+rdist,K+K+,4,sort,heldout,0.9505,0.6043,3,0
global,ref+idle+refaults+rdist,K+K+,4,sort,test,0.9465,0.5197,2,0
global,ref+idle+refaults+rdist,K+K+,4,sort,val,0.9475,0.5424,2,0
global,ref+rdist,K+K+,2,btree,heldout,1.4072,-1.0913,5,0
global,ref+rdist,K+K+,2,btree,test,2.0310,-2.3437,4,0
global,ref+rdist,K+K+,2,btree,val,2.0271,-2.3398,4,0
global,ref+rdist,K+K+,2,graph,heldout,3.0000,-3.2102,3,3
global,ref+rdist,K+K+,2,graph,test,3.0000,-3.2280,3,3
global,ref+rdist,K+K+,2,graph,val,3.0000,-3.2290,3,3
global,ref+rdist,K+K+,2,kv,heldout,1.9810,-2.3790,5,0
global,ref+rdist,K+K+,2,kv,test,1.9420,-2.3509,6,1
global,ref+rdist,K+K+,2,kv,val,1.8082,-2.0427,6,1
global,ref+rdist,K+K+,2,matmul,heldout,0.9710,0.1504,2,0
global,ref+rdist,K+K+,2,sort,heldout,1.1154,-1.4108,3,0
global,ref+rdist,K+K+,2,sort,test,0.9603,0.3722,2,0
global,ref+rdist,K+K+,2,sort,val,0.9591,0.4208,2,0
global,ref+refaults,K+K+,2,btree,heldout,0.8949,0.2814,5,0
global,ref+refaults,K+K+,2,btree,test,0.8897,0.2439,4,0
global,ref+refaults,K+K+,2,btree,val,0.8928,0.2380,4,0
global,ref+refaults,K+K+,2,graph,heldout,0.5251,0.7623,3,0
global,ref+refaults,K+K+,2,graph,test,0.8752,0.2170,3,0
global,ref+refaults,K+K+,2,graph,val,0.8796,0.2095,3,0
global,ref+refaults,K+K+,2,kv,heldout,0.9525,0.1152,5,0
global,ref+refaults,K+K+,2,kv,test,0.9572,0.0875,6,0
global,ref+refaults,K+K+,2,kv,val,0.9586,0.0836,6,0
global,ref+refaults,K+K+,2,matmul,heldout,1.0027,-0.0167,2,0
global,ref+refaults,K+K+,2,sort,heldout,1.0000,0.0000,3,0
global,ref+refaults,K+K+,2,sort,test,0.9668,0.2524,2,0
global,ref+refaults,K+K+,2,sort,val,0.9711,0.2496,2,0
global,ref+refaults+rdist,K+K+,3,btree,heldout,0.9131,0.2326,5,0
global,ref+refaults+rdist,K+K+,3,btree,test,0.8986,0.2239,4,0
global,ref+refaults+rdist,K+K+,3,btree,val,0.9071,0.2061,4,0
global,ref+refaults+rdist,K+K+,3,graph,heldout,0.5108,0.7853,3,0
global,ref+refaults+rdist,K+K+,3,graph,test,0.9721,0.0485,3,0
global,ref+refaults+rdist,K+K+,3,graph,val,0.9487,0.0859,3,0
global,ref+refaults+rdist,K+K+,3,kv,heldout,1.0715,-0.1735,5,0
global,ref+refaults+rdist,K+K+,3,kv,test,1.0687,-0.1655,6,0
global,ref+refaults+rdist,K+K+,3,kv,val,1.0666,-0.1628,6,0
global,ref+refaults+rdist,K+K+,3,matmul,heldout,0.9738,0.1359,2,0
global,ref+refaults+rdist,K+K+,3,sort,heldout,0.9511,0.5957,3,0
global,ref+refaults+rdist,K+K+,3,sort,test,0.9441,0.5516,2,0
global,ref+refaults+rdist,K+K+,3,sort,val,0.9440,0.5897,2,0
global,ref+sfreq,K,2,btree,heldout,1.0401,-0.1075,5,0
global,ref+sfreq,K,2,btree,test,1.2240,-0.4997,4,0
global,ref+sfreq,K,2,btree,val,1.2543,-0.5719,4,0
global,ref+sfreq,K,2,graph,heldout,1.5926,-0.9518,3,0
global,ref+sfreq,K,2,graph,test,3.0000,-3.2280,3,3
global,ref+sfreq,K,2,graph,val,3.0000,-3.2290,3,3
global,ref+sfreq,K,2,kv,heldout,1.0891,-0.2163,5,0
global,ref+sfreq,K,2,kv,test,1.1197,-0.2880,6,0
global,ref+sfreq,K,2,kv,val,1.1157,-0.2797,6,0
global,ref+sfreq,K,2,matmul,heldout,0.9972,0.0170,2,0
global,ref+sfreq,K,2,sort,heldout,0.9935,0.0796,3,0
global,ref+sfreq,K,2,sort,test,0.9722,0.2465,2,0
global,ref+sfreq,K,2,sort,val,0.9811,0.1974,2,0
global,ref+sfreq+age,K,3,btree,heldout,0.9030,0.2599,5,0
global,ref+sfreq+age,K,3,btree,test,0.8549,0.3227,4,0
global,ref+sfreq+age,K,3,btree,val,0.8577,0.3181,4,0
global,ref+sfreq+age,K,3,graph,heldout,1.6211,-0.9970,3,0
global,ref+sfreq+age,K,3,graph,test,3.0000,-3.2280,3,3
global,ref+sfreq+age,K,3,graph,val,3.0000,-3.2290,3,3
global,ref+sfreq+age,K,3,kv,heldout,0.9847,0.0372,5,0
global,ref+sfreq+age,K,3,kv,test,0.9806,0.0307,6,0
global,ref+sfreq+age,K,3,kv,val,0.9833,0.0230,6,0
global,ref+sfreq+age,K,3,matmul,heldout,0.9990,0.0072,2,0
global,ref+sfreq+age,K,3,sort,heldout,0.9995,0.0065,3,0
global,ref+sfreq+age,K,3,sort,test,0.9645,0.2697,2,0
global,ref+sfreq+age,K,3,sort,val,0.9746,0.2183,2,0
global,ref+sfreq+age+dirty,K,4,btree,heldout,0.9137,0.2311,5,0
global,ref+sfreq+age+dirty,K,4,btree,test,0.8484,0.3369,4,0
global,ref+sfreq+age+dirty,K,4,btree,val,0.8515,0.3315,4,0
global,ref+sfreq+age+dirty,K,4,graph,heldout,2.2301,-1.9745,3,0
global,ref+sfreq+age+dirty,K,4,graph,test,3.0000,-3.2280,3,3
global,ref+sfreq+age+dirty,K,4,graph,val,3.0000,-3.2290,3,3
global,ref+sfreq+age+dirty,K,4,kv,heldout,0.9866,0.0324,5,0
global,ref+sfreq+age+dirty,K,4,kv,test,0.9852,0.0211,6,0
global,ref+sfreq+age+dirty,K,4,kv,val,0.9853,0.0200,6,0
global,ref+sfreq+age+dirty,K,4,matmul,heldout,1.0189,-0.0996,2,0
global,ref+sfreq+age+dirty,K,4,sort,heldout,0.9995,0.0065,3,0
global,ref+sfreq+age+dirty,K,4,sort,test,0.9661,0.2582,2,0
global,ref+sfreq+age+dirty,K,4,sort,val,0.9757,0.2106,2,0
global,ref+sfreq+age+dirty+rdist,K+K+,5,btree,heldout,0.8536,0.3922,5,0
global,ref+sfreq+age+dirty+rdist,K+K+,5,btree,test,0.8845,0.2512,4,0
global,ref+sfreq+age+dirty+rdist,K+K+,5,btree,val,0.8897,0.2392,4,0
global,ref+sfreq+age+dirty+rdist,K+K+,5,graph,heldout,3.0000,-3.2102,3,3
global,ref+sfreq+age+dirty+rdist,K+K+,5,graph,test,3.0000,-3.2280,3,3
global,ref+sfreq+age+dirty+rdist,K+K+,5,graph,val,3.0000,-3.2290,3,3
global,ref+sfreq+age+dirty+rdist,K+K+,5,kv,heldout,1.1399,-0.3399,5,0
global,ref+sfreq+age+dirty+rdist,K+K+,5,kv,test,1.1943,-0.4591,6,0
global,ref+sfreq+age+dirty+rdist,K+K+,5,kv,val,1.1839,-0.4457,6,0
global,ref+sfreq+age+dirty+rdist,K+K+,5,matmul,heldout,0.9991,0.0026,2,0
global,ref+sfreq+age+dirty+rdist,K+K+,5,sort,heldout,0.9493,0.6194,3,0
global,ref+sfreq+age+dirty+rdist,K+K+,5,sort,test,0.9671,0.3690,2,0
global,ref+sfreq+age+dirty+rdist,K+K+,5,sort,val,0.9714,0.3519,2,0
global,ref+sfreq+age+dirty+refaults,K+K+,5,btree,heldout,0.8413,0.4250,5,0
global,ref+sfreq+age+dirty+refaults,K+K+,5,btree,test,0.8367,0.3600,4,0
global,ref+sfreq+age+dirty+refaults,K+K+,5,btree,val,0.8417,0.3501,4,0
global,ref+sfreq+age+dirty+refaults,K+K+,5,graph,heldout,1.5462,-0.8768,3,0
global,ref+sfreq+age+dirty+refaults,K+K+,5,graph,test,3.0000,-3.2280,3,3
global,ref+sfreq+age+dirty+refaults,K+K+,5,graph,val,3.0000,-3.2290,3,3
global,ref+sfreq+age+dirty+refaults,K+K+,5,kv,heldout,1.0167,-0.0405,5,0
global,ref+sfreq+age+dirty+refaults,K+K+,5,kv,test,1.0460,-0.1168,6,0
global,ref+sfreq+age+dirty+refaults,K+K+,5,kv,val,1.0335,-0.0919,6,0
global,ref+sfreq+age+dirty+refaults,K+K+,5,matmul,heldout,1.3340,-2.2211,2,0
global,ref+sfreq+age+dirty+refaults,K+K+,5,sort,heldout,1.0076,-0.0925,3,0
global,ref+sfreq+age+dirty+refaults,K+K+,5,sort,test,0.9922,0.0481,2,0
global,ref+sfreq+age+dirty+refaults,K+K+,5,sort,val,1.0054,-0.0576,2,0
global,ref+sfreq+age+dirty+refaults+rdist,K+K+,6,btree,heldout,0.8524,0.3953,5,0
global,ref+sfreq+age+dirty+refaults+rdist,K+K+,6,btree,test,0.8685,0.2886,4,0
global,ref+sfreq+age+dirty+refaults+rdist,K+K+,6,btree,val,0.8677,0.2917,4,0
global,ref+sfreq+age+dirty+refaults+rdist,K+K+,6,graph,heldout,2.2020,-1.9297,3,0
global,ref+sfreq+age+dirty+refaults+rdist,K+K+,6,graph,test,3.0000,-3.2280,3,3
global,ref+sfreq+age+dirty+refaults+rdist,K+K+,6,graph,val,3.0000,-3.2290,3,3
global,ref+sfreq+age+dirty+refaults+rdist,K+K+,6,kv,heldout,1.0540,-0.1311,5,0
global,ref+sfreq+age+dirty+refaults+rdist,K+K+,6,kv,test,1.0755,-0.1847,6,0
global,ref+sfreq+age+dirty+refaults+rdist,K+K+,6,kv,val,1.0742,-0.1842,6,0
global,ref+sfreq+age+dirty+refaults+rdist,K+K+,6,matmul,heldout,1.2119,-1.3557,2,0
global,ref+sfreq+age+dirty+refaults+rdist,K+K+,6,sort,heldout,0.9768,0.2839,3,0
global,ref+sfreq+age+dirty+refaults+rdist,K+K+,6,sort,test,0.9600,0.4309,2,0
global,ref+sfreq+age+dirty+refaults+rdist,K+K+,6,sort,val,0.9627,0.4246,2,0
global,ref+sfreq+age+rdist,K+K+,4,btree,heldout,0.8483,0.4063,5,0
global,ref+sfreq+age+rdist,K+K+,4,btree,test,0.8361,0.3621,4,0
global,ref+sfreq+age+rdist,K+K+,4,btree,val,0.8563,0.3175,4,0
global,ref+sfreq+age+rdist,K+K+,4,graph,heldout,2.1746,-1.8855,3,0
global,ref+sfreq+age+rdist,K+K+,4,graph,test,3.0000,-3.2280,3,3
global,ref+sfreq+age+rdist,K+K+,4,graph,val,3.0000,-3.2290,3,3
global,ref+sfreq+age+rdist,K+K+,4,kv,heldout,1.1277,-0.3102,5,0
global,ref+sfreq+age+rdist,K+K+,4,kv,test,1.1115,-0.2655,6,0
global,ref+sfreq+age+rdist,K+K+,4,kv,val,1.1213,-0.2940,6,0
global,ref+sfreq+age+rdist,K+K+,4,matmul,heldout,0.9990,0.0035,2,0
global,ref+sfreq+age+rdist,K+K+,4,sort,heldout,0.9453,0.6688,3,0
global,ref+sfreq+age+rdist,K+K+,4,sort,test,0.9415,0.5595,2,0
global,ref+sfreq+age+rdist,K+K+,4,sort,val,0.9448,0.5671,2,0
global,ref+sfreq+age+refaults,K+K+,4,btree,heldout,0.8416,0.4242,5,0
global,ref+sfreq+age+refaults,K+K+,4,btree,test,0.8420,0.3478,4,0
global,ref+sfreq+age+refaults,K+K+,4,btree,val,0.8469,0.3385,4,0
global,ref+sfreq+age+refaults,K+K+,4,graph,heldout,1.5028,-0.8072,3,0
global,ref+sfreq+age+refaults,K+K+,4,graph,test,3.0000,-3.2280,3,3
global,ref+sfreq+age+refaults,K+K+,4,graph,val,3.0000,-3.2290,3,3
global,ref+sfreq+age+refaults,K+K+,4,kv,heldout,1.0187,-0.0453,5,0
global,ref+sfreq+age+refaults,K+K+,4,kv,test,1.0463,-0.1170,6,0
global,ref+sfreq+age+refaults,K+K+,4,kv,val,1.0353,-0.0963,6,0
global,ref+sfreq+age+refaults,K+K+,4,matmul,heldout,1.3618,-2.4426,2,0
global,ref+sfreq+age+refaults,K+K+,4,sort,heldout,1.0076,-0.0925,3,0
global,ref+sfreq+age+refaults,K+K+,4,sort,test,0.9865,0.0839,2,0
global,ref+sfreq+age+refaults,K+K+,4,sort,val,0.9932,0.0504,2,0
global,ref+sfreq+age+refaults+rdist,K+K+,5,btree,heldout,0.8562,0.3850,5,0
global,ref+sfreq+age+refaults+rdist,K+K+,5,btree,test,0.8728,0.2794,4,0
global,ref+sfreq+age+refaults+rdist,K+K+,5,btree,val,0.8787,0.2669,4,0
global,ref+sfreq+age+refaults+rdist,K+K+,5,graph,heldout,1.7876,-1.2648,3,0
global,ref+sfreq+age+refaults+rdist,K+K+,5,graph,test,3.0000,-3.2280,3,3
global,ref+sfreq+age+refaults+rdist,K+K+,5,graph,val,3.0000,-3.2290,3,3
global,ref+sfreq+age+refaults+rdist,K+K+,5,kv,heldout,1.0520,-0.1262,5,0
global,ref+sfreq+age+refaults+rdist,K+K+,5,kv,test,1.0719,-0.1760,6,0
global,ref+sfreq+age+refaults+rdist,K+K+,5,kv,val,1.0742,-0.1843,6,0
global,ref+sfreq+age+refaults+rdist,K+K+,5,matmul,heldout,1.2302,-1.4430,2,0
global,ref+sfreq+age+refaults+rdist,K+K+,5,sort,heldout,0.9780,0.2688,3,0
global,ref+sfreq+age+refaults+rdist,K+K+,5,sort,test,0.9574,0.4388,2,0
global,ref+sfreq+age+refaults+rdist,K+K+,5,sort,val,0.9643,0.3995,2,0
global,ref+sfreq+dirty,K,3,btree,heldout,0.9403,0.1598,5,0
global,ref+sfreq+dirty,K,3,btree,test,0.9658,0.0755,4,0
global,ref+sfreq+dirty,K,3,btree,val,0.9786,0.0478,4,0
global,ref+sfreq+dirty,K,3,graph,heldout,3.0000,-3.2102,3,3
global,ref+sfreq+dirty,K,3,graph,test,3.0000,-3.2280,3,3
global,ref+sfreq+dirty,K,3,graph,val,3.0000,-3.2290,3,3
global,ref+sfreq+dirty,K,3,kv,heldout,1.0891,-0.2163,5,0
global,ref+sfreq+dirty,K,3,kv,test,1.2338,-0.5530,6,0
global,ref+sfreq+dirty,K,3,kv,val,1.2174,-0.5223,6,0
global,ref+sfreq+dirty,K,3,matmul,heldout,0.9972,0.0170,2,0
global,ref+sfreq+dirty,K,3,sort,heldout,1.0069,-0.0839,3,0
global,ref+sfreq+dirty,K,3,sort,test,0.9852,0.1243,2,0
global,ref+sfreq+dirty,K,3,sort,val,0.9964,0.0514,2,0
global,ref+sfreq+dirty+rdist,K+K+,4,btree,heldout,1.1083,-0.2902,5,0
global,ref+sfreq+dirty+rdist,K+K+,4,btree,test,1.4596,-1.0286,4,0
global,ref+sfreq+dirty+rdist,K+K+,4,btree,val,1.4574,-1.0400,4,0
global,ref+sfreq+dirty+rdist,K+K+,4,graph,heldout,3.0000,-3.2102,3,3
global,ref+sfreq+dirty+rdist,K+K+,4,graph,test,3.0000,-3.2280,3,3
global,ref+sfreq+dirty+rdist,K+K+,4,graph,val,3.0000,-3.2290,3,3
global,ref+sfreq+dirty+rdist,K+K+,4,kv,heldout,1.4406,-1.0756,5,0
global,ref+sfreq+dirty+rdist,K+K+,4,kv,test,1.7335,-1.8440,6,0
global,ref+sfreq+dirty+rdist,K+K+,4,kv,val,1.7331,-1.8491,6,0
global,ref+sfreq+dirty+rdist,K+K+,4,matmul,heldout,0.9972,0.0133,2,0
global,ref+sfreq+dirty+rdist,K+K+,4,sort,heldout,1.1800,-2.2000,3,0
global,ref+sfreq+dirty+rdist,K+K+,4,sort,test,0.9934,0.1719,2,0
global,ref+sfreq+dirty+rdist,K+K+,4,sort,val,0.9994,0.1052,2,0
global,ref+sfreq+dirty+refaults,K+K+,4,btree,heldout,0.8556,0.3867,5,0
global,ref+sfreq+dirty+refaults,K+K+,4,btree,test,0.8679,0.2902,4,0
global,ref+sfreq+dirty+refaults,K+K+,4,btree,val,0.8733,0.2792,4,0
global,ref+sfreq+dirty+refaults,K+K+,4,graph,heldout,1.8417,-1.3511,3,0
global,ref+sfreq+dirty+refaults,K+K+,4,graph,test,3.0000,-3.2280,3,3
global,ref+sfreq+dirty+refaults,K+K+,4,graph,val,3.0000,-3.2290,3,3
global,ref+sfreq+dirty+refaults,K+K+,4,kv,heldout,1.0541,-0.1313,5,0
global,ref+sfreq+dirty+refaults,K+K+,4,kv,test,1.0798,-0.1967,6,0
global,ref+sfreq+dirty+refaults,K+K+,4,kv,val,1.0658,-0.1679,6,0
global,ref+sfreq+dirty+refaults,K+K+,4,matmul,heldout,1.2788,-1.7970,2,0
global,ref+sfreq+dirty+refaults,K+K+,4,sort,heldout,1.0063,-0.0774,3,0
global,ref+sfreq+dirty+refaults,K+K+,4,sort,test,0.9692,0.2499,2,0
global,ref+sfreq+dirty+refaults,K+K+,4,sort,val,0.9850,0.1367,2,0
global,ref+sfreq+dirty+refaults+rdist,K+K+,5,btree,heldout,0.8525,0.3949,5,0
global,ref+sfreq+dirty+refaults+rdist,K+K+,5,btree,test,0.8681,0.2895,4,0
global,ref+sfreq+dirty+refaults+rdist,K+K+,5,btree,val,0.8679,0.2911,4,0
global,ref+sfreq+dirty+refaults+rdist,K+K+,5,graph,heldout,2.2314,-1.9765,3,0
global,ref+sfreq+dirty+refaults+rdist,K+K+,5,graph,test,3.0000,-3.2280,3,3
global,ref+sfreq+dirty+refaults+rdist,K+K+,5,graph,val,3.0000,-3.2290,3,3
global,ref+sfreq+dirty+refaults+rdist,K+K+,5,kv,heldout,1.0545,-0.1322,5,0
global,ref+sfreq+dirty+refaults+rdist,K+K+,5,kv,test,1.0757,-0.1853,6,0
global,ref+sfreq+dirty+refaults+rdist,K+K+,5,kv,val,1.0742,-0.1831,6,0
global,ref+sfreq+dirty+refaults+rdist,K+K+,5,matmul,heldout,1.2144,-1.3747,2,0
global,ref+sfreq+dirty+refaults+rdist,K+K+,5,sort,heldout,0.9768,0.2839,3,0
global,ref+sfreq+dirty+refaults+rdist,K+K+,5,sort,test,0.9600,0.4309,2,0
global,ref+sfreq+dirty+refaults+rdist,K+K+,5,sort,val,0.9627,0.4246,2,0
global,ref+sfreq+idle,K,3,btree,heldout,0.9819,0.0486,5,0
global,ref+sfreq+idle,K,3,btree,test,0.9720,0.0618,4,0
global,ref+sfreq+idle,K,3,btree,val,0.9740,0.0580,4,0
global,ref+sfreq+idle,K,3,graph,heldout,0.9670,0.0530,3,0
global,ref+sfreq+idle,K,3,graph,test,0.8249,0.2955,3,0
global,ref+sfreq+idle,K,3,graph,val,0.8201,0.3028,3,0
global,ref+sfreq+idle,K,3,kv,heldout,0.9591,0.0992,5,0
global,ref+sfreq+idle,K,3,kv,test,0.9547,0.1003,6,0
global,ref+sfreq+idle,K,3,kv,val,0.9559,0.0979,6,0
global,ref+sfreq+idle,K,3,matmul,heldout,0.9990,0.0072,2,0
global,ref+sfreq+idle,K,3,sort,heldout,1.0000,0.0000,3,0
global,ref+sfreq+idle,K,3,sort,test,0.9807,0.1490,2,0
global,ref+sfreq+idle,K,3,sort,val,0.9904,0.0872,2,0
global,ref+sfreq+idle+age,K,4,btree,heldout,0.9812,0.0503,5,0
global,ref+sfreq+idle+age,K,4,btree,test,0.9683,0.0701,4,0
global,ref+sfreq+idle+age,K,4,btree,val,0.9707,0.0652,4,0
global,ref+sfreq+idle+age,K,4,graph,heldout,0.9705,0.0474,3,0
global,ref+sfreq+idle+age,K,4,graph,test,0.8054,0.3288,3,0
global,ref+sfreq+idle+age,K,4,graph,val,0.8043,0.3307,3,0
global,ref+sfreq+idle+age,K,4,kv,heldout,0.9575,0.1031,5,0
global,ref+sfreq+idle+age,K,4,kv,test,0.9518,0.1059,6,0
global,ref+sfreq+idle+age,K,4,kv,val,0.9536,0.1028,6,0
global,ref+sfreq+idle+age,K,4,matmul,heldout,0.9990,0.0072,2,0
global,ref+sfreq+idle+age,K,4,sort,heldout,1.0000,0.0000,3,0
global,ref+sfreq+idle+age,K,4,sort,test,0.9807,0.1490,2,0
global,ref+sfreq+idle+age,K,4,sort,val,0.9904,0.0872,2,0
global,ref+sfreq+idle+age+dirty,K,5,btree,heldout,0.9743,0.0689,5,0
global,ref+sfreq+idle+age+dirty,K,5,btree,test,0.9459,0.1187,4,0
global,ref+sfreq+idle+age+dirty,K,5,btree,val,0.9479,0.1153,4,0
global,ref+sfreq+idle+age+dirty,K,5,graph,heldout,1.0228,-0.0365,3,0
global,ref+sfreq+idle+age+dirty,K,5,graph,test,0.9610,0.0763,3,0
global,ref+sfreq+idle+age+dirty,K,5,graph,val,0.9596,0.0777,3,0
global,ref+sfreq+idle+age+dirty,K,5,kv,heldout,0.9555,0.1078,5,0
global,ref+sfreq+idle+age+dirty,K,5,kv,test,0.9619,0.0852,6,0
global,ref+sfreq+idle+age+dirty,K,5,kv,val,0.9604,0.0887,6,0
global,ref+sfreq+idle+age+dirty,K,5,matmul,heldout,0.9990,0.0072,2,0
global,ref+sfreq+idle+age+dirty,K,5,sort,heldout,1.0000,0.0000,3,0
global,ref+sfreq+idle+age+dirty,K,5,sort,test,0.9868,0.1030,2,0
global,ref+sfreq+idle+age+dirty,K,5,sort,val,0.9981,0.0223,2,0
global,ref+sfreq+idle+age+dirty+rdist,K+K+,6,btree,heldout,0.8664,0.3577,5,0
global,ref+sfreq+idle+age+dirty+rdist,K+K+,6,btree,test,0.8259,0.3859,4,0
global,ref+sfreq+idle+age+dirty+rdist,K+K+,6,btree,val,0.8312,0.3757,4,0
global,ref+sfreq+idle+age+dirty+rdist,K+K+,6,graph,heldout,1.2177,-0.3497,3,0
global,ref+sfreq+idle+age+dirty+rdist,K+K+,6,graph,test,0.9652,0.0244,3,0
global,ref+sfreq+idle+age+dirty+rdist,K+K+,6,graph,val,0.9692,0.0197,3,0
global,ref+sfreq+idle+age+dirty+rdist,K+K+,6,kv,heldout,1.0349,-0.0846,5,0
global,ref+sfreq+idle+age+dirty+rdist,K+K+,6,kv,test,1.0403,-0.1083,6,0
global,ref+sfreq+idle+age+dirty+rdist,K+K+,6,kv,val,1.0338,-0.0965,6,0
global,ref+sfreq+idle+age+dirty+rdist,K+K+,6,matmul,heldout,0.9711,0.1496,2,0
global,ref+sfreq+idle+age+dirty+rdist,K+K+,6,sort,heldout,0.9711,0.3527,3,0
global,ref+sfreq+idle+age+dirty+rdist,K+K+,6,sort,test,0.9879,0.1983,2,0
global,ref+sfreq+idle+age+dirty+rdist,K+K+,6,sort,val,0.9933,0.1543,2,0
global,ref+sfreq+idle+age+dirty+refaults,K+K+,6,btree,heldout,0.8602,0.3745,5,0
global,ref+sfreq+idle+age+dirty+refaults,K+K+,6,btree,test,0.8235,0.3909,4,0
global,ref+sfreq+idle+age+dirty+refaults,K+K+,6,btree,val,0.8264,0.3859,4,0
global,ref+sfreq+idle+age+dirty+refaults,K+K+,6,graph,heldout,0.4993,0.8037,3,0
global,ref+sfreq+idle+age+dirty+refaults,K+K+,6,graph,test,0.9623,-0.0792,3,0
global,ref+sfreq+idle+age+dirty+refaults,K+K+,6,graph,val,0.9541,-0.0509,3,0
global,ref+sfreq+idle+age+dirty+refaults,K+K+,6,kv,heldout,0.9400,0.1455,5,0
global,ref+sfreq+idle+age+dirty+refaults,K+K+,6,kv,test,0.9339,0.1454,6,0
global,ref+sfreq+idle+age+dirty+refaults,K+K+,6,kv,val,0.9340,0.1448,6,0
global,ref+sfreq+idle+age+dirty+refaults,K+K+,6,matmul,heldout,1.0475,-0.3316,2,0
global,ref+sfreq+idle+age+dirty+refaults,K+K+,6,sort,heldout,0.9995,0.0065,3,0
global,ref+sfreq+idle+age+dirty+refaults,K+K+,6,sort,test,0.9849,0.1149,2,0
global,ref+sfreq+idle+age+dirty+refaults,K+K+,6,sort,val,0.9958,0.0418,2,0
global,ref+sfreq+idle+age+dirty+refaults+rdist,K+K+,7,btree,heldout,0.8714,0.3444,5,0
global,ref+sfreq+idle+age+dirty+refaults+rdist,K+K+,7,btree,test,0.8319,0.3714,4,0
global,ref+sfreq+idle+age+dirty+refaults+rdist,K+K+,7,btree,val,0.8378,0.3597,4,0
global,ref+sfreq+idle+age+dirty+refaults+rdist,K+K+,7,graph,heldout,0.5003,0.8021,3,0
global,ref+sfreq+idle+age+dirty+refaults+rdist,K+K+,7,graph,test,1.0432,-0.1785,3,0
global,ref+sfreq+idle+age+dirty+refaults+rdist,K+K+,7,graph,val,1.0225,-0.1371,3,0
global,ref+sfreq+idle+age+dirty+refaults+rdist,K+K+,7,kv,heldout,1.0180,-0.0438,5,0
global,ref+sfreq+idle+age+dirty+refaults+rdist,K+K+,7,kv,test,1.0032,-0.0162,6,0
global,ref+sfreq+idle+age+dirty+refaults+rdist,K+K+,7,kv,val,1.0036,-0.0177,6,0
global,ref+sfreq+idle+age+dirty+refaults+rdist,K+K+,7,matmul,heldout,0.9951,-0.0003,2,0
global,ref+sfreq+idle+age+dirty+refaults+rdist,K+K+,7,sort,heldout,0.9732,0.3269,3,0
global,ref+sfreq+idle+age+dirty+refaults+rdist,K+K+,7,sort,test,0.9708,0.3402,2,0
global,ref+sfreq+idle+age+dirty+refaults+rdist,K+K+,7,sort,val,0.9759,0.3090,2,0
global,ref+sfreq+idle+age+rdist,K+K+,5,btree,heldout,0.8996,0.2690,5,0
global,ref+sfreq+idle+age+rdist,K+K+,5,btree,test,0.8576,0.3160,4,0
global,ref+sfreq+idle+age+rdist,K+K+,5,btree,val,0.8669,0.2965,4,0
global,ref+sfreq+idle+age+rdist,K+K+,5,graph,heldout,0.5160,0.7768,3,0
global,ref+sfreq+idle+age+rdist,K+K+,5,graph,test,0.6958,0.4967,3,0
global,ref+sfreq+idle+age+rdist,K+K+,5,graph,val,0.6928,0.5026,3,0
global,ref+sfreq+idle+age+rdist,K+K+,5,kv,heldout,1.0275,-0.0667,5,0
global,ref+sfreq+idle+age+rdist,K+K+,5,kv,test,0.9802,0.0304,6,0
global,ref+sfreq+idle+age+rdist,K+K+,5,kv,val,0.9809,0.0257,6,0
global,ref+sfreq+idle+age+rdist,K+K+,5,matmul,heldout,0.9710,0.1504,2,0
global,ref+sfreq+idle+age+rdist,K+K+,5,sort,heldout,0.9639,0.4409,3,0
global,ref+sfreq+idle+age+rdist,K+K+,5,sort,test,0.9686,0.3575,2,0
global,ref+sfreq+idle+age+rdist,K+K+,5,sort,val,0.9699,0.3569,2,0
global,ref+sfreq+idle+age+refaults,K+K+,5,btree,heldout,0.8552,0.3878,5,0
global,ref+sfreq+idle+age+refaults,K+K+,5,btree,test,0.8275,0.3818,4,0
global,ref+sfreq+idle+age+refaults,K+K+,5,btree,val,0.8316,0.3742,4,0
global,ref+sfreq+idle+age+refaults,K+K+,5,graph,heldout,0.4977,0.8062,3,0
global,ref+sfreq+idle+age+refaults,K+K+,5,graph,test,0.9538,-0.0601,3,0
global,ref+sfreq+idle+age+refaults,K+K+,5,graph,val,0.9675,-0.1026,3,0
global,ref+sfreq+idle+age+refaults,K+K+,5,kv,heldout,0.9386,0.1488,5,0
global,ref+sfreq+idle+age+refaults,K+K+,5,kv,test,0.9385,0.1348,6,0
global,ref+sfreq+idle+age+refaults,K+K+,5,kv,val,0.9391,0.1320,6,0
global,ref+sfreq+idle+age+refaults,K+K+,5,matmul,heldout,1.0433,-0.2996,2,0
global,ref+sfreq+idle+age+refaults,K+K+,5,sort,heldout,0.9995,0.0065,3,0
global,ref+sfreq+idle+age+refaults,K+K+,5,sort,test,0.9753,0.1843,2,0
global,ref+sfreq+idle+age+refaults,K+K+,5,sort,val,0.9831,0.1469,2,0
global,ref+sfreq+idle+age+refaults+rdist,K+K+,6,btree,heldout,0.8572,0.3825,5,0
global,ref+sfreq+idle+age+refaults+rdist,K+K+,6,btree,test,0.8438,0.3449,4,0
global,ref+sfreq+idle+age+refaults+rdist,K+K+,6,btree,val,0.8481,0.3363,4,0
global,ref+sfreq+idle+age+refaults+rdist,K+K+,6,graph,heldout,0.4967,0.8079,3,0
global,ref+sfreq+idle+age+refaults+rdist,K+K+,6,graph,test,1.0272,-0.1943,3,0
global,ref+sfreq+idle+age+refaults+rdist,K+K+,6,graph,val,1.0092,-0.1421,3,0
global,ref+sfreq+idle+age+refaults+rdist,K+K+,6,kv,heldout,1.0146,-0.0353,5,0
global,ref+sfreq+idle+age+refaults+rdist,K+K+,6,kv,test,1.0156,-0.0444,6,0
global,ref+sfreq+idle+age+refaults+rdist,K+K+,6,kv,val,1.0102,-0.0334,6,0
global,ref+sfreq+idle+age+refaults+rdist,K+K+,6,matmul,heldout,1.0147,-0.1010,2,0
global,ref+sfreq+idle+age+refaults+rdist,K+K+,6,sort,heldout,0.9741,0.3161,3,0
global,ref+sfreq+idle+age+refaults+rdist,K+K+,6,sort,test,0.9545,0.4569,2,0
global,ref+sfreq+idle+age+refaults+rdist,K+K+,6,sort,val,0.9640,0.4008,2,0
global,ref+sfreq+idle+dirty,K,4,btree,heldout,0.9744,0.0686,5,0
global,ref+sfreq+idle+dirty,K,4,btree,test,0.9468,0.1169,4,0
global,ref+sfreq+idle+dirty,K,4,btree,val,0.9485,0.1141,4,0
global,ref+sfreq+idle+dirty,K,4,graph,heldout,1.0214,-0.0343,3,0
global,ref+sfreq+idle+dirty,K,4,graph,test,0.9627,0.0734,3,0
global,ref+sfreq+idle+dirty,K,4,graph,val,0.9624,0.0732,3,0
global,ref+sfreq+idle+dirty,K,4,kv,heldout,0.9558,0.1072,5,0
global,ref+sfreq+idle+dirty,K,4,kv,test,0.9627,0.0833,6,0
global,ref+sfreq+idle+dirty,K,4,kv,val,0.9611,0.0871,6,0
global,ref+sfreq+idle+dirty,K,4,matmul,heldout,0.9990,0.0072,2,0
global,ref+sfreq+idle+dirty,K,4,sort,heldout,1.0000,0.0000,3,0
global,ref+sfreq+idle+dirty,K,4,sort,test,0.9868,0.1030,2,0
global,ref+sfreq+idle+dirty,K,4,sort,val,0.9981,0.0223,2,0
global,ref+sfreq+idle+dirty+rdist,K+K+,5,btree,heldout,0.8421,0.4228,5,0
global,ref+sfreq+idle+dirty+rdist,K+K+,5,btree,test,0.8004,0.4428,4,0
global,ref+sfreq+idle+dirty+rdist,K+K+,5,btree,val,0.8029,0.4394,4,0
global,ref+sfreq+idle+dirty+rdist,K+K+,5,graph,heldout,1.0932,-0.1515,3,0
global,ref+sfreq+idle+dirty+rdist,K+K+,5,graph,test,1.2077,-0.5475,3,1
global,ref+sfreq+idle+dirty+rdist,K+K+,5,graph,val,1.2015,-0.5078,3,0
global,ref+sfreq+idle+dirty+rdist,K+K+,5,kv,heldout,1.0263,-0.0638,5,0
global,ref+sfreq+idle+dirty+rdist,K+K+,5,kv,test,1.0224,-0.0686,6,0
global,ref+sfreq+idle+dirty+rdist,K+K+,5,kv,val,1.0203,-0.0676,6,0
global,ref+sfreq+idle+dirty+rdist,K+K+,5,matmul,heldout,0.9973,0.0124,2,0
global,ref+sfreq+idle+dirty+rdist,K+K+,5,sort,heldout,0.9711,0.3527,3,0
global,ref+sfreq+idle+dirty+rdist,K+K+,5,sort,test,0.9959,0.1351,2,0
global,ref+sfreq+idle+dirty+rdist,K+K+,5,sort,val,1.0002,0.0947,2,0
global,ref+sfreq+idle+dirty+refaults,K+K+,5,btree,heldout,0.8537,0.3919,5,0
global,ref+sfreq+idle+dirty+refaults,K+K+,5,btree,test,0.8192,0.4003,4,0
global,ref+sfreq+idle+dirty+refaults,K+K+,5,btree,val,0.8227,0.3942,4,0
global,ref+sfreq+idle+dirty+refaults,K+K+,5,graph,heldout,0.5167,0.7757,3,0
global,ref+sfreq+idle+dirty+refaults,K+K+,5,graph,test,1.5812,-1.2360,3,1
global,ref+sfreq+idle+dirty+refaults,K+K+,5,graph,val,1.5848,-1.2392,3,1
global,ref+sfreq+idle+dirty+refaults,K+K+,5,kv,heldout,0.9686,0.0761,5,0
global,ref+sfreq+idle+dirty+refaults,K+K+,5,kv,test,0.9733,0.0550,6,0
global,ref+sfreq+idle+dirty+refaults,K+K+,5,kv,val,0.9686,0.0644,6,0
global,ref+sfreq+idle+dirty+refaults,K+K+,5,matmul,heldout,1.1380,-0.8539,2,0
global,ref+sfreq+idle+dirty+refaults,K+K+,5,sort,heldout,1.0011,-0.0129,3,0
global,ref+sfreq+idle+dirty+refaults,K+K+,5,sort,test,0.9864,0.1034,2,0
global,ref+sfreq+idle+dirty+refaults,K+K+,5,sort,val,0.9981,0.0223,2,0
global,ref+sfreq+idle+dirty+refaults+rdist,K+K+,6,btree,heldout,0.8460,0.4126,5,0
global,ref+sfreq+idle+dirty+refaults+rdist,K+K+,6,btree,test,0.8406,0.3516,4,0
global,ref+sfreq+idle+dirty+refaults+rdist,K+K+,6,btree,val,0.8423,0.3492,4,0
global,ref+sfreq+idle+dirty+refaults+rdist,K+K+,6,graph,heldout,0.8263,0.2785,3,0
global,ref+sfreq+idle+dirty+refaults+rdist,K+K+,6,graph,test,3.0000,-3.2280,3,3
global,ref+sfreq+idle+dirty+refaults+rdist,K+K+,6,graph,val,3.0000,-3.2290,3,3
global,ref+sfreq+idle+dirty+refaults+rdist,K+K+,6,kv,heldout,1.0338,-0.0821,5,0
global,ref+sfreq+idle+dirty+refaults+rdist,K+K+,6,kv,test,1.0414,-0.1024,6,0
global,ref+sfreq+idle+dirty+refaults+rdist,K+K+,6,kv,val,1.0346,-0.0893,6,0
global,ref+sfreq+idle+dirty+refaults+rdist,K+K+,6,matmul,heldout,1.1848,-1.1388,2,0
global,ref+sfreq+idle+dirty+refaults+rdist,K+K+,6,sort,heldout,0.9769,0.2817,3,0
global,ref+sfreq+idle+dirty+refaults+rdist,K+K+,6,sort,test,0.9797,0.2713,2,0
global,ref+sfreq+idle+dirty+refaults+rdist,K+K+,6,sort,val,0.9833,0.2440,2,0
global,ref+sfreq+idle+rdist,K+K+,4,btree,heldout,0.8548,0.3888,5,0
global,ref+sfreq+idle+rdist,K+K+,4,btree,test,0.8117,0.4184,4,0
global,ref+sfreq+idle+rdist,K+K+,4,btree,val,0.8144,0.4140,4,0
global,ref+sfreq+idle+rdist,K+K+,4,graph,heldout,0.5231,0.7655,3,0
global,ref+sfreq+idle+rdist,K+K+,4,graph,test,0.7307,0.4287,3,0
global,ref+sfreq+idle+rdist,K+K+,4,graph,val,0.7313,0.4274,3,0
global,ref+sfreq+idle+rdist,K+K+,4,kv,heldout,1.0242,-0.0586,5,0
global,ref+sfreq+idle+rdist,K+K+,4,kv,test,0.9762,0.0398,6,0
global,ref+sfreq+idle+rdist,K+K+,4,kv,val,0.9800,0.0265,6,0
global,ref+sfreq+idle+rdist,K+K+,4,matmul,heldout,0.9710,0.1504,2,0
global,ref+sfreq+idle+rdist,K+K+,4,sort,heldout,0.9659,0.4172,3,0
global,ref+sfreq+idle+rdist,K+K+,4,sort,test,0.9529,0.4782,2,0
global,ref+sfreq+idle+rdist,K+K+,4,sort,val,0.9548,0.4827,2,0
global,ref+sfreq+idle+refaults,K+K+,4,btree,heldout,0.8512,0.3985,5,0
global,ref+sfreq+idle+refaults,K+K+,4,btree,test,0.8236,0.3902,4,0
global,ref+sfreq+idle+refaults,K+K+,4,btree,val,0.8277,0.3828,4,0
global,ref+sfreq+idle+refaults,K+K+,4,graph,heldout,0.5158,0.7771,3,0
global,ref+sfreq+idle+refaults,K+K+,4,graph,test,1.4893,-1.0585,3,1
global,ref+sfreq+idle+refaults,K+K+,4,graph,val,1.5015,-1.0796,3,1
global,ref+sfreq+idle+refaults,K+K+,4,kv,heldout,0.9690,0.0751,5,0
global,ref+sfreq+idle+refaults,K+K+,4,kv,test,0.9763,0.0485,6,0
global,ref+sfreq+idle+refaults,K+K+,4,kv,val,0.9715,0.0569,6,0
global,ref+sfreq+idle+refaults,K+K+,4,matmul,heldout,1.1265,-0.7850,2,0
global,ref+sfreq+idle+refaults,K+K+,4,sort,heldout,1.0012,-0.0151,3,0
global,ref+sfreq+idle+refaults,K+K+,4,sort,test,0.9807,0.1441,2,0
global,ref+sfreq+idle+refaults,K+K+,4,sort,val,0.9931,0.0625,2,0
global,ref+sfreq+idle+refaults+rdist,K+K+,5,btree,heldout,0.8472,0.4091,5,0
global,ref+sfreq+idle+refaults+rdist,K+K+,5,btree,test,0.8522,0.3254,4,0
global,ref+sfreq+idle+refaults+rdist,K+K+,5,btree,val,0.8559,0.3186,4,0
global,ref+sfreq+idle+refaults+rdist,K+K+,5,graph,heldout,0.6085,0.6284,3,0
global,ref+sfreq+idle+refaults+rdist,K+K+,5,graph,test,2.6814,-2.7123,3,2
global,ref+sfreq+idle+refaults+rdist,K+K+,5,graph,val,2.7660,-2.8393,3,2
global,ref+sfreq+idle+refaults+rdist,K+K+,5,kv,heldout,1.0323,-0.0783,5,0
global,ref+sfreq+idle+refaults+rdist,K+K+,5,kv,test,1.0416,-0.1017,6,0
global,ref+sfreq+idle+refaults+rdist,K+K+,5,kv,val,1.0384,-0.0975,6,0
global,ref+sfreq+idle+refaults+rdist,K+K+,5,matmul,heldout,1.1614,-0.9852,2,0
global,ref+sfreq+idle+refaults+rdist,K+K+,5,sort,heldout,0.9778,0.2710,3,0
global,ref+sfreq+idle+refaults+rdist,K+K+,5,sort,test,0.9575,0.4290,2,0
global,ref+sfreq+idle+refaults+rdist,K+K+,5,sort,val,0.9663,0.3772,2,0
global,ref+sfreq+rdist,K+K+,3,btree,heldout,1.2110,-0.5654,5,0
global,ref+sfreq+rdist,K+K+,3,btree,test,1.5170,-1.1612,4,0
global,ref+sfreq+rdist,K+K+,3,btree,val,1.5517,-1.2493,4,0
global,ref+sfreq+rdist,K+K+,3,graph,heldout,1.6690,-1.0755,3,0
global,ref+sfreq+rdist,K+K+,3,graph,test,3.0000,-3.2280,3,3
global,ref+sfreq+rdist,K+K+,3,graph,val,3.0000,-3.2290,3,3
global,ref+sfreq+rdist,K+K+,3,kv,heldout,1.4407,-1.0759,5,0
global,ref+sfreq+rdist,K+K+,3,kv,test,1.4645,-1.1782,6,0
global,ref+sfreq+rdist,K+K+,3,kv,val,1.4875,-1.2516,6,0
global,ref+sfreq+rdist,K+K+,3,matmul,heldout,0.9972,0.0133,2,0
global,ref+sfreq+rdist,K+K+,3,sort,heldout,1.1661,-2.0301,3,0
global,ref+sfreq+rdist,K+K+,3,sort,test,0.9603,0.3722,2,0
global,ref+sfreq+rdist,K+K+,3,sort,val,0.9591,0.4208,2,0
global,ref+sfreq+refaults,K+K+,3,btree,heldout,0.8595,0.3762,5,0
global,ref+sfreq+refaults,K+K+,3,btree,test,0.8715,0.2827,4,0
global,ref+sfreq+refaults,K+K+,3,btree,val,0.8778,0.2694,4,0
global,ref+sfreq+refaults,K+K+,3,graph,heldout,1.8537,-1.3705,3,0
global,ref+sfreq+refaults,K+K+,3,graph,test,3.0000,-3.2280,3,3
global,ref+sfreq+refaults,K+K+,3,graph,val,3.0000,-3.2290,3,3
global,ref+sfreq+refaults,K+K+,3,kv,heldout,1.0512,-0.1243,5,0
global,ref+sfreq+refaults,K+K+,3,kv,test,1.0780,-0.1920,6,0
global,ref+sfreq+refaults,K+K+,3,kv,val,1.0689,-0.1757,6,0
global,ref+sfreq+refaults,K+K+,3,matmul,heldout,1.2745,-1.7649,2,0
global,ref+sfreq+refaults,K+K+,3,sort,heldout,0.9942,0.0710,3,0
global,ref+sfreq+refaults,K+K+,3,sort,test,0.9915,0.0926,2,0
global,ref+sfreq+refaults,K+K+,3,sort,val,1.0016,0.0180,2,0
global,ref+sfreq+refaults+rdist,K+K+,4,btree,heldout,0.8574,0.3819,5,0
global,ref+sfreq+refaults+rdist,K+K+,4,btree,test,0.8746,0.2753,4,0
global,ref+sfreq+refaults+rdist,K+K+,4,btree,val,0.8799,0.2642,4,0
global,ref+sfreq+refaults+rdist,K+K+,4,graph,heldout,1.7924,-1.2719,3,0
global,ref+sfreq+refaults+rdist,K+K+,4,graph,test,3.0000,-3.2280,3,3
global,ref+sfreq+refaults+rdist,K+K+,4,graph,val,3.0000,-3.2290,3,3
global,ref+sfreq+refaults+rdist,K+K+,4,kv,heldout,1.0536,-0.1301,5,0
global,ref+sfreq+refaults+rdist,K+K+,4,kv,test,1.0743,-0.1821,6,0
global,ref+sfreq+refaults+rdist,K+K+,4,kv,val,1.0714,-0.1785,6,0
global,ref+sfreq+refaults+rdist,K+K+,4,matmul,heldout,1.2298,-1.4393,2,0
global,ref+sfreq+refaults+rdist,K+K+,4,sort,heldout,0.9780,0.2688,3,0
global,ref+sfreq+refaults+rdist,K+K+,4,sort,test,0.9574,0.4388,2,0
global,ref+sfreq+refaults+rdist,K+K+,4,sort,val,0.9643,0.3995,2,0
global,refaults,K+K+,1,btree,heldout,0.8949,0.2814,5,0
global,refaults,K+K+,1,btree,test,0.8898,0.2436,4,0
global,refaults,K+K+,1,btree,val,0.8930,0.2375,4,0
global,refaults,K+K+,1,graph,heldout,0.5420,0.7351,3,0
global,refaults,K+K+,1,graph,test,1.0041,-0.0438,3,0
global,refaults,K+K+,1,graph,val,1.0075,-0.0502,3,0
global,refaults,K+K+,1,kv,heldout,0.9522,0.1159,5,0
global,refaults,K+K+,1,kv,test,0.9579,0.0857,6,0
global,refaults,K+K+,1,kv,val,0.9592,0.0819,6,0
global,refaults,K+K+,1,matmul,heldout,1.5063,-3.6361,2,0
global,refaults,K+K+,1,sort,heldout,1.0000,0.0000,3,0
global,refaults,K+K+,1,sort,test,1.0297,-0.2588,2,0
global,refaults,K+K+,1,sort,val,1.0404,-0.3696,2,0
global,refaults+rdist,K+K+,2,btree,heldout,0.9138,0.2309,5,0
global,refaults+rdist,K+K+,2,btree,test,0.9026,0.2146,4,0
global,refaults+rdist,K+K+,2,btree,val,0.9104,0.1986,4,0
global,refaults+rdist,K+K+,2,graph,heldout,0.5593,0.7074,3,0
global,refaults+rdist,K+K+,2,graph,test,1.1091,-0.2323,3,0
global,refaults+rdist,K+K+,2,graph,val,1.1203,-0.2399,3,0
global,refaults+rdist,K+K+,2,kv,heldout,1.0778,-0.1887,5,0
global,refaults+rdist,K+K+,2,kv,test,1.0752,-0.1816,6,0
global,refaults+rdist,K+K+,2,kv,val,1.0752,-0.1839,6,0
global,refaults+rdist,K+K+,2,matmul,heldout,1.0795,-0.5791,2,0
global,refaults+rdist,K+K+,2,sort,heldout,1.2635,-3.2194,3,0
global,refaults+rdist,K+K+,2,sort,test,1.1782,-1.9932,2,0
global,refaults+rdist,K+K+,2,sort,val,1.1808,-2.0224,2,0
global,sd,F,1,btree,heldout,0.9949,0.0136,5,0
global,sd,F,1,btree,test,0.9985,0.0032,4,0
global,sd,F,1,btree,val,0.9990,0.0021,4,0
global,sd,F,1,graph,heldout,0.9992,0.0013,3,0
global,sd,F,1,graph,test,0.9762,0.0394,3,0
global,sd,F,1,graph,val,0.9748,0.0413,3,0
global,sd,F,1,kv,heldout,0.9828,0.0417,5,0
global,sd,F,1,kv,test,0.9856,0.0333,6,0
global,sd,F,1,kv,val,0.9849,0.0346,6,0
global,sd,F,1,matmul,heldout,0.9990,0.0072,2,0
global,sd,F,1,sort,heldout,1.0000,0.0000,3,0
global,sd,F,1,sort,test,0.9536,0.3501,2,0
global,sd,F,1,sort,val,0.9601,0.3405,2,0
global,sd+ref+aging+sfreq+idle+age+dirty,F+K,7,btree,heldout,1.2542,-0.6812,5,0
global,sd+ref+aging+sfreq+idle+age+dirty,F+K,7,btree,test,1.5576,-1.2528,4,0
global,sd+ref+aging+sfreq+idle+age+dirty,F+K,7,btree,val,1.5897,-1.3287,4,0
global,sd+ref+aging+sfreq+idle+age+dirty,F+K,7,graph,heldout,1.0444,-0.0715,3,0
global,sd+ref+aging+sfreq+idle+age+dirty,F+K,7,graph,test,3.0000,-3.2280,3,3
global,sd+ref+aging+sfreq+idle+age+dirty,F+K,7,graph,val,3.0000,-3.2290,3,3
global,sd+ref+aging+sfreq+idle+age+dirty,F+K,7,kv,heldout,1.3455,-0.8446,5,0
global,sd+ref+aging+sfreq+idle+age+dirty,F+K,7,kv,test,1.5664,-1.4455,6,1
global,sd+ref+aging+sfreq+idle+age+dirty,F+K,7,kv,val,1.5718,-1.4651,6,1
global,sd+ref+aging+sfreq+idle+age+dirty,F+K,7,matmul,heldout,0.9990,0.0072,2,0
global,sd+ref+aging+sfreq+idle+age+dirty,F+K,7,sort,heldout,0.9688,0.3806,3,0
global,sd+ref+aging+sfreq+idle+age+dirty,F+K,7,sort,test,0.9536,0.3501,2,0
global,sd+ref+aging+sfreq+idle+age+dirty,F+K,7,sort,val,0.9601,0.3405,2,0
global,sd+ref+aging+sfreq+idle+age+dirty+refaults+rdist,F+K,9,btree,heldout,1.0799,-0.2139,5,0
global,sd+ref+aging+sfreq+idle+age+dirty+refaults+rdist,F+K,9,btree,test,1.2700,-0.6140,4,0
global,sd+ref+aging+sfreq+idle+age+dirty+refaults+rdist,F+K,9,btree,val,1.2844,-0.6462,4,0
global,sd+ref+aging+sfreq+idle+age+dirty+refaults+rdist,F+K,9,graph,heldout,1.0923,-0.3359,3,0
global,sd+ref+aging+sfreq+idle+age+dirty+refaults+rdist,F+K,9,graph,test,3.0000,-3.2280,3,3
global,sd+ref+aging+sfreq+idle+age+dirty+refaults+rdist,F+K,9,graph,val,3.0000,-3.2290,3,3
global,sd+ref+aging+sfreq+idle+age+dirty+refaults+rdist,F+K,9,kv,heldout,1.2931,-0.7111,5,0
global,sd+ref+aging+sfreq+idle+age+dirty+refaults+rdist,F+K,9,kv,test,1.3300,-0.7813,6,0
global,sd+ref+aging+sfreq+idle+age+dirty+refaults+rdist,F+K,9,kv,val,1.3702,-0.9021,6,0
global,sd+ref+aging+sfreq+idle+age+dirty+refaults+rdist,F+K,9,matmul,heldout,1.0019,-0.0125,2,0
global,sd+ref+aging+sfreq+idle+age+dirty+refaults+rdist,F+K,9,sort,heldout,0.9468,0.6495,3,0
global,sd+ref+aging+sfreq+idle+age+dirty+refaults+rdist,F+K,9,sort,test,0.9423,0.5244,2,0
global,sd+ref+aging+sfreq+idle+age+dirty+refaults+rdist,F+K,9,sort,val,0.9498,0.5027,2,0
global,sd+wr,F,2,btree,heldout,0.9906,0.0253,5,0
global,sd+wr,F,2,btree,test,0.9887,0.0250,4,0
global,sd+wr,F,2,btree,val,0.9895,0.0235,4,0
global,sd+wr,F,2,graph,heldout,1.0349,-0.0560,3,0
global,sd+wr,F,2,graph,test,1.4494,-0.7991,3,0
global,sd+wr,F,2,graph,val,1.4551,-0.8116,3,0
global,sd+wr,F,2,kv,heldout,0.9838,0.0393,5,0
global,sd+wr,F,2,kv,test,0.9863,0.0314,6,0
global,sd+wr,F,2,kv,val,0.9859,0.0322,6,0
global,sd+wr,F,2,matmul,heldout,0.9990,0.0072,2,0
global,sd+wr,F,2,sort,heldout,1.0000,0.0000,3,0
global,sd+wr,F,2,sort,test,0.9536,0.3501,2,0
global,sd+wr,F,2,sort,val,0.9601,0.3405,2,0
global,sd+wr+ref+aging+sfreq+idle+age+dirty,F+K,8,btree,heldout,1.2877,-0.7708,5,0
global,sd+wr+ref+aging+sfreq+idle+age+dirty,F+K,8,btree,test,1.6774,-1.5129,4,0
global,sd+wr+ref+aging+sfreq+idle+age+dirty,F+K,8,btree,val,1.6718,-1.5072,4,0
global,sd+wr+ref+aging+sfreq+idle+age+dirty,F+K,8,graph,heldout,0.8618,0.2208,3,0
global,sd+wr+ref+aging+sfreq+idle+age+dirty,F+K,8,graph,test,3.0000,-3.2280,3,3
global,sd+wr+ref+aging+sfreq+idle+age+dirty,F+K,8,graph,val,3.0000,-3.2290,3,3
global,sd+wr+ref+aging+sfreq+idle+age+dirty,F+K,8,kv,heldout,1.2568,-0.6228,5,0
global,sd+wr+ref+aging+sfreq+idle+age+dirty,F+K,8,kv,test,1.5411,-1.3866,6,1
global,sd+wr+ref+aging+sfreq+idle+age+dirty,F+K,8,kv,val,1.5139,-1.3389,6,1
global,sd+wr+ref+aging+sfreq+idle+age+dirty,F+K,8,matmul,heldout,0.9990,0.0072,2,0
global,sd+wr+ref+aging+sfreq+idle+age+dirty,F+K,8,sort,heldout,0.9688,0.3806,3,0
global,sd+wr+ref+aging+sfreq+idle+age+dirty,F+K,8,sort,test,0.9552,0.3387,2,0
global,sd+wr+ref+aging+sfreq+idle+age+dirty,F+K,8,sort,val,0.9616,0.3275,2,0
global,sd+wr+ref+aging+sfreq+idle+age+dirty+refaults+rdist,F+K,10,btree,heldout,1.0810,-0.2170,5,0
global,sd+wr+ref+aging+sfreq+idle+age+dirty+refaults+rdist,F+K,10,btree,test,1.2602,-0.5922,4,0
global,sd+wr+ref+aging+sfreq+idle+age+dirty+refaults+rdist,F+K,10,btree,val,1.2619,-0.6009,4,0
global,sd+wr+ref+aging+sfreq+idle+age+dirty+refaults+rdist,F+K,10,graph,heldout,0.8130,0.2997,3,0
global,sd+wr+ref+aging+sfreq+idle+age+dirty+refaults+rdist,F+K,10,graph,test,3.0000,-3.2280,3,3
global,sd+wr+ref+aging+sfreq+idle+age+dirty+refaults+rdist,F+K,10,graph,val,3.0000,-3.2290,3,3
global,sd+wr+ref+aging+sfreq+idle+age+dirty+refaults+rdist,F+K,10,kv,heldout,1.2952,-0.7159,5,0
global,sd+wr+ref+aging+sfreq+idle+age+dirty+refaults+rdist,F+K,10,kv,test,1.3401,-0.8060,6,0
global,sd+wr+ref+aging+sfreq+idle+age+dirty+refaults+rdist,F+K,10,kv,val,1.3296,-0.7893,6,0
global,sd+wr+ref+aging+sfreq+idle+age+dirty+refaults+rdist,F+K,10,matmul,heldout,1.0017,-0.0115,2,0
global,sd+wr+ref+aging+sfreq+idle+age+dirty+refaults+rdist,F+K,10,sort,heldout,0.9468,0.6495,3,0
global,sd+wr+ref+aging+sfreq+idle+age+dirty+refaults+rdist,F+K,10,sort,test,0.9423,0.5244,2,0
global,sd+wr+ref+aging+sfreq+idle+age+dirty+refaults+rdist,F+K,10,sort,val,0.9498,0.5027,2,0
global,sfreq,K,1,btree,heldout,1.3413,-0.9345,5,0
global,sfreq,K,1,btree,test,1.7701,-1.7432,4,0
global,sfreq,K,1,btree,val,2.0668,-2.4097,4,0
global,sfreq,K,1,graph,heldout,1.9560,-1.5373,3,0
global,sfreq,K,1,graph,test,3.0000,-3.2280,3,3
global,sfreq,K,1,graph,val,3.0000,-3.2290,3,3
global,sfreq,K,1,kv,heldout,1.2727,-0.6630,5,0
global,sfreq,K,1,kv,test,1.5722,-1.6511,6,1
global,sfreq,K,1,kv,val,1.6445,-1.8011,6,1
global,sfreq,K,1,matmul,heldout,1.5412,-4.0922,2,0
global,sfreq,K,1,sort,heldout,1.2459,-3.0043,3,0
global,sfreq,K,1,sort,test,1.1813,-2.0358,2,0
global,sfreq,K,1,sort,val,1.1792,-2.0336,2,0
global,sfreq+age,K,2,btree,heldout,0.9153,0.2268,5,0
global,sfreq+age,K,2,btree,test,0.8649,0.3005,4,0
global,sfreq+age,K,2,btree,val,0.8661,0.2991,4,0
global,sfreq+age,K,2,graph,heldout,1.7033,-1.1289,3,0
global,sfreq+age,K,2,graph,test,3.0000,-3.2280,3,3
global,sfreq+age,K,2,graph,val,3.0000,-3.2290,3,3
global,sfreq+age,K,2,kv,heldout,0.9816,0.0445,5,0
global,sfreq+age,K,2,kv,test,0.9767,0.0398,6,0
global,sfreq+age,K,2,kv,val,0.9795,0.0323,6,0
global,sfreq+age,K,2,matmul,heldout,1.3726,-2.5528,2,0
global,sfreq+age,K,2,sort,heldout,0.9996,0.0043,3,0
global,sfreq+age,K,2,sort,test,0.9676,0.2467,2,0
global,sfreq+age,K,2,sort,val,0.9769,0.1988,2,0
global,sfreq+age+dirty,K,3,btree,heldout,0.9239,0.2038,5,0
global,sfreq+age+dirty,K,3,btree,test,0.8588,0.3136,4,0
global,sfreq+age+dirty,K,3,btree,val,0.8596,0.3136,4,0
global,sfreq+age+dirty,K,3,graph,heldout,2.1552,-1.8544,3,0
global,sfreq+age+dirty,K,3,graph,test,3.0000,-3.2280,3,3
global,sfreq+age+dirty,K,3,graph,val,3.0000,-3.2290,3,3
global,sfreq+age+dirty,K,3,kv,heldout,0.9834,0.0403,5,0
global,sfreq+age+dirty,K,3,kv,test,0.9816,0.0297,6,0
global,sfreq+age+dirty,K,3,kv,val,0.9824,0.0269,6,0
global,sfreq+age+dirty,K,3,matmul,heldout,1.4232,-2.9106,2,0
global,sfreq+age+dirty,K,3,sort,heldout,0.9995,0.0065,3,0
global,sfreq+age+dirty,K,3,sort,test,0.9776,0.1720,2,0
global,sfreq+age+dirty,K,3,sort,val,0.9850,0.1327,2,0
global,sfreq+age+dirty+rdist,K+K+,4,btree,heldout,0.8411,0.4255,5,0
global,sfreq+age+dirty+rdist,K+K+,4,btree,test,0.8295,0.3758,4,0
global,sfreq+age+dirty+rdist,K+K+,4,btree,val,0.8353,0.3641,4,0
global,sfreq+age+dirty+rdist,K+K+,4,graph,heldout,3.0000,-3.2102,3,3
global,sfreq+age+dirty+rdist,K+K+,4,graph,test,3.0000,-3.2280,3,3
global,sfreq+age+dirty+rdist,K+K+,4,graph,val,3.0000,-3.2290,3,3
global,sfreq+age+dirty+rdist,K+K+,4,kv,heldout,1.0210,-0.0510,5,0
global,sfreq+age+dirty+rdist,K+K+,4,kv,test,1.0319,-0.0861,6,0
global,sfreq+age+dirty+rdist,K+K+,4,kv,val,1.0247,-0.0721,6,0
global,sfreq+age+dirty+rdist,K+K+,4,matmul,heldout,1.4102,-2.8928,2,0
global,sfreq+age+dirty+rdist,K+K+,4,sort,heldout,1.1457,-1.7806,3,0
global,sfreq+age+dirty+rdist,K+K+,4,sort,test,1.0620,-0.8026,2,0
global,sfreq+age+dirty+rdist,K+K+,4,sort,val,1.0719,-0.8902,2,0
global,sfreq+age+dirty+refaults,K+K+,4,btree,heldout,0.8467,0.4107,5,0
global,sfreq+age+dirty+refaults,K+K+,4,btree,test,0.8179,0.4029,4,0
global,sfreq+age+dirty+refaults,K+K+,4,btree,val,0.8214,0.3968,4,0
global,sfreq+age+dirty+refaults,K+K+,4,graph,heldout,1.6612,-1.0614,3,0
global,sfreq+age+dirty+refaults,K+K+,4,graph,test,3.0000,-3.2280,3,3
global,sfreq+age+dirty+refaults,K+K+,4,graph,val,3.0000,-3.2290,3,3
global,sfreq+age+dirty+refaults,K+K+,4,kv,heldout,0.9912,0.0213,5,0
global,sfreq+age+dirty+refaults,K+K+,4,kv,test,1.0092,-0.0331,6,0
global,sfreq+age+dirty+refaults,K+K+,4,kv,val,1.0003,-0.0156,6,0
global,sfreq+age+dirty+refaults,K+K+,4,matmul,heldout,1.5553,-4.0526,2,0
global,sfreq+age+dirty+refaults,K+K+,4,sort,heldout,1.0028,-0.0344,3,0
global,sfreq+age+dirty+refaults,K+K+,4,sort,test,1.0263,-0.2256,2,0
global,sfreq+age+dirty+refaults,K+K+,4,sort,val,1.0328,-0.2966,2,0
global,sfreq+age+dirty+refaults+rdist,K+K+,5,btree,heldout,0.8416,0.4241,5,0
global,sfreq+age+dirty+refaults+rdist,K+K+,5,btree,test,0.8291,0.3777,4,0
global,sfreq+age+dirty+refaults+rdist,K+K+,5,btree,val,0.8315,0.3738,4,0
global,sfreq+age+dirty+refaults+rdist,K+K+,5,graph,heldout,2.3343,-2.1418,3,0
global,sfreq+age+dirty+refaults+rdist,K+K+,5,graph,test,3.0000,-3.2280,3,3
global,sfreq+age+dirty+refaults+rdist,K+K+,5,graph,val,3.0000,-3.2290,3,3
global,sfreq+age+dirty+refaults+rdist,K+K+,5,kv,heldout,1.0208,-0.0504,5,0
global,sfreq+age+dirty+refaults+rdist,K+K+,5,kv,test,1.0425,-0.1100,6,0
global,sfreq+age+dirty+refaults+rdist,K+K+,5,kv,val,1.0301,-0.0854,6,0
global,sfreq+age+dirty+refaults+rdist,K+K+,5,matmul,heldout,1.5525,-4.0489,2,0
global,sfreq+age+dirty+refaults+rdist,K+K+,5,sort,heldout,1.1547,-1.8903,3,0
global,sfreq+age+dirty+refaults+rdist,K+K+,5,sort,test,1.1353,-1.4468,2,0
global,sfreq+age+dirty+refaults+rdist,K+K+,5,sort,val,1.1452,-1.5676,2,0
global,sfreq+age+rdist,K+K+,3,btree,heldout,0.8425,0.4218,5,0
global,sfreq+age+rdist,K+K+,3,btree,test,0.8220,0.3933,4,0
global,sfreq+age+rdist,K+K+,3,btree,val,0.8365,0.3620,4,0
global,sfreq+age+rdist,K+K+,3,graph,heldout,2.1983,-1.9236,3,0
global,sfreq+age+rdist,K+K+,3,graph,test,3.0000,-3.2280,3,3
global,sfreq+age+rdist,K+K+,3,graph,val,3.0000,-3.2290,3,3
global,sfreq+age+rdist,K+K+,3,kv,heldout,1.0104,-0.0253,5,0
global,sfreq+age+rdist,K+K+,3,kv,test,1.0079,-0.0308,6,0
global,sfreq+age+rdist,K+K+,3,kv,val,1.0084,-0.0345,6,0
global,sfreq+age+rdist,K+K+,3,matmul,heldout,1.3498,-2.4698,2,0
global,sfreq+age+rdist,K+K+,3,sort,heldout,1.1450,-1.7720,3,0
global,sfreq+age+rdist,K+K+,3,sort,test,1.0958,-1.1680,2,0
global,sfreq+age+rdist,K+K+,3,sort,val,1.1077,-1.3031,2,0
global,sfreq+age+refaults,K+K+,3,btree,heldout,0.8448,0.4157,5,0
global,sfreq+age+refaults,K+K+,3,btree,test,0.8229,0.3915,4,0
global,sfreq+age+refaults,K+K+,3,btree,val,0.8278,0.3822,4,0
global,sfreq+age+refaults,K+K+,3,graph,heldout,1.5206,-0.8360,3,0
global,sfreq+age+refaults,K+K+,3,graph,test,3.0000,-3.2280,3,3
global,sfreq+age+refaults,K+K+,3,graph,val,3.0000,-3.2290,3,3
global,sfreq+age+refaults,K+K+,3,kv,heldout,0.9893,0.0259,5,0
global,sfreq+age+refaults,K+K+,3,kv,test,1.0105,-0.0352,6,0
global,sfreq+age+refaults,K+K+,3,kv,val,1.0023,-0.0201,6,0
global,sfreq+age+refaults,K+K+,3,matmul,heldout,1.5532,-4.0411,2,0
global,sfreq+age+refaults,K+K+,3,sort,heldout,1.0030,-0.0366,3,0
global,sfreq+age+refaults,K+K+,3,sort,test,1.0279,-0.2277,2,0
global,sfreq+age+refaults,K+K+,3,sort,val,1.0484,-0.4410,2,0
global,sfreq+age+refaults+rdist,K+K+,4,btree,heldout,0.8436,0.4190,5,0
global,sfreq+age+refaults+rdist,K+K+,4,btree,test,0.8374,0.3591,4,0
global,sfreq+age+refaults+rdist,K+K+,4,btree,val,0.8407,0.3532,4,0
global,sfreq+age+refaults+rdist,K+K+,4,graph,heldout,1.8056,-1.2934,3,0
global,sfreq+age+refaults+rdist,K+K+,4,graph,test,3.0000,-3.2280,3,3
global,sfreq+age+refaults+rdist,K+K+,4,graph,val,3.0000,-3.2290,3,3
global,sfreq+age+refaults+rdist,K+K+,4,kv,heldout,1.0166,-0.0404,5,0
global,sfreq+age+refaults+rdist,K+K+,4,kv,test,1.0450,-0.1172,6,0
global,sfreq+age+refaults+rdist,K+K+,4,kv,val,1.0326,-0.0913,6,0
global,sfreq+age+refaults+rdist,K+K+,4,matmul,heldout,1.5526,-4.0599,2,0
global,sfreq+age+refaults+rdist,K+K+,4,sort,heldout,1.1600,-1.9548,3,0
global,sfreq+age+refaults+rdist,K+K+,4,sort,test,1.1319,-1.4087,2,0
global,sfreq+age+refaults+rdist,K+K+,4,sort,val,1.1387,-1.4983,2,0
global,sfreq+dirty,K,2,btree,heldout,0.9052,0.2538,5,0
global,sfreq+dirty,K,2,btree,test,0.8698,0.2879,4,0
global,sfreq+dirty,K,2,btree,val,0.8667,0.2968,4,0
global,sfreq+dirty,K,2,graph,heldout,3.0000,-3.2102,3,3
global,sfreq+dirty,K,2,graph,test,3.0000,-3.2280,3,3
global,sfreq+dirty,K,2,graph,val,3.0000,-3.2290,3,3
global,sfreq+dirty,K,2,kv,heldout,1.2727,-0.6630,5,0
global,sfreq+dirty,K,2,kv,test,1.6101,-1.5043,6,0
global,sfreq+dirty,K,2,kv,val,1.6322,-1.5945,6,0
global,sfreq+dirty,K,2,matmul,heldout,1.5329,-4.0144,2,0
global,sfreq+dirty,K,2,sort,heldout,1.2402,-2.9355,3,0
global,sfreq+dirty,K,2,sort,test,1.1686,-1.9091,2,0
global,sfreq+dirty,K,2,sort,val,1.1855,-2.0734,2,0
global,sfreq+dirty+rdist,K+K+,3,btree,heldout,1.2947,-0.8113,5,0
global,sfreq+dirty+rdist,K+K+,3,btree,test,1.5497,-1.2255,4,0
global,sfreq+dirty+rdist,K+K+,3,btree,val,1.5968,-1.3430,4,0
global,sfreq+dirty+rdist,K+K+,3,graph,heldout,3.0000,-3.2102,3,3
global,sfreq+dirty+rdist,K+K+,3,graph,test,3.0000,-3.2280,3,3
global,sfreq+dirty+rdist,K+K+,3,graph,val,3.0000,-3.2290,3,3
global,sfreq+dirty+rdist,K+K+,3,kv,heldout,1.7801,-1.9215,5,0
global,sfreq+dirty+rdist,K+K+,3,kv,test,2.3346,-3.3379,6,1
global,sfreq+dirty+rdist,K+K+,3,kv,val,2.3530,-3.3991,6,1
global,sfreq+dirty+rdist,K+K+,3,matmul,heldout,1.4644,-3.5600,2,0
global,sfreq+dirty+rdist,K+K+,3,sort,heldout,1.2879,-3.5183,3,0
global,sfreq+dirty+rdist,K+K+,3,sort,test,1.2155,-2.3527,2,0
global,sfreq+dirty+rdist,K+K+,3,sort,val,1.2162,-2.3573,2,0
global,sfreq+dirty+refaults,K+K+,3,btree,heldout,0.8527,0.3944,5,0
global,sfreq+dirty+refaults,K+K+,3,btree,test,0.8738,0.2760,4,0
global,sfreq+dirty+refaults,K+K+,3,btree,val,0.8801,0.2627,4,0
global,sfreq+dirty+refaults,K+K+,3,graph,heldout,1.6522,-1.0470,3,0
global,sfreq+dirty+refaults,K+K+,3,graph,test,3.0000,-3.2280,3,3
global,sfreq+dirty+refaults,K+K+,3,graph,val,3.0000,-3.2290,3,3
global,sfreq+dirty+refaults,K+K+,3,kv,heldout,1.0583,-0.1414,5,0
global,sfreq+dirty+refaults,K+K+,3,kv,test,1.1157,-0.3000,6,0
global,sfreq+dirty+refaults,K+K+,3,kv,val,1.0987,-0.2641,6,0
global,sfreq+dirty+refaults,K+K+,3,matmul,heldout,1.5620,-4.1063,2,0
global,sfreq+dirty+refaults,K+K+,3,sort,heldout,1.2433,-2.9742,3,0
global,sfreq+dirty+refaults,K+K+,3,sort,test,1.1878,-2.0968,2,0
global,sfreq+dirty+refaults,K+K+,3,sort,val,1.1951,-2.1889,2,0
global,sfreq+dirty+refaults+rdist,K+K+,4,btree,heldout,0.8532,0.3930,5,0
global,sfreq+dirty+refaults+rdist,K+K+,4,btree,test,0.8692,0.2869,4,0
global,sfreq+dirty+refaults+rdist,K+K+,4,btree,val,0.8722,0.2814,4,0
global,sfreq+dirty+refaults+rdist,K+K+,4,graph,heldout,1.1181,-0.1897,3,0
global,sfreq+dirty+refaults+rdist,K+K+,4,graph,test,3.0000,-3.2280,3,3
global,sfreq+dirty+refaults+rdist,K+K+,4,graph,val,3.0000,-3.2290,3,3
global,sfreq+dirty+refaults+rdist,K+K+,4,kv,heldout,1.0600,-0.1455,5,0
global,sfreq+dirty+refaults+rdist,K+K+,4,kv,test,1.1066,-0.2749,6,0
global,sfreq+dirty+refaults+rdist,K+K+,4,kv,val,1.1011,-0.2691,6,0
global,sfreq+dirty+refaults+rdist,K+K+,4,matmul,heldout,1.5245,-3.9587,2,0
global,sfreq+dirty+refaults+rdist,K+K+,4,sort,heldout,1.3164,-3.8667,3,0
global,sfreq+dirty+refaults+rdist,K+K+,4,sort,test,1.2047,-2.1650,2,0
global,sfreq+dirty+refaults+rdist,K+K+,4,sort,val,1.2185,-2.3539,2,0
global,sfreq+idle,K,2,btree,heldout,0.9832,0.0449,5,0
global,sfreq+idle,K,2,btree,test,0.9783,0.0479,4,0
global,sfreq+idle,K,2,btree,val,0.9798,0.0450,4,0
global,sfreq+idle,K,2,graph,heldout,0.9742,0.0414,3,0
global,sfreq+idle,K,2,graph,test,0.8692,0.2210,3,0
global,sfreq+idle,K,2,graph,val,0.8661,0.2255,3,0
global,sfreq+idle,K,2,kv,heldout,0.9624,0.0911,5,0
global,sfreq+idle,K,2,kv,test,0.9604,0.0883,6,0
global,sfreq+idle,K,2,kv,val,0.9604,0.0885,6,0
global,sfreq+idle,K,2,matmul,heldout,0.9990,0.0072,2,0
global,sfreq+idle,K,2,sort,heldout,1.0000,0.0000,3,0
global,sfreq+idle,K,2,sort,test,0.9807,0.1490,2,0
global,sfreq+idle,K,2,sort,val,0.9904,0.0872,2,0
global,sfreq+idle+age,K,3,btree,heldout,0.9831,0.0454,5,0
global,sfreq+idle+age,K,3,btree,test,0.9775,0.0496,4,0
global,sfreq+idle+age,K,3,btree,val,0.9791,0.0465,4,0
global,sfreq+idle+age,K,3,graph,heldout,0.9752,0.0398,3,0
global,sfreq+idle+age,K,3,graph,test,0.8655,0.2270,3,0
global,sfreq+idle+age,K,3,graph,val,0.8644,0.2288,3,0
global,sfreq+idle+age,K,3,kv,heldout,0.9620,0.0921,5,0
global,sfreq+idle+age,K,3,kv,test,0.9595,0.0900,6,0
global,sfreq+idle+age,K,3,kv,val,0.9597,0.0899,6,0
global,sfreq+idle+age,K,3,matmul,heldout,0.9990,0.0072,2,0
global,sfreq+idle+age,K,3,sort,heldout,1.0000,0.0000,3,0
global,sfreq+idle+age,K,3,sort,test,0.9807,0.1490,2,0
global,sfreq+idle+age,K,3,sort,val,0.9904,0.0872,2,0
global,sfreq+idle+age+dirty,K,4,btree,heldout,0.9759,0.0645,5,0
global,sfreq+idle+age+dirty,K,4,btree,test,0.9532,0.1029,4,0
global,sfreq+idle+age+dirty,K,4,btree,val,0.9550,0.0997,4,0
global,sfreq+idle+age+dirty,K,4,graph,heldout,1.0218,-0.0350,3,0
global,sfreq+idle+age+dirty,K,4,graph,test,0.9807,0.0424,3,0
global,sfreq+idle+age+dirty,K,4,graph,val,0.9803,0.0425,3,0
global,sfreq+idle+age+dirty,K,4,kv,heldout,0.9596,0.0981,5,0
global,sfreq+idle+age+dirty,K,4,kv,test,0.9674,0.0733,6,0
global,sfreq+idle+age+dirty,K,4,kv,val,0.9669,0.0749,6,0
global,sfreq+idle+age+dirty,K,4,matmul,heldout,0.9990,0.0072,2,0
global,sfreq+idle+age+dirty,K,4,sort,heldout,1.0000,0.0000,3,0
global,sfreq+idle+age+dirty,K,4,sort,test,0.9860,0.1088,2,0
global,sfreq+idle+age+dirty,K,4,sort,val,0.9973,0.0288,2,0
global,sfreq+idle+age+dirty+rdist,K+K+,5,btree,heldout,0.8764,0.3311,5,0
global,sfreq+idle+age+dirty+rdist,K+K+,5,btree,test,0.8197,0.4001,4,0
global,sfreq+idle+age+dirty+rdist,K+K+,5,btree,val,0.8246,0.3907,4,0
global,sfreq+idle+age+dirty+rdist,K+K+,5,graph,heldout,0.5778,0.6776,3,0
global,sfreq+idle+age+dirty+rdist,K+K+,5,graph,test,0.7906,0.3140,3,0
global,sfreq+idle+age+dirty+rdist,K+K+,5,graph,val,0.7916,0.3132,3,0
global,sfreq+idle+age+dirty+rdist,K+K+,5,kv,heldout,0.9471,0.1282,5,0
global,sfreq+idle+age+dirty+rdist,K+K+,5,kv,test,0.9412,0.1254,6,0
global,sfreq+idle+age+dirty+rdist,K+K+,5,kv,val,0.9398,0.1267,6,0
global,sfreq+idle+age+dirty+rdist,K+K+,5,matmul,heldout,0.9735,0.1306,2,0
global,sfreq+idle+age+dirty+rdist,K+K+,5,sort,heldout,0.9588,0.5032,3,0
global,sfreq+idle+age+dirty+rdist,K+K+,5,sort,test,1.0198,-0.0880,2,0
global,sfreq+idle+age+dirty+rdist,K+K+,5,sort,val,1.0303,-0.2094,2,0
global,sfreq+idle+age+dirty+refaults,K+K+,5,btree,heldout,0.8915,0.2905,5,0
global,sfreq+idle+age+dirty+refaults,K+K+,5,btree,test,0.8343,0.3677,4,0
global,sfreq+idle+age+dirty+refaults,K+K+,5,btree,val,0.8343,0.3692,4,0
global,sfreq+idle+age+dirty+refaults,K+K+,5,graph,heldout,0.4940,0.8122,3,0
global,sfreq+idle+age+dirty+refaults,K+K+,5,graph,test,0.8021,0.2603,3,0
global,sfreq+idle+age+dirty+refaults,K+K+,5,graph,val,0.7918,0.2886,3,0
global,sfreq+idle+age+dirty+refaults,K+K+,5,kv,heldout,0.9040,0.2329,5,0
global,sfreq+idle+age+dirty+refaults,K+K+,5,kv,test,0.9005,0.2215,6,0
global,sfreq+idle+age+dirty+refaults,K+K+,5,kv,val,0.9024,0.2170,6,0
global,sfreq+idle+age+dirty+refaults,K+K+,5,matmul,heldout,1.1801,-1.3222,2,0
global,sfreq+idle+age+dirty+refaults,K+K+,5,sort,heldout,1.0000,0.0000,3,0
global,sfreq+idle+age+dirty+refaults,K+K+,5,sort,test,0.9932,0.0517,2,0
global,sfreq+idle+age+dirty+refaults,K+K+,5,sort,val,1.0060,-0.0479,2,0
global,sfreq+idle+age+dirty+refaults+rdist,K+K+,6,btree,heldout,0.8643,0.3633,5,0
global,sfreq+idle+age+dirty+refaults+rdist,K+K+,6,btree,test,0.8101,0.4208,4,0
global,sfreq+idle+age+dirty+refaults+rdist,K+K+,6,btree,val,0.8133,0.4157,4,0
global,sfreq+idle+age+dirty+refaults+rdist,K+K+,6,graph,heldout,0.5000,0.8026,3,0
global,sfreq+idle+age+dirty+refaults+rdist,K+K+,6,graph,test,0.8041,0.2573,3,0
global,sfreq+idle+age+dirty+refaults+rdist,K+K+,6,graph,val,0.7861,0.3036,3,0
global,sfreq+idle+age+dirty+refaults+rdist,K+K+,6,kv,heldout,0.9183,0.1980,5,0
global,sfreq+idle+age+dirty+refaults+rdist,K+K+,6,kv,test,0.9012,0.2187,6,0
global,sfreq+idle+age+dirty+refaults+rdist,K+K+,6,kv,val,0.9021,0.2164,6,0
global,sfreq+idle+age+dirty+refaults+rdist,K+K+,6,matmul,heldout,1.0955,-0.6920,2,0
global,sfreq+idle+age+dirty+refaults+rdist,K+K+,6,sort,heldout,0.9926,0.0903,3,0
global,sfreq+idle+age+dirty+refaults+rdist,K+K+,6,sort,test,1.0287,-0.2144,2,0
global,sfreq+idle+age+dirty+refaults+rdist,K+K+,6,sort,val,1.0393,-0.3321,2,0
global,sfreq+idle+age+rdist,K+K+,4,btree,heldout,0.8813,0.3179,5,0
global,sfreq+idle+age+rdist,K+K+,4,btree,test,0.8348,0.3666,4,0
global,sfreq+idle+age+rdist,K+K+,4,btree,val,0.8394,0.3578,4,0
global,sfreq+idle+age+rdist,K+K+,4,graph,heldout,0.5208,0.7692,3,0
global,sfreq+idle+age+rdist,K+K+,4,graph,test,0.6766,0.5278,3,0
global,sfreq+idle+age+rdist,K+K+,4,graph,val,0.6749,0.5318,3,0
global,sfreq+idle+age+rdist,K+K+,4,kv,heldout,0.9434,0.1373,5,0
global,sfreq+idle+age+rdist,K+K+,4,kv,test,0.9151,0.1842,6,0
global,sfreq+idle+age+rdist,K+K+,4,kv,val,0.9145,0.1848,6,0
global,sfreq+idle+age+rdist,K+K+,4,matmul,heldout,0.9711,0.1495,2,0
global,sfreq+idle+age+rdist,K+K+,4,sort,heldout,0.9703,0.3634,3,0
global,sfreq+idle+age+rdist,K+K+,4,sort,test,1.0197,-0.0831,2,0
global,sfreq+idle+age+rdist,K+K+,4,sort,val,1.0360,-0.2791,2,0
global,sfreq+idle+age+refaults,K+K+,4,btree,heldout,0.8910,0.2920,5,0
global,sfreq+idle+age+refaults,K+K+,4,btree,test,0.8357,0.3641,4,0
global,sfreq+idle+age+refaults,K+K+,4,btree,val,0.8369,0.3631,4,0
global,sfreq+idle+age+refaults,K+K+,4,graph,heldout,0.4919,0.8155,3,0
global,sfreq+idle+age+refaults,K+K+,4,graph,test,0.8044,0.2500,3,0
global,sfreq+idle+age+refaults,K+K+,4,graph,val,0.7865,0.2974,3,0
global,sfreq+idle+age+refaults,K+K+,4,kv,heldout,0.9031,0.2351,5,0
global,sfreq+idle+age+refaults,K+K+,4,kv,test,0.8993,0.2239,6,0
global,sfreq+idle+age+refaults,K+K+,4,kv,val,0.9033,0.2139,6,0
global,sfreq+idle+age+refaults,K+K+,4,matmul,heldout,1.1503,-1.0757,2,0
global,sfreq+idle+age+refaults,K+K+,4,sort,heldout,1.0000,0.0000,3,0
global,sfreq+idle+age+refaults,K+K+,4,sort,test,0.9746,0.1950,2,0
global,sfreq+idle+age+refaults,K+K+,4,sort,val,0.9831,0.1469,2,0
global,sfreq+idle+age+refaults+rdist,K+K+,5,btree,heldout,0.8599,0.3753,5,0
global,sfreq+idle+age+refaults+rdist,K+K+,5,btree,test,0.8168,0.4056,4,0
global,sfreq+idle+age+refaults+rdist,K+K+,5,btree,val,0.8183,0.4038,4,0
global,sfreq+idle+age+refaults+rdist,K+K+,5,graph,heldout,0.4970,0.8073,3,0
global,sfreq+idle+age+refaults+rdist,K+K+,5,graph,test,0.8047,0.2464,3,0
global,sfreq+idle+age+refaults+rdist,K+K+,5,graph,val,0.7760,0.3190,3,0
global,sfreq+idle+age+refaults+rdist,K+K+,5,kv,heldout,0.9096,0.2193,5,0
global,sfreq+idle+age+refaults+rdist,K+K+,5,kv,test,0.9005,0.2192,6,0
global,sfreq+idle+age+refaults+rdist,K+K+,5,kv,val,0.9044,0.2101,6,0
global,sfreq+idle+age+refaults+rdist,K+K+,5,matmul,heldout,1.0686,-0.4777,2,0
global,sfreq+idle+age+refaults+rdist,K+K+,5,sort,heldout,0.9856,0.1763,3,0
global,sfreq+idle+age+refaults+rdist,K+K+,5,sort,test,1.0287,-0.2144,2,0
global,sfreq+idle+age+refaults+rdist,K+K+,5,sort,val,1.0393,-0.3321,2,0
global,sfreq+idle+dirty,K,3,btree,heldout,0.9758,0.0648,5,0
global,sfreq+idle+dirty,K,3,btree,test,0.9526,0.1041,4,0
global,sfreq+idle+dirty,K,3,btree,val,0.9544,0.1010,4,0
global,sfreq+idle+dirty,K,3,graph,heldout,1.0238,-0.0382,3,0
global,sfreq+idle+dirty,K,3,graph,test,0.9827,0.0401,3,0
global,sfreq+idle+dirty,K,3,graph,val,0.9810,0.0421,3,0
global,sfreq+idle+dirty,K,3,kv,heldout,0.9590,0.0995,5,0
global,sfreq+idle+dirty,K,3,kv,test,0.9671,0.0742,6,0
global,sfreq+idle+dirty,K,3,kv,val,0.9663,0.0762,6,0
global,sfreq+idle+dirty,K,3,matmul,heldout,0.9990,0.0072,2,0
global,sfreq+idle+dirty,K,3,sort,heldout,1.0000,0.0000,3,0
global,sfreq+idle+dirty,K,3,sort,test,0.9868,0.1030,2,0
global,sfreq+idle+dirty,K,3,sort,val,0.9981,0.0223,2,0
global,sfreq+idle+dirty+rdist,K+K+,4,btree,heldout,0.8533,0.3930,5,0
global,sfreq+idle+dirty+rdist,K+K+,4,btree,test,0.8020,0.4394,4,0
global,sfreq+idle+dirty+rdist,K+K+,4,btree,val,0.8056,0.4333,4,0
global,sfreq+idle+dirty+rdist,K+K+,4,graph,heldout,0.5739,0.6840,3,0
global,sfreq+idle+dirty+rdist,K+K+,4,graph,test,0.8499,0.1739,3,0
global,sfreq+idle+dirty+rdist,K+K+,4,graph,val,0.8489,0.1801,3,0
global,sfreq+idle+dirty+rdist,K+K+,4,kv,heldout,0.9433,0.1374,5,0
global,sfreq+idle+dirty+rdist,K+K+,4,kv,test,0.9315,0.1456,6,0
global,sfreq+idle+dirty+rdist,K+K+,4,kv,val,0.9304,0.1470,6,0
global,sfreq+idle+dirty+rdist,K+K+,4,matmul,heldout,1.0034,-0.0337,2,0
global,sfreq+idle+dirty+rdist,K+K+,4,sort,heldout,0.9604,0.4839,3,0
global,sfreq+idle+dirty+rdist,K+K+,4,sort,test,1.0242,-0.1416,2,0
global,sfreq+idle+dirty+rdist,K+K+,4,sort,val,1.0343,-0.2580,2,0
global,sfreq+idle+dirty+refaults,K+K+,4,btree,heldout,0.8853,0.3073,5,0
global,sfreq+idle+dirty+refaults,K+K+,4,btree,test,0.8248,0.3887,4,0
global,sfreq+idle+dirty+refaults,K+K+,4,btree,val,0.8271,0.3854,4,0
global,sfreq+idle+dirty+refaults,K+K+,4,graph,heldout,0.5030,0.7977,3,0
global,sfreq+idle+dirty+refaults,K+K+,4,graph,test,0.9840,-0.1367,3,0
global,sfreq+idle+dirty+refaults,K+K+,4,graph,val,0.9461,-0.0245,3,0
global,sfreq+idle+dirty+refaults,K+K+,4,kv,heldout,0.9272,0.1764,5,0
global,sfreq+idle+dirty+refaults,K+K+,4,kv,test,0.9182,0.1805,6,0
global,sfreq+idle+dirty+refaults,K+K+,4,kv,val,0.9189,0.1782,6,0
global,sfreq+idle+dirty+refaults,K+K+,4,matmul,heldout,1.2078,-1.5234,2,0
global,sfreq+idle+dirty+refaults,K+K+,4,sort,heldout,0.9995,0.0065,3,0
global,sfreq+idle+dirty+refaults,K+K+,4,sort,test,0.9902,0.0747,2,0
global,sfreq+idle+dirty+refaults,K+K+,4,sort,val,1.0015,-0.0090,2,0
global,sfreq+idle+dirty+refaults+rdist,K+K+,5,btree,heldout,0.8513,0.3983,5,0
global,sfreq+idle+dirty+refaults+rdist,K+K+,5,btree,test,0.8120,0.4161,4,0
global,sfreq+idle+dirty+refaults+rdist,K+K+,5,btree,val,0.8136,0.4144,4,0
global,sfreq+idle+dirty+refaults+rdist,K+K+,5,graph,heldout,0.5280,0.7575,3,0
global,sfreq+idle+dirty+refaults+rdist,K+K+,5,graph,test,1.2786,-0.6710,3,1
global,sfreq+idle+dirty+refaults+rdist,K+K+,5,graph,val,1.2950,-0.6963,3,1
global,sfreq+idle+dirty+refaults+rdist,K+K+,5,kv,heldout,0.9564,0.1058,5,0
global,sfreq+idle+dirty+refaults+rdist,K+K+,5,kv,test,0.9423,0.1254,6,0
global,sfreq+idle+dirty+refaults+rdist,K+K+,5,kv,val,0.9416,0.1263,6,0
global,sfreq+idle+dirty+refaults+rdist,K+K+,5,matmul,heldout,1.2453,-1.6768,2,0
global,sfreq+idle+dirty+refaults+rdist,K+K+,5,sort,heldout,0.9963,0.0452,3,0
global,sfreq+idle+dirty+refaults+rdist,K+K+,5,sort,test,1.0370,-0.2829,2,0
global,sfreq+idle+dirty+refaults+rdist,K+K+,5,sort,val,1.0477,-0.4087,2,0
global,sfreq+idle+rdist,K+K+,3,btree,heldout,0.8591,0.3772,5,0
global,sfreq+idle+rdist,K+K+,3,btree,test,0.8115,0.4185,4,0
global,sfreq+idle+rdist,K+K+,3,btree,val,0.8132,0.4165,4,0
global,sfreq+idle+rdist,K+K+,3,graph,heldout,0.5157,0.7773,3,0
global,sfreq+idle+rdist,K+K+,3,graph,test,0.6915,0.4988,3,0
global,sfreq+idle+rdist,K+K+,3,graph,val,0.6897,0.5032,3,0
global,sfreq+idle+rdist,K+K+,3,kv,heldout,0.9381,0.1501,5,0
global,sfreq+idle+rdist,K+K+,3,kv,test,0.9135,0.1868,6,0
global,sfreq+idle+rdist,K+K+,3,kv,val,0.9127,0.1882,6,0
global,sfreq+idle+rdist,K+K+,3,matmul,heldout,0.9711,0.1495,2,0
global,sfreq+idle+rdist,K+K+,3,sort,heldout,0.9708,0.3570,3,0
global,sfreq+idle+rdist,K+K+,3,sort,test,1.0549,-0.5459,2,0
global,sfreq+idle+rdist,K+K+,3,sort,val,1.0670,-0.6791,2,0
global,sfreq+idle+refaults,K+K+,3,btree,heldout,0.8803,0.3206,5,0
global,sfreq+idle+refaults,K+K+,3,btree,test,0.8263,0.3852,4,0
global,sfreq+idle+refaults,K+K+,3,btree,val,0.8299,0.3790,4,0
global,sfreq+idle+refaults,K+K+,3,graph,heldout,0.5027,0.7981,3,0
global,sfreq+idle+refaults,K+K+,3,graph,test,0.9586,-0.0904,3,0
global,sfreq+idle+refaults,K+K+,3,graph,val,0.9225,0.0144,3,0
global,sfreq+idle+refaults,K+K+,3,kv,heldout,0.9246,0.1828,5,0
global,sfreq+idle+refaults,K+K+,3,kv,test,0.9172,0.1824,6,0
global,sfreq+idle+refaults,K+K+,3,kv,val,0.9202,0.1748,6,0
global,sfreq+idle+refaults,K+K+,3,matmul,heldout,1.1789,-1.2824,2,0
global,sfreq+idle+refaults,K+K+,3,sort,heldout,1.0000,0.0000,3,0
global,sfreq+idle+refaults,K+K+,3,sort,test,0.9803,0.1494,2,0
global,sfreq+idle+refaults,K+K+,3,sort,val,0.9931,0.0625,2,0
global,sfreq+idle+refaults+rdist,K+K+,4,btree,heldout,0.8428,0.4211,5,0
global,sfreq+idle+refaults+rdist,K+K+,4,btree,test,0.8188,0.4009,4,0
global,sfreq+idle+refaults+rdist,K+K+,4,btree,val,0.8221,0.3951,4,0
global,sfreq+idle+refaults+rdist,K+K+,4,graph,heldout,0.5225,0.7664,3,0
global,sfreq+idle+refaults+rdist,K+K+,4,graph,test,1.1366,-0.4389,3,0
global,sfreq+idle+refaults+rdist,K+K+,4,graph,val,1.1031,-0.3523,3,0
global,sfreq+idle+refaults+rdist,K+K+,4,kv,heldout,0.9465,0.1297,5,0
global,sfreq+idle+refaults+rdist,K+K+,4,kv,test,0.9398,0.1299,6,0
global,sfreq+idle+refaults+rdist,K+K+,4,kv,val,0.9456,0.1163,6,0
global,sfreq+idle+refaults+rdist,K+K+,4,matmul,heldout,1.2199,-1.5311,2,0
global,sfreq+idle+refaults+rdist,K+K+,4,sort,heldout,0.9965,0.0430,3,0
global,sfreq+idle+refaults+rdist,K+K+,4,sort,test,1.0336,-0.2639,2,0
global,sfreq+idle+refaults+rdist,K+K+,4,sort,val,1.0447,-0.3896,2,0
global,sfreq+rdist,K+K+,2,btree,heldout,1.3804,-1.0377,5,0
global,sfreq+rdist,K+K+,2,btree,test,1.8472,-1.9113,4,0
global,sfreq+rdist,K+K+,2,btree,val,2.0367,-2.3312,4,0
global,sfreq+rdist,K+K+,2,graph,heldout,2.1605,-1.8637,3,0
global,sfreq+rdist,K+K+,2,graph,test,3.0000,-3.2280,3,3
global,sfreq+rdist,K+K+,2,graph,val,3.0000,-3.2290,3,3
global,sfreq+rdist,K+K+,2,kv,heldout,1.7801,-1.9215,5,0
global,sfreq+rdist,K+K+,2,kv,test,1.9099,-2.4222,6,2
global,sfreq+rdist,K+K+,2,kv,val,1.9744,-2.5614,6,2
global,sfreq+rdist,K+K+,2,matmul,heldout,1.4644,-3.5600,2,0
global,sfreq+rdist,K+K+,2,sort,heldout,1.3059,-3.7376,3,0
global,sfreq+rdist,K+K+,2,sort,test,1.2142,-2.3073,2,0
global,sfreq+rdist,K+K+,2,sort,val,1.2150,-2.3496,2,0
global,sfreq+refaults,K+K+,2,btree,heldout,0.8622,0.3689,5,0
global,sfreq+refaults,K+K+,2,btree,test,0.8873,0.2465,4,0
global,sfreq+refaults,K+K+,2,btree,val,0.8922,0.2364,4,0
global,sfreq+refaults,K+K+,2,graph,heldout,2.0968,-1.7613,3,0
global,sfreq+refaults,K+K+,2,graph,test,3.0000,-3.2280,3,3
global,sfreq+refaults,K+K+,2,graph,val,3.0000,-3.2290,3,3
global,sfreq+refaults,K+K+,2,kv,heldout,1.0605,-0.1468,5,0
global,sfreq+refaults,K+K+,2,kv,test,1.1222,-0.3185,6,0
global,sfreq+refaults,K+K+,2,kv,val,1.1014,-0.2715,6,0
global,sfreq+refaults,K+K+,2,matmul,heldout,1.5636,-4.1228,2,0
global,sfreq+refaults,K+K+,2,sort,heldout,1.2522,-3.0817,3,0
global,sfreq+refaults,K+K+,2,sort,test,1.1844,-2.0588,2,0
global,sfreq+refaults,K+K+,2,sort,val,1.1901,-2.1245,2,0
global,sfreq+refaults+rdist,K+K+,3,btree,heldout,0.8602,0.3743,5,0
global,sfreq+refaults+rdist,K+K+,3,btree,test,0.8854,0.2513,4,0
global,sfreq+refaults+rdist,K+K+,3,btree,val,0.8913,0.2383,4,0
global,sfreq+refaults+rdist,K+K+,3,graph,heldout,2.1345,-1.8220,3,0
global,sfreq+refaults+rdist,K+K+,3,graph,test,3.0000,-3.2280,3,3
global,sfreq+refaults+rdist,K+K+,3,graph,val,3.0000,-3.2290,3,3
global,sfreq+refaults+rdist,K+K+,3,kv,heldout,1.0603,-0.1463,5,0
global,sfreq+refaults+rdist,K+K+,3,kv,test,1.1065,-0.2786,6,0
global,sfreq+refaults+rdist,K+K+,3,kv,val,1.1005,-0.2668,6,0
global,sfreq+refaults+rdist,K+K+,3,matmul,heldout,1.5253,-3.9794,2,0
global,sfreq+refaults+rdist,K+K+,3,sort,heldout,1.2835,-3.4645,3,0
global,sfreq+refaults+rdist,K+K+,3,sort,test,1.2239,-2.4305,2,0
global,sfreq+refaults+rdist,K+K+,3,sort,val,1.2221,-2.4363,2,0
global,wr,F,1,btree,heldout,0.9366,0.1698,5,0
global,wr,F,1,btree,test,0.8544,0.3185,4,0
global,wr,F,1,btree,val,0.8649,0.2966,4,0
global,wr,F,1,graph,heldout,3.0000,-3.2102,3,3
global,wr,F,1,graph,test,3.0000,-3.2280,3,3
global,wr,F,1,graph,val,3.0000,-3.2290,3,3
global,wr,F,1,kv,heldout,1.9644,-2.3385,5,0
global,wr,F,1,kv,test,2.2160,-3.0568,6,0
global,wr,F,1,kv,val,2.2294,-3.1138,6,0
global,wr,F,1,matmul,heldout,1.4077,-2.9885,2,0
global,wr,F,1,sort,heldout,1.2245,-2.7441,3,0
global,wr,F,1,sort,test,1.2451,-2.7035,2,0
global,wr,F,1,sort,val,1.2338,-2.6224,2,0
global,wr+ref+aging+sfreq+idle+age+dirty,F+K,7,btree,heldout,0.9088,0.2443,5,0
global,wr+ref+aging+sfreq+idle+age+dirty,F+K,7,btree,test,0.9617,0.0832,4,0
global,wr+ref+aging+sfreq+idle+age+dirty,F+K,7,btree,val,0.9888,0.0216,4,0
global,wr+ref+aging+sfreq+idle+age+dirty,F+K,7,graph,heldout,1.2581,-0.4143,3,0
global,wr+ref+aging+sfreq+idle+age+dirty,F+K,7,graph,test,1.3245,-0.7508,3,0
global,wr+ref+aging+sfreq+idle+age+dirty,F+K,7,graph,val,1.3200,-0.7486,3,0
global,wr+ref+aging+sfreq+idle+age+dirty,F+K,7,kv,heldout,1.1696,-0.4120,5,0
global,wr+ref+aging+sfreq+idle+age+dirty,F+K,7,kv,test,1.4109,-1.0010,6,0
global,wr+ref+aging+sfreq+idle+age+dirty,F+K,7,kv,val,1.3885,-0.9498,6,0
global,wr+ref+aging+sfreq+idle+age+dirty,F+K,7,matmul,heldout,0.9990,0.0072,2,0
global,wr+ref+aging+sfreq+idle+age+dirty,F+K,7,sort,heldout,0.9646,0.4323,3,0
global,wr+ref+aging+sfreq+idle+age+dirty,F+K,7,sort,test,0.9603,0.3233,2,0
global,wr+ref+aging+sfreq+idle+age+dirty,F+K,7,sort,val,0.9703,0.2762,2,0
global,wr+ref+aging+sfreq+idle+age+dirty+refaults+rdist,F+K,9,btree,heldout,0.9187,0.2178,5,0
global,wr+ref+aging+sfreq+idle+age+dirty+refaults+rdist,F+K,9,btree,test,0.9708,0.0572,4,0
global,wr+ref+aging+sfreq+idle+age+dirty+refaults+rdist,F+K,9,btree,val,0.9847,0.0243,4,0
global,wr+ref+aging+sfreq+idle+age+dirty+refaults+rdist,F+K,9,graph,heldout,0.5250,0.7623,3,0
global,wr+ref+aging+sfreq+idle+age+dirty+refaults+rdist,F+K,9,graph,test,2.1800,-2.1167,3,2
global,wr+ref+aging+sfreq+idle+age+dirty+refaults+rdist,F+K,9,graph,val,2.0267,-1.9826,3,2
global,wr+ref+aging+sfreq+idle+age+dirty+refaults+rdist,F+K,9,kv,heldout,1.1538,-0.3730,5,0
global,wr+ref+aging+sfreq+idle+age+dirty+refaults+rdist,F+K,9,kv,test,1.1460,-0.3497,6,0
global,wr+ref+aging+sfreq+idle+age+dirty+refaults+rdist,F+K,9,kv,val,1.1173,-0.2865,6,0
global,wr+ref+aging+sfreq+idle+age+dirty+refaults+rdist,F+K,9,matmul,heldout,1.0014,-0.0100,2,0
global,wr+ref+aging+sfreq+idle+age+dirty+refaults+rdist,F+K,9,sort,heldout,0.9514,0.5935,3,0
global,wr+ref+aging+sfreq+idle+age+dirty+refaults+rdist,F+K,9,sort,test,0.9523,0.4497,2,0
global,wr+ref+aging+sfreq+idle+age+dirty+refaults+rdist,F+K,9,sort,val,0.9591,0.4248,2,0
graph,age,K,1,graph,heldout,0.7011,0.4797,3,0
graph,age,K,1,graph,test,3.0000,-3.2280,3,3
graph,age,K,1,graph,val,3.0000,-3.2290,3,3
graph,age+dirty,K,2,graph,heldout,0.7011,0.4797,3,0
graph,age+dirty,K,2,graph,test,3.0000,-3.2280,3,3
graph,age+dirty,K,2,graph,val,3.0000,-3.2290,3,3
graph,age+dirty+rdist,K+K+,3,graph,heldout,3.0000,-3.2102,3,3
graph,age+dirty+rdist,K+K+,3,graph,test,3.0000,-3.2280,3,3
graph,age+dirty+rdist,K+K+,3,graph,val,3.0000,-3.2290,3,3
graph,age+dirty+refaults,K+K+,3,graph,heldout,0.7594,0.3862,3,0
graph,age+dirty+refaults,K+K+,3,graph,test,3.0000,-3.2280,3,3
graph,age+dirty+refaults,K+K+,3,graph,val,3.0000,-3.2290,3,3
graph,age+dirty+refaults+rdist,K+K+,4,graph,heldout,0.7831,0.3481,3,0
graph,age+dirty+refaults+rdist,K+K+,4,graph,test,3.0000,-3.2280,3,3
graph,age+dirty+refaults+rdist,K+K+,4,graph,val,3.0000,-3.2290,3,3
graph,age+rdist,K+K+,2,graph,heldout,0.7011,0.4797,3,0
graph,age+rdist,K+K+,2,graph,test,3.0000,-3.2280,3,3
graph,age+rdist,K+K+,2,graph,val,3.0000,-3.2290,3,3
graph,age+refaults,K+K+,2,graph,heldout,0.7011,0.4797,3,0
graph,age+refaults,K+K+,2,graph,test,3.0000,-3.2280,3,3
graph,age+refaults,K+K+,2,graph,val,3.0000,-3.2290,3,3
graph,age+refaults+rdist,K+K+,3,graph,heldout,0.7374,0.4214,3,0
graph,age+refaults+rdist,K+K+,3,graph,test,3.0000,-3.2280,3,3
graph,age+refaults+rdist,K+K+,3,graph,val,3.0000,-3.2290,3,3
graph,aging,K,1,graph,heldout,1.2518,-0.4042,3,0
graph,aging,K,1,graph,test,1.5374,-0.8472,3,0
graph,aging,K,1,graph,val,1.5422,-0.8543,3,0
graph,aging+age,K,2,graph,heldout,0.5211,0.7685,3,0
graph,aging+age,K,2,graph,test,3.0000,-3.2280,3,3
graph,aging+age,K,2,graph,val,3.0000,-3.2290,3,3
graph,aging+age+dirty,K,3,graph,heldout,0.6279,0.5972,3,0
graph,aging+age+dirty,K,3,graph,test,3.0000,-3.2280,3,3
graph,aging+age+dirty,K,3,graph,val,3.0000,-3.2290,3,3
graph,aging+age+dirty+rdist,K+K+,4,graph,heldout,0.5040,0.7960,3,0
graph,aging+age+dirty+rdist,K+K+,4,graph,test,3.0000,-3.2280,3,3
graph,aging+age+dirty+rdist,K+K+,4,graph,val,3.0000,-3.2290,3,3
graph,aging+age+dirty+refaults,K+K+,4,graph,heldout,0.6483,0.5639,3,0
graph,aging+age+dirty+refaults,K+K+,4,graph,test,2.8365,-2.9489,3,2
graph,aging+age+dirty+refaults,K+K+,4,graph,val,2.7896,-2.8759,3,2
graph,aging+age+dirty+refaults+rdist,K+K+,5,graph,heldout,0.5787,0.6754,3,0
graph,aging+age+dirty+refaults+rdist,K+K+,5,graph,test,2.4703,-2.4316,3,2
graph,aging+age+dirty+refaults+rdist,K+K+,5,graph,val,2.4374,-2.3934,3,2
graph,aging+age+rdist,K+K+,3,graph,heldout,0.5052,0.7941,3,0
graph,aging+age+rdist,K+K+,3,graph,test,3.0000,-3.2280,3,3
graph,aging+age+rdist,K+K+,3,graph,val,3.0000,-3.2290,3,3
graph,aging+age+refaults,K+K+,3,graph,heldout,1.5314,-0.8532,3,0
graph,aging+age+refaults,K+K+,3,graph,test,3.0000,-3.2280,3,3
graph,aging+age+refaults,K+K+,3,graph,val,3.0000,-3.2290,3,3
graph,aging+age+refaults+rdist,K+K+,4,graph,heldout,1.5275,-0.8475,3,0
graph,aging+age+refaults+rdist,K+K+,4,graph,test,3.0000,-3.2280,3,3
graph,aging+age+refaults+rdist,K+K+,4,graph,val,3.0000,-3.2290,3,3
graph,aging+dirty,K,2,graph,heldout,0.6562,0.5519,3,0
graph,aging+dirty,K,2,graph,test,0.9022,0.1526,3,0
graph,aging+dirty,K,2,graph,val,0.9103,0.1382,3,0
graph,aging+dirty+rdist,K+K+,3,graph,heldout,2.9171,-3.0771,3,0
graph,aging+dirty+rdist,K+K+,3,graph,test,3.0000,-3.2280,3,3
graph,aging+dirty+rdist,K+K+,3,graph,val,3.0000,-3.2290,3,3
graph,aging+dirty+refaults,K+K+,3,graph,heldout,0.5145,0.7793,3,0
graph,aging+dirty+refaults,K+K+,3,graph,test,0.7780,0.2959,3,0
graph,aging+dirty+refaults,K+K+,3,graph,val,0.7794,0.2935,3,0
graph,aging+dirty+refaults+rdist,K+K+,4,graph,heldout,0.4968,0.8077,3,0
graph,aging+dirty+refaults+rdist,K+K+,4,graph,test,0.7740,0.3274,3,0
graph,aging+dirty+refaults+rdist,K+K+,4,graph,val,0.7768,0.3220,3,0
graph,aging+idle,K,2,graph,heldout,0.9993,0.0012,3,0
graph,aging+idle,K,2,graph,test,0.9778,0.0370,3,0
graph,aging+idle,K,2,graph,val,0.9758,0.0397,3,0
graph,aging+idle+age,K,3,graph,heldout,0.9561,0.0704,3,0
graph,aging+idle+age,K,3,graph,test,0.8817,0.1972,3,0
graph,aging+idle+age,K,3,graph,val,0.8783,0.2021,3,0
graph,aging+idle+age+dirty,K,4,graph,heldout,0.6550,0.5537,3,0
graph,aging+idle+age+dirty,K,4,graph,test,0.7295,0.4054,3,0
graph,aging+idle+age+dirty,K,4,graph,val,0.7274,0.4118,3,0
graph,aging+idle+age+dirty+rdist,K+K+,5,graph,heldout,0.6269,0.5988,3,0
graph,aging+idle+age+dirty+rdist,K+K+,5,graph,test,0.6992,0.4737,3,0
graph,aging+idle+age+dirty+rdist,K+K+,5,graph,val,0.6999,0.4735,3,0
graph,aging+idle+age+dirty+refaults,K+K+,5,graph,heldout,0.4965,0.8081,3,0
graph,aging+idle+age+dirty+refaults,K+K+,5,graph,test,0.7595,0.3452,3,0
graph,aging+idle+age+dirty+refaults,K+K+,5,graph,val,0.7497,0.3703,3,0
graph,aging+idle+age+dirty+refaults+rdist,K+K+,6,graph,heldout,0.4912,0.8167,3,0
graph,aging+idle+age+dirty+refaults+rdist,K+K+,6,graph,test,0.7687,0.3238,3,0
graph,aging+idle+age+dirty+refaults+rdist,K+K+,6,graph,val,0.7484,0.3745,3,0
graph,aging+idle+age+rdist,K+K+,4,graph,heldout,0.7552,0.3930,3,0
graph,aging+idle+age+rdist,K+K+,4,graph,test,0.7118,0.4801,3,0
graph,aging+idle+age+rdist,K+K+,4,graph,val,0.7092,0.4849,3,0
graph,aging+idle+age+refaults,K+K+,4,graph,heldout,0.4966,0.8079,3,0
graph,aging+idle+age+refaults,K+K+,4,graph,test,0.7321,0.4138,3,0
graph,aging+idle+age+refaults,K+K+,4,graph,val,0.7285,0.4226,3,0
graph,aging+idle+age+refaults+rdist,K+K+,5,graph,heldout,0.4890,0.8202,3,0
graph,aging+idle+age+refaults+rdist,K+K+,5,graph,test,0.7370,0.4026,3,0
graph,aging+idle+age+refaults+rdist,K+K+,5,graph,val,0.7187,0.4438,3,0
graph,aging+idle+dirty,K,3,graph,heldout,0.6941,0.4911,3,0
graph,aging+idle+dirty,K,3,graph,test,0.7311,0.4079,3,0
graph,aging+idle+dirty,K,3,graph,val,0.7296,0.4116,3,0
graph,aging+idle+dirty+rdist,K+K+,4,graph,heldout,0.6438,0.5717,3,0
graph,aging+idle+dirty+rdist,K+K+,4,graph,test,0.6854,0.5036,3,0
graph,aging+idle+dirty+rdist,K+K+,4,graph,val,0.6862,0.5027,3,0
graph,aging+idle+dirty+refaults,K+K+,4,graph,heldout,0.5594,0.7072,3,0
graph,aging+idle+dirty+refaults,K+K+,4,graph,test,0.7249,0.4361,3,0
graph,aging+idle+dirty+refaults,K+K+,4,graph,val,0.7251,0.4364,3,0
graph,aging+idle+dirty+refaults+rdist,K+K+,5,graph,heldout,0.5096,0.7872,3,0
graph,aging+idle+dirty+refaults+rdist,K+K+,5,graph,test,0.6610,0.5568,3,0
graph,aging+idle+dirty+refaults+rdist,K+K+,5,graph,val,0.6612,0.5569,3,0
graph,aging+idle+rdist,K+K+,3,graph,heldout,0.7586,0.3874,3,0
graph,aging+idle+rdist,K+K+,3,graph,test,0.7585,0.4062,3,0
graph,aging+idle+rdist,K+K+,3,graph,val,0.7570,0.4091,3,0
graph,aging+idle+refaults,K+K+,3,graph,heldout,0.8033,0.3158,3,0
graph,aging+idle+refaults,K+K+,3,graph,test,0.8100,0.3160,3,0
graph,aging+idle+refaults,K+K+,3,graph,val,0.8094,0.3167,3,0
graph,aging+idle+refaults+rdist,K+K+,4,graph,heldout,0.5627,0.7019,3,0
graph,aging+idle+refaults+rdist,K+K+,4,graph,test,0.6575,0.5681,3,0
graph,aging+idle+refaults+rdist,K+K+,4,graph,val,0.6558,0.5713,3,0
graph,aging+rdist,K+K+,2,graph,heldout,3.0000,-3.2102,3,3
graph,aging+rdist,K+K+,2,graph,test,3.0000,-3.2280,3,3
graph,aging+rdist,K+K+,2,graph,val,3.0000,-3.2290,3,3
graph,aging+refaults,K+K+,2,graph,heldout,0.5236,0.7647,3,0
graph,aging+refaults,K+K+,2,graph,test,0.8541,0.2491,3,0
graph,aging+refaults,K+K+,2,graph,val,0.8589,0.2408,3,0
graph,aging+refaults+rdist,K+K+,3,graph,heldout,0.5005,0.8018,3,0
graph,aging+refaults+rdist,K+K+,3,graph,test,0.9186,0.1365,3,0
graph,aging+refaults+rdist,K+K+,3,graph,val,0.9247,0.1229,3,0
graph,aging+sfreq,K,2,graph,heldout,1.6008,-0.9650,3,0
graph,aging+sfreq,K,2,graph,test,3.0000,-3.2280,3,3
graph,aging+sfreq,K,2,graph,val,3.0000,-3.2290,3,3
graph,aging+sfreq+age,K,3,graph,heldout,1.3083,-0.4951,3,0
graph,aging+sfreq+age,K,3,graph,test,3.0000,-3.2280,3,3
graph,aging+sfreq+age,K,3,graph,val,3.0000,-3.2290,3,3
graph,aging+sfreq+age+dirty,K,4,graph,heldout,1.2381,-0.3824,3,0
graph,aging+sfreq+age+dirty,K,4,graph,test,3.0000,-3.2280,3,3
graph,aging+sfreq+age+dirty,K,4,graph,val,3.0000,-3.2290,3,3
graph,aging+sfreq+age+dirty+rdist,K+K+,5,graph,heldout,1.2101,-0.3376,3,0
graph,aging+sfreq+age+dirty+rdist,K+K+,5,graph,test,3.0000,-3.2280,3,3
graph,aging+sfreq+age+dirty+rdist,K+K+,5,graph,val,3.0000,-3.2290,3,3
graph,aging+sfreq+age+dirty+refaults,K+K+,5,graph,heldout,1.6618,-1.0628,3,0
graph,aging+sfreq+age+dirty+refaults,K+K+,5,graph,test,3.0000,-3.2280,3,3
graph,aging+sfreq+age+dirty+refaults,K+K+,5,graph,val,3.0000,-3.2290,3,3
graph,aging+sfreq+age+dirty+refaults+rdist,K+K+,6,graph,heldout,1.6445,-1.0348,3,0
graph,aging+sfreq+age+dirty+refaults+rdist,K+K+,6,graph,test,3.0000,-3.2280,3,3
graph,aging+sfreq+age+dirty+refaults+rdist,K+K+,6,graph,val,3.0000,-3.2290,3,3
graph,aging+sfreq+age+rdist,K+K+,4,graph,heldout,1.7552,-1.2122,3,0
graph,aging+sfreq+age+rdist,K+K+,4,graph,test,3.0000,-3.2280,3,3
graph,aging+sfreq+age+rdist,K+K+,4,graph,val,3.0000,-3.2290,3,3
graph,aging+sfreq+age+refaults,K+K+,4,graph,heldout,1.9348,-1.5007,3,0
graph,aging+sfreq+age+refaults,K+K+,4,graph,test,3.0000,-3.2280,3,3
graph,aging+sfreq+age+refaults,K+K+,4,graph,val,3.0000,-3.2290,3,3
graph,aging+sfreq+age+refaults+rdist,K+K+,5,graph,heldout,1.8332,-1.3377,3,0
graph,aging+sfreq+age+refaults+rdist,K+K+,5,graph,test,3.0000,-3.2280,3,3
graph,aging+sfreq+age+refaults+rdist,K+K+,5,graph,val,3.0000,-3.2290,3,3
graph,aging+sfreq+dirty,K,3,graph,heldout,1.2282,-0.3664,3,0
graph,aging+sfreq+dirty,K,3,graph,test,3.0000,-3.2280,3,3
graph,aging+sfreq+dirty,K,3,graph,val,3.0000,-3.2290,3,3
graph,aging+sfreq+dirty+rdist,K+K+,4,graph,heldout,1.1200,-0.1926,3,0
graph,aging+sfreq+dirty+rdist,K+K+,4,graph,test,3.0000,-3.2280,3,3
graph,aging+sfreq+dirty+rdist,K+K+,4,graph,val,3.0000,-3.2290,3,3
graph,aging+sfreq+dirty+refaults,K+K+,4,graph,heldout,1.7283,-1.1693,3,0
graph,aging+sfreq+dirty+refaults,K+K+,4,graph,test,3.0000,-3.2280,3,3
graph,aging+sfreq+dirty+refaults,K+K+,4,graph,val,3.0000,-3.2290,3,3
graph,aging+sfreq+dirty+refaults+rdist,K+K+,5,graph,heldout,1.7796,-1.2516,3,0
graph,aging+sfreq+dirty+refaults+rdist,K+K+,5,graph,test,3.0000,-3.2280,3,3
graph,aging+sfreq+dirty+refaults+rdist,K+K+,5,graph,val,3.0000,-3.2290,3,3
graph,aging+sfreq+idle,K,3,graph,heldout,0.9780,0.0353,3,0
graph,aging+sfreq+idle,K,3,graph,test,0.8916,0.1840,3,0
graph,aging+sfreq+idle,K,3,graph,val,0.8905,0.1860,3,0
graph,aging+sfreq+idle+age,K,4,graph,heldout,0.9447,0.0887,3,0
graph,aging+sfreq+idle+age,K,4,graph,test,0.8851,0.1875,3,0
graph,aging+sfreq+idle+age,K,4,graph,val,0.8834,0.1901,3,0
graph,aging+sfreq+idle+age+dirty,K,5,graph,heldout,0.6482,0.5647,3,0
graph,aging+sfreq+idle+age+dirty,K,5,graph,test,0.7227,0.4237,3,0
graph,aging+sfreq+idle+age+dirty,K,5,graph,val,0.7225,0.4252,3,0
graph,aging+sfreq+idle+age+dirty+rdist,K+K+,6,graph,heldout,0.6194,0.6109,3,0
graph,aging+sfreq+idle+age+dirty+rdist,K+K+,6,graph,test,0.6792,0.5162,3,0
graph,aging+sfreq+idle+age+dirty+rdist,K+K+,6,graph,val,0.6800,0.5154,3,0
graph,aging+sfreq+idle+age+dirty+refaults,K+K+,6,graph,heldout,0.5004,0.8018,3,0
graph,aging+sfreq+idle+age+dirty+refaults,K+K+,6,graph,test,1.1169,-0.4560,3,1
graph,aging+sfreq+idle+age+dirty+refaults,K+K+,6,graph,val,1.0981,-0.3908,3,0
graph,aging+sfreq+idle+age+dirty+refaults+rdist,K+K+,7,graph,heldout,0.4946,0.8111,3,0
graph,aging+sfreq+idle+age+dirty+refaults+rdist,K+K+,7,graph,test,1.1596,-0.5104,3,1
graph,aging+sfreq+idle+age+dirty+refaults+rdist,K+K+,7,graph,val,1.1552,-0.5038,3,1
graph,aging+sfreq+idle+age+rdist,K+K+,5,graph,heldout,0.7439,0.4111,3,0
graph,aging+sfreq+idle+age+rdist,K+K+,5,graph,test,0.7247,0.4611,3,0
graph,aging+sfreq+idle+age+rdist,K+K+,5,graph,val,0.7235,0.4635,3,0
graph,aging+sfreq+idle+age+refaults,K+K+,5,graph,heldout,0.5014,0.8002,3,0
graph,aging+sfreq+idle+age+refaults,K+K+,5,graph,test,1.1600,-0.5061,3,0
graph,aging+sfreq+idle+age+refaults,K+K+,5,graph,val,1.1667,-0.5191,3,1
graph,aging+sfreq+idle+age+refaults+rdist,K+K+,6,graph,heldout,0.4964,0.8083,3,0
graph,aging+sfreq+idle+age+refaults+rdist,K+K+,6,graph,test,1.2083,-0.5761,3,1
graph,aging+sfreq+idle+age+refaults+rdist,K+K+,6,graph,val,1.2048,-0.5706,3,1
graph,aging+sfreq+idle+dirty,K,4,graph,heldout,0.6748,0.5219,3,0
graph,aging+sfreq+idle+dirty,K,4,graph,test,0.7294,0.4063,3,0
graph,aging+sfreq+idle+dirty,K,4,graph,val,0.7269,0.4131,3,0
graph,aging+sfreq+idle+dirty+rdist,K+K+,5,graph,heldout,0.6386,0.5800,3,0
graph,aging+sfreq+idle+dirty+rdist,K+K+,5,graph,test,0.6918,0.4899,3,0
graph,aging+sfreq+idle+dirty+rdist,K+K+,5,graph,val,0.6928,0.4889,3,0
graph,aging+sfreq+idle+dirty+refaults,K+K+,5,graph,heldout,0.5031,0.7975,3,0
graph,aging+sfreq+idle+dirty+refaults,K+K+,5,graph,test,1.2004,-0.5682,3,1
graph,aging+sfreq+idle+dirty+refaults,K+K+,5,graph,val,1.2046,-0.5742,3,1
graph,aging+sfreq+idle+dirty+refaults+rdist,K+K+,6,graph,heldout,0.4970,0.8073,3,0
graph,aging+sfreq+idle+dirty+refaults+rdist,K+K+,6,graph,test,1.2340,-0.6131,3,1
graph,aging+sfreq+idle+dirty+refaults+rdist,K+K+,6,graph,val,1.2378,-0.6190,3,1
graph,aging+sfreq+idle+rdist,K+K+,4,graph,heldout,0.7626,0.3810,3,0
graph,aging+sfreq+idle+rdist,K+K+,4,graph,test,0.7190,0.4677,3,0
graph,aging+sfreq+idle+rdist,K+K+,4,graph,val,0.7178,0.4702,3,0
graph,aging+sfreq+idle+refaults,K+K+,4,graph,heldout,0.5075,0.7905,3,0
graph,aging+sfreq+idle+refaults,K+K+,4,graph,test,1.2453,-0.6296,3,1
graph,aging+sfreq+idle+refaults,K+K+,4,graph,val,1.2539,-0.6428,3,1
graph,aging+sfreq+idle+refaults+rdist,K+K+,5,graph,heldout,0.5025,0.7985,3,0
graph,aging+sfreq+idle+refaults+rdist,K+K+,5,graph,test,1.2778,-0.6774,3,1
graph,aging+sfreq+idle+refaults+rdist,K+K+,5,graph,val,1.2679,-0.6608,3,1
graph,aging+sfreq+rdist,K+K+,3,graph,heldout,1.5187,-0.8326,3,0
graph,aging+sfreq+rdist,K+K+,3,graph,test,3.0000,-3.2280,3,3
graph,aging+sfreq+rdist,K+K+,3,graph,val,3.0000,-3.2290,3,3
graph,aging+sfreq+refaults,K+K+,3,graph,heldout,2.0446,-1.6768,3,0
graph,aging+sfreq+refaults,K+K+,3,graph,test,3.0000,-3.2280,3,3
graph,aging+sfreq+refaults,K+K+,3,graph,val,3.0000,-3.2290,3,3
graph,aging+sfreq+refaults+rdist,K+K+,4,graph,heldout,1.9263,-1.4869,3,0
graph,aging+sfreq+refaults+rdist,K+K+,4,graph,test,3.0000,-3.2280,3,3
graph,aging+sfreq+refaults+rdist,K+K+,4,graph,val,3.0000,-3.2290,3,3
graph,dirty,K,1,graph,heldout,0.6550,0.5537,3,0
graph,dirty,K,1,graph,test,0.9044,0.1500,3,0
graph,dirty,K,1,graph,val,0.9096,0.1407,3,0
graph,dirty+rdist,K+K+,2,graph,heldout,3.0000,-3.2102,3,3
graph,dirty+rdist,K+K+,2,graph,test,3.0000,-3.2280,3,3
graph,dirty+rdist,K+K+,2,graph,val,3.0000,-3.2290,3,3
graph,dirty+refaults,K+K+,2,graph,heldout,0.6356,0.5849,3,0
graph,dirty+refaults,K+K+,2,graph,test,0.9366,0.0635,3,0
graph,dirty+refaults,K+K+,2,graph,val,0.9471,0.0398,3,0
graph,dirty+refaults+rdist,K+K+,3,graph,heldout,0.6528,0.5573,3,0
graph,dirty+refaults+rdist,K+K+,3,graph,test,0.9929,-0.0547,3,0
graph,dirty+refaults+rdist,K+K+,3,graph,val,0.9911,-0.0527,3,0
graph,freq,F,1,graph,heldout,0.7244,0.4424,3,0
graph,freq,F,1,graph,test,3.0000,-3.2280,3,3
graph,freq,F,1,graph,val,3.0000,-3.2290,3,3
graph,freq+ref+aging+sfreq+idle+age+dirty,F+K,7,graph,heldout,0.4904,0.8180,3,0
graph,freq+ref+aging+sfreq+idle+age+dirty,F+K,7,graph,test,0.6855,0.5062,3,0
graph,freq+ref+aging+sfreq+idle+age+dirty,F+K,7,graph,val,0.6795,0.5193,3,0
graph,freq+ref+aging+sfreq+idle+age+dirty+refaults+rdist,F+K,9,graph,heldout,0.4987,0.8047,3,0
graph,freq+ref+aging+sfreq+idle+age+dirty+refaults+rdist,F+K,9,graph,test,1.2792,-0.6734,3,1
graph,freq+ref+aging+sfreq+idle+age+dirty+refaults+rdist,F+K,9,graph,val,1.2759,-0.6704,3,1
graph,freq+sd,F,2,graph,heldout,0.5032,0.7975,3,0
graph,freq+sd,F,2,graph,test,1.7201,-1.2037,3,1
graph,freq+sd,F,2,graph,val,1.7203,-1.2041,3,1
graph,freq+sd+ref+aging+sfreq+idle+age+dirty,F+K,8,graph,heldout,0.4861,0.8249,3,0
graph,freq+sd+ref+aging+sfreq+idle+age+dirty,F+K,8,graph,test,2.3750,-2.2092,3,1
graph,freq+sd+ref+aging+sfreq+idle+age+dirty,F+K,8,graph,val,2.3835,-2.2262,3,1
graph,freq+sd+ref+aging+sfreq+idle+age+dirty+refaults+rdist,F+K,10,graph,heldout,0.5134,0.7811,3,0
graph,freq+sd+ref+aging+sfreq+idle+age+dirty+refaults+rdist,F+K,10,graph,test,2.0931,-2.0371,3,2
graph,freq+sd+ref+aging+sfreq+idle+age+dirty+refaults+rdist,F+K,10,graph,val,2.0870,-2.0337,3,2
graph,freq+sd+wr,F,3,graph,heldout,0.4789,0.8365,3,0
graph,freq+sd+wr,F,3,graph,test,1.2541,-0.6774,3,1
graph,freq+sd+wr,F,3,graph,val,1.2531,-0.6760,3,1
graph,freq+sd+wr+ref+aging+sfreq+idle+age+dirty,F+K,9,graph,heldout,0.4746,0.8434,3,0
graph,freq+sd+wr+ref+aging+sfreq+idle+age+dirty,F+K,9,graph,test,1.6986,-1.7520,3,2
graph,freq+sd+wr+ref+aging+sfreq+idle+age+dirty,F+K,9,graph,val,1.6983,-1.7539,3,2
graph,freq+sd+wr+ref+aging+sfreq+idle+age+dirty+refaults+rdist,F+K,11,graph,heldout,0.5300,0.7543,3,0
graph,freq+sd+wr+ref+aging+sfreq+idle+age+dirty+refaults+rdist,F+K,11,graph,test,1.7357,-1.7739,3,2
graph,freq+sd+wr+ref+aging+sfreq+idle+age+dirty+refaults+rdist,F+K,11,graph,val,1.7364,-1.7764,3,2
graph,freq+wr,F,2,graph,heldout,1.7503,-1.2043,3,0
graph,freq+wr,F,2,graph,test,2.4906,-2.4566,3,2
graph,freq+wr,F,2,graph,val,2.4903,-2.4577,3,2
graph,freq+wr+ref+aging+sfreq+idle+age+dirty,F+K,8,graph,heldout,0.4805,0.8338,3,0
graph,freq+wr+ref+aging+sfreq+idle+age+dirty,F+K,8,graph,test,0.7306,0.4046,3,0
graph,freq+wr+ref+aging+sfreq+idle+age+dirty,F+K,8,graph,val,0.7210,0.4282,3,0
graph,freq+wr+ref+aging+sfreq+idle+age+dirty+refaults+rdist,F+K,10,graph,heldout,0.4907,0.8174,3,0
graph,freq+wr+ref+aging+sfreq+idle+age+dirty+refaults+rdist,F+K,10,graph,test,1.3514,-0.8425,3,1
graph,freq+wr+ref+aging+sfreq+idle+age+dirty+refaults+rdist,F+K,10,graph,val,1.3438,-0.8276,3,1
graph,idle,K,1,graph,heldout,0.9993,0.0012,3,0
graph,idle,K,1,graph,test,0.9772,0.0378,3,0
graph,idle,K,1,graph,val,0.9752,0.0404,3,0
graph,idle+age,K,2,graph,heldout,0.9264,0.1182,3,0
graph,idle+age,K,2,graph,test,0.7838,0.3608,3,0
graph,idle+age,K,2,graph,val,0.7830,0.3619,3,0
graph,idle+age+dirty,K,3,graph,heldout,0.5471,0.7269,3,0
graph,idle+age+dirty,K,3,graph,test,0.6720,0.5303,3,0
graph,idle+age+dirty,K,3,graph,val,0.6733,0.5284,3,0
graph,idle+age+dirty+rdist,K+K+,4,graph,heldout,0.5437,0.7325,3,0
graph,idle+age+dirty+rdist,K+K+,4,graph,test,0.6311,0.6076,3,0
graph,idle+age+dirty+rdist,K+K+,4,graph,val,0.6309,0.6083,3,0
graph,idle+age+dirty+refaults,K+K+,4,graph,heldout,0.4900,0.8185,3,0
graph,idle+age+dirty+refaults,K+K+,4,graph,test,0.7385,0.3897,3,0
graph,idle+age+dirty+refaults,K+K+,4,graph,val,0.7321,0.4060,3,0
graph,idle+age+dirty+refaults+rdist,K+K+,5,graph,heldout,0.4915,0.8161,3,0
graph,idle+age+dirty+refaults+rdist,K+K+,5,graph,test,0.7354,0.3968,3,0
graph,idle+age+dirty+refaults+rdist,K+K+,5,graph,val,0.7267,0.4184,3,0
graph,idle+age+rdist,K+K+,3,graph,heldout,0.6609,0.5443,3,0
graph,idle+age+rdist,K+K+,3,graph,test,0.6592,0.5595,3,0
graph,idle+age+rdist,K+K+,3,graph,val,0.6580,0.5624,3,0
graph,idle+age+refaults,K+K+,3,graph,heldout,0.4907,0.8175,3,0
graph,idle+age+refaults,K+K+,3,graph,test,0.7291,0.4187,3,0
graph,idle+age+refaults,K+K+,3,graph,val,0.7199,0.4394,3,0
graph,idle+age+refaults+rdist,K+K+,4,graph,heldout,0.4858,0.8254,3,0
graph,idle+age+refaults+rdist,K+K+,4,graph,test,0.7076,0.4612,3,0
graph,idle+age+refaults+rdist,K+K+,4,graph,val,0.7038,0.4703,3,0
graph,idle+dirty,K,2,graph,heldout,0.5919,0.6551,3,0
graph,idle+dirty,K,2,graph,test,0.6602,0.5535,3,0
graph,idle+dirty,K,2,graph,val,0.6615,0.5517,3,0
graph,idle+dirty+rdist,K+K+,3,graph,heldout,0.5644,0.6991,3,0
graph,idle+dirty+rdist,K+K+,3,graph,test,0.6278,0.6132,3,0
graph,idle+dirty+rdist,K+K+,3,graph,val,0.6254,0.6179,3,0
graph,idle+dirty+refaults,K+K+,3,graph,heldout,0.5641,0.6997,3,0
graph,idle+dirty+refaults,K+K+,3,graph,test,0.7273,0.4320,3,0
graph,idle+dirty+refaults,K+K+,3,graph,val,0.7274,0.4326,3,0
graph,idle+dirty+refaults+rdist,K+K+,4,graph,heldout,0.5333,0.7491,3,0
graph,idle+dirty+refaults+rdist,K+K+,4,graph,test,0.6810,0.5207,3,0
graph,idle+dirty+refaults+rdist,K+K+,4,graph,val,0.6809,0.5217,3,0
graph,idle+rdist,K+K+,2,graph,heldout,0.6836,0.5078,3,0
graph,idle+rdist,K+K+,2,graph,test,0.7033,0.4883,3,0
graph,idle+rdist,K+K+,2,graph,val,0.7034,0.4889,3,0
graph,idle+refaults,K+K+,2,graph,heldout,0.7746,0.3618,3,0
graph,idle+refaults,K+K+,2,graph,test,0.7882,0.3511,3,0
graph,idle+refaults,K+K+,2,graph,val,0.7875,0.3520,3,0
graph,idle+refaults+rdist,K+K+,3,graph,heldout,0.5809,0.6726,3,0
graph,idle+refaults+rdist,K+K+,3,graph,test,0.6624,0.5605,3,0
graph,idle+refaults+rdist,K+K+,3,graph,val,0.6613,0.5626,3,0
graph,rdist,K+K+,1,graph,heldout,3.0000,-3.2102,3,3
graph,rdist,K+K+,1,graph,test,3.0000,-3.2280,3,3
graph,rdist,K+K+,1,graph,val,3.0000,-3.2290,3,3
graph,rec,F,1,graph,heldout,0.9992,0.0013,3,0
graph,rec,F,1,graph,test,0.9762,0.0394,3,0
graph,rec,F,1,graph,val,0.9748,0.0413,3,0
graph,rec+freq,F,2,graph,heldout,0.5284,0.7569,3,0
graph,rec+freq,F,2,graph,test,0.6251,0.6196,3,0
graph,rec+freq,F,2,graph,val,0.6214,0.6261,3,0
graph,rec+freq+ref+aging+sfreq+idle+age+dirty,F+K,8,graph,heldout,0.4867,0.8239,3,0
graph,rec+freq+ref+aging+sfreq+idle+age+dirty,F+K,8,graph,test,0.6019,0.6569,3,0
graph,rec+freq+ref+aging+sfreq+idle+age+dirty,F+K,8,graph,val,0.5988,0.6620,3,0
graph,rec+freq+ref+aging+sfreq+idle+age+dirty+refaults+rdist,F+K,10,graph,heldout,0.4877,0.8223,3,0
graph,rec+freq+ref+aging+sfreq+idle+age+dirty+refaults+rdist,F+K,10,graph,test,0.6699,0.5410,3,0
graph,rec+freq+ref+aging+sfreq+idle+age+dirty+refaults+rdist,F+K,10,graph,val,0.6702,0.5408,3,0
graph,rec+freq+sd,F,3,graph,heldout,0.5194,0.7714,3,0
graph,rec+freq+sd,F,3,graph,test,0.6361,0.6012,3,0
graph,rec+freq+sd,F,3,graph,val,0.6319,0.6088,3,0
graph,rec+freq+sd+ref+aging+sfreq+idle+age+dirty,F+K,9,graph,heldout,0.4878,0.8222,3,0
graph,rec+freq+sd+ref+aging+sfreq+idle+age+dirty,F+K,9,graph,test,0.6075,0.6479,3,0
graph,rec+freq+sd+ref+aging+sfreq+idle+age+dirty,F+K,9,graph,val,0.6046,0.6529,3,0
graph,rec+freq+sd+ref+aging+sfreq+idle+age+dirty+refaults+rdist,F+K,11,graph,heldout,0.4838,0.8285,3,0
graph,rec+freq+sd+ref+aging+sfreq+idle+age+dirty+refaults+rdist,F+K,11,graph,test,0.6008,0.6586,3,0
graph,rec+freq+sd+ref+aging+sfreq+idle+age+dirty+refaults+rdist,F+K,11,graph,val,0.5987,0.6623,3,0
graph,rec+freq+sd+wr,F,4,graph,heldout,0.4893,0.8197,3,0
graph,rec+freq+sd+wr,F,4,graph,test,0.6522,0.5694,3,0
graph,rec+freq+sd+wr,F,4,graph,val,0.6440,0.5853,3,0
graph,rec+freq+sd+wr+ref+aging+sfreq+idle+age+dirty,F+K,10,graph,heldout,0.4758,0.8413,3,0
graph,rec+freq+sd+wr+ref+aging+sfreq+idle+age+dirty,F+K,10,graph,test,0.6291,0.6118,3,0
graph,rec+freq+sd+wr+ref+aging+sfreq+idle+age+dirty,F+K,10,graph,val,0.6239,0.6212,3,0
graph,rec+freq+sd+wr+ref+aging+sfreq+idle+age+dirty+refaults+rdist,F+K,12,graph,heldout,0.4757,0.8415,3,0
graph,rec+freq+sd+wr+ref+aging+sfreq+idle+age+dirty+refaults+rdist,F+K,12,graph,test,0.6233,0.6220,3,0
graph,rec+freq+sd+wr+ref+aging+sfreq+idle+age+dirty+refaults+rdist,F+K,12,graph,val,0.6181,0.6311,3,0
graph,rec+freq+wr,F,3,graph,heldout,0.4988,0.8045,3,0
graph,rec+freq+wr,F,3,graph,test,0.6283,0.6126,3,0
graph,rec+freq+wr,F,3,graph,val,0.6228,0.6227,3,0
graph,rec+freq+wr+ref+aging+sfreq+idle+age+dirty,F+K,9,graph,heldout,0.4745,0.8435,3,0
graph,rec+freq+wr+ref+aging+sfreq+idle+age+dirty,F+K,9,graph,test,0.6468,0.5816,3,0
graph,rec+freq+wr+ref+aging+sfreq+idle+age+dirty,F+K,9,graph,val,0.6451,0.5853,3,0
graph,rec+freq+wr+ref+aging+sfreq+idle+age+dirty+refaults+rdist,F+K,11,graph,heldout,0.4853,0.8261,3,0
graph,rec+freq+wr+ref+aging+sfreq+idle+age+dirty+refaults+rdist,F+K,11,graph,test,0.9533,-0.2697,3,1
graph,rec+freq+wr+ref+aging+sfreq+idle+age+dirty+refaults+rdist,F+K,11,graph,val,0.9549,-0.2703,3,1
graph,rec+ref+aging+sfreq+idle+age+dirty,F+K,7,graph,heldout,0.4967,0.8079,3,0
graph,rec+ref+aging+sfreq+idle+age+dirty,F+K,7,graph,test,0.5998,0.6603,3,0
graph,rec+ref+aging+sfreq+idle+age+dirty,F+K,7,graph,val,0.5982,0.6631,3,0
graph,rec+ref+aging+sfreq+idle+age+dirty+refaults+rdist,F+K,9,graph,heldout,0.4842,0.8278,3,0
graph,rec+ref+aging+sfreq+idle+age+dirty+refaults+rdist,F+K,9,graph,test,0.8452,0.1184,3,0
graph,rec+ref+aging+sfreq+idle+age+dirty+refaults+rdist,F+K,9,graph,val,0.8204,0.1915,3,0
graph,rec+sd,F,2,graph,heldout,0.9991,0.0015,3,0
graph,rec+sd,F,2,graph,test,0.9764,0.0392,3,0
graph,rec+sd,F,2,graph,val,0.9747,0.0413,3,0
graph,rec+sd+ref+aging+sfreq+idle+age+dirty,F+K,8,graph,heldout,0.5018,0.7997,3,0
graph,rec+sd+ref+aging+sfreq+idle+age+dirty,F+K,8,graph,test,0.6056,0.6509,3,0
graph,rec+sd+ref+aging+sfreq+idle+age+dirty,F+K,8,graph,val,0.6054,0.6515,3,0
graph,rec+sd+ref+aging+sfreq+idle+age+dirty+refaults+rdist,F+K,10,graph,heldout,0.4813,0.8326,3,0
graph,rec+sd+ref+aging+sfreq+idle+age+dirty+refaults+rdist,F+K,10,graph,test,0.6300,0.6101,3,0
graph,rec+sd+ref+aging+sfreq+idle+age+dirty+refaults+rdist,F+K,10,graph,val,0.6289,0.6126,3,0
graph,rec+sd+wr,F,3,graph,heldout,0.6196,0.6106,3,0
graph,rec+sd+wr,F,3,graph,test,0.6563,0.5704,3,0
graph,rec+sd+wr,F,3,graph,val,0.6531,0.5758,3,0
graph,rec+sd+wr+ref+aging+sfreq+idle+age+dirty,F+K,9,graph,heldout,0.4853,0.8261,3,0
graph,rec+sd+wr+ref+aging+sfreq+idle+age+dirty,F+K,9,graph,test,0.6210,0.6254,3,0
graph,rec+sd+wr+ref+aging+sfreq+idle+age+dirty,F+K,9,graph,val,0.6174,0.6320,3,0
graph,rec+sd+wr+ref+aging+sfreq+idle+age+dirty+refaults+rdist,F+K,11,graph,heldout,0.4839,0.8284,3,0
graph,rec+sd+wr+ref+aging+sfreq+idle+age+dirty+refaults+rdist,F+K,11,graph,test,0.7015,0.4739,3,0
graph,rec+sd+wr+ref+aging+sfreq+idle+age+dirty+refaults+rdist,F+K,11,graph,val,0.6992,0.4797,3,0
graph,rec+wr,F,2,graph,heldout,0.6188,0.6118,3,0
graph,rec+wr,F,2,graph,test,0.6258,0.6189,3,0
graph,rec+wr,F,2,graph,val,0.6233,0.6233,3,0
graph,rec+wr+ref+aging+sfreq+idle+age+dirty,F+K,8,graph,heldout,0.4863,0.8245,3,0
graph,rec+wr+ref+aging+sfreq+idle+age+dirty,F+K,8,graph,test,0.6203,0.6273,3,0
graph,rec+wr+ref+aging+sfreq+idle+age+dirty,F+K,8,graph,val,0.6198,0.6284,3,0
graph,rec+wr+ref+aging+sfreq+idle+age+dirty+refaults+rdist,F+K,10,graph,heldout,0.4883,0.8213,3,0
graph,rec+wr+ref+aging+sfreq+idle+age+dirty+refaults+rdist,F+K,10,graph,test,0.9542,-0.2705,3,1
graph,rec+wr+ref+aging+sfreq+idle+age+dirty+refaults+rdist,F+K,10,graph,val,0.9554,-0.2709,3,1
graph,ref,K,1,graph,heldout,1.2618,-0.4202,3,0
graph,ref,K,1,graph,test,1.6273,-0.9842,3,0
graph,ref,K,1,graph,val,1.6394,-1.0017,3,0
graph,ref+age,K,2,graph,heldout,0.5031,0.7975,3,0
graph,ref+age,K,2,graph,test,3.0000,-3.2280,3,3
graph,ref+age,K,2,graph,val,3.0000,-3.2290,3,3
graph,ref+age+dirty,K,3,graph,heldout,0.6279,0.5972,3,0
graph,ref+age+dirty,K,3,graph,test,3.0000,-3.2280,3,3
graph,ref+age+dirty,K,3,graph,val,3.0000,-3.2290,3,3
graph,ref+age+dirty+rdist,K+K+,4,graph,heldout,3.0000,-3.2102,3,3
graph,ref+age+dirty+rdist,K+K+,4,graph,test,3.0000,-3.2280,3,3
graph,ref+age+dirty+rdist,K+K+,4,graph,val,3.0000,-3.2290,3,3
graph,ref+age+dirty+refaults,K+K+,4,graph,heldout,0.7244,0.4417,3,0
graph,ref+age+dirty+refaults,K+K+,4,graph,test,2.1128,-2.0546,3,2
graph,ref+age+dirty+refaults,K+K+,4,graph,val,2.0910,-2.0372,3,2
graph,ref+age+dirty+refaults+rdist,K+K+,5,graph,heldout,0.6417,0.5748,3,0
graph,ref+age+dirty+refaults+rdist,K+K+,5,graph,test,1.9326,-1.9068,3,2
graph,ref+age+dirty+refaults+rdist,K+K+,5,graph,val,1.9409,-1.9150,3,2
graph,ref+age+rdist,K+K+,3,graph,heldout,0.4905,0.8178,3,0
graph,ref+age+rdist,K+K+,3,graph,test,3.0000,-3.2280,3,3
graph,ref+age+rdist,K+K+,3,graph,val,3.0000,-3.2290,3,3
graph,ref+age+refaults,K+K+,3,graph,heldout,1.8431,-1.3536,3,0
graph,ref+age+refaults,K+K+,3,graph,test,3.0000,-3.2280,3,3
graph,ref+age+refaults,K+K+,3,graph,val,3.0000,-3.2290,3,3
graph,ref+age+refaults+rdist,K+K+,4,graph,heldout,1.1019,-0.1663,3,0
graph,ref+age+refaults+rdist,K+K+,4,graph,test,3.0000,-3.2280,3,3
graph,ref+age+refaults+rdist,K+K+,4,graph,val,3.0000,-3.2290,3,3
graph,ref+aging,K,2,graph,heldout,1.2518,-0.4042,3,0
graph,ref+aging,K,2,graph,test,1.5374,-0.8472,3,0
graph,ref+aging,K,2,graph,val,1.5422,-0.8543,3,0
graph,ref+aging+age,K,3,graph,heldout,0.5297,0.7549,3,0
graph,ref+aging+age,K,3,graph,test,3.0000,-3.2280,3,3
graph,ref+aging+age,K,3,graph,val,3.0000,-3.2290,3,3
graph,ref+aging+age+dirty,K,4,graph,heldout,0.5840,0.6677,3,0
graph,ref+aging+age+dirty,K,4,graph,test,3.0000,-3.2280,3,3
graph,ref+aging+age+dirty,K,4,graph,val,3.0000,-3.2290,3,3
graph,ref+aging+age+dirty+rdist,K+K+,5,graph,heldout,0.5070,0.7913,3,0
graph,ref+aging+age+dirty+rdist,K+K+,5,graph,test,3.0000,-3.2280,3,3
graph,ref+aging+age+dirty+rdist,K+K+,5,graph,val,3.0000,-3.2290,3,3
graph,ref+aging+age+dirty+refaults,K+K+,5,graph,heldout,0.8392,0.2574,3,0
graph,ref+aging+age+dirty+refaults,K+K+,5,graph,test,2.8223,-2.9261,3,2
graph,ref+aging+age+dirty+refaults,K+K+,5,graph,val,2.7975,-2.8882,3,2
graph,ref+aging+age+dirty+refaults+rdist,K+K+,6,graph,heldout,0.8561,0.2294,3,0
graph,ref+aging+age+dirty+refaults+rdist,K+K+,6,graph,test,2.4918,-2.4580,3,2
graph,ref+aging+age+dirty+refaults+rdist,K+K+,6,graph,val,2.5281,-2.5054,3,2
graph,ref+aging+age+rdist,K+K+,4,graph,heldout,0.5135,0.7808,3,0
graph,ref+aging+age+rdist,K+K+,4,graph,test,3.0000,-3.2280,3,3
graph,ref+aging+age+rdist,K+K+,4,graph,val,3.0000,-3.2290,3,3
graph,ref+aging+age+refaults,K+K+,4,graph,heldout,1.7792,-1.2526,3,0
graph,ref+aging+age+refaults,K+K+,4,graph,test,3.0000,-3.2280,3,3
graph,ref+aging+age+refaults,K+K+,4,graph,val,3.0000,-3.2290,3,3
graph,ref+aging+age+refaults+rdist,K+K+,5,graph,heldout,1.6664,-1.0713,3,0
graph,ref+aging+age+refaults+rdist,K+K+,5,graph,test,3.0000,-3.2280,3,3
graph,ref+aging+age+refaults+rdist,K+K+,5,graph,val,3.0000,-3.2290,3,3
graph,ref+aging+dirty,K,3,graph,heldout,0.6562,0.5519,3,0
graph,ref+aging+dirty,K,3,graph,test,0.9022,0.1526,3,0
graph,ref+aging+dirty,K,3,graph,val,0.9103,0.1382,3,0
graph,ref+aging+dirty+rdist,K+K+,4,graph,heldout,2.9114,-3.0679,3,0
graph,ref+aging+dirty+rdist,K+K+,4,graph,test,3.0000,-3.2280,3,3
graph,ref+aging+dirty+rdist,K+K+,4,graph,val,3.0000,-3.2290,3,3
graph,ref+aging+dirty+refaults,K+K+,4,graph,heldout,0.5137,0.7806,3,0
graph,ref+aging+dirty+refaults,K+K+,4,graph,test,0.7772,0.2979,3,0
graph,ref+aging+dirty+refaults,K+K+,4,graph,val,0.7874,0.2726,3,0
graph,ref+aging+dirty+refaults+rdist,K+K+,5,graph,heldout,0.4955,0.8097,3,0
graph,ref+aging+dirty+refaults+rdist,K+K+,5,graph,test,0.7676,0.3431,3,0
graph,ref+aging+dirty+refaults+rdist,K+K+,5,graph,val,0.7664,0.3426,3,0
graph,ref+aging+idle,K,3,graph,heldout,0.9993,0.0012,3,0
graph,ref+aging+idle,K,3,graph,test,0.9776,0.0374,3,0
graph,ref+aging+idle,K,3,graph,val,0.9754,0.0401,3,0
graph,ref+aging+idle+age,K,4,graph,heldout,0.9533,0.0749,3,0
graph,ref+aging+idle+age,K,4,graph,test,0.8728,0.2113,3,0
graph,ref+aging+idle+age,K,4,graph,val,0.8716,0.2135,3,0
graph,ref+aging+idle+age+dirty,K,5,graph,heldout,0.6510,0.5602,3,0
graph,ref+aging+idle+age+dirty,K,5,graph,test,0.7245,0.4170,3,0
graph,ref+aging+idle+age+dirty,K,5,graph,val,0.7243,0.4189,3,0
graph,ref+aging+idle+age+dirty+rdist,K+K+,6,graph,heldout,0.6228,0.6055,3,0
graph,ref+aging+idle+age+dirty+rdist,K+K+,6,graph,test,0.6891,0.4953,3,0
graph,ref+aging+idle+age+dirty+rdist,K+K+,6,graph,val,0.6910,0.4925,3,0
graph,ref+aging+idle+age+dirty+refaults,K+K+,6,graph,heldout,0.5001,0.8024,3,0
graph,ref+aging+idle+age+dirty+refaults,K+K+,6,graph,test,0.7664,0.3315,3,0
graph,ref+aging+idle+age+dirty+refaults,K+K+,6,graph,val,0.7551,0.3602,3,0
graph,ref+aging+idle+age+dirty+refaults+rdist,K+K+,7,graph,heldout,0.4886,0.8209,3,0
graph,ref+aging+idle+age+dirty+refaults+rdist,K+K+,7,graph,test,0.7656,0.3359,3,0
graph,ref+aging+idle+age+dirty+refaults+rdist,K+K+,7,graph,val,0.7704,0.3252,3,0
graph,ref+aging+idle+age+rdist,K+K+,5,graph,heldout,0.7505,0.4004,3,0
graph,ref+aging+idle+age+rdist,K+K+,5,graph,test,0.7024,0.4947,3,0
graph,ref+aging+idle+age+rdist,K+K+,5,graph,val,0.7015,0.4967,3,0
graph,ref+aging+idle+age+refaults,K+K+,5,graph,heldout,0.5005,0.8018,3,0
graph,ref+aging+idle+age+refaults,K+K+,5,graph,test,0.7513,0.3723,3,0
graph,ref+aging+idle+age+refaults,K+K+,5,graph,val,0.7477,0.3817,3,0
graph,ref+aging+idle+age+refaults+rdist,K+K+,6,graph,heldout,0.4919,0.8155,3,0
graph,ref+aging+idle+age+refaults+rdist,K+K+,6,graph,test,0.7543,0.3659,3,0
graph,ref+aging+idle+age+refaults+rdist,K+K+,6,graph,val,0.7362,0.4085,3,0
graph,ref+aging+idle+dirty,K,4,graph,heldout,0.6941,0.4911,3,0
graph,ref+aging+idle+dirty,K,4,graph,test,0.7259,0.4199,3,0
graph,ref+aging+idle+dirty,K,4,graph,val,0.7247,0.4228,3,0
graph,ref+aging+idle+dirty+rdist,K+K+,5,graph,heldout,0.6424,0.5740,3,0
graph,ref+aging+idle+dirty+rdist,K+K+,5,graph,test,0.6744,0.5260,3,0
graph,ref+aging+idle+dirty+rdist,K+K+,5,graph,val,0.6761,0.5232,3,0
graph,ref+aging+idle+dirty+refaults,K+K+,5,graph,heldout,0.5596,0.7069,3,0
graph,ref+aging+idle+dirty+refaults,K+K+,5,graph,test,0.7190,0.4486,3,0
graph,ref+aging+idle+dirty+refaults,K+K+,5,graph,val,0.7190,0.4492,3,0
graph,ref+aging+idle+dirty+refaults+rdist,K+K+,6,graph,heldout,0.5109,0.7850,3,0
graph,ref+aging+idle+dirty+refaults+rdist,K+K+,6,graph,test,0.6543,0.5689,3,0
graph,ref+aging+idle+dirty+refaults+rdist,K+K+,6,graph,val,0.6550,0.5681,3,0
graph,ref+aging+idle+rdist,K+K+,4,graph,heldout,0.7567,0.3905,3,0
graph,ref+aging+idle+rdist,K+K+,4,graph,test,0.7557,0.4107,3,0
graph,ref+aging+idle+rdist,K+K+,4,graph,val,0.7565,0.4098,3,0
graph,ref+aging+idle+refaults,K+K+,4,graph,heldout,0.8033,0.3157,3,0
graph,ref+aging+idle+refaults,K+K+,4,graph,test,0.8101,0.3158,3,0
graph,ref+aging+idle+refaults,K+K+,4,graph,val,0.8092,0.3170,3,0
graph,ref+aging+idle+refaults+rdist,K+K+,5,graph,heldout,0.5625,0.7022,3,0
graph,ref+aging+idle+refaults+rdist,K+K+,5,graph,test,0.6561,0.5704,3,0
graph,ref+aging+idle+refaults+rdist,K+K+,5,graph,val,0.6557,0.5714,3,0
graph,ref+aging+rdist,K+K+,3,graph,heldout,3.0000,-3.2102,3,3
graph,ref+aging+rdist,K+K+,3,graph,test,3.0000,-3.2280,3,3
graph,ref+aging+rdist,K+K+,3,graph,val,3.0000,-3.2290,3,3
graph,ref+aging+refaults,K+K+,3,graph,heldout,0.5221,0.7671,3,0
graph,ref+aging+refaults,K+K+,3,graph,test,0.8545,0.2486,3,0
graph,ref+aging+refaults,K+K+,3,graph,val,0.8598,0.2392,3,0
graph,ref+aging+refaults+rdist,K+K+,4,graph,heldout,0.4979,0.8059,3,0
graph,ref+aging+refaults+rdist,K+K+,4,graph,test,0.9291,0.1164,3,0
graph,ref+aging+refaults+rdist,K+K+,4,graph,val,0.9227,0.1284,3,0
graph,ref+aging+sfreq,K,3,graph,heldout,1.6355,-1.0206,3,0
graph,ref+aging+sfreq,K,3,graph,test,3.0000,-3.2280,3,3
graph,ref+aging+sfreq,K,3,graph,val,3.0000,-3.2290,3,3
graph,ref+aging+sfreq+age,K,4,graph,heldout,1.3366,-0.5403,3,0
graph,ref+aging+sfreq+age,K,4,graph,test,3.0000,-3.2280,3,3
graph,ref+aging+sfreq+age,K,4,graph,val,3.0000,-3.2290,3,3
graph,ref+aging+sfreq+age+dirty,K,5,graph,heldout,1.2258,-0.3627,3,0
graph,ref+aging+sfreq+age+dirty,K,5,graph,test,3.0000,-3.2280,3,3
graph,ref+aging+sfreq+age+dirty,K,5,graph,val,3.0000,-3.2290,3,3
graph,ref+aging+sfreq+age+dirty+rdist,K+K+,6,graph,heldout,1.2044,-0.3282,3,0
graph,ref+aging+sfreq+age+dirty+rdist,K+K+,6,graph,test,3.0000,-3.2280,3,3
graph,ref+aging+sfreq+age+dirty+rdist,K+K+,6,graph,val,3.0000,-3.2290,3,3
graph,ref+aging+sfreq+age+dirty+refaults,K+K+,6,graph,heldout,1.6591,-1.0583,3,0
graph,ref+aging+sfreq+age+dirty+refaults,K+K+,6,graph,test,3.0000,-3.2280,3,3
graph,ref+aging+sfreq+age+dirty+refaults,K+K+,6,graph,val,3.0000,-3.2290,3,3
graph,ref+aging+sfreq+age+dirty+refaults+rdist,K+K+,7,graph,heldout,1.6108,-0.9809,3,0
graph,ref+aging+sfreq+age+dirty+refaults+rdist,K+K+,7,graph,test,3.0000,-3.2280,3,3
graph,ref+aging+sfreq+age+dirty+refaults+rdist,K+K+,7,graph,val,3.0000,-3.2290,3,3
graph,ref+aging+sfreq+age+rdist,K+K+,5,graph,heldout,1.7727,-1.2406,3,0
graph,ref+aging+sfreq+age+rdist,K+K+,5,graph,test,3.0000,-3.2280,3,3
graph,ref+aging+sfreq+age+rdist,K+K+,5,graph,val,3.0000,-3.2290,3,3
graph,ref+aging+sfreq+age+refaults,K+K+,5,graph,heldout,1.9492,-1.5235,3,0
graph,ref+aging+sfreq+age+refaults,K+K+,5,graph,test,3.0000,-3.2280,3,3
graph,ref+aging+sfreq+age+refaults,K+K+,5,graph,val,3.0000,-3.2290,3,3
graph,ref+aging+sfreq+age+refaults+rdist,K+K+,6,graph,heldout,1.9017,-1.4478,3,0
graph,ref+aging+sfreq+age+refaults+rdist,K+K+,6,graph,test,3.0000,-3.2280,3,3
graph,ref+aging+sfreq+age+refaults+rdist,K+K+,6,graph,val,3.0000,-3.2290,3,3
graph,ref+aging+sfreq+dirty,K,4,graph,heldout,1.2461,-0.3952,3,0
graph,ref+aging+sfreq+dirty,K,4,graph,test,3.0000,-3.2280,3,3
graph,ref+aging+sfreq+dirty,K,4,graph,val,3.0000,-3.2290,3,3
graph,ref+aging+sfreq+dirty+rdist,K+K+,5,graph,heldout,1.1248,-0.2004,3,0
graph,ref+aging+sfreq+dirty+rdist,K+K+,5,graph,test,3.0000,-3.2280,3,3
graph,ref+aging+sfreq+dirty+rdist,K+K+,5,graph,val,3.0000,-3.2290,3,3
graph,ref+aging+sfreq+dirty+refaults,K+K+,5,graph,heldout,1.6929,-1.1133,3,0
graph,ref+aging+sfreq+dirty+refaults,K+K+,5,graph,test,3.0000,-3.2280,3,3
graph,ref+aging+sfreq+dirty+refaults,K+K+,5,graph,val,3.0000,-3.2290,3,3
graph,ref+aging+sfreq+dirty+refaults+rdist,K+K+,6,graph,heldout,1.6700,-1.0775,3,0
graph,ref+aging+sfreq+dirty+refaults+rdist,K+K+,6,graph,test,3.0000,-3.2280,3,3
graph,ref+aging+sfreq+dirty+refaults+rdist,K+K+,6,graph,val,3.0000,-3.2290,3,3
graph,ref+aging+sfreq+idle,K,4,graph,heldout,0.9778,0.0357,3,0
graph,ref+aging+sfreq+idle,K,4,graph,test,0.8895,0.1871,3,0
graph,ref+aging+sfreq+idle,K,4,graph,val,0.8886,0.1888,3,0
graph,ref+aging+sfreq+idle+age,K,5,graph,heldout,0.9321,0.1090,3,0
graph,ref+aging+sfreq+idle+age,K,5,graph,test,0.8813,0.1920,3,0
graph,ref+aging+sfreq+idle+age,K,5,graph,val,0.8808,0.1928,3,0
graph,ref+aging+sfreq+idle+age+dirty,K,6,graph,heldout,0.6380,0.5811,3,0
graph,ref+aging+sfreq+idle+age+dirty,K,6,graph,test,0.7048,0.4651,3,0
graph,ref+aging+sfreq+idle+age+dirty,K,6,graph,val,0.7057,0.4638,3,0
graph,ref+aging+sfreq+idle+age+dirty+rdist,K+K+,7,graph,heldout,0.6080,0.6293,3,0
graph,ref+aging+sfreq+idle+age+dirty+rdist,K+K+,7,graph,test,0.6543,0.5652,3,0
graph,ref+aging+sfreq+idle+age+dirty+rdist,K+K+,7,graph,val,0.6557,0.5633,3,0
graph,ref+aging+sfreq+idle+age+dirty+refaults,K+K+,7,graph,heldout,0.4982,0.8054,3,0
graph,ref+aging+sfreq+idle+age+dirty+refaults,K+K+,7,graph,test,1.0062,-0.1879,3,0
graph,ref+aging+sfreq+idle+age+dirty+refaults,K+K+,7,graph,val,0.9781,-0.1029,3,0
graph,ref+aging+sfreq+idle+age+dirty+refaults+rdist,K+K+,8,graph,heldout,0.4928,0.8140,3,0
graph,ref+aging+sfreq+idle+age+dirty+refaults+rdist,K+K+,8,graph,test,1.0691,-0.3278,3,0
graph,ref+aging+sfreq+idle+age+dirty+refaults+rdist,K+K+,8,graph,val,1.0293,-0.2087,3,0
graph,ref+aging+sfreq+idle+age+rdist,K+K+,6,graph,heldout,0.7296,0.4341,3,0
graph,ref+aging+sfreq+idle+age+rdist,K+K+,6,graph,test,0.7199,0.4691,3,0
graph,ref+aging+sfreq+idle+age+rdist,K+K+,6,graph,val,0.7201,0.4691,3,0
graph,ref+aging+sfreq+idle+age+refaults,K+K+,6,graph,heldout,0.4977,0.8062,3,0
graph,ref+aging+sfreq+idle+age+refaults,K+K+,6,graph,test,1.0490,-0.2479,3,0
graph,ref+aging+sfreq+idle+age+refaults,K+K+,6,graph,val,1.0584,-0.2784,3,0
graph,ref+aging+sfreq+idle+age+refaults+rdist,K+K+,7,graph,heldout,0.4941,0.8120,3,0
graph,ref+aging+sfreq+idle+age+refaults+rdist,K+K+,7,graph,test,1.1397,-0.4701,3,0
graph,ref+aging+sfreq+idle+age+refaults+rdist,K+K+,7,graph,val,1.0923,-0.3299,3,0
graph,ref+aging+sfreq+idle+dirty,K,5,graph,heldout,0.6739,0.5234,3,0
graph,ref+aging+sfreq+idle+dirty,K,5,graph,test,0.7257,0.4149,3,0
graph,ref+aging+sfreq+idle+dirty,K,5,graph,val,0.7248,0.4181,3,0
graph,ref+aging+sfreq+idle+dirty+rdist,K+K+,6,graph,heldout,0.6369,0.5829,3,0
graph,ref+aging+sfreq+idle+dirty+rdist,K+K+,6,graph,test,0.6820,0.5104,3,0
graph,ref+aging+sfreq+idle+dirty+rdist,K+K+,6,graph,val,0.6825,0.5102,3,0
graph,ref+aging+sfreq+idle+dirty+refaults,K+K+,6,graph,heldout,0.5011,0.8008,3,0
graph,ref+aging+sfreq+idle+dirty+refaults,K+K+,6,graph,test,1.2080,-0.5793,3,1
graph,ref+aging+sfreq+idle+dirty+refaults,K+K+,6,graph,val,1.2073,-0.5778,3,1
graph,ref+aging+sfreq+idle+dirty+refaults+rdist,K+K+,7,graph,heldout,0.4973,0.8068,3,0
graph,ref+aging+sfreq+idle+dirty+refaults+rdist,K+K+,7,graph,test,1.2459,-0.6307,3,1
graph,ref+aging+sfreq+idle+dirty+refaults+rdist,K+K+,7,graph,val,1.2565,-0.6474,3,1
graph,ref+aging+sfreq+idle+rdist,K+K+,5,graph,heldout,0.7602,0.3849,3,0
graph,ref+aging+sfreq+idle+rdist,K+K+,5,graph,test,0.7156,0.4728,3,0
graph,ref+aging+sfreq+idle+rdist,K+K+,5,graph,val,0.7151,0.4742,3,0
graph,ref+aging+sfreq+idle+refaults,K+K+,5,graph,heldout,0.5063,0.7924,3,0
graph,ref+aging+sfreq+idle+refaults,K+K+,5,graph,test,1.2549,-0.6441,3,1
graph,ref+aging+sfreq+idle+refaults,K+K+,5,graph,val,1.2540,-0.6425,3,1
graph,ref+aging+sfreq+idle+refaults+rdist,K+K+,6,graph,heldout,0.4993,0.8037,3,0
graph,ref+aging+sfreq+idle+refaults+rdist,K+K+,6,graph,test,1.2894,-0.6950,3,1
graph,ref+aging+sfreq+idle+refaults+rdist,K+K+,6,graph,val,1.2777,-0.6758,3,1
graph,ref+aging+sfreq+rdist,K+K+,4,graph,heldout,1.5295,-0.8500,3,0
graph,ref+aging+sfreq+rdist,K+K+,4,graph,test,3.0000,-3.2280,3,3
graph,ref+aging+sfreq+rdist,K+K+,4,graph,val,3.0000,-3.2290,3,3
graph,ref+aging+sfreq+refaults,K+K+,4,graph,heldout,2.1036,-1.7717,3,0
graph,ref+aging+sfreq+refaults,K+K+,4,graph,test,3.0000,-3.2280,3,3
graph,ref+aging+sfreq+refaults,K+K+,4,graph,val,3.0000,-3.2290,3,3
graph,ref+aging+sfreq+refaults+rdist,K+K+,5,graph,heldout,1.9034,-1.4502,3,0
graph,ref+aging+sfreq+refaults+rdist,K+K+,5,graph,test,3.0000,-3.2280,3,3
graph,ref+aging+sfreq+refaults+rdist,K+K+,5,graph,val,3.0000,-3.2290,3,3
graph,ref+dirty,K,2,graph,heldout,0.6549,0.5538,3,0
graph,ref+dirty,K,2,graph,test,0.9038,0.1511,3,0
graph,ref+dirty,K,2,graph,val,0.9095,0.1396,3,0
graph,ref+dirty+rdist,K+K+,3,graph,heldout,3.0000,-3.2102,3,3
graph,ref+dirty+rdist,K+K+,3,graph,test,3.0000,-3.2280,3,3
graph,ref+dirty+rdist,K+K+,3,graph,val,3.0000,-3.2290,3,3
graph,ref+dirty+refaults,K+K+,3,graph,heldout,0.5294,0.7554,3,0
graph,ref+dirty+refaults,K+K+,3,graph,test,0.8000,0.2389,3,0
graph,ref+dirty+refaults,K+K+,3,graph,val,0.8006,0.2391,3,0
graph,ref+dirty+refaults+rdist,K+K+,4,graph,heldout,0.5137,0.7805,3,0
graph,ref+dirty+refaults+rdist,K+K+,4,graph,test,0.8191,0.2013,3,0
graph,ref+dirty+refaults+rdist,K+K+,4,graph,val,0.8200,0.1988,3,0
graph,ref+idle,K,2,graph,heldout,0.9993,0.0012,3,0
graph,ref+idle,K,2,graph,test,0.9772,0.0378,3,0
graph,ref+idle,K,2,graph,val,0.9753,0.0404,3,0
graph,ref+idle+age,K,3,graph,heldout,0.9472,0.0847,3,0
graph,ref+idle+age,K,3,graph,test,0.8563,0.2386,3,0
graph,ref+idle+age,K,3,graph,val,0.8539,0.2423,3,0
graph,ref+idle+age+dirty,K,4,graph,heldout,0.6313,0.5918,3,0
graph,ref+idle+age+dirty,K,4,graph,test,0.7212,0.4242,3,0
graph,ref+idle+age+dirty,K,4,graph,val,0.7198,0.4290,3,0
graph,ref+idle+age+dirty+rdist,K+K+,5,graph,heldout,0.6108,0.6247,3,0
graph,ref+idle+age+dirty+rdist,K+K+,5,graph,test,0.6805,0.5130,3,0
graph,ref+idle+age+dirty+rdist,K+K+,5,graph,val,0.6830,0.5090,3,0
graph,ref+idle+age+dirty+refaults,K+K+,5,graph,heldout,0.4921,0.8152,3,0
graph,ref+idle+age+dirty+refaults,K+K+,5,graph,test,0.7389,0.3890,3,0
graph,ref+idle+age+dirty+refaults,K+K+,5,graph,val,0.7333,0.4035,3,0
graph,ref+idle+age+dirty+refaults+rdist,K+K+,6,graph,heldout,0.4852,0.8263,3,0
graph,ref+idle+age+dirty+refaults+rdist,K+K+,6,graph,test,0.7332,0.4023,3,0
graph,ref+idle+age+dirty+refaults+rdist,K+K+,6,graph,val,0.7297,0.4117,3,0
graph,ref+idle+age+rdist,K+K+,4,graph,heldout,0.7402,0.4171,3,0
graph,ref+idle+age+rdist,K+K+,4,graph,test,0.6894,0.5147,3,0
graph,ref+idle+age+rdist,K+K+,4,graph,val,0.6899,0.5147,3,0
graph,ref+idle+age+refaults,K+K+,4,graph,heldout,0.4882,0.8215,3,0
graph,ref+idle+age+refaults,K+K+,4,graph,test,0.7263,0.4242,3,0
graph,ref+idle+age+refaults,K+K+,4,graph,val,0.7192,0.4405,3,0
graph,ref+idle+age+refaults+rdist,K+K+,5,graph,heldout,0.4858,0.8254,3,0
graph,ref+idle+age+refaults+rdist,K+K+,5,graph,test,0.7077,0.4611,3,0
graph,ref+idle+age+refaults+rdist,K+K+,5,graph,val,0.7054,0.4670,3,0
graph,ref+idle+dirty,K,3,graph,heldout,0.6713,0.5277,3,0
graph,ref+idle+dirty,K,3,graph,test,0.7067,0.4591,3,0
graph,ref+idle+dirty,K,3,graph,val,0.7067,0.4597,3,0
graph,ref+idle+dirty+rdist,K+K+,4,graph,heldout,0.6271,0.5986,3,0
graph,ref+idle+dirty+rdist,K+K+,4,graph,test,0.6591,0.5559,3,0
graph,ref+idle+dirty+rdist,K+K+,4,graph,val,0.6598,0.5553,3,0
graph,ref+idle+dirty+refaults,K+K+,4,graph,heldout,0.5647,0.6987,3,0
graph,ref+idle+dirty+refaults,K+K+,4,graph,test,0.7275,0.4318,3,0
graph,ref+idle+dirty+refaults,K+K+,4,graph,val,0.7273,0.4330,3,0
graph,ref+idle+dirty+refaults+rdist,K+K+,5,graph,heldout,0.5221,0.7670,3,0
graph,ref+idle+dirty+refaults+rdist,K+K+,5,graph,test,0.6777,0.5261,3,0
graph,ref+idle+dirty+refaults+rdist,K+K+,5,graph,val,0.6777,0.5268,3,0
graph,ref+idle+rdist,K+K+,3,graph,heldout,0.7418,0.4145,3,0
graph,ref+idle+rdist,K+K+,3,graph,test,0.7440,0.4282,3,0
graph,ref+idle+rdist,K+K+,3,graph,val,0.7429,0.4306,3,0
graph,ref+idle+refaults,K+K+,3,graph,heldout,0.7955,0.3282,3,0
graph,ref+idle+refaults,K+K+,3,graph,test,0.8032,0.3266,3,0
graph,ref+idle+refaults,K+K+,3,graph,val,0.8019,0.3284,3,0
graph,ref+idle+refaults+rdist,K+K+,4,graph,heldout,0.5772,0.6787,3,0
graph,ref+idle+refaults+rdist,K+K+,4,graph,test,0.6605,0.5636,3,0
graph,ref+idle+refaults+rdist,K+K+,4,graph,val,0.6600,0.5646,3,0
graph,ref+rdist,K+K+,2,graph,heldout,3.0000,-3.2102,3,3
graph,ref+rdist,K+K+,2,graph,test,3.0000,-3.2280,3,3
graph,ref+rdist,K+K+,2,graph,val,3.0000,-3.2290,3,3
graph,ref+refaults,K+K+,2,graph,heldout,0.5251,0.7623,3,0
graph,ref+refaults,K+K+,2,graph,test,0.8754,0.2167,3,0
graph,ref+refaults,K+K+,2,graph,val,0.8810,0.2070,3,0
graph,ref+refaults+rdist,K+K+,3,graph,heldout,0.5104,0.7859,3,0
graph,ref+refaults+rdist,K+K+,3,graph,test,0.9346,0.1093,3,0
graph,ref+refaults+rdist,K+K+,3,graph,val,0.9292,0.1181,3,0
graph,ref+sfreq,K,2,graph,heldout,1.7016,-1.1262,3,0
graph,ref+sfreq,K,2,graph,test,3.0000,-3.2280,3,3
graph,ref+sfreq,K,2,graph,val,3.0000,-3.2290,3,3
graph,ref+sfreq+age,K,3,graph,heldout,1.3367,-0.5406,3,0
graph,ref+sfreq+age,K,3,graph,test,3.0000,-3.2280,3,3
graph,ref+sfreq+age,K,3,graph,val,3.0000,-3.2290,3,3
graph,ref+sfreq+age+dirty,K,4,graph,heldout,1.0325,-0.0522,3,0
graph,ref+sfreq+age+dirty,K,4,graph,test,3.0000,-3.2280,3,3
graph,ref+sfreq+age+dirty,K,4,graph,val,3.0000,-3.2290,3,3
graph,ref+sfreq+age+dirty+rdist,K+K+,5,graph,heldout,0.9881,0.0191,3,0
graph,ref+sfreq+age+dirty+rdist,K+K+,5,graph,test,3.0000,-3.2280,3,3
graph,ref+sfreq+age+dirty+rdist,K+K+,5,graph,val,3.0000,-3.2290,3,3
graph,ref+sfreq+age+dirty+refaults,K+K+,5,graph,heldout,1.4215,-0.6767,3,0
graph,ref+sfreq+age+dirty+refaults,K+K+,5,graph,test,3.0000,-3.2280,3,3
graph,ref+sfreq+age+dirty+refaults,K+K+,5,graph,val,3.0000,-3.2290,3,3
graph,ref+sfreq+age+dirty+refaults+rdist,K+K+,6,graph,heldout,1.4754,-0.7633,3,0
graph,ref+sfreq+age+dirty+refaults+rdist,K+K+,6,graph,test,3.0000,-3.2280,3,3
graph,ref+sfreq+age+dirty+refaults+rdist,K+K+,6,graph,val,3.0000,-3.2290,3,3
graph,ref+sfreq+age+rdist,K+K+,4,graph,heldout,1.7316,-1.1743,3,0
graph,ref+sfreq+age+rdist,K+K+,4,graph,test,3.0000,-3.2280,3,3
graph,ref+sfreq+age+rdist,K+K+,4,graph,val,3.0000,-3.2290,3,3
graph,ref+sfreq+age+refaults,K+K+,4,graph,heldout,1.8372,-1.3440,3,0
graph,ref+sfreq+age+refaults,K+K+,4,graph,test,3.0000,-3.2280,3,3
graph,ref+sfreq+age+refaults,K+K+,4,graph,val,3.0000,-3.2290,3,3
graph,ref+sfreq+age+refaults+rdist,K+K+,5,graph,heldout,1.7849,-1.2599,3,0
graph,ref+sfreq+age+refaults+rdist,K+K+,5,graph,test,3.0000,-3.2280,3,3
graph,ref+sfreq+age+refaults+rdist,K+K+,5,graph,val,3.0000,-3.2290,3,3
graph,ref+sfreq+dirty,K,3,graph,heldout,1.2238,-0.3596,3,0
graph,ref+sfreq+dirty,K,3,graph,test,3.0000,-3.2280,3,3
graph,ref+sfreq+dirty,K,3,graph,val,3.0000,-3.2290,3,3
graph,ref+sfreq+dirty+rdist,K+K+,4,graph,heldout,1.1962,-0.3149,3,0
graph,ref+sfreq+dirty+rdist,K+K+,4,graph,test,3.0000,-3.2280,3,3
graph,ref+sfreq+dirty+rdist,K+K+,4,graph,val,3.0000,-3.2290,3,3
graph,ref+sfreq+dirty+refaults,K+K+,4,graph,heldout,1.7412,-1.1904,3,0
graph,ref+sfreq+dirty+refaults,K+K+,4,graph,test,3.0000,-3.2280,3,3
graph,ref+sfreq+dirty+refaults,K+K+,4,graph,val,3.0000,-3.2290,3,3
graph,ref+sfreq+dirty+refaults+rdist,K+K+,5,graph,heldout,1.8363,-1.3426,3,0
graph,ref+sfreq+dirty+refaults+rdist,K+K+,5,graph,test,3.0000,-3.2280,3,3
graph,ref+sfreq+dirty+refaults+rdist,K+K+,5,graph,val,3.0000,-3.2290,3,3
graph,ref+sfreq+idle,K,3,graph,heldout,0.9747,0.0405,3,0
graph,ref+sfreq+idle,K,3,graph,test,0.8707,0.2179,3,0
graph,ref+sfreq+idle,K,3,graph,val,0.8692,0.2203,3,0
graph,ref+sfreq+idle+age,K,4,graph,heldout,0.9282,0.1152,3,0
graph,ref+sfreq+idle+age,K,4,graph,test,0.8799,0.1940,3,0
graph,ref+sfreq+idle+age,K,4,graph,val,0.8791,0.1951,3,0
graph,ref+sfreq+idle+age+dirty,K,5,graph,heldout,0.6534,0.5564,3,0
graph,ref+sfreq+idle+age+dirty,K,5,graph,test,0.7155,0.4425,3,0
graph,ref+sfreq+idle+age+dirty,K,5,graph,val,0.7157,0.4429,3,0
graph,ref+sfreq+idle+age+dirty+rdist,K+K+,6,graph,heldout,0.6288,0.5958,3,0
graph,ref+sfreq+idle+age+dirty+rdist,K+K+,6,graph,test,0.6745,0.5264,3,0
graph,ref+sfreq+idle+age+dirty+rdist,K+K+,6,graph,val,0.6759,0.5242,3,0
graph,ref+sfreq+idle+age+dirty+refaults,K+K+,6,graph,heldout,0.5018,0.7996,3,0
graph,ref+sfreq+idle+age+dirty+refaults,K+K+,6,graph,test,0.9310,-0.0311,3,0
graph,ref+sfreq+idle+age+dirty+refaults,K+K+,6,graph,val,0.9108,0.0261,3,0
graph,ref+sfreq+idle+age+dirty+refaults+rdist,K+K+,7,graph,heldout,0.4938,0.8124,3,0
graph,ref+sfreq+idle+age+dirty+refaults+rdist,K+K+,7,graph,test,0.9705,-0.1244,3,0
graph,ref+sfreq+idle+age+dirty+refaults+rdist,K+K+,7,graph,val,0.9539,-0.0769,3,0
graph,ref+sfreq+idle+age+rdist,K+K+,5,graph,heldout,0.7373,0.4216,3,0
graph,ref+sfreq+idle+age+rdist,K+K+,5,graph,test,0.7251,0.4608,3,0
graph,ref+sfreq+idle+age+rdist,K+K+,5,graph,val,0.7253,0.4609,3,0
graph,ref+sfreq+idle+age+refaults,K+K+,5,graph,heldout,0.5004,0.8018,3,0
graph,ref+sfreq+idle+age+refaults,K+K+,5,graph,test,0.9634,-0.0780,3,0
graph,ref+sfreq+idle+age+refaults,K+K+,5,graph,val,0.9402,-0.0159,3,0
graph,ref+sfreq+idle+age+refaults+rdist,K+K+,6,graph,heldout,0.4963,0.8085,3,0
graph,ref+sfreq+idle+age+refaults+rdist,K+K+,6,graph,test,1.0180,-0.2183,3,0
graph,ref+sfreq+idle+age+refaults+rdist,K+K+,6,graph,val,0.9805,-0.1120,3,0
graph,ref+sfreq+idle+dirty,K,4,graph,heldout,0.6493,0.5628,3,0
graph,ref+sfreq+idle+dirty,K,4,graph,test,0.7157,0.4373,3,0
graph,ref+sfreq+idle+dirty,K,4,graph,val,0.7157,0.4385,3,0
graph,ref+sfreq+idle+dirty+rdist,K+K+,5,graph,heldout,0.6212,0.6080,3,0
graph,ref+sfreq+idle+dirty+rdist,K+K+,5,graph,test,0.6664,0.5415,3,0
graph,ref+sfreq+idle+dirty+rdist,K+K+,5,graph,val,0.6678,0.5397,3,0
graph,ref+sfreq+idle+dirty+refaults,K+K+,5,graph,heldout,0.4989,0.8043,3,0
graph,ref+sfreq+idle+dirty+refaults,K+K+,5,graph,test,1.0004,-0.1962,3,0
graph,ref+sfreq+idle+dirty+refaults,K+K+,5,graph,val,0.9657,-0.0929,3,0
graph,ref+sfreq+idle+dirty+refaults+rdist,K+K+,6,graph,heldout,0.4946,0.8112,3,0
graph,ref+sfreq+idle+dirty+refaults+rdist,K+K+,6,graph,test,0.9788,-0.1255,3,0
graph,ref+sfreq+idle+dirty+refaults+rdist,K+K+,6,graph,val,0.9708,-0.1029,3,0
graph,ref+sfreq+idle+rdist,K+K+,4,graph,heldout,0.7415,0.4149,3,0
graph,ref+sfreq+idle+rdist,K+K+,4,graph,test,0.6985,0.4985,3,0
graph,ref+sfreq+idle+rdist,K+K+,4,graph,val,0.6995,0.4977,3,0
graph,ref+sfreq+idle+refaults,K+K+,4,graph,heldout,0.5025,0.7986,3,0
graph,ref+sfreq+idle+refaults,K+K+,4,graph,test,1.0490,-0.2764,3,0
graph,ref+sfreq+idle+refaults,K+K+,4,graph,val,1.0142,-0.1699,3,0
graph,ref+sfreq+idle+refaults+rdist,K+K+,5,graph,heldout,0.4972,0.8070,3,0
graph,ref+sfreq+idle+refaults+rdist,K+K+,5,graph,test,1.0302,-0.2432,3,0
graph,ref+sfreq+idle+refaults+rdist,K+K+,5,graph,val,0.9871,-0.1181,3,0
graph,ref+sfreq+rdist,K+K+,3,graph,heldout,1.5338,-0.8579,3,0
graph,ref+sfreq+rdist,K+K+,3,graph,test,3.0000,-3.2280,3,3
graph,ref+sfreq+rdist,K+K+,3,graph,val,3.0000,-3.2290,3,3
graph,ref+sfreq+refaults,K+K+,3,graph,heldout,2.1158,-1.7923,3,0
graph,ref+sfreq+refaults,K+K+,3,graph,test,3.0000,-3.2280,3,3
graph,ref+sfreq+refaults,K+K+,3,graph,val,3.0000,-3.2290,3,3
graph,ref+sfreq+refaults+rdist,K+K+,4,graph,heldout,2.0942,-1.7569,3,0
graph,ref+sfreq+refaults+rdist,K+K+,4,graph,test,3.0000,-3.2280,3,3
graph,ref+sfreq+refaults+rdist,K+K+,4,graph,val,3.0000,-3.2290,3,3
graph,refaults,K+K+,1,graph,heldout,0.5420,0.7351,3,0
graph,refaults,K+K+,1,graph,test,1.0041,-0.0438,3,0
graph,refaults,K+K+,1,graph,val,1.0075,-0.0502,3,0
graph,refaults+rdist,K+K+,2,graph,heldout,0.5593,0.7073,3,0
graph,refaults+rdist,K+K+,2,graph,test,1.1101,-0.2326,3,0
graph,refaults+rdist,K+K+,2,graph,val,1.1036,-0.2300,3,0
graph,sd,F,1,graph,heldout,0.9992,0.0013,3,0
graph,sd,F,1,graph,test,0.9762,0.0394,3,0
graph,sd,F,1,graph,val,0.9748,0.0413,3,0
graph,sd+ref+aging+sfreq+idle+age+dirty,F+K,7,graph,heldout,0.5085,0.7889,3,0
graph,sd+ref+aging+sfreq+idle+age+dirty,F+K,7,graph,test,0.6215,0.6255,3,0
graph,sd+ref+aging+sfreq+idle+age+dirty,F+K,7,graph,val,0.6284,0.6143,3,0
graph,sd+ref+aging+sfreq+idle+age+dirty+refaults+rdist,F+K,9,graph,heldout,0.4909,0.8171,3,0
graph,sd+ref+aging+sfreq+idle+age+dirty+refaults+rdist,F+K,9,graph,test,2.0288,-1.9825,3,2
graph,sd+ref+aging+sfreq+idle+age+dirty+refaults+rdist,F+K,9,graph,val,2.0329,-1.9877,3,2
graph,sd+wr,F,2,graph,heldout,0.7991,0.3225,3,0
graph,sd+wr,F,2,graph,test,1.4491,-0.8543,3,1
graph,sd+wr,F,2,graph,val,1.4445,-0.8498,3,1
graph,sd+wr+ref+aging+sfreq+idle+age+dirty,F+K,8,graph,heldout,0.5011,0.8007,3,0
graph,sd+wr+ref+aging+sfreq+idle+age+dirty,F+K,8,graph,test,1.6976,-1.7514,3,2
graph,sd+wr+ref+aging+sfreq+idle+age+dirty,F+K,8,graph,val,1.6970,-1.7532,3,2
graph,sd+wr+ref+aging+sfreq+idle+age+dirty+refaults+rdist,F+K,10,graph,heldout,0.5927,0.6536,3,0
graph,sd+wr+ref+aging+sfreq+idle+age+dirty+refaults+rdist,F+K,10,graph,test,1.7709,-1.7956,3,2
graph,sd+wr+ref+aging+sfreq+idle+age+dirty+refaults+rdist,F+K,10,graph,val,1.7708,-1.7977,3,2
graph,sfreq,K,1,graph,heldout,1.9560,-1.5373,3,0
graph,sfreq,K,1,graph,test,3.0000,-3.2280,3,3
graph,sfreq,K,1,graph,val,3.0000,-3.2290,3,3
graph,sfreq+age,K,2,graph,heldout,1.3973,-0.6381,3,0
graph,sfreq+age,K,2,graph,test,3.0000,-3.2280,3,3
graph,sfreq+age,K,2,graph,val,3.0000,-3.2290,3,3
graph,sfreq+age+dirty,K,3,graph,heldout,1.0196,-0.0314,3,0
graph,sfreq+age+dirty,K,3,graph,test,3.0000,-3.2280,3,3
graph,sfreq+age+dirty,K,3,graph,val,3.0000,-3.2290,3,3
graph,sfreq+age+dirty+rdist,K+K+,4,graph,heldout,0.9601,0.0639,3,0
graph,sfreq+age+dirty+rdist,K+K+,4,graph,test,3.0000,-3.2280,3,3
graph,sfreq+age+dirty+rdist,K+K+,4,graph,val,3.0000,-3.2290,3,3
graph,sfreq+age+dirty+refaults,K+K+,4,graph,heldout,1.2671,-0.4291,3,0
graph,sfreq+age+dirty+refaults,K+K+,4,graph,test,3.0000,-3.2280,3,3
graph,sfreq+age+dirty+refaults,K+K+,4,graph,val,3.0000,-3.2290,3,3
graph,sfreq+age+dirty+refaults+rdist,K+K+,5,graph,heldout,1.3783,-0.6072,3,0
graph,sfreq+age+dirty+refaults+rdist,K+K+,5,graph,test,3.0000,-3.2280,3,3
graph,sfreq+age+dirty+refaults+rdist,K+K+,5,graph,val,3.0000,-3.2290,3,3
graph,sfreq+age+rdist,K+K+,3,graph,heldout,1.6619,-1.0625,3,0
graph,sfreq+age+rdist,K+K+,3,graph,test,3.0000,-3.2280,3,3
graph,sfreq+age+rdist,K+K+,3,graph,val,3.0000,-3.2290,3,3
graph,sfreq+age+refaults,K+K+,3,graph,heldout,1.6749,-1.0834,3,0
graph,sfreq+age+refaults,K+K+,3,graph,test,3.0000,-3.2280,3,3
graph,sfreq+age+refaults,K+K+,3,graph,val,3.0000,-3.2290,3,3
graph,sfreq+age+refaults+rdist,K+K+,4,graph,heldout,1.7648,-1.2281,3,0
graph,sfreq+age+refaults+rdist,K+K+,4,graph,test,3.0000,-3.2280,3,3
graph,sfreq+age+refaults+rdist,K+K+,4,graph,val,3.0000,-3.2290,3,3
graph,sfreq+dirty,K,2,graph,heldout,0.7514,0.3990,3,0
graph,sfreq+dirty,K,2,graph,test,3.0000,-3.2280,3,3
graph,sfreq+dirty,K,2,graph,val,3.0000,-3.2290,3,3
graph,sfreq+dirty+rdist,K+K+,3,graph,heldout,0.7365,0.4229,3,0
graph,sfreq+dirty+rdist,K+K+,3,graph,test,3.0000,-3.2280,3,3
graph,sfreq+dirty+rdist,K+K+,3,graph,val,3.0000,-3.2290,3,3
graph,sfreq+dirty+refaults,K+K+,3,graph,heldout,2.1185,-1.7956,3,0
graph,sfreq+dirty+refaults,K+K+,3,graph,test,3.0000,-3.2280,3,3
graph,sfreq+dirty+refaults,K+K+,3,graph,val,3.0000,-3.2290,3,3
graph,sfreq+dirty+refaults+rdist,K+K+,4,graph,heldout,2.3510,-2.1693,3,0
graph,sfreq+dirty+refaults+rdist,K+K+,4,graph,test,3.0000,-3.2280,3,3
graph,sfreq+dirty+refaults+rdist,K+K+,4,graph,val,3.0000,-3.2290,3,3
graph,sfreq+idle,K,2,graph,heldout,0.9645,0.0570,3,0
graph,sfreq+idle,K,2,graph,test,0.8060,0.3273,3,0
graph,sfreq+idle,K,2,graph,val,0.8030,0.3322,3,0
graph,sfreq+idle+age,K,3,graph,heldout,0.9044,0.1534,3,0
graph,sfreq+idle+age,K,3,graph,test,0.8537,0.2375,3,0
graph,sfreq+idle+age,K,3,graph,val,0.8528,0.2388,3,0
graph,sfreq+idle+age+dirty,K,4,graph,heldout,0.5721,0.6868,3,0
graph,sfreq+idle+age+dirty,K,4,graph,test,0.6627,0.5484,3,0
graph,sfreq+idle+age+dirty,K,4,graph,val,0.6639,0.5468,3,0
graph,sfreq+idle+age+dirty+rdist,K+K+,5,graph,heldout,0.5634,0.7007,3,0
graph,sfreq+idle+age+dirty+rdist,K+K+,5,graph,test,0.6341,0.6020,3,0
graph,sfreq+idle+age+dirty+rdist,K+K+,5,graph,val,0.6329,0.6047,3,0
graph,sfreq+idle+age+dirty+refaults,K+K+,5,graph,heldout,0.4995,0.8033,3,0
graph,sfreq+idle+age+dirty+refaults,K+K+,5,graph,test,0.8773,0.0826,3,0
graph,sfreq+idle+age+dirty+refaults,K+K+,5,graph,val,0.8431,0.1766,3,0
graph,sfreq+idle+age+dirty+refaults+rdist,K+K+,6,graph,heldout,0.4931,0.8137,3,0
graph,sfreq+idle+age+dirty+refaults+rdist,K+K+,6,graph,test,0.8731,0.0981,3,0
graph,sfreq+idle+age+dirty+refaults+rdist,K+K+,6,graph,val,0.8576,0.1420,3,0
graph,sfreq+idle+age+rdist,K+K+,4,graph,heldout,0.6673,0.5340,3,0
graph,sfreq+idle+age+rdist,K+K+,4,graph,test,0.6738,0.5404,3,0
graph,sfreq+idle+age+rdist,K+K+,4,graph,val,0.6731,0.5422,3,0
graph,sfreq+idle+age+refaults,K+K+,4,graph,heldout,0.5012,0.8007,3,0
graph,sfreq+idle+age+refaults,K+K+,4,graph,test,0.9261,-0.0095,3,0
graph,sfreq+idle+age+refaults,K+K+,4,graph,val,0.8911,0.0862,3,0
graph,sfreq+idle+age+refaults+rdist,K+K+,5,graph,heldout,0.4932,0.8135,3,0
graph,sfreq+idle+age+refaults+rdist,K+K+,5,graph,test,0.9112,0.0197,3,0
graph,sfreq+idle+age+refaults+rdist,K+K+,5,graph,val,0.8808,0.1040,3,0
graph,sfreq+idle+dirty,K,3,graph,heldout,0.5692,0.6915,3,0
graph,sfreq+idle+dirty,K,3,graph,test,0.6647,0.5448,3,0
graph,sfreq+idle+dirty,K,3,graph,val,0.6657,0.5436,3,0
graph,sfreq+idle+dirty+rdist,K+K+,4,graph,heldout,0.5604,0.7056,3,0
graph,sfreq+idle+dirty+rdist,K+K+,4,graph,test,0.6278,0.6133,3,0
graph,sfreq+idle+dirty+rdist,K+K+,4,graph,val,0.6262,0.6165,3,0
graph,sfreq+idle+dirty+refaults,K+K+,4,graph,heldout,0.4996,0.8031,3,0
graph,sfreq+idle+dirty+refaults,K+K+,4,graph,test,0.8940,0.0572,3,0
graph,sfreq+idle+dirty+refaults,K+K+,4,graph,val,0.8848,0.0831,3,0
graph,sfreq+idle+dirty+refaults+rdist,K+K+,5,graph,heldout,0.4939,0.8123,3,0
graph,sfreq+idle+dirty+refaults+rdist,K+K+,5,graph,test,0.8847,0.0771,3,0
graph,sfreq+idle+dirty+refaults+rdist,K+K+,5,graph,val,0.8694,0.1193,3,0
graph,sfreq+idle+rdist,K+K+,3,graph,heldout,0.6704,0.5290,3,0
graph,sfreq+idle+rdist,K+K+,3,graph,test,0.6712,0.5378,3,0
graph,sfreq+idle+rdist,K+K+,3,graph,val,0.6704,0.5403,3,0
graph,sfreq+idle+refaults,K+K+,3,graph,heldout,0.5019,0.7995,3,0
graph,sfreq+idle+refaults,K+K+,3,graph,test,0.9792,-0.1223,3,0
graph,sfreq+idle+refaults,K+K+,3,graph,val,0.9428,-0.0191,3,0
graph,sfreq+idle+refaults+rdist,K+K+,4,graph,heldout,0.4948,0.8108,3,0
graph,sfreq+idle+refaults+rdist,K+K+,4,graph,test,0.9122,0.0254,3,0
graph,sfreq+idle+refaults+rdist,K+K+,4,graph,val,0.8918,0.0816,3,0
graph,sfreq+rdist,K+K+,2,graph,heldout,2.1605,-1.8637,3,0
graph,sfreq+rdist,K+K+,2,graph,test,3.0000,-3.2280,3,3
graph,sfreq+rdist,K+K+,2,graph,val,3.0000,-3.2290,3,3
graph,sfreq+refaults,K+K+,2,graph,heldout,1.7607,-1.2235,3,0
graph,sfreq+refaults,K+K+,2,graph,test,3.0000,-3.2280,3,3
graph,sfreq+refaults,K+K+,2,graph,val,3.0000,-3.2290,3,3
graph,sfreq+refaults+rdist,K+K+,3,graph,heldout,2.1075,-1.7782,3,0
graph,sfreq+refaults+rdist,K+K+,3,graph,test,3.0000,-3.2280,3,3
graph,sfreq+refaults+rdist,K+K+,3,graph,val,3.0000,-3.2290,3,3
graph,wr,F,1,graph,heldout,2.4663,-2.3535,3,0
graph,wr,F,1,graph,test,2.8234,-2.9279,3,2
graph,wr,F,1,graph,val,2.8203,-2.9241,3,2
graph,wr+ref+aging+sfreq+idle+age+dirty,F+K,7,graph,heldout,0.4946,0.8112,3,0
graph,wr+ref+aging+sfreq+idle+age+dirty,F+K,7,graph,test,0.7121,0.4465,3,0
graph,wr+ref+aging+sfreq+idle+age+dirty,F+K,7,graph,val,0.7052,0.4621,3,0
graph,wr+ref+aging+sfreq+idle+age+dirty+refaults+rdist,F+K,9,graph,heldout,0.4870,0.8234,3,0
graph,wr+ref+aging+sfreq+idle+age+dirty+refaults+rdist,F+K,9,graph,test,1.1372,-0.4888,3,1
graph,wr+ref+aging+sfreq+idle+age+dirty+refaults+rdist,F+K,9,graph,val,1.1316,-0.4806,3,1
kv,age,K,1,kv,heldout,1.6714,-1.6312,5,0
kv,age,K,1,kv,test,1.9484,-2.4862,6,1
kv,age,K,1,kv,val,1.9118,-2.3885,6,1
kv,age+dirty,K,2,kv,heldout,1.6714,-1.6312,5,0
kv,age+dirty,K,2,kv,test,1.7951,-2.1599,6,1
kv,age+dirty,K,2,kv,val,1.7617,-2.0872,6,1
kv,age+dirty+rdist,K+K+,3,kv,heldout,1.6714,-1.6312,5,0
kv,age+dirty+rdist,K+K+,3,kv,test,1.7951,-2.1599,6,1
kv,age+dirty+rdist,K+K+,3,kv,val,1.7617,-2.0872,6,1
kv,age+dirty+refaults,K+K+,3,kv,heldout,1.6714,-1.6312,5,0
kv,age+dirty+refaults,K+K+,3,kv,test,1.7951,-2.1599,6,1
kv,age+dirty+refaults,K+K+,3,kv,val,1.7617,-2.0872,6,1
kv,age+dirty+refaults+rdist,K+K+,4,kv,heldout,1.6714,-1.6312,5,0
kv,age+dirty+refaults+rdist,K+K+,4,kv,test,1.7951,-2.1599,6,1
kv,age+dirty+refaults+rdist,K+K+,4,kv,val,1.7617,-2.0872,6,1
kv,age+rdist,K+K+,2,kv,heldout,1.6714,-1.6312,5,0
kv,age+rdist,K+K+,2,kv,test,1.9484,-2.4862,6,1
kv,age+rdist,K+K+,2,kv,val,1.9118,-2.3885,6,1
kv,age+refaults,K+K+,2,kv,heldout,1.6714,-1.6312,5,0
kv,age+refaults,K+K+,2,kv,test,1.9484,-2.4862,6,1
kv,age+refaults,K+K+,2,kv,val,1.9118,-2.3885,6,1
kv,age+refaults+rdist,K+K+,3,kv,heldout,1.6714,-1.6312,5,0
kv,age+refaults+rdist,K+K+,3,kv,test,1.9484,-2.4862,6,1
kv,age+refaults+rdist,K+K+,3,kv,val,1.9118,-2.3885,6,1
kv,aging,K,1,kv,heldout,1.1349,-0.3271,5,0
kv,aging,K,1,kv,test,1.1030,-0.2421,6,0
kv,aging,K,1,kv,val,1.1063,-0.2509,6,0
kv,aging+age,K,2,kv,heldout,1.4073,-0.9883,5,0
kv,aging+age,K,2,kv,test,1.7259,-2.0030,6,1
kv,aging+age,K,2,kv,val,1.7208,-2.0227,6,1
kv,aging+age+dirty,K,3,kv,heldout,1.4072,-0.9881,5,0
kv,aging+age+dirty,K,3,kv,test,1.8398,-2.2420,6,1
kv,aging+age+dirty,K,3,kv,val,1.8874,-2.3690,6,1
kv,aging+age+dirty+rdist,K+K+,4,kv,heldout,1.5928,-1.4380,5,0
kv,aging+age+dirty+rdist,K+K+,4,kv,test,2.0671,-2.7565,6,1
kv,aging+age+dirty+rdist,K+K+,4,kv,val,2.0142,-2.6594,6,1
kv,aging+age+dirty+refaults,K+K+,4,kv,heldout,1.3457,-0.8391,5,0
kv,aging+age+dirty+refaults,K+K+,4,kv,test,1.5464,-1.6072,6,1
kv,aging+age+dirty+refaults,K+K+,4,kv,val,1.5200,-1.5555,6,1
kv,aging+age+dirty+refaults+rdist,K+K+,5,kv,heldout,1.3685,-0.8941,5,0
kv,aging+age+dirty+refaults+rdist,K+K+,5,kv,test,1.4620,-1.1795,6,0
kv,aging+age+dirty+refaults+rdist,K+K+,5,kv,val,1.5555,-1.6296,6,1
kv,aging+age+rdist,K+K+,3,kv,heldout,1.5895,-1.4352,5,0
kv,aging+age+rdist,K+K+,3,kv,test,1.8667,-2.3063,6,1
kv,aging+age+rdist,K+K+,3,kv,val,1.8167,-2.2208,6,1
kv,aging+age+refaults,K+K+,3,kv,heldout,1.3218,-0.7817,5,0
kv,aging+age+refaults,K+K+,3,kv,test,1.5273,-1.5663,6,1
kv,aging+age+refaults,K+K+,3,kv,val,1.5761,-1.6825,6,1
kv,aging+age+refaults+rdist,K+K+,4,kv,heldout,1.3655,-0.8868,5,0
kv,aging+age+refaults+rdist,K+K+,4,kv,test,1.4752,-1.2606,6,0
kv,aging+age+refaults+rdist,K+K+,4,kv,val,1.5358,-1.5886,6,1
kv,aging+dirty,K,2,kv,heldout,1.1349,-0.3271,5,0
kv,aging+dirty,K,2,kv,test,1.1766,-0.4341,6,0
kv,aging+dirty,K,2,kv,val,1.2196,-0.5695,6,0
kv,aging+dirty+rdist,K+K+,3,kv,heldout,1.8304,-2.0140,5,0
kv,aging+dirty+rdist,K+K+,3,kv,test,1.5966,-1.5217,6,1
kv,aging+dirty+rdist,K+K+,3,kv,val,1.5826,-1.5016,6,1
kv,aging+dirty+refaults,K+K+,3,kv,heldout,0.9566,0.1053,5,0
kv,aging+dirty+refaults,K+K+,3,kv,test,1.0626,-0.2224,6,0
kv,aging+dirty+refaults,K+K+,3,kv,val,1.1864,-0.8616,6,0
kv,aging+dirty+refaults+rdist,K+K+,4,kv,heldout,1.1040,-0.2523,5,0
kv,aging+dirty+refaults+rdist,K+K+,4,kv,test,1.1047,-0.2473,6,0
kv,aging+dirty+refaults+rdist,K+K+,4,kv,val,1.0980,-0.2346,6,0
kv,aging+idle,K,2,kv,heldout,0.9854,0.0353,5,0
kv,aging+idle,K,2,kv,test,0.9895,0.0248,6,0
kv,aging+idle,K,2,kv,val,0.9899,0.0239,6,0
kv,aging+idle+age,K,3,kv,heldout,0.9275,0.1759,5,0
kv,aging+idle+age,K,3,kv,test,0.9105,0.1959,6,0
kv,aging+idle+age,K,3,kv,val,0.9130,0.1897,6,0
kv,aging+idle+age+dirty,K,4,kv,heldout,0.9261,0.1792,5,0
kv,aging+idle+age+dirty,K,4,kv,test,0.9138,0.1906,6,0
kv,aging+idle+age+dirty,K,4,kv,val,0.9155,0.1859,6,0
kv,aging+idle+age+dirty+rdist,K+K+,5,kv,heldout,0.9400,0.1455,5,0
kv,aging+idle+age+dirty+rdist,K+K+,5,kv,test,0.9200,0.1722,6,0
kv,aging+idle+age+dirty+rdist,K+K+,5,kv,val,0.9216,0.1680,6,0
kv,aging+idle+age+dirty+refaults,K+K+,5,kv,heldout,0.9019,0.2378,5,0
kv,aging+idle+age+dirty+refaults,K+K+,5,kv,test,0.8972,0.2309,6,0
kv,aging+idle+age+dirty+refaults,K+K+,5,kv,val,0.8998,0.2234,6,0
kv,aging+idle+age+dirty+refaults+rdist,K+K+,6,kv,heldout,0.9282,0.1741,5,0
kv,aging+idle+age+dirty+refaults+rdist,K+K+,6,kv,test,0.9101,0.1966,6,0
kv,aging+idle+age+dirty+refaults+rdist,K+K+,6,kv,val,0.9111,0.1933,6,0
kv,aging+idle+age+rdist,K+K+,4,kv,heldout,0.9375,0.1515,5,0
kv,aging+idle+age+rdist,K+K+,4,kv,test,0.9157,0.1824,6,0
kv,aging+idle+age+rdist,K+K+,4,kv,val,0.9190,0.1723,6,0
kv,aging+idle+age+refaults,K+K+,4,kv,heldout,0.9002,0.2420,5,0
kv,aging+idle+age+refaults,K+K+,4,kv,test,0.8931,0.2372,6,0
kv,aging+idle+age+refaults,K+K+,4,kv,val,0.8984,0.2244,6,0
kv,aging+idle+age+refaults+rdist,K+K+,5,kv,heldout,0.9198,0.1945,5,0
kv,aging+idle+age+refaults+rdist,K+K+,5,kv,test,0.9077,0.2011,6,0
kv,aging+idle+age+refaults+rdist,K+K+,5,kv,val,0.9105,0.1943,6,0
kv,aging+idle+dirty,K,3,kv,heldout,0.9854,0.0353,5,0
kv,aging+idle+dirty,K,3,kv,test,0.9745,0.0572,6,0
kv,aging+idle+dirty,K,3,kv,val,0.9778,0.0502,6,0
kv,aging+idle+dirty+rdist,K+K+,4,kv,heldout,0.9249,0.1821,5,0
kv,aging+idle+dirty+rdist,K+K+,4,kv,test,0.9040,0.2102,6,0
kv,aging+idle+dirty+rdist,K+K+,4,kv,val,0.9088,0.1985,6,0
kv,aging+idle+dirty+refaults,K+K+,4,kv,heldout,0.9769,0.0559,5,0
kv,aging+idle+dirty+refaults,K+K+,4,kv,test,0.9653,0.0773,6,0
kv,aging+idle+dirty+refaults,K+K+,4,kv,val,0.9689,0.0696,6,0
kv,aging+idle+dirty+refaults+rdist,K+K+,5,kv,heldout,0.9071,0.2254,5,0
kv,aging+idle+dirty+refaults+rdist,K+K+,5,kv,test,0.8899,0.2428,6,0
kv,aging+idle+dirty+refaults+rdist,K+K+,5,kv,val,0.8944,0.2328,6,0
kv,aging+idle+rdist,K+K+,3,kv,heldout,0.9256,0.1803,5,0
kv,aging+idle+rdist,K+K+,3,kv,test,0.9061,0.2055,6,0
kv,aging+idle+rdist,K+K+,3,kv,val,0.9117,0.1927,6,0
kv,aging+idle+refaults,K+K+,3,kv,heldout,0.9769,0.0561,5,0
kv,aging+idle+refaults,K+K+,3,kv,test,0.9787,0.0481,6,0
kv,aging+idle+refaults,K+K+,3,kv,val,0.9795,0.0462,6,0
kv,aging+idle+refaults+rdist,K+K+,4,kv,heldout,0.9065,0.2268,5,0
kv,aging+idle+refaults+rdist,K+K+,4,kv,test,0.8931,0.2358,6,0
kv,aging+idle+refaults+rdist,K+K+,4,kv,val,0.8975,0.2261,6,0
kv,aging+rdist,K+K+,2,kv,heldout,1.8307,-2.0148,5,0
kv,aging+rdist,K+K+,2,kv,test,1.7325,-1.8451,6,1
kv,aging+rdist,K+K+,2,kv,val,1.7373,-1.8656,6,1
kv,aging+refaults,K+K+,2,kv,heldout,0.9564,0.1056,5,0
kv,aging+refaults,K+K+,2,kv,test,0.9487,0.1135,6,0
kv,aging+refaults,K+K+,2,kv,val,0.9486,0.1130,6,0
kv,aging+refaults+rdist,K+K+,3,kv,heldout,1.1061,-0.2573,5,0
kv,aging+refaults+rdist,K+K+,3,kv,test,1.0852,-0.2012,6,0
kv,aging+refaults+rdist,K+K+,3,kv,val,1.0833,-0.2020,6,0
kv,aging+sfreq,K,2,kv,heldout,1.1384,-0.3358,5,0
kv,aging+sfreq,K,2,kv,test,1.4363,-1.3830,6,1
kv,aging+sfreq,K,2,kv,val,1.3835,-1.2795,6,1
kv,aging+sfreq+age,K,3,kv,heldout,1.0321,-0.0779,5,0
kv,aging+sfreq+age,K,3,kv,test,1.1189,-0.3253,6,0
kv,aging+sfreq+age,K,3,kv,val,1.1368,-0.4120,6,0
kv,aging+sfreq+age+dirty,K,4,kv,heldout,1.0393,-0.0954,5,0
kv,aging+sfreq+age+dirty,K,4,kv,test,1.1390,-0.3856,6,0
kv,aging+sfreq+age+dirty,K,4,kv,val,1.1262,-0.3651,6,0
kv,aging+sfreq+age+dirty+rdist,K+K+,5,kv,heldout,1.0700,-0.1699,5,0
kv,aging+sfreq+age+dirty+rdist,K+K+,5,kv,test,1.1385,-0.3590,6,0
kv,aging+sfreq+age+dirty+rdist,K+K+,5,kv,val,1.1406,-0.3647,6,0
kv,aging+sfreq+age+dirty+refaults,K+K+,5,kv,heldout,1.0240,-0.0582,5,0
kv,aging+sfreq+age+dirty+refaults,K+K+,5,kv,test,1.0725,-0.1989,6,0
kv,aging+sfreq+age+dirty+refaults,K+K+,5,kv,val,1.0706,-0.1987,6,0
kv,aging+sfreq+age+dirty+refaults+rdist,K+K+,6,kv,heldout,1.0354,-0.0859,5,0
kv,aging+sfreq+age+dirty+refaults+rdist,K+K+,6,kv,test,1.0741,-0.1978,6,0
kv,aging+sfreq+age+dirty+refaults+rdist,K+K+,6,kv,val,1.0776,-0.2093,6,0
kv,aging+sfreq+age+rdist,K+K+,4,kv,heldout,1.0670,-0.1626,5,0
kv,aging+sfreq+age+rdist,K+K+,4,kv,test,1.1331,-0.3471,6,0
kv,aging+sfreq+age+rdist,K+K+,4,kv,val,1.1735,-0.4907,6,0
kv,aging+sfreq+age+refaults,K+K+,4,kv,heldout,1.0187,-0.0454,5,0
kv,aging+sfreq+age+refaults,K+K+,4,kv,test,1.0681,-0.1877,6,0
kv,aging+sfreq+age+refaults,K+K+,4,kv,val,1.0654,-0.1850,6,0
kv,aging+sfreq+age+refaults+rdist,K+K+,5,kv,heldout,1.0275,-0.0667,5,0
kv,aging+sfreq+age+refaults+rdist,K+K+,5,kv,test,1.0724,-0.1943,6,0
kv,aging+sfreq+age+refaults+rdist,K+K+,5,kv,val,1.0720,-0.1961,6,0
kv,aging+sfreq+dirty,K,3,kv,heldout,1.1423,-0.3454,5,0
kv,aging+sfreq+dirty,K,3,kv,test,1.3827,-1.2742,6,1
kv,aging+sfreq+dirty,K,3,kv,val,1.3772,-1.2671,6,1
kv,aging+sfreq+dirty+rdist,K+K+,4,kv,heldout,1.2786,-0.6766,5,0
kv,aging+sfreq+dirty+rdist,K+K+,4,kv,test,1.5082,-1.5232,6,1
kv,aging+sfreq+dirty+rdist,K+K+,4,kv,val,1.5081,-1.5295,6,1
kv,aging+sfreq+dirty+refaults,K+K+,4,kv,heldout,1.0611,-0.1483,5,0
kv,aging+sfreq+dirty+refaults,K+K+,4,kv,test,1.1130,-0.3006,6,0
kv,aging+sfreq+dirty+refaults,K+K+,4,kv,val,1.1117,-0.3029,6,0
kv,aging+sfreq+dirty+refaults+rdist,K+K+,5,kv,heldout,1.0703,-0.1705,5,0
kv,aging+sfreq+dirty+refaults+rdist,K+K+,5,kv,test,1.1155,-0.2989,6,0
kv,aging+sfreq+dirty+refaults+rdist,K+K+,5,kv,val,1.1070,-0.2833,6,0
kv,aging+sfreq+idle,K,3,kv,heldout,0.9733,0.0647,5,0
kv,aging+sfreq+idle,K,3,kv,test,0.9684,0.0624,6,0
kv,aging+sfreq+idle,K,3,kv,val,0.9678,0.0615,6,0
kv,aging+sfreq+idle+age,K,4,kv,heldout,0.9641,0.0870,5,0
kv,aging+sfreq+idle+age,K,4,kv,test,0.9526,0.0993,6,0
kv,aging+sfreq+idle+age,K,4,kv,val,0.9539,0.0954,6,0
kv,aging+sfreq+idle+age+dirty,K,5,kv,heldout,0.9676,0.0786,5,0
kv,aging+sfreq+idle+age+dirty,K,5,kv,test,0.9554,0.0933,6,0
kv,aging+sfreq+idle+age+dirty,K,5,kv,val,0.9562,0.0911,6,0
kv,aging+sfreq+idle+age+dirty+rdist,K+K+,6,kv,heldout,0.9718,0.0683,5,0
kv,aging+sfreq+idle+age+dirty+rdist,K+K+,6,kv,test,0.9685,0.0606,6,0
kv,aging+sfreq+idle+age+dirty+rdist,K+K+,6,kv,val,0.9680,0.0602,6,0
kv,aging+sfreq+idle+age+dirty+refaults,K+K+,6,kv,heldout,0.9554,0.1082,5,0
kv,aging+sfreq+idle+age+dirty+refaults,K+K+,6,kv,test,0.9473,0.1148,6,0
kv,aging+sfreq+idle+age+dirty+refaults,K+K+,6,kv,val,0.9442,0.1204,6,0
kv,aging+sfreq+idle+age+dirty+refaults+rdist,K+K+,7,kv,heldout,0.9712,0.0699,5,0
kv,aging+sfreq+idle+age+dirty+refaults+rdist,K+K+,7,kv,test,0.9602,0.0850,6,0
kv,aging+sfreq+idle+age+dirty+refaults+rdist,K+K+,7,kv,val,0.9576,0.0879,6,0
kv,aging+sfreq+idle+age+rdist,K+K+,5,kv,heldout,0.9673,0.0791,5,0
kv,aging+sfreq+idle+age+rdist,K+K+,5,kv,test,0.9626,0.0735,6,0
kv,aging+sfreq+idle+age+rdist,K+K+,5,kv,val,0.9669,0.0632,6,0
kv,aging+sfreq+idle+age+refaults,K+K+,5,kv,heldout,0.9501,0.1209,5,0
kv,aging+sfreq+idle+age+refaults,K+K+,5,kv,test,0.9420,0.1260,6,0
kv,aging+sfreq+idle+age+refaults,K+K+,5,kv,val,0.9422,0.1236,6,0
kv,aging+sfreq+idle+age+refaults+rdist,K+K+,6,kv,heldout,0.9611,0.0944,5,0
kv,aging+sfreq+idle+age+refaults+rdist,K+K+,6,kv,test,0.9566,0.0914,6,0
kv,aging+sfreq+idle+age+refaults+rdist,K+K+,6,kv,val,0.9574,0.0872,6,0
kv,aging+sfreq+idle+dirty,K,4,kv,heldout,0.9765,0.0569,5,0
kv,aging+sfreq+idle+dirty,K,4,kv,test,0.9727,0.0526,6,0
kv,aging+sfreq+idle+dirty,K,4,kv,val,0.9703,0.0564,6,0
kv,aging+sfreq+idle+dirty+rdist,K+K+,5,kv,heldout,0.9774,0.0549,5,0
kv,aging+sfreq+idle+dirty+rdist,K+K+,5,kv,test,0.9815,0.0305,6,0
kv,aging+sfreq+idle+dirty+rdist,K+K+,5,kv,val,0.9782,0.0364,6,0
kv,aging+sfreq+idle+dirty+refaults,K+K+,5,kv,heldout,0.9681,0.0774,5,0
kv,aging+sfreq+idle+dirty+refaults,K+K+,5,kv,test,0.9662,0.0706,6,0
kv,aging+sfreq+idle+dirty+refaults,K+K+,5,kv,val,0.9623,0.0780,6,0
kv,aging+sfreq+idle+dirty+refaults+rdist,K+K+,6,kv,heldout,0.9738,0.0635,5,0
kv,aging+sfreq+idle+dirty+refaults+rdist,K+K+,6,kv,test,0.9762,0.0473,6,0
kv,aging+sfreq+idle+dirty+refaults+rdist,K+K+,6,kv,val,0.9721,0.0552,6,0
kv,aging+sfreq+idle+rdist,K+K+,4,kv,heldout,0.9718,0.0683,5,0
kv,aging+sfreq+idle+rdist,K+K+,4,kv,test,0.9750,0.0449,6,0
kv,aging+sfreq+idle+rdist,K+K+,4,kv,val,0.9744,0.0457,6,0
kv,aging+sfreq+idle+refaults,K+K+,4,kv,heldout,0.9623,0.0914,5,0
kv,aging+sfreq+idle+refaults,K+K+,4,kv,test,0.9608,0.0826,6,0
kv,aging+sfreq+idle+refaults,K+K+,4,kv,val,0.9579,0.0877,6,0
kv,aging+sfreq+idle+refaults+rdist,K+K+,5,kv,heldout,0.9653,0.0841,5,0
kv,aging+sfreq+idle+refaults+rdist,K+K+,5,kv,test,0.9699,0.0608,6,0
kv,aging+sfreq+idle+refaults+rdist,K+K+,5,kv,val,0.9671,0.0651,6,0
kv,aging+sfreq+rdist,K+K+,3,kv,heldout,1.2736,-0.6647,5,0
kv,aging+sfreq+rdist,K+K+,3,kv,test,1.4924,-1.4917,6,1
kv,aging+sfreq+rdist,K+K+,3,kv,val,1.5257,-1.5677,6,1
kv,aging+sfreq+refaults,K+K+,3,kv,heldout,1.0571,-0.1385,5,0
kv,aging+sfreq+refaults,K+K+,3,kv,test,1.1176,-0.3079,6,0
kv,aging+sfreq+refaults,K+K+,3,kv,val,1.1165,-0.3143,6,0
kv,aging+sfreq+refaults+rdist,K+K+,4,kv,heldout,1.0659,-0.1598,5,0
kv,aging+sfreq+refaults+rdist,K+K+,4,kv,test,1.1162,-0.3014,6,0
kv,aging+sfreq+refaults+rdist,K+K+,4,kv,val,1.1114,-0.2963,6,0
kv,dirty,K,1,kv,heldout,1.1744,-0.4229,5,0
kv,dirty,K,1,kv,test,1.5235,-1.7171,6,1
kv,dirty,K,1,kv,val,1.5398,-1.7608,6,2
kv,dirty+rdist,K+K+,2,kv,heldout,2.8744,-4.5454,5,0
kv,dirty+rdist,K+K+,2,kv,test,2.0366,-2.8272,6,2
kv,dirty+rdist,K+K+,2,kv,val,2.0392,-2.8423,6,2
kv,dirty+refaults,K+K+,2,kv,heldout,0.9522,0.1159,5,0
kv,dirty+refaults,K+K+,2,kv,test,1.2058,-0.9503,6,1
kv,dirty+refaults,K+K+,2,kv,val,1.2042,-0.9490,6,1
kv,dirty+refaults+rdist,K+K+,3,kv,heldout,1.1403,-0.3403,5,0
kv,dirty+refaults+rdist,K+K+,3,kv,test,1.2991,-0.8084,6,0
kv,dirty+refaults+rdist,K+K+,3,kv,val,1.2647,-0.7075,6,0
kv,freq,F,1,kv,heldout,1.0123,-0.0297,5,0
kv,freq,F,1,kv,test,1.0760,-0.2008,6,0
kv,freq,F,1,kv,val,1.0747,-0.1992,6,0
kv,freq+ref+aging+sfreq+idle+age+dirty,F+K,7,kv,heldout,0.9372,0.1522,5,0
kv,freq+ref+aging+sfreq+idle+age+dirty,F+K,7,kv,test,0.9397,0.1364,6,0
kv,freq+ref+aging+sfreq+idle+age+dirty,F+K,7,kv,val,0.9389,0.1367,6,0
kv,freq+ref+aging+sfreq+idle+age+dirty+refaults+rdist,F+K,9,kv,heldout,0.9553,0.1084,5,0
kv,freq+ref+aging+sfreq+idle+age+dirty+refaults+rdist,F+K,9,kv,test,0.9505,0.1068,6,0
kv,freq+ref+aging+sfreq+idle+age+dirty+refaults+rdist,F+K,9,kv,val,0.9495,0.1072,6,0
kv,freq+sd,F,2,kv,heldout,0.9128,0.2114,5,0
kv,freq+sd,F,2,kv,test,0.9208,0.1792,6,0
kv,freq+sd,F,2,kv,val,0.9232,0.1733,6,0
kv,freq+sd+ref+aging+sfreq+idle+age+dirty,F+K,8,kv,heldout,0.9731,0.0653,5,0
kv,freq+sd+ref+aging+sfreq+idle+age+dirty,F+K,8,kv,test,0.9966,0.0000,6,0
kv,freq+sd+ref+aging+sfreq+idle+age+dirty,F+K,8,kv,val,0.9932,0.0074,6,0
kv,freq+sd+ref+aging+sfreq+idle+age+dirty+refaults+rdist,F+K,10,kv,heldout,0.9990,0.0024,5,0
kv,freq+sd+ref+aging+sfreq+idle+age+dirty+refaults+rdist,F+K,10,kv,test,1.0313,-0.0874,6,0
kv,freq+sd+ref+aging+sfreq+idle+age+dirty+refaults+rdist,F+K,10,kv,val,1.0225,-0.0667,6,0
kv,freq+sd+wr,F,3,kv,heldout,0.9128,0.2114,5,0
kv,freq+sd+wr,F,3,kv,test,0.9219,0.1772,6,0
kv,freq+sd+wr,F,3,kv,val,0.9238,0.1723,6,0
kv,freq+sd+wr+ref+aging+sfreq+idle+age+dirty,F+K,9,kv,heldout,0.9728,0.0659,5,0
kv,freq+sd+wr+ref+aging+sfreq+idle+age+dirty,F+K,9,kv,test,0.9952,0.0037,6,0
kv,freq+sd+wr+ref+aging+sfreq+idle+age+dirty,F+K,9,kv,val,0.9921,0.0096,6,0
kv,freq+sd+wr+ref+aging+sfreq+idle+age+dirty+refaults+rdist,F+K,11,kv,heldout,0.9999,0.0002,5,0
kv,freq+sd+wr+ref+aging+sfreq+idle+age+dirty+refaults+rdist,F+K,11,kv,test,1.0346,-0.0935,6,0
kv,freq+sd+wr+ref+aging+sfreq+idle+age+dirty+refaults+rdist,F+K,11,kv,val,1.0253,-0.0721,6,0
kv,freq+wr,F,2,kv,heldout,1.0123,-0.0297,5,0
kv,freq+wr,F,2,kv,test,1.0762,-0.2006,6,0
kv,freq+wr,F,2,kv,val,1.0751,-0.1994,6,0
kv,freq+wr+ref+aging+sfreq+idle+age+dirty,F+K,8,kv,heldout,0.9369,0.1529,5,0
kv,freq+wr+ref+aging+sfreq+idle+age+dirty,F+K,8,kv,test,0.9371,0.1417,6,0
kv,freq+wr+ref+aging+sfreq+idle+age+dirty,F+K,8,kv,val,0.9370,0.1402,6,0
kv,freq+wr+ref+aging+sfreq+idle+age+dirty+refaults+rdist,F+K,10,kv,heldout,0.9550,0.1092,5,0
kv,freq+wr+ref+aging+sfreq+idle+age+dirty+refaults+rdist,F+K,10,kv,test,0.9489,0.1100,6,0
kv,freq+wr+ref+aging+sfreq+idle+age+dirty+refaults+rdist,F+K,10,kv,val,0.9472,0.1121,6,0
kv,idle,K,1,kv,heldout,0.9854,0.0353,5,0
kv,idle,K,1,kv,test,0.9895,0.0248,6,0
kv,idle,K,1,kv,val,0.9899,0.0239,6,0
kv,idle+age,K,2,kv,heldout,0.9294,0.1711,5,0
kv,idle+age,K,2,kv,test,0.9134,0.1906,6,0
kv,idle+age,K,2,kv,val,0.9156,0.1840,6,0
kv,idle+age+dirty,K,3,kv,heldout,0.9305,0.1685,5,0
kv,idle+age+dirty,K,3,kv,test,0.9168,0.1852,6,0
kv,idle+age+dirty,K,3,kv,val,0.9191,0.1793,6,0
kv,idle+age+dirty+rdist,K+K+,4,kv,heldout,0.9767,0.0564,5,0
kv,idle+age+dirty+rdist,K+K+,4,kv,test,0.9552,0.0914,6,0
kv,idle+age+dirty+rdist,K+K+,4,kv,val,0.9519,0.0953,6,0
kv,idle+age+dirty+refaults,K+K+,4,kv,heldout,0.9119,0.2136,5,0
kv,idle+age+dirty+refaults,K+K+,4,kv,test,0.9065,0.2098,6,0
kv,idle+age+dirty+refaults,K+K+,4,kv,val,0.9038,0.2151,6,0
kv,idle+age+dirty+refaults+rdist,K+K+,5,kv,heldout,0.9413,0.1424,5,0
kv,idle+age+dirty+refaults+rdist,K+K+,5,kv,test,0.9219,0.1707,6,0
kv,idle+age+dirty+refaults+rdist,K+K+,5,kv,val,0.9219,0.1677,6,0
kv,idle+age+rdist,K+K+,3,kv,heldout,0.9698,0.0732,5,0
kv,idle+age+rdist,K+K+,3,kv,test,0.9474,0.1080,6,0
kv,idle+age+rdist,K+K+,3,kv,val,0.9490,0.1025,6,0
kv,idle+age+refaults,K+K+,3,kv,heldout,0.9069,0.2257,5,0
kv,idle+age+refaults,K+K+,3,kv,test,0.9006,0.2201,6,0
kv,idle+age+refaults,K+K+,3,kv,val,0.9028,0.2145,6,0
kv,idle+age+refaults+rdist,K+K+,4,kv,heldout,0.9355,0.1563,5,0
kv,idle+age+refaults+rdist,K+K+,4,kv,test,0.9191,0.1752,6,0
kv,idle+age+refaults+rdist,K+K+,4,kv,val,0.9202,0.1706,6,0
kv,idle+dirty,K,2,kv,heldout,0.9854,0.0353,5,0
kv,idle+dirty,K,2,kv,test,0.9745,0.0572,6,0
kv,idle+dirty,K,2,kv,val,0.9778,0.0502,6,0
kv,idle+dirty+rdist,K+K+,3,kv,heldout,0.9247,0.1827,5,0
kv,idle+dirty+rdist,K+K+,3,kv,test,0.9029,0.2118,6,0
kv,idle+dirty+rdist,K+K+,3,kv,val,0.9084,0.1994,6,0
kv,idle+dirty+refaults,K+K+,3,kv,heldout,0.9770,0.0558,5,0
kv,idle+dirty+refaults,K+K+,3,kv,test,0.9654,0.0772,6,0
kv,idle+dirty+refaults,K+K+,3,kv,val,0.9690,0.0692,6,0
kv,idle+dirty+refaults+rdist,K+K+,4,kv,heldout,0.9053,0.2295,5,0
kv,idle+dirty+refaults+rdist,K+K+,4,kv,test,0.8907,0.2409,6,0
kv,idle+dirty+refaults+rdist,K+K+,4,kv,val,0.8964,0.2283,6,0
kv,idle+rdist,K+K+,2,kv,heldout,0.9250,0.1820,5,0
kv,idle+rdist,K+K+,2,kv,test,0.9067,0.2047,6,0
kv,idle+rdist,K+K+,2,kv,val,0.9104,0.1955,6,0
kv,idle+refaults,K+K+,2,kv,heldout,0.9773,0.0551,5,0
kv,idle+refaults,K+K+,2,kv,test,0.9792,0.0471,6,0
kv,idle+refaults,K+K+,2,kv,val,0.9802,0.0449,6,0
kv,idle+refaults+rdist,K+K+,3,kv,heldout,0.9058,0.2283,5,0
kv,idle+refaults+rdist,K+K+,3,kv,test,0.8944,0.2333,6,0
kv,idle+refaults+rdist,K+K+,3,kv,val,0.8993,0.2219,6,0
kv,rdist,K+K+,1,kv,heldout,2.8256,-4.4278,5,0
kv,rdist,K+K+,1,kv,test,2.5996,-3.9587,6,2
kv,rdist,K+K+,1,kv,val,2.6002,-3.9800,6,2
kv,rec,F,1,kv,heldout,0.9828,0.0417,5,0
kv,rec,F,1,kv,test,0.9856,0.0333,6,0
kv,rec,F,1,kv,val,0.9849,0.0346,6,0
kv,rec+freq,F,2,kv,heldout,0.9073,0.2247,5,0
kv,rec+freq,F,2,kv,test,0.9136,0.1950,6,0
kv,rec+freq,F,2,kv,val,0.9161,0.1886,6,0
kv,rec+freq+ref+aging+sfreq+idle+age+dirty,F+K,8,kv,heldout,0.9521,0.1162,5,0
kv,rec+freq+ref+aging+sfreq+idle+age+dirty,F+K,8,kv,test,0.9554,0.0967,6,0
kv,rec+freq+ref+aging+sfreq+idle+age+dirty,F+K,8,kv,val,0.9530,0.1013,6,0
kv,rec+freq+ref+aging+sfreq+idle+age+dirty+refaults+rdist,F+K,10,kv,heldout,0.9799,0.0487,5,0
kv,rec+freq+ref+aging+sfreq+idle+age+dirty+refaults+rdist,F+K,10,kv,test,0.9854,0.0227,6,0
kv,rec+freq+ref+aging+sfreq+idle+age+dirty+refaults+rdist,F+K,10,kv,val,0.9733,0.0482,6,0
kv,rec+freq+sd,F,3,kv,heldout,0.9061,0.2276,5,0
kv,rec+freq+sd,F,3,kv,test,0.9117,0.1995,6,0
kv,rec+freq+sd,F,3,kv,val,0.9134,0.1946,6,0
kv,rec+freq+sd+ref+aging+sfreq+idle+age+dirty,F+K,9,kv,heldout,0.9569,0.1046,5,0
kv,rec+freq+sd+ref+aging+sfreq+idle+age+dirty,F+K,9,kv,test,0.9631,0.0790,6,0
kv,rec+freq+sd+ref+aging+sfreq+idle+age+dirty,F+K,9,kv,val,0.9605,0.0840,6,0
kv,rec+freq+sd+ref+aging+sfreq+idle+age+dirty+refaults+rdist,F+K,11,kv,heldout,0.9850,0.0364,5,0
kv,rec+freq+sd+ref+aging+sfreq+idle+age+dirty+refaults+rdist,F+K,11,kv,test,0.9890,0.0148,6,0
kv,rec+freq+sd+ref+aging+sfreq+idle+age+dirty+refaults+rdist,F+K,11,kv,val,0.9798,0.0333,6,0
kv,rec+freq+sd+wr,F,4,kv,heldout,0.9059,0.2281,5,0
kv,rec+freq+sd+wr,F,4,kv,test,0.9106,0.2015,6,0
kv,rec+freq+sd+wr,F,4,kv,val,0.9125,0.1962,6,0
kv,rec+freq+sd+wr+ref+aging+sfreq+idle+age+dirty,F+K,10,kv,heldout,0.9550,0.1091,5,0
kv,rec+freq+sd+wr+ref+aging+sfreq+idle+age+dirty,F+K,10,kv,test,0.9574,0.0917,6,0
kv,rec+freq+sd+wr+ref+aging+sfreq+idle+age+dirty,F+K,10,kv,val,0.9555,0.0951,6,0
kv,rec+freq+sd+wr+ref+aging+sfreq+idle+age+dirty+refaults+rdist,F+K,12,kv,heldout,0.9813,0.0454,5,0
kv,rec+freq+sd+wr+ref+aging+sfreq+idle+age+dirty+refaults+rdist,F+K,12,kv,test,0.9883,0.0152,6,0
kv,rec+freq+sd+wr+ref+aging+sfreq+idle+age+dirty+refaults+rdist,F+K,12,kv,val,0.9783,0.0360,6,0
kv,rec+freq+wr,F,3,kv,heldout,0.9073,0.2248,5,0
kv,rec+freq+wr,F,3,kv,test,0.9136,0.1949,6,0
kv,rec+freq+wr,F,3,kv,val,0.9157,0.1893,6,0
kv,rec+freq+wr+ref+aging+sfreq+idle+age+dirty,F+K,9,kv,heldout,0.9514,0.1178,5,0
kv,rec+freq+wr+ref+aging+sfreq+idle+age+dirty,F+K,9,kv,test,0.9521,0.1035,6,0
kv,rec+freq+wr+ref+aging+sfreq+idle+age+dirty,F+K,9,kv,val,0.9494,0.1092,6,0
kv,rec+freq+wr+ref+aging+sfreq+idle+age+dirty+refaults+rdist,F+K,11,kv,heldout,0.9786,0.0519,5,0
kv,rec+freq+wr+ref+aging+sfreq+idle+age+dirty+refaults+rdist,F+K,11,kv,test,0.9844,0.0253,6,0
kv,rec+freq+wr+ref+aging+sfreq+idle+age+dirty+refaults+rdist,F+K,11,kv,val,0.9726,0.0501,6,0
kv,rec+ref+aging+sfreq+idle+age+dirty,F+K,7,kv,heldout,0.9763,0.0574,5,0
kv,rec+ref+aging+sfreq+idle+age+dirty,F+K,7,kv,test,0.9730,0.0488,6,0
kv,rec+ref+aging+sfreq+idle+age+dirty,F+K,7,kv,val,0.9744,0.0455,6,0
kv,rec+ref+aging+sfreq+idle+age+dirty+refaults+rdist,F+K,9,kv,heldout,0.9909,0.0221,5,0
kv,rec+ref+aging+sfreq+idle+age+dirty+refaults+rdist,F+K,9,kv,test,0.9881,0.0157,6,0
kv,rec+ref+aging+sfreq+idle+age+dirty+refaults+rdist,F+K,9,kv,val,0.9858,0.0194,6,0
kv,rec+sd,F,2,kv,heldout,0.9822,0.0430,5,0
kv,rec+sd,F,2,kv,test,0.9868,0.0307,6,0
kv,rec+sd,F,2,kv,val,0.9862,0.0319,6,0
kv,rec+sd+ref+aging+sfreq+idle+age+dirty,F+K,8,kv,heldout,0.9756,0.0593,5,0
kv,rec+sd+ref+aging+sfreq+idle+age+dirty,F+K,8,kv,test,0.9705,0.0547,6,0
kv,rec+sd+ref+aging+sfreq+idle+age+dirty,F+K,8,kv,val,0.9721,0.0510,6,0
kv,rec+sd+ref+aging+sfreq+idle+age+dirty+refaults+rdist,F+K,10,kv,heldout,0.9940,0.0144,5,0
kv,rec+sd+ref+aging+sfreq+idle+age+dirty+refaults+rdist,F+K,10,kv,test,0.9950,0.0010,6,0
kv,rec+sd+ref+aging+sfreq+idle+age+dirty+refaults+rdist,F+K,10,kv,val,0.9911,0.0069,6,0
kv,rec+sd+wr,F,3,kv,heldout,0.9790,0.0510,5,0
kv,rec+sd+wr,F,3,kv,test,0.9908,0.0219,6,0
kv,rec+sd+wr,F,3,kv,val,0.9906,0.0220,6,0
kv,rec+sd+wr+ref+aging+sfreq+idle+age+dirty,F+K,9,kv,heldout,0.9730,0.0653,5,0
kv,rec+sd+wr+ref+aging+sfreq+idle+age+dirty,F+K,9,kv,test,0.9618,0.0736,6,0
kv,rec+sd+wr+ref+aging+sfreq+idle+age+dirty,F+K,9,kv,val,0.9629,0.0710,6,0
kv,rec+sd+wr+ref+aging+sfreq+idle+age+dirty+refaults+rdist,F+K,11,kv,heldout,0.9947,0.0129,5,0
kv,rec+sd+wr+ref+aging+sfreq+idle+age+dirty+refaults+rdist,F+K,11,kv,test,0.9902,0.0113,6,0
kv,rec+sd+wr+ref+aging+sfreq+idle+age+dirty+refaults+rdist,F+K,11,kv,val,0.9864,0.0166,6,0
kv,rec+wr,F,2,kv,heldout,0.9786,0.0519,5,0
kv,rec+wr,F,2,kv,test,0.9873,0.0299,6,0
kv,rec+wr,F,2,kv,val,0.9880,0.0283,6,0
kv,rec+wr+ref+aging+sfreq+idle+age+dirty,F+K,8,kv,heldout,0.9752,0.0601,5,0
kv,rec+wr+ref+aging+sfreq+idle+age+dirty,F+K,8,kv,test,0.9697,0.0553,6,0
kv,rec+wr+ref+aging+sfreq+idle+age+dirty,F+K,8,kv,val,0.9707,0.0532,6,0
kv,rec+wr+ref+aging+sfreq+idle+age+dirty+refaults+rdist,F+K,10,kv,heldout,0.9906,0.0227,5,0
kv,rec+wr+ref+aging+sfreq+idle+age+dirty+refaults+rdist,F+K,10,kv,test,0.9864,0.0199,6,0
kv,rec+wr+ref+aging+sfreq+idle+age+dirty+refaults+rdist,F+K,10,kv,val,0.9820,0.0267,6,0
kv,ref,K,1,kv,heldout,1.1726,-0.4186,5,0
kv,ref,K,1,kv,test,1.1545,-0.3771,6,0
kv,ref,K,1,kv,val,1.1547,-0.3774,6,0
kv,ref+age,K,2,kv,heldout,1.4606,-1.1194,5,0
kv,ref+age,K,2,kv,test,1.8129,-2.2175,6,1
kv,ref+age,K,2,kv,val,1.7705,-2.1266,6,1
kv,ref+age+dirty,K,3,kv,heldout,1.4606,-1.1194,5,0
kv,ref+age+dirty,K,3,kv,test,1.9892,-2.5758,6,1
kv,ref+age+dirty,K,3,kv,val,1.8755,-2.3390,6,1
kv,ref+age+dirty+rdist,K+K+,4,kv,heldout,1.6093,-1.4805,5,0
kv,ref+age+dirty+rdist,K+K+,4,kv,test,2.1333,-2.8905,6,2
kv,ref+age+dirty+rdist,K+K+,4,kv,val,1.9814,-2.5806,6,1
kv,ref+age+dirty+refaults,K+K+,4,kv,heldout,1.4171,-1.0118,5,0
kv,ref+age+dirty+refaults,K+K+,4,kv,test,1.7629,-2.0556,6,1
kv,ref+age+dirty+refaults,K+K+,4,kv,val,1.7855,-2.1955,6,2
kv,ref+age+dirty+refaults+rdist,K+K+,5,kv,heldout,1.4097,-0.9948,5,0
kv,ref+age+dirty+refaults+rdist,K+K+,5,kv,test,1.6146,-1.7455,6,1
kv,ref+age+dirty+refaults+rdist,K+K+,5,kv,val,1.6508,-1.8490,6,1
kv,ref+age+rdist,K+K+,3,kv,heldout,1.6099,-1.4819,5,0
kv,ref+age+rdist,K+K+,3,kv,test,1.8187,-2.2121,6,1
kv,ref+age+rdist,K+K+,3,kv,val,1.8177,-2.2374,6,1
kv,ref+age+refaults,K+K+,3,kv,heldout,1.4098,-0.9944,5,0
kv,ref+age+refaults,K+K+,3,kv,test,1.7721,-2.1045,6,1
kv,ref+age+refaults,K+K+,3,kv,val,1.8399,-2.2959,6,2
kv,ref+age+refaults+rdist,K+K+,4,kv,heldout,1.3907,-0.9479,5,0
kv,ref+age+refaults+rdist,K+K+,4,kv,test,1.6011,-1.7177,6,1
kv,ref+age+refaults+rdist,K+K+,4,kv,val,1.6415,-1.8375,6,1
kv,ref+aging,K,2,kv,heldout,1.1349,-0.3271,5,0
kv,ref+aging,K,2,kv,test,1.1030,-0.2421,6,0
kv,ref+aging,K,2,kv,val,1.1063,-0.2509,6,0
kv,ref+aging+age,K,3,kv,heldout,1.4042,-0.9807,5,0
kv,ref+aging+age,K,3,kv,test,1.7524,-2.0608,6,1
kv,ref+aging+age,K,3,kv,val,1.7091,-1.9949,6,1
kv,ref+aging+age+dirty,K,4,kv,heldout,1.4037,-0.9797,5,0
kv,ref+aging+age+dirty,K,4,kv,test,1.8932,-2.3747,6,1
kv,ref+aging+age+dirty,K,4,kv,val,1.8757,-2.3426,6,1
kv,ref+aging+age+dirty+rdist,K+K+,5,kv,heldout,1.5863,-1.4264,5,0
kv,ref+aging+age+dirty+rdist,K+K+,5,kv,test,2.0428,-2.6852,6,1
kv,ref+aging+age+dirty+rdist,K+K+,5,kv,val,2.0222,-2.6804,6,2
kv,ref+aging+age+dirty+refaults,K+K+,5,kv,heldout,1.3816,-0.9270,5,0
kv,ref+aging+age+dirty+refaults,K+K+,5,kv,test,1.6330,-1.7904,6,1
kv,ref+aging+age+dirty+refaults,K+K+,5,kv,val,1.6357,-1.8323,6,1
kv,ref+aging+age+dirty+refaults+rdist,K+K+,6,kv,heldout,1.3874,-0.9398,5,0
kv,ref+aging+age+dirty+refaults+rdist,K+K+,6,kv,test,1.5936,-1.7059,6,1
kv,ref+aging+age+dirty+refaults+rdist,K+K+,6,kv,val,1.5845,-1.6928,6,1
kv,ref+aging+age+rdist,K+K+,4,kv,heldout,1.5865,-1.4267,5,0
kv,ref+aging+age+rdist,K+K+,4,kv,test,1.8079,-2.1609,6,1
kv,ref+aging+age+rdist,K+K+,4,kv,val,1.7879,-2.1601,6,1
kv,ref+aging+age+refaults,K+K+,4,kv,heldout,1.3790,-0.9200,5,0
kv,ref+aging+age+refaults,K+K+,4,kv,test,1.6376,-1.8059,6,1
kv,ref+aging+age+refaults,K+K+,4,kv,val,1.6112,-1.7767,6,1
kv,ref+aging+age+refaults+rdist,K+K+,5,kv,heldout,1.3790,-0.9193,5,0
kv,ref+aging+age+refaults+rdist,K+K+,5,kv,test,1.5075,-1.3227,6,0
kv,ref+aging+age+refaults+rdist,K+K+,5,kv,val,1.5778,-1.6836,6,1
kv,ref+aging+dirty,K,3,kv,heldout,1.1349,-0.3271,5,0
kv,ref+aging+dirty,K,3,kv,test,1.2057,-0.5273,6,0
kv,ref+aging+dirty,K,3,kv,val,1.2433,-0.6525,6,0
kv,ref+aging+dirty+rdist,K+K+,4,kv,heldout,1.8507,-2.0632,5,0
kv,ref+aging+dirty+rdist,K+K+,4,kv,test,1.6035,-1.5386,6,1
kv,ref+aging+dirty+rdist,K+K+,4,kv,val,1.5949,-1.5310,6,1
kv,ref+aging+dirty+refaults,K+K+,4,kv,heldout,0.9554,0.1081,5,0
kv,ref+aging+dirty+refaults,K+K+,4,kv,test,1.1263,-0.4990,6,0
kv,ref+aging+dirty+refaults,K+K+,4,kv,val,1.0924,-0.3478,6,0
kv,ref+aging+dirty+refaults+rdist,K+K+,5,kv,heldout,1.1051,-0.2548,5,0
kv,ref+aging+dirty+refaults+rdist,K+K+,5,kv,test,1.1036,-0.2462,6,0
kv,ref+aging+dirty+refaults+rdist,K+K+,5,kv,val,1.0969,-0.2322,6,0
kv,ref+aging+idle,K,3,kv,heldout,0.9854,0.0353,5,0
kv,ref+aging+idle,K,3,kv,test,0.9895,0.0248,6,0
kv,ref+aging+idle,K,3,kv,val,0.9899,0.0239,6,0
kv,ref+aging+idle+age,K,4,kv,heldout,0.9261,0.1791,5,0
kv,ref+aging+idle+age,K,4,kv,test,0.9099,0.1977,6,0
kv,ref+aging+idle+age,K,4,kv,val,0.9125,0.1904,6,0
kv,ref+aging+idle+age+dirty,K,5,kv,heldout,0.9274,0.1761,5,0
kv,ref+aging+idle+age+dirty,K,5,kv,test,0.9136,0.1913,6,0
kv,ref+aging+idle+age+dirty,K,5,kv,val,0.9159,0.1854,6,0
kv,ref+aging+idle+age+dirty+rdist,K+K+,6,kv,heldout,0.9504,0.1202,5,0
kv,ref+aging+idle+age+dirty+rdist,K+K+,6,kv,test,0.9307,0.1473,6,0
kv,ref+aging+idle+age+dirty+rdist,K+K+,6,kv,val,0.9288,0.1499,6,0
kv,ref+aging+idle+age+dirty+refaults,K+K+,6,kv,heldout,0.9069,0.2258,5,0
kv,ref+aging+idle+age+dirty+refaults,K+K+,6,kv,test,0.8992,0.2263,6,0
kv,ref+aging+idle+age+dirty+refaults,K+K+,6,kv,val,0.9010,0.2215,6,0
kv,ref+aging+idle+age+dirty+refaults+rdist,K+K+,7,kv,heldout,0.9384,0.1492,5,0
kv,ref+aging+idle+age+dirty+refaults+rdist,K+K+,7,kv,test,0.9192,0.1761,6,0
kv,ref+aging+idle+age+dirty+refaults+rdist,K+K+,7,kv,val,0.9200,0.1731,6,0
kv,ref+aging+idle+age+rdist,K+K+,5,kv,heldout,0.9466,0.1295,5,0
kv,ref+aging+idle+age+rdist,K+K+,5,kv,test,0.9264,0.1566,6,0
kv,ref+aging+idle+age+rdist,K+K+,5,kv,val,0.9272,0.1536,6,0
kv,ref+aging+idle+age+refaults,K+K+,5,kv,heldout,0.9024,0.2368,5,0
kv,ref+aging+idle+age+refaults,K+K+,5,kv,test,0.8952,0.2326,6,0
kv,ref+aging+idle+age+refaults,K+K+,5,kv,val,0.9003,0.2200,6,0
kv,ref+aging+idle+age+refaults+rdist,K+K+,6,kv,heldout,0.9283,0.1737,5,0
kv,ref+aging+idle+age+refaults+rdist,K+K+,6,kv,test,0.9159,0.1821,6,0
kv,ref+aging+idle+age+refaults+rdist,K+K+,6,kv,val,0.9165,0.1799,6,0
kv,ref+aging+idle+dirty,K,4,kv,heldout,0.9854,0.0353,5,0
kv,ref+aging+idle+dirty,K,4,kv,test,0.9755,0.0551,6,0
kv,ref+aging+idle+dirty,K,4,kv,val,0.9782,0.0493,6,0
kv,ref+aging+idle+dirty+rdist,K+K+,5,kv,heldout,0.9244,0.1834,5,0
kv,ref+aging+idle+dirty+rdist,K+K+,5,kv,test,0.9033,0.2116,6,0
kv,ref+aging+idle+dirty+rdist,K+K+,5,kv,val,0.9071,0.2026,6,0
kv,ref+aging+idle+dirty+refaults,K+K+,5,kv,heldout,0.9768,0.0563,5,0
kv,ref+aging+idle+dirty+refaults,K+K+,5,kv,test,0.9659,0.0760,6,0
kv,ref+aging+idle+dirty+refaults,K+K+,5,kv,val,0.9690,0.0693,6,0
kv,ref+aging+idle+dirty+refaults+rdist,K+K+,6,kv,heldout,0.9045,0.2314,5,0
kv,ref+aging+idle+dirty+refaults+rdist,K+K+,6,kv,test,0.8880,0.2470,6,0
kv,ref+aging+idle+dirty+refaults+rdist,K+K+,6,kv,val,0.8952,0.2307,6,0
kv,ref+aging+idle+rdist,K+K+,4,kv,heldout,0.9252,0.1814,5,0
kv,ref+aging+idle+rdist,K+K+,4,kv,test,0.9065,0.2048,6,0
kv,ref+aging+idle+rdist,K+K+,4,kv,val,0.9118,0.1927,6,0
kv,ref+aging+idle+refaults,K+K+,4,kv,heldout,0.9768,0.0562,5,0
kv,ref+aging+idle+refaults,K+K+,4,kv,test,0.9785,0.0486,6,0
kv,ref+aging+idle+refaults,K+K+,4,kv,val,0.9794,0.0464,6,0
kv,ref+aging+idle+refaults+rdist,K+K+,5,kv,heldout,0.9054,0.2294,5,0
kv,ref+aging+idle+refaults+rdist,K+K+,5,kv,test,0.8914,0.2403,6,0
kv,ref+aging+idle+refaults+rdist,K+K+,5,kv,val,0.8973,0.2265,6,0
kv,ref+aging+rdist,K+K+,3,kv,heldout,1.8523,-2.0672,5,0
kv,ref+aging+rdist,K+K+,3,kv,test,1.7433,-1.8723,6,1
kv,ref+aging+rdist,K+K+,3,kv,val,1.7410,-1.8752,6,1
kv,ref+aging+refaults,K+K+,3,kv,heldout,0.9554,0.1081,5,0
kv,ref+aging+refaults,K+K+,3,kv,test,0.9498,0.1098,6,0
kv,ref+aging+refaults,K+K+,3,kv,val,0.9495,0.1098,6,0
kv,ref+aging+refaults+rdist,K+K+,4,kv,heldout,1.1023,-0.2482,5,0
kv,ref+aging+refaults+rdist,K+K+,4,kv,test,1.0830,-0.1966,6,0
kv,ref+aging+refaults+rdist,K+K+,4,kv,val,1.0847,-0.2042,6,0
kv,ref+aging+sfreq,K,3,kv,heldout,1.1383,-0.3356,5,0
kv,ref+aging+sfreq,K,3,kv,test,1.4365,-1.3834,6,1
kv,ref+aging+sfreq,K,3,kv,val,1.3973,-1.3053,6,1
kv,ref+aging+sfreq+age,K,4,kv,heldout,1.0255,-0.0618,5,0
kv,ref+aging+sfreq+age,K,4,kv,test,1.1012,-0.2730,6,0
kv,ref+aging+sfreq+age,K,4,kv,val,1.0946,-0.2650,6,0
kv,ref+aging+sfreq+age+dirty,K,5,kv,heldout,1.0291,-0.0706,5,0
kv,ref+aging+sfreq+age+dirty,K,5,kv,test,1.1055,-0.2824,6,0
kv,ref+aging+sfreq+age+dirty,K,5,kv,val,1.0961,-0.2707,6,0
kv,ref+aging+sfreq+age+dirty+rdist,K+K+,6,kv,heldout,1.0654,-0.1588,5,0
kv,ref+aging+sfreq+age+dirty+rdist,K+K+,6,kv,test,1.1258,-0.3173,6,0
kv,ref+aging+sfreq+age+dirty+rdist,K+K+,6,kv,val,1.1229,-0.3097,6,0
kv,ref+aging+sfreq+age+dirty+refaults,K+K+,6,kv,heldout,1.0203,-0.0492,5,0
kv,ref+aging+sfreq+age+dirty+refaults,K+K+,6,kv,test,1.0656,-0.1796,6,0
kv,ref+aging+sfreq+age+dirty+refaults,K+K+,6,kv,val,1.0643,-0.1812,6,0
kv,ref+aging+sfreq+age+dirty+refaults+rdist,K+K+,7,kv,heldout,1.0324,-0.0787,5,0
kv,ref+aging+sfreq+age+dirty+refaults+rdist,K+K+,7,kv,test,1.0735,-0.1965,6,0
kv,ref+aging+sfreq+age+dirty+refaults+rdist,K+K+,7,kv,val,1.0755,-0.2040,6,0
kv,ref+aging+sfreq+age+rdist,K+K+,5,kv,heldout,1.0582,-0.1412,5,0
kv,ref+aging+sfreq+age+rdist,K+K+,5,kv,test,1.1133,-0.2859,6,0
kv,ref+aging+sfreq+age+rdist,K+K+,5,kv,val,1.1182,-0.2963,6,0
kv,ref+aging+sfreq+age+refaults,K+K+,5,kv,heldout,1.0158,-0.0383,5,0
kv,ref+aging+sfreq+age+refaults,K+K+,5,kv,test,1.0644,-0.1779,6,0
kv,ref+aging+sfreq+age+refaults,K+K+,5,kv,val,1.0597,-0.1708,6,0
kv,ref+aging+sfreq+age+refaults+rdist,K+K+,6,kv,heldout,1.0264,-0.0640,5,0
kv,ref+aging+sfreq+age+refaults+rdist,K+K+,6,kv,test,1.0713,-0.1901,6,0
kv,ref+aging+sfreq+age+refaults+rdist,K+K+,6,kv,val,1.0712,-0.1928,6,0
kv,ref+aging+sfreq+dirty,K,4,kv,heldout,1.1438,-0.3489,5,0
kv,ref+aging+sfreq+dirty,K,4,kv,test,1.3836,-1.2762,6,1
kv,ref+aging+sfreq+dirty,K,4,kv,val,1.3747,-1.2629,6,1
kv,ref+aging+sfreq+dirty+rdist,K+K+,5,kv,heldout,1.2760,-0.6706,5,0
kv,ref+aging+sfreq+dirty+rdist,K+K+,5,kv,test,1.5028,-1.5124,6,1
kv,ref+aging+sfreq+dirty+rdist,K+K+,5,kv,val,1.5019,-1.5171,6,1
kv,ref+aging+sfreq+dirty+refaults,K+K+,5,kv,heldout,1.0598,-0.1452,5,0
kv,ref+aging+sfreq+dirty+refaults,K+K+,5,kv,test,1.1169,-0.3111,6,0
kv,ref+aging+sfreq+dirty+refaults,K+K+,5,kv,val,1.1112,-0.3027,6,0
kv,ref+aging+sfreq+dirty+refaults+rdist,K+K+,6,kv,heldout,1.0707,-0.1714,5,0
kv,ref+aging+sfreq+dirty+refaults+rdist,K+K+,6,kv,test,1.1167,-0.3013,6,0
kv,ref+aging+sfreq+dirty+refaults+rdist,K+K+,6,kv,val,1.1064,-0.2835,6,0
kv,ref+aging+sfreq+idle,K,4,kv,heldout,0.9723,0.0672,5,0
kv,ref+aging+sfreq+idle,K,4,kv,test,0.9660,0.0678,6,0
kv,ref+aging+sfreq+idle,K,4,kv,val,0.9663,0.0652,6,0
kv,ref+aging+sfreq+idle+age,K,5,kv,heldout,0.9640,0.0873,5,0
kv,ref+aging+sfreq+idle+age,K,5,kv,test,0.9523,0.0999,6,0
kv,ref+aging+sfreq+idle+age,K,5,kv,val,0.9538,0.0957,6,0
kv,ref+aging+sfreq+idle+age+dirty,K,6,kv,heldout,0.9676,0.0786,5,0
kv,ref+aging+sfreq+idle+age+dirty,K,6,kv,test,0.9551,0.0940,6,0
kv,ref+aging+sfreq+idle+age+dirty,K,6,kv,val,0.9553,0.0931,6,0
kv,ref+aging+sfreq+idle+age+dirty+rdist,K+K+,7,kv,heldout,0.9723,0.0671,5,0
kv,ref+aging+sfreq+idle+age+dirty+rdist,K+K+,7,kv,test,0.9700,0.0568,6,0
kv,ref+aging+sfreq+idle+age+dirty+rdist,K+K+,7,kv,val,0.9684,0.0594,6,0
kv,ref+aging+sfreq+idle+age+dirty+refaults,K+K+,7,kv,heldout,0.9553,0.1084,5,0
kv,ref+aging+sfreq+idle+age+dirty+refaults,K+K+,7,kv,test,0.9464,0.1168,6,0
kv,ref+aging+sfreq+idle+age+dirty+refaults,K+K+,7,kv,val,0.9448,0.1191,6,0
kv,ref+aging+sfreq+idle+age+dirty+refaults+rdist,K+K+,8,kv,heldout,0.9717,0.0687,5,0
kv,ref+aging+sfreq+idle+age+dirty+refaults+rdist,K+K+,8,kv,test,0.9608,0.0829,6,0
kv,ref+aging+sfreq+idle+age+dirty+refaults+rdist,K+K+,8,kv,val,0.9587,0.0863,6,0
kv,ref+aging+sfreq+idle+age+rdist,K+K+,6,kv,heldout,0.9664,0.0815,5,0
kv,ref+aging+sfreq+idle+age+rdist,K+K+,6,kv,test,0.9646,0.0693,6,0
kv,ref+aging+sfreq+idle+age+rdist,K+K+,6,kv,val,0.9661,0.0649,6,0
kv,ref+aging+sfreq+idle+age+refaults,K+K+,6,kv,heldout,0.9500,0.1212,5,0
kv,ref+aging+sfreq+idle+age+refaults,K+K+,6,kv,test,0.9427,0.1243,6,0
kv,ref+aging+sfreq+idle+age+refaults,K+K+,6,kv,val,0.9420,0.1240,6,0
kv,ref+aging+sfreq+idle+age+refaults+rdist,K+K+,7,kv,heldout,0.9603,0.0963,5,0
kv,ref+aging+sfreq+idle+age+refaults+rdist,K+K+,7,kv,test,0.9568,0.0914,6,0
kv,ref+aging+sfreq+idle+age+refaults+rdist,K+K+,7,kv,val,0.9564,0.0897,6,0
kv,ref+aging+sfreq+idle+dirty,K,5,kv,heldout,0.9749,0.0609,5,0
kv,ref+aging+sfreq+idle+dirty,K,5,kv,test,0.9707,0.0576,6,0
kv,ref+aging+sfreq+idle+dirty,K,5,kv,val,0.9690,0.0599,6,0
kv,ref+aging+sfreq+idle+dirty+rdist,K+K+,6,kv,heldout,0.9746,0.0616,5,0
kv,ref+aging+sfreq+idle+dirty+rdist,K+K+,6,kv,test,0.9776,0.0392,6,0
kv,ref+aging+sfreq+idle+dirty+rdist,K+K+,6,kv,val,0.9781,0.0371,6,0
kv,ref+aging+sfreq+idle+dirty+refaults,K+K+,6,kv,heldout,0.9665,0.0812,5,0
kv,ref+aging+sfreq+idle+dirty+refaults,K+K+,6,kv,test,0.9640,0.0761,6,0
kv,ref+aging+sfreq+idle+dirty+refaults,K+K+,6,kv,val,0.9612,0.0808,6,0
kv,ref+aging+sfreq+idle+dirty+refaults+rdist,K+K+,7,kv,heldout,0.9727,0.0661,5,0
kv,ref+aging+sfreq+idle+dirty+refaults+rdist,K+K+,7,kv,test,0.9738,0.0528,6,0
kv,ref+aging+sfreq+idle+dirty+refaults+rdist,K+K+,7,kv,val,0.9707,0.0590,6,0
kv,ref+aging+sfreq+idle+rdist,K+K+,5,kv,heldout,0.9709,0.0705,5,0
kv,ref+aging+sfreq+idle+rdist,K+K+,5,kv,test,0.9742,0.0477,6,0
kv,ref+aging+sfreq+idle+rdist,K+K+,5,kv,val,0.9738,0.0466,6,0
kv,ref+aging+sfreq+idle+refaults,K+K+,5,kv,heldout,0.9610,0.0945,5,0
kv,ref+aging+sfreq+idle+refaults,K+K+,5,kv,test,0.9591,0.0870,6,0
kv,ref+aging+sfreq+idle+refaults,K+K+,5,kv,val,0.9560,0.0920,6,0
kv,ref+aging+sfreq+idle+refaults+rdist,K+K+,6,kv,heldout,0.9657,0.0832,5,0
kv,ref+aging+sfreq+idle+refaults+rdist,K+K+,6,kv,test,0.9689,0.0641,6,0
kv,ref+aging+sfreq+idle+refaults+rdist,K+K+,6,kv,val,0.9635,0.0731,6,0
kv,ref+aging+sfreq+rdist,K+K+,4,kv,heldout,1.2716,-0.6598,5,0
kv,ref+aging+sfreq+rdist,K+K+,4,kv,test,1.4792,-1.4651,6,1
kv,ref+aging+sfreq+rdist,K+K+,4,kv,val,1.5645,-1.6607,6,1
kv,ref+aging+sfreq+refaults,K+K+,4,kv,heldout,1.0552,-0.1341,5,0
kv,ref+aging+sfreq+refaults,K+K+,4,kv,test,1.1164,-0.3060,6,0
kv,ref+aging+sfreq+refaults,K+K+,4,kv,val,1.1201,-0.3218,6,0
kv,ref+aging+sfreq+refaults+rdist,K+K+,5,kv,heldout,1.0673,-0.1633,5,0
kv,ref+aging+sfreq+refaults+rdist,K+K+,5,kv,test,1.1214,-0.3115,6,0
kv,ref+aging+sfreq+refaults+rdist,K+K+,5,kv,val,1.1105,-0.2937,6,0
kv,ref+dirty,K,2,kv,heldout,1.1726,-0.4186,5,0
kv,ref+dirty,K,2,kv,test,1.4792,-1.5598,6,1
kv,ref+dirty,K,2,kv,val,1.5176,-1.6800,6,1
kv,ref+dirty+rdist,K+K+,3,kv,heldout,1.9838,-2.3857,5,0
kv,ref+dirty+rdist,K+K+,3,kv,test,1.8833,-2.3919,6,1
kv,ref+dirty+rdist,K+K+,3,kv,val,1.8653,-2.3893,6,2
kv,ref+dirty+refaults,K+K+,3,kv,heldout,0.9525,0.1152,5,0
kv,ref+dirty+refaults,K+K+,3,kv,test,1.2023,-0.9440,6,1
kv,ref+dirty+refaults,K+K+,3,kv,val,1.2007,-0.9428,6,1
kv,ref+dirty+refaults+rdist,K+K+,4,kv,heldout,1.1085,-0.2630,5,0
kv,ref+dirty+refaults+rdist,K+K+,4,kv,test,1.1643,-0.4165,6,0
kv,ref+dirty+refaults+rdist,K+K+,4,kv,val,1.1337,-0.3315,6,0
kv,ref+idle,K,2,kv,heldout,0.9854,0.0353,5,0
kv,ref+idle,K,2,kv,test,0.9895,0.0248,6,0
kv,ref+idle,K,2,kv,val,0.9899,0.0239,6,0
kv,ref+idle+age,K,3,kv,heldout,0.9261,0.1791,5,0
kv,ref+idle+age,K,3,kv,test,0.9093,0.1986,6,0
kv,ref+idle+age,K,3,kv,val,0.9125,0.1902,6,0
kv,ref+idle+age+dirty,K,4,kv,heldout,0.9271,0.1767,5,0
kv,ref+idle+age+dirty,K,4,kv,test,0.9138,0.1908,6,0
kv,ref+idle+age+dirty,K,4,kv,val,0.9159,0.1853,6,0
kv,ref+idle+age+dirty+rdist,K+K+,5,kv,heldout,0.9453,0.1326,5,0
kv,ref+idle+age+dirty+rdist,K+K+,5,kv,test,0.9229,0.1660,6,0
kv,ref+idle+age+dirty+rdist,K+K+,5,kv,val,0.9230,0.1645,6,0
kv,ref+idle+age+dirty+refaults,K+K+,5,kv,heldout,0.9024,0.2367,5,0
kv,ref+idle+age+dirty+refaults,K+K+,5,kv,test,0.8973,0.2304,6,0
kv,ref+idle+age+dirty+refaults,K+K+,5,kv,val,0.9002,0.2226,6,0
kv,ref+idle+age+dirty+refaults+rdist,K+K+,6,kv,heldout,0.9232,0.1862,5,0
kv,ref+idle+age+dirty+refaults+rdist,K+K+,6,kv,test,0.9044,0.2101,6,0
kv,ref+idle+age+dirty+refaults+rdist,K+K+,6,kv,val,0.9053,0.2067,6,0
kv,ref+idle+age+rdist,K+K+,4,kv,heldout,0.9414,0.1421,5,0
kv,ref+idle+age+rdist,K+K+,4,kv,test,0.9190,0.1752,6,0
kv,ref+idle+age+rdist,K+K+,4,kv,val,0.9230,0.1628,6,0
kv,ref+idle+age+refaults,K+K+,4,kv,heldout,0.9003,0.2416,5,0
kv,ref+idle+age+refaults,K+K+,4,kv,test,0.8938,0.2360,6,0
kv,ref+idle+age+refaults,K+K+,4,kv,val,0.8983,0.2244,6,0
kv,ref+idle+age+refaults+rdist,K+K+,5,kv,heldout,0.9161,0.2034,5,0
kv,ref+idle+age+refaults+rdist,K+K+,5,kv,test,0.9038,0.2089,6,0
kv,ref+idle+age+refaults+rdist,K+K+,5,kv,val,0.9078,0.2008,6,0
kv,ref+idle+dirty,K,3,kv,heldout,0.9854,0.0353,5,0
kv,ref+idle+dirty,K,3,kv,test,0.9740,0.0583,6,0
kv,ref+idle+dirty,K,3,kv,val,0.9776,0.0506,6,0
kv,ref+idle+dirty+rdist,K+K+,4,kv,heldout,0.9272,0.1766,5,0
kv,ref+idle+dirty+rdist,K+K+,4,kv,test,0.9037,0.2105,6,0
kv,ref+idle+dirty+rdist,K+K+,4,kv,val,0.9084,0.1992,6,0
kv,ref+idle+dirty+refaults,K+K+,4,kv,heldout,0.9757,0.0588,5,0
kv,ref+idle+dirty+refaults,K+K+,4,kv,test,0.9638,0.0806,6,0
kv,ref+idle+dirty+refaults,K+K+,4,kv,val,0.9673,0.0731,6,0
kv,ref+idle+dirty+refaults+rdist,K+K+,5,kv,heldout,0.9055,0.2291,5,0
kv,ref+idle+dirty+refaults+rdist,K+K+,5,kv,test,0.8887,0.2456,6,0
kv,ref+idle+dirty+refaults+rdist,K+K+,5,kv,val,0.8932,0.2352,6,0
kv,ref+idle+rdist,K+K+,3,kv,heldout,0.9281,0.1744,5,0
kv,ref+idle+rdist,K+K+,3,kv,test,0.9072,0.2031,6,0
kv,ref+idle+rdist,K+K+,3,kv,val,0.9116,0.1924,6,0
kv,ref+idle+refaults,K+K+,3,kv,heldout,0.9757,0.0589,5,0
kv,ref+idle+refaults,K+K+,3,kv,test,0.9770,0.0521,6,0
kv,ref+idle+refaults,K+K+,3,kv,val,0.9783,0.0489,6,0
kv,ref+idle+refaults+rdist,K+K+,4,kv,heldout,0.9063,0.2273,5,0
kv,ref+idle+refaults+rdist,K+K+,4,kv,test,0.8917,0.2394,6,0
kv,ref+idle+refaults+rdist,K+K+,4,kv,val,0.8962,0.2288,6,0
kv,ref+rdist,K+K+,2,kv,heldout,1.9771,-2.3696,5,0
kv,ref+rdist,K+K+,2,kv,test,1.9898,-2.4959,6,1
kv,ref+rdist,K+K+,2,kv,val,1.9857,-2.4983,6,1
kv,ref+refaults,K+K+,2,kv,heldout,0.9525,0.1152,5,0
kv,ref+refaults,K+K+,2,kv,test,0.9572,0.0875,6,0
kv,ref+refaults,K+K+,2,kv,val,0.9586,0.0836,6,0
kv,ref+refaults+rdist,K+K+,3,kv,heldout,1.1102,-0.2672,5,0
kv,ref+refaults+rdist,K+K+,3,kv,test,1.0929,-0.2213,6,0
kv,ref+refaults+rdist,K+K+,3,kv,val,1.0898,-0.2175,6,0
kv,ref+sfreq,K,2,kv,heldout,1.1667,-0.4048,5,0
kv,ref+sfreq,K,2,kv,test,1.4672,-1.4442,6,1
kv,ref+sfreq,K,2,kv,val,1.4236,-1.3579,6,1
kv,ref+sfreq+age,K,3,kv,heldout,1.0336,-0.0814,5,0
kv,ref+sfreq+age,K,3,kv,test,1.1069,-0.2875,6,0
kv,ref+sfreq+age,K,3,kv,val,1.1373,-0.4124,6,0
kv,ref+sfreq+age+dirty,K,4,kv,heldout,1.0391,-0.0948,5,0
kv,ref+sfreq+age+dirty,K,4,kv,test,1.1152,-0.3071,6,0
kv,ref+sfreq+age+dirty,K,4,kv,val,1.1136,-0.3257,6,0
kv,ref+sfreq+age+dirty+rdist,K+K+,5,kv,heldout,1.0710,-0.1723,5,0
kv,ref+sfreq+age+dirty+rdist,K+K+,5,kv,test,1.1297,-0.3271,6,0
kv,ref+sfreq+age+dirty+rdist,K+K+,5,kv,val,1.1692,-0.4654,6,0
kv,ref+sfreq+age+dirty+refaults,K+K+,5,kv,heldout,1.0218,-0.0530,5,0
kv,ref+sfreq+age+dirty+refaults,K+K+,5,kv,test,1.0665,-0.1821,6,0
kv,ref+sfreq+age+dirty+refaults,K+K+,5,kv,val,1.0645,-0.1820,6,0
kv,ref+sfreq+age+dirty+refaults+rdist,K+K+,6,kv,heldout,1.0328,-0.0796,5,0
kv,ref+sfreq+age+dirty+refaults+rdist,K+K+,6,kv,test,1.0726,-0.1937,6,0
kv,ref+sfreq+age+dirty+refaults+rdist,K+K+,6,kv,val,1.0754,-0.2037,6,0
kv,ref+sfreq+age+rdist,K+K+,4,kv,heldout,1.0666,-0.1617,5,0
kv,ref+sfreq+age+rdist,K+K+,4,kv,test,1.1193,-0.3012,6,0
kv,ref+sfreq+age+rdist,K+K+,4,kv,val,1.1181,-0.3001,6,0
kv,ref+sfreq+age+refaults,K+K+,4,kv,heldout,1.0203,-0.0492,5,0
kv,ref+sfreq+age+refaults,K+K+,4,kv,test,1.0651,-0.1800,6,0
kv,ref+sfreq+age+refaults,K+K+,4,kv,val,1.0638,-0.1797,6,0
kv,ref+sfreq+age+refaults+rdist,K+K+,5,kv,heldout,1.0267,-0.0649,5,0
kv,ref+sfreq+age+refaults+rdist,K+K+,5,kv,test,1.0723,-0.1935,6,0
kv,ref+sfreq+age+refaults+rdist,K+K+,5,kv,val,1.0712,-0.1931,6,0
kv,ref+sfreq+dirty,K,3,kv,heldout,1.1984,-0.4815,5,0
kv,ref+sfreq+dirty,K,3,kv,test,1.4841,-1.4732,6,1
kv,ref+sfreq+dirty,K,3,kv,val,1.4718,-1.4521,6,1
kv,ref+sfreq+dirty+rdist,K+K+,4,kv,heldout,1.3064,-0.7444,5,0
kv,ref+sfreq+dirty+rdist,K+K+,4,kv,test,1.6439,-1.7981,6,1
kv,ref+sfreq+dirty+rdist,K+K+,4,kv,val,1.6462,-1.8228,6,1
kv,ref+sfreq+dirty+refaults,K+K+,4,kv,heldout,1.0692,-0.1680,5,0
kv,ref+sfreq+dirty+refaults,K+K+,4,kv,test,1.1367,-0.3693,6,0
kv,ref+sfreq+dirty+refaults,K+K+,4,kv,val,1.1352,-0.3685,6,0
kv,ref+sfreq+dirty+refaults+rdist,K+K+,5,kv,heldout,1.0809,-0.1963,5,0
kv,ref+sfreq+dirty+refaults+rdist,K+K+,5,kv,test,1.1312,-0.3389,6,0
kv,ref+sfreq+dirty+refaults+rdist,K+K+,5,kv,val,1.1266,-0.3330,6,0
kv,ref+sfreq+idle,K,3,kv,heldout,0.9846,0.0373,5,0
kv,ref+sfreq+idle,K,3,kv,test,0.9926,0.0053,6,0
kv,ref+sfreq+idle,K,3,kv,val,0.9886,0.0131,6,0
kv,ref+sfreq+idle+age,K,4,kv,heldout,0.9687,0.0759,5,0
kv,ref+sfreq+idle+age,K,4,kv,test,0.9579,0.0873,6,0
kv,ref+sfreq+idle+age,K,4,kv,val,0.9603,0.0812,6,0
kv,ref+sfreq+idle+age+dirty,K,5,kv,heldout,0.9732,0.0650,5,0
kv,ref+sfreq+idle+age+dirty,K,5,kv,test,0.9622,0.0782,6,0
kv,ref+sfreq+idle+age+dirty,K,5,kv,val,0.9617,0.0797,6,0
kv,ref+sfreq+idle+age+dirty+rdist,K+K+,6,kv,heldout,0.9845,0.0375,5,0
kv,ref+sfreq+idle+age+dirty+rdist,K+K+,6,kv,test,0.9861,0.0193,6,0
kv,ref+sfreq+idle+age+dirty+rdist,K+K+,6,kv,val,0.9803,0.0310,6,0
kv,ref+sfreq+idle+age+dirty+refaults,K+K+,6,kv,heldout,0.9624,0.0911,5,0
kv,ref+sfreq+idle+age+dirty+refaults,K+K+,6,kv,test,0.9529,0.1022,6,0
kv,ref+sfreq+idle+age+dirty+refaults,K+K+,6,kv,val,0.9501,0.1069,6,0
kv,ref+sfreq+idle+age+dirty+refaults+rdist,K+K+,7,kv,heldout,0.9733,0.0646,5,0
kv,ref+sfreq+idle+age+dirty+refaults+rdist,K+K+,7,kv,test,0.9701,0.0619,6,0
kv,ref+sfreq+idle+age+dirty+refaults+rdist,K+K+,7,kv,val,0.9655,0.0696,6,0
kv,ref+sfreq+idle+age+rdist,K+K+,5,kv,heldout,0.9785,0.0520,5,0
kv,ref+sfreq+idle+age+rdist,K+K+,5,kv,test,0.9813,0.0297,6,0
kv,ref+sfreq+idle+age+rdist,K+K+,5,kv,val,0.9807,0.0304,6,0
kv,ref+sfreq+idle+age+refaults,K+K+,5,kv,heldout,0.9558,0.1071,5,0
kv,ref+sfreq+idle+age+refaults,K+K+,5,kv,test,0.9504,0.1065,6,0
kv,ref+sfreq+idle+age+refaults,K+K+,5,kv,val,0.9494,0.1076,6,0
kv,ref+sfreq+idle+age+refaults+rdist,K+K+,6,kv,heldout,0.9679,0.0779,5,0
kv,ref+sfreq+idle+age+refaults+rdist,K+K+,6,kv,test,0.9646,0.0735,6,0
kv,ref+sfreq+idle+age+refaults+rdist,K+K+,6,kv,val,0.9628,0.0756,6,0
kv,ref+sfreq+idle+dirty,K,4,kv,heldout,0.9869,0.0316,5,0
kv,ref+sfreq+idle+dirty,K,4,kv,test,0.9944,0.0017,6,0
kv,ref+sfreq+idle+dirty,K,4,kv,val,0.9919,0.0053,6,0
kv,ref+sfreq+idle+dirty+rdist,K+K+,5,kv,heldout,0.9955,0.0109,5,0
kv,ref+sfreq+idle+dirty+rdist,K+K+,5,kv,test,1.0099,-0.0363,6,0
kv,ref+sfreq+idle+dirty+rdist,K+K+,5,kv,val,1.0033,-0.0218,6,0
kv,ref+sfreq+idle+dirty+refaults,K+K+,5,kv,heldout,0.9802,0.0480,5,0
kv,ref+sfreq+idle+dirty+refaults,K+K+,5,kv,test,0.9858,0.0249,6,0
kv,ref+sfreq+idle+dirty+refaults,K+K+,5,kv,val,0.9789,0.0380,6,0
kv,ref+sfreq+idle+dirty+refaults+rdist,K+K+,6,kv,heldout,0.9858,0.0345,5,0
kv,ref+sfreq+idle+dirty+refaults+rdist,K+K+,6,kv,test,0.9927,0.0089,6,0
kv,ref+sfreq+idle+dirty+refaults+rdist,K+K+,6,kv,val,0.9869,0.0191,6,0
kv,ref+sfreq+idle+rdist,K+K+,4,kv,heldout,0.9902,0.0237,5,0
kv,ref+sfreq+idle+rdist,K+K+,4,kv,test,1.0065,-0.0276,6,0
kv,ref+sfreq+idle+rdist,K+K+,4,kv,val,1.0004,-0.0158,6,0
kv,ref+sfreq+idle+refaults,K+K+,4,kv,heldout,0.9742,0.0626,5,0
kv,ref+sfreq+idle+refaults,K+K+,4,kv,test,0.9809,0.0362,6,0
kv,ref+sfreq+idle+refaults,K+K+,4,kv,val,0.9726,0.0525,6,0
kv,ref+sfreq+idle+refaults+rdist,K+K+,5,kv,heldout,0.9817,0.0444,5,0
kv,ref+sfreq+idle+refaults+rdist,K+K+,5,kv,test,0.9899,0.0155,6,0
kv,ref+sfreq+idle+refaults+rdist,K+K+,5,kv,val,0.9808,0.0333,6,0
kv,ref+sfreq+rdist,K+K+,3,kv,heldout,1.3109,-0.7558,5,0
kv,ref+sfreq+rdist,K+K+,3,kv,test,1.6661,-1.8637,6,1
kv,ref+sfreq+rdist,K+K+,3,kv,val,1.6390,-1.8120,6,1
kv,ref+sfreq+refaults,K+K+,3,kv,heldout,1.0665,-0.1614,5,0
kv,ref+sfreq+refaults,K+K+,3,kv,test,1.1303,-0.3424,6,0
kv,ref+sfreq+refaults,K+K+,3,kv,val,1.1413,-0.3820,6,0
kv,ref+sfreq+refaults+rdist,K+K+,4,kv,heldout,1.0789,-0.1914,5,0
kv,ref+sfreq+refaults+rdist,K+K+,4,kv,test,1.1345,-0.3448,6,0
kv,ref+sfreq+refaults+rdist,K+K+,4,kv,val,1.1277,-0.3318,6,0
kv,refaults,K+K+,1,kv,heldout,0.9522,0.1159,5,0
kv,refaults,K+K+,1,kv,test,0.9579,0.0857,6,0
kv,refaults,K+K+,1,kv,val,0.9592,0.0819,6,0
kv,refaults+rdist,K+K+,2,kv,heldout,1.1393,-0.3378,5,0
kv,refaults+rdist,K+K+,2,kv,test,1.1202,-0.2876,6,0
kv,refaults+rdist,K+K+,2,kv,val,1.1209,-0.2920,6,0
kv,sd,F,1,kv,heldout,0.9828,0.0417,5,0
kv,sd,F,1,kv,test,0.9856,0.0333,6,0
kv,sd,F,1,kv,val,0.9849,0.0346,6,0
kv,sd+ref+aging+sfreq+idle+age+dirty,F+K,7,kv,heldout,0.9948,0.0125,5,0
kv,sd+ref+aging+sfreq+idle+age+dirty,F+K,7,kv,test,1.0220,-0.0618,6,0
kv,sd+ref+aging+sfreq+idle+age+dirty,F+K,7,kv,val,1.0165,-0.0495,6,0
kv,sd+ref+aging+sfreq+idle+age+dirty+refaults+rdist,F+K,9,kv,heldout,1.0039,-0.0094,5,0
kv,sd+ref+aging+sfreq+idle+age+dirty+refaults+rdist,F+K,9,kv,test,1.0317,-0.0875,6,0
kv,sd+ref+aging+sfreq+idle+age+dirty+refaults+rdist,F+K,9,kv,val,1.0229,-0.0709,6,0
kv,sd+wr,F,2,kv,heldout,0.9788,0.0513,5,0
kv,sd+wr,F,2,kv,test,0.9909,0.0228,6,0
kv,sd+wr,F,2,kv,val,0.9925,0.0196,6,0
kv,sd+wr+ref+aging+sfreq+idle+age+dirty,F+K,8,kv,heldout,0.9942,0.0141,5,0
kv,sd+wr+ref+aging+sfreq+idle+age+dirty,F+K,8,kv,test,1.0172,-0.0509,6,0
kv,sd+wr+ref+aging+sfreq+idle+age+dirty,F+K,8,kv,val,1.0155,-0.0474,6,0
kv,sd+wr+ref+aging+sfreq+idle+age+dirty+refaults+rdist,F+K,10,kv,heldout,1.0052,-0.0127,5,0
kv,sd+wr+ref+aging+sfreq+idle+age+dirty+refaults+rdist,F+K,10,kv,test,1.0299,-0.0846,6,0
kv,sd+wr+ref+aging+sfreq+idle+age+dirty+refaults+rdist,F+K,10,kv,val,1.0257,-0.0759,6,0
kv,sfreq,K,1,kv,heldout,1.2727,-0.6630,5,0
kv,sfreq,K,1,kv,test,1.5722,-1.6511,6,1
kv,sfreq,K,1,kv,val,1.6445,-1.8011,6,1
kv,sfreq+age,K,2,kv,heldout,1.0316,-0.0767,5,0
kv,sfreq+age,K,2,kv,test,1.1049,-0.2844,6,0
kv,sfreq+age,K,2,kv,val,1.1357,-0.4095,6,0
kv,sfreq+age+dirty,K,3,kv,heldout,1.0359,-0.0871,5,0
kv,sfreq+age+dirty,K,3,kv,test,1.1503,-0.4375,6,0
kv,sfreq+age+dirty,K,3,kv,val,1.1257,-0.3625,6,0
kv,sfreq+age+dirty+rdist,K+K+,4,kv,heldout,1.0659,-0.1601,5,0
kv,sfreq+age+dirty+rdist,K+K+,4,kv,test,1.1328,-0.3471,6,0
kv,sfreq+age+dirty+rdist,K+K+,4,kv,val,1.1395,-0.3599,6,0
kv,sfreq+age+dirty+refaults,K+K+,4,kv,heldout,1.0209,-0.0506,5,0
kv,sfreq+age+dirty+refaults,K+K+,4,kv,test,1.0698,-0.1931,6,0
kv,sfreq+age+dirty+refaults,K+K+,4,kv,val,1.0682,-0.1947,6,0
kv,sfreq+age+dirty+refaults+rdist,K+K+,5,kv,heldout,1.0297,-0.0721,5,0
kv,sfreq+age+dirty+refaults+rdist,K+K+,5,kv,test,1.0714,-0.1906,6,0
kv,sfreq+age+dirty+refaults+rdist,K+K+,5,kv,val,1.0726,-0.1976,6,0
kv,sfreq+age+rdist,K+K+,3,kv,heldout,1.0612,-0.1487,5,0
kv,sfreq+age+rdist,K+K+,3,kv,test,1.1256,-0.3301,6,0
kv,sfreq+age+rdist,K+K+,3,kv,val,1.1570,-0.4413,6,0
kv,sfreq+age+refaults,K+K+,3,kv,heldout,1.0169,-0.0411,5,0
kv,sfreq+age+refaults,K+K+,3,kv,test,1.0650,-0.1804,6,0
kv,sfreq+age+refaults,K+K+,3,kv,val,1.0658,-0.1854,6,0
kv,sfreq+age+refaults+rdist,K+K+,4,kv,heldout,1.0229,-0.0556,5,0
kv,sfreq+age+refaults+rdist,K+K+,4,kv,test,1.0685,-0.1855,6,0
kv,sfreq+age+refaults+rdist,K+K+,4,kv,val,1.0697,-0.1918,6,0
kv,sfreq+dirty,K,2,kv,heldout,1.2727,-0.6630,5,0
kv,sfreq+dirty,K,2,kv,test,1.5653,-1.6368,6,1
kv,sfreq+dirty,K,2,kv,val,1.6574,-1.8414,6,1
kv,sfreq+dirty+rdist,K+K+,3,kv,heldout,1.5913,-1.4962,5,0
kv,sfreq+dirty+rdist,K+K+,3,kv,test,2.1350,-2.9289,6,2
kv,sfreq+dirty+rdist,K+K+,3,kv,val,2.2032,-3.0554,6,2
kv,sfreq+dirty+refaults,K+K+,3,kv,heldout,1.1217,-0.2952,5,0
kv,sfreq+dirty+refaults,K+K+,3,kv,test,1.2031,-0.5501,6,0
kv,sfreq+dirty+refaults,K+K+,3,kv,val,1.2061,-0.5736,6,0
kv,sfreq+dirty+refaults+rdist,K+K+,4,kv,heldout,1.1089,-0.2643,5,0
kv,sfreq+dirty+refaults+rdist,K+K+,4,kv,test,1.1800,-0.4757,6,0
kv,sfreq+dirty+refaults+rdist,K+K+,4,kv,val,1.1720,-0.4569,6,0
kv,sfreq+idle,K,2,kv,heldout,0.9938,0.0151,5,0
kv,sfreq+idle,K,2,kv,test,1.0107,-0.0367,6,0
kv,sfreq+idle,K,2,kv,val,1.0036,-0.0232,6,0
kv,sfreq+idle+age,K,3,kv,heldout,0.9850,0.0363,5,0
kv,sfreq+idle+age,K,3,kv,test,0.9925,0.0072,6,0
kv,sfreq+idle+age,K,3,kv,val,0.9870,0.0185,6,0
kv,sfreq+idle+age+dirty,K,4,kv,heldout,0.9897,0.0251,5,0
kv,sfreq+idle+age+dirty,K,4,kv,test,0.9919,0.0092,6,0
kv,sfreq+idle+age+dirty,K,4,kv,val,0.9877,0.0170,6,0
kv,sfreq+idle+age+dirty+rdist,K+K+,5,kv,heldout,1.0120,-0.0291,5,0
kv,sfreq+idle+age+dirty+rdist,K+K+,5,kv,test,1.0202,-0.0605,6,0
kv,sfreq+idle+age+dirty+rdist,K+K+,5,kv,val,1.0118,-0.0436,6,0
kv,sfreq+idle+age+dirty+refaults,K+K+,5,kv,heldout,0.9794,0.0500,5,0
kv,sfreq+idle+age+dirty+refaults,K+K+,5,kv,test,0.9773,0.0459,6,0
kv,sfreq+idle+age+dirty+refaults,K+K+,5,kv,val,0.9736,0.0528,6,0
kv,sfreq+idle+age+dirty+refaults+rdist,K+K+,6,kv,heldout,0.9892,0.0262,5,0
kv,sfreq+idle+age+dirty+refaults+rdist,K+K+,6,kv,test,0.9854,0.0274,6,0
kv,sfreq+idle+age+dirty+refaults+rdist,K+K+,6,kv,val,0.9845,0.0260,6,0
kv,sfreq+idle+age+rdist,K+K+,4,kv,heldout,1.0057,-0.0140,5,0
kv,sfreq+idle+age+rdist,K+K+,4,kv,test,1.0162,-0.0513,6,0
kv,sfreq+idle+age+rdist,K+K+,4,kv,val,1.0131,-0.0457,6,0
kv,sfreq+idle+age+refaults,K+K+,4,kv,heldout,0.9725,0.0666,5,0
kv,sfreq+idle+age+refaults,K+K+,4,kv,test,0.9766,0.0470,6,0
kv,sfreq+idle+age+refaults,K+K+,4,kv,val,0.9679,0.0644,6,0
kv,sfreq+idle+age+refaults+rdist,K+K+,5,kv,heldout,0.9806,0.0469,5,0
kv,sfreq+idle+age+refaults+rdist,K+K+,5,kv,test,0.9851,0.0263,6,0
kv,sfreq+idle+age+refaults+rdist,K+K+,5,kv,val,0.9814,0.0329,6,0
kv,sfreq+idle+dirty,K,3,kv,heldout,0.9977,0.0056,5,0
kv,sfreq+idle+dirty,K,3,kv,test,1.0121,-0.0408,6,0
kv,sfreq+idle+dirty,K,3,kv,val,1.0069,-0.0313,6,0
kv,sfreq+idle+dirty+rdist,K+K+,4,kv,heldout,1.0134,-0.0325,5,0
kv,sfreq+idle+dirty+rdist,K+K+,4,kv,test,1.0340,-0.0919,6,0
kv,sfreq+idle+dirty+rdist,K+K+,4,kv,val,1.0217,-0.0674,6,0
kv,sfreq+idle+dirty+refaults,K+K+,4,kv,heldout,0.9879,0.0293,5,0
kv,sfreq+idle+dirty+refaults,K+K+,4,kv,test,0.9983,-0.0053,6,0
kv,sfreq+idle+dirty+refaults,K+K+,4,kv,val,0.9908,0.0095,6,0
kv,sfreq+idle+dirty+refaults+rdist,K+K+,5,kv,heldout,0.9933,0.0162,5,0
kv,sfreq+idle+dirty+refaults+rdist,K+K+,5,kv,test,1.0067,-0.0229,6,0
kv,sfreq+idle+dirty+refaults+rdist,K+K+,5,kv,val,0.9955,-0.0001,6,0
kv,sfreq+idle+rdist,K+K+,3,kv,heldout,1.0071,-0.0171,5,0
kv,sfreq+idle+rdist,K+K+,3,kv,test,1.0282,-0.0788,6,0
kv,sfreq+idle+rdist,K+K+,3,kv,val,1.0242,-0.0722,6,0
kv,sfreq+idle+refaults,K+K+,3,kv,heldout,0.9831,0.0409,5,0
kv,sfreq+idle+refaults,K+K+,3,kv,test,0.9970,-0.0017,6,0
kv,sfreq+idle+refaults,K+K+,3,kv,val,0.9846,0.0238,6,0
kv,sfreq+idle+refaults+rdist,K+K+,4,kv,heldout,0.9893,0.0259,5,0
kv,sfreq+idle+refaults+rdist,K+K+,4,kv,test,1.0009,-0.0095,6,0
kv,sfreq+idle+refaults+rdist,K+K+,4,kv,val,0.9940,0.0033,6,0
kv,sfreq+rdist,K+K+,2,kv,heldout,1.5964,-1.5068,5,0
kv,sfreq+rdist,K+K+,2,kv,test,1.8727,-2.3524,6,2
kv,sfreq+rdist,K+K+,2,kv,val,1.8661,-2.3471,6,2
kv,sfreq+refaults,K+K+,2,kv,heldout,1.1212,-0.2940,5,0
kv,sfreq+refaults,K+K+,2,kv,test,1.2306,-0.6305,6,0
kv,sfreq+refaults,K+K+,2,kv,val,1.2258,-0.6154,6,0
kv,sfreq+refaults+rdist,K+K+,3,kv,heldout,1.1086,-0.2635,5,0
kv,sfreq+refaults+rdist,K+K+,3,kv,test,1.1794,-0.4701,6,0
kv,sfreq+refaults+rdist,K+K+,3,kv,val,1.1833,-0.4766,6,0
kv,wr,F,1,kv,heldout,1.0876,-0.2124,5,0
kv,wr,F,1,kv,test,1.7859,-2.2334,6,2
kv,wr,F,1,kv,val,1.7776,-2.2259,6,2
kv,wr+ref+aging+sfreq+idle+age+dirty,F+K,7,kv,heldout,0.9670,0.0800,5,0
kv,wr+ref+aging+sfreq+idle+age+dirty,F+K,7,kv,test,0.9522,0.0996,6,0
kv,wr+ref+aging+sfreq+idle+age+dirty,F+K,7,kv,val,0.9515,0.1006,6,0
kv,wr+ref+aging+sfreq+idle+age+dirty+refaults+rdist,F+K,9,kv,heldout,0.9698,0.0733,5,0
kv,wr+ref+aging+sfreq+idle+age+dirty+refaults+rdist,F+K,9,kv,test,0.9579,0.0887,6,0
kv,wr+ref+aging+sfreq+idle+age+dirty+refaults+rdist,F+K,9,kv,val,0.9552,0.0930,6,0
matmul,age,K,1,matmul,heldout,1.4957,-3.8557,2,0
matmul,age+dirty,K,2,matmul,heldout,1.4644,-3.5600,2,0
matmul,age+dirty+rdist,K+K+,3,matmul,heldout,1.4644,-3.5600,2,0
matmul,age+dirty+refaults,K+K+,3,matmul,heldout,1.4644,-3.5600,2,0
matmul,age+dirty+refaults+rdist,K+K+,4,matmul,heldout,1.4644,-3.5600,2,0
matmul,age+rdist,K+K+,2,matmul,heldout,1.4957,-3.8557,2,0
matmul,age+refaults,K+K+,2,matmul,heldout,1.4957,-3.8557,2,0
matmul,age+refaults+rdist,K+K+,3,matmul,heldout,1.4957,-3.8557,2,0
matmul,aging,K,1,matmul,heldout,0.9990,0.0072,2,0
matmul,aging+age,K,2,matmul,heldout,1.1354,-0.7705,2,0
matmul,aging+age+dirty,K,3,matmul,heldout,1.2984,-1.9233,2,0
matmul,aging+age+dirty+rdist,K+K+,4,matmul,heldout,1.2465,-1.6748,2,0
matmul,aging+age+dirty+refaults,K+K+,4,matmul,heldout,1.1381,-0.7886,2,0
matmul,aging+age+dirty+refaults+rdist,K+K+,5,matmul,heldout,1.2465,-1.6748,2,0
matmul,aging+age+rdist,K+K+,3,matmul,heldout,1.2972,-1.9189,2,0
matmul,aging+age+refaults,K+K+,3,matmul,heldout,1.1297,-0.7371,2,0
matmul,aging+age+refaults+rdist,K+K+,4,matmul,heldout,1.2966,-1.9144,2,0
matmul,aging+dirty,K,2,matmul,heldout,0.9990,0.0072,2,0
matmul,aging+dirty+rdist,K+K+,3,matmul,heldout,1.1535,-1.2239,2,0
matmul,aging+dirty+refaults,K+K+,3,matmul,heldout,0.9990,0.0072,2,0
matmul,aging+dirty+refaults+rdist,K+K+,4,matmul,heldout,1.1535,-1.2239,2,0
matmul,aging+idle,K,2,matmul,heldout,0.9990,0.0072,2,0
matmul,aging+idle+age,K,3,matmul,heldout,1.1375,-0.7840,2,0
matmul,aging+idle+age+dirty,K,4,matmul,heldout,0.9990,0.0072,2,0
matmul,aging+idle+age+dirty+rdist,K+K+,5,matmul,heldout,0.9753,0.1168,2,0
matmul,aging+idle+age+dirty+refaults,K+K+,5,matmul,heldout,0.9990,0.0072,2,0
matmul,aging+idle+age+dirty+refaults+rdist,K+K+,6,matmul,heldout,0.9736,0.1305,2,0
matmul,aging+idle+age+rdist,K+K+,4,matmul,heldout,1.2849,-1.8710,2,0
matmul,aging+idle+age+refaults,K+K+,4,matmul,heldout,0.9990,0.0072,2,0
matmul,aging+idle+age+refaults+rdist,K+K+,5,matmul,heldout,1.0081,-0.0653,2,0
matmul,aging+idle+dirty,K,3,matmul,heldout,0.9990,0.0072,2,0
matmul,aging+idle+dirty+rdist,K+K+,4,matmul,heldout,0.9718,0.1442,2,0
matmul,aging+idle+dirty+refaults,K+K+,4,matmul,heldout,0.9990,0.0072,2,0
matmul,aging+idle+dirty+refaults+rdist,K+K+,5,matmul,heldout,0.9737,0.1297,2,0
matmul,aging+idle+rdist,K+K+,3,matmul,heldout,0.9717,0.1450,2,0
matmul,aging+idle+refaults,K+K+,3,matmul,heldout,0.9990,0.0072,2,0
matmul,aging+idle+refaults+rdist,K+K+,4,matmul,heldout,1.1556,-1.2338,2,0
matmul,aging+rdist,K+K+,2,matmul,heldout,0.9717,0.1450,2,0
matmul,aging+refaults,K+K+,2,matmul,heldout,0.9711,0.1542,2,0
matmul,aging+refaults+rdist,K+K+,3,matmul,heldout,0.9718,0.1440,2,0
matmul,aging+sfreq,K,2,matmul,heldout,1.1375,-0.7840,2,0
matmul,aging+sfreq+age,K,3,matmul,heldout,1.3379,-3.2283,2,0
matmul,aging+sfreq+age+dirty,K,4,matmul,heldout,1.3379,-3.2283,2,0
matmul,aging+sfreq+age+dirty+rdist,K+K+,5,matmul,heldout,1.4957,-3.8556,2,0
matmul,aging+sfreq+age+dirty+refaults,K+K+,5,matmul,heldout,1.4864,-3.8164,2,0
matmul,aging+sfreq+age+dirty+refaults+rdist,K+K+,6,matmul,heldout,1.4957,-3.8556,2,0
matmul,aging+sfreq+age+rdist,K+K+,4,matmul,heldout,1.4957,-3.8556,2,0
matmul,aging+sfreq+age+refaults,K+K+,4,matmul,heldout,1.4864,-3.8164,2,0
matmul,aging+sfreq+age+refaults+rdist,K+K+,5,matmul,heldout,1.3379,-3.2283,2,0
matmul,aging+sfreq+dirty,K,3,matmul,heldout,1.2984,-1.9233,2,0
matmul,aging+sfreq+dirty+rdist,K+K+,4,matmul,heldout,1.2465,-1.6748,2,0
matmul,aging+sfreq+dirty+refaults,K+K+,4,matmul,heldout,1.2984,-1.9233,2,0
matmul,aging+sfreq+dirty+refaults+rdist,K+K+,5,matmul,heldout,1.5188,-3.9441,2,0
matmul,aging+sfreq+idle,K,3,matmul,heldout,1.1375,-0.7840,2,0
matmul,aging+sfreq+idle+age,K,4,matmul,heldout,1.1633,-1.4869,2,0
matmul,aging+sfreq+idle+age+dirty,K,5,matmul,heldout,1.0082,-0.1433,2,0
matmul,aging+sfreq+idle+age+dirty+rdist,K+K+,6,matmul,heldout,1.0095,-0.1542,2,0
matmul,aging+sfreq+idle+age+dirty+refaults,K+K+,6,matmul,heldout,0.9692,0.1641,2,0
matmul,aging+sfreq+idle+age+dirty+refaults+rdist,K+K+,7,matmul,heldout,1.0094,-0.1533,2,0
matmul,aging+sfreq+idle+age+rdist,K+K+,5,matmul,heldout,1.3055,-2.1549,2,0
matmul,aging+sfreq+idle+age+refaults,K+K+,5,matmul,heldout,1.1527,-1.0430,2,0
matmul,aging+sfreq+idle+age+refaults+rdist,K+K+,6,matmul,heldout,1.0669,-0.6289,2,0
matmul,aging+sfreq+idle+dirty,K,4,matmul,heldout,1.0008,-0.0063,2,0
matmul,aging+sfreq+idle+dirty+rdist,K+K+,5,matmul,heldout,0.9753,0.1169,2,0
matmul,aging+sfreq+idle+dirty+refaults,K+K+,5,matmul,heldout,1.0008,-0.0063,2,0
matmul,aging+sfreq+idle+dirty+refaults+rdist,K+K+,6,matmul,heldout,1.0016,-0.0202,2,0
matmul,aging+sfreq+idle+rdist,K+K+,4,matmul,heldout,1.2849,-1.8710,2,0
matmul,aging+sfreq+idle+refaults,K+K+,4,matmul,heldout,1.0017,-0.0111,2,0
matmul,aging+sfreq+idle+refaults+rdist,K+K+,5,matmul,heldout,1.0754,-0.5937,2,0
matmul,aging+sfreq+rdist,K+K+,3,matmul,heldout,1.2972,-1.9189,2,0
matmul,aging+sfreq+refaults,K+K+,3,matmul,heldout,1.1375,-0.7840,2,0
matmul,aging+sfreq+refaults+rdist,K+K+,4,matmul,heldout,1.5403,-3.9289,2,0
matmul,dirty,K,1,matmul,heldout,1.4077,-2.9885,2,0
matmul,dirty+rdist,K+K+,2,matmul,heldout,1.1649,-1.3225,2,0
matmul,dirty+refaults,K+K+,2,matmul,heldout,1.1649,-1.3225,2,0
matmul,dirty+refaults+rdist,K+K+,3,matmul,heldout,1.1649,-1.3225,2,0
matmul,freq,F,1,matmul,heldout,1.5642,-4.1313,2,0
matmul,freq+ref+aging+sfreq+idle+age+dirty,F+K,7,matmul,heldout,1.1082,-0.9878,2,0
matmul,freq+ref+aging+sfreq+idle+age+dirty+refaults+rdist,F+K,9,matmul,heldout,1.0095,-0.1542,2,0
matmul,freq+sd,F,2,matmul,heldout,0.9990,0.0072,2,0
matmul,freq+sd+ref+aging+sfreq+idle+age+dirty,F+K,8,matmul,heldout,1.1082,-0.9878,2,0
matmul,freq+sd+ref+aging+sfreq+idle+age+dirty+refaults+rdist,F+K,10,matmul,heldout,1.0095,-0.1542,2,0
matmul,freq+sd+wr,F,3,matmul,heldout,0.9990,0.0072,2,0
matmul,freq+sd+wr+ref+aging+sfreq+idle+age+dirty,F+K,9,matmul,heldout,1.1082,-0.9878,2,0
matmul,freq+sd+wr+ref+aging+sfreq+idle+age+dirty+refaults+rdist,F+K,11,matmul,heldout,1.0096,-0.1551,2,0
matmul,freq+wr,F,2,matmul,heldout,1.5694,-4.1783,2,0
matmul,freq+wr+ref+aging+sfreq+idle+age+dirty,F+K,8,matmul,heldout,1.1082,-0.9878,2,0
matmul,freq+wr+ref+aging+sfreq+idle+age+dirty+refaults+rdist,F+K,10,matmul,heldout,1.0099,-0.1569,2,0
matmul,idle,K,1,matmul,heldout,0.9990,0.0072,2,0
matmul,idle+age,K,2,matmul,heldout,0.9990,0.0072,2,0
matmul,idle+age+dirty,K,3,matmul,heldout,0.9990,0.0072,2,0
matmul,idle+age+dirty+rdist,K+K+,4,matmul,heldout,0.9926,-0.0182,2,0
matmul,idle+age+dirty+refaults,K+K+,4,matmul,heldout,0.9990,0.0072,2,0
matmul,idle+age+dirty+refaults+rdist,K+K+,5,matmul,heldout,0.9807,0.0749,2,0
matmul,idle+age+rdist,K+K+,3,matmul,heldout,0.9735,0.1311,2,0
matmul,idle+age+refaults,K+K+,3,matmul,heldout,0.9990,0.0072,2,0
matmul,idle+age+refaults+rdist,K+K+,4,matmul,heldout,1.0009,-0.0110,2,0
matmul,idle+dirty,K,2,matmul,heldout,0.9990,0.0072,2,0
matmul,idle+dirty+rdist,K+K+,3,matmul,heldout,0.9755,0.1151,2,0
matmul,idle+dirty+refaults,K+K+,3,matmul,heldout,0.9990,0.0072,2,0
matmul,idle+dirty+refaults+rdist,K+K+,4,matmul,heldout,0.9922,-0.0160,2,0
matmul,idle+rdist,K+K+,2,matmul,heldout,0.9717,0.1450,2,0
matmul,idle+refaults,K+K+,2,matmul,heldout,0.9990,0.0072,2,0
matmul,idle+refaults+rdist,K+K+,3,matmul,heldout,0.9717,0.1450,2,0
matmul,rdist,K+K+,1,matmul,heldout,1.1348,-1.1854,2,0
matmul,rec,F,1,matmul,heldout,0.9990,0.0072,2,0
matmul,rec+freq,F,2,matmul,heldout,0.9990,0.0072,2,0
matmul,rec+freq+ref+aging+sfreq+idle+age+dirty,F+K,8,matmul,heldout,1.0641,-0.6053,2,0
matmul,rec+freq+ref+aging+sfreq+idle+age+dirty+refaults+rdist,F+K,10,matmul,heldout,1.0093,-0.1524,2,0
matmul,rec+freq+sd,F,3,matmul,heldout,0.9990,0.0072,2,0
matmul,rec+freq+sd+ref+aging+sfreq+idle+age+dirty,F+K,9,matmul,heldout,1.1760,-1.6053,2,0
matmul,rec+freq+sd+ref+aging+sfreq+idle+age+dirty+refaults+rdist,F+K,11,matmul,heldout,1.0094,-0.1533,2,0
matmul,rec+freq+sd+wr,F,4,matmul,heldout,0.9990,0.0072,2,0
matmul,rec+freq+sd+wr+ref+aging+sfreq+idle+age+dirty,F+K,10,matmul,heldout,1.1760,-1.6053,2,0
matmul,rec+freq+sd+wr+ref+aging+sfreq+idle+age+dirty+refaults+rdist,F+K,12,matmul,heldout,1.0095,-0.1542,2,0
matmul,rec+freq+wr,F,3,matmul,heldout,0.9990,0.0072,2,0
matmul,rec+freq+wr+ref+aging+sfreq+idle+age+dirty,F+K,9,matmul,heldout,1.1594,-1.4507,2,0
matmul,rec+freq+wr+ref+aging+sfreq+idle+age+dirty+refaults+rdist,F+K,11,matmul,heldout,1.0093,-0.1524,2,0
matmul,rec+ref+aging+sfreq+idle+age+dirty,F+K,7,matmul,heldout,1.0641,-0.6053,2,0
matmul,rec+ref+aging+sfreq+idle+age+dirty+refaults+rdist,F+K,9,matmul,heldout,1.0093,-0.1524,2,0
matmul,rec+sd,F,2,matmul,heldout,0.9990,0.0072,2,0
matmul,rec+sd+ref+aging+sfreq+idle+age+dirty,F+K,8,matmul,heldout,1.0081,-0.1424,2,0
matmul,rec+sd+ref+aging+sfreq+idle+age+dirty+refaults+rdist,F+K,10,matmul,heldout,1.0094,-0.1533,2,0
matmul,rec+sd+wr,F,3,matmul,heldout,0.9990,0.0072,2,0
matmul,rec+sd+wr+ref+aging+sfreq+idle+age+dirty,F+K,9,matmul,heldout,1.1760,-1.6053,2,0
matmul,rec+sd+wr+ref+aging+sfreq+idle+age+dirty+refaults+rdist,F+K,11,matmul,heldout,1.1082,-0.9878,2,0
matmul,rec+wr,F,2,matmul,heldout,0.9990,0.0072,2,0
matmul,rec+wr+ref+aging+sfreq+idle+age+dirty,F+K,8,matmul,heldout,1.1594,-1.4507,2,0
matmul,rec+wr+ref+aging+sfreq+idle+age+dirty+refaults+rdist,F+K,10,matmul,heldout,1.0093,-0.1524,2,0
matmul,ref,K,1,matmul,heldout,0.9990,0.0072,2,0
matmul,ref+age,K,2,matmul,heldout,1.5412,-4.0922,2,0
matmul,ref+age+dirty,K,3,matmul,heldout,1.5246,-3.9376,2,0
matmul,ref+age+dirty+rdist,K+K+,4,matmul,heldout,1.4644,-3.5600,2,0
matmul,ref+age+dirty+refaults,K+K+,4,matmul,heldout,1.5246,-3.9376,2,0
matmul,ref+age+dirty+refaults+rdist,K+K+,5,matmul,heldout,1.4644,-3.5600,2,0
matmul,ref+age+rdist,K+K+,3,matmul,heldout,1.4958,-3.8565,2,0
matmul,ref+age+refaults,K+K+,3,matmul,heldout,1.5412,-4.0922,2,0
matmul,ref+age+refaults+rdist,K+K+,4,matmul,heldout,1.4958,-3.8565,2,0
matmul,ref+aging,K,2,matmul,heldout,0.9990,0.0072,2,0
matmul,ref+aging+age,K,3,matmul,heldout,0.9990,0.0072,2,0
matmul,ref+aging+age+dirty,K,4,matmul,heldout,0.9990,0.0072,2,0
matmul,ref+aging+age+dirty+rdist,K+K+,5,matmul,heldout,1.1150,-1.0475,2,0
matmul,ref+aging+age+dirty+refaults,K+K+,5,matmul,heldout,1.0008,-0.0063,2,0
matmul,ref+aging+age+dirty+refaults+rdist,K+K+,6,matmul,heldout,1.2603,-1.7261,2,0
matmul,ref+aging+age+rdist,K+K+,4,matmul,heldout,0.9991,0.0026,2,0
matmul,ref+aging+age+refaults,K+K+,4,matmul,heldout,0.9990,0.0072,2,0
matmul,ref+aging+age+refaults+rdist,K+K+,5,matmul,heldout,1.1421,-0.8158,2,0
matmul,ref+aging+dirty,K,3,matmul,heldout,0.9990,0.0072,2,0
matmul,ref+aging+dirty+rdist,K+K+,4,matmul,heldout,1.1450,-1.1847,2,0
matmul,ref+aging+dirty+refaults,K+K+,4,matmul,heldout,0.9990,0.0072,2,0
matmul,ref+aging+dirty+refaults+rdist,K+K+,5,matmul,heldout,1.1450,-1.1847,2,0
matmul,ref+aging+idle,K,3,matmul,heldout,0.9990,0.0072,2,0
matmul,ref+aging+idle+age,K,4,matmul,heldout,1.0405,-0.3101,2,0
matmul,ref+aging+idle+age+dirty,K,5,matmul,heldout,1.0008,-0.0063,2,0
matmul,ref+aging+idle+age+dirty+rdist,K+K+,6,matmul,heldout,1.1150,-1.0475,2,0
matmul,ref+aging+idle+age+dirty+refaults,K+K+,6,matmul,heldout,1.0008,-0.0063,2,0
matmul,ref+aging+idle+age+dirty+refaults+rdist,K+K+,7,matmul,heldout,0.9787,0.0904,2,0
matmul,ref+aging+idle+age+rdist,K+K+,5,matmul,heldout,1.3066,-1.9903,2,0
matmul,ref+aging+idle+age+refaults,K+K+,5,matmul,heldout,1.1825,-1.0878,2,0
matmul,ref+aging+idle+age+refaults+rdist,K+K+,6,matmul,heldout,1.2966,-1.9144,2,0
matmul,ref+aging+idle+dirty,K,4,matmul,heldout,0.9990,0.0072,2,0
matmul,ref+aging+idle+dirty+rdist,K+K+,5,matmul,heldout,0.9718,0.1441,2,0
matmul,ref+aging+idle+dirty+refaults,K+K+,5,matmul,heldout,1.0008,-0.0063,2,0
matmul,ref+aging+idle+dirty+refaults+rdist,K+K+,6,matmul,heldout,0.9837,0.0509,2,0
matmul,ref+aging+idle+rdist,K+K+,4,matmul,heldout,0.9991,0.0026,2,0
matmul,ref+aging+idle+refaults,K+K+,4,matmul,heldout,1.0405,-0.3101,2,0
matmul,ref+aging+idle+refaults+rdist,K+K+,5,matmul,heldout,1.1492,-1.2126,2,0
matmul,ref+aging+rdist,K+K+,3,matmul,heldout,0.9711,0.1495,2,0
matmul,ref+aging+refaults,K+K+,3,matmul,heldout,0.9990,0.0072,2,0
matmul,ref+aging+refaults+rdist,K+K+,4,matmul,heldout,0.9711,0.1495,2,0
matmul,ref+aging+sfreq,K,3,matmul,heldout,0.9990,0.0072,2,0
matmul,ref+aging+sfreq+age,K,4,matmul,heldout,1.0082,-0.1433,2,0
matmul,ref+aging+sfreq+age+dirty,K,5,matmul,heldout,1.0082,-0.1433,2,0
matmul,ref+aging+sfreq+age+dirty+rdist,K+K+,6,matmul,heldout,1.1082,-0.9878,2,0
matmul,ref+aging+sfreq+age+dirty+refaults,K+K+,6,matmul,heldout,1.0082,-0.1433,2,0
matmul,ref+aging+sfreq+age+dirty+refaults+rdist,K+K+,7,matmul,heldout,1.1082,-0.9878,2,0
matmul,ref+aging+sfreq+age+rdist,K+K+,5,matmul,heldout,1.1082,-0.9878,2,0
matmul,ref+aging+sfreq+age+refaults,K+K+,5,matmul,heldout,1.0082,-0.1433,2,0
matmul,ref+aging+sfreq+age+refaults+rdist,K+K+,6,matmul,heldout,1.1082,-0.9878,2,0
matmul,ref+aging+sfreq+dirty,K,4,matmul,heldout,1.0008,-0.0063,2,0
matmul,ref+aging+sfreq+dirty+rdist,K+K+,5,matmul,heldout,1.1450,-1.1847,2,0
matmul,ref+aging+sfreq+dirty+refaults,K+K+,5,matmul,heldout,1.0008,-0.0063,2,0
matmul,ref+aging+sfreq+dirty+refaults+rdist,K+K+,6,matmul,heldout,1.2850,-1.8545,2,0
matmul,ref+aging+sfreq+idle,K,4,matmul,heldout,1.1825,-1.0878,2,0
matmul,ref+aging+sfreq+idle+age,K,5,matmul,heldout,1.1082,-0.9878,2,0
matmul,ref+aging+sfreq+idle+age+dirty,K,6,matmul,heldout,1.1082,-0.9878,2,0
matmul,ref+aging+sfreq+idle+age+dirty+rdist,K+K+,7,matmul,heldout,1.3379,-3.2283,2,0
matmul,ref+aging+sfreq+idle+age+dirty+refaults,K+K+,7,matmul,heldout,1.1082,-0.9878,2,0
matmul,ref+aging+sfreq+idle+age+dirty+refaults+rdist,K+K+,8,matmul,heldout,1.1082,-0.9878,2,0
matmul,ref+aging+sfreq+idle+age+rdist,K+K+,6,matmul,heldout,1.3379,-3.2283,2,0
matmul,ref+aging+sfreq+idle+age+refaults,K+K+,6,matmul,heldout,1.1082,-0.9878,2,0
matmul,ref+aging+sfreq+idle+age+refaults+rdist,K+K+,7,matmul,heldout,1.1082,-0.9878,2,0
matmul,ref+aging+sfreq+idle+dirty,K,5,matmul,heldout,1.0008,-0.0063,2,0
matmul,ref+aging+sfreq+idle+dirty+rdist,K+K+,6,matmul,heldout,1.1391,-1.1332,2,0
matmul,ref+aging+sfreq+idle+dirty+refaults,K+K+,6,matmul,heldout,1.0008,-0.0063,2,0
matmul,ref+aging+sfreq+idle+dirty+refaults+rdist,K+K+,7,matmul,heldout,1.0122,-0.1007,2,0
matmul,ref+aging+sfreq+idle+rdist,K+K+,5,matmul,heldout,1.3066,-1.9903,2,0
matmul,ref+aging+sfreq+idle+refaults,K+K+,5,matmul,heldout,1.1375,-0.7840,2,0
matmul,ref+aging+sfreq+idle+refaults+rdist,K+K+,6,matmul,heldout,1.2966,-1.9144,2,0
matmul,ref+aging+sfreq+rdist,K+K+,4,matmul,heldout,1.1404,-1.1367,2,0
matmul,ref+aging+sfreq+refaults,K+K+,4,matmul,heldout,1.0008,-0.0063,2,0
matmul,ref+aging+sfreq+refaults+rdist,K+K+,5,matmul,heldout,1.2861,-1.8588,2,0
matmul,ref+dirty,K,2,matmul,heldout,1.1514,-1.2224,2,0
matmul,ref+dirty+rdist,K+K+,3,matmul,heldout,1.1513,-1.2050,2,0
matmul,ref+dirty+refaults,K+K+,3,matmul,heldout,1.1428,-1.1658,2,0
matmul,ref+dirty+refaults+rdist,K+K+,4,matmul,heldout,1.1513,-1.2050,2,0
matmul,ref+idle,K,2,matmul,heldout,0.9990,0.0072,2,0
matmul,ref+idle+age,K,3,matmul,heldout,0.9990,0.0072,2,0
matmul,ref+idle+age+dirty,K,4,matmul,heldout,0.9990,0.0072,2,0
matmul,ref+idle+age+dirty+rdist,K+K+,5,matmul,heldout,0.9717,0.1451,2,0
matmul,ref+idle+age+dirty+refaults,K+K+,5,matmul,heldout,0.9990,0.0072,2,0
matmul,ref+idle+age+dirty+refaults+rdist,K+K+,6,matmul,heldout,1.0016,-0.0118,2,0
matmul,ref+idle+age+rdist,K+K+,4,matmul,heldout,0.9711,0.1493,2,0
matmul,ref+idle+age+refaults,K+K+,4,matmul,heldout,0.9990,0.0072,2,0
matmul,ref+idle+age+refaults+rdist,K+K+,5,matmul,heldout,0.9991,0.0026,2,0
matmul,ref+idle+dirty,K,3,matmul,heldout,0.9990,0.0072,2,0
matmul,ref+idle+dirty+rdist,K+K+,4,matmul,heldout,0.9980,0.0069,2,0
matmul,ref+idle+dirty+refaults,K+K+,4,matmul,heldout,0.9990,0.0072,2,0
matmul,ref+idle+dirty+refaults+rdist,K+K+,5,matmul,heldout,0.9980,0.0069,2,0
matmul,ref+idle+rdist,K+K+,3,matmul,heldout,0.9711,0.1495,2,0
matmul,ref+idle+refaults,K+K+,3,matmul,heldout,0.9990,0.0072,2,0
matmul,ref+idle+refaults+rdist,K+K+,4,matmul,heldout,0.9717,0.1450,2,0
matmul,ref+rdist,K+K+,2,matmul,heldout,1.1215,-1.0679,2,0
matmul,ref+refaults,K+K+,2,matmul,heldout,0.9692,0.1639,2,0
matmul,ref+refaults+rdist,K+K+,3,matmul,heldout,1.1215,-1.0679,2,0
matmul,ref+sfreq,K,2,matmul,heldout,1.5412,-4.0922,2,0
matmul,ref+sfreq+age,K,3,matmul,heldout,1.4957,-3.8556,2,0
matmul,ref+sfreq+age+dirty,K,4,matmul,heldout,1.4957,-3.8556,2,0
matmul,ref+sfreq+age+dirty+rdist,K+K+,5,matmul,heldout,1.4957,-3.8556,2,0
matmul,ref+sfreq+age+dirty+refaults,K+K+,5,matmul,heldout,1.4957,-3.8556,2,0
matmul,ref+sfreq+age+dirty+refaults+rdist,K+K+,6,matmul,heldout,1.4957,-3.8556,2,0
matmul,ref+sfreq+age+rdist,K+K+,4,matmul,heldout,1.4957,-3.8556,2,0
matmul,ref+sfreq+age+refaults,K+K+,4,matmul,heldout,1.4957,-3.8556,2,0
matmul,ref+sfreq+age+refaults+rdist,K+K+,5,matmul,heldout,1.4957,-3.8556,2,0
matmul,ref+sfreq+dirty,K,3,matmul,heldout,1.5246,-3.9376,2,0
matmul,ref+sfreq+dirty+rdist,K+K+,4,matmul,heldout,1.4940,-3.8394,2,0
matmul,ref+sfreq+dirty+refaults,K+K+,4,matmul,heldout,1.5246,-3.9376,2,0
matmul,ref+sfreq+dirty+refaults+rdist,K+K+,5,matmul,heldout,1.4940,-3.8394,2,0
matmul,ref+sfreq+idle,K,3,matmul,heldout,0.9990,0.0072,2,0
matmul,ref+sfreq+idle+age,K,4,matmul,heldout,0.9990,0.0072,2,0
matmul,ref+sfreq+idle+age+dirty,K,5,matmul,heldout,0.9990,0.0072,2,0
matmul,ref+sfreq+idle+age+dirty+rdist,K+K+,6,matmul,heldout,1.0010,-0.0072,2,0
matmul,ref+sfreq+idle+age+dirty+refaults,K+K+,6,matmul,heldout,0.9990,0.0072,2,0
matmul,ref+sfreq+idle+age+dirty+refaults+rdist,K+K+,7,matmul,heldout,1.0010,-0.0072,2,0
matmul,ref+sfreq+idle+age+rdist,K+K+,5,matmul,heldout,0.9710,0.1504,2,0
matmul,ref+sfreq+idle+age+refaults,K+K+,5,matmul,heldout,0.9990,0.0072,2,0
matmul,ref+sfreq+idle+age+refaults+rdist,K+K+,6,matmul,heldout,0.9990,0.0035,2,0
matmul,ref+sfreq+idle+dirty,K,4,matmul,heldout,0.9990,0.0072,2,0
matmul,ref+sfreq+idle+dirty+rdist,K+K+,5,matmul,heldout,0.9998,-0.0066,2,0
matmul,ref+sfreq+idle+dirty+refaults,K+K+,5,matmul,heldout,0.9990,0.0072,2,0
matmul,ref+sfreq+idle+dirty+refaults+rdist,K+K+,6,matmul,heldout,1.0034,-0.0253,2,0
matmul,ref+sfreq+idle+rdist,K+K+,4,matmul,heldout,0.9717,0.1450,2,0
matmul,ref+sfreq+idle+refaults,K+K+,4,matmul,heldout,0.9990,0.0072,2,0
matmul,ref+sfreq+idle+refaults+rdist,K+K+,5,matmul,heldout,0.9991,0.0026,2,0
matmul,ref+sfreq+rdist,K+K+,3,matmul,heldout,1.4940,-3.8394,2,0
matmul,ref+sfreq+refaults,K+K+,3,matmul,heldout,1.5412,-4.0922,2,0
matmul,ref+sfreq+refaults+rdist,K+K+,4,matmul,heldout,1.4940,-3.8394,2,0
matmul,refaults,K+K+,1,matmul,heldout,1.1348,-1.1854,2,0
matmul,refaults+rdist,K+K+,2,matmul,heldout,1.1348,-1.1854,2,0
matmul,sd,F,1,matmul,heldout,0.9990,0.0072,2,0
matmul,sd+ref+aging+sfreq+idle+age+dirty,F+K,7,matmul,heldout,1.1082,-0.9878,2,0
matmul,sd+ref+aging+sfreq+idle+age+dirty+refaults+rdist,F+K,9,matmul,heldout,1.0096,-0.1551,2,0
matmul,sd+wr,F,2,matmul,heldout,0.9990,0.0072,2,0
matmul,sd+wr+ref+aging+sfreq+idle+age+dirty,F+K,8,matmul,heldout,1.1082,-0.9878,2,0
matmul,sd+wr+ref+aging+sfreq+idle+age+dirty+refaults+rdist,F+K,10,matmul,heldout,1.1082,-0.9878,2,0
matmul,sfreq,K,1,matmul,heldout,1.5412,-4.0922,2,0
matmul,sfreq+age,K,2,matmul,heldout,1.5540,-4.0426,2,0
matmul,sfreq+age+dirty,K,3,matmul,heldout,1.5675,-4.1647,2,0
matmul,sfreq+age+dirty+rdist,K+K+,4,matmul,heldout,1.4644,-3.5600,2,0
matmul,sfreq+age+dirty+refaults,K+K+,4,matmul,heldout,1.5675,-4.1647,2,0
matmul,sfreq+age+dirty+refaults+rdist,K+K+,5,matmul,heldout,1.4644,-3.5600,2,0
matmul,sfreq+age+rdist,K+K+,3,matmul,heldout,1.5400,-4.0356,2,0
matmul,sfreq+age+refaults,K+K+,3,matmul,heldout,1.5486,-3.9938,2,0
matmul,sfreq+age+refaults+rdist,K+K+,4,matmul,heldout,1.5400,-4.0356,2,0
matmul,sfreq+dirty,K,2,matmul,heldout,1.5329,-4.0144,2,0
matmul,sfreq+dirty+rdist,K+K+,3,matmul,heldout,1.4644,-3.5600,2,0
matmul,sfreq+dirty+refaults,K+K+,3,matmul,heldout,1.5333,-4.0180,2,0
matmul,sfreq+dirty+refaults+rdist,K+K+,4,matmul,heldout,1.4644,-3.5600,2,0
matmul,sfreq+idle,K,2,matmul,heldout,0.9990,0.0072,2,0
matmul,sfreq+idle+age,K,3,matmul,heldout,0.9990,0.0072,2,0
matmul,sfreq+idle+age+dirty,K,4,matmul,heldout,0.9990,0.0072,2,0
matmul,sfreq+idle+age+dirty+rdist,K+K+,5,matmul,heldout,0.9719,0.1433,2,0
matmul,sfreq+idle+age+dirty+refaults,K+K+,5,matmul,heldout,0.9990,0.0072,2,0
matmul,sfreq+idle+age+dirty+refaults+rdist,K+K+,6,matmul,heldout,0.9711,0.1496,2,0
matmul,sfreq+idle+age+rdist,K+K+,4,matmul,heldout,0.9711,0.1495,2,0
matmul,sfreq+idle+age+refaults,K+K+,4,matmul,heldout,0.9990,0.0072,2,0
matmul,sfreq+idle+age+refaults+rdist,K+K+,5,matmul,heldout,0.9860,0.0720,2,0
matmul,sfreq+idle+dirty,K,3,matmul,heldout,1.0008,-0.0063,2,0
matmul,sfreq+idle+dirty+rdist,K+K+,4,matmul,heldout,1.0147,-0.1953,2,0
matmul,sfreq+idle+dirty+refaults,K+K+,4,matmul,heldout,1.0008,-0.0063,2,0
matmul,sfreq+idle+dirty+refaults+rdist,K+K+,5,matmul,heldout,0.9981,-0.0615,2,0
matmul,sfreq+idle+rdist,K+K+,3,matmul,heldout,0.9885,0.0490,2,0
matmul,sfreq+idle+refaults,K+K+,3,matmul,heldout,0.9990,0.0072,2,0
matmul,sfreq+idle+refaults+rdist,K+K+,4,matmul,heldout,1.0032,-0.0282,2,0
matmul,sfreq+rdist,K+K+,2,matmul,heldout,1.4644,-3.5600,2,0
matmul,sfreq+refaults,K+K+,2,matmul,heldout,1.5412,-4.0922,2,0
matmul,sfreq+refaults+rdist,K+K+,3,matmul,heldout,1.4644,-3.5600,2,0
matmul,wr,F,1,matmul,heldout,1.4077,-2.9885,2,0
matmul,wr+ref+aging+sfreq+idle+age+dirty,F+K,7,matmul,heldout,1.1082,-0.9878,2,0
matmul,wr+ref+aging+sfreq+idle+age+dirty+refaults+rdist,F+K,9,matmul,heldout,1.1082,-0.9878,2,0
sort,age,K,1,sort,heldout,1.0000,0.0000,3,0
sort,age,K,1,sort,test,0.9757,0.1692,2,0
sort,age,K,1,sort,val,0.9800,0.1608,2,0
sort,age+dirty,K,2,sort,heldout,1.0000,0.0000,3,0
sort,age+dirty,K,2,sort,test,0.9757,0.1692,2,0
sort,age+dirty,K,2,sort,val,0.9800,0.1608,2,0
sort,age+dirty+rdist,K+K+,3,sort,heldout,1.0000,0.0000,3,0
sort,age+dirty+rdist,K+K+,3,sort,test,0.9944,0.0358,2,0
sort,age+dirty+rdist,K+K+,3,sort,val,1.0019,-0.0183,2,0
sort,age+dirty+refaults,K+K+,3,sort,heldout,1.0000,0.0000,3,0
sort,age+dirty+refaults,K+K+,3,sort,test,0.9757,0.1692,2,0
sort,age+dirty+refaults,K+K+,3,sort,val,0.9800,0.1608,2,0
sort,age+dirty+refaults+rdist,K+K+,4,sort,heldout,1.0000,0.0000,3,0
sort,age+dirty+refaults+rdist,K+K+,4,sort,test,0.9990,-0.0036,2,0
sort,age+dirty+refaults+rdist,K+K+,4,sort,val,0.9939,0.0479,2,0
sort,age+rdist,K+K+,2,sort,heldout,1.0000,0.0000,3,0
sort,age+rdist,K+K+,2,sort,test,1.0068,-0.0615,2,0
sort,age+rdist,K+K+,2,sort,val,1.0192,-0.1676,2,0
sort,age+refaults,K+K+,2,sort,heldout,1.0000,0.0000,3,0
sort,age+refaults,K+K+,2,sort,test,0.9757,0.1692,2,0
sort,age+refaults,K+K+,2,sort,val,0.9800,0.1608,2,0
sort,age+refaults+rdist,K+K+,3,sort,heldout,1.0000,0.0000,3,0
sort,age+refaults+rdist,K+K+,3,sort,test,1.0009,-0.0204,2,0
sort,age+refaults+rdist,K+K+,3,sort,val,1.0039,-0.0405,2,0
sort,aging,K,1,sort,heldout,1.0000,0.0000,3,0
sort,aging,K,1,sort,test,0.9622,0.2869,2,0
sort,aging,K,1,sort,val,0.9648,0.3015,2,0
sort,aging+age,K,2,sort,heldout,1.0048,-0.0581,3,0
sort,aging+age,K,2,sort,test,1.0735,-0.6517,2,0
sort,aging+age,K,2,sort,val,1.0799,-0.7541,2,0
sort,aging+age+dirty,K,3,sort,heldout,1.0011,-0.0129,3,0
sort,aging+age+dirty,K,3,sort,test,1.0735,-0.6374,2,0
sort,aging+age+dirty,K,3,sort,val,1.0981,-0.9176,2,0
sort,aging+age+dirty+rdist,K+K+,4,sort,heldout,1.0000,0.0000,3,0
sort,aging+age+dirty+rdist,K+K+,4,sort,test,1.0118,-0.1160,2,0
sort,aging+age+dirty+rdist,K+K+,4,sort,val,1.0199,-0.1930,2,0
sort,aging+age+dirty+refaults,K+K+,4,sort,heldout,1.0000,0.0000,3,0
sort,aging+age+dirty+refaults,K+K+,4,sort,test,1.0096,-0.0987,2,0
sort,aging+age+dirty+refaults,K+K+,4,sort,val,1.0153,-0.1500,2,0
sort,aging+age+dirty+refaults+rdist,K+K+,5,sort,heldout,1.0000,0.0000,3,0
sort,aging+age+dirty+refaults+rdist,K+K+,5,sort,test,0.9971,0.0083,2,0
sort,aging+age+dirty+refaults+rdist,K+K+,5,sort,val,1.0069,-0.0665,2,0
sort,aging+age+rdist,K+K+,3,sort,heldout,1.0000,0.0000,3,0
sort,aging+age+rdist,K+K+,3,sort,test,1.0179,-0.1766,2,0
sort,aging+age+rdist,K+K+,3,sort,val,1.0267,-0.2555,2,0
sort,aging+age+refaults,K+K+,3,sort,heldout,1.0000,0.0000,3,0
sort,aging+age+refaults,K+K+,3,sort,test,0.9769,0.1533,2,0
sort,aging+age+refaults,K+K+,3,sort,val,0.9823,0.1292,2,0
sort,aging+age+refaults+rdist,K+K+,4,sort,heldout,1.0000,0.0000,3,0
sort,aging+age+refaults+rdist,K+K+,4,sort,test,1.0001,-0.0147,2,0
sort,aging+age+refaults+rdist,K+K+,4,sort,val,1.0077,-0.0730,2,0
sort,aging+dirty,K,2,sort,heldout,1.0000,0.0000,3,0
sort,aging+dirty,K,2,sort,test,0.9637,0.2754,2,0
sort,aging+dirty,K,2,sort,val,0.9656,0.2950,2,0
sort,aging+dirty+rdist,K+K+,3,sort,heldout,1.1459,-1.7828,3,0
sort,aging+dirty+rdist,K+K+,3,sort,test,1.0960,-1.1239,2,0
sort,aging+dirty+rdist,K+K+,3,sort,val,1.1042,-1.1940,2,0
sort,aging+dirty+refaults,K+K+,3,sort,heldout,1.0000,0.0000,3,0
sort,aging+dirty+refaults,K+K+,3,sort,test,0.9653,0.2639,2,0
sort,aging+dirty+refaults,K+K+,3,sort,val,0.9687,0.2690,2,0
sort,aging+dirty+refaults+rdist,K+K+,4,sort,heldout,0.9514,0.5935,3,0
sort,aging+dirty+refaults+rdist,K+K+,4,sort,test,0.9628,0.3790,2,0
sort,aging+dirty+refaults+rdist,K+K+,4,sort,val,0.9679,0.3481,2,0
sort,aging+idle,K,2,sort,heldout,1.0000,0.0000,3,0
sort,aging+idle,K,2,sort,test,0.9622,0.2869,2,0
sort,aging+idle,K,2,sort,val,0.9648,0.3015,2,0
sort,aging+idle+age,K,3,sort,heldout,1.0252,-0.3075,3,0
sort,aging+idle+age,K,3,sort,test,1.1407,-1.2916,2,0
sort,aging+idle+age,K,3,sort,val,1.1576,-1.5628,2,0
sort,aging+idle+age+dirty,K,4,sort,heldout,1.0213,-0.2602,3,0
sort,aging+idle+age+dirty,K,4,sort,test,1.1497,-1.4937,2,0
sort,aging+idle+age+dirty,K,4,sort,val,1.1375,-1.4176,2,0
sort,aging+idle+age+dirty+rdist,K+K+,5,sort,heldout,1.0943,-1.1656,3,0
sort,aging+idle+age+dirty+rdist,K+K+,5,sort,test,1.1092,-1.3101,2,0
sort,aging+idle+age+dirty+rdist,K+K+,5,sort,val,1.1367,-1.5232,2,0
sort,aging+idle+age+dirty+refaults,K+K+,5,sort,heldout,1.0121,-0.1484,3,0
sort,aging+idle+age+dirty+refaults,K+K+,5,sort,test,0.9930,-0.0017,2,0
sort,aging+idle+age+dirty+refaults,K+K+,5,sort,val,1.0205,-0.2306,2,0
sort,aging+idle+age+dirty+refaults+rdist,K+K+,6,sort,heldout,1.0125,-0.1527,3,0
sort,aging+idle+age+dirty+refaults+rdist,K+K+,6,sort,test,1.0244,-0.2813,2,0
sort,aging+idle+age+dirty+refaults+rdist,K+K+,6,sort,val,1.0278,-0.3023,2,0
sort,aging+idle+age+rdist,K+K+,4,sort,heldout,1.0469,-0.5742,3,0
sort,aging+idle+age+rdist,K+K+,4,sort,test,1.1377,-1.4836,2,0
sort,aging+idle+age+rdist,K+K+,4,sort,val,1.1590,-1.7006,2,0
sort,aging+idle+age+refaults,K+K+,4,sort,heldout,1.0123,-0.1505,3,0
sort,aging+idle+age+refaults,K+K+,4,sort,test,0.9976,-0.0508,2,0
sort,aging+idle+age+refaults,K+K+,4,sort,val,1.0059,-0.0991,2,0
sort,aging+idle+age+refaults+rdist,K+K+,5,sort,heldout,1.0125,-0.1527,3,0
sort,aging+idle+age+refaults+rdist,K+K+,5,sort,test,1.0229,-0.2311,2,0
sort,aging+idle+age+refaults+rdist,K+K+,5,sort,val,1.0221,-0.2556,2,0
sort,aging+idle+dirty,K,3,sort,heldout,1.0000,0.0000,3,0
sort,aging+idle+dirty,K,3,sort,test,0.9676,0.2467,2,0
sort,aging+idle+dirty,K,3,sort,val,0.9664,0.2885,2,0
sort,aging+idle+dirty+rdist,K+K+,4,sort,heldout,0.9629,0.4538,3,0
sort,aging+idle+dirty+rdist,K+K+,4,sort,test,1.0299,-0.4194,2,0
sort,aging+idle+dirty+rdist,K+K+,4,sort,val,1.0260,-0.3042,2,0
sort,aging+idle+dirty+refaults,K+K+,4,sort,heldout,1.0000,0.0000,3,0
sort,aging+idle+dirty+refaults,K+K+,4,sort,test,0.9653,0.2639,2,0
sort,aging+idle+dirty+refaults,K+K+,4,sort,val,0.9687,0.2690,2,0
sort,aging+idle+dirty+refaults+rdist,K+K+,5,sort,heldout,0.9882,0.1441,3,0
sort,aging+idle+dirty+refaults+rdist,K+K+,5,sort,test,0.9769,0.1875,2,0
sort,aging+idle+dirty+refaults+rdist,K+K+,5,sort,val,0.9804,0.1797,2,0
sort,aging+idle+rdist,K+K+,3,sort,heldout,0.9709,0.3548,3,0
sort,aging+idle+rdist,K+K+,3,sort,test,1.0268,-0.3915,2,0
sort,aging+idle+rdist,K+K+,3,sort,val,1.0346,-0.4200,2,0
sort,aging+idle+refaults,K+K+,3,sort,heldout,1.0000,0.0000,3,0
sort,aging+idle+refaults,K+K+,3,sort,test,0.9668,0.2524,2,0
sort,aging+idle+refaults,K+K+,3,sort,val,0.9711,0.2496,2,0
sort,aging+idle+refaults+rdist,K+K+,4,sort,heldout,0.9836,0.2000,3,0
sort,aging+idle+refaults+rdist,K+K+,4,sort,test,0.9768,0.1973,2,0
sort,aging+idle+refaults+rdist,K+K+,4,sort,val,0.9804,0.1878,2,0
sort,aging+rdist,K+K+,2,sort,heldout,1.1742,-2.1290,3,0
sort,aging+rdist,K+K+,2,sort,test,1.0964,-1.1292,2,0
sort,aging+rdist,K+K+,2,sort,val,1.1034,-1.1875,2,0
sort,aging+refaults,K+K+,2,sort,heldout,1.0000,0.0000,3,0
sort,aging+refaults,K+K+,2,sort,test,0.9668,0.2524,2,0
sort,aging+refaults,K+K+,2,sort,val,0.9711,0.2496,2,0
sort,aging+refaults+rdist,K+K+,3,sort,heldout,0.9530,0.5742,3,0
sort,aging+refaults+rdist,K+K+,3,sort,test,0.9640,0.3728,2,0
sort,aging+refaults+rdist,K+K+,3,sort,val,0.9683,0.3509,2,0
sort,aging+sfreq,K,2,sort,heldout,1.3613,-4.4151,3,0
sort,aging+sfreq,K,2,sort,test,1.2262,-2.5949,2,0
sort,aging+sfreq,K,2,sort,val,1.2289,-2.6359,2,0
sort,aging+sfreq+age,K,3,sort,heldout,1.0211,-0.2581,3,0
sort,aging+sfreq+age,K,3,sort,test,1.1434,-1.3614,2,0
sort,aging+sfreq+age,K,3,sort,val,1.1613,-1.6062,2,0
sort,aging+sfreq+age+dirty,K,4,sort,heldout,1.0142,-0.1742,3,0
sort,aging+sfreq+age+dirty,K,4,sort,test,1.1414,-1.3161,2,0
sort,aging+sfreq+age+dirty,K,4,sort,val,1.1709,-1.7272,2,0
sort,aging+sfreq+age+dirty+rdist,K+K+,5,sort,heldout,1.1575,-1.9247,3,0
sort,aging+sfreq+age+dirty+rdist,K+K+,5,sort,test,1.1258,-1.3627,2,0
sort,aging+sfreq+age+dirty+rdist,K+K+,5,sort,val,1.1360,-1.4735,2,0
sort,aging+sfreq+age+dirty+refaults,K+K+,5,sort,heldout,1.0081,-0.0989,3,0
sort,aging+sfreq+age+dirty+refaults,K+K+,5,sort,test,1.0080,-0.1308,2,0
sort,aging+sfreq+age+dirty+refaults,K+K+,5,sort,val,1.0204,-0.2064,2,0
sort,aging+sfreq+age+dirty+refaults+rdist,K+K+,6,sort,heldout,1.0067,-0.0817,3,0
sort,aging+sfreq+age+dirty+refaults+rdist,K+K+,6,sort,test,1.0610,-0.7622,2,0
sort,aging+sfreq+age+dirty+refaults+rdist,K+K+,6,sort,val,1.0472,-0.5252,2,0
sort,aging+sfreq+age+rdist,K+K+,4,sort,heldout,1.0474,-0.6022,3,0
sort,aging+sfreq+age+rdist,K+K+,4,sort,test,1.1299,-1.3870,2,0
sort,aging+sfreq+age+rdist,K+K+,4,sort,val,1.1410,-1.5258,2,0
sort,aging+sfreq+age+refaults,K+K+,4,sort,heldout,1.0069,-0.0839,3,0
sort,aging+sfreq+age+refaults,K+K+,4,sort,test,1.0519,-0.5180,2,0
sort,aging+sfreq+age+refaults,K+K+,4,sort,val,1.0579,-0.5661,2,0
sort,aging+sfreq+age+refaults+rdist,K+K+,5,sort,heldout,1.0049,-0.0602,3,0
sort,aging+sfreq+age+refaults+rdist,K+K+,5,sort,test,1.0384,-0.3709,2,0
sort,aging+sfreq+age+refaults+rdist,K+K+,5,sort,val,1.0456,-0.4610,2,0
sort,aging+sfreq+dirty,K,3,sort,heldout,1.3511,-4.2903,3,0
sort,aging+sfreq+dirty,K,3,sort,test,1.2308,-2.6539,2,0
sort,aging+sfreq+dirty,K,3,sort,val,1.2144,-2.4319,2,0
sort,aging+sfreq+dirty+rdist,K+K+,4,sort,heldout,1.1658,-2.0301,3,0
sort,aging+sfreq+dirty+rdist,K+K+,4,sort,test,1.1402,-1.4817,2,0
sort,aging+sfreq+dirty+rdist,K+K+,4,sort,val,1.1382,-1.5886,2,0
sort,aging+sfreq+dirty+refaults,K+K+,4,sort,heldout,1.0978,-1.1957,3,0
sort,aging+sfreq+dirty+refaults,K+K+,4,sort,test,1.0739,-0.8061,2,0
sort,aging+sfreq+dirty+refaults,K+K+,4,sort,val,1.0655,-0.7443,2,0
sort,aging+sfreq+dirty+refaults+rdist,K+K+,5,sort,heldout,1.0812,-0.9935,3,0
sort,aging+sfreq+dirty+refaults+rdist,K+K+,5,sort,test,1.0661,-0.7046,2,0
sort,aging+sfreq+dirty+refaults+rdist,K+K+,5,sort,val,1.0763,-0.8513,2,0
sort,aging+sfreq+idle,K,3,sort,heldout,1.0476,-0.5828,3,0
sort,aging+sfreq+idle,K,3,sort,test,1.1205,-1.3176,2,0
sort,aging+sfreq+idle,K,3,sort,val,1.1476,-1.5641,2,0
sort,aging+sfreq+idle+age,K,4,sort,heldout,1.0456,-0.5570,3,0
sort,aging+sfreq+idle+age,K,4,sort,test,1.1576,-1.5235,2,0
sort,aging+sfreq+idle+age,K,4,sort,val,1.1624,-1.6247,2,0
sort,aging+sfreq+idle+age+dirty,K,5,sort,heldout,1.0275,-0.3355,3,0
sort,aging+sfreq+idle+age+dirty,K,5,sort,test,1.1426,-1.3320,2,0
sort,aging+sfreq+idle+age+dirty,K,5,sort,val,1.1742,-1.7693,2,0
sort,aging+sfreq+idle+age+dirty+rdist,K+K+,6,sort,heldout,1.1744,-2.1312,3,0
sort,aging+sfreq+idle+age+dirty+rdist,K+K+,6,sort,test,1.1325,-1.4678,2,0
sort,aging+sfreq+idle+age+dirty+rdist,K+K+,6,sort,val,1.1406,-1.5798,2,0
sort,aging+sfreq+idle+age+dirty+refaults,K+K+,6,sort,heldout,1.0104,-0.1269,3,0
sort,aging+sfreq+idle+age+dirty+refaults,K+K+,6,sort,test,1.0176,-0.2638,2,0
sort,aging+sfreq+idle+age+dirty+refaults,K+K+,6,sort,val,1.0178,-0.1897,2,0
sort,aging+sfreq+idle+age+dirty+refaults+rdist,K+K+,7,sort,heldout,1.0360,-0.4452,3,0
sort,aging+sfreq+idle+age+dirty+refaults+rdist,K+K+,7,sort,test,1.0456,-0.6032,2,0
sort,aging+sfreq+idle+age+dirty+refaults+rdist,K+K+,7,sort,val,1.0647,-0.7418,2,0
sort,aging+sfreq+idle+age+rdist,K+K+,5,sort,heldout,1.1649,-2.0151,3,0
sort,aging+sfreq+idle+age+rdist,K+K+,5,sort,test,1.1287,-1.4293,2,0
sort,aging+sfreq+idle+age+rdist,K+K+,5,sort,val,1.1266,-1.4065,2,0
sort,aging+sfreq+idle+age+refaults,K+K+,5,sort,heldout,1.0113,-0.1376,3,0
sort,aging+sfreq+idle+age+refaults,K+K+,5,sort,test,1.0457,-0.4765,2,0
sort,aging+sfreq+idle+age+refaults,K+K+,5,sort,val,1.0592,-0.5859,2,0
sort,aging+sfreq+idle+age+refaults+rdist,K+K+,6,sort,heldout,1.0120,-0.1462,3,0
sort,aging+sfreq+idle+age+refaults+rdist,K+K+,6,sort,test,1.0448,-0.4560,2,0
sort,aging+sfreq+idle+age+refaults+rdist,K+K+,6,sort,val,1.0538,-0.6025,2,0
sort,aging+sfreq+idle+dirty,K,4,sort,heldout,1.0543,-0.6645,3,0
sort,aging+sfreq+idle+dirty,K,4,sort,test,1.1110,-1.0885,2,0
sort,aging+sfreq+idle+dirty,K,4,sort,val,1.1082,-1.0874,2,0
sort,aging+sfreq+idle+dirty+rdist,K+K+,5,sort,heldout,1.1371,-1.6774,3,0
sort,aging+sfreq+idle+dirty+rdist,K+K+,5,sort,test,1.1160,-1.2249,2,0
sort,aging+sfreq+idle+dirty+rdist,K+K+,5,sort,val,1.1077,-1.2131,2,0
sort,aging+sfreq+idle+dirty+refaults,K+K+,5,sort,heldout,1.0099,-0.1226,3,0
sort,aging+sfreq+idle+dirty+refaults,K+K+,5,sort,test,1.0287,-0.3594,2,0
sort,aging+sfreq+idle+dirty+refaults,K+K+,5,sort,val,1.0353,-0.3592,2,0
sort,aging+sfreq+idle+dirty+refaults+rdist,K+K+,6,sort,heldout,1.0082,-0.1011,3,0
sort,aging+sfreq+idle+dirty+refaults+rdist,K+K+,6,sort,test,1.0460,-0.5400,2,0
sort,aging+sfreq+idle+dirty+refaults+rdist,K+K+,6,sort,val,1.0109,-0.1837,2,0
sort,aging+sfreq+idle+rdist,K+K+,4,sort,heldout,1.1545,-1.8882,3,0
sort,aging+sfreq+idle+rdist,K+K+,4,sort,test,1.1267,-1.3298,2,0
sort,aging+sfreq+idle+rdist,K+K+,4,sort,val,1.1336,-1.4339,2,0
sort,aging+sfreq+idle+refaults,K+K+,4,sort,heldout,1.0244,-0.2989,3,0
sort,aging+sfreq+idle+refaults,K+K+,4,sort,test,1.0570,-0.5293,2,0
sort,aging+sfreq+idle+refaults,K+K+,4,sort,val,1.0517,-0.5021,2,0
sort,aging+sfreq+idle+refaults+rdist,K+K+,5,sort,heldout,1.0172,-0.2129,3,0
sort,aging+sfreq+idle+refaults+rdist,K+K+,5,sort,test,1.0467,-0.5262,2,0
sort,aging+sfreq+idle+refaults+rdist,K+K+,5,sort,val,1.0352,-0.3282,2,0
sort,aging+sfreq+rdist,K+K+,3,sort,heldout,1.2257,-2.7591,3,0
sort,aging+sfreq+rdist,K+K+,3,sort,test,1.1467,-1.6549,2,0
sort,aging+sfreq+rdist,K+K+,3,sort,val,1.1539,-1.6713,2,0
sort,aging+sfreq+refaults,K+K+,3,sort,heldout,1.0985,-1.2043,3,0
sort,aging+sfreq+refaults,K+K+,3,sort,test,1.0870,-0.9380,2,0
sort,aging+sfreq+refaults,K+K+,3,sort,val,1.1050,-1.1843,2,0
sort,aging+sfreq+refaults+rdist,K+K+,4,sort,heldout,1.1198,-1.4645,3,0
sort,aging+sfreq+refaults+rdist,K+K+,4,sort,test,1.0763,-0.9358,2,0
sort,aging+sfreq+refaults+rdist,K+K+,4,sort,val,1.0615,-0.7683,2,0
sort,dirty,K,1,sort,heldout,1.0005,-0.0065,3,0
sort,dirty,K,1,sort,test,0.9830,0.1318,2,0
sort,dirty,K,1,sort,val,0.9789,0.1846,2,0
sort,dirty+rdist,K+K+,2,sort,heldout,1.2879,-3.5183,3,0
sort,dirty+rdist,K+K+,2,sort,test,1.2155,-2.3527,2,0
sort,dirty+rdist,K+K+,2,sort,val,1.2162,-2.3573,2,0
sort,dirty+refaults,K+K+,2,sort,heldout,1.0000,0.0000,3,0
sort,dirty+refaults,K+K+,2,sort,test,1.0188,-0.1632,2,0
sort,dirty+refaults,K+K+,2,sort,val,1.0368,-0.3262,2,0
sort,dirty+refaults+rdist,K+K+,3,sort,heldout,1.3205,-3.9161,3,0
sort,dirty+refaults+rdist,K+K+,3,sort,test,1.1940,-2.0503,2,0
sort,dirty+refaults+rdist,K+K+,3,sort,val,1.2051,-2.2140,2,0
sort,freq,F,1,sort,heldout,1.2883,-3.5226,3,0
sort,freq,F,1,sort,test,1.2041,-2.3354,2,0
sort,freq,F,1,sort,val,1.2106,-2.3833,2,0
sort,freq+ref+aging+sfreq+idle+age+dirty,F+K,7,sort,heldout,1.0879,-1.0753,3,0
sort,freq+ref+aging+sfreq+idle+age+dirty,F+K,7,sort,test,1.0490,-0.6511,2,0
sort,freq+ref+aging+sfreq+idle+age+dirty,F+K,7,sort,val,1.0748,-0.9404,2,0
sort,freq+ref+aging+sfreq+idle+age+dirty+refaults+rdist,F+K,9,sort,heldout,1.0436,-0.5333,3,0
sort,freq+ref+aging+sfreq+idle+age+dirty+refaults+rdist,F+K,9,sort,test,1.0296,-0.4683,2,0
sort,freq+ref+aging+sfreq+idle+age+dirty+refaults+rdist,F+K,9,sort,val,1.0434,-0.5491,2,0
sort,freq+sd,F,2,sort,heldout,1.0000,0.0000,3,0
sort,freq+sd,F,2,sort,test,0.9536,0.3501,2,0
sort,freq+sd,F,2,sort,val,0.9601,0.3405,2,0
sort,freq+sd+ref+aging+sfreq+idle+age+dirty,F+K,8,sort,heldout,0.9722,0.3398,3,0
sort,freq+sd+ref+aging+sfreq+idle+age+dirty,F+K,8,sort,test,0.9564,0.3374,2,0
sort,freq+sd+ref+aging+sfreq+idle+age+dirty,F+K,8,sort,val,0.9644,0.3027,2,0
sort,freq+sd+ref+aging+sfreq+idle+age+dirty+refaults+rdist,F+K,10,sort,heldout,0.9662,0.4129,3,0
sort,freq+sd+ref+aging+sfreq+idle+age+dirty+refaults+rdist,F+K,10,sort,test,0.9457,0.4618,2,0
sort,freq+sd+ref+aging+sfreq+idle+age+dirty+refaults+rdist,F+K,10,sort,val,0.9547,0.4141,2,0
sort,freq+sd+wr,F,3,sort,heldout,1.0000,0.0000,3,0
sort,freq+sd+wr,F,3,sort,test,0.9536,0.3501,2,0
sort,freq+sd+wr,F,3,sort,val,0.9601,0.3405,2,0
sort,freq+sd+wr+ref+aging+sfreq+idle+age+dirty,F+K,9,sort,heldout,0.9711,0.3527,3,0
sort,freq+sd+wr+ref+aging+sfreq+idle+age+dirty,F+K,9,sort,test,0.9537,0.3746,2,0
sort,freq+sd+wr+ref+aging+sfreq+idle+age+dirty,F+K,9,sort,val,0.9640,0.3080,2,0
sort,freq+sd+wr+ref+aging+sfreq+idle+age+dirty+refaults+rdist,F+K,11,sort,heldout,0.9652,0.4258,3,0
sort,freq+sd+wr+ref+aging+sfreq+idle+age+dirty+refaults+rdist,F+K,11,sort,test,0.9445,0.4778,2,0
sort,freq+sd+wr+ref+aging+sfreq+idle+age+dirty+refaults+rdist,F+K,11,sort,val,0.9505,0.4720,2,0
sort,freq+wr,F,2,sort,heldout,1.3034,-3.7075,3,0
sort,freq+wr,F,2,sort,test,1.2114,-2.4169,2,0
sort,freq+wr,F,2,sort,val,1.2229,-2.5234,2,0
sort,freq+wr+ref+aging+sfreq+idle+age+dirty,F+K,8,sort,heldout,1.0900,-1.1011,3,0
sort,freq+wr+ref+aging+sfreq+idle+age+dirty,F+K,8,sort,test,1.0655,-0.8211,2,0
sort,freq+wr+ref+aging+sfreq+idle+age+dirty,F+K,8,sort,val,1.0747,-0.9069,2,0
sort,freq+wr+ref+aging+sfreq+idle+age+dirty+refaults+rdist,F+K,10,sort,heldout,1.0331,-0.4043,3,0
sort,freq+wr+ref+aging+sfreq+idle+age+dirty+refaults+rdist,F+K,10,sort,test,1.0364,-0.5640,2,0
sort,freq+wr+ref+aging+sfreq+idle+age+dirty+refaults+rdist,F+K,10,sort,val,1.0612,-0.7965,2,0
sort,idle,K,1,sort,heldout,1.0000,0.0000,3,0
sort,idle,K,1,sort,test,0.9622,0.2869,2,0
sort,idle,K,1,sort,val,0.9648,0.3015,2,0
sort,idle+age,K,2,sort,heldout,1.0259,-0.3161,3,0
sort,idle+age,K,2,sort,test,1.1407,-1.2916,2,0
sort,idle+age,K,2,sort,val,1.1576,-1.5628,2,0
sort,idle+age+dirty,K,3,sort,heldout,1.0213,-0.2602,3,0
sort,idle+age+dirty,K,3,sort,test,1.1509,-1.5097,2,0
sort,idle+age+dirty,K,3,sort,val,1.1379,-1.4229,2,0
sort,idle+age+dirty+rdist,K+K+,4,sort,heldout,1.0190,-0.2323,3,0
sort,idle+age+dirty+rdist,K+K+,4,sort,test,1.1565,-1.6322,2,0
sort,idle+age+dirty+rdist,K+K+,4,sort,val,1.1703,-1.7871,2,0
sort,idle+age+dirty+refaults,K+K+,4,sort,heldout,1.0090,-0.1097,3,0
sort,idle+age+dirty+refaults,K+K+,4,sort,test,1.0482,-0.4363,2,0
sort,idle+age+dirty+refaults,K+K+,4,sort,val,1.0401,-0.3954,2,0
sort,idle+age+dirty+refaults+rdist,K+K+,5,sort,heldout,1.0088,-0.1075,3,0
sort,idle+age+dirty+refaults+rdist,K+K+,5,sort,test,1.0589,-0.5127,2,0
sort,idle+age+dirty+refaults+rdist,K+K+,5,sort,val,1.0620,-0.5781,2,0
sort,idle+age+rdist,K+K+,3,sort,heldout,1.0150,-0.1828,3,0
sort,idle+age+rdist,K+K+,3,sort,test,1.1400,-1.5009,2,0
sort,idle+age+rdist,K+K+,3,sort,val,1.1553,-1.6303,2,0
sort,idle+age+refaults,K+K+,3,sort,heldout,1.0111,-0.1355,3,0
sort,idle+age+refaults,K+K+,3,sort,test,1.0794,-0.6932,2,0
sort,idle+age+refaults,K+K+,3,sort,val,1.0886,-0.8252,2,0
sort,idle+age+refaults+rdist,K+K+,4,sort,heldout,1.0084,-0.1032,3,0
sort,idle+age+refaults+rdist,K+K+,4,sort,test,1.0672,-0.5813,2,0
sort,idle+age+refaults+rdist,K+K+,4,sort,val,1.0639,-0.5963,2,0
sort,idle+dirty,K,2,sort,heldout,1.0000,0.0000,3,0
sort,idle+dirty,K,2,sort,test,0.9676,0.2467,2,0
sort,idle+dirty,K,2,sort,val,0.9664,0.2885,2,0
sort,idle+dirty+rdist,K+K+,3,sort,heldout,0.9710,0.3548,3,0
sort,idle+dirty+rdist,K+K+,3,sort,test,0.9979,0.0364,2,0
sort,idle+dirty+rdist,K+K+,3,sort,val,1.0081,-0.0513,2,0
sort,idle+dirty+refaults,K+K+,3,sort,heldout,1.0000,0.0000,3,0
sort,idle+dirty+refaults,K+K+,3,sort,test,0.9684,0.2410,2,0
sort,idle+dirty+refaults,K+K+,3,sort,val,0.9711,0.2496,2,0
sort,idle+dirty+refaults+rdist,K+K+,4,sort,heldout,1.0000,0.0000,3,0
sort,idle+dirty+refaults+rdist,K+K+,4,sort,test,0.9837,0.1260,2,0
sort,idle+dirty+refaults+rdist,K+K+,4,sort,val,0.9889,0.1002,2,0
sort,idle+rdist,K+K+,2,sort,heldout,0.9750,0.3054,3,0
sort,idle+rdist,K+K+,2,sort,test,0.9960,0.0630,2,0
sort,idle+rdist,K+K+,2,sort,val,1.0054,-0.0185,2,0
sort,idle+refaults,K+K+,2,sort,heldout,1.0000,0.0000,3,0
sort,idle+refaults,K+K+,2,sort,test,0.9668,0.2524,2,0
sort,idle+refaults,K+K+,2,sort,val,0.9711,0.2496,2,0
sort,idle+refaults+rdist,K+K+,3,sort,heldout,1.0000,0.0000,3,0
sort,idle+refaults+rdist,K+K+,3,sort,test,0.9837,0.1260,2,0
sort,idle+refaults+rdist,K+K+,3,sort,val,0.9889,0.1002,2,0
sort,rdist,K+K+,1,sort,heldout,1.2462,-3.0086,3,0
sort,rdist,K+K+,1,sort,test,1.1890,-2.1177,2,0
sort,rdist,K+K+,1,sort,val,1.1920,-2.1548,2,0
sort,rec,F,1,sort,heldout,1.0000,0.0000,3,0
sort,rec,F,1,sort,test,0.9536,0.3501,2,0
sort,rec,F,1,sort,val,0.9601,0.3405,2,0
sort,rec+freq,F,2,sort,heldout,1.0000,0.0000,3,0
sort,rec+freq,F,2,sort,test,0.9536,0.3501,2,0
sort,rec+freq,F,2,sort,val,0.9601,0.3405,2,0
sort,rec+freq+ref+aging+sfreq+idle+age+dirty,F+K,8,sort,heldout,1.0048,-0.0581,3,0
sort,rec+freq+ref+aging+sfreq+idle+age+dirty,F+K,8,sort,test,0.9710,0.1939,2,0
sort,rec+freq+ref+aging+sfreq+idle+age+dirty,F+K,8,sort,val,0.9701,0.2319,2,0
sort,rec+freq+ref+aging+sfreq+idle+age+dirty+refaults+rdist,F+K,10,sort,heldout,1.0005,-0.0065,3,0
sort,rec+freq+ref+aging+sfreq+idle+age+dirty+refaults+rdist,F+K,10,sort,test,0.9695,0.2152,2,0
sort,rec+freq+ref+aging+sfreq+idle+age+dirty+refaults+rdist,F+K,10,sort,val,0.9686,0.2529,2,0
sort,rec+freq+sd,F,3,sort,heldout,1.0000,0.0000,3,0
sort,rec+freq+sd,F,3,sort,test,0.9536,0.3501,2,0
sort,rec+freq+sd,F,3,sort,val,0.9601,0.3405,2,0
sort,rec+freq+sd+ref+aging+sfreq+idle+age+dirty,F+K,9,sort,heldout,1.0055,-0.0667,3,0
sort,rec+freq+sd+ref+aging+sfreq+idle+age+dirty,F+K,9,sort,test,0.9551,0.3289,2,0
sort,rec+freq+sd+ref+aging+sfreq+idle+age+dirty,F+K,9,sort,val,0.9620,0.3141,2,0
sort,rec+freq+sd+ref+aging+sfreq+idle+age+dirty+refaults+rdist,F+K,11,sort,heldout,1.0069,-0.0839,3,0
sort,rec+freq+sd+ref+aging+sfreq+idle+age+dirty+refaults+rdist,F+K,11,sort,test,0.9566,0.3076,2,0
sort,rec+freq+sd+ref+aging+sfreq+idle+age+dirty+refaults+rdist,F+K,11,sort,val,0.9623,0.3089,2,0
sort,rec+freq+sd+wr,F,4,sort,heldout,1.0000,0.0000,3,0
sort,rec+freq+sd+wr,F,4,sort,test,0.9536,0.3501,2,0
sort,rec+freq+sd+wr,F,4,sort,val,0.9601,0.3405,2,0
sort,rec+freq+sd+wr+ref+aging+sfreq+idle+age+dirty,F+K,10,sort,heldout,1.0053,-0.0645,3,0
sort,rec+freq+sd+wr+ref+aging+sfreq+idle+age+dirty,F+K,10,sort,test,0.9562,0.3129,2,0
sort,rec+freq+sd+wr+ref+aging+sfreq+idle+age+dirty,F+K,10,sort,val,0.9627,0.3036,2,0
sort,rec+freq+sd+wr+ref+aging+sfreq+idle+age+dirty+refaults+rdist,F+K,12,sort,heldout,1.0070,-0.0860,3,0
sort,rec+freq+sd+wr+ref+aging+sfreq+idle+age+dirty+refaults+rdist,F+K,12,sort,test,0.9566,0.3076,2,0
sort,rec+freq+sd+wr+ref+aging+sfreq+idle+age+dirty+refaults+rdist,F+K,12,sort,val,0.9623,0.3089,2,0
sort,rec+freq+wr,F,3,sort,heldout,1.0000,0.0000,3,0
sort,rec+freq+wr,F,3,sort,test,0.9536,0.3501,2,0
sort,rec+freq+wr,F,3,sort,val,0.9601,0.3405,2,0
sort,rec+freq+wr+ref+aging+sfreq+idle+age+dirty,F+K,9,sort,heldout,1.0049,-0.0602,3,0
sort,rec+freq+wr+ref+aging+sfreq+idle+age+dirty,F+K,9,sort,test,0.9710,0.1939,2,0
sort,rec+freq+wr+ref+aging+sfreq+idle+age+dirty,F+K,9,sort,val,0.9701,0.2319,2,0
sort,rec+freq+wr+ref+aging+sfreq+idle+age+dirty+refaults+rdist,F+K,11,sort,heldout,1.0005,-0.0065,3,0
sort,rec+freq+wr+ref+aging+sfreq+idle+age+dirty+refaults+rdist,F+K,11,sort,test,0.9695,0.2152,2,0
sort,rec+freq+wr+ref+aging+sfreq+idle+age+dirty+refaults+rdist,F+K,11,sort,val,0.9686,0.2529,2,0
sort,rec+ref+aging+sfreq+idle+age+dirty,F+K,7,sort,heldout,1.0044,-0.0538,3,0
sort,rec+ref+aging+sfreq+idle+age+dirty,F+K,7,sort,test,0.9710,0.1939,2,0
sort,rec+ref+aging+sfreq+idle+age+dirty,F+K,7,sort,val,0.9698,0.2371,2,0
sort,rec+ref+aging+sfreq+idle+age+dirty+refaults+rdist,F+K,9,sort,heldout,1.0004,-0.0043,3,0
sort,rec+ref+aging+sfreq+idle+age+dirty+refaults+rdist,F+K,9,sort,test,0.9703,0.2095,2,0
sort,rec+ref+aging+sfreq+idle+age+dirty+refaults+rdist,F+K,9,sort,val,0.9682,0.2582,2,0
sort,rec+sd,F,2,sort,heldout,1.0000,0.0000,3,0
sort,rec+sd,F,2,sort,test,0.9536,0.3501,2,0
sort,rec+sd,F,2,sort,val,0.9601,0.3405,2,0
sort,rec+sd+ref+aging+sfreq+idle+age+dirty,F+K,8,sort,heldout,1.0051,-0.0624,3,0
sort,rec+sd+ref+aging+sfreq+idle+age+dirty,F+K,8,sort,test,0.9551,0.3289,2,0
sort,rec+sd+ref+aging+sfreq+idle+age+dirty,F+K,8,sort,val,0.9620,0.3141,2,0
sort,rec+sd+ref+aging+sfreq+idle+age+dirty+refaults+rdist,F+K,10,sort,heldout,1.0049,-0.0602,3,0
sort,rec+sd+ref+aging+sfreq+idle+age+dirty+refaults+rdist,F+K,10,sort,test,0.9551,0.3289,2,0
sort,rec+sd+ref+aging+sfreq+idle+age+dirty+refaults+rdist,F+K,10,sort,val,0.9616,0.3194,2,0
sort,rec+sd+wr,F,3,sort,heldout,1.0000,0.0000,3,0
sort,rec+sd+wr,F,3,sort,test,0.9536,0.3501,2,0
sort,rec+sd+wr,F,3,sort,val,0.9601,0.3405,2,0
sort,rec+sd+wr+ref+aging+sfreq+idle+age+dirty,F+K,9,sort,heldout,1.0051,-0.0624,3,0
sort,rec+sd+wr+ref+aging+sfreq+idle+age+dirty,F+K,9,sort,test,0.9551,0.3289,2,0
sort,rec+sd+wr+ref+aging+sfreq+idle+age+dirty,F+K,9,sort,val,0.9620,0.3141,2,0
sort,rec+sd+wr+ref+aging+sfreq+idle+age+dirty+refaults+rdist,F+K,11,sort,heldout,1.0049,-0.0602,3,0
sort,rec+sd+wr+ref+aging+sfreq+idle+age+dirty+refaults+rdist,F+K,11,sort,test,0.9551,0.3289,2,0
sort,rec+sd+wr+ref+aging+sfreq+idle+age+dirty+refaults+rdist,F+K,11,sort,val,0.9616,0.3194,2,0
sort,rec+wr,F,2,sort,heldout,1.0000,0.0000,3,0
sort,rec+wr,F,2,sort,test,0.9536,0.3501,2,0
sort,rec+wr,F,2,sort,val,0.9601,0.3405,2,0
sort,rec+wr+ref+aging+sfreq+idle+age+dirty,F+K,8,sort,heldout,1.0044,-0.0538,3,0
sort,rec+wr+ref+aging+sfreq+idle+age+dirty,F+K,8,sort,test,0.9710,0.1939,2,0
sort,rec+wr+ref+aging+sfreq+idle+age+dirty,F+K,8,sort,val,0.9701,0.2319,2,0
sort,rec+wr+ref+aging+sfreq+idle+age+dirty+refaults+rdist,F+K,10,sort,heldout,1.0004,-0.0043,3,0
sort,rec+wr+ref+aging+sfreq+idle+age+dirty+refaults+rdist,F+K,10,sort,test,0.9703,0.2095,2,0
sort,rec+wr+ref+aging+sfreq+idle+age+dirty+refaults+rdist,F+K,10,sort,val,0.9682,0.2582,2,0
sort,ref,K,1,sort,heldout,1.0000,0.0000,3,0
sort,ref,K,1,sort,test,0.9630,0.2812,2,0
sort,ref,K,1,sort,val,0.9656,0.2950,2,0
sort,ref+age,K,2,sort,heldout,1.0004,-0.0043,3,0
sort,ref+age,K,2,sort,test,1.0022,-0.0608,2,0
sort,ref+age,K,2,sort,val,1.0120,-0.1390,2,0
sort,ref+age+dirty,K,3,sort,heldout,1.0000,0.0000,3,0
sort,ref+age+dirty,K,3,sort,test,1.0074,-0.0864,2,0
sort,ref+age+dirty,K,3,sort,val,1.0085,-0.0956,2,0
sort,ref+age+dirty+rdist,K+K+,4,sort,heldout,1.0000,0.0000,3,0
sort,ref+age+dirty+rdist,K+K+,4,sort,test,1.0096,-0.0987,2,0
sort,ref+age+dirty+rdist,K+K+,4,sort,val,1.0437,-0.4008,2,0
sort,ref+age+dirty+refaults,K+K+,4,sort,heldout,1.0000,0.0000,3,0
sort,ref+age+dirty+refaults,K+K+,4,sort,test,0.9815,0.1139,2,0
sort,ref+age+dirty+refaults,K+K+,4,sort,val,0.9839,0.1162,2,0
sort,ref+age+dirty+refaults+rdist,K+K+,5,sort,heldout,1.0000,0.0000,3,0
sort,ref+age+dirty+refaults+rdist,K+K+,5,sort,test,0.9998,-0.0240,2,0
sort,ref+age+dirty+refaults+rdist,K+K+,5,sort,val,1.0146,-0.1435,2,0
sort,ref+age+rdist,K+K+,3,sort,heldout,1.0000,0.0000,3,0
sort,ref+age+rdist,K+K+,3,sort,test,1.0287,-0.2575,2,0
sort,ref+age+rdist,K+K+,3,sort,val,1.0408,-0.3789,2,0
sort,ref+age+refaults,K+K+,3,sort,heldout,1.0000,0.0000,3,0
sort,ref+age+refaults,K+K+,3,sort,test,0.9776,0.1426,2,0
sort,ref+age+refaults,K+K+,3,sort,val,0.9827,0.1239,2,0
sort,ref+age+refaults+rdist,K+K+,4,sort,heldout,1.0000,0.0000,3,0
sort,ref+age+refaults+rdist,K+K+,4,sort,test,1.0025,-0.0515,2,0
sort,ref+age+refaults+rdist,K+K+,4,sort,val,1.0112,-0.1204,2,0
sort,ref+aging,K,2,sort,heldout,1.0000,0.0000,3,0
sort,ref+aging,K,2,sort,test,0.9622,0.2869,2,0
sort,ref+aging,K,2,sort,val,0.9648,0.3015,2,0
sort,ref+aging+age,K,3,sort,heldout,1.0004,-0.0043,3,0
sort,ref+aging+age,K,3,sort,test,0.9994,-0.0236,2,0
sort,ref+aging+age,K,3,sort,val,1.0093,-0.1021,2,0
sort,ref+aging+age+dirty,K,4,sort,heldout,1.0000,0.0000,3,0
sort,ref+aging+age+dirty,K,4,sort,test,1.0074,-0.0864,2,0
sort,ref+aging+age+dirty,K,4,sort,val,1.0085,-0.0956,2,0
sort,ref+aging+age+dirty+rdist,K+K+,5,sort,heldout,1.0000,0.0000,3,0
sort,ref+aging+age+dirty+rdist,K+K+,5,sort,test,1.0119,-0.1209,2,0
sort,ref+aging+age+dirty+rdist,K+K+,5,sort,val,1.0176,-0.1735,2,0
sort,ref+aging+age+dirty+refaults,K+K+,5,sort,heldout,1.0000,0.0000,3,0
sort,ref+aging+age+dirty+refaults,K+K+,5,sort,test,0.9807,0.1197,2,0
sort,ref+aging+age+dirty+refaults,K+K+,5,sort,val,0.9831,0.1227,2,0
sort,ref+aging+age+dirty+refaults+rdist,K+K+,6,sort,heldout,1.0000,0.0000,3,0
sort,ref+aging+age+dirty+refaults+rdist,K+K+,6,sort,test,1.0009,-0.0253,2,0
sort,ref+aging+age+dirty+refaults+rdist,K+K+,6,sort,val,1.0069,-0.0665,2,0
sort,ref+aging+age+rdist,K+K+,4,sort,heldout,1.0000,0.0000,3,0
sort,ref+aging+age+rdist,K+K+,4,sort,test,1.0163,-0.1554,2,0
sort,ref+aging+age+rdist,K+K+,4,sort,val,1.0293,-0.2762,2,0
sort,ref+aging+age+refaults,K+K+,4,sort,heldout,1.0000,0.0000,3,0
sort,ref+aging+age+refaults,K+K+,4,sort,test,0.9776,0.1426,2,0
sort,ref+aging+age+refaults,K+K+,4,sort,val,0.9823,0.1292,2,0
sort,ref+aging+age+refaults+rdist,K+K+,5,sort,heldout,1.0000,0.0000,3,0
sort,ref+aging+age+refaults+rdist,K+K+,5,sort,test,1.0009,-0.0351,2,0
sort,ref+aging+age+refaults+rdist,K+K+,5,sort,val,1.0080,-0.0783,2,0
sort,ref+aging+dirty,K,3,sort,heldout,1.0000,0.0000,3,0
sort,ref+aging+dirty,K,3,sort,test,0.9653,0.2639,2,0
sort,ref+aging+dirty,K,3,sort,val,0.9672,0.2820,2,0
sort,ref+aging+dirty+rdist,K+K+,4,sort,heldout,0.9803,0.2409,3,0
sort,ref+aging+dirty+rdist,K+K+,4,sort,test,0.9650,0.3764,2,0
sort,ref+aging+dirty+rdist,K+K+,4,sort,val,0.9659,0.3825,2,0
sort,ref+aging+dirty+refaults,K+K+,4,sort,heldout,1.0000,0.0000,3,0
sort,ref+aging+dirty+refaults,K+K+,4,sort,test,0.9653,0.2639,2,0
sort,ref+aging+dirty+refaults,K+K+,4,sort,val,0.9687,0.2690,2,0
sort,ref+aging+dirty+refaults+rdist,K+K+,5,sort,heldout,0.9571,0.5247,3,0
sort,ref+aging+dirty+refaults+rdist,K+K+,5,sort,test,0.9538,0.4088,2,0
sort,ref+aging+dirty+refaults+rdist,K+K+,5,sort,val,0.9576,0.4136,2,0
sort,ref+aging+idle,K,3,sort,heldout,0.9863,0.1677,3,0
sort,ref+aging+idle,K,3,sort,test,0.9664,0.2431,2,0
sort,ref+aging+idle,K,3,sort,val,0.9706,0.2387,2,0
sort,ref+aging+idle+age,K,4,sort,heldout,1.0638,-0.7806,3,0
sort,ref+aging+idle+age,K,4,sort,test,1.0317,-0.4704,2,0
sort,ref+aging+idle+age,K,4,sort,val,1.0414,-0.5390,2,0
sort,ref+aging+idle+age+dirty,K,5,sort,heldout,1.0581,-0.7097,3,0
sort,ref+aging+idle+age+dirty,K,5,sort,test,1.0308,-0.4744,2,0
sort,ref+aging+idle+age+dirty,K,5,sort,val,1.0380,-0.5452,2,0
sort,ref+aging+idle+age+dirty+rdist,K+K+,6,sort,heldout,1.1487,-1.8172,3,0
sort,ref+aging+idle+age+dirty+rdist,K+K+,6,sort,test,1.0854,-1.1772,2,0
sort,ref+aging+idle+age+dirty+rdist,K+K+,6,sort,val,1.0775,-1.0107,2,0
sort,ref+aging+idle+age+dirty+refaults,K+K+,6,sort,heldout,1.0127,-0.1548,3,0
sort,ref+aging+idle+age+dirty+refaults,K+K+,6,sort,test,1.0080,-0.1846,2,0
sort,ref+aging+idle+age+dirty+refaults,K+K+,6,sort,val,1.0166,-0.2747,2,0
sort,ref+aging+idle+age+dirty+refaults+rdist,K+K+,7,sort,heldout,1.0176,-0.2151,3,0
sort,ref+aging+idle+age+dirty+refaults+rdist,K+K+,7,sort,test,1.0257,-0.3608,2,0
sort,ref+aging+idle+age+dirty+refaults+rdist,K+K+,7,sort,val,1.0279,-0.3789,2,0
sort,ref+aging+idle+age+rdist,K+K+,5,sort,heldout,1.1438,-1.7570,3,0
sort,ref+aging+idle+age+rdist,K+K+,5,sort,test,1.0671,-0.8917,2,0
sort,ref+aging+idle+age+rdist,K+K+,5,sort,val,1.0765,-0.9828,2,0
sort,ref+aging+idle+age+refaults,K+K+,5,sort,heldout,1.0040,-0.0495,3,0
sort,ref+aging+idle+age+refaults,K+K+,5,sort,test,1.0157,-0.2225,2,0
sort,ref+aging+idle+age+refaults,K+K+,5,sort,val,1.0241,-0.3102,2,0
sort,ref+aging+idle+age+refaults+rdist,K+K+,6,sort,heldout,1.0077,-0.0946,3,0
sort,ref+aging+idle+age+refaults+rdist,K+K+,6,sort,test,1.0214,-0.3023,2,0
sort,ref+aging+idle+age+refaults+rdist,K+K+,6,sort,val,1.0315,-0.4062,2,0
sort,ref+aging+idle+dirty,K,4,sort,heldout,0.9938,0.0753,3,0
sort,ref+aging+idle+dirty,K,4,sort,test,0.9799,0.1450,2,0
sort,ref+aging+idle+dirty,K,4,sort,val,0.9831,0.1388,2,0
sort,ref+aging+idle+dirty+rdist,K+K+,5,sort,heldout,0.9504,0.6065,3,0
sort,ref+aging+idle+dirty+rdist,K+K+,5,sort,test,0.9725,0.3092,2,0
sort,ref+aging+idle+dirty+rdist,K+K+,5,sort,val,0.9769,0.2823,2,0
sort,ref+aging+idle+dirty+refaults,K+K+,5,sort,heldout,0.9917,0.1011,3,0
sort,ref+aging+idle+dirty+refaults,K+K+,5,sort,test,0.9664,0.2480,2,0
sort,ref+aging+idle+dirty+refaults,K+K+,5,sort,val,0.9691,0.2638,2,0
sort,ref+aging+idle+dirty+refaults+rdist,K+K+,6,sort,heldout,0.9644,0.4344,3,0
sort,ref+aging+idle+dirty+refaults+rdist,K+K+,6,sort,test,0.9596,0.3535,2,0
sort,ref+aging+idle+dirty+refaults+rdist,K+K+,6,sort,val,0.9591,0.3925,2,0
sort,ref+aging+idle+rdist,K+K+,4,sort,heldout,0.9583,0.5097,3,0
sort,ref+aging+idle+rdist,K+K+,4,sort,test,0.9800,0.2517,2,0
sort,ref+aging+idle+rdist,K+K+,4,sort,val,0.9761,0.2888,2,0
sort,ref+aging+idle+refaults,K+K+,4,sort,heldout,0.9919,0.0989,3,0
sort,ref+aging+idle+refaults,K+K+,4,sort,test,0.9680,0.2365,2,0
sort,ref+aging+idle+refaults,K+K+,4,sort,val,0.9718,0.2390,2,0
sort,ref+aging+idle+refaults+rdist,K+K+,5,sort,heldout,0.9615,0.4710,3,0
sort,ref+aging+idle+refaults+rdist,K+K+,5,sort,test,0.9600,0.3580,2,0
sort,ref+aging+idle+refaults+rdist,K+K+,5,sort,val,0.9638,0.3576,2,0
sort,ref+aging+rdist,K+K+,3,sort,heldout,1.0615,-0.7548,3,0
sort,ref+aging+rdist,K+K+,3,sort,test,0.9846,0.0909,2,0
sort,ref+aging+rdist,K+K+,3,sort,val,0.9839,0.1323,2,0
sort,ref+aging+refaults,K+K+,3,sort,heldout,1.0000,0.0000,3,0
sort,ref+aging+refaults,K+K+,3,sort,test,0.9668,0.2524,2,0
sort,ref+aging+refaults,K+K+,3,sort,val,0.9711,0.2496,2,0
sort,ref+aging+refaults+rdist,K+K+,4,sort,heldout,0.9572,0.5226,3,0
sort,ref+aging+refaults+rdist,K+K+,4,sort,test,0.9553,0.4022,2,0
sort,ref+aging+refaults+rdist,K+K+,4,sort,val,0.9595,0.3994,2,0
sort,ref+aging+sfreq,K,3,sort,heldout,1.1765,-2.1570,3,0
sort,ref+aging+sfreq,K,3,sort,test,1.0875,-1.1101,2,0
sort,ref+aging+sfreq,K,3,sort,val,1.0875,-1.0899,2,0
sort,ref+aging+sfreq+age,K,4,sort,heldout,1.0120,-0.1462,3,0
sort,ref+aging+sfreq+age,K,4,sort,test,1.0370,-0.4030,2,0
sort,ref+aging+sfreq+age,K,4,sort,val,1.0371,-0.3964,2,0
sort,ref+aging+sfreq+age+dirty,K,5,sort,heldout,1.0401,-0.4925,3,0
sort,ref+aging+sfreq+age+dirty,K,5,sort,test,1.0699,-0.8014,2,0
sort,ref+aging+sfreq+age+dirty,K,5,sort,val,1.0671,-0.7653,2,0
sort,ref+aging+sfreq+age+dirty+rdist,K+K+,6,sort,heldout,1.0845,-1.0409,3,0
sort,ref+aging+sfreq+age+dirty+rdist,K+K+,6,sort,test,1.0881,-1.0909,2,0
sort,ref+aging+sfreq+age+dirty+rdist,K+K+,6,sort,val,1.0462,-0.5336,2,0
sort,ref+aging+sfreq+age+dirty+refaults,K+K+,6,sort,heldout,1.0019,-0.0237,3,0
sort,ref+aging+sfreq+age+dirty+refaults,K+K+,6,sort,test,0.9999,-0.0827,2,0
sort,ref+aging+sfreq+age+dirty+refaults,K+K+,6,sort,val,1.0109,-0.1877,2,0
sort,ref+aging+sfreq+age+dirty+refaults+rdist,K+K+,7,sort,heldout,0.9940,0.0731,3,0
sort,ref+aging+sfreq+age+dirty+refaults+rdist,K+K+,7,sort,test,1.0098,-0.2210,2,0
sort,ref+aging+sfreq+age+dirty+refaults+rdist,K+K+,7,sort,val,1.0089,-0.1896,2,0
sort,ref+aging+sfreq+age+rdist,K+K+,5,sort,heldout,1.0594,-0.7290,3,0
sort,ref+aging+sfreq+age+rdist,K+K+,5,sort,test,1.0428,-0.4730,2,0
sort,ref+aging+sfreq+age+rdist,K+K+,5,sort,val,1.0461,-0.5134,2,0
sort,ref+aging+sfreq+age+refaults,K+K+,5,sort,heldout,1.0019,-0.0237,3,0
sort,ref+aging+sfreq+age+refaults,K+K+,5,sort,test,0.9930,0.0130,2,0
sort,ref+aging+sfreq+age+refaults,K+K+,5,sort,val,0.9932,0.0423,2,0
sort,ref+aging+sfreq+age+refaults+rdist,K+K+,6,sort,heldout,1.0060,-0.0731,3,0
sort,ref+aging+sfreq+age+refaults+rdist,K+K+,6,sort,test,0.9906,-0.0235,2,0
sort,ref+aging+sfreq+age+refaults+rdist,K+K+,6,sort,val,0.9862,0.1169,2,0
sort,ref+aging+sfreq+dirty,K,4,sort,heldout,1.0852,-1.0430,3,0
sort,ref+aging+sfreq+dirty,K,4,sort,test,1.0783,-1.0117,2,0
sort,ref+aging+sfreq+dirty,K,4,sort,val,1.0686,-0.8267,2,0
sort,ref+aging+sfreq+dirty+rdist,K+K+,5,sort,heldout,1.0625,-0.7849,3,0
sort,ref+aging+sfreq+dirty+rdist,K+K+,5,sort,test,1.0735,-0.9328,2,0
sort,ref+aging+sfreq+dirty+rdist,K+K+,5,sort,val,1.0761,-0.9441,2,0
sort,ref+aging+sfreq+dirty+refaults,K+K+,5,sort,heldout,0.9963,0.0452,3,0
sort,ref+aging+sfreq+dirty+refaults,K+K+,5,sort,test,1.0174,-0.3274,2,0
sort,ref+aging+sfreq+dirty+refaults,K+K+,5,sort,val,1.0224,-0.3456,2,0
sort,ref+aging+sfreq+dirty+refaults+rdist,K+K+,6,sort,heldout,0.9915,0.1032,3,0
sort,ref+aging+sfreq+dirty+refaults+rdist,K+K+,6,sort,test,1.0080,-0.1798,2,0
sort,ref+aging+sfreq+dirty+refaults+rdist,K+K+,6,sort,val,1.0209,-0.3580,2,0
sort,ref+aging+sfreq+idle,K,4,sort,heldout,1.0424,-0.5183,3,0
sort,ref+aging+sfreq+idle,K,4,sort,test,1.0283,-0.4768,2,0
sort,ref+aging+sfreq+idle,K,4,sort,val,1.0225,-0.3751,2,0
sort,ref+aging+sfreq+idle+age,K,5,sort,heldout,1.0456,-0.5570,3,0
sort,ref+aging+sfreq+idle+age,K,5,sort,test,1.1028,-1.0396,2,0
sort,ref+aging+sfreq+idle+age,K,5,sort,val,1.0896,-0.9319,2,0
sort,ref+aging+sfreq+idle+age+dirty,K,6,sort,heldout,1.0595,-0.7269,3,0
sort,ref+aging+sfreq+idle+age+dirty,K,6,sort,test,1.0499,-0.7457,2,0
sort,ref+aging+sfreq+idle+age+dirty,K,6,sort,val,1.0551,-0.7579,2,0
sort,ref+aging+sfreq+idle+age+dirty+rdist,K+K+,7,sort,heldout,1.1044,-1.2774,3,0
sort,ref+aging+sfreq+idle+age+dirty+rdist,K+K+,7,sort,test,1.0717,-0.8866,2,0
sort,ref+aging+sfreq+idle+age+dirty+rdist,K+K+,7,sort,val,1.0892,-1.1323,2,0
sort,ref+aging+sfreq+idle+age+dirty+refaults,K+K+,7,sort,heldout,1.0007,-0.0086,3,0
sort,ref+aging+sfreq+idle+age+dirty+refaults,K+K+,7,sort,test,1.0099,-0.1819,2,0
sort,ref+aging+sfreq+idle+age+dirty+refaults,K+K+,7,sort,val,1.0357,-0.4439,2,0
sort,ref+aging+sfreq+idle+age+dirty+refaults+rdist,K+K+,8,sort,heldout,1.0267,-0.3269,3,0
sort,ref+aging+sfreq+idle+age+dirty+refaults+rdist,K+K+,8,sort,test,1.0299,-0.4932,2,0
sort,ref+aging+sfreq+idle+age+dirty+refaults+rdist,K+K+,8,sort,val,1.0365,-0.4625,2,0
sort,ref+aging+sfreq+idle+age+rdist,K+K+,6,sort,heldout,1.0820,-1.0043,3,0
sort,ref+aging+sfreq+idle+age+rdist,K+K+,6,sort,test,1.0854,-1.0635,2,0
sort,ref+aging+sfreq+idle+age+rdist,K+K+,6,sort,val,1.0698,-0.8881,2,0
sort,ref+aging+sfreq+idle+age+refaults,K+K+,6,sort,heldout,1.0111,-0.1355,3,0
sort,ref+aging+sfreq+idle+age+refaults,K+K+,6,sort,test,1.0134,-0.2053,2,0
sort,ref+aging+sfreq+idle+age+refaults,K+K+,6,sort,val,1.0191,-0.2740,2,0
sort,ref+aging+sfreq+idle+age+refaults+rdist,K+K+,7,sort,heldout,1.0093,-0.1140,3,0
sort,ref+aging+sfreq+idle+age+refaults+rdist,K+K+,7,sort,test,1.0091,-0.1370,2,0
sort,ref+aging+sfreq+idle+age+refaults+rdist,K+K+,7,sort,val,1.0229,-0.2742,2,0
sort,ref+aging+sfreq+idle+dirty,K,5,sort,heldout,1.0848,-1.0387,3,0
sort,ref+aging+sfreq+idle+dirty,K,5,sort,test,1.0557,-0.7566,2,0
sort,ref+aging+sfreq+idle+dirty,K,5,sort,val,1.0743,-1.0102,2,0
sort,ref+aging+sfreq+idle+dirty+rdist,K+K+,6,sort,heldout,1.0300,-0.3677,3,0
sort,ref+aging+sfreq+idle+dirty+rdist,K+K+,6,sort,test,1.0518,-0.6443,2,0
sort,ref+aging+sfreq+idle+dirty+rdist,K+K+,6,sort,val,1.0774,-0.9437,2,0
sort,ref+aging+sfreq+idle+dirty+refaults,K+K+,6,sort,heldout,1.0097,-0.1183,3,0
sort,ref+aging+sfreq+idle+dirty+refaults,K+K+,6,sort,test,0.9988,-0.0472,2,0
sort,ref+aging+sfreq+idle+dirty+refaults,K+K+,6,sort,val,1.0094,-0.1747,2,0
sort,ref+aging+sfreq+idle+dirty+refaults+rdist,K+K+,7,sort,heldout,1.0009,-0.0108,3,0
sort,ref+aging+sfreq+idle+dirty+refaults+rdist,K+K+,7,sort,test,1.0049,-0.1519,2,0
sort,ref+aging+sfreq+idle+dirty+refaults+rdist,K+K+,7,sort,val,1.0148,-0.2403,2,0
sort,ref+aging+sfreq+idle+rdist,K+K+,5,sort,heldout,1.0365,-0.4473,3,0
sort,ref+aging+sfreq+idle+rdist,K+K+,5,sort,test,1.0530,-0.6456,2,0
sort,ref+aging+sfreq+idle+rdist,K+K+,5,sort,val,1.0312,-0.3215,2,0
sort,ref+aging+sfreq+idle+refaults,K+K+,5,sort,heldout,1.0310,-0.3785,3,0
sort,ref+aging+sfreq+idle+refaults,K+K+,5,sort,test,1.0059,-0.2021,2,0
sort,ref+aging+sfreq+idle+refaults,K+K+,5,sort,val,1.0031,-0.1228,2,0
sort,ref+aging+sfreq+idle+refaults+rdist,K+K+,6,sort,heldout,1.0077,-0.0946,3,0
sort,ref+aging+sfreq+idle+refaults+rdist,K+K+,6,sort,test,1.0041,-0.1461,2,0
sort,ref+aging+sfreq+idle+refaults+rdist,K+K+,6,sort,val,0.9970,-0.0023,2,0
sort,ref+aging+sfreq+rdist,K+K+,4,sort,heldout,1.0994,-1.2215,3,0
sort,ref+aging+sfreq+rdist,K+K+,4,sort,test,1.0570,-0.6209,2,0
sort,ref+aging+sfreq+rdist,K+K+,4,sort,val,1.0601,-0.6355,2,0
sort,ref+aging+sfreq+refaults,K+K+,4,sort,heldout,1.0422,-0.5161,3,0
sort,ref+aging+sfreq+refaults,K+K+,4,sort,test,1.0036,-0.1702,2,0
sort,ref+aging+sfreq+refaults,K+K+,4,sort,val,1.0069,-0.1754,2,0
sort,ref+aging+sfreq+refaults+rdist,K+K+,5,sort,heldout,1.0045,-0.0559,3,0
sort,ref+aging+sfreq+refaults+rdist,K+K+,5,sort,test,0.9963,-0.1033,2,0
sort,ref+aging+sfreq+refaults+rdist,K+K+,5,sort,val,1.0228,-0.3884,2,0
sort,ref+dirty,K,2,sort,heldout,0.9995,0.0065,3,0
sort,ref+dirty,K,2,sort,test,0.9684,0.2410,2,0
sort,ref+dirty,K,2,sort,val,0.9672,0.2820,2,0
sort,ref+dirty+rdist,K+K+,3,sort,heldout,1.2126,-2.5978,3,0
sort,ref+dirty+rdist,K+K+,3,sort,test,1.1327,-1.4242,2,0
sort,ref+dirty+rdist,K+K+,3,sort,val,1.1418,-1.5364,2,0
sort,ref+dirty+refaults,K+K+,3,sort,heldout,1.0000,0.0000,3,0
sort,ref+dirty+refaults,K+K+,3,sort,test,0.9692,0.2352,2,0
sort,ref+dirty+refaults,K+K+,3,sort,val,0.9719,0.2431,2,0
sort,ref+dirty+refaults+rdist,K+K+,4,sort,heldout,0.9798,0.2258,3,0
sort,ref+dirty+refaults+rdist,K+K+,4,sort,test,0.9629,0.4128,2,0
sort,ref+dirty+refaults+rdist,K+K+,4,sort,val,0.9593,0.4599,2,0
sort,ref+idle,K,2,sort,heldout,1.0000,0.0000,3,0
sort,ref+idle,K,2,sort,test,0.9622,0.2869,2,0
sort,ref+idle,K,2,sort,val,0.9648,0.3015,2,0
sort,ref+idle+age,K,3,sort,heldout,1.0211,-0.2581,3,0
sort,ref+idle+age,K,3,sort,test,1.1037,-0.9977,2,0
sort,ref+idle+age,K,3,sort,val,1.1169,-1.2020,2,0
sort,ref+idle+age+dirty,K,4,sort,heldout,1.0165,-0.2022,3,0
sort,ref+idle+age+dirty,K,4,sort,test,1.1433,-1.3992,2,0
sort,ref+idle+age+dirty,K,4,sort,val,1.1397,-1.4371,2,0
sort,ref+idle+age+dirty+rdist,K+K+,5,sort,heldout,1.0143,-0.1742,3,0
sort,ref+idle+age+dirty+rdist,K+K+,5,sort,test,1.1566,-1.6371,2,0
sort,ref+idle+age+dirty+rdist,K+K+,5,sort,val,1.1645,-1.7094,2,0
sort,ref+idle+age+dirty+refaults,K+K+,5,sort,heldout,1.0090,-0.1097,3,0
sort,ref+idle+age+dirty+refaults,K+K+,5,sort,test,1.0388,-0.3714,2,0
sort,ref+idle+age+dirty+refaults,K+K+,5,sort,val,1.0409,-0.4018,2,0
sort,ref+idle+age+dirty+refaults+rdist,K+K+,6,sort,heldout,1.0090,-0.1097,3,0
sort,ref+idle+age+dirty+refaults+rdist,K+K+,6,sort,test,1.0600,-0.5238,2,0
sort,ref+idle+age+dirty+refaults+rdist,K+K+,6,sort,val,1.0592,-0.5561,2,0
sort,ref+idle+age+rdist,K+K+,4,sort,heldout,1.0150,-0.1828,3,0
sort,ref+idle+age+rdist,K+K+,4,sort,test,1.1443,-1.5158,2,0
sort,ref+idle+age+rdist,K+K+,4,sort,val,1.1732,-1.7982,2,0
sort,ref+idle+age+refaults,K+K+,4,sort,heldout,1.0090,-0.1097,3,0
sort,ref+idle+age+refaults,K+K+,4,sort,test,1.0803,-0.7087,2,0
sort,ref+idle+age+refaults,K+K+,4,sort,val,1.0784,-0.7370,2,0
sort,ref+idle+age+refaults+rdist,K+K+,5,sort,heldout,1.0084,-0.1032,3,0
sort,ref+idle+age+refaults+rdist,K+K+,5,sort,test,1.0688,-0.6119,2,0
sort,ref+idle+age+refaults+rdist,K+K+,5,sort,val,1.0664,-0.6170,2,0
sort,ref+idle+dirty,K,3,sort,heldout,1.0000,0.0000,3,0
sort,ref+idle+dirty,K,3,sort,test,0.9676,0.2467,2,0
sort,ref+idle+dirty,K,3,sort,val,0.9664,0.2885,2,0
sort,ref+idle+dirty+rdist,K+K+,4,sort,heldout,0.9796,0.2495,3,0
sort,ref+idle+dirty+rdist,K+K+,4,sort,test,1.0007,-0.0009,2,0
sort,ref+idle+dirty+rdist,K+K+,4,sort,val,1.0105,-0.0828,2,0
sort,ref+idle+dirty+refaults,K+K+,4,sort,heldout,1.0000,0.0000,3,0
sort,ref+idle+dirty+refaults,K+K+,4,sort,test,0.9684,0.2410,2,0
sort,ref+idle+dirty+refaults,K+K+,4,sort,val,0.9711,0.2496,2,0
sort,ref+idle+dirty+refaults+rdist,K+K+,5,sort,heldout,1.0000,0.0000,3,0
sort,ref+idle+dirty+refaults+rdist,K+K+,5,sort,test,0.9837,0.1260,2,0
sort,ref+idle+dirty+refaults+rdist,K+K+,5,sort,val,0.9889,0.1002,2,0
sort,ref+idle+rdist,K+K+,3,sort,heldout,0.9725,0.3355,3,0
sort,ref+idle+rdist,K+K+,3,sort,test,0.9987,0.0257,2,0
sort,ref+idle+rdist,K+K+,3,sort,val,1.0078,-0.0500,2,0
sort,ref+idle+refaults,K+K+,3,sort,heldout,1.0000,0.0000,3,0
sort,ref+idle+refaults,K+K+,3,sort,test,0.9668,0.2524,2,0
sort,ref+idle+refaults,K+K+,3,sort,val,0.9711,0.2496,2,0
sort,ref+idle+refaults+rdist,K+K+,4,sort,heldout,1.0000,0.0000,3,0
sort,ref+idle+refaults+rdist,K+K+,4,sort,test,0.9837,0.1260,2,0
sort,ref+idle+refaults+rdist,K+K+,4,sort,val,0.9889,0.1002,2,0
sort,ref+rdist,K+K+,2,sort,heldout,1.1688,-2.0624,3,0
sort,ref+rdist,K+K+,2,sort,test,1.1052,-1.2222,2,0
sort,ref+rdist,K+K+,2,sort,val,1.1143,-1.3066,2,0
sort,ref+refaults,K+K+,2,sort,heldout,1.0000,0.0000,3,0
sort,ref+refaults,K+K+,2,sort,test,0.9668,0.2524,2,0
sort,ref+refaults,K+K+,2,sort,val,0.9711,0.2496,2,0
sort,ref+refaults+rdist,K+K+,3,sort,heldout,0.9741,0.3011,3,0
sort,ref+refaults+rdist,K+K+,3,sort,test,0.9449,0.5459,2,0
sort,ref+refaults+rdist,K+K+,3,sort,val,0.9444,0.5845,2,0
sort,ref+sfreq,K,2,sort,heldout,1.3867,-4.7247,3,0
sort,ref+sfreq,K,2,sort,test,1.2236,-2.5577,2,0
sort,ref+sfreq,K,2,sort,val,1.2319,-2.6780,2,0
sort,ref+sfreq+age,K,3,sort,heldout,1.0113,-0.1376,3,0
sort,ref+sfreq+age,K,3,sort,test,1.1320,-1.2129,2,0
sort,ref+sfreq+age,K,3,sort,val,1.1462,-1.4344,2,0
sort,ref+sfreq+age+dirty,K,4,sort,heldout,1.0102,-0.1247,3,0
sort,ref+sfreq+age+dirty,K,4,sort,test,1.1388,-1.2935,2,0
sort,ref+sfreq+age+dirty,K,4,sort,val,1.1489,-1.4809,2,0
sort,ref+sfreq+age+dirty+rdist,K+K+,5,sort,heldout,1.0261,-0.3204,3,0
sort,ref+sfreq+age+dirty+rdist,K+K+,5,sort,test,1.1227,-1.3251,2,0
sort,ref+sfreq+age+dirty+rdist,K+K+,5,sort,val,1.1145,-1.2123,2,0
sort,ref+sfreq+age+dirty+refaults,K+K+,5,sort,heldout,1.0063,-0.0774,3,0
sort,ref+sfreq+age+dirty+refaults,K+K+,5,sort,test,1.0545,-0.4925,2,0
sort,ref+sfreq+age+dirty+refaults,K+K+,5,sort,val,1.0606,-0.5651,2,0
sort,ref+sfreq+age+dirty+refaults+rdist,K+K+,6,sort,heldout,1.0055,-0.0667,3,0
sort,ref+sfreq+age+dirty+refaults+rdist,K+K+,6,sort,test,1.0536,-0.5201,2,0
sort,ref+sfreq+age+dirty+refaults+rdist,K+K+,6,sort,val,1.0538,-0.4986,2,0
sort,ref+sfreq+age+rdist,K+K+,4,sort,heldout,1.0201,-0.2452,3,0
sort,ref+sfreq+age+rdist,K+K+,4,sort,test,1.1621,-1.5963,2,0
sort,ref+sfreq+age+rdist,K+K+,4,sort,val,1.1635,-1.6908,2,0
sort,ref+sfreq+age+refaults,K+K+,4,sort,heldout,1.0063,-0.0774,3,0
sort,ref+sfreq+age+refaults,K+K+,4,sort,test,1.1069,-0.9454,2,0
sort,ref+sfreq+age+refaults,K+K+,4,sort,val,1.1046,-0.9869,2,0
sort,ref+sfreq+age+refaults+rdist,K+K+,5,sort,heldout,1.0063,-0.0774,3,0
sort,ref+sfreq+age+refaults+rdist,K+K+,5,sort,test,1.0918,-0.7962,2,0
sort,ref+sfreq+age+refaults+rdist,K+K+,5,sort,val,1.0921,-0.8468,2,0
sort,ref+sfreq+dirty,K,3,sort,heldout,1.4229,-5.1677,3,0
sort,ref+sfreq+dirty,K,3,sort,test,1.2651,-2.9117,2,0
sort,ref+sfreq+dirty,K,3,sort,val,1.2542,-2.8005,2,0
sort,ref+sfreq+dirty+rdist,K+K+,4,sort,heldout,1.3351,-4.0946,3,0
sort,ref+sfreq+dirty+rdist,K+K+,4,sort,test,1.2407,-2.5863,2,0
sort,ref+sfreq+dirty+rdist,K+K+,4,sort,val,1.2449,-2.6823,2,0
sort,ref+sfreq+dirty+refaults,K+K+,4,sort,heldout,1.2965,-3.6258,3,0
sort,ref+sfreq+dirty+refaults,K+K+,4,sort,test,1.2377,-2.7994,2,0
sort,ref+sfreq+dirty+refaults,K+K+,4,sort,val,1.2002,-2.2452,2,0
sort,ref+sfreq+dirty+refaults+rdist,K+K+,5,sort,heldout,1.2866,-3.5032,3,0
sort,ref+sfreq+dirty+refaults+rdist,K+K+,5,sort,test,1.2129,-2.4332,2,0
sort,ref+sfreq+dirty+refaults+rdist,K+K+,5,sort,val,1.2051,-2.3297,2,0
sort,ref+sfreq+idle,K,3,sort,heldout,1.0063,-0.0774,3,0
sort,ref+sfreq+idle,K,3,sort,test,1.1154,-1.0803,2,0
sort,ref+sfreq+idle,K,3,sort,val,1.1311,-1.2461,2,0
sort,ref+sfreq+idle+age,K,4,sort,heldout,1.0134,-0.1634,3,0
sort,ref+sfreq+idle+age,K,4,sort,test,1.1394,-1.2757,2,0
sort,ref+sfreq+idle+age,K,4,sort,val,1.1580,-1.5681,2,0
sort,ref+sfreq+idle+age+dirty,K,5,sort,heldout,1.0114,-0.1398,3,0
sort,ref+sfreq+idle+age+dirty,K,5,sort,test,1.1513,-1.4531,2,0
sort,ref+sfreq+idle+age+dirty,K,5,sort,val,1.1598,-1.6177,2,0
sort,ref+sfreq+idle+age+dirty+rdist,K+K+,6,sort,heldout,1.0197,-0.2409,3,0
sort,ref+sfreq+idle+age+dirty+rdist,K+K+,6,sort,test,1.1246,-1.3419,2,0
sort,ref+sfreq+idle+age+dirty+rdist,K+K+,6,sort,val,1.1145,-1.2123,2,0
sort,ref+sfreq+idle+age+dirty+refaults,K+K+,6,sort,heldout,1.0040,-0.0495,3,0
sort,ref+sfreq+idle+age+dirty+refaults,K+K+,6,sort,test,1.0419,-0.3850,2,0
sort,ref+sfreq+idle+age+dirty+refaults,K+K+,6,sort,val,1.0591,-0.5521,2,0
sort,ref+sfreq+idle+age+dirty+refaults+rdist,K+K+,7,sort,heldout,1.0042,-0.0516,3,0
sort,ref+sfreq+idle+age+dirty+refaults+rdist,K+K+,7,sort,test,1.0459,-0.4382,2,0
sort,ref+sfreq+idle+age+dirty+refaults+rdist,K+K+,7,sort,val,1.0519,-0.4763,2,0
sort,ref+sfreq+idle+age+rdist,K+K+,5,sort,heldout,1.0172,-0.2108,3,0
sort,ref+sfreq+idle+age+rdist,K+K+,5,sort,test,1.1723,-1.7293,2,0
sort,ref+sfreq+idle+age+rdist,K+K+,5,sort,val,1.1717,-1.7961,2,0
sort,ref+sfreq+idle+age+refaults,K+K+,5,sort,heldout,1.0065,-0.0796,3,0
sort,ref+sfreq+idle+age+refaults,K+K+,5,sort,test,1.0833,-0.7509,2,0
sort,ref+sfreq+idle+age+refaults,K+K+,5,sort,val,1.0918,-0.8701,2,0
sort,ref+sfreq+idle+age+refaults+rdist,K+K+,6,sort,heldout,1.0051,-0.0624,3,0
sort,ref+sfreq+idle+age+refaults+rdist,K+K+,6,sort,test,1.0797,-0.6843,2,0
sort,ref+sfreq+idle+age+refaults+rdist,K+K+,6,sort,val,1.0819,-0.7478,2,0
sort,ref+sfreq+idle+dirty,K,4,sort,heldout,1.0086,-0.1054,3,0
sort,ref+sfreq+idle+dirty,K,4,sort,test,1.1462,-1.3608,2,0
sort,ref+sfreq+idle+dirty,K,4,sort,val,1.1384,-1.3493,2,0
sort,ref+sfreq+idle+dirty+rdist,K+K+,5,sort,heldout,1.0005,-0.0065,3,0
sort,ref+sfreq+idle+dirty+rdist,K+K+,5,sort,test,1.1062,-1.1404,2,0
sort,ref+sfreq+idle+dirty+rdist,K+K+,5,sort,val,1.1082,-1.0983,2,0
sort,ref+sfreq+idle+dirty+refaults,K+K+,5,sort,heldout,1.0011,-0.0129,3,0
sort,ref+sfreq+idle+dirty+refaults,K+K+,5,sort,test,1.0544,-0.4876,2,0
sort,ref+sfreq+idle+dirty+refaults,K+K+,5,sort,val,1.0417,-0.3934,2,0
sort,ref+sfreq+idle+dirty+refaults+rdist,K+K+,6,sort,heldout,1.0011,-0.0129,3,0
sort,ref+sfreq+idle+dirty+refaults+rdist,K+K+,6,sort,test,1.0290,-0.2869,2,0
sort,ref+sfreq+idle+dirty+refaults+rdist,K+K+,6,sort,val,1.0395,-0.3740,2,0
sort,ref+sfreq+idle+rdist,K+K+,4,sort,heldout,1.0021,-0.0258,3,0
sort,ref+sfreq+idle+rdist,K+K+,4,sort,test,1.1132,-1.1538,2,0
sort,ref+sfreq+idle+rdist,K+K+,4,sort,val,1.1171,-1.2370,2,0
sort,ref+sfreq+idle+refaults,K+K+,4,sort,heldout,1.0044,-0.0538,3,0
sort,ref+sfreq+idle+refaults,K+K+,4,sort,test,1.0596,-0.5327,2,0
sort,ref+sfreq+idle+refaults,K+K+,4,sort,val,1.0586,-0.5428,2,0
sort,ref+sfreq+idle+refaults+rdist,K+K+,5,sort,heldout,1.0021,-0.0258,3,0
sort,ref+sfreq+idle+refaults+rdist,K+K+,5,sort,test,1.0718,-0.6162,2,0
sort,ref+sfreq+idle+refaults+rdist,K+K+,5,sort,val,1.0736,-0.6711,2,0
sort,ref+sfreq+rdist,K+K+,3,sort,heldout,1.3340,-4.0817,3,0
sort,ref+sfreq+rdist,K+K+,3,sort,test,1.2081,-2.3494,2,0
sort,ref+sfreq+rdist,K+K+,3,sort,val,1.2052,-2.3176,2,0
sort,ref+sfreq+refaults,K+K+,3,sort,heldout,1.3308,-4.0430,3,0
sort,ref+sfreq+refaults,K+K+,3,sort,test,1.2157,-2.4558,2,0
sort,ref+sfreq+refaults,K+K+,3,sort,val,1.2357,-2.7266,2,0
sort,ref+sfreq+refaults+rdist,K+K+,4,sort,heldout,1.3104,-3.7935,3,0
sort,ref+sfreq+refaults+rdist,K+K+,4,sort,test,1.2154,-2.4358,2,0
sort,ref+sfreq+refaults+rdist,K+K+,4,sort,val,1.2234,-2.5206,2,0
sort,refaults,K+K+,1,sort,heldout,1.0000,0.0000,3,0
sort,refaults,K+K+,1,sort,test,1.0297,-0.2588,2,0
sort,refaults,K+K+,1,sort,val,1.0404,-0.3696,2,0
sort,refaults+rdist,K+K+,2,sort,heldout,1.2635,-3.2194,3,0
sort,refaults+rdist,K+K+,2,sort,test,1.1782,-1.9932,2,0
sort,refaults+rdist,K+K+,2,sort,val,1.1808,-2.0224,2,0
sort,sd,F,1,sort,heldout,1.0000,0.0000,3,0
sort,sd,F,1,sort,test,0.9536,0.3501,2,0
sort,sd,F,1,sort,val,0.9601,0.3405,2,0
sort,sd+ref+aging+sfreq+idle+age+dirty,F+K,7,sort,heldout,0.9713,0.3505,3,0
sort,sd+ref+aging+sfreq+idle+age+dirty,F+K,7,sort,test,0.9601,0.2842,2,0
sort,sd+ref+aging+sfreq+idle+age+dirty,F+K,7,sort,val,0.9678,0.2554,2,0
sort,sd+ref+aging+sfreq+idle+age+dirty+refaults+rdist,F+K,9,sort,heldout,0.9690,0.3785,3,0
sort,sd+ref+aging+sfreq+idle+age+dirty+refaults+rdist,F+K,9,sort,test,0.9464,0.4512,2,0
sort,sd+ref+aging+sfreq+idle+age+dirty+refaults+rdist,F+K,9,sort,val,0.9528,0.4405,2,0
sort,sd+wr,F,2,sort,heldout,1.0000,0.0000,3,0
sort,sd+wr,F,2,sort,test,0.9536,0.3501,2,0
sort,sd+wr,F,2,sort,val,0.9601,0.3405,2,0
sort,sd+wr+ref+aging+sfreq+idle+age+dirty,F+K,8,sort,heldout,0.9717,0.3462,3,0
sort,sd+wr+ref+aging+sfreq+idle+age+dirty,F+K,8,sort,test,0.9574,0.3067,2,0
sort,sd+wr+ref+aging+sfreq+idle+age+dirty,F+K,8,sort,val,0.9650,0.2801,2,0
sort,sd+wr+ref+aging+sfreq+idle+age+dirty+refaults+rdist,F+K,10,sort,heldout,0.9694,0.3742,3,0
sort,sd+wr+ref+aging+sfreq+idle+age+dirty+refaults+rdist,F+K,10,sort,test,0.9464,0.4512,2,0
sort,sd+wr+ref+aging+sfreq+idle+age+dirty+refaults+rdist,F+K,10,sort,val,0.9528,0.4405,2,0
sort,sfreq,K,1,sort,heldout,1.3919,-4.7892,3,0
sort,sfreq,K,1,sort,test,1.2561,-2.8725,2,0
sort,sfreq,K,1,sort,val,1.2547,-2.8744,2,0
sort,sfreq+age,K,2,sort,heldout,1.0211,-0.2581,3,0
sort,sfreq+age,K,2,sort,test,1.1434,-1.3614,2,0
sort,sfreq+age,K,2,sort,val,1.1613,-1.6062,2,0
sort,sfreq+age+dirty,K,3,sort,heldout,1.0104,-0.1269,3,0
sort,sfreq+age+dirty,K,3,sort,test,1.1414,-1.3161,2,0
sort,sfreq+age+dirty,K,3,sort,val,1.1709,-1.7272,2,0
sort,sfreq+age+dirty+rdist,K+K+,4,sort,heldout,1.0121,-0.1484,3,0
sort,sfreq+age+dirty+rdist,K+K+,4,sort,test,1.1454,-1.5219,2,0
sort,sfreq+age+dirty+rdist,K+K+,4,sort,val,1.1400,-1.4492,2,0
sort,sfreq+age+dirty+refaults,K+K+,4,sort,heldout,1.0063,-0.0774,3,0
sort,sfreq+age+dirty+refaults,K+K+,4,sort,test,1.0545,-0.4925,2,0
sort,sfreq+age+dirty+refaults,K+K+,4,sort,val,1.0606,-0.5651,2,0
sort,sfreq+age+dirty+refaults+rdist,K+K+,5,sort,heldout,1.0056,-0.0688,3,0
sort,sfreq+age+dirty+refaults+rdist,K+K+,5,sort,test,1.0488,-0.4563,2,0
sort,sfreq+age+dirty+refaults+rdist,K+K+,5,sort,val,1.0530,-0.4880,2,0
sort,sfreq+age+rdist,K+K+,3,sort,heldout,1.0160,-0.1957,3,0
sort,sfreq+age+rdist,K+K+,3,sort,test,1.1431,-1.4949,2,0
sort,sfreq+age+rdist,K+K+,3,sort,val,1.1417,-1.4743,2,0
sort,sfreq+age+refaults,K+K+,3,sort,heldout,1.0063,-0.0774,3,0
sort,sfreq+age+refaults,K+K+,3,sort,test,1.0956,-0.8534,2,0
sort,sfreq+age+refaults,K+K+,3,sort,val,1.1180,-1.1103,2,0
sort,sfreq+age+refaults+rdist,K+K+,4,sort,heldout,1.0065,-0.0796,3,0
sort,sfreq+age+refaults+rdist,K+K+,4,sort,test,1.0942,-0.8232,2,0
sort,sfreq+age+refaults+rdist,K+K+,4,sort,val,1.0929,-0.8573,2,0
sort,sfreq+dirty,K,2,sort,heldout,1.3947,-4.8237,3,0
sort,sfreq+dirty,K,2,sort,test,1.2538,-2.8503,2,0
sort,sfreq+dirty,K,2,sort,val,1.2443,-2.7403,2,0
sort,sfreq+dirty+rdist,K+K+,3,sort,heldout,1.4079,-4.9849,3,0
sort,sfreq+dirty+rdist,K+K+,3,sort,test,1.2512,-2.7251,2,0
sort,sfreq+dirty+rdist,K+K+,3,sort,val,1.2574,-2.8467,2,0
sort,sfreq+dirty+refaults,K+K+,3,sort,heldout,1.3951,-4.8280,3,0
sort,sfreq+dirty+refaults,K+K+,3,sort,test,1.2399,-2.7078,2,0
sort,sfreq+dirty+refaults,K+K+,3,sort,val,1.2531,-2.8533,2,0
sort,sfreq+dirty+refaults+rdist,K+K+,4,sort,heldout,1.3942,-4.8172,3,0
sort,sfreq+dirty+refaults+rdist,K+K+,4,sort,test,1.2469,-2.7644,2,0
sort,sfreq+dirty+refaults+rdist,K+K+,4,sort,val,1.2520,-2.8295,2,0
sort,sfreq+idle,K,2,sort,heldout,1.0313,-0.3828,3,0
sort,sfreq+idle,K,2,sort,test,1.1357,-1.3222,2,0
sort,sfreq+idle,K,2,sort,val,1.1627,-1.6368,2,0
sort,sfreq+idle+age,K,3,sort,heldout,1.0329,-0.4022,3,0
sort,sfreq+idle+age,K,3,sort,test,1.1405,-1.3055,2,0
sort,sfreq+idle+age,K,3,sort,val,1.1619,-1.6195,2,0
sort,sfreq+idle+age+dirty,K,4,sort,heldout,1.0169,-0.2065,3,0
sort,sfreq+idle+age+dirty,K,4,sort,test,1.1520,-1.4446,2,0
sort,sfreq+idle+age+dirty,K,4,sort,val,1.1719,-1.7349,2,0
sort,sfreq+idle+age+dirty+rdist,K+K+,5,sort,heldout,1.0981,-1.2065,3,0
sort,sfreq+idle+age+dirty+rdist,K+K+,5,sort,test,1.1466,-1.5330,2,0
sort,sfreq+idle+age+dirty+rdist,K+K+,5,sort,val,1.1399,-1.4452,2,0
sort,sfreq+idle+age+dirty+refaults,K+K+,5,sort,heldout,1.0040,-0.0495,3,0
sort,sfreq+idle+age+dirty+refaults,K+K+,5,sort,test,1.0419,-0.3850,2,0
sort,sfreq+idle+age+dirty+refaults,K+K+,5,sort,val,1.0591,-0.5521,2,0
sort,sfreq+idle+age+dirty+refaults+rdist,K+K+,6,sort,heldout,1.0042,-0.0516,3,0
sort,sfreq+idle+age+dirty+refaults+rdist,K+K+,6,sort,test,1.0407,-0.3690,2,0
sort,sfreq+idle+age+dirty+refaults+rdist,K+K+,6,sort,val,1.0519,-0.4763,2,0
sort,sfreq+idle+age+rdist,K+K+,4,sort,heldout,1.0414,-0.5075,3,0
sort,sfreq+idle+age+rdist,K+K+,4,sort,test,1.1627,-1.6688,2,0
sort,sfreq+idle+age+rdist,K+K+,4,sort,val,1.1659,-1.7522,2,0
sort,sfreq+idle+age+refaults,K+K+,4,sort,heldout,1.0065,-0.0796,3,0
sort,sfreq+idle+age+refaults,K+K+,4,sort,test,1.0833,-0.7509,2,0
sort,sfreq+idle+age+refaults,K+K+,4,sort,val,1.0918,-0.8701,2,0
sort,sfreq+idle+age+refaults+rdist,K+K+,5,sort,heldout,1.0051,-0.0624,3,0
sort,sfreq+idle+age+refaults+rdist,K+K+,5,sort,test,1.0718,-0.6162,2,0
sort,sfreq+idle+age+refaults+rdist,K+K+,5,sort,val,1.0800,-0.7295,2,0
sort,sfreq+idle+dirty,K,3,sort,heldout,1.0471,-0.5763,3,0
sort,sfreq+idle+dirty,K,3,sort,test,1.1093,-1.0673,2,0
sort,sfreq+idle+dirty,K,3,sort,val,1.1017,-1.0072,2,0
sort,sfreq+idle+dirty+rdist,K+K+,4,sort,heldout,0.9995,0.0065,3,0
sort,sfreq+idle+dirty+rdist,K+K+,4,sort,test,1.1188,-1.2719,2,0
sort,sfreq+idle+dirty+rdist,K+K+,4,sort,val,1.1263,-1.3351,2,0
sort,sfreq+idle+dirty+refaults,K+K+,4,sort,heldout,1.0011,-0.0129,3,0
sort,sfreq+idle+dirty+refaults,K+K+,4,sort,test,1.0502,-0.4438,2,0
sort,sfreq+idle+dirty+refaults,K+K+,4,sort,val,1.0417,-0.3934,2,0
sort,sfreq+idle+dirty+refaults+rdist,K+K+,5,sort,heldout,1.0011,-0.0129,3,0
sort,sfreq+idle+dirty+refaults+rdist,K+K+,5,sort,test,1.0284,-0.2620,2,0
sort,sfreq+idle+dirty+refaults+rdist,K+K+,5,sort,val,1.0394,-0.3659,2,0
sort,sfreq+idle+rdist,K+K+,3,sort,heldout,1.0026,-0.0323,3,0
sort,sfreq+idle+rdist,K+K+,3,sort,test,1.1256,-1.3236,2,0
sort,sfreq+idle+rdist,K+K+,3,sort,val,1.1295,-1.3732,2,0
sort,sfreq+idle+refaults,K+K+,3,sort,heldout,1.0021,-0.0258,3,0
sort,sfreq+idle+refaults,K+K+,3,sort,test,1.0592,-0.5274,2,0
sort,sfreq+idle+refaults,K+K+,3,sort,val,1.0586,-0.5428,2,0
sort,sfreq+idle+refaults+rdist,K+K+,4,sort,heldout,1.0021,-0.0258,3,0
sort,sfreq+idle+refaults+rdist,K+K+,4,sort,test,1.0552,-0.4791,2,0
sort,sfreq+idle+refaults+rdist,K+K+,4,sort,val,1.0577,-0.5282,2,0
sort,sfreq+rdist,K+K+,2,sort,heldout,1.3404,-4.1591,3,0
sort,sfreq+rdist,K+K+,2,sort,test,1.2201,-2.5245,2,0
sort,sfreq+rdist,K+K+,2,sort,val,1.2147,-2.4532,2,0
sort,sfreq+refaults,K+K+,2,sort,heldout,1.3778,-4.6172,3,0
sort,sfreq+refaults,K+K+,2,sort,test,1.2560,-2.8920,2,0
sort,sfreq+refaults,K+K+,2,sort,val,1.2539,-2.8638,2,0
sort,sfreq+refaults+rdist,K+K+,3,sort,heldout,1.3678,-4.4946,3,0
sort,sfreq+refaults+rdist,K+K+,3,sort,test,1.2315,-2.6645,2,0
sort,sfreq+refaults+rdist,K+K+,3,sort,val,1.2394,-2.7417,2,0
sort,wr,F,1,sort,heldout,1.2245,-2.7441,3,0
sort,wr,F,1,sort,test,1.2451,-2.7035,2,0
sort,wr,F,1,sort,val,1.2338,-2.6224,2,0
sort,wr+ref+aging+sfreq+idle+age+dirty,F+K,7,sort,heldout,1.0603,-0.7376,3,0
sort,wr+ref+aging+sfreq+idle+age+dirty,F+K,7,sort,test,1.0506,-0.7564,2,0
sort,wr+ref+aging+sfreq+idle+age+dirty,F+K,7,sort,val,1.0458,-0.6263,2,0
sort,wr+ref+aging+sfreq+idle+age+dirty+refaults+rdist,F+K,9,sort,heldout,1.0265,-0.3247,3,0
sort,wr+ref+aging+sfreq+idle+age+dirty+refaults+rdist,F+K,9,sort,test,1.0287,-0.4772,2,0
sort,wr+ref+aging+sfreq+idle+age+dirty+refaults+rdist,F+K,9,sort,val,1.0369,-0.4677,2,0
